training/actor/actor_loss,training/actor/adv,training/actor/bc_log_prob,training/actor/mse,training/actor/std,training/critic/binary_accuracy,training/critic/categorical_accuracy,training/critic/contrastive_loss,training/critic/logits,training/critic/logits_neg,training/critic/logits_pos,training/critic/v_max,training/critic/v_mean,training/critic/v_min,training/grad/max,training/grad/min,training/grad/norm,training/value/binary_accuracy,training/value/categorical_accuracy,training/value/contrastive_loss,training/value/logits,training/value/logits_neg,training/value/logits_pos,training/value/v_max,training/value/v_mean,training/value/v_min,validation/actor/actor_loss,validation/actor/adv,validation/actor/bc_log_prob,validation/actor/mse,validation/actor/std,validation/critic/binary_accuracy,validation/critic/categorical_accuracy,validation/critic/contrastive_loss,validation/critic/logits,validation/critic/logits_neg,validation/critic/logits_pos,validation/critic/v_max,validation/critic/v_mean,validation/critic/v_min,validation/value/binary_accuracy,validation/value/categorical_accuracy,validation/value/contrastive_loss,validation/value/logits,validation/value/logits_neg,validation/value/logits_pos,validation/value/v_max,validation/value/v_mean,validation/value/v_min,time/epoch_time,time/total_time,step
106.1238,-0.071491346,-9.354732,0.50080585,1.0,0.44717693,0.0009765625,0.80850494,0.05254726,0.052436225,0.16613811,12.806429,1.6895145,0.030114386,3.4841442,-3.7636263,124.4573,0.6663084,0.0,0.62318397,-0.32050586,-0.3204972,-0.32933456,8.644533,0.9501613,0.084498286,110.10542,0.07453965,-9.330122,0.4946534,1.0,0.99098873,0.0,0.04873347,-5.293537,-5.2933974,-5.436445,9.792274,0.07315057,2.3794702e-05,0.98222923,0.0,0.050795935,-5.8004694,-5.8001018,-6.1762013,4.41306,0.05083526,1.5979975e-05,0.013094821834564209,65.47411131858826,1
13.269104,-0.18658948,-8.032991,0.17037082,1.0,0.999032,0.09277344,0.0060816132,-9.1834,-9.18733,-5.1625166,2.7030056,0.06622681,4.201136e-06,0.31338513,-0.1865663,5.689804,0.999032,0.087890625,0.0060561188,-9.208824,-9.212804,-5.1378727,2.6344569,0.06640351,1.3670809e-05,15.824114,-0.1585525,-8.098297,0.18669736,1.0,0.998991,0.046875,0.006427075,-9.157432,-9.161218,-5.284456,9.71374,0.09807992,4.1878852e-07,0.9989214,0.043945312,0.006391017,-9.215911,-9.219764,-5.274228,5.090462,0.076421686,1.094241e-06,0.2487994228363037,1309.4712269306183,5000
13.214184,-0.24015003,-8.014462,0.16573845,1.0,0.99903584,0.13671875,0.0056144055,-9.633412,-9.638179,-4.7565007,4.322074,0.108832076,1.1480345e-05,0.2576939,-0.23911445,5.436093,0.9990387,0.12890625,0.005625594,-9.477957,-9.48258,-4.748439,3.9294238,0.111575186,2.0711635e-05,16.017159,-0.24805218,-8.048847,0.17433493,1.0,0.99884033,0.07128906,0.00634157,-9.344831,-9.349116,-4.9616194,46.56741,0.34166884,4.868066e-06,0.9987898,0.07324219,0.006315423,-9.203315,-9.207484,-4.9372473,15.55405,0.22962841,7.3575205e-07,0.26001614952087404,2609.5519766807556,10000
26.896729,-0.20227355,-8.012428,0.16523005,1.0,0.99903584,0.15136719,0.005531278,-9.530977,-9.535848,-4.54889,13.142841,0.23323828,2.3170087e-05,0.5307078,-0.5254484,15.109217,0.99903965,0.13964844,0.005592158,-9.424658,-9.42938,-4.5937233,28.647299,0.24841404,2.5771771e-05,25.984024,-0.18697041,-8.014105,0.16564931,1.0,0.9988556,0.087890625,0.006001926,-9.109169,-9.113519,-4.6599092,24.728874,0.20892476,9.072179e-06,0.99887466,0.08203125,0.006024405,-9.100101,-9.104375,-4.7277074,16.997253,0.2135199,6.289042e-06,0.13550938262939452,3287.0988912582397,15000
28.100681,-0.16385585,-7.960895,0.15234667,1.0,0.99903965,0.16015625,0.0054764226,-9.459242,-9.464177,-4.409031,40.63204,0.49093837,2.4301597e-05,0.8061343,-0.87302005,17.617722,0.9990387,0.15234375,0.0055218847,-9.37642,-9.381221,-4.465211,39.087463,0.50558424,1.8948118e-05,33.604164,-0.19398469,-8.005778,0.1635675,1.0,0.9986067,0.1015625,0.0062593967,-9.357658,-9.362322,-4.587533,53.243412,0.43843192,6.151186e-07,0.9985218,0.109375,0.0066598337,-9.278854,-9.283382,-4.645712,115.983345,0.81695104,1.7071108e-06,0.009127615356445313,3332.7369697093964,20000
29.45337,-0.21640182,-7.944092,0.14814594,1.0,0.999053,0.15527344,0.0053962534,-9.491549,-9.496533,-4.391917,36.38576,0.34702367,1.0677819e-05,0.73031473,-0.62528044,14.480172,0.9990587,0.14160156,0.005461373,-9.33721,-9.342021,-4.4151382,33.44377,0.38805628,1.1433373e-05,35.978996,-0.17050357,-7.9902463,0.15968451,1.0,0.9986973,0.095703125,0.0062145228,-9.464813,-9.46969,-4.4756074,49.841614,0.5135608,5.9916047e-06,0.99869823,0.0859375,0.0062316777,-9.349756,-9.354484,-4.5132775,39.23664,0.5111733,8.907862e-06,0.16996234946250915,4182.548720359802,25000
27.533344,-0.22121496,-7.945228,0.1484299,1.0,0.99905586,0.16308594,0.005453105,-9.57575,-9.580689,-4.522168,30.067612,0.33210185,1.3409064e-05,1.1039566,-0.66730326,13.372435,0.99905777,0.15039062,0.0055218306,-9.457895,-9.462677,-4.565895,39.36665,0.33588922,5.6638664e-06,30.600056,-0.23871218,-8.020958,0.16736235,1.0,0.998724,0.10839844,0.006220353,-9.395311,-9.400004,-4.5943336,77.85851,0.6085287,7.8240294e-07,0.9986954,0.09375,0.006399155,-9.274535,-9.27906,-4.6454754,37.740856,0.72954196,1.8962895e-06,0.014995028352737427,4257.523863554001,30000
35.913704,-0.19294012,-7.9231386,0.14290759,1.0,0.99905396,0.18652344,0.005270413,-9.7604065,-9.765698,-4.3456697,70.781334,0.47307682,7.720884e-06,0.9022908,-0.63641006,14.499274,0.999053,0.15722656,0.005370021,-9.63961,-9.644693,-4.4403996,342.26657,0.68356204,7.2813e-06,32.117878,-0.21900403,-7.9656262,0.15352958,1.0,0.99839973,0.11816406,0.0068015996,-9.724404,-9.729789,-4.216295,79.127716,1.0331771,3.322992e-06,0.99840546,0.107421875,0.0068231863,-9.655802,-9.661072,-4.2630615,33.808376,0.9179639,3.9697193e-06,0.15048099737167359,5009.928853750229,35000
31.90998,-0.21345273,-7.9261484,0.14366001,1.0,0.99903965,0.16503906,0.0052808262,-9.781853,-9.78724,-4.269774,8.67558,0.25656664,1.835499e-05,0.70271015,-1.5496423,15.550447,0.99903774,0.15234375,0.0053161317,-9.640738,-9.6459465,-4.3119373,8.576165,0.2435332,2.0665862e-05,42.594963,-0.24261746,-7.9377317,0.14655584,1.0,0.9986706,0.12207031,0.0061400603,-9.64934,-9.654468,-4.4028916,55.911007,0.43790036,3.6467538e-06,0.9986696,0.109375,0.00615701,-9.5516815,-9.55669,-4.4286213,66.91059,0.44100755,5.804909e-06,0.008798165798187256,5053.9196836948395,40000
34.218758,-0.2037672,-7.900247,0.1371847,1.0,0.9990597,0.17871094,0.0051985364,-9.771725,-9.777143,-4.2299757,23.59742,0.3395672,8.753624e-06,0.65942365,-0.894369,18.530846,0.9990492,0.16601562,0.0052872105,-9.699368,-9.704605,-4.341179,22.489515,0.30670398,1.3547188e-05,36.494095,-0.287275,-7.942361,0.14771323,1.0,0.9986954,0.10058594,0.006170698,-9.645409,-9.650543,-4.3936377,67.315056,0.5308424,8.26071e-07,0.9986353,0.1015625,0.006276448,-9.542978,-9.547969,-4.437996,24.153578,0.5142338,8.1154985e-06,0.15549240713119508,5831.3817229270935,45000
37.47608,-0.24425791,-7.9281006,0.14414811,1.0,0.999053,0.17285156,0.0052396622,-9.849685,-9.8551235,-4.2877297,19.870304,0.2653603,5.8929504e-06,0.8545921,-1.3543828,19.574118,0.99905205,0.16503906,0.0053005232,-9.68042,-9.685634,-4.3467693,22.093771,0.24984962,1.1208394e-05,33.070366,-0.29361144,-7.928031,0.14413072,1.0,0.9987631,0.11425781,0.0059151347,-9.80567,-9.810965,-4.389021,36.713154,0.45118043,1.0364898e-06,0.9987507,0.11035156,0.0059862044,-9.608626,-9.613712,-4.405543,94.15509,0.4528457,1.391328e-05,0.008793015766143799,5875.346803188324,50000
34.723663,-0.2572738,-7.906753,0.1388113,1.0,0.99905205,0.19433594,0.005203776,-9.917114,-9.922715,-4.186554,35.04444,0.37055394,8.130561e-07,0.902756,-1.113086,16.813896,0.999053,0.16894531,0.005251537,-9.714758,-9.720109,-4.240977,34.34342,0.38211527,2.393217e-06,36.02876,-0.34552175,-7.935506,0.14599937,1.0,0.99863434,0.1015625,0.006334665,-9.997604,-10.00307,-4.406907,93.166435,0.8224951,3.455958e-06,0.998539,0.10449219,0.006522323,-9.72794,-9.733163,-4.3833685,46.571125,0.91623443,4.5236197e-06,0.1536690821647644,6643.692218780518,55000
34.787575,-0.23400849,-7.893502,0.13549858,1.0,0.9990673,0.19238281,0.005084953,-10.130428,-10.136322,-4.1017694,422.89276,0.6317378,9.73104e-06,0.735498,-0.81088257,16.495815,0.9990654,0.18554688,0.005091978,-9.902643,-9.908328,-4.088279,86.11476,0.45657456,1.6743532e-05,34.840675,-0.34374517,-7.9266634,0.14378884,1.0,0.9987774,0.125,0.006009127,-9.8602085,-9.865458,-4.489711,39.56569,0.42827097,6.1519806e-08,0.99864006,0.111328125,0.0061506396,-9.609821,-9.614823,-4.493785,19.506811,0.4135158,1.0336628e-06,0.008791906785964965,6687.65175652504,60000
38.749138,-0.23025778,-7.875095,0.13089667,1.0,0.99907017,0.19726562,0.005149629,-9.983531,-9.989204,-4.1794214,65.26391,0.351418,9.605749e-07,1.6592405,-1.3351134,21.430187,0.9990673,0.18652344,0.005197156,-9.815901,-9.821334,-4.2585554,35.4843,0.2763741,3.5572555e-06,41.951164,-0.27707487,-7.943308,0.14794993,1.0,0.99876595,0.111328125,0.00596919,-9.828262,-9.833553,-4.415716,29.903805,0.36712655,1.956318e-06,0.9987774,0.09765625,0.0060499245,-9.620867,-9.625916,-4.455416,40.50539,0.3854183,8.78972e-06,0.008801478576660157,6731.659150600433,65000
38.039616,-0.32580996,-7.873417,0.13047713,1.0,0.9990835,0.21386719,0.004996782,-10.172415,-10.178435,-4.013841,38.928215,0.41856033,6.6777916e-06,0.9331916,-2.1302633,21.448149,0.9990797,0.20898438,0.0050403504,-9.936682,-9.942438,-4.0475407,22.5171,0.38445053,1.8279768e-05,33.036644,-0.35799548,-7.90251,0.13775042,1.0,0.9987297,0.1328125,0.0059875483,-9.958667,-9.964141,-4.358024,27.577267,0.44517365,7.213593e-08,0.99862766,0.11816406,0.0062255715,-9.709257,-9.714495,-4.3519683,79.72757,0.7044164,2.4313403e-08,0.008800501155853272,6775.661657571793,70000
43.521507,-0.24070737,-7.8900166,0.13462698,1.0,0.99907684,0.21777344,0.0049774377,-10.200182,-10.206262,-3.980649,105.76828,0.5053887,5.7449456e-06,1.0103852,-1.1190815,22.652676,0.9990797,0.19824219,0.0050147404,-10.022765,-10.028623,-4.030713,173.45003,0.6149162,1.732241e-05,47.876255,-0.25672582,-7.903272,0.13794105,1.0,0.99880314,0.10644531,0.005959059,-9.880259,-9.885558,-4.45932,31.239008,0.46713057,1.8101741e-09,0.99878025,0.1015625,0.0060844095,-9.720547,-9.72565,-4.5008755,75.48051,0.5125381,3.2324303e-07,0.008813642883300781,6819.729875087738,75000
40.66378,-0.28949383,-7.907751,0.13906075,1.0,0.9990492,0.19824219,0.0051052477,-10.139076,-10.145016,-4.0627694,72.38417,0.47145337,1.4045262e-05,1.2300419,-0.9699201,19.252033,0.9990473,0.18066406,0.0051646037,-9.913542,-9.919206,-4.117732,388.15836,0.7853041,4.277236e-06,39.93607,-0.37537897,-7.909229,0.13943021,1.0,0.99881935,0.10644531,0.006001451,-9.848775,-9.853974,-4.529509,28.94914,0.37493807,2.3766307e-09,0.9987469,0.1015625,0.0062052896,-9.648684,-9.653657,-4.5602303,81.19545,0.72039986,4.8865525e-07,0.2234871020793915,7937.165388345718,80000
35.037186,-0.2625263,-7.884654,0.13328649,1.0,0.999074,0.21777344,0.0049188402,-10.309357,-10.315606,-3.9149876,35.58159,0.40355536,5.26099e-06,0.5988891,-0.61783546,14.135336,0.999073,0.20605469,0.0049527595,-10.119719,-10.125749,-3.9502263,23.67294,0.3615074,9.703221e-06,45.55513,-0.3632551,-7.9296503,0.14453557,1.0,0.9986963,0.11328125,0.0061519924,-10.017743,-10.023203,-4.43338,59.722126,0.45271307,8.16452e-08,0.9986191,0.103515625,0.0063877944,-9.788761,-9.79399,-4.438969,96.37757,0.6863983,3.524556e-07,0.0087855731010437,7981.093255281448,85000
38.29927,-0.2873912,-7.8850727,0.13339114,1.0,0.9990721,0.22558594,0.0049262014,-10.235025,-10.241151,-3.9683316,121.34907,0.5175746,8.62703e-06,1.7065022,-1.9111573,24.232372,0.99907017,0.21386719,0.004995348,-10.039898,-10.045754,-4.047753,107.32272,0.57245517,1.5410706e-05,38.963524,-0.36278927,-7.907335,0.13895667,1.0,0.9987545,0.1328125,0.005986009,-10.044847,-10.0502825,-4.4830084,202.85365,0.4601642,1.7817948e-08,0.99876213,0.119140625,0.006166124,-9.85615,-9.861368,-4.5182667,213.7501,0.88879585,2.519797e-07,0.008803001642227172,8025.108264923096,90000
38.800938,-0.31114393,-7.871084,0.12989399,1.0,0.99906254,0.20800781,0.004908369,-10.290485,-10.296714,-3.9185615,65.03458,0.4107747,6.642536e-07,0.88376784,-1.1466615,19.19365,0.9990673,0.20117188,0.0049587623,-10.09529,-10.101265,-3.984487,23.287241,0.3820963,5.0574035e-06,35.153557,-0.43729836,-7.887438,0.13398233,1.0,0.9988518,0.12597656,0.0058441954,-9.926635,-9.932011,-4.4273424,35.344696,0.3531289,6.0340376e-08,0.9987259,0.125,0.0060638436,-9.756418,-9.761644,-4.410736,51.97097,0.63012534,3.9134386e-07,0.008783690786361695,8069.026720046997,95000
33.815334,-0.34005952,-7.8732734,0.13044134,1.0,0.9990654,0.21289062,0.0049138735,-10.393696,-10.400013,-3.9313326,64.16387,0.47411117,1.2145914e-05,0.7044896,-0.6317064,15.530893,0.9990587,0.21289062,0.004964361,-10.197455,-10.203555,-3.9572027,46.537983,0.48154068,7.650608e-06,49.427376,-0.37773892,-7.9364686,0.14624009,1.0,0.9988222,0.123046875,0.005932752,-10.017343,-10.022793,-4.4413514,199.67221,0.5126735,5.621101e-07,0.99882317,0.109375,0.006050185,-9.776145,-9.781317,-4.485555,209.03677,1.0330038,6.156773e-07,0.008799455833435058,8113.024000644684,100000
43.75251,-0.32550073,-7.863682,0.12804334,1.0,0.9990721,0.20996094,0.0050648525,-10.301354,-10.307416,-4.0994477,507.39993,0.6452184,4.121498e-06,1.0894752,-1.3653963,21.285564,0.9990673,0.20019531,0.005108488,-10.116205,-10.122039,-4.149431,185.75758,0.54500496,1.0601131e-05,44.523743,-0.3839477,-7.9074345,0.13898149,1.0,0.99875164,0.115234375,0.006117555,-10.097361,-10.1028805,-4.449509,447.8801,0.9092683,4.884351e-08,0.9987154,0.11816406,0.006233629,-9.881083,-9.886387,-4.4544625,106.92317,0.7723861,5.3898862e-08,0.22103090982437135,9218.178552865982,105000
31.1285,-0.35470438,-7.8393736,0.12196642,1.0,0.99906635,0.23144531,0.0049882866,-10.35523,-10.361435,-4.00721,583.91156,0.7496386,1.7905908e-05,0.5570979,-0.7778517,14.199638,0.99906445,0.2109375,0.0050104097,-10.101927,-10.107923,-3.9689918,30.256956,0.4388944,7.265602e-06,39.190727,-0.5169438,-7.896842,0.13633348,1.0,0.99874973,0.140625,0.005982989,-10.223813,-10.2295265,-4.3787584,28.609518,0.37504077,6.862547e-08,0.9986458,0.13085938,0.006176331,-9.904683,-9.910151,-4.3123035,141.38316,0.7152904,2.2610905e-06,0.00880741138458252,9262.215611457825,110000
44.217926,-0.2694654,-7.883515,0.13300171,1.0,0.9990835,0.23632812,0.004842203,-10.50724,-10.513781,-3.8173687,38.881042,0.5013207,1.05657155e-05,1.3569422,-0.6915275,18.677208,0.9990759,0.22070312,0.0049158256,-10.32531,-10.331585,-3.9077005,143.3962,0.58290505,1.3493781e-05,50.623817,-0.32658482,-7.898654,0.13678649,1.0,0.998765,0.10839844,0.0059755333,-10.140874,-10.14645,-4.4365063,107.83956,0.38187426,1.6469318e-07,0.9987459,0.1171875,0.006038357,-9.952866,-9.958215,-4.481733,91.66274,0.41668147,9.3089415e-07,0.008805462789535522,9306.242926597595,115000
44.897446,-0.29152462,-7.8816323,0.13253108,1.0,0.9990597,0.23828125,0.004889977,-10.48145,-10.48786,-3.92458,8.035203,0.29086798,4.3428713e-07,1.4816514,-1.0527205,22.940071,0.9990587,0.20800781,0.004946321,-10.258118,-10.264272,-3.9630647,97.32885,0.40945294,1.7968243e-05,46.92773,-0.36974832,-7.9151487,0.14091016,1.0,0.99890995,0.115234375,0.005891216,-10.03997,-10.045341,-4.5454426,2887.0525,1.7620424,4.5171205e-09,0.9988127,0.109375,0.0060090013,-9.806682,-9.811798,-4.5718703,82.23634,0.41549098,2.7011907e-07,0.00880869164466858,9350.28638792038,120000
42.226894,-0.27200076,-7.865663,0.1285387,1.0,0.9990845,0.23730469,0.0049381847,-10.527618,-10.534004,-3.994131,211.19145,0.5333226,1.1289345e-05,1.308002,-1.6601284,25.305576,0.9990778,0.21582031,0.0049749,-10.293686,-10.299805,-4.034183,136.82994,0.5731042,9.429624e-06,51.311817,-0.3495076,-7.904382,0.13821855,1.0,0.99891186,0.109375,0.0058954926,-10.017421,-10.0227,-4.6162434,162.79778,0.3538482,4.1587022e-08,0.9988966,0.10546875,0.0059669986,-9.788184,-9.7932,-4.657837,302.05136,0.8689965,2.1320167e-08,0.012899584531784058,9414.784312486649,125000
40.12458,-0.3096059,-7.886264,0.13368885,1.0,0.9990616,0.22558594,0.0049960464,-10.50966,-10.516039,-3.9825935,198.37889,0.4576677,5.3928295e-07,0.8588973,-0.9288758,17.22456,0.99905586,0.20214844,0.0050340923,-10.281186,-10.287309,-4.017523,22.553534,0.36074996,1.9020854e-06,51.288536,-0.36963856,-7.8956585,0.13603768,1.0,0.9989376,0.13671875,0.0057444093,-10.098925,-10.104418,-4.479925,48.607487,0.24897483,3.175631e-07,0.99889565,0.111328125,0.0058171293,-9.860325,-9.865558,-4.5059023,29.55996,0.26415235,1.8682536e-07,0.015027876281738281,9489.923695087433,130000
40.8757,-0.29011723,-7.886178,0.13366753,1.0,0.99908066,0.24511719,0.004975209,-10.476168,-10.482508,-3.9892094,242.6868,0.5381217,7.712812e-06,0.8892147,-1.4436907,20.801373,0.99907684,0.2265625,0.0049750116,-10.315512,-10.32166,-4.0247335,28.449938,0.4303561,5.428271e-06,53.000633,-0.33205998,-7.8737392,0.13055778,1.0,0.99877834,0.12109375,0.0058461325,-10.074339,-10.079853,-4.4333143,194.93497,0.4092527,3.6491472e-06,0.9988184,0.111328125,0.0059758946,-9.8839035,-9.889145,-4.521243,50.342464,0.44455236,1.7983372e-06,0.01503533387184143,9565.100368261337,135000
37.463364,-0.32791412,-7.852819,0.12532768,1.0,0.9990845,0.24414062,0.004830034,-10.815618,-10.822447,-3.8284326,37.584946,0.43850872,8.586745e-06,0.7975388,-1.0309674,17.391766,0.9990816,0.22851562,0.004879565,-10.545467,-10.551995,-3.8661633,59.252167,0.4692349,1.7088047e-06,36.907227,-0.4320292,-7.901137,0.13740727,1.0,0.9987602,0.12109375,0.0059562447,-10.274487,-10.280263,-4.364459,336.57114,0.57622707,5.634002e-09,0.9986849,0.111328125,0.006135678,-10.030603,-10.036126,-4.380089,42.135696,0.46339655,1.7920401e-08,0.021824626016616822,9674.223502635956,140000
46.0426,-0.29573625,-7.863961,0.12811331,1.0,0.99908257,0.23339844,0.0049237562,-10.583551,-10.590053,-3.9328043,55.329998,0.46071184,4.7171483e-08,2.0840988,-1.6632868,25.930416,0.99908066,0.22070312,0.0049854387,-10.256634,-10.26274,-4.0097256,69.36641,0.51331466,7.2864914e-09,52.828194,-0.3752504,-7.8849144,0.13335153,1.0,0.9988785,0.123046875,0.005866154,-10.142138,-10.147557,-4.5968533,80.4106,0.2777431,1.09854055e-08,0.99884415,0.10839844,0.005951937,-9.88869,-9.893882,-4.5763745,36.117386,0.3154602,3.971561e-09,0.024856478452682493,9798.50589632988,145000
40.464832,-0.30460006,-7.8560286,0.12613018,1.0,0.9990673,0.234375,0.00488241,-10.517466,-10.523935,-3.8979864,30.368326,0.38266182,2.4263397e-06,0.9974854,-0.9474526,18.198307,0.9990692,0.22167969,0.004980441,-10.240723,-10.2468405,-3.9832044,13.830016,0.35556877,4.1295888e-07,44.39367,-0.38603464,-7.8619347,0.1276066,1.0,0.998724,0.1328125,0.005898975,-10.342497,-10.348351,-4.353738,72.906296,0.416999,6.9672694e-07,0.99872017,0.11230469,0.006014154,-10.0642185,-10.069796,-4.3575764,15.647116,0.34014872,4.1453683e-07,0.02483688235282898,9922.690313100815,150000
40.124043,-0.2846986,-7.8611736,0.12741643,1.0,0.9990587,0.2421875,0.004915645,-10.58469,-10.591213,-3.9120915,53.115135,0.38134187,1.6370313e-06,1.0255945,-1.2416601,18.809078,0.999053,0.20996094,0.0049480214,-10.368306,-10.374544,-3.987111,33.666126,0.3388269,3.489274e-06,43.074757,-0.4165553,-7.895664,0.13603896,1.0,0.9988508,0.11816406,0.00595649,-10.17926,-10.184761,-4.552025,63.629192,0.31994426,7.7490296e-07,0.99883175,0.10253906,0.005955174,-9.9686,-9.973881,-4.565917,27.79975,0.28784502,3.3810109e-06,0.2595694085597992,11220.537360191345,155000
51.20975,-0.28097135,-7.8524837,0.12524381,1.0,0.99907017,0.24707031,0.0048652356,-10.720425,-10.7271185,-3.8723853,65.60328,0.5043216,2.4386138e-06,1.2547053,-1.5126443,24.495975,0.9990692,0.234375,0.0049177064,-10.501055,-10.507498,-3.909576,61.76965,0.5375552,4.3294685e-07,51.09264,-0.38901365,-7.8863926,0.13372114,1.0,0.99883556,0.119140625,0.0060490863,-10.26869,-10.274135,-4.699583,191.61787,0.40746114,5.533742e-09,0.9987507,0.103515625,0.006268702,-10.044781,-10.049966,-4.7403884,35.372086,0.41468063,1.184747e-07,0.013741193056106568,11289.243329286575,160000
49.00186,-0.28675792,-7.8458657,0.12358936,1.0,0.9990854,0.24121094,0.0047395322,-10.871696,-10.878709,-3.698162,176.66087,0.6216491,8.077085e-06,2.7698977,-2.1485462,34.41452,0.9990721,0.22460938,0.0047705504,-10.727747,-10.734574,-3.7427828,146.31651,0.746951,1.0759607e-05,42.76832,-0.40636942,-7.885701,0.13354832,1.0,0.9988184,0.12695312,0.0059498223,-10.25674,-10.262391,-4.474572,94.98645,0.4886306,1.437283e-08,0.99871254,0.123046875,0.0061748256,-10.059332,-10.064793,-4.473729,403.14572,0.97618574,6.7600965e-08,0.011431119585037232,11346.398928642273,165000
45.602146,-0.3047943,-7.8479424,0.12410849,1.0,0.9990511,0.24902344,0.0047590104,-10.960808,-10.967917,-3.6886797,155.3762,0.61710554,2.1676926e-06,1.0313493,-1.1480092,23.541418,0.99903965,0.22265625,0.004846393,-10.712791,-10.719565,-3.7821841,149.03682,0.6553842,2.0701842e-05,51.842148,-0.37907308,-7.8627815,0.12781835,1.0,0.9988136,0.14257812,0.0057665864,-10.337287,-10.3431635,-4.3257155,120.87989,0.47214818,5.022588e-07,0.9987726,0.13574219,0.005860061,-10.126589,-10.132194,-4.392478,55.10753,0.39843684,3.332557e-06,0.00881173119544983,11390.4575881958,170000
47.5846,-0.27511746,-7.8534184,0.12547752,1.0,0.99905777,0.2548828,0.0047856844,-10.772038,-10.77889,-3.7634754,179.607,0.74498504,1.0559091e-06,1.7266738,-1.3333304,25.627474,0.99905777,0.22851562,0.0048625125,-10.549479,-10.556038,-3.8388362,168.66338,0.91387016,2.036793e-05,44.302246,-0.39600867,-7.9054666,0.13848954,1.0,0.9988222,0.12792969,0.0059574335,-10.417775,-10.423596,-4.4634423,76.06163,0.4594608,3.1344086e-08,0.99871445,0.107421875,0.0061344258,-10.208193,-10.213764,-4.508901,49.019547,0.43027332,9.206685e-09,0.008815369272232056,11434.534436225891,175000
54.76934,-0.22714536,-7.8337517,0.12056094,1.0,0.99906826,0.23632812,0.004904939,-10.79031,-10.797057,-3.8877883,283.7499,0.61567616,9.052831e-07,1.6116387,-1.0777107,22.420597,0.9990711,0.20800781,0.0049584946,-10.576302,-10.582772,-3.9579253,226.28233,0.7575859,1.3743994e-06,49.40155,-0.4192536,-7.8928843,0.1353441,1.0,0.9988537,0.12988281,0.0060053063,-10.249644,-10.2552595,-4.504352,209.5093,0.51569426,2.5217777e-09,0.9986677,0.107421875,0.0061908495,-10.042309,-10.047712,-4.5147533,93.76449,0.42346776,8.2242e-10,0.010951577758789063,11489.29233121872,180000
50.85604,-0.3015771,-7.8473005,0.12394817,1.0,0.9990654,0.24023438,0.0047935774,-10.891005,-10.897951,-3.7828016,101.704575,0.5530066,5.965338e-06,1.2498645,-1.1648911,23.70148,0.99905777,0.21875,0.0048503936,-10.776793,-10.783545,-3.8689663,143.3999,0.66269815,3.8853304e-06,52.59964,-0.3939879,-7.9316173,0.14502724,1.0,0.9988699,0.12988281,0.0058336,-10.253856,-10.259505,-4.4752684,200.44579,0.54875386,7.217818e-06,0.9988203,0.10449219,0.006062763,-10.168385,-10.173892,-4.53407,77.15082,0.4474486,2.0433972e-06,0.015032416009902953,11564.454416036606,185000
44.214302,-0.32726544,-7.8451276,0.12340486,1.0,0.9990778,0.24609375,0.00479751,-10.801007,-10.807848,-3.8014975,29.843784,0.43205383,5.713193e-09,1.131315,-1.0895044,21.405315,0.9990692,0.22558594,0.0048323683,-10.55159,-10.558139,-3.8532276,143.85822,0.5550426,3.1251514e-07,54.68217,-0.37498516,-7.9370365,0.14638221,1.0,0.9987993,0.12988281,0.0059639574,-10.307003,-10.312687,-4.491458,204.70842,0.6282284,1.8697428e-08,0.9987936,0.11230469,0.0059339595,-10.079944,-10.08533,-4.5691705,35.384823,0.32269025,1.0364122e-07,0.015034957313537598,11639.629204034805,190000
49.99305,-0.27269387,-7.856738,0.12630747,1.0,0.9990549,0.23535156,0.0048128706,-10.998506,-11.005568,-3.7747335,92.60156,0.5393475,1.09879675e-05,1.6181939,-1.7808354,24.325335,0.999053,0.21679688,0.0048702555,-10.722578,-10.729299,-3.848215,61.65577,0.5304139,2.0613152e-05,52.519688,-0.42851204,-7.873021,0.13037825,1.0,0.9987564,0.15429688,0.0059038345,-10.318371,-10.324152,-4.404757,151.2827,0.5117315,7.740458e-08,0.99872303,0.13085938,0.006024024,-10.050169,-10.05565,-4.4435797,24.69181,0.3312437,4.3537153e-07,0.015040741777420043,11714.832914590836,195000
37.12249,-0.30138692,-7.866333,0.12870619,1.0,0.99909306,0.24707031,0.004955909,-10.744152,-10.750779,-3.9651895,718.1392,0.9203324,5.297907e-09,1.637723,-0.9550678,20.267715,0.99907494,0.22558594,0.0049880124,-10.538961,-10.545325,-4.0287924,134.47466,0.58165264,1.8205195e-06,42.227577,-0.5356998,-7.8708696,0.12984034,1.0,0.9988899,0.12792969,0.0058764163,-10.20338,-10.208901,-4.555024,315.30893,0.54789305,4.9051865e-09,0.9988165,0.119140625,0.0060123485,-9.9884615,-9.993765,-4.5631266,32.27668,0.41514474,8.00094e-08,0.015038775110244752,11790.026792287827,200000
44.013065,-0.3411489,-7.8322,0.12017305,1.0,0.9990759,0.24707031,0.004862312,-10.78297,-10.789786,-3.8096366,85.03847,0.5921817,1.4421388e-05,1.2458416,-1.2355347,23.67281,0.9990673,0.22558594,0.0049203485,-10.597717,-10.604285,-3.8798923,41.84427,0.52308035,8.430585e-08,46.78119,-0.45673847,-7.8596554,0.12703681,1.0,0.9988489,0.13769531,0.0059827734,-10.32245,-10.328119,-4.5221233,53.605198,0.4751371,2.2364566e-09,0.99887276,0.115234375,0.005944576,-10.110301,-10.115721,-4.5665536,29.13354,0.34537095,9.191731e-10,0.2763372855186462,13171.713223934174,205000
44.853706,-0.37910163,-7.842636,0.122781955,1.0,0.9990883,0.24707031,0.004837857,-10.714556,-10.721258,-3.8582463,37.572357,0.45163462,6.6737935e-06,1.22146,-1.7949038,20.369753,0.9990797,0.23828125,0.004884494,-10.501754,-10.508234,-3.8719509,324.5366,0.8176055,6.3591046e-06,52.99601,-0.3862273,-7.9101176,0.1396524,1.0,0.9987793,0.123046875,0.0059852917,-10.342631,-10.348523,-4.3170195,69.99395,0.65055585,1.5991524e-06,0.9987459,0.10839844,0.0060359323,-10.1201935,-10.1257925,-4.392555,16.706667,0.33783573,4.921008e-06,0.013720865488052368,13240.317554473877,210000
36.039856,-0.38262117,-7.84369,0.123045385,1.0,0.9990835,0.2529297,0.004741391,-10.9876795,-10.994752,-3.7529645,88.992584,0.60436916,2.4358037e-06,1.0736706,-0.86475325,17.295973,0.9990721,0.24902344,0.004776415,-10.760929,-10.767726,-3.807539,75.09079,0.5799058,1.116623e-05,62.433155,-0.34035012,-7.8734946,0.13049659,1.0,0.99884987,0.11425781,0.0059543774,-10.312564,-10.318167,-4.5805044,62.644714,0.315898,2.561422e-07,0.99885654,0.107421875,0.005937402,-10.069702,-10.075009,-4.6397057,55.02128,0.333761,1.6206974e-08,0.01370852952003479,13308.860203266144,215000
42.105385,-0.2774849,-7.834264,0.12068896,1.0,0.99907684,0.23242188,0.004855399,-10.786239,-10.793031,-3.839069,129.68117,0.52288747,1.9308647e-05,0.79854286,-0.9124347,15.810593,0.9990759,0.22460938,0.004887678,-10.560276,-10.566803,-3.8827834,114.49504,0.51836324,4.607032e-08,57.71716,-0.41416675,-7.89028,0.13469282,1.0,0.9988165,0.119140625,0.0059474544,-10.269047,-10.274711,-4.4748263,65.64471,0.37435788,1.4086618e-07,0.99872017,0.115234375,0.0062903105,-10.022942,-10.028327,-4.5144467,50.16646,0.47963092,1.7225257e-06,0.013707487869262696,13377.397644042969,220000
45.25506,-0.3401485,-7.843352,0.12296091,1.0,0.9990845,0.26367188,0.004775432,-10.659461,-10.66618,-3.7851324,149.93301,0.6967006,1.10558385e-05,1.9916987,-2.4941602,24.768295,0.9990864,0.23242188,0.004821738,-10.444996,-10.451466,-3.825862,98.41229,0.68320537,2.0524389e-05,45.389683,-0.49733353,-7.8522334,0.12518135,1.0,0.9986954,0.123046875,0.0061943317,-10.434389,-10.440153,-4.5375876,57.096653,0.45688847,1.7036895e-07,0.99873734,0.099609375,0.006234831,-10.223196,-10.228686,-4.606077,24.551298,0.3198331,1.1336119e-06,0.01370467438697815,13445.921016931534,225000
43.59104,-0.32427415,-7.844447,0.123234734,1.0,0.99908733,0.2607422,0.0047334554,-11.034203,-11.041344,-3.7297366,34.83583,0.491831,8.5084494e-08,1.1154687,-0.91013134,18.679253,0.9990778,0.23632812,0.0047650565,-10.749192,-10.756058,-3.7264524,174.42389,0.61652446,1.3094771e-05,50.98738,-0.4584181,-7.920134,0.14215651,1.0,0.9987526,0.12695312,0.005980517,-10.268652,-10.274374,-4.414676,147.40265,0.5242188,4.8203898e-08,0.9987917,0.10449219,0.0059196586,-10.041849,-10.047288,-4.478503,78.46987,0.4854106,2.0751237e-07,0.013706596183776856,13514.454001665115,230000
45.886353,-0.35654855,-7.8283324,0.119206026,1.0,0.9990816,0.26757812,0.00476157,-11.015654,-11.02277,-3.7351646,292.13055,0.6818438,5.7041285e-07,1.6259868,-1.183573,20.997795,0.9990654,0.23828125,0.0048248004,-10.762605,-10.769419,-3.7920625,100.040825,0.5672225,3.0503335e-07,46.349583,-0.45267487,-7.9082136,0.13917634,1.0,0.9989271,0.13378906,0.005792684,-10.3239765,-10.329615,-4.5573483,42.259926,0.35449103,2.8223723e-09,0.9988766,0.12988281,0.0059330445,-9.984978,-9.990277,-4.562901,638.7506,0.9701079,1.9505029e-07,0.009863956212997436,13563.773783922195,235000
52.001896,-0.2329211,-7.845598,0.123522505,1.0,0.99907875,0.25585938,0.0047652065,-11.0074,-11.014509,-3.7337513,95.15659,0.67800653,3.7599904e-07,1.3096397,-1.462777,23.495968,0.9990759,0.21875,0.004873004,-10.8176,-10.8243885,-3.8736382,346.5897,0.9746927,2.5152897e-06,51.011612,-0.47895712,-7.8561964,0.12617204,1.0,0.99887943,0.14160156,0.0059908377,-10.447458,-10.453184,-4.591008,61.090546,0.47227654,2.1954753e-10,0.9988775,0.11035156,0.0059489207,-10.266006,-10.271549,-4.5959234,34.875233,0.37441736,6.127588e-08,0.00881014575958252,13607.82451415062,240000
42.21241,-0.31169793,-7.819483,0.11699365,1.0,0.999094,0.29492188,0.0045955265,-11.209564,-11.217048,-3.5531766,468.54,0.88884896,2.94661e-07,1.0966729,-2.1034513,21.202242,0.9990902,0.28027344,0.00461167,-11.0200815,-11.027368,-3.5661664,57.576496,0.68930125,1.762099e-05,58.390495,-0.47803864,-7.8675966,0.12902221,1.0,0.9988365,0.140625,0.005859642,-10.341727,-10.347473,-4.4644012,49.12283,0.34184486,1.2839246e-08,0.99884224,0.125,0.005872324,-10.123861,-10.129309,-4.5504684,183.3755,0.41103953,8.779126e-07,0.012152960681915284,13668.589320659637,245000
42.427177,-0.30468476,-7.8416758,0.12254189,1.0,0.9990921,0.2763672,0.004773409,-11.087422,-11.094604,-3.7410753,122.99284,0.7504656,4.803161e-07,1.5157335,-1.6944802,29.327093,0.9990864,0.2421875,0.0048652403,-10.847248,-10.854093,-3.8454192,77.56384,0.7474711,1.3812717e-06,51.38381,-0.39887512,-7.8788147,0.13182658,1.0,0.9989462,0.12109375,0.0058401623,-10.246654,-10.252104,-4.671825,95.93383,0.31512314,6.294349e-09,0.9988823,0.11328125,0.005899425,-10.003984,-10.009204,-4.664488,69.77428,0.2717767,2.7752378e-08,0.015010572862625122,13743.642186880112,250000
51.40595,-0.33465433,-7.8364573,0.12123731,1.0,0.99907494,0.23242188,0.004823516,-10.853104,-10.859981,-3.819387,42.684288,0.40684623,8.920035e-06,1.3821495,-3.4777825,23.345692,0.999073,0.22851562,0.0048713433,-10.545403,-10.551934,-3.8630395,18.490728,0.3981473,1.6874934e-05,51.95517,-0.48166937,-7.870737,0.12980723,1.0,0.9988184,0.115234375,0.0059122173,-10.658976,-10.665074,-4.419483,34.14847,0.3241437,1.758378e-08,0.9986477,0.10449219,0.0060702777,-10.362195,-10.368027,-4.39591,110.17377,0.45954633,1.9931858e-06,0.01500581865310669,13818.671283483505,255000
52.527588,-0.30221534,-7.828725,0.11930418,1.0,0.999094,0.26953125,0.0047353473,-10.9931345,-11.000229,-3.735994,52.253216,0.53673375,1.1881058e-06,1.8450959,-1.4763939,24.302147,0.9990883,0.24414062,0.0048009525,-10.714967,-10.721718,-3.8080895,21.503786,0.4968576,1.1573542e-05,47.839916,-0.49512318,-7.850598,0.1247724,1.0,0.99884796,0.11328125,0.0060739825,-10.586769,-10.592597,-4.624872,58.33235,0.3934513,1.2474798e-10,0.99872017,0.109375,0.0061023366,-10.339073,-10.344605,-4.6798506,8.424393,0.21572106,5.30663e-07,0.01500907588005066,13893.716664075851,260000
54.82616,-0.32378775,-7.833953,0.1206112,1.0,0.99907684,0.25390625,0.0046799034,-11.027769,-11.034966,-3.6657143,40.806908,0.5388269,2.784161e-06,1.683914,-1.4389548,24.385162,0.999074,0.24023438,0.004724025,-10.733527,-10.74041,-3.6922393,46.445526,0.5657507,2.6619578e-06,55.691338,-0.535232,-7.8685217,0.12925333,1.0,0.99882793,0.11621094,0.006194858,-10.461428,-10.467135,-4.6216097,10437.004,5.665206,1.4043735e-07,0.9986906,0.10253906,0.0062805987,-10.188286,-10.193722,-4.62702,132.37549,0.4464498,9.764814e-08,0.015008143281936646,13968.757383823395,265000
50.13983,-0.31360948,-7.8198752,0.11709182,1.0,0.9991026,0.25878906,0.004746858,-10.99201,-10.999081,-3.7592907,96.437386,0.59206486,9.548428e-07,2.3470192,-1.549071,23.611746,0.99909973,0.24414062,0.004767094,-10.753948,-10.760774,-3.7719336,77.55079,0.6353431,5.652384e-06,56.54319,-0.4210447,-7.8647757,0.12831694,1.0,0.9988842,0.11328125,0.0058384486,-10.472116,-10.477992,-4.4611692,186.5113,0.479134,2.1201987e-09,0.99875546,0.10644531,0.005897488,-10.242195,-10.24782,-4.488664,37.80663,0.3019353,1.53046e-06,0.015009680557250977,14043.805790424347,270000
43.214912,-0.3064868,-7.837957,0.121612124,1.0,0.9990835,0.2705078,0.0047735116,-11.043834,-11.050926,-3.7886071,238.56544,0.71029437,1.2613184e-06,1.0721073,-1.0738561,20.30927,0.9990759,0.26171875,0.004831501,-10.8441725,-10.851,-3.859224,67.136505,0.5653528,1.0678405e-06,55.940784,-0.43363953,-7.86863,0.12928048,1.0,0.9988451,0.13476562,0.0059749456,-10.308109,-10.313805,-4.4808736,204.43636,0.58649397,1.7676793e-08,0.99876976,0.12988281,0.005987475,-10.100969,-10.106472,-4.471141,46.835426,0.44306087,3.7804223e-06,0.015009088468551635,14118.85123515129,275000
53.639194,-0.2907346,-7.8470225,0.12387854,1.0,0.99908924,0.2529297,0.00485471,-11.040276,-11.047308,-3.847249,109.10538,0.5728159,1.1865232e-07,1.39166,-1.5337441,24.42186,0.9990902,0.23925781,0.004877316,-10.859514,-10.866322,-3.8959339,197.4997,0.701163,1.0456562e-05,63.12761,-0.37774867,-7.867788,0.12906991,1.0,0.9989166,0.12402344,0.0058962964,-10.374746,-10.380512,-4.4763203,71.18283,0.43929672,6.7622824e-10,0.9989071,0.11328125,0.0059675914,-10.144857,-10.150301,-4.5752254,38.526524,0.3911929,3.168383e-07,0.014991531658172607,14193.808894872665,280000
40.957413,-0.33347273,-7.831893,0.12009615,1.0,0.9990797,0.23925781,0.004901137,-11.025587,-11.032569,-3.8838003,63.687656,0.58327127,3.030389e-06,1.0610522,-0.9419504,17.551468,0.9990654,0.21191406,0.00496587,-10.7581215,-10.764792,-3.9326916,92.08339,0.81689537,2.2470396e-05,60.71928,-0.47309524,-7.882451,0.13273579,1.0,0.99892235,0.1328125,0.0058938125,-10.448952,-10.454731,-4.5360184,284.60468,0.6441983,1.4687757e-09,0.9988518,0.11425781,0.005935263,-10.244661,-10.250207,-4.5710554,36.894123,0.2564466,3.72933e-08,0.014993671035766602,14268.77725148201,285000
42.639076,-0.34151238,-7.836055,0.121136695,1.0,0.9990845,0.25683594,0.004767589,-10.992566,-10.999641,-3.7547908,29.538614,0.5078687,3.875971e-06,0.85142887,-0.9864421,18.947115,0.99908066,0.2265625,0.004878871,-10.798914,-10.8056965,-3.8607788,102.63258,0.5550562,1.2770198e-05,58.90373,-0.47745273,-7.888523,0.13425368,1.0,0.99880123,0.12597656,0.0060886946,-10.452638,-10.458356,-4.6019497,40.731632,0.31595588,3.6004832e-09,0.99880886,0.11816406,0.0061277514,-10.2313175,-10.236782,-4.641611,49.82455,0.30946726,1.5700301e-09,0.01824489278793335,14360.001717090607,290000
48.65647,-0.3531319,-7.851571,0.12501575,1.0,0.9990816,0.26464844,0.0048164157,-10.95443,-10.961367,-3.8582366,49.86951,0.44665772,9.856592e-07,1.0721564,-1.6834037,21.429455,0.9990797,0.23730469,0.004843689,-10.726762,-10.733475,-3.8598342,81.64795,0.61103797,4.9490905e-06,48.1787,-0.5256571,-7.8877993,0.13407272,1.0,0.9989214,0.13183594,0.0058081807,-10.380799,-10.386451,-4.599439,113.48465,0.36868834,7.953419e-09,0.9988785,0.109375,0.005897619,-10.149181,-10.154636,-4.5676446,62.536526,0.44326288,2.5408389e-09,0.02239594945907593,14471.98146557808,295000
42.671387,-0.38213825,-7.818633,0.116781265,1.0,0.9990902,0.26757812,0.004750982,-10.876072,-10.883067,-3.718769,272.45825,0.5872966,2.365236e-06,1.2759795,-0.8712456,18.900314,0.9990864,0.24707031,0.0047500636,-10.579254,-10.585994,-3.686075,51.009655,0.56465435,1.3608929e-05,47.737213,-0.5336375,-7.8702602,0.12968792,1.0,0.9987898,0.125,0.0059272824,-10.562709,-10.568704,-4.4288306,35.269157,0.39306757,7.0017764e-10,0.99882126,0.1015625,0.005899612,-10.308399,-10.314152,-4.423277,39.587345,0.3375484,1.0519876e-09,0.024790588951110838,14595.93441414833,300000
41.921333,-0.38359314,-7.8041153,0.11315183,1.0,0.99908257,0.25976562,0.0047602556,-11.031876,-11.039005,-3.739393,61.758575,0.5652381,1.8387498e-06,1.2174916,-1.1707536,19.766312,0.99908924,0.22558594,0.0048223604,-10.7915,-10.798312,-3.8228896,82.210945,0.54742944,7.536982e-06,56.246746,-0.5002693,-7.845004,0.123373955,1.0,0.9988041,0.13183594,0.005980831,-10.574966,-10.580949,-4.4549985,74.02602,0.4979253,3.9795246e-08,0.9986944,0.107421875,0.0061068265,-10.335682,-10.341376,-4.511672,69.04664,0.43374324,3.6379498e-07,0.43043304557800294,16748.09964489937,305000
41.378838,-0.3552592,-7.8207703,0.11731554,1.0,0.99908066,0.27441406,0.004654371,-11.300387,-11.30787,-3.6447685,2206.5981,2.3323576,3.9268747e-07,0.7756723,-1.2312083,16.31681,0.99907875,0.2626953,0.0047033005,-11.000284,-11.0074415,-3.6789057,145.56549,0.9633466,8.028067e-06,64.497734,-0.4518928,-7.862947,0.12785967,1.0,0.9988785,0.12890625,0.005891728,-10.509656,-10.51548,-4.551371,300.68472,0.4043449,7.654552e-09,0.99877644,0.109375,0.006095106,-10.203932,-10.209373,-4.6365976,14.763138,0.2514329,4.1345817e-07,0.013987012434005738,16818.03470826149,310000
40.802452,-0.34666735,-7.8411684,0.122415066,1.0,0.99908924,0.24414062,0.0049063424,-10.873046,-10.879883,-3.8785903,118.93315,0.5252253,4.6796226e-06,3.2844362,-1.6134858,23.094763,0.99906826,0.22167969,0.004950898,-10.631351,-10.637916,-3.9160542,17.53968,0.4107828,6.4292735e-06,50.456253,-0.5108472,-7.8708515,0.12983584,1.0,0.99882793,0.115234375,0.0059665395,-10.427874,-10.433668,-4.4998045,71.43952,0.48882776,1.9947323e-11,0.99880695,0.109375,0.006008994,-10.172622,-10.178144,-4.523104,58.980396,0.44502634,1.0064175e-08,0.013728834629058839,16886.678884744644,315000
39.731205,-0.35186273,-7.8318486,0.120085075,1.0,0.9990835,0.25195312,0.0047239535,-11.171236,-11.178525,-3.7142973,51.474926,0.50346595,3.2285654e-06,1.4148512,-1.6658108,19.68133,0.9990673,0.25390625,0.0047632093,-10.90851,-10.915498,-3.7589562,17.708933,0.45447966,2.6148862e-06,50.95278,-0.5289688,-7.895683,0.13604367,1.0,0.99892807,0.13867188,0.0058950083,-10.569241,-10.5750265,-4.6514854,28.757666,0.2765115,2.2800199e-08,0.9988594,0.12402344,0.005967333,-10.304655,-10.310169,-4.6631856,59.581726,0.335136,2.7276036e-08,0.013726561737060546,16955.311697244644,320000
54.473198,-0.34420043,-7.8421545,0.12266171,1.0,0.99909115,0.24804688,0.0047507626,-10.9469795,-10.954047,-3.7174532,105.25253,0.5329642,1.3676167e-05,1.5143737,-1.1491361,24.576746,0.9990816,0.22851562,0.0047961418,-10.743587,-10.750396,-3.7773638,13.699092,0.43330666,1.9104562e-05,59.009636,-0.49273854,-7.8838873,0.13309471,1.0,0.9989233,0.13671875,0.005817416,-10.51404,-10.519999,-4.41742,132.82715,0.40753722,1.7617972e-10,0.9988518,0.12109375,0.0057930397,-10.23922,-10.244891,-4.4379096,57.134426,0.3131503,4.091158e-07,0.013722791481018067,17023.925656318665,325000
51.505497,-0.29418063,-7.840338,0.12220758,1.0,0.9990921,0.23632812,0.004811623,-10.925741,-10.932717,-3.7888243,58.900887,0.4782083,5.460004e-06,3.7327628,-1.6171637,25.869793,0.99907494,0.21972656,0.004896226,-10.698425,-10.70505,-3.920703,33.352757,0.4384072,3.186133e-07,63.782593,-0.44846928,-7.8974133,0.1364763,1.0,0.9987898,0.14746094,0.0060285246,-10.791571,-10.797738,-4.483117,215.06929,0.4968293,1.275404e-08,0.99875927,0.13085938,0.00611032,-10.551261,-10.557131,-4.54708,102.140755,0.5154672,8.133016e-08,0.013735431289672851,17092.60281610489,330000
43.51597,-0.38043702,-7.8311586,0.119912505,1.0,0.99909306,0.26757812,0.0046656365,-11.183901,-11.191282,-3.6335964,464.91245,0.82831323,6.7883484e-06,2.2846603,-1.6146004,24.158855,0.99908066,0.24609375,0.0047336393,-10.925862,-10.932919,-3.7070918,81.91734,0.69252884,2.7155306e-07,54.392998,-0.5395647,-7.8617563,0.12756212,1.0,0.9988413,0.13476562,0.005986276,-10.488445,-10.494272,-4.527138,61.947037,0.40792656,4.272329e-09,0.9988136,0.12207031,0.0059270123,-10.159779,-10.165247,-4.5664196,24.787796,0.24794894,4.164489e-08,0.01880487995147705,17186.627218961716,335000
53.426926,-0.2822065,-7.8235884,0.11802001,1.0,0.9990921,0.26660156,0.004699558,-10.99196,-10.999137,-3.6486387,283.47403,0.7265861,3.4200823e-06,1.131128,-1.0936584,21.788998,0.9990845,0.2529297,0.0047298577,-10.723683,-10.730552,-3.6972785,156.18237,0.61354285,4.187514e-05,52.226852,-0.53869843,-7.8707323,0.12980606,1.0,0.99885845,0.123046875,0.006019382,-10.465622,-10.471339,-4.6164503,39.41675,0.31203085,2.275505e-07,0.99880123,0.103515625,0.0061077834,-10.195494,-10.200947,-4.616628,26.434307,0.36111593,2.0783145e-07,0.019909010648727417,17286.172273159027,340000
47.935654,-0.38063627,-7.8384295,0.12173034,1.0,0.9990835,0.25976562,0.0047814227,-10.97847,-10.985505,-3.781224,82.1067,0.48964807,2.6135334e-07,3.3270316,-0.7781933,24.357002,0.9990778,0.23828125,0.004833835,-10.713406,-10.720124,-3.8403645,53.235332,0.4837519,1.9575571e-08,52.198586,-0.50479555,-7.8721085,0.13015008,1.0,0.99897194,0.12402344,0.005806721,-10.486726,-10.492507,-4.571633,26.868559,0.2033636,2.3690587e-09,0.9989004,0.123046875,0.0058925934,-10.198898,-10.20435,-4.6210895,23.55555,0.2095223,8.1421523e-13,0.01990113606452942,17385.677954912186,345000
52.920258,-0.26498702,-7.8224497,0.11773539,1.0,0.99908257,0.24511719,0.0048128595,-10.962915,-10.969889,-3.8293915,250.71236,0.5781592,6.7245455e-06,0.9603833,-1.7884676,22.80636,0.9990797,0.23339844,0.004887225,-10.71295,-10.719607,-3.9012008,104.30923,0.5703628,1.2171587e-05,60.90575,-0.5060489,-7.896004,0.13612403,1.0,0.998888,0.14355469,0.005920584,-10.569513,-10.575384,-4.5628233,214.64043,0.73061866,2.891001e-09,0.9988966,0.125,0.0058377213,-10.296811,-10.302372,-4.6087236,38.135506,0.34136975,1.0368018e-07,0.019892569875717164,17485.14080786705,350000
43.8775,-0.37438473,-7.820075,0.117141664,1.0,0.9991026,0.26367188,0.0047658877,-11.135021,-11.142216,-3.7749865,44.08325,0.41952556,1.4529626e-06,2.118043,-1.0481501,22.91529,0.99909115,0.23925781,0.004829724,-10.9038925,-10.910807,-3.8306992,23.584713,0.410817,1.5859656e-05,51.688263,-0.55634725,-7.8966274,0.13627988,1.0,0.99886036,0.13476562,0.0059603807,-10.635022,-10.641084,-4.4332476,299.3414,0.66427064,1.9922373e-08,0.9987602,0.11816406,0.0060095466,-10.327597,-10.333304,-4.487422,24.687592,0.29529947,2.2787516e-07,0.01989152855873108,17584.598456144333,355000
46.432823,-0.3803393,-7.8199444,0.11710911,1.0,0.99909496,0.25,0.004776492,-11.145421,-11.152641,-3.7591763,46.386787,0.45785898,8.840391e-07,1.1771953,-1.9509473,21.281483,0.999094,0.23730469,0.0048379246,-10.854404,-10.861265,-3.836433,18.80774,0.3972888,1.1233761e-06,54.365517,-0.529461,-7.8558974,0.12609734,1.0,0.9988184,0.12988281,0.006091871,-10.570911,-10.576728,-4.6212907,99.08979,0.48052406,4.3760993e-12,0.9987402,0.12109375,0.006266078,-10.278847,-10.284358,-4.6393533,131.86948,0.568617,2.9855374e-09,0.019903460216522218,17684.11575818062,360000
45.287872,-0.36130548,-7.8098893,0.1145953,1.0,0.9991026,0.27246094,0.0047285715,-11.149235,-11.156497,-3.7206767,850.2963,1.1994019,6.071582e-08,0.82573605,-0.994331,17.777943,0.9990902,0.24902344,0.0047974177,-10.937981,-10.944969,-3.788687,77.36058,0.72665477,4.813162e-07,59.402515,-0.46883455,-7.8875723,0.13401596,1.0,0.99894714,0.13574219,0.005800702,-10.406108,-10.411779,-4.6036806,177.42244,0.42961797,7.794218e-09,0.99885845,0.12695312,0.0059557185,-10.152969,-10.158372,-4.626566,62.542038,0.3637538,3.034886e-08,0.019917748498916626,17783.70450234413,365000
50.26718,-0.33239138,-7.824456,0.11823696,1.0,0.99908733,0.25390625,0.0046601705,-11.210208,-11.217624,-3.6241593,62.096745,0.6248164,7.887181e-06,1.5499121,-1.6370621,24.787786,0.9990845,0.23925781,0.004738051,-10.951611,-10.958708,-3.6907873,110.58256,0.6369771,4.437474e-06,59.34862,-0.49725556,-7.8938465,0.13558471,1.0,0.9988003,0.13378906,0.0061273803,-10.719769,-10.725859,-4.489252,84.17096,0.5703359,4.9626e-09,0.99876404,0.119140625,0.006011392,-10.467469,-10.473259,-4.545763,46.148697,0.29635385,4.3337874e-08,0.019910525178909302,17883.25712943077,370000
51.443054,-0.42242992,-7.826303,0.11869873,1.0,0.9991026,0.27539062,0.004786011,-11.191445,-11.198706,-3.76302,126.116356,0.69479126,1.5020804e-07,1.0265979,-1.3464425,21.63748,0.999094,0.25195312,0.004830355,-10.903957,-10.9109125,-3.7887921,70.88855,0.698483,1.5605348e-05,61.47475,-0.54050636,-7.8688946,0.12934667,1.0,0.9988432,0.12207031,0.006082465,-10.5162525,-10.521951,-4.6861563,86.738785,0.45162845,6.445044e-08,0.9987335,0.10644531,0.006147865,-10.18074,-10.18613,-4.6683207,88.337944,0.45956528,2.0708298e-07,0.01748426022529602,17970.678434848785,375000
53.16425,-0.3357333,-7.854394,0.12572147,1.0,0.99909115,0.25585938,0.0047144764,-11.142998,-11.150269,-3.704587,99.773094,0.53789854,2.1972603e-06,1.6939814,-1.3210609,26.003723,0.9990969,0.25195312,0.004780649,-10.945665,-10.952675,-3.7757537,19.814632,0.49077037,1.418994e-05,64.32876,-0.46363488,-7.87202,0.13012782,1.0,0.9989033,0.13671875,0.0058573456,-10.6363735,-10.642353,-4.519468,42.720963,0.399222,4.2037304e-11,0.9988899,0.13476562,0.0058546877,-10.33189,-10.337551,-4.541465,39.85158,0.32685494,1.1000082e-08,0.015027258682250976,18045.814732074738,380000
50.52128,-0.30115741,-7.825541,0.11850825,1.0,0.9990816,0.26171875,0.0047390284,-11.134412,-11.14173,-3.6478667,210.8425,0.69484437,1.7908834e-10,1.2302523,-1.0181047,24.886824,0.99908733,0.22753906,0.004803975,-10.889334,-10.896325,-3.7363205,28.358189,0.53681356,1.0785084e-07,50.72782,-0.58223736,-7.8801465,0.13215956,1.0,0.9987726,0.13769531,0.006104933,-10.719536,-10.725678,-4.4349656,69.37598,0.5628711,1.2808739e-09,0.9987726,0.13378906,0.0060814605,-10.440245,-10.446088,-4.4629135,51.069233,0.51058185,2.100067e-09,0.015021658325195312,18120.923027276993,385000
51.514633,-0.3093513,-7.7960873,0.11114471,1.0,0.9990654,0.24414062,0.0048439736,-11.079291,-11.086391,-3.8139653,42.54125,0.48480272,1.1848487e-05,1.8472396,-1.6743107,23.832735,0.9990635,0.20996094,0.0048769037,-10.82761,-10.834415,-3.8652697,25.995121,0.4204409,1.2607695e-05,56.747543,-0.4536773,-7.863464,0.12798893,1.0,0.9987774,0.14257812,0.006088144,-10.6510515,-10.657025,-4.5403576,136.9112,0.6556765,1.7029983e-08,0.9988241,0.125,0.0060248123,-10.393325,-10.398969,-4.6199837,244.86328,0.60338813,6.541967e-09,0.015021665239334106,18196.03135895729,390000
47.686733,-0.42216402,-7.829673,0.11954114,1.0,0.9990969,0.26757812,0.0047568604,-11.280154,-11.287491,-3.7747679,248.63596,0.78762734,1.7805785e-08,0.9906851,-0.94823426,22.682814,0.9990854,0.24804688,0.004788315,-11.00457,-11.011625,-3.7871952,89.151474,0.5733522,4.9366247e-07,54.62463,-0.621376,-7.8835816,0.1330183,1.0,0.99893093,0.12988281,0.00591024,-10.652543,-10.6584835,-4.575633,44.03039,0.37089768,2.7129758e-09,0.9989233,0.12695312,0.005867844,-10.421914,-10.427675,-4.528247,104.32634,0.39089847,2.0719321e-07,0.015010947322845459,18271.08609676361,395000
49.004032,-0.37017038,-7.817325,0.11645432,1.0,0.9991026,0.25,0.004788953,-11.001951,-11.009046,-3.743915,97.858055,0.61160153,1.591879e-06,1.0365468,-1.0616463,22.754667,0.99909306,0.22460938,0.0048257997,-10.758724,-10.765539,-3.7867737,106.84173,0.667351,2.0629177e-07,68.23277,-0.4549234,-7.8863215,0.13370332,1.0,0.99892426,0.12890625,0.006017065,-10.432032,-10.437695,-4.6382194,36.30674,0.40834948,1.53785e-08,0.9988222,0.111328125,0.0061502256,-10.147225,-10.1526,-4.648363,44.795677,0.51430976,2.3119771e-06,0.01500735011100769,18346.122851371765,400000
45.97201,-0.41982332,-7.8334665,0.12048955,1.0,0.9991007,0.27246094,0.00466405,-11.274208,-11.28167,-3.6395411,79.611694,0.61379886,1.5388434e-06,1.495153,-1.1931546,23.084946,0.99908924,0.26757812,0.004677905,-11.069369,-11.076652,-3.6184616,684.63696,1.2638736,1.9560373e-05,55.56993,-0.57386017,-7.8741436,0.13065894,1.0,0.9988518,0.140625,0.005845998,-10.642473,-10.6484995,-4.4774656,49.250935,0.3729865,5.590016e-10,0.9987955,0.11328125,0.0059485873,-10.3370285,-10.342783,-4.4501987,54.568867,0.48157236,7.130775e-08,0.29097164998054503,19800.98110485077,405000
48.602894,-0.29260713,-7.8151965,0.11592215,1.0,0.99909306,0.26464844,0.0047031264,-11.345974,-11.353495,-3.6531074,196.83257,0.89389217,9.6100685e-08,1.1145885,-3.077268,24.524431,0.9990883,0.2578125,0.004734071,-11.045909,-11.053113,-3.675385,97.519775,0.78108597,4.3700007e-07,58.08931,-0.60225976,-7.880826,0.13232948,1.0,0.99880505,0.11230469,0.0062877666,-10.889612,-10.895772,-4.5882044,114.368126,0.7674308,2.8569274e-09,0.9985981,0.10253906,0.006557755,-10.639751,-10.645748,-4.504414,45.075813,0.63828045,1.0496116e-07,0.02352002911567688,19918.581251621246,410000
49.936924,-0.31871206,-7.8515687,0.12501518,1.0,0.99908257,0.24316406,0.0047653085,-11.254058,-11.26141,-3.7334447,160.481,0.73018587,5.667776e-07,1.4045727,-1.2408369,24.60705,0.99908066,0.23828125,0.004779472,-11.0358925,-11.042995,-3.7690775,53.90965,0.6620935,7.7194045e-06,60.373497,-0.5076604,-7.87186,0.13008794,1.0,0.99885654,0.1328125,0.00591697,-10.637716,-10.643756,-4.458913,306.38956,0.63991,3.21262e-09,0.998868,0.1171875,0.0059143184,-10.415628,-10.42143,-4.480298,34.216686,0.37535802,1.9518689e-07,0.02350560450553894,20036.109278678894,415000
54.092484,-0.37620947,-7.8225,0.11774801,1.0,0.9990854,0.26953125,0.004610163,-11.440015,-11.447729,-3.5476403,40.5645,0.6171595,9.339617e-06,1.3436024,-1.0931449,22.425026,0.999074,0.24804688,0.004667825,-11.212069,-11.219493,-3.6179852,27.783018,0.6298257,1.2093764e-05,62.29781,-0.47781426,-7.8887134,0.1343013,1.0,0.9988775,0.12109375,0.006031992,-10.596568,-10.60241,-4.619148,106.817276,0.49158973,3.1225192e-10,0.9987078,0.107421875,0.006533114,-10.367008,-10.372611,-4.6348715,722.3288,1.5211964,5.973102e-10,0.023492859745025636,20153.573578834534,420000
58.120514,-0.28454602,-7.838924,0.12185399,1.0,0.9990883,0.25878906,0.004823001,-11.0798,-11.086892,-3.8238263,56.36159,0.57955563,2.432535e-06,4.3636336,-1.2817326,28.482018,0.99909306,0.23046875,0.0048460434,-10.839596,-10.846406,-3.872915,80.93345,0.6141159,1.9086516e-05,56.209152,-0.5205353,-7.892679,0.13529274,1.0,0.998806,0.13769531,0.006052325,-10.734107,-10.740208,-4.493435,366.2131,0.7501861,4.9991287e-09,0.9988413,0.12207031,0.006052507,-10.512642,-10.518464,-4.5562563,32.437836,0.48963538,7.915078e-11,0.023493044233322144,20271.038801193237,425000
49.115906,-0.3630298,-7.838328,0.12170491,1.0,0.99909115,0.25,0.004801091,-11.105812,-11.112965,-3.7893763,59.35736,0.59039843,9.726169e-08,1.1230233,-1.7344295,21.517168,0.9990883,0.23535156,0.0048908168,-10.829029,-10.835804,-3.8990033,258.05508,0.7204583,6.552689e-07,60.67424,-0.4606988,-7.8868628,0.13383862,1.0,0.9988756,0.12890625,0.005991675,-10.660246,-10.666189,-4.5790977,73.27734,0.4911186,4.492146e-08,0.99881077,0.11816406,0.0060861376,-10.458004,-10.463684,-4.647497,46.2646,0.46994054,1.1287123e-06,0.023508072996139526,20388.579169750214,430000
51.506844,-0.34390867,-7.832136,0.12015696,1.0,0.99908924,0.26953125,0.0048047397,-11.113839,-11.120976,-3.8126338,863.27155,1.0460868,1.7335143e-06,1.1053743,-3.4793048,27.57519,0.9990721,0.23925781,0.0048649693,-10.847445,-10.854266,-3.8690128,69.245926,0.5001123,2.959335e-06,61.048717,-0.46361554,-7.883644,0.133034,1.0,0.998868,0.12597656,0.0059760036,-10.665392,-10.671337,-4.583703,250.48198,0.5743216,4.0782635e-09,0.9988346,0.10253906,0.0060327346,-10.384584,-10.390186,-4.6543646,23.651598,0.31739765,1.0336892e-08,0.025338557243347166,20515.27195763588,435000
48.507782,-0.3667209,-7.821724,0.1175539,1.0,0.9990883,0.2705078,0.0046601505,-11.296173,-11.303652,-3.6457205,36.55105,0.49290338,4.7883955e-06,1.6068707,-1.6826185,24.445244,0.9990797,0.25195312,0.004695411,-11.029837,-11.037014,-3.6867092,47.131454,0.52271324,7.227524e-06,54.298187,-0.49430513,-7.8871613,0.13391317,1.0,0.99899197,0.13085938,0.0057635764,-10.535106,-10.540957,-4.5485764,201.72586,0.57989484,6.228688e-09,0.99889755,0.11328125,0.0059154546,-10.329168,-10.3348055,-4.5625277,69.57716,0.4860223,5.8106167e-07,0.029692205953598023,20663.732991456985,440000
49.246075,-0.41813105,-7.8152685,0.11594018,1.0,0.99909496,0.26171875,0.0048157917,-11.072254,-11.079409,-3.7532105,102.85604,0.7609879,3.5206206e-06,1.1899443,-1.6315168,24.218128,0.9990978,0.22949219,0.0048851315,-10.903561,-10.910473,-3.8312984,55.936424,0.7534914,6.552567e-06,69.061584,-0.46429658,-7.889473,0.13449125,1.0,0.998847,0.13378906,0.0060461364,-10.669991,-10.676014,-4.507181,407.32935,0.7984784,3.6745789e-09,0.9987936,0.1171875,0.006126145,-10.450596,-10.456361,-4.5533752,58.52911,0.61472267,3.341721e-07,0.029700759696960448,20812.236793279648,445000
54.004448,-0.33594328,-7.8237557,0.11806193,1.0,0.99909973,0.27148438,0.0046518296,-11.278461,-11.2859125,-3.6552737,141.36685,0.69182515,1.4020264e-05,0.917887,-1.1099977,24.363438,0.9990969,0.2548828,0.004703293,-11.0263405,-11.033501,-3.7011185,167.7447,0.8904109,2.1014277e-05,57.896446,-0.5589498,-7.8678675,0.12908989,1.0,0.99893,0.13378906,0.005946666,-10.618795,-10.624594,-4.6875777,61.355595,0.42310572,7.637346e-12,0.9989147,0.11816406,0.0059179068,-10.397415,-10.403012,-4.6729207,18.354477,0.29078883,2.1105647e-08,0.02970223045349121,20960.747950077057,450000
56.22647,-0.34202474,-7.812308,0.11519994,1.0,0.9990921,0.25878906,0.0047213966,-11.416723,-11.424261,-3.7047596,124.60973,0.6290267,3.716602e-06,1.8218634,-1.5481269,23.390018,0.9990854,0.24609375,0.004785709,-11.1818495,-11.189087,-3.7786627,82.519684,0.6046618,1.5259924e-05,61.867336,-0.48529705,-7.8819942,0.13262142,1.0,0.99889565,0.12402344,0.0059333197,-10.708963,-10.71504,-4.492812,221.12146,0.57110125,8.1179664e-08,0.9988203,0.11035156,0.006039476,-10.516176,-10.522029,-4.529992,101.55647,0.4260757,2.062059e-08,0.027612433385848997,21098.810118198395,455000
51.512985,-0.35142145,-7.826491,0.11874567,1.0,0.99908066,0.2783203,0.004644843,-11.257921,-11.265421,-3.5856042,360.05463,0.771478,1.2803831e-07,0.9003991,-1.9213016,24.322315,0.9990883,0.25585938,0.0047339434,-11.015796,-11.022949,-3.6960251,37.858078,0.57047844,4.708948e-09,59.296383,-0.5325767,-7.886747,0.13380969,1.0,0.9988823,0.13085938,0.0060253767,-10.819937,-10.826036,-4.57839,172.10925,0.5884919,6.108782e-10,0.9988241,0.10546875,0.0060555693,-10.563763,-10.569625,-4.5679455,69.323364,0.47850335,2.1026544e-07,0.020726313209533692,21202.441687345505,460000
46.99835,-0.38896576,-7.8164673,0.1162398,1.0,0.9990711,0.26367188,0.004758383,-11.311951,-11.319326,-3.767018,778.9943,0.8830435,2.5067033e-07,1.1083233,-1.8600922,23.974112,0.99907494,0.24121094,0.0048030606,-11.057043,-11.064154,-3.7835693,38.430023,0.5366002,1.9035197e-07,68.0043,-0.43996313,-7.8428946,0.122846544,1.0,0.998785,0.11621094,0.006038011,-10.70409,-10.710113,-4.542637,70.2686,0.5256797,2.1773319e-09,0.99878216,0.1015625,0.0060121296,-10.411161,-10.416854,-4.5882454,182.16637,0.47650588,1.4126763e-07,0.01989658203125,21301.924598932266,465000
44.974537,-0.4091776,-7.8222146,0.11767663,1.0,0.9990959,0.2734375,0.004682841,-11.2637615,-11.271185,-3.668786,126.50146,0.76343477,6.515142e-10,4.8098555,-1.7182406,32.240486,0.99909115,0.25390625,0.0047443598,-11.030316,-11.037444,-3.7384353,107.96916,0.66154265,1.2638729e-07,55.178207,-0.55352247,-7.8735,0.13049787,1.0,0.9989252,0.12792969,0.005881207,-10.734262,-10.74032,-4.5366106,444.29803,0.923606,1.0728181e-09,0.9988241,0.115234375,0.0060476153,-10.448089,-10.453881,-4.522388,25.284468,0.40309942,1.0080217e-08,0.019886883068084716,21401.35901737213,470000
56.49391,-0.33747977,-7.8550606,0.12588805,1.0,0.99909496,0.2841797,0.0046035117,-11.35942,-11.367034,-3.5711327,108.86222,0.6935154,4.089736e-06,1.3341265,-2.5387294,27.529358,0.9990883,0.25878906,0.0046624476,-11.168777,-11.17616,-3.6157851,500.67163,1.0879564,2.0906455e-05,64.57541,-0.45839408,-7.8820195,0.1326279,1.0,0.99892426,0.14453125,0.005916342,-10.643818,-10.649777,-4.5453377,1255.4497,1.0913323,8.553761e-09,0.9988556,0.11621094,0.005978871,-10.426332,-10.432027,-4.6008034,62.48317,0.3802886,1.9443249e-08,0.0198818829536438,21500.76843380928,475000
53.016174,-0.29286927,-7.8021455,0.112659365,1.0,0.9990883,0.27734375,0.004587139,-11.433463,-11.441174,-3.5459542,108.4679,0.6888661,8.9979005e-07,0.9810133,-1.0538275,22.166779,0.9990845,0.25,0.004668669,-11.181828,-11.189169,-3.6701653,121.067024,0.6737516,6.109878e-06,57.01929,-0.50714004,-7.869774,0.12956633,1.0,0.9987793,0.13574219,0.006134905,-10.782564,-10.788708,-4.497864,152.49576,0.8505125,1.7593743e-08,0.99882317,0.12109375,0.0059514167,-10.524026,-10.529865,-4.551767,52.349525,0.46220934,3.992407e-10,0.019880901908874513,21600.172945022583,480000
38.458717,-0.4353059,-7.8146615,0.115788296,1.0,0.99909973,0.25878906,0.0046865297,-11.303919,-11.311345,-3.7078166,48.682293,0.51179093,3.7914722e-07,1.045892,-0.93935156,17.997314,0.99908924,0.23632812,0.004738556,-11.057126,-11.064284,-3.7340374,48.02326,0.6035254,1.0417201e-06,64.890686,-0.5231365,-7.8849096,0.13335036,1.0,0.9989586,0.123046875,0.005896787,-10.694418,-10.700288,-4.6900167,1067.147,0.8830029,2.4483902e-09,0.9988594,0.115234375,0.0059520486,-10.432976,-10.438588,-4.691715,59.397854,0.36872643,5.5593017e-07,0.019942036485671995,21699.88313150406,485000
52.494183,-0.39654526,-7.8366165,0.121276945,1.0,0.9990883,0.2548828,0.0048500635,-11.155092,-11.162262,-3.8211415,75.5423,0.6707574,3.5188446e-06,1.1607741,-1.0054744,23.43002,0.99909115,0.2421875,0.0048563257,-10.867394,-10.87428,-3.8239288,35.666252,0.5271803,8.1052997e-07,58.6733,-0.57803327,-7.8676186,0.12902758,1.0,0.99881744,0.13671875,0.006022333,-10.945932,-10.952311,-4.4206657,119.26897,0.5263406,4.0685266e-10,0.9985666,0.12207031,0.006124165,-10.626474,-10.632679,-4.2789664,95.36818,0.6766883,3.5748735e-07,0.019898524045944214,21799.37575531006,490000
49.76195,-0.3614685,-7.812541,0.11525819,1.0,0.9990845,0.2734375,0.0046660416,-11.208927,-11.216379,-3.5871763,43.166233,0.60788846,7.0232676e-07,1.0833178,-1.2167016,22.783316,0.9990797,0.23046875,0.004709564,-10.921506,-10.928622,-3.6413112,150.83481,0.6884427,3.1295253e-06,53.743202,-0.48888737,-7.889397,0.13447228,1.0,0.99889755,0.13769531,0.005914932,-10.545075,-10.550872,-4.6159744,2116.8103,1.3482976,9.228891e-09,0.9987564,0.119140625,0.0061357534,-10.254182,-10.259663,-4.6464767,96.22543,0.37067565,1.1432626e-08,0.019897169065475465,21898.861602067947,495000
65.19827,-0.2908088,-7.812962,0.11536352,1.0,0.9990978,0.2578125,0.004737053,-11.178693,-11.1859865,-3.7165117,899.0766,1.1050813,3.136903e-06,1.7567275,-3.6728003,26.590714,0.99908924,0.23144531,0.004806338,-10.972769,-10.979804,-3.7748678,55.367634,0.6311052,2.531287e-06,64.3389,-0.5426487,-7.8914957,0.13499677,1.0,0.9988394,0.1171875,0.006078365,-10.832445,-10.838553,-4.5853553,156.499,0.7020073,6.617917e-10,0.9987602,0.11621094,0.0062018586,-10.564618,-10.570465,-4.5831795,70.01912,0.67740357,1.2720865e-10,0.0199121994972229,21998.422600746155,500000
46.56417,-0.40327185,-7.8232794,0.117942765,1.0,0.9990673,0.25195312,0.004648059,-11.561224,-11.569034,-3.5725574,425.26276,0.777045,5.098708e-06,1.2419021,-1.9738505,25.036844,0.99905777,0.24316406,0.00467123,-11.274654,-11.282177,-3.5785704,33.12152,0.52966136,1.0921825e-05,55.292988,-0.5389169,-7.841202,0.122423455,1.0,0.9988756,0.123046875,0.006076745,-10.687513,-10.693344,-4.723412,21.822697,0.27822995,5.5873535e-13,0.9988575,0.099609375,0.0060567455,-10.421661,-10.427238,-4.715534,44.168877,0.27262124,7.453355e-09,0.21972413563728332,23097.04328227043,505000
39.847485,-0.41561618,-7.8310213,0.11987835,1.0,0.9991026,0.2685547,0.0046185018,-11.150721,-11.158102,-3.5987444,46.60057,0.5228898,6.8828385e-06,1.0251479,-1.5066317,18.657606,0.9990969,0.25683594,0.0046704914,-10.90094,-10.90803,-3.6475952,82.72364,0.57007575,7.891115e-06,72.151764,-0.4311874,-7.8993497,0.13696033,1.0,0.9988165,0.13574219,0.0060131117,-10.848752,-10.854954,-4.5032454,135.12521,0.5061997,3.894049e-11,0.99881744,0.119140625,0.005906404,-10.573521,-10.579451,-4.5063777,38.812763,0.3316549,1.1595909e-08,0.018632719659805296,23190.20688199997,510000
52.553844,-0.3174675,-7.824261,0.118188255,1.0,0.9991007,0.26367188,0.004685155,-11.227287,-11.234663,-3.681353,22.847439,0.45478234,1.827421e-05,1.2554523,-1.2830405,23.298302,0.99909115,0.24902344,0.004726237,-11.002811,-11.009924,-3.7274475,20.220467,0.41939217,2.5660515e-06,55.579224,-0.50973165,-7.878895,0.13184664,1.0,0.99884605,0.13378906,0.0059367837,-10.806301,-10.812506,-4.459916,1007.03955,1.1755927,5.583825e-10,0.99881935,0.12695312,0.005999031,-10.556427,-10.562377,-4.469423,39.185215,0.49095035,2.182163e-09,0.018638880395889283,23283.40128660202,515000
47.5405,-0.37475306,-7.819474,0.116991624,1.0,0.9990902,0.2705078,0.0047742696,-11.331498,-11.338939,-3.7206817,273.69147,1.0074506,4.2925844e-06,2.1510246,-1.7666875,26.953281,0.9990816,0.25195312,0.004842051,-11.089131,-11.096248,-3.8107443,111.72374,0.7305585,9.892694e-06,65.30424,-0.43079317,-7.862852,0.127836,1.0,0.9988909,0.12597656,0.005949524,-10.631505,-10.6374655,-4.533641,97.01104,0.40403527,7.169699e-08,0.9988756,0.111328125,0.00589207,-10.371357,-10.3770075,-4.5915327,19.142225,0.24965818,4.932949e-09,0.018645854759216308,23376.630561828613,520000
49.526703,-0.33431274,-7.827753,0.11906128,1.0,0.99911785,0.26660156,0.0046512373,-11.434523,-11.442151,-3.6322947,112.62512,0.71387297,3.5133738e-07,1.3057983,-1.1115005,23.524628,0.9991169,0.24707031,0.004720871,-11.191198,-11.198528,-3.6918721,206.17244,0.8815672,7.945532e-06,54.911667,-0.54930127,-7.864357,0.1282121,1.0,0.99894714,0.13085938,0.0060632015,-10.614294,-10.620071,-4.7041864,130.24536,0.34265912,4.6046354e-11,0.9987984,0.11230469,0.006148792,-10.390537,-10.396109,-4.6924095,34.164417,0.32771912,1.9759344e-08,0.018645199823379515,23469.856562376022,525000
42.93091,-0.37059003,-7.8206496,0.117285326,1.0,0.99908924,0.26953125,0.004647772,-11.258359,-11.265804,-3.6412816,99.164,0.5562273,1.15374405e-05,3.2569141,-1.9126269,22.545002,0.999094,0.25097656,0.004668805,-11.080725,-11.087975,-3.6643305,101.057945,0.5925925,1.1827546e-05,61.44855,-0.55612814,-7.8827095,0.13280034,1.0,0.9988432,0.14257812,0.0059223613,-10.817945,-10.824068,-4.5528827,29.326956,0.3047455,1.6471107e-09,0.99887085,0.119140625,0.0059449133,-10.593725,-10.599646,-4.536602,1960.3069,2.2696655,5.7969123e-09,0.01864033555984497,23563.05824279785,530000
56.09937,-0.31765014,-7.8125153,0.11525192,1.0,0.99910927,0.2783203,0.0045094066,-11.5549345,-11.562822,-3.4848347,34.400757,0.52839184,8.01144e-06,1.5535828,-1.329032,27.332512,0.9990959,0.25,0.0046056216,-11.300672,-11.30821,-3.5894585,134.8793,0.731579,2.1712525e-05,68.55943,-0.45869,-7.888951,0.13436064,1.0,0.9988804,0.125,0.006036776,-10.830532,-10.83668,-4.541527,1007.5068,1.2496414,1.0771942e-08,0.9987955,0.13476562,0.006027982,-10.615894,-10.621808,-4.566225,95.26033,0.5803982,1.6149702e-08,0.018633841133117675,23656.22744989395,535000
49.682426,-0.36870605,-7.8256364,0.11853205,1.0,0.99909306,0.26953125,0.004633778,-11.391668,-11.3993025,-3.5824986,29.731928,0.5201441,1.601993e-06,0.9659419,-1.5722207,24.764656,0.9990902,0.25585938,0.0046868306,-11.19368,-11.201102,-3.6010926,171.1887,0.72040164,1.4483867e-05,60.819664,-0.50928366,-7.8750973,0.13089718,1.0,0.99885654,0.119140625,0.0059197033,-10.734108,-10.740198,-4.504917,32.588367,0.33831948,8.072499e-07,0.9987793,0.09472656,0.006086723,-10.515251,-10.521103,-4.5286713,103.50578,0.5364742,1.3667739e-06,0.02224645495414734,23767.45972800255,540000
56.58049,-0.31443086,-7.8337984,0.12057267,1.0,0.99910164,0.2705078,0.0046786685,-11.4472475,-11.454861,-3.6589618,55.626816,0.6767746,1.3677463e-10,1.255185,-1.2254388,26.84391,0.999094,0.24511719,0.0047006025,-11.189396,-11.196734,-3.6821573,28.454008,0.5759256,5.9426874e-08,75.76853,-0.4360336,-7.8774953,0.13149682,1.0,0.9988775,0.14160156,0.006051545,-10.824942,-10.831016,-4.6117,1594.667,2.409732,2.2858174e-10,0.9988756,0.10253906,0.006131451,-10.56498,-10.570681,-4.7333136,38.064217,0.43334383,1.7765339e-09,0.023526079750061036,23885.090127944946,545000
49.461212,-0.37736142,-7.817191,0.116420686,1.0,0.9990835,0.26757812,0.004577865,-11.482083,-11.489881,-3.5059795,103.002785,0.6191823,1.4524257e-05,1.3942009,-1.3430332,27.726254,0.999074,0.25195312,0.0046347603,-11.183193,-11.190646,-3.5585847,42.567924,0.61845934,3.8837265e-06,50.129265,-0.55894876,-7.882683,0.13279371,1.0,0.9989033,0.12597656,0.0059137773,-10.725144,-10.731138,-4.5926447,44.653538,0.29731417,1.7466313e-09,0.99883366,0.11230469,0.0059744436,-10.484642,-10.490402,-4.5922327,45.989815,0.2946862,6.057767e-09,0.023539355993270873,24002.786911010742,550000
63.487198,-0.33187205,-7.8102856,0.11469428,1.0,0.9990835,0.2607422,0.0047933734,-11.350828,-11.358235,-3.7740157,124.120384,0.6635888,6.1099503e-09,3.6642432,-1.8427619,31.238636,0.9990778,0.23535156,0.0048521655,-11.113926,-11.121019,-3.8576741,94.34399,0.5726492,5.793265e-09,63.71752,-0.552715,-7.8676815,0.12904328,1.0,0.9988251,0.1328125,0.005987674,-10.942915,-10.949228,-4.4852343,140.50249,0.50351876,1.2035497e-09,0.9987383,0.123046875,0.0061453925,-10.683678,-10.689739,-4.481083,190.34895,0.89243925,1.9134191e-07,0.0282918110370636,24144.24596762657,555000
64.60059,-0.32066596,-7.8329124,0.12035111,1.0,0.9990864,0.2783203,0.004652757,-11.390651,-11.398247,-3.6201737,85.549545,0.65446436,4.2131103e-09,2.0175626,-2.0237255,29.531475,0.9990902,0.25585938,0.004668113,-11.223525,-11.230937,-3.6410036,472.27765,1.2860031,6.4632485e-07,49.008392,-0.5544898,-7.874292,0.13069592,1.0,0.9989586,0.125,0.0059802146,-10.712947,-10.718842,-4.6819887,55.2089,0.32051992,2.2115652e-09,0.9988136,0.11035156,0.0060727233,-10.5161705,-10.521906,-4.6488485,331.71762,0.7338347,1.6853164e-08,0.029726028108596803,24292.87611246109,560000
52.32468,-0.37927264,-7.816235,0.11618175,1.0,0.9990797,0.27539062,0.0046322374,-11.557402,-11.565226,-3.554256,73.78202,0.5717652,8.1384815e-07,1.3261907,-1.4517368,22.67039,0.9990778,0.2578125,0.0047020195,-11.286777,-11.294248,-3.642814,26.194305,0.54475546,1.13065084e-07,62.40143,-0.5247335,-7.891382,0.13496852,1.0,0.99893856,0.12207031,0.0057416162,-10.7539215,-10.760025,-4.508936,399.727,0.5500539,1.0691151e-08,0.99882126,0.11621094,0.006036107,-10.474589,-10.48047,-4.4585867,765.38135,1.6853058,6.577855e-08,0.029721004819869994,24441.48113799095,565000
57.554996,-0.32653183,-7.803334,0.11295656,1.0,0.9990845,0.2607422,0.004683056,-11.553547,-11.561263,-3.659419,184.04723,0.6280649,4.9119208e-06,2.1057858,-2.0683694,30.054436,0.99908066,0.25097656,0.0047206287,-11.268473,-11.275909,-3.6601954,95.33172,0.68180585,9.329841e-06,61.39642,-0.5764088,-7.848371,0.12421568,1.0,0.99894524,0.13183594,0.005897748,-10.705951,-10.711851,-4.6695833,269.4985,0.37973678,5.9425164e-12,0.998827,0.123046875,0.006067778,-10.453502,-10.459246,-4.5777617,46.201206,0.45788312,4.4426973e-09,0.029715999031066895,24590.06113409996,570000
49.54248,-0.39612705,-7.795095,0.110896684,1.0,0.99908257,0.25976562,0.004823798,-11.113272,-11.120416,-3.8049452,52.30277,0.5662037,1.0717398e-06,1.2108899,-1.1268262,20.229122,0.9990902,0.22949219,0.00486234,-10.836897,-10.843761,-3.8135567,67.99495,0.63516605,4.9606488e-06,62.228447,-0.52672017,-7.8512564,0.12493699,1.0,0.9987688,0.13085938,0.006164226,-10.857242,-10.8634615,-4.493655,144.31429,0.5876949,2.0128619e-09,0.998682,0.12109375,0.0064179483,-10.602084,-10.608109,-4.438149,170.81404,1.4347397,3.218626e-08,0.029715573930740355,24738.639008045197,575000
58.467842,-0.34268412,-7.836788,0.12132002,1.0,0.99909973,0.2578125,0.0047950502,-11.266987,-11.274278,-3.8094928,199.47733,0.62328,6.3693045e-07,1.3443472,-1.1150756,25.697577,0.99910545,0.23535156,0.0048176474,-11.015507,-11.022531,-3.8297598,129.52797,0.63743824,8.637584e-06,59.331417,-0.5653013,-7.8765755,0.13126688,1.0,0.9988737,0.11816406,0.005965153,-10.87999,-10.886202,-4.5241556,52.276215,0.42461735,4.7977493e-09,0.99883175,0.11328125,0.006038113,-10.650839,-10.656772,-4.58211,48.145943,0.5103297,8.055971e-09,0.02971526608467102,24887.215339899063,580000
58.10582,-0.31630808,-7.7814794,0.10749276,1.0,0.9990969,0.27441406,0.0046698083,-11.464439,-11.472103,-3.6228757,87.32851,0.6314622,7.2733006e-09,1.5990019,-1.3337377,25.811495,0.999094,0.26953125,0.004717523,-11.162068,-11.169373,-3.6888678,96.125786,0.7780154,1.2246775e-06,57.100178,-0.56881595,-7.8547816,0.12581837,1.0,0.9988165,0.13085938,0.005924055,-10.883715,-10.889933,-4.5219364,412.4279,0.53720266,9.497265e-10,0.99865246,0.115234375,0.006280451,-10.574485,-10.580453,-4.468616,32.891598,0.57652754,4.6526157e-08,0.0297048388004303,25035.739537715912,585000
43.059685,-0.474036,-7.811798,0.11507241,1.0,0.9990883,0.2607422,0.004732361,-11.508444,-11.516061,-3.7165904,677.0406,0.8991418,1.5309126e-06,1.4544528,-1.5130048,23.740717,0.9990845,0.24316406,0.0047742724,-11.269276,-11.276643,-3.7327118,724.6423,1.1635826,1.535862e-05,56.111275,-0.63208413,-7.852189,0.12517032,1.0,0.99892235,0.14355469,0.0058470853,-10.917076,-10.923367,-4.4812803,126.110825,0.4228947,1.0483352e-07,0.9987631,0.11230469,0.006246021,-10.64489,-10.650928,-4.469264,84.3442,0.79467547,5.7809353e-07,0.02822095561027527,25176.844317913055,590000
60.34906,-0.36093992,-7.821475,0.11749178,1.0,0.99909115,0.24316406,0.0048457477,-11.223713,-11.23094,-3.8314643,89.48611,0.5593317,4.211136e-08,1.7082925,-1.9404336,33.52709,0.9990864,0.23828125,0.0049018906,-10.974733,-10.981652,-3.8973584,38.16493,0.5577085,7.003426e-06,61.53143,-0.4917717,-7.8458223,0.12357842,1.0,0.99893475,0.12792969,0.005988381,-10.734611,-10.740589,-4.6184764,954.09344,0.8775306,1.0645581e-10,0.99891853,0.11230469,0.005933024,-10.506574,-10.512285,-4.6639605,246.50867,0.5447723,4.297225e-08,0.02483539562225342,25301.02130150795,595000
46.626137,-0.4138319,-7.8385086,0.12175013,1.0,0.9991112,0.2578125,0.004716529,-11.427396,-11.434951,-3.6975896,72.209496,0.58339155,7.740794e-09,1.6327825,-1.4740682,22.934212,0.99910927,0.23925781,0.00473966,-11.180124,-11.187412,-3.724965,20.144995,0.47674856,1.4347921e-06,46.926563,-0.60169697,-7.8877144,0.13405153,1.0,0.99890804,0.12597656,0.005823311,-10.898849,-10.905118,-4.485119,82.05757,0.3469913,1.1775008e-09,0.9987726,0.11328125,0.0062057613,-10.585648,-10.591658,-4.43797,76.51369,0.844959,1.246573e-07,0.021397714281082152,25408.00987482071,600000
48.045,-0.42713055,-7.838297,0.12169721,1.0,0.999094,0.25976562,0.0046413317,-11.622883,-11.630667,-3.6599112,116.6245,0.7081181,1.16442756e-07,1.4150565,-1.5347598,25.226162,0.9990988,0.24023438,0.0046905447,-11.35507,-11.362564,-3.6882384,297.09607,0.9303556,1.0400425e-06,62.95626,-0.5161787,-7.8902845,0.13469416,1.0,0.99887085,0.13964844,0.005788904,-10.718731,-10.724817,-4.4921465,24.923527,0.24952096,2.5136477e-09,0.99880886,0.125,0.006001233,-10.476164,-10.482025,-4.481551,171.33472,0.66281796,1.3634074e-06,0.20337726030349731,26424.896177768707,605000
47.16101,-0.35939115,-7.846385,0.12371915,1.0,0.99907684,0.2783203,0.0045827134,-11.771545,-11.779568,-3.5653539,49.84443,0.6070867,2.9324655e-08,2.8056276,-3.0014272,32.478645,0.99907017,0.25976562,0.004640511,-11.50589,-11.513623,-3.595629,44.179943,0.6059518,1.3365483e-06,60.503944,-0.5382935,-7.896514,0.13625148,1.0,0.998868,0.109375,0.0061027505,-10.807084,-10.81315,-4.601395,46.68738,0.4054248,4.2656687e-09,0.99879265,0.11230469,0.0060966387,-10.51213,-10.517916,-4.5928583,50.175915,0.45109916,4.0000903e-10,0.014407332754135131,26496.932842969894,610000
54.248474,-0.33358842,-7.812863,0.1153387,1.0,0.99909115,0.24316406,0.0047529973,-11.36041,-11.367884,-3.715137,229.61682,0.77530205,1.05311486e-07,0.978912,-1.4996798,23.13533,0.99909306,0.2265625,0.0048003197,-11.081449,-11.088588,-3.7778487,40.216267,0.52331215,9.762002e-08,71.622696,-0.47023833,-7.870233,0.12968126,1.0,0.99875736,0.1328125,0.0062200967,-10.761105,-10.767287,-4.436588,65.39537,0.52358776,3.1333986e-08,0.99870014,0.119140625,0.0062448476,-10.521092,-10.527013,-4.464699,114.12205,0.788556,6.4926205e-08,0.01862622480392456,26590.063972711563,615000
55.032684,-0.3264209,-7.809042,0.114383414,1.0,0.9991102,0.27539062,0.0046171783,-11.511132,-11.518864,-3.6009352,273.7755,0.6570216,3.7756926e-09,3.091289,-1.5187515,28.83399,0.99909973,0.26171875,0.004619615,-11.296259,-11.30376,-3.622975,127.66895,0.69045997,1.4458701e-06,59.051228,-0.49604183,-7.867801,0.12907323,1.0,0.9989338,0.14453125,0.0060089426,-10.910572,-10.916701,-4.640722,44.07127,0.31568232,2.8689094e-08,0.99882317,0.12597656,0.006165655,-10.676399,-10.682324,-4.6140637,27.495808,0.39125198,7.7981435e-09,0.01863304748535156,26683.229211330414,620000
44.893673,-0.3738287,-7.795375,0.110966705,1.0,0.9990921,0.28222656,0.0046666474,-11.4645195,-11.4721365,-3.6733148,86.867256,0.5948174,6.4010447e-10,1.0114602,-2.270403,24.871216,0.9990978,0.2529297,0.0046761814,-11.239273,-11.246638,-3.7049325,88.55447,0.55546486,6.1240326e-07,62.691574,-0.53354335,-7.9105473,0.1397598,1.0,0.9989033,0.13964844,0.005796723,-10.935052,-10.941391,-4.4487534,84.73671,0.4122013,1.6715243e-09,0.99880695,0.13378906,0.005862371,-10.663069,-10.669188,-4.404122,56.16925,0.46011013,4.1254342e-08,0.0186204580783844,26776.33150458336,625000
48.856823,-0.43094876,-7.825973,0.11861628,1.0,0.99909115,0.27246094,0.004648142,-11.468985,-11.476685,-3.5918477,87.64167,0.6923335,9.975993e-09,1.7184825,-2.6304862,31.835304,0.9990816,0.24707031,0.0046570483,-11.282745,-11.29027,-3.584043,153.73042,0.7580533,1.1534405e-05,59.344948,-0.60973954,-7.861839,0.12758267,1.0,0.9989271,0.14941406,0.0057995208,-10.752541,-10.758662,-4.4901466,113.809685,0.3936511,2.2262751e-10,0.99879265,0.12597656,0.006022864,-10.529902,-10.535829,-4.466902,169.43764,0.8210343,1.1090332e-08,0.018623843574523926,26869.45072412491,630000
54.226933,-0.310834,-7.8117824,0.115068614,1.0,0.9990978,0.24804688,0.004768378,-11.311659,-11.31903,-3.772903,85.60635,0.6049831,4.9860328e-06,1.8569859,-1.4334617,26.662169,0.9990845,0.24023438,0.0048640314,-11.106311,-11.113367,-3.886917,160.65158,0.8894368,1.5195343e-07,63.654636,-0.5010592,-7.880018,0.13212755,1.0,0.9989233,0.13085938,0.0059444327,-10.909389,-10.915592,-4.5640926,564.37024,0.6071749,3.7863446e-09,0.9988146,0.12011719,0.0060373796,-10.710909,-10.716893,-4.5898147,95.840096,0.49821782,3.7298353e-08,0.018629656171798705,26962.599009037018,635000
51.819225,-0.44707665,-7.8114824,0.11499367,1.0,0.99910355,0.2626953,0.0046758633,-11.41312,-11.420705,-3.6541007,40.413483,0.5533645,2.81938e-06,1.274609,-1.7323616,25.074554,0.99909306,0.24804688,0.0047092913,-11.151146,-11.158453,-3.6765294,28.102722,0.5167531,1.2433614e-05,63.03418,-0.5468768,-7.875998,0.13112244,1.0,0.9989605,0.12011719,0.005875295,-10.768665,-10.774712,-4.583054,152.32643,0.37769932,6.163614e-10,0.9989176,0.11621094,0.0058822734,-10.50495,-10.510815,-4.5052676,73.287895,0.55306983,4.3558973e-08,0.01862652497291565,27055.731635332108,640000
51.09752,-0.37588564,-7.8147993,0.11582287,1.0,0.9991045,0.28808594,0.0045738094,-11.564411,-11.572302,-3.4926977,140.38965,0.8641933,2.0683203e-06,1.2271404,-1.9264838,25.294807,0.999094,0.2607422,0.004643363,-11.368313,-11.375927,-3.5798922,2611.9397,3.1661375,1.2111901e-06,63.158485,-0.5025791,-7.8739605,0.1306131,1.0,0.99894714,0.13476562,0.0058072503,-10.648975,-10.6549425,-4.5450754,63.425747,0.37569433,8.077466e-09,0.99873924,0.123046875,0.006196929,-10.362582,-10.368266,-4.5491486,517.05585,1.0887188,4.404222e-10,0.018620671367645263,27148.83499598503,645000
52.250957,-0.3564121,-7.813489,0.115495145,1.0,0.99908924,0.2783203,0.004652355,-11.455011,-11.462715,-3.5752563,163.59018,0.75174135,3.203894e-07,1.2213151,-1.0366368,22.997192,0.9990816,0.24804688,0.00473434,-11.144184,-11.151502,-3.6585264,98.368515,0.7331575,6.199277e-07,61.950596,-0.6362081,-7.8885655,0.1342643,1.0,0.9988766,0.13574219,0.0062142517,-10.785166,-10.791176,-4.637724,498.23526,0.7625514,2.9870054e-10,0.99873734,0.11035156,0.00647374,-10.568192,-10.573946,-4.681323,75.590614,0.5974847,6.1141196e-14,0.01862150149345398,27241.942504644394,650000
47.710125,-0.3749777,-7.8030243,0.11287899,1.0,0.9990797,0.2734375,0.004736559,-11.492823,-11.500465,-3.6731534,128.75737,0.60227704,9.632908e-06,1.6082443,-2.2526407,24.266945,0.99908257,0.24609375,0.004766529,-11.264799,-11.272204,-3.688992,51.593296,0.6243755,2.7084145e-06,65.01201,-0.4673474,-7.862962,0.12786327,1.0,0.99892426,0.12890625,0.005923646,-10.726662,-10.732721,-4.526867,658.815,0.8701172,1.7063048e-08,0.9988775,0.10449219,0.006007908,-10.4761715,-10.481953,-4.5616136,274.0135,0.9770553,2.1251191e-08,0.01862366795539856,27335.060849428177,655000
49.975464,-0.4229423,-7.8010497,0.11238545,1.0,0.9990978,0.26171875,0.0047976715,-11.476244,-11.4837885,-3.7573109,79.233284,0.75549805,1.603763e-06,2.3680208,-2.368347,29.8891,0.9990902,0.25097656,0.004823751,-11.21859,-11.225824,-3.8181105,80.0237,0.614395,3.6851702e-07,67.51126,-0.5270511,-7.887423,0.13397866,1.0,0.9988642,0.13867188,0.0061096186,-10.925043,-10.931208,-4.619091,104.25781,0.50776887,2.643467e-12,0.9987984,0.12988281,0.0062297136,-10.633748,-10.639573,-4.674421,93.71523,0.6708807,1.6248139e-08,0.020474456739425658,27437.433134555817,660000
53.5627,-0.3704929,-7.82345,0.11798549,1.0,0.99911594,0.28027344,0.004610456,-11.491201,-11.498933,-3.5805056,169.51949,0.6526967,4.949789e-06,1.2444682,-1.119611,24.238995,0.99911404,0.24511719,0.004661934,-11.22118,-11.228582,-3.6495895,34.18322,0.5579075,1.1592652e-05,59.1075,-0.4771083,-7.8485394,0.124257706,1.0,0.9989233,0.13085938,0.005944708,-10.651879,-10.657733,-4.6642027,28.060177,0.22846898,6.527079e-11,0.9988489,0.11425781,0.0061847107,-10.397171,-10.40277,-4.6697593,38.295452,0.46487993,1.7754754e-11,0.02479569149017334,27561.411595106125,665000
47.97766,-0.41420236,-7.818862,0.1168384,1.0,0.9991007,0.2734375,0.004727601,-11.334286,-11.341729,-3.7192824,42.441273,0.50955737,1.04658895e-07,1.1826769,-1.8764995,20.652302,0.9990902,0.25683594,0.0047424696,-11.038292,-11.04543,-3.7375875,34.10416,0.48153132,5.4213537e-08,77.0576,-0.44669202,-7.874713,0.13080128,1.0,0.99884796,0.12207031,0.005940769,-10.816252,-10.822452,-4.473138,38.14669,0.38133854,2.8810225e-08,0.9988079,0.12402344,0.00603637,-10.592851,-10.598832,-4.474513,40.42248,0.47978508,1.482843e-07,0.02479949507713318,27685.409071445465,670000
55.410355,-0.36208194,-7.7872214,0.10892831,1.0,0.9990959,0.26171875,0.0046710633,-11.413001,-11.420628,-3.6113758,287.41135,1.1656291,1.1913371e-06,1.111708,-1.352045,21.173098,0.9990864,0.24414062,0.004730414,-11.1697445,-11.177047,-3.6990645,355.24933,0.9300909,7.4742866e-06,68.17568,-0.4909586,-7.8891525,0.13441117,1.0,0.99889374,0.11621094,0.0059068035,-10.676643,-10.682626,-4.556078,161.86249,0.51974356,3.5607137e-10,0.99885464,0.115234375,0.006137239,-10.346002,-10.351591,-4.6273785,171.53917,0.9075755,7.190158e-08,0.024807038068771364,27809.444265842438,675000
52.490326,-0.39618796,-7.825982,0.11861853,1.0,0.99909973,0.25683594,0.004701805,-11.4952965,-11.502965,-3.6511261,140.71751,0.70585114,4.2842228e-07,2.9578373,-1.9024566,29.804642,0.9990978,0.24316406,0.0047485977,-11.2470045,-11.254383,-3.698718,525.1274,1.0503926,1.8069939e-05,58.85339,-0.60948604,-7.8452983,0.123447515,1.0,0.998929,0.13574219,0.005837338,-10.840776,-10.846913,-4.5631337,140.60564,0.35481933,6.2876987e-10,0.99882126,0.125,0.0060487874,-10.620054,-10.626006,-4.5306063,116.88087,0.59347165,3.3296693e-08,0.024798295307159424,27933.435743808746,680000
50.13463,-0.36308303,-7.787697,0.109047204,1.0,0.99910545,0.26757812,0.004615275,-11.457318,-11.465007,-3.5922809,103.9971,0.6180545,4.7131507e-06,1.3121896,-1.1404144,21.406052,0.99909306,0.24511719,0.0046721823,-11.218821,-11.2262,-3.6690671,21.881195,0.5543031,5.4591237e-06,62.603897,-0.534108,-7.8559275,0.12610488,1.0,0.99891376,0.12402344,0.006020529,-10.791151,-10.797087,-4.717394,87.11029,0.40007937,5.6610765e-11,0.998826,0.115234375,0.0061994926,-10.558715,-10.564465,-4.6771507,67.0729,0.7769492,1.6311902e-10,0.024882922410964965,28057.850358486176,685000
62.691525,-0.37730742,-7.815522,0.11600362,1.0,0.9990969,0.27539062,0.0045868033,-11.786453,-11.7944765,-3.5786562,41.970135,0.59619296,3.7615865e-07,1.7780303,-2.4854796,28.15886,0.9990921,0.25195312,0.004653393,-11.5141535,-11.521849,-3.6409633,95.946915,0.7377826,3.0246233e-06,54.796383,-0.5646787,-7.871571,0.13001579,1.0,0.9989052,0.119140625,0.005914143,-10.828871,-10.8349495,-4.611453,27.818226,0.25899383,3.4071576e-10,0.9989252,0.11230469,0.005920003,-10.562435,-10.568227,-4.637637,43.83114,0.32880583,3.833786e-08,0.029699241971969603,28206.346570253372,690000
50.84766,-0.45772308,-7.7835417,0.108008415,1.0,0.99907875,0.28710938,0.004627575,-11.618191,-11.626047,-3.5810335,30.423649,0.53524923,1.2099625e-05,1.2163938,-0.99942905,20.222914,0.99907875,0.2548828,0.0047005573,-11.350307,-11.3578415,-3.6430964,86.68379,0.58875144,9.891505e-06,69.29427,-0.50410545,-7.8717747,0.1300667,1.0,0.9989424,0.14355469,0.005925957,-10.879179,-10.885223,-4.6948376,36.456505,0.30027542,1.3545585e-07,0.99888706,0.11816406,0.006155899,-10.643181,-10.648969,-4.7223577,143.13864,0.683465,2.7219116e-07,0.02968880043029785,28354.790576696396,695000
51.4726,-0.43997175,-7.815482,0.11599351,1.0,0.999094,0.27148438,0.004604387,-11.6311245,-11.639009,-3.564349,93.84577,0.69565296,5.087742e-09,1.003131,-0.967236,19.578909,0.99909306,0.24707031,0.0046734605,-11.391113,-11.398681,-3.6499004,99.83925,0.6808016,4.254186e-06,79.832726,-0.55445576,-7.8889165,0.13435206,1.0,0.9988766,0.13769531,0.0058991383,-10.952728,-10.958998,-4.539931,177.46483,0.5004482,1.3002685e-07,0.99876976,0.123046875,0.0062451726,-10.692657,-10.698614,-4.598399,112.525444,0.622659,5.6059393e-09,0.029684152698516847,28503.211341381073,700000
58.387913,-0.39941406,-7.821222,0.11742839,1.0,0.99910164,0.2861328,0.004610359,-11.543192,-11.551022,-3.5334105,105.17497,0.72907996,3.6329172e-06,1.267988,-1.3914666,25.49643,0.9990835,0.26367188,0.004665857,-11.294225,-11.301747,-3.599127,85.58635,0.6729275,4.105814e-06,56.99359,-0.5058993,-7.843199,0.12292257,1.0,0.9988861,0.140625,0.0058159158,-11.036064,-11.042526,-4.4251766,86.626976,0.4889577,8.877052e-08,0.9988699,0.11816406,0.005880367,-10.811426,-10.817627,-4.467411,40.45565,0.45002356,6.447955e-09,0.33084114298820494,30157.417058467865,705000
49.12026,-0.42399403,-7.8180933,0.11664626,1.0,0.9991102,0.28027344,0.0046145017,-11.494003,-11.501725,-3.594037,209.80661,0.8411926,3.1015855e-07,1.5911385,-1.5484406,28.141071,0.99911404,0.26367188,0.0046358462,-11.217741,-11.225182,-3.6066604,926.3641,1.516125,1.3117487e-06,75.71739,-0.49430156,-7.8649683,0.12836516,1.0,0.99886036,0.15136719,0.005989016,-11.0262985,-11.032688,-4.4886227,240.52164,0.5649505,1.2090325e-09,0.9987459,0.11230469,0.006266203,-10.756241,-10.762364,-4.491879,62.753597,0.7170881,6.5857355e-09,0.012115234422683715,30217.993233680725,710000
52.61529,-0.35578138,-7.8077374,0.11405727,1.0,0.9991169,0.28027344,0.0046065324,-11.750605,-11.758559,-3.613046,56.57619,0.6551068,1.0398804e-05,1.3945036,-1.2284496,25.457903,0.9991102,0.25585938,0.004619544,-11.492865,-11.500556,-3.6251261,101.098724,0.9042827,3.2011746e-06,61.856308,-0.5453918,-7.8783274,0.13170479,1.0,0.99891853,0.13574219,0.005884635,-11.067206,-11.073504,-4.624297,75.2928,0.36611262,3.7211854e-09,0.99885464,0.12890625,0.0059914626,-10.860928,-10.867004,-4.6443095,60.566914,0.4217244,1.5462856e-08,0.00878714666366577,30261.928968429565,715000
56.649807,-0.3692224,-7.8002224,0.112178534,1.0,0.9991083,0.28125,0.0046581794,-11.520442,-11.528104,-3.682995,140.96701,0.6537305,9.579544e-08,1.4105427,-1.1325208,21.077541,0.9990978,0.2421875,0.0047196764,-11.300506,-11.307878,-3.759212,72.91916,0.612227,3.997223e-06,54.245014,-0.564757,-7.89867,0.13679045,1.0,0.9989729,0.123046875,0.005986945,-10.810652,-10.816476,-4.8519535,41.878654,0.19675542,2.1409143e-10,0.99886703,0.107421875,0.0061291885,-10.536339,-10.541956,-4.7898216,43.832714,0.36965424,6.6015973e-12,0.008783831834793091,30305.848128557205,720000
55.39584,-0.39417952,-7.782096,0.10764705,1.0,0.9990959,0.25390625,0.004752945,-11.341179,-11.348615,-3.735981,47.11479,0.47124928,9.238768e-06,1.3266424,-2.8643723,31.497314,0.9990835,0.21679688,0.004838255,-11.054874,-11.061944,-3.8213115,40.580284,0.4701866,1.6234286e-05,53.916363,-0.57548416,-7.9068213,0.13882828,1.0,0.99893665,0.14257812,0.0059093917,-10.889397,-10.895616,-4.5276346,157.46979,0.47162074,6.797213e-09,0.9988241,0.12597656,0.006090899,-10.605858,-10.611825,-4.500049,97.29859,0.7001264,2.2321267e-09,0.00877129716873169,30349.70461988449,725000
44.753147,-0.3958053,-7.806524,0.11375399,1.0,0.99909973,0.29589844,0.004568376,-11.877609,-11.885735,-3.5656207,125.6901,0.7265748,3.782559e-07,1.1046572,-1.5805088,20.73491,0.9990959,0.265625,0.00461735,-11.55974,-11.567505,-3.6165771,404.8448,0.96253455,9.263754e-06,59.022346,-0.63092947,-7.880372,0.13221586,1.0,0.99884605,0.123046875,0.005981775,-10.967509,-10.973714,-4.619521,27.696388,0.27723908,8.537071e-09,0.99876213,0.107421875,0.006301647,-10.689138,-10.695109,-4.5812407,43.853466,0.53249127,1.4862818e-09,0.008785266160964965,30393.63095188141,730000
50.429676,-0.38785148,-7.8068366,0.11383207,1.0,0.9990902,0.27929688,0.004649914,-11.691368,-11.69923,-3.6486108,53.74352,0.57583153,5.182612e-08,2.277716,-1.5557524,25.661814,0.9990835,0.25976562,0.004688059,-11.450436,-11.458025,-3.6859894,126.32129,0.6798266,4.4059092e-07,76.62213,-0.44465232,-7.8903484,0.13471001,1.0,0.998888,0.13378906,0.005917985,-10.805814,-10.811797,-4.684325,5335.6743,3.1971035,3.4810174e-10,0.9989042,0.11425781,0.005958136,-10.608326,-10.614093,-4.709482,1315.2208,1.7675989,2.9535676e-07,0.01202510747909546,30453.75649356842,735000
55.645473,-0.36747646,-7.823414,0.11797647,1.0,0.9991064,0.28027344,0.004619405,-11.7038765,-11.711862,-3.5365148,131.46947,1.0058358,2.6966618e-06,1.2984107,-1.8701617,26.438887,0.99909496,0.2529297,0.004672298,-11.439762,-11.447395,-3.6319156,159.32372,0.76825786,3.766384e-06,58.704624,-0.5585387,-7.885727,0.13355467,1.0,0.99888706,0.13085938,0.0058870893,-10.706772,-10.712771,-4.5691566,57.576767,0.35393727,8.308988e-08,0.99886036,0.11621094,0.0059855254,-10.424482,-10.43019,-4.586372,66.872734,0.58606875,6.765059e-07,0.013703388786315917,30522.27343893051,740000
55.645126,-0.35924795,-7.809432,0.11448099,1.0,0.9990883,0.28320312,0.0046266317,-11.538964,-11.54668,-3.6446092,140.44775,0.56038475,1.7116326e-10,2.1058955,-1.2370107,28.422749,0.9990835,0.24804688,0.0046875686,-11.287591,-11.294995,-3.7129788,33.863667,0.46097392,1.2076077e-06,69.726326,-0.47328,-7.887891,0.13409573,1.0,0.9989395,0.12695312,0.00597756,-10.792125,-10.798085,-4.6940227,53.41121,0.3819551,6.500176e-09,0.99889565,0.11035156,0.0060953083,-10.567023,-10.57274,-4.7196965,150.28839,0.66507125,2.3380277e-08,0.013707350444793702,30590.810195684433,745000
58.951595,-0.35943285,-7.802783,0.11281882,1.0,0.9991083,0.29101562,0.0046533486,-11.612805,-11.620589,-3.6499267,26.382769,0.57686853,1.35763e-07,1.3219626,-1.022494,23.037598,0.9990978,0.24804688,0.0047246898,-11.382292,-11.389776,-3.7252526,75.887955,0.66146225,9.852067e-08,69.59152,-0.50588775,-7.871645,0.13003418,1.0,0.9989443,0.13769531,0.0058924397,-10.832151,-10.838137,-4.7092013,282.86615,0.44674462,6.7316734e-12,0.9987955,0.12207031,0.006308178,-10.61133,-10.617107,-4.7020683,76.978775,0.72893655,1.8945034e-10,0.013711464023590088,30659.367519140244,750000
54.59035,-0.36619678,-7.8060102,0.11362551,1.0,0.99910736,0.28710938,0.004733976,-11.465176,-11.472729,-3.7385035,86.328064,0.69615525,2.2285717e-06,1.408823,-1.4416399,26.195654,0.9990978,0.25878906,0.004767975,-11.1869755,-11.194225,-3.7711,60.760605,0.5473311,1.0812241e-05,65.35814,-0.56107986,-7.8629436,0.12785888,1.0,0.9989319,0.12207031,0.0059174495,-10.998688,-11.0048685,-4.67558,108.41201,0.25604135,1.6119742e-10,0.9988966,0.11328125,0.006022256,-10.725777,-10.7317095,-4.656406,139.879,0.57602787,6.3950284e-10,0.013680535411834716,30727.77019739151,755000
50.717125,-0.39689395,-7.8172793,0.116442785,1.0,0.99908733,0.265625,0.004699194,-11.480507,-11.48819,-3.6203687,747.111,0.9995477,3.8509955e-07,3.5107198,-8.498188,39.11734,0.9990864,0.24707031,0.0047080466,-11.220043,-11.22749,-3.6021287,119.38435,0.76932013,7.700641e-06,60.95815,-0.59071964,-7.8674297,0.12898031,1.0,0.9989176,0.13574219,0.0057929778,-10.707079,-10.713148,-4.4992743,304.7861,0.6307838,7.534865e-11,0.99888897,0.107421875,0.0058849477,-10.477423,-10.483266,-4.499611,681.6037,1.6014605,7.897503e-09,0.018788306665420532,30821.71173810959,760000
56.5436,-0.35321108,-7.7933164,0.110452056,1.0,0.99910545,0.28027344,0.004634277,-11.494213,-11.501923,-3.6079655,226.96529,0.87725747,1.9536035e-08,2.36056,-1.2655935,25.622871,0.9991007,0.26464844,0.0046663973,-11.295734,-11.303184,-3.6760893,102.632835,0.70049524,1.607934e-07,65.0627,-0.51179725,-7.8699465,0.12960956,1.0,0.9988136,0.12597656,0.006149268,-10.893663,-10.899817,-4.5977974,44.843933,0.4556721,8.3040405e-13,0.99882793,0.10449219,0.0060730767,-10.663295,-10.669114,-4.710043,29.555851,0.40939808,3.180142e-10,0.02478869080543518,30945.655193805695,765000
56.984283,-0.37065116,-7.8074846,0.113994166,1.0,0.9990978,0.2685547,0.00462691,-11.510851,-11.518601,-3.5814397,3864.709,2.5366616,1.1842195e-05,1.3263959,-1.5339153,26.636446,0.9990854,0.24121094,0.004684851,-11.248571,-11.255994,-3.654404,33.35159,0.58668643,9.870473e-06,65.50345,-0.5066194,-7.8640614,0.1281383,1.0,0.9987011,0.12597656,0.0062870467,-11.161905,-11.168289,-4.6307974,61.247734,0.38591117,6.240799e-11,0.9987917,0.10644531,0.0063407496,-10.910174,-10.916336,-4.6053534,99.32907,0.709252,1.766813e-08,0.024795072412490845,31069.630559682846,770000
55.376625,-0.3539598,-7.7886133,0.1092763,1.0,0.99910736,0.2705078,0.0046591684,-11.7658825,-11.77388,-3.5837922,64.17988,0.7265018,8.432853e-06,1.0143908,-1.612536,23.767704,0.99908924,0.23925781,0.004705226,-11.540778,-11.548478,-3.6639938,93.947044,0.717499,1.001985e-05,59.30755,-0.58016765,-7.8624973,0.12774737,1.0,0.99888897,0.13867188,0.005948713,-10.894388,-10.900576,-4.565572,109.41469,0.4548539,4.4059885e-09,0.9988203,0.1328125,0.006082378,-10.630413,-10.636432,-4.4738626,120.128365,0.6281568,2.0312274e-09,0.024791637802124022,31193.588750362396,775000
61.959007,-0.3103794,-7.8082542,0.114186525,1.0,0.9990921,0.25390625,0.0046971887,-11.404972,-11.412545,-3.6576893,263.16672,0.7385236,1.841786e-06,2.07721,-1.5963134,28.960484,0.9990835,0.23730469,0.00479592,-11.202791,-11.210039,-3.7885633,53.524036,0.5055335,6.874052e-07,81.184296,-0.3891776,-7.858197,0.12667228,1.0,0.9989319,0.13769531,0.005861657,-10.766362,-10.7724085,-4.5817184,447.80902,0.482691,1.4207333e-08,0.998909,0.12402344,0.005900367,-10.537205,-10.542972,-4.6383667,490.99365,0.7566159,5.1855262e-09,0.024779037857055663,31317.483944177628,780000
53.673195,-0.4077306,-7.7969065,0.11134949,1.0,0.9991083,0.25878906,0.004666532,-11.685371,-11.69321,-3.6664011,140.8546,0.67562973,9.9347176e-08,1.2256814,-1.3514026,23.304523,0.9991064,0.2529297,0.004750353,-11.485623,-11.49318,-3.7549102,74.9788,0.6526313,1.7300598e-09,72.157364,-0.5015093,-7.8721495,0.13016039,1.0,0.9987602,0.12011719,0.006186175,-11.246958,-11.253527,-4.52789,384.62564,0.8840983,1.46133505e-08,0.998683,0.10839844,0.006490305,-11.008577,-11.014913,-4.5263977,171.37679,1.1884036,6.1853067e-10,0.024791404008865356,31441.440965652466,785000
47.68063,-0.4495606,-7.8255014,0.11849834,1.0,0.9990959,0.28710938,0.004634194,-11.505445,-11.513155,-3.6175394,173.14214,0.67915225,1.0330365e-05,1.3048538,-1.1473098,21.487179,0.99909973,0.26660156,0.0046407213,-11.269043,-11.276546,-3.594014,60.077415,0.631657,9.442501e-06,65.540085,-0.59351313,-7.8491244,0.124404125,1.0,0.9989338,0.14160156,0.00592202,-10.875171,-10.88131,-4.5939503,96.94556,0.30411798,5.144002e-10,0.998868,0.1171875,0.005964745,-10.641886,-10.64783,-4.560493,45.529724,0.41957462,5.008463e-09,0.024788205575942992,31565.38199853897,790000
46.928368,-0.4233722,-7.8108,0.11482297,1.0,0.99907875,0.26953125,0.0047424943,-11.647447,-11.655213,-3.7018604,36.60044,0.5809643,1.913097e-06,1.6479591,-1.5142885,26.86293,0.9990692,0.25195312,0.0048252866,-11.322332,-11.329719,-3.767162,33.29202,0.6167993,3.433763e-06,59.734566,-0.51974094,-7.8835793,0.13301766,1.0,0.99892616,0.13574219,0.005980255,-10.662117,-10.667917,-4.729828,48.62161,0.32411033,1.267376e-10,0.99895,0.11328125,0.005987947,-10.361054,-10.366558,-4.7297645,45.732544,0.4108566,2.166595e-12,0.0247880145072937,31689.322072982788,795000
49.707733,-0.34040976,-7.8085155,0.11425177,1.0,0.9990988,0.26171875,0.004685721,-11.527206,-11.534924,-3.6332765,267.45303,0.93812525,9.9396375e-06,0.9716109,-1.1478025,23.17611,0.9990921,0.24023438,0.00473134,-11.329121,-11.3365965,-3.6815064,125.85725,0.71340775,1.0974741e-05,69.754524,-0.49136305,-7.882271,0.13269067,1.0,0.9989424,0.13183594,0.0059185307,-10.910061,-10.916226,-4.6026974,253.14978,0.62174183,1.7495085e-09,0.99892044,0.10058594,0.005943737,-10.710128,-10.716038,-4.6641035,186.02208,0.7396164,2.2230154e-07,0.024788887453079222,31813.2665143013,800000
55.026775,-0.37505496,-7.771476,0.10499196,1.0,0.99911594,0.29101562,0.0046521644,-11.645931,-11.653786,-3.6107552,428.66782,0.85795265,5.3860765e-07,1.9474356,-2.5380332,24.013556,0.9991121,0.25585938,0.0047285454,-11.36389,-11.371392,-3.6884527,158.4081,0.6908441,8.146515e-06,57.624702,-0.5688733,-7.8833737,0.13296646,1.0,0.9988842,0.13183594,0.006021886,-11.024389,-11.030591,-4.6801324,401.6234,0.42571622,5.02586e-09,0.9987564,0.107421875,0.0063369256,-10.738384,-10.74434,-4.6454697,337.9479,1.3397747,2.2846243e-09,0.36600558848381043,33643.294458150864,805000
52.59008,-0.3864029,-7.8027205,0.11280312,1.0,0.9990845,0.29003906,0.0046621747,-11.604809,-11.612586,-3.6487184,31.613869,0.5128712,4.6117225e-06,1.1096509,-1.3101497,21.941109,0.9990835,0.2548828,0.004707481,-11.2932825,-11.300676,-3.7290792,41.76567,0.4842782,1.3598991e-07,59.179497,-0.62266105,-7.865998,0.12862244,1.0,0.99892235,0.12402344,0.005861421,-10.954853,-10.961127,-4.5370708,174.28888,0.4134185,4.228033e-10,0.99885654,0.11230469,0.0060499217,-10.672359,-10.678327,-4.568388,124.99251,0.6663512,1.208666e-09,0.013704112672805786,33711.81502318382,810000
57.20229,-0.37015957,-7.816983,0.11636881,1.0,0.9990988,0.27148438,0.0046692803,-11.584105,-11.591883,-3.6277313,107.014114,0.7028721,6.8533024e-07,2.947141,-1.261415,25.590801,0.99909306,0.25683594,0.0047420464,-11.329693,-11.337141,-3.711173,95.536766,0.6670219,1.7161276e-06,69.68866,-0.5061164,-7.877487,0.13149467,1.0,0.9989443,0.13769531,0.0058957646,-10.7532015,-10.759152,-4.6641855,1032.953,0.7543429,2.2969699e-11,0.9989176,0.125,0.0060531874,-10.477301,-10.482984,-4.663947,45.139942,0.5447199,1.6182708e-10,0.013702128744125366,33780.32567071915,815000
53.60904,-0.42842966,-7.833327,0.12045469,1.0,0.99909496,0.24804688,0.0047367,-11.545315,-11.552984,-3.6986399,127.5014,0.71264833,1.411712e-07,2.0077605,-1.2522428,25.121529,0.9990978,0.23046875,0.004828775,-11.240053,-11.247337,-3.788276,41.11939,0.5802052,1.2411792e-05,73.90211,-0.5573982,-7.892475,0.13524178,1.0,0.99888706,0.12890625,0.0060090544,-10.949456,-10.955615,-4.6495705,214.23857,0.4367593,1.8849626e-10,0.99889183,0.10449219,0.0060724523,-10.646145,-10.651979,-4.677432,52.067184,0.5389945,7.9367866e-11,0.013709857749938964,33848.874960660934,820000
38.786537,-0.4969251,-7.7934875,0.11049483,1.0,0.99910927,0.29003906,0.00452515,-11.893774,-11.901957,-3.5229025,64.49372,0.7058587,4.567755e-06,1.0785029,-1.4544525,23.27705,0.9991007,0.2626953,0.004559018,-11.639948,-11.647849,-3.5572093,47.378353,0.68621385,1.1726755e-05,60.67771,-0.6213367,-7.889246,0.13443452,1.0,0.99887085,0.12988281,0.005971234,-10.913821,-10.919992,-4.5997043,108.45249,0.3985935,6.029157e-09,0.9986067,0.12597656,0.0065058414,-10.6446295,-10.65059,-4.5465374,45.92354,0.6382574,3.8897605e-10,0.01370253849029541,33917.38765454292,825000
52.59256,-0.33798945,-7.8011885,0.112420075,1.0,0.99909306,0.2763672,0.0044501186,-11.743653,-11.751764,-3.446557,61.577553,0.6147441,2.2755908e-06,1.3143303,-1.4640143,21.732494,0.99909496,0.24707031,0.0045143543,-11.483655,-11.491443,-3.516786,82.73528,0.6017716,8.315513e-06,73.68208,-0.50340533,-7.889,0.13437289,1.0,0.99892616,0.13769531,0.0059575206,-10.939739,-10.945887,-4.65225,132.35788,0.47630847,7.00417e-09,0.998909,0.11816406,0.0059810276,-10.738127,-10.743985,-4.7445946,58.20585,0.3199334,6.571666e-10,0.013713290977478027,33985.954112529755,830000
51.307373,-0.37587646,-7.7836046,0.108024165,1.0,0.99909496,0.29589844,0.0045140795,-11.938656,-11.9468975,-3.5079637,28.012188,0.5322964,4.918945e-07,1.0548812,-1.5007583,20.887012,0.9990816,0.26367188,0.0045460947,-11.68355,-11.691534,-3.5152953,54.590614,0.6867697,2.35746e-06,65.47545,-0.54393417,-7.8883147,0.13420169,1.0,0.9988613,0.14453125,0.006030041,-11.044861,-11.051111,-4.64989,18.668697,0.314166,5.2421005e-09,0.99887276,0.12109375,0.006035557,-10.771305,-10.777271,-4.6687183,74.88922,0.4811563,8.771005e-08,0.01369579906463623,34054.43310904503,835000
52.276955,-0.44490707,-7.8114014,0.114973366,1.0,0.99909115,0.30566406,0.0045604245,-11.750005,-11.758032,-3.5375881,299.86057,0.9206828,7.571668e-07,1.6469679,-1.2130033,23.81656,0.99908733,0.28222656,0.0046410337,-11.549395,-11.557147,-3.6194005,32.49176,0.5886661,4.828959e-07,68.368996,-0.58363175,-7.8694158,0.12947695,1.0,0.99880695,0.14160156,0.006103303,-11.128872,-11.135256,-4.5973735,57.75864,0.39184868,1.7075663e-10,0.9987631,0.119140625,0.0062770057,-10.834451,-10.840569,-4.576425,1565.484,2.1388261,2.7211795e-09,0.013696598148345947,34122.91610336304,840000
58.42041,-0.41146642,-7.798231,0.11168069,1.0,0.9990845,0.2529297,0.0046826387,-11.666264,-11.674116,-3.6323714,300.8425,0.88529134,2.1636135e-06,1.9568787,-2.456596,29.579401,0.9990721,0.23535156,0.0047102952,-11.3796425,-11.3871765,-3.6724806,321.07327,0.99909943,3.6829836e-06,71.43481,-0.5477249,-7.872796,0.13032201,1.0,0.9988327,0.1328125,0.006131105,-11.128442,-11.134707,-4.718055,156.81355,0.43516022,1.3627381e-11,0.998785,0.10253906,0.006335225,-10.918766,-10.92484,-4.7054777,60.065155,0.6126471,7.2588563e-10,0.013696160364151002,34191.396906375885,845000
61.88034,-0.3887421,-7.802161,0.11266333,1.0,0.99909496,0.265625,0.004706842,-11.497814,-11.505453,-3.6839824,79.10772,0.5838064,5.582577e-07,1.4479997,-1.1562996,26.002348,0.99908257,0.2265625,0.0047523133,-11.251101,-11.258461,-3.7214074,27.308039,0.51535416,2.6860638e-08,63.82388,-0.5885508,-7.882552,0.132761,1.0,0.9989128,0.13476562,0.0059781913,-10.672779,-10.678607,-4.710143,53.676346,0.27798206,9.080266e-09,0.9988251,0.1171875,0.0062376037,-10.39284,-10.398481,-4.6218834,54.588295,0.5883573,2.76462e-07,0.01368891487121582,34259.84148192406,850000
48.98844,-0.43148285,-7.8220863,0.11764446,1.0,0.99909496,0.29003906,0.004673629,-11.657276,-11.665101,-3.6521587,207.83813,0.6640874,2.3613393e-06,1.1740273,-0.9452617,20.78421,0.9990921,0.25,0.004685482,-11.397896,-11.405465,-3.6546059,36.618996,0.5506145,2.0374e-06,64.97782,-0.5293454,-7.846876,0.123842,1.0,0.99884224,0.125,0.006145929,-10.975363,-10.9814415,-4.757887,44.320026,0.34870768,7.6047675e-09,0.9988556,0.10449219,0.006140212,-10.724907,-10.730765,-4.731532,39.503742,0.458108,1.927946e-09,0.01560994143486023,34337.89119362831,855000
59.667236,-0.34987837,-7.796316,0.11120196,1.0,0.999094,0.2783203,0.004606756,-11.833279,-11.841426,-3.4998403,47.214973,0.77464914,4.2849706e-07,2.6014926,-1.2321665,23.915741,0.99909306,0.25195312,0.004627552,-11.645138,-11.653073,-3.5270824,73.0966,0.8540751,1.4188804e-05,62.394806,-0.50715226,-7.885763,0.13356379,1.0,0.9989042,0.14746094,0.005843578,-10.9442625,-10.9505625,-4.4989166,103.41126,0.4233262,1.0373787e-08,0.9988947,0.11035156,0.0059311436,-10.747928,-10.753969,-4.566918,97.36083,0.5901582,1.139705e-08,0.019874352359771728,34437.26295661926,860000
57.783813,-0.3158756,-7.8143253,0.11570423,1.0,0.99909306,0.28515625,0.004618236,-11.598782,-11.606623,-3.5764623,154.38518,0.6425816,3.20628e-06,2.8800874,-5.549193,34.251106,0.9990921,0.265625,0.0046611996,-11.204183,-11.211591,-3.6257358,31.735498,0.5687958,1.2618219e-05,60.518837,-0.5732986,-7.860755,0.12731166,1.0,0.99888134,0.13183594,0.0060982336,-10.971982,-10.978081,-4.7330465,60.19576,0.3693756,3.152514e-09,0.99887276,0.10449219,0.0061324975,-10.6669235,-10.67271,-4.7455654,244.3192,0.8889178,4.512978e-09,0.021716467332839967,34545.84529685974,865000
50.665665,-0.38004094,-7.787019,0.1088776,1.0,0.9991026,0.265625,0.004635526,-11.741474,-11.749459,-3.571618,49.051098,0.6543331,2.7594087e-06,1.9385042,-2.301006,28.317173,0.9990969,0.25,0.004675406,-11.531193,-11.538918,-3.6279297,34.948864,0.50636023,1.1173521e-08,61.86936,-0.61627525,-7.8777,0.13154791,1.0,0.9989481,0.13183594,0.005880552,-10.946829,-10.953034,-4.599025,28.145864,0.27809465,6.0671185e-10,0.9987602,0.12011719,0.006219114,-10.718924,-10.724876,-4.6287527,52.23777,0.4942652,1.8403618e-08,0.01987849416732788,34645.23776936531,870000
53.035084,-0.43908346,-7.817686,0.11654456,1.0,0.9991007,0.29101562,0.004582545,-11.740764,-11.7487955,-3.5239398,221.2167,0.8344844,2.9621198e-11,1.6229646,-3.4345288,32.16262,0.99909973,0.28125,0.0045746407,-11.470665,-11.478452,-3.503665,198.34087,0.93822795,3.5460201e-10,61.326305,-0.532939,-7.8718534,0.13008638,1.0,0.9989071,0.1328125,0.005844749,-11.018228,-11.024564,-4.5352697,156.55609,0.41494828,4.7180095e-09,0.99883556,0.125,0.006020421,-10.780132,-10.786235,-4.538424,89.6856,0.689121,1.1071094e-09,0.019877334213256836,34744.62444519997,875000
59.420273,-0.36845994,-7.8116198,0.115027934,1.0,0.99908924,0.25683594,0.004661158,-12.02708,-12.035326,-3.5905845,4659.338,4.0260086,3.2753385e-06,1.3297746,-1.2628702,22.682514,0.999074,0.24121094,0.004686205,-11.774757,-11.782722,-3.6254017,640.78143,1.3128996,1.5103313e-05,72.30798,-0.58639264,-7.879326,0.13195437,1.0,0.9989023,0.12011719,0.0059991768,-11.012993,-11.01905,-4.8150663,23.594782,0.18086019,6.665297e-13,0.9989157,0.111328125,0.0060581937,-10.784263,-10.790156,-4.755101,43.04445,0.40210938,8.096253e-09,0.019876383113861085,34844.00636219978,880000
54.06771,-0.40112382,-7.815781,0.1160682,1.0,0.99909115,0.25976562,0.004624065,-11.603768,-11.611597,-3.5945187,87.71036,0.6797738,1.6332646e-05,1.2713889,-1.5360274,25.73638,0.99908066,0.24316406,0.0046536364,-11.359233,-11.36679,-3.6290045,42.877205,0.55092025,2.1106223e-05,78.584595,-0.48816726,-7.893491,0.13549563,1.0,0.99881077,0.11621094,0.0061224382,-11.133316,-11.139786,-4.5147057,631.2587,0.76016784,4.868906e-10,0.99880505,0.115234375,0.006001829,-10.844295,-10.8504925,-4.5038776,45.62721,0.57303166,7.584076e-07,0.019877667570114135,34943.39470434189,885000
58.79206,-0.36566436,-7.799716,0.11205202,1.0,0.99911404,0.2919922,0.0045397445,-11.5629015,-11.57078,-3.5020616,92.22792,0.68708307,6.6310963e-06,1.0814149,-1.8974743,26.90586,0.99910545,0.2705078,0.0045733177,-11.365011,-11.372671,-3.528992,26.803322,0.61915874,7.3719443e-06,70.48683,-0.58241343,-7.896777,0.13631724,1.0,0.9989338,0.12988281,0.005932521,-11.027743,-11.033978,-4.651205,38.056446,0.2952304,4.7041065e-10,0.9987173,0.111328125,0.0062161726,-10.761505,-10.767515,-4.6138773,52.272354,0.43472442,5.8132024e-08,0.019872948598861694,35042.759449243546,890000
59.303574,-0.3849127,-7.7912903,0.10994549,1.0,0.99909306,0.28515625,0.004645981,-11.769785,-11.777767,-3.6048384,183.58058,0.7579447,4.723435e-07,1.9935894,-1.5236421,29.89078,0.99908257,0.25976562,0.0046713743,-11.467912,-11.475581,-3.621883,17.166775,0.5533786,6.8779435e-08,67.05534,-0.5463971,-7.8594384,0.12698254,1.0,0.99883556,0.12890625,0.0059929127,-11.087835,-11.094244,-4.531953,54.483498,0.3934855,5.753471e-08,0.99876595,0.115234375,0.006171718,-10.707901,-10.713956,-4.513463,105.10834,0.82492566,1.8538084e-07,0.019878883743286134,35142.15386915207,895000
55.07734,-0.3214085,-7.799487,0.111994766,1.0,0.9990978,0.27734375,0.0045654047,-11.815168,-11.823213,-3.5870638,178.53308,0.6175586,2.2371671e-07,1.9619355,-1.3643275,23.06977,0.999094,0.26757812,0.004575021,-11.606615,-11.614444,-3.5979974,36.26892,0.4965087,1.459155e-07,78.32128,-0.4894874,-7.8575163,0.12650207,1.0,0.99885654,0.13085938,0.0060797893,-11.118847,-11.125235,-4.58424,313.1183,0.62156004,3.1606266e-11,0.9987612,0.111328125,0.006207306,-10.827305,-10.833419,-4.571193,43.902832,0.54316473,5.147064e-10,0.019874028635025024,35241.52401685715,900000
49.219547,-0.42750326,-7.7975636,0.11151387,1.0,0.9990978,0.28125,0.0046038586,-11.703531,-11.711492,-3.5594192,181.11807,0.66978633,2.1683834e-06,1.4768959,-2.219674,27.562155,0.99910736,0.25390625,0.004644007,-11.440961,-11.448628,-3.5969594,28.232597,0.49190804,4.7302533e-06,56.317665,-0.6270015,-7.869919,0.12960269,1.0,0.99887085,0.14257812,0.005892083,-11.139769,-11.146352,-4.4057293,310.58633,0.6117722,1.7504365e-09,0.9987097,0.11816406,0.0062563927,-10.873014,-10.879337,-4.405773,55.796673,0.7199646,8.872908e-11,0.3741710419654846,37112.37922811508,905000
46.043606,-0.40372723,-7.7818565,0.10758716,1.0,0.99908924,0.24902344,0.00461903,-11.606691,-11.614491,-3.626917,3077.315,2.0338063,2.3626367e-06,0.96131074,-1.7534665,21.092255,0.999074,0.23046875,0.004710079,-11.339651,-11.347085,-3.73426,109.92487,0.6085165,3.3302297e-07,70.5334,-0.5484429,-7.8862023,0.13367355,1.0,0.9988632,0.12207031,0.0060444376,-10.97621,-10.982461,-4.5812874,514.806,0.78765476,1.3199838e-09,0.9988375,0.1171875,0.006008787,-10.694106,-10.700096,-4.5660567,421.7566,0.84100586,3.053344e-08,0.01857764687538147,37205.26746368408,910000
54.174255,-0.3910343,-7.764643,0.1032837,1.0,0.9990721,0.25,0.004860966,-11.50909,-11.516619,-3.8083797,311.74353,0.74528056,1.1777108e-07,1.4438866,-1.2176417,24.064365,0.9990635,0.22265625,0.0048944643,-11.280073,-11.2873125,-3.873321,35.76456,0.52902806,1.13164015e-05,73.61287,-0.5501703,-7.8690166,0.1293772,1.0,0.9989376,0.12402344,0.0059090406,-10.946208,-10.95234,-4.673767,65.85776,0.32452393,3.891462e-09,0.99888134,0.115234375,0.0061060647,-10.688433,-10.694268,-4.7186193,47.228516,0.5104822,2.2217266e-11,0.018569163942337034,37298.11328458786,915000
57.985397,-0.32555887,-7.823842,0.11808343,1.0,0.99911785,0.29492188,0.004569445,-11.599203,-11.607039,-3.5833628,257.73193,0.75755,4.1435555e-08,2.6769805,-2.2664125,29.623615,0.999115,0.27148438,0.004618968,-11.30493,-11.312422,-3.6407847,54.487213,0.63331515,1.3376531e-07,72.407295,-0.43517518,-7.8764925,0.13124609,1.0,0.99886894,0.140625,0.005850728,-11.010904,-11.017216,-4.553446,41.003166,0.28637588,6.2591283e-07,0.9989233,0.12695312,0.005923583,-10.769325,-10.775339,-4.61702,181.70422,0.890291,1.3323618e-07,0.018565227937698364,37390.93942737579,920000
55.29188,-0.36515895,-7.802408,0.112724945,1.0,0.9990969,0.2939453,0.0045171715,-11.960075,-11.968374,-3.471521,92.64573,0.69780236,2.8915002e-07,1.9480819,-2.9557867,30.149097,0.9990978,0.28710938,0.004565015,-11.815089,-11.823234,-3.4835408,119.52242,0.8452518,2.6212729e-06,73.95096,-0.4938554,-7.8563843,0.12621903,1.0,0.99892426,0.12207031,0.0058660097,-11.088198,-11.094573,-4.567162,160.81108,0.33216068,3.189462e-09,0.99878407,0.10058594,0.0062356484,-10.878193,-10.884389,-4.540289,89.141525,0.8018088,8.6752404e-11,0.016848770666122437,37475.18328166008,925000
57.53276,-0.38301653,-7.802154,0.112661436,1.0,0.9991083,0.2705078,0.004702234,-11.548679,-11.556348,-3.7043905,95.917366,0.5942043,1.2793462e-06,1.569056,-1.5388399,30.567078,0.99910164,0.2421875,0.0047621164,-11.280665,-11.288023,-3.7536666,44.57347,0.595702,1.7155777e-06,70.91492,-0.5743604,-7.8974423,0.13648356,1.0,0.99892235,0.12402344,0.0059964773,-11.167025,-11.173393,-4.6529436,180.44344,0.53533393,5.249174e-09,0.9988737,0.11230469,0.006051936,-10.859631,-10.865714,-4.6368985,31.884691,0.40843773,5.612961e-08,0.013645116186141967,37543.40886378288,930000
67.261284,-0.36561555,-7.7913065,0.10994968,1.0,0.999094,0.27539062,0.004612094,-11.605705,-11.613521,-3.611792,176.37234,0.5928552,6.0102354e-09,1.5462176,-2.0836213,30.709778,0.9990921,0.26171875,0.004649552,-11.28359,-11.291065,-3.6357303,49.863995,0.57285625,2.3047718e-08,73.12791,-0.6231444,-7.9005814,0.1372683,1.0,0.99880886,0.14355469,0.006092705,-11.317906,-11.324528,-4.543581,156.51205,0.618239,7.803838e-10,0.998786,0.12207031,0.006175491,-11.058153,-11.064563,-4.500498,96.7875,1.0299678,7.005259e-11,0.013658881330490112,37611.703271627426,935000
51.191433,-0.3875387,-7.793975,0.11061669,1.0,0.99908924,0.26367188,0.0047728964,-11.577232,-11.584907,-3.7270608,331.49847,0.78971666,2.6281389e-06,1.1541922,-1.4707861,26.074001,0.99907684,0.23535156,0.0048221913,-11.315828,-11.323171,-3.8052325,21.323824,0.50588965,3.0856586e-06,68.53491,-0.573437,-7.8755236,0.13100386,1.0,0.99893,0.13378906,0.005985488,-10.879713,-10.885745,-4.7081227,135.34633,0.41041362,1.4431685e-10,0.99888134,0.111328125,0.0060936464,-10.678838,-10.684596,-4.7884707,145.42506,0.5189885,2.7798175e-10,0.013647059869766236,37679.93857240677,940000
55.39009,-0.39817727,-7.8028126,0.11282606,1.0,0.99909496,0.25683594,0.004692558,-11.595684,-11.6034355,-3.6661906,110.95536,0.6186068,4.8933326e-11,2.0470376,-1.2308893,25.635248,0.99909115,0.2529297,0.0047332486,-11.3454275,-11.352903,-3.6981516,23.949396,0.48257884,3.0479153e-08,72.614395,-0.5787584,-7.908759,0.13931277,1.0,0.99891376,0.12402344,0.006029805,-11.035347,-11.041565,-4.6760893,179.00653,0.44931805,2.04427e-10,0.99879265,0.1015625,0.0062177675,-10.722478,-10.72844,-4.62217,160.86484,0.6392832,5.114262e-10,0.013653945779800416,37748.208305597305,945000
52.186184,-0.3975566,-7.8036838,0.113043934,1.0,0.99910164,0.26757812,0.0046372972,-11.8623085,-11.87033,-3.655529,152.42015,0.7019496,8.1927436e-07,1.7483014,-1.4727769,29.91523,0.99908066,0.24511719,0.0046789497,-11.557169,-11.564878,-3.67058,104.28202,0.6552544,2.2730694e-05,78.677,-0.5331036,-7.8897924,0.13457114,1.0,0.9989147,0.13574219,0.0059254263,-11.157006,-11.163369,-4.6473875,978.982,0.8812752,1.5173779e-09,0.9988537,0.12207031,0.006061921,-10.818062,-10.824095,-4.6457925,472.20557,1.0752162,9.175096e-09,0.013646433782577514,37816.44047856331,950000
65.66493,-0.31589645,-7.812133,0.11515613,1.0,0.99909496,0.26660156,0.0047128173,-11.561402,-11.569093,-3.6944296,47.761894,0.50987387,9.815446e-06,2.8156145,-2.609252,33.256462,0.99910164,0.24804688,0.004714,-11.258671,-11.266046,-3.7124429,39.270424,0.48055926,1.9007798e-06,66.5957,-0.61278,-7.873087,0.13039464,1.0,0.9988756,0.13378906,0.006067408,-11.309568,-11.316115,-4.6115866,251.72218,0.5042475,1.9813283e-11,0.9987688,0.11230469,0.0062117465,-11.030464,-11.036779,-4.5704894,172.37617,0.82747483,1.8902038e-07,0.017917995595932008,37906.03046154976,955000
56.472256,-0.37274322,-7.8076057,0.114024475,1.0,0.9990883,0.26660156,0.0045797033,-11.754808,-11.76282,-3.5587592,513.3343,1.0363781,1.9775257e-06,1.5333103,-1.4189167,24.737968,0.9990845,0.2529297,0.0046640215,-11.401562,-11.409139,-3.649993,204.93443,0.75182664,3.53335e-05,66.586334,-0.548612,-7.8819976,0.13262233,1.0,0.99897194,0.1171875,0.0058498154,-10.892254,-10.898308,-4.6987476,73.96128,0.29237592,8.0613426e-11,0.9989662,0.109375,0.005852899,-10.587944,-10.59371,-4.6897616,332.57477,0.73102295,9.444721e-09,0.019837050676345825,38005.21571660042,960000
56.062473,-0.37936875,-7.7942705,0.110690534,1.0,0.99909306,0.26953125,0.004641201,-11.73663,-11.744598,-3.585231,305.19418,0.9661319,2.2940254e-09,1.7408687,-1.4591501,26.597164,0.9990816,0.23046875,0.00471807,-11.542601,-11.550316,-3.650257,143.91283,0.8577104,2.4438286e-08,65.09234,-0.60579395,-7.903925,0.13810417,1.0,0.9989042,0.140625,0.005895608,-11.073627,-11.080078,-4.474945,33.467995,0.34587428,1.4052121e-09,0.99884987,0.11425781,0.0060746064,-10.870539,-10.876777,-4.4887815,56.999157,0.569322,1.4459996e-08,0.019841607284545898,38104.42375421524,965000
55.5319,-0.4214995,-7.8326187,0.120277725,1.0,0.9990978,0.2783203,0.004724676,-11.669018,-11.67678,-3.7289996,88.21583,0.65341055,3.4808618e-06,1.0257673,-1.586653,22.941177,0.9990816,0.23925781,0.0048333914,-11.397105,-11.404517,-3.8151295,80.84319,0.5609554,6.674484e-07,73.31884,-0.5664344,-7.892351,0.13521075,1.0,0.99886036,0.12695312,0.0060162772,-10.995104,-11.001309,-4.6468935,36.233944,0.33771574,2.4917159e-11,0.9988365,0.10449219,0.006228814,-10.647352,-10.653184,-4.6819544,119.10397,0.78328544,3.6357465e-13,0.01984035692214966,38203.62554049492,970000
55.275734,-0.3635506,-7.836443,0.1212338,1.0,0.9991102,0.28808594,0.0046289302,-11.640799,-11.648664,-3.5936625,86.704,0.7553133,7.061068e-06,1.7503486,-1.0763524,22.608246,0.9990978,0.26757812,0.004649975,-11.3509445,-11.358507,-3.6141708,37.513004,0.649933,2.481117e-07,61.895256,-0.6025439,-7.8830533,0.13288632,1.0,0.99890137,0.13671875,0.0060775094,-10.836508,-10.842418,-4.789535,44.15108,0.29257283,2.5434145e-12,0.99878883,0.11425781,0.006521433,-10.544784,-10.550467,-4.7317743,107.95789,1.1435207,4.834424e-11,0.019830449104309082,38302.77778816223,975000
44.61592,-0.4957554,-7.8122597,0.11518784,1.0,0.9990816,0.25097656,0.0047607794,-11.414952,-11.422436,-3.7588582,378.8468,0.63739467,2.8129784e-07,1.5554302,-1.4059378,21.94502,0.9990854,0.23730469,0.004782155,-11.123821,-11.131002,-3.7766757,140.9418,0.5334214,1.4609387e-07,79.81961,-0.6203151,-7.872534,0.13025646,1.0,0.9988785,0.12597656,0.006148593,-10.943445,-10.949469,-4.781463,65.899025,0.29536662,5.8383395e-11,0.9988308,0.11816406,0.0062956596,-10.690662,-10.696488,-4.7309065,215.70811,0.74798036,6.96322e-10,0.019826559829711914,38401.910588502884,980000
53.142273,-0.38414228,-7.832898,0.1203475,1.0,0.99909496,0.27929688,0.0046018264,-11.870297,-11.87843,-3.550439,83.23898,0.6678927,6.2234362e-06,2.2536058,-3.146861,26.583134,0.9990845,0.25390625,0.0046378793,-11.640836,-11.64871,-3.585291,23.657345,0.58471715,4.657224e-06,76.67576,-0.46455508,-7.885343,0.13345876,1.0,0.99888515,0.1171875,0.006078978,-11.228523,-11.235032,-4.570454,539.106,0.83462703,3.0733527e-10,0.9988222,0.109375,0.006157145,-10.994916,-11.001084,-4.685271,44.834183,0.44053036,1.6326418e-07,0.01982755308151245,38501.04835534096,985000
52.865677,-0.44571513,-7.805564,0.11351396,1.0,0.99910545,0.2919922,0.0045590075,-11.806965,-11.815049,-3.5360084,418.04883,0.86825025,4.0833846e-13,1.5349687,-2.5903077,26.889194,0.99910736,0.2578125,0.0046108468,-11.590942,-11.598765,-3.5883422,52.16205,0.6510519,1.4248392e-08,79.31735,-0.49561578,-7.882941,0.1328582,1.0,0.99888897,0.115234375,0.006008326,-11.050387,-11.0566025,-4.691227,82.93447,0.30503243,1.1490617e-09,0.99884033,0.10449219,0.006238778,-10.746588,-10.752438,-4.762276,111.9198,0.5442976,1.5135221e-09,0.019843813943862917,38600.26742887497,990000
58.860893,-0.3308066,-7.7971964,0.11142208,1.0,0.99908066,0.26757812,0.0047547966,-11.527519,-11.535152,-3.7198238,109.40634,0.6528522,4.8471196e-07,1.0243063,-1.4250388,26.346663,0.999074,0.23828125,0.0048104157,-11.333916,-11.341277,-3.8030026,29.317574,0.51579845,6.3682633e-06,80.97022,-0.5077416,-7.854422,0.12572843,1.0,0.99880123,0.109375,0.006140075,-11.081373,-11.087685,-4.6255774,96.78067,0.43655765,5.261497e-15,0.99881077,0.11425781,0.006154926,-10.805065,-10.811065,-4.666779,50.808098,0.52476174,2.5305253e-11,0.019840737295150755,38699.471116542816,995000
52.998085,-0.4022603,-7.823497,0.11799714,1.0,0.9990883,0.25683594,0.004759638,-11.638175,-11.645906,-3.7282033,47.162342,0.5448414,3.7991637e-09,1.6525099,-1.6381669,25.741074,0.99907684,0.23632812,0.004783188,-11.387829,-11.395251,-3.795027,45.4685,0.48829028,2.3119452e-07,68.66983,-0.5975951,-7.879896,0.13209704,1.0,0.9989338,0.14453125,0.0059821634,-11.110439,-11.116704,-4.7015667,55.039906,0.27348843,7.5695015e-09,0.9988947,0.12890625,0.0061185863,-10.82443,-10.830399,-4.718644,98.138016,0.53469217,1.4869958e-10,0.022978391933441162,38814.36307954788,1000000
