training/actor/actor_loss,training/actor/adv,training/actor/bc_log_prob,training/actor/mse,training/actor/std,training/critic/binary_accuracy,training/critic/categorical_accuracy,training/critic/contrastive_loss,training/critic/logits,training/critic/logits_neg,training/critic/logits_pos,training/critic/v_max,training/critic/v_mean,training/critic/v_min,training/grad/max,training/grad/min,training/grad/norm,training/value/binary_accuracy,training/value/categorical_accuracy,training/value/contrastive_loss,training/value/logits,training/value/logits_neg,training/value/logits_pos,training/value/v_max,training/value/v_mean,training/value/v_min,validation/actor/actor_loss,validation/actor/adv,validation/actor/bc_log_prob,validation/actor/mse,validation/actor/std,validation/critic/binary_accuracy,validation/critic/categorical_accuracy,validation/critic/contrastive_loss,validation/critic/logits,validation/critic/logits_neg,validation/critic/logits_pos,validation/critic/v_max,validation/critic/v_mean,validation/critic/v_min,validation/value/binary_accuracy,validation/value/categorical_accuracy,validation/value/contrastive_loss,validation/value/logits,validation/value/logits_neg,validation/value/logits_pos,validation/value/v_max,validation/value/v_mean,validation/value/v_min,time/epoch_time,time/total_time,step
44.69304,-1.3440458,-9.661575,0.5775166,1.0,0.5117159,0.0,0.79058367,-0.047226243,-0.047107022,-0.169186,21.590157,1.4676719,0.01609651,2.4506924,-2.5016456,119.55278,0.3315029,0.0029296875,1.0210428,0.41226137,0.41203666,0.64214385,24.469685,2.9863148,0.029971153,37.325203,-1.1000533,-9.5419,0.5475979,1.0,0.97327423,0.0009765625,0.09254475,-5.056577,-5.0560145,-5.6321445,15.939761,0.165584,6.5690347e-06,0.9810314,0.0,0.06907611,-4.76721,-4.766963,-5.020117,8.871841,0.117418334,7.134705e-05,0.013818206071853637,69.0910325050354,1
22.3788,-0.13422103,-8.835124,0.37090397,1.0,0.999033,0.11328125,0.0054697786,-11.302061,-11.308611,-4.601942,6.043821,0.07350296,2.9848383e-08,0.36558285,-0.52757895,11.025443,0.9990368,0.1015625,0.0055254437,-11.138618,-11.144947,-4.663312,7.5282545,0.072093315,6.6779916e-07,22.395357,-0.14850211,-8.897009,0.38637507,1.0,0.9990082,0.09082031,0.005544324,-11.108772,-11.115034,-4.703044,9.984691,0.06793073,5.122255e-07,0.9990063,0.07324219,0.0055806413,-10.98674,-10.992823,-4.764568,7.1584926,0.052764677,1.2982382e-06,0.30077954487800596,1572.9887602329254,5000
28.925352,-0.108560815,-8.793999,0.36062273,1.0,0.9990492,0.14648438,0.0050033685,-11.24478,-11.251873,-3.9871125,10.245612,0.18407255,6.5824993e-06,0.45283446,-0.5808716,12.079586,0.99905777,0.14355469,0.0050581973,-11.05176,-11.058582,-4.072652,24.964228,0.22567981,4.2330644e-06,32.754303,-0.09636654,-8.797721,0.36155328,1.0,0.9989729,0.111328125,0.0052560726,-11.195093,-11.202014,-4.115353,10.208126,0.16802835,1.6011575e-06,0.9989462,0.103515625,0.0053520706,-10.968779,-10.975415,-4.179407,8.879719,0.18810365,4.6394653e-06,0.29318532066345215,3038.915365457535,10000
32.50038,-0.111251384,-8.75195,0.35011065,1.0,0.99904346,0.15820312,0.004942171,-11.199942,-11.206947,-4.033022,17.504162,0.18662274,7.132062e-06,1.3577914,-0.8281873,17.879639,0.9990454,0.14941406,0.0050211404,-10.725754,-10.732236,-4.0950894,22.382505,0.218214,1.68747e-06,34.166687,-0.10492142,-8.780714,0.3573015,1.0,0.9989395,0.13378906,0.0052434746,-11.129221,-11.13622,-3.9696002,39.38135,0.40448326,2.0916257e-06,0.99893665,0.119140625,0.0053365915,-10.781793,-10.788335,-4.087727,48.136944,0.45612514,1.9463844e-06,0.18183484582901002,3948.0895957946777,15000
33.79427,-0.07013521,-8.776004,0.35612398,1.0,0.99905586,0.14941406,0.0048153386,-11.359361,-11.366751,-3.7994606,33.754253,0.36674595,1.6633581e-06,0.82293844,-0.56850415,13.546397,0.99905396,0.15527344,0.0049194843,-11.064077,-11.071055,-3.9254673,26.22553,0.34985283,1.7234162e-06,35.908886,-0.10646181,-8.705686,0.3385444,1.0,0.99893856,0.14746094,0.0051089926,-11.379614,-11.387032,-3.7906814,53.25317,0.5275003,9.513203e-06,0.99893856,0.1328125,0.005187692,-11.07633,-11.083383,-3.861638,136.3983,0.70841986,1.8096401e-06,0.009912414121627808,3997.651671886444,20000
28.753658,-0.16136289,-8.748702,0.34929842,1.0,0.9990616,0.19433594,0.0047290064,-11.618635,-11.626268,-3.8097568,27.244001,0.3344118,3.420469e-05,0.626673,-0.8241948,13.049011,0.9990616,0.17675781,0.0048130704,-11.15719,-11.16432,-3.863504,27.414795,0.3809082,2.2838034e-05,39.122177,-0.120927095,-8.785528,0.35850507,1.0,0.99895,0.15917969,0.0050365357,-11.651992,-11.659635,-3.8328419,75.835144,0.63063526,2.2861524e-05,0.9989424,0.14746094,0.005151068,-11.175457,-11.182568,-3.902274,114.92195,0.6680313,1.4931697e-05,0.1719518560886383,4857.410955905914,25000
36.0044,-0.091422446,-8.691648,0.33503473,1.0,0.99905777,0.18847656,0.004725812,-11.896081,-11.903974,-3.8217044,34.781914,0.30531812,9.4819e-06,1.1308323,-0.7489265,16.515228,0.9990549,0.1796875,0.004816817,-11.514612,-11.522044,-3.9117315,20.621206,0.31178123,4.3103714e-06,34.58967,-0.110182576,-8.736967,0.34636474,1.0,0.9989929,0.14941406,0.0049748467,-11.638077,-11.645715,-3.8253534,836.1463,1.3357123,1.6342813e-06,0.9989853,0.13964844,0.005063389,-11.250971,-11.258148,-3.908369,159.71104,0.82523465,1.4338954e-05,0.009887668561935424,4906.84930062294,30000
42.85148,-0.07774758,-8.723178,0.34291738,1.0,0.9990568,0.20996094,0.0046146843,-11.699373,-11.707293,-3.596911,124.62037,0.6723479,2.6920665e-05,2.18467,-1.1320207,22.996881,0.99905396,0.1875,0.0047230017,-11.283257,-11.290628,-3.7427988,94.846596,0.64319384,5.793096e-06,33.76303,-0.14239867,-8.725019,0.34337783,1.0,0.99897766,0.16210938,0.004940634,-11.795111,-11.802998,-3.725225,143.19354,0.8025873,5.9671984e-06,0.9989672,0.15234375,0.005009387,-11.42983,-11.437263,-3.8258514,93.19763,0.6849907,1.2832632e-05,0.17088822708129883,5761.290439605713,35000
29.767286,-0.13922665,-8.77249,0.35524547,1.0,0.9990587,0.1796875,0.0046251216,-12.044857,-12.053048,-3.6648588,53.570232,0.47651067,2.4843846e-05,0.5474907,-0.8046935,13.174751,0.99905777,0.18066406,0.004706392,-11.56924,-11.576867,-3.76729,51.351494,0.43961257,2.3224e-05,32.41552,-0.18792853,-8.694403,0.33572373,1.0,0.99894524,0.1640625,0.005012257,-12.025916,-12.034054,-3.7007675,275.05182,0.99377733,7.780579e-06,0.99894524,0.13867188,0.005098018,-11.549177,-11.556797,-3.7539618,89.036,1.0964322,1.00374955e-05,0.009896196126937866,5810.771422147751,40000
32.719254,-0.16619813,-8.717396,0.34147212,1.0,0.99906826,0.20800781,0.004612415,-12.1867695,-12.1951275,-3.6362872,125.62222,0.63201773,7.3004976e-06,1.0433732,-0.7357302,17.59566,0.9990692,0.1875,0.004725119,-11.787947,-11.795806,-3.7474303,175.47954,0.6542774,1.0440799e-05,36.08957,-0.14325935,-8.717295,0.3414467,1.0,0.99898624,0.17480469,0.0047952863,-12.066746,-12.075051,-3.5705333,77.878075,0.79012364,7.3399688e-06,0.9989767,0.17675781,0.0048275976,-11.691956,-11.699798,-3.669476,34.6637,0.47541016,7.704834e-06,0.15771345114707946,6599.338681221008,45000
37.348747,-0.17024283,-8.707866,0.33908945,1.0,0.99904823,0.20605469,0.0046813516,-12.137561,-12.145864,-3.6439052,53.87452,0.5287159,5.300118e-06,0.8412436,-0.9767983,16.540157,0.9990492,0.20507812,0.004773519,-11.638083,-11.645864,-3.6794624,50.15147,0.71956944,8.157068e-07,30.635485,-0.1459205,-8.702884,0.33784384,1.0,0.9989033,0.15722656,0.005126129,-12.130968,-12.139232,-3.6771362,193.84453,1.1739936,5.073788e-07,0.99889755,0.15332031,0.0050721723,-11.693983,-11.701738,-3.7604718,103.51368,0.7853948,6.4374e-07,0.010012771654129029,6649.402541637421,50000
31.089922,-0.141817,-8.723452,0.34298575,1.0,0.9990711,0.20703125,0.0044746604,-12.36732,-12.375998,-3.489969,57.526604,0.6798723,1.7669994e-05,0.8023406,-0.9518603,12.740065,0.99906826,0.18847656,0.0045780977,-11.944333,-11.952515,-3.5726175,55.334404,0.6500542,2.078024e-06,37.98951,-0.20246798,-8.752695,0.35029674,1.0,0.99895763,0.16992188,0.005004031,-12.196981,-12.205221,-3.7668593,134.09969,0.8658541,5.5367173e-06,0.99896145,0.15527344,0.005109346,-11.733959,-11.74169,-3.825685,65.508156,0.7351098,2.1289377e-05,0.2357268558502197,7828.036823987961,55000
42.447662,-0.12781961,-8.694069,0.33564013,1.0,0.9990711,0.20898438,0.0045763925,-12.499874,-12.508636,-3.5366066,197.1871,0.8634959,1.19873985e-05,0.7798562,-0.75778276,17.358446,0.9990692,0.19824219,0.0046574324,-12.071104,-12.079343,-3.642374,70.120255,0.7981385,5.9884233e-06,35.0724,-0.187299,-8.691868,0.33508995,1.0,0.9990053,0.171875,0.0048609176,-12.260034,-12.268483,-3.6164284,229.69402,1.3030671,4.011444e-06,0.9990034,0.16699219,0.004909264,-11.804926,-11.812871,-3.6767387,266.60895,0.86067665,6.319814e-06,0.009955166673660278,7877.812659978867,60000
36.90018,-0.18821013,-8.726629,0.34378022,1.0,0.99906063,0.20214844,0.004612719,-12.158592,-12.166928,-3.6309164,42.6594,0.40611684,4.0016703e-06,1.1226584,-0.7934576,17.066662,0.99906063,0.18261719,0.004664476,-11.67998,-11.687817,-3.663277,71.36421,0.5321917,5.0281783e-06,44.44262,-0.1401298,-8.698695,0.33679664,1.0,0.9989662,0.14746094,0.0049096406,-12.10031,-12.108517,-3.705583,85.42856,0.57831115,1.9550527e-05,0.9989681,0.14746094,0.00500916,-11.685905,-11.6936245,-3.7888157,64.713295,0.6754601,1.2239928e-05,0.00996795539855957,7927.652439832687,65000
31.256903,-0.19476677,-8.661728,0.3275547,1.0,0.99907684,0.22558594,0.004470302,-12.431232,-12.439984,-3.4783473,123.9352,0.85754746,9.165638e-06,0.5926784,-0.59336406,12.880723,0.99907875,0.20703125,0.0045336615,-12.097783,-12.106143,-3.5471582,70.72301,0.83772695,8.929525e-06,41.345127,-0.15846807,-8.739164,0.346914,1.0,0.99902153,0.18945312,0.004749309,-12.126375,-12.134657,-3.6540928,195.64949,0.5711566,1.7916771e-05,0.9990177,0.1875,0.004827561,-11.741598,-11.749428,-3.7324233,144.85962,1.0638481,2.1965261e-05,0.009953107595443725,7977.417979717255,70000
38.73102,-0.1627362,-8.633627,0.32052964,1.0,0.9990635,0.20410156,0.0044990936,-12.559661,-12.568503,-3.514069,146.36221,0.6704166,3.807597e-05,0.912733,-0.8700599,18.092964,0.9990654,0.1953125,0.004540304,-12.144226,-12.152598,-3.5785284,197.67616,0.72664976,1.0705677e-05,38.55863,-0.20080236,-8.71375,0.34056047,1.0,0.99897957,0.16503906,0.0048025865,-12.4550495,-12.46365,-3.6580389,105.45765,0.734697,2.9587623e-06,0.99899006,0.15429688,0.0048722546,-11.967314,-11.975374,-3.7219112,199.49045,0.81965,3.1116204e-05,0.009924961280822753,8027.0427894592285,75000
40.792618,-0.16263667,-8.704219,0.3381777,1.0,0.99907017,0.2109375,0.004500715,-12.7123375,-12.72129,-3.5557392,157.13136,0.75380325,1.5829162e-05,0.9796999,-1.2372683,23.510035,0.99906826,0.18164062,0.0045670443,-12.225204,-12.23359,-3.6473033,95.37446,0.7654863,3.1965057e-05,43.995697,-0.21160561,-8.683726,0.33305463,1.0,0.9989519,0.18652344,0.0049137613,-12.599492,-12.608262,-3.6269414,99.35588,0.9268007,1.3561402e-06,0.99895954,0.1796875,0.004991157,-12.125166,-12.133401,-3.7015986,328.06302,1.1891215,4.7161097e-06,0.22513921279907226,9152.73885512352,80000
39.119705,-0.18586467,-8.688627,0.33427972,1.0,0.9990759,0.23925781,0.004410632,-12.749535,-12.758654,-3.421034,408.3001,0.9350611,1.2544638e-06,1.0674958,-0.97897875,20.997856,0.99907684,0.20703125,0.004491126,-12.285372,-12.293962,-3.4982545,102.660095,0.65087545,6.2700883e-06,34.293404,-0.23020785,-8.686283,0.3336938,1.0,0.99899864,0.16601562,0.004790301,-12.369123,-12.377616,-3.6819108,39.69632,0.41644275,4.351716e-06,0.99900246,0.15234375,0.0048566023,-11.895444,-11.903463,-3.6912267,140.0142,0.88773364,3.44129e-06,0.009957937335968017,9202.528543949127,85000
33.003166,-0.16709948,-8.665484,0.3284942,1.0,0.9990759,0.22167969,0.0044251666,-12.696075,-12.705121,-3.443268,135.48555,0.7227714,2.1979665e-06,1.2370063,-1.1950171,14.878644,0.99907684,0.20996094,0.0044768862,-12.322717,-12.331358,-3.4820197,253.46178,0.91400933,4.6438918e-06,35.554825,-0.21300957,-8.691336,0.334957,1.0,0.99894524,0.17285156,0.0049082204,-12.611233,-12.619931,-3.7122734,163.95691,0.6402755,1.6820651e-06,0.9989395,0.16503906,0.0049683824,-12.199929,-12.208206,-3.7333937,97.207375,0.8151646,5.026117e-06,0.009961702823638917,9252.3370616436,90000
35.543346,-0.20700224,-8.701254,0.33743647,1.0,0.9990568,0.21777344,0.0043941094,-12.763715,-12.772912,-3.355741,86.028,0.61395085,0.00011882746,0.94464266,-1.6630588,18.101933,0.99905777,0.20800781,0.004481389,-12.298868,-12.30753,-3.4362593,78.365776,0.72190565,6.420417e-05,37.111687,-0.21196447,-8.695191,0.33592066,1.0,0.99892807,0.16210938,0.0049941037,-12.604507,-12.613142,-3.7709913,63.831097,0.5658922,6.149597e-07,0.99895,0.15039062,0.005022171,-12.084188,-12.092268,-3.818008,94.50292,0.6106886,2.417022e-07,0.009957984399795533,9302.126984834671,95000
36.215622,-0.18131787,-8.71344,0.34048313,1.0,0.99906826,0.23144531,0.0044751605,-12.749158,-12.758243,-3.4551795,415.77322,0.88040054,1.1180467e-05,1.1945193,-0.89244735,18.688618,0.9990711,0.21289062,0.0045277574,-12.317814,-12.326421,-3.5122836,132.07494,0.86678076,2.5517646e-05,39.610756,-0.20474827,-8.699341,0.33695817,1.0,0.9989805,0.16894531,0.004812492,-12.71192,-12.72074,-3.6880145,275.4054,0.55222833,6.034021e-06,0.99896526,0.15820312,0.0048617683,-12.317711,-12.326094,-3.7423801,333.18365,1.0195428,3.0881017e-06,0.013229393863677979,9368.27395606041,100000
34.877094,-0.2092177,-8.696632,0.3362812,1.0,0.999074,0.21582031,0.0044552227,-12.850065,-12.859262,-3.4410477,111.81093,0.6719792,1.5536996e-05,0.88237596,-0.7668201,17.414246,0.9990711,0.21289062,0.0044991747,-12.371887,-12.380579,-3.479257,100.357506,0.83952606,1.4350965e-05,47.52242,-0.22088417,-8.685564,0.33351386,1.0,0.99893,0.1875,0.0048227385,-12.789299,-12.798359,-3.521799,285.37762,1.14832,9.630933e-06,0.99893,0.16308594,0.004977978,-12.325504,-12.334044,-3.5887675,427.6295,1.6761539,6.0589664e-06,0.3425706753730774,11081.127336978912,105000
39.049183,-0.1734715,-8.678141,0.33165812,1.0,0.99905396,0.22851562,0.0043558646,-12.868096,-12.8773775,-3.3734944,32.351357,0.4444186,1.4989937e-05,0.99041516,-1.1108071,17.951157,0.9990549,0.21289062,0.0044312365,-12.508245,-12.517105,-3.44483,38.246418,0.51700044,8.18191e-06,50.229156,-0.14786954,-8.679525,0.3320042,1.0,0.9989824,0.1796875,0.004871481,-12.690411,-12.69912,-3.7821202,47.67544,0.38860345,4.3272127e-08,0.99896526,0.16601562,0.0049919775,-12.329479,-12.33776,-3.8581743,116.39699,0.51560676,1.1167544e-06,0.009901357507705688,11130.634125947952,110000
38.02038,-0.19881986,-8.723722,0.3430534,1.0,0.99907875,0.22949219,0.004426329,-12.975582,-12.984939,-3.4044805,113.46219,0.85719943,2.6146681e-05,1.8311279,-2.1228395,18.840855,0.9990759,0.22363281,0.0044892905,-12.484524,-12.493343,-3.4628992,890.7644,1.7553066,2.3839357e-05,42.991684,-0.15688556,-8.669899,0.32959774,1.0,0.99901867,0.19042969,0.004824237,-12.761562,-12.770467,-3.653189,194.00053,0.98642457,2.0564191e-06,0.9990101,0.16503906,0.004910086,-12.290426,-12.298807,-3.7171607,114.03078,0.7632638,3.594812e-07,0.009942166090011596,11180.344962358475,115000
42.991344,-0.18950419,-8.697573,0.3365162,1.0,0.9990711,0.22265625,0.0044188574,-12.87623,-12.885476,-3.417382,397.33618,0.9039373,8.141312e-06,0.9223918,-2.0466478,22.853016,0.9990654,0.20996094,0.0044825925,-12.487994,-12.496819,-3.4607844,98.73822,0.6631446,7.3078813e-06,42.927216,-0.1911225,-8.656034,0.32613167,1.0,0.9989672,0.17089844,0.0047813533,-12.81745,-12.82644,-3.621033,60.418022,0.4814086,5.2807595e-06,0.99895763,0.16894531,0.0049037365,-12.353676,-12.362143,-3.6927328,247.43326,0.8422537,1.029619e-06,0.00996736454963684,11230.18178653717,120000
33.62673,-0.20798957,-8.691764,0.3350639,1.0,0.99906826,0.2548828,0.0043840823,-12.861929,-12.871223,-3.353723,75.35889,0.6608894,4.1201147e-06,0.87941134,-0.6850515,15.980252,0.9990721,0.22558594,0.004419583,-12.374983,-12.383758,-3.397655,195.22891,0.79176605,2.389633e-05,48.020058,-0.20883524,-8.678519,0.33175278,1.0,0.99898434,0.19042969,0.0047998503,-12.811581,-12.820541,-3.6447253,265.1798,1.0619699,6.8237385e-09,0.9989958,0.16699219,0.004859289,-12.254244,-12.262584,-3.7217097,147.70758,0.8941113,2.5854237e-07,0.009959202194213868,11279.977799892426,125000
33.00016,-0.225131,-8.716698,0.34129736,1.0,0.9990635,0.21875,0.0044907415,-12.928146,-12.937371,-3.4907362,96.82465,0.6209283,6.625635e-06,0.9065647,-1.1301135,16.14709,0.99906254,0.20605469,0.0045693526,-12.429556,-12.43823,-3.557331,33.77193,0.6240418,1.6086504e-05,43.698013,-0.24413519,-8.662934,0.32785654,1.0,0.99900913,0.1796875,0.0048322203,-12.764708,-12.773607,-3.6605752,751.22345,1.3690852,1.7604369e-06,0.9990063,0.16894531,0.004876177,-12.308119,-12.316513,-3.7198412,179.96663,1.202728,4.0085306e-06,0.009935660791397094,11329.656106948853,130000
40.891,-0.18704058,-8.691118,0.33490252,1.0,0.999074,0.22558594,0.0044095395,-13.0798235,-13.089284,-3.4009438,241.88063,0.8276653,8.076615e-06,1.1716151,-1.1037283,18.853874,0.99906826,0.21289062,0.004496141,-12.576796,-12.585659,-3.5090175,123.529816,0.62482905,3.830179e-06,46.00607,-0.19597307,-8.681708,0.33255017,1.0,0.99896526,0.18359375,0.004858253,-12.914768,-12.923842,-3.6325426,96.143616,0.5893162,1.3466682e-05,0.9989567,0.16308594,0.0049641794,-12.412559,-12.421078,-3.697414,795.0021,1.9806234,9.265751e-06,0.009919451189041138,11379.253364086151,135000
46.81387,-0.16531488,-8.651322,0.3249535,1.0,0.9990759,0.23730469,0.0043039415,-13.155349,-13.164982,-3.3004153,411.22275,1.3192788,2.2935315e-05,0.8835192,-0.9414027,19.764507,0.9990759,0.2265625,0.0044081844,-12.655258,-12.664278,-3.4276772,237.01445,0.972718,4.0344505e-05,37.706062,-0.28708857,-8.737271,0.34644085,1.0,0.9989853,0.19433594,0.004821796,-12.919844,-12.928953,-3.600821,306.8517,0.97839284,1.7351781e-06,0.9989815,0.171875,0.004884362,-12.404003,-12.41257,-3.6395602,628.5452,1.4649886,1.5398762e-05,0.011944592714309692,11438.976330041885,140000
43.04642,-0.1338949,-8.654371,0.32571566,1.0,0.9990635,0.22558594,0.004462317,-13.120783,-13.130232,-3.4543579,76.35594,0.48996598,3.5063753e-05,0.6354341,-0.6548507,14.83129,0.99906445,0.22070312,0.0045463284,-12.666503,-12.675412,-3.552964,114.949295,0.6738907,3.3312626e-05,36.98564,-0.27730894,-8.696021,0.33612818,1.0,0.9989605,0.19921875,0.0048565166,-13.078861,-13.088125,-3.6003954,133.95512,1.2459015,3.014768e-08,0.9989567,0.17089844,0.0049372017,-12.581909,-12.590601,-3.6909707,469.84793,1.7930155,7.243108e-07,0.018082392501831055,11529.38829421997,145000
40.55068,-0.22753856,-8.69272,0.33530304,1.0,0.99906445,0.21582031,0.00449189,-12.954771,-12.963996,-3.517036,66.14717,0.60233206,9.738839e-06,1.1117109,-1.6371365,19.909386,0.9990616,0.19238281,0.0045645,-12.417183,-12.425818,-3.5833569,56.32059,0.6165875,1.0215174e-05,33.24825,-0.25969592,-8.651644,0.32503378,1.0,0.99893284,0.18359375,0.004845515,-13.06431,-13.073567,-3.5934722,199.37949,0.9730066,4.979252e-06,0.9989357,0.15722656,0.0048915907,-12.502352,-12.51102,-3.6340814,194.41994,0.86615604,8.613384e-06,0.018177459144592286,11620.27559185028,150000
42.762695,-0.19711581,-8.678097,0.33164707,1.0,0.9990721,0.25585938,0.004347614,-13.039943,-13.049447,-3.3171954,148.16356,0.8062611,6.05378e-06,0.7864664,-1.5725808,21.5619,0.99906826,0.2265625,0.0044429116,-12.68405,-12.693108,-3.418447,77.47632,0.7889236,5.4952393e-06,42.554424,-0.23187365,-8.690654,0.33478647,1.0,0.9989424,0.19433594,0.004954482,-12.945105,-12.954274,-3.5642345,562.20776,2.0061252,7.3427756e-08,0.9989414,0.17480469,0.0050288476,-12.573817,-12.582564,-3.6262333,772.63293,2.96272,2.2342694e-09,0.32961116399765017,13268.331414699554,155000
44.159317,-0.18963373,-8.694103,0.33564866,1.0,0.99906635,0.22070312,0.00438485,-13.075104,-13.084593,-3.3671942,86.23294,0.8133475,2.1940368e-05,1.110705,-2.2558227,19.220022,0.9990635,0.20996094,0.0044416683,-12.610647,-12.619589,-3.4619875,88.30829,0.6723945,9.405312e-06,51.418392,-0.1661511,-8.719776,0.34206712,1.0,0.99902725,0.18066406,0.004778984,-12.854404,-12.863366,-3.6869316,254.47054,0.897696,6.9110786e-07,0.99902153,0.16992188,0.0048287828,-12.337434,-12.345818,-3.761462,73.39498,0.6752831,1.022355e-06,0.0099119535446167,13317.891184568405,160000
37.30452,-0.20111439,-8.686853,0.33383605,1.0,0.999074,0.22753906,0.0043280236,-13.217105,-13.226796,-3.3033867,407.56503,0.9580945,9.466377e-06,1.0912131,-1.1855223,17.065798,0.999073,0.21386719,0.0043834504,-12.666075,-12.675147,-3.3840706,152.9725,0.8466596,1.1333374e-06,37.786438,-0.26545924,-8.664907,0.32834962,1.0,0.99889374,0.15820312,0.005011842,-13.18253,-13.1919,-3.5966375,234.94066,1.4800811,3.4975278e-07,0.9988785,0.16503906,0.0051106405,-12.657087,-12.665919,-3.6229494,1639.8999,3.1937325,8.315553e-08,0.011788653802871705,13376.834456920624,165000
34.797646,-0.2160936,-8.678694,0.33179626,1.0,0.9990616,0.23535156,0.004399929,-13.049107,-13.058507,-3.4318266,192.6266,0.6117611,1.8255221e-05,1.6695648,-1.957867,18.615726,0.99906063,0.22363281,0.0044649933,-12.590212,-12.599109,-3.4892054,235.8214,0.78962433,1.6789456e-05,43.312096,-0.27559957,-8.673127,0.3304047,1.0,0.9989891,0.18945312,0.0047904975,-13.129841,-13.139107,-3.6511548,235.3304,0.66293114,2.5095653e-06,0.99897003,0.18359375,0.004872535,-12.646518,-12.655296,-3.6660821,221.57617,0.89943445,2.892009e-06,0.018042467403411866,13467.046795368195,170000
43.88704,-0.20052451,-8.6965885,0.33627015,1.0,0.9990721,0.24511719,0.0044137426,-13.059002,-13.068459,-3.38526,147.13509,0.85758585,2.9277182e-06,1.3557568,-0.73479867,22.055628,0.99906445,0.21289062,0.004486868,-12.607377,-12.616297,-3.4829404,126.30774,0.6507868,1.8338534e-06,50.60843,-0.19612873,-8.689026,0.33437937,1.0,0.9989767,0.18457031,0.0048872135,-13.038745,-13.047906,-3.6672194,183.37,0.93943596,1.2344052e-06,0.99897003,0.17871094,0.0049539506,-12.536169,-12.544716,-3.7942111,169.65843,0.77611876,8.874216e-06,0.01807253475189209,13557.40947151184,175000
37.291393,-0.22559549,-8.671744,0.33005908,1.0,0.99906254,0.234375,0.004380957,-13.272352,-13.282031,-3.3724928,169.9478,0.8975816,5.880249e-07,0.78856754,-0.87761253,18.228943,0.9990616,0.21777344,0.0044429335,-12.722936,-12.732038,-3.4124818,171.44601,0.8966033,9.3171485e-07,51.29995,-0.25379813,-8.698942,0.33685857,1.0,0.9989805,0.18066406,0.0047581177,-13.23958,-13.249007,-3.5970016,88.73136,0.6635449,1.907413e-08,0.99897385,0.16601562,0.0048724525,-12.588472,-12.59722,-3.6386414,90.45101,0.7275711,1.0555094e-08,0.018040587282180786,13647.612411499023,180000
39.970287,-0.18564624,-8.659912,0.32710102,1.0,0.9990778,0.24511719,0.0043231808,-13.341478,-13.351292,-3.3017383,75.40529,0.79577565,7.160816e-06,2.2547905,-4.029705,21.552418,0.99907017,0.24316406,0.004384499,-12.821079,-12.830301,-3.3866472,60.54367,0.72858363,1.4395432e-05,47.404892,-0.18501812,-8.687392,0.33397108,1.0,0.9989767,0.18359375,0.0049098297,-13.061996,-13.0712185,-3.627967,182.82553,1.1452539,5.5263406e-08,0.9989767,0.16601562,0.00488686,-12.581837,-12.590503,-3.7175035,208.97559,0.9107399,3.3116927e-09,0.01804502696990967,13737.837547779083,185000
41.08411,-0.24830952,-8.697039,0.33638272,1.0,0.999074,0.22558594,0.0044482425,-13.310026,-13.319642,-3.4722486,179.2856,0.688455,1.0959e-05,0.6969172,-0.8402477,19.124563,0.9990721,0.20117188,0.0045179864,-12.800491,-12.809547,-3.535983,35.900005,0.5192733,3.4509078e-05,46.571472,-0.22964922,-8.698765,0.3368143,1.0,0.99894714,0.20019531,0.004911878,-13.194847,-13.2042055,-3.6196966,299.8147,1.370399,1.244816e-07,0.9989519,0.171875,0.004949538,-12.713908,-12.722742,-3.6769512,141.37555,1.0038309,3.7371594e-06,0.018053272104263305,13828.103911161423,190000
44.87207,-0.16909018,-8.649963,0.324614,1.0,0.99906254,0.22363281,0.004364785,-13.10682,-13.116357,-3.3488169,597.6672,0.9374976,3.352891e-05,1.4598572,-1.4730978,21.150234,0.99906635,0.21972656,0.0044667227,-12.677555,-12.68658,-3.4456031,41.186844,0.53780663,1.2741999e-05,43.703682,-0.22603796,-8.710748,0.33981007,1.0,0.9989853,0.1953125,0.004818727,-13.089982,-13.099266,-3.592263,419.67242,1.1339301,2.4532906e-06,0.9989681,0.17773438,0.0049777403,-12.708107,-12.71697,-3.6399393,379.0868,2.1307425,3.857768e-06,0.018051221656799316,13918.36002111435,195000
35.456497,-0.21016571,-8.693043,0.33538365,1.0,0.99906826,0.2529297,0.004306781,-13.348955,-13.358797,-3.2790756,174.8741,0.9867354,2.3631743e-05,1.3458006,-1.1669414,15.984274,0.99907017,0.23242188,0.004364349,-12.864723,-12.874035,-3.3395958,220.87318,0.93892366,5.6984307e-05,40.955402,-0.2686905,-8.688305,0.3341993,1.0,0.99894905,0.17675781,0.0049800756,-13.324402,-13.333889,-3.6196551,162.2235,1.0836552,1.6655358e-08,0.99891853,0.16699219,0.0050023096,-12.819088,-12.828048,-3.653406,101.37794,1.0038631,8.002405e-08,0.023694139528274535,14036.830719947815,200000
47.251312,-0.20453393,-8.676424,0.331229,1.0,0.99907684,0.25195312,0.0042425757,-13.3819475,-13.391914,-3.1857927,161.96442,0.9684714,4.075964e-06,1.4948115,-1.6906247,25.715427,0.9990692,0.22949219,0.0042979466,-12.86018,-12.869579,-3.2435515,161.6604,1.0102859,5.6232187e-05,51.38473,-0.20227307,-8.652172,0.32516575,1.0,0.9989462,0.16601562,0.0048733647,-13.220228,-13.229636,-3.5955186,154.8027,0.9057659,8.284584e-07,0.99895096,0.1640625,0.0049372204,-12.664335,-12.673131,-3.6660104,152.1829,0.68771595,8.795497e-08,0.4900208688735962,16486.935067415237,205000
36.62351,-0.20193316,-8.713175,0.34041655,1.0,0.9990654,0.23730469,0.004324247,-13.361492,-13.371391,-3.2348068,177.5791,0.9837718,9.6065605e-06,0.98142356,-0.8948038,18.055428,0.9990654,0.22070312,0.0044158674,-12.814639,-12.8238945,-3.346005,142.08096,0.92616004,5.1237917e-06,49.108894,-0.25820282,-8.700615,0.33727658,1.0,0.99902153,0.18164062,0.004775934,-13.070592,-13.079796,-3.65586,102.177,0.6428497,6.0901476e-07,0.9990053,0.16308594,0.0048832544,-12.545328,-12.553962,-3.71315,62.812397,0.6475813,1.2770783e-05,0.01667016110420227,16570.28587460518,210000
39.11554,-0.21657646,-8.679626,0.33202967,1.0,0.99906635,0.27148438,0.0042821816,-13.480116,-13.490084,-3.2825894,98.85557,0.80508983,4.0118633e-05,2.5463395,-1.259474,22.26392,0.9990711,0.22460938,0.004367018,-12.88789,-12.897202,-3.360948,45.031494,0.56876373,1.9669656e-05,50.697735,-0.20915961,-8.654919,0.32585278,1.0,0.99898434,0.18945312,0.004848002,-13.034219,-13.043352,-3.6898723,555.7771,0.92222875,1.3030936e-07,0.9989691,0.17578125,0.0049331617,-12.527319,-12.535882,-3.7687254,90.77334,0.59382,4.8777855e-07,0.016644721603393555,16653.509486436844,215000
44.588516,-0.20711124,-8.726838,0.3438325,1.0,0.99907017,0.234375,0.0042468226,-13.381359,-13.391288,-3.2256382,531.75085,0.9207909,7.614616e-05,1.125824,-1.910573,22.678722,0.99906826,0.21875,0.004334432,-12.927988,-12.937382,-3.3182797,53.76918,0.6291787,5.2558273e-05,48.128082,-0.27080673,-8.710024,0.33962905,1.0,0.9989624,0.20410156,0.0048986333,-13.291145,-13.300585,-3.6345134,55.99038,0.59914416,4.192391e-06,0.9989643,0.19726562,0.004907352,-12.824762,-12.833691,-3.6902199,353.9538,1.1016827,8.482701e-08,0.016632487392425538,16736.6719250679,220000
32.19407,-0.2370528,-8.6535635,0.3255139,1.0,0.9990759,0.2265625,0.004446962,-13.573751,-13.583586,-3.514007,39.747658,0.4869092,2.6457968e-05,0.8986012,-1.0398082,16.341743,0.999073,0.21679688,0.0044815727,-12.965991,-12.975208,-3.5361242,34.545025,0.48315668,3.564681e-05,46.00837,-0.29239392,-8.706652,0.33878595,1.0,0.99893475,0.1875,0.00488773,-13.474847,-13.484472,-3.6273973,203.99582,0.766739,3.2371378e-07,0.9989176,0.15039062,0.0050267326,-12.923443,-12.932475,-3.6838796,473.87793,1.7351496,1.1899047e-05,0.016635414171218874,16819.848997354507,225000
36.88225,-0.23732874,-8.675658,0.3310375,1.0,0.9990635,0.24902344,0.0043895263,-13.316866,-13.32658,-3.3783238,1900.2899,2.2531333,2.167977e-05,1.0852318,-0.7750735,16.318027,0.99906635,0.2265625,0.004423159,-12.8012295,-12.810412,-3.4070249,204.0899,0.79566485,2.14253e-06,49.24939,-0.2472519,-8.685798,0.3335723,1.0,0.9990015,0.18066406,0.0047943573,-13.2622795,-13.271617,-3.710778,454.36215,1.1727614,2.5536986e-06,0.9989939,0.15234375,0.004934132,-12.858033,-12.866867,-3.8221767,391.87766,1.1207447,4.916143e-06,0.016665829992294313,16903.178149461746,230000
42.392723,-0.2241577,-8.665911,0.3286006,1.0,0.999073,0.25976562,0.0043023583,-13.495381,-13.505337,-3.3107333,249.97095,0.8875703,1.3220609e-06,1.2656833,-3.192951,24.764626,0.99908066,0.234375,0.0044098943,-12.99445,-13.003826,-3.4018955,476.8848,1.3433473,1.1892354e-05,52.76526,-0.26095042,-8.686838,0.3338326,1.0,0.9990063,0.17871094,0.0047951993,-13.138226,-13.147461,-3.6895857,150.95915,0.64054227,1.02374386e-07,0.99897766,0.16308594,0.004900654,-12.781787,-12.790649,-3.7152789,244.40485,1.0067852,1.8373045e-07,0.016612031745910645,16986.23831129074,235000
36.47694,-0.22162522,-8.67844,0.33173305,1.0,0.9990597,0.23535156,0.0043692775,-13.556022,-13.565997,-3.3521004,129.46368,0.79036146,6.129584e-05,3.11335,-2.2910423,25.105354,0.9990635,0.22265625,0.004410136,-12.963169,-12.972545,-3.3719118,73.74456,0.9193566,2.760971e-05,54.376717,-0.23983538,-8.705912,0.33860087,1.0,0.9990063,0.18164062,0.004796033,-13.162434,-13.171728,-3.6550584,109.04993,0.95375663,8.784578e-07,0.999012,0.17773438,0.0048439885,-12.572052,-12.580696,-3.7288995,69.87147,0.8323175,7.326314e-07,0.016831606674194335,17070.396346330643,240000
47.372025,-0.22702512,-8.613846,0.3155843,1.0,0.9990711,0.24414062,0.0042939894,-13.536161,-13.546252,-3.2118924,122.41553,0.88794875,5.692513e-06,1.7528006,-0.8965534,20.70368,0.999074,0.2265625,0.0043287785,-12.994472,-13.00396,-3.2878945,84.169266,0.77496934,1.8093322e-05,52.904587,-0.2562177,-8.64913,0.3244055,1.0,0.9989233,0.18359375,0.004838596,-13.452807,-13.462575,-3.4605122,694.517,1.7964165,1.21027215e-08,0.9989176,0.16601562,0.0050132796,-13.012813,-13.022058,-3.5547028,606.31647,1.9843674,2.22988e-07,0.021517479515075683,17177.983747959137,245000
33.680016,-0.24515596,-8.706231,0.33868092,1.0,0.99907494,0.23828125,0.004379294,-13.618505,-13.628571,-3.3214054,175.9938,0.8697965,1.5920339e-06,1.041409,-1.0662438,18.610622,0.99906635,0.23242188,0.0044089495,-13.035913,-13.04537,-3.3616807,186.40585,0.8965675,3.9686593e-06,47.823723,-0.24450658,-8.716141,0.3411581,1.0,0.99902153,0.16894531,0.004807792,-13.200255,-13.209563,-3.679094,142.50734,0.7665304,1.339922e-07,0.9990206,0.14941406,0.004892386,-12.646184,-12.654862,-3.7680542,921.83563,1.5779233,1.2852222e-06,0.018231315517425538,17269.140326976776,250000
34.749332,-0.2428579,-8.663836,0.32808173,1.0,0.9990854,0.26757812,0.004253026,-13.621567,-13.631747,-3.207119,146.76988,0.93415296,7.9077345e-06,0.91601574,-2.0818312,18.17575,0.9990845,0.2421875,0.0043321457,-13.093081,-13.102665,-3.2891252,80.50298,0.8905214,6.6561324e-07,45.031708,-0.2701463,-8.674709,0.33080032,1.0,0.9989586,0.16015625,0.0049466537,-13.437581,-13.447161,-3.639168,1455.5862,1.939946,1.7276247e-07,0.9989319,0.15625,0.004995386,-12.850481,-12.859444,-3.6824174,218.13574,1.0415506,5.560704e-08,0.018169188165664672,17359.986271381378,255000
42.630764,-0.20080747,-8.66356,0.32801288,1.0,0.999073,0.2421875,0.0043432144,-13.489128,-13.499016,-3.3745568,476.6402,0.9565877,2.3789053e-05,0.82396734,-1.5312747,20.019863,0.99907017,0.22851562,0.0043856613,-13.026329,-13.035699,-3.4417248,286.15012,1.080631,2.3258179e-05,36.42804,-0.2613133,-8.74239,0.34772038,1.0,0.99894905,0.17871094,0.0048805983,-13.349352,-13.358873,-3.6088798,422.09723,1.6715443,3.1489836e-07,0.9989605,0.17773438,0.0049434663,-12.865337,-12.874322,-3.6741233,349.12668,1.8640708,3.8796674e-07,0.01816615676879883,17450.817056894302,260000
40.94917,-0.21859527,-8.680826,0.33232945,1.0,0.9990616,0.21289062,0.004377247,-13.574451,-13.584439,-3.3558135,55.87793,0.6570468,2.2620914e-06,1.457654,-1.6298323,25.078453,0.99905777,0.2109375,0.0044367244,-13.052262,-13.061686,-3.411677,160.53673,1.0483396,2.2746417e-05,33.446335,-0.30890954,-8.672994,0.33037144,1.0,0.9989729,0.17578125,0.0050026635,-13.249855,-13.259143,-3.747901,170.88205,0.99868816,8.512628e-10,0.9989691,0.16308594,0.0050430577,-12.650066,-12.658732,-3.7840722,323.6983,1.2042515,2.0685403e-07,0.01816579556465149,17541.646037817,265000
29.575191,-0.25469372,-8.6501045,0.32464892,1.0,0.9990673,0.2607422,0.0043201707,-13.41835,-13.428193,-3.3491027,259.52972,0.74603176,3.6848737e-06,0.4554488,-1.2359915,13.840061,0.99906826,0.22949219,0.0043795654,-12.935316,-12.94462,-3.417357,103.09954,0.64824635,1.020567e-05,47.88847,-0.26543462,-8.709198,0.3394223,1.0,0.99902153,0.18945312,0.004795936,-13.275898,-13.285271,-3.6877825,261.53854,1.0999062,2.5474446e-08,0.9989834,0.16894531,0.0048822905,-12.753628,-12.762467,-3.711741,118.90906,0.83396006,2.4262226e-07,0.018157293462753295,17632.432509422302,270000
36.021408,-0.2096291,-8.68443,0.3332305,1.0,0.9990692,0.23925781,0.004358572,-13.476344,-13.4862385,-3.354261,244.94737,0.7815994,3.152193e-05,1.0286301,-0.92958987,16.759518,0.999073,0.21679688,0.0044635357,-12.9067955,-12.916044,-3.44409,74.85998,0.6867027,9.889964e-05,55.433357,-0.21040437,-8.710323,0.3397037,1.0,0.9989729,0.19042969,0.0048229806,-13.296995,-13.306452,-3.623619,168.28436,0.7967828,9.884899e-07,0.9989672,0.16210938,0.0049351077,-12.783769,-12.792651,-3.6970646,544.97107,1.466658,2.6268197e-07,0.018129126071929933,17723.078144788742,275000
36.008484,-0.26583695,-8.644035,0.32313177,1.0,0.9990902,0.28515625,0.004124363,-13.722084,-13.7324505,-3.1179993,434.66284,1.0668513,1.9286617e-05,3.355494,-1.6994126,25.81063,0.99909115,0.2626953,0.0041948613,-13.094996,-13.104693,-3.175048,36.323013,0.7611007,4.4823937e-06,53.506554,-0.24490824,-8.648195,0.32417172,1.0,0.99898434,0.19921875,0.0048236605,-13.441737,-13.451344,-3.614781,203.26254,1.1770036,4.616624e-10,0.998971,0.17773438,0.0049504917,-12.829213,-12.838149,-3.6874886,154.20837,1.3961387,9.67625e-11,0.018142090702056884,17813.788602113724,280000
34.568413,-0.23790781,-8.647707,0.32404977,1.0,0.9990864,0.25390625,0.0043218317,-13.771305,-13.781567,-3.2727418,154.89168,1.3020252,2.378558e-07,0.8289635,-0.99006724,15.5666065,0.9990816,0.24804688,0.0043915063,-13.262536,-13.2722225,-3.3530698,119.886765,1.039113,6.825617e-06,47.41316,-0.21217462,-8.708377,0.33921728,1.0,0.9990015,0.1953125,0.004878137,-13.286282,-13.295669,-3.6839359,25282.527,13.915103,6.4177414e-07,0.9989948,0.16308594,0.0049840175,-12.714011,-12.722708,-3.8179083,166.63258,1.0467153,3.635633e-07,0.018238372945785522,17904.980468273163,285000
39.94367,-0.23149152,-8.643236,0.322932,1.0,0.999073,0.24414062,0.0043378766,-13.554634,-13.56465,-3.3096197,583.19257,1.3176513,5.4473967e-06,1.3800713,-1.8122016,20.9943,0.9990721,0.23632812,0.004400804,-12.949337,-12.958664,-3.408348,52.163963,0.60226536,9.651576e-06,53.52159,-0.19803354,-8.727323,0.3439536,1.0,0.9989605,0.19921875,0.004805288,-13.587998,-13.597849,-3.51055,598.0474,2.201632,5.625353e-07,0.9989567,0.18261719,0.0048584947,-12.869329,-12.878379,-3.6117806,334.72943,1.6915829,1.5254445e-06,0.018241205024719237,17996.18649506569,290000
34.57063,-0.29294983,-8.6935005,0.33549795,1.0,0.9990778,0.24902344,0.0043152403,-13.636555,-13.646681,-3.2770429,360.81204,0.75197124,3.8463233e-05,1.5588901,-1.171793,21.040295,0.999073,0.22460938,0.0043993187,-13.077973,-13.087491,-3.3415873,93.36839,0.6170827,3.4097015e-05,44.674835,-0.29186246,-8.672878,0.33034253,1.0,0.99900055,0.17773438,0.004847786,-13.302362,-13.311793,-3.6545925,281.44467,1.1564226,7.555265e-09,0.9990053,0.17382812,0.004946111,-12.76167,-12.770512,-3.7170906,114.65675,1.0006318,2.5121597e-07,0.02014977946281433,18096.935393810272,295000
37.880356,-0.20522606,-8.719218,0.34192747,1.0,0.99906826,0.23632812,0.004299273,-13.673042,-13.683196,-3.2866652,78.55089,0.76813865,1.8892399e-05,1.1773738,-1.9211721,18.297749,0.999073,0.22070312,0.0043478813,-13.133401,-13.142951,-3.3630302,250.9475,0.8709459,3.0433832e-05,41.947895,-0.30680856,-8.693693,0.3355462,1.0,0.99902153,0.17382812,0.0047958177,-13.368811,-13.378278,-3.683514,148.9076,0.856866,4.2067464e-11,0.99901104,0.17871094,0.004813284,-12.875212,-12.884166,-3.7159047,109.01375,0.9272382,7.5880684e-11,0.024833650684356688,18221.10365128517,300000
43.361008,-0.2158389,-8.655823,0.32607853,1.0,0.99907017,0.24902344,0.0043443935,-13.683693,-13.693864,-3.2807217,538.0613,1.1954021,9.007838e-06,2.0014248,-1.7788768,25.179398,0.9990721,0.21484375,0.0043950705,-13.106143,-13.115683,-3.3460574,329.69128,0.9823619,1.5710488e-05,42.146698,-0.27403104,-8.734587,0.34576967,1.0,0.99902344,0.17578125,0.004728422,-13.42949,-13.439119,-3.5781155,250.53096,0.8544221,5.8575637e-07,0.9990196,0.16308594,0.004794052,-12.859247,-12.868272,-3.6261458,398.76694,1.3720645,5.8099054e-06,0.4524815844535828,20483.511576652527,305000
36.7957,-0.2281619,-8.653718,0.3255524,1.0,0.99906635,0.2705078,0.004265994,-13.798076,-13.808433,-3.203841,240.13979,0.93664926,4.64643e-06,1.4448473,-0.85376585,17.51221,0.9990597,0.24023438,0.0043274052,-13.233956,-13.243688,-3.2791965,105.67849,0.6814165,3.63009e-05,49.672672,-0.26502708,-8.6826935,0.33279625,1.0,0.998991,0.1953125,0.004855018,-13.5049095,-13.514511,-3.6830702,250.18188,0.91390246,7.970268e-07,0.9989939,0.18261719,0.004928638,-12.91997,-12.92894,-3.742388,111.74814,0.84078693,5.639179e-07,0.02301326951980591,20598.57792544365,310000
43.171352,-0.2298296,-8.671341,0.32995826,1.0,0.9990673,0.25195312,0.004256256,-13.593235,-13.603345,-3.2507253,135.6936,0.762713,2.7842156e-05,1.4496549,-0.9485845,19.911896,0.9990654,0.21875,0.004322459,-13.034655,-13.044161,-3.3084736,56.238503,0.57691216,1.7292781e-05,61.292583,-0.14889054,-8.708104,0.33914897,1.0,0.9989824,0.19628906,0.0047915424,-13.380808,-13.390383,-3.5849366,1869.483,2.0907645,1.7075307e-06,0.9989805,0.1796875,0.0048343297,-12.86038,-12.8693695,-3.66508,102.49731,0.7245177,5.8657342e-06,0.02481464524269104,20722.6511554718,315000
33.325005,-0.2541573,-8.656348,0.32621008,1.0,0.9990797,0.2607422,0.00424248,-13.799454,-13.809857,-3.156848,249.6817,0.9939817,9.773507e-06,1.4438814,-1.0204494,16.488834,0.99908066,0.234375,0.0042873262,-13.208517,-13.218284,-3.218283,77.45485,0.72860926,2.1973641e-05,51.76449,-0.25458032,-8.722437,0.34273225,1.0,0.9988966,0.1953125,0.004838424,-13.491627,-13.501513,-3.3787293,184.22581,1.06094,5.4286664e-09,0.9989109,0.18554688,0.004808126,-12.90377,-12.913043,-3.417768,1018.2545,2.4356513,6.930903e-06,0.02483896231651306,20846.845968723297,320000
41.84248,-0.21079649,-8.658159,0.32666272,1.0,0.9990616,0.22753906,0.0043665348,-13.577442,-13.587427,-3.3633828,338.24487,0.8273643,4.9069746e-05,2.2763903,-1.034044,20.962671,0.9990587,0.21875,0.0044445954,-13.000655,-13.009981,-3.4608703,73.770546,0.6607026,4.6266097e-05,43.922543,-0.30292362,-8.721265,0.34243914,1.0,0.99893284,0.18261719,0.004929702,-13.618199,-13.628034,-3.558054,2809.9546,2.4246132,9.6189815e-08,0.9989252,0.16601562,0.0050268085,-12.986886,-12.996064,-3.5977182,91.090775,0.9530909,2.3602483e-07,0.024713601303100585,20970.413979053497,325000
39.498802,-0.21702382,-8.658372,0.32671583,1.0,0.999094,0.2734375,0.00411319,-14.004585,-14.015278,-3.0671139,150.26474,1.179503,1.3796266e-05,0.9396591,-1.6221703,20.45321,0.99909115,0.25585938,0.004189438,-13.43578,-13.4458275,-3.1575692,57.15636,0.96335363,6.9882344e-06,52.554985,-0.2370694,-8.659018,0.32687736,1.0,0.9989443,0.19335938,0.004771905,-13.615993,-13.6258135,-3.5692158,378.25076,0.98052776,1.2582187e-06,0.9989824,0.1875,0.0048555243,-13.0359955,-13.045164,-3.656244,134.30612,0.87526655,3.4129647e-07,0.024844662523269653,21094.63729286194,330000
38.03145,-0.223311,-8.688818,0.33432752,1.0,0.99907017,0.22167969,0.0044205547,-13.539522,-13.549428,-3.4067252,103.10638,0.511137,3.490512e-06,0.96509093,-1.9690521,20.151825,0.9990721,0.21289062,0.0044662897,-12.88508,-12.894295,-3.459423,60.050465,0.60234785,6.1510955e-06,48.252655,-0.27608192,-8.649017,0.32437742,1.0,0.9989996,0.16113281,0.0049711596,-13.418704,-13.428107,-3.79948,336.402,0.6973878,1.1074141e-08,0.9989834,0.14453125,0.0050630625,-12.807287,-12.816037,-3.8560524,141.61197,0.7840736,3.8686327e-08,0.024810785913467408,21218.691225767136,335000
46.937542,-0.2299292,-8.651596,0.3250219,1.0,0.9990692,0.25,0.0043470217,-13.592666,-13.602653,-3.3771305,307.2866,0.82895494,4.028912e-06,1.6073124,-5.4710054,34.218376,0.99906826,0.22460938,0.0043892497,-13.103665,-13.113121,-3.4307594,149.08174,0.69342154,1.088921e-05,46.641647,-0.23976019,-8.704821,0.33832833,1.0,0.9989338,0.19140625,0.00476721,-13.495627,-13.5053625,-3.5347862,360.3937,0.9372095,5.0056457e-07,0.99892807,0.15722656,0.0048448704,-13.001722,-13.010906,-3.6052523,245.25183,1.177182,2.3595396e-05,0.024600687170028685,21341.694665193558,340000
36.051125,-0.24979413,-8.666735,0.32880652,1.0,0.99908066,0.24414062,0.004261955,-13.919012,-13.929439,-3.2530837,167.07774,0.77964723,2.3472427e-05,1.2903602,-1.4812633,23.007961,0.99908066,0.2265625,0.004329457,-13.187639,-13.1972885,-3.3159547,148.53012,0.8486316,3.9998486e-05,53.15147,-0.2427817,-8.675938,0.33110717,1.0,0.9989557,0.1953125,0.004804138,-13.696544,-13.706496,-3.5139349,639.88983,1.5782437,1.2169507e-11,0.9989433,0.17382812,0.0048947386,-12.940956,-12.950141,-3.5452404,292.93082,1.8461437,8.606314e-08,0.01823838448524475,21432.886591672897,345000
41.848976,-0.22880992,-8.659372,0.32696608,1.0,0.99907017,0.26464844,0.004219504,-13.78307,-13.793402,-3.2132385,169.54044,0.93229634,3.0929426e-05,0.84438616,-0.81977355,17.38153,0.99906635,0.24707031,0.0042894543,-13.232061,-13.241792,-3.2791343,64.757805,0.81566495,1.3549127e-05,44.712708,-0.23863493,-8.677928,0.33160502,1.0,0.99896526,0.16894531,0.004950653,-13.581753,-13.591419,-3.6934595,426.25937,1.1465316,4.4697298e-11,0.9989691,0.16113281,0.0049941754,-12.983953,-12.992996,-3.7336469,169.11316,1.258502,2.9623135e-10,0.01820143756866455,21523.89378118515,350000
40.943382,-0.22744207,-8.674439,0.33073276,1.0,0.9990845,0.27929688,0.00420444,-13.80077,-13.811168,-3.1627135,171.95955,1.3002478,1.8795552e-05,0.9812008,-0.83202785,19.277962,0.999074,0.23535156,0.0042970176,-13.232329,-13.242087,-3.2496006,81.05139,1.2053449,1.29792925e-05,58.519623,-0.23674847,-8.718201,0.34167325,1.0,0.99895096,0.19824219,0.0048018633,-13.638314,-13.648185,-3.5414562,138.9753,1.2331786,1.7250358e-08,0.9989433,0.19628906,0.0048638796,-13.122515,-13.131824,-3.599759,119.633446,0.9006772,3.50746e-08,0.018254903078079223,21615.168300151825,355000
49.6554,-0.15547681,-8.652472,0.32524103,1.0,0.9990883,0.24511719,0.0042620697,-13.774638,-13.784958,-3.217238,472.1691,1.6353394,8.1471835e-06,1.3202211,-1.073987,21.841698,0.99908257,0.23632812,0.004300109,-13.277712,-13.287497,-3.267131,92.17002,0.99462885,1.7472312e-05,51.51982,-0.22692916,-8.67049,0.3297457,1.0,0.99894905,0.18945312,0.0048614386,-13.615126,-13.6249895,-3.5248957,1464.9481,2.4331388,6.6631024e-08,0.9989481,0.17089844,0.004934002,-13.110708,-13.120019,-3.586382,220.69107,1.2171787,1.3253992e-07,0.018212830257415772,21706.232453107834,360000
32.376575,-0.22542292,-8.655239,0.32593265,1.0,0.99908257,0.26464844,0.004204273,-13.818747,-13.829169,-3.1564217,223.55821,0.8708504,6.926407e-05,1.5161834,-0.7313777,14.01217,0.99908066,0.24023438,0.0042685885,-13.221461,-13.231221,-3.237536,78.819756,0.762468,2.809196e-05,51.56009,-0.2674542,-8.665209,0.32842526,1.0,0.9990015,0.17480469,0.0047510713,-13.706158,-13.716048,-3.5877085,178.78354,0.84965444,1.7515137e-07,0.9989538,0.15722656,0.0048529813,-13.109121,-13.11838,-3.6383357,390.01477,1.3719909,2.2562577e-07,0.01821156177520752,21797.290266752243,365000
39.92665,-0.20122159,-8.66161,0.32752532,1.0,0.99907875,0.2705078,0.0042066746,-13.8894005,-13.899902,-3.145564,394.08038,0.95842284,1.5870768e-06,2.736943,-2.0519238,22.907326,0.99907875,0.24902344,0.0042447736,-13.346241,-13.356153,-3.2063828,64.10415,0.8933571,4.4013427e-06,37.480236,-0.33143872,-8.714361,0.3407132,1.0,0.9989643,0.1875,0.004831068,-13.754913,-13.764874,-3.5645137,4676.619,3.278355,9.4005145e-08,0.9989538,0.18066406,0.004964019,-13.166443,-13.175772,-3.6228096,326.47363,1.4524777,1.6391645e-07,0.018205906534194946,21888.31980085373,370000
41.365707,-0.2523485,-8.671821,0.33007818,1.0,0.9990902,0.24414062,0.0043083057,-14.01491,-14.025379,-3.304597,385.21356,0.90703017,3.6600177e-06,1.0827423,-2.3146007,25.461222,0.9990778,0.22167969,0.0043917857,-13.396414,-13.40621,-3.375726,277.07602,1.0526191,1.6060061e-05,48.957027,-0.30217245,-8.693742,0.3355584,1.0,0.99898434,0.1796875,0.0048389696,-13.607021,-13.616744,-3.661908,2465.4385,2.1818411,1.3858812e-07,0.9989929,0.15722656,0.00490833,-12.90099,-12.909931,-3.7548661,203.39557,0.80010355,1.3747009e-06,0.018160572052001955,21979.122663259506,375000
43.080425,-0.26657048,-8.661822,0.3275786,1.0,0.9990759,0.25585938,0.004343683,-13.774858,-13.785068,-3.3303843,554.5163,0.8417855,3.660112e-06,2.608254,-1.0061995,21.211079,0.999074,0.22753906,0.004423273,-13.01915,-13.02853,-3.4207745,111.97222,0.65037394,1.08016675e-05,50.92096,-0.24609922,-8.704725,0.33830446,1.0,0.99900913,0.17480469,0.0047882386,-13.504372,-13.513933,-3.7228625,175.5413,0.6303228,6.407953e-08,0.99901295,0.16992188,0.004854501,-12.790575,-12.799374,-3.7905169,252.38995,0.700971,8.185367e-08,0.01823595609664917,22070.30244731903,380000
41.454453,-0.2287867,-8.688739,0.33430776,1.0,0.99909115,0.2529297,0.004211667,-13.897196,-13.907686,-3.1648116,311.48303,1.6305913,4.9636754e-05,1.3473564,-1.4077779,22.844303,0.9990902,0.24609375,0.004276651,-13.304937,-13.314778,-3.2379754,141.63324,1.4074118,2.2169797e-05,48.32656,-0.2936489,-8.69816,0.336663,1.0,0.9990082,0.17578125,0.0048681116,-13.684368,-13.694066,-3.7640238,503.647,1.1413175,4.0196238e-10,0.99898434,0.16210938,0.0049571386,-13.16753,-13.176698,-3.7883658,76.19914,0.6925983,8.340224e-11,0.01273395471572876,22133.972226142883,385000
46.28894,-0.26972237,-8.683652,0.33303604,1.0,0.9990759,0.26660156,0.0042610303,-13.930736,-13.941183,-3.243725,433.33817,0.9469094,8.353905e-06,1.8260951,-1.178736,25.762016,0.99908066,0.23632812,0.004287119,-13.301733,-13.311526,-3.2841935,87.4353,0.7292551,3.68091e-05,49.804146,-0.23168394,-8.686877,0.33384216,1.0,0.99898434,0.18945312,0.0046931636,-13.584217,-13.594084,-3.4915855,654.0076,1.1336501,4.31025e-07,0.99897194,0.18359375,0.004762583,-13.070993,-13.0802765,-3.5747023,114.62483,0.758682,1.11143095e-07,0.009933839893341064,22183.6414270401,390000
31.513433,-0.21868074,-8.670986,0.32986942,1.0,0.999074,0.24609375,0.004325321,-13.748808,-13.759044,-3.278284,134.37723,0.8884995,6.993722e-06,0.74843466,-0.69204223,14.24374,0.999073,0.23535156,0.004368332,-13.241413,-13.251083,-3.348987,161.36058,0.83204746,3.7666556e-05,44.78192,-0.2690218,-8.695709,0.33605045,1.0,0.9989948,0.18652344,0.004802767,-13.531282,-13.54102,-3.568872,273.23193,1.5300491,3.4205844e-10,0.99897003,0.17089844,0.0049067764,-12.965111,-12.974232,-3.6351333,299.42395,1.3017769,9.890863e-10,0.016468355703353883,22265.98320865631,395000
30.596933,-0.26123008,-8.66077,0.32731563,1.0,0.99907684,0.2919922,0.0042130733,-14.019503,-14.030079,-3.1999083,752.9484,1.2695259,3.1879543e-05,1.098679,-1.3050165,20.225208,0.999073,0.26953125,0.004258327,-13.3897915,-13.399709,-3.2438993,89.37029,0.784639,8.675085e-05,42.858387,-0.3083018,-8.701356,0.33746183,1.0,0.9990263,0.203125,0.0047419923,-13.640326,-13.650043,-3.7001972,356.73956,0.8707459,1.5460046e-07,0.9990196,0.18066406,0.0048029963,-12.955333,-12.96435,-3.7299,91.407715,0.8235054,1.8765964e-05,0.01668031482696533,22349.38478422165,400000
46.12111,-0.23196143,-8.636641,0.32128316,1.0,0.9990778,0.26367188,0.004225012,-13.941919,-13.952403,-3.2180243,572.5011,0.9787735,1.5994085e-06,2.0428364,-2.275409,30.640213,0.9990778,0.23535156,0.004305099,-13.37849,-13.388355,-3.2870204,66.64779,0.6291846,3.0690165e-07,50.55716,-0.262501,-8.640068,0.32214,1.0,0.9990082,0.18457031,0.004797091,-13.716383,-13.726162,-3.714251,311.91748,0.87436724,1.8496717e-06,0.99899673,0.15820312,0.0048654173,-13.074827,-13.083931,-3.7627263,153.88408,0.8605037,4.0389506e-07,0.4811698870658874,24755.234223604202,405000
45.47992,-0.21422228,-8.676146,0.3311594,1.0,0.99905586,0.25878906,0.0042805257,-13.786436,-13.796703,-3.2842746,50.08875,0.44764248,2.7208698e-06,1.3012757,-1.4223353,24.680311,0.99905586,0.23046875,0.0043488774,-13.146038,-13.15561,-3.3531117,33.99819,0.49483472,7.3066585e-05,55.17112,-0.20949234,-8.676342,0.33120835,1.0,0.9990015,0.18261719,0.004721349,-13.664197,-13.674032,-3.6026611,212.62083,0.6922569,1.6590448e-09,0.99897957,0.17382812,0.0048512733,-13.128008,-13.137258,-3.66614,109.30857,0.8541676,3.2557388e-09,0.024836495685577394,24879.41670536995,410000
42.130337,-0.19899055,-8.712975,0.3403666,1.0,0.99907875,0.23730469,0.004283728,-13.939694,-13.950127,-3.2675934,80.636986,0.7486989,2.8392185e-05,1.913683,-1.3480186,20.550682,0.9990692,0.2265625,0.00433743,-13.435203,-13.44506,-3.3517723,135.47935,0.6824217,1.7692608e-05,48.94033,-0.28709644,-8.727796,0.3440717,1.0,0.99893,0.19433594,0.0049283504,-13.80448,-13.814448,-3.607668,343.4268,1.0148659,1.3656917e-07,0.99891853,0.18457031,0.0050715636,-13.220053,-13.229422,-3.635972,123.15729,1.2306248,6.132031e-08,0.024820123529434204,25003.5173265934,415000
40.16804,-0.25704473,-8.67643,0.33123052,1.0,0.99908257,0.27539062,0.0041515213,-13.917611,-13.92819,-3.0945168,251.46162,1.205651,1.4934658e-05,1.7129577,-3.084919,23.99982,0.9990816,0.24121094,0.004224416,-13.317503,-13.327428,-3.1644816,81.236305,1.0135111,1.7473429e-05,50.228046,-0.26724738,-8.656741,0.3263082,1.0,0.99897957,0.19628906,0.0047833426,-13.7224245,-13.732305,-3.6147013,701.58484,1.3049674,1.2945587e-06,0.9989691,0.17773438,0.00485762,-13.051676,-13.060835,-3.681477,926.3972,1.7788318,3.7192362e-06,0.02480192461013794,25127.5269510746,420000
37.924416,-0.24234055,-8.650653,0.32478604,1.0,0.99908924,0.25878906,0.004180801,-14.00761,-14.018233,-3.1393023,164.28905,1.2861582,5.2103773e-05,1.2012419,-0.92510813,18.462896,0.9990864,0.24707031,0.004241408,-13.538701,-13.548806,-3.2016544,156.71136,1.2846372,5.3076936e-05,45.5706,-0.26125655,-8.684103,0.33314872,1.0,0.9989958,0.17089844,0.0048890687,-13.60245,-13.612062,-3.769641,52.56655,0.5050864,1.973154e-09,0.9989948,0.16113281,0.0049505914,-13.085936,-13.094981,-3.8327541,819.28906,1.7212683,5.8155475e-10,0.02483448667526245,25251.699387550354,425000
37.195248,-0.24093322,-8.648132,0.32415593,1.0,0.99909306,0.2578125,0.004234546,-13.962788,-13.97326,-3.2504575,160.59146,0.8458128,1.5842468e-05,0.8770111,-0.88869345,17.104298,0.9990902,0.2529297,0.0042599845,-13.420888,-13.430808,-3.2724123,116.42791,0.74927634,1.4050407e-05,44.491592,-0.26122084,-8.724146,0.34315938,1.0,0.99900913,0.16699219,0.0049312813,-13.642453,-13.652033,-3.8422503,666.09314,1.4363717,1.6300659e-08,0.99900436,0.14941406,0.0049636457,-13.075258,-13.08427,-3.8566473,885.3948,2.04166,2.2225437e-08,0.024731226110458374,25375.35552072525,430000
43.353203,-0.21564603,-8.644629,0.32328016,1.0,0.99908066,0.25585938,0.0043188506,-13.96924,-13.979662,-3.3069124,152.53896,0.7529463,2.3747685e-05,1.1973932,-1.6202099,22.017477,0.99907494,0.22851562,0.004378901,-13.377461,-13.387241,-3.3729973,68.08283,0.82846093,1.4020156e-05,55.589478,-0.2634824,-8.691007,0.3348744,1.0,0.99898434,0.15332031,0.0049342006,-13.716173,-13.725911,-3.7537563,800.58655,1.1421459,1.3572107e-07,0.99897957,0.15820312,0.0049650115,-13.131543,-13.140667,-3.7960157,57.043804,0.6203246,1.205717e-06,0.024320073795318604,25496.955891132355,435000
36.585964,-0.28014803,-8.697542,0.33650845,1.0,0.999073,0.24707031,0.00420246,-14.001056,-14.011656,-3.1569808,85.779976,0.691828,5.9513654e-06,3.285206,-1.7274745,24.335457,0.99907875,0.23828125,0.0042316746,-13.40012,-13.41012,-3.170066,53.75858,0.6553705,3.5004345e-05,49.25013,-0.31469482,-8.715986,0.3411194,1.0,0.9989586,0.17773438,0.0048396694,-13.673571,-13.683456,-3.5596373,470.53757,1.0964663,2.2256978e-10,0.99896336,0.171875,0.0049014753,-12.976492,-12.985717,-3.5405083,186.20862,1.699497,4.6038497e-09,0.01798501887321472,25586.88098859787,440000
41.38685,-0.25940442,-8.671019,0.32987782,1.0,0.9990778,0.23144531,0.004352549,-13.908978,-13.919305,-3.3440356,110.44096,0.901759,4.496181e-07,1.743931,-3.5596764,26.309471,0.99907684,0.22167969,0.0044119065,-13.264078,-13.27375,-3.3687606,282.13953,1.4274956,3.9015063e-07,53.166054,-0.23750451,-8.736525,0.34625405,1.0,0.9990072,0.18359375,0.0048222663,-13.793691,-13.803604,-3.6519065,227.70894,0.90485406,2.4750868e-10,0.99900246,0.17285156,0.0049314704,-13.172253,-13.181503,-3.7088146,205.03941,1.0550978,2.1136192e-11,0.01810269365310669,25677.394459486008,445000
41.44227,-0.21616472,-8.687695,0.3340465,1.0,0.99907875,0.2626953,0.004215043,-13.922409,-13.9329,-3.188589,2925.164,2.8485487,1.269127e-05,1.509678,-1.1610597,22.34143,0.9990759,0.23925781,0.0043029916,-13.308502,-13.318288,-3.2969377,213.5149,1.2684313,1.9654299e-05,41.953102,-0.31211802,-8.72126,0.34243807,1.0,0.99899673,0.18652344,0.004782841,-13.728006,-13.737856,-3.6542544,143.96053,0.8038998,6.585864e-08,0.99897766,0.18359375,0.0048837913,-13.048876,-13.05805,-3.6621776,551.21936,2.0275967,6.292927e-07,0.014659429264068604,25750.691608667374,450000
42.645294,-0.258878,-8.698378,0.3367173,1.0,0.99908733,0.2265625,0.004372999,-13.902693,-13.913031,-3.3268566,144.8271,1.0827326,1.406612e-05,1.5711163,-1.7050465,23.155441,0.9990883,0.21875,0.0044040103,-13.323146,-13.332898,-3.3473158,308.64096,1.1089776,2.8309261e-05,56.91684,-0.23929143,-8.672536,0.33025688,1.0,0.99900055,0.1875,0.004717119,-13.716603,-13.726566,-3.5243623,242.42749,0.9011195,9.897926e-07,0.9990015,0.17773438,0.0048021404,-13.120653,-13.129954,-3.6048646,238.18808,1.1077147,7.003062e-07,0.009949078464508057,25800.437002658844,455000
40.084473,-0.23093157,-8.648928,0.32435483,1.0,0.9990759,0.27246094,0.00425636,-13.981767,-13.992268,-3.238698,303.08698,0.804918,6.922884e-06,1.2500015,-1.025277,15.775201,0.999073,0.23730469,0.004324764,-13.405096,-13.414971,-3.3024855,129.64531,0.7954141,7.781785e-05,49.413162,-0.25831884,-8.726384,0.34371904,1.0,0.99889755,0.19824219,0.004934133,-13.812582,-13.822625,-3.5389345,540.05286,1.579406,6.4356874e-07,0.99890137,0.18457031,0.0048911436,-13.253475,-13.262908,-3.6043313,160.96075,1.0470212,1.7660491e-07,0.009947548246383667,25850.17474770546,460000
39.25475,-0.26778078,-8.661198,0.32742223,1.0,0.99906635,0.25878906,0.0042188233,-14.14356,-14.154249,-3.20916,156.26448,0.8060714,1.8104834e-07,1.7206633,-1.1707587,19.308332,0.9990673,0.2421875,0.0043086326,-13.55663,-13.566653,-3.3029895,47.359665,0.5667802,1.0093863e-07,48.760002,-0.30319375,-8.703716,0.3380521,1.0,0.9990082,0.18164062,0.0049237655,-13.645723,-13.655367,-3.778987,602.02844,0.9679861,1.0340836e-08,0.9989929,0.14941406,0.005000106,-13.110248,-13.119299,-3.8511438,137.43434,0.6224098,8.6640466e-07,0.009933164072036742,25899.840569734573,465000
42.666153,-0.2318691,-8.673014,0.33037657,1.0,0.99906063,0.24707031,0.0043656826,-13.770269,-13.780425,-3.3813198,114.14338,0.735258,1.1882327e-06,1.1720927,-2.1943598,25.962872,0.99906445,0.22363281,0.004407941,-13.271754,-13.281397,-3.4070282,81.15496,0.6856485,1.4354873e-06,46.513252,-0.27427274,-8.708422,0.33922815,1.0,0.998991,0.19726562,0.004796205,-13.601677,-13.611362,-3.693162,241.82655,0.91749245,3.8161835e-07,0.9989891,0.18261719,0.004826218,-13.087572,-13.096715,-3.7338343,115.68679,0.7665211,8.71617e-08,0.009947564458847046,25949.57839345932,470000
42.633522,-0.23790933,-8.668575,0.32926702,1.0,0.99907684,0.24023438,0.0043349336,-14.076513,-14.08701,-3.337442,145.74614,1.0725285,1.2496285e-05,1.461028,-1.1079038,22.432198,0.99907875,0.21289062,0.004422743,-13.372822,-13.382546,-3.4254577,99.129486,1.0847715,8.426045e-06,47.620422,-0.30929735,-8.686249,0.33368534,1.0,0.99898434,0.19433594,0.004842536,-13.821884,-13.831811,-3.6672692,281.53192,0.8275334,4.9093614e-09,0.9989691,0.18066406,0.0048947856,-13.106458,-13.115621,-3.7332172,123.15717,0.6801206,2.8145746e-11,0.009958053398132324,25999.368665218353,475000
44.99633,-0.2204109,-8.632061,0.32013816,1.0,0.9990759,0.27148438,0.004210907,-13.935866,-13.946412,-3.1476765,315.2091,0.9469806,1.3840321e-05,2.4939253,-1.3050526,23.505672,0.99907017,0.24511719,0.0043028723,-13.388727,-13.398654,-3.2320757,186.64296,0.79415816,1.2150016e-05,49.14418,-0.3004681,-8.699364,0.33696383,1.0,0.99900913,0.18945312,0.0047958246,-13.838516,-13.848496,-3.6292267,442.7394,1.5404328,3.648665e-07,0.9989977,0.18066406,0.004877783,-13.206539,-13.21585,-3.6810644,1075.2511,2.61585,3.9140973e-06,0.009957257795333862,26049.154955625534,480000
35.71535,-0.27287027,-8.701101,0.33739823,1.0,0.9990845,0.28125,0.0042097587,-14.09324,-14.103884,-3.2056227,257.05392,0.6972871,5.5224473e-06,1.6682702,-1.2434767,21.98639,0.99908257,0.23925781,0.004256782,-13.487276,-13.497291,-3.241528,74.89797,0.6431891,8.795036e-06,46.864838,-0.3261152,-8.722974,0.34286648,1.0,0.9989872,0.22265625,0.004692723,-13.874469,-13.884579,-3.532228,195.43289,0.7691977,7.981617e-07,0.9989929,0.20605469,0.0047064703,-13.281183,-13.290687,-3.560938,210.66292,1.0749528,2.1807213e-07,0.009935746383666993,26098.833689928055,485000
37.25201,-0.27268636,-8.628039,0.31913275,1.0,0.9990959,0.27441406,0.004210709,-13.973175,-13.983718,-3.1876912,392.09576,1.069124,1.34968695e-05,3.9537888,-1.5901877,25.819803,0.9990921,0.234375,0.004305576,-13.373082,-13.382954,-3.2743945,322.63208,1.0181451,5.9113932e-05,50.52101,-0.28788182,-8.669203,0.32942373,1.0,0.9990244,0.18847656,0.0048044524,-13.531255,-13.540843,-3.7229493,182.86304,0.90565485,9.250378e-08,0.99899864,0.17871094,0.00489497,-12.833481,-12.8424,-3.7095637,166.7557,0.8728525,5.470446e-07,0.009953665971755982,26148.60202240944,490000
42.357574,-0.23474267,-8.676357,0.33121252,1.0,0.99908924,0.27539062,0.0041586068,-14.114491,-14.125241,-3.1170626,147.56502,1.2609658,2.5523266e-05,2.6328392,-1.1994339,21.62194,0.99909115,0.24804688,0.0042257425,-13.6356735,-13.645882,-3.1926856,209.0316,1.0614641,9.90168e-06,49.937855,-0.27664253,-8.685171,0.33341557,1.0,0.99898815,0.16894531,0.004913724,-13.730111,-13.739859,-3.7589803,2353.037,3.1352715,1.5082355e-07,0.99897957,0.17480469,0.004972363,-13.1128235,-13.121909,-3.8187435,195.67123,1.1212025,1.1793484e-07,0.015127170658111573,26224.2378783226,495000
34.906868,-0.2750278,-8.650896,0.32484698,1.0,0.9990816,0.27734375,0.004180833,-14.150335,-14.161084,-3.1543734,429.56158,1.0012977,1.697734e-05,1.3946967,-2.5825531,21.640863,0.9990816,0.26953125,0.0042208717,-13.621196,-13.6313925,-3.1904259,80.59078,0.9678525,3.902124e-05,48.2194,-0.3376923,-8.726746,0.34380937,1.0,0.9989958,0.18554688,0.004733855,-13.890269,-13.900354,-3.5723224,688.5017,1.1815841,5.1525504e-08,0.99897385,0.18066406,0.004829164,-13.396914,-13.406511,-3.577839,184.76343,1.3478308,7.033492e-08,0.01664143033027649,26307.445031642914,500000
43.317955,-0.23891252,-8.687473,0.3339913,1.0,0.99906635,0.27734375,0.004160146,-14.06965,-14.080346,-3.126093,291.34872,1.1618913,1.7912294e-05,1.1597378,-3.036928,24.484512,0.99907017,0.23339844,0.0042374013,-13.487066,-13.497131,-3.1903071,495.46124,1.3393576,1.2068266e-05,50.237103,-0.25270796,-8.71549,0.34099537,1.0,0.9990034,0.19042969,0.004815744,-13.83437,-13.844314,-3.6631598,85.87411,0.7251637,1.2542831e-08,0.99899006,0.16503906,0.004903923,-13.306152,-13.315492,-3.751727,489.22034,1.4746664,5.1036647e-08,0.5286333294391632,28950.61168241501,505000
40.22032,-0.22248952,-8.668835,0.32933158,1.0,0.9990835,0.25097656,0.004281155,-13.949874,-13.960361,-3.2223153,107.18822,0.6925481,4.1913195e-06,1.2935748,-1.6079183,25.760944,0.99908066,0.22558594,0.00435914,-13.453461,-13.463395,-3.2892733,94.951584,0.8163855,4.7881695e-05,49.70225,-0.30443412,-8.656103,0.326149,1.0,0.99900436,0.18164062,0.00487055,-13.588875,-13.598507,-3.7345726,5096.8545,3.1755402,8.587125e-09,0.99899673,0.18359375,0.004941253,-13.038385,-13.047434,-3.7824302,266.77594,1.1019539,1.8748048e-06,0.02484073543548584,29074.81536102295,510000
36.146587,-0.25713366,-8.694006,0.3356244,1.0,0.9990721,0.2705078,0.0042422796,-14.025795,-14.036379,-3.1978657,211.37059,1.1164083,8.768115e-07,0.9031575,-1.324245,19.193977,0.9990654,0.24023438,0.0042819697,-13.454626,-13.464621,-3.2311344,102.1484,0.8801419,1.0683911e-05,51.82809,-0.26976085,-8.710152,0.3396606,1.0,0.9990282,0.20117188,0.0047263363,-13.603407,-13.613182,-3.6031032,230.23296,0.9825471,1.6208178e-08,0.9990225,0.19921875,0.004761577,-12.996079,-13.005227,-3.6376898,724.98474,1.835204,3.9298434e-10,0.02488456954956055,29199.238210201263,515000
48.616386,-0.21405642,-8.672745,0.3303091,1.0,0.99907017,0.24902344,0.0043247156,-13.995336,-14.005827,-3.263708,376.50922,1.3638037,1.974408e-05,1.0968091,-1.388987,25.121868,0.99906826,0.23046875,0.004394873,-13.423231,-13.4331,-3.3279243,1315.1581,2.2727876,2.0468777e-05,47.392105,-0.24337497,-8.674364,0.33071414,1.0,0.9989824,0.171875,0.0048951837,-13.793192,-13.80302,-3.739812,436.30832,1.1859717,2.6193925e-07,0.9989805,0.16796875,0.0049440432,-13.166401,-13.175548,-3.8089333,95.91718,0.647605,1.976913e-06,0.024812664699554444,29323.301535129547,520000
48.132065,-0.18623868,-8.688087,0.33414468,1.0,0.9990797,0.28125,0.004195271,-14.084634,-14.095314,-3.1583128,184.02591,1.0939109,2.115142e-05,1.3327363,-1.5111611,24.927618,0.999073,0.25585938,0.004257926,-13.5579605,-13.568061,-3.2247777,154.95041,1.0150117,4.5002716e-06,52.014618,-0.24260712,-8.666508,0.3287499,1.0,0.9989462,0.19335938,0.0048311516,-13.923608,-13.933752,-3.5459938,335.01065,0.99009377,3.4676066e-09,0.9989433,0.17871094,0.004884707,-13.328525,-13.338008,-3.6259813,192.13382,1.0132165,2.5123776e-09,0.016660675954818724,29406.60491847992,525000
39.061646,-0.2670775,-8.705313,0.3384514,1.0,0.9990797,0.23339844,0.004310119,-14.177839,-14.188523,-3.248304,168.34673,1.1662102,1.4089104e-05,0.78497154,-1.163775,19.591774,0.99907684,0.22265625,0.0043428093,-13.59695,-13.607056,-3.2570276,483.7223,1.6517967,1.9043832e-06,55.672398,-0.3080745,-8.689444,0.33448377,1.0,0.99895763,0.18554688,0.0049114246,-13.933565,-13.943704,-3.5610378,408.37216,1.832681,1.9001e-08,0.9989214,0.16894531,0.0050137555,-13.287354,-13.296806,-3.6185524,392.80502,1.345418,2.1953143e-08,0.016667070722579957,29489.94027709961,530000
37.670242,-0.23374361,-8.665285,0.3284443,1.0,0.9990759,0.25,0.004202157,-14.093601,-14.104297,-3.1524715,234.37169,0.9959582,1.557842e-05,1.1530359,-1.303646,21.342377,0.999074,0.23730469,0.004215629,-13.563713,-13.573873,-3.1702938,116.27661,0.9068334,2.3301025e-05,57.356724,-0.24106227,-8.67285,0.33033526,1.0,0.9989872,0.1875,0.0048112567,-13.783099,-13.793047,-3.6068254,128.98474,0.8323794,5.33553e-09,0.9989805,0.171875,0.004904614,-13.257115,-13.266494,-3.6642344,150.39485,1.0244853,1.303042e-08,0.011648602199554443,29548.183290958405,535000
41.62827,-0.2062112,-8.655186,0.32591963,1.0,0.9990711,0.24511719,0.004255644,-14.330562,-14.341433,-3.209468,157.93964,1.0355403,2.9882906e-06,2.888744,-1.2464517,28.553604,0.9990692,0.25390625,0.0042894604,-13.815943,-13.826263,-3.2578645,108.015045,0.9006504,1.949377e-06,44.634483,-0.28667814,-8.6599455,0.3271094,1.0,0.9989166,0.18359375,0.0049977666,-13.942644,-13.952712,-3.6430156,1394.8503,2.049137,3.8125494e-09,0.998888,0.15722656,0.005116538,-13.38114,-13.390598,-3.7044168,208.5007,1.610266,7.1816575e-09,0.00994670853614807,29597.916835546494,540000
46.14258,-0.21081612,-8.69555,0.3360106,1.0,0.9990692,0.2421875,0.0043055154,-14.139353,-14.14999,-3.2575302,362.97357,0.7604464,4.1021794e-05,1.7228895,-1.8443213,26.334469,0.9990673,0.21875,0.004427841,-13.525759,-13.535643,-3.4133925,118.25501,0.5862609,5.4760967e-06,44.494015,-0.29987967,-8.680124,0.33215412,1.0,0.99898624,0.14550781,0.004881809,-13.866142,-13.875999,-3.7829638,212.53264,0.80015254,7.566041e-08,0.99897575,0.13867188,0.0049102725,-13.313463,-13.322726,-3.8367462,193.7525,0.8927829,3.739835e-09,0.009975009107589722,29647.791882753372,545000
42.862293,-0.19892439,-8.683527,0.33300465,1.0,0.99909115,0.2685547,0.0041570757,-14.24726,-14.258103,-3.1546075,223.62921,1.1994008,7.4796562e-06,1.6788138,-1.2553098,23.503939,0.99908924,0.2548828,0.004213752,-13.616549,-13.626705,-3.225748,83.12383,1.0185871,1.0903592e-05,52.815533,-0.24511015,-8.671449,0.32998523,1.0,0.9990072,0.18847656,0.004784982,-13.708669,-13.718473,-3.678163,545.1909,1.4235601,1.0228559e-07,0.9989948,0.171875,0.0048284917,-13.033483,-13.042532,-3.776005,72.353424,0.46026707,2.5941038e-06,0.009961755800247192,29697.600665807724,550000
40.892906,-0.21227786,-8.621072,0.31739098,1.0,0.99908733,0.27246094,0.004158593,-13.96944,-13.980051,-3.1160574,314.82712,0.95549345,4.621345e-05,0.9599918,-1.0426373,18.201477,0.99908257,0.26464844,0.0042228433,-13.438288,-13.448314,-3.1803856,68.21346,0.7082912,3.5324876e-05,48.526978,-0.30523783,-8.694117,0.33565226,1.0,0.99899006,0.203125,0.0047904574,-13.726931,-13.7368555,-3.5724182,891.03284,1.7871768,1.1779563e-06,0.9989948,0.171875,0.0048677986,-13.158186,-13.16748,-3.6496885,381.52765,1.5499268,6.1649835e-08,0.009997111749649047,29747.5862262249,555000
37.819572,-0.2296162,-8.692336,0.33520705,1.0,0.99907017,0.2529297,0.004286542,-14.054659,-14.0652075,-3.2632408,181.32253,0.68788314,4.5163065e-07,1.1808774,-1.0055774,22.457432,0.9990692,0.23046875,0.004337007,-13.394009,-13.403868,-3.3090212,388.38495,1.1237936,4.7461863e-06,46.201942,-0.28621945,-8.725166,0.34341455,1.0,0.9989786,0.18457031,0.0047265086,-13.900031,-13.910208,-3.4904335,216.71921,0.8091401,3.146936e-07,0.9989824,0.17773438,0.0048098275,-13.240199,-13.249655,-3.567451,299.1876,1.7988665,1.0786282e-06,0.009976745557785034,29797.469955921173,560000
45.268627,-0.16494673,-8.611374,0.3149664,1.0,0.9990902,0.26757812,0.0042278115,-14.081241,-14.0919075,-3.1687493,201.55096,1.5179383,6.4985493e-06,1.2127694,-1.2849909,22.163338,0.99907494,0.24023438,0.0043138615,-13.525574,-13.535583,-3.2867162,103.79779,1.1120095,2.5161676e-06,50.72673,-0.32312757,-8.72159,0.34252048,1.0,0.9989824,0.19433594,0.0049085477,-13.773975,-13.783835,-3.687899,141.81807,0.8701444,5.412863e-07,0.99895287,0.17285156,0.0049982658,-13.193436,-13.202673,-3.7453818,370.5914,1.5394006,1.0262429e-06,0.009904077100753785,29846.990342855453,565000
39.572502,-0.25594804,-8.669779,0.32956773,1.0,0.9990816,0.25683594,0.0042401026,-14.131031,-14.141728,-3.1884513,52.045826,0.6784874,9.09314e-06,1.5732474,-1.4126462,24.372623,0.99907494,0.22460938,0.0042991927,-13.540644,-13.550705,-3.2492251,56.221153,0.7426261,1.7558947e-06,42.56717,-0.27170604,-8.7005825,0.33726838,1.0,0.99899006,0.171875,0.0048327865,-13.7969055,-13.806841,-3.6336071,521.627,1.3131058,3.7387526e-08,0.99897957,0.16992188,0.004821249,-13.204571,-13.213912,-3.6491282,148.88785,0.7636342,2.1443636e-10,0.00995725564956665,29896.776623010635,570000
36.49376,-0.26603532,-8.629765,0.31956413,1.0,0.99907494,0.24609375,0.0042167893,-14.190485,-14.201271,-3.1571517,275.93948,0.8260106,8.568502e-06,1.0137192,-1.2346244,20.029152,0.999074,0.22167969,0.004274599,-13.703328,-13.713602,-3.1933575,131.61555,1.1375475,1.7804692e-05,54.17801,-0.27547395,-8.729229,0.34443027,1.0,0.9989681,0.20605469,0.004670855,-13.779463,-13.789543,-3.466054,130.95941,0.84547985,3.105642e-08,0.9989271,0.1953125,0.0047707306,-13.208528,-13.217998,-3.5206246,411.81555,1.0550092,7.497456e-09,0.009965173244476318,29946.602493047714,575000
40.603592,-0.2715742,-8.691914,0.33510125,1.0,0.9990854,0.2607422,0.004238495,-14.032832,-14.043434,-3.1860487,95.833015,0.7811421,1.541582e-05,1.263957,-2.031699,23.039473,0.9990854,0.22949219,0.0043113083,-13.505539,-13.515562,-3.2511005,120.01037,0.8333382,5.2746822e-05,47.771473,-0.30335993,-8.665749,0.32856017,1.0,0.9990034,0.20605469,0.004807975,-13.861565,-13.871474,-3.7226782,107.45422,0.6342833,1.3188748e-08,0.99899673,0.18359375,0.0048611984,-13.324628,-13.333972,-3.7660584,48.608704,0.5667176,3.7067153e-08,0.009948382997512818,29996.34440946579,580000
37.768276,-0.24511772,-8.62016,0.31716305,1.0,0.99907684,0.27734375,0.0041586156,-14.291464,-14.302338,-3.167532,225.63263,0.92080027,8.335156e-06,1.4745377,-1.7486405,23.446669,0.99906826,0.25,0.004196897,-13.847439,-13.8578415,-3.2065918,76.01468,0.8717754,1.9886946e-05,42.566452,-0.31432042,-8.706928,0.33885503,1.0,0.99899006,0.18066406,0.0048715663,-13.809162,-13.818993,-3.752163,826.49445,0.83911943,3.1170376e-07,0.9989624,0.16992188,0.004968863,-13.286441,-13.295711,-3.8041527,184.25198,0.57110333,3.1214014e-07,0.009938030624389648,30046.03456401825,585000
50.34465,-0.1920101,-8.669165,0.32941407,1.0,0.9990759,0.25976562,0.0042042714,-14.397859,-14.4088125,-3.1919618,55.14491,0.7426423,2.8994806e-05,1.6479489,-2.716582,27.65361,0.99907875,0.24902344,0.0042495653,-13.898843,-13.909253,-3.249206,59.29855,0.7969424,1.33356325e-05,55.795986,-0.2950932,-8.688206,0.33417466,1.0,0.9989729,0.18261719,0.004911848,-13.983051,-13.993125,-3.678313,1122.7043,1.4848676,1.421239e-06,0.9989548,0.16699219,0.004967644,-13.473852,-13.483371,-3.7351089,159.85138,1.0111742,1.2328575e-09,0.009935935068130492,30095.714245796204,590000
40.315384,-0.23306161,-8.691133,0.33490616,1.0,0.9990797,0.26953125,0.0042598406,-14.021669,-14.032216,-3.231441,71.43803,0.83512086,1.2208066e-05,1.3311855,-2.2581997,25.058352,0.999073,0.25,0.0043182583,-13.4664955,-13.476438,-3.2952743,102.16375,0.81499326,4.4995187e-07,56.221207,-0.29980302,-8.7105875,0.33976996,1.0,0.9989948,0.19042969,0.0047387253,-13.910938,-13.921025,-3.5924792,496.18423,0.9987038,2.0068958e-10,0.99898815,0.18164062,0.00477191,-13.381189,-13.390715,-3.6371279,219.22919,0.96019566,7.616358e-11,0.013278955364227294,30162.109027147293,595000
41.803497,-0.2404061,-8.667805,0.32907405,1.0,0.99907494,0.26953125,0.0041585686,-14.149374,-14.160206,-3.0685172,139.99384,1.0876907,2.8885952e-07,1.5240581,-1.8100317,23.841724,0.9990778,0.25195312,0.0042094733,-13.512155,-13.522305,-3.1286798,855.90967,1.9772319,2.3689844e-07,46.708977,-0.3225217,-8.69668,0.33629304,1.0,0.9989748,0.19238281,0.004810977,-14.003298,-14.013475,-3.5932605,778.6868,1.8853083,2.8208454e-08,0.998971,0.18066406,0.0048690503,-13.293278,-13.302744,-3.608726,235.20003,1.382102,7.396725e-08,0.016699988317489624,30245.608973026276,600000
40.404312,-0.25349674,-8.644211,0.3231756,1.0,0.9990816,0.2734375,0.0042637964,-14.093604,-14.104184,-3.2697835,87.72257,0.7617815,7.650892e-06,2.120316,-1.3892455,24.819683,0.99908066,0.25585938,0.0042985743,-13.5203085,-13.530297,-3.302774,85.62415,0.75222003,7.3438504e-09,51.885796,-0.2901901,-8.719881,0.34209323,1.0,0.99895,0.17871094,0.004838597,-13.811725,-13.8216095,-3.6987896,181.60078,0.6242496,1.5193654e-08,0.99892426,0.16894531,0.004932652,-13.223524,-13.232856,-3.6785183,206.93488,1.083512,1.3293284e-07,0.5326465763568878,32908.84185862541,605000
42.805,-0.2592817,-8.63913,0.32190552,1.0,0.9990902,0.27734375,0.00417896,-14.143284,-14.154012,-3.1689281,88.33079,0.84585506,1.0654322e-05,1.4885352,-1.8805443,26.226398,0.9990797,0.23535156,0.004248688,-13.516943,-13.526985,-3.243524,171.887,0.8627519,2.4559253e-05,60.21738,-0.26718852,-8.679695,0.33204687,1.0,0.9990015,0.17773438,0.004758252,-13.967036,-13.977176,-3.5944111,257.83075,1.1595103,1.0383408e-08,0.99899006,0.18457031,0.0047938162,-13.297392,-13.306829,-3.6424365,106.86221,0.9586502,1.6999932e-06,0.023332183408737182,33025.50277876854,610000
36.89084,-0.24326923,-8.662575,0.32776654,1.0,0.999074,0.2578125,0.0042241793,-14.089771,-14.100411,-3.2062733,310.29224,1.0485556,2.0427085e-05,1.5317498,-0.9987774,20.279312,0.99907494,0.24414062,0.0042683017,-13.457834,-13.467805,-3.2574272,221.15027,0.7452569,3.9251768e-06,54.135323,-0.27498195,-8.691177,0.33491743,1.0,0.9989567,0.18066406,0.0048311874,-13.786856,-13.796785,-3.628654,396.8149,0.78980625,1.0695256e-07,0.99893856,0.15917969,0.0049353233,-13.124419,-13.133601,-3.7310972,47.742016,0.4393115,1.8055587e-07,0.017660980939865113,33113.80768561363,615000
39.58934,-0.23570438,-8.62458,0.31826812,1.0,0.9990845,0.25097656,0.00432026,-14.186783,-14.197476,-3.2470422,174.06471,1.2602448,1.6609692e-06,1.6438527,-0.82537836,21.711437,0.9990854,0.21582031,0.004388569,-13.5564,-13.566408,-3.3178067,113.91507,1.1970303,3.4666155e-05,46.58188,-0.36020386,-8.711824,0.34007907,1.0,0.9989662,0.17675781,0.00481112,-13.949101,-13.959222,-3.5963883,1101.2582,1.6728946,1.438249e-07,0.9989815,0.16015625,0.004847984,-13.246443,-13.2558775,-3.5949426,131.56723,1.4133341,9.0158187e-07,0.016684732007980346,33197.231348991394,620000
34.357662,-0.30575025,-8.674514,0.33075142,1.0,0.9990845,0.2529297,0.004296163,-14.187381,-14.198014,-3.3098512,561.58295,1.2585714,1.0210275e-05,1.9155542,-0.9028547,21.399813,0.9990816,0.23925781,0.0043484904,-13.670198,-13.680282,-3.3549087,146.17293,0.8478477,2.6754917e-05,48.46811,-0.3211212,-8.692009,0.3351252,1.0,0.9990082,0.19921875,0.004826786,-13.724606,-13.734397,-3.7080412,415.68958,1.0722976,2.6225982e-06,0.99898624,0.18066406,0.004858711,-13.191223,-13.200493,-3.707445,265.74637,0.9162196,7.1356267e-06,0.016686395359039305,33280.66332817078,625000
48.98405,-0.2430749,-8.67264,0.33028278,1.0,0.9990778,0.27148438,0.0043107807,-14.007395,-14.017832,-3.330625,539.5898,0.979418,1.0306257e-05,1.1290609,-1.9957273,25.990654,0.9990759,0.24023438,0.0043715434,-13.494852,-13.504748,-3.3709967,436.7498,1.396475,2.6274112e-05,47.160473,-0.36386934,-8.699549,0.33701026,1.0,0.99899006,0.17871094,0.004954602,-13.973818,-13.98382,-3.7415261,369.42606,1.4430437,6.122447e-08,0.9989338,0.16503906,0.005021248,-13.505798,-13.515328,-3.7558563,166.55823,0.8506135,8.8502226e-08,0.016678593444824218,33364.056299209595,630000
40.49054,-0.22326651,-8.662243,0.3276837,1.0,0.99906826,0.26367188,0.004300841,-14.0297985,-14.04033,-3.254569,252.402,0.8209703,5.0315386e-05,1.3241941,-1.17737,19.793491,0.99907017,0.24316406,0.0043350654,-13.55204,-13.56204,-3.3217676,307.39667,0.8967782,5.3539818e-05,49.139793,-0.26898605,-8.685524,0.33350414,1.0,0.9990015,0.16796875,0.0049067633,-13.8092575,-13.81911,-3.7312398,505.9745,1.214929,1.08675735e-08,0.9990053,0.15234375,0.0049248934,-13.32128,-13.330634,-3.7526352,146.13843,1.1335747,2.2453106e-07,0.01668864254951477,33447.499514341354,635000
42.32633,-0.22821975,-8.65542,0.3259781,1.0,0.9990816,0.2626953,0.0042507397,-14.087844,-14.09851,-3.177193,102.45094,0.6965018,6.701847e-05,1.6059753,-1.7086265,27.917488,0.9990797,0.23242188,0.0043204,-13.581327,-13.591394,-3.2822924,37.95908,0.5357659,8.165397e-05,45.71157,-0.30765224,-8.688958,0.3343625,1.0,0.9989691,0.19042969,0.0048398515,-13.8149185,-13.8249035,-3.6016405,63.758514,0.65476227,1.00388164e-07,0.9989557,0.1640625,0.0049025724,-13.285328,-13.294747,-3.6489296,221.27113,1.01807,1.1842392e-06,0.014589889335632324,33520.448964357376,640000
48.842518,-0.18695313,-8.676083,0.33114368,1.0,0.99908733,0.2783203,0.0041885655,-14.222933,-14.233752,-3.1539862,160.1933,1.0786176,4.130769e-06,2.5706818,-1.8976289,30.18999,0.99909115,0.24511719,0.0042485814,-13.716191,-13.726465,-3.2061539,66.816246,0.9188922,3.5835303e-05,53.13147,-0.3421101,-8.6871605,0.33391285,1.0,0.99896145,0.171875,0.004911056,-13.857349,-13.867304,-3.6737924,247.07755,1.0027525,7.494936e-10,0.99895954,0.140625,0.0050287377,-13.283015,-13.292347,-3.7361784,401.7383,1.4843525,2.2765805e-06,0.010008354711532592,33570.49073934555,645000
35.007904,-0.2512208,-8.66988,0.32959297,1.0,0.9990711,0.23339844,0.0043337205,-14.112333,-14.122913,-3.2888718,149.4242,0.8792689,7.470467e-06,1.5157475,-0.8120666,17.612045,0.99907017,0.22753906,0.0043745413,-13.537479,-13.547451,-3.3364916,343.1917,1.3592238,4.6455575e-08,43.431805,-0.26942706,-8.691198,0.33492255,1.0,0.9989691,0.16992188,0.0048938347,-13.820677,-13.830602,-3.668596,865.50183,1.5026553,5.0352178e-08,0.99897385,0.16113281,0.004927474,-13.095768,-13.104919,-3.7331812,227.1605,1.0034525,6.01694e-07,0.010003069210052491,33620.506088495255,650000
34.115685,-0.25130904,-8.696369,0.33621547,1.0,0.9990845,0.25097656,0.00420426,-14.330503,-14.341436,-3.1459866,326.3091,1.4124892,5.3895757e-05,1.2634326,-1.3986106,20.241371,0.99907684,0.24414062,0.004274794,-13.739562,-13.749826,-3.2400453,92.56656,0.8317384,2.8087217e-05,50.4071,-0.28052336,-8.697205,0.3364243,1.0,0.99903107,0.17578125,0.0047245407,-13.901199,-13.911201,-3.6694188,1004.74585,1.5266781,1.0749452e-07,0.9989958,0.16796875,0.0048079845,-13.274421,-13.283767,-3.7140927,202.66068,0.90292215,1.4929319e-07,0.010006192016601563,33670.53705024719,655000
40.844337,-0.17900863,-8.657103,0.32639855,1.0,0.9990797,0.2626953,0.004180702,-14.224572,-14.235419,-3.128044,289.32,1.0804576,1.4584719e-05,1.1566976,-1.0546631,21.094254,0.9990759,0.24804688,0.0042755296,-13.669091,-13.679283,-3.2428434,75.22945,0.870952,7.1979764e-07,48.015182,-0.26121807,-8.72772,0.34405303,1.0,0.99897003,0.19140625,0.0049119513,-13.72669,-13.736508,-3.6835198,132.00946,0.67837673,2.2782842e-09,0.99893475,0.1796875,0.005095288,-13.304792,-13.314131,-3.7530947,203.2706,1.3465581,1.5721467e-08,0.009991803646087646,33720.49607014656,660000
37.536568,-0.26264638,-8.671065,0.32988918,1.0,0.99908257,0.2841797,0.0041856198,-14.247695,-14.258512,-3.182129,126.63284,0.7898848,2.7250012e-06,2.3785055,-2.312695,25.806116,0.99907684,0.24609375,0.0042201043,-13.771259,-13.781581,-3.2110848,164.16344,0.75791067,8.997888e-06,58.630383,-0.22128634,-8.68911,0.33440048,1.0,0.99899197,0.20117188,0.0047684447,-13.847483,-13.857513,-3.5853713,83.77367,0.67273813,3.6417194e-07,0.99899197,0.16894531,0.004832888,-13.288204,-13.297629,-3.6457324,917.9007,1.7971236,2.2609763e-06,0.010001163339614868,33770.501890182495,665000
36.745777,-0.25359905,-8.649214,0.32442665,1.0,0.9990759,0.25585938,0.0041717505,-14.322923,-14.333898,-3.0962586,220.73927,0.84808266,4.9451135e-08,1.3652239,-0.94566077,17.951464,0.99907494,0.24707031,0.004236075,-13.636103,-13.646364,-3.1392798,52.714657,0.8115548,2.4599653e-06,39.342033,-0.36721367,-8.697975,0.33661664,1.0,0.99895287,0.18847656,0.0049574533,-14.011667,-14.021736,-3.710532,336.52362,0.81279236,2.1269884e-08,0.99895954,0.14746094,0.0050734305,-13.275866,-13.285183,-3.7442422,261.7489,1.5347061,2.1525277e-09,0.009997278881072998,33820.48828577995,670000
55.05234,-0.21470632,-8.675659,0.33103758,1.0,0.99906826,0.27441406,0.004272414,-14.210094,-14.220791,-3.2676158,108.04518,0.7133082,1.0063221e-05,1.3109059,-2.094862,26.410912,0.9990692,0.24902344,0.004302766,-13.544807,-13.554827,-3.2947197,68.35614,0.69838834,9.424221e-06,50.74962,-0.31121716,-8.707492,0.338996,1.0,0.99897385,0.15722656,0.0049143387,-13.919126,-13.929059,-3.7571292,84.382095,0.62423754,5.594046e-07,0.9989891,0.14160156,0.004948521,-13.280857,-13.290105,-3.819879,68.672195,0.49734962,9.1677364e-08,0.010007625818252564,33870.526416540146,675000
35.37822,-0.24487954,-8.677338,0.33145726,1.0,0.99907494,0.24902344,0.0042737434,-14.215047,-14.225747,-3.2682412,106.34915,0.7553046,1.3178714e-08,1.0636841,-1.9695344,19.070133,0.99906445,0.22851562,0.004324043,-13.498083,-13.508031,-3.3221884,91.60599,0.7595696,3.6876613e-06,52.02482,-0.2986516,-8.730208,0.34467518,1.0,0.9989481,0.19433594,0.004850365,-14.039337,-14.049541,-3.5999327,1299.909,1.5266392,4.5801517e-08,0.9989443,0.17382812,0.004899261,-13.380553,-13.390113,-3.6007702,312.98666,1.0502155,2.950589e-07,0.010034122085571289,33920.69703221321,680000
44.73961,-0.23317492,-8.66244,0.32773304,1.0,0.99906254,0.27148438,0.004196792,-14.256037,-14.266904,-3.1392684,127.42373,0.7720542,1.6320074e-06,1.5149162,-1.3611383,23.694553,0.99906635,0.25390625,0.0042646094,-13.648287,-13.658487,-3.213614,369.97943,0.9683584,1.0228237e-05,52.379086,-0.26740354,-8.708727,0.3393048,1.0,0.99899864,0.19921875,0.00481431,-13.97863,-13.988677,-3.699285,325.2545,0.98225546,5.6264604e-10,0.99898815,0.17382812,0.004909116,-13.360081,-13.369441,-3.7835965,195.76007,1.1444211,7.722356e-10,0.010018821287155151,33970.79114031792,685000
34.054996,-0.270756,-8.709055,0.33938682,1.0,0.9990816,0.265625,0.0042520086,-14.383093,-14.39404,-3.1833358,237.21829,1.0088577,9.782061e-07,0.7590787,-1.0683372,16.64914,0.99907875,0.25097656,0.0043032574,-13.886677,-13.897069,-3.2553442,99.2324,1.0869175,5.8452847e-06,49.181976,-0.28590584,-8.6765175,0.3312524,1.0,0.998991,0.19140625,0.0048652343,-14.129717,-14.139969,-3.6412785,977.1831,2.680162,3.8598787e-07,0.99899197,0.171875,0.0049142847,-13.546845,-13.556483,-3.6871703,575.99176,1.589006,7.1724514e-07,0.010019174528121948,34020.88701605797,690000
42.42259,-0.21531397,-8.664188,0.32817018,1.0,0.99909496,0.26367188,0.004284355,-14.23604,-14.246813,-3.21568,632.46027,1.4438894,1.3460127e-06,1.315289,-2.4081814,23.726957,0.99908257,0.23144531,0.0043460047,-13.57284,-13.582875,-3.3063335,376.3082,1.591821,1.1903066e-05,52.870842,-0.2617386,-8.739661,0.34703815,1.0,0.99902725,0.18945312,0.004747607,-13.782064,-13.791911,-3.7095337,153.49252,0.6460093,5.0970914e-07,0.99902153,0.16113281,0.0048329253,-13.046879,-13.055932,-3.784174,118.18347,0.6583284,6.026927e-09,0.016207297468185423,34101.92350459099,695000
42.027958,-0.25045905,-8.653988,0.32561973,1.0,0.9990854,0.2626953,0.004205399,-14.210558,-14.221367,-3.1535335,132.36778,1.0809777,1.1362946e-05,2.1748312,-1.0077307,22.866026,0.99907684,0.23632812,0.0042943554,-13.524989,-13.535036,-3.247024,312.69965,1.227839,4.7297053e-05,40.336838,-0.36552942,-8.666317,0.32870212,1.0,0.99899006,0.20703125,0.0047336514,-14.000566,-14.010787,-3.54383,179.43954,0.9614403,2.6196145e-09,0.99895,0.20410156,0.0048316363,-13.361814,-13.371373,-3.581979,132.03697,0.9816196,1.3761351e-07,0.0182751033782959,34193.299025774,700000
39.97881,-0.25226724,-8.661575,0.32751694,1.0,0.9990902,0.27734375,0.004150425,-14.379848,-14.390879,-3.0942874,801.6023,1.5297613,6.679728e-06,1.7544184,-1.3954899,21.184208,0.9990902,0.25390625,0.0041961577,-13.906565,-13.91707,-3.1596408,1010.5867,2.2652144,3.4310804e-05,52.808117,-0.31758603,-8.688443,0.3342337,1.0,0.99892616,0.17285156,0.0050723497,-14.080594,-14.090751,-3.6902618,3944.3137,3.5056632,1.4952535e-08,0.99894047,0.15917969,0.0050962297,-13.499882,-13.509401,-3.7608428,350.92194,1.4825115,1.35629135e-08,0.5251775347232819,36819.18670248985,705000
37.74827,-0.30573323,-8.663017,0.3278772,1.0,0.99907494,0.24609375,0.004211877,-14.7555485,-14.766878,-3.1639814,122.99912,0.98134923,1.5273172e-05,1.2424529,-2.2448835,21.925495,0.9990759,0.24902344,0.0042386274,-13.977349,-13.987879,-3.2069612,201.7978,0.95524573,5.915806e-06,45.186207,-0.34219092,-8.686289,0.33369526,1.0,0.99902916,0.17382812,0.004822159,-13.973056,-13.983029,-3.7716513,501.85983,1.1134082,7.6672055e-09,0.9990196,0.16210938,0.004807531,-13.271219,-13.280532,-3.7435787,120.955315,0.7472051,1.2337038e-06,0.023362137365341186,36935.99739027023,710000
37.28271,-0.24664673,-8.690454,0.3347363,1.0,0.9990797,0.2626953,0.0042062467,-14.446175,-14.457198,-3.1689336,332.79117,1.510928,2.679867e-06,1.1849531,-1.5435331,22.358345,0.9990816,0.24414062,0.004266991,-13.84609,-13.856467,-3.2304707,146.24864,1.2208767,9.816935e-06,52.297348,-0.2740484,-8.664833,0.32833135,1.0,0.9989872,0.1875,0.004835982,-13.949678,-13.959781,-3.6146538,236.78151,0.9766152,4.2142055e-08,0.99898624,0.18261719,0.004901871,-13.330175,-13.339609,-3.679895,575.0845,1.3221833,1.2857516e-10,0.023376587438583375,37052.88033032417,715000
35.85756,-0.2963994,-8.66473,0.32830536,1.0,0.99907875,0.25976562,0.004250977,-14.508268,-14.519314,-3.209671,343.68796,1.2090875,1.9834913e-07,1.6742191,-1.9777158,23.086922,0.99907875,0.25,0.004287632,-13.910187,-13.920604,-3.254475,103.36265,0.8637001,2.477398e-05,55.177475,-0.25512463,-8.666946,0.3288597,1.0,0.9989872,0.19042969,0.0048146094,-14.067133,-14.077327,-3.639715,415.81448,1.2470249,7.058031e-08,0.9989681,0.171875,0.004966442,-13.49644,-13.505966,-3.750954,269.06567,1.1013817,8.269112e-09,0.016595585584640502,37135.85825967789,720000
44.464607,-0.23410799,-8.667154,0.32891148,1.0,0.9990845,0.25195312,0.0042303586,-14.190075,-14.200806,-3.2130053,251.0071,1.0225106,1.8544415e-05,1.1850123,-2.8256855,26.957035,0.99908066,0.24316406,0.004274157,-13.579931,-13.590012,-3.266435,101.86322,0.90593666,4.8562673e-05,44.88728,-0.31606406,-8.677028,0.33137986,1.0,0.99892426,0.15625,0.0048774937,-13.956236,-13.966389,-3.570619,175.4428,0.9326532,1.2249262e-08,0.9989557,0.16796875,0.004832375,-13.369501,-13.379095,-3.5533578,249.16588,1.1382021,1.9066937e-07,0.01665832395553589,37219.14988064766,725000
44.365677,-0.19666013,-8.632557,0.32026216,1.0,0.999073,0.25195312,0.004258058,-14.249823,-14.260604,-3.2206583,197.21408,1.0072062,2.7806094e-05,3.0073705,-1.3605282,26.460081,0.999074,0.24316406,0.0043023177,-13.617441,-13.627563,-3.2635345,206.45825,1.2873809,4.911624e-05,48.449028,-0.2531474,-8.670981,0.32986823,1.0,0.99898434,0.19433594,0.004838047,-14.13497,-14.145314,-3.5515556,803.5154,2.1220574,2.8973326e-07,0.99897575,0.16796875,0.004878862,-13.55658,-13.566288,-3.624991,1667.6621,2.7671056,1.9726123e-09,0.016616384410858154,37302.23180627823,730000
39.95561,-0.22042316,-8.636051,0.32113567,1.0,0.9990835,0.2529297,0.0042733485,-14.2621155,-14.27288,-3.2511013,137.17331,0.8960627,6.9358025e-06,1.466593,-1.1947643,21.045006,0.99908066,0.23828125,0.0043366486,-13.711963,-13.722131,-3.3096838,147.18364,0.9365721,1.940756e-05,46.76943,-0.27628896,-8.741522,0.34750342,1.0,0.9990206,0.1953125,0.0047487933,-13.982084,-13.992168,-3.666174,799.1506,1.5202599,9.420675e-11,0.9990158,0.16308594,0.00475955,-13.409634,-13.419143,-3.68152,42.45289,0.42371607,6.1832894e-10,0.016640683126449583,37385.435223817825,735000
39.050774,-0.26458257,-8.642102,0.3226485,1.0,0.99908257,0.2783203,0.004099782,-14.391118,-14.402161,-3.0941398,145.04521,0.9671824,1.180109e-05,1.783312,-1.9056722,23.48753,0.9990854,0.25976562,0.0041480693,-13.738119,-13.74849,-3.1284409,102.233536,0.92501485,6.814017e-05,58.796352,-0.2874063,-8.715269,0.3409403,1.0,0.9990139,0.20605469,0.0047531147,-14.1633625,-14.173616,-3.674223,403.9678,1.3381894,6.98082e-08,0.99900913,0.18457031,0.004873605,-13.479931,-13.48942,-3.771972,289.26,1.56493,3.6603754e-07,0.01553165192604065,37463.09348464012,740000
35.47791,-0.26323342,-8.667812,0.32907632,1.0,0.99907875,0.2763672,0.0042084954,-14.320381,-14.331282,-3.168625,50.155933,0.6161904,3.668317e-06,2.560319,-1.2064543,23.06388,0.99907494,0.23339844,0.0042953733,-13.775392,-13.785656,-3.27493,28.844694,0.4970935,2.6656937e-05,52.282265,-0.31915367,-8.689243,0.33443385,1.0,0.9989319,0.16699219,0.004934227,-14.037895,-14.048062,-3.6365023,526.42834,1.7060285,1.7034562e-08,0.99894714,0.16601562,0.004917055,-13.45215,-13.461718,-3.6650019,192.67567,1.0052217,2.230851e-08,0.009977393865585327,37512.98045563698,745000
39.72426,-0.28783542,-8.690891,0.33484563,1.0,0.9990721,0.2734375,0.0042557074,-14.334866,-14.345703,-3.248972,127.31259,0.96106875,3.0087787e-05,2.0169954,-2.1464765,29.784077,0.99907494,0.25097656,0.0043017473,-13.6496105,-13.65974,-3.2874057,266.7173,1.129533,1.6616228e-05,46.787468,-0.31619197,-8.667287,0.32894465,1.0,0.9989977,0.18847656,0.0049192742,-14.175299,-14.185478,-3.7616692,229.89684,1.2643541,1.4565715e-11,0.99898624,0.18847656,0.005060128,-13.53424,-13.543711,-3.8457036,165.76512,1.3441412,4.359594e-09,0.00993171420097351,37562.639029979706,750000
39.306572,-0.23592353,-8.6917925,0.33507097,1.0,0.99907875,0.27929688,0.004169907,-14.377754,-14.388741,-3.138375,489.21915,1.245883,2.0495343e-05,1.197701,-1.4757607,23.994192,0.99907017,0.2421875,0.0042554713,-13.725786,-13.736055,-3.2208114,119.48214,0.91218936,4.118443e-05,55.18922,-0.32764882,-8.673331,0.3304556,1.0,0.9989767,0.19042969,0.004893247,-13.924281,-13.934308,-3.6666822,215.33055,1.3978219,7.3233764e-08,0.9989681,0.16601562,0.0049144365,-13.366417,-13.375846,-3.7202177,186.84233,0.97325325,4.0934623e-08,0.009996084213256836,37612.619455337524,755000
39.443165,-0.2545186,-8.688827,0.33432972,1.0,0.99908733,0.25390625,0.0042312546,-14.454708,-14.465709,-3.2013042,465.66745,1.341991,2.0706126e-05,1.2917671,-1.3040234,22.162935,0.99908257,0.24121094,0.0043206713,-13.868675,-13.87901,-3.2957869,206.10591,1.3548138,9.225086e-06,50.27792,-0.29033774,-8.6971855,0.33641946,1.0,0.99897766,0.19726562,0.0048285485,-14.0472975,-14.057433,-3.6794558,339.06567,0.9867388,4.3436782e-11,0.9989586,0.17382812,0.005049645,-13.410669,-13.4201355,-3.7262552,126.627716,1.0319084,1.5491793e-07,0.009945073080062867,37662.34482216835,760000
36.120728,-0.31054026,-8.695763,0.33606353,1.0,0.9990864,0.2705078,0.0042347237,-14.412558,-14.423534,-3.18265,376.32492,1.5655751,4.1138796e-06,1.3448547,-2.0064409,25.794067,0.9990797,0.24023438,0.0043289764,-13.726147,-13.736362,-3.2746868,240.1642,1.0849222,7.0498986e-06,51.128395,-0.30426925,-8.667297,0.32894728,1.0,0.998991,0.18164062,0.004835681,-14.082215,-14.092426,-3.6364162,299.5239,1.1583085,4.312651e-09,0.998971,0.16113281,0.0048637656,-13.35717,-13.366639,-3.669373,244.35498,1.101234,2.1270269e-10,0.009942438507080079,37712.05701875687,765000
37.61622,-0.30354375,-8.675688,0.33104485,1.0,0.9990654,0.2529297,0.004387656,-14.288892,-14.29959,-3.3453655,540.28,1.2707283,1.6513104e-05,4.594574,-1.7535293,28.76618,0.99906063,0.23144531,0.0044452515,-13.712993,-13.723052,-3.4217587,46.11604,0.578282,1.295298e-05,49.26705,-0.31317228,-8.701961,0.337613,1.0,0.9989939,0.16601562,0.004847035,-14.146595,-14.156888,-3.6175318,1028.5482,2.038597,1.9303666e-06,0.9989891,0.16210938,0.0048861266,-13.5340805,-13.543725,-3.6672316,269.81122,1.4533443,8.243299e-06,0.011957735395431518,37771.845700502396,770000
39.223877,-0.25332305,-8.6606045,0.32727396,1.0,0.99905777,0.2685547,0.0041581686,-14.575566,-14.586839,-3.044756,171.71405,1.006904,1.453711e-06,1.5315267,-3.5738184,26.884909,0.9990549,0.2548828,0.004213064,-14.003348,-14.014017,-3.088584,499.84296,1.6982875,4.0812793e-07,56.555042,-0.31752887,-8.72387,0.34309053,1.0,0.9989834,0.17871094,0.004933217,-14.040537,-14.050592,-3.7553287,385.34894,1.0824578,2.1574692e-08,0.9989786,0.15039062,0.0050455215,-13.362061,-13.371363,-3.8458714,109.96823,0.6595973,8.838156e-09,0.018268583583831786,37863.188621759415,775000
47.387726,-0.21980739,-8.672846,0.3303343,1.0,0.99907875,0.2626953,0.004246655,-14.285317,-14.296139,-3.2155538,106.32334,0.88082206,2.7822674e-05,3.0469675,-0.839568,24.916111,0.99907875,0.24121094,0.00429511,-13.704368,-13.714585,-3.2518826,84.35803,0.9412335,1.6306725e-06,46.696922,-0.3503203,-8.721157,0.3424123,1.0,0.9990282,0.18359375,0.0046566385,-14.006252,-14.01644,-3.584918,294.4368,0.8878494,6.1468234e-07,0.9989996,0.16992188,0.004786171,-13.388411,-13.397989,-3.588367,123.54331,0.9185922,6.809025e-06,0.018383389186859132,37955.1055688858,780000
42.9732,-0.28633082,-8.683613,0.3330262,1.0,0.99909115,0.27539062,0.0041655814,-14.382742,-14.39375,-3.1214576,115.25154,0.90943116,1.7853083e-05,1.3056914,-1.1076634,24.971264,0.9990797,0.24902344,0.004233321,-13.841938,-13.852356,-3.1862411,62.94387,0.9420018,2.283481e-05,53.840637,-0.28228372,-8.6819105,0.33260065,1.0,0.9989748,0.19628906,0.0047210623,-13.973928,-13.984175,-3.4930925,99.47089,0.82008463,4.528948e-07,0.9989586,0.1875,0.0048199925,-13.384196,-13.39379,-3.5688853,294.86954,1.3124648,2.3942487e-08,0.01832106113433838,38046.71087598801,785000
45.094933,-0.24341413,-8.646707,0.32379955,1.0,0.99909496,0.25390625,0.004197229,-14.306814,-14.3177,-3.170445,100.812294,0.9647391,1.5383614e-05,1.6490047,-1.6079301,25.724083,0.99908257,0.23046875,0.0042710733,-13.737335,-13.747578,-3.2597022,184.14168,0.98742306,2.2193828e-05,52.503746,-0.34529072,-8.696538,0.33625758,1.0,0.9989891,0.18554688,0.0048855115,-13.86277,-13.872709,-3.69515,1213.6123,2.069809,1.3478399e-07,0.9989805,0.18847656,0.0049287733,-13.289025,-13.298383,-3.7174969,203.139,0.92257226,4.9052264e-08,0.018328285074234008,38138.35230565071,790000
41.051773,-0.26009566,-8.68198,0.33261788,1.0,0.9990797,0.27441406,0.0041919784,-14.368939,-14.37989,-3.1653543,139.7638,0.8553181,1.727358e-05,1.9519509,-2.1704826,24.32188,0.9990797,0.25390625,0.0042399135,-13.794123,-13.804453,-3.2270572,195.00768,0.97460294,9.973451e-06,46.67756,-0.27965662,-8.702978,0.33786738,1.0,0.9990015,0.17578125,0.004848279,-13.869175,-13.87909,-3.72483,801.0211,1.227631,1.9247047e-06,0.9989958,0.15332031,0.004903687,-13.298585,-13.307876,-3.794189,96.06191,0.77302134,4.3897226e-06,0.01838221559524536,38230.26338505745,795000
43.562054,-0.25137663,-8.68763,0.33403027,1.0,0.999074,0.2685547,0.0042094826,-14.436071,-14.447073,-3.182591,138.19408,0.7240486,3.189943e-05,1.4084396,-1.8870115,28.463942,0.99907875,0.24707031,0.004251169,-13.724725,-13.734971,-3.2428179,95.02718,0.76955193,6.446787e-05,59.16581,-0.32544318,-8.678171,0.33166564,1.0,0.99898815,0.16601562,0.0049221814,-13.979408,-13.989397,-3.7599373,303.40436,1.0203876,4.9091777e-15,0.9989834,0.15820312,0.0049565104,-13.269049,-13.2783,-3.8047533,264.51602,0.85871184,9.682015e-10,0.01837907781600952,38322.15877866745,800000
45.164444,-0.20058048,-8.675901,0.33109826,1.0,0.9990711,0.2734375,0.0043005925,-14.443168,-14.454072,-3.289395,157.2165,0.8087848,3.9908355e-06,1.369274,-1.8497269,26.132446,0.99906254,0.24316406,0.004382596,-13.779866,-13.790058,-3.3531868,290.67545,1.0917135,2.603317e-05,51.929367,-0.3034526,-8.7202835,0.34219372,1.0,0.9989939,0.18554688,0.004871781,-13.974801,-13.984831,-3.7146502,1535.926,2.4627895,3.957483e-08,0.99899864,0.17285156,0.0048808446,-13.317665,-13.327008,-3.7594628,409.37485,1.2834046,3.0274744e-08,0.479516517496109,40719.74137020111,805000
43.12345,-0.24433023,-8.672485,0.3302442,1.0,0.99908066,0.24804688,0.004246335,-14.293578,-14.304377,-3.2465484,180.36447,0.8295755,8.9723306e-07,1.2519782,-2.3231602,24.61222,0.9990778,0.24707031,0.004305263,-13.666807,-13.676921,-3.3202448,64.74824,0.6912922,8.007192e-06,54.29656,-0.30189592,-8.695015,0.33587646,1.0,0.9990053,0.17773438,0.004776525,-14.147795,-14.158085,-3.6204417,470.92163,1.652004,3.3932114e-08,0.9989958,0.15527344,0.0048744874,-13.478409,-13.487938,-3.7302547,158.7654,0.76929003,2.7399876e-08,0.026249831199645995,40850.99052834511,810000
42.48507,-0.23135564,-8.658058,0.32663757,1.0,0.9990797,0.2685547,0.0041672816,-14.680075,-14.691385,-3.108873,1726.5464,2.6517782,2.3918e-06,1.8164592,-2.0793672,25.726871,0.9990778,0.25097656,0.004221267,-14.099949,-14.110624,-3.179378,157.96577,1.3490359,3.2529472e-06,46.466652,-0.3313136,-8.719382,0.34196872,1.0,0.9989891,0.20507812,0.0048532803,-14.230513,-14.240865,-3.639895,410.9971,1.5871656,8.117843e-08,0.99899864,0.19140625,0.0048886337,-13.692882,-13.702637,-3.7134438,228.72751,1.1886202,3.101118e-07,0.023992558765411377,40970.95332574844,815000
39.55347,-0.26812688,-8.667751,0.32906097,1.0,0.999074,0.27929688,0.0041747475,-14.329624,-14.340589,-3.1131003,879.52985,1.4585203,1.1749803e-05,2.0437384,-2.0988417,27.497076,0.99907684,0.26367188,0.004220079,-13.668905,-13.679166,-3.171824,384.9438,1.3551868,1.6056232e-05,60.321106,-0.24366125,-8.703201,0.33792332,1.0,0.9989977,0.19824219,0.0048718583,-14.028812,-14.039007,-3.5999527,373.941,1.8541641,5.0075293e-08,0.9989853,0.17089844,0.0048810923,-13.40712,-13.416656,-3.652022,660.39233,2.1671698,9.0787815e-08,0.018852794885635377,41065.21730399132,820000
47.41962,-0.16370028,-8.67362,0.3305279,1.0,0.99908257,0.2626953,0.0042220773,-14.257967,-14.268815,-3.1598258,1824.468,1.9628263,2.7610025e-05,1.1987995,-1.4698954,25.688652,0.9990721,0.25195312,0.004286729,-13.708466,-13.71868,-3.258137,96.59413,0.74138236,3.3264891e-06,53.93061,-0.29421592,-8.693835,0.33558166,1.0,0.9989567,0.19042969,0.004899932,-14.069103,-14.079356,-3.5807977,1091.4883,2.0800385,5.985822e-09,0.9989586,0.16699219,0.0049924767,-13.539072,-13.548727,-3.6615314,410.51218,1.6392974,3.1815678e-10,0.016968263006210328,41150.05862116814,825000
48.346558,-0.20067526,-8.693567,0.33551458,1.0,0.99908733,0.2919922,0.004094369,-14.537737,-14.548965,-3.050517,72.97332,0.8317555,1.7474944e-05,1.9283543,-1.7189952,28.48011,0.9990864,0.265625,0.004144158,-13.862665,-13.873167,-3.11825,195.01958,0.87022257,2.582999e-05,53.446465,-0.28236663,-8.697903,0.33659875,1.0,0.9990196,0.19628906,0.0048075556,-14.134106,-14.144419,-3.5838685,1255.2217,2.2919245,8.2515e-12,0.99900436,0.18554688,0.0048393244,-13.482868,-13.492533,-3.595718,102.54791,1.0909524,6.865547e-11,0.017016798210144044,41235.14261555672,830000
37.188496,-0.25096643,-8.616513,0.31625116,1.0,0.9990721,0.25683594,0.004301548,-14.419699,-14.430581,-3.2885525,319.33633,0.8963331,3.1685058e-06,1.2933028,-1.1253216,22.146053,0.99907494,0.23632812,0.0043457123,-13.833008,-13.843265,-3.3395069,52.09941,0.74314475,9.541032e-06,41.3509,-0.3541845,-8.703865,0.33808938,1.0,0.99899864,0.19042969,0.0047677937,-14.138217,-14.1485,-3.6168308,465.78247,1.2044176,2.818631e-07,0.99897957,0.16992188,0.0048455577,-13.511236,-13.520888,-3.6363459,144.20209,1.1560764,1.2324549e-06,0.01697088670730591,41319.99705052376,835000
32.994614,-0.3131403,-8.668276,0.32919186,1.0,0.9990797,0.26367188,0.0042139282,-14.389357,-14.40028,-3.2135403,210.08963,0.7628249,6.092021e-06,1.2198246,-1.1236784,19.62136,0.99908733,0.24316406,0.0042644283,-13.809398,-13.81975,-3.21803,98.30353,0.8437541,2.1368666e-07,44.094482,-0.3346554,-8.726953,0.34386095,1.0,0.9989977,0.18164062,0.0048093367,-14.008294,-14.018416,-3.6539383,4859.4746,3.7121012,2.2767249e-07,0.99899197,0.17285156,0.0049003246,-13.302578,-13.3119135,-3.751811,171.37892,0.7726008,5.9934274e-10,0.016998388957977294,41404.98899912834,840000
35.568436,-0.26431793,-8.66101,0.3273754,1.0,0.99908733,0.2626953,0.0042101704,-14.485784,-14.496856,-3.1581638,119.833725,0.8481511,2.4022722e-06,1.4067886,-1.46862,21.583595,0.9990816,0.22949219,0.0042617368,-14.011112,-14.021661,-3.2193103,107.368645,0.8714625,2.5152596e-05,54.457214,-0.25073248,-8.676329,0.3312051,1.0,0.99900246,0.18261719,0.004812661,-14.0268955,-14.0371,-3.5882971,4191.6943,3.565712,1.4784256e-06,0.9989948,0.16503906,0.0049091983,-13.642822,-13.652559,-3.6813288,152.57686,1.2644049,1.211554e-06,0.016963183784484862,41489.804919719696,845000
40.508743,-0.23126528,-8.664683,0.3282938,1.0,0.99906826,0.25195312,0.004279281,-14.389649,-14.400507,-3.2822,169.35646,0.84391975,1.5290858e-06,1.6342478,-2.7565095,21.44968,0.9990654,0.21875,0.0043364707,-13.698392,-13.708519,-3.338838,64.335686,0.68103075,9.0012304e-07,47.074047,-0.30886692,-8.708071,0.3391405,1.0,0.99888325,0.21386719,0.00494734,-14.151497,-14.161841,-3.5698242,720.4596,1.6499314,8.559527e-08,0.9989033,0.18457031,0.00495782,-13.436892,-13.446507,-3.597902,245.11188,1.2384245,1.6335153e-07,0.013252817153930663,41556.069008111954,850000
38.54769,-0.2754728,-8.688824,0.33432907,1.0,0.99907494,0.25,0.004287795,-14.27882,-14.289619,-3.2321544,127.09471,0.8432483,4.3600605e-05,1.084509,-1.1239047,21.64621,0.99907017,0.22558594,0.0043472303,-13.656626,-13.6667795,-3.2694128,176.07178,1.1042458,8.418229e-06,46.211205,-0.2876354,-8.707256,0.33893698,1.0,0.9990034,0.1953125,0.0047524115,-14.083534,-14.093874,-3.5063577,273.6386,1.412322,3.5103696e-07,0.9989672,0.19042969,0.0047999183,-13.4269905,-13.43666,-3.5347648,178.73392,0.82053244,7.631235e-07,0.009369249439239502,41602.91525673866,855000
41.79641,-0.24209212,-8.596155,0.31116176,1.0,0.99909306,0.27539062,0.004134099,-14.320726,-14.331667,-3.1300554,92.13535,0.97719806,4.342637e-06,1.9127188,-1.7071416,26.897612,0.9990883,0.25097656,0.0042309486,-13.790421,-13.800719,-3.2556357,89.51261,0.79709876,9.255598e-07,58.58925,-0.26608115,-8.710039,0.3396326,1.0,0.99901295,0.19628906,0.0048431167,-14.101925,-14.112147,-3.6443357,470.76224,1.5730402,3.2015692e-11,0.9990082,0.18359375,0.004865391,-13.592522,-13.602145,-3.748281,116.333015,0.71150184,1.2739301e-09,0.009388245487213134,41649.85648560524,860000
53.973225,-0.18089539,-8.652618,0.32527742,1.0,0.99908924,0.25390625,0.00418762,-14.415902,-14.426935,-3.129494,105.931915,1.062479,2.638711e-05,1.6100807,-1.2766997,28.276855,0.99907684,0.22753906,0.004258857,-13.882046,-13.892475,-3.2140381,107.95249,0.8862898,5.100413e-05,51.243847,-0.2939711,-8.688117,0.33415216,1.0,0.99893475,0.19042969,0.004871085,-14.093695,-14.104037,-3.5153644,2545.568,3.3175297,9.1909165e-08,0.9989357,0.16015625,0.004990654,-13.555939,-13.565654,-3.6173973,3802.4814,6.094987,2.3309124e-08,0.009388175678253174,41696.79736542702,865000
41.028076,-0.23958988,-8.655052,0.32588616,1.0,0.99907684,0.23925781,0.004190038,-14.417509,-14.428509,-3.1654353,3044.998,2.3096595,9.754892e-06,1.6697468,-1.4566857,23.715927,0.99906826,0.22460938,0.0042733448,-13.808,-13.818338,-3.2307348,764.7389,1.5022639,6.263577e-05,51.453342,-0.3231503,-8.681765,0.33256406,1.0,0.9990101,0.20996094,0.0047855284,-14.095668,-14.105928,-3.5989819,674.81537,1.6538923,6.026277e-11,0.99899864,0.1953125,0.004830001,-13.622444,-13.632195,-3.64535,202.45628,1.1038117,1.5711678e-10,0.00936251540184021,41743.60994434357,870000
41.044163,-0.29987764,-8.64448,0.3232428,1.0,0.9990854,0.25683594,0.0041800495,-14.5290985,-14.540243,-3.1272187,2598.9446,2.2435875,1.561367e-05,1.9440838,-1.9238942,25.465714,0.99909115,0.25585938,0.0042292196,-13.926629,-13.937169,-3.1448274,241.1536,1.1679349,7.7096565e-06,53.047806,-0.3065186,-8.715771,0.34106576,1.0,0.99897194,0.17871094,0.004850977,-14.039399,-14.049554,-3.6518362,2870.9714,3.1469822,5.1841615e-09,0.99897003,0.16113281,0.004922293,-13.426082,-13.435572,-3.7171197,151.01682,0.99246335,3.8998678e-08,0.009380155277252198,41790.51072239876,875000
50.154472,-0.1756598,-8.624416,0.31822696,1.0,0.9990759,0.26757812,0.0041773478,-14.452441,-14.4635105,-3.1290927,102.59594,0.83818525,3.8086448e-06,1.2766025,-1.5151546,22.678993,0.9990797,0.24511719,0.0042878957,-13.849559,-13.8599205,-3.2501397,130.44487,0.9578854,2.7484907e-06,60.01728,-0.23395404,-8.699874,0.33709162,1.0,0.99893665,0.16503906,0.004991871,-14.075908,-14.086073,-3.6773396,1342.7782,3.0623808,1.514189e-09,0.99897194,0.16210938,0.0049963985,-13.457836,-13.467341,-3.7348607,407.09305,1.4714115,6.543646e-07,0.009375995254516602,41837.39070034027,880000
39.66928,-0.2197712,-8.709356,0.3394621,1.0,0.9990816,0.27148438,0.004137978,-14.614949,-14.6262045,-3.100336,262.7265,1.2192369,4.8171223e-06,0.9070487,-1.7341813,21.25313,0.9990759,0.2529297,0.004157394,-13.929314,-13.93985,-3.1507707,98.278175,0.7273576,1.2580412e-06,48.868244,-0.23950587,-8.679358,0.3319624,1.0,0.99899673,0.18066406,0.004828883,-14.0866165,-14.096778,-3.6924286,644.65155,0.9346908,8.078335e-11,0.9990082,0.17675781,0.0048543448,-13.371817,-13.381189,-3.7833638,138.0075,0.6921857,2.1168702e-08,0.009366152238845826,41884.22146344185,885000
36.248093,-0.28856495,-8.636977,0.32136714,1.0,0.999073,0.2607422,0.0041778404,-14.428959,-14.440005,-3.1298604,192.159,1.0154124,2.497014e-05,2.0528595,-1.430479,21.07161,0.99906635,0.22753906,0.0042838543,-13.756733,-13.767005,-3.2480521,98.45144,0.7943569,1.1572086e-05,51.863182,-0.2630285,-8.673085,0.3303942,1.0,0.998971,0.20507812,0.0048215734,-14.214351,-14.224747,-3.5786083,365.0452,1.1842997,2.2761634e-10,0.9989834,0.18261719,0.0048853736,-13.488139,-13.497712,-3.6955867,132.46706,0.91741747,1.2726702e-08,0.009370560312271119,41931.074266433716,890000
41.198154,-0.24261273,-8.662952,0.32786107,1.0,0.9990759,0.26171875,0.004243736,-14.50032,-14.511404,-3.1617298,387.3694,1.2283533,1.3039814e-05,1.0938922,-1.4883871,22.516682,0.9990721,0.25683594,0.004298726,-13.855259,-13.865647,-3.227754,204.70198,1.1706626,1.5013443e-05,54.752266,-0.2754811,-8.701782,0.33756852,1.0,0.9990101,0.19042969,0.0047984514,-14.14781,-14.158118,-3.601954,676.5384,1.5305617,9.874685e-07,0.99900436,0.18066406,0.004779813,-13.492633,-13.502233,-3.671236,34.613766,0.48066112,3.5962694e-07,0.009397099351882935,41978.05976438522,895000
37.872604,-0.2667928,-8.673554,0.33051157,1.0,0.9990797,0.2607422,0.004155509,-14.606884,-14.618058,-3.1756902,253.1452,1.0453764,2.3084312e-05,1.5155685,-2.9272394,24.62518,0.9990845,0.24707031,0.00422627,-14.010107,-14.020627,-3.2463386,798.52057,1.9215384,6.825588e-05,46.362286,-0.32865423,-8.692184,0.33516884,1.0,0.9990101,0.18457031,0.0048588533,-13.983079,-13.993067,-3.765674,360.83337,0.9309474,3.684835e-08,0.99901295,0.16796875,0.004913772,-13.32786,-13.337145,-3.8289092,467.07758,1.2160959,2.0205647e-07,0.009394264793395996,42025.03109288216,900000
42.117157,-0.24696143,-8.656203,0.32617372,1.0,0.9990692,0.26953125,0.00418362,-14.674795,-14.686082,-3.1286035,115.46123,0.94053525,2.5166873e-05,1.8747876,-1.9534099,25.502361,0.9990635,0.24414062,0.004261774,-13.983196,-13.993733,-3.2037306,205.19424,1.1431565,4.1532608e-06,44.487316,-0.41267756,-8.723641,0.34303328,1.0,0.998991,0.17480469,0.0048358375,-14.157749,-14.168095,-3.5751772,4592.4854,3.1236672,9.554102e-09,0.99897385,0.171875,0.0048743854,-13.539385,-13.549124,-3.5761554,85.29758,1.0344516,8.98733e-08,0.4336422020435333,44193.242106199265,905000
42.94925,-0.27457258,-8.6501255,0.3246545,1.0,0.9990845,0.28027344,0.0041991537,-14.372629,-14.383574,-3.1770122,124.92481,0.83478516,3.400132e-05,1.497602,-0.96412563,20.163555,0.9990816,0.2578125,0.0042444896,-13.800144,-13.8104925,-3.2131333,97.47078,0.8699424,5.1016455e-06,53.16288,-0.28207886,-8.706245,0.33868438,1.0,0.99892235,0.18652344,0.004909721,-14.203222,-14.213612,-3.5749235,1797.242,3.6223707,1.0622686e-09,0.9989672,0.16601562,0.0048366557,-13.654364,-13.664118,-3.6762471,103.18005,0.7917471,2.414786e-08,0.016193127155303955,44274.207743644714,910000
43.698982,-0.22961104,-8.659529,0.327005,1.0,0.9990721,0.26367188,0.004230394,-14.409953,-14.420896,-3.216579,78.348366,0.6655234,2.9806104e-05,1.8838685,-1.0852473,24.678028,0.9990816,0.24609375,0.004314241,-13.792408,-13.802668,-3.296422,251.6768,0.94358253,5.405296e-05,45.472366,-0.32455665,-8.679983,0.33211863,1.0,0.9989357,0.18261719,0.004826039,-14.096798,-14.107026,-3.6336033,91.71049,0.56134653,2.4701905e-07,0.99893475,0.16601562,0.0048868135,-13.501942,-13.51159,-3.632643,209.88435,0.92675257,1.107413e-06,0.016196801567077635,44355.191752910614,915000
36.573605,-0.28650767,-8.686239,0.3336829,1.0,0.9990902,0.25976562,0.004314636,-14.589846,-14.600873,-3.3092785,225.70665,0.98431605,1.1542117e-05,1.2303381,-1.1392775,21.229649,0.9990883,0.24414062,0.0043442757,-13.857758,-13.868043,-3.336247,184.57568,1.0458475,2.1001735e-05,56.801613,-0.27567872,-8.6947155,0.33580184,1.0,0.9990139,0.1875,0.004772851,-14.211496,-14.221792,-3.6789486,3898.9373,3.3139992,1.1903341e-12,0.99900913,0.17382812,0.0048623905,-13.474788,-13.484295,-3.7484345,2063.2234,3.7238674,2.3649278e-09,0.016195130062103272,44436.16740441322,920000
41.106884,-0.2566529,-8.65099,0.3248705,1.0,0.9990692,0.26660156,0.0042327377,-14.587095,-14.59826,-3.1667137,370.33755,1.1400523,1.3775389e-05,1.4377108,-1.1242663,23.933067,0.999073,0.24707031,0.004295651,-14.009796,-14.020345,-3.2191682,128.4554,1.1394047,2.3383682e-05,65.9034,-0.25724092,-8.678709,0.33180034,1.0,0.99898624,0.17285156,0.0049589155,-14.020443,-14.030504,-3.7272382,9261.729,7.99926,1.6353944e-08,0.998971,0.16601562,0.005011483,-13.460617,-13.470034,-3.827341,136.33777,0.6814517,9.133562e-08,0.016225823640823363,44517.29652404785,925000
42.4218,-0.2427368,-8.662067,0.32763994,1.0,0.9990988,0.2734375,0.0041716928,-14.663418,-14.674741,-3.080215,528.70013,1.8778509,1.4614076e-06,1.2714136,-2.1269965,26.20261,0.99908924,0.24902344,0.004266292,-14.032408,-14.043005,-3.1901937,90.91257,1.068742,6.09226e-06,51.567562,-0.2757625,-8.754744,0.35080904,1.0,0.99894047,0.17089844,0.004793913,-14.0925255,-14.102851,-3.5300977,443.1927,1.3347626,9.312977e-12,0.99896336,0.16894531,0.0048670988,-13.410903,-13.42049,-3.6033332,370.50906,1.3970178,1.5253715e-10,0.016223901414871216,44598.416033029556,930000
42.388435,-0.22238305,-8.687527,0.33400488,1.0,0.9990797,0.27929688,0.004167846,-14.570954,-14.582164,-3.102618,560.1877,1.3084427,9.736498e-06,1.8996122,-1.5782478,28.377466,0.999074,0.2529297,0.0042178873,-14.017033,-14.027657,-3.1488168,205.49013,1.1873479,1.3701768e-05,50.211937,-0.33979046,-8.71267,0.34029043,1.0,0.99897003,0.20214844,0.0048029195,-14.146858,-14.157208,-3.5582814,555.929,1.6486412,3.5232112e-11,0.9989481,0.17285156,0.004906562,-13.596539,-13.606304,-3.60662,104.830345,1.0647477,8.2875024e-10,0.01582829303741455,44677.55749988556,935000
49.969154,-0.18295008,-8.700986,0.33736944,1.0,0.9990778,0.2607422,0.004214263,-14.463224,-14.474238,-3.1965535,298.99393,0.907941,5.981328e-08,1.4460366,-1.113607,23.925945,0.9990711,0.23144531,0.0043224897,-13.820856,-13.831107,-3.3345094,77.96458,0.7634619,3.4119947e-07,49.368774,-0.316403,-8.714373,0.34071633,1.0,0.99898434,0.1640625,0.004877414,-13.995449,-14.005526,-3.6874783,488.7633,0.9369747,2.0455439e-06,0.99897385,0.14746094,0.0049286247,-13.331239,-13.340589,-3.767385,80.55421,0.48659137,8.3583717e-07,0.009390167331695556,44724.50834274292,940000
36.39043,-0.32298034,-8.6634865,0.32799447,1.0,0.9990797,0.26953125,0.0042595435,-14.53377,-14.54482,-3.228921,523.7967,1.3355243,1.0212291e-05,1.4554281,-1.6170374,21.620178,0.99907684,0.24609375,0.0043387674,-13.8963995,-13.906768,-3.2892027,317.32407,1.1379887,4.5308533e-07,53.344036,-0.34381706,-8.72929,0.34444568,1.0,0.9989729,0.18554688,0.0049405107,-14.225503,-14.235841,-3.6490216,1859.0973,3.0916095,6.7774414e-10,0.9989815,0.17675781,0.004966329,-13.451683,-13.461167,-3.749177,134.19818,0.99705195,3.1539815e-09,0.009419086599349976,44771.60377693176,945000
45.723076,-0.2524726,-8.640522,0.32225358,1.0,0.9990845,0.2529297,0.0042417846,-14.571846,-14.58298,-3.1820784,950.27686,2.1750033,1.6999203e-06,0.9637687,-1.6145895,22.670372,0.9990797,0.234375,0.0042843097,-13.988361,-13.998848,-3.2607975,92.32873,0.93812805,6.6676824e-07,51.112602,-0.3254639,-8.718233,0.34168124,1.0,0.9990063,0.1953125,0.004790509,-14.29531,-14.305751,-3.6143188,1153.3495,2.3005362,1.0917087e-07,0.9989948,0.17871094,0.004821762,-13.65647,-13.666237,-3.6647558,147.04138,0.90806156,1.4797585e-06,0.009399242210388183,44818.599989652634,950000
39.26686,-0.2501942,-8.676419,0.33122778,1.0,0.9990959,0.27148438,0.0041107927,-14.597517,-14.608794,-3.059525,171.98996,0.934539,3.1219464e-05,0.9903399,-1.9138938,19.804901,0.99909306,0.26171875,0.0041587995,-14.068043,-14.078738,-3.1273057,53.073074,0.80213016,4.3647782e-05,57.211235,-0.29648134,-8.713826,0.34057945,1.0,0.99901485,0.18359375,0.004818699,-14.109354,-14.11945,-3.7808852,275.55777,0.6892129,2.360694e-07,0.99899006,0.16308594,0.0049601067,-13.460142,-13.469552,-3.833638,88.35741,0.7076994,1.8632777e-06,0.009416796541213988,44865.683977365494,955000
45.680153,-0.18415454,-8.645632,0.32353103,1.0,0.99906445,0.265625,0.004236617,-14.350593,-14.361499,-3.1929462,47.01292,0.6506568,2.174311e-05,1.610858,-1.2877862,26.283949,0.9990721,0.23828125,0.004272759,-13.714724,-13.724943,-3.2596714,68.94399,0.6585462,1.0574374e-05,56.5932,-0.27445242,-8.705566,0.33851475,1.0,0.99900246,0.19628906,0.0048069824,-14.171686,-14.181992,-3.6280196,1737.8846,2.5446568,3.2284375e-09,0.99899197,0.18945312,0.004790918,-13.6472,-13.656958,-3.6649206,146.97928,1.1487861,1.2519974e-09,0.009445177078247071,44912.90986442566,960000
36.66919,-0.26507127,-8.642503,0.32274872,1.0,0.999073,0.2626953,0.0042943666,-14.437151,-14.448068,-3.2682505,786.36304,1.2148547,1.8076247e-05,1.086725,-1.187389,18.85434,0.99907017,0.23828125,0.004364512,-13.801575,-13.811799,-3.341372,385.5309,1.2014347,2.1647767e-05,48.76352,-0.27090198,-8.713119,0.34040242,1.0,0.9989872,0.19335938,0.004742762,-14.056323,-14.066576,-3.5686572,857.5577,1.4014925,1.310019e-09,0.99898815,0.16992188,0.0048202933,-13.512224,-13.521825,-3.6893463,369.66483,1.0915905,4.405518e-09,0.009415154457092284,44959.98564052582,965000
40.745735,-0.2293236,-8.65395,0.3256105,1.0,0.9990864,0.27441406,0.0041674175,-14.486494,-14.49759,-3.134963,204.32916,0.764527,7.756197e-08,2.561487,-1.3725837,19.561878,0.99909115,0.25878906,0.004274885,-13.857116,-13.867457,-3.276598,112.57724,0.7090634,2.6987354e-06,58.968185,-0.24025966,-8.754617,0.35077703,1.0,0.9989548,0.20507812,0.004906086,-14.099322,-14.109592,-3.5937028,917.10834,2.6603682,2.988298e-07,0.9989824,0.1796875,0.0048519257,-13.416735,-13.426287,-3.6455963,168.4826,1.0688298,1.2777634e-06,0.009367192554473876,45006.8216047287,970000
43.735985,-0.20920277,-8.681786,0.3325693,1.0,0.9990883,0.28710938,0.0040871957,-14.727215,-14.738659,-3.0196836,439.63074,1.51217,2.157308e-05,1.3429403,-1.7518551,26.103003,0.9990816,0.25976562,0.0041359607,-14.105857,-14.1166315,-3.0828173,211.5309,1.479443,3.987676e-05,54.523563,-0.24345091,-8.700761,0.33731318,1.0,0.9989681,0.21191406,0.004688723,-14.3036175,-14.314262,-3.4149656,643.07227,2.0233696,5.577202e-07,0.9989691,0.19628906,0.004746706,-13.691264,-13.701242,-3.4828324,403.99283,1.9958389,2.7837548e-06,0.009395630550384521,45053.79975914955,975000
41.679707,-0.25961787,-8.652386,0.32521933,1.0,0.9990959,0.25878906,0.004147242,-14.677082,-14.688449,-3.049555,269.52744,1.1881951,9.055375e-06,1.7615427,-3.021293,26.774208,0.99909115,0.25097656,0.0042229122,-13.91699,-13.927532,-3.1332421,120.502655,0.94558626,4.1407573e-05,43.947723,-0.37127808,-8.722291,0.34269586,1.0,0.99897766,0.20703125,0.0047983886,-14.380001,-14.39056,-3.5792983,121.14163,1.1095045,2.4416467e-09,0.9989786,0.18457031,0.0047942502,-13.714935,-13.724791,-3.6319046,63.56784,0.80257833,3.5577696e-07,0.009398687648773194,45100.79319906235,980000
33.373886,-0.22149517,-8.6690235,0.32937855,1.0,0.99908257,0.2685547,0.004158686,-14.543823,-14.554987,-3.1233268,505.70914,0.9709277,3.465637e-05,0.92588556,-0.9526079,17.76044,0.9990835,0.25195312,0.0042389063,-14.019765,-14.030311,-3.2309694,118.84007,0.81689245,7.0634087e-07,58.486332,-0.25867802,-8.726789,0.34382015,1.0,0.9989767,0.20019531,0.004712836,-14.2526045,-14.26308,-3.5362544,377.74536,1.186187,1.6587221e-07,0.9990082,0.18847656,0.004735104,-13.649589,-13.659401,-3.6114292,189.72107,1.3186226,1.9317863e-06,0.009456569576263427,45148.07604908943,985000
38.510937,-0.25548393,-8.6817875,0.33257002,1.0,0.99907684,0.28222656,0.004157855,-14.572946,-14.584187,-3.0746233,98.57672,1.011095,1.400668e-06,1.9337728,-2.0760415,27.413958,0.99907017,0.2548828,0.004214666,-13.9888935,-13.9995,-3.137758,37.995995,0.70661557,5.6661334e-05,54.720745,-0.2964853,-8.690575,0.3347667,1.0,0.9990177,0.18164062,0.0047896896,-14.17043,-14.180713,-3.6515055,319.76556,0.8948481,7.1560333e-07,0.9990034,0.15917969,0.004872,-13.573441,-13.583083,-3.7084599,129.64691,0.7369601,2.7914896e-07,0.009377215480804443,45194.9621284008,990000
40.75628,-0.27702782,-8.616308,0.31620014,1.0,0.99907684,0.27734375,0.0041518696,-14.673883,-14.685163,-3.136088,377.5239,1.4993076,1.8428964e-06,2.5075426,-2.4337566,24.500896,0.9990797,0.25878906,0.0041950457,-13.978453,-13.988998,-3.1900384,74.09563,0.9767627,7.761404e-05,51.397865,-0.32042584,-8.704985,0.33836925,1.0,0.99893665,0.18945312,0.0050340877,-14.403954,-14.414444,-3.6717553,547.71423,1.6119174,4.4010473e-14,0.9989338,0.17871094,0.005027292,-13.686205,-13.695928,-3.7404182,67.11096,0.8547684,1.3200789e-10,0.00942116289138794,45242.067944288254,995000
38.048912,-0.23899402,-8.669936,0.32960692,1.0,0.9990711,0.27441406,0.0042375065,-14.547839,-14.558933,-3.1982796,149.96597,0.9188174,2.4114113e-05,1.4097973,-1.3617477,21.271206,0.9990711,0.24316406,0.0043090037,-13.887563,-13.897937,-3.2742572,61.874626,0.7336109,8.534821e-06,49.791473,-0.37056893,-8.693612,0.3355261,1.0,0.9989538,0.19824219,0.004756202,-14.287388,-14.297986,-3.4456904,312.0871,1.1330557,1.8367561e-09,0.99895954,0.18847656,0.0048096515,-13.772071,-13.78212,-3.491994,356.6826,1.5168595,1.0956993e-07,0.009411961603164673,45289.12775397301,1000000
