training/actor/actor_loss,training/actor/adv,training/actor/bc_log_prob,training/actor/mse,training/actor/std,training/critic/binary_accuracy,training/critic/categorical_accuracy,training/critic/contrastive_loss,training/critic/logits,training/critic/logits_neg,training/critic/logits_pos,training/critic/v_max,training/critic/v_mean,training/critic/v_min,training/grad/max,training/grad/min,training/grad/norm,training/value/binary_accuracy,training/value/categorical_accuracy,training/value/contrastive_loss,training/value/logits,training/value/logits_neg,training/value/logits_pos,training/value/v_max,training/value/v_mean,training/value/v_min,validation/actor/actor_loss,validation/actor/adv,validation/actor/bc_log_prob,validation/actor/mse,validation/actor/std,validation/critic/binary_accuracy,validation/critic/categorical_accuracy,validation/critic/contrastive_loss,validation/critic/logits,validation/critic/logits_neg,validation/critic/logits_pos,validation/critic/v_max,validation/critic/v_mean,validation/critic/v_min,validation/value/binary_accuracy,validation/value/categorical_accuracy,validation/value/contrastive_loss,validation/value/logits,validation/value/logits_neg,validation/value/logits_pos,validation/value/v_max,validation/value/v_mean,validation/value/v_min,time/epoch_time,time/total_time,step
25.925232,-2.001539,-9.466658,0.52878726,1.0,0.4223423,0.0009765625,0.8500869,0.111478925,0.11167948,-0.09369262,13.708822,1.4329743,0.02824693,2.1135964,-2.5888453,166.79611,0.18760681,0.0009765625,1.4200199,1.0042734,1.0040394,1.2436504,24.077385,5.4146585,0.044963956,19.877735,-1.2971077,-9.30139,0.48747033,1.0,0.99405766,0.0,0.03447076,-6.484444,-6.4841332,-6.8024483,5.0913982,0.056780808,1.0743171e-05,0.9959297,0.0,0.028863456,-5.9215374,-5.9214115,-6.0502915,2.24199,0.04382089,8.453753e-05,0.011232334995269775,56.16167664527893,1
60.731632,0.10243133,-7.831229,0.119930364,1.0,0.9990263,0.0546875,0.005602519,-12.859841,-12.867695,-4.8253784,4.103803,0.023923472,7.462666e-07,1.0310929,-0.95590997,24.23761,0.99902344,0.041992188,0.005900517,-13.456512,-13.464653,-5.13093,0.21377699,0.010862867,2.1805924e-07,61.374718,0.15943526,-7.829586,0.119519465,1.0,0.9990196,0.052734375,0.0056245243,-12.792714,-12.800613,-4.712461,15.533895,0.045283105,1.4195306e-08,0.99902344,0.040039062,0.0059733177,-13.152288,-13.160159,-5.1009407,0.100801565,0.010990291,1.2264165e-10,0.2503688781261444,1308.0060691833496,5000
33.51261,-0.0045640003,-7.804235,0.11318165,1.0,0.9990339,0.10644531,0.0050439956,-13.454638,-13.463843,-4.0359845,9.25839,0.10140653,6.241678e-06,1.1007643,-1.3847713,21.319918,0.999033,0.09375,0.005255079,-13.147318,-13.156034,-4.231227,7.8976727,0.07924374,2.234227e-05,43.06868,0.11385582,-7.8004913,0.11224583,1.0,0.9990244,0.0703125,0.0052189846,-13.640902,-13.650038,-4.2942677,8.737988,0.047143303,3.2033731e-06,0.99902344,0.056640625,0.005355059,-13.5548935,-13.5636835,-4.56224,3.487722,0.03149451,9.810108e-07,0.23724598588943482,2494.2359998226166,10000
28.452486,-0.09117298,-7.7778473,0.10658475,1.0,0.9990368,0.13574219,0.004870766,-13.53763,-13.5471115,-3.8386197,22.900791,0.1883285,6.9836374e-06,1.0178905,-1.2185913,17.254208,0.9990349,0.12402344,0.0049494826,-13.469101,-13.478388,-3.968388,14.468043,0.15971294,1.1937767e-06,28.093327,-0.13036701,-7.8026958,0.11279693,1.0,0.99902153,0.099609375,0.0050362526,-13.694588,-13.703987,-4.0792055,5.061245,0.063737094,9.679117e-06,0.99902153,0.0859375,0.0051257117,-13.607344,-13.616549,-4.1903744,6.2554173,0.06907517,8.981813e-06,0.14065186510086058,3197.4953281879425,15000
15.516523,-0.30783224,-7.7728558,0.10533698,1.0,0.9990387,0.14257812,0.004634175,-13.851412,-13.861296,-3.7399762,19.359272,0.13726926,1.3339449e-05,1.0034115,-1.3409413,17.233585,0.9990387,0.14355469,0.0046532825,-13.586378,-13.596075,-3.6674044,6.582572,0.11132958,5.8236765e-05,22.944233,-0.22456682,-7.7709703,0.10486552,1.0,0.9990158,0.12011719,0.005014069,-13.57217,-13.581482,-4.046715,30.573528,0.079048894,6.9463013e-06,0.99901676,0.10058594,0.0050729117,-13.454751,-13.463922,-4.073111,21.805244,0.11309081,1.1704375e-05,0.013075669765472413,3262.8736782073975,20000
20.587286,-0.26168263,-7.7608705,0.10234061,1.0,0.9990444,0.16992188,0.0044230716,-14.143034,-14.153453,-3.4859657,23.544247,0.21364766,8.584621e-05,0.7079381,-0.8184741,10.732048,0.9990425,0.15429688,0.004493219,-13.878274,-13.888403,-3.5155842,21.674347,0.22657466,8.164206e-05,26.157412,-0.28804165,-7.755055,0.10088675,1.0,0.9989824,0.09277344,0.0050768116,-14.01491,-14.024752,-3.9469457,538.32306,0.68803525,9.769463e-06,0.998991,0.08691406,0.005119788,-13.7104225,-13.72004,-3.8708954,197.1979,0.75476855,1.0865703e-05,0.1526247040271759,4025.9972026348114,25000
38.2837,-0.20061952,-7.74009,0.09714533,1.0,0.9990368,0.17578125,0.004479119,-13.975236,-13.985459,-3.5176866,23.059652,0.15238076,1.723394e-05,4.676424,-3.5304012,38.546875,0.9990349,0.1484375,0.0045616124,-13.737462,-13.747348,-3.623421,23.266706,0.1349093,8.457027e-05,38.559692,-0.16819608,-7.7544117,0.100725874,1.0,0.9990301,0.1171875,0.0049025193,-13.955057,-13.9649315,-3.8529077,40.97046,0.1540349,2.2404232e-05,0.99902725,0.10644531,0.0049576256,-13.729589,-13.739132,-3.9671614,33.32856,0.12793769,1.3877276e-05,0.025087294721603395,4151.433679819107,30000
31.975443,-0.292447,-7.7015314,0.08750577,1.0,0.99904346,0.19238281,0.0043364936,-14.291203,-14.301845,-3.4054835,40.12635,0.2287848,6.6693174e-05,1.5309356,-1.7533406,22.093924,0.99903774,0.16113281,0.004409344,-13.967996,-13.978251,-3.476396,26.644054,0.21023239,8.7767075e-05,37.698204,-0.29571778,-7.7217417,0.09255844,1.0,0.9990158,0.11328125,0.005007414,-14.115188,-14.125008,-4.0696754,22.22318,0.11107597,2.3411249e-06,0.99901485,0.087890625,0.0050820317,-13.820919,-13.830412,-4.1091433,149.64696,0.3187648,3.7792076e-06,0.17831231741905212,5042.995270490646,35000
34.098343,-0.2849943,-7.694642,0.085783504,1.0,0.99903584,0.1953125,0.00432039,-14.217529,-14.228218,-3.2824988,122.8585,0.34617096,4.3907632e-05,3.1589055,-3.8716464,31.5173,0.999032,0.18652344,0.004403037,-14.034414,-14.04485,-3.3586166,53.34712,0.24766622,3.9760143e-05,33.514328,-0.33936888,-7.732362,0.09521338,1.0,0.99900055,0.10644531,0.005007782,-14.229227,-14.239277,-3.9475577,45.43777,0.16533875,1.2060356e-06,0.99900436,0.09375,0.005025635,-14.0317745,-14.041625,-3.954695,82.63707,0.30537054,2.204944e-07,0.021559731006622316,5150.793927431107,40000
39.198586,-0.37461773,-7.6710615,0.079888225,1.0,0.99903584,0.19726562,0.004281424,-14.431154,-14.441974,-3.3625765,124.79092,0.44278157,6.645699e-05,1.8252903,-1.2935412,22.42826,0.99903965,0.17480469,0.0043263813,-14.106555,-14.117062,-3.3583777,35.17797,0.3753062,0.00012289117,47.346848,-0.33926395,-7.716113,0.091151215,1.0,0.99901676,0.12207031,0.0050230287,-14.1921425,-14.202119,-3.9850717,117.7951,0.22998405,3.8466887e-06,0.99901295,0.09277344,0.0050454894,-13.843252,-13.852905,-3.9679477,89.84226,0.31705302,7.06031e-07,0.15269591612815858,5914.273510456085,45000
48.29899,-0.32361257,-7.6733828,0.08046869,1.0,0.99904156,0.23828125,0.004216126,-14.461,-14.4721,-3.1051185,51.42677,0.5216503,0.00014470704,2.398601,-1.6669706,25.18569,0.99903965,0.18652344,0.004314299,-14.255141,-14.265945,-3.2020674,86.749954,0.5282159,7.467629e-05,47.363888,-0.30267626,-7.711711,0.09005073,1.0,0.99900055,0.11328125,0.0049976283,-14.255758,-14.265843,-3.9382155,69.59986,0.1955946,9.691776e-07,0.99900913,0.10058594,0.0050440915,-14.047859,-14.057649,-4.0321007,29.43239,0.15940514,4.9036015e-07,0.01353702163696289,5981.958623409271,50000
41.9188,-0.39828306,-7.6734095,0.08047536,1.0,0.99904156,0.25097656,0.004127514,-14.580186,-14.591427,-3.0800507,63.33859,0.41657627,9.0020585e-06,2.6938348,-1.5833371,23.634937,0.9990368,0.22460938,0.0042146128,-14.314943,-14.325886,-3.1208081,100.00472,0.46214664,1.9159535e-05,50.05361,-0.3172748,-7.7043505,0.08821066,1.0,0.99901295,0.1171875,0.0050158612,-14.344297,-14.354378,-4.032176,44.300335,0.1504966,7.302127e-06,0.99901295,0.095703125,0.0050561433,-14.072559,-14.08234,-4.0664606,39.023632,0.1736337,1.4578176e-06,0.13399732990264893,6651.945276498795,55000
47.12892,-0.33059525,-7.6723003,0.0801979,1.0,0.9990549,0.2705078,0.0040653525,-14.786184,-14.797641,-3.0660117,33.267693,0.37549508,1.17802765e-05,2.1447194,-1.8464873,29.260098,0.99905205,0.21679688,0.0041645374,-14.529163,-14.54025,-3.1877542,121.400406,0.46187943,6.176516e-05,57.61599,-0.34202367,-7.693229,0.08543031,1.0,0.99902344,0.111328125,0.005070902,-14.432799,-14.442865,-4.1347647,204.67583,0.30082762,4.7472636e-06,0.99902344,0.09375,0.005111453,-14.248478,-14.258319,-4.182582,4.75554,0.0701626,5.7114366e-06,0.029649271535873413,6800.19163608551,60000
42.354874,-0.407053,-7.6774583,0.08148752,1.0,0.9990511,0.28125,0.0040387143,-14.915383,-14.92696,-3.0727348,69.32865,0.42007563,8.889146e-05,1.4932935,-2.7799401,26.857899,0.99903774,0.2265625,0.004120522,-14.580948,-14.592148,-3.1222954,57.368736,0.40675896,0.00017464357,51.390648,-0.366612,-7.67727,0.08144051,1.0,0.9990206,0.12695312,0.00498468,-14.492214,-14.502461,-4.0096436,53.347504,0.16224116,2.6611938e-06,0.9990158,0.10253906,0.0050041387,-14.17177,-14.181696,-4.0157895,37.210304,0.20253113,3.6329761e-06,0.030984618949890137,6955.114735126495,65000
47.171387,-0.39598697,-7.675968,0.08111508,1.0,0.99905777,0.28320312,0.00402635,-14.847821,-14.859386,-3.0168808,75.73851,0.48162144,7.448241e-05,2.9133434,-1.9109777,32.770035,0.9990549,0.25097656,0.004074891,-14.567124,-14.578386,-3.046541,42.64058,0.3830899,2.2691318e-05,50.223,-0.45366025,-7.6665955,0.07877183,1.0,0.9990177,0.13183594,0.0050664684,-14.52595,-14.536127,-4.1152854,5.4124813,0.07914598,4.5669403e-06,0.9990139,0.107421875,0.005056331,-14.2053795,-14.215307,-4.048128,7.4423804,0.09461166,1.8943258e-05,0.03100131425857544,7110.121308088303,70000
52.088932,-0.34217894,-7.6594105,0.07697554,1.0,0.99905396,0.27441406,0.0039923526,-14.986766,-14.998498,-2.9847465,504.98914,0.8088459,2.9613439e-05,3.1027508,-2.793303,32.217594,0.999033,0.2265625,0.0040639434,-14.699465,-14.71081,-3.09332,86.16003,0.47861838,5.531727e-05,52.998665,-0.42112023,-7.66984,0.079582855,1.0,0.99901867,0.10449219,0.005197779,-14.310844,-14.320702,-4.2255354,58.593307,0.14584889,4.996391e-06,0.9990206,0.10253906,0.005183592,-14.054689,-14.064293,-4.2311316,73.6533,0.24935749,8.903955e-06,0.027432305335998535,7247.28283905983,75000
47.420303,-0.40434098,-7.6507807,0.07481822,1.0,0.9990597,0.31054688,0.003907308,-15.002195,-15.0140085,-2.9153843,52.4491,0.654958,0.00016556034,2.5967607,-3.2012126,25.99003,0.99905014,0.24707031,0.004006819,-14.769329,-14.780829,-3.0046148,106.86364,0.6964496,5.4439406e-05,47.957924,-0.4812916,-7.671893,0.080096275,1.0,0.9990282,0.103515625,0.005208797,-14.44051,-14.450431,-4.292377,55.214428,0.12517543,2.090458e-07,0.99901867,0.10253906,0.0052002287,-14.21084,-14.220579,-4.2484045,6.026526,0.07371633,2.97271e-07,0.13034709882736206,7899.018337965012,80000
47.629436,-0.43539196,-7.6445856,0.07326923,1.0,0.99906445,0.31152344,0.003984218,-14.881247,-14.892887,-2.9718513,42.30021,0.44705632,6.381885e-05,3.2130089,-1.7852691,29.168768,0.99905777,0.2529297,0.00408379,-14.62566,-14.636927,-3.0995588,18.383158,0.37472034,8.5419255e-05,54.397926,-0.4741635,-7.6691704,0.07941547,1.0,0.99901676,0.11425781,0.005115658,-14.633097,-14.643353,-4.1409655,321.1339,0.29159287,6.3930683e-09,0.9990196,0.11230469,0.005109166,-14.321451,-14.331445,-4.097185,43.40757,0.17789921,5.972254e-08,0.024875520515441896,8023.395946264267,85000
55.590313,-0.4083069,-7.6566935,0.07629637,1.0,0.9990673,0.3125,0.0038951198,-15.032071,-15.043941,-2.8888097,31.363697,0.5677414,2.1042051e-05,2.2799234,-4.202827,31.41057,0.99905586,0.23925781,0.004042443,-14.84596,-14.857471,-3.0687537,103.9838,0.6387634,6.2923034e-05,50.92535,-0.45894343,-7.680735,0.08230679,1.0,0.9989786,0.12109375,0.0050334157,-14.843946,-14.854585,-3.960372,142.85759,0.37463024,9.394689e-08,0.99898624,0.11035156,0.005003475,-14.679617,-14.690081,-3.976633,122.56195,0.26384103,1.4019072e-07,0.026149116706848146,8154.141531229019,90000
56.969154,-0.39174166,-7.6415877,0.07251997,1.0,0.9990692,0.30273438,0.0039348816,-15.115649,-15.127585,-2.9047985,68.24196,0.56811315,2.3914707e-05,1.097002,-1.4101676,21.806057,0.9990511,0.265625,0.0040063993,-14.907345,-14.919009,-2.9752965,113.59568,0.5868846,9.5956275e-06,53.389637,-0.42191344,-7.6789694,0.08186528,1.0,0.99901485,0.10058594,0.0051162345,-14.56551,-14.575741,-4.1002846,115.01218,0.15329595,2.406231e-07,0.9990158,0.09472656,0.0051265527,-14.206488,-14.216346,-4.122113,6.366445,0.07354452,1.3551911e-06,0.02736505661010742,8290.96681857109,95000
59.16636,-0.42264026,-7.633545,0.070509166,1.0,0.99908066,0.34277344,0.0038193832,-15.315065,-15.327365,-2.7325249,123.455215,0.7855549,1.4578643e-05,3.651758,-3.0754356,34.877808,0.9990587,0.27246094,0.0038994746,-15.080093,-15.092098,-2.7992575,68.5772,0.69420546,5.8233098e-05,54.981003,-0.42640406,-7.666193,0.078671336,1.0,0.99901295,0.10449219,0.0051145814,-14.545171,-14.555399,-4.0820804,107.86007,0.14100969,9.878358e-07,0.999012,0.10058594,0.005142209,-14.402849,-14.412898,-4.123311,14.078067,0.13191089,7.5776093e-06,0.03098853440284729,8445.90949177742,100000
50.73675,-0.47274312,-7.6540623,0.07563848,1.0,0.9990835,0.34277344,0.0037771235,-15.330022,-15.342386,-2.6819758,75.76336,0.7708561,2.2956148e-05,1.8516326,-3.9534376,28.447994,0.9990568,0.2939453,0.0038677915,-15.096887,-15.108963,-2.7436278,59.263954,0.6594018,0.00011018909,58.14508,-0.43614128,-7.66252,0.07775298,1.0,0.9990177,0.119140625,0.005033201,-14.857334,-14.867874,-4.075685,47.214275,0.15069953,9.848268e-07,0.99901676,0.09472656,0.0050717164,-14.65742,-14.667764,-4.076273,47.222157,0.15353179,3.3656318e-07,0.16955965104103088,9293.707750797272,105000
53.665108,-0.39991522,-7.6258655,0.06858933,1.0,0.99906826,0.3408203,0.0038401922,-15.557226,-15.56968,-2.8171847,113.5431,0.5267565,3.9991963e-05,3.422373,-3.9297323,33.016453,0.9990444,0.26660156,0.0039052747,-15.301428,-15.313533,-2.9188173,57.306812,0.41062343,0.00014584782,63.646908,-0.37492594,-7.655159,0.07591274,1.0,0.99902344,0.123046875,0.0050869132,-14.658417,-14.66875,-4.0872555,11.6652775,0.08336687,1.4796181e-07,0.9990196,0.09277344,0.005149382,-14.500456,-14.5105505,-4.1743293,25.264154,0.091720134,2.947401e-06,0.026138672733306886,9424.401116371155,110000
58.41532,-0.33834475,-7.6766458,0.08128451,1.0,0.9990902,0.34179688,0.0037675197,-15.558264,-15.570844,-2.6896186,136.65813,0.6868193,2.5033876e-05,6.799841,-6.383677,45.443638,0.999074,0.30859375,0.003819569,-15.314725,-15.326961,-2.7989016,44.45145,0.5305083,6.092019e-05,58.84874,-0.39638835,-7.680358,0.08221249,1.0,0.9990053,0.12890625,0.005126729,-14.742257,-14.75263,-4.1311607,31.849789,0.17124015,4.5622323e-07,0.99901104,0.1015625,0.0052193664,-14.54179,-14.551841,-4.259308,310.1409,0.47151375,3.4105794e-09,0.026133022499084474,9555.066231966019,115000
52.30362,-0.44014394,-7.6285424,0.06925857,1.0,0.99910736,0.36523438,0.0037197038,-15.418227,-15.430745,-2.6125398,90.80105,0.7072054,1.9822226e-05,2.469643,-3.025532,24.414944,0.999073,0.30273438,0.0038332208,-15.135054,-15.14723,-2.6776881,67.24005,0.6840518,0.00010330567,48.65456,-0.5078731,-7.6546135,0.07577637,1.0,0.9990158,0.123046875,0.0050636767,-14.6057,-14.616028,-4.0401826,14.172353,0.1116394,1.0761418e-06,0.999012,0.099609375,0.0051034107,-14.359411,-14.369484,-4.054857,220.33829,0.4504232,1.5403351e-06,0.026588973236083984,9688.01109957695,120000
53.07939,-0.44619143,-7.622655,0.06778668,1.0,0.9990797,0.34765625,0.0037959788,-15.574377,-15.586935,-2.728199,156.82762,0.76505816,0.00011371777,4.1261916,-7.4331865,32.481804,0.99906063,0.296875,0.0038938527,-15.405474,-15.417771,-2.8254807,187.06334,0.73859966,7.7584285e-05,62.402416,-0.41852057,-7.647358,0.073962435,1.0,0.9990206,0.119140625,0.004984599,-14.794075,-14.804616,-4.010459,320.18198,0.31551266,7.4364543e-06,0.99901295,0.111328125,0.005053288,-14.693205,-14.703611,-4.047244,48.93227,0.27500343,7.685468e-06,0.03099089059829712,9842.965554237366,125000
58.527237,-0.3534896,-7.6316657,0.0700394,1.0,0.9991102,0.38378906,0.003653323,-15.771064,-15.784013,-2.522922,94.48881,0.9065217,1.0896445e-06,2.5189443,-3.0403583,31.740467,0.9990759,0.31445312,0.0037435852,-15.607917,-15.620563,-2.6714592,34.881336,0.6148994,4.8522284e-06,58.599354,-0.4256402,-7.6671886,0.078920126,1.0,0.99901676,0.11816406,0.0050552967,-14.718916,-14.729291,-4.105275,93.90275,0.13232815,5.0146785e-08,0.99901295,0.10449219,0.0050584124,-14.597604,-14.607882,-4.082467,8.562435,0.0953595,2.2511713e-08,0.030996233034133912,9997.946722984314,130000
57.023193,-0.37359506,-7.6520143,0.0751265,1.0,0.9990959,0.36035156,0.0037564128,-15.751617,-15.764394,-2.6801164,162.82867,0.92302763,2.905925e-05,1.896575,-2.8037682,27.058653,0.999073,0.30273438,0.0038651256,-15.651606,-15.664112,-2.8567004,73.18131,0.67986894,8.3775405e-05,70.21518,-0.4076843,-7.676997,0.081372306,1.0,0.9990082,0.11328125,0.0051330077,-14.853354,-14.863795,-4.1720843,41.57863,0.14592642,6.100195e-08,0.99900913,0.09082031,0.0051451493,-14.797926,-14.808313,-4.1708803,36.340496,0.2014113,7.927752e-08,0.03100298113822937,10152.96163058281,135000
51.198677,-0.4159599,-7.6256127,0.068526156,1.0,0.9990988,0.36816406,0.0036933806,-16.012478,-16.025585,-2.6048026,515.9613,1.3196812,4.9537022e-05,2.5257187,-2.3861554,26.631319,0.9990635,0.2998047,0.0037347227,-15.857948,-15.870811,-2.6994677,87.24169,0.657073,0.00017807045,62.01999,-0.3975774,-7.6665707,0.078765675,1.0,0.9990225,0.119140625,0.0050158435,-14.815342,-14.825852,-4.0641613,10.160468,0.08949199,1.0386221e-08,0.9990225,0.119140625,0.005102858,-14.75534,-14.76569,-4.1673794,19.172476,0.11557388,4.4523256e-07,0.031003777933120726,10307.980526447296,140000
62.764774,-0.35270444,-7.6136103,0.06552551,1.0,0.99909496,0.3515625,0.0037429011,-15.947815,-15.960817,-2.647205,123.266914,0.71364427,3.4140082e-06,3.1002564,-4.5369873,33.124184,0.99905396,0.29882812,0.003869732,-15.801949,-15.814632,-2.8260524,31.377937,0.45327288,0.00015351159,57.343548,-0.44131562,-7.6605186,0.07725265,1.0,0.99901676,0.12792969,0.0049825264,-14.926445,-14.937121,-4.004957,31.197407,0.110078186,9.134851e-08,0.9990082,0.11328125,0.005042947,-14.8128195,-14.823356,-4.033463,8.189075,0.094019845,8.692082e-06,0.030987508153915405,10462.918068408966,145000
57.996555,-0.34493244,-7.628015,0.0691267,1.0,0.99910736,0.3828125,0.0037261867,-15.848525,-15.86144,-2.6372542,60.84953,0.714255,2.1895032e-05,4.29609,-5.177057,35.981434,0.9990816,0.3095703,0.0037983665,-15.761011,-15.773767,-2.7103906,86.06419,0.75726575,2.7421773e-05,64.39716,-0.38709176,-7.6650248,0.07837923,1.0,0.9990206,0.12402344,0.005175936,-14.663033,-14.673291,-4.1690693,86.59641,0.23108743,1.1893862e-07,0.9990158,0.09472656,0.0052041896,-14.551325,-14.561409,-4.235283,207.91594,0.3270741,8.165708e-07,0.026802443075180055,10596.93028831482,150000
43.694363,-0.47325543,-7.6342793,0.070692815,1.0,0.99911594,0.3486328,0.0037193366,-16.006966,-16.020052,-2.6198788,55.90733,0.67966247,7.9388854e-05,3.9541852,-3.2767363,32.72621,0.9990587,0.2998047,0.0038049626,-15.784456,-15.797228,-2.718306,89.47297,0.58017623,6.0489438e-06,54.853596,-0.47903526,-7.653249,0.075435124,1.0,0.999012,0.123046875,0.0051029744,-14.865095,-14.875675,-4.0414906,90.517624,0.19495265,4.4199275e-09,0.99900055,0.09375,0.005149588,-14.814504,-14.825051,-4.023741,1546.9292,1.8005677,2.23369e-09,0.1637652910232544,11415.756744861603,155000
54.45265,-0.40764245,-7.6265373,0.068757355,1.0,0.99913216,0.37109375,0.0036183067,-16.233337,-16.246777,-2.4835703,114.140015,1.1734118,0.0001664269,3.9708645,-4.0368357,33.82104,0.99908924,0.3310547,0.0036671883,-16.09744,-16.11073,-2.5042915,79.28408,1.0526316,0.000118242126,64.423935,-0.4357615,-7.6537104,0.075550646,1.0,0.99902153,0.12988281,0.005104459,-14.597231,-14.607518,-4.0732613,33.979465,0.13728046,2.9010666e-08,0.9990063,0.10058594,0.0051706457,-14.575672,-14.585925,-4.086976,132.35321,0.27406937,2.996775e-10,0.021189848756790162,11521.705989599228,160000
50.632828,-0.38396907,-7.6114817,0.06499338,1.0,0.99910927,0.38476562,0.0036112878,-16.02681,-16.039963,-2.5685956,55.70334,0.69897014,5.039854e-06,3.1223338,-5.30206,27.602293,0.99907494,0.31933594,0.0037021374,-15.742702,-15.755504,-2.6457999,69.68457,0.56329477,2.3229097e-05,58.746624,-0.41016275,-7.636806,0.07132443,1.0,0.99901485,0.12988281,0.005077893,-14.810668,-14.821137,-4.0996118,90.39738,0.14383636,7.482249e-07,0.9990015,0.119140625,0.005074051,-14.692472,-14.702877,-4.049185,33.87584,0.14855376,2.5114257e-06,0.021214979648590086,11627.780892372131,165000
53.66019,-0.36799622,-7.630067,0.06963965,1.0,0.99912643,0.40234375,0.0035569863,-16.184788,-16.198244,-2.4179862,59.161034,0.9317177,7.698786e-05,2.97881,-2.944665,29.427883,0.9990845,0.33984375,0.0036295243,-15.985971,-15.99911,-2.545081,49.919586,0.6915933,2.6434664e-05,64.26921,-0.41424304,-7.6655912,0.07852073,1.0,0.9990139,0.115234375,0.0051154606,-14.875629,-14.886111,-4.1519527,9.056736,0.08075708,1.7691104e-07,0.9990101,0.095703125,0.005153146,-14.946434,-14.956878,-4.262183,12.6400585,0.09032279,5.1266585e-07,0.023417355632781984,11744.867672204971,170000
43.135025,-0.44693464,-7.6345444,0.07075903,1.0,0.9991226,0.41308594,0.0035444917,-16.34027,-16.353836,-2.4622314,128.43867,1.0149922,0.00013823246,7.9966774,-6.861932,51.976364,0.9990978,0.34277344,0.0035984092,-16.130432,-16.143791,-2.4645498,71.587585,0.8350245,6.0204587e-05,52.880898,-0.45064735,-7.681833,0.08258116,1.0,0.99902153,0.12402344,0.005088442,-14.778326,-14.788747,-4.1196556,49.364315,0.13712767,3.1256417e-10,0.9990101,0.1171875,0.0051320316,-14.637029,-14.647351,-4.0778556,410.0645,0.5210729,6.110166e-07,0.026132193756103515,11875.528646230698,175000
48.77819,-0.4840341,-7.620425,0.06722927,1.0,0.9991369,0.40234375,0.0036146755,-16.354124,-16.367588,-2.577735,124.55365,1.1391594,6.616293e-05,1.4290953,-1.97313,22.12795,0.999094,0.33789062,0.0037465782,-16.105114,-16.118238,-2.6803846,38.254177,0.8386886,5.0860155e-05,52.230843,-0.4634562,-7.661623,0.077528715,1.0,0.99901295,0.111328125,0.0050368663,-15.031509,-15.042217,-4.0775785,52.652435,0.108750045,3.371443e-09,0.99900913,0.11035156,0.005048704,-14.896223,-14.906804,-4.073126,21.945963,0.101862155,1.0552482e-07,0.02612193775177002,12006.138339042664,180000
52.79031,-0.36869293,-7.629094,0.069396466,1.0,0.99913025,0.39746094,0.003539727,-16.546349,-16.560112,-2.4663434,57.572704,0.913223,8.646972e-06,2.9273455,-4.433879,35.08146,0.999094,0.34179688,0.003648665,-16.474798,-16.488346,-2.6127882,57.952637,0.76921415,1.2333585e-05,50.772476,-0.38769835,-7.684026,0.083129406,1.0,0.99902153,0.12011719,0.0051131914,-14.700605,-14.710952,-4.11668,64.594025,0.107235566,8.2844883e-07,0.9990158,0.10253906,0.005143714,-14.740349,-14.750665,-4.1873064,7.9445024,0.068779364,1.031913e-07,0.026131785917282106,12136.797269582748,185000
54.496155,-0.32710344,-7.611785,0.06506926,1.0,0.99913216,0.40722656,0.0035500226,-16.62862,-16.642517,-2.4146934,164.06326,1.0865548,3.6757901e-06,1.6429927,-2.7203114,22.988453,0.99908924,0.34277344,0.0036325715,-16.435572,-16.449108,-2.5857973,65.883385,0.77116275,7.782434e-06,60.975056,-0.39105347,-7.66304,0.077883035,1.0,0.99901867,0.115234375,0.0050720484,-14.781065,-14.791509,-4.096423,28.847755,0.10307908,8.991496e-08,0.99902153,0.12011719,0.0050507593,-14.677553,-14.687884,-4.1087923,61.229248,0.14961307,4.0772603e-09,0.027062978315353394,12272.112166404724,190000
40.678726,-0.39866394,-7.622055,0.067636676,1.0,0.9991331,0.39257812,0.0035979762,-16.465212,-16.478884,-2.4798136,99.78937,0.99472463,6.802291e-05,1.6322197,-1.424299,21.19279,0.99908733,0.3154297,0.003751648,-16.184635,-16.197893,-2.6204948,48.361664,0.77760994,6.719357e-05,62.600494,-0.42840803,-7.6409492,0.072360225,1.0,0.99902534,0.119140625,0.005087149,-14.826756,-14.837204,-4.1371117,30.105968,0.12921503,9.4050876e-08,0.9990158,0.119140625,0.0051225787,-14.711527,-14.721869,-4.1302614,18.019024,0.11550552,1.9130812e-09,0.03098339066505432,12427.029121637344,195000
42.04644,-0.45456746,-7.6248255,0.068329394,1.0,0.9991474,0.4111328,0.0035327112,-16.477945,-16.49171,-2.395883,95.04182,0.9506345,2.3959792e-05,4.0028596,-3.8627915,30.116766,0.9990959,0.34375,0.0035891964,-16.306133,-16.319626,-2.502297,74.443436,0.83339375,9.985723e-05,61.60974,-0.4967507,-7.659684,0.077044114,1.0,0.99901104,0.11621094,0.0050895605,-14.811247,-14.82175,-4.0666,61.688118,0.13074842,2.8083589e-06,0.9989929,0.09863281,0.005137933,-14.861765,-14.872333,-4.051629,1205.4525,1.3083591,1.1061845e-06,0.02676759901046753,12560.867120027542,200000
53.950066,-0.4210236,-7.6157556,0.066061854,1.0,0.999136,0.3955078,0.003566232,-16.718487,-16.732458,-2.4277916,62.265392,0.98027456,5.30905e-05,2.0809999,-2.0425026,28.397884,0.9991007,0.3388672,0.0036241396,-16.49478,-16.508444,-2.518054,205.34183,1.1874702,6.944371e-05,67.77992,-0.36214706,-7.6510057,0.07487434,1.0,0.9990263,0.1328125,0.005177241,-14.811444,-14.821827,-4.190899,12.062119,0.1175452,1.4435085e-08,0.999012,0.10839844,0.005196005,-14.7644615,-14.774753,-4.237117,21.609138,0.12891273,2.8893157e-06,0.2297021026611328,13709.377635002136,205000
53.15962,-0.39679155,-7.620972,0.06736607,1.0,0.999136,0.4111328,0.0035746014,-16.608036,-16.621891,-2.4340384,182.4535,1.0791919,7.6909155e-06,3.1722543,-1.5337343,26.92314,0.9990759,0.34375,0.0036936305,-16.35778,-16.371254,-2.5780115,168.46341,1.0230575,1.5358444e-05,63.94202,-0.38702738,-7.647927,0.07410468,1.0,0.99901676,0.12402344,0.0050008735,-14.998049,-15.008765,-4.0345244,108.98199,0.16862342,7.198076e-08,0.99900436,0.10253906,0.005097096,-14.965729,-14.9763565,-4.093574,250.50026,0.3673506,3.734774e-09,0.021226035642623903,13815.507817745209,210000
57.536995,-0.35126466,-7.629994,0.06962152,1.0,0.9991417,0.41503906,0.0035147043,-16.771614,-16.785633,-2.4323707,96.12194,0.9526269,8.676988e-05,3.2100482,-3.8879628,32.204857,0.9990978,0.34960938,0.0035638143,-16.677252,-16.691074,-2.5375276,69.998924,0.8587092,2.7094661e-06,66.07011,-0.40645316,-7.6649356,0.07835689,1.0,0.99902344,0.125,0.0050176173,-14.91489,-14.925539,-4.0219507,441.10437,0.33596748,4.3050554e-06,0.99901104,0.10839844,0.005061564,-15.001278,-15.011941,-4.092536,7.359256,0.082907,2.4022987e-07,0.02122415041923523,13921.62857222557,215000
47.74288,-0.3900501,-7.624225,0.06817934,1.0,0.9991255,0.41992188,0.0034724663,-16.85242,-16.866566,-2.3823662,206.99942,1.1290395,3.9870392e-06,1.2125336,-1.2517081,20.104212,0.99909306,0.3486328,0.003561695,-16.535458,-16.549154,-2.5246272,60.23863,0.7671868,1.2266652e-05,63.223083,-0.38433695,-7.6567707,0.07631564,1.0,0.999012,0.12011719,0.0051181614,-14.841608,-14.852045,-4.164138,58.25016,0.21197617,1.4746643e-10,0.99900246,0.10449219,0.005185596,-14.7612,-14.771487,-4.237795,7.929599,0.08216857,1.3125522e-06,0.021225942230224608,14027.758286714554,220000
54.605286,-0.33091187,-7.604702,0.063298345,1.0,0.999177,0.421875,0.0033853473,-17.086517,-17.10104,-2.2286246,173.02742,1.4622605,2.3178089e-05,3.0934792,-3.5308518,31.446514,0.9991169,0.3671875,0.0035122386,-16.916212,-16.930393,-2.4073246,44.728012,0.84653455,0.00011475085,76.36584,-0.3332455,-7.659584,0.077019006,1.0,0.99902344,0.12597656,0.00511083,-14.885525,-14.896079,-4.0889087,115.38934,0.17472762,2.0957086e-06,0.9990139,0.11816406,0.0050780308,-14.950949,-14.961541,-4.114296,11.126779,0.08980796,1.0342682e-06,0.021224680042266846,14133.881690263748,225000
44.293545,-0.38416776,-7.6098557,0.06458679,1.0,0.9991579,0.40820312,0.0034881623,-16.966707,-16.980984,-2.3620079,139.45111,1.189679,6.645908e-05,1.0991069,-1.126923,16.959034,0.9990711,0.36132812,0.0035908588,-16.692108,-16.705988,-2.4913437,43.90554,0.66789806,3.5895195e-05,64.22236,-0.4273505,-7.648675,0.074291736,1.0,0.9990206,0.12011719,0.0051216255,-14.844938,-14.855431,-4.1115303,8.686656,0.08685664,3.6844451e-06,0.9990196,0.10644531,0.0051320414,-14.735874,-14.746272,-4.0977716,8.451163,0.08441022,1.8365137e-06,0.021228872060775755,14240.026051521301,230000
54.47486,-0.32269946,-7.625706,0.06854945,1.0,0.999156,0.42382812,0.003464926,-17.107407,-17.121883,-2.2975326,86.76137,1.0485078,5.7048306e-05,2.5548873,-4.9587355,33.381134,0.99910927,0.36035156,0.0035564904,-16.912193,-16.926348,-2.4317448,103.190186,0.99812347,2.773935e-05,66.96955,-0.38035932,-7.666184,0.078669,1.0,0.9990263,0.13574219,0.0049721412,-14.947667,-14.958365,-4.002302,36.152622,0.11248579,1.8550517e-07,0.99901676,0.12011719,0.0049703564,-14.96818,-14.978873,-4.0286984,297.3126,0.40707034,1.3300629e-05,0.024078632211685182,14360.419216871262,235000
49.82707,-0.33091822,-7.6059084,0.06360006,1.0,0.9991369,0.390625,0.0036207242,-16.83816,-16.852224,-2.44914,111.48309,1.1965717,4.9803566e-05,2.349994,-2.0364025,22.729439,0.9990883,0.32714844,0.003714836,-16.717129,-16.730927,-2.6028166,97.41892,1.062402,0.00011453252,62.485275,-0.34973788,-7.6576214,0.0765284,1.0,0.9990206,0.111328125,0.0050424174,-14.981122,-14.991762,-4.0968466,343.5539,0.30828744,2.6453638e-08,0.99900913,0.08886719,0.005053129,-15.116375,-15.127153,-4.0899105,329.88065,0.46612105,2.0419546e-07,0.02615074200630188,14491.172930002213,240000
52.944633,-0.39545575,-7.614545,0.06575918,1.0,0.9991436,0.41796875,0.0034030143,-17.334846,-17.349619,-2.2247617,202.2471,1.39012,6.9210223e-06,2.3099382,-1.389541,20.848976,0.999094,0.36914062,0.003466662,-17.227173,-17.241714,-2.3529472,668.5991,1.4682384,0.0001197969,58.872047,-0.42745578,-7.6733737,0.0804664,1.0,0.99902534,0.12695312,0.005043327,-15.045465,-15.056195,-4.0694313,75.579414,0.17683966,1.0336578e-06,0.9990158,0.099609375,0.0050725024,-15.026844,-15.037506,-4.1198006,11.904248,0.09295399,3.7784903e-06,0.026146355962753297,14621.904712677002,245000
50.51558,-0.43869716,-7.6099243,0.064604,1.0,0.9991617,0.42578125,0.0034752553,-17.031002,-17.045357,-2.3421774,780.0485,1.9284396,8.6024374e-05,1.7569237,-3.8163078,23.388956,0.9990988,0.34960938,0.0036344319,-16.876583,-16.890656,-2.4802213,154.23573,1.1062176,2.6859912e-05,57.921196,-0.3792634,-7.664626,0.078279436,1.0,0.9990177,0.12109375,0.0050470326,-15.149308,-15.16011,-4.0976663,39.303246,0.15052502,1.9182624e-09,0.9990139,0.10058594,0.0050838953,-15.14412,-15.154873,-4.14501,11.143063,0.084119625,3.031606e-08,0.02613139796257019,14752.56170630455,250000
55.132717,-0.32888007,-7.6063156,0.06370182,1.0,0.99914074,0.40722656,0.003574229,-16.972666,-16.98686,-2.450154,158.21538,1.2595356,7.014747e-05,1.7144878,-3.8160121,26.462357,0.99910355,0.34472656,0.003640649,-16.761677,-16.775572,-2.5471652,94.76712,1.1107357,0.0001434197,61.70938,-0.35956752,-7.6448307,0.073330685,1.0,0.9990196,0.11230469,0.005075073,-14.882589,-14.89312,-4.1105757,32.175316,0.12860382,6.422946e-07,0.9990101,0.09667969,0.0051373644,-14.856244,-14.866673,-4.187418,201.8162,0.31941876,1.629473e-07,0.02614205574989319,14883.271988153458,255000
53.629578,-0.4452474,-7.6225996,0.06777285,1.0,0.999136,0.41308594,0.003472209,-17.330456,-17.345083,-2.3668184,140.07477,1.2075424,1.7522807e-05,6.5183477,-4.0612693,39.56076,0.99909115,0.34375,0.0036313478,-17.087759,-17.102028,-2.4906616,55.140438,0.9644763,3.145157e-05,60.367558,-0.4468172,-7.673573,0.080516174,1.0,0.99901485,0.12207031,0.0051140077,-15.184351,-15.195145,-4.1427846,21.980268,0.12825373,3.6094235e-08,0.9989977,0.095703125,0.0051354975,-15.09298,-15.103673,-4.154562,13.840575,0.114128456,4.3390003e-07,0.028991089391708375,15028.227438926697,260000
51.503616,-0.33842543,-7.614304,0.065699,1.0,0.99915123,0.4111328,0.0034600329,-17.35617,-17.37082,-2.3711514,157.47325,1.4111233,1.5253434e-07,3.7592456,-3.5694833,29.758755,0.999115,0.36816406,0.0035486806,-17.100002,-17.11431,-2.465422,132.50526,1.038737,3.76405e-06,65.1629,-0.43291032,-7.652915,0.07535164,1.0,0.9990301,0.12792969,0.004925349,-15.061708,-15.072523,-3.9974267,81.85475,0.14436688,3.9065955e-09,0.99901676,0.11328125,0.004990075,-15.046035,-15.056776,-4.056903,23.050236,0.12607089,2.329498e-09,0.031006295824050904,15183.258919477463,265000
59.016018,-0.29548824,-7.6191635,0.06691378,1.0,0.99914837,0.40527344,0.0034724544,-17.281826,-17.296478,-2.2920938,118.39132,1.4206994,1.5377233e-05,1.1434039,-1.0547246,21.29892,0.9990988,0.35546875,0.003530804,-17.064096,-17.078423,-2.407374,40.28131,0.9135431,0.00013366464,68.02143,-0.33231342,-7.6747017,0.08079831,1.0,0.9990206,0.13085938,0.0051144296,-15.076681,-15.0875,-4.009881,609.75916,0.5904522,7.0640954e-07,0.9990177,0.109375,0.005111672,-15.08672,-15.0974245,-4.13669,42.548542,0.18676491,4.465016e-06,0.030992757987976075,15338.222712755203,270000
50.460487,-0.39966258,-7.5990705,0.061890516,1.0,0.9991522,0.4140625,0.003502179,-17.277542,-17.292122,-2.3609195,233.74333,1.5367742,1.808035e-05,7.8225985,-3.4891706,38.455048,0.99910927,0.3642578,0.0035822338,-17.078201,-17.092499,-2.4506516,347.92697,1.2867088,0.00011489277,64.62577,-0.422548,-7.6612225,0.07742856,1.0,0.999012,0.11621094,0.0050893193,-15.066915,-15.077639,-4.0957966,14938.673,7.568575,4.020109e-07,0.9990063,0.09863281,0.005153869,-15.029058,-15.039744,-4.0967703,187.41805,0.42259988,6.8454307e-07,0.030999205160140993,15493.218740463257,275000
46.27787,-0.39854902,-7.6199217,0.06710333,1.0,0.9991913,0.4326172,0.0034102723,-17.531113,-17.546116,-2.1822367,71.5953,1.4572709,3.7124944e-05,1.7524407,-1.5751024,19.110495,0.99911594,0.3642578,0.003522224,-17.228573,-17.243114,-2.353757,58.600124,1.1237872,0.00015432156,50.13527,-0.45412996,-7.63465,0.07078548,1.0,0.99902534,0.12402344,0.0051342407,-15.030971,-15.0415945,-4.162499,18.057121,0.10922778,1.2298196e-07,0.99901104,0.09472656,0.0051439563,-14.978914,-14.989488,-4.1619287,233.12746,0.39303964,3.2472813e-06,0.026197435808181763,15624.205922603607,280000
52.380077,-0.34508824,-7.615775,0.06606671,1.0,0.99914455,0.4345703,0.0034335023,-17.219696,-17.234335,-2.2450347,102.353424,1.2620668,4.684461e-05,2.8978927,-3.2753496,25.481756,0.99911594,0.37695312,0.0035232496,-17.099873,-17.114248,-2.392242,93.4963,1.0031466,9.990576e-06,57.272316,-0.34252363,-7.6705866,0.079769656,1.0,0.9990177,0.1328125,0.005026553,-15.10009,-15.110956,-3.9840248,248.00058,0.2675969,2.9628447e-10,0.9989996,0.107421875,0.005113542,-15.150904,-15.161752,-4.0542192,716.7021,1.1838341,3.5497422e-10,0.02477376627922058,15748.07475733757,285000
45.961456,-0.37812307,-7.6292152,0.06942677,1.0,0.9991627,0.41210938,0.0034720958,-17.249802,-17.264505,-2.2057714,793.6052,2.080977,0.00010339675,3.4380014,-3.129349,32.285034,0.9991007,0.35058594,0.003556483,-17.17353,-17.188068,-2.3006086,4283.82,5.3514915,3.4512694e-05,68.29408,-0.3473128,-7.643799,0.07307273,1.0,0.9990282,0.123046875,0.0050805956,-15.224522,-15.235427,-4.0681844,220.05878,0.2326569,3.3374947e-09,0.9990053,0.10839844,0.0051487237,-15.344124,-15.355066,-4.1511073,52.569984,0.15433218,3.8065454e-10,0.02481303095817566,15872.139913797379,290000
54.91575,-0.35742286,-7.605317,0.06345222,1.0,0.9991846,0.44140625,0.0033312626,-17.622845,-17.637976,-2.143174,196.55785,1.4727309,1.994594e-05,3.7045827,-4.3491364,32.25351,0.999135,0.3798828,0.0034170377,-17.441814,-17.456652,-2.2639823,106.93469,1.1495097,0.00012258589,65.735886,-0.38628224,-7.662759,0.07781261,1.0,0.9990177,0.12207031,0.005052418,-14.979315,-14.989961,-4.0881205,544.1835,0.4045598,5.5541235e-11,0.9990101,0.1015625,0.0051080883,-15.053253,-15.063931,-4.128725,106.39577,0.31324512,4.931171e-09,0.024814428663253785,15996.2120616436,295000
49.18209,-0.4075908,-7.621131,0.0674057,1.0,0.999156,0.43359375,0.003402602,-17.805065,-17.820269,-2.2532468,146.68375,1.1727052,0.00013617166,5.567064,-4.0165873,35.29281,0.9991064,0.3642578,0.0034912257,-17.417858,-17.432539,-2.397223,67.54734,0.8539105,9.070479e-05,60.702736,-0.51456416,-7.640928,0.07235496,1.0,0.99901867,0.12988281,0.0050045773,-15.184959,-15.195866,-4.0293126,501.18616,0.5210789,5.8841247e-09,0.9990072,0.1171875,0.0050376607,-15.215274,-15.226187,-4.0515184,1117.3339,1.3111829,2.9012406e-10,0.02174329013824463,16104.928515672684,300000
55.377335,-0.3808058,-7.602349,0.06271008,1.0,0.9991627,0.44628906,0.0034155587,-17.873283,-17.888552,-2.2549486,160.52003,1.461597,2.8966506e-05,2.9277074,-3.164379,30.486212,0.9990978,0.37304688,0.0034973137,-17.494299,-17.509085,-2.36869,698.7417,2.7141733,0.00014007869,55.233044,-0.3856336,-7.651096,0.07489694,1.0,0.9990206,0.13769531,0.0050415774,-15.155824,-15.166654,-4.076869,15.3988085,0.09199059,1.2117702e-06,0.99900055,0.11425781,0.005076493,-15.06594,-15.0766535,-4.1061006,86.37381,0.3070817,4.234801e-08,0.25925382061004637,17401.19762325287,305000
51.694992,-0.33060202,-7.602589,0.06277028,1.0,0.99917126,0.41308594,0.0034976413,-17.734188,-17.749264,-2.3114383,272.58676,1.8517697,3.434339e-06,1.9073311,-1.9755569,22.365423,0.99911594,0.3515625,0.003592839,-17.446606,-17.461277,-2.4349575,217.69797,1.3565063,4.892974e-05,71.634224,-0.38059303,-7.6628876,0.07784481,1.0,0.9990196,0.119140625,0.005107944,-15.201278,-15.212089,-4.1422014,1594.1249,1.0926709,4.0368934e-11,0.9990101,0.115234375,0.0051740846,-15.323524,-15.3343525,-4.244553,56.415634,0.2577012,1.6587126e-09,0.014958621740341186,17475.990734815598,310000
52.168232,-0.36321652,-7.61896,0.06686294,1.0,0.9991703,0.43066406,0.0033556572,-17.869694,-17.885073,-2.1373744,376.90247,1.8409554,2.80529e-05,5.1604075,-2.4988852,29.099365,0.99912643,0.3779297,0.0034017398,-17.603886,-17.61889,-2.2537107,125.31775,1.205605,9.308428e-05,68.85891,-0.3176155,-7.6594615,0.076988354,1.0,0.9990139,0.12109375,0.00513939,-15.202429,-15.213308,-4.0713434,1277.5421,0.9689783,5.112889e-09,0.99901485,0.10839844,0.005138724,-15.227832,-15.238674,-4.135484,41.06237,0.15186721,1.3638726e-10,0.021211492013931275,17582.04819726944,315000
47.833595,-0.39099157,-7.613866,0.065589465,1.0,0.99917126,0.43847656,0.0034342057,-17.580729,-17.595642,-2.3268394,135.63435,1.2594429,4.6867575e-05,4.9761453,-2.7140658,33.183384,0.9991188,0.35546875,0.0035108645,-17.392979,-17.407598,-2.4385376,24.828672,0.8062205,1.6628497e-05,65.77608,-0.40209907,-7.6550827,0.07589364,1.0,0.9990206,0.12792969,0.005040759,-15.165986,-15.176837,-4.066289,166.17317,0.22623149,3.0867706e-10,0.999012,0.107421875,0.0050455267,-15.244764,-15.255707,-4.0504613,192.37996,0.40064877,1.2864513e-09,0.02121082992553711,17688.102348566055,320000
53.467125,-0.34553146,-7.617917,0.066602156,1.0,0.9991617,0.43066406,0.0034054217,-17.817461,-17.832685,-2.2408183,90.46999,1.3691646,7.0439215e-05,3.7354708,-2.9898996,27.334354,0.99910355,0.3544922,0.0035346206,-17.539257,-17.554005,-2.4521651,58.141605,0.8922842,6.80269e-06,62.540142,-0.38213134,-7.653039,0.07538262,1.0,0.9990225,0.11328125,0.0050526992,-15.154481,-15.165277,-4.1105537,2358.7651,1.666695,5.613677e-12,0.99901485,0.12207031,0.0050587947,-15.19071,-15.20152,-4.1316233,22.396173,0.11020428,3.014596e-08,0.021216069507598877,17794.182697296143,325000
49.321205,-0.39374518,-7.6061964,0.06367217,1.0,0.9991541,0.43554688,0.0033723926,-17.765438,-17.780643,-2.2098866,863.7579,1.931886,0.00016905741,1.8496724,-1.7987667,24.582157,0.99909115,0.36523438,0.0034627297,-17.538462,-17.553385,-2.2717912,116.57413,1.1938612,7.317558e-05,65.32809,-0.44008029,-7.658988,0.07687004,1.0,0.999012,0.12695312,0.0050318884,-15.09934,-15.110122,-4.0703006,35.46628,0.10804753,1.2919592e-13,0.99900246,0.109375,0.005054107,-15.131929,-15.14275,-4.0622077,7.812035,0.09200405,1.3592412e-06,0.02119721827507019,17900.168791532516,330000
61.073177,-0.29783842,-7.6163654,0.06621435,1.0,0.9991865,0.4658203,0.0033026547,-17.994442,-18.009943,-2.136651,127.47722,1.3823936,1.1811032e-05,8.184461,-6.4003115,42.568756,0.9991207,0.39257812,0.0034106653,-17.844055,-17.85927,-2.2811203,78.44945,1.1771024,1.6222153e-05,60.95317,-0.35489544,-7.6652517,0.07843585,1.0,0.99902344,0.125,0.005008354,-15.2215185,-15.232494,-3.994443,262.221,0.29066148,1.9683559e-07,0.99902344,0.12792969,0.005007181,-15.3054695,-15.316467,-4.0547,47.799984,0.1602697,7.1540244e-06,0.02120514326095581,18006.194511175156,335000
49.038033,-0.3731991,-7.5997896,0.06207023,1.0,0.9991846,0.43847656,0.003381879,-17.929123,-17.944489,-2.21379,117.910355,1.4402112,1.9834177e-05,2.0778346,-2.8949938,23.462017,0.9991083,0.3642578,0.0034854664,-17.600744,-17.61569,-2.307428,71.73493,1.2839288,0.00012081435,61.665672,-0.42691693,-7.64045,0.07223541,1.0,0.9990196,0.12597656,0.0049566003,-15.315516,-15.326599,-3.977499,44562.16,21.905418,5.400702e-08,0.99900436,0.11621094,0.004971834,-15.328981,-15.340083,-3.9701107,59.4104,0.17271227,6.1793294e-06,0.021210935878753664,18112.249191999435,340000
49.542496,-0.36481494,-7.616682,0.06629348,1.0,0.99917126,0.45214844,0.0033015194,-18.005085,-18.020582,-2.1522684,150.33412,1.4926405,7.407509e-05,8.527933,-7.8886223,46.812172,0.99913025,0.40039062,0.003379861,-17.812473,-17.827684,-2.2509408,103.77295,1.2755858,0.00023328498,58.449234,-0.42117336,-7.6462393,0.0736828,1.0,0.9990158,0.14746094,0.0050171404,-15.186799,-15.197762,-3.9718134,49.13801,0.12373784,1.0902463e-06,0.9990053,0.1171875,0.005063807,-15.348459,-15.35951,-4.043399,9.546982,0.095761225,5.3709933e-08,0.021206515073776244,18218.281772613525,345000
48.287727,-0.3509178,-7.604228,0.06318003,1.0,0.9991665,0.44335938,0.0034372741,-17.775549,-17.790703,-2.2739902,729.96783,1.78934,5.4842996e-05,1.6350626,-1.951007,21.330322,0.9991188,0.37890625,0.0035123746,-17.646145,-17.661072,-2.3739254,61.915203,1.0816331,9.455853e-05,57.57163,-0.3590982,-7.6631584,0.07791263,1.0,0.9990225,0.11425781,0.004972747,-15.332482,-15.343563,-3.9978924,195.22632,0.19379176,3.7023873e-10,0.9990196,0.0859375,0.005044673,-15.419022,-15.43009,-4.0957093,5.0780764,0.076237366,5.0137197e-09,0.021214431953430177,18324.353934288025,350000
53.258755,-0.34779418,-7.6183953,0.066721775,1.0,0.99917316,0.4560547,0.003361814,-17.877308,-17.89261,-2.2205265,228.2785,1.587092,3.4343525e-06,1.8138317,-1.6171682,24.478025,0.99913406,0.3720703,0.0034969258,-17.679396,-17.694338,-2.3939984,47.43954,1.1051586,6.467134e-05,59.93483,-0.42240107,-7.6347556,0.07081188,1.0,0.99901295,0.11328125,0.005043907,-15.321646,-15.332671,-4.0440617,7785.2095,4.322453,3.641447e-08,0.9990082,0.10644531,0.0050763288,-15.310013,-15.320998,-4.0720916,87.362656,0.27872768,3.8672812e-07,0.021220003366470338,18430.453953504562,355000
57.207584,-0.32314384,-7.62098,0.06736788,1.0,0.9991598,0.44335938,0.0034278138,-17.890339,-17.905632,-2.2466893,245.13503,1.6283352,1.1897073e-05,1.9982036,-2.2431145,29.758131,0.99911976,0.375,0.0034987668,-17.811813,-17.826937,-2.3380458,95.36681,1.3522913,0.00010969702,49.927933,-0.48261285,-7.65751,0.07650043,1.0,0.999012,0.10839844,0.004984984,-15.494472,-15.505739,-3.967496,3168.4326,1.7862091,8.718261e-09,0.9990063,0.1015625,0.0050325696,-15.541502,-15.55274,-4.045162,57.720592,0.21417077,1.2618302e-07,0.021205676794052122,18536.48234128952,360000
56.259857,-0.393057,-7.6172748,0.06644164,1.0,0.9991741,0.45214844,0.0032269272,-18.412472,-18.428495,-2.0173364,184.55403,1.5285563,0.0001421243,4.918583,-2.802348,33.251778,0.9991188,0.4013672,0.0033083542,-18.144089,-18.15971,-2.162271,102.723114,1.1521146,0.00017583313,62.54347,-0.42236936,-7.648676,0.07429188,1.0,0.99901867,0.1171875,0.0050522815,-15.285116,-15.296117,-4.031231,1171.5002,0.8213785,1.6864217e-07,0.9990177,0.10058594,0.0050419993,-15.194477,-15.205408,-4.012072,33.027615,0.16710518,1.0535106e-07,0.02121416516304016,18642.553168296814,365000
52.733913,-0.3758185,-7.600235,0.06218165,1.0,0.999176,0.4404297,0.0033408082,-18.05317,-18.06871,-2.1555715,103.33003,1.3870294,0.00016138802,1.4697776,-1.8420902,23.043869,0.9991255,0.3779297,0.003436704,-17.845943,-17.861214,-2.2249172,478.8492,1.8060503,7.105249e-05,53.268513,-0.545665,-7.673976,0.080616914,1.0,0.9990177,0.13476562,0.0050272653,-15.373074,-15.384147,-4.0449357,644.0567,0.4200146,5.032334e-13,0.9990139,0.12109375,0.0050138813,-15.406958,-15.418091,-4.0170083,37.264675,0.13729894,5.6306426e-08,0.02419371395111084,18763.521740436554,370000
47.505985,-0.3325017,-7.614152,0.06566091,1.0,0.9991636,0.4296875,0.0034175273,-17.970963,-17.98638,-2.2003765,172.79053,1.6389725,5.9621674e-05,3.3966136,-3.3211536,26.583612,0.99911976,0.38671875,0.0034927344,-17.869938,-17.885132,-2.3259287,122.84245,1.3836538,8.62147e-06,68.78922,-0.3487379,-7.6759114,0.08110078,1.0,0.9989977,0.111328125,0.005064373,-15.295488,-15.306547,-3.9823132,3673.827,3.7539341,3.1158423e-11,0.9989891,0.099609375,0.0051136855,-15.450269,-15.4613695,-4.0936184,48.71985,0.17101386,4.325874e-09,0.026138843965530397,18894.215961694717,375000
44.244812,-0.36112702,-7.5958786,0.061092556,1.0,0.9991751,0.46191406,0.00335038,-18.185822,-18.20144,-2.2058787,137.0281,1.3206944,8.149325e-05,3.3768005,-3.1649134,31.935497,0.9991293,0.38964844,0.0034026438,-17.914978,-17.930254,-2.2882075,56.451744,0.8840847,0.000319573,55.075104,-0.4663531,-7.6431866,0.0729195,1.0,0.99902344,0.12402344,0.0050431467,-15.201676,-15.212536,-4.093114,150.79655,0.16328858,3.8717567e-11,0.9989948,0.09375,0.005170512,-15.180119,-15.190936,-4.113777,30.607544,0.0992029,1.3937156e-09,0.024940654516220094,19018.919236421585,380000
44.36523,-0.37540793,-7.6101627,0.06466359,1.0,0.9991865,0.4580078,0.0033320172,-18.13065,-18.14625,-2.1714182,467.39285,1.645576,0.0001831576,2.0742624,-2.0295339,19.828426,0.9991245,0.39257812,0.0034069198,-17.786684,-17.801893,-2.2296932,54.695786,1.1963974,0.00017125325,67.027054,-0.35522676,-7.6596737,0.077041395,1.0,0.99900913,0.11035156,0.0050896425,-15.3659935,-15.377029,-4.0774612,331.88977,0.51799595,2.3342138e-06,0.99901295,0.11035156,0.0051634014,-15.342972,-15.353912,-4.150647,477.42563,0.677647,5.0316366e-08,0.01998086590766907,19118.82356762886,385000
52.920593,-0.32448637,-7.6119404,0.06510803,1.0,0.999176,0.43945312,0.0033698492,-18.130953,-18.14655,-2.1760507,196.59966,1.6983242,4.643728e-06,5.0849447,-6.61277,38.741875,0.99910545,0.37695312,0.0034742784,-17.794321,-17.809505,-2.259684,101.28164,1.1914799,1.9207597e-05,55.19116,-0.44086885,-7.6720715,0.08014085,1.0,0.99902344,0.1171875,0.0051302295,-15.435746,-15.446738,-4.1906495,147.28166,0.20521909,1.1370018e-08,0.99901485,0.09765625,0.0051058033,-15.37575,-15.386705,-4.168289,55.751724,0.14865953,3.3781407e-07,0.01998213758468628,19218.734256982803,390000
48.047085,-0.37907732,-7.616166,0.066164486,1.0,0.9991932,0.44433594,0.0033804488,-18.094463,-18.11003,-2.1701381,184.9025,1.6673386,4.153229e-06,4.2850623,-5.9965944,34.375603,0.9991121,0.3544922,0.003486195,-17.837635,-17.852795,-2.3304477,52.230595,0.92154133,0.00015652829,65.90235,-0.3727236,-7.655967,0.07611481,1.0,0.99900913,0.123046875,0.0050612087,-15.4039755,-15.415054,-4.0700655,1234.5992,1.2278001,9.52672e-12,0.9990082,0.11230469,0.005069739,-15.4082775,-15.419356,-4.0738826,68.04817,0.26259923,2.4576168e-09,0.019982803153991698,19318.64827489853,395000
53.159607,-0.34912586,-7.611269,0.06494016,1.0,0.999197,0.45996094,0.0032534737,-18.283539,-18.299461,-1.994621,278.17096,2.1510139,1.1155097e-05,2.0574114,-1.2448128,21.058374,0.99914265,0.40527344,0.0033505885,-17.98265,-17.998075,-2.201209,111.330315,1.283657,4.2050266e-05,61.901703,-0.3727344,-7.656151,0.07616076,1.0,0.9990263,0.119140625,0.0050275982,-15.35764,-15.368732,-4.0105777,97.58239,0.19359672,1.7648419e-07,0.99901295,0.10058594,0.005073092,-15.358091,-15.3691025,-4.093571,9.41541,0.08610822,6.9496825e-11,0.019982156229019166,19418.55905866623,400000
54.38611,-0.31247917,-7.611173,0.06491621,1.0,0.9991932,0.4482422,0.0033004489,-18.40363,-18.419538,-2.1288328,162.92117,1.554003,0.00010153582,3.69053,-2.817089,27.513271,0.99914074,0.39257812,0.0034063915,-18.185211,-18.200739,-2.3022745,160.97687,1.4493074,0.00016732317,57.505806,-0.4757255,-7.65196,0.07511287,1.0,0.99901867,0.13964844,0.0050652847,-15.422582,-15.433668,-4.0803285,143.23357,0.33311367,2.4976343e-08,0.99899673,0.12988281,0.005123417,-15.477192,-15.488286,-4.127373,92.09358,0.26207408,2.728798e-06,0.3754075394630432,21295.59675860405,405000
47.85086,-0.3607332,-7.6084538,0.064236395,1.0,0.9991741,0.44140625,0.0033669344,-18.187336,-18.203053,-2.1079485,217.82516,1.9580798,8.487357e-05,3.764664,-3.236807,27.794804,0.99912643,0.38671875,0.0034386124,-17.94426,-17.959612,-2.2384791,217.27734,1.3410431,0.00024059638,54.02588,-0.4441169,-7.6649704,0.07836552,1.0,0.9990244,0.13867188,0.0050145527,-15.449778,-15.460909,-4.0632463,137.59198,0.18899913,3.675367e-11,0.9990158,0.10644531,0.005030082,-15.615237,-15.626486,-4.109044,15.95626,0.092763126,5.6283898e-11,0.021210311698913575,21401.648318767548,410000
50.32392,-0.3692111,-7.6324043,0.07022403,1.0,0.9991541,0.44140625,0.003459985,-17.954235,-17.969559,-2.2798696,595.08167,1.7670861,0.000111401765,2.558784,-2.4740365,22.214928,0.9990978,0.37597656,0.003546381,-17.894894,-17.9101,-2.339785,191.37546,1.5047985,4.354739e-06,56.335808,-0.44030032,-7.6504207,0.07472819,1.0,0.9990263,0.12207031,0.005077355,-15.308012,-15.319019,-4.0469913,143.62656,0.26971,6.350042e-07,0.9990082,0.11230469,0.005103362,-15.297366,-15.308371,-4.039236,178.01428,0.43002647,3.121766e-08,0.02118663158416748,21507.58147931099,415000
56.652885,-0.29985958,-7.609293,0.06444615,1.0,0.9991846,0.4501953,0.0033295252,-18.308079,-18.323889,-2.1363952,211.23022,1.8034589,0.00011651403,4.3961344,-1.8076823,34.211338,0.99914074,0.3779297,0.0033912049,-18.03806,-18.053522,-2.217454,53.635933,1.2401009,8.1481514e-05,67.33698,-0.37610182,-7.6502514,0.07468575,1.0,0.99901485,0.12890625,0.005009784,-15.322541,-15.333624,-3.9852605,224.12862,0.23328027,6.4682246e-07,0.99900055,0.10058594,0.005061946,-15.391956,-15.402997,-4.096918,15.310835,0.09152159,2.43585e-06,0.021232292890548708,21613.742945432663,420000
50.124985,-0.37274465,-7.616036,0.066131964,1.0,0.9991913,0.46777344,0.0032829272,-18.243845,-18.259672,-2.0533073,422.95468,1.752493,0.00012300725,2.711493,-2.7002473,27.802586,0.9991226,0.39746094,0.003392983,-18.017311,-18.032785,-2.1857228,103.40978,1.4420283,8.920087e-06,62.586643,-0.43964398,-7.6676936,0.07904641,1.0,0.99901104,0.125,0.005007132,-15.520855,-15.53213,-3.9862735,182.06953,0.23019257,1.202614e-08,0.9990063,0.123046875,0.005021151,-15.468552,-15.479733,-4.030173,186.10548,0.35615453,1.9131516e-08,0.021230257320404053,21719.894233226776,425000
50.26501,-0.3608262,-7.6037846,0.06306907,1.0,0.99921227,0.46191406,0.0032675534,-18.442722,-18.458794,-2.0015082,90.482765,1.579208,4.883022e-05,6.0667276,-3.8308496,40.11669,0.9991331,0.38964844,0.0033693123,-18.244394,-18.260096,-2.182786,73.56919,1.3688877,6.4242086e-05,58.95775,-0.35976753,-7.6647744,0.078316584,1.0,0.9990177,0.111328125,0.0051688673,-15.194123,-15.204958,-4.109236,119.515305,0.22297047,7.1864424e-12,0.999012,0.099609375,0.00514346,-15.30768,-15.318618,-4.119279,270.44482,0.49238014,1.6189885e-12,0.021229616022109984,21826.042318344116,430000
43.6039,-0.4039021,-7.624448,0.06823493,1.0,0.9991846,0.4375,0.0033655306,-18.321579,-18.337404,-2.1325417,124.13493,1.6916243,4.0806997e-05,1.0483643,-0.97508585,17.619144,0.99912834,0.3857422,0.0034385272,-18.003227,-18.018656,-2.2200632,355.9593,1.5474997,0.00012636434,49.66543,-0.50157905,-7.649291,0.07444579,1.0,0.9990196,0.099609375,0.005131552,-15.563286,-15.574459,-4.1325407,11.511972,0.08296079,6.08927e-11,0.9990063,0.09472656,0.0051613036,-15.644159,-15.655372,-4.1740537,21.095005,0.09051257,3.1337565e-12,0.021229307985305788,21932.188859701157,435000
40.817276,-0.37865144,-7.6044145,0.06322658,1.0,0.99918365,0.4609375,0.0031949282,-18.525433,-18.541609,-1.9799309,272.44135,1.7519135,0.00013014204,1.7265153,-1.6565527,21.852268,0.99915123,0.40625,0.0032868409,-18.318766,-18.334661,-2.0563989,291.51093,1.7823681,0.00011347336,54.590096,-0.44431144,-7.651794,0.07507141,1.0,0.9990244,0.11621094,0.0050865244,-15.38945,-15.400485,-4.100195,71.40022,0.15368117,5.215256e-08,0.9990158,0.11035156,0.0051754797,-15.37675,-15.387717,-4.1568227,105.97824,0.19506557,1.2154244e-11,0.021229426288604736,22038.33599472046,440000
47.287575,-0.37260634,-7.606182,0.063668534,1.0,0.9991884,0.46679688,0.0032319943,-18.580784,-18.59702,-1.9732535,2691.6306,3.3561025,0.000108534055,4.396801,-4.6944695,29.4533,0.9991293,0.41796875,0.0032742405,-18.369518,-18.38547,-2.0506964,81.755165,1.3357196,5.9745587e-05,55.782875,-0.3759364,-7.674547,0.08075973,1.0,0.99901295,0.12011719,0.0050075916,-15.548636,-15.559924,-4.0017242,78.14598,0.2579462,3.514024e-07,0.9989929,0.10546875,0.005163054,-15.587508,-15.598717,-4.1213255,542.241,0.96321964,1.8191544e-07,0.02123356990814209,22144.503848552704,445000
50.109287,-0.37633565,-7.6145406,0.06575811,1.0,0.99919987,0.46972656,0.003289756,-18.64129,-18.657522,-2.0388813,170.473,1.680904,0.0001873845,3.3623452,-6.108551,31.965286,0.99915504,0.40234375,0.0033363607,-18.395496,-18.411482,-2.0420904,248.58487,2.1726346,0.00011475415,63.536716,-0.3943367,-7.642423,0.07272876,1.0,0.99902153,0.13378906,0.0050780317,-15.389038,-15.400091,-4.082115,165.85605,0.2561674,2.125733e-10,0.99901485,0.109375,0.005116362,-15.372057,-15.383064,-4.1108456,32.638084,0.11606301,6.8859602e-09,0.021219677352905274,22250.60223674774,450000
49.66709,-0.37891728,-7.6144347,0.06573165,1.0,0.99919605,0.47753906,0.0032564332,-18.63203,-18.64832,-1.9690437,179.97015,2.0141485,0.000104674924,3.4459302,-1.9272149,29.461134,0.99914837,0.40234375,0.0033537692,-18.368988,-18.38487,-2.1188984,158.12547,1.5344734,0.00011772074,57.82193,-0.3666054,-7.6430535,0.07288636,1.0,0.99902534,0.103515625,0.0051260684,-15.457375,-15.468447,-4.131198,162.88707,0.20790598,1.1925976e-12,0.99901485,0.08691406,0.005178027,-15.479352,-15.490388,-4.189179,274.04654,0.3481524,2.0218964e-13,0.02123020987510681,22356.753289699554,455000
49.275352,-0.38347748,-7.604078,0.06314249,1.0,0.9991617,0.44335938,0.003357226,-18.684147,-18.70035,-2.107952,258.94467,1.9455861,5.506838e-06,2.653489,-4.0745263,30.657867,0.99913025,0.3984375,0.0034156605,-18.5009,-18.516771,-2.2635188,590.7013,2.0362551,0.00019751681,47.108444,-0.47279406,-7.6460876,0.073644824,1.0,0.99901485,0.125,0.005014798,-15.544792,-15.556056,-4.0204,2316.2637,1.2841822,2.0807092e-06,0.9990082,0.11035156,0.0050588143,-15.608185,-15.619457,-4.075368,41.454456,0.13121337,6.356024e-08,0.0212414484500885,22462.960534334183,460000
51.790253,-0.32843143,-7.6252084,0.06842512,1.0,0.9991827,0.45214844,0.0033580302,-18.56068,-18.576767,-2.1015418,773.18176,2.4759808,9.176444e-05,6.4342575,-6.44384,43.806335,0.9991255,0.40722656,0.0033897695,-18.269348,-18.285046,-2.2100396,136.22755,1.7275591,0.00027788107,58.319553,-0.40784255,-7.654504,0.07574891,1.0,0.9990177,0.12792969,0.0050721657,-15.647285,-15.658598,-4.0739965,102.74408,0.24831717,1.06639284e-07,0.9990139,0.13085938,0.0050923107,-15.619516,-15.630791,-4.0861745,489.21774,0.57886696,1.9848605e-08,0.020955737113952638,22567.739221334457,465000
59.55284,-0.28580445,-7.6153574,0.06596229,1.0,0.99918365,0.4501953,0.0033365851,-18.78841,-18.804695,-2.129481,566.16864,1.7999638,7.307216e-05,1.7678365,-1.3643339,25.322493,0.999136,0.38867188,0.0033613122,-18.576258,-18.592226,-2.2409787,70.92462,1.102074,2.055732e-05,59.67966,-0.4489243,-7.647357,0.07396206,1.0,0.99900055,0.13085938,0.005084886,-15.557026,-15.568179,-4.1472235,57.925316,0.13860418,3.5411517e-11,0.9989815,0.11425781,0.005149428,-15.557604,-15.568773,-4.1300564,149.65965,0.32933137,7.573296e-10,0.015083963441848754,22643.15904211998,470000
48.100693,-0.34711027,-7.595649,0.0610353,1.0,0.99919415,0.4638672,0.0032869275,-18.602728,-18.618868,-2.089161,210.15916,1.8779047,1.6574162e-05,2.8564978,-3.0278978,28.72939,0.9991646,0.41015625,0.003337333,-18.299997,-18.31578,-2.1536703,173.93172,1.4081625,0.00010405575,77.60096,-0.43780363,-7.6514993,0.0749978,1.0,0.99902344,0.13085938,0.0049830815,-15.700936,-15.712405,-3.9684567,10.4567995,0.09640504,1.8211538e-11,0.999012,0.10449219,0.0050652255,-15.700474,-15.711838,-4.074837,157.30792,0.49905533,1.10798084e-07,0.015090150594711303,22718.609797000885,475000
49.447403,-0.34294975,-7.5968895,0.061345328,1.0,0.99917984,0.45703125,0.0033307476,-18.476608,-18.49261,-2.1054819,248.59042,1.9586889,2.0279993e-05,1.8944045,-3.4085898,24.10359,0.9991245,0.4033203,0.0033999481,-18.358736,-18.3745,-2.231639,301.6144,1.5513134,6.0792678e-05,63.641285,-0.40620005,-7.6565466,0.07625957,1.0,0.99902344,0.12402344,0.0049647936,-15.54227,-15.553599,-3.951765,57.179886,0.15455082,1.7813719e-06,0.99901295,0.09375,0.0049667796,-15.43976,-15.450993,-3.949562,13.480937,0.095257014,6.435887e-06,0.015086259841918945,22794.041097164154,480000
55.264645,-0.32617438,-7.6085753,0.06426681,1.0,0.9991932,0.4609375,0.003250463,-18.635296,-18.651562,-1.9949212,287.5997,1.7050328,8.513754e-05,3.2183433,-1.5897899,26.89838,0.99914646,0.41308594,0.0033001914,-18.379889,-18.395832,-2.069401,107.326454,1.6113142,5.8277154e-05,64.1326,-0.330115,-7.6622925,0.07769603,1.0,0.99902153,0.13183594,0.005069227,-15.718773,-15.730171,-4.059566,571.6119,0.45288634,2.2848599e-09,0.99900913,0.10644531,0.0051075127,-15.6401005,-15.6513405,-4.141301,67.2095,0.15855175,1.8157656e-13,0.01507866678237915,22869.4344329834,485000
47.574112,-0.35390955,-7.5883245,0.05920411,1.0,0.9992037,0.4814453,0.0031429294,-18.982655,-18.999374,-1.8809984,388.32648,1.9571297,1.8880033e-06,2.3673148,-1.3970697,20.389795,0.999135,0.40527344,0.0032246346,-18.773508,-18.789946,-1.9583429,135.42807,1.458158,9.80215e-05,59.81784,-0.40841463,-7.640121,0.07215324,1.0,0.9990196,0.13085938,0.005069189,-15.487325,-15.498562,-3.9915543,44.236427,0.15504855,1.3813675e-12,0.9990101,0.103515625,0.005067817,-15.481183,-15.4923725,-4.0342293,43.374084,0.14732984,1.9727843e-10,0.015074538707733154,22944.807129859924,490000
46.14592,-0.360132,-7.6003428,0.06220863,1.0,0.9991989,0.44921875,0.0032929387,-18.925755,-18.94223,-2.067834,311.17667,2.0356262,0.00014935934,2.1738427,-1.5250947,25.823872,0.9991436,0.4033203,0.003331777,-18.59525,-18.611364,-2.110026,78.52388,1.426955,0.00012698771,66.56508,-0.37859112,-7.649646,0.07453439,1.0,0.9990177,0.11328125,0.0051789153,-15.596526,-15.607693,-4.1725044,409.80765,0.4015835,2.1052486e-09,0.9990053,0.09863281,0.0052018734,-15.647721,-15.658902,-4.2104206,65.1943,0.24513224,3.5195544e-09,0.018207164335250853,23035.84295320511,495000
47.46013,-0.38181958,-7.6022058,0.06267445,1.0,0.99918747,0.4560547,0.003322809,-18.76012,-18.77642,-2.0863285,362.4485,1.9232687,1.0336435e-05,1.6988829,-2.5826645,22.55178,0.9991436,0.40820312,0.003344663,-18.407406,-18.423374,-2.0715303,226.37482,1.720936,3.5658777e-05,55.977676,-0.47577095,-7.6466274,0.073779896,1.0,0.9990139,0.10449219,0.0050929054,-15.571454,-15.582664,-4.105715,1600.7196,1.0938332,9.83643e-11,0.999012,0.08691406,0.0050813747,-15.44694,-15.458026,-4.1062613,11.172279,0.09460655,7.553168e-11,0.019984785747528076,23135.766884565353,500000
53.7753,-0.33149147,-7.581225,0.057429135,1.0,0.9991894,0.46484375,0.0032249242,-18.922195,-18.93875,-1.9869249,122.433685,1.6363835,1.7765784e-05,1.8036711,-1.7475576,26.477758,0.999136,0.4033203,0.0033038324,-18.722294,-18.738552,-2.0885692,197.3742,1.7394667,0.00011057563,55.474762,-0.49116942,-7.63797,0.07161543,1.0,0.99902344,0.119140625,0.005095774,-15.575455,-15.586719,-4.054266,567.6879,0.42185393,9.343326e-09,0.99900436,0.10253906,0.0051408866,-15.552022,-15.563234,-4.082906,806.9711,0.9557226,1.7350508e-06,0.3883811780929565,25077.672780036926,505000
48.08174,-0.3563167,-7.5865593,0.05876279,1.0,0.9992018,0.44726562,0.003302733,-18.517609,-18.533749,-2.0068555,147.03207,1.7748379,5.1580446e-05,1.4667033,-1.9487677,20.637264,0.9991274,0.3671875,0.0034434048,-18.47606,-18.491985,-2.1859136,124.67368,1.5700979,0.000100831014,66.43051,-0.46851504,-7.6709013,0.079848245,1.0,0.99901676,0.12890625,0.0050521223,-15.622668,-15.633981,-4.050702,737.71924,0.4983086,1.9903341e-12,0.99901104,0.11425781,0.0051400973,-15.753557,-15.764961,-4.0871196,339.9149,0.9257498,2.1486595e-07,0.021571985960006715,25185.532713890076,510000
40.06918,-0.4409023,-7.6186943,0.066796534,1.0,0.999197,0.44726562,0.0032878697,-18.707855,-18.724142,-2.0445657,167.265,1.8010263,1.27474805e-05,5.2528405,-4.074071,29.763206,0.99913883,0.40429688,0.0033513252,-18.52691,-18.54298,-2.0881715,315.83893,1.6909451,3.6375615e-05,64.16912,-0.49610913,-7.6393538,0.07196143,1.0,0.9990206,0.11816406,0.005108391,-15.504481,-15.5156145,-4.115648,233.19772,0.21590498,2.0484024e-11,0.9990034,0.12207031,0.005127706,-15.510185,-15.521328,-4.111074,139.16554,0.2870573,6.192564e-11,0.02614916000366211,25316.278518915176,515000
44.741676,-0.36535,-7.6048656,0.06333938,1.0,0.99918747,0.46484375,0.0032428494,-18.82145,-18.837889,-2.0045047,228.80377,1.7996076,4.2155945e-05,1.573717,-1.3413604,16.76004,0.99913883,0.3935547,0.0033122925,-18.54953,-18.56556,-2.1511483,94.45854,1.5097566,0.00023012272,55.74503,-0.45602497,-7.646314,0.07370144,1.0,0.9990196,0.1171875,0.005032178,-15.697145,-15.708561,-4.019221,344.47006,0.45997483,2.028206e-07,0.9990072,0.111328125,0.005044464,-15.660373,-15.671724,-4.0484123,193.78983,0.33935732,5.944538e-07,0.02617615656852722,25447.159304618835,520000
52.358147,-0.32799146,-7.596863,0.06133868,1.0,0.999197,0.4482422,0.003279462,-19.02186,-19.038506,-1.9915425,623.46295,2.4991212,3.681205e-05,6.24113,-3.2952728,31.697266,0.99914455,0.40039062,0.0032622435,-18.779617,-18.795937,-2.085524,149.4175,1.6825404,0.00060627994,69.570465,-0.33157918,-7.663704,0.078049,1.0,0.9990177,0.12011719,0.0050685005,-15.641856,-15.653174,-4.0632744,78.328,0.29484773,8.214297e-09,0.99901295,0.103515625,0.005130713,-15.699764,-15.711046,-4.1579494,7168.235,7.3605824,7.310442e-11,0.024858187532424927,25571.45024561882,525000
39.12116,-0.40341067,-7.60582,0.063578025,1.0,0.99918556,0.45214844,0.0033553333,-18.740318,-18.756527,-2.158762,236.9558,1.637444,0.00016935932,3.2928843,-1.9607748,21.636915,0.9991331,0.38085938,0.0034544447,-18.413025,-18.428753,-2.3239398,151.6206,1.300657,7.007893e-05,58.176113,-0.3916046,-7.6671963,0.078922056,1.0,0.9990263,0.12988281,0.0050446875,-15.535061,-15.5462475,-4.0913644,123.27932,0.19534126,1.2958644e-08,0.9990225,0.107421875,0.005088872,-15.572596,-15.583759,-4.1519413,544.5118,0.65800405,6.2528384e-13,0.02122548451423645,25677.577669620514,530000
51.229843,-0.3257196,-7.6142235,0.06567891,1.0,0.99921036,0.44433594,0.0033117516,-18.997923,-19.014507,-2.0311017,160.4146,2.023588,2.5131736e-05,1.5630679,-1.3133144,19.353207,0.99914646,0.38476562,0.003359844,-18.6982,-18.714375,-2.1512656,107.25238,1.5622807,0.00010284023,69.55536,-0.34266365,-7.6411633,0.07241381,1.0,0.9990206,0.12792969,0.0051237354,-15.604349,-15.615497,-4.200619,28.758583,0.11871135,2.449392e-11,0.99902534,0.09765625,0.005135115,-15.647194,-15.658321,-4.2629747,65.22853,0.12807825,1.7247051e-10,0.021230821990966795,25783.731781959534,535000
46.047676,-0.33215126,-7.5895214,0.059503257,1.0,0.9991951,0.46289062,0.0032401162,-18.927753,-18.944342,-1.9580042,979.65955,2.4256954,0.000116933465,3.3572412,-3.737406,30.242912,0.999135,0.4111328,0.0033288593,-18.854237,-18.870586,-2.1299877,204.14148,1.5939054,0.0001327362,55.514923,-0.4000504,-7.6549354,0.075856775,1.0,0.9990282,0.12011719,0.0050060186,-15.648243,-15.659582,-4.046842,25.883892,0.108044624,9.9558314e-08,0.9990177,0.099609375,0.005021481,-15.72839,-15.739808,-4.0470304,6.3890657,0.07856621,1.2303545e-07,0.021235294580459595,25889.908257722855,540000
45.79252,-0.38192263,-7.6064196,0.063727774,1.0,0.99918175,0.4609375,0.0032922653,-19.014566,-19.031076,-2.1254842,120.471924,1.6367779,0.00011660817,1.3653175,-1.6068559,20.775675,0.9991207,0.39257812,0.0033811256,-18.793741,-18.809933,-2.2317479,148.3381,1.7195277,6.882639e-05,62.302742,-0.42782092,-7.641164,0.07241391,1.0,0.9990263,0.13378906,0.00510363,-15.408451,-15.4195,-4.1051273,42.364166,0.10074467,1.9214393e-07,0.99901676,0.12011719,0.005092207,-15.488155,-15.499291,-4.0938897,218.5746,0.27821088,6.1507485e-08,0.021223851013183595,25996.027514219284,545000
43.291325,-0.3596226,-7.6022096,0.0626754,1.0,0.99918175,0.4765625,0.0032023063,-19.094536,-19.111284,-1.9594388,582.8731,2.2391841,1.3305272e-05,3.5948987,-5.3593807,28.339043,0.99911404,0.38964844,0.0033680282,-18.867863,-18.884169,-2.1863816,240.03194,1.4432676,0.00019000494,67.35773,-0.39434403,-7.6566906,0.076295495,1.0,0.9990177,0.13183594,0.0049955826,-15.818457,-15.829981,-4.029808,187.11043,0.22031559,3.3026063e-07,0.99901295,0.11328125,0.0049912287,-15.794181,-15.805689,-4.0207024,13.367898,0.102395125,2.7408186e-08,0.0165524911403656,26078.789972782135,550000
52.84295,-0.3896139,-7.599943,0.06210873,1.0,0.99919033,0.46484375,0.003299512,-18.893543,-18.909916,-2.1428876,163.31645,1.5096642,2.1900292e-05,2.4055078,-3.0037963,27.339214,0.9991398,0.3857422,0.0034201648,-18.886166,-18.90237,-2.3085485,176.83678,1.3793088,4.4447657e-05,66.66923,-0.35835359,-7.659751,0.077060655,1.0,0.99902153,0.12792969,0.005064677,-15.73403,-15.745423,-4.0779495,161.4036,0.24518141,7.6470136e-11,0.99901104,0.12402344,0.005118371,-15.772369,-15.783723,-4.158407,17.62186,0.11825457,1.4390796e-12,0.015091478538513184,26154.24736714363,555000
52.870186,-0.36819437,-7.599592,0.062021,1.0,0.99920845,0.4716797,0.0031797192,-19.360909,-19.378017,-1.8612769,557.4516,2.5285025,4.0058534e-05,1.7755802,-3.7007363,27.283688,0.99916935,0.4033203,0.0032738645,-19.081059,-19.09768,-2.0809963,101.811905,1.6656458,1.6931226e-05,48.710278,-0.44417024,-7.6434326,0.072981074,1.0,0.9990263,0.10449219,0.005049406,-15.712572,-15.723958,-4.0643835,673.7177,0.45190984,1.8958697e-10,0.9990225,0.09277344,0.005055884,-15.838619,-15.850125,-4.0685415,69.9394,0.22096592,3.6316547e-07,0.015086966800689697,26229.68220257759,560000
50.84028,-0.34344465,-7.5922847,0.060194075,1.0,0.99919415,0.4921875,0.0032173914,-19.235542,-19.252375,-2.0176272,291.21774,2.0091805,1.2470226e-05,1.9492046,-3.4157019,23.720066,0.9991245,0.38671875,0.0033477421,-18.913534,-18.929863,-2.207512,175.36986,1.5085859,0.000101028345,63.37716,-0.4334972,-7.6444817,0.07324329,1.0,0.9990206,0.10644531,0.0050603244,-15.6261425,-15.637417,-4.0928874,215.28374,0.4272626,8.029142e-09,0.99901295,0.099609375,0.005118544,-15.598463,-15.609649,-4.155711,386.02866,0.5729552,2.024982e-11,0.01508471875190735,26305.105798482895,565000
50.404007,-0.39682102,-7.6005173,0.062252365,1.0,0.9992142,0.453125,0.0032401562,-19.08646,-19.10317,-1.9928694,209.58592,1.8641179,0.00015464037,3.7800906,-4.419511,33.25688,0.999156,0.3984375,0.003299621,-18.640474,-18.656748,-1.9937947,92.9538,1.834424,9.935719e-05,61.137825,-0.4986258,-7.640992,0.07237103,1.0,0.9990101,0.125,0.005165922,-15.726511,-15.737857,-4.119435,221.45692,0.289874,1.2158412e-08,0.9989958,0.10253906,0.005244026,-15.755619,-15.766992,-4.121893,76810.445,77.545006,3.9527265e-10,0.015085734987258912,26380.534477233887,570000
51.109116,-0.37418646,-7.612981,0.06536819,1.0,0.99920464,0.4609375,0.0032320907,-19.27058,-19.287409,-2.0547857,150.5937,1.667676,5.263908e-05,2.2870405,-1.6026974,26.421043,0.99913406,0.39453125,0.0033511752,-19.026245,-19.042725,-2.1700435,112.130104,1.4770916,3.833678e-05,65.90436,-0.41203588,-7.650549,0.074760176,1.0,0.99902534,0.1171875,0.0049804607,-15.6655,-15.676932,-3.9699774,94.64172,0.1845137,1.663002e-05,0.999012,0.095703125,0.005051786,-15.769836,-15.781309,-4.032703,1024.2574,1.185509,4.991178e-07,0.015086684846878052,26455.96790456772,575000
50.02793,-0.35276198,-7.599849,0.06208524,1.0,0.99919033,0.45214844,0.0033804418,-18.953577,-18.970037,-2.1175632,170.78667,2.0752017,3.5204543e-05,1.9263815,-1.6630145,28.070364,0.9991236,0.38476562,0.0034941519,-18.845585,-18.861773,-2.2822452,127.001595,1.7196007,9.995727e-05,69.86612,-0.29453233,-7.683874,0.08309156,1.0,0.9990101,0.123046875,0.005071465,-15.766297,-15.777718,-4.082631,149.09225,0.29680425,1.4872163e-07,0.99900913,0.09863281,0.005151849,-15.838848,-15.850255,-4.170496,1305.5833,2.1318018,7.1512886e-08,0.01508490867614746,26531.392451524734,580000
45.057606,-0.40476227,-7.611843,0.0650837,1.0,0.9992027,0.4638672,0.00326864,-19.269516,-19.286356,-2.0426495,182.2921,2.1413827,1.4908816e-05,2.1436372,-2.9262378,27.450785,0.9991293,0.3828125,0.003368878,-18.947212,-18.963625,-2.1572227,108.22359,1.6054802,3.8545193e-05,58.189278,-0.4414925,-7.651265,0.07493928,1.0,0.9990206,0.12402344,0.0051288847,-15.767383,-15.778775,-4.112418,155.7745,0.23668633,2.674505e-08,0.99901485,0.10253906,0.0052068857,-15.715118,-15.726397,-4.1776834,27.923836,0.11305727,9.289584e-14,0.015083770132064819,26606.811303138733,585000
42.67927,-0.42752165,-7.593698,0.060547464,1.0,0.99921227,0.48339844,0.0032085688,-19.481184,-19.498322,-1.9479799,137.69534,1.7390673,2.042841e-05,1.9646931,-1.9539043,26.311384,0.99914265,0.39746094,0.0032807752,-19.153229,-19.169983,-2.012475,1956.4783,3.5783577,1.799467e-05,62.522373,-0.46921092,-7.666608,0.078774944,1.0,0.9990177,0.10546875,0.0050647957,-15.829077,-15.840563,-4.079903,12.897309,0.092895895,5.2854325e-09,0.999012,0.09667969,0.0051156604,-15.800882,-15.812335,-4.0851717,68.22634,0.16321881,6.042741e-13,0.015083216524124145,26682.227388620377,590000
53.16036,-0.3894642,-7.5984793,0.061742753,1.0,0.9991808,0.43359375,0.003409141,-18.544025,-18.559977,-2.2287855,133.16135,1.6275834,0.00015482499,2.2888677,-4.2010736,29.688854,0.9991417,0.38476562,0.0035003386,-18.485909,-18.501692,-2.3386583,35.74255,1.1746876,5.9763595e-05,54.555332,-0.48257968,-7.642974,0.0728664,1.0,0.9990225,0.1171875,0.0050390256,-15.500475,-15.511636,-4.0831027,10.972268,0.09286216,2.9452164e-07,0.9990177,0.09863281,0.005088486,-15.549974,-15.561154,-4.113678,46.508236,0.16822179,1.6299324e-06,0.015085946893692017,26757.65712618828,595000
52.55797,-0.36126143,-7.6031294,0.06290531,1.0,0.9992161,0.47070312,0.0031923144,-19.232258,-19.249184,-1.9203944,254.41655,2.1820526,3.803304e-05,2.2693415,-4.0763707,29.055853,0.9991379,0.41601562,0.0033183568,-18.964254,-18.980772,-2.0662575,157.6925,1.7264091,5.364794e-06,53.65807,-0.48363638,-7.650203,0.07467379,1.0,0.99900436,0.12109375,0.00510667,-15.611427,-15.622658,-4.123355,37.11219,0.16029322,8.531646e-10,0.99899673,0.119140625,0.0051879077,-15.574255,-15.585455,-4.1156564,14098.887,14.431312,1.8708137e-07,0.015083423328399658,26833.074244260788,600000
51.788795,-0.36085612,-7.6088595,0.064337894,1.0,0.9992027,0.4794922,0.0031985529,-19.326653,-19.343666,-1.9208474,397.99817,2.5096478,8.336766e-05,4.580271,-2.3071399,30.85359,0.99914455,0.40625,0.0032792357,-19.032284,-19.048954,-1.9782555,167.33528,1.8989493,0.00013373708,56.949165,-0.41002843,-7.6267548,0.06881156,1.0,0.99902153,0.11035156,0.0050774496,-15.797108,-15.808566,-4.0760784,146.29453,0.2140549,6.7389255e-10,0.99901485,0.10449219,0.0050811977,-15.782703,-15.794154,-4.068226,136.02867,0.30197117,4.7547704e-12,0.4358191702365875,29012.170099020004,605000
55.07415,-0.31821528,-7.594437,0.060732327,1.0,0.9992056,0.4736328,0.0031462824,-19.546223,-19.56346,-1.9107134,125.68483,1.9245143,0.00011265389,0.86628604,-1.1313167,19.307976,0.9991579,0.41992188,0.0032444666,-19.178886,-19.195616,-2.0647478,124.952576,1.4765656,0.00014838963,64.874374,-0.4383425,-7.666147,0.078659646,1.0,0.9990158,0.125,0.0050248317,-15.838879,-15.850396,-4.057584,20.628473,0.09756665,1.3883065e-08,0.9990072,0.10839844,0.0050834976,-15.794766,-15.806223,-4.0759645,159.30048,0.42462072,1.2863447e-07,0.02614061574935913,29142.873182058334,610000
46.606236,-0.35912716,-7.5956345,0.061031613,1.0,0.9992094,0.47070312,0.0032773437,-19.214962,-19.23181,-1.9801154,1427.2815,3.137631,4.870801e-06,1.7373524,-1.7260011,23.314323,0.99914074,0.41015625,0.0033469289,-18.968681,-18.985153,-2.117536,338.27536,1.923667,0.00013872611,58.274246,-0.4203431,-7.65094,0.074857935,1.0,0.9990263,0.12402344,0.0049953675,-15.7524185,-15.763903,-4.0032635,84.10179,0.1616652,3.033584e-08,0.99901485,0.109375,0.0050046854,-15.805668,-15.817197,-4.0113497,264.69443,0.47270906,2.7238826e-07,0.026162357664108276,29273.6849732399,615000
44.976902,-0.36407104,-7.5884314,0.059230864,1.0,0.9992008,0.4814453,0.0031772363,-19.570843,-19.588114,-1.9033778,203.15663,2.3505383,1.874491e-05,0.8792857,-1.182702,17.807241,0.99915504,0.421875,0.0032537207,-19.251448,-19.268257,-2.0540266,70.669075,1.6657466,0.00013269139,65.637924,-0.43439376,-7.6445584,0.073262624,1.0,0.9990072,0.11816406,0.0051219137,-15.901989,-15.91351,-4.1163635,237.32849,0.36072665,3.0456997e-09,0.9990015,0.091796875,0.005149911,-15.860231,-15.87168,-4.14853,174.81516,0.38772368,1.8012213e-07,0.02615444345474243,29404.457195281982,620000
49.253025,-0.36290115,-7.5922394,0.060182825,1.0,0.99917984,0.44140625,0.003308687,-19.346197,-19.363115,-2.0416682,235.4963,2.0665672,9.138002e-05,2.6392748,-1.7429502,20.915567,0.99913025,0.3779297,0.003320005,-19.253105,-19.269844,-2.126972,191.17926,1.7419295,5.6284178e-05,63.541954,-0.412641,-7.643219,0.0729277,1.0,0.99901295,0.12402344,0.004993161,-15.847628,-15.859215,-3.992817,92.90873,0.21020418,2.4115903e-09,0.9990101,0.115234375,0.00507,-15.980837,-15.992504,-4.043971,402.37906,1.1513793,1.2524197e-06,0.020572324895858765,29507.318821191788,625000
50.45626,-0.3103733,-7.597211,0.06142573,1.0,0.9991932,0.46875,0.003295389,-19.283031,-19.299877,-2.0479164,146.31288,1.7126678,1.846016e-05,6.262558,-3.752514,37.778202,0.9991541,0.4013672,0.00338403,-18.952126,-18.968483,-2.2185607,136.4763,1.5303085,5.2369047e-05,59.50741,-0.36715433,-7.6441984,0.073172554,1.0,0.99902534,0.13769531,0.004989865,-15.674362,-15.685802,-3.97131,40.691208,0.16233793,4.2137085e-11,0.99901485,0.10058594,0.0050682654,-15.697008,-15.708365,-4.078109,204.89232,0.27728778,7.0454385e-09,0.019976669931411742,29607.202174186707,630000
50.67585,-0.36913678,-7.612458,0.06523743,1.0,0.9991884,0.45898438,0.003282135,-19.235336,-19.252153,-2.031329,256.23694,1.9757645,3.3384375e-05,2.3507304,-1.3540764,22.204567,0.9991293,0.39648438,0.0033908116,-18.91321,-18.929527,-2.2197332,101.30096,1.5151925,7.825478e-05,61.27691,-0.39171642,-7.6468115,0.07382579,1.0,0.9990206,0.12597656,0.0051244632,-15.620467,-15.631662,-4.1669226,224.86627,0.21916799,9.057623e-09,0.99900913,0.091796875,0.005176956,-15.609898,-15.621043,-4.2080073,463.71707,0.5370033,5.6845757e-08,0.01996968364715576,29707.05059361458,635000
53.056217,-0.2866327,-7.5972495,0.061435223,1.0,0.999218,0.46972656,0.0031804796,-19.567257,-19.58444,-1.9873773,89.034515,1.7890468,7.282432e-06,1.2170601,-1.6860951,20.792625,0.9991579,0.4189453,0.0032902816,-19.166302,-19.18298,-2.1068606,231.86794,1.7509395,0.00025277364,56.226913,-0.4848578,-7.6398144,0.07207662,1.0,0.99902344,0.12207031,0.005099457,-15.858199,-15.86962,-4.1739917,177.96971,0.19593915,2.8240417e-09,0.9990158,0.09277344,0.0051282533,-15.821634,-15.833028,-4.1658897,6.2412567,0.0753904,6.1018905e-09,0.01999184727668762,29807.00983262062,640000
46.612297,-0.38061336,-7.609847,0.06458473,1.0,0.9992027,0.47558594,0.0032097977,-19.587803,-19.60505,-1.9446412,553.41583,2.3773847,2.263208e-05,1.9093235,-1.7907003,25.257805,0.9991522,0.41308594,0.0032758561,-19.229,-19.245802,-2.0404878,108.190254,1.7202647,4.8611905e-06,65.41687,-0.3738365,-7.672251,0.080185704,1.0,0.99902344,0.140625,0.005063108,-15.843769,-15.855289,-4.0589995,290.62085,0.40246105,1.1202739e-11,0.99901104,0.115234375,0.005146604,-15.808205,-15.819602,-4.148547,135.95372,0.23451951,1.6014521e-08,0.02002022614479065,29907.110966682434,645000
53.80999,-0.3440652,-7.5899816,0.05961836,1.0,0.9991865,0.45214844,0.003415924,-19.111975,-19.128494,-2.2108781,250.82465,1.786347,1.6918248e-05,1.6006434,-2.4470837,22.150969,0.9991417,0.36328125,0.0035204324,-19.03899,-19.055325,-2.3290052,122.46142,1.6108524,2.2681517e-05,59.859962,-0.3923979,-7.651814,0.075076394,1.0,0.99902344,0.125,0.0050203893,-15.739938,-15.751383,-4.030783,29.327333,0.10402944,3.8999417e-08,0.9990158,0.1171875,0.0050635845,-15.821894,-15.833352,-4.099869,45.052013,0.11649714,2.9229444e-08,0.0157059428691864,29985.640682458878,650000
59.26219,-0.32902205,-7.601241,0.06243319,1.0,0.999218,0.4921875,0.0032101101,-19.5219,-19.539043,-1.9856576,9420.023,7.2739315,0.00012341616,2.0625005,-2.3637965,26.67657,0.9991665,0.41992188,0.003279393,-19.21186,-19.228586,-2.10287,183.40532,1.8209753,0.00012435934,60.684372,-0.37396702,-7.6436706,0.07304055,1.0,0.99902153,0.115234375,0.0049847355,-15.899736,-15.911312,-4.0561285,103.51185,0.12998101,2.8185826e-07,0.9990206,0.099609375,0.0050651706,-15.889959,-15.901467,-4.1169825,32.056423,0.12018937,9.011842e-08,0.01508775715827942,30061.07947087288,655000
43.72761,-0.3833659,-7.6245103,0.06825052,1.0,0.9992237,0.5029297,0.0030818032,-19.752628,-19.770128,-1.8475666,223.59862,2.2270741,1.1798873e-05,2.635529,-4.02778,23.110027,0.999176,0.4345703,0.0031884708,-19.31254,-19.329466,-1.9982941,210.33029,1.6022322,2.309039e-05,57.47396,-0.43252826,-7.640918,0.0723525,1.0,0.99902153,0.099609375,0.005100643,-15.870764,-15.882267,-4.1022434,23.318964,0.1200736,3.0441314e-09,0.99901104,0.107421875,0.0051409896,-15.823734,-15.835202,-4.091266,118.7312,0.31302667,8.6617496e-07,0.015082854175567626,30136.49374270439,660000
50.385796,-0.32622927,-7.610935,0.064856716,1.0,0.99921036,0.4658203,0.0032861826,-19.399755,-19.416723,-2.041418,243.58134,1.925389,1.5486401e-05,6.0078545,-4.278495,34.229897,0.9991627,0.3935547,0.0033917003,-19.137526,-19.154108,-2.1767087,287.55554,2.0517943,3.6312256e-05,52.298344,-0.41967648,-7.659767,0.07706477,1.0,0.9990225,0.12988281,0.005062658,-15.738712,-15.750092,-4.0987415,34.93202,0.15608452,2.0743865e-08,0.99901295,0.111328125,0.005072302,-15.748432,-15.759792,-4.126502,251.08023,0.57494,6.4955344e-07,0.01508027834892273,30211.89513540268,665000
42.77652,-0.3512862,-7.5983458,0.061709322,1.0,0.99919415,0.46679688,0.003221753,-19.413092,-19.430134,-1.9784546,170.43944,1.8014507,8.1538885e-05,1.8553362,-2.8043623,27.328022,0.99914265,0.40039062,0.0033179678,-19.236057,-19.252783,-2.1231332,100.48689,1.4182557,0.0001288419,60.591267,-0.42547476,-7.636991,0.07137071,1.0,0.99901867,0.125,0.0050627133,-15.749875,-15.761328,-4.034938,69.776146,0.15650366,4.1619792e-08,0.999012,0.11425781,0.0051091216,-15.808859,-15.82029,-4.1145315,324.77808,0.42695707,1.8142028e-07,0.015094270753860474,30287.36649441719,670000
41.929623,-0.3985716,-7.610407,0.064724624,1.0,0.99919987,0.4609375,0.0033007662,-19.089108,-19.105762,-2.0481699,207.87958,2.3317056,0.00010173501,1.5212097,-2.001509,20.068819,0.99913406,0.4033203,0.0034109377,-18.838146,-18.85443,-2.1796386,174.39845,1.6368122,3.1516247e-05,53.768646,-0.47796422,-7.655839,0.07608262,1.0,0.99901676,0.13085938,0.0050309524,-15.886029,-15.897602,-4.0471053,56.562057,0.15756829,7.763856e-10,0.9990101,0.11816406,0.005046036,-15.940885,-15.952534,-4.0238957,37.215958,0.15488951,2.9813723e-09,0.015090664291381835,30362.819817066193,675000
45.767673,-0.3168946,-7.6129436,0.06535896,1.0,0.9991884,0.47753906,0.0032481668,-19.741436,-19.758837,-1.9414663,518.85205,2.2962956,0.0002490884,2.150247,-2.3861983,24.16755,0.999136,0.40527344,0.0033427463,-19.526901,-19.54392,-2.116879,437.0223,2.0024211,0.0001339266,65.216415,-0.36561552,-7.6543603,0.07571302,1.0,0.9990177,0.12207031,0.004979351,-15.763508,-15.775007,-4.0001774,23.55555,0.09006234,2.0725534e-10,0.9990177,0.1015625,0.0050539235,-15.791883,-15.803344,-4.0685806,253.53418,0.43544033,1.03978024e-07,0.015090217781066895,30438.27090907097,680000
43.584633,-0.41058934,-7.60089,0.062345546,1.0,0.9992037,0.46777344,0.003196403,-19.603477,-19.620678,-2.0076792,61.42471,1.6566851,0.00013400607,3.114965,-3.4585106,24.594944,0.9991455,0.42089844,0.0032454222,-19.38261,-19.399576,-2.028748,1077.3256,2.599206,0.0001584184,53.890495,-0.4315874,-7.6397743,0.072066545,1.0,0.99902344,0.12011719,0.004956664,-15.945944,-15.957636,-3.9858744,363.04852,0.38901913,7.541825e-07,0.99901676,0.11425781,0.005010185,-15.936333,-15.947989,-4.0122085,342.64658,0.5139781,8.5896445e-06,0.015088100862503052,30513.711421966553,685000
44.618877,-0.4146818,-7.6194973,0.066997245,1.0,0.9992151,0.47753906,0.0031963573,-19.676464,-19.69388,-1.8605578,211.1699,2.5700982,0.0001105304,1.8154981,-1.8126183,19.844868,0.9991636,0.421875,0.003296894,-19.2832,-19.300076,-2.0207639,411.75546,2.1780002,9.2921786e-05,60.72921,-0.45816126,-7.669814,0.079576515,1.0,0.99900913,0.13964844,0.0050804373,-15.766308,-15.777737,-4.0734615,18.976065,0.097674094,2.8465507e-08,0.9990053,0.1171875,0.0051429975,-15.631806,-15.643124,-4.054777,1069.5428,2.520889,7.778156e-07,0.015090469312667847,30589.163773059845,690000
48.410694,-0.27564216,-7.59754,0.061507978,1.0,0.9992056,0.46191406,0.0032559433,-19.761873,-19.779211,-2.0250921,278.67465,2.231936,5.2096217e-05,1.9053639,-1.5734539,20.91185,0.9991417,0.40429688,0.0033441149,-19.61432,-19.631395,-2.1484032,573.744,2.161495,4.980347e-05,70.713715,-0.36505267,-7.6703463,0.079709515,1.0,0.99900913,0.115234375,0.005051058,-15.988685,-16.0004,-4.004656,1189.7695,0.7513287,2.2223444e-08,0.998991,0.109375,0.005170322,-16.101665,-16.113394,-4.1048365,544.69464,1.0794312,3.0470826e-09,0.012040420198440552,30649.365876674652,695000
48.123142,-0.36442855,-7.5917397,0.060057964,1.0,0.99919987,0.48046875,0.0031869963,-19.715763,-19.733137,-1.9432762,139.41049,1.873407,6.396219e-06,2.5398405,-2.8901703,23.93219,0.9991665,0.4404297,0.003227939,-19.49995,-19.517027,-2.030095,1733.9347,3.4999022,0.00017552052,70.37268,-0.32899588,-7.659766,0.077064425,1.0,0.99901485,0.13378906,0.004983753,-16.133919,-16.145798,-3.980214,13.316203,0.09600344,2.1769674e-12,0.9989958,0.115234375,0.0049973186,-16.187187,-16.199108,-3.9914036,7.14816,0.08298127,3.5213287e-08,0.008787479066848755,30693.303275823593,700000
50.244095,-0.34967393,-7.5878906,0.05909554,1.0,0.9992056,0.46191406,0.0032305126,-19.562859,-19.580044,-1.9815452,715.0298,2.420198,0.0001317001,2.953092,-3.8328056,32.944313,0.99917126,0.41992188,0.0032543775,-19.425903,-19.44288,-2.0587392,129.51605,1.8226225,0.0001762631,62.693314,-0.3884771,-7.648052,0.07413593,1.0,0.99902153,0.13378906,0.004989501,-15.892248,-15.903838,-4.0356083,17.135462,0.106432185,1.01312814e-07,0.99901295,0.109375,0.0050756237,-15.855101,-15.8665495,-4.1409645,23.371592,0.105830826,1.8855182e-08,0.4100964728832245,32743.785643339157,705000
44.286655,-0.391801,-7.60903,0.06438047,1.0,0.9992142,0.4873047,0.0032205693,-19.70856,-19.725895,-1.9772577,212.70937,2.0725472,7.13759e-05,2.188963,-2.274993,20.531878,0.9991436,0.40527344,0.0033279825,-19.22945,-19.246204,-2.0908618,128.10153,1.6453433,1.467345e-05,60.347107,-0.37892643,-7.6727924,0.08032114,1.0,0.9990206,0.13574219,0.005039693,-15.8062725,-15.817784,-4.028238,163.38235,0.17806722,7.857139e-11,0.9990177,0.1171875,0.005046686,-15.803956,-15.815436,-4.059241,102.77034,0.17439485,2.4563667e-08,0.024842711591720582,32867.999202251434,710000
40.027817,-0.4409218,-7.593022,0.060378395,1.0,0.99919033,0.4638672,0.0032033487,-19.759684,-19.777056,-1.988375,146.94635,1.9482629,9.489703e-05,1.6324377,-1.5872825,21.373405,0.99915886,0.42285156,0.0032450282,-19.373219,-19.390139,-2.0620987,99.15492,1.3616265,0.00031674272,46.038742,-0.537433,-7.645602,0.07352358,1.0,0.9990206,0.11328125,0.0050976635,-15.662353,-15.673601,-4.155656,217.41301,0.29737115,1.9540916e-08,0.99901485,0.10058594,0.005101081,-15.613237,-15.624547,-4.0434937,101.12022,0.3364746,5.57457e-09,0.024815447521209715,32992.07644176483,715000
55.841198,-0.25405014,-7.599771,0.062065683,1.0,0.99921703,0.4560547,0.0032369657,-19.580376,-19.597588,-1.9726602,466.85672,2.5200443,0.000116978525,2.486217,-1.959653,26.82581,0.99916077,0.41015625,0.0032886777,-19.269318,-19.286106,-2.0962834,98.55947,1.5156307,0.00017480555,66.915726,-0.33110225,-7.669053,0.079386204,1.0,0.9990206,0.1171875,0.0051163863,-15.943527,-15.955093,-4.1110024,75.87348,0.19356787,5.634047e-12,0.99901104,0.09863281,0.005184849,-15.95575,-15.96722,-4.2204695,1217.5212,1.2648513,2.40011e-12,0.022991018772125244,33107.03153848648,720000
44.036537,-0.37952465,-7.5996227,0.062028617,1.0,0.9992018,0.45898438,0.0032534618,-19.577225,-19.594383,-2.0241327,259.2722,2.1944115,9.7767275e-05,3.7482996,-2.8471456,25.17766,0.99915886,0.41308594,0.0032985723,-19.370655,-19.387531,-2.105061,208.41255,1.9300399,4.823009e-05,63.963634,-0.38822857,-7.6723933,0.080221385,1.0,0.9990139,0.13183594,0.005098612,-15.694847,-15.706212,-4.068014,200.16602,0.21621497,2.6322134e-11,0.9989948,0.115234375,0.005102255,-15.686711,-15.69807,-4.067601,348.96725,0.50220555,4.918133e-13,0.02003999533653259,33207.23151922226,725000
53.81049,-0.36289367,-7.606929,0.063855104,1.0,0.99919987,0.4609375,0.0031773318,-19.76696,-19.784437,-1.8901365,236.14647,2.2164094,2.6433303e-05,2.0315132,-2.2727008,24.841711,0.99914646,0.41601562,0.0032848679,-19.445755,-19.462795,-2.013266,120.95053,1.5975152,1.3768402e-05,79.330505,-0.29665875,-7.6505384,0.07475744,1.0,0.9990206,0.11230469,0.0050430573,-15.921752,-15.933359,-4.0481324,52.29808,0.107708395,5.982637e-09,0.99900913,0.095703125,0.005162893,-15.945196,-15.956733,-4.144077,1451.976,1.564367,2.9778114e-11,0.02023329005241394,33308.39797091484,730000
40.483467,-0.42743286,-7.5920687,0.060140133,1.0,0.99919224,0.4814453,0.0031964788,-20.027824,-20.045467,-1.9789495,1703.1368,2.8414903,2.7873268e-05,2.618559,-2.2784016,20.586468,0.99916077,0.42285156,0.0032405665,-19.680527,-19.6978,-2.0091827,130.80127,1.8005233,1.2796201e-05,57.749443,-0.43329737,-7.644114,0.07315147,1.0,0.999012,0.13183594,0.0049881055,-15.759771,-15.771244,-4.0251575,699.1783,0.5754283,5.0820223e-08,0.9990053,0.10253906,0.005075367,-15.883083,-15.894602,-4.0981765,651.07245,0.72140795,9.563825e-08,0.01991866250038147,33407.99128818512,735000
55.180412,-0.32893214,-7.586591,0.058770776,1.0,0.99923325,0.47070312,0.003192604,-19.751373,-19.768871,-1.8520491,829.31744,2.6927466,4.268782e-05,2.601708,-4.2720375,31.85485,0.9991398,0.4169922,0.0033200812,-19.632835,-19.650057,-2.0158842,246.13951,1.9231006,2.695253e-06,71.4371,-0.36131617,-7.6539083,0.07560004,1.0,0.9990158,0.1484375,0.0050379727,-15.968422,-15.980061,-4.0629077,55.723022,0.19366333,1.4902203e-11,0.99901295,0.11621094,0.0050941724,-15.993061,-16.004639,-4.1483703,4.867934,0.09323695,1.4218752e-11,0.01992131791114807,33507.59787917137,740000
56.228554,-0.29160473,-7.6005783,0.062267587,1.0,0.99919415,0.43066406,0.0033643474,-19.561401,-19.578503,-2.0645566,476.9189,2.7987075,5.9018173e-05,1.5709736,-1.310139,22.648687,0.99914074,0.37890625,0.0034127461,-19.167042,-19.183622,-2.2049184,497.3933,2.1954093,5.2627787e-05,63.384308,-0.37588203,-7.64297,0.07286541,1.0,0.99900913,0.10449219,0.0050854385,-15.95698,-15.968629,-4.0406914,44.305576,0.18649042,1.8115797e-13,0.9990034,0.10058594,0.005143173,-16.034025,-16.045666,-4.123459,2199.864,3.0818517,7.538192e-13,0.01994730815887451,33607.334423065186,745000
47.763542,-0.36525488,-7.591161,0.05991315,1.0,0.99918747,0.46191406,0.003278605,-19.773853,-19.79119,-2.0415173,430.11008,2.1205578,4.385666e-05,1.8728602,-1.3241233,22.172743,0.9991274,0.3857422,0.0033742469,-19.49447,-19.511421,-2.1538637,102.12337,1.5877624,0.00012558297,57.825867,-0.44242573,-7.651786,0.07506953,1.0,0.99901485,0.123046875,0.005039372,-15.909404,-15.921014,-4.032551,804.56433,0.5327753,7.385299e-10,0.9990082,0.1015625,0.005121573,-15.812716,-15.824167,-4.098012,203.17194,0.4183158,8.6183384e-08,0.01992670531272888,33706.96795105934,750000
49.46273,-0.3549707,-7.600433,0.062231164,1.0,0.9991846,0.4658203,0.003197576,-20.104658,-20.122408,-1.9468225,704.1793,2.5669732,8.313313e-05,2.347084,-2.5245728,22.293201,0.9991245,0.40625,0.0032595731,-19.788162,-19.805481,-2.0721695,382.88504,1.7436607,0.00011858023,55.3152,-0.4739473,-7.654375,0.075716734,1.0,0.9990196,0.115234375,0.005003532,-16.00124,-16.012938,-4.036348,44.547134,0.10901254,4.1648263e-10,0.999012,0.10253906,0.005079724,-15.990045,-16.001713,-4.051711,819.71423,1.2405735,3.2454156e-07,0.019934243392944338,33806.639169454575,755000
43.90273,-0.39249516,-7.607848,0.06408499,1.0,0.9992218,0.4951172,0.0031813316,-19.840351,-19.85786,-1.9281418,125.444855,2.009373,3.6114572e-05,1.4368008,-1.2992971,23.578949,0.99916935,0.42285156,0.0032376274,-19.48679,-19.503857,-2.0284133,106.002144,1.4186524,8.352292e-05,55.28808,-0.43583667,-7.6469364,0.07385701,1.0,0.99902153,0.12890625,0.0050527113,-15.725937,-15.737333,-4.0673194,66.12144,0.1769805,2.2894096e-09,0.999012,0.107421875,0.005112948,-15.726919,-15.738266,-4.119655,350.4136,0.6986562,6.3667826e-13,0.019965613746643067,33906.46724462509,760000
43.650597,-0.36576653,-7.595905,0.061099205,1.0,0.9991846,0.4423828,0.0033624878,-19.573486,-19.590527,-2.1405807,112.21333,1.693367,1.1369016e-05,1.0460835,-1.5681096,17.950603,0.9991493,0.3828125,0.0034230147,-19.206379,-19.222963,-2.2410073,65.7785,1.2116063,7.267367e-05,59.684593,-0.38170725,-7.6541853,0.07566929,1.0,0.99901485,0.12890625,0.00504277,-15.851029,-15.8625555,-4.060772,328.25598,0.5283216,2.2942455e-08,0.99901104,0.1015625,0.005100991,-15.731586,-15.742909,-4.1479135,273.43213,0.40024865,2.1248473e-08,0.01993359365463257,34006.135214567184,765000
47.14386,-0.36158973,-7.5965877,0.06126988,1.0,0.9992113,0.47753906,0.0032468238,-19.797232,-19.814646,-1.9825481,173.0449,1.9705124,6.4880565e-05,1.686855,-3.1839182,27.365814,0.99913406,0.41796875,0.0032816075,-19.431438,-19.448458,-2.0224886,180.44672,1.7628438,0.00014780549,56.776108,-0.37935388,-7.66468,0.078292966,1.0,0.99902534,0.10839844,0.0051149107,-15.943549,-15.955106,-4.120494,331.9529,0.43956885,1.4691683e-16,0.9989996,0.08105469,0.0052311597,-16.034653,-16.046158,-4.264082,12.961092,0.07084562,8.433845e-13,0.019936495923995972,34105.81769824028,770000
40.792984,-0.4177421,-7.5911584,0.059912633,1.0,0.9992018,0.48339844,0.0031599065,-20.023453,-20.041166,-1.9043992,393.57147,2.3317533,1.7892286e-05,1.9264538,-1.4622304,20.729969,0.99915504,0.40625,0.0032402738,-19.618336,-19.635527,-2.030871,112.47738,1.5247276,0.00030303258,58.461815,-0.43632048,-7.6531696,0.07541531,1.0,0.99902153,0.125,0.0049948352,-16.07687,-16.08867,-4.002858,117.876854,0.19751208,4.1753774e-06,0.9990158,0.10449219,0.0050451728,-16.134819,-16.146688,-3.991769,534.77856,1.0939581,6.375782e-11,0.01593417167663574,34185.48855948448,775000
45.623226,-0.4078878,-7.607152,0.06391087,1.0,0.99922466,0.4794922,0.0031766258,-20.050362,-20.068123,-1.8803345,533.2604,2.7372127,0.00011108985,1.5693161,-1.347063,17.549232,0.9991751,0.43066406,0.003222528,-19.788422,-19.805895,-1.9138294,678.624,2.8355398,0.00011859685,54.231777,-0.4983529,-7.646005,0.073624276,1.0,0.99901867,0.12695312,0.0050604623,-15.931334,-15.942985,-4.012224,57.749855,0.16053556,3.1917544e-10,0.99901104,0.1171875,0.0050798226,-15.971426,-15.983127,-4.002081,41.778,0.15415828,9.141645e-09,0.015099381875991821,34260.985470056534,780000
48.01122,-0.38057306,-7.5907393,0.059807763,1.0,0.99921036,0.484375,0.0031837658,-20.009491,-20.02716,-1.9326847,1124.5367,3.004281,3.1646054e-05,2.135439,-1.961726,19.444439,0.9991474,0.4189453,0.0032748354,-19.776367,-19.793673,-2.070181,65.5843,1.4774861,4.2657966e-06,61.664696,-0.42355633,-7.6749744,0.080866516,1.0,0.9990206,0.12792969,0.005011294,-16.010237,-16.021946,-4.031788,60.061,0.15307537,8.0554834e-08,0.9990139,0.10546875,0.0050616255,-16.085537,-16.097319,-4.0350976,57.96093,0.19750813,6.2111266e-10,0.015112740659713745,34336.549176216125,785000
46.406757,-0.3842491,-7.588029,0.05913017,1.0,0.9992285,0.4814453,0.0031571132,-20.030745,-20.048502,-1.8669236,288.591,2.423284,8.3552484e-05,3.2179518,-3.7986634,22.805862,0.99919033,0.42285156,0.003192708,-19.86113,-19.878693,-1.8941467,91.11519,2.1071892,8.870549e-05,68.76517,-0.38874048,-7.654374,0.0757165,1.0,0.99901867,0.12402344,0.005166967,-15.988926,-16.00043,-4.2199717,715.6394,0.5040631,1.4092897e-12,0.9990158,0.09863281,0.0051503535,-16.107784,-16.119392,-4.233474,2121.4546,2.278893,1.826229e-07,0.01370194320678711,34405.058893442154,790000
47.78694,-0.4001152,-7.594741,0.060808193,1.0,0.9992113,0.49316406,0.0031498512,-19.942646,-19.960278,-1.9046316,123.20064,1.8550324,9.4758114e-05,2.2788398,-3.1415036,25.420595,0.9991455,0.40234375,0.0032352852,-19.61908,-19.636288,-2.0134664,66.03133,1.4166718,3.573882e-05,52.633102,-0.531803,-7.6453037,0.07344884,1.0,0.999012,0.13574219,0.005131062,-15.927721,-15.939234,-4.150895,47.02757,0.14626169,7.3910797e-09,0.9990082,0.11425781,0.005187565,-15.75731,-15.768654,-4.1518803,133.73003,0.2988996,4.1989106e-09,0.008813301753997803,34449.125403642654,795000
47.33763,-0.34556365,-7.594762,0.06081341,1.0,0.9992323,0.5,0.0031324157,-20.08088,-20.0987,-1.851157,5116.032,5.2198677,2.9961997e-05,2.6173394,-2.1084023,25.131943,0.9991808,0.44628906,0.0032030032,-19.791124,-19.808542,-1.9730195,659.0051,2.9678063,6.7299254e-05,56.521183,-0.41235477,-7.6520095,0.07512544,1.0,0.9990206,0.12402344,0.005089077,-16.054108,-16.065802,-4.091248,104.85239,0.23916702,2.6170677e-09,0.99901295,0.1015625,0.0051359124,-16.005898,-16.017477,-4.1592045,104.02368,0.19396693,3.941039e-08,0.008816347599029542,34493.207146406174,800000
42.271355,-0.4365548,-7.5910892,0.05989532,1.0,0.9992132,0.48046875,0.0031927652,-19.910744,-19.928347,-1.903251,196.61081,2.4558277,4.9340483e-06,5.792875,-3.9136536,29.495481,0.99915123,0.41992188,0.0032681902,-19.44368,-19.460808,-1.9218435,606.49835,2.9294324,0.00017657925,68.30234,-0.46096236,-7.6643,0.07819793,1.0,0.9990225,0.12597656,0.005006046,-16.161798,-16.173685,-4.0011415,85.3753,0.1946898,7.970782e-08,0.99901676,0.109375,0.0050272606,-16.171494,-16.183437,-3.95112,1795.1847,2.3940535,2.5499655e-06,0.3358837028503418,36172.62566304207,805000
44.168465,-0.4275427,-7.6003585,0.062212635,1.0,0.99922466,0.5058594,0.0031636648,-20.263771,-20.281797,-1.822318,448.70267,2.931901,3.596434e-05,3.6329966,-1.7951176,26.284399,0.9991541,0.4326172,0.003203025,-19.80674,-19.82426,-1.8813539,152.3735,2.0910807,0.00038557715,64.10646,-0.4318564,-7.649707,0.074549764,1.0,0.9990263,0.13183594,0.0051270965,-16.083004,-16.094727,-4.08914,100.79114,0.23700848,2.7915675e-12,0.99900436,0.12402344,0.0051588058,-16.03505,-16.046717,-4.0999365,193.1706,0.29573026,1.8922199e-11,0.024802511739730835,36296.638222932816,810000
43.2726,-0.39858556,-7.6019545,0.06261157,1.0,0.9992161,0.4921875,0.0031749164,-20.174583,-20.192478,-1.8670409,1690.4381,3.0719848,6.0315153e-07,3.2558835,-4.153167,26.166012,0.9991598,0.42285156,0.0032361117,-19.679249,-19.696535,-1.9942714,151.58546,1.8996562,9.973065e-05,67.44945,-0.42727214,-7.665902,0.07859856,1.0,0.9990196,0.1328125,0.0050560804,-15.89908,-15.910684,-4.0297775,53.217503,0.11999697,2.5258404e-09,0.99901485,0.10253906,0.0050977594,-15.906504,-15.918068,-4.0762105,608.13824,0.6729722,2.0686862e-07,0.02480332546234131,36420.65485525131,815000
51.191574,-0.33217523,-7.597328,0.061455037,1.0,0.9992161,0.48828125,0.0031536478,-19.864162,-19.881819,-1.800752,197.89883,2.5006955,4.9085567e-05,3.2565005,-2.6911488,27.583778,0.99916077,0.4248047,0.0032143597,-19.565329,-19.582508,-1.9914607,84.22431,1.759182,0.0001426539,59.808617,-0.4042151,-7.655733,0.07605626,1.0,0.99902725,0.12597656,0.0050853603,-15.6702385,-15.68154,-4.1097817,149.10661,0.20375457,5.453843e-13,0.99902153,0.109375,0.0050858185,-15.663241,-15.674493,-4.1533294,860.8951,0.92446357,4.964842e-10,0.024795677185058592,36544.633242845535,820000
42.53871,-0.41933322,-7.592795,0.060321666,1.0,0.9991827,0.46875,0.0032589356,-19.86974,-19.887264,-1.9397824,408.66278,2.4896278,1.21490775e-05,0.9683226,-1.7416201,21.818066,0.99914646,0.41210938,0.0032750263,-19.51735,-19.5345,-1.9706535,205.44476,1.833281,8.227846e-05,45.32875,-0.5112913,-7.666087,0.07864478,1.0,0.9990206,0.11035156,0.005104021,-15.778162,-15.789582,-4.0968366,926.4953,0.5299165,3.6175098e-07,0.9990139,0.08691406,0.0051888917,-15.832377,-15.84381,-4.1368084,403.21918,0.4957927,3.5551275e-07,0.024764151573181153,36668.45400547981,825000
46.23446,-0.32783246,-7.5876656,0.059039336,1.0,0.9992132,0.46191406,0.0032601901,-19.717945,-19.73528,-1.9833715,196.16888,1.9225008,5.9575123e-05,0.7827869,-1.523731,19.373158,0.99915504,0.40820312,0.003277252,-19.523308,-19.540392,-2.0440156,200.29654,1.9755614,4.6830537e-05,61.938305,-0.38336188,-7.651787,0.07506968,1.0,0.99902534,0.11816406,0.0049464824,-15.975924,-15.987715,-3.9128551,22.518147,0.1251709,4.5680338e-08,0.99901485,0.11035156,0.005026593,-15.887943,-15.899569,-3.995777,3582.609,3.9902968,6.546577e-08,0.02475595836639404,36792.233798503876,830000
44.308723,-0.39099658,-7.5937986,0.06057257,1.0,0.9992018,0.4658203,0.0032531954,-19.998257,-20.01587,-1.9786553,102.62319,1.9534855,2.4417055e-05,1.2711847,-1.7423176,20.854656,0.9991379,0.39257812,0.0033218844,-19.69199,-19.709204,-2.080317,99.669815,1.7749505,2.3243854e-05,63.104916,-0.33142078,-7.6343665,0.07071456,1.0,0.99901867,0.109375,0.005078446,-16.111406,-16.123137,-4.110156,17.48984,0.11203368,5.7705463e-09,0.99901295,0.091796875,0.005160828,-16.055475,-16.067068,-4.1948996,74.10927,0.17825538,9.730903e-15,0.024782420349121093,36916.145903110504,835000
43.900036,-0.38632,-7.60165,0.06253558,1.0,0.9991913,0.50390625,0.003155189,-20.075384,-20.093124,-1.9274645,275.802,2.352057,3.278453e-05,5.8560805,-4.2853246,30.978472,0.9991636,0.45214844,0.0031561127,-19.703161,-19.72046,-2.0070887,73.37815,1.352642,1.2320606e-05,51.591644,-0.52714485,-7.6538057,0.07557443,1.0,0.99902725,0.13867188,0.0049891854,-16.078575,-16.090328,-4.0574183,169.43263,0.1800078,2.9781666e-09,0.9990139,0.11425781,0.0050327065,-16.027763,-16.039473,-4.050002,42.392494,0.1598961,1.0805514e-06,0.0244722140789032,37038.506977558136,840000
52.7806,-0.2951097,-7.5955677,0.06101492,1.0,0.9992018,0.45898438,0.003277805,-19.847784,-19.86525,-1.9798913,190.65253,2.251127,0.000120794764,1.7540524,-2.0408409,24.912403,0.9991665,0.4013672,0.0033040484,-19.58038,-19.597462,-2.103732,84.58569,1.620242,0.00010728239,62.704865,-0.34847945,-7.6491694,0.07441528,1.0,0.99902344,0.12011719,0.005064475,-15.866097,-15.877704,-3.9936385,15.850178,0.09857361,2.5528277e-09,0.9990072,0.10058594,0.005116119,-15.765543,-15.776975,-4.0711956,23.309587,0.11613105,5.026682e-10,0.019916242408752442,37138.08819055557,845000
48.655487,-0.36865377,-7.597946,0.06160952,1.0,0.9992323,0.49902344,0.0030926098,-20.552961,-20.571266,-1.8270884,526.0795,2.5731003,2.3913884e-05,1.5409977,-1.5809968,21.165825,0.9991636,0.43847656,0.003155124,-20.160496,-20.178339,-1.9070786,123.23154,1.9318306,8.003043e-05,56.505257,-0.40619284,-7.6376004,0.071523115,1.0,0.99901485,0.107421875,0.0051559303,-16.062416,-16.074005,-4.20685,59.36062,0.13690244,3.2367284e-10,0.9990034,0.10253906,0.0052371705,-15.9653015,-15.976717,-4.288656,11.521723,0.07619394,1.9894426e-08,0.019858938217163086,37237.38288426399,850000
43.32043,-0.36697453,-7.594058,0.060637526,1.0,0.99922085,0.4736328,0.0032004677,-20.152918,-20.170748,-1.9132515,121.74556,2.1384668,7.848625e-05,3.3132176,-1.6154088,27.719929,0.9991646,0.42285156,0.0032415218,-19.843388,-19.860815,-2.0145693,137.52676,1.8403735,3.628072e-05,48.301308,-0.47236794,-7.6536264,0.07552955,1.0,0.9990139,0.1171875,0.0050740875,-16.095695,-16.107468,-4.054798,1194.0747,1.0916035,3.027132e-09,0.9990101,0.08691406,0.005107253,-16.18486,-16.196665,-4.112377,459.22638,0.541254,5.302128e-07,0.019862520742416383,37336.695491313934,855000
44.511375,-0.34970894,-7.618123,0.06665379,1.0,0.9992285,0.5019531,0.0031798454,-20.271809,-20.289698,-1.9694293,420.2975,2.4785838,4.484679e-05,2.3952725,-2.3120902,24.450676,0.9991627,0.4169922,0.0033004996,-19.98276,-20.000252,-2.0857291,87.5045,1.796416,0.00022848873,61.418503,-0.3817708,-7.6603346,0.07720658,1.0,0.9990301,0.1328125,0.0049875453,-16.05381,-16.06557,-4.0225115,160.14954,0.21259184,1.3245671e-08,0.9990177,0.111328125,0.0050368123,-16.061234,-16.072975,-4.0475187,207.71648,0.34217435,8.242893e-09,0.019871017265319823,37436.05057954788,860000
48.518436,-0.34079024,-7.6073046,0.06394914,1.0,0.99923325,0.5058594,0.0030895113,-20.45168,-20.469906,-1.8077092,1916.1779,3.3034232,7.1612834e-05,0.80787426,-1.1595951,19.146412,0.9991598,0.43847656,0.0031581162,-20.087555,-20.105276,-1.9570081,84.12826,1.596503,4.1933527e-05,71.0898,-0.3038542,-7.6749377,0.080857426,1.0,0.9990063,0.115234375,0.005115197,-15.84424,-15.855829,-3.9896722,1851.6163,1.1223133,1.3167508e-08,0.9990082,0.103515625,0.0051720757,-15.87768,-15.889132,-4.1628466,40.924038,0.12328884,5.0126485e-09,0.01987279963493347,37535.414582014084,865000
44.90287,-0.3991323,-7.5994987,0.06199766,1.0,0.9992237,0.4794922,0.003211944,-20.06838,-20.086063,-1.9777614,677.1942,2.3732543,4.066737e-05,1.450435,-1.3314176,20.760777,0.9991455,0.41601562,0.0032831435,-19.649174,-19.66641,-2.017261,152.93436,2.0884316,0.0001817345,58.508286,-0.38329947,-7.6636276,0.0780299,1.0,0.9990206,0.115234375,0.0050849393,-16.007257,-16.018875,-4.122238,58.65067,0.14308967,1.0914003e-11,0.9989958,0.09765625,0.0051506786,-15.890238,-15.901699,-4.164775,395.43753,0.499634,1.5252219e-08,0.0198795184135437,37634.812175273895,870000
46.40455,-0.343249,-7.585656,0.05853702,1.0,0.99919987,0.46972656,0.0031677508,-20.19343,-20.21129,-1.9208554,560.9618,2.3190289,1.3043545e-05,1.3691012,-2.1586566,24.355732,0.9991503,0.4326172,0.0031714486,-19.983433,-20.00105,-1.96241,305.90634,1.7576652,0.00036659426,61.574436,-0.44395664,-7.638774,0.07181648,1.0,0.99902153,0.10839844,0.0051474096,-15.920204,-15.931656,-4.206025,12.412301,0.08043432,1.0636254e-12,0.99902344,0.10644531,0.0051718345,-15.91805,-15.929485,-4.2210073,366.40558,0.42374003,5.4957456e-14,0.019881751012802124,37734.22093296051,875000
51.790413,-0.3814376,-7.6026163,0.06277706,1.0,0.9992008,0.45410156,0.0032936893,-19.862041,-19.87955,-1.949307,181.82314,2.2460637,3.5926496e-05,3.2646785,-6.4189243,33.15931,0.9991636,0.4033203,0.003335415,-19.67206,-19.689283,-2.0532084,511.541,2.2924514,2.2130676e-05,65.41404,-0.39060664,-7.669775,0.07956679,1.0,0.99901485,0.12597656,0.005006201,-15.956238,-15.96793,-3.9956393,136.80013,0.22583176,4.1199016e-10,0.99900913,0.091796875,0.005090713,-15.917135,-15.928748,-4.03736,34269.168,33.791157,1.0057488e-06,0.019878064918518068,37833.61126065254,880000
49.592384,-0.36539942,-7.582534,0.057756446,1.0,0.999218,0.4609375,0.0032477803,-19.97698,-19.99457,-1.9831381,347.45694,2.4690106,6.448374e-05,3.7219555,-6.0788794,33.196728,0.99913883,0.39453125,0.0033178865,-19.744648,-19.761896,-2.0978513,101.86167,1.5720983,5.5187596e-05,53.680096,-0.5191457,-7.66185,0.0775854,1.0,0.99901867,0.10644531,0.0050974814,-15.795254,-15.806645,-4.1420116,757.9505,0.48677886,3.85587e-10,0.9990053,0.103515625,0.005088172,-15.841216,-15.85271,-4.083845,10280.563,10.303143,1.2826257e-07,0.019885424089431763,37933.03838300705,885000
46.9626,-0.3739266,-7.615985,0.0661191,1.0,0.9992132,0.5019531,0.003160863,-20.400715,-20.41878,-1.9183242,223.48828,1.9446977,6.3418054e-05,1.7831087,-2.1172106,24.588877,0.99914646,0.41992188,0.0032962589,-19.910357,-19.927774,-2.0939522,290.4367,1.9351673,1.1702756e-05,56.237953,-0.43326366,-7.6577387,0.07655756,1.0,0.9990177,0.13574219,0.005108099,-15.865192,-15.876646,-4.1487503,24.80406,0.107345715,1.011992e-08,0.99900436,0.12207031,0.005160925,-15.816086,-15.827461,-4.1789,2561.5374,3.410641,1.1693373e-07,0.019880580139160157,38032.44128537178,890000
47.47004,-0.41888466,-7.597512,0.061500926,1.0,0.9992199,0.45996094,0.0032802778,-20.059177,-20.076838,-1.9936112,1086.6141,3.2434807,2.4508903e-05,2.1046093,-3.897682,28.515055,0.99914646,0.40429688,0.0033691372,-19.773083,-19.790352,-2.1079469,172.2678,2.1303928,0.00013415798,54.539963,-0.46736026,-7.659588,0.07701988,1.0,0.9990206,0.11035156,0.0050301324,-16.186169,-16.198072,-4.009728,130.72757,0.21101275,6.6901157e-07,0.998991,0.11425781,0.005144593,-16.114931,-16.126753,-4.0226555,1446.8257,2.051506,1.16719745e-08,0.01987421188354492,38131.8123459816,895000
59.639698,-0.27912617,-7.6044216,0.06322841,1.0,0.99922276,0.49023438,0.003116155,-20.310019,-20.328068,-1.8436432,197.082,2.0870037,5.2554864e-05,2.2644334,-4.889343,35.033195,0.9991741,0.4248047,0.0031932227,-20.01014,-20.027794,-1.9504851,45.69063,1.5603969,2.7112072e-05,62.258846,-0.5098325,-7.6490917,0.07439589,1.0,0.999012,0.125,0.0049752844,-16.241245,-16.253248,-3.963542,86.96884,0.2583647,2.0019236e-12,0.9990082,0.109375,0.005037456,-16.394802,-16.406845,-4.0715094,193.46317,0.3394595,1.6231094e-09,0.018599331903457642,38224.80901026726,900000
47.492405,-0.3784435,-7.603726,0.06305441,1.0,0.9992008,0.5029297,0.00317134,-20.211079,-20.229,-1.8785329,387.81702,2.2913382,3.7830752e-05,8.810799,-5.6046815,40.216465,0.9991474,0.4267578,0.003267152,-20.136086,-20.153822,-1.9904116,564.4742,2.3477368,0.00010152759,58.28582,-0.44380742,-7.6584215,0.07672833,1.0,0.9990244,0.13085938,0.0049636336,-15.949388,-15.961148,-3.9183035,92.021416,0.28442433,1.5182317e-13,0.99901676,0.12597656,0.0050141,-16.019342,-16.031137,-3.9536018,402.26584,0.6200845,5.234062e-11,0.29233810405731203,39686.49953174591,905000
50.863426,-0.30497026,-7.596876,0.061342068,1.0,0.9992304,0.47558594,0.003243343,-19.98301,-20.000648,-1.9397554,212.50264,2.3497844,4.3008313e-05,2.096324,-3.4062386,25.062584,0.9991598,0.4189453,0.0032809556,-19.725609,-19.742865,-2.0702763,129.39722,1.7433622,0.00033380953,59.7007,-0.37344003,-7.6568003,0.07632306,1.0,0.99901485,0.11621094,0.0051246416,-16.04552,-16.057196,-4.103174,656.49976,0.438738,2.2307728e-17,0.99900436,0.09863281,0.005219302,-16.013067,-16.024557,-4.2599945,160.57439,0.29048216,9.630467e-13,0.019969749116897584,39786.34827899933,910000
52.75242,-0.320489,-7.6042624,0.06318858,1.0,0.9992008,0.4658203,0.0032360046,-20.196537,-20.214329,-1.9969909,278.99185,1.9843698,3.026913e-05,3.03152,-3.5142536,29.783134,0.99915314,0.40625,0.003358928,-19.787315,-19.80453,-2.177459,65.250465,1.3328344,5.7199864e-05,59.180992,-0.4354846,-7.6656733,0.07854132,1.0,0.9990206,0.12890625,0.0049244664,-16.282484,-16.294523,-3.9671776,364.27957,0.42972016,4.324022e-07,0.9990139,0.109375,0.0049979715,-16.094244,-16.106016,-4.0512495,223.30655,0.43822366,6.0330575e-07,0.019956315660476686,39886.12985873222,915000
44.37078,-0.3956251,-7.594009,0.060625255,1.0,0.99919605,0.44628906,0.0033056156,-19.908844,-19.926302,-2.0472765,561.66785,1.9911915,4.503771e-06,1.3055422,-1.1580511,21.595074,0.9991617,0.3984375,0.0033512143,-19.626003,-19.643145,-2.0919614,150.84502,1.7156112,0.00016763464,61.32569,-0.39419097,-7.659953,0.07711128,1.0,0.9990225,0.123046875,0.0049588084,-16.22712,-16.239132,-3.9382396,241.4577,0.2879125,1.53255e-08,0.9990015,0.091796875,0.004978133,-16.257126,-16.269163,-3.94072,291.84317,0.38021338,6.7509295e-06,0.02180790467262268,39995.1693854332,920000
52.142403,-0.32418054,-7.5954976,0.060997423,1.0,0.99923134,0.4951172,0.0032305925,-19.78052,-19.797922,-1.9801847,137.83429,2.1302052,1.536579e-06,6.989307,-3.9011078,39.195564,0.9991503,0.3984375,0.0033659127,-19.525284,-19.542265,-2.1520042,152.99205,1.9868958,1.7696588e-05,61.805042,-0.3749225,-7.6655164,0.078502014,1.0,0.99901104,0.11621094,0.005064378,-15.898262,-15.909836,-4.0587654,67.302284,0.1280777,5.4498767e-11,0.99900436,0.1015625,0.005168194,-15.920626,-15.932072,-4.210314,33.565586,0.113131404,9.1833546e-10,0.02481445760726929,40119.24167609215,925000
55.09292,-0.23394927,-7.5903106,0.059700612,1.0,0.9992285,0.4892578,0.0031536825,-20.404661,-20.422808,-1.8403847,154.1633,1.9571824,1.6768396e-05,3.5000257,-3.4087193,28.284872,0.9991369,0.41601562,0.0032994633,-20.135872,-20.153505,-2.0968168,159.87401,1.8505284,7.173615e-05,69.611984,-0.4182686,-7.653639,0.075532615,1.0,0.99902344,0.125,0.005009191,-16.187756,-16.199686,-3.9817722,4173.1113,2.3972147,7.5647927e-10,0.9990139,0.103515625,0.004963778,-16.130802,-16.142645,-4.015486,448.73413,0.55461055,1.1379434e-08,0.024816972637176513,40243.32654047012,930000
47.057594,-0.38246617,-7.596781,0.061318062,1.0,0.99923897,0.49023438,0.003085928,-20.587189,-20.605547,-1.8059733,1774.5908,4.2561703,0.0001467886,2.333324,-2.0230026,20.35064,0.99917126,0.4453125,0.003146743,-20.150085,-20.16792,-1.9068727,815.4189,3.0646434,9.540127e-05,52.70534,-0.42632428,-7.6572733,0.07644132,1.0,0.9990206,0.140625,0.0050323755,-16.100643,-16.112452,-4.021,40.249866,0.14295003,9.174531e-10,0.9990158,0.12011719,0.0050965487,-16.065533,-16.077229,-4.099922,183.41678,0.28614238,1.115642e-12,0.024831731414794923,40367.48520040512,935000
42.207165,-0.40310812,-7.5954585,0.060987577,1.0,0.99921894,0.4658203,0.0031987233,-20.281574,-20.299486,-1.9578395,263.54886,2.287805,4.418651e-05,2.6148267,-2.5020182,24.195175,0.99916744,0.41601562,0.003253916,-20.056698,-20.074352,-1.9938043,108.03333,1.6824636,0.00013012764,54.312958,-0.44678384,-7.6581125,0.076651044,1.0,0.9990101,0.11328125,0.0050754664,-16.024145,-16.035822,-4.078988,40.020206,0.1105423,1.0186921e-09,0.9989853,0.11035156,0.005219052,-16.098097,-16.109818,-4.1098123,314.9495,0.8057643,9.6159e-08,0.024847888040542603,40491.72464513779,940000
46.85621,-0.3937783,-7.5966187,0.06127763,1.0,0.9992161,0.45703125,0.0032431085,-20.445675,-20.463705,-2.0004861,417.19156,2.235291,0.00021779895,0.9998721,-1.6432548,18.675137,0.9991436,0.41308594,0.003307324,-20.04948,-20.067032,-2.0940838,185.19315,1.5850368,0.00037859607,61.19645,-0.45107257,-7.6431303,0.072905615,1.0,0.9990196,0.125,0.005018321,-16.243011,-16.25498,-4.00006,41.07234,0.14891449,6.1142545e-12,0.99900246,0.111328125,0.005023502,-16.127258,-16.139147,-3.9648304,186.8034,0.42096883,1.2079337e-08,0.024833943700790406,40615.89436626434,945000
47.803688,-0.40755177,-7.6149783,0.065867536,1.0,0.9992199,0.4814453,0.003171144,-20.462856,-20.480959,-1.9450686,319.1241,2.5324578,3.4410783e-05,2.0027626,-3.3999221,24.00924,0.9991703,0.42285156,0.0032104861,-20.159134,-20.176842,-2.0432224,723.62054,2.3483577,0.000113381306,67.455574,-0.36431634,-7.6354074,0.07097477,1.0,0.9989929,0.11621094,0.0051897364,-15.89409,-15.905559,-4.160861,47.976147,0.14904575,4.406457e-10,0.9990101,0.08886719,0.005225565,-15.8652725,-15.876593,-4.2833576,101.280235,0.16008818,3.783036e-14,0.02483184871673584,40740.053612947464,950000
56.128914,-0.34748694,-7.5974107,0.061475612,1.0,0.9992218,0.46972656,0.0031856678,-20.393242,-20.4113,-1.9195656,938.9433,2.774869,2.8009914e-05,5.6081986,-2.9638495,35.550133,0.99917316,0.4326172,0.0031954856,-20.12113,-20.13886,-1.9831238,324.56305,1.5891228,0.00010330666,64.18382,-0.3851711,-7.6508045,0.07482408,1.0,0.99901485,0.1484375,0.0050027356,-16.136532,-16.148403,-3.9928765,204.7501,0.21539323,6.401221e-12,0.999012,0.1171875,0.0050826473,-16.030321,-16.041975,-4.1064615,114.45405,0.22340739,5.509222e-10,0.024829217100143432,40864.19969987869,955000
47.407337,-0.3500859,-7.607376,0.0639669,1.0,0.99921227,0.46484375,0.003230807,-20.171553,-20.18942,-1.8926401,325.70547,2.8036242,5.403193e-05,2.9796,-2.9552026,28.203033,0.9991617,0.42382812,0.0033063062,-19.912292,-19.929775,-2.0289292,780.29926,2.4432628,1.0791339e-05,54.12729,-0.35239172,-7.678091,0.08164566,1.0,0.9990177,0.12207031,0.0050224504,-16.12221,-16.134066,-3.994898,75.16175,0.14542758,8.340435e-10,0.99901485,0.10839844,0.005060922,-16.332758,-16.344719,-4.0947175,8.921168,0.08569361,8.334468e-11,0.02255814628601074,40976.99043464661,960000
48.65976,-0.411124,-7.586342,0.05870845,1.0,0.99921036,0.48046875,0.0032403371,-20.2791,-20.296963,-2.0061238,310.00485,2.0236015,5.069435e-07,0.96286833,-2.0277114,19.509644,0.99915123,0.41796875,0.0032958244,-20.096493,-20.114082,-2.102785,188.3278,1.978944,0.00039638745,65.04381,-0.37116817,-7.6512623,0.07493843,1.0,0.9990196,0.12207031,0.0050121327,-16.05775,-16.0695,-4.037308,56.594105,0.17953359,4.108408e-07,0.9990139,0.10058594,0.0051147817,-16.115685,-16.127352,-4.178768,9.699305,0.081764184,1.7340488e-11,0.019976245737075807,41076.8716673851,965000
50.936592,-0.34961876,-7.614073,0.06564109,1.0,0.9992418,0.46875,0.0031650257,-20.578888,-20.597141,-1.9047034,267.92545,2.4268594,0.0001078292,3.2732954,-2.92551,26.372093,0.9991627,0.42578125,0.0032691518,-20.285358,-20.303194,-2.03753,142.28395,1.8913494,8.425144e-06,66.52637,-0.36658755,-7.6627707,0.07781566,1.0,0.99901867,0.13476562,0.005042694,-16.064716,-16.076456,-4.0531178,358.37582,0.35783273,4.148385e-13,0.99899864,0.12597656,0.0050575705,-16.01145,-16.02313,-4.0615454,51.665565,0.16109312,8.6212065e-10,0.020006737518310547,41176.905356407166,970000
44.000107,-0.39335948,-7.58739,0.05897046,1.0,0.9992323,0.4736328,0.0032094682,-20.440218,-20.458342,-1.9006426,1180.6322,3.2664175,0.00014060507,1.534209,-1.6744112,19.319672,0.9991617,0.40234375,0.0033113328,-20.09961,-20.117252,-2.0502906,298.23526,1.9491706,9.614631e-05,58.001957,-0.45247498,-7.658604,0.07677396,1.0,0.9990263,0.14550781,0.0050702677,-16.04818,-16.059877,-4.081754,22.475698,0.11155489,4.2387155e-10,0.9990196,0.10839844,0.0050932583,-16.033146,-16.044878,-4.032626,372.11282,0.45207176,5.191902e-12,0.019978971767425538,41276.80022072792,975000
48.82611,-0.31592864,-7.596134,0.06115642,1.0,0.9992218,0.48828125,0.0031325072,-20.55505,-20.573404,-1.7790086,314.85504,2.9585958,9.175757e-06,1.4306417,-1.3580431,21.628338,0.9991503,0.42089844,0.003192446,-20.13252,-20.150345,-1.9001498,499.67328,2.3468513,0.0001274795,64.14866,-0.4715627,-7.662613,0.07777627,1.0,0.99900913,0.14648438,0.004996628,-16.20543,-16.217323,-4.0370884,52.49225,0.14702673,1.5487672e-07,0.9990034,0.11425781,0.0051011676,-16.145775,-16.157566,-4.083754,640.1102,1.3326104,1.3233165e-09,0.019720690298080445,41375.403673410416,980000
44.439507,-0.33493635,-7.5964746,0.061241582,1.0,0.9992161,0.4482422,0.0032824907,-20.099045,-20.116714,-2.0255659,188.47783,2.0658343,8.79984e-05,3.9459596,-2.8204858,24.002268,0.99914455,0.4091797,0.003331572,-19.947449,-19.96484,-2.159069,159.7204,1.6033176,8.92341e-05,68.350876,-0.3333345,-7.6452713,0.073440775,1.0,0.9990177,0.1328125,0.0050307116,-15.989296,-16.000992,-4.0257187,125.34638,0.16330001,1.8018372e-10,0.9990072,0.119140625,0.005138795,-15.956782,-15.968295,-4.178547,555.6544,0.8654402,4.5294687e-08,0.01944231915473938,41472.615272283554,985000
46.116726,-0.37282693,-7.58902,0.059377946,1.0,0.99921036,0.49804688,0.003127467,-20.395458,-20.413544,-1.8939602,845.3299,2.752221,9.422729e-06,3.5842686,-2.8125024,24.202024,0.99916744,0.43359375,0.0032164338,-20.127157,-20.144829,-2.0512056,149.77266,1.7972108,4.146147e-05,66.710724,-0.39463216,-7.653346,0.075459406,1.0,0.99902153,0.1171875,0.0050360663,-16.28265,-16.294634,-4.0214224,92.790825,0.16772725,1.9386018e-10,0.99901485,0.10253906,0.0050700204,-16.313305,-16.325243,-4.102044,1235.5021,1.4803333,1.5657656e-09,0.019412765884399413,41569.679104566574,990000
41.47103,-0.39037848,-7.588247,0.059184723,1.0,0.99923706,0.4921875,0.0030772248,-20.750786,-20.769337,-1.7747958,149.47066,2.3816886,2.4410278e-05,4.8400526,-3.1564178,26.736217,0.999177,0.4267578,0.003182597,-20.494755,-20.512915,-1.9173372,126.282684,2.034712,8.5417305e-05,61.65218,-0.41520667,-7.668682,0.07929346,1.0,0.9990177,0.1171875,0.0050860764,-16.186829,-16.198654,-4.0915203,28.260294,0.10857623,4.6989617e-09,0.99899673,0.109375,0.0051212166,-16.149965,-16.161737,-4.106009,161.07384,0.30244377,1.0112309e-06,0.01941782841682434,41666.76824951172,995000
45.801537,-0.39246106,-7.604359,0.06321272,1.0,0.99922657,0.48632812,0.0031130814,-20.62057,-20.638968,-1.7976887,985.46124,2.9841654,0.00017441722,2.0676136,-3.0379422,24.06171,0.9991636,0.41796875,0.0032159481,-20.234436,-20.252285,-1.9757268,148.63278,1.9169409,0.0003386237,66.31585,-0.35117292,-7.662951,0.07786074,1.0,0.99902153,0.11230469,0.0050724777,-16.14286,-16.15467,-4.0591326,16.670168,0.097661234,2.3440758e-10,0.99901676,0.115234375,0.0051469263,-16.004944,-16.01659,-4.0914097,1902.9321,2.014614,1.1230354e-08,0.01793952875137329,41756.46589636803,1000000
