training/actor/actor_loss,training/actor/adv,training/actor/bc_log_prob,training/actor/mse,training/actor/std,training/critic/binary_accuracy,training/critic/categorical_accuracy,training/critic/contrastive_loss,training/critic/logits,training/critic/logits_neg,training/critic/logits_pos,training/critic/v_max,training/critic/v_mean,training/critic/v_min,training/grad/max,training/grad/min,training/grad/norm,training/value/binary_accuracy,training/value/categorical_accuracy,training/value/contrastive_loss,training/value/logits,training/value/logits_neg,training/value/logits_pos,training/value/v_max,training/value/v_mean,training/value/v_min,validation/actor/actor_loss,validation/actor/adv,validation/actor/bc_log_prob,validation/actor/mse,validation/actor/std,validation/critic/binary_accuracy,validation/critic/categorical_accuracy,validation/critic/contrastive_loss,validation/critic/logits,validation/critic/logits_neg,validation/critic/logits_pos,validation/critic/v_max,validation/critic/v_mean,validation/critic/v_min,validation/value/binary_accuracy,validation/value/categorical_accuracy,validation/value/contrastive_loss,validation/value/logits,validation/value/logits_neg,validation/value/logits_pos,validation/value/v_max,validation/value/v_mean,validation/value/v_min,time/epoch_time,time/total_time,step
187.22127,0.23465893,-9.337692,0.49654585,1.0,0.41237354,0.001953125,0.84401405,0.11572881,0.115685485,0.1600478,22.290424,1.6423728,0.0419916,7.6343517,-7.5296826,170.60129,0.74696827,0.0,0.52609104,-0.58592296,-0.58593,-0.57876086,7.790623,0.8576554,0.058032732,119.34458,0.15483263,-9.219472,0.466991,1.0,0.98808765,0.0009765625,0.04742665,-5.6197867,-5.619632,-5.7781734,14.291005,0.07483831,3.9931445e-05,0.99048424,0.0,0.035550065,-6.185475,-6.1853185,-6.3461456,3.7684634,0.043525286,2.5926436e-05,0.01466083083152771,73.3041558265686,1
13.733707,-0.15583403,-7.8637767,0.12806708,1.0,0.9990349,0.08886719,0.006192157,-9.146133,-9.149863,-5.3314195,6.7428613,0.121735565,1.8783107e-06,0.30763817,-0.20559852,5.8688426,0.9990282,0.091796875,0.0061649336,-9.1372795,-9.140974,-5.357131,7.3641124,0.11033777,2.0023233e-06,10.41465,-0.22133105,-7.915093,0.14089629,1.0,0.9987097,0.043945312,0.006906527,-9.338487,-9.342564,-5.167693,17.212666,0.21716508,1.6998035e-06,0.9984379,0.045898438,0.0070430283,-9.272649,-9.276668,-5.1600676,12.588807,0.21977529,2.6212879e-06,0.26317276411056517,1389.167977809906,5000
16.281097,-0.13744718,-7.8201714,0.11716588,1.0,0.99903965,0.12597656,0.005780522,-9.278122,-9.282462,-4.8365145,25.316751,0.29297477,1.0364172e-05,0.50117767,-0.48166874,11.307092,0.9990406,0.12890625,0.0057709496,-9.300455,-9.304792,-4.8638124,10.548501,0.22836909,2.5899179e-05,12.71343,-0.20282179,-7.816916,0.116351955,1.0,0.9988365,0.06738281,0.0063277623,-8.969047,-8.972864,-5.0637703,5.2983093,0.13494137,1.9252784e-05,0.99884987,0.06347656,0.006421979,-9.016159,-9.020033,-5.0544825,15.787236,0.21197799,2.845296e-05,0.2595915874481201,2687.1259167194366,10000
10.981121,-0.21487123,-7.801787,0.11256966,1.0,0.9990492,0.123046875,0.005794812,-9.1971855,-9.201359,-4.927142,17.512327,0.19759661,1.5946393e-05,0.15446028,-0.21750882,3.8325875,0.99904156,0.125,0.005811604,-9.158374,-9.162516,-4.9209776,13.437261,0.20662475,2.2693916e-05,15.059399,-0.19733518,-7.8169146,0.11635164,1.0,0.9987793,0.059570312,0.00625147,-8.976071,-8.980055,-4.9015536,13.385748,0.23025852,4.227844e-06,0.99870205,0.064453125,0.006331993,-8.981796,-8.98577,-4.9165907,12.904837,0.24568203,7.088515e-06,0.15897313899993895,3481.9916155338287,15000
17.694174,-0.19114394,-7.7906194,0.10977773,1.0,0.99905396,0.13476562,0.0056558503,-9.116701,-9.121045,-4.673227,19.11317,0.25706708,4.17701e-06,0.51819086,-0.35369188,9.844912,0.99905777,0.13183594,0.0056537474,-9.098765,-9.103085,-4.680068,12.350649,0.24362563,9.427476e-06,16.540154,-0.21320823,-7.803772,0.113066,1.0,0.9986849,0.07421875,0.006360463,-8.864724,-8.868687,-4.811602,34.290325,0.2646205,3.7652997e-06,0.99866104,0.07910156,0.0064297114,-8.864393,-8.868365,-4.8005056,31.415035,0.29415226,3.2691564e-06,0.01583087692260742,3561.146001815796,20000
16.322948,-0.2129218,-7.756386,0.101219445,1.0,0.99905396,0.13964844,0.005557021,-9.286765,-9.291352,-4.5938234,16.247093,0.30392176,1.834846e-05,0.46871775,-0.4254875,10.106598,0.9990568,0.1328125,0.0055792406,-9.256015,-9.26056,-4.606141,41.927696,0.3541372,1.5206665e-05,15.894929,-0.24365875,-7.769681,0.104543224,1.0,0.9987154,0.06933594,0.0065924544,-9.053779,-9.058089,-4.642818,37.90168,0.44466874,4.7950166e-06,0.99844265,0.08105469,0.0067681065,-9.002176,-9.006455,-4.6242666,66.58179,0.58080184,5.1303045e-06,0.16519273734092713,4387.109690904617,25000
15.547207,-0.2608385,-7.768564,0.104264006,1.0,0.9990492,0.140625,0.005569333,-9.35914,-9.363752,-4.6412497,26.513111,0.2745545,1.46813445e-05,1.1019839,-0.60505074,11.962812,0.9990492,0.12402344,0.0056005204,-9.292507,-9.297058,-4.637035,40.869427,0.31047487,1.6596114e-05,18.476875,-0.2816308,-7.8099127,0.11460116,1.0,0.99877644,0.080078125,0.006267786,-9.122171,-9.126414,-4.7812185,40.722816,0.39610255,5.309599e-06,0.9987192,0.08105469,0.006341014,-9.068073,-9.072287,-4.7569337,42.676624,0.44052467,3.1795812e-06,0.009538439130783082,4434.801888465881,30000
18.237469,-0.25027174,-7.73752,0.09650302,1.0,0.9990597,0.14257812,0.005568355,-9.352183,-9.356812,-4.61731,30.862345,0.35831517,9.987066e-07,0.5463905,-0.49219823,10.538024,0.99905586,0.14257812,0.005588607,-9.343497,-9.348089,-4.6458673,20.44577,0.31480634,2.880348e-07,24.606802,-0.2463154,-7.7512774,0.09994231,1.0,0.9987068,0.080078125,0.0063646184,-9.204701,-9.209045,-4.759439,46.85316,0.32427594,1.6740603e-06,0.9987154,0.08203125,0.0063831056,-9.186437,-9.190767,-4.7559204,14.47914,0.2744992,7.7655267e-07,0.1592135926246643,5230.869853258133,35000
18.505566,-0.25514758,-7.731822,0.09507837,1.0,0.9990597,0.17773438,0.0054421206,-9.411388,-9.416208,-4.4809723,44.140045,0.28299105,7.6073766e-06,1.260809,-0.4947029,11.864599,0.99905777,0.16796875,0.005462254,-9.391188,-9.395944,-4.525438,20.70852,0.25060725,1.05415e-05,22.066626,-0.26315027,-7.733244,0.09543384,1.0,0.9987726,0.083984375,0.006171021,-9.362356,-9.366909,-4.7063723,24.243856,0.22807276,9.2507935e-06,0.998683,0.08300781,0.0062716827,-9.308815,-9.313311,-4.7099524,6.5469894,0.23049939,5.44721e-06,0.015138797998428344,5306.563846111298,40000
26.357735,-0.25068307,-7.720384,0.09221895,1.0,0.9990654,0.16894531,0.005381175,-9.591512,-9.596517,-4.471277,48.166122,0.36152476,7.3319584e-06,0.613526,-0.72444564,14.34359,0.9990654,0.15527344,0.0053870147,-9.540094,-9.5450535,-4.4661045,36.573338,0.35523698,3.0812594e-06,25.54825,-0.2424943,-7.7484684,0.099240005,1.0,0.9986172,0.08886719,0.006433918,-9.440964,-9.445652,-4.6454363,26.799097,0.38741022,2.369643e-06,0.9986267,0.07128906,0.006396387,-9.405499,-9.41015,-4.647745,21.04759,0.31600955,1.0255978e-05,0.14041202001571657,6008.623949289322,45000
21.032333,-0.27064365,-7.7112656,0.08993931,1.0,0.9990463,0.171875,0.005377381,-9.506574,-9.51155,-4.416175,13.753097,0.25850937,2.7670085e-06,0.66376007,-0.5485476,11.815212,0.9990511,0.15722656,0.005378264,-9.477022,-9.481979,-4.4059668,22.272415,0.27720815,4.0266227e-06,29.70258,-0.25847656,-7.76639,0.10372051,1.0,0.99861336,0.087890625,0.006450598,-9.3838215,-9.388491,-4.607788,26.128923,0.38230413,1.7317628e-06,0.998579,0.080078125,0.0064311093,-9.31851,-9.323108,-4.6145496,10.765629,0.29737195,2.9708694e-06,0.015383543109893798,6085.541666507721,50000
24.30191,-0.26771912,-7.7057953,0.08857183,1.0,0.9990549,0.16308594,0.0053861663,-9.542147,-9.547146,-4.426585,13.265392,0.26956195,2.6981438e-06,0.41638964,-0.39867407,9.541107,0.99905396,0.16992188,0.005408806,-9.488757,-9.493692,-4.43945,14.11818,0.27474576,6.802684e-06,29.357843,-0.30664366,-7.7693605,0.104463086,1.0,0.99843025,0.091796875,0.0067193774,-9.393774,-9.398371,-4.691195,39.27842,0.3410629,4.6304942e-07,0.99844074,0.08105469,0.0067134537,-9.306791,-9.311305,-4.69034,7.51552,0.25349972,1.2733411e-05,0.16542912545204164,6912.687295436859,55000
23.922052,-0.23824875,-7.723527,0.09300482,1.0,0.9990454,0.17480469,0.005292767,-9.643691,-9.648942,-4.271752,40.88258,0.38783634,6.2431363e-06,0.64110667,-0.5412472,10.684099,0.9990444,0.16601562,0.005331322,-9.597958,-9.603114,-4.32372,45.66262,0.41681582,4.8217735e-06,31.819534,-0.30490136,-7.7534,0.10047288,1.0,0.99886894,0.09277344,0.006284134,-9.158186,-9.162398,-4.848358,20.749035,0.22484514,2.908767e-07,0.9987984,0.07519531,0.006300161,-9.135172,-9.139356,-4.856539,10.2097435,0.19629753,1.748247e-06,0.029838140726089476,7061.878000259399,60000
26.540997,-0.30004275,-7.7204585,0.09223756,1.0,0.99906254,0.1875,0.0053390693,-9.569851,-9.574908,-4.3955383,22.488558,0.33900875,7.296168e-06,0.49164885,-0.5571752,13.117086,0.99906063,0.16015625,0.0053758067,-9.522229,-9.527231,-4.4056935,43.733162,0.41015956,7.402279e-06,26.411514,-0.32950652,-7.74521,0.09842557,1.0,0.9986782,0.087890625,0.0064093582,-9.333603,-9.337967,-4.867961,38.07683,0.31913668,9.718362e-08,0.9986553,0.08496094,0.0063511906,-9.260015,-9.26431,-4.8664784,15.221661,0.19736464,1.3528306e-06,0.023968708086013795,7181.72154211998,65000
32.474556,-0.28043523,-7.6974487,0.08648509,1.0,0.9990673,0.1796875,0.0053424677,-9.599617,-9.604676,-4.42453,55.91477,0.35834274,1.097042e-05,2.9322267,-1.1408367,19.063044,0.99906635,0.18261719,0.0053563677,-9.523632,-9.528617,-4.4237804,80.97228,0.36419356,7.356935e-06,37.42518,-0.28633797,-7.733815,0.09557679,1.0,0.99876213,0.08300781,0.006204282,-9.448832,-9.45339,-4.7857065,22.77957,0.20055558,1.0798582e-06,0.99878216,0.076171875,0.00614151,-9.38732,-9.39182,-4.7825384,10.484569,0.14961751,1.3813559e-06,0.02321697597503662,7297.806423187256,70000
25.88202,-0.31456774,-7.7027445,0.087809026,1.0,0.99906445,0.20117188,0.005267315,-9.700754,-9.706025,-4.308118,10.439603,0.25804305,1.2428659e-05,0.8241874,-0.7752518,13.047265,0.9990692,0.1796875,0.005291517,-9.663024,-9.668213,-4.3544855,8.074164,0.24921894,6.9822395e-06,29.084475,-0.3622093,-7.7391357,0.096906886,1.0,0.9986868,0.08886719,0.0062746424,-9.264017,-9.268516,-4.6615725,32.54861,0.31667042,2.8897593e-06,0.9987364,0.087890625,0.0062734326,-9.264198,-9.268627,-4.732821,17.60386,0.24045202,1.0273611e-06,0.016861192178726198,7382.112385511398,75000
28.337849,-0.28365076,-7.715564,0.09101389,1.0,0.999053,0.18457031,0.005211807,-9.835608,-9.841094,-4.222726,63.946133,0.34903288,1.5744235e-05,0.36148778,-0.3916201,9.746064,0.99905396,0.18847656,0.0052411975,-9.75215,-9.757538,-4.240124,95.934975,0.43504018,1.8477781e-06,29.237467,-0.33086225,-7.745366,0.098464444,1.0,0.99875355,0.10058594,0.0061831544,-9.433353,-9.438031,-4.6494303,26.041595,0.21623743,5.0460267e-07,0.9987221,0.08886719,0.0061651934,-9.34432,-9.348882,-4.6770163,4.4996247,0.15363617,3.4444497e-07,0.19532610907554626,8358.742934703827,80000
36.177174,-0.26336145,-7.662873,0.07784114,1.0,0.9990673,0.19433594,0.00532374,-9.70937,-9.714573,-4.386299,55.564034,0.34964934,4.8681914e-06,0.46790302,-0.5932689,13.101988,0.9990635,0.17871094,0.0053145085,-9.666624,-9.671786,-4.3858604,39.404766,0.3124199,1.8312887e-05,30.72215,-0.33950835,-7.746434,0.09873149,1.0,0.99879265,0.09472656,0.0062319282,-9.337296,-9.341808,-4.720352,22.950953,0.25609756,1.2643069e-07,0.9988251,0.072265625,0.006242035,-9.316968,-9.321389,-4.793318,15.871573,0.21611816,2.3037896e-06,0.02549845747947693,8486.235225200653,85000
33.27619,-0.34183848,-7.7184877,0.091744885,1.0,0.9990673,0.203125,0.0051939776,-9.735414,-9.740766,-4.2606616,41.5441,0.37201467,2.34575e-05,1.4719089,-0.88012016,19.495735,0.99906063,0.17773438,0.005246006,-9.688135,-9.693397,-4.3066683,27.293036,0.35758477,1.8383578e-05,38.911972,-0.34460962,-7.7370915,0.09639585,1.0,0.9986706,0.09765625,0.0063400264,-9.42284,-9.427326,-4.833922,12.074487,0.20302391,4.705574e-08,0.9986496,0.08496094,0.00633292,-9.40243,-9.406839,-4.8925543,5.569757,0.15533116,5.670966e-07,0.014161812496185302,8557.044290542603,90000
29.73245,-0.29671073,-7.6919894,0.08512029,1.0,0.99905586,0.20117188,0.0052481885,-9.901892,-9.907355,-4.314067,44.169075,0.35327747,8.656435e-06,1.000757,-0.8996306,15.514248,0.9990473,0.19042969,0.0052849557,-9.885614,-9.8910055,-4.3694906,37.31215,0.3429302,7.2829253e-06,38.565727,-0.3786202,-7.734216,0.095677,1.0,0.99880505,0.09277344,0.006202404,-9.495664,-9.500263,-4.790834,11.139176,0.15881132,7.718266e-09,0.99877834,0.08886719,0.0062384726,-9.465286,-9.469836,-4.810556,19.22563,0.14830622,3.8814342e-08,0.009676967287063598,8605.429128408432,95000
31.58303,-0.2925148,-7.6773977,0.08147244,1.0,0.9990635,0.20019531,0.005209729,-9.849358,-9.854871,-4.2097225,112.415565,0.40537238,6.4566534e-06,0.5960311,-0.5041375,11.584296,0.9990587,0.17773438,0.005270166,-9.812082,-9.817473,-4.2964845,17.872028,0.33044428,1.192272e-05,33.88095,-0.3641041,-7.720808,0.09232492,1.0,0.9988661,0.08300781,0.0061672404,-9.448107,-9.452513,-4.9401283,20.951406,0.14251211,9.912162e-07,0.99884796,0.08203125,0.006204645,-9.386276,-9.390598,-4.9655333,12.678498,0.13430713,6.3750775e-07,0.009697091770172118,8653.914589166641,100000
28.325918,-0.33313102,-7.666646,0.078784525,1.0,0.9990654,0.22265625,0.005138373,-10.0156,-10.021296,-4.1891847,21.08634,0.31768474,1.9183717e-06,0.6815883,-0.5024453,11.14801,0.9990673,0.20996094,0.005158576,-9.975071,-9.980714,-4.202986,60.24943,0.34629408,2.313382e-08,46.689568,-0.35803705,-7.750229,0.09968014,1.0,0.99893856,0.0859375,0.006214684,-9.518026,-9.522485,-4.9566193,31.405853,0.12421974,1.5502655e-09,0.99894714,0.09375,0.0062350426,-9.459585,-9.463964,-4.979269,34.604275,0.14311498,1.9201752e-07,0.178579966878891,9546.814424991608,105000
35.649967,-0.33726317,-7.680812,0.08232582,1.0,0.9990568,0.18066406,0.0053433203,-9.793213,-9.798487,-4.3972483,39.880817,0.29881382,1.4652468e-06,0.80578154,-0.7758956,15.949414,0.9990597,0.17578125,0.0053798035,-9.744108,-9.749316,-4.4162474,12.709464,0.25728202,6.3220323e-06,29.645277,-0.37320787,-7.730749,0.09481014,1.0,0.99872017,0.0859375,0.0062075644,-9.380354,-9.38484,-4.790394,10.311284,0.14717743,6.963678e-08,0.9987173,0.06933594,0.00620102,-9.369115,-9.373575,-4.807225,17.016329,0.14982581,1.2014094e-06,0.03435222849845886,9718.575568914413,110000
34.19861,-0.31708294,-7.6537,0.07554784,1.0,0.99905014,0.20410156,0.0052731414,-9.867365,-9.872786,-4.3231125,26.675474,0.27240092,8.705973e-07,0.6920061,-0.6398429,13.555927,0.9990444,0.18945312,0.0053059827,-9.809755,-9.815091,-4.352761,11.542781,0.26232156,9.046833e-09,43.92816,-0.3602097,-7.722698,0.09279759,1.0,0.998703,0.10546875,0.0062174993,-9.655609,-9.660499,-4.654089,49.296795,0.2750823,2.3791013e-06,0.99873066,0.0859375,0.006228655,-9.581215,-9.586016,-4.6703978,179.6715,0.37808624,1.3000346e-06,0.03354552698135376,9886.303208589554,115000
33.115387,-0.30928612,-7.691798,0.08507252,1.0,0.9990759,0.20703125,0.005045408,-10.086731,-10.092611,-4.0715756,69.70495,0.42331553,2.1901326e-06,0.5137969,-0.4140414,10.618238,0.9990673,0.19921875,0.005075282,-10.0317135,-10.037526,-4.0851865,32.822025,0.41427815,9.135383e-06,32.376003,-0.44343528,-7.719178,0.09191756,1.0,0.9988384,0.091796875,0.00620853,-9.424398,-9.428948,-4.7700677,98.7175,0.25679263,3.3891297e-08,0.9987879,0.076171875,0.0062534288,-9.384671,-9.389151,-4.8017817,40.77802,0.25884062,2.6077274e-07,0.03377003326416016,10055.153376340866,120000
39.853943,-0.284616,-7.6746492,0.08078524,1.0,0.99905586,0.20117188,0.0052424893,-9.913309,-9.91887,-4.224103,38.687004,0.36242065,6.4130614e-07,0.90318954,-0.636412,14.447937,0.999053,0.19433594,0.005280302,-9.909845,-9.915349,-4.2788615,9.300935,0.3000931,1.806532e-05,35.64303,-0.4354271,-7.72208,0.09264297,1.0,0.99876976,0.09082031,0.006311205,-9.480831,-9.485263,-4.946933,6.764636,0.13665162,2.2394756e-08,0.998765,0.08496094,0.00635773,-9.444626,-9.449072,-4.8970294,25.34446,0.18267013,5.976117e-06,0.029035698223114012,10200.331870555878,125000
38.410595,-0.29244226,-7.6733785,0.08046751,1.0,0.9990854,0.22558594,0.005185824,-9.946668,-9.952259,-4.226596,36.020206,0.3851569,1.9382173e-06,0.8205067,-0.7708457,13.859234,0.9990759,0.2109375,0.0052034645,-9.90357,-9.909089,-4.257402,19.881704,0.34707502,5.3498193e-06,41.968376,-0.41350538,-7.7002954,0.08719686,1.0,0.9986105,0.09765625,0.0063308515,-9.699468,-9.704303,-4.7527065,11.266267,0.22726452,5.536614e-09,0.99865246,0.083984375,0.006462313,-9.665705,-9.670453,-4.8078165,62.8239,0.29103917,1.1910291e-08,0.02819715509414673,10341.317647695541,130000
30.944126,-0.33396786,-7.667709,0.07905022,1.0,0.9990511,0.20214844,0.0051949443,-9.969423,-9.975061,-4.2012825,36.133472,0.38228288,1.062133e-05,1.8009897,-1.6393021,15.46792,0.999053,0.1953125,0.005197253,-9.92392,-9.929517,-4.1983395,19.075872,0.34563515,1.0133379e-05,43.044334,-0.45178983,-7.734181,0.09566814,1.0,0.99868584,0.091796875,0.0062806588,-9.534931,-9.539563,-4.7970896,18.884682,0.1951628,2.6378563e-08,0.99863434,0.08105469,0.0063057207,-9.4904785,-9.495104,-4.758634,16.168137,0.22788112,2.2134556e-09,0.028238304281234743,10482.509172201157,135000
32.487617,-0.34189737,-7.6738033,0.08057387,1.0,0.999073,0.20117188,0.0051893694,-10.074932,-10.080662,-4.213712,24.506872,0.38678494,1.352452e-05,0.627833,-0.74552983,13.446081,0.9990721,0.18847656,0.0052298196,-10.065711,-10.071416,-4.2294335,60.69311,0.44929728,1.1645786e-05,41.966347,-0.42729378,-7.7304587,0.09473768,1.0,0.99884415,0.10449219,0.0061927824,-9.54966,-9.554342,-4.761142,49.336376,0.22721995,1.5923693e-08,0.9987116,0.08691406,0.006287746,-9.475117,-9.479722,-4.762977,15.964,0.18054804,3.1781745e-08,0.02532285089492798,10609.123428583145,140000
37.672703,-0.3299277,-7.66214,0.07765804,1.0,0.9990759,0.21582031,0.0051616803,-10.020966,-10.026668,-4.185993,42.621937,0.37563345,4.712654e-07,0.8057533,-0.76297176,17.211483,0.999073,0.1953125,0.00519792,-9.960258,-9.965863,-4.224905,15.11403,0.33373392,8.167893e-06,48.599937,-0.34832114,-7.7305007,0.09474814,1.0,0.99888134,0.08984375,0.00623105,-9.490224,-9.494761,-4.8486824,56.99258,0.19258466,4.6480565e-08,0.99879456,0.08105469,0.0063658813,-9.496695,-9.501182,-4.907407,19.683836,0.19803667,2.6943673e-07,0.01980979995727539,10708.17243218422,145000
31.3037,-0.36736488,-7.6611605,0.07741304,1.0,0.9990711,0.21191406,0.00508303,-10.316883,-10.322968,-4.093851,99.56864,0.5447257,3.5384805e-06,0.778044,-0.542668,11.832062,0.999073,0.20117188,0.005091767,-10.272995,-10.279034,-4.0955353,94.393166,0.5601258,5.385103e-06,50.028404,-0.3643675,-7.689812,0.08457604,1.0,0.99887085,0.09375,0.0063086054,-9.50476,-9.509213,-4.947136,20.681461,0.18017188,4.9964024e-09,0.99878407,0.078125,0.006353833,-9.498055,-9.50253,-4.9214706,16.707685,0.2192401,1.0493113e-07,0.01122651834487915,10764.305025815964,150000
36.176468,-0.33398777,-7.6611905,0.07742061,1.0,0.9990721,0.22558594,0.005072315,-10.307367,-10.313427,-4.1076565,35.99827,0.4533697,1.0055805e-05,0.64306974,-0.7809523,14.333115,0.99906635,0.22363281,0.0050799497,-10.206267,-10.212246,-4.0895596,62.4192,0.53289473,1.5570637e-05,44.683483,-0.41940352,-7.7476416,0.09903333,1.0,0.9988842,0.103515625,0.0061689653,-9.518295,-9.522824,-4.884423,38.59969,0.17089158,1.0304033e-09,0.9987345,0.09082031,0.0064606667,-9.469586,-9.474092,-4.8599854,32.779232,0.32559216,9.882423e-12,0.1865035581588745,11696.82281923294,155000
37.8647,-0.32855463,-7.656456,0.07623703,1.0,0.9990721,0.19921875,0.005203098,-10.130311,-10.136062,-4.248766,26.090878,0.35748747,4.0192447e-08,0.5610473,-0.90069926,13.497823,0.9990616,0.1875,0.005268531,-10.069017,-10.074647,-4.3104033,21.072556,0.35445425,5.1635098e-08,48.524014,-0.3638266,-7.6972523,0.08643606,1.0,0.9987335,0.0859375,0.0063334806,-9.5512495,-9.555743,-4.95464,16.25274,0.17766413,1.0979896e-08,0.99879074,0.08300781,0.00635841,-9.512332,-9.516733,-5.009633,9.416252,0.17047894,2.7354539e-09,0.035319220304489134,11873.41892504692,160000
35.297497,-0.38358557,-7.65681,0.07632544,1.0,0.9990759,0.21484375,0.0051146992,-10.24057,-10.246528,-4.145751,15.228263,0.36911297,2.4488797e-06,0.8601226,-0.7174765,14.324575,0.9990635,0.21191406,0.005139227,-10.17194,-10.177805,-4.1722565,11.862976,0.31671283,9.6348285e-06,43.23918,-0.43980008,-7.708732,0.08930601,1.0,0.9988489,0.08496094,0.0061840382,-9.644192,-9.648854,-4.8739047,12.349109,0.15607712,1.0862282e-09,0.9988451,0.09082031,0.0062373616,-9.574718,-9.579295,-4.89262,6.8920927,0.16339813,4.778343e-07,0.03485187921524048,12047.678323030472,165000
41.00961,-0.3300996,-7.664095,0.078146614,1.0,0.9990721,0.22949219,0.005053051,-10.338659,-10.344815,-4.04171,27.877697,0.41782135,2.2643055e-08,0.99118185,-1.1100442,18.034348,0.99906635,0.22167969,0.005090165,-10.296141,-10.302224,-4.073226,23.336773,0.44587576,1.8722436e-05,50.102013,-0.4615265,-7.7177153,0.09155168,1.0,0.99889565,0.09082031,0.0061666095,-9.582263,-9.586846,-4.894379,11.53546,0.15893003,2.4343487e-07,0.9987421,0.087890625,0.006386221,-9.579739,-9.584339,-4.871972,34.091164,0.24624893,2.7365576e-07,0.035698502922058103,12226.170839548111,170000
35.120407,-0.3721869,-7.650955,0.074861676,1.0,0.9990854,0.22363281,0.0050443485,-10.247171,-10.25317,-4.110595,84.38559,0.46000198,1.5903919e-06,0.71735257,-0.97064734,15.620574,0.99907875,0.21386719,0.0050660362,-10.208928,-10.214884,-4.116248,67.78468,0.53471524,2.0036068e-06,40.70096,-0.5403143,-7.710923,0.089853674,1.0,0.99897194,0.09667969,0.0061858525,-9.680433,-9.685056,-4.9512863,16.92018,0.1651021,4.0940145e-09,0.9988127,0.08300781,0.0063089,-9.641935,-9.64656,-4.911145,14.11471,0.20847617,3.5616972e-07,0.034946288537979125,12400.902284145355,175000
31.934063,-0.39125884,-7.6616516,0.0775359,1.0,0.9990711,0.2421875,0.0049552703,-10.384472,-10.39073,-3.9819925,68.48685,0.45864248,5.168084e-07,0.7480639,-0.74510044,10.828993,0.9990673,0.22167969,0.0049592294,-10.320692,-10.326888,-3.9828014,23.027931,0.3844116,2.8670057e-08,45.657784,-0.40011942,-7.7064295,0.088730305,1.0,0.9989176,0.08886719,0.006188482,-9.661097,-9.665836,-4.8122177,25.495817,0.23936906,3.4011354e-08,0.9987993,0.08203125,0.006306326,-9.618382,-9.623053,-4.8413496,25.176952,0.2517661,1.7906938e-08,0.030923350620269775,12555.519040107727,180000
31.934795,-0.3929016,-7.6469173,0.07385231,1.0,0.9990721,0.24316406,0.005037723,-10.323103,-10.329233,-4.05198,65.16968,0.39266998,7.60044e-07,1.2864772,-0.922063,16.2585,0.9990568,0.2265625,0.0050664274,-10.241308,-10.247344,-4.066547,14.672967,0.34124112,3.9715837e-07,45.148952,-0.5145286,-7.7300577,0.094637446,1.0,0.9989395,0.09472656,0.006215312,-9.579997,-9.584502,-4.9712753,191.77995,0.31598905,1.1057256e-08,0.998785,0.08496094,0.0063137384,-9.522985,-9.527517,-4.886876,18.507874,0.208525,5.969133e-08,0.016483411693572998,12637.936101675034,185000
39.24467,-0.32373887,-7.6438017,0.07307337,1.0,0.9990759,0.23535156,0.005067638,-10.220427,-10.226469,-4.038308,75.07239,0.49227616,5.025748e-06,1.0209671,-1.0509844,17.263432,0.99907017,0.22460938,0.00511223,-10.117664,-10.123516,-4.1294785,13.444276,0.3737414,2.2427621e-05,47.898483,-0.501081,-7.720932,0.092356056,1.0,0.9988861,0.091796875,0.0061825756,-9.736467,-9.74122,-4.8742247,16.675035,0.19883412,4.4141687e-11,0.99871063,0.076171875,0.006401264,-9.665899,-9.670583,-4.874356,24.296503,0.2579309,2.5804086e-09,0.01563835163116455,12716.127861738205,190000
41.44485,-0.2937703,-7.6578736,0.07659137,1.0,0.99907494,0.25390625,0.0049380325,-10.47434,-10.480749,-3.9169447,36.64115,0.55049086,9.377086e-09,1.7616045,-0.7646662,17.053848,0.99907684,0.22753906,0.0049664043,-10.430493,-10.436825,-3.9538174,38.547646,0.52595705,3.5952817e-07,48.19152,-0.41464075,-7.715155,0.09091176,1.0,0.99892807,0.09765625,0.0062319958,-9.373842,-9.378085,-5.032361,7.865838,0.1196061,3.313141e-08,0.99884033,0.06738281,0.006352846,-9.336503,-9.340734,-5.0086846,17.066475,0.19823077,7.71234e-06,0.015887458562850953,12795.56515789032,195000
40.989906,-0.3555905,-7.6495423,0.07450858,1.0,0.9990883,0.21875,0.0051027294,-10.29003,-10.29605,-4.1309376,67.94516,0.4213769,9.795173e-06,1.8193794,-4.5764494,20.755947,0.99907684,0.20507812,0.005118224,-10.179439,-10.185349,-4.1327577,31.45108,0.40308243,2.3166487e-05,45.584557,-0.5585369,-7.6873364,0.083957,1.0,0.9988527,0.09277344,0.006310742,-9.86843,-9.873381,-4.8040023,57.04625,0.2281572,2.8004512e-09,0.9984894,0.09765625,0.006548197,-9.818504,-9.823527,-4.6791835,92.84894,0.4968201,4.8163344e-09,0.015741180038452148,12874.27106165886,200000
35.959396,-0.32998633,-7.659279,0.07694268,1.0,0.99908733,0.24121094,0.0049818982,-10.3537655,-10.359986,-3.9892797,35.371883,0.5157118,7.540074e-06,0.85029256,-0.7449272,14.962121,0.9990816,0.22460938,0.0050497977,-10.30194,-10.308042,-4.0599184,165.67252,0.68456745,5.575131e-06,48.143776,-0.5225086,-7.7373447,0.09645922,1.0,0.99888897,0.099609375,0.0061919624,-9.723587,-9.728341,-4.860832,19.321066,0.1674585,7.2402656e-08,0.9987316,0.07910156,0.0064573735,-9.676132,-9.680823,-4.875352,293.09763,0.51757956,1.2482694e-07,0.16909592428207398,13719.75068473816,205000
32.409157,-0.39559713,-7.645969,0.07361522,1.0,0.9990759,0.24316406,0.0050295647,-10.321004,-10.327136,-4.048731,35.80367,0.3646786,1.8908682e-06,0.8934771,-0.8557875,14.058369,0.99906445,0.22265625,0.0050532017,-10.237369,-10.243413,-4.053894,16.751972,0.3358644,7.443432e-07,57.0474,-0.49466738,-7.7312512,0.09493577,1.0,0.9989443,0.08886719,0.006291765,-9.57358,-9.577946,-5.1086245,11.007701,0.12554598,1.0064948e-07,0.9987755,0.08203125,0.0064642997,-9.532015,-9.536362,-5.084943,36.896893,0.24288246,8.758989e-07,0.03448609232902527,13892.181148290634,210000
38.364803,-0.38072303,-7.6558204,0.076078,1.0,0.99908066,0.23339844,0.0050825393,-10.332951,-10.339018,-4.1267176,33.017696,0.37506852,8.290302e-06,0.9263794,-0.7063422,14.527857,0.9990778,0.20800781,0.0051219445,-10.258122,-10.264072,-4.1703825,16.905714,0.34464312,1.2425672e-05,57.393364,-0.40778852,-7.7207565,0.09231208,1.0,0.998929,0.09082031,0.0062172664,-9.582393,-9.586995,-4.873664,31.626661,0.20670012,2.834557e-07,0.9987421,0.076171875,0.0064277304,-9.539782,-9.5443125,-4.9029703,82.18585,0.37789387,1.8053935e-07,0.03515542402267456,14067.958271741867,215000
43.09173,-0.32580048,-7.6480255,0.07412939,1.0,0.99907494,0.23828125,0.005033569,-10.205286,-10.2113,-4.054145,44.13142,0.3813616,8.1133e-06,0.74094135,-1.0707968,17.679617,0.99906635,0.21191406,0.0050520096,-10.152746,-10.158684,-4.079195,15.81068,0.3507064,8.134327e-06,50.05967,-0.44796216,-7.73713,0.09640551,1.0,0.998971,0.099609375,0.006193814,-9.644852,-9.649518,-4.870675,26.728914,0.20990455,1.3081876e-07,0.99882317,0.080078125,0.006230714,-9.620766,-9.625362,-4.916754,10.117631,0.13796149,1.0997617e-06,0.03361146564483643,14236.01560473442,220000
38.15219,-0.35106933,-7.6446466,0.07328452,1.0,0.99908257,0.23730469,0.0049761105,-10.455864,-10.462193,-3.981002,102.79985,0.5815064,1.7416688e-06,1.7672735,-1.6356053,19.413595,0.999074,0.22851562,0.004965669,-10.422067,-10.4283695,-3.9737117,38.80089,0.46706676,8.721833e-06,49.81845,-0.47582445,-7.7226014,0.09277337,1.0,0.9988413,0.091796875,0.0063744867,-9.757533,-9.762221,-4.9618835,23.174116,0.22204867,3.283772e-09,0.9986763,0.09082031,0.006534734,-9.7238245,-9.728504,-4.936966,21.578997,0.2599864,3.6565203e-07,0.03528042001724243,14412.417707204819,225000
41.97797,-0.34711868,-7.6518307,0.075080626,1.0,0.9990835,0.21679688,0.0050716447,-10.349627,-10.35575,-4.0845623,176.73328,0.50172114,8.5673755e-06,0.78586644,-0.67580223,16.35308,0.9990864,0.20507812,0.0051105125,-10.264902,-10.2709,-4.1288185,44.224712,0.38594016,1.4608649e-05,50.049168,-0.47792363,-7.707594,0.0890214,1.0,0.9988184,0.08300781,0.0063158814,-9.751532,-9.75628,-4.8943295,35.316284,0.24437466,7.642104e-10,0.9987259,0.07324219,0.006353602,-9.660634,-9.665278,-4.9086504,13.023331,0.18993682,7.1555754e-11,0.03518240699768067,14588.329746484756,230000
29.49707,-0.4160815,-7.659404,0.07697396,1.0,0.99906826,0.21875,0.00508184,-10.355746,-10.361861,-4.101033,76.17385,0.4342211,7.8581625e-06,0.7756866,-0.7708471,12.885367,0.99906826,0.20214844,0.0051346463,-10.276706,-10.282712,-4.1327085,43.448494,0.4473694,8.852274e-06,48.502163,-0.5040678,-7.7096634,0.08953869,1.0,0.9988985,0.10449219,0.0061835456,-9.746864,-9.7516,-4.903002,125.156876,0.2412699,6.9698444e-08,0.99882126,0.08691406,0.0063102026,-9.6902485,-9.694925,-4.9060426,18.37872,0.21346435,6.5827244e-08,0.0351926438331604,14764.292967796326,235000
40.789356,-0.34014916,-7.6459827,0.073618755,1.0,0.9990721,0.21679688,0.004996925,-10.527178,-10.533527,-4.0315657,42.93049,0.40262675,8.039904e-06,0.8872326,-0.8238562,15.568382,0.99906826,0.21484375,0.0050048446,-10.442149,-10.448428,-4.0189505,22.350712,0.42762262,2.6973166e-07,53.668365,-0.5473139,-7.716188,0.09116989,1.0,0.9988928,0.08300781,0.0064293407,-9.735979,-9.740534,-5.076098,15.96969,0.20966654,1.8273064e-10,0.9986868,0.07421875,0.006628313,-9.676995,-9.681523,-5.0448422,26.304554,0.30979994,1.5609894e-08,0.03538687877655029,14941.227366924286,240000
36.25506,-0.36991978,-7.6420965,0.07264716,1.0,0.9990883,0.21582031,0.0050876793,-10.291818,-10.297887,-4.0838757,103.95178,0.48124903,2.8067548e-06,0.6976868,-0.6895274,13.463764,0.9990759,0.19824219,0.0051138513,-10.218152,-10.2241,-4.133523,45.7937,0.52949274,4.252535e-06,49.797535,-0.46171492,-7.707878,0.08909257,1.0,0.9989214,0.099609375,0.0061807255,-9.507961,-9.512427,-4.9396534,20.574787,0.16219932,1.0971459e-08,0.998786,0.08105469,0.0063594533,-9.488075,-9.492527,-4.9341826,47.04384,0.3686493,6.9863852e-09,0.03540527892112732,15118.25376868248,245000
42.046783,-0.32990322,-7.6263723,0.06871596,1.0,0.9990902,0.25,0.0049935305,-10.366065,-10.37234,-3.946612,33.883404,0.46444666,4.065238e-06,1.0374804,-1.4355801,18.332561,0.99909115,0.23535156,0.0050181714,-10.312302,-10.318474,-3.998622,40.257057,0.5126041,6.8834097e-06,44.226677,-0.51362807,-7.722865,0.092839286,1.0,0.99884033,0.09472656,0.0064580995,-9.640457,-9.6451025,-4.8873167,68.91231,0.37963495,7.649706e-09,0.9985781,0.08496094,0.006672375,-9.62113,-9.625781,-4.863577,51.063717,0.42467993,1.8646356e-08,0.035204753160476686,15294.27753663063,250000
38.495075,-0.36750796,-7.6502,0.07467295,1.0,0.9990864,0.21972656,0.0050281985,-10.547183,-10.553549,-4.0353928,102.30941,0.5314368,1.182962e-05,0.6615586,-0.6210264,13.543768,0.99907494,0.21484375,0.0050213365,-10.451319,-10.457613,-4.0132227,19.22904,0.4222566,1.1106781e-06,48.373974,-0.5040543,-7.7285924,0.09427109,1.0,0.998868,0.0859375,0.0063720364,-9.5029335,-9.507218,-5.117978,24.376684,0.18782228,4.444189e-09,0.99880123,0.08203125,0.006453505,-9.472963,-9.477294,-5.0430593,13.976126,0.20639363,1.170473e-07,0.035549407052993774,15472.024575948715,255000
36.963955,-0.3843795,-7.6308346,0.06983152,1.0,0.9990864,0.24316406,0.0049533006,-10.500186,-10.506595,-3.9443274,28.390324,0.44774473,4.921167e-06,1.0827045,-1.6509807,20.306498,0.99908257,0.21972656,0.004962322,-10.466996,-10.4733515,-3.966421,26.83089,0.46178365,8.192173e-09,49.074104,-0.48222667,-7.724058,0.09313752,1.0,0.9989157,0.08886719,0.0062515773,-9.634399,-9.638951,-4.977636,16.012058,0.17129722,6.254641e-09,0.9988022,0.08496094,0.006331816,-9.647701,-9.652281,-4.962706,33.522617,0.18350855,2.0293234e-08,0.0354024585723877,15649.036870718002,260000
41.533886,-0.36184552,-7.6543975,0.075722404,1.0,0.9990597,0.24121094,0.005016553,-10.494192,-10.500508,-4.032649,14.087529,0.380099,5.8112905e-06,0.8096304,-0.9402026,15.921204,0.9990597,0.22070312,0.0050618867,-10.407489,-10.413681,-4.074152,17.774506,0.38109297,4.8780807e-06,56.182304,-0.51864696,-7.7391624,0.096913606,1.0,0.9988766,0.09765625,0.0062606484,-9.872949,-9.877795,-4.9157157,72.71829,0.25806606,9.616519e-09,0.9986687,0.08105469,0.00649071,-9.8081665,-9.813027,-4.8358326,1014.8797,1.2315859,7.07928e-08,0.029633075141906738,15797.202249288559,265000
37.01174,-0.39778155,-7.6344147,0.0707266,1.0,0.99908257,0.2685547,0.004880269,-10.5345545,-10.541058,-3.8817554,55.246056,0.54340535,6.4469136e-06,0.6810626,-0.5077623,13.06669,0.99907875,0.23730469,0.0049413852,-10.4464655,-10.452829,-3.9368582,41.940353,0.53559285,4.696482e-08,46.68669,-0.5084555,-7.714454,0.09073657,1.0,0.99884224,0.09375,0.00638929,-9.8567915,-9.861603,-4.935725,53.600433,0.291574,5.539973e-09,0.9986601,0.08496094,0.006520942,-9.786436,-9.791197,-4.915703,22.229301,0.25119275,1.2678173e-08,0.027919128131866457,15936.797897815704,270000
43.09285,-0.3676575,-7.6335764,0.07051712,1.0,0.99907017,0.23730469,0.0050736293,-10.320013,-10.326096,-4.0982456,111.301384,0.44652063,1.18186035e-05,1.4293692,-0.7760635,18.36778,0.9990635,0.20996094,0.005138054,-10.24423,-10.25018,-4.156431,24.232254,0.3462256,4.9930422e-06,51.904568,-0.48341092,-7.70009,0.08714554,1.0,0.99881077,0.09765625,0.006405048,-9.919941,-9.924854,-4.8934317,85.66058,0.29005224,1.244553e-08,0.99853134,0.09082031,0.006625684,-9.885509,-9.890423,-4.857912,21.873219,0.29174215,1.2105907e-08,0.027900275373458863,16076.29927611351,275000
43.771355,-0.3518536,-7.6373215,0.07145326,1.0,0.9990864,0.24316406,0.004915242,-10.710488,-10.717136,-3.908704,45.33691,0.4932286,2.9733096e-08,1.120854,-0.9003398,18.666618,0.9990835,0.23535156,0.004912713,-10.600028,-10.606569,-3.9075186,105.267395,0.581839,2.5019602e-07,47.859966,-0.50380766,-7.7283096,0.09420041,1.0,0.99885464,0.09082031,0.006363595,-9.824049,-9.828859,-4.90326,23.858028,0.21623093,4.407779e-09,0.99875736,0.06640625,0.0064363745,-9.758831,-9.763544,-4.9376464,31.71369,0.23200706,5.8574773e-08,0.028022689962387087,16216.412729978561,280000
51.064655,-0.3675325,-7.623361,0.0679632,1.0,0.9990816,0.20996094,0.0052136984,-10.300974,-10.306898,-4.239953,189.502,0.52798474,2.8188904e-06,0.9078354,-0.6834418,16.824951,0.99907017,0.203125,0.0052439026,-10.256975,-10.262811,-4.2867155,25.300762,0.3460824,1.2150503e-05,50.592697,-0.47283536,-7.6869736,0.08386633,1.0,0.9989834,0.08984375,0.0062029706,-9.751278,-9.755902,-5.0201697,67.832535,0.16669522,8.091003e-09,0.9988785,0.083984375,0.006244675,-9.741041,-9.745619,-5.057682,27.735386,0.15838939,1.2504451e-07,0.027978769445419313,16356.30657863617,285000
45.79583,-0.3832372,-7.6346827,0.070793614,1.0,0.99908066,0.23339844,0.005047856,-10.521116,-10.527462,-4.0294895,77.528496,0.43108106,1.5595239e-06,1.2461567,-0.77273816,17.00011,0.99907684,0.21386719,0.005077701,-10.401413,-10.407609,-4.0623703,33.74895,0.42833188,1.095174e-05,56.95578,-0.60091686,-7.727563,0.09401375,1.0,0.9989462,0.07910156,0.0061893254,-9.984949,-9.989893,-4.9275475,66.911,0.26593143,3.800209e-08,0.9988451,0.07519531,0.006292792,-9.912464,-9.917357,-4.9066133,30.31637,0.2397665,4.048711e-09,0.024490009307861327,16478.756627559662,290000
40.61872,-0.36855388,-7.6381283,0.07165496,1.0,0.9990816,0.23730469,0.004969733,-10.525156,-10.531612,-3.9197817,166.93893,0.6826561,9.904838e-07,0.9110595,-0.9067224,15.816737,0.999074,0.21679688,0.0049520363,-10.49348,-10.499916,-3.9097466,41.11929,0.5185925,1.1628241e-05,58.61558,-0.5000798,-7.744132,0.09815599,1.0,0.9989166,0.115234375,0.006179215,-9.631756,-9.636383,-4.8990817,40.501083,0.20540294,3.3499439e-09,0.99883556,0.09472656,0.0062442776,-9.592683,-9.597264,-4.906992,87.53734,0.27535778,1.3472358e-07,0.021956549024581908,16588.5393743515,295000
39.18251,-0.397857,-7.6263747,0.0687167,1.0,0.99907017,0.23632812,0.0049724765,-10.668873,-10.675417,-3.9754457,192.27652,0.63661563,9.901264e-06,1.1057663,-1.214654,15.859095,0.9990568,0.22167969,0.0050110803,-10.642849,-10.649331,-4.0101533,116.686066,0.56453586,6.4403444e-06,58.245365,-0.54266334,-7.7198267,0.092079625,1.0,0.99884987,0.08496094,0.0063435016,-9.954845,-9.959759,-4.929208,52.390606,0.29274905,1.482505e-09,0.9986887,0.06347656,0.0064293756,-9.90078,-9.905695,-4.871456,44.754948,0.32576007,3.671237e-09,0.019633262062072755,16686.705689668655,300000
39.954887,-0.40410084,-7.6555347,0.076006666,1.0,0.9990864,0.23632812,0.0050831996,-10.525532,-10.531846,-4.0644383,179.92125,0.6915374,3.2522848e-07,0.7964949,-0.687674,14.160226,0.9990816,0.21972656,0.005116579,-10.423197,-10.429381,-4.0970283,23.572466,0.5031662,1.0836019e-06,53.846703,-0.5217581,-7.7158933,0.09109628,1.0,0.9989357,0.095703125,0.0063200705,-9.675328,-9.679798,-5.102413,16.04043,0.16910282,2.0734718e-09,0.9988594,0.08886719,0.006453553,-9.634196,-9.638601,-5.127122,31.415056,0.20859417,9.533799e-10,0.21679410872459412,17770.676235437393,305000
43.60863,-0.36998433,-7.6483984,0.07422257,1.0,0.9990854,0.22949219,0.0049471846,-10.482639,-10.4890375,-3.9386215,41.76843,0.53155863,2.4742408e-07,0.9061092,-0.92545176,17.585043,0.9990816,0.22851562,0.0049861073,-10.451634,-10.457925,-4.015456,35.434437,0.5239602,1.2215358e-05,49.062508,-0.5440686,-7.709433,0.089481235,1.0,0.9989605,0.099609375,0.0061922213,-9.706823,-9.711418,-5.0072994,59.928375,0.20242256,3.5002472e-09,0.99878883,0.087890625,0.0064036115,-9.657061,-9.66165,-4.962937,14.124105,0.22013246,5.355858e-10,0.03085372085571289,17924.944843053818,310000
44.540733,-0.3943963,-7.6494718,0.074490875,1.0,0.99906826,0.21191406,0.0050384644,-10.525688,-10.53202,-4.0491095,16.189304,0.35671243,1.4223053e-05,3.6624734,-1.7312678,29.8801,0.9990616,0.20117188,0.005119969,-10.448124,-10.45432,-4.1104145,110.76685,0.49785504,7.739362e-09,54.182873,-0.5006132,-7.684642,0.08328329,1.0,0.99895,0.10546875,0.0062705865,-9.6851425,-9.689667,-5.0577683,84.28506,0.2172491,1.8887063e-09,0.99892235,0.0859375,0.006274867,-9.602957,-9.607416,-5.039264,7.9034953,0.12816131,5.2200106e-09,0.03527528772354126,18101.321283578873,315000
46.543674,-0.36604327,-7.6261916,0.06867082,1.0,0.99907684,0.23535156,0.0050043217,-10.50919,-10.515572,-3.981574,33.53285,0.44159964,2.8978258e-08,1.5239518,-0.6875744,17.575594,0.9990673,0.21875,0.005009859,-10.463891,-10.470198,-4.0113335,51.64776,0.4404621,8.009877e-07,43.33382,-0.55003166,-7.7148933,0.090846345,1.0,0.99879456,0.095703125,0.006448032,-9.859972,-9.864805,-4.916422,69.25041,0.27772945,7.020625e-12,0.9986563,0.08886719,0.006682557,-9.820961,-9.825772,-4.900284,18.18396,0.28739482,3.086326e-12,0.035510387802124024,18278.873224258423,320000
38.57692,-0.3832354,-7.6459813,0.07361826,1.0,0.9990778,0.23144531,0.0049795685,-10.695665,-10.702252,-3.9575646,127.27823,0.55363846,8.8001326e-07,1.0524988,-0.9087305,17.279442,0.99907017,0.22070312,0.005004558,-10.621702,-10.628192,-3.981717,32.12769,0.50318974,4.062719e-06,52.180878,-0.5089537,-7.7229576,0.09286238,1.0,0.99889183,0.0859375,0.0062133125,-9.982954,-9.987879,-4.94514,18.671906,0.17552467,8.512767e-08,0.99885845,0.0625,0.0062700845,-9.923922,-9.928755,-4.980024,13.10854,0.17531765,3.1002665e-09,0.0348067636013031,18452.90704393387,325000
45.654465,-0.33788812,-7.62933,0.0694555,1.0,0.99908733,0.23828125,0.0049905432,-10.625271,-10.631753,-3.9939609,19.049217,0.41364563,3.2858538e-06,1.2254591,-1.5447326,19.96299,0.9990778,0.22753906,0.0050276592,-10.586767,-10.59317,-4.0354977,206.24817,0.65537596,2.0734898e-05,49.9093,-0.54351115,-7.7035065,0.087999545,1.0,0.99896145,0.103515625,0.006204038,-9.697108,-9.701715,-4.9845195,32.038284,0.16252473,5.436922e-10,0.99887466,0.09472656,0.006205744,-9.69541,-9.700026,-4.9741144,11.6624155,0.13333663,2.2362647e-09,0.03567197742462158,18631.266934156418,330000
47.01581,-0.32333505,-7.652555,0.07526173,1.0,0.9990959,0.23828125,0.0049662623,-10.552068,-10.558531,-3.9407163,573.69476,0.827374,9.834172e-07,1.0469933,-1.1240572,17.344961,0.99908257,0.22949219,0.0050082123,-10.463213,-10.469517,-4.014433,162.5129,0.6740438,2.6128146e-06,46.657536,-0.70060444,-7.7118044,0.09007399,1.0,0.9989233,0.09277344,0.00624731,-9.898369,-9.903193,-4.9622602,47.00933,0.2154642,1.22752235e-08,0.9987812,0.0859375,0.006409771,-9.832396,-9.837235,-4.8809457,66.11101,0.4556768,3.0591718e-09,0.035642653226852415,18809.48020219803,335000
41.85837,-0.4294849,-7.6602,0.07717308,1.0,0.99906635,0.21289062,0.0050488515,-10.550716,-10.557066,-4.055535,58.21773,0.4042506,6.7386495e-08,1.1567726,-1.0050571,19.912003,0.99906254,0.20703125,0.005064355,-10.490622,-10.496886,-4.081806,66.92951,0.46461517,2.0379168e-06,55.03742,-0.44221136,-7.7151003,0.090898,1.0,0.9989176,0.09375,0.006265193,-9.878474,-9.883305,-4.936781,12.522288,0.16302145,2.0456187e-11,0.99874973,0.08105469,0.00639182,-9.847544,-9.852313,-4.9677606,9.488441,0.16715467,6.283544e-12,0.03535988202095032,18986.279614448547,340000
39.029945,-0.4348755,-7.629964,0.06961394,1.0,0.9990673,0.2421875,0.0050625294,-10.474434,-10.480743,-4.020227,52.39993,0.49374068,1.5764766e-06,0.9133683,-1.8088268,16.96096,0.9990711,0.21191406,0.0051001,-10.368248,-10.374439,-4.0337906,41.893803,0.5158317,4.9740033e-06,52.622982,-0.4914429,-7.7240925,0.093146116,1.0,0.9989567,0.09472656,0.0062098457,-9.674804,-9.679347,-5.026937,64.36186,0.24205574,4.3778034e-08,0.9988718,0.078125,0.0063188635,-9.63467,-9.639173,-5.0291476,14.460631,0.20768696,5.292653e-06,0.028632030630111695,19129.4397687912,345000
43.151398,-0.3941882,-7.6219163,0.06760209,1.0,0.9990864,0.26171875,0.0048703374,-10.748863,-10.755601,-3.856336,108.59278,0.5610899,1.095527e-05,0.82681906,-1.0028431,17.497036,0.9990797,0.23535156,0.0048918505,-10.642271,-10.648875,-3.8860004,45.201447,0.5128851,1.00711995e-05,48.545383,-0.5933231,-7.70751,0.08900043,1.0,0.99890995,0.099609375,0.0063135643,-9.755546,-9.760183,-5.0117807,19.117552,0.16456506,2.0856179e-08,0.9987478,0.09082031,0.006505553,-9.700446,-9.705044,-4.997247,28.236082,0.2535944,4.104296e-09,0.028150639963150023,19270.19296979904,350000
47.504246,-0.3277846,-7.6305676,0.06976473,1.0,0.9990816,0.27246094,0.0047916314,-10.859858,-10.866827,-3.7303073,939.0563,0.9904286,1.09952325e-05,0.9769053,-1.0175183,18.130745,0.99906254,0.23242188,0.0048460355,-10.788719,-10.795582,-3.768651,134.84413,0.847018,9.603706e-07,58.939907,-0.56804985,-7.7213483,0.09246001,1.0,0.99894524,0.0859375,0.0062756483,-9.859653,-9.86428,-5.125921,14.980819,0.13511258,6.006181e-12,0.9987631,0.072265625,0.0065946737,-9.79405,-9.798653,-5.0868845,58.642757,0.3823442,6.0390114e-08,0.027847183322906494,19409.42889213562,355000
51.670364,-0.3394919,-7.6316566,0.0700372,1.0,0.99909306,0.24121094,0.0049423287,-10.505962,-10.512356,-3.9659402,33.0039,0.43567672,1.9820363e-06,1.1449655,-1.0418011,20.961466,0.9990959,0.234375,0.0049402127,-10.498856,-10.505235,-3.9727263,20.889229,0.41498286,1.3509387e-05,60.178093,-0.47802097,-7.719762,0.09206341,1.0,0.99889755,0.091796875,0.0062277596,-9.845697,-9.850543,-4.8888144,51.407722,0.23587272,5.91437e-09,0.9988251,0.08496094,0.0063305944,-9.822903,-9.827743,-4.8731313,19.619255,0.26430738,4.5360022e-09,0.028027761697769164,19549.56770181656,360000
38.61619,-0.4276914,-7.6523113,0.07520085,1.0,0.9990854,0.26367188,0.004903445,-10.632963,-10.639596,-3.8476818,74.24601,0.57535315,9.553607e-06,0.68319964,-1.3430169,17.633696,0.9990816,0.24707031,0.004897587,-10.542404,-10.548977,-3.8198433,32.0102,0.58313674,1.4034872e-05,52.555,-0.53568065,-7.709902,0.08959847,1.0,0.99894714,0.09472656,0.0061817365,-9.790813,-9.795503,-4.99396,46.648438,0.18510193,1.5425444e-08,0.9988613,0.08496094,0.0063404283,-9.731083,-9.735755,-4.951579,35.96957,0.2834772,2.1112803e-09,0.027762186574935913,19688.37863945961,365000
42.25565,-0.3303961,-7.6299157,0.069601856,1.0,0.999094,0.2421875,0.0050045857,-10.55962,-10.566015,-4.0174284,51.481174,0.51434433,5.1092215e-06,0.67026275,-0.82264966,16.04459,0.9990959,0.22558594,0.005076704,-10.49247,-10.49872,-4.0987544,90.9084,0.5636569,1.675715e-06,51.264977,-0.5971303,-7.737323,0.0964536,1.0,0.99890614,0.10253906,0.0061333715,-10.003861,-10.008855,-4.8965845,16.254564,0.16574526,1.7399477e-13,0.9986677,0.080078125,0.0064882655,-9.9370575,-9.942027,-4.852359,16.070013,0.33477068,4.4802158e-09,0.027051613283157347,19823.63670730591,370000
45.7429,-0.40883732,-7.6327677,0.07031498,1.0,0.9990959,0.2529297,0.004957063,-10.78495,-10.791642,-3.9405372,41.617744,0.5854819,8.0405823e-07,1.1329427,-1.4079436,18.352245,0.9990883,0.21777344,0.004993789,-10.666962,-10.673539,-3.9393802,49.417553,0.6506556,1.720228e-09,59.284424,-0.55341274,-7.729754,0.09456149,1.0,0.9988861,0.08984375,0.0063690497,-9.822779,-9.827446,-5.0470405,80.41374,0.26410556,2.428373e-09,0.9988661,0.07519531,0.006321152,-9.776014,-9.780618,-5.066292,41.507214,0.1733444,1.461255e-07,0.02790350513458252,19963.15423488617,375000
54.47065,-0.35465652,-7.6447744,0.073316514,1.0,0.9990587,0.25683594,0.0049775406,-10.714228,-10.72082,-3.9700255,36.8704,0.44783956,2.5018383e-07,1.2407364,-0.9820126,21.977127,0.9990511,0.22558594,0.0050233165,-10.666519,-10.672987,-4.0497494,50.271088,0.43683976,3.2492762e-06,65.34775,-0.48328474,-7.6949563,0.08586208,1.0,0.9988785,0.11328125,0.006301458,-9.864015,-9.868767,-5.002932,23.936611,0.19144456,1.8725415e-11,0.9988251,0.095703125,0.006360419,-9.835972,-9.840678,-5.0204716,39.98383,0.2328214,4.843347e-08,0.02784811382293701,20102.394805431366,380000
45.21618,-0.37893575,-7.625923,0.0686038,1.0,0.99909115,0.2578125,0.0049269632,-10.658535,-10.665114,-3.9279814,50.418106,0.5484957,1.6885435e-08,1.5340406,-0.94201475,18.94886,0.9990902,0.2265625,0.005000688,-10.5944,-10.600831,-4.0165577,16.397133,0.4660821,2.9056477e-07,55.36112,-0.5328322,-7.7214065,0.092474625,1.0,0.9989462,0.11035156,0.0062065613,-9.626321,-9.630768,-5.0774746,199.15277,0.2047455,5.1308446e-09,0.9988642,0.08984375,0.006287117,-9.593722,-9.598176,-5.0379868,9.698889,0.15141097,8.837684e-09,0.027801041173934938,20241.400014400482,385000
53.828423,-0.28931594,-7.624996,0.06837198,1.0,0.99910545,0.24609375,0.0048762746,-10.833318,-10.840157,-3.8362627,91.769325,0.6508973,2.8638497e-06,0.8853762,-1.324497,19.30086,0.9990816,0.22753906,0.004916422,-10.765596,-10.772289,-3.9182656,50.97041,0.5773601,1.0001472e-05,58.676,-0.5166196,-7.732477,0.095242165,1.0,0.99899864,0.10253906,0.006145683,-9.754799,-9.759459,-4.9881077,196.27556,0.23620632,1.2398498e-12,0.99890804,0.09863281,0.0061716046,-9.723515,-9.728133,-4.998789,43.773552,0.15248598,1.7237672e-07,0.024088568353652955,20361.842859983444,390000
50.821857,-0.37537464,-7.617102,0.06639855,1.0,0.99909496,0.2421875,0.0049607847,-10.574583,-10.581067,-3.9406843,47.376472,0.55739653,5.904595e-06,1.0859197,-0.75070536,18.284954,0.9990921,0.22070312,0.005000312,-10.438669,-10.444988,-3.9748876,403.647,0.9827657,9.542761e-06,57.837074,-0.5353168,-7.721779,0.09256775,1.0,0.9989195,0.09667969,0.0061686896,-9.976666,-9.9816675,-4.8601007,52.59836,0.24051286,9.6119386e-08,0.99867153,0.08105469,0.006553148,-9.915369,-9.920356,-4.814485,152.46828,0.5020994,1.6467872e-07,0.021430712461471556,20468.996424674988,395000
46.478794,-0.38000998,-7.6504116,0.07472578,1.0,0.99910545,0.23242188,0.0049631316,-10.638901,-10.645431,-3.958518,51.56399,0.5429383,1.7989263e-05,1.0666664,-0.8759758,19.16362,0.9990978,0.21386719,0.00499163,-10.566645,-10.573056,-4.007908,31.811827,0.5017602,7.6983415e-06,68.0027,-0.51827866,-7.721266,0.0924395,1.0,0.9988556,0.09765625,0.006388404,-9.905937,-9.910834,-4.8959527,50.791954,0.27911717,2.94861e-10,0.9986553,0.078125,0.006470337,-9.855594,-9.860426,-4.913023,26.72187,0.2165102,8.243521e-09,0.018635056829452514,20562.171711921692,400000
51.04713,-0.38355392,-7.634167,0.07066481,1.0,0.99908924,0.23535156,0.00506071,-10.581011,-10.587392,-4.053216,112.91642,0.5779608,2.2677199e-08,1.1714306,-0.85297096,19.51896,0.9990816,0.20117188,0.005135106,-10.476697,-10.482862,-4.168405,22.283447,0.41959953,1.3789486e-06,58.288635,-0.56863415,-7.719499,0.09199768,1.0,0.99897766,0.09863281,0.006208149,-9.782642,-9.787283,-5.035771,9.953139,0.13537747,1.1706661e-09,0.99879074,0.09277344,0.0064037926,-9.710598,-9.715195,-5.0090756,26.162132,0.2784385,2.6794875e-09,0.2419274974822998,21771.809200763702,405000
42.45132,-0.3824514,-7.644378,0.07321763,1.0,0.9990816,0.22363281,0.004967505,-10.798307,-10.804979,-3.9723403,47.84182,0.47124946,1.04858906e-07,0.82668185,-0.6902021,16.667831,0.99908924,0.21386719,0.00503084,-10.727652,-10.734204,-4.024582,26.443789,0.471788,1.0070806e-05,46.541023,-0.6377044,-7.7016034,0.08752382,1.0,0.998909,0.08886719,0.006305064,-9.955336,-9.960143,-5.035795,37.256866,0.1855061,2.201854e-10,0.99878216,0.07128906,0.006545403,-9.920562,-9.925402,-4.9688597,34.43647,0.32342863,5.015322e-07,0.029345200300216676,21918.535203695297,410000
42.82029,-0.44965675,-7.625472,0.06849098,1.0,0.9991045,0.26757812,0.004867296,-10.706091,-10.712816,-3.8258796,72.68072,0.50665426,1.2207904e-05,1.5369315,-0.91899776,24.691296,0.9990969,0.22753906,0.0048657083,-10.628172,-10.634821,-3.8261917,162.24268,0.6132437,2.0661073e-05,51.140076,-0.6360079,-7.7050905,0.088395596,1.0,0.9989538,0.07519531,0.0062592467,-9.782995,-9.787611,-5.0602484,60.52615,0.19551313,5.226723e-10,0.998826,0.08496094,0.006393712,-9.772261,-9.776938,-4.987101,27.770813,0.21375413,1.2958976e-10,0.029635846948623656,22066.714443683624,415000
48.775146,-0.3836174,-7.6129026,0.065348625,1.0,0.9990854,0.23535156,0.0049773557,-10.711414,-10.718011,-3.9634037,50.150047,0.542816,7.052333e-06,0.8423399,-0.69181395,17.82279,0.99906826,0.22167969,0.0049838847,-10.652846,-10.659359,-3.9908817,25.06619,0.43576667,1.7368546e-05,50.339375,-0.65326816,-7.7551384,0.100907624,1.0,0.998888,0.087890625,0.006449719,-10.015458,-10.020215,-5.1501303,43.72376,0.21533886,8.634338e-10,0.9986162,0.078125,0.006902536,-9.934723,-9.93945,-5.098355,65.42328,0.48058987,2.0625261e-09,0.029698635959625245,22215.2076253891,420000
53.65155,-0.3389989,-7.6366787,0.07129265,1.0,0.99909306,0.26464844,0.0048785843,-10.880269,-10.887085,-3.9072018,81.57114,0.5424192,1.4464858e-07,0.96691215,-1.2726761,24.0425,0.9990759,0.24804688,0.004904939,-10.8127,-10.819431,-3.9260316,35.318684,0.5442021,3.4921618e-07,53.47882,-0.5552281,-7.738123,0.09665366,1.0,0.9989195,0.09375,0.0063058687,-9.859863,-9.864526,-5.0894775,24.96986,0.13179526,1.7370507e-08,0.9989023,0.07714844,0.0063661467,-9.789854,-9.794481,-5.0561037,20.517138,0.1644058,3.4942452e-08,0.02808721342086792,22355.643696308136,425000
43.129597,-0.40453526,-7.6390543,0.07188661,1.0,0.99909973,0.24414062,0.0049082763,-10.793682,-10.800417,-3.90358,97.61902,0.62070453,1.2916644e-08,1.0132091,-1.5202442,17.701786,0.9990921,0.21679688,0.0049465643,-10.711005,-10.717607,-3.9584541,53.719654,0.5795685,1.2083976e-05,55.00563,-0.5944916,-7.694095,0.08564669,1.0,0.9989042,0.09375,0.006409213,-9.811433,-9.816029,-5.11108,22.711966,0.13937476,3.4274547e-10,0.99881554,0.076171875,0.0064730686,-9.774666,-9.779227,-5.108366,50.266716,0.29541934,2.2784015e-09,0.027794061708450318,22494.614008426666,430000
48.3609,-0.39202982,-7.6174297,0.06648041,1.0,0.9990797,0.24707031,0.0050064214,-10.578247,-10.584677,-4.001921,23.261797,0.4370994,2.0325251e-06,0.83726096,-1.1499329,17.62101,0.9990721,0.22167969,0.0050485097,-10.49823,-10.50455,-4.033659,72.04496,0.52963126,1.14565455e-05,59.987396,-0.5764965,-7.7364674,0.096239865,1.0,0.9989176,0.11230469,0.0062174248,-9.952452,-9.957338,-4.952924,87.2268,0.27791968,2.158134e-10,0.9987879,0.08300781,0.0065791057,-9.935501,-9.940388,-4.9373627,67.791084,0.56500846,1.8552823e-10,0.02789428024291992,22634.08541584015,435000
52.793877,-0.40011477,-7.610607,0.06477483,1.0,0.9990959,0.234375,0.0049347067,-10.688757,-10.695389,-3.905096,136.20924,0.5970835,1.9959136e-06,0.9724868,-1.0491215,20.843529,0.9990959,0.22265625,0.0049614026,-10.621297,-10.627822,-3.9456353,132.79851,0.64251673,1.8178303e-06,54.6119,-0.609299,-7.722496,0.09274688,1.0,0.99880314,0.103515625,0.0063436013,-10.01037,-10.015291,-4.976101,40.677944,0.20287772,2.1432964e-10,0.9987831,0.083984375,0.006486639,-9.933865,-9.938736,-4.949411,47.5856,0.44664505,3.683882e-10,0.027778178691864015,22772.976313352585,440000
45.97551,-0.4329769,-7.627022,0.0688784,1.0,0.99910355,0.2578125,0.0049147913,-10.5866165,-10.59312,-3.9341412,65.80181,0.49044627,2.5425604e-07,0.75885236,-0.9963619,18.49695,0.9991083,0.22753906,0.0049463063,-10.490324,-10.496714,-3.953657,92.73731,0.623103,1.6838931e-06,52.931076,-0.65508866,-7.6978216,0.08657832,1.0,0.9987459,0.12011719,0.0063855727,-10.147333,-10.15255,-4.810458,34.855606,0.31484315,3.2651611e-12,0.9986763,0.095703125,0.006396337,-10.048938,-10.054099,-4.7693634,506.23413,0.8188618,8.164738e-08,0.027678031253814697,22911.36647129059,445000
49.658447,-0.33386445,-7.623855,0.06808673,1.0,0.9991112,0.26171875,0.0048000608,-11.035864,-11.042964,-3.7724574,55.169132,0.6522004,5.7416014e-07,1.3885224,-1.1693484,20.641926,0.99910545,0.23730469,0.0048520807,-10.979007,-10.985989,-3.8357596,85.160736,0.7393836,6.8590853e-06,66.58368,-0.52288926,-7.7090964,0.08939707,1.0,0.99892426,0.115234375,0.006272491,-10.062902,-10.067904,-4.946212,31.523226,0.17447163,5.1504712e-14,0.99868965,0.09082031,0.0065107457,-10.040873,-10.0459385,-4.858543,66.60046,0.41112417,3.7753566e-08,0.027370327520370483,23048.21811056137,450000
50.893982,-0.4243067,-7.633607,0.07052468,1.0,0.99909306,0.23535156,0.004988941,-10.662525,-10.669047,-3.9901907,26.171907,0.45066065,1.4838234e-05,2.8168087,-1.3793814,23.08846,0.99908924,0.20898438,0.0050287833,-10.572248,-10.5786705,-4.0037823,47.691105,0.5230752,9.357982e-06,53.757393,-0.6804979,-7.718515,0.091751665,1.0,0.9989128,0.10058594,0.006270351,-9.947043,-9.951816,-5.064994,26.588617,0.16002592,1.464673e-11,0.9987078,0.08886719,0.0066960827,-9.868267,-9.873053,-4.9735203,82.69036,0.6018341,9.1487734e-10,0.02750877685546875,23185.76200056076,455000
49.954155,-0.36890912,-7.62444,0.06823294,1.0,0.9990969,0.2265625,0.00503752,-10.64257,-10.649055,-4.0085196,259.81848,0.6334582,1.1237703e-08,1.4434847,-1.903428,21.698639,0.99908066,0.22070312,0.0050492655,-10.606695,-10.613085,-4.070374,27.319176,0.48898828,5.9167306e-08,62.030495,-0.56018084,-7.7534575,0.10048731,1.0,0.9989214,0.08886719,0.0063449647,-10.04196,-10.046825,-5.064263,164.14528,0.35705,1.9639315e-10,0.99878025,0.078125,0.006517974,-10.028866,-10.033655,-5.1282506,120.290924,0.53516316,3.956892e-09,0.0271149121761322,23321.336562633514,460000
50.82065,-0.38359916,-7.632068,0.07013995,1.0,0.9990845,0.25878906,0.0049199644,-10.727175,-10.73382,-3.9285855,152.58588,0.56066656,9.501434e-06,0.8596485,-0.95113856,17.31247,0.99907684,0.23144531,0.004930403,-10.613674,-10.620202,-3.9358406,28.15957,0.4767227,4.5052016e-06,56.31882,-0.58613235,-7.7084866,0.08924466,1.0,0.9989586,0.09667969,0.006255562,-9.893648,-9.898347,-5.0869455,37.81739,0.16613688,8.390679e-14,0.9988098,0.08105469,0.0065234355,-9.865398,-9.870057,-5.1001477,116.558334,0.4514922,3.6256018e-09,0.02699016032218933,23456.287365436554,465000
43.4877,-0.38008296,-7.6193376,0.06695737,1.0,0.99909496,0.2421875,0.004910716,-10.868775,-10.875571,-3.9162755,112.61503,0.560042,1.7152098e-06,1.0042197,-0.7004063,16.63811,0.9990845,0.23730469,0.004934048,-10.708633,-10.715284,-3.9033904,78.20239,0.64886904,6.7374094e-06,51.700363,-0.60283166,-7.7154818,0.09099339,1.0,0.9988241,0.12011719,0.0062420974,-10.347323,-10.352773,-4.7730074,102.420944,0.33169436,1.6331025e-09,0.99857616,0.09667969,0.006919167,-10.304672,-10.310144,-4.707136,683.509,4.353552,2.2955968e-09,0.027652388429641725,23594.549308776855,470000
44.92911,-0.39122647,-7.639579,0.07201756,1.0,0.99909973,0.24316406,0.0048770914,-10.769201,-10.775963,-3.8527133,42.5031,0.55970836,4.6028422e-08,0.8703338,-0.6740831,17.66676,0.99908924,0.22167969,0.004935215,-10.676703,-10.68331,-3.9195137,72.670944,0.57786936,8.586191e-09,57.84198,-0.61581814,-7.7101803,0.08966798,1.0,0.99892807,0.109375,0.0061782645,-9.987714,-9.992641,-4.945772,170.21634,0.23709801,1.5456218e-12,0.99868965,0.09765625,0.0070328545,-9.939661,-9.944629,-4.858187,225.23187,1.5403428,1.1178253e-08,0.027097509384155272,23730.036856889725,475000
47.15241,-0.41709277,-7.629636,0.06953184,1.0,0.9991102,0.24707031,0.0048559234,-10.87816,-10.885057,-3.822279,93.31183,0.53301877,2.7782354e-08,0.83534133,-1.595606,17.040993,0.99910545,0.24414062,0.004865083,-10.76363,-10.770421,-3.8151445,296.3233,0.77401316,3.988714e-07,56.274006,-0.6577912,-7.7222853,0.09269422,1.0,0.9989338,0.091796875,0.0062596956,-9.9057045,-9.910462,-5.038193,36.999107,0.15863767,1.6463372e-10,0.99875927,0.07714844,0.0065107904,-9.835615,-9.840405,-4.935357,59.486965,0.50150967,1.1371579e-08,0.02672195954322815,23863.64665699005,480000
39.458027,-0.41898435,-7.609369,0.06446518,1.0,0.99909973,0.25097656,0.004848988,-10.87023,-10.877107,-3.8353705,73.064125,0.5750028,1.9500242e-06,1.2440398,-0.70925015,15.727781,0.99910355,0.22753906,0.0048887674,-10.767949,-10.774708,-3.8538945,128.39648,0.7007669,1.8950484e-05,64.1941,-0.65355194,-7.724063,0.093138725,1.0,0.99883175,0.11816406,0.006114276,-10.114317,-10.119555,-4.7538958,45.398792,0.26102418,8.18365e-08,0.9986515,0.09082031,0.0066147046,-10.030349,-10.035603,-4.6554995,152.05763,1.3616467,2.1730164e-06,0.027711751556396484,24002.205419778824,485000
52.933475,-0.42379525,-7.625412,0.068475984,1.0,0.99908733,0.24707031,0.004949061,-10.791557,-10.798249,-3.9453888,61.43973,0.45600152,6.9821394e-06,2.253065,-1.7167103,22.951138,0.99907875,0.22070312,0.004963533,-10.754627,-10.761299,-3.9291716,61.098442,0.50007766,3.7765988e-06,59.008484,-0.5857571,-7.7223363,0.09270705,1.0,0.9989252,0.0859375,0.0064004003,-9.969721,-9.974424,-5.157653,281.1083,0.29747838,2.504613e-12,0.99882793,0.080078125,0.0064715557,-9.966898,-9.971658,-5.0977583,53.115417,0.32598513,6.3397937e-10,0.026240424346923828,24133.40754342079,490000
46.467392,-0.4270703,-7.609997,0.0646222,1.0,0.99910736,0.25976562,0.0048640845,-10.993205,-11.000195,-3.8434815,53.209743,0.5994824,4.5884017e-06,1.0606757,-0.9043337,19.961002,0.9990921,0.23925781,0.0048953234,-10.920504,-10.927383,-3.8828654,67.83005,0.5882096,1.6384754e-05,53.287636,-0.6853528,-7.698514,0.08675146,1.0,0.99876785,0.09472656,0.0065276693,-10.085131,-10.090069,-5.033225,166.25273,0.2837758,1.6295413e-11,0.99869156,0.07519531,0.0065916013,-10.05039,-10.055362,-4.9639735,102.562775,0.47980505,2.5178692e-10,0.02199510679244995,24243.383081674576,495000
52.076714,-0.31154895,-7.6274433,0.06898379,1.0,0.9990978,0.25683594,0.004919188,-10.852386,-10.8592,-3.8827612,203.4008,0.7588825,3.830928e-06,1.3000126,-1.0240476,22.198814,0.99909496,0.23535156,0.0049494933,-10.80604,-10.812748,-3.9423766,68.35608,0.619119,8.432559e-07,54.431335,-0.69442916,-7.7251053,0.093399264,1.0,0.99887276,0.095703125,0.0063317874,-9.901122,-9.905901,-5.0127687,85.1646,0.2636364,7.478368e-11,0.9987526,0.080078125,0.006612573,-9.868605,-9.873394,-4.967886,200.0144,0.898273,9.820549e-08,0.027306077241897583,24379.913469552994,500000
39.674316,-0.488929,-7.630799,0.069822684,1.0,0.9990883,0.2578125,0.0048387935,-10.8616295,-10.868524,-3.8093982,60.192142,0.5918514,3.3140166e-06,2.1436217,-1.4785393,18.823553,0.99907875,0.22265625,0.0049385643,-10.819882,-10.826647,-3.8996258,146.50375,0.73451144,2.0863201e-06,58.921135,-0.6733998,-7.687918,0.08410251,1.0,0.9988594,0.09277344,0.006425054,-10.128855,-10.133819,-5.0508122,235.31433,0.42497107,3.5116482e-13,0.9986706,0.08886719,0.0066279103,-10.041684,-10.046666,-4.9456296,98.61908,0.6264498,1.0310334e-11,0.2548034558296204,25653.930752277374,505000
45.793518,-0.40968317,-7.6378336,0.07158135,1.0,0.9990864,0.2607422,0.004817772,-11.035677,-11.042732,-3.8186574,14.082391,0.4330879,7.736731e-06,0.9157372,-0.849048,16.895466,0.9990835,0.23144531,0.0048536947,-10.986908,-10.993856,-3.8792005,17.98606,0.42810676,7.2294364e-07,63.338272,-0.61034733,-7.7468176,0.09882741,1.0,0.998971,0.10058594,0.006219793,-9.991501,-9.99638,-5.0008,79.03454,0.18978143,6.069439e-12,0.9988661,0.09472656,0.0065096254,-9.965639,-9.970535,-4.958246,95.214645,0.52522504,8.564184e-11,0.021878772020339967,25763.324615240097,510000
52.176247,-0.3330056,-7.6318626,0.0700886,1.0,0.99908733,0.26660156,0.004818189,-10.923294,-10.930259,-3.7986925,27.630419,0.5083095,1.7405364e-06,1.8058351,-1.210011,20.81469,0.9990692,0.24121094,0.0048947493,-10.85268,-10.859463,-3.9131813,52.534416,0.47857213,5.326163e-06,52.73848,-0.74435246,-7.7324963,0.095247075,1.0,0.9989748,0.09667969,0.006330966,-9.954661,-9.959295,-5.214714,16.98007,0.108457595,4.1836237e-10,0.99879265,0.083984375,0.0068182843,-9.947157,-9.951913,-5.0822096,370.56915,1.6647522,2.4288641e-07,0.021966801738739012,25873.158625602722,515000
43.98854,-0.40733218,-7.6218443,0.06758413,1.0,0.9990759,0.25390625,0.0048340643,-11.086445,-11.093534,-3.8351383,36.19747,0.53141975,6.4245575e-07,0.88811564,-0.6424572,14.03001,0.99907017,0.23828125,0.0048577255,-10.990328,-10.997293,-3.863702,92.70733,0.5350809,7.934583e-06,46.018356,-0.71720517,-7.7467804,0.09881804,1.0,0.99897957,0.09863281,0.0062775565,-9.949432,-9.954055,-5.22029,92.51122,0.14414188,2.1782322e-10,0.99888325,0.0859375,0.0063975514,-9.842541,-9.847159,-5.117385,40.519333,0.24408334,8.2675145e-10,0.022020708322525024,25983.262169361115,520000
44.138348,-0.41146216,-7.6343594,0.07071291,1.0,0.99909496,0.2626953,0.004805326,-11.053639,-11.0607395,-3.7899947,47.74577,0.58689404,1.6958348e-08,0.68239164,-1.3117915,15.752194,0.99907875,0.2421875,0.0048411973,-10.997476,-11.004479,-3.8318954,19.633512,0.49946874,6.891476e-06,60.03752,-0.6629994,-7.7448854,0.09834423,1.0,0.9989128,0.091796875,0.006362558,-9.968571,-9.97335,-5.0796957,27.999756,0.19130866,6.881391e-09,0.99856377,0.07714844,0.006928942,-9.968846,-9.973697,-5.0072527,49.88592,0.5231277,2.2105993e-07,0.025498758029937743,26110.75596499443,525000
45.389435,-0.4063433,-7.6234226,0.06797857,1.0,0.9990969,0.25195312,0.0049199373,-10.693543,-10.700181,-3.903327,85.89224,0.5865869,1.2029463e-05,0.58966285,-0.8741375,17.02013,0.99909306,0.22558594,0.0049754735,-10.637546,-10.644079,-3.9541564,28.75314,0.5411598,1.3427862e-05,60.37805,-0.6121597,-7.729453,0.09448615,1.0,0.99899673,0.095703125,0.0062917974,-9.831954,-9.83652,-5.1622696,188.43298,0.21830401,2.0544802e-10,0.99869823,0.07324219,0.0068673533,-9.757945,-9.762477,-5.1213403,96.46732,0.47322994,3.738494e-09,0.027795639419555665,26249.734165906906,530000
50.964485,-0.3789076,-7.6325936,0.07027139,1.0,0.9991169,0.26464844,0.0047198236,-10.983938,-10.991023,-3.7379107,109.90564,0.60903984,3.7905054e-06,2.3560994,-0.92753434,19.028578,0.9991121,0.24804688,0.0047196476,-10.8615465,-10.868535,-3.7116532,33.95504,0.59979475,2.3624936e-05,58.907104,-0.6061518,-7.750935,0.099856704,1.0,0.99882793,0.09863281,0.00632812,-10.318094,-10.323228,-5.066669,162.28972,0.2360104,2.1955937e-09,0.99878407,0.07519531,0.0064544315,-10.184502,-10.189526,-5.043293,218.55907,0.6901962,6.7224415e-10,0.028057068872451782,26390.01951265335,535000
55.440224,-0.38555396,-7.6435523,0.073010996,1.0,0.99909115,0.23144531,0.005013907,-10.437789,-10.444082,-3.9997408,804.8955,0.8369198,5.8825735e-06,1.2783093,-1.3452091,23.43723,0.99907875,0.22363281,0.005030827,-10.355888,-10.362065,-4.037122,27.210196,0.414635,7.317729e-06,56.290882,-0.67845684,-7.723118,0.09290233,1.0,0.99890804,0.080078125,0.0064635416,-10.043071,-10.04782,-5.184978,35.23588,0.17394438,1.7646246e-11,0.99869347,0.07714844,0.0069157593,-10.006198,-10.010979,-5.1159153,125.801155,1.157262,1.4644502e-10,0.02782305340766907,26529.13478422165,540000
43.845184,-0.48524526,-7.636774,0.07131636,1.0,0.99908924,0.26660156,0.0048295995,-10.93943,-10.946393,-3.8154912,132.01839,0.56911254,5.443637e-06,1.2355126,-1.6692702,21.485441,0.99907875,0.24316406,0.0048513403,-10.84485,-10.851685,-3.8527038,25.92686,0.46303174,5.377159e-06,47.75976,-0.7330386,-7.721916,0.09260212,1.0,0.99896526,0.10253906,0.006222374,-9.924099,-9.9288225,-5.09091,27.822021,0.1339131,1.4690943e-10,0.9988003,0.0859375,0.006639919,-9.852667,-9.857464,-4.945321,183.78098,1.2379682,8.04772e-10,0.027737984037399292,26667.824705839157,545000
46.22776,-0.41441846,-7.61614,0.06615788,1.0,0.9990797,0.23632812,0.004994337,-10.789678,-10.796374,-3.9388695,41.781826,0.48769426,6.25971e-06,0.8946599,-0.9517379,18.245876,0.9990721,0.23144531,0.005042181,-10.702557,-10.709124,-3.9837205,212.19676,0.7388213,5.9398835e-06,55.852192,-0.5603575,-7.710726,0.08980443,1.0,0.9989729,0.10449219,0.0061699674,-9.856649,-9.861384,-5.0131793,26.092451,0.15429315,4.266531e-09,0.99885654,0.09472656,0.006320551,-9.800243,-9.804992,-4.9433064,192.5458,0.7608495,1.711295e-08,0.027484882831573486,26805.24912214279,550000
58.34507,-0.3656767,-7.632888,0.070344865,1.0,0.9990978,0.23828125,0.004953562,-10.681341,-10.687929,-3.941132,134.68199,0.551625,1.718014e-06,2.0472934,-5.8927946,29.6478,0.99909115,0.21777344,0.0050204303,-10.624304,-10.630768,-4.0120144,29.31645,0.4503793,5.0822426e-09,60.194275,-0.60125935,-7.718135,0.09165679,1.0,0.9989643,0.09765625,0.006144699,-10.003915,-10.008805,-5.001457,33.24672,0.14796802,2.345308e-08,0.99882793,0.07519531,0.0063776565,-9.9237175,-9.928571,-4.9586706,62.57667,0.3678041,4.111467e-08,0.027645689153671264,26943.47756910324,555000
49.915146,-0.4363765,-7.6302032,0.06967385,1.0,0.999073,0.22265625,0.005087971,-10.677681,-10.684102,-4.1093006,28.519712,0.44453824,2.7727947e-07,0.86510575,-0.8330948,18.6871,0.99906635,0.2109375,0.0050963666,-10.574036,-10.58036,-4.1033535,33.46565,0.41956478,2.8337745e-06,53.942703,-0.6244349,-7.73552,0.09600291,1.0,0.9989052,0.10253906,0.0063866936,-9.986086,-9.9908495,-5.112369,505.6773,0.85315067,1.1455829e-08,0.9988327,0.07421875,0.006528319,-9.947969,-9.952746,-5.0610867,87.07412,0.5859025,6.6748464e-07,0.02762385334968567,27081.596840381622,560000
39.44285,-0.45420974,-7.6399813,0.07211831,1.0,0.9990854,0.24609375,0.0048936643,-10.856718,-10.863539,-3.8772578,41.24898,0.46016863,4.4966916e-07,1.7790971,-1.2490594,24.716333,0.999073,0.21777344,0.0049381265,-10.722231,-10.7288685,-3.9326653,19.136435,0.388318,1.8291584e-06,48.749893,-0.592185,-7.737305,0.09644926,1.0,0.9989214,0.09277344,0.006211212,-9.998461,-10.003354,-4.9932985,526.4223,0.40110892,3.3795246e-08,0.99891186,0.07714844,0.0063597476,-9.944604,-9.949393,-5.0451446,384.1828,0.7367244,9.292266e-09,0.027138033437728883,27217.287009477615,565000
46.131348,-0.4408251,-7.6345615,0.070763335,1.0,0.99910927,0.25097656,0.0048171263,-10.909435,-10.916397,-3.7859297,135.07567,0.73547363,1.5027747e-06,1.074979,-1.0706367,20.747536,0.99910736,0.2421875,0.0048144264,-10.841124,-10.848036,-3.7701688,125.03554,0.8466277,1.2011946e-05,63.222904,-0.65430665,-7.7137547,0.09056161,1.0,0.99897575,0.08300781,0.0062699122,-10.030772,-10.035586,-5.1053343,113.97636,0.22424392,4.4550075e-10,0.9986658,0.08496094,0.00668089,-10.0035,-10.008359,-5.03314,67.03693,0.56111926,4.370542e-09,0.027586846446990967,27355.22124528885,570000
38.357513,-0.49460986,-7.6250496,0.06838524,1.0,0.99907684,0.24609375,0.0048117093,-10.910599,-10.917557,-3.7924042,43.48156,0.4530217,5.4242213e-07,0.8926049,-1.4361346,16.714268,0.9990721,0.23339844,0.0048183315,-10.824681,-10.831584,-3.7636023,24.733114,0.5012935,3.803418e-06,53.745174,-0.751426,-7.720278,0.09219242,1.0,0.9989805,0.103515625,0.006073403,-9.981754,-9.986676,-4.9454765,48.25271,0.15679392,8.23738e-08,0.9986601,0.08984375,0.006792926,-9.925619,-9.930619,-4.809376,101.84001,0.78120565,1.01199255e-07,0.02776342225074768,27494.038358211517,575000
43.550617,-0.4790865,-7.617876,0.066591874,1.0,0.9990978,0.28125,0.0047178976,-11.070629,-11.077887,-3.6463807,47.373806,0.64107203,1.5896646e-09,1.3173949,-0.90510345,19.067642,0.9990845,0.25097656,0.0047395136,-10.998218,-11.0053625,-3.6887188,59.45203,0.7042547,6.114299e-07,63.963963,-0.5238322,-7.689474,0.084491566,1.0,0.99885845,0.107421875,0.0063353847,-10.011126,-10.016037,-4.985687,43.696373,0.20831181,3.0098972e-11,0.99872875,0.09082031,0.006509059,-10.048526,-10.053475,-4.985434,77.00682,0.4416158,4.003143e-10,0.03286223511695862,27658.349539279938,580000
49.677353,-0.44426796,-7.6149845,0.06586905,1.0,0.9990921,0.25976562,0.0048251916,-11.013151,-11.020192,-3.8113344,50.44583,0.56312126,6.3442917e-07,1.214239,-1.1307168,20.080662,0.99908733,0.22460938,0.0048771435,-10.926777,-10.933684,-3.8605132,59.059452,0.65246093,1.2646378e-06,54.61846,-0.72310686,-7.738489,0.09674531,1.0,0.99885845,0.09667969,0.006340801,-10.213881,-10.219004,-4.9720426,226.00217,0.47930586,5.087485e-07,0.99870014,0.078125,0.006650393,-10.142441,-10.147539,-4.9274406,84.37932,0.47924584,1.9857984e-07,0.03540011467933655,27835.35011458397,585000
45.3525,-0.4256846,-7.6167183,0.06630262,1.0,0.9991026,0.25976562,0.0048877764,-10.877689,-10.88451,-3.900568,314.76468,0.6719082,4.0378623e-08,0.99777174,-1.1280912,20.139593,0.9990864,0.2421875,0.004915341,-10.846343,-10.853087,-3.9471054,44.494488,0.49348477,4.670505e-06,67.927284,-0.5674212,-7.7172565,0.09143703,1.0,0.9989376,0.09863281,0.0061574364,-9.928806,-9.933655,-4.9681664,151.80537,0.29593438,8.504683e-12,0.9988146,0.08691406,0.0063614016,-9.884435,-9.8892,-5.0092077,118.45829,0.48107454,1.6090688e-13,0.03512548203468323,28010.977528572083,590000
46.447243,-0.42761075,-7.6143646,0.06571405,1.0,0.9990883,0.22363281,0.0050212396,-10.7172985,-10.723825,-4.040712,54.858955,0.38994494,1.2615571e-07,0.8867868,-1.1338474,18.968391,0.99909115,0.21679688,0.005012654,-10.634079,-10.64053,-4.034731,13.211777,0.34437114,2.038218e-06,62.954426,-0.6981922,-7.703024,0.08787897,1.0,0.99893,0.09082031,0.006285215,-10.209356,-10.214392,-5.0585747,62.174194,0.15988165,2.9307515e-10,0.99864197,0.08105469,0.007029435,-10.176575,-10.181677,-4.957776,191.31058,1.0306349,4.847589e-08,0.029701331758499146,28159.484194755554,595000
48.47811,-0.453586,-7.6191845,0.06691907,1.0,0.9990978,0.2685547,0.004899328,-10.791143,-10.797863,-3.9170938,35.141346,0.47920886,5.00715e-07,0.7587398,-0.9963966,17.051476,0.9990845,0.23632812,0.0049021393,-10.676574,-10.683197,-3.9012842,62.841064,0.45106873,4.294474e-07,54.391266,-0.72460186,-7.693594,0.085521504,1.0,0.99892616,0.103515625,0.006281797,-10.014797,-10.019658,-5.042427,201.33513,0.31601956,1.6953802e-10,0.9987316,0.087890625,0.006584311,-9.963779,-9.968687,-4.944001,96.36558,0.57477045,5.076643e-09,0.029556646156311036,28307.26742696762,600000
44.28012,-0.4656679,-7.621107,0.06739974,1.0,0.9990797,0.23144531,0.005022119,-10.787315,-10.793909,-4.041447,63.724686,0.45458978,1.0749037e-08,3.0374959,-1.8821762,23.125359,0.9990778,0.22070312,0.0050590285,-10.686344,-10.692813,-4.068826,19.540867,0.3826347,1.3988637e-07,57.187256,-0.622216,-7.7372217,0.09642845,1.0,0.9989433,0.109375,0.006324457,-10.098016,-10.102881,-5.120747,560.1214,0.41554603,5.6789858e-11,0.9987097,0.08691406,0.006670946,-9.986685,-9.991595,-4.9635916,141.70335,0.7931208,3.4805745e-09,0.23307007417678832,29472.617799282074,605000
43.31877,-0.4519256,-7.6179504,0.06661062,1.0,0.9990845,0.2421875,0.004921082,-10.945992,-10.952898,-3.8829432,56.894016,0.5739466,5.4080722e-08,1.0067348,-1.182827,21.992123,0.999074,0.20996094,0.0049655717,-10.861294,-10.868055,-3.9442887,56.100967,0.50385016,2.8331433e-09,68.305786,-0.5540542,-7.752635,0.100281656,1.0,0.99884605,0.1015625,0.0063522626,-10.26677,-10.2719555,-4.962865,48.41914,0.19422865,1.0977838e-09,0.9986305,0.07324219,0.0066576404,-10.228558,-10.233743,-4.923011,274.26263,0.6408545,1.8253069e-10,0.015932852125167846,29552.282061576843,610000
43.039154,-0.4266699,-7.6420403,0.07263295,1.0,0.9991169,0.26464844,0.004823319,-10.9932995,-11.000315,-3.8157182,154.77258,0.65454805,1.2228953e-06,2.6305537,-3.083051,31.435589,0.99909973,0.24609375,0.0048690243,-10.933012,-10.939907,-3.8796659,26.3964,0.5004829,6.247541e-07,53.74339,-0.7586985,-7.6986322,0.086781055,1.0,0.99892426,0.09667969,0.0063695526,-9.971099,-9.975784,-5.1780453,48.36728,0.14296395,1.2174388e-10,0.99862003,0.08691406,0.007030549,-9.952393,-9.95722,-5.0127134,96.89648,0.9396956,1.40281e-09,0.015862568044662476,29631.594903707504,615000
49.980446,-0.46224678,-7.613912,0.065601096,1.0,0.99909496,0.25976562,0.004837782,-10.857515,-10.864358,-3.8576868,114.10333,0.59038395,2.6061552e-06,1.2321769,-1.1318935,19.671638,0.9990902,0.21875,0.0048904056,-10.731962,-10.738674,-3.8654342,127.98126,0.71061647,1.04613e-05,64.955345,-0.58671266,-7.744047,0.09813473,1.0,0.99896145,0.10253906,0.006328997,-10.003929,-10.008647,-5.1779246,574.438,0.5177454,5.822898e-09,0.9988527,0.08105469,0.006612926,-9.965025,-9.969709,-5.173278,139.14902,0.7087585,4.7710027e-09,0.02005329465866089,29731.86137843132,620000
51.37337,-0.41759747,-7.6214447,0.067484036,1.0,0.99908924,0.24902344,0.0048868046,-10.954626,-10.961518,-3.903263,63.576782,0.53868604,3.7504337e-06,1.1819327,-1.4674836,23.181355,0.9990883,0.2265625,0.004918824,-10.846901,-10.853663,-3.9285097,37.286484,0.5255454,1.6712606e-06,61.311222,-0.63810754,-7.724704,0.09329899,1.0,0.9989605,0.09082031,0.006280021,-10.063398,-10.068198,-5.1536546,1568.324,0.9151182,7.412206e-11,0.99885845,0.076171875,0.006567576,-10.049729,-10.054577,-5.09009,81.05499,0.50520927,8.2784535e-09,0.021888884496688844,29841.305802822113,625000
53.276245,-0.39345092,-7.607362,0.06396347,1.0,0.9990921,0.2421875,0.0049152016,-10.92993,-10.936788,-3.9144216,525.16547,0.75654805,4.7930475e-13,1.0846688,-0.8885151,20.092728,0.99908066,0.23632812,0.004901859,-10.903679,-10.910505,-3.9189343,13.720614,0.40018314,1.1397122e-07,54.888443,-0.6426357,-7.7333927,0.095471054,1.0,0.99888706,0.09277344,0.0063939365,-10.184479,-10.1894455,-5.1030207,20.310604,0.15450549,4.927941e-11,0.99864864,0.07519531,0.00679016,-10.142113,-10.147094,-5.046362,80.45793,0.52950287,3.6035832e-08,0.022286806869506837,29952.73983979225,630000
55.795235,-0.33346713,-7.602298,0.062697485,1.0,0.99907875,0.24804688,0.004876298,-11.189413,-11.196643,-3.793157,352.48947,0.8027453,3.4630646e-06,1.1617643,-3.1552982,22.555672,0.99907684,0.22460938,0.0049248016,-11.06739,-11.074442,-3.8521447,28.582256,0.5806395,9.092893e-07,68.41942,-0.57512754,-7.7365813,0.09626837,1.0,0.9989548,0.10449219,0.0062722177,-10.165053,-10.170024,-5.0806513,186.85008,0.23266602,1.5781806e-10,0.998806,0.076171875,0.006815703,-10.114138,-10.119064,-5.074031,426.94244,2.0724366,2.5516678e-10,0.02725982084274292,30089.038950443268,635000
48.42611,-0.4373945,-7.62492,0.06835294,1.0,0.9991026,0.26171875,0.004820673,-10.911043,-10.918025,-3.7682614,44.94876,0.62319857,4.137353e-06,0.7650509,-0.8886187,19.72718,0.99909973,0.234375,0.0048598303,-10.813103,-10.81996,-3.7991867,56.64135,0.6036088,1.7388598e-05,65.54999,-0.5961632,-7.7131696,0.09041534,1.0,0.9989662,0.10253906,0.00610956,-10.156784,-10.161927,-4.895349,23.566519,0.13433345,1.0524049e-09,0.9988308,0.1015625,0.0063264593,-10.113782,-10.118864,-4.914169,450.4567,1.561393,1.652996e-09,0.027613454818725586,30227.106226682663,640000
47.253784,-0.4238588,-7.6306953,0.06979677,1.0,0.9990864,0.25,0.004936304,-10.756533,-10.763206,-3.931542,47.303062,0.441255,5.1796724e-06,0.9412391,-1.1649688,22.634623,0.99908257,0.20214844,0.0049445285,-10.65065,-10.657193,-3.956355,19.106667,0.37812608,2.4320167e-05,56.251,-0.63106805,-7.704672,0.08829089,1.0,0.9988823,0.095703125,0.006404739,-10.196041,-10.200979,-5.145066,31.663103,0.1492631,4.2839243e-09,0.99875736,0.06542969,0.006527585,-10.123478,-10.128349,-5.1396694,194.4092,0.6216478,1.1019436e-09,0.027214418363571167,30363.178323984146,645000
55.309727,-0.38795805,-7.6232595,0.06793781,1.0,0.99909306,0.25097656,0.0048315055,-11.046195,-11.053248,-3.830614,37.454033,0.47472364,9.906421e-06,1.557393,-1.8582695,24.416866,0.999094,0.24023438,0.0048964303,-10.943197,-10.950099,-3.8818183,17.55531,0.45647132,5.725747e-06,63.462288,-0.5984469,-7.716296,0.09119703,1.0,0.99888325,0.09375,0.006371382,-10.166334,-10.171317,-5.0687675,184.2021,0.3198034,9.025934e-11,0.9988022,0.07714844,0.006735583,-10.1185,-10.12348,-5.0236673,157.01242,1.3449364,5.214428e-09,0.026734506845474244,30496.85085964203,650000
56.985504,-0.4402986,-7.620458,0.067237556,1.0,0.99908733,0.25683594,0.004970306,-10.684843,-10.691423,-3.9526393,63.470707,0.5149114,3.095134e-06,1.3002971,-1.3956354,24.133656,0.9990816,0.22460938,0.0049965978,-10.641207,-10.647694,-4.0042405,29.094973,0.4639572,6.9572006e-06,63.04085,-0.60581577,-7.7068977,0.088847354,1.0,0.99892616,0.08984375,0.006345626,-10.036448,-10.041263,-5.1112523,70.527145,0.1860532,2.3495512e-09,0.9986744,0.08886719,0.0066684466,-10.054423,-10.059336,-5.0299096,34.90968,0.36416534,2.5848835e-11,0.027158603858947753,30632.64388203621,655000
48.88856,-0.4358607,-7.6243496,0.06821044,1.0,0.99908733,0.28320312,0.00473511,-11.2011,-11.208417,-3.7162232,96.55858,0.56939596,9.382382e-09,1.3494855,-1.3350888,22.070372,0.9990845,0.24804688,0.0047533717,-11.148083,-11.155306,-3.7591083,33.827774,0.53054416,3.2923796e-07,64.19754,-0.664436,-7.7191844,0.091919124,1.0,0.9989004,0.099609375,0.0064658495,-10.210078,-10.2151575,-5.013477,105.05428,0.33544338,2.675917e-13,0.9984255,0.08496094,0.007706567,-10.230491,-10.235689,-4.9115753,557.04346,3.614182,3.0453507e-13,0.027779434537887573,30771.541059732437,660000
52.962685,-0.4253387,-7.615379,0.065967634,1.0,0.9990988,0.2607422,0.0049298955,-10.796934,-10.803686,-3.8895168,446.2361,0.8546697,1.6572067e-06,0.99272496,-1.4897267,23.681717,0.999094,0.21679688,0.0049700737,-10.710278,-10.716892,-3.9426625,1592.9668,2.0539212,1.2062359e-06,58.80129,-0.62780416,-7.721871,0.092590705,1.0,0.9990034,0.103515625,0.0061776857,-10.015198,-10.020101,-4.9991136,51.591232,0.11542052,8.504477e-11,0.99878025,0.09472656,0.0065911356,-10.0204935,-10.025516,-4.882859,272.02103,1.6957326,1.3705041e-10,0.03298155169486999,30936.4488196373,665000
43.892887,-0.4280296,-7.624325,0.068204105,1.0,0.99909306,0.26367188,0.004860423,-10.948639,-10.955604,-3.8242645,24.97286,0.49513733,9.929055e-06,0.79874104,-0.67762154,15.578772,0.9990864,0.23535156,0.0048719337,-10.915794,-10.9226885,-3.8625293,25.260452,0.49927202,2.262978e-06,59.92015,-0.56640077,-7.739792,0.097070895,1.0,0.9989166,0.087890625,0.006392786,-9.897026,-9.901761,-5.052821,119.81933,0.22967541,2.8142003e-10,0.99875164,0.080078125,0.0066388864,-9.882645,-9.88741,-5.008233,102.32702,0.60740256,4.4311204e-09,0.03405677461624145,31106.732694149017,670000
48.403675,-0.4520715,-7.6255174,0.068502225,1.0,0.9991112,0.2626953,0.004817338,-11.091288,-11.098416,-3.7984676,43.498814,0.63291776,2.5496154e-06,1.4375033,-1.1013577,23.682087,0.99910355,0.26660156,0.00480966,-10.991491,-10.998502,-3.820379,30.637535,0.55675906,5.851124e-06,71.452675,-0.56655717,-7.7150326,0.09088108,1.0,0.99890137,0.09277344,0.0064387494,-10.171906,-10.176794,-5.1726527,34.86359,0.16090061,2.7294146e-08,0.9987612,0.080078125,0.006886392,-10.157745,-10.162662,-5.129202,173.09772,1.3953943,1.4851171e-09,0.034942632007598874,31281.44585585594,675000
62.064934,-0.40733558,-7.605688,0.06354499,1.0,0.99910164,0.25976562,0.004950364,-10.559606,-10.566117,-3.8977501,116.323524,0.5446348,1.6973947e-06,1.5558975,-1.7897615,26.640442,0.99909306,0.21972656,0.00499856,-10.553124,-10.559572,-3.9577942,155.5241,0.6429764,8.169088e-07,62.206394,-0.63346314,-7.7139745,0.09061661,1.0,0.9989157,0.09277344,0.006428058,-10.121299,-10.126229,-5.077742,90.954834,0.25396252,4.7826236e-11,0.998806,0.08300781,0.0065657217,-10.160243,-10.165275,-5.0117435,240.31908,0.89164245,1.5309466e-11,0.034620698690414425,31454.549351215363,680000
45.589863,-0.45148054,-7.611497,0.06499725,1.0,0.99910545,0.28222656,0.00466167,-11.36241,-11.370015,-3.5828528,47.19521,0.640224,2.1187993e-06,1.3048393,-1.9265966,25.683842,0.9990969,0.2626953,0.00471388,-11.289839,-11.297325,-3.6299489,50.89357,0.79850394,9.439319e-07,61.888893,-0.65674365,-7.7260523,0.09363608,1.0,0.99888706,0.08886719,0.006345951,-9.985606,-9.990417,-5.063809,23.41798,0.13011244,6.506393e-12,0.9986248,0.080078125,0.0069490196,-9.991468,-9.996373,-4.9735165,292.30096,1.2441082,2.0039755e-08,0.03510681653022766,31630.08343744278,685000
51.558678,-0.39369363,-7.6161556,0.066161856,1.0,0.9991226,0.26660156,0.0049283807,-10.840237,-10.847048,-3.8723736,40.92353,0.6166634,2.8373443e-06,1.139607,-1.1920162,21.584751,0.99911404,0.23339844,0.0049553835,-10.782379,-10.789064,-3.9438272,33.264675,0.572479,1.3907105e-06,69.00246,-0.56913245,-7.7405634,0.09726372,1.0,0.99888515,0.10253906,0.006424257,-10.008974,-10.013769,-5.104231,157.84824,0.28138345,3.5297472e-12,0.99873257,0.08496094,0.0067940764,-9.963641,-9.96845,-5.045377,158.90659,0.886819,1.8184759e-09,0.03474143090248108,31803.790597438812,690000
56.654495,-0.37256724,-7.6146803,0.06579298,1.0,0.9990797,0.24707031,0.0048552314,-11.108274,-11.115369,-3.8513684,37.77506,0.53311205,1.3215705e-06,1.7102885,-2.3570597,28.891136,0.99908066,0.234375,0.004856296,-11.079585,-11.086651,-3.8513262,34.20705,0.5587507,4.9766055e-07,70.80676,-0.6298091,-7.7399197,0.097102776,1.0,0.99892616,0.12011719,0.0061547738,-10.105934,-10.110914,-5.0117464,31.17013,0.14623655,1.015855e-10,0.9987116,0.10058594,0.006635208,-10.098345,-10.103379,-4.94785,79.01223,0.6524301,2.1637332e-08,0.03535035753250122,31980.542392492294,695000
41.59592,-0.46777347,-7.6157994,0.06607291,1.0,0.9991083,0.2578125,0.0048315297,-11.048214,-11.0553255,-3.773489,63.316845,0.65331066,5.3642825e-06,0.72701806,-1.206919,16.837618,0.9990921,0.234375,0.0048709717,-10.936354,-10.943345,-3.7842727,45.83875,0.7485019,1.914717e-05,69.26886,-0.6245531,-7.7252994,0.09344782,1.0,0.99887943,0.10644531,0.0062743425,-10.232414,-10.237567,-4.9612527,147.6395,0.26137468,1.01696524e-11,0.9987612,0.07714844,0.0065709595,-10.165537,-10.1706915,-4.8933973,375.68677,1.2426956,5.491332e-11,0.031483669805526734,32137.960743427277,700000
40.17076,-0.4520979,-7.628708,0.06929988,1.0,0.99909115,0.23535156,0.00484902,-10.843727,-10.850574,-3.8398018,101.275024,0.47685462,4.6975883e-06,1.1269455,-1.5947709,20.436987,0.99907875,0.23730469,0.004902156,-10.760937,-10.767651,-3.8927984,44.894493,0.45975643,2.4461497e-07,63.22157,-0.6795653,-7.710571,0.08976565,1.0,0.9988909,0.11035156,0.0062569575,-10.02401,-10.028964,-4.955064,190.08101,0.41875398,1.3118662e-10,0.99878407,0.09863281,0.006681955,-10.00504,-10.010029,-4.901907,213.04788,0.9582663,3.3414436e-09,0.2262886894226074,33269.404192209244,705000
48.436596,-0.4106748,-7.626045,0.068634294,1.0,0.99910355,0.25878906,0.004874103,-10.932306,-10.939234,-3.8463063,48.24482,0.5709931,1.0837544e-07,1.4798754,-1.0833542,20.253746,0.99909115,0.22265625,0.004923345,-10.87528,-10.882101,-3.897273,25.913242,0.54107547,7.210181e-08,68.93817,-0.7091537,-7.6762223,0.081178516,1.0,0.99890804,0.11425781,0.006297433,-10.19936,-10.204343,-5.1021404,51.1307,0.18805921,1.1131486e-12,0.9987068,0.0859375,0.0069351713,-10.150343,-10.155332,-5.0467234,119.40195,1.0017478,3.8485773e-12,0.015053047752380372,33344.66943216324,710000
48.70766,-0.45547026,-7.623942,0.06810847,1.0,0.999094,0.2626953,0.0048609586,-11.026077,-11.033098,-3.8447633,220.1209,0.7689935,2.7923165e-06,1.1115227,-2.154916,23.64798,0.9990921,0.22851562,0.0049286485,-10.910807,-10.917655,-3.9050462,39.13141,0.5637945,1.688601e-05,66.19854,-0.62906134,-7.7144327,0.09073123,1.0,0.99895096,0.10546875,0.006259289,-10.224405,-10.229463,-5.051524,150.74213,0.2755205,1.1506935e-09,0.99879456,0.09277344,0.0064669903,-10.142683,-10.147717,-4.9924073,124.84918,0.5651876,1.6006163e-07,0.015857574129104615,33423.95730423927,715000
41.24089,-0.51079345,-7.621909,0.06760022,1.0,0.9991007,0.25878906,0.0048521073,-10.95942,-10.966421,-3.7982376,130.36354,0.61328936,2.2324239e-06,2.0511053,-1.6979579,19.27803,0.9990759,0.21777344,0.004915937,-10.845756,-10.8525915,-3.852361,1234.7369,1.7995536,1.3490719e-05,50.333443,-0.65077823,-7.704011,0.08812571,1.0,0.99900913,0.1015625,0.006226464,-10.216949,-10.22195,-5.101883,58.61843,0.17291014,2.0319366e-09,0.998826,0.07714844,0.0067006825,-10.143446,-10.148457,-5.0168667,125.23615,0.8722212,1.8512466e-09,0.015844862651824953,33503.18162107468,720000
50.753983,-0.40270275,-7.613988,0.065619886,1.0,0.9990797,0.25195312,0.004822755,-11.060435,-11.067534,-3.7974434,72.58429,0.50331676,1.4274663e-05,1.1596111,-0.8060894,17.549627,0.9990692,0.23339844,0.0048476495,-10.98362,-10.99064,-3.8022804,61.26383,0.5409598,1.6219183e-05,67.70236,-0.5454688,-7.7166843,0.091294065,1.0,0.99889374,0.095703125,0.006353505,-10.050591,-10.05549,-5.0400496,180.54208,0.32639804,1.9942856e-09,0.9988184,0.08300781,0.0064770957,-10.006588,-10.011488,-4.9936953,243.50099,0.59008056,5.896216e-08,0.015721576929092408,33581.78950691223,725000
52.57625,-0.39562452,-7.6198497,0.0670854,1.0,0.9991112,0.2783203,0.004745329,-11.191994,-11.199295,-3.7216406,91.91958,0.65044266,1.8645815e-07,0.96977615,-0.7003094,19.305904,0.99910164,0.25097656,0.0047486434,-11.105371,-11.1125765,-3.7340283,27.940338,0.5922977,4.7150165e-06,70.50623,-0.59643614,-7.7159567,0.09111217,1.0,0.99898434,0.08300781,0.006332747,-10.039034,-10.043794,-5.16916,59.58232,0.14251706,3.1343042e-10,0.9988556,0.06738281,0.0065984786,-10.003139,-10.007988,-5.0415926,258.37634,1.041261,1.17530465e-08,0.01571318140029907,33660.35541725159,730000
53.719437,-0.40697348,-7.605622,0.06352845,1.0,0.9991026,0.2529297,0.004865244,-10.960261,-10.967245,-3.8146334,90.70497,0.6410042,1.4970743e-06,1.1806448,-1.2140617,22.706064,0.99909115,0.22558594,0.0048611276,-10.877974,-10.88489,-3.802271,29.714777,0.5515308,5.0477906e-06,71.5814,-0.51568365,-7.725219,0.09342773,1.0,0.9988928,0.09375,0.0063240062,-10.258847,-10.263996,-4.9918814,242.1599,0.31370002,1.9920644e-10,0.99885464,0.07714844,0.006437596,-10.222881,-10.228031,-4.9533157,92.05249,0.41544664,4.696134e-11,0.01567264504432678,33738.71864438057,735000
47.26026,-0.45687172,-7.617798,0.066572376,1.0,0.9990959,0.2626953,0.0048720986,-10.909376,-10.916311,-3.815517,140.15608,0.6142882,5.9136287e-06,1.1066006,-1.5494622,21.526764,0.99907875,0.21582031,0.004971261,-10.828629,-10.835391,-3.9106932,18.377728,0.46469402,2.283944e-06,60.07713,-0.6918379,-7.7164955,0.09124691,1.0,0.9989109,0.09765625,0.006270754,-10.121407,-10.126392,-5.0197105,76.34382,0.2557468,3.3229727e-10,0.99871635,0.08105469,0.006548297,-10.088526,-10.093558,-4.940492,49.49441,0.38520628,5.0559102e-11,0.0186674596786499,33832.05594944954,740000
48.32985,-0.4643991,-7.62261,0.0677755,1.0,0.9991112,0.26464844,0.0048345053,-11.032687,-11.03978,-3.7777495,312.1008,0.68634415,2.438967e-08,1.3219798,-0.86992675,20.391455,0.99909973,0.2265625,0.004875499,-10.984512,-10.991506,-3.8304195,53.068707,0.54644424,5.076394e-06,62.219143,-0.611938,-7.6943,0.08569803,1.0,0.99890137,0.0859375,0.0063477485,-10.112556,-10.117451,-5.1064816,44.29226,0.16328666,1.9363845e-10,0.9987707,0.076171875,0.006592525,-10.128319,-10.133236,-5.0977707,207.39749,0.61192095,1.2207465e-08,0.027001465225219727,33967.06327676773,745000
41.250725,-0.45856237,-7.6232815,0.067943364,1.0,0.9991064,0.2626953,0.004886067,-10.918935,-10.925838,-3.8553953,83.98453,0.6041487,2.0691559e-07,0.86754894,-0.9864484,16.590881,0.99910164,0.24121094,0.0049046706,-10.887367,-10.894194,-3.9045517,24.225992,0.49841747,6.6008934e-06,80.34001,-0.48856848,-7.719371,0.09196581,1.0,0.99892426,0.09082031,0.0063846554,-10.052496,-10.057231,-5.2094784,24.331957,0.12781873,1.012521e-08,0.9988909,0.06640625,0.0064413995,-10.038941,-10.043639,-5.233411,91.97413,0.35547557,9.2013714e-08,0.03310623736381531,34132.5944685936,750000
56.342674,-0.4326495,-7.6121607,0.06516317,1.0,0.9990864,0.27148438,0.0048798528,-10.99685,-11.003872,-3.8133173,57.08565,0.57814926,3.8018058e-07,0.93522066,-1.0177448,21.498156,0.9990816,0.2548828,0.0049172896,-10.944187,-10.951117,-3.8555417,119.531494,0.67775995,2.2694446e-06,60.070465,-0.6461252,-7.738945,0.09685922,1.0,0.998888,0.07910156,0.006295181,-10.177788,-10.182802,-5.0476475,10.578754,0.1369848,4.1364665e-11,0.99880123,0.07519531,0.0064158617,-10.158508,-10.163579,-4.9709506,79.50794,0.29974714,3.73263e-09,0.03456396913528442,34305.41431641579,755000
53.15763,-0.4407828,-7.6077375,0.06405732,1.0,0.9990835,0.25,0.004876946,-11.034342,-11.041365,-3.8491974,87.09206,0.6224005,3.891189e-08,1.3527522,-1.3166924,21.164131,0.999074,0.21289062,0.0049079433,-10.989615,-10.996522,-3.9240324,57.29632,0.45679212,4.062523e-07,73.99208,-0.54057324,-7.723016,0.092876896,1.0,0.99894047,0.09375,0.0062375967,-10.20998,-10.21503,-5.0440226,46.13765,0.17196932,1.9439086e-09,0.9988241,0.08984375,0.0065075974,-10.219944,-10.224981,-5.0655737,81.21737,0.37509042,1.3029271e-09,0.034182106065750124,34476.32485079765,760000
44.24269,-0.5197389,-7.6032424,0.062933475,1.0,0.99910545,0.25878906,0.0048016505,-11.126167,-11.133327,-3.802021,57.664227,0.61748177,4.8595543e-06,0.76135147,-0.82115805,16.019047,0.999094,0.24316406,0.004850722,-11.018821,-11.025829,-3.8490987,36.31202,0.55694157,1.9362803e-07,64.29002,-0.6823307,-7.714205,0.09067413,1.0,0.9988451,0.09667969,0.0064223353,-10.326765,-10.331858,-5.116684,165.52643,0.31993023,3.807284e-11,0.99872017,0.0859375,0.006855743,-10.277265,-10.282468,-4.954983,217.8424,1.4366306,1.5520459e-10,0.034952872371673584,34651.089216947556,765000
47.831226,-0.44638842,-7.627347,0.068959676,1.0,0.9990883,0.2421875,0.004892771,-10.918629,-10.925468,-3.9216201,44.685623,0.40604597,3.3503483e-08,2.275995,-1.3586426,24.865877,0.9990759,0.22949219,0.0049507143,-10.76395,-10.770585,-3.9769413,19.890518,0.3822043,8.596212e-07,60.72043,-0.6904373,-7.7253327,0.0934561,1.0,0.99890137,0.09375,0.0065298537,-10.128585,-10.13347,-5.130891,179.72984,0.34374362,8.3935605e-14,0.9986429,0.08203125,0.006699027,-10.080429,-10.08537,-5.026171,146.53134,0.5653131,1.1852192e-11,0.03399389758110046,34821.05870652199,770000
52.420906,-0.4379565,-7.618397,0.06672223,1.0,0.9990883,0.2607422,0.0048819995,-10.964523,-10.9714365,-3.8923333,35.003685,0.48301002,2.2081994e-07,1.672084,-1.2075686,20.577116,0.99909496,0.22949219,0.0049272943,-10.839465,-10.8462105,-3.9396048,36.268013,0.48963645,1.1163738e-05,71.225006,-0.5632466,-7.707149,0.08891026,1.0,0.99891853,0.1015625,0.0061910264,-10.194905,-10.200004,-4.9800043,86.3673,0.20847914,2.5264333e-09,0.9988136,0.09667969,0.0063907765,-10.128648,-10.133751,-4.9085197,117.510216,0.7095989,7.0033083e-11,0.03540582571029663,34998.087841033936,775000
52.448463,-0.43728375,-7.621989,0.067620166,1.0,0.9990959,0.25390625,0.0047521507,-11.02364,-11.030762,-3.7379284,852.9245,0.93483233,3.347124e-07,1.468055,-1.4655182,21.245686,0.9990902,0.24121094,0.0047555612,-10.977054,-10.984106,-3.7628183,50.735687,0.49729925,9.1359496e-08,63.03978,-0.6653322,-7.6894984,0.08449768,1.0,0.99884605,0.103515625,0.006394214,-10.390533,-10.395799,-5.003273,61.501934,0.19557723,3.1206257e-10,0.9985533,0.080078125,0.006830276,-10.37397,-10.379282,-4.9382234,56.544422,0.55365694,2.0588836e-08,0.0354459086894989,35175.31738591194,780000
47.800327,-0.37772828,-7.6174135,0.0664763,1.0,0.99909306,0.25390625,0.004816673,-10.984076,-10.991151,-3.746317,33.165627,0.5789256,6.7019425e-07,1.1266341,-1.180534,20.641346,0.9990959,0.22753906,0.004840723,-10.92253,-10.929499,-3.79394,38.071957,0.63323927,1.17746495e-05,68.760864,-0.64035606,-7.74133,0.097455546,1.0,0.9987993,0.08886719,0.0066267205,-10.360859,-10.366054,-5.0466995,264.17255,0.48078185,2.3695402e-07,0.99856186,0.07324219,0.007076606,-10.34747,-10.352765,-4.9300175,91.29851,0.8791264,4.2277568e-07,0.035334428453445435,35351.98953175545,785000
57.94722,-0.42382538,-7.61576,0.06606286,1.0,0.999115,0.27539062,0.0047559068,-11.001311,-11.008406,-3.7440515,120.551735,0.66110575,1.1392846e-06,1.18464,-1.1995916,22.308643,0.9991026,0.24804688,0.004802047,-10.893568,-10.900485,-3.8174334,27.902872,0.5317905,1.9220636e-06,55.400913,-0.7264497,-7.73298,0.09536791,1.0,0.99894524,0.091796875,0.0063664126,-10.077531,-10.082238,-5.261608,450.42746,0.35758737,2.3668897e-10,0.99890995,0.09082031,0.0063646594,-9.985701,-9.990403,-5.1746464,250.44841,0.48986027,4.1000767e-10,0.035297738647460934,35528.4782269001,790000
48.52152,-0.4293163,-7.6125336,0.06525636,1.0,0.9991102,0.27441406,0.0047274563,-11.129082,-11.136342,-3.7023892,73.41343,0.7249032,5.393249e-08,2.4628873,-2.0786624,26.21897,0.9991026,0.25390625,0.0047414657,-11.013035,-11.020167,-3.716408,37.773643,0.7109524,3.6384805e-07,69.68527,-0.6795315,-7.7226014,0.092773326,1.0,0.99895096,0.09863281,0.0062973676,-10.225477,-10.23048,-5.1073713,160.70155,0.33002663,3.955566e-12,0.99871254,0.0859375,0.0067004375,-10.156063,-10.16103,-5.07458,33.742634,0.30663872,5.920066e-10,0.035210423517227175,35704.53034901619,795000
48.55632,-0.43370906,-7.6089754,0.06436686,1.0,0.999073,0.2578125,0.004911186,-11.0029545,-11.009907,-3.8912709,309.30453,0.6453859,2.9273385e-06,1.0894687,-1.248216,20.281166,0.9990711,0.21972656,0.004929005,-10.896314,-10.9031725,-3.8802812,39.532177,0.52772605,9.470153e-06,66.74747,-0.66685545,-7.7437806,0.098068155,1.0,0.99893284,0.09863281,0.0063350922,-10.175019,-10.179939,-5.141463,46.642223,0.15936399,5.80161e-10,0.99872875,0.078125,0.0067235,-10.095596,-10.100525,-5.0534906,596.09607,1.5016167,1.02399034e-10,0.03545392875671387,35881.79999423027,800000
59.22113,-0.39726985,-7.6356716,0.07104085,1.0,0.9990902,0.23535156,0.004913403,-10.94254,-10.949434,-3.8907676,86.77295,0.49632022,4.7931354e-07,1.0457356,-1.1084418,23.434898,0.9990816,0.21972656,0.004964496,-10.909971,-10.916777,-3.946866,106.92807,0.66209704,3.318669e-06,78.51198,-0.53925806,-7.7137556,0.09056203,1.0,0.99892426,0.111328125,0.0062647564,-10.224758,-10.229813,-5.0542583,63.354805,0.14974287,1.1720297e-08,0.99887276,0.08300781,0.006446518,-10.282061,-10.287138,-5.086453,59.578487,0.3911146,1.0366761e-09,0.2464575746536255,37114.087872982025,805000
52.13159,-0.46820936,-7.620757,0.06731215,1.0,0.9990959,0.2529297,0.0048273643,-11.147673,-11.154862,-3.7923617,267.79364,0.8617528,6.9539004e-07,1.2153245,-1.8285551,25.199558,0.9990835,0.24707031,0.0048601264,-11.066439,-11.073533,-3.808747,56.544094,0.66961575,9.281378e-08,60.329597,-0.73411036,-7.7135134,0.09050121,1.0,0.9989643,0.09082031,0.0061936732,-10.13689,-10.141868,-5.0456476,9.199456,0.1031197,8.655758e-10,0.9989033,0.07714844,0.006435967,-10.097748,-10.102719,-5.011329,350.4676,1.8193494,9.623412e-10,0.015426911163330078,37191.222430467606,810000
46.818504,-0.44281727,-7.621173,0.067416266,1.0,0.99908924,0.24121094,0.0049123103,-10.8622055,-10.868969,-3.9422493,40.561996,0.37159824,1.338909e-07,4.7789,-2.6577,25.629358,0.9990835,0.23144531,0.0049112476,-10.797184,-10.803908,-3.9168553,28.740831,0.41735488,6.3096486e-06,60.361874,-0.7028625,-7.7234364,0.092982024,1.0,0.9989643,0.10644531,0.0062220376,-10.111042,-10.115907,-5.1343517,42.243122,0.13334535,1.5016491e-09,0.99890614,0.07519531,0.0064344825,-10.066235,-10.071036,-5.1534414,113.332794,0.40045327,1.0899452e-09,0.015405516386032105,37268.250017404556,815000
54.140327,-0.41771,-7.6135745,0.06551657,1.0,0.99909496,0.2626953,0.004838376,-11.158304,-11.165481,-3.8166628,101.99815,0.53993803,1.6293403e-06,1.10404,-1.8632544,23.194841,0.9990921,0.23730469,0.004884322,-11.053204,-11.060223,-3.873094,36.52457,0.55614066,4.961169e-06,61.54077,-0.7838444,-7.7178717,0.091590896,1.0,0.99889755,0.08984375,0.006473856,-10.229158,-10.234125,-5.1484785,47.279922,0.24634007,3.387207e-10,0.9986143,0.07714844,0.007442655,-10.234324,-10.239365,-5.077965,221.38734,1.8705753,1.0076183e-11,0.015420028829574585,37345.35016322136,820000
45.647568,-0.43004742,-7.606481,0.063743174,1.0,0.99908733,0.23339844,0.004949412,-10.680977,-10.687597,-3.9077663,51.653236,0.54297256,1.1130676e-05,1.3238325,-1.3363419,21.151934,0.9990835,0.21289062,0.004997128,-10.621733,-10.628245,-3.9601922,46.0597,0.5776052,8.873557e-06,58.98365,-0.6294892,-7.7336745,0.09554167,1.0,0.99888897,0.08886719,0.006251647,-10.048405,-10.05337,-4.968451,160.37093,0.24757087,8.534555e-11,0.9989004,0.07714844,0.0063867616,-10.004619,-10.009491,-5.020989,494.56454,1.7107453,7.973602e-10,0.015411836624145508,37422.409348249435,825000
49.141815,-0.44846326,-7.6041603,0.06316295,1.0,0.99910164,0.24804688,0.004830401,-11.031663,-11.038721,-3.8125467,225.82896,0.7495649,4.2120377e-07,1.6630228,-1.3743844,24.05811,0.9990959,0.23144531,0.0048682992,-10.943716,-10.950618,-3.8827906,71.829094,0.5680047,1.1122867e-05,72.41167,-0.62908435,-7.7071733,0.08891627,1.0,0.9987984,0.08203125,0.0065317256,-10.392419,-10.397581,-5.1108656,32.575844,0.18052635,1.5926296e-13,0.99865246,0.076171875,0.006907379,-10.322014,-10.327226,-4.9906845,160.44641,0.72937095,1.9896066e-11,0.018077933073043822,37512.79901576042,830000
52.106888,-0.402902,-7.607733,0.06405624,1.0,0.9991236,0.27441406,0.004773939,-11.071226,-11.078391,-3.740912,29.40435,0.5649004,9.733049e-09,2.5864406,-1.0298872,22.245747,0.99911404,0.2421875,0.0048407456,-10.984677,-10.991693,-3.8075504,40.022648,0.62482285,3.0456636e-06,73.01248,-0.6292801,-7.7167172,0.09130235,1.0,0.99895763,0.11816406,0.006112354,-10.261176,-10.266295,-5.024068,34.660713,0.13951588,3.1922998e-08,0.9987354,0.10058594,0.0068700276,-10.220934,-10.22616,-4.874751,122.567276,1.1698456,5.1463232e-08,0.022379800748825073,37624.69802260399,835000
52.068203,-0.43408808,-7.6060047,0.063624084,1.0,0.99909973,0.2607422,0.0048315665,-11.019795,-11.026828,-3.824977,193.51152,0.5989636,2.2877295e-05,0.90462,-2.986691,20.413082,0.9990921,0.234375,0.0048880153,-10.952726,-10.959632,-3.8890684,19.40083,0.4534813,1.6968055e-06,57.84206,-0.705569,-7.7096477,0.08953482,1.0,0.9989939,0.109375,0.0061216997,-10.315915,-10.321107,-5.006218,31.310984,0.15695296,7.6711215e-10,0.9987583,0.083984375,0.006822098,-10.274169,-10.279449,-4.872959,539.2258,3.2093506,2.6009596e-07,0.022633390140533446,37737.864974975586,840000
48.60473,-0.40279335,-7.625972,0.068615906,1.0,0.9991026,0.26171875,0.0048015667,-11.150954,-11.158158,-3.781673,166.1017,0.6428597,1.0534488e-06,0.84892267,-1.2848387,17.815876,0.99910927,0.24609375,0.0048080217,-11.047361,-11.054407,-3.8397527,34.574768,0.52278596,4.140021e-06,68.70215,-0.6885282,-7.6976924,0.086546056,1.0,0.99894524,0.09667969,0.0064021964,-10.093456,-10.09822,-5.220171,86.918015,0.18355371,1.6095629e-13,0.9987831,0.07714844,0.006638374,-10.0486145,-10.053397,-5.1561317,205.33076,0.74612224,3.249378e-10,0.0229403715133667,37852.56683588028,845000
39.153393,-0.50248176,-7.612099,0.06514776,1.0,0.9991121,0.27148438,0.0048148953,-11.180082,-11.187313,-3.7839916,78.58093,0.6373514,1.1691879e-05,0.6210706,-1.3789369,16.46339,0.99909306,0.2529297,0.004841243,-11.058773,-11.065905,-3.7634068,104.98963,0.7062947,3.1571371e-06,69.148224,-0.73554814,-7.7429423,0.09785849,1.0,0.9989805,0.08886719,0.00625299,-10.063316,-10.068149,-5.119205,55.62209,0.17410639,1.2455783e-09,0.9987364,0.072265625,0.0069414293,-9.9896145,-9.994524,-4.965892,608.35144,2.986648,1.0512293e-09,0.026336399745941163,37984.2488360405,850000
52.600548,-0.41509187,-7.6123695,0.065215304,1.0,0.9991007,0.24902344,0.00480297,-11.084787,-11.091934,-3.7731981,78.86073,0.7078526,2.285347e-06,0.76007843,-1.043848,18.686016,0.9991026,0.24609375,0.004862302,-11.095568,-11.102654,-3.8455038,173.70842,0.83819616,4.6732248e-07,71.36389,-0.620785,-7.725443,0.093483634,1.0,0.9989357,0.10644531,0.006262356,-10.151909,-10.156918,-5.028326,32.9093,0.16654652,2.5116623e-10,0.99884415,0.091796875,0.0064201932,-10.171162,-10.176234,-4.982088,59.609802,0.51353824,1.8208351e-10,0.030357842397689818,38136.038049697876,855000
53.402233,-0.41239613,-7.621051,0.067385666,1.0,0.9991102,0.25683594,0.0048607592,-11.055043,-11.062119,-3.8176405,68.05252,0.71071005,2.0756056e-06,1.4110701,-1.2443253,20.172691,0.9991083,0.24707031,0.0048665586,-11.010759,-11.017775,-3.8332481,53.53198,0.6888257,5.3225576e-06,68.0975,-0.5952598,-7.6932282,0.085430056,1.0,0.99884605,0.08984375,0.006344291,-10.282315,-10.287531,-4.9468184,71.140076,0.25065273,4.4594985e-09,0.99876785,0.07519531,0.0064099506,-10.273935,-10.279151,-4.9390335,87.39358,0.38916212,4.5241953e-07,0.0333762134552002,38302.919119119644,860000
57.957745,-0.3938465,-7.6148286,0.06583009,1.0,0.9991131,0.2626953,0.0048332824,-11.004629,-11.011612,-3.8617418,48.66512,0.48389432,2.0325045e-07,0.93928856,-1.0630732,24.656626,0.9991026,0.21875,0.0049069384,-10.943207,-10.950068,-3.923408,26.283289,0.48824352,1.3512053e-07,67.898026,-0.6110409,-7.702019,0.08762771,1.0,0.99892807,0.080078125,0.006386407,-10.119339,-10.124095,-5.2531767,41.50414,0.14249277,5.4072694e-11,0.9988537,0.08105469,0.0065849116,-10.096093,-10.100925,-5.152676,76.460655,0.6090355,4.8380446e-09,0.03360581645965576,38470.94820308685,865000
49.27031,-0.474365,-7.617168,0.06641498,1.0,0.99908733,0.23730469,0.0050368616,-10.999559,-11.006367,-4.0357103,36.89136,0.48044944,2.3915914e-07,1.0983657,-1.104925,20.327343,0.9990854,0.22070312,0.005031051,-10.900318,-10.907033,-4.030639,22.233625,0.507484,1.7707958e-06,51.988865,-0.7968192,-7.7175364,0.09150703,1.0,0.99895287,0.11035156,0.0062845116,-10.1287365,-10.133613,-5.1419888,9.284584,0.10274197,5.1504645e-09,0.99875736,0.080078125,0.0065957983,-10.009246,-10.014116,-5.026333,130.18301,0.5617418,1.0764876e-08,0.033577670764923094,38638.83656191826,870000
50.453785,-0.4195032,-7.600204,0.062173963,1.0,0.99909496,0.26660156,0.0048588403,-11.098202,-11.105274,-3.8630583,111.55599,0.5585182,1.2194522e-07,1.5593777,-1.0281303,20.923199,0.9990845,0.23925781,0.0048894864,-11.041066,-11.048018,-3.9295573,18.608976,0.45499772,5.4185007e-06,74.137955,-0.59625137,-7.7286987,0.09429769,1.0,0.9989548,0.08886719,0.0063976175,-10.304703,-10.309695,-5.1975346,32.813583,0.1789873,1.8700404e-10,0.9988909,0.06640625,0.006624983,-10.252171,-10.257096,-5.212103,112.85704,0.5064268,1.0579159e-08,0.03282233557701111,38802.94824171066,875000
54.848213,-0.39954823,-7.6059628,0.06361372,1.0,0.99910164,0.26660156,0.0048452737,-11.270856,-11.278129,-3.8316746,38.01892,0.5388449,1.5419935e-09,1.9003955,-1.7396102,27.545456,0.9990864,0.24414062,0.004863535,-11.207656,-11.214832,-3.8658037,29.030588,0.53259814,1.3292519e-06,71.263885,-0.6694522,-7.6872406,0.083933085,1.0,0.9989071,0.08886719,0.00639422,-10.2888975,-10.293912,-5.1601644,55.842827,0.21802247,3.6070044e-10,0.99879265,0.072265625,0.0068619587,-10.289414,-10.294395,-5.1927547,120.76577,0.9416523,1.01122694e-10,0.032927597904205325,38967.586235523224,880000
56.22011,-0.4307474,-7.6223335,0.06770632,1.0,0.9990921,0.2705078,0.004795389,-11.191327,-11.198612,-3.738586,33.79773,0.58691514,2.8355505e-08,1.6896944,-1.5508573,24.916737,0.999094,0.25195312,0.004791761,-11.066154,-11.073353,-3.701376,147.99127,0.79874325,7.3905554e-10,65.35806,-0.6931702,-7.727084,0.093893975,1.0,0.99895763,0.09667969,0.006430822,-10.3862705,-10.391328,-5.2129865,32.5395,0.12201689,1.3405431e-09,0.9987154,0.07910156,0.0069953054,-10.34786,-10.3529825,-5.107546,121.86707,0.9361651,4.8020954e-10,0.032768857049942014,39131.43052697182,885000
47.00733,-0.46853286,-7.6113515,0.06496087,1.0,0.9991045,0.2705078,0.00488183,-11.11141,-11.118468,-3.8904963,60.45352,0.6247034,2.9254823e-08,1.0636632,-1.6870248,18.377796,0.99910736,0.24609375,0.0048624235,-10.963823,-10.970753,-3.8755393,16.514366,0.5146651,4.763488e-07,66.92349,-0.6059421,-7.719355,0.09196173,1.0,0.9988537,0.09765625,0.006439369,-10.177647,-10.182599,-5.1115007,18.703442,0.19110408,4.6667625e-09,0.9988127,0.076171875,0.0065574935,-10.103161,-10.108025,-5.1264286,12.841501,0.19747382,4.7999e-09,0.032823666667938234,39295.54886388779,890000
50.785748,-0.5075979,-7.6423254,0.07270436,1.0,0.99910927,0.2734375,0.0047253603,-11.293691,-11.301124,-3.689177,56.017647,0.6927726,3.325888e-07,2.7534618,-1.6373914,27.948347,0.9990921,0.24707031,0.0047589694,-11.224985,-11.232311,-3.7304864,72.396286,0.68792397,6.9483817e-06,59.42453,-0.7423524,-7.726625,0.093779236,1.0,0.99898434,0.10839844,0.006250186,-9.895942,-9.900584,-5.1459126,39.661808,0.13150248,1.0039112e-09,0.99888706,0.087890625,0.0064065806,-9.868204,-9.872889,-5.0764713,69.96028,0.41261163,8.4062024e-10,0.03297500329017639,39460.423882722855,895000
56.52899,-0.46240625,-7.625865,0.068589084,1.0,0.9991045,0.26660156,0.0048064487,-11.106934,-11.114081,-3.7950702,93.291,0.6599546,2.3880486e-06,1.0327786,-1.7168955,22.913616,0.99909496,0.23730469,0.0048909946,-11.041735,-11.048732,-3.8846354,74.3161,0.717291,1.5107836e-05,66.10769,-0.6610987,-7.715156,0.090911984,1.0,0.9988127,0.1015625,0.006305408,-10.532575,-10.537995,-4.9870086,45.568962,0.18153766,9.507169e-12,0.99872684,0.09277344,0.0065529672,-10.470263,-10.475682,-4.926451,35.21442,0.35675377,5.2177134e-12,0.03257165384292603,39623.282153606415,900000
62.836197,-0.3952031,-7.5987835,0.061818883,1.0,0.99909973,0.24804688,0.0049054115,-10.872263,-10.8791275,-3.8492017,67.92608,0.5598403,4.1697462e-10,3.8590064,-3.185848,36.028187,0.99909306,0.22558594,0.0049319672,-10.8248825,-10.831677,-3.8748307,47.389122,0.54606444,5.3097054e-08,70.58198,-0.75371885,-7.7103577,0.08971242,1.0,0.99895954,0.1015625,0.0062080077,-10.211796,-10.216784,-5.109271,178.78917,0.22451219,2.8678723e-10,0.9988613,0.07324219,0.0064934846,-10.167651,-10.172703,-4.9995832,2831.3076,3.259417,2.6147397e-11,0.2601685355186462,40924.124834775925,905000
56.739883,-0.45698857,-7.607165,0.063914165,1.0,0.9990921,0.2421875,0.004902339,-10.988567,-10.995534,-3.861337,367.9223,0.7133124,7.493557e-08,1.484235,-2.1433184,27.288702,0.9990778,0.23046875,0.0049340595,-10.93226,-10.939167,-3.8665936,66.22499,0.64014024,3.4483446e-07,74.13829,-0.6528504,-7.7151775,0.090917334,1.0,0.9988518,0.103515625,0.006393281,-10.545841,-10.551257,-5.0065403,162.07668,0.49191216,2.003726e-09,0.9987192,0.07714844,0.006671136,-10.459846,-10.465186,-4.9960537,82.03183,0.42829755,2.0641908e-09,0.009430000686645507,40971.27484154701,910000
49.742065,-0.46728772,-7.6294785,0.06949269,1.0,0.99909496,0.26660156,0.0046701347,-11.216921,-11.224327,-3.6416728,97.22578,0.53846645,1.6185111e-05,1.2417799,-1.2735339,24.602009,0.99908924,0.24902344,0.004733717,-11.119448,-11.126696,-3.7063103,14.649784,0.48501906,1.960138e-05,70.13397,-0.68624496,-7.711291,0.089945614,1.0,0.99896336,0.09375,0.00629967,-10.203719,-10.20869,-5.119254,15.405282,0.13067362,1.1700271e-10,0.99889374,0.08203125,0.0064970297,-10.14912,-10.15404,-5.116622,69.95641,0.42794526,1.6451288e-10,0.009449266624450683,41018.521176338196,915000
58.45688,-0.4279077,-7.6196265,0.06702961,1.0,0.9990921,0.24609375,0.004829658,-11.149399,-11.156542,-3.8425791,131.71431,0.54190135,4.575302e-06,0.9300447,-2.2309546,23.515175,0.9990883,0.23046875,0.0048396676,-11.046436,-11.053464,-3.8572712,345.81583,0.76163644,1.5457408e-05,67.610306,-0.62177306,-7.7241173,0.09315232,1.0,0.9989557,0.08203125,0.006328428,-10.248401,-10.253303,-5.2340517,269.17706,0.24622509,8.666607e-11,0.9989338,0.07324219,0.0063313246,-10.163987,-10.1688385,-5.201248,514.101,0.813693,1.0531585e-08,0.009484363555908202,41065.94299578667,920000
52.58424,-0.45774165,-7.60386,0.063087955,1.0,0.9990959,0.25390625,0.004913892,-11.067162,-11.07419,-3.8764267,26.636974,0.5216614,1.6434306e-08,0.9178289,-1.2165116,18.49009,0.9990978,0.23632812,0.004931164,-10.99618,-11.003131,-3.8846555,15.654982,0.44673452,1.3560605e-09,74.9176,-0.64345455,-7.7324867,0.09524468,1.0,0.9989157,0.095703125,0.0063313595,-10.340005,-10.345157,-5.0695977,18.402044,0.15278302,1.424037e-09,0.9988308,0.08886719,0.0065681543,-10.28402,-10.289109,-5.077763,341.79605,0.7442639,5.4675275e-10,0.010171508312225342,41116.80054092407,925000
57.856018,-0.41425228,-7.6065354,0.06375681,1.0,0.9991026,0.2685547,0.0046306234,-11.468838,-11.476553,-3.576643,39.898754,0.6444996,6.067903e-07,1.9236661,-1.078729,21.680977,0.99910164,0.25097656,0.0046857763,-11.3606205,-11.368161,-3.6456382,36.089607,0.60179216,7.411515e-07,65.43834,-0.641935,-7.7182817,0.091693304,1.0,0.9988775,0.091796875,0.0063733375,-10.491567,-10.496841,-5.0954237,32.016727,0.17766954,2.0754402e-11,0.99874973,0.07128906,0.0066012344,-10.399332,-10.404572,-5.039042,112.161125,0.6500233,1.3561224e-09,0.014614706134796143,41189.87407326698,930000
55.532703,-0.38723177,-7.6033144,0.06295151,1.0,0.9991026,0.26953125,0.004826155,-10.9266205,-10.933589,-3.797508,83.419334,0.6071204,2.232738e-07,0.9955317,-0.8377637,19.330843,0.99909306,0.25585938,0.00482681,-10.885813,-10.892746,-3.7930171,40.816975,0.61872196,4.4159738e-06,69.1048,-0.6727768,-7.7298827,0.09459364,1.0,0.99893856,0.0859375,0.006450652,-10.282709,-10.287677,-5.2009726,99.61218,0.24748409,1.3706916e-11,0.99881935,0.07519531,0.0066284942,-10.264184,-10.269245,-5.086991,37.37254,0.5087749,6.6781597e-10,0.014761330080032348,41263.68073010445,935000
51.171654,-0.44246483,-7.6206765,0.06729217,1.0,0.9991169,0.27539062,0.0046790456,-11.413147,-11.42072,-3.6652217,54.13631,0.6479614,5.8132275e-07,1.3961779,-1.5814016,24.655094,0.9991026,0.25976562,0.004718099,-11.382319,-11.389834,-3.6946564,65.32733,0.76064754,3.258699e-11,74.805176,-0.67968035,-7.7033787,0.08796772,1.0,0.9989853,0.09765625,0.0062676575,-10.383081,-10.388219,-5.1278906,18.77429,0.13483308,2.027091e-12,0.9988375,0.061523438,0.00654856,-10.3137455,-10.318884,-5.057411,2130.6545,2.5143244,1.2060689e-08,0.014900242137908935,41338.18194270134,940000
47.89647,-0.41711435,-7.6068506,0.063835524,1.0,0.9991026,0.28027344,0.0048223166,-11.124868,-11.132009,-3.8202798,109.45606,0.5856478,1.5010093e-07,1.1257252,-1.258464,19.735836,0.9990902,0.23828125,0.004841158,-11.096788,-11.103895,-3.8258543,37.962,0.44478416,3.0543416e-07,81.95782,-0.63022614,-7.752271,0.10019077,1.0,0.9989195,0.11425781,0.006398757,-10.40211,-10.407285,-5.1078224,81.83715,0.21261334,5.5410054e-10,0.9987564,0.087890625,0.0066577564,-10.307811,-10.312901,-5.1004705,30.327374,0.29778588,1.1007553e-08,0.014903356409072876,41412.69872832298,945000
56.864044,-0.42783535,-7.6020226,0.06262863,1.0,0.99907875,0.25,0.004769369,-11.575651,-11.583344,-3.7052898,50.828648,0.66467255,3.1061782e-06,1.1929845,-0.91930145,20.006516,0.9990835,0.23046875,0.0047796695,-11.528096,-11.535715,-3.7350335,204.521,0.83308506,4.6112805e-07,68.13228,-0.57912135,-7.7154016,0.09097327,1.0,0.99895,0.09863281,0.006165619,-10.186525,-10.191592,-5.0031347,28.440409,0.14352347,8.169403e-10,0.9988699,0.08203125,0.006336548,-10.163347,-10.168413,-4.982175,59.49772,0.34257537,1.0583175e-08,0.014989881467819214,41487.64813709259,950000
47.81981,-0.42357063,-7.6176805,0.0665431,1.0,0.9991007,0.2607422,0.004776221,-11.285801,-11.293125,-3.793603,125.271034,0.59098035,1.2760386e-05,0.72344005,-0.91051424,16.398361,0.9990959,0.24902344,0.0048059374,-11.178221,-11.18539,-3.8439393,19.70055,0.49483252,1.5337615e-05,77.0805,-0.6120968,-7.744046,0.09813447,1.0,0.9989939,0.09277344,0.0062797586,-10.20503,-10.210006,-5.115196,246.95668,0.30807462,9.474269e-10,0.99882126,0.07519531,0.006459947,-10.183586,-10.188565,-5.089201,14.503985,0.20981997,2.264624e-09,0.014360505199432372,41559.45066666603,955000
60.228905,-0.42341447,-7.607546,0.06400946,1.0,0.9990864,0.24316406,0.004845382,-11.1543865,-11.161534,-3.8407078,194.58438,0.6774423,5.6380795e-06,3.0151825,-2.135326,32.41289,0.9990864,0.22949219,0.0049093678,-11.076665,-11.083699,-3.8803394,214.05313,0.7684624,5.712662e-06,59.36895,-0.7491359,-7.750147,0.09965963,1.0,0.9989176,0.09667969,0.00638547,-10.194786,-10.199746,-5.1215553,79.631134,0.28115797,1.03524136e-13,0.9987278,0.080078125,0.0067012403,-10.095793,-10.100783,-4.9902077,66.812744,0.55647254,2.6696318e-09,0.014838748502731322,41633.64441084862,960000
52.854412,-0.47406334,-7.610042,0.06463352,1.0,0.9990902,0.27441406,0.0047317306,-11.310449,-11.317905,-3.6839776,52.55798,0.56858504,9.741528e-07,1.3224931,-1.8679931,21.805027,0.9990778,0.24414062,0.0047667213,-11.223669,-11.230996,-3.7285202,124.35213,0.7978138,9.553388e-06,64.7493,-0.72782683,-7.7090116,0.08937585,1.0,0.9989748,0.09375,0.0063215187,-10.256831,-10.261805,-5.1693754,24.088306,0.11795978,6.6991497e-09,0.99872494,0.08496094,0.0066914437,-10.209682,-10.214702,-5.0750866,2827.4287,3.0732975,1.4163298e-10,0.014964650297164917,41708.467667102814,965000
51.493343,-0.42356646,-7.6101875,0.06466984,1.0,0.9991112,0.2529297,0.004799214,-11.253357,-11.26066,-3.782455,106.45433,0.73881996,3.924125e-08,0.9796041,-0.951311,21.90942,0.9991112,0.23632812,0.0048148567,-11.192375,-11.199572,-3.830515,87.90187,0.6536742,2.411302e-06,71.29784,-0.61625016,-7.7317095,0.09505034,1.0,0.9989538,0.09277344,0.006221165,-10.1903515,-10.195358,-5.068386,45.631702,0.18679981,1.2614494e-08,0.9988899,0.08496094,0.0063574356,-10.192322,-10.197329,-5.0700855,36.94817,0.30545092,7.3479455e-08,0.014983667373657226,41783.38600540161,970000
53.649544,-0.3545287,-7.6073327,0.06395617,1.0,0.99907875,0.27148438,0.004840233,-11.084951,-11.092066,-3.8067212,64.7945,0.50304645,9.181828e-07,1.5103312,-1.3865741,22.980167,0.9990854,0.23144531,0.004860891,-11.024194,-11.031212,-3.8448327,57.398426,0.6096082,6.880112e-07,64.926254,-0.7464088,-7.7095118,0.089500904,1.0,0.9989052,0.111328125,0.0063377693,-10.461665,-10.466956,-5.049287,107.38733,0.32630643,2.8325568e-11,0.9986839,0.091796875,0.006710854,-10.402057,-10.407405,-4.93058,58.22675,0.68098336,1.502829e-10,0.019897700929641722,41882.87451124191,975000
55.088226,-0.4117375,-7.6070347,0.063881695,1.0,0.9990959,0.24902344,0.0048122397,-11.20246,-11.209713,-3.7831068,51.35649,0.5519761,1.730886e-06,0.89219165,-1.1008916,20.632278,0.99910355,0.23046875,0.004861307,-11.118254,-11.12536,-3.8483624,55.820145,0.56180286,1.9532823e-05,64.32493,-0.6757587,-7.7274714,0.09399071,1.0,0.9989567,0.099609375,0.0064566294,-10.203115,-10.207977,-5.228822,30.532043,0.17581022,6.651655e-10,0.9988222,0.083984375,0.0067434194,-10.141681,-10.146525,-5.1848936,322.33945,0.73185396,3.3397583e-11,0.024876887035369874,42007.258947849274,980000
54.602634,-0.40137827,-7.6017065,0.06254956,1.0,0.99911404,0.24023438,0.004855881,-11.202599,-11.209786,-3.8495584,41.00762,0.4923926,4.4023014e-07,3.3605728,-1.9771869,29.25753,0.999094,0.2265625,0.0048580337,-11.142146,-11.149282,-3.8413877,17.373917,0.46303982,1.7815419e-06,67.923035,-0.7005925,-7.7287273,0.09430486,1.0,0.9988527,0.08203125,0.0064808168,-10.331348,-10.336458,-5.104701,169.70372,0.44134885,3.5464278e-09,0.9987459,0.08105469,0.006792668,-10.208157,-10.21316,-5.0889273,1142.3992,1.6062831,2.480238e-10,0.0257539342880249,42136.02862358093,985000
53.321896,-0.5020348,-7.6193705,0.066965625,1.0,0.99909496,0.25390625,0.004812975,-11.317534,-11.324918,-3.764107,222.4033,0.8299381,3.672577e-08,2.9142141,-1.650943,25.12355,0.9990864,0.24316406,0.004822959,-11.257343,-11.26464,-3.792482,90.2031,0.6328697,1.4244051e-07,71.091286,-0.6163305,-7.723936,0.093106925,1.0,0.9989815,0.103515625,0.006366457,-10.558224,-10.563482,-5.178137,22.046103,0.14534229,8.2668955e-11,0.9988308,0.083984375,0.006514741,-10.504963,-10.510184,-5.16311,53.704163,0.27459413,1.6026071e-08,0.025390253925323486,42262.97989606857,990000
48.08943,-0.47228134,-7.619006,0.066874534,1.0,0.99909496,0.25585938,0.004870251,-11.059793,-11.066815,-3.87597,38.299515,0.49757868,1.088038e-10,1.7055237,-1.1780105,19.530762,0.9990778,0.22265625,0.0049143336,-10.989092,-10.995996,-3.925764,42.700108,0.5574933,5.6407416e-06,68.4568,-0.75575364,-7.758483,0.10174362,1.0,0.9988346,0.08984375,0.006400794,-10.291359,-10.296478,-5.0556808,155.1049,0.37042063,3.3903953e-09,0.99874496,0.07714844,0.0066141947,-10.165239,-10.170237,-5.052155,30.972921,0.2799651,8.777091e-09,0.02611911849975586,42393.57549285889,995000
59.606808,-0.36346,-7.608964,0.064364,1.0,0.9991112,0.24707031,0.0048875995,-11.103845,-11.110934,-3.8516107,60.556053,0.60042036,2.9188067e-07,1.1264478,-1.3699085,25.936802,0.9990902,0.22558594,0.00489885,-11.071819,-11.0788145,-3.9173307,43.76961,0.5291821,7.421615e-07,74.467224,-0.5777969,-7.72769,0.09404552,1.0,0.9989481,0.1015625,0.0063250707,-10.082054,-10.086833,-5.192702,19.517603,0.1325736,1.4803263e-13,0.998909,0.078125,0.0063850507,-10.090188,-10.094939,-5.2288337,2995.6006,3.0977266,5.217997e-10,0.0257390830039978,42522.27091193199,1000000
