training/actor/actor_loss,training/actor/adv,training/actor/bc_log_prob,training/actor/mse,training/actor/std,training/critic/binary_accuracy,training/critic/categorical_accuracy,training/critic/contrastive_loss,training/critic/logits,training/critic/logits_neg,training/critic/logits_pos,training/critic/v_max,training/critic/v_mean,training/critic/v_min,training/grad/max,training/grad/min,training/grad/norm,training/value/binary_accuracy,training/value/categorical_accuracy,training/value/contrastive_loss,training/value/logits,training/value/logits_neg,training/value/logits_pos,training/value/v_max,training/value/v_mean,training/value/v_min,validation/actor/actor_loss,validation/actor/adv,validation/actor/bc_log_prob,validation/actor/mse,validation/actor/std,validation/critic/binary_accuracy,validation/critic/categorical_accuracy,validation/critic/contrastive_loss,validation/critic/logits,validation/critic/logits_neg,validation/critic/logits_pos,validation/critic/v_max,validation/critic/v_mean,validation/critic/v_min,validation/value/binary_accuracy,validation/value/categorical_accuracy,validation/value/contrastive_loss,validation/value/logits,validation/value/logits_neg,validation/value/logits_pos,validation/value/v_max,validation/value/v_mean,validation/value/v_min,time/epoch_time,time/total_time,step
183.2316,0.17097867,-9.764388,0.60322,1.0,0.4445181,0.0,0.8202039,0.07035259,0.07028573,0.13873975,17.921585,1.5649418,0.04228286,7.681474,-3.187747,141.36578,0.68600273,0.001953125,0.59026486,-0.42931694,-0.4292661,-0.48133817,43.888985,1.0064284,0.06066864,101.498474,-0.014183281,-9.7314625,0.5949886,1.0,0.9799013,0.001953125,0.081425354,-4.8822684,-4.8818793,-5.2804403,7.970228,0.13551328,5.6000514e-05,0.97831345,0.0009765625,0.06471367,-5.373873,-5.373529,-5.725731,4.2856297,0.0934066,4.8411977e-05,0.01245900411605835,62.29502248764038,1
52.993263,0.17241596,-9.337419,0.4964776,1.0,0.99902725,0.08203125,0.005137588,-24.669289,-24.689417,-4.0782137,6.931406,0.04424874,1.884589e-06,1.0550774,-0.58884543,18.836618,0.9990244,0.044921875,0.0053069135,-24.603954,-24.623655,-4.45082,4.275266,0.021172516,1.92977e-06,31.849113,-0.084407896,-9.3651905,0.5034207,1.0,0.99902534,0.080078125,0.0051281853,-24.81285,-24.832966,-4.2328157,2.99269,0.030023033,1.0940021e-06,0.9990244,0.049804688,0.005276882,-24.660238,-24.680098,-4.343802,1.0717859,0.01910276,3.8983674e-07,0.22818844895362855,1203.2372689247131,5000
63.468704,0.21015957,-9.318758,0.49181235,1.0,0.9990387,0.13671875,0.004911637,-19.395428,-19.410553,-3.9228787,11.400353,0.099090025,9.956211e-06,1.7291973,-0.9652424,24.084959,0.99902153,0.07324219,0.005087774,-26.138208,-26.15959,-4.265813,9.205912,0.03674559,5.851632e-06,60.929634,0.048039325,-9.30555,0.48851037,1.0,0.99902725,0.125,0.0049882247,-19.27968,-19.294668,-3.9487066,11.144781,0.10487028,5.588756e-07,0.9990177,0.0859375,0.005153721,-25.663008,-25.684063,-4.123818,3.3080215,0.031865478,2.5026785e-07,0.24915048761367797,2448.989708185196,10000
15.940117,-0.07674089,-9.314442,0.4907334,1.0,0.99903774,0.13671875,0.0049050907,-14.813179,-14.823707,-4.0436573,7.42769,0.08530832,1.6600516e-05,0.47478306,-0.19982909,6.638925,0.99903107,0.13378906,0.004943072,-17.337017,-17.350004,-4.052992,3.5415695,0.059845544,5.553682e-06,19.79482,-0.047274873,-9.320471,0.49224073,1.0,0.99901867,0.140625,0.004975429,-14.97658,-14.987357,-3.952189,12.195891,0.10843051,2.1030063e-08,0.99902725,0.12011719,0.004991571,-17.758453,-17.771906,-3.9949713,3.0143306,0.075425014,1.4050735e-08,0.13043800835609437,3101.179752111435,15000
11.360193,-0.13124736,-9.359476,0.5019921,1.0,0.9990425,0.15820312,0.004826868,-13.538056,-13.54742,-3.95929,13.579581,0.1094695,6.0388797e-06,0.39802128,-0.2809868,6.0513186,0.9990425,0.14746094,0.0048439205,-14.334295,-14.344464,-3.9325166,12.224182,0.12785336,1.3890887e-05,14.627881,-0.07428592,-9.300176,0.48716688,1.0,0.99902725,0.15917969,0.0048873927,-13.507503,-13.516939,-3.853652,25.10279,0.24345839,1.7516926e-05,0.9990263,0.14941406,0.0049088546,-14.3344555,-14.344687,-3.866949,21.367754,0.2195178,1.0235761e-05,0.028753617572784423,3244.9478414058685,20000
11.042152,-0.11051828,-9.327396,0.49397212,1.0,0.99905396,0.16601562,0.004789547,-13.125641,-13.134714,-3.843965,292.91962,0.57715964,1.1091195e-05,0.14231043,-0.23138367,3.2263641,0.99905014,0.15820312,0.0048080385,-13.267002,-13.276237,-3.8208876,217.20732,0.50385547,7.5453468e-06,11.43218,-0.0782455,-9.293901,0.48559824,1.0,0.9990225,0.14453125,0.0049110986,-12.872005,-12.880848,-3.825758,105.35412,0.518507,1.8074144e-05,0.9990225,0.13964844,0.004906199,-13.095439,-13.104491,-3.834364,40.56649,0.4085968,7.25631e-06,0.15075265665054322,3998.711126089096,25000
10.040543,-0.13336211,-9.34047,0.49724048,1.0,0.99905396,0.16015625,0.004759826,-13.117792,-13.126914,-3.7866244,160.13618,0.51094043,5.8789005e-06,0.16520916,-0.15945956,2.7431962,0.99905205,0.14648438,0.004782289,-13.118824,-13.127957,-3.7756703,197.118,0.55468965,1.4998403e-05,8.0967045,-0.1856197,-9.323373,0.4929662,1.0,0.99902344,0.14648438,0.00479055,-13.291043,-13.300298,-3.8233423,222.79338,0.4777264,1.2721121e-06,0.99902725,0.13964844,0.0048214793,-13.294369,-13.30368,-3.769057,649.2824,1.0232174,1.6166483e-06,0.027922277879714966,4138.322517156601,30000
11.612506,-0.0994066,-9.345209,0.49842548,1.0,0.9990463,0.15332031,0.0046818354,-13.359548,-13.368878,-3.814259,23.490824,0.18533856,1.8449124e-05,0.17613931,-0.09779909,2.4290738,0.9990454,0.14550781,0.0047212145,-13.3106785,-13.319919,-3.8580952,27.48456,0.16995317,3.4908633e-05,10.9615755,-0.12540174,-9.37565,0.50603557,1.0,0.9990282,0.15039062,0.004874546,-13.37047,-13.379764,-3.8629377,118.294945,0.46373045,2.4925114e-06,0.99902916,0.15429688,0.0048690727,-13.336352,-13.345623,-3.8523345,33.09924,0.3598653,7.2268826e-06,0.15005120224952698,4888.578530073166,35000
13.179081,-0.07866511,-9.343899,0.4980977,1.0,0.9990549,0.1640625,0.004668968,-13.55232,-13.561922,-3.7290442,73.48641,0.42207837,3.3086512e-06,0.15014821,-0.16195029,3.4172745,0.9990549,0.16503906,0.00470232,-13.575556,-13.585117,-3.7940235,44.885063,0.39219362,4.930614e-06,13.427513,-0.14484984,-9.362721,0.50280315,1.0,0.999032,0.14355469,0.0048721344,-13.388847,-13.398161,-3.8613036,103.3181,0.426224,7.213972e-06,0.99902916,0.14160156,0.004896008,-13.388702,-13.398014,-3.8636818,133.63676,0.6035509,9.632724e-06,0.025618503046035766,5016.671049594879,40000
14.124048,-0.09815817,-9.280247,0.4821847,1.0,0.9990492,0.16308594,0.0047459835,-13.611,-13.620611,-3.7775033,419.82776,0.92794,3.0482486e-05,0.26008525,-0.29471695,5.1528006,0.99904823,0.1640625,0.0047654137,-13.57386,-13.583396,-3.8193007,90.6648,0.4709868,2.932017e-05,13.389219,-0.12213756,-9.333525,0.495504,1.0,0.9990225,0.13574219,0.0049129827,-13.486454,-13.495812,-3.9139535,364.33585,0.66156983,2.1996566e-06,0.9990263,0.13476562,0.0049225446,-13.478997,-13.488329,-3.9332094,132.37593,0.4873173,1.0990787e-05,0.15266988525390626,5780.020480632782,45000
13.868546,-0.16060822,-9.326027,0.49362957,1.0,0.99905014,0.17578125,0.0047315625,-13.582872,-13.592409,-3.827705,73.15892,0.27484274,2.3304415e-06,0.33602262,-0.37279034,6.4975753,0.99905014,0.16601562,0.0047580563,-13.585991,-13.595535,-3.8222036,68.57733,0.32068777,4.702304e-06,13.183733,-0.21477981,-9.375414,0.50597656,1.0,0.999032,0.16699219,0.0048417933,-13.645006,-13.654525,-3.9076269,62.774036,0.42172062,8.032991e-06,0.9990263,0.1484375,0.00486434,-13.540106,-13.549557,-3.872977,199.53261,0.79409426,7.4130453e-06,0.021922455978393554,5889.632761955261,50000
15.562996,-0.13210051,-9.328961,0.49436337,1.0,0.9990463,0.17382812,0.0046764063,-13.54913,-13.558723,-3.7350006,82.6137,0.3023537,9.226827e-06,0.3025886,-0.2524907,6.0061827,0.9990444,0.15429688,0.004699368,-13.474184,-13.483654,-3.7861032,419.15167,0.64202726,1.2559463e-05,12.813604,-0.14858776,-9.308001,0.489123,1.0,0.99903774,0.14550781,0.0047390265,-13.69187,-13.701612,-3.7239637,132.00298,0.56968695,6.6788425e-06,0.9990301,0.140625,0.0047543193,-13.611795,-13.621431,-3.7544951,76.0707,0.58916646,2.774083e-05,0.16591241025924683,6719.1948165893555,55000
16.426298,-0.14074966,-9.3270855,0.4938944,1.0,0.99905014,0.1796875,0.004614787,-13.865221,-13.87517,-3.6859295,80.61861,0.3903015,2.3703835e-05,0.3157606,-0.32344985,6.3112035,0.99905014,0.16894531,0.004646726,-13.84993,-13.859835,-3.7164629,26.49089,0.28658247,3.218668e-05,14.875368,-0.15742445,-9.278108,0.48165,1.0,0.99903107,0.16894531,0.0048436997,-13.69031,-13.700007,-3.7693555,125.40903,0.5918902,5.394674e-06,0.999032,0.14355469,0.0048411377,-13.644923,-13.654554,-3.7920518,54.532776,0.48195526,9.504614e-06,0.022348420429229736,6830.936920166016,60000
15.940117,-0.12350352,-9.36701,0.5038753,1.0,0.9990492,0.17871094,0.004636797,-13.650754,-13.660522,-3.6582322,155.4449,0.4151955,3.6220084e-05,0.34585014,-0.2867939,6.288476,0.9990473,0.16503906,0.0046641612,-13.727495,-13.737257,-3.7415853,24.886118,0.19625355,8.525421e-05,14.887073,-0.16054401,-9.293661,0.48553818,1.0,0.9990339,0.15527344,0.004858982,-13.61441,-13.623944,-3.86113,134.15071,0.4790782,9.579151e-06,0.99903584,0.14746094,0.0048645483,-13.678267,-13.687839,-3.8857446,38.49557,0.31461036,9.597623e-06,0.029231102752685548,6977.092435359955,65000
18.050632,-0.138575,-9.35529,0.5009456,1.0,0.9990597,0.1796875,0.0045632855,-14.0016165,-14.011844,-3.5384846,259.27478,1.123451,2.610705e-06,0.18617104,-0.2639038,5.976942,0.99906063,0.17578125,0.0045839064,-13.98148,-13.99162,-3.6060343,396.58417,0.98097646,5.7832704e-06,19.094643,-0.14828023,-9.277754,0.4815613,1.0,0.99902153,0.15136719,0.004890926,-13.767224,-13.776943,-3.8255606,393.1594,1.3645058,4.6369772e-05,0.9990206,0.14257812,0.0049012196,-13.790012,-13.799701,-3.878808,1640.1251,2.5063314,2.3131759e-05,0.023344919395446778,7093.817033529282,70000
13.81443,-0.20411709,-9.346678,0.49879235,1.0,0.9990511,0.16113281,0.0046556992,-13.805807,-13.815695,-3.69082,212.52364,0.5119997,1.1360173e-05,0.18726772,-0.21922095,5.0504346,0.9990473,0.15234375,0.004696111,-13.789551,-13.799413,-3.7023363,183.46402,0.5331029,2.4767436e-05,14.520842,-0.23953323,-9.32392,0.4931031,1.0,0.99902725,0.14355469,0.0048511922,-13.949207,-13.959088,-3.8408542,114.35771,0.4999561,9.083952e-06,0.99902916,0.13867188,0.0048573446,-13.923815,-13.93372,-3.7902498,325.5864,0.9033633,1.661035e-05,0.023355249786376955,7210.593283891678,75000
15.470985,-0.14953947,-9.319327,0.49195468,1.0,0.99905014,0.21582031,0.0045094765,-14.168524,-14.178918,-3.5340474,135.58527,0.58566195,9.256795e-06,0.2507741,-0.27207828,4.8762693,0.99905014,0.19824219,0.004523799,-14.173501,-14.183874,-3.5610278,80.83803,0.5745228,9.188052e-06,22.678276,-0.19040672,-9.386914,0.5088515,1.0,0.9990244,0.16796875,0.004823546,-14.091031,-14.101051,-3.8395653,540.5323,1.1293348,1.9071621e-06,0.9990244,0.15625,0.004827171,-14.003673,-14.013595,-3.8533943,431.91373,1.1958847,5.454524e-06,0.19211795740127563,8171.183074712753,80000
19.234325,-0.15260482,-9.354942,0.50085866,1.0,0.99904823,0.19433594,0.0045709563,-13.935097,-13.945242,-3.5573125,102.196396,0.42617947,5.5738903e-05,0.29894602,-0.28633258,7.7866898,0.9990463,0.17675781,0.0046044085,-14.003584,-14.013725,-3.6294518,80.56566,0.53626776,3.3436754e-05,14.904471,-0.19421148,-9.318035,0.4916315,1.0,0.99902725,0.15625,0.0048931446,-13.8844185,-13.894185,-3.8930998,116.65135,0.6098461,3.022821e-06,0.999032,0.15039062,0.004902159,-13.960466,-13.970309,-3.89187,534.826,1.7467662,7.2489365e-06,0.019024873352050782,8266.307445049286,85000
18.939915,-0.15013182,-9.296423,0.48622864,1.0,0.9990549,0.20214844,0.0045473254,-14.243545,-14.25399,-3.5572045,84.10379,0.35719317,6.543915e-05,0.4216365,-0.49232766,7.2546253,0.99905014,0.17285156,0.004593868,-14.299233,-14.309667,-3.6256227,49.723835,0.42188916,5.2589658e-05,19.641336,-0.12716004,-9.31588,0.49109283,1.0,0.9990301,0.14257812,0.0049058804,-13.986081,-13.995935,-3.9050434,179.94406,0.38605517,2.042541e-05,0.9990282,0.13183594,0.0049265698,-14.12225,-14.132181,-3.9617796,237.62892,0.5574483,9.789738e-06,0.02313955135345459,8382.005204916,90000
15.739154,-0.20164657,-9.319574,0.49201667,1.0,0.9990597,0.203125,0.0045507066,-14.332354,-14.342864,-3.5799751,99.975975,0.5233829,2.2363418e-05,0.37915263,-0.3837455,6.980415,0.9990587,0.19140625,0.004551559,-14.359805,-14.370349,-3.5730486,122.29102,0.664428,4.1654206e-05,15.565513,-0.2093022,-9.347872,0.49909103,1.0,0.9990368,0.15917969,0.004823925,-14.054909,-14.064906,-3.8281398,156.78932,0.5009577,1.768252e-05,0.9990368,0.14648438,0.0048570167,-14.070364,-14.08035,-3.8549917,354.79312,0.9352934,2.3644343e-05,0.023292200231552124,8498.466207742691,95000
18.172012,-0.17320852,-9.253412,0.4754759,1.0,0.99906063,0.20507812,0.0045043253,-14.414133,-14.424784,-3.5185037,80.40569,0.53371155,1.2545506e-05,0.39496067,-0.41059515,7.5570865,0.99906063,0.17089844,0.004542969,-14.461184,-14.47182,-3.579743,159.34105,0.7104832,2.1002335e-05,21.284191,-0.19813009,-9.3066025,0.48877352,1.0,0.9990263,0.17089844,0.004723556,-14.317602,-14.327996,-3.6844954,70.73761,0.5176953,1.3921588e-05,0.99902916,0.15722656,0.0047627594,-14.324837,-14.335208,-3.714668,135.81816,0.91964436,1.9800196e-05,0.023304593229293822,8614.989179134369,100000
19.530722,-0.17817627,-9.325053,0.49338612,1.0,0.9990511,0.2109375,0.0045432,-14.157897,-14.168287,-3.5288363,479.67465,1.1225779,4.7083016e-05,0.38226542,-0.47903588,8.024565,0.9990492,0.18457031,0.0045949114,-14.290717,-14.301167,-3.599411,500.16745,1.4999313,4.1830037e-05,18.907562,-0.20254721,-9.357136,0.5014068,1.0,0.999033,0.15234375,0.0048631313,-14.047756,-14.057725,-3.8483648,517.4852,0.98606133,1.487098e-06,0.9990301,0.15039062,0.0048864614,-14.17419,-14.18427,-3.8629405,2203.6897,4.6910253,9.1510265e-06,0.19895886402130128,9609.783500671387,105000
23.064098,-0.14582649,-9.3431,0.49789786,1.0,0.9990597,0.20800781,0.004524908,-14.414282,-14.424913,-3.5385776,293.25113,0.8152071,2.180183e-05,0.4091238,-0.4760477,9.727586,0.99906063,0.19433594,0.004547791,-14.499245,-14.5099,-3.5986023,239.0722,0.9850731,1.9969368e-05,28.338362,-0.17183958,-9.334707,0.49579972,1.0,0.999033,0.16503906,0.0048499443,-14.380204,-14.390461,-3.8867173,492.23184,0.67662346,3.4452237e-06,0.999033,0.16113281,0.004893058,-14.540615,-14.550968,-3.9500468,229.58769,0.72084355,4.4678272e-06,0.01936992115974426,9706.633108615875,110000
18.724648,-0.20421423,-9.342201,0.49767318,1.0,0.9990587,0.19824219,0.004475412,-14.274599,-14.285152,-3.4786077,198.34474,0.6298575,2.4852543e-05,0.4205447,-0.45704505,8.776758,0.99905396,0.19726562,0.0045025153,-14.431657,-14.442328,-3.5137877,508.77707,1.1440841,2.5226587e-05,25.416874,-0.20894812,-9.337615,0.49652663,1.0,0.99902344,0.17871094,0.004772137,-14.290251,-14.300585,-3.7185678,185.90991,0.72675663,9.709423e-06,0.99901867,0.16796875,0.0047800224,-14.441975,-14.45245,-3.7251523,212.57927,0.9085153,8.602006e-06,0.029606382942199708,9854.665027141571,115000
28.385536,-0.1604134,-9.306961,0.4888631,1.0,0.99905586,0.1875,0.004517896,-14.351429,-14.362032,-3.504804,772.46533,1.3161349,1.0664376e-05,0.8674535,-0.6825726,14.013624,0.9990549,0.18261719,0.0045462633,-14.417809,-14.428426,-3.5567899,108.44655,0.6431074,2.1796175e-05,21.186516,-0.20074701,-9.370319,0.50470257,1.0,0.9990349,0.1640625,0.0048328023,-14.276066,-14.28632,-3.785473,683.54224,1.5261475,6.977766e-06,0.99903107,0.15722656,0.0048464676,-14.333517,-14.343824,-3.7889724,946.7869,2.2894638,2.018094e-05,0.03156780643463135,10012.50406050682,120000
20.443207,-0.20099398,-9.325413,0.49347636,1.0,0.999053,0.19628906,0.00461589,-14.292281,-14.302734,-3.5983803,191.95763,0.67761546,3.4654055e-05,0.5642997,-0.35193455,7.970147,0.999053,0.18359375,0.0046623163,-14.42884,-14.439367,-3.659056,59.002144,0.5385686,8.0304904e-05,19.845701,-0.24338205,-9.33197,0.4951156,1.0,0.9990282,0.16601562,0.004812894,-14.188173,-14.19838,-3.7457159,611.2024,1.474741,9.375879e-07,0.99901867,0.14648438,0.0048534884,-14.374115,-14.384489,-3.7621427,813.2817,3.037059,1.0251532e-06,0.02763438811302185,10150.67600274086,125000
21.57687,-0.20100147,-9.324019,0.49312794,1.0,0.99905396,0.19042969,0.0045551937,-14.373831,-14.384372,-3.5912547,299.47363,0.8675623,2.3549848e-05,0.52283186,-0.5071406,10.410538,0.99905014,0.171875,0.004581846,-14.477128,-14.487723,-3.637244,87.18475,0.5043233,1.6289869e-05,20.209911,-0.27535823,-9.314973,0.49086618,1.0,0.9990063,0.171875,0.0048301183,-14.591951,-14.602565,-3.734116,568.7834,1.6013399,1.6715037e-05,0.99899673,0.15234375,0.0048934417,-14.66534,-14.676031,-3.7277517,205.0047,1.4045517,2.2159968e-05,0.023334660816192627,10267.349308252335,130000
20.330631,-0.2037574,-9.324896,0.49334702,1.0,0.9990444,0.20019531,0.0045620804,-14.446125,-14.456795,-3.5320141,384.99905,1.0490509,3.28996e-05,0.48416215,-0.45743752,9.386475,0.9990463,0.18457031,0.0046004727,-14.590179,-14.600933,-3.5892463,120.521385,0.90744084,5.0822626e-05,14.999322,-0.22910601,-9.31268,0.49029303,1.0,0.99903107,0.19042969,0.004787242,-14.280979,-14.291264,-3.7599406,190.51776,0.92277,4.5761876e-06,0.99902916,0.15625,0.004808262,-14.417924,-14.428337,-3.7653787,124.282295,0.85484624,4.1018216e-06,0.023333712482452394,10384.017872095108,135000
22.065376,-0.19498125,-9.285555,0.48351192,1.0,0.9990616,0.19042969,0.0045401864,-14.4803,-14.490985,-3.548922,168.78519,0.87306154,1.905954e-05,0.52228355,-0.6259159,9.846009,0.9990568,0.17089844,0.004573118,-14.729423,-14.740307,-3.5945964,325.89673,1.4179347,3.918357e-05,24.686705,-0.1968636,-9.321047,0.4923845,1.0,0.9990301,0.17089844,0.0047435923,-14.594475,-14.605186,-3.636965,876.0157,2.187432,4.2960655e-06,0.99902725,0.16796875,0.004761144,-14.815273,-14.826189,-3.647181,488.18005,2.3749955,2.448749e-06,0.02333727240562439,10500.704235553741,140000
18.16523,-0.24566518,-9.347314,0.49895155,1.0,0.99905205,0.203125,0.0045240317,-14.350608,-14.361179,-3.5359423,145.83763,0.66036683,4.332699e-05,0.36358115,-0.59321344,7.9258046,0.9990511,0.16601562,0.004582438,-14.5511265,-14.561832,-3.598312,116.56806,0.67572105,2.6974865e-05,25.483812,-0.2695133,-9.367998,0.5041224,1.0,0.99902725,0.18359375,0.004694232,-14.475426,-14.486044,-3.613618,772.2849,1.6969318,8.398215e-06,0.9990263,0.17675781,0.0047309883,-14.570053,-14.580764,-3.6138635,1296.5892,2.176437,5.69197e-06,0.023321788883209228,10617.313181400299,145000
27.611952,-0.20405552,-9.309628,0.4895298,1.0,0.99905586,0.19726562,0.0045494847,-14.325935,-14.33644,-3.580544,152.32338,0.8383581,3.0589315e-06,0.5332265,-0.57177365,12.702436,0.99905396,0.18261719,0.0045862086,-14.594044,-14.604767,-3.624611,134.31662,0.7607739,4.6744753e-06,22.374704,-0.2390835,-9.347776,0.49906698,1.0,0.9990263,0.15722656,0.004839411,-14.450818,-14.4612465,-3.7831185,111.18367,0.76279974,1.9330598e-06,0.9990196,0.15527344,0.004865081,-14.75861,-14.769315,-3.8080935,757.0089,1.4246385,1.0013067e-05,0.02334210114479065,10734.023688316345,150000
22.896132,-0.2132997,-9.276003,0.48112372,1.0,0.99905586,0.19140625,0.0045061163,-14.546054,-14.556773,-3.5796027,86.54221,0.3953046,1.7436756e-05,1.0472494,-0.75983024,13.144415,0.99905014,0.15625,0.004537959,-14.801542,-14.812495,-3.5972528,725.64325,0.96976995,0.00013880659,23.169224,-0.23341016,-9.314217,0.490677,1.0,0.99903584,0.18359375,0.0047487887,-14.364933,-14.375291,-3.7692168,359.38824,0.61166,3.2460972e-05,0.999033,0.16113281,0.0047693285,-14.551209,-14.56174,-3.7789268,92.112206,0.49516732,7.4034224e-06,0.24878100275993348,11977.92870426178,155000
17.841139,-0.21578479,-9.309364,0.48946404,1.0,0.9990511,0.1953125,0.004551383,-14.488453,-14.499135,-3.5622342,407.22955,0.81059295,2.6335008e-06,0.46380952,-0.38761818,7.939343,0.99905014,0.16796875,0.004579956,-14.7201,-14.730993,-3.5766587,57.891876,0.5045048,5.9517056e-06,21.153927,-0.22257434,-9.325636,0.4935321,1.0,0.99902344,0.16308594,0.0047814697,-14.493024,-14.503505,-3.7719326,111.33854,0.54246825,2.8883765e-06,0.99901867,0.16796875,0.0048259487,-14.763744,-14.774489,-3.7715924,376.02194,1.152404,1.3689008e-05,0.01870748405456543,12071.466131687164,160000
19.79169,-0.21403742,-9.263979,0.47811794,1.0,0.99905396,0.18945312,0.0045135845,-14.598622,-14.609478,-3.4932733,208.22252,0.75747454,4.805168e-05,0.63879144,-0.59760076,10.155079,0.99905396,0.17578125,0.004543014,-14.904458,-14.915564,-3.5425646,57.96107,0.63491035,7.877495e-05,22.869778,-0.22813593,-9.302147,0.48765957,1.0,0.99902725,0.16796875,0.004809158,-14.496727,-14.507184,-3.7993248,95.81314,0.47712243,2.5934324e-07,0.9990206,0.15625,0.004835338,-14.874308,-14.885122,-3.8106146,603.6578,1.6659067,5.688212e-07,0.022681329727172853,12184.872782230377,165000
17.528694,-0.23750168,-9.340888,0.49734485,1.0,0.99905777,0.22558594,0.0044517117,-14.48716,-14.497955,-3.4431298,180.38332,1.1003271,8.055538e-06,0.50451034,-0.47928625,7.383864,0.99905205,0.19335938,0.004491901,-14.61268,-14.623551,-3.4930077,157.66844,0.86729455,2.1752194e-05,17.91137,-0.25850087,-9.345468,0.4984897,1.0,0.99902916,0.17871094,0.00478118,-14.276266,-14.286523,-3.7833107,707.44257,0.78918207,2.23091e-05,0.9990282,0.16015625,0.004816955,-14.431369,-14.441786,-3.7744346,485.06656,1.3091091,3.242762e-05,0.023316831684112548,12301.456941843033,170000
22.766644,-0.20226315,-9.354683,0.5007937,1.0,0.99905586,0.21875,0.0044166693,-14.5801735,-14.591073,-3.4301739,595.3007,1.2552199,2.2068756e-05,0.4558356,-0.47576833,8.661309,0.99905586,0.18945312,0.0044708494,-14.884675,-14.895795,-3.508178,101.23254,0.7187816,1.2401203e-05,17.943106,-0.25609934,-9.33925,0.49693537,1.0,0.9990454,0.15039062,0.004808386,-14.464116,-14.47448,-3.862423,173.76857,0.5663538,4.563183e-06,0.99904156,0.14648438,0.0048242416,-14.801256,-14.811931,-3.8813586,108.42989,0.5917337,2.980228e-06,0.023318539905548094,12418.049642324448,175000
23.643986,-0.2050488,-9.335812,0.49607584,1.0,0.99905014,0.20605469,0.0044981292,-14.592852,-14.603689,-3.5057118,144.46982,1.051453,2.2310993e-05,0.51947415,-0.6849629,10.791147,0.9990444,0.1796875,0.004548559,-14.951685,-14.962826,-3.5544662,118.44022,0.94314885,2.8587758e-05,21.925957,-0.24235983,-9.323339,0.49295777,1.0,0.99901867,0.17285156,0.0048620226,-14.41373,-14.424166,-3.7382538,2816.2942,2.9545949,6.005094e-06,0.9990177,0.16796875,0.0048435936,-14.672454,-14.6831455,-3.736384,121.29914,0.8274422,8.773372e-06,0.023319393491744996,12534.646611213684,180000
26.096565,-0.22275007,-9.348368,0.49921486,1.0,0.99906063,0.20703125,0.004456793,-14.734539,-14.745559,-3.4613647,124.07056,0.8618088,8.2702445e-06,0.7279185,-0.7491024,12.738007,0.9990549,0.19433594,0.004518831,-15.091991,-15.103289,-3.535808,245.21872,1.0999928,2.1513076e-06,24.722816,-0.24748495,-9.333811,0.4955756,1.0,0.9990263,0.17675781,0.0048540253,-14.450074,-14.460467,-3.8183498,220.1947,0.72560614,1.0084847e-05,0.9990206,0.15332031,0.004867604,-14.809642,-14.820376,-3.8277483,493.74243,1.444749,5.8956657e-06,0.02337197766304016,12651.50650048256,185000
22.911488,-0.25112814,-9.323392,0.49297088,1.0,0.99904823,0.20507812,0.004493328,-14.556617,-14.567397,-3.5288272,194.8426,0.70543534,9.334634e-05,0.5302494,-0.5014037,10.64881,0.999053,0.18945312,0.004520748,-14.855307,-14.8663645,-3.542861,130.49203,0.73168445,5.6451576e-05,23.063803,-0.2892841,-9.320872,0.49234107,1.0,0.9990339,0.16796875,0.0048080934,-14.688293,-14.698943,-3.793396,284.21735,0.8867302,3.0080168e-06,0.9990301,0.1484375,0.004829381,-14.971881,-14.98283,-3.770895,715.4664,2.517787,1.8415963e-06,0.0233256094455719,12768.13454914093,190000
17.085543,-0.27852017,-9.319481,0.49199304,1.0,0.99905777,0.22265625,0.004435128,-14.684395,-14.695391,-3.4356227,274.46045,0.9266534,3.2475647e-05,0.34187132,-0.40874633,8.643923,0.9990568,0.20898438,0.0044795275,-14.986055,-14.997306,-3.476131,237.09143,0.9055094,6.999691e-05,19.293192,-0.26579782,-9.330754,0.4948116,1.0,0.99904156,0.17480469,0.0046945726,-14.400051,-14.410558,-3.6510825,272.18048,0.86350584,1.4270362e-05,0.99903965,0.16699219,0.004680524,-14.785974,-14.796899,-3.6097713,947.04614,1.9697969,1.1801968e-05,0.023321770095825194,12884.743402957916,195000
20.047367,-0.26070052,-9.319931,0.49210545,1.0,0.99905777,0.22558594,0.0043896553,-14.732786,-14.743873,-3.3918743,581.93054,1.4622157,5.622803e-06,0.63244736,-0.9223515,11.281418,0.9990568,0.203125,0.0044350685,-14.922365,-14.933608,-3.4203272,217.95149,1.2271566,1.1243692e-05,22.959595,-0.27032322,-9.380152,0.5071608,1.0,0.9990301,0.15820312,0.004869985,-14.531688,-14.542173,-3.8050303,1120.252,2.1569018,1.7156604e-07,0.9990244,0.13769531,0.0048994436,-14.67971,-14.690369,-3.7765074,2548.9631,6.8689127,7.4056966e-06,0.02331637568473816,13001.3252825737,200000
20.108799,-0.21314281,-9.255565,0.47601405,1.0,0.99905777,0.203125,0.004512194,-14.714964,-14.725944,-3.4819512,216.33624,0.9795828,1.1912877e-05,0.39992312,-0.5386144,9.276516,0.99905396,0.18554688,0.0045669517,-14.98382,-14.994993,-3.5542378,91.59035,0.7020272,2.752007e-05,23.227802,-0.26262546,-9.37072,0.5048028,1.0,0.99903584,0.18066406,0.004818374,-14.630824,-14.641404,-3.8070467,1651.2194,1.5055681,2.0578532e-06,0.9990282,0.140625,0.0048426217,-14.908394,-14.919229,-3.8236752,853.6345,1.3699901,4.999084e-06,0.2671451528072357,14337.051049947739,205000
18.271729,-0.20975006,-9.290943,0.48485887,1.0,0.9990549,0.19140625,0.0044660643,-14.683723,-14.694666,-3.4899423,415.3773,1.0016854,1.0917733e-05,0.40446946,-0.309619,6.6332264,0.9990568,0.17480469,0.004521002,-14.975103,-14.986261,-3.5594893,61.89782,0.46131238,6.881559e-06,26.051674,-0.24865416,-9.338186,0.49666947,1.0,0.99902916,0.17773438,0.0048866495,-14.568653,-14.57913,-3.8496435,1495.2748,2.5729275,4.320405e-06,0.9990263,0.16796875,0.0048861634,-14.8523445,-14.8631,-3.8499682,379.49966,1.498986,5.9347194e-06,0.01856162166595459,14429.859159708023,210000
23.482191,-0.2252112,-9.339972,0.4971159,1.0,0.99906063,0.22167969,0.004454163,-14.727907,-14.738925,-3.45735,978.9997,1.674046,6.0119182e-06,0.67626613,-0.70865446,11.464655,0.9990549,0.20019531,0.004491872,-15.042738,-15.054034,-3.4871073,122.73975,1.1826007,1.1978886e-05,26.276253,-0.22543137,-9.343855,0.49808666,1.0,0.9990425,0.18066406,0.0048191324,-14.5718565,-14.582376,-3.8117988,1553.4407,1.8725619,2.7980584e-06,0.9990387,0.15039062,0.0048534484,-14.884873,-14.895675,-3.8354769,219.24005,0.96399236,6.8016066e-06,0.028208824300765992,14570.903283119202,215000
20.950264,-0.2155503,-9.314065,0.49063915,1.0,0.99906063,0.21679688,0.0044052033,-14.82752,-14.838677,-3.414069,372.77542,1.0223281,2.8278298e-06,0.6328938,-0.63064706,9.208664,0.99906254,0.19628906,0.0044519594,-15.131328,-15.142717,-3.4795759,272.98178,0.9399535,4.9884397e-06,21.429317,-0.210182,-9.313171,0.490416,1.0,0.99903584,0.15917969,0.004837053,-14.515261,-14.5257015,-3.8325386,7072.652,4.3881917,1.196479e-06,0.99903774,0.14550781,0.004857025,-14.746359,-14.757007,-3.8541415,1320.4503,2.0227609,4.1092726e-06,0.03164014225006104,14729.103995800018,220000
22.706264,-0.23998207,-9.306397,0.48872226,1.0,0.9990549,0.21386719,0.0043990314,-14.794872,-14.805989,-3.421949,743.16565,1.2599623,1.2767714e-05,0.48397046,-0.7303595,10.783783,0.99905586,0.19238281,0.0044458965,-15.085516,-15.096862,-3.477973,114.69257,0.7559552,4.562746e-05,24.713947,-0.27790806,-9.35239,0.50022054,1.0,0.99903774,0.1796875,0.0048291534,-14.665768,-14.676349,-3.8424182,397.66504,1.0337151,7.1340037e-07,0.99903107,0.16210938,0.0048603006,-14.94478,-14.9556055,-3.8720794,137.32362,0.6819806,2.868268e-07,0.03158233156204224,14887.015654802322,225000
21.883268,-0.20604002,-9.35982,0.50207806,1.0,0.9990511,0.21386719,0.00445686,-14.726973,-14.737978,-3.4693608,103.73945,0.6913357,6.7700453e-06,0.41160092,-0.8793398,9.74794,0.99904823,0.18652344,0.004496787,-15.016711,-15.027936,-3.5345984,89.76038,0.51457864,6.5475137e-06,22.106426,-0.26371464,-9.328755,0.4943117,1.0,0.99902534,0.18164062,0.004809132,-14.784861,-14.795653,-3.745024,396.16833,1.42992,1.219981e-06,0.99902534,0.16894531,0.0048040254,-15.089502,-15.1006,-3.7359247,1399.3658,3.303578,2.1204044e-06,0.03159234638214111,15044.977392673492,230000
23.751472,-0.18785477,-9.314666,0.49078965,1.0,0.99905205,0.2109375,0.004499109,-14.606579,-14.617439,-3.4957862,219.24559,0.6482201,3.954833e-05,0.5845905,-0.8716589,12.360447,0.99905014,0.1875,0.004573979,-15.068344,-15.079566,-3.5880857,196.51239,0.72176635,7.725352e-05,23.429928,-0.23352017,-9.324373,0.49321607,1.0,0.9990263,0.16894531,0.0048762644,-14.694361,-14.705055,-3.7534852,395.2153,1.5315375,4.2850875e-06,0.9990158,0.15722656,0.0048945397,-15.089291,-15.100381,-3.7436156,407.82846,2.0616164,8.337986e-06,0.031603603458404544,15202.995414018631,235000
24.180107,-0.20296139,-9.299547,0.4870097,1.0,0.99905586,0.20996094,0.0044834996,-14.744902,-14.75588,-3.5125532,182.69308,0.53667676,2.6771608e-05,0.79510474,-0.96593136,13.058353,0.999053,0.18554688,0.0045216265,-14.946678,-14.957831,-3.5373151,144.81032,0.6498153,5.729781e-05,27.533009,-0.23377424,-9.365469,0.5034902,1.0,0.9990282,0.17773438,0.0047576698,-14.570164,-14.58077,-3.7214549,1788.5714,2.3555202,1.2785846e-05,0.9990282,0.17285156,0.0047732196,-14.874591,-14.885469,-3.7465775,267.49857,1.27459,8.003879e-06,0.026283559083938597,15334.413211345673,240000
21.471445,-0.21637675,-9.31658,0.49126774,1.0,0.999053,0.20898438,0.0044381917,-14.785466,-14.796518,-3.4788933,152.43411,0.569826,5.634935e-06,0.7100113,-0.79074633,12.162813,0.9990473,0.19921875,0.004481816,-15.152769,-15.164118,-3.5433097,72.20681,0.4310326,1.2456093e-05,28.65868,-0.22387134,-9.340553,0.49726123,1.0,0.9990244,0.16503906,0.0049216794,-14.514608,-14.52505,-3.8325968,881.9897,1.9564373,1.512813e-06,0.99902534,0.14550781,0.004907633,-14.887861,-14.898676,-3.822857,446.92157,1.6331967,1.4963821e-06,0.023402321243286135,15451.424818992615,245000
22.433857,-0.2307693,-9.317563,0.49151373,1.0,0.9990597,0.20605469,0.004453823,-14.826391,-14.837464,-3.4991314,267.20905,0.9537848,1.8008144e-05,1.0376368,-0.64553344,11.805455,0.9990568,0.18847656,0.0044765035,-15.118696,-15.130034,-3.5196853,132.02205,0.60153496,4.8227375e-05,25.311415,-0.24556483,-9.292343,0.4852088,1.0,0.9990282,0.1484375,0.0048882067,-14.628006,-14.638548,-3.8429444,909.02594,1.6555867,6.857424e-06,0.9990263,0.14550781,0.004904053,-14.971012,-14.981891,-3.8409822,320.10562,1.1666281,6.4862406e-06,0.023345975017547607,15568.154695510864,250000
21.998304,-0.23591521,-9.283201,0.48292327,1.0,0.9990616,0.22070312,0.004406736,-14.76109,-14.772191,-3.4044619,251.53381,1.2914978,8.486528e-06,0.47358477,-0.47006536,10.286657,0.9990635,0.20019531,0.004450568,-15.049641,-15.060981,-3.4481614,723.4763,2.037384,2.4735946e-05,22.981518,-0.22253466,-9.318903,0.4918484,1.0,0.99904156,0.15039062,0.00481564,-14.523613,-14.534091,-3.8043063,1167.9111,2.1039555,5.469708e-06,0.999033,0.14453125,0.0048132073,-14.812019,-14.822774,-3.8121085,239.91089,1.0523123,4.26609e-06,0.02333281264305115,15684.818760156631,255000
23.510935,-0.20906362,-9.312784,0.49031895,1.0,0.9990454,0.20214844,0.004559934,-14.594053,-14.604805,-3.5960717,212.95302,0.5343228,8.614349e-07,0.6257144,-0.4462597,11.161835,0.9990425,0.171875,0.0046112873,-14.925392,-14.936425,-3.63835,331.9078,0.7069313,1.0802814e-06,22.526459,-0.2433521,-9.340103,0.4971486,1.0,0.9990368,0.15625,0.0048479144,-14.392332,-14.402597,-3.8903298,558.6075,1.1922703,3.2443156e-06,0.9990301,0.15136719,0.0048927646,-14.734897,-14.745485,-3.9026046,323.96512,1.4812953,3.6036492e-06,0.02334870548248291,15801.562288761139,260000
21.55011,-0.22992486,-9.318352,0.49171087,1.0,0.9990654,0.22070312,0.0043929494,-15.1219425,-15.133389,-3.4113884,254.1933,0.9633759,1.6148339e-05,1.227004,-0.82245165,12.960315,0.9990654,0.19628906,0.0044500707,-15.524468,-15.536254,-3.4669685,298.47202,1.1310893,3.4420136e-05,26.669176,-0.23818803,-9.317659,0.49153775,1.0,0.99903584,0.17382812,0.0048550963,-14.668884,-14.679455,-3.8545585,900.07733,1.9079213,1.8679506e-07,0.9990349,0.16015625,0.0048689647,-15.081714,-15.092659,-3.8853152,994.8535,3.448007,4.4371083e-07,0.02335068030357361,15918.315691709518,265000
20.797739,-0.22453648,-9.290819,0.48482764,1.0,0.99906635,0.23339844,0.00437088,-15.0079975,-15.019373,-3.3713076,280.196,1.3129847,4.903999e-05,0.5457206,-0.558616,11.222883,0.99906254,0.20996094,0.0044107847,-15.312398,-15.324031,-3.4120026,842.0078,2.0285678,2.4818484e-05,22.181498,-0.23552212,-9.356144,0.5011592,1.0,0.99903107,0.16503906,0.00488408,-14.676918,-14.687497,-3.854996,1094.0974,1.3955787,7.014495e-06,0.99902534,0.15722656,0.00488956,-14.957458,-14.968306,-3.8603964,112.93101,0.882964,1.2386936e-05,0.023346464157104493,16035.048020124435,270000
22.998402,-0.23781812,-9.2985325,0.4867562,1.0,0.99906254,0.22460938,0.004409503,-14.935299,-14.94657,-3.404757,358.7352,1.4683497,1.1927087e-05,0.61142635,-0.55357236,9.824005,0.9990654,0.17773438,0.004485147,-15.253354,-15.264865,-3.4772491,171.11598,1.223093,3.3328004e-05,26.4234,-0.27409202,-9.324303,0.49319863,1.0,0.99902344,0.18066406,0.0048089963,-14.600132,-14.610745,-3.7407231,966.792,1.5830672,4.232239e-07,0.9990263,0.1640625,0.0048464844,-14.938604,-14.949551,-3.73954,521.6444,2.4261746,3.581596e-07,0.023240653276443483,16151.251287698746,275000
21.223679,-0.23436262,-9.330408,0.49472505,1.0,0.99905014,0.20605469,0.004434664,-14.696961,-14.707986,-3.4176984,15676.182,8.319538,3.551905e-05,1.4072188,-1.2582668,11.246335,0.9990463,0.18945312,0.004485937,-14.978642,-14.989864,-3.499087,51.340954,0.5579913,3.8675764e-05,28.383444,-0.26389092,-9.267887,0.47909486,1.0,0.99902725,0.1796875,0.0047137504,-14.754942,-14.765804,-3.6420975,456.8475,1.9021881,1.0819682e-06,0.9990225,0.16503906,0.004793253,-15.041046,-15.052161,-3.6701791,1047.1904,3.7506833,1.529255e-06,0.023339558839797974,16267.949083566666,280000
19.13425,-0.24271245,-9.291312,0.484951,1.0,0.9990444,0.21484375,0.004534959,-14.70315,-14.714029,-3.574886,439.80728,1.0515231,0.00013532527,0.6810058,-0.74935603,9.274338,0.9990473,0.20214844,0.004570027,-15.091284,-15.102517,-3.5982206,134.71803,0.84167403,0.0001050238,24.074585,-0.2697106,-9.29408,0.4856429,1.0,0.9990282,0.16503906,0.0048101204,-14.754723,-14.765434,-3.797419,406.13757,1.0754973,7.847034e-06,0.9990282,0.16113281,0.0048503196,-15.109798,-15.120863,-3.790197,2061.811,3.4445593,6.7859664e-06,0.028029104375839234,16408.094609975815,285000
21.375546,-0.25370795,-9.322442,0.49273357,1.0,0.99906063,0.21484375,0.0044021816,-14.844542,-14.85574,-3.389039,496.73444,1.1112276,1.143442e-05,0.5765031,-0.7046779,11.342122,0.99906063,0.1953125,0.0044271015,-15.142188,-15.153676,-3.3904128,116.35598,1.0803524,2.6161944e-05,21.97475,-0.2502076,-9.281473,0.4824912,1.0,0.99901676,0.1796875,0.004841014,-14.600826,-14.611452,-3.7315006,1083.2133,2.8352034,1.1918371e-06,0.9990282,0.16308594,0.0048383055,-14.874811,-14.885696,-3.7392707,990.3127,3.8584187,5.2362353e-05,0.02985654158592224,16557.377319335938,290000
26.5209,-0.19337524,-9.315754,0.4910616,1.0,0.9990654,0.23535156,0.0043737055,-14.960378,-14.971766,-3.30949,169.25934,0.9514713,3.0116322e-05,0.90162045,-0.7427808,15.070138,0.99906445,0.20507812,0.004459111,-15.290726,-15.302347,-3.403009,137.67656,1.014486,3.9935978e-05,24.258312,-0.2534026,-9.28787,0.48409048,1.0,0.9990225,0.1875,0.004850791,-14.622679,-14.63327,-3.7869725,377.57178,1.1432304,5.088681e-06,0.99902916,0.16308594,0.004847301,-14.9294195,-14.940299,-3.800134,198.00069,0.8858772,5.624476e-06,0.029862129163742066,16706.687970876694,295000
28.080278,-0.1806736,-9.325495,0.49349672,1.0,0.999053,0.21191406,0.0044639334,-14.930532,-14.941751,-3.4540534,261.02527,0.99536717,2.3782633e-05,0.89965326,-0.7664806,14.008026,0.99904823,0.19433594,0.004480321,-15.3058195,-15.317373,-3.4858093,110.46414,0.69292396,6.4477594e-05,31.532764,-0.20330489,-9.354444,0.50073385,1.0,0.9990406,0.171875,0.0048833443,-14.527023,-14.537409,-3.9010754,504.9294,0.9947588,1.9323465e-06,0.99903774,0.14550781,0.0049194694,-14.909143,-14.919846,-3.960626,308.2697,0.7104396,1.8124738e-05,0.029889292573928833,16856.134437322617,300000
19.495117,-0.22762999,-9.286209,0.48367536,1.0,0.99905586,0.21386719,0.0044937246,-14.907726,-14.918863,-3.5145562,128.91286,0.60928303,9.187754e-06,0.53837216,-0.6548188,10.287106,0.99905586,0.19433594,0.004565499,-15.217733,-15.229098,-3.5922947,189.34204,0.8594241,2.3917864e-06,21.833595,-0.25456503,-9.34716,0.49891293,1.0,0.9990368,0.17285156,0.004741336,-14.70245,-14.713233,-3.6718574,1853.7877,3.3445168,2.2671311e-05,0.9990301,0.1640625,0.0047793714,-15.007476,-15.018548,-3.680386,502.23618,1.8389776,8.6434675e-06,0.3464446470737457,18588.357674121857,305000
18.586784,-0.2537105,-9.310303,0.4896985,1.0,0.9990473,0.20703125,0.0044483608,-14.828945,-14.840029,-3.4910903,124.65074,0.6348014,1.4615727e-05,0.5665502,-0.6761561,10.773228,0.9990473,0.18066406,0.0045135366,-15.1459675,-15.157287,-3.5664735,60.4375,0.4817385,4.5870456e-06,24.576939,-0.27425957,-9.315292,0.49094617,1.0,0.999032,0.16308594,0.0048182122,-14.791557,-14.802312,-3.7907274,5403.334,3.9451346,2.1319722e-06,0.99903107,0.15332031,0.0048050545,-15.106392,-15.117481,-3.761578,1621.5103,3.0943878,4.1962172e-05,0.01840811514854431,18680.398252248764,310000
20.47288,-0.26680198,-9.301026,0.4873796,1.0,0.9990425,0.2109375,0.0044525145,-15.003878,-15.015148,-3.4731226,128.12665,0.646983,5.5615265e-06,0.9005863,-0.39578623,9.924294,0.99904156,0.19824219,0.0044895327,-15.205727,-15.217163,-3.5067291,132.17058,0.7195555,2.7998964e-05,26.389103,-0.20681408,-9.357361,0.5014633,1.0,0.9990339,0.15722656,0.004769397,-14.770905,-14.781697,-3.7297466,1056.5829,1.6445692,1.1437736e-07,0.9990368,0.16308594,0.0047724852,-14.940599,-14.951548,-3.7392237,247.02017,1.6505421,4.456633e-07,0.022794805526733398,18794.37228512764,315000
23.892029,-0.1925377,-9.348974,0.49936652,1.0,0.99905205,0.21679688,0.0044279876,-14.755281,-14.766345,-3.4380739,558.7746,0.9544124,7.3882546e-07,1.0160717,-0.84091234,12.226839,0.99905205,0.203125,0.0044906307,-14.996158,-15.007378,-3.5186129,97.90183,0.6719607,5.257236e-07,29.750507,-0.2186347,-9.342115,0.49765176,1.0,0.99902153,0.16796875,0.0048381393,-14.626493,-14.6371155,-3.7608724,333.30237,1.04644,2.6940159e-05,0.9990225,0.15722656,0.004822,-14.94384,-14.954796,-3.736728,471.1988,1.8140317,3.1295687e-05,0.023397968673706054,18911.362129688263,320000
22.797354,-0.210892,-9.320263,0.49218848,1.0,0.99904823,0.21386719,0.0043924972,-14.934947,-14.946227,-3.3950162,69.16382,0.6161983,4.4766028e-05,0.9393834,-0.7521333,13.827541,0.99904823,0.19824219,0.0044613797,-15.304783,-15.31632,-3.5017145,193.71443,0.9643394,6.7419634e-05,24.667215,-0.24712588,-9.326384,0.49371886,1.0,0.9990139,0.16699219,0.004847522,-14.631591,-14.642147,-3.831963,560.8163,0.7498489,8.270251e-08,0.999012,0.14550781,0.004905152,-15.027429,-15.038341,-3.8645644,177.91447,0.7222239,3.0614706e-06,0.02340120735168457,19028.368170022964,325000
25.59537,-0.20703048,-9.379882,0.50709337,1.0,0.9990463,0.21289062,0.004468233,-14.869759,-14.880867,-3.5071845,240.65816,0.59554875,6.860891e-06,0.9755175,-1.1430527,15.148788,0.99905014,0.1953125,0.0045383954,-15.177922,-15.189267,-3.5719068,576.43335,1.2413509,6.468931e-06,28.521801,-0.25791264,-9.317967,0.4916147,1.0,0.9990206,0.18652344,0.0047631394,-14.857495,-14.868333,-3.7691498,843.5783,1.7004149,5.2540004e-06,0.9990282,0.17382812,0.0048002335,-15.164793,-15.175934,-3.7678046,391.39377,1.3679814,6.7051263e-07,0.02340743803977966,19145.40536379814,330000
24.065125,-0.221944,-9.274753,0.48081103,1.0,0.9990616,0.22460938,0.004387851,-14.989761,-15.00111,-3.3794065,292.04947,0.9505385,2.8599533e-07,1.1661402,-0.8817319,13.97109,0.99905777,0.21191406,0.004429564,-15.368561,-15.380238,-3.423947,116.6893,0.9100641,4.4160706e-06,22.918455,-0.24296027,-9.350216,0.49967694,1.0,0.9990301,0.18261719,0.00474535,-14.750187,-14.760997,-3.6917424,453.23087,1.4554387,5.8239452e-06,0.99902916,0.16992188,0.004773268,-15.194585,-15.205824,-3.696821,1054.5243,2.499341,3.5151452e-06,0.023391958713531495,19262.36515903473,335000
27.21332,-0.20924263,-9.327119,0.49390268,1.0,0.9990463,0.21386719,0.0044279736,-14.821188,-14.832299,-3.4546268,534.8112,0.7409406,8.770478e-06,1.1594343,-1.3243248,15.713858,0.9990454,0.18554688,0.004510855,-15.114464,-15.125784,-3.5342598,108.57073,0.55078954,4.652301e-06,26.175318,-0.27721396,-9.2825985,0.48277253,1.0,0.9990196,0.1875,0.0048035746,-14.730177,-14.74089,-3.771965,516.0944,1.4850867,1.6216019e-06,0.9990225,0.17773438,0.0048061446,-14.99811,-15.009082,-3.7744145,336.6678,0.9278193,2.149787e-05,0.023380244016647338,19379.266382217407,340000
30.114698,-0.18378058,-9.299126,0.48690432,1.0,0.9990568,0.23730469,0.0043863114,-15.23844,-15.250034,-3.3765316,381.8405,1.3514147,9.4476223e-07,1.3713562,-0.92985153,15.519753,0.99905396,0.203125,0.0044582495,-15.5207,-15.532485,-3.4654408,170.11847,0.82617825,7.811255e-06,23.241325,-0.27008277,-9.345868,0.49859,1.0,0.99903107,0.171875,0.0047828155,-14.7113285,-14.722035,-3.7584515,140.22266,0.6000722,1.981029e-06,0.999033,0.15820312,0.004772518,-15.040512,-15.051534,-3.766094,50.64414,0.36218563,9.442367e-06,0.023370445585250855,19496.11861515045,345000
30.702557,-0.2174288,-9.305636,0.48853207,1.0,0.9990492,0.19335938,0.004480256,-15.098131,-15.109472,-3.495326,254.53848,1.2773896,1.8967208e-05,2.077488,-1.8294928,18.812304,0.9990454,0.18261719,0.0045336066,-15.441097,-15.452711,-3.5608726,165.32008,0.8545196,2.48602e-05,30.806335,-0.21682934,-9.316515,0.4912518,1.0,0.99902916,0.16210938,0.004882958,-14.829039,-14.83979,-3.8302646,2148.23,3.5983357,9.614103e-08,0.9990368,0.14550781,0.0048773307,-15.185645,-15.19674,-3.8359761,1057.7927,3.3790758,8.259358e-08,0.023382577466964722,19613.031504154205,350000
22.536585,-0.20147005,-9.311112,0.48990095,1.0,0.99906063,0.23828125,0.004340094,-15.188633,-15.200181,-3.3751688,89.789406,0.9167486,1.1888794e-05,0.60637385,-0.8363259,10.682762,0.9990673,0.20605469,0.004360821,-15.460244,-15.472049,-3.384258,188.4656,1.1354785,8.82379e-05,24.476702,-0.20723784,-9.3431,0.49789762,1.0,0.99903774,0.18261719,0.004770918,-14.711469,-14.722172,-3.7618937,1087.987,2.0838268,7.839012e-07,0.9990349,0.16308594,0.00476875,-15.075584,-15.086641,-3.7628226,1545.0205,2.57266,3.4820373e-06,0.0234006338596344,19730.034675121307,355000
24.019611,-0.22119287,-9.285892,0.4835958,1.0,0.99905586,0.234375,0.004397019,-15.1606,-15.172079,-3.4168158,285.0919,1.2145289,4.6533437e-06,0.7825389,-1.1755357,13.314497,0.9990587,0.19726562,0.0044577094,-15.512882,-15.524669,-3.4548593,156.54274,0.923816,1.6271517e-05,23.131855,-0.26809484,-9.332483,0.4952436,1.0,0.99903774,0.15039062,0.004895584,-14.740124,-14.750741,-3.8796692,572.0018,1.3818378,8.051552e-06,0.99903107,0.14746094,0.004914927,-15.109952,-15.120914,-3.8941734,1854.1926,2.6170135,3.2375256e-06,0.023412706184387205,19847.098207235336,360000
20.022446,-0.21696278,-9.32538,0.49346784,1.0,0.9990568,0.2607422,0.0042949934,-15.091022,-15.102564,-3.2839155,201.7726,0.87066877,4.102618e-05,0.5086391,-0.5822463,9.619158,0.9990549,0.23144531,0.004356798,-15.439264,-15.451082,-3.3500638,157.07317,1.02218,4.4482134e-05,25.934599,-0.24154899,-9.309494,0.4894965,1.0,0.99902916,0.171875,0.00478422,-14.787613,-14.798375,-3.777893,328.4808,0.864564,9.637732e-08,0.9990225,0.15332031,0.0048281904,-15.119459,-15.130526,-3.7976425,227.17923,1.40501,3.7049463e-07,0.023406564903259278,19964.13103580475,365000
24.066956,-0.2119984,-9.325836,0.49358204,1.0,0.9990654,0.25585938,0.00426881,-15.232857,-15.244607,-3.2117076,3306.0833,3.5988903,5.860917e-05,0.7679098,-1.2163416,12.891897,0.99906063,0.22070312,0.004344387,-15.460442,-15.472338,-3.290812,130.84258,1.1951916,4.358015e-05,25.428015,-0.23312287,-9.313305,0.49044943,1.0,0.9990368,0.1875,0.0047917906,-14.707079,-14.717771,-3.767961,166.00851,0.73310775,2.0761065e-06,0.9990368,0.16210938,0.0048029963,-15.01738,-15.028337,-3.8082645,87.601105,0.52210665,3.0613683e-06,0.02338007802963257,20081.031427383423,370000
22.5588,-0.202194,-9.320047,0.4921348,1.0,0.9990587,0.22851562,0.0044059223,-15.125996,-15.137413,-3.446793,177.74963,0.8045118,8.539535e-06,0.58030754,-0.9746165,10.707938,0.99905777,0.20214844,0.004427932,-15.5313225,-15.543098,-3.4842758,123.76831,1.1260043,1.1706216e-05,26.943825,-0.21044905,-9.370954,0.50486135,1.0,0.9990425,0.15429688,0.0048284386,-14.785849,-14.796587,-3.8007412,811.3821,1.1847191,4.770373e-06,0.9990425,0.15332031,0.004823816,-15.114214,-15.125267,-3.805168,1511.3936,2.6544156,8.895689e-06,0.023372594738006593,20197.89440369606,375000
24.263727,-0.21709618,-9.352715,0.5003015,1.0,0.99905396,0.20605469,0.0044436986,-15.043425,-15.054741,-3.4667726,524.1293,0.93842286,1.0570063e-06,0.9302625,-1.1927471,15.365391,0.99905396,0.21777344,0.0045013768,-15.427792,-15.43943,-3.5218723,296.64352,1.0461049,1.1010047e-05,30.412333,-0.2771253,-9.354052,0.50063574,1.0,0.99902725,0.16699219,0.004924241,-14.845034,-14.855733,-3.899598,1185.5922,2.3654537,4.2244199e-07,0.9990225,0.15820312,0.0049372683,-15.216855,-15.227919,-3.8989472,551.50433,1.5983362,6.7373804e-07,0.02338257026672363,20314.80725646019,380000
21.259266,-0.21409437,-9.345689,0.49854508,1.0,0.9990511,0.22265625,0.0044030007,-15.096397,-15.107777,-3.455117,131.3124,0.62965286,2.9659154e-06,0.47944462,-0.9692119,10.400368,0.9990463,0.21191406,0.0044581904,-15.401602,-15.413232,-3.5035949,693.5917,1.2929368,4.630198e-07,22.226206,-0.27136868,-9.317993,0.49162135,1.0,0.9990301,0.1875,0.0047751293,-14.815061,-14.825819,-3.809795,206.10915,0.87450707,1.739461e-06,0.9990301,0.16503906,0.0047907922,-15.059476,-15.070478,-3.8035994,339.7807,1.535804,3.7942993e-06,0.027766675901412963,20453.640637874603,385000
24.344324,-0.18149605,-9.340589,0.4972701,1.0,0.99906254,0.24023438,0.0043753884,-15.08217,-15.0936165,-3.3717566,738.4837,0.9760871,3.151817e-05,0.5525094,-0.80019677,12.16157,0.999053,0.203125,0.0044513303,-15.296788,-15.308338,-3.4817224,115.67465,0.55153376,6.98191e-05,23.040108,-0.2581721,-9.324879,0.49334273,1.0,0.99902916,0.17089844,0.0048926976,-14.812798,-14.823507,-3.8558748,1395.889,2.0196512,1.8904374e-06,0.99903107,0.14160156,0.0049354187,-15.125389,-15.136333,-3.9296627,582.5672,1.5555519,1.421508e-05,0.02988972706794739,20603.089275360107,390000
22.338467,-0.18035832,-9.319305,0.49194923,1.0,0.9990654,0.23535156,0.0043217754,-15.382794,-15.394633,-3.270822,602.3754,1.7590549,8.293623e-06,0.61636245,-0.5229293,13.035025,0.9990635,0.21484375,0.0043668365,-15.707992,-15.720082,-3.3390458,158.27295,1.3323089,2.1425252e-05,28.87152,-0.1965268,-9.251692,0.47504598,1.0,0.9990282,0.16113281,0.0048031826,-14.804955,-14.815758,-3.7525887,187.1447,0.79012513,1.28609945e-05,0.99902916,0.15332031,0.00483926,-15.127907,-15.13896,-3.819982,174.90706,0.62946033,2.8658895e-05,0.029893061351776124,20752.55458498001,395000
20.846287,-0.24689245,-9.290445,0.4847343,1.0,0.99906254,0.22363281,0.0044365954,-15.273948,-15.285507,-3.4489753,419.00735,1.1348913,8.613893e-06,1.0228802,-0.577383,10.2960415,0.999053,0.19042969,0.004501027,-15.637644,-15.6494875,-3.5216935,542.3677,1.2662692,2.3397133e-05,27.828964,-0.2702033,-9.325396,0.49347192,1.0,0.9990263,0.16992188,0.0048955595,-14.823198,-14.833983,-3.7897236,2301.2563,3.1064353,4.2287998e-06,0.9990244,0.15625,0.0049327975,-15.168201,-15.179316,-3.798177,932.4342,4.097656,7.83188e-06,0.029884191608428954,20901.975544452667,400000
19.091597,-0.19202569,-9.308379,0.48921764,1.0,0.99906063,0.21875,0.00441158,-15.142031,-15.153522,-3.3854234,164.0205,0.8106855,2.9381275e-05,0.6666015,-0.6875938,8.60153,0.99905777,0.19140625,0.0044674496,-15.469545,-15.481307,-3.4374714,97.62046,0.7721412,8.661238e-05,29.09086,-0.22933729,-9.320239,0.49218276,1.0,0.9990301,0.17480469,0.0047727223,-14.895172,-14.906101,-3.715005,790.2512,1.4838613,6.0730763e-06,0.9990263,0.15527344,0.0048331423,-15.173334,-15.184533,-3.7165065,1844.459,4.179836,3.7982563e-06,0.3619542019367218,22711.746557474136,405000
23.66738,-0.2073395,-9.33978,0.49706796,1.0,0.9990635,0.22070312,0.004480209,-15.105157,-15.116482,-3.5198655,184.14528,0.60070646,1.114187e-05,0.6568053,-0.7990551,12.09875,0.999053,0.18847656,0.004525517,-15.443159,-15.454752,-3.585162,131.76117,0.782396,2.7158187e-05,26.982828,-0.23475257,-9.334881,0.49584314,1.0,0.9990368,0.16699219,0.0047844145,-14.9029665,-14.913805,-3.8149037,515.4742,1.0548513,1.810057e-05,0.99903774,0.16113281,0.0048138294,-15.213524,-15.224625,-3.858044,553.937,2.0201108,1.9264787e-06,0.010137892103195191,22762.436019420624,410000
18.928696,-0.26515093,-9.307553,0.4890111,1.0,0.9990673,0.24414062,0.0043235566,-15.399828,-15.411646,-3.3115501,151.9132,0.8496001,3.8127805e-06,0.84749913,-0.6920858,11.911524,0.9990635,0.21289062,0.0043800063,-15.612673,-15.624658,-3.3525014,72.64544,0.8102673,2.1823027e-05,22.766857,-0.2698962,-9.314991,0.4908706,1.0,0.999032,0.18066406,0.00482994,-14.838892,-14.849697,-3.7849355,283.57663,1.0035702,2.4225615e-06,0.999033,0.16308594,0.0048559224,-15.09671,-15.10774,-3.8126543,69.06518,0.55969954,1.8491197e-06,0.017612705850601196,22850.49955010414,415000
26.25747,-0.25497425,-9.32919,0.49442047,1.0,0.9990587,0.23242188,0.004393122,-15.209806,-15.221384,-3.366564,401.73486,1.1896918,1.6664311e-05,0.95933884,-0.9634469,16.497677,0.99905777,0.20507812,0.004442892,-15.489451,-15.501262,-3.407679,1254.4528,2.4752302,3.4891924e-05,25.752491,-0.22673538,-9.377586,0.50651944,1.0,0.9990387,0.16992188,0.0047973515,-14.80173,-14.812529,-3.7558632,888.2521,1.2265782,2.8643115e-06,0.9990387,0.16796875,0.0048121046,-15.106753,-15.117835,-3.770759,118.772545,0.9925897,1.1672773e-05,0.02339401288032532,22967.46961569786,420000
22.000845,-0.19286929,-9.286102,0.4836487,1.0,0.99906254,0.25,0.0042375596,-15.258317,-15.270092,-3.2136848,145.66624,0.856473,2.0442345e-05,1.2743655,-0.9479896,12.618032,0.99905396,0.21386719,0.0042850124,-15.517886,-15.5298605,-3.268951,110.97796,0.7890278,8.442748e-05,27.563332,-0.24554805,-9.306349,0.48870987,1.0,0.9990349,0.171875,0.004808005,-15.002333,-15.013366,-3.7148864,946.8059,2.3271143,2.5846584e-06,0.99902725,0.16503906,0.004857696,-15.377062,-15.388449,-3.7292457,1353.3344,3.553115,1.4142973e-06,0.023384056615829468,23084.38990020752,425000
26.001114,-0.21842235,-9.289419,0.48447764,1.0,0.9990635,0.24316406,0.0043115667,-15.250219,-15.26189,-3.3109584,679.5504,1.3939832,3.9902246e-05,1.159031,-0.908687,17.930738,0.9990587,0.20703125,0.0043510785,-15.506012,-15.517884,-3.3601513,191.95992,0.98235613,2.7936203e-05,23.712044,-0.25063455,-9.345683,0.49854377,1.0,0.9990244,0.18066406,0.0048087873,-14.948549,-14.959514,-3.732499,3103.3262,3.0218036,2.893245e-06,0.99902153,0.17871094,0.0048284787,-15.232389,-15.243615,-3.748423,730.94305,3.375461,6.29191e-06,0.023381503772735596,23201.297420978546,430000
22.878279,-0.20805791,-9.326117,0.493652,1.0,0.99905586,0.24511719,0.0043503735,-15.180932,-15.19251,-3.3372302,319.89703,0.9066502,7.778844e-06,1.0197871,-1.1291004,14.496311,0.99905014,0.2109375,0.004385502,-15.555824,-15.567724,-3.3809311,226.85373,0.89781237,2.525806e-06,23.509949,-0.305002,-9.319194,0.4919214,1.0,0.9990368,0.1484375,0.004847843,-14.753761,-14.764367,-3.9040542,939.2255,1.0616287,2.6680155e-07,0.99903584,0.14746094,0.004876696,-15.06261,-15.07351,-3.9116597,202.59535,0.77478373,5.849821e-07,0.023352919387817382,23318.062019109726,435000
26.58516,-0.17447561,-9.263688,0.47804508,1.0,0.9990587,0.24609375,0.004278282,-15.360855,-15.3727,-3.2438254,154.38614,1.1725659,2.840375e-05,0.73668337,-0.65868795,13.883308,0.999053,0.23535156,0.0043322314,-15.771021,-15.783178,-3.3335938,106.203514,1.0745382,3.676065e-05,31.79898,-0.2062975,-9.323257,0.4929373,1.0,0.999033,0.18554688,0.0047933115,-14.924223,-14.935177,-3.7179008,3408.997,5.3175592,1.7194515e-06,0.99902534,0.16503906,0.004812764,-15.255344,-15.266572,-3.7689989,1262.9197,2.6836061,1.5756606e-06,0.023371627378463745,23434.920159578323,440000
19.44264,-0.22044733,-9.301777,0.48756713,1.0,0.9990568,0.23925781,0.004352561,-15.133289,-15.144814,-3.3448896,164.12447,0.6324885,9.083688e-07,0.60696477,-0.743226,9.826221,0.9990511,0.2265625,0.004400799,-15.475477,-15.487274,-3.407699,52.093746,0.4690946,2.497432e-06,24.597046,-0.26073688,-9.353392,0.50047076,1.0,0.9990244,0.19042969,0.0047746254,-15.04199,-15.0530405,-3.7374232,331.32986,1.2433941,9.613796e-07,0.99902344,0.16601562,0.0048011765,-15.347477,-15.358795,-3.7690315,154.689,0.7188094,4.8610236e-06,0.023375777292251588,23551.799047470093,445000
21.440681,-0.1793341,-9.265781,0.47856843,1.0,0.9990597,0.2421875,0.0043092547,-15.194169,-15.205817,-3.2792997,277.01855,0.95236504,6.0953662e-05,0.8144549,-0.8883108,11.491227,0.99905586,0.21289062,0.0043610623,-15.5115385,-15.52343,-3.3470957,118.15502,0.69949734,3.3703953e-05,33.073063,-0.19114149,-9.297704,0.48654902,1.0,0.99903774,0.18847656,0.004724934,-14.825945,-14.836816,-3.7050383,1511.5248,1.9705497,8.377649e-06,0.99903584,0.16699219,0.004764791,-15.095859,-15.106936,-3.76236,315.6355,0.8613068,6.1372493e-06,0.023381962203979492,23668.70886182785,450000
23.37191,-0.20271067,-9.2923355,0.48520684,1.0,0.9990549,0.23242188,0.0043547386,-15.243843,-15.255447,-3.3725438,392.22443,0.7971274,9.031218e-06,0.7838643,-2.1510224,15.735476,0.9990587,0.20605469,0.0044225757,-15.555988,-15.567836,-3.4363692,103.26072,0.59509325,2.3750051e-06,31.584816,-0.2574256,-9.331025,0.49487913,1.0,0.99901295,0.16308594,0.00476831,-15.018244,-15.029285,-3.7219005,1626.6735,2.4839358,1.502784e-07,0.9990158,0.16113281,0.0048016123,-15.373372,-15.384728,-3.7553074,358.93045,1.345592,1.3963964e-07,0.023409574127197266,23785.756734132767,455000
28.000122,-0.19837072,-9.25423,0.47568035,1.0,0.99905396,0.23925781,0.0043573435,-15.169107,-15.1806,-3.4116294,122.32129,0.5267077,1.1746409e-05,1.219064,-1.4344016,19.960835,0.99905205,0.19824219,0.0044495044,-15.415772,-15.427419,-3.5023844,132.44078,0.5700232,1.6023345e-05,27.329199,-0.25675017,-9.332391,0.4952207,1.0,0.9990244,0.16601562,0.004849366,-14.865391,-14.876224,-3.7822309,2241.6697,3.0840583,2.6400637e-06,0.99901104,0.13769531,0.004900637,-15.105766,-15.116814,-3.8048222,341.2679,1.5241786,3.6520369e-06,0.023396361780166627,23902.73854613304,460000
21.75206,-0.2274248,-9.332504,0.49524912,1.0,0.9990587,0.22167969,0.0043878555,-15.268932,-15.280516,-3.4197035,84.72891,0.6935196,5.82241e-05,0.7292255,-0.9158339,12.72081,0.9990587,0.1875,0.004424974,-15.4885235,-15.5002775,-3.4631276,298.60922,1.0443168,8.497838e-05,19.547464,-0.27845716,-9.378072,0.50664103,1.0,0.9990368,0.17089844,0.004905264,-14.745772,-14.756368,-3.907445,6977.259,5.357552,5.8414336e-08,0.999032,0.16699219,0.0048768115,-14.928356,-14.939171,-3.864972,1491.121,2.6149156,1.7412685e-06,0.0233848069190979,24019.662581920624,465000
19.053852,-0.22848266,-9.263987,0.47811955,1.0,0.9990549,0.22265625,0.004449811,-15.282315,-15.293859,-3.4735227,253.4944,0.6281252,2.4851215e-05,0.7048589,-0.8739561,10.522193,0.999053,0.18945312,0.0045093014,-15.530152,-15.541886,-3.5266495,159.49641,0.6469347,2.043217e-05,25.610767,-0.27397662,-9.334551,0.49576056,1.0,0.9990206,0.171875,0.004828934,-15.126694,-15.137854,-3.7101727,1336.7233,2.3756092,4.790469e-06,0.9990244,0.15527344,0.0048492895,-15.409879,-15.421315,-3.7100663,909.7731,3.3919103,6.031984e-06,0.023364598512649538,24136.48557806015,470000
26.330492,-0.21797732,-9.290852,0.48483598,1.0,0.99906063,0.24609375,0.004370928,-15.392712,-15.40443,-3.404109,340.69348,1.2315779,1.4484731e-06,1.6903578,-0.7443304,18.992964,0.99905586,0.21679688,0.0044393223,-15.596657,-15.6085,-3.4811006,181.25043,1.2206017,1.5612226e-05,22.47357,-0.257351,-9.331623,0.49502867,1.0,0.99901867,0.18164062,0.0047666635,-14.997707,-15.008755,-3.6967866,1287.449,2.1581693,9.231845e-06,0.9990206,0.17773438,0.0047549484,-15.309121,-15.320491,-3.6777344,548.25745,2.398224,1.4695591e-05,0.02337883243560791,24253.37974190712,475000
20.898756,-0.17309201,-9.310377,0.48971725,1.0,0.9990587,0.24609375,0.004291834,-15.348151,-15.359925,-3.3037333,102.72175,0.6054723,9.264761e-06,1.2432661,-0.73675823,11.974125,0.99905205,0.21679688,0.0043445644,-15.542345,-15.554266,-3.3471613,376.1333,1.3044788,6.346739e-06,23.679594,-0.24654882,-9.330368,0.494715,1.0,0.99903107,0.14746094,0.0048281224,-14.92101,-14.931874,-3.806927,787.44965,1.4746151,1.6137817e-06,0.9990244,0.13476562,0.0049041356,-15.173256,-15.1842785,-3.8975763,3494.8916,4.2622843,7.3350984e-06,0.0233683819770813,24370.221653223038,480000
19.946295,-0.24832672,-9.337236,0.4964322,1.0,0.99905586,0.2421875,0.0043621487,-15.423019,-15.434827,-3.3446975,1249.3232,1.493265,1.6221038e-05,0.66068375,-0.89217937,9.643505,0.99905396,0.20800781,0.004384105,-15.674145,-15.686162,-3.380733,179.71648,0.9517235,2.931388e-05,24.541002,-0.2647809,-9.369685,0.50454426,1.0,0.9990282,0.16015625,0.00481029,-14.957395,-14.968328,-3.7731743,957.7998,1.7413197,7.1334597e-07,0.99903107,0.15625,0.0048099235,-15.346387,-15.357679,-3.7939904,756.8086,2.3754277,2.5534769e-06,0.02643847794532776,24502.414044618607,485000
17.984688,-0.25003567,-9.289954,0.48461154,1.0,0.99906445,0.23046875,0.0043678386,-15.3310375,-15.342725,-3.375149,411.30728,1.1113102,9.734123e-06,0.6842177,-0.6953855,11.0388975,0.99906063,0.21777344,0.0044240877,-15.608572,-15.620472,-3.4349315,482.91656,1.4408137,1.5926687e-06,27.913866,-0.25615072,-9.382082,0.5076435,1.0,0.999032,0.17871094,0.004753946,-14.969791,-14.980852,-3.6549945,582.7745,1.4698057,1.7214483e-06,0.99903774,0.16503906,0.0047425344,-15.154535,-15.165779,-3.6522145,619.7502,1.76927,4.7493377e-06,0.02988991756439209,24651.863634109497,490000
26.34644,-0.19563547,-9.29812,0.48665294,1.0,0.9990549,0.24609375,0.004374245,-15.478388,-15.490235,-3.3591971,152.62874,0.7540988,1.6323576e-06,1.0478051,-1.1281292,15.909239,0.999053,0.20605469,0.0044513475,-15.821779,-15.833882,-3.4402776,168.53523,0.81472254,3.0461692e-06,25.984709,-0.22790214,-9.327643,0.49403375,1.0,0.999033,0.18359375,0.0047711013,-14.98889,-14.999886,-3.7398286,527.2546,1.5600464,5.296986e-06,0.9990282,0.16503906,0.004796926,-15.280799,-15.292052,-3.7681925,1616.0106,3.138178,8.750227e-06,0.029902272891998292,24801.37500143051,495000
24.436295,-0.18970723,-9.340308,0.49719992,1.0,0.99906063,0.24609375,0.0043306686,-15.453234,-15.4650755,-3.3401675,350.21335,1.035644,1.815534e-05,0.62384176,-0.74739504,12.506261,0.9990549,0.21289062,0.0044075917,-15.753844,-15.765894,-3.4267268,138.75195,0.767896,2.2314376e-05,24.012247,-0.23678455,-9.369636,0.504532,1.0,0.9990387,0.16210938,0.0047915066,-15.025583,-15.036565,-3.7913506,606.6331,1.082726,3.7248942e-06,0.999033,0.14257812,0.004840445,-15.355242,-15.366483,-3.8559341,351.4251,1.0915618,8.884362e-06,0.029901100635528564,24950.880506515503,500000
21.646374,-0.2386223,-9.327339,0.4939578,1.0,0.9990568,0.22949219,0.0044255024,-15.436539,-15.448289,-3.4149632,180.6666,0.81132734,3.4590641e-06,1.3027378,-0.9186101,13.481001,0.99904156,0.20019531,0.0044719935,-15.71059,-15.722591,-3.4333704,543.53204,1.5148749,1.4592921e-06,23.687115,-0.2867489,-9.333839,0.49558285,1.0,0.99902344,0.15527344,0.0048654824,-14.913741,-14.924612,-3.7926364,373.34573,1.4873556,1.2099451e-05,0.99902153,0.14550781,0.0048568374,-15.239548,-15.250741,-3.7884252,297.175,1.4227457,1.1130252e-05,0.37126321783065797,26807.196597337723,505000
19.978163,-0.23595154,-9.325005,0.49337393,1.0,0.99906445,0.2607422,0.0043002265,-15.440443,-15.45234,-3.269771,199.97389,0.9563716,1.085282e-05,0.8614517,-0.8255226,12.684778,0.9990635,0.23632812,0.004349705,-15.733021,-15.745185,-3.289332,227.21954,1.4698871,3.094235e-05,23.566963,-0.27184322,-9.370189,0.50467026,1.0,0.99903584,0.18457031,0.0047224956,-14.974454,-14.985563,-3.609437,850.64594,2.0631895,7.7074174e-07,0.9990301,0.18359375,0.004752752,-15.20476,-15.216081,-3.623345,208.81024,1.3957449,1.4682569e-06,0.010143423414230347,26857.913715600967,510000
24.485748,-0.19716495,-9.268765,0.47931433,1.0,0.9990654,0.2685547,0.004203753,-15.460164,-15.472123,-3.2264419,145.55064,0.6906401,5.5206992e-06,0.6400697,-1.230985,13.047882,0.9990597,0.23242188,0.004268699,-15.750678,-15.762847,-3.3017223,62.87583,0.6897286,6.818392e-05,23.920858,-0.258985,-9.346045,0.49863398,1.0,0.9990387,0.16308594,0.004811682,-14.914218,-14.9250345,-3.8482535,77.2801,0.47564653,5.812565e-06,0.999033,0.16015625,0.0048266184,-15.147442,-15.158489,-3.8458211,728.8833,1.3667911,4.0538423e-05,0.016205178499221803,26938.939610004425,515000
26.858084,-0.24231026,-9.289618,0.4845274,1.0,0.99906635,0.2529297,0.0043267296,-15.540723,-15.552683,-3.3050225,269.9886,1.3957057,9.103556e-09,1.3719375,-1.3115472,16.590242,0.9990587,0.22363281,0.004390696,-15.841877,-15.854074,-3.3665674,1164.6117,2.616308,5.2988673e-07,30.188734,-0.28299296,-9.312465,0.49023923,1.0,0.99902534,0.15234375,0.0048887413,-15.047456,-15.05845,-3.8015862,812.0811,1.7872868,4.381063e-07,0.99902534,0.1484375,0.004889424,-15.317216,-15.328486,-3.787995,559.40985,1.6748343,3.2437467e-06,0.023410760068893432,27055.993411779404,520000
20.783512,-0.25798213,-9.273254,0.48043638,1.0,0.9990673,0.24804688,0.004322609,-15.476109,-15.487995,-3.3177333,244.91489,1.0741739,3.5935474e-05,0.53385043,-0.7921298,11.142694,0.9990616,0.20996094,0.004373648,-15.743572,-15.75569,-3.3482094,138.91063,1.2753687,2.3488124e-05,23.77282,-0.26674038,-9.3220005,0.4926232,1.0,0.9990444,0.17578125,0.004747033,-15.03271,-15.043778,-3.709518,2777.606,4.56494,2.134285e-06,0.9990444,0.16699219,0.004733269,-15.34124,-15.352618,-3.7003853,2660.0464,4.8066397,5.675153e-07,0.023733660793304443,27174.661717653275,525000
20.222164,-0.247683,-9.27337,0.48046535,1.0,0.99904823,0.20800781,0.004439055,-15.391622,-15.403283,-3.4625175,361.02872,0.80193204,4.8634256e-06,0.9204793,-0.6872474,12.5447855,0.99904823,0.18945312,0.0044896044,-15.793131,-15.805138,-3.5100918,139.43236,0.8046934,7.2294265e-06,32.3806,-0.20705846,-9.339191,0.49692065,1.0,0.9990158,0.16113281,0.004873217,-14.9821415,-14.993047,-3.8267424,2233.8271,2.767867,2.1095066e-06,0.9990206,0.14746094,0.004876131,-15.38088,-15.392134,-3.8692918,187.6061,0.7863646,2.1343503e-06,0.023400073146820067,27291.662086486816,530000
26.950596,-0.22158323,-9.3115015,0.48999828,1.0,0.99905396,0.23828125,0.004410866,-15.22368,-15.235246,-3.3914847,208.2994,0.8421252,1.3997871e-07,1.0089719,-1.0488614,19.585526,0.9990463,0.20703125,0.004444086,-15.356589,-15.368241,-3.4363403,83.26625,0.6304488,5.0696235e-07,26.140179,-0.24509129,-9.324469,0.49323994,1.0,0.9990225,0.1953125,0.0048060855,-15.1117115,-15.122889,-3.6769786,497.15527,2.2685246,5.8242343e-08,0.9990101,0.1796875,0.0048491466,-15.315904,-15.327296,-3.661163,3225.8228,6.7791977,5.394877e-07,0.0233818256855011,27408.57122039795,535000
20.086811,-0.20353423,-9.316869,0.49134016,1.0,0.9990616,0.24707031,0.0042971876,-15.503956,-15.515911,-3.2735295,543.59186,1.2736776,2.1896889e-05,0.7150802,-0.8999593,11.396413,0.9990597,0.21484375,0.00436199,-15.827466,-15.839657,-3.35662,93.695,0.88768333,6.273573e-05,24.33955,-0.25836843,-9.310974,0.48986638,1.0,0.99902534,0.15917969,0.0047839675,-14.924244,-14.935188,-3.7282665,1095.8501,1.6577077,5.832775e-07,0.9990263,0.15722656,0.0048238738,-15.2539425,-15.265193,-3.7450995,700.6561,1.7579563,1.951387e-05,0.023371792554855348,27525.430184602737,540000
20.527763,-0.21407726,-9.369892,0.504596,1.0,0.9990654,0.2265625,0.0043325825,-15.540149,-15.552108,-3.306117,366.0724,1.2516627,8.7019805e-07,0.31359655,-0.90128237,9.629699,0.9990568,0.21386719,0.0043947794,-15.79648,-15.808613,-3.3854141,572.4681,1.6597393,1.408083e-05,31.802032,-0.19777142,-9.330211,0.4946757,1.0,0.999033,0.1796875,0.004831006,-15.168525,-15.179681,-3.7558784,1282.4414,2.7036166,1.4794573e-07,0.99903584,0.17480469,0.004821281,-15.394138,-15.405475,-3.797249,488.88614,1.3999448,1.9533577e-06,0.02336167469024658,27642.238561868668,545000
24.098904,-0.1743783,-9.335247,0.4959349,1.0,0.9990568,0.24121094,0.0043489705,-15.309247,-15.320937,-3.3503175,222.5827,0.816171,7.765365e-05,1.6174105,-1.0459739,14.794014,0.999053,0.21386719,0.004381286,-15.607898,-15.619817,-3.4150708,140.08098,0.7105398,0.00012332274,21.534836,-0.2827295,-9.329111,0.4944008,1.0,0.9990368,0.18457031,0.0048174425,-15.023729,-15.034745,-3.7551336,3324.0344,4.684882,4.5102888e-07,0.99903584,0.17773438,0.004806865,-15.273778,-15.285018,-3.7755365,425.5991,2.546063,1.0165121e-06,0.023381018495559694,27759.143655776978,550000
20.151562,-0.20806175,-9.280436,0.4822317,1.0,0.9990759,0.22363281,0.0043821083,-15.598808,-15.610749,-3.383167,325.10904,1.1120782,4.6379235e-05,0.79536754,-0.6167613,8.56709,0.99906635,0.19335938,0.004436986,-15.916521,-15.928689,-3.4689412,355.3466,1.4364043,0.000105636755,30.325632,-0.21315613,-9.366764,0.50381404,1.0,0.99903965,0.19726562,0.0047728866,-15.077522,-15.088619,-3.7248409,499.82224,1.9692819,5.6275026e-06,0.9990406,0.16015625,0.004768476,-15.297869,-15.309173,-3.7344284,2674.2676,4.5503798,5.3391414e-06,0.023392265224456785,27876.104984521866,555000
21.71476,-0.17246324,-9.295196,0.48592198,1.0,0.99905777,0.2607422,0.0043311142,-15.390489,-15.402239,-3.3700385,88.27857,0.74414814,5.2700412e-05,0.97135705,-0.5982945,10.777815,0.999053,0.21875,0.004408988,-15.650229,-15.662104,-3.5021195,73.99042,0.5963013,1.568139e-05,34.93403,-0.18830305,-9.356295,0.5011966,1.0,0.99902344,0.19042969,0.0047419546,-15.115511,-15.126638,-3.7323985,715.8312,1.1137612,7.453914e-08,0.9990244,0.16894531,0.0047832606,-15.432781,-15.444169,-3.7832537,219.60039,1.120726,2.8082864e-06,0.023413223028182984,27993.17110133171,560000
24.445518,-0.20620704,-9.292173,0.4851662,1.0,0.9990444,0.25,0.0043561636,-15.113779,-15.1252575,-3.3705943,151.9376,0.6094804,2.0923948e-05,1.0452822,-1.0034825,16.91669,0.9990454,0.22167969,0.004409059,-15.428284,-15.44,-3.4434166,312.80283,0.8267732,3.1638057e-05,26.276096,-0.25870866,-9.357094,0.5013964,1.0,0.9990339,0.18554688,0.0047479467,-15.085432,-15.096631,-3.629961,1314.9412,3.0447369,9.065449e-06,0.9990282,0.17089844,0.0047542434,-15.36828,-15.379746,-3.6371992,1058.4728,2.8593893,4.498264e-06,0.02338730049133301,28110.107605218887,565000
27.750568,-0.14406183,-9.302199,0.48767278,1.0,0.999074,0.26171875,0.004284057,-15.587746,-15.599839,-3.2149189,998.47015,2.2757535,5.6020326e-07,0.7569011,-0.78568625,14.759178,0.9990597,0.22167969,0.0043652984,-15.973923,-15.9862585,-3.353888,59.351192,0.8632513,5.157779e-07,30.8191,-0.22536986,-9.330764,0.49481398,1.0,0.9990282,0.1796875,0.004818772,-15.01084,-15.021919,-3.6770706,4938.896,4.386217,1.9430202e-06,0.999032,0.18457031,0.004794167,-15.25745,-15.268752,-3.694162,283.6253,1.7811906,9.1275587e-07,0.023377401781082153,28226.994621753693,570000
23.645046,-0.222145,-9.282789,0.4828202,1.0,0.9990587,0.24316406,0.004329816,-15.449985,-15.461815,-3.347564,119.30497,0.60129607,3.983073e-05,1.091916,-0.61913955,12.7030735,0.9990587,0.20898438,0.004389244,-15.737526,-15.749582,-3.4044871,330.65924,1.0191453,2.3762526e-05,25.688751,-0.2745329,-9.291933,0.48510635,1.0,0.99904156,0.17382812,0.004768748,-15.027193,-15.038169,-3.7983284,1764.516,1.6209881,8.4799185e-06,0.9990406,0.16992188,0.004772879,-15.3064995,-15.317763,-3.782078,226.84875,0.69610953,1.2038966e-05,0.023390079641342165,28343.945021390915,575000
23.68749,-0.2332767,-9.269003,0.4793735,1.0,0.99906826,0.27539062,0.004180792,-15.798778,-15.811172,-3.1207378,779.8328,1.7581667,3.6647838e-05,1.2559543,-0.5567379,11.848663,0.9990654,0.2607422,0.004246599,-16.011505,-16.02405,-3.177773,125.353134,1.211637,2.72546e-05,24.076813,-0.2739975,-9.341791,0.49757075,1.0,0.9990339,0.15820312,0.004836167,-15.1184635,-15.129569,-3.7582939,2312.2083,3.4597712,8.4125986e-07,0.99902725,0.13378906,0.0048608053,-15.367986,-15.379354,-3.738882,8673.027,10.142141,1.8182238e-06,0.023404335927963257,28460.966702461243,580000
26.997412,-0.20709765,-9.313101,0.490398,1.0,0.99906254,0.2626953,0.004280426,-15.45627,-15.468183,-3.269514,276.75476,1.4142883,2.022838e-05,1.1954485,-1.5368172,16.622948,0.99905777,0.21191406,0.0043472657,-15.756858,-15.768964,-3.3720574,340.60315,1.2668498,2.7522405e-05,23.387842,-0.2497266,-9.341038,0.49738252,1.0,0.9990263,0.1640625,0.0048437854,-15.004336,-15.015331,-3.7557871,421.32724,1.5507479,4.1839635e-06,0.99902344,0.15332031,0.0048721135,-15.230022,-15.241168,-3.8280637,784.2944,1.5404019,1.3006293e-05,0.023513726806640625,28578.535338163376,585000
21.384935,-0.24830744,-9.323923,0.49310356,1.0,0.99906445,0.22949219,0.004391549,-15.664095,-15.676072,-3.4111829,157.91321,0.95281816,1.3972304e-05,0.8486437,-0.78162944,13.969345,0.9990692,0.20800781,0.004420205,-15.814761,-15.826869,-3.4282155,143.18774,0.9674059,1.8615434e-05,19.9872,-0.27935982,-9.331983,0.49511853,1.0,0.9990301,0.15722656,0.004873822,-14.897675,-14.908442,-3.8831127,208.63976,0.5914544,4.5207707e-07,0.99903107,0.16308594,0.004872008,-15.043773,-15.054695,-3.8701005,443.50134,1.0527488,5.95407e-07,0.030137044954299926,28729.22056555748,590000
22.36011,-0.21374929,-9.267601,0.47902328,1.0,0.9990635,0.25195312,0.00433714,-15.581127,-15.593107,-3.326168,288.6624,1.265876,3.0213672e-05,0.8771663,-0.7717542,14.805289,0.9990597,0.22167969,0.004371234,-15.830685,-15.842861,-3.3748484,167.11989,0.99582714,2.3272334e-05,28.707424,-0.23085728,-9.332893,0.4953465,1.0,0.9990339,0.18457031,0.004840064,-15.060753,-15.07178,-3.779404,457.08368,1.0571598,1.1455704e-07,0.9990301,0.17578125,0.0048288885,-15.268768,-15.28001,-3.7683196,214.66173,1.236589,2.211407e-07,0.03812489495277405,28919.845042467117,595000
23.36306,-0.19991085,-9.328115,0.49415183,1.0,0.99906254,0.2578125,0.0043132026,-15.457437,-15.469328,-3.2931976,177.04509,0.9932301,4.030626e-06,1.2369027,-0.9721835,16.925997,0.9990587,0.22265625,0.0043759095,-15.756169,-15.76826,-3.3875997,1138.4442,1.9361173,4.557038e-06,21.661531,-0.2696112,-9.302,0.48762298,1.0,0.9990339,0.19042969,0.0047517745,-15.018186,-15.029229,-3.7205906,739.6184,1.5508235,8.10601e-07,0.9990339,0.17675781,0.0047482406,-15.200943,-15.212183,-3.7031164,255.71208,1.4304914,1.9249176e-06,0.03811922507286072,29110.441169261932,600000
21.075811,-0.20245636,-9.329475,0.49449173,1.0,0.9990673,0.25683594,0.0042626886,-15.559061,-15.571095,-3.2485704,209.70729,1.0427322,4.3441018e-05,0.5966411,-0.7869093,11.656459,0.99906445,0.234375,0.004320414,-15.802198,-15.814389,-3.3295255,140.82927,0.8938614,0.00011626894,25.675907,-0.23985508,-9.343142,0.49790823,1.0,0.999032,0.15722656,0.0048934156,-14.950764,-14.961604,-3.8612866,478.38867,0.9837078,3.9301663e-06,0.9990301,0.14257812,0.00490317,-15.126408,-15.137404,-3.8762233,204.78125,0.9605011,4.6861965e-06,0.35779217104911804,30899.40202832222,605000
29.29907,-0.23638424,-9.263814,0.4780764,1.0,0.99906063,0.24414062,0.0043051476,-15.674767,-15.686852,-3.3093517,289.7357,1.0210851,1.3239655e-05,0.7363419,-0.9363885,17.512287,0.9990616,0.21289062,0.004365161,-16.00253,-16.014896,-3.3493586,567.18304,1.6362548,3.132262e-05,31.427673,-0.20947567,-9.372116,0.5051522,1.0,0.9990349,0.16699219,0.004811084,-15.127482,-15.138571,-3.784184,1318.4031,2.1380177,8.508019e-06,0.9990301,0.16210938,0.0048705814,-15.392847,-15.404173,-3.8061476,10514.449,16.80918,1.4296346e-06,0.010177720975875855,30950.290638446808,610000
27.934425,-0.20173013,-9.291033,0.48488098,1.0,0.9990587,0.25097656,0.0042542247,-15.591886,-15.603955,-3.2442741,381.64795,1.1936904,5.4729067e-06,0.90735203,-1.2168454,17.184652,0.99905777,0.21972656,0.004332098,-15.817663,-15.829851,-3.3492618,327.73267,1.244734,2.457483e-07,24.60181,-0.23073974,-9.330004,0.49462378,1.0,0.9990282,0.171875,0.0048248153,-15.008369,-15.019343,-3.7822142,1034.6073,1.5775313,1.2481344e-06,0.999032,0.16503906,0.00484812,-15.179406,-15.190511,-3.81897,132.15677,0.742928,3.3546644e-06,0.01610993528366089,31030.840316534042,615000
21.64608,-0.2168887,-9.287717,0.48405206,1.0,0.9990549,0.23925781,0.004334865,-15.428505,-15.440345,-3.3152514,209.74469,1.0414877,1.3566298e-05,0.5695035,-0.5497152,11.379862,0.99905777,0.20019531,0.0043927603,-15.715578,-15.727615,-3.40198,175.16988,1.0059476,3.054464e-05,25.281431,-0.25713134,-9.37298,0.50536793,1.0,0.9990349,0.18066406,0.0047473144,-14.879047,-14.889949,-3.726191,396.8664,1.0775098,2.1303573e-05,0.99903774,0.16796875,0.0047501335,-15.124758,-15.13588,-3.7457933,4962.29,5.256265,5.267775e-05,0.023425789260864256,31147.969264268875,620000
22.218832,-0.20240949,-9.307596,0.48902184,1.0,0.9990587,0.27148438,0.004277879,-15.602865,-15.614878,-3.3141918,208.02176,0.836323,2.2827278e-05,1.3043106,-0.71013725,12.273463,0.9990587,0.22167969,0.004351008,-15.902021,-15.914234,-3.4082465,260.39932,0.99908954,4.217026e-05,29.274418,-0.2331138,-9.270727,0.47980475,1.0,0.9990063,0.18164062,0.0048229983,-15.162898,-15.174107,-3.6967444,2579.2961,2.648797,4.0955496e-07,0.99901295,0.16503906,0.0048141396,-15.448893,-15.460347,-3.7305417,392.65036,1.3696488,1.5368576e-06,0.023451387071609497,31265.22620153427,625000
25.000633,-0.23505057,-9.344606,0.4982746,1.0,0.99907875,0.2626953,0.0042447466,-15.919149,-15.931585,-3.1983714,1593.2001,1.9996701,3.0568743e-05,0.8713429,-1.0818468,16.471199,0.9990673,0.22167969,0.004283233,-16.224178,-16.23687,-3.2401395,96.289474,1.0753217,2.1109627e-05,23.678246,-0.27028644,-9.327457,0.49398726,1.0,0.9990225,0.17480469,0.0047343103,-15.196829,-15.208158,-3.6078596,14527.703,9.00289,5.0473795e-05,0.99901485,0.15039062,0.004765232,-15.441169,-15.452719,-3.6262174,390.66287,3.0250716,7.075794e-05,0.023430252885818483,31382.377467870712,630000
24.781515,-0.24386188,-9.323256,0.49293697,1.0,0.9990587,0.23730469,0.004400751,-15.460504,-15.472311,-3.3823085,124.816444,0.74953955,7.6255938e-06,2.5691597,-1.4888214,22.280117,0.9990587,0.2109375,0.0044122683,-15.65001,-15.6620035,-3.3807411,334.2406,0.91405106,7.516758e-05,27.937489,-0.26857752,-9.336332,0.49620616,1.0,0.9990339,0.17382812,0.0047759484,-15.111256,-15.122433,-3.6768916,2161.244,4.637289,1.4842599e-08,0.99903107,0.16308594,0.004782196,-15.332262,-15.343644,-3.6884413,2088.0767,3.6195426,6.728446e-06,0.023431255674362182,31499.533747673035,635000
26.400194,-0.19827113,-9.322577,0.49276745,1.0,0.9990721,0.2548828,0.0043313503,-15.481361,-15.493255,-3.3140159,309.48514,1.2673867,1.4504683e-05,0.5187229,-0.7581647,13.058829,0.9990597,0.23242188,0.0043780184,-15.737979,-15.750058,-3.381217,75.7553,0.7147957,4.3153257e-05,24.618572,-0.26124716,-9.314677,0.49079233,1.0,0.99903107,0.17578125,0.004783869,-15.089579,-15.100726,-3.6858318,17777.695,10.185606,1.4442796e-08,0.9990263,0.15820312,0.0047906423,-15.3165,-15.327855,-3.7003288,2038.8156,3.98806,4.7499873e-07,0.02346041679382324,31616.83583331108,640000
21.106323,-0.21488452,-9.2747555,0.4808119,1.0,0.9990616,0.24804688,0.0043285084,-15.743532,-15.755653,-3.343448,587.1145,1.199089,4.1278763e-05,1.0428346,-0.6828342,12.534605,0.99905205,0.22167969,0.004415951,-15.895733,-15.907905,-3.444378,156.54729,1.0165405,9.026336e-06,25.00537,-0.22190216,-9.331947,0.49510965,1.0,0.99903107,0.17773438,0.004764735,-14.961046,-14.971971,-3.7851238,157.69717,0.66215825,1.7044387e-07,0.99903107,0.17773438,0.0047841817,-15.241403,-15.252592,-3.7948933,392.30185,1.3646086,1.5650417e-05,0.023423631191253663,31733.953990221024,645000
21.376268,-0.23839512,-9.25736,0.4764632,1.0,0.99906254,0.23730469,0.0043505663,-15.477978,-15.489822,-3.359807,170.72673,0.83190477,6.640497e-07,1.1976875,-0.7314278,15.523453,0.9990568,0.20605469,0.0044485508,-15.658139,-15.670074,-3.4491732,136.04372,0.7391917,9.3401104e-07,23.853735,-0.22872373,-9.295008,0.48587477,1.0,0.999033,0.171875,0.0048568384,-15.069456,-15.080483,-3.7882166,323.71344,1.6759849,2.549281e-07,0.9990282,0.16015625,0.0048674745,-15.229121,-15.240281,-3.81323,198.5446,1.1835964,3.4224266e-07,0.02343368110656738,31851.122397184372,650000
22.919106,-0.20787835,-9.313993,0.49062112,1.0,0.99906063,0.2763672,0.0042792894,-15.647799,-15.659903,-3.265422,380.6939,1.058459,9.290065e-06,1.6143295,-1.6138371,25.695686,0.99904823,0.23535156,0.0043413304,-15.72615,-15.738274,-3.3234415,1017.101,1.9997091,5.6846034e-06,25.24123,-0.2659405,-9.343889,0.4980952,1.0,0.99903584,0.18261719,0.0047930535,-15.221638,-15.232835,-3.7664287,903.08673,1.6916138,5.1825873e-06,0.9990387,0.15820312,0.0048086056,-15.365803,-15.377165,-3.7415583,236.76051,1.2081425,1.7506105e-05,0.023429228448867797,31968.26854133606,655000
24.220598,-0.17284635,-9.318397,0.49172217,1.0,0.99906826,0.24121094,0.0043265675,-15.501523,-15.51344,-3.311634,178.20334,0.9014908,1.9526993e-05,1.2393892,-0.9291212,14.527222,0.99906254,0.21972656,0.0043909997,-15.745555,-15.757631,-3.391876,212.23015,0.910617,4.7798974e-05,21.101295,-0.23820466,-9.374156,0.50566196,1.0,0.99902916,0.171875,0.0048267506,-15.031456,-15.042447,-3.7869678,399.67743,0.63104767,5.158062e-06,0.9990244,0.16210938,0.0048434744,-15.200804,-15.211934,-3.8144064,123.60088,0.64742684,1.9678775e-05,0.02342562184333801,32085.39665198326,660000
25.138802,-0.18833916,-9.26766,0.47903794,1.0,0.99905586,0.22363281,0.0042996956,-15.693207,-15.705311,-3.3094845,443.609,0.7701503,3.6858593e-05,1.0027106,-1.0946746,14.372795,0.99904823,0.20898438,0.004354935,-15.939655,-15.951909,-3.4038224,219.87932,0.9126539,1.1068582e-05,27.703299,-0.2560277,-9.283624,0.4830289,1.0,0.9990244,0.1640625,0.004862815,-15.162323,-15.173471,-3.7587838,4468.091,4.6670566,1.1369336e-06,0.9990196,0.15234375,0.0048682936,-15.456837,-15.468241,-3.789209,1254.9866,2.674289,4.2842003e-06,0.0234636944770813,32202.71512556076,665000
21.871338,-0.22159058,-9.295052,0.48588604,1.0,0.9990721,0.25195312,0.0042916555,-15.687613,-15.699782,-3.2388856,186.12909,1.2498426,2.447941e-06,0.9661993,-0.88642204,12.091348,0.99907017,0.21777344,0.004368354,-15.883147,-15.895426,-3.3229718,1009.1406,2.5827816,3.9749243e-06,34.63087,-0.24178016,-9.348561,0.4992631,1.0,0.9990349,0.18261719,0.004717954,-15.05704,-15.068176,-3.6651218,1074.9706,2.9518104,6.182904e-07,0.9990349,0.16601562,0.0047705364,-15.20498,-15.216203,-3.7232676,1483.1858,4.4693136,4.058575e-06,0.028710930585861206,32346.269781827927,670000
19.131042,-0.22114396,-9.292149,0.48516002,1.0,0.99906635,0.24804688,0.0043177195,-15.6154995,-15.627576,-3.2614744,490.21277,1.1150674,5.0802973e-06,1.0681232,-0.9917214,12.685813,0.9990549,0.22167969,0.004406847,-15.853277,-15.865467,-3.3833995,116.13582,0.76372105,3.4711342e-05,28.80201,-0.19999294,-9.321139,0.49240795,1.0,0.99903107,0.18164062,0.0047580022,-14.977624,-14.98866,-3.6866684,3275.9812,3.1409273,3.2465537e-06,0.9990282,0.17773438,0.0047752773,-15.20954,-15.220768,-3.7231088,13353.484,16.203548,1.2319161e-05,0.03162700815200806,32504.404824495316,675000
21.177896,-0.20774576,-9.337052,0.49638617,1.0,0.99906254,0.24707031,0.004337105,-15.443812,-15.455623,-3.3627474,457.95023,0.9163472,3.168211e-05,0.7646602,-0.7446606,14.262053,0.9990549,0.2265625,0.004368557,-15.764251,-15.776345,-3.3928213,513.2011,1.1562053,2.3544999e-05,25.712261,-0.2820645,-9.336297,0.49619722,1.0,0.99901867,0.16699219,0.0048182197,-15.006355,-15.017309,-3.8008714,744.9624,1.0790386,2.6003477e-10,0.99901295,0.14355469,0.004871535,-15.176272,-15.187366,-3.8278904,341.68393,1.1752486,1.0505564e-08,0.03163080263137817,32662.558840036392,680000
26.821331,-0.21366113,-9.31492,0.49085307,1.0,0.99906063,0.2421875,0.0042651524,-15.667776,-15.6799,-3.2646918,324.6991,1.2821171,5.0202916e-06,1.116885,-0.8396992,18.56753,0.9990616,0.24023438,0.0042810407,-15.907212,-15.919531,-3.305897,113.10519,0.9681651,6.2440864e-05,34.579388,-0.24949789,-9.318247,0.49168462,1.0,0.9990158,0.17871094,0.0048698043,-15.130681,-15.141789,-3.76584,1052.2539,2.4133947,1.0156541e-05,0.9990225,0.14550781,0.0048648575,-15.370096,-15.381429,-3.7786143,244.70198,1.4068692,3.9080645e-05,0.03166483154296875,32820.882999420166,685000
28.12817,-0.2002171,-9.337637,0.49653205,1.0,0.99906826,0.24902344,0.004302104,-15.749142,-15.761315,-3.2953708,249.8812,1.2064977,2.876656e-05,1.6666689,-1.0346259,19.450308,0.9990673,0.23339844,0.0043481546,-15.98624,-15.998612,-3.3303723,233.55316,1.7864587,2.354675e-05,24.735779,-0.2408189,-9.327914,0.4941015,1.0,0.99903965,0.17675781,0.004719645,-15.230858,-15.242168,-3.6601608,1047.3236,2.1253371,7.5696244e-07,0.999032,0.15136719,0.0047556693,-15.454233,-15.465743,-3.6798625,5616.36,6.9045277,4.027913e-06,0.035898079252243045,33000.37339758873,690000
22.871468,-0.20740345,-9.29574,0.4860579,1.0,0.9990721,0.2841797,0.0041618217,-15.822811,-15.835195,-3.153744,405.81622,1.2113621,1.78394e-05,0.92276275,-0.7992822,14.438671,0.9990616,0.24707031,0.004238035,-16.055906,-16.068426,-3.2482884,194.50859,1.0601344,2.3570656e-05,25.415026,-0.2512648,-9.326348,0.49370998,1.0,0.9990072,0.17285156,0.0049255798,-15.087688,-15.098704,-3.8174176,1304.0948,2.8002765,6.328688e-07,0.9990082,0.15917969,0.0049298257,-15.342705,-15.353963,-3.8254452,330.28784,1.9353156,3.2822863e-06,0.03814198408126831,33191.08331942558,695000
24.074833,-0.23118809,-9.263052,0.47788602,1.0,0.9990673,0.23925781,0.0043344274,-15.626482,-15.638468,-3.3645911,154.33167,0.6596106,1.0979913e-05,0.80645704,-0.86077976,13.544589,0.9990616,0.20117188,0.0044259806,-15.954389,-15.966616,-3.4449966,87.3253,0.7292144,3.1311793e-06,28.82193,-0.26799685,-9.309984,0.4896191,1.0,0.999032,0.1640625,0.004893206,-14.899685,-14.910383,-3.9547977,2835.6865,1.9824171,6.051012e-07,0.99902916,0.14550781,0.0049088495,-15.203621,-15.214648,-3.922296,1559.1124,2.3459888,2.3788462e-07,0.038218453216552734,33382.17558789253,700000
23.264748,-0.20792338,-9.29537,0.48596546,1.0,0.99905777,0.24511719,0.0043215086,-15.529501,-15.541414,-3.3422868,986.6208,1.1411638,5.0883296e-05,1.1019516,-1.5360044,15.230807,0.9990597,0.21972656,0.004388376,-15.709736,-15.721742,-3.4268234,350.5523,0.84896743,4.7960893e-05,21.342606,-0.23621663,-9.285834,0.48358148,1.0,0.99903584,0.17285156,0.004774947,-15.025059,-15.036066,-3.7648509,387.3522,0.85802066,1.3370946e-05,0.9990282,0.16015625,0.00477117,-15.2245035,-15.235719,-3.750461,393.3925,1.1520278,9.88121e-06,0.32121780552864077,34988.26462006569,705000
22.216648,-0.23804432,-9.299294,0.48694634,1.0,0.999074,0.26464844,0.0042817937,-15.703339,-15.715505,-3.257801,217.49916,1.3584665,1.1780804e-05,1.1539681,-1.3336582,15.654695,0.99906063,0.22851562,0.0043268707,-16.010847,-16.02324,-3.333815,340.48428,1.1279864,7.3085503e-06,28.08717,-0.2382432,-9.34094,0.49735832,1.0,0.9990387,0.18066406,0.004724593,-15.106737,-15.117906,-3.6816578,446.6342,1.6221495,9.001711e-07,0.9990349,0.17480469,0.004729294,-15.381815,-15.393234,-3.7005901,365.11343,1.3367007,4.74543e-08,0.010139032220840455,35038.9597826004,710000
27.068275,-0.17741305,-9.271017,0.47987717,1.0,0.9990616,0.25195312,0.0042348127,-15.643513,-15.655637,-3.240818,282.0798,1.1596301,0.00023437856,1.880626,-0.8062355,16.696783,0.999053,0.21386719,0.004326709,-15.800229,-15.812404,-3.3459306,100.63597,0.89733386,0.00019751549,24.227283,-0.23629385,-9.3794155,0.50697684,1.0,0.9990301,0.171875,0.0048564337,-15.018059,-15.028997,-3.827521,1431.3894,2.9351163,1.2026966e-08,0.9990301,0.16503906,0.0048419912,-15.207157,-15.218298,-3.8104901,947.0091,1.7695203,1.968051e-06,0.012929352569580077,35103.60654735565,715000
21.437832,-0.21480167,-9.32769,0.49404544,1.0,0.99906826,0.23828125,0.0042902976,-15.862765,-15.875059,-3.2865026,468.27533,1.2204258,1.201967e-05,0.86407614,-1.147317,15.391098,0.99906063,0.20800781,0.004353885,-16.064936,-16.07736,-3.3568194,638.973,1.6356099,1.0390398e-05,27.013954,-0.26434794,-9.316407,0.49122477,1.0,0.9990282,0.171875,0.0047850683,-15.282297,-15.293567,-3.7537408,1243.7515,1.8679779,9.427254e-07,0.99902534,0.16894531,0.004807232,-15.502171,-15.513639,-3.7695503,4970.4556,6.9039364,6.8477357e-07,0.02135747923851013,35210.39394903183,720000
24.35413,-0.22876243,-9.270411,0.47972578,1.0,0.99906445,0.26171875,0.0042984663,-15.637689,-15.649716,-3.3336897,124.408104,0.7399145,1.1861726e-05,0.92362887,-0.7862565,12.718749,0.99906445,0.22167969,0.004325143,-15.730497,-15.74259,-3.3602035,82.34402,0.59313166,7.4673685e-06,25.062565,-0.2626122,-9.338953,0.49686125,1.0,0.9990349,0.16308594,0.0047726636,-15.057133,-15.068155,-3.782136,1082.2993,1.4507371,1.5995291e-06,0.999033,0.13574219,0.0048025753,-15.265176,-15.276367,-3.816217,541.2382,1.2133961,1.2880074e-06,0.023481585121154787,35327.801876068115,725000
17.576435,-0.248302,-9.254639,0.47578257,1.0,0.9990721,0.25390625,0.0042893803,-15.716185,-15.728349,-3.2728014,345.58768,1.1775022,1.5824075e-05,0.9044008,-0.58909106,11.108311,0.9990597,0.21972656,0.00433586,-15.994343,-16.006744,-3.3066592,276.0083,1.1502361,1.4356098e-05,27.307125,-0.23683563,-9.337982,0.49661857,1.0,0.9990139,0.16503906,0.004897371,-15.1488085,-15.159911,-3.7907715,689.58234,1.4766548,3.4639646e-07,0.9990072,0.15332031,0.004924639,-15.405968,-15.417305,-3.8081448,1563.5339,2.7466366,2.7733898e-07,0.023457493782043457,35445.08934736252,730000
22.19323,-0.24845585,-9.308705,0.48929936,1.0,0.99905586,0.21679688,0.0043432037,-15.507934,-15.519795,-3.3736498,109.46906,0.67619824,3.7543436e-05,0.5447855,-1.5181419,13.973063,0.99905777,0.19335938,0.004388798,-15.713436,-15.725471,-3.4022326,142.12888,0.8665152,4.795065e-05,28.683514,-0.21184118,-9.304396,0.48822176,1.0,0.9990101,0.16503906,0.0048826854,-15.114364,-15.125414,-3.8087044,2002.1891,2.2531533,9.751418e-07,0.99899864,0.15234375,0.00493116,-15.330483,-15.341721,-3.8343108,1032.6201,2.5747762,2.9611956e-06,0.023426227521896364,35562.22048640251,735000
23.030396,-0.20366454,-9.2765255,0.48125428,1.0,0.9990616,0.2578125,0.004243344,-15.662897,-15.6750555,-3.2244723,651.39703,1.360666,0.00020422459,1.2402376,-0.9953368,15.559641,0.9990587,0.21679688,0.004320087,-15.857459,-15.869723,-3.310021,129.68753,0.64641976,7.4893105e-05,26.626047,-0.22180706,-9.345367,0.49846476,1.0,0.9990225,0.16503906,0.0047870628,-15.084906,-15.095992,-3.7434669,534.5588,1.5956662,4.509928e-07,0.9990263,0.16601562,0.004792678,-15.353166,-15.3644705,-3.7876942,78.57145,0.51561177,7.968338e-07,0.023419618082046508,35679.318578243256,740000
21.139645,-0.22238809,-9.305519,0.48850268,1.0,0.9990635,0.26953125,0.004277618,-15.47704,-15.488952,-3.29208,96.74011,0.6036031,3.282487e-06,0.9896473,-1.0137478,16.683167,0.9990616,0.23730469,0.00433332,-15.729068,-15.741168,-3.350399,67.694984,0.58362454,3.2486937e-06,26.874271,-0.22988261,-9.33254,0.49525785,1.0,0.9990349,0.1796875,0.004783811,-15.022343,-15.033309,-3.8032908,741.1245,1.0008762,5.2872803e-08,0.999033,0.15722656,0.0048327283,-15.233099,-15.244239,-3.8368464,1666.5961,2.9940875,1.4525213e-07,0.023677711391448975,35797.70713639259,745000
20.212727,-0.22985286,-9.254501,0.47574836,1.0,0.9990692,0.27441406,0.0042370306,-15.793361,-15.805706,-3.16439,761.88354,1.8318653,1.7762572e-06,0.90176356,-0.8526701,12.325734,0.9990654,0.23535156,0.004304672,-16.130135,-16.142702,-3.2703073,336.4001,1.3515909,6.472816e-07,25.836723,-0.23323831,-9.326439,0.49373272,1.0,0.9990349,0.17382812,0.0047356924,-15.172385,-15.18366,-3.638675,12667.76,12.360267,4.59297e-05,0.99902916,0.16113281,0.004758153,-15.46697,-15.478489,-3.683275,1526.2794,2.8474576,1.3868199e-05,0.031712445974349975,35956.26936793327,750000
23.31928,-0.21359462,-9.2828,0.4828229,1.0,0.999073,0.2578125,0.0042616017,-15.642275,-15.6544,-3.2385252,853.7851,1.6287992,3.176031e-05,0.9347937,-1.0690013,15.303986,0.999053,0.2109375,0.0043319045,-15.927789,-15.940146,-3.2858152,223.30167,1.2983947,1.3807178e-05,21.224539,-0.27292448,-9.355894,0.5010966,1.0,0.99902344,0.171875,0.0048773834,-14.933711,-14.944596,-3.7974524,540.70166,1.2817459,4.8131274e-06,0.999032,0.16992188,0.004835346,-15.198818,-15.210029,-3.7299526,550.18787,1.2919955,4.2385604e-05,0.03172086453437805,36114.873693704605,755000
21.261276,-0.21503201,-9.287126,0.48390436,1.0,0.9990711,0.2548828,0.0043166806,-15.734186,-15.746338,-3.303557,267.65118,1.1329098,9.936846e-05,1.0386136,-0.8580581,14.610161,0.9990616,0.22753906,0.0043865563,-15.923404,-15.935656,-3.3878076,147.56425,0.921088,6.675897e-05,26.19191,-0.23816104,-9.391213,0.5099263,1.0,0.99902534,0.17089844,0.0048488425,-15.026954,-15.037932,-3.796671,2311.968,2.1408672,2.6082164e-06,0.9990301,0.14550781,0.004861391,-15.222965,-15.234124,-3.8071387,1160.9971,1.8925954,2.7561946e-06,0.03171744070053101,36273.46089911461,760000
23.452984,-0.23051733,-9.277356,0.48146212,1.0,0.9990721,0.25097656,0.0042851563,-15.651216,-15.663342,-3.2456608,406.23343,2.096142,2.333575e-06,1.1132007,-0.92149687,13.428629,0.9990654,0.22460938,0.004322312,-15.98662,-15.999046,-3.2742243,316.48764,1.7506447,6.508696e-06,23.15276,-0.21462962,-9.315822,0.49107832,1.0,0.9990368,0.16894531,0.0048094406,-14.890653,-14.901471,-3.821991,429.36542,0.8110899,9.835274e-06,0.999033,0.15136719,0.0048048873,-15.0911045,-15.102141,-3.8009295,363.8792,0.7913673,2.2942075e-05,0.03170155863761902,36431.968695640564,765000
24.735373,-0.21071137,-9.297483,0.48649395,1.0,0.9990711,0.25097656,0.00434229,-15.719275,-15.731396,-3.3202062,918.3402,1.8874214,1.3940287e-06,1.6059241,-0.8893961,18.65813,0.99906635,0.2265625,0.004384185,-16.00386,-16.016193,-3.3879366,216.13365,1.2165525,3.3484414e-06,24.437798,-0.24178137,-9.333258,0.49543732,1.0,0.999032,0.15820312,0.0048431973,-15.013411,-15.0243635,-3.808559,2183.5127,3.137826,1.5613692e-06,0.999032,0.1484375,0.0048540486,-15.279324,-15.290521,-3.8233333,538.54895,1.4289944,2.519013e-06,0.03167624592781067,36590.34992671013,770000
19.610968,-0.22961922,-9.281208,0.48242486,1.0,0.9990587,0.23828125,0.0043123746,-15.756741,-15.768896,-3.3211555,1057.1346,1.5757287,2.08302e-06,0.8910144,-0.921999,12.532503,0.99905586,0.21972656,0.004342553,-15.908682,-15.9209795,-3.3288465,165.90651,1.2727001,9.657837e-06,20.853886,-0.26677343,-9.392457,0.5102372,1.0,0.99902916,0.17382812,0.0048447754,-14.945536,-14.956392,-3.8394296,19772.32,10.868833,4.25303e-08,0.9990282,0.15332031,0.004855701,-15.134525,-15.145571,-3.8353004,520.2154,1.6609604,3.1592046e-07,0.03169873538017273,36748.843606472015,775000
21.09647,-0.23576128,-9.368116,0.5041522,1.0,0.99906826,0.26171875,0.00429138,-15.843511,-15.855776,-3.295864,315.05374,1.19558,1.7881011e-05,0.69135,-0.56845385,11.241974,0.9990673,0.22363281,0.0043517984,-16.087257,-16.099703,-3.3568845,364.98215,1.2391865,5.1856656e-05,28.020079,-0.26216847,-9.356537,0.5012572,1.0,0.99902534,0.18554688,0.004729908,-15.241989,-15.253335,-3.6346428,2483.8784,2.500307,6.8665435e-07,0.9990244,0.171875,0.0047255727,-15.514391,-15.526003,-3.6349075,2413.0154,4.023326,2.8115344e-06,0.0317160336971283,36907.42377662659,780000
23.041824,-0.254102,-9.307289,0.48894513,1.0,0.9990759,0.27539062,0.0042504547,-15.990322,-16.002821,-3.2019296,309.1201,1.091568,8.102521e-06,0.8773669,-1.3795578,15.189377,0.9990654,0.234375,0.0043026675,-16.162693,-16.175323,-3.24253,607.337,1.8212181,1.140482e-05,20.736998,-0.285411,-9.332377,0.49521738,1.0,0.99903107,0.16699219,0.0048909574,-15.080136,-15.091101,-3.8639557,167.3703,0.5650827,1.5890797e-07,0.9990387,0.15136719,0.004860621,-15.247099,-15.258257,-3.8324783,239.82178,0.62745976,1.5425136e-06,0.031730860376358035,37066.07808184624,785000
19.233105,-0.23422647,-9.344486,0.4982445,1.0,0.9990616,0.22753906,0.0044087246,-15.533398,-15.545263,-3.3944616,405.8271,0.98772097,1.8181225e-05,0.6665386,-0.6661025,9.278663,0.99905777,0.20507812,0.0044817217,-15.763905,-15.775918,-3.475576,185.47612,0.67727435,7.387783e-05,27.139627,-0.24242346,-9.278954,0.48186147,1.0,0.9990282,0.19921875,0.004737852,-15.115189,-15.126445,-3.5998087,5537.6406,5.099114,4.6052332e-07,0.99902344,0.18945312,0.0047333874,-15.268692,-15.28008,-3.6187656,3596.1057,5.7807407,9.013759e-06,0.03174133591651916,37224.78476667404,790000
22.76599,-0.23160636,-9.331499,0.4949976,1.0,0.99905586,0.23828125,0.0043624565,-15.715174,-15.727218,-3.3944194,88.98134,0.62986255,2.0847841e-05,1.4121449,-1.103905,16.950216,0.9990549,0.20214844,0.004414041,-15.865399,-15.877572,-3.412625,345.85852,1.0534286,0.00013904294,29.096552,-0.23139825,-9.303594,0.48802125,1.0,0.9990339,0.17773438,0.0048436443,-14.95823,-14.96913,-3.807974,1983.0872,2.6233165,4.5515895e-07,0.99903584,0.1640625,0.0048490586,-15.122225,-15.133269,-3.8226614,311.99426,1.0617663,1.2107459e-07,0.038192824172973636,37415.74888896942,795000
23.080757,-0.21304575,-9.308472,0.48924112,1.0,0.9990692,0.25683594,0.0043327687,-15.547691,-15.559633,-3.331214,448.7305,0.94815683,9.655442e-06,0.5986246,-1.0563881,12.306831,0.99906254,0.22949219,0.004381165,-15.769146,-15.781252,-3.3847325,118.487335,0.8891349,2.024936e-07,28.983889,-0.24565092,-9.312554,0.4902616,1.0,0.99904156,0.18164062,0.0048643947,-14.951905,-14.962795,-3.811147,46140.426,25.675343,2.2509976e-06,0.99903584,0.16503906,0.004887432,-15.145273,-15.156333,-3.8319657,1358.6006,3.3211746,7.505737e-06,0.038159493112564086,37606.546355724335,800000
25.146915,-0.22433478,-9.367399,0.50397265,1.0,0.9990692,0.2783203,0.0042639365,-15.792366,-15.804621,-3.2546587,202.68059,1.0573963,9.4955546e-08,1.4222655,-1.624516,23.499018,0.9990587,0.23144531,0.0043047387,-16.047974,-16.060465,-3.2690024,224.15298,1.344014,8.126721e-06,26.438015,-0.26151118,-9.349123,0.4994036,1.0,0.99903107,0.171875,0.004713054,-15.115551,-15.126791,-3.6170788,1165.7317,2.245863,7.449359e-06,0.99903107,0.1640625,0.00470359,-15.359227,-15.370733,-3.5886612,1284.7709,2.6492124,1.3091999e-05,0.2960779333591461,39086.93602538109,805000
23.695293,-0.19103128,-9.239123,0.4719038,1.0,0.99906826,0.25195312,0.0042678267,-15.67033,-15.682467,-3.2543356,541.0457,1.450063,3.7766279e-06,0.9646113,-0.9804392,15.451799,0.9990616,0.22265625,0.0043204343,-15.904357,-15.916658,-3.3206155,261.4564,1.3802165,2.3154604e-05,25.218575,-0.26373518,-9.381374,0.50746655,1.0,0.9990349,0.16503906,0.0047942833,-15.034746,-15.045751,-3.7766626,1416.3257,1.7187483,5.841141e-09,0.9990282,0.15820312,0.00479234,-15.311279,-15.322524,-3.807008,653.79596,1.1837816,1.0239719e-06,0.010191772794723511,39137.894891023636,810000
25.719223,-0.21284427,-9.303751,0.4880606,1.0,0.999074,0.24414062,0.0042811967,-15.938974,-15.951326,-3.3032281,197.36111,0.99966055,3.5624893e-05,1.0496498,-0.9082444,16.39288,0.999073,0.22558594,0.0043249987,-16.111053,-16.123543,-3.3351822,241.91074,1.2897882,1.7492468e-05,27.772709,-0.24822481,-9.301353,0.48746127,1.0,0.9990349,0.18066406,0.0048970133,-15.082437,-15.093385,-3.8823786,4246.35,4.6370597,4.4916257e-07,0.999032,0.15429688,0.0048676664,-15.260197,-15.271335,-3.866162,281.3796,1.1145438,2.6985414e-05,0.012602467584609985,39200.907232284546,815000
19.62093,-0.20885998,-9.272077,0.48014218,1.0,0.9990797,0.2578125,0.004316693,-15.765878,-15.77806,-3.3031802,125.1185,0.65171635,1.0082655e-05,0.8520793,-1.1446443,11.557373,0.9990654,0.21972656,0.0043616993,-16.038948,-16.051323,-3.3777308,55.010155,0.60411584,2.2220174e-05,21.928558,-0.24412951,-9.32571,0.49355036,1.0,0.9990387,0.18261719,0.004745085,-15.092209,-15.103338,-3.7080884,1711.7238,2.5997,1.0336849e-05,0.9990349,0.15917969,0.0047265273,-15.408054,-15.419464,-3.7361917,151.78221,0.6007329,2.7200798e-05,0.023178323888778687,39316.79885292053,820000
23.842228,-0.22184052,-9.285039,0.48338282,1.0,0.99906445,0.26953125,0.0043170787,-15.68352,-15.695606,-3.3197513,241.69687,0.8471701,3.553143e-06,1.1962565,-0.8144139,21.502907,0.9990616,0.23144531,0.0043658605,-15.90218,-15.914433,-3.3676462,155.90738,1.0168973,3.006147e-06,29.202972,-0.27182102,-9.3692465,0.5044347,1.0,0.9990263,0.15527344,0.004815218,-15.114124,-15.125216,-3.7679152,1337.9553,2.2988155,7.1016484e-06,0.99902916,0.15234375,0.0048416257,-15.32405,-15.33534,-3.7731872,1381.4651,3.511595,3.0257788e-05,0.030178290510177612,39467.69030666351,825000
24.870092,-0.181328,-9.301909,0.48760033,1.0,0.99906063,0.2607422,0.0043297512,-15.729456,-15.741624,-3.2817192,15073.998,8.976748,8.289112e-05,0.896767,-1.1587558,15.111003,0.9990597,0.22949219,0.0043758824,-15.949952,-15.962251,-3.3685243,2086.0435,2.8860414,1.1624426e-05,24.947786,-0.22228971,-9.364199,0.50317264,1.0,0.99902916,0.16015625,0.0048437146,-15.059946,-15.071001,-3.7513733,4716.082,3.6166227,1.0484162e-05,0.999033,0.16113281,0.004823641,-15.304447,-15.315709,-3.7826247,251.18262,0.830591,2.0002113e-07,0.031725739526748654,39626.31900572777,830000
20.31535,-0.24956937,-9.328447,0.4942347,1.0,0.9990692,0.24804688,0.0043011815,-15.702408,-15.714548,-3.2832713,101.16739,0.8518523,4.3053864e-05,0.78115,-0.60294163,10.398122,0.99906063,0.22265625,0.0043531824,-15.922026,-15.934344,-3.319605,4169.042,5.8502502,4.9093713e-05,21.085735,-0.26320094,-9.368449,0.50423527,1.0,0.9990244,0.16601562,0.0048157866,-15.044702,-15.055718,-3.7746096,8484.195,5.1377754,1.873777e-06,0.9990244,0.15527344,0.0048474534,-15.204939,-15.216102,-3.7852855,17361.008,19.943068,5.8956484e-06,0.03173276238441467,39784.98282241821,835000
27.014894,-0.2099224,-9.301272,0.48744106,1.0,0.999073,0.2529297,0.0042836796,-15.95875,-15.971186,-3.23662,879.8096,1.8341948,2.903137e-06,1.0551231,-1.0344139,16.68452,0.9990654,0.21386719,0.004340169,-16.266682,-16.279352,-3.3045344,1108.0774,2.1524646,3.089005e-05,35.64555,-0.22941837,-9.331954,0.49511153,1.0,0.99903107,0.17675781,0.004749969,-15.475275,-15.48683,-3.6539614,4649.053,5.6752605,5.618526e-06,0.9990244,0.16308594,0.0047515277,-15.758778,-15.770585,-3.678389,8589.699,16.490576,7.9892525e-06,0.03173306288719177,39943.64813995361,840000
27.784935,-0.20661801,-9.2798395,0.48208266,1.0,0.99905396,0.2607422,0.004376997,-15.647128,-15.659141,-3.3578024,126.81885,0.7694574,2.405631e-06,0.71171963,-1.1169424,16.197025,0.999053,0.21582031,0.004472012,-15.932964,-15.945166,-3.4518466,266.14914,0.98717016,8.065604e-07,28.802858,-0.2398259,-9.307465,0.48898923,1.0,0.99903774,0.18847656,0.0047392813,-15.139739,-15.150933,-3.6888,1382.4325,1.6853845,6.8652463e-07,0.9990339,0.171875,0.004747981,-15.400883,-15.412315,-3.7052078,1174.0706,2.2285905,1.4948131e-06,0.03172440133094787,40102.270148038864,845000
21.343887,-0.21772589,-9.331703,0.4950487,1.0,0.999073,0.2685547,0.0042146603,-16.019691,-16.032248,-3.1786087,1021.0896,1.8729577,1.0354589e-05,0.9319215,-0.85681045,17.588469,0.9990635,0.24804688,0.004243338,-16.3224,-16.33522,-3.2061663,173.93037,1.3342564,5.0838527e-05,28.620823,-0.26881105,-9.363932,0.5031059,1.0,0.99901867,0.18164062,0.004748726,-15.371397,-15.382908,-3.5962834,1682.7322,2.8901997,3.4175264e-06,0.999012,0.171875,0.0047557675,-15.664945,-15.676726,-3.6121635,534.5904,1.8841714,4.327027e-06,0.031714454460144044,40260.842421770096,850000
19.458366,-0.25819087,-9.313274,0.49044156,1.0,0.9990692,0.28027344,0.0042226203,-15.910074,-15.922463,-3.236555,175.3131,1.0825213,3.1678726e-05,1.0518552,-1.0332158,11.648394,0.99906063,0.24316406,0.004271176,-16.036716,-16.04919,-3.274935,111.163216,0.93380946,3.7249442e-06,26.801435,-0.25524032,-9.347466,0.4989896,1.0,0.9990368,0.17480469,0.0048166155,-15.258713,-15.269956,-3.7566175,5561.3555,4.279795,6.100809e-07,0.9990339,0.16601562,0.0048138406,-15.345251,-15.356588,-3.7476466,3032.71,4.2507153,7.375822e-07,0.03174506592750549,40419.56775331497,855000
24.762459,-0.21911672,-9.277465,0.48148915,1.0,0.99906445,0.24511719,0.0043358635,-15.769154,-15.781326,-3.3165643,214.2061,1.2288063,8.093296e-07,1.1645969,-1.6296719,22.451565,0.9990587,0.234375,0.004344767,-15.900322,-15.912587,-3.3532748,130.17178,1.0361317,8.0244e-06,20.532207,-0.24734937,-9.311677,0.49004227,1.0,0.99902344,0.16894531,0.004883011,-15.065262,-15.076248,-3.827196,1015.7657,1.9123459,2.2858691e-07,0.9990206,0.15722656,0.0049071442,-15.235005,-15.246137,-3.8469641,397.86914,1.4364328,6.572008e-07,0.03173138780593872,40578.224695682526,860000
23.77499,-0.22336537,-9.299589,0.48702025,1.0,0.9990673,0.26660156,0.0042746235,-15.759451,-15.7717285,-3.1998243,231.52301,1.277845,9.021262e-07,1.5471057,-1.294946,20.915495,0.9990597,0.23632812,0.0042636604,-16.051884,-16.064453,-3.1934948,85.0152,0.8675054,6.5703796e-05,30.976746,-0.22359854,-9.302063,0.48763877,1.0,0.9990301,0.15429688,0.0047967457,-15.06436,-15.075483,-3.684846,4025.4124,3.164291,2.1549668e-06,0.999032,0.13964844,0.0048181117,-15.265,-15.276285,-3.720929,3104.7798,4.1282353,1.0710455e-05,0.03168756151199341,40736.66250491142,865000
24.51079,-0.2540874,-9.23896,0.47186315,1.0,0.99907684,0.265625,0.004278239,-15.962724,-15.975146,-3.255183,426.18515,1.381428,5.4746242e-06,1.9276184,-1.329759,19.560953,0.999073,0.23632812,0.0043326495,-16.086185,-16.098705,-3.280532,249.9632,1.1794118,1.6753835e-05,24.610003,-0.29117763,-9.346422,0.4987284,1.0,0.9990244,0.1875,0.0048075747,-15.286366,-15.297697,-3.6952827,585.6652,2.9821935,8.713926e-08,0.9990196,0.17773438,0.0047988743,-15.374289,-15.385722,-3.6777632,197.18927,1.5278397,1.3902821e-06,0.031721783876419066,40895.27142715454,870000
23.635366,-0.21579179,-9.315849,0.49108523,1.0,0.99906445,0.24804688,0.004295812,-15.7632885,-15.775494,-3.27734,576.66016,1.4685426,1.6954588e-09,0.8349444,-0.970935,15.191751,0.99906063,0.22558594,0.0043490073,-15.903087,-15.915362,-3.345736,135.21867,0.9221502,5.2239574e-08,22.521008,-0.27449417,-9.369926,0.5046047,1.0,0.99902534,0.19238281,0.004757741,-15.081931,-15.093021,-3.7367015,441.7938,0.76544446,1.4438204e-07,0.9990206,0.18945312,0.0047680126,-15.384565,-15.395946,-3.7440493,1638.7961,2.5272608,7.935134e-08,0.03170645184516907,41053.80368757248,875000
21.935898,-0.25170398,-9.331002,0.49487337,1.0,0.99906635,0.27734375,0.0042361966,-15.823524,-15.835832,-3.23346,246.69176,0.96347916,9.029323e-06,0.726445,-2.7832868,14.92883,0.99906445,0.22949219,0.0042882953,-16.007755,-16.020208,-3.2675688,150.12988,1.0063691,7.740731e-06,23.304901,-0.25565368,-9.293871,0.48559073,1.0,0.9990349,0.15722656,0.004911463,-15.174177,-15.185221,-3.8781588,961.60266,1.4344137,8.053486e-08,0.9990349,0.15917969,0.004895301,-15.317835,-15.329038,-3.8582048,5202.4985,7.534974,7.159016e-07,0.03174604592323303,41212.533920526505,880000
21.349144,-0.22261688,-9.310497,0.4897473,1.0,0.9990654,0.27441406,0.004201394,-15.893526,-15.906002,-3.1311355,177.90167,1.2599189,0.000105054656,0.6998371,-1.4201014,15.923412,0.99906635,0.24414062,0.004238774,-16.010666,-16.023218,-3.1686993,21126.238,21.517515,0.00013020521,31.332066,-0.2510448,-9.291607,0.48502478,1.0,0.99903965,0.16992188,0.004791609,-15.130415,-15.141487,-3.8038652,5014.3193,3.4706001,3.6149322e-06,0.999033,0.16796875,0.004844122,-15.222224,-15.233354,-3.8362498,1116.0542,1.7126795,1.5822469e-06,0.03173371796607971,41371.202511787415,885000
20.49047,-0.23300433,-9.311096,0.48989683,1.0,0.99906826,0.25,0.004289712,-15.785616,-15.79787,-3.249306,726.8214,1.648433,3.577234e-05,0.8390262,-1.2090788,12.780955,0.99905777,0.21972656,0.004340145,-15.851301,-15.863567,-3.3024154,340.47324,1.1796256,6.0957555e-05,22.669174,-0.216402,-9.318463,0.49173886,1.0,0.99903107,0.17285156,0.00491617,-14.907281,-14.918045,-3.8954883,959.14075,1.2927513,2.2521015e-06,0.9990301,0.1640625,0.0049022012,-15.043716,-15.054612,-3.8980358,266.3372,0.66433614,6.662042e-06,0.03173764886856079,41529.89075779915,890000
22.356161,-0.2473368,-9.270939,0.47985768,1.0,0.9990759,0.25585938,0.0042596636,-15.955402,-15.967863,-3.207488,859.9429,1.84182,4.745537e-05,1.1015753,-1.182304,18.915422,0.999073,0.24023438,0.0043082284,-16.314453,-16.327236,-3.2373152,410.95322,1.7735094,8.041895e-05,31.89727,-0.22428645,-9.345325,0.4984544,1.0,0.99902916,0.16992188,0.004782651,-15.027739,-15.038799,-3.7133663,1014.0883,2.1421518,1.2298917e-06,0.99902916,0.16308594,0.0047754855,-15.192188,-15.2034025,-3.7196658,214.61649,1.0953177,1.2772213e-06,0.03535669322013855,41706.674226522446,895000
18.729828,-0.20454496,-9.364018,0.5031276,1.0,0.9990549,0.27734375,0.0042524426,-15.606092,-15.618203,-3.218088,1185.4503,1.5869157,1.5067985e-06,1.0391345,-0.73214847,11.019296,0.9990568,0.22167969,0.004311868,-15.8881855,-15.900484,-3.3065963,256.43765,0.97813827,1.1339953e-05,23.753525,-0.27723408,-9.328239,0.4941827,1.0,0.9990339,0.17382812,0.004752704,-15.092407,-15.103531,-3.71241,622.65546,1.6228043,7.2717303e-06,0.9990225,0.171875,0.0047782795,-15.376976,-15.388367,-3.7246892,521.53625,2.790234,4.384618e-06,0.03162181968688965,41864.78332686424,900000
20.531754,-0.24261153,-9.3060055,0.48862422,1.0,0.9990597,0.2626953,0.0043315236,-15.713317,-15.725444,-3.3075542,149.77715,0.90648913,5.773781e-06,1.1614858,-1.7401979,19.923603,0.9990587,0.23046875,0.00435509,-15.897738,-15.910025,-3.3277755,186.63762,1.1065133,1.4830608e-05,23.414078,-0.27410424,-9.3078785,0.4890926,1.0,0.99902916,0.16699219,0.0048305583,-15.114896,-15.125955,-3.8016129,1662.6687,1.8057775,3.6072424e-06,0.99902344,0.16796875,0.0048476327,-15.254717,-15.265935,-3.7779183,104.48306,0.66660345,7.1827196e-07,0.26391202626228333,43184.34345984459,905000
18.765884,-0.2336112,-9.2920685,0.48514023,1.0,0.9990635,0.25585938,0.004297399,-15.491592,-15.503519,-3.2915292,177.73167,0.67912936,3.716065e-05,0.64593995,-0.9089625,11.032524,0.99905586,0.22460938,0.004335085,-15.739197,-15.75134,-3.315883,208.51424,0.94456303,3.675238e-05,28.790417,-0.26870924,-9.382523,0.5077536,1.0,0.9990244,0.16015625,0.0048329467,-15.109144,-15.1202135,-3.7862248,1467.9403,1.9576052,3.1817757e-07,0.9990244,0.14941406,0.004846667,-15.410957,-15.422289,-3.8181317,867.58105,1.8702061,1.9244155e-09,0.009491254806518554,43231.799735069275,910000
24.802448,-0.19163641,-9.29772,0.48655275,1.0,0.99907684,0.28222656,0.0041993842,-15.928963,-15.941429,-3.1746206,174.8029,0.875317,0.00010501559,2.0362945,-1.8078141,16.173534,0.9990616,0.22753906,0.004277682,-16.177034,-16.189638,-3.2822156,87.7871,0.74156463,8.311759e-05,26.878925,-0.2330272,-9.366676,0.5037921,1.0,0.9990301,0.1953125,0.004781011,-15.227408,-15.238676,-3.7004437,1931.6064,3.1947887,4.4659996e-06,0.999032,0.171875,0.004773001,-15.413486,-15.424909,-3.7267647,667.0127,1.4537566,1.262082e-05,0.01163392744064331,43289.969373703,915000
17.840939,-0.2329872,-9.296814,0.48632646,1.0,0.9990635,0.24414062,0.004311474,-15.9232435,-15.935601,-3.2822387,218.25966,0.9368166,1.1513194e-05,1.1777124,-0.8591197,10.22318,0.9990568,0.21289062,0.0043703467,-16.01442,-16.026802,-3.3478928,179.4168,0.8633033,1.7904302e-05,25.332634,-0.22670229,-9.342381,0.49771821,1.0,0.9990225,0.16308594,0.0048528053,-15.219843,-15.230992,-3.8141465,275.46014,0.7226103,3.9628953e-06,0.9990263,0.1640625,0.0048864568,-15.44755,-15.458914,-3.822895,756.8768,2.3151248,5.2743326e-06,0.022275739765167238,43401.348074674606,920000
21.82042,-0.2325281,-9.311363,0.4899637,1.0,0.9990635,0.22851562,0.00439665,-15.604378,-15.616299,-3.4099422,262.25412,1.0241104,5.587901e-06,0.85307205,-0.8792788,15.547972,0.99906063,0.20507812,0.004427527,-15.935471,-15.947679,-3.4472551,396.8753,1.4461676,1.0755637e-05,32.45255,-0.20500293,-9.313871,0.490591,1.0,0.99902344,0.17773438,0.004809712,-15.021324,-15.032284,-3.809041,1337.8462,2.266851,6.849982e-07,0.9990244,0.16210938,0.0048343744,-15.28014,-15.291322,-3.841589,743.468,2.7235336,6.4181825e-07,0.022783348703384398,43515.26481986046,925000
21.933506,-0.18972853,-9.276978,0.4813674,1.0,0.9990692,0.25097656,0.004355451,-15.7985935,-15.810774,-3.3375323,250.65845,1.2460032,9.599796e-07,1.1673297,-1.60648,15.408659,0.99906445,0.234375,0.004410402,-15.991095,-16.003407,-3.3948412,141.68477,0.8151686,4.473991e-05,22.839428,-0.23689762,-9.288202,0.48417342,1.0,0.99900913,0.16699219,0.004917505,-15.1865015,-15.197589,-3.8435788,2894.5527,3.76227,1.7294802e-06,0.99901104,0.1640625,0.004892228,-15.452421,-15.463725,-3.8891125,4502.4346,6.9775963,7.939639e-06,0.022744901037216186,43628.98932647705,930000
20.547363,-0.27026287,-9.28661,0.4837754,1.0,0.99907875,0.26367188,0.0042790584,-15.931432,-15.943823,-3.253842,182.17879,1.6370813,1.9248782e-05,1.1040934,-0.7126409,14.544268,0.9990711,0.22558594,0.0042915456,-16.13636,-16.148926,-3.2813108,899.6688,3.0336006,4.416915e-05,27.43101,-0.27155966,-9.306867,0.48883963,1.0,0.9990244,0.17285156,0.004829011,-15.267402,-15.278678,-3.7321782,786.6348,2.251412,1.8388621e-06,0.9990225,0.15722656,0.0048365677,-15.382793,-15.394186,-3.7276118,139.03807,1.3544776,8.08611e-06,0.02274196591377258,43742.69915890694,935000
23.48761,-0.19887814,-9.290025,0.48462912,1.0,0.9990854,0.2626953,0.004219927,-16.088894,-16.101486,-3.2074056,172.19185,1.3172936,1.38822925e-05,1.0869008,-1.1017511,18.0374,0.999074,0.23632812,0.004290837,-16.336678,-16.34944,-3.2803135,319.6014,1.8925366,2.1806343e-05,28.939072,-0.28117016,-9.386236,0.50868195,1.0,0.9990339,0.17773438,0.0047341986,-15.294938,-15.306324,-3.6471157,892.8898,2.1985805,8.642828e-09,0.99903107,0.15039062,0.004736644,-15.562948,-15.574627,-3.6146464,1397.1123,4.1000705,2.9508027e-07,0.022743936014175414,43856.41884088516,940000
22.649454,-0.20301948,-9.297779,0.48656785,1.0,0.99906254,0.26367188,0.0042655594,-15.848289,-15.860605,-3.2482338,2804.9937,2.2664566,1.9967636e-05,1.0358559,-0.86533743,16.98087,0.9990597,0.23632812,0.0043339147,-15.962894,-15.975255,-3.317389,1818.8185,2.8327851,6.509168e-06,30.918324,-0.2458467,-9.326759,0.49381286,1.0,0.9990368,0.18066406,0.004774892,-15.330057,-15.341442,-3.6850638,5774.7935,6.93262,7.3075607e-06,0.99903774,0.17382812,0.0047747777,-15.515871,-15.527435,-3.6864588,1758.3846,3.1620035,1.3020875e-05,0.022714525985717774,43969.991472005844,945000
17.03078,-0.2793398,-9.322691,0.49279565,1.0,0.99906445,0.26464844,0.004262726,-15.729739,-15.741915,-3.2740111,900.33575,1.4063263,5.6965805e-06,0.62810904,-0.89080703,10.560464,0.99904823,0.23144531,0.0043208622,-15.958824,-15.971157,-3.34207,557.63025,1.3118095,2.8977959e-06,28.005144,-0.24402979,-9.311574,0.4900164,1.0,0.9990349,0.16210938,0.0048180446,-15.067141,-15.078146,-3.8086104,4984.929,4.6152635,2.45946e-05,0.99903107,0.16503906,0.004840714,-15.382862,-15.394144,-3.8424518,1378.6853,2.8677726,4.4926305e-06,0.022708074378967286,44083.53184556961,950000
27.772572,-0.18688309,-9.27853,0.4817555,1.0,0.9990759,0.2734375,0.0042591034,-16.087921,-16.100485,-3.2320175,541.2511,1.5100121,5.3876975e-06,1.4506364,-1.1920689,20.60715,0.9990759,0.23339844,0.004284174,-16.21705,-16.229687,-3.2919526,211.23659,1.0413762,3.551607e-05,26.093136,-0.20244074,-9.311207,0.48992464,1.0,0.9990301,0.17285156,0.004811377,-15.042333,-15.05333,-3.7911549,1350.3356,1.732853,3.4370128e-06,0.9990282,0.15136719,0.0048393924,-15.190401,-15.201498,-3.8372693,363.37637,0.9406781,1.717724e-06,0.022724621486663817,44197.15495634079,955000
24.103409,-0.22319168,-9.34162,0.4975282,1.0,0.99907684,0.25097656,0.0043102223,-15.734834,-15.747004,-3.2851062,386.92984,1.2931259,3.038989e-05,1.3450401,-2.2895148,21.610134,0.99905777,0.22753906,0.0043634255,-15.911139,-15.923415,-3.353266,99.40071,0.8826993,4.0267627e-05,24.519054,-0.26542705,-9.326566,0.49376452,1.0,0.99902916,0.15722656,0.0047700023,-15.187104,-15.198327,-3.706423,270.26782,0.8637938,5.107628e-08,0.9990387,0.15917969,0.0047673993,-15.341935,-15.353313,-3.7021308,568.7207,1.5907342,1.0044213e-06,0.02271370005607605,44310.72345948219,960000
20.102938,-0.23362064,-9.25827,0.47669047,1.0,0.99907684,0.26953125,0.004221162,-15.801042,-15.813378,-3.181175,156.22812,1.1800704,1.6662912e-05,0.9659012,-0.9352459,13.441225,0.9990711,0.24414062,0.004284176,-15.972535,-15.984971,-3.2515976,161.18301,1.1828065,1.0938962e-05,23.727741,-0.24661966,-9.292707,0.48529977,1.0,0.9990244,0.16210938,0.004804852,-15.0872135,-15.098328,-3.7164237,2269.771,3.1537733,1.244305e-06,0.99902344,0.15039062,0.0047891117,-15.24909,-15.260368,-3.7113948,229.29875,1.2567987,1.0490203e-05,0.022726407718658446,44424.35549926758,965000
22.630234,-0.21301034,-9.289272,0.48444098,1.0,0.99907017,0.2607422,0.0043246513,-15.921366,-15.933688,-3.3157942,128.2522,0.8113669,1.7640714e-05,1.6742744,-1.2033935,16.283226,0.99907017,0.22460938,0.004377372,-16.058678,-16.07109,-3.3618636,207.75827,1.1377141,1.4311836e-05,26.768436,-0.26078984,-9.367851,0.50408566,1.0,0.99903584,0.1796875,0.004779376,-15.31616,-15.327445,-3.7702947,979.4596,1.4649763,1.882366e-07,0.9990368,0.17382812,0.0047703227,-15.442538,-15.453981,-3.735806,3653.8337,6.0152693,4.043784e-07,0.022731030797958376,44538.01065778732,970000
23.003246,-0.19622582,-9.270712,0.47980118,1.0,0.99908257,0.2734375,0.0042220512,-16.014141,-16.026695,-3.172799,560.6313,1.5414029,2.817485e-06,1.0264844,-1.2551043,15.547348,0.9990597,0.24121094,0.0042314306,-16.183628,-16.19633,-3.1898527,177.47067,1.078403,3.766846e-05,29.932066,-0.24807456,-9.358132,0.50165606,1.0,0.9990339,0.1796875,0.004819251,-15.1872835,-15.198467,-3.7461019,6525.034,5.93606,5.522184e-06,0.999032,0.16210938,0.004847766,-15.376987,-15.388302,-3.8033676,432.39426,1.4129963,3.481921e-06,0.022716195011138918,44651.59163451195,975000
26.981443,-0.19282866,-9.278847,0.48183456,1.0,0.999073,0.2578125,0.004264338,-15.815321,-15.827638,-3.2166686,211.37077,1.4061751,7.9570765e-07,1.1404815,-1.4119895,19.822384,0.99906635,0.22558594,0.0042993845,-16.240131,-16.252808,-3.2707322,400.39618,1.9314789,1.7465365e-05,35.178333,-0.22171046,-9.313538,0.4905073,1.0,0.9990225,0.17773438,0.004874358,-15.172822,-15.183938,-3.80048,821.0568,1.5375538,9.703933e-08,0.9990158,0.16308594,0.004873503,-15.491762,-15.503184,-3.8071783,826.68164,2.3005383,1.0263378e-06,0.022728464031219482,44765.23395776749,980000
26.23821,-0.22815993,-9.313108,0.49040008,1.0,0.99907875,0.25,0.004267332,-15.910429,-15.922826,-3.2286005,695.83966,1.890059,5.7411444e-06,1.6998383,-2.6577706,20.60911,0.999073,0.23632812,0.0042801513,-16.134209,-16.146795,-3.2586117,290.7162,1.347034,3.7960926e-05,28.232544,-0.25059968,-9.34741,0.49897552,1.0,0.99902725,0.16503906,0.004890481,-15.230402,-15.241553,-3.8222163,207.8774,0.93229795,8.537055e-07,0.999032,0.13574219,0.0048878132,-15.48159,-15.492963,-3.8489356,202.20593,1.0866015,1.6087185e-06,0.022718071031570433,44878.82431602478,985000
25.283794,-0.19626306,-9.305915,0.4886017,1.0,0.99906635,0.2685547,0.0042603123,-16.062752,-16.075281,-3.2459648,196.49113,1.2252216,1.3506641e-07,1.1571128,-0.76768595,15.974897,0.9990673,0.2265625,0.004320795,-16.107754,-16.120285,-3.2899468,186.24397,1.2048008,5.209766e-05,16.178955,-0.28615844,-9.320683,0.4922936,1.0,0.999032,0.16992188,0.0048596393,-15.373874,-15.385145,-3.842739,18085.607,10.436714,7.4697978e-06,0.99902916,0.16113281,0.004880937,-15.454559,-15.465923,-3.829841,4390.2446,6.2834806,3.2224102e-06,0.022714063119888307,44992.39463305473,990000
21.119186,-0.21525766,-9.284447,0.48323464,1.0,0.9990673,0.2421875,0.0042523723,-15.905727,-15.918077,-3.2704685,116.18245,0.6800928,2.9968296e-06,1.5671304,-1.3154441,15.395365,0.9990635,0.24707031,0.004288611,-16.041378,-16.053839,-3.2947776,158.8122,0.94253725,8.921584e-06,24.406204,-0.28553948,-9.327058,0.49388736,1.0,0.9990339,0.16601562,0.004825258,-15.077957,-15.088935,-3.8458047,114689.57,62.54548,2.380999e-06,0.999033,0.15429688,0.0048436723,-15.199551,-15.210619,-3.8752658,123.875,0.5059814,1.3785207e-05,0.02618439588546753,45123.31661581993,995000
22.81663,-0.20942734,-9.345464,0.49848896,1.0,0.9990778,0.25585938,0.004243504,-15.935954,-15.94839,-3.2131212,276.21304,1.3205243,4.060561e-08,1.2298303,-1.4984581,13.303085,0.9990673,0.22558594,0.00427818,-16.146944,-16.159523,-3.2803273,104.986374,0.94473875,1.1558364e-05,23.80756,-0.26955372,-9.308935,0.48935682,1.0,0.999032,0.16015625,0.004819815,-15.213943,-15.225109,-3.7905004,1031.5994,2.0704005,1.3380506e-08,0.9990301,0.15039062,0.004825986,-15.4379015,-15.449268,-3.8093808,314.8037,1.2396271,2.3340624e-06,0.029249643421173095,45269.5648355484,1000000
