training/actor/actor_loss,training/actor/adv,training/actor/bc_log_prob,training/actor/mse,training/actor/std,training/critic/binary_accuracy,training/critic/categorical_accuracy,training/critic/contrastive_loss,training/critic/logits,training/critic/logits_neg,training/critic/logits_pos,training/critic/v_max,training/critic/v_mean,training/critic/v_min,training/grad/max,training/grad/min,training/grad/norm,training/value/binary_accuracy,training/value/categorical_accuracy,training/value/contrastive_loss,training/value/logits,training/value/logits_neg,training/value/logits_pos,training/value/v_max,training/value/v_mean,training/value/v_min,validation/actor/actor_loss,validation/actor/adv,validation/actor/bc_log_prob,validation/actor/mse,validation/actor/std,validation/critic/binary_accuracy,validation/critic/categorical_accuracy,validation/critic/contrastive_loss,validation/critic/logits,validation/critic/logits_neg,validation/critic/logits_pos,validation/critic/v_max,validation/critic/v_mean,validation/critic/v_min,validation/value/binary_accuracy,validation/value/categorical_accuracy,validation/value/contrastive_loss,validation/value/logits,validation/value/logits_neg,validation/value/logits_pos,validation/value/v_max,validation/value/v_mean,validation/value/v_min,time/epoch_time,time/total_time,step
31.883268,-0.7573637,-9.712837,0.59033227,1.0,0.75022125,0.0,0.5826476,-0.47763205,-0.4775162,-0.5961156,12.467814,0.9709128,0.03615787,1.1343379,-1.0741928,76.38837,0.65270424,0.0,0.62809014,-0.29281092,-0.2927495,-0.35565174,9.190392,0.93832934,0.05169633,40.46251,-0.5806315,-9.655162,0.5759134,1.0,0.97902393,0.0009765625,0.081385314,-5.2715425,-5.2710834,-5.7406645,18.312462,0.16029823,1.8656685e-05,0.9720583,0.0,0.08213772,-5.0385876,-5.0381303,-5.5059347,8.471779,0.12773713,3.0115316e-05,0.009539584541320801,47.69792437553406,1
24.54097,-0.068407424,-9.093867,0.43558985,1.0,0.999032,0.09375,0.0053110365,-12.288816,-12.296636,-4.2899437,5.0247025,0.075101405,9.438562e-09,0.3690791,-0.3378367,9.111207,0.99903107,0.107421875,0.005301234,-12.150881,-12.158433,-4.4239144,4.3641396,0.06420399,5.1265703e-09,12.280869,-0.26600885,-9.145218,0.44842738,1.0,0.9990244,0.0859375,0.0052284026,-12.27813,-12.285871,-4.3597918,6.529106,0.0647771,1.5367117e-07,0.9990263,0.09472656,0.005225395,-11.897526,-11.90499,-4.2623987,8.953026,0.07289082,6.385397e-07,0.19292712602615356,1012.3335580825806,5000
26.550478,-0.06527493,-9.092005,0.4351243,1.0,0.99903774,0.12890625,0.004950543,-11.607084,-11.614436,-4.0858307,6.847436,0.081771865,4.1419207e-06,0.35349062,-0.37525752,8.35905,0.9990406,0.12402344,0.005014497,-11.450348,-11.457457,-4.1773577,8.442004,0.09148463,2.7416975e-06,23.638618,-0.11832941,-9.08976,0.43456298,1.0,0.99901867,0.115234375,0.005090396,-11.6698,-11.677167,-4.1330853,28.420364,0.15073949,9.553287e-08,0.99901104,0.11816406,0.005136956,-11.434261,-11.441366,-4.164735,25.648289,0.17564607,6.8433553e-07,0.1956794349193573,1990.7307343482971,10000
27.164469,-0.055834696,-9.041241,0.42243308,1.0,0.99904823,0.16503906,0.00484209,-11.880604,-11.888302,-4.006264,12.562935,0.16064797,5.6320414e-07,0.5654059,-0.44517252,11.910493,0.99904346,0.15625,0.004918033,-11.614643,-11.621982,-4.108694,22.203274,0.15226072,5.798455e-07,23.264702,-0.08660251,-9.06937,0.42946562,1.0,0.9990225,0.14355469,0.0049651666,-11.790707,-11.7983055,-4.0165796,23.781515,0.19502652,8.132621e-06,0.99902153,0.12597656,0.0050396863,-11.500037,-11.507291,-4.078444,37.64884,0.20433621,1.0896544e-05,0.10900299401283264,2535.7457087039948,15000
25.114521,-0.11578468,-9.029968,0.4196151,1.0,0.9990549,0.17871094,0.0046523088,-11.9151325,-11.923158,-3.7053294,26.658682,0.2837737,9.1782085e-06,0.36258897,-0.47916573,10.261543,0.99905014,0.171875,0.0047160517,-11.701963,-11.709729,-3.758745,23.164751,0.3042143,7.923769e-06,38.767815,-0.056289695,-9.114204,0.440674,1.0,0.99899673,0.1484375,0.0049853725,-11.913441,-11.921296,-3.8774557,138.5034,0.6418329,6.3165303e-06,0.9989977,0.14257812,0.005039463,-11.716158,-11.723699,-4.0019255,31.29045,0.40328473,1.19946835e-05,0.008791869831085205,2579.7050602436066,20000
27.97055,-0.13592239,-9.050867,0.42483965,1.0,0.99906254,0.19921875,0.0045265127,-12.306913,-12.315478,-3.544941,71.20473,0.51495594,1.5993452e-05,0.47746983,-0.47276613,11.737749,0.9990635,0.18066406,0.004591128,-11.967625,-11.975815,-3.587755,68.535255,0.5658202,2.9620978e-05,29.26826,-0.12639257,-9.022692,0.41779584,1.0,0.9990206,0.15136719,0.0048901783,-12.183685,-12.191915,-3.7662954,280.26205,1.1333523,9.302015e-06,0.9990244,0.13671875,0.004962176,-11.841774,-11.849627,-3.8085706,435.7702,2.0095148,1.2740067e-05,0.1173720633983612,3166.5653817653656,25000
27.0942,-0.14820202,-9.008951,0.4143607,1.0,0.99906254,0.18945312,0.0045845984,-12.271861,-12.280337,-3.6004784,48.751373,0.4630475,1.55879e-05,1.8536012,-0.93690217,17.168762,0.9990635,0.18066406,0.0046351077,-11.8546295,-11.862675,-3.622731,50.73455,0.5221867,2.3247889e-05,32.384666,-0.15273881,-9.072056,0.43013698,1.0,0.9989948,0.15722656,0.0048747687,-12.374943,-12.383403,-3.720571,242.27472,1.2464036,3.647771e-05,0.99899006,0.1484375,0.004943753,-12.018475,-12.026507,-3.8003411,120.043045,0.8955984,4.0210987e-05,0.014022278308868407,3236.6767749786377,30000
28.018337,-0.11602567,-9.073238,0.43043283,1.0,0.9990492,0.17675781,0.004656713,-12.417659,-12.426216,-3.6629462,576.6112,0.8103408,1.8643328e-05,0.566433,-1.2263508,13.390228,0.99905396,0.16308594,0.0047150264,-12.090439,-12.098602,-3.738534,132.6656,0.67543364,2.7049055e-05,36.46237,-0.09130163,-9.057271,0.42644072,1.0,0.9990158,0.17773438,0.0047371225,-12.35432,-12.362854,-3.6238883,7321.078,7.5408444,2.0392634e-05,0.9990158,0.16210938,0.0047819805,-12.046986,-12.055109,-3.7362084,276.75687,1.253097,1.811905e-05,0.11942860612869263,3833.8198103904724,35000
27.037966,-0.16312641,-9.068218,0.4291775,1.0,0.99906826,0.18554688,0.004560511,-12.497845,-12.506564,-3.5789123,116.12235,0.6179644,2.3564184e-05,0.804422,-0.5476569,12.747163,0.9990673,0.17675781,0.004632924,-12.092253,-12.100531,-3.6236959,121.79212,0.6761271,1.3490731e-05,32.379723,-0.16024205,-9.072483,0.43024373,1.0,0.99900246,0.16796875,0.0048631686,-12.483801,-12.49243,-3.655589,1902.5739,4.685281,6.124556e-06,0.99900246,0.15625,0.0049028457,-12.150091,-12.158363,-3.6879134,306.60147,1.7797644,2.5713074e-05,0.005506813430786133,3861.3538794517517,40000
28.452816,-0.12309554,-9.017208,0.4164248,1.0,0.9990616,0.19238281,0.004536259,-12.602707,-12.611542,-3.5637689,93.90652,0.65440184,1.9082565e-05,0.6005285,-0.7614927,13.715557,0.99906063,0.16894531,0.0045909337,-12.286514,-12.294983,-3.6225317,61.44694,0.5860468,2.3322636e-05,31.749111,-0.14007904,-9.000531,0.41225582,1.0,0.99899197,0.16699219,0.004839669,-12.713739,-12.722696,-3.549983,1571.6838,3.346643,4.5557886e-07,0.9989853,0.140625,0.0048980387,-12.3584175,-12.366952,-3.6281104,261.1886,1.6644356,7.614159e-07,0.11585961308479309,4440.6519474983215,45000
31.253736,-0.14665675,-9.022709,0.41780013,1.0,0.99905396,0.19921875,0.004449676,-12.80245,-12.811631,-3.4101777,60.312466,0.6209347,4.543181e-05,0.62800944,-1.5967991,15.090262,0.9990549,0.18261719,0.0045020888,-12.523344,-12.532163,-3.5009618,27.641476,0.41452536,5.1996056e-05,29.540474,-0.13852641,-9.094156,0.43566194,1.0,0.9990225,0.19042969,0.004778536,-12.588852,-12.597584,-3.6559896,213.13548,0.70770335,7.4330937e-06,0.9990177,0.15332031,0.004811506,-12.301582,-12.309922,-3.770982,71.33451,0.38569024,1.1681805e-05,0.006930644702911377,4475.305173635483,50000
31.097176,-0.13190608,-9.018219,0.4166777,1.0,0.99905205,0.20800781,0.0045715575,-12.752607,-12.761528,-3.6263459,112.60703,0.47334146,1.3887159e-06,1.0579776,-0.50218034,12.720081,0.99905777,0.19726562,0.0046501183,-12.430828,-12.439345,-3.7189186,46.798088,0.3737923,3.6364738e-06,30.26696,-0.14757794,-9.017436,0.41648197,1.0,0.99900246,0.17871094,0.0047942777,-12.850456,-12.859398,-3.702262,259.43024,0.7475772,9.17315e-06,0.9990015,0.15234375,0.004874119,-12.483067,-12.491559,-3.7958903,108.44024,0.529075,2.2208171e-06,0.13018605852127074,5126.235469818115,55000
31.11592,-0.1497091,-9.010622,0.41477847,1.0,0.9990654,0.20800781,0.004482302,-12.732572,-12.74163,-3.4661975,65.46557,0.6503103,3.35577e-05,0.88179374,-0.9936487,15.309488,0.9990673,0.18066406,0.004536223,-12.412155,-12.42081,-3.559783,59.037376,0.57548547,3.547206e-05,33.33407,-0.113332,-9.053534,0.4255064,1.0,0.99901485,0.16894531,0.004771749,-12.647785,-12.656542,-3.6893802,392.92642,0.85006726,1.6223537e-06,0.99901485,0.15722656,0.0048114266,-12.315275,-12.323598,-3.8011777,64.14149,0.4150382,4.011146e-06,0.01067511124610901,5179.61103105545,60000
29.369064,-0.13085027,-9.050985,0.4248693,1.0,0.9990635,0.22265625,0.0044300104,-13.009981,-13.019316,-3.45995,116.641014,0.6890154,1.8664337e-05,0.71369064,-0.53589183,12.977618,0.9990549,0.20214844,0.004498495,-12.715414,-12.72439,-3.5335016,98.25807,0.5490825,2.92869e-06,36.871983,-0.14631304,-9.055657,0.42603734,1.0,0.99902725,0.14257812,0.004839887,-12.751751,-12.760463,-3.8399963,633.6405,1.7208662,5.0916474e-06,0.9990263,0.13378906,0.0048745954,-12.49332,-12.501703,-3.9186192,90.09314,0.46167114,4.929859e-07,0.0089619544506073,5224.420809030533,65000
29.819008,-0.1806183,-8.976373,0.4062161,1.0,0.9990711,0.18457031,0.004542035,-12.969843,-12.979068,-3.5331216,205.05515,1.3741822,5.3468943e-07,0.5471835,-0.43340883,11.366104,0.99907017,0.16699219,0.004625287,-12.646629,-12.655446,-3.6271644,162.93811,1.1086417,5.4894354e-06,37.776764,-0.15913808,-9.0209255,0.41735446,1.0,0.999033,0.15234375,0.0047754054,-12.7482605,-12.757022,-3.785448,729.8829,0.66625214,1.2026497e-06,0.9990301,0.13769531,0.0048517473,-12.378853,-12.387184,-3.8554668,133.38594,0.50736976,4.8828355e-07,0.0059686805248260495,5254.264213562012,70000
34.38333,-0.10435495,-9.00371,0.4130504,1.0,0.99906445,0.21875,0.0043994477,-12.866424,-12.875771,-3.3036041,216.58109,0.92380846,1.8106638e-06,1.0454838,-0.6799618,14.728247,0.9990635,0.21191406,0.004462855,-12.578184,-12.587139,-3.41743,60.8585,0.75201917,1.2392324e-05,33.15786,-0.17254439,-9.0041685,0.41316497,1.0,0.99902534,0.17773438,0.004779803,-12.868973,-12.878031,-3.6035075,532.4971,2.1241727,1.142248e-06,0.9990206,0.1640625,0.004810719,-12.513405,-12.522054,-3.6657414,629.52423,1.478399,1.918913e-06,0.005317226648330688,5280.850350379944,75000
34.09104,-0.15123169,-9.035467,0.4209897,1.0,0.99905586,0.21191406,0.0044583324,-12.897197,-12.906437,-3.4450464,66.8596,0.5602833,2.6371463e-05,0.60192585,-2.128642,15.0641775,0.99905777,0.1875,0.004530475,-12.653139,-12.662053,-3.5344086,77.819016,0.5806823,4.1230174e-05,39.501175,-0.1670313,-9.061567,0.42751485,1.0,0.999032,0.16894531,0.004745503,-12.8822975,-12.891316,-3.6565037,2604.865,2.245239,5.555724e-07,0.9990282,0.15136719,0.0047915676,-12.651303,-12.660029,-3.725101,891.6937,1.6161206,3.42531e-07,0.16248236017227172,6093.262155294418,80000
30.347359,-0.15706778,-9.048288,0.42419502,1.0,0.999053,0.19921875,0.0045415806,-13.027906,-13.037178,-3.5428536,240.09514,0.8286116,5.3061347e-05,1.1584282,-1.048771,14.512249,0.99905396,0.19628906,0.0045698704,-12.61904,-12.627896,-3.5579855,154.83577,0.733047,3.2189073e-05,36.22402,-0.181347,-9.061502,0.42749864,1.0,0.99900436,0.16796875,0.004834526,-13.121766,-13.131101,-3.5719733,1959.0641,2.7552714,4.3465407e-06,0.99900055,0.15722656,0.004830644,-12.729425,-12.7383,-3.6521688,321.19363,1.1557457,2.4443461e-06,0.00633763484954834,6124.950331926346,85000
36.75241,-0.14199424,-8.99214,0.41015798,1.0,0.99905777,0.20117188,0.0044802595,-13.120131,-13.129563,-3.4712188,74.37814,0.5672832,1.3562339e-05,0.6596133,-0.7041852,13.95263,0.9990568,0.1796875,0.004556301,-12.823194,-12.832258,-3.550652,97.71048,0.6447562,3.9341335e-06,32.466297,-0.1945563,-9.04426,0.42318773,1.0,0.99902153,0.16992188,0.0047504045,-13.07012,-13.07932,-3.6577692,575.77216,0.9496854,3.405948e-07,0.9990158,0.15917969,0.004845748,-12.728371,-12.737181,-3.7160516,172.41597,1.1429889,8.3969843e-07,0.005893074607849121,6154.41570687294,90000
27.697248,-0.17539743,-9.023249,0.41793525,1.0,0.999053,0.1953125,0.0044618994,-13.052128,-13.061501,-3.4636583,109.17449,0.6633354,1.3235476e-05,0.46901253,-0.85417366,12.2448435,0.9990549,0.1875,0.0045099044,-12.692684,-12.701632,-3.5393531,118.99885,0.7317946,3.0343179e-05,41.94214,-0.15869804,-9.044746,0.4233098,1.0,0.99901485,0.19628906,0.0046644034,-13.20261,-13.211982,-3.615528,194.94621,0.8188046,1.5587744e-06,0.9990139,0.17773438,0.004707032,-12.838789,-12.84775,-3.67168,278.87244,0.8696977,4.361206e-06,0.005728033971786499,6183.05587887764,95000
32.148087,-0.16479528,-9.024722,0.41830355,1.0,0.9990597,0.21777344,0.0044404604,-13.066101,-13.075499,-3.451588,93.213455,0.53697634,1.2035097e-05,1.4404966,-0.91299796,17.76519,0.9990549,0.19238281,0.0045437873,-12.713942,-12.722921,-3.5283184,99.004684,0.61215067,2.7301088e-05,44.919666,-0.22148667,-9.025389,0.41847,1.0,0.99902153,0.20117188,0.00476586,-13.118282,-13.127623,-3.563025,205.54294,1.6423109,1.0895001e-06,0.9990158,0.18164062,0.004804065,-12.77569,-12.784617,-3.6432202,858.782,2.1028376,3.948682e-07,0.005948948478698731,6212.800623416901,100000
36.995964,-0.14770299,-9.057279,0.42644268,1.0,0.99906063,0.20117188,0.004477703,-13.123453,-13.1328335,-3.5262675,107.730804,0.45751482,2.425212e-05,1.5172623,-1.0232548,20.870487,0.9990568,0.17480469,0.004540546,-12.830854,-12.839885,-3.5929708,64.23603,0.41750288,4.665406e-05,38.131493,-0.17729789,-9.056058,0.42613742,1.0,0.99901485,0.19433594,0.004756638,-13.3017235,-13.311178,-3.6306071,1626.1198,2.4372597,5.836339e-06,0.9990225,0.17285156,0.004765192,-13.008167,-13.017258,-3.7101257,210.32076,0.9991342,1.27765325e-05,0.1626511766910553,7026.05651140213,105000
28.210102,-0.22573617,-8.997177,0.41141707,1.0,0.99906635,0.22753906,0.0043562716,-13.26138,-13.271076,-3.343681,176.41685,0.6378875,2.383064e-06,0.6744857,-0.52764624,12.039504,0.9990673,0.21386719,0.0044279546,-12.852026,-12.861259,-3.4058278,98.97117,0.66633004,9.048468e-06,32.599686,-0.2076144,-9.012777,0.41531745,1.0,0.99901295,0.18164062,0.00479878,-13.057468,-13.066664,-3.6511087,1837.4557,1.7336168,1.1400524e-05,0.9990158,0.14648438,0.004860726,-12.620331,-12.629019,-3.7327554,295.27222,1.0837351,1.27067715e-05,0.012980764818191529,7090.960338592529,110000
29.769646,-0.18930599,-9.0622425,0.42768374,1.0,0.9990673,0.23828125,0.0044240304,-13.285181,-13.294825,-3.4212985,248.05368,1.0010924,2.8810764e-05,1.5210189,-1.2937804,16.247566,0.99906063,0.21582031,0.004433511,-12.97805,-12.98737,-3.4446237,176.35596,0.7415065,4.1693232e-07,39.20777,-0.19283059,-8.998305,0.41169935,1.0,0.9990301,0.18066406,0.0047052326,-13.148283,-13.157554,-3.6644084,2339.0422,1.7669997,1.3998654e-06,0.999033,0.16503906,0.0047779363,-12.797516,-12.80633,-3.7800865,128.89122,0.5695919,3.862064e-06,0.012994538307189942,7155.933032512665,115000
34.37403,-0.20731732,-8.991871,0.41009068,1.0,0.9990616,0.19921875,0.0044997986,-13.266424,-13.275939,-3.5331388,378.06485,1.0161569,2.1494427e-05,0.8612775,-0.971096,17.872204,0.9990587,0.1953125,0.0045475303,-13.02779,-13.037033,-3.572456,212.183,0.97361284,3.1220177e-05,32.12853,-0.2419504,-9.07746,0.431488,1.0,0.99902344,0.1875,0.004726227,-13.09194,-13.101118,-3.704117,2214.4827,1.9059104,8.191232e-06,0.9990225,0.16796875,0.004747023,-12.8179,-12.826791,-3.7238913,190.04666,0.73827577,4.9699065e-06,0.012983588886260986,7220.8509793281555,120000
33.213654,-0.20796782,-9.043209,0.42292514,1.0,0.9990568,0.22753906,0.0043969885,-13.0226345,-13.032032,-3.4086232,325.61542,0.86860037,1.6285287e-05,1.1410153,-0.7590286,16.486074,0.99905205,0.21679688,0.0044512264,-12.786177,-12.795286,-3.4674907,58.08286,0.57211566,1.8057295e-05,33.6799,-0.26939932,-9.016369,0.4162151,1.0,0.9990301,0.17871094,0.0047445158,-13.094383,-13.103567,-3.6996744,594.03864,1.3789468,4.6462087e-06,0.9990282,0.16796875,0.0047864406,-12.8870125,-12.895944,-3.749844,252.17535,1.1491983,7.394355e-08,0.012974173021316529,7285.721847772598,125000
34.454803,-0.20298457,-9.001329,0.4124551,1.0,0.99906063,0.21484375,0.004458596,-13.232687,-13.242258,-3.4406075,145.24432,1.0689263,7.4938002e-06,1.165942,-0.8013731,18.385834,0.9990549,0.19433594,0.0045157885,-12.791969,-12.801061,-3.4903126,138.00987,0.9387711,2.8562466e-05,41.3471,-0.20625669,-9.004586,0.4132696,1.0,0.99901867,0.18359375,0.004637841,-13.336682,-13.346219,-3.5809631,578.1441,1.2517178,2.4448195e-06,0.9990158,0.16601562,0.0047270968,-12.954178,-12.963268,-3.6548753,500.42032,1.3321707,3.0403264e-08,0.00934688115119934,7332.456255674362,130000
33.734375,-0.17602171,-9.051208,0.42492473,1.0,0.9990549,0.2109375,0.0044529787,-13.3064,-13.316004,-3.4825907,279.37848,1.1531394,2.1324591e-05,0.7370615,-0.7732729,14.590012,0.99905777,0.19042969,0.0044965222,-13.0229225,-13.032226,-3.5071833,143.95003,0.9730567,3.4814842e-05,42.834106,-0.1700035,-8.99279,0.41032052,1.0,0.99902344,0.18164062,0.00476181,-13.174901,-13.184193,-3.6698437,4309.306,3.7070408,4.58058e-06,0.99902344,0.16113281,0.004816296,-12.876991,-12.8859215,-3.7412329,348.9428,1.4361074,2.834499e-06,0.005950056505203247,7362.2065398693085,135000
27.85721,-0.25571328,-9.007689,0.41404536,1.0,0.99906635,0.19042969,0.0044432655,-13.419822,-13.429533,-3.4859195,116.65503,0.6005993,1.2381421e-05,0.79727554,-0.86515987,13.452114,0.99906635,0.19238281,0.0044772946,-13.096992,-13.10638,-3.4927282,210.09332,0.92197204,2.1471837e-06,27.732967,-0.24855657,-9.027808,0.41907507,1.0,0.9990177,0.16210938,0.0047603534,-13.215689,-13.224976,-3.7147503,1281.9785,2.3860686,6.0729194e-06,0.9990177,0.16015625,0.0047893804,-12.875518,-12.884424,-3.7649884,113.918816,0.70211315,1.0058529e-05,0.005664648056030274,7390.52978181839,140000
34.02279,-0.22492017,-9.013821,0.41557825,1.0,0.99907875,0.23242188,0.0043238034,-13.592924,-13.603006,-3.2783945,722.16833,2.0186067,4.792429e-06,1.5006498,-1.6046656,18.337841,0.9990711,0.20898438,0.004367888,-13.205467,-13.215131,-3.3195348,147.44904,1.3716158,1.553664e-05,43.0878,-0.20442045,-9.017019,0.41637766,1.0,0.99902916,0.19042969,0.004696301,-13.31045,-13.31995,-3.5916889,2105.3137,2.9152756,8.091447e-10,0.9990263,0.16601562,0.0047600046,-12.944967,-12.95402,-3.6835809,105.91362,0.7450356,2.3962374e-07,0.00581959810256958,7419.627775192261,145000
26.18005,-0.23143104,-9.029677,0.4195422,1.0,0.99907684,0.23046875,0.004339783,-13.546919,-13.556856,-3.3804312,103.162445,0.91542053,5.2525702e-05,0.55158633,-0.4366788,12.0383,0.9990711,0.21582031,0.0044046585,-13.085752,-13.095181,-3.4389968,162.87457,0.8833486,1.3478707e-05,34.50274,-0.26067924,-9.032589,0.42027023,1.0,0.99902534,0.18164062,0.004647666,-13.490818,-13.5004635,-3.6218336,831.2907,1.7693952,2.8840864e-07,0.99902534,0.16992188,0.0046793157,-13.061906,-13.071102,-3.6541197,370.07632,1.4036796,3.075473e-06,0.005857006502151489,7448.912809848785,150000
30.746307,-0.2259987,-9.036937,0.42135715,1.0,0.9990635,0.20703125,0.0043551642,-13.60034,-13.610329,-3.3813486,210.97777,0.7542192,6.860819e-06,0.66743267,-0.687174,14.783432,0.9990654,0.21289062,0.004392894,-13.273457,-13.283085,-3.4242449,106.78988,0.8360806,6.126539e-05,42.71437,-0.20022373,-9.018255,0.41668665,1.0,0.9990034,0.19238281,0.0047280053,-13.742083,-13.751987,-3.6091185,1623.1952,2.7422538,6.2373664e-07,0.99900436,0.18359375,0.0047914414,-13.37752,-13.387038,-3.639972,174.60165,1.2148747,1.5688285e-07,0.20762721319198607,8487.04887843132,155000
31.312098,-0.22178406,-9.05422,0.42567807,1.0,0.9990635,0.22363281,0.0043596793,-13.535402,-13.545369,-3.339699,92.88765,0.72481424,1.4150864e-06,0.864952,-0.74672985,16.422964,0.9990635,0.20214844,0.0044316575,-13.132224,-13.141735,-3.4021177,252.69632,1.0229957,1.1650952e-05,43.96322,-0.21553433,-9.005291,0.41344574,1.0,0.99900055,0.20507812,0.0047214124,-13.504513,-13.51426,-3.5349793,746.31915,1.9293828,1.10129776e-07,0.9989977,0.1875,0.0047747907,-13.16502,-13.174346,-3.6246505,302.45358,0.9077332,3.513126e-07,0.012967161512374878,8551.884689807892,160000
35.605186,-0.20437844,-8.979714,0.4070517,1.0,0.9990635,0.22265625,0.0043066563,-13.684599,-13.694833,-3.2139997,82.47106,0.8257773,7.490606e-06,1.5809274,-1.317906,19.770576,0.9990635,0.22363281,0.0043705027,-13.438427,-13.448356,-3.2811582,83.72682,0.8435564,3.766289e-05,34.157906,-0.26065505,-9.023366,0.41796437,1.0,0.99902725,0.19433594,0.004710814,-13.555693,-13.565417,-3.6078548,1592.9934,1.7937653,1.551358e-06,0.99902153,0.17285156,0.0047677467,-13.247104,-13.256499,-3.6363425,211.67499,1.2900894,8.621363e-08,0.012971331596374511,8616.741349458694,165000
36.0429,-0.2148531,-8.98395,0.40811026,1.0,0.9990759,0.25585938,0.004245335,-13.469491,-13.47949,-3.2396965,143.7496,1.3000199,3.954863e-05,1.0607425,-1.3444735,19.695526,0.9990692,0.22363281,0.004309787,-13.250144,-13.2598715,-3.2991607,147.82236,1.18607,5.3962925e-05,38.773384,-0.22102877,-9.014385,0.41571924,1.0,0.9990263,0.20605469,0.004650295,-13.437708,-13.4473915,-3.5308852,904.63354,1.8111805,2.8053742e-06,0.99902344,0.18261719,0.0047126138,-13.061308,-13.070581,-3.5733132,64.264435,0.92647713,9.099017e-07,0.012973406791687011,8681.608385562897,170000
32.05429,-0.1813524,-9.01767,0.4165404,1.0,0.9990654,0.22265625,0.0042870035,-13.521836,-13.531813,-3.3160152,253.37646,1.1198747,2.3765177e-05,0.71272504,-1.1982466,17.681446,0.9990635,0.20703125,0.0043460745,-13.272488,-13.282161,-3.3763824,125.07424,0.8522294,1.7557568e-05,39.27498,-0.20923305,-9.028925,0.41935414,1.0,0.9990225,0.17480469,0.0046622036,-13.467211,-13.476883,-3.5728593,598.97095,1.3832064,9.532583e-06,0.9990196,0.16601562,0.004695609,-13.164026,-13.173355,-3.6212745,472.66403,1.2147343,7.54932e-06,0.00895063557624817,8726.36156630516,175000
36.680264,-0.23735759,-9.038139,0.42165798,1.0,0.9990654,0.22460938,0.00435857,-13.480473,-13.490404,-3.3196213,634.1387,1.8294785,5.3455506e-06,0.9280409,-1.0846,19.7793,0.9990654,0.22070312,0.0044273883,-13.108202,-13.117705,-3.38566,253.09305,1.2195394,2.172715e-05,37.284317,-0.25046748,-9.035229,0.42093,1.0,0.99900246,0.18457031,0.004832877,-13.445662,-13.455204,-3.6838179,1609.0297,3.0600748,8.135041e-06,0.9989948,0.17382812,0.0048364066,-13.126287,-13.13548,-3.722308,121.199585,0.9473587,6.4545234e-06,0.00600225157737732,8756.372825860977,180000
52.124077,-0.17809018,-9.017727,0.4165547,1.0,0.99906826,0.24023438,0.0042905747,-13.629675,-13.639798,-3.2737918,238.19922,1.4188495,9.551123e-07,1.0723982,-1.0456306,22.711342,0.99906635,0.21289062,0.0043256027,-13.206197,-13.215869,-3.3106647,127.47332,1.1442318,1.5774474e-05,37.29798,-0.25732884,-9.026914,0.4188514,1.0,0.9990196,0.18554688,0.004728984,-13.486833,-13.496464,-3.634142,461.01804,1.1111038,1.2969196e-05,0.9990225,0.16699219,0.004752863,-13.063173,-13.072374,-3.649633,2348.2688,2.9568958,9.094337e-06,0.005952629041671753,8786.135972976685,185000
33.598873,-0.23261538,-9.025652,0.4185359,1.0,0.99906635,0.23144531,0.004291136,-13.6269455,-13.637079,-3.260096,164.53882,0.96431816,2.5275374e-05,0.54991865,-0.7218924,13.865659,0.9990654,0.20800781,0.0043085255,-13.208727,-13.218447,-3.2664897,96.61528,1.0692446,4.648649e-05,39.439697,-0.2134744,-9.004742,0.41330838,1.0,0.99903584,0.18261719,0.004728902,-13.533104,-13.542758,-3.6577716,1236.7764,2.0744655,1.2724275e-06,0.99903774,0.16699219,0.0047696396,-13.054046,-13.063171,-3.718517,112.641945,0.8894217,3.2353958e-06,0.005974000120162964,8816.00597500801,190000
32.980827,-0.2369434,-8.996196,0.41117197,1.0,0.99906635,0.23730469,0.004309387,-13.573127,-13.58312,-3.3496194,113.54451,0.71028936,1.6845011e-05,1.0347716,-1.013075,17.874025,0.99906635,0.22167969,0.0043460676,-13.257868,-13.267513,-3.3892965,173.99028,1.0705906,2.0501637e-05,33.70542,-0.26667663,-8.992849,0.41033536,1.0,0.9990082,0.16210938,0.0048199994,-13.512353,-13.521954,-3.690444,2928.5107,5.625127,8.9101935e-09,0.99901104,0.15039062,0.0048541683,-13.181418,-13.190639,-3.7492695,123.87051,1.0934997,1.1009644e-06,0.005924732971191406,8845.629644870758,195000
39.77558,-0.17809919,-8.982705,0.40779907,1.0,0.99906254,0.21875,0.0043777246,-13.682405,-13.692485,-3.3706334,62.46887,0.58451974,1.357566e-06,1.149277,-0.99471116,19.114094,0.99906445,0.19140625,0.0044455496,-13.411691,-13.421391,-3.4877667,53.383163,0.54493815,4.4423823e-06,51.721813,-0.17957711,-9.030301,0.41969836,1.0,0.9990225,0.1875,0.0047183614,-13.636345,-13.646172,-3.5832949,1620.3253,2.423738,2.7943304e-06,0.99902916,0.171875,0.0047822967,-13.337399,-13.346847,-3.670601,306.9552,1.6143055,9.082385e-06,0.005932354354858399,8875.291418552399,200000
31.699982,-0.23500313,-9.000472,0.41224095,1.0,0.9990711,0.22460938,0.0043265885,-13.697101,-13.707263,-3.3009188,237.15044,1.0463201,3.6272156e-06,1.8025687,-1.933756,16.881157,0.99906445,0.20117188,0.0043962346,-13.381492,-13.391283,-3.3654141,105.99139,1.034774,3.6249457e-05,40.070633,-0.22763199,-8.999076,0.41189203,1.0,0.99902153,0.19433594,0.004743065,-13.607821,-13.617566,-3.6379414,415.99216,1.6018533,1.0323525e-06,0.9990196,0.16210938,0.0048035495,-13.241474,-13.250775,-3.7257102,299.4869,0.9857278,1.07193155e-05,0.1966228252887726,9858.405549526215,205000
41.74408,-0.1764689,-8.990138,0.40965754,1.0,0.9990597,0.23730469,0.0043270476,-13.439383,-13.449296,-3.2980103,922.23883,1.7322451,1.0867667e-06,1.5935931,-0.8870187,18.078955,0.9990568,0.20605469,0.00439774,-13.153299,-13.162845,-3.3877926,55.89139,0.6296506,6.2823765e-06,35.211895,-0.23300704,-9.02165,0.41753566,1.0,0.9990406,0.20019531,0.0047340565,-13.520168,-13.529806,-3.6610222,1141.1901,2.0303335,1.3872253e-06,0.9990339,0.18359375,0.0047639897,-13.161625,-13.1709,-3.6744852,150.59256,1.2814931,7.0687693e-06,0.01692628722190857,9943.036988258362,210000
37.779945,-0.18455088,-9.017765,0.41656423,1.0,0.9990759,0.22265625,0.004235641,-13.898823,-13.909299,-3.1826088,625.6698,1.3702502,1.8976618e-05,1.6035647,-1.1686652,18.365536,0.999074,0.22558594,0.00426805,-13.507122,-13.517155,-3.2431202,85.41305,0.85631114,9.114515e-06,42.76953,-0.21719763,-9.009279,0.41444272,1.0,0.99902916,0.18261719,0.00466088,-13.810762,-13.820736,-3.6071515,275.46805,1.088423,4.387797e-06,0.99902153,0.18164062,0.0047153886,-13.326664,-13.336126,-3.6472423,577.5895,1.3894114,2.2318334e-05,0.01410396876335144,10013.556834220886,215000
34.773865,-0.21479985,-9.011511,0.41500044,1.0,0.99907494,0.25390625,0.0042104675,-13.788477,-13.798867,-3.1600919,280.5404,1.3798885,3.1289346e-06,1.1870917,-0.83534515,16.294607,0.99907017,0.22753906,0.004242533,-13.552776,-13.562904,-3.1919875,230.61499,1.4106052,5.5716155e-05,45.27258,-0.23391265,-9.008467,0.41423947,1.0,0.9990158,0.1796875,0.0046978793,-13.718074,-13.727962,-3.6024127,811.52905,1.7990477,6.204431e-08,0.9990158,0.16308594,0.004744386,-13.391785,-13.401334,-3.6235282,256.3557,1.3805263,5.1000814e-07,0.012968067121505738,10078.397173643112,220000
36.077415,-0.18859875,-9.016567,0.41626474,1.0,0.9990549,0.23730469,0.0043755556,-13.517191,-13.527104,-3.3759131,234.98357,0.81833196,3.854586e-05,1.4984974,-1.3858147,16.843365,0.99905396,0.20996094,0.0044545475,-13.208532,-13.218031,-3.4905663,191.4681,0.8769419,1.9846684e-05,37.37285,-0.22642091,-9.059322,0.42695358,1.0,0.99903584,0.18457031,0.004804955,-13.429424,-13.438849,-3.7879379,3833.2588,3.2164009,9.3760356e-08,0.999032,0.17578125,0.0048351726,-13.154272,-13.1634,-3.8158648,195.9236,1.0318131,7.2035355e-06,0.012966902256011962,10143.231686115265,225000
27.150112,-0.25168553,-9.009288,0.41444498,1.0,0.99906063,0.22460938,0.0043656016,-13.613796,-13.623815,-3.3660557,173.09673,0.72791046,4.496398e-06,0.6228358,-2.1002426,14.509411,0.9990616,0.21289062,0.0043988195,-13.227715,-13.237359,-3.3620036,98.20074,0.79604614,3.4962373e-05,34.38206,-0.27672166,-9.036483,0.4212436,1.0,0.9990282,0.1875,0.0046258625,-13.676644,-13.686498,-3.5966587,314.64703,0.87696236,1.1889451e-05,0.99902725,0.1796875,0.0046851123,-13.282602,-13.29201,-3.6588101,315.56192,1.0271947,1.1709276e-05,0.012970254230499268,10208.082962036133,230000
36.63654,-0.21373282,-9.001574,0.41251642,1.0,0.9990597,0.22167969,0.004324468,-13.781204,-13.791437,-3.3126874,1403.3363,1.501755,2.5603804e-06,1.3644514,-1.4350122,23.034939,0.99906254,0.20605469,0.0043511167,-13.361841,-13.371647,-3.3301272,124.98398,0.9499959,2.0450594e-05,39.499638,-0.27968404,-9.012734,0.41530663,1.0,0.999032,0.19433594,0.004649631,-13.673819,-13.68364,-3.6258197,483.93268,0.9162617,1.989699e-06,0.9990339,0.17285156,0.0046831816,-13.250227,-13.259633,-3.6277184,491.20462,1.1237689,1.4613679e-05,0.012969413375854492,10272.93003320694,235000
30.492344,-0.229684,-9.027799,0.4190727,1.0,0.9990635,0.22753906,0.0043809656,-13.548026,-13.557909,-3.4375455,104.37172,0.71125257,2.7962618e-05,0.83718014,-1.1428459,15.442234,0.9990616,0.18945312,0.004438818,-13.297968,-13.307569,-3.4757328,48.910248,0.5004965,6.8817986e-05,39.26185,-0.24157554,-9.001114,0.41240132,1.0,0.99902153,0.18164062,0.004693356,-13.553507,-13.5632105,-3.626522,1091.5762,2.077028,4.0342948e-06,0.99901676,0.17285156,0.004750994,-13.219713,-13.229002,-3.7171643,91.18582,0.6483767,3.2516073e-06,0.012968494272232055,10337.772507429123,240000
39.787956,-0.18863544,-9.046019,0.42362767,1.0,0.999074,0.23339844,0.004276987,-13.820401,-13.830707,-3.2796135,130.56647,1.1064625,4.86347e-05,1.4592268,-1.211223,20.3462,0.99907017,0.23339844,0.0043270774,-13.357304,-13.367093,-3.3437464,374.57062,1.3194076,9.2786126e-05,40.758965,-0.26308632,-9.035719,0.4210526,1.0,0.9990196,0.20214844,0.0046380255,-13.676381,-13.686303,-3.5254157,507.96884,1.9275906,2.5665835e-07,0.9990196,0.18066406,0.0046774317,-13.264637,-13.2740965,-3.58849,684.77374,1.8850374,1.7011772e-06,0.012971157121658325,10402.628296852112,245000
37.776398,-0.26047465,-9.02583,0.4185804,1.0,0.9990692,0.234375,0.004334677,-13.805018,-13.815232,-3.3557577,266.21896,1.1025286,2.6591085e-06,0.8714382,-1.0771244,17.787827,0.99907017,0.20800781,0.0043973643,-13.368762,-13.378498,-3.4092739,93.23661,1.0040704,2.3281613e-05,43.761616,-0.21032348,-9.039928,0.4221053,1.0,0.99901485,0.19238281,0.004686978,-13.604055,-13.613893,-3.5418038,413.70303,1.6083483,3.2385783e-06,0.9990158,0.17871094,0.004774616,-13.140919,-13.150211,-3.6351552,325.38696,2.1068397,1.2113004e-07,0.012974438524246215,10467.50049161911,250000
37.803497,-0.2000526,-8.985237,0.4084322,1.0,0.9990673,0.23242188,0.004341254,-13.873686,-13.883975,-3.348461,131.07169,0.8391975,3.5620594e-06,0.91519684,-0.85887814,20.64346,0.99906445,0.21191406,0.0043856925,-13.588249,-13.598219,-3.3892126,100.84643,0.92129886,4.8444044e-06,44.213318,-0.20008712,-8.997429,0.41148007,1.0,0.9990034,0.16601562,0.0047343113,-13.809799,-13.819717,-3.6633677,297.9473,1.2166336,1.7767283e-06,0.9989996,0.16210938,0.0048539313,-13.486103,-13.495638,-3.732222,164.39578,0.9685489,4.205373e-06,0.01297205514907837,10532.360771417618,255000
38.190163,-0.20239735,-9.009197,0.4144223,1.0,0.99906063,0.22167969,0.0043176105,-13.695665,-13.705796,-3.3315563,188.7723,0.9425166,1.2144241e-06,1.0259397,-1.4600931,21.094437,0.9990654,0.20019531,0.0043696077,-13.346779,-13.356531,-3.3707032,120.43211,0.90627265,2.5288128e-07,35.10449,-0.2688062,-9.008738,0.41430724,1.0,0.99900913,0.16796875,0.0048450413,-13.470385,-13.479932,-3.7032082,769.34705,1.4202685,2.9483233e-06,0.9990082,0.15039062,0.0048502022,-13.146864,-13.156067,-3.7340188,110.23636,0.65237206,7.4630503e-07,0.01297167615890503,10597.219155073166,260000
39.18753,-0.21982677,-9.012754,0.41531134,1.0,0.9990635,0.22558594,0.0043468694,-13.83305,-13.843342,-3.3044162,322.78427,1.4106739,1.1890902e-05,1.1479757,-0.9095282,19.252192,0.999053,0.21386719,0.004387576,-13.468588,-13.478504,-3.3248878,231.6487,1.343647,2.2845812e-05,41.815155,-0.22767591,-9.028183,0.41916862,1.0,0.99903965,0.19824219,0.0046673506,-13.7631645,-13.773067,-3.6326604,687.8999,1.1454268,2.163725e-08,0.9990368,0.18164062,0.004770017,-13.383884,-13.393331,-3.720798,156.47101,1.0434465,1.783147e-07,0.012983006715774537,10662.134190559387,265000
38.237988,-0.18846294,-8.993816,0.41057712,1.0,0.99907494,0.23828125,0.0043327664,-13.935866,-13.9462595,-3.3034987,419.81696,1.3758225,1.6430154e-06,1.3772664,-2.6983695,23.632145,0.99907494,0.2265625,0.0043982454,-13.617699,-13.627717,-3.368622,129.43288,1.0583347,4.3300242e-06,38.89273,-0.24422234,-9.009266,0.41443926,1.0,0.99904346,0.19433594,0.0046409247,-13.612278,-13.62206,-3.6052399,286.46506,0.8705972,6.9859557e-06,0.9990368,0.17480469,0.0046755197,-13.3075905,-13.317001,-3.680775,156.74388,0.69141924,4.8984716e-06,0.012974833869934081,10727.008364915848,270000
33.00356,-0.23657209,-8.993179,0.41041768,1.0,0.99905586,0.22558594,0.004347243,-13.755058,-13.765255,-3.324472,428.45142,0.9379859,2.1493214e-07,1.0997026,-0.82713085,16.098454,0.9990549,0.21582031,0.0044071088,-13.438496,-13.448321,-3.3864305,142.4466,0.9354279,4.7285844e-06,40.826992,-0.22516665,-9.043066,0.42288932,1.0,0.9990301,0.17773438,0.0047408957,-13.767566,-13.777414,-3.691987,360.29834,1.2783782,2.2971388e-07,0.999032,0.16113281,0.0048060883,-13.314389,-13.323763,-3.724983,406.99405,2.0294435,3.37889e-06,0.0093499858379364,10773.75829577446,275000
39.71553,-0.17286022,-9.002075,0.41264176,1.0,0.9990673,0.24316406,0.0042997524,-13.624781,-13.634889,-3.2838306,129.89877,0.8057152,5.3884733e-06,1.4163615,-1.0375606,20.401552,0.9990587,0.22558594,0.0043850592,-13.328491,-13.3382015,-3.394988,141.04681,0.8325623,1.7506221e-05,38.637436,-0.21356294,-9.0464,0.42372286,1.0,0.9990244,0.19238281,0.0046561696,-13.676018,-13.685892,-3.5736203,1281.6583,1.8457117,1.9366469e-06,0.9990206,0.17871094,0.0046961876,-13.359881,-13.369397,-3.6249304,235.98676,1.1135343,3.6973772e-06,0.005751650714874268,10802.516552209854,280000
42.272808,-0.22005767,-9.0000515,0.41213566,1.0,0.9990587,0.23144531,0.0043228464,-14.05257,-14.063088,-3.2927778,347.5461,1.2688899,5.5152686e-06,1.7967504,-2.96952,23.58509,0.99905396,0.21484375,0.004348622,-13.604742,-13.614793,-3.322839,73.28783,0.8587105,7.170034e-06,35.1958,-0.26108152,-9.013283,0.41544348,1.0,0.99901104,0.18164062,0.0047212658,-13.724411,-13.734314,-3.5936341,563.621,1.1934128,4.132065e-06,0.9990139,0.16210938,0.0047663054,-13.291584,-13.300969,-3.691032,254.18614,0.98226047,5.3151316e-06,0.005252644729614258,10828.779777050018,285000
32.354534,-0.27314168,-8.995375,0.41096655,1.0,0.9990673,0.23730469,0.0042611416,-13.918011,-13.928448,-3.240699,158.0543,1.5545014,1.8107718e-05,1.2862473,-1.0720154,18.827595,0.9990673,0.22460938,0.0042745685,-13.667843,-13.678053,-3.2232752,315.3497,1.7927182,8.048316e-05,36.344933,-0.22345369,-8.9808445,0.40733394,1.0,0.99901867,0.17089844,0.004695626,-13.759414,-13.769304,-3.6415958,620.58264,1.6885651,7.377472e-06,0.9990177,0.18554688,0.004697066,-13.510176,-13.5197735,-3.692452,169.85399,0.8853337,2.7844839e-05,0.005275095415115357,10855.155259609222,290000
34.059093,-0.22653896,-8.987837,0.40908223,1.0,0.99905777,0.21191406,0.0043886015,-13.803194,-13.813445,-3.3162324,170.94261,1.0228126,3.0882093e-05,0.81168574,-0.8277816,16.728146,0.99905777,0.18945312,0.004460399,-13.534376,-13.544296,-3.3843293,101.19257,0.99029034,3.651389e-06,48.237175,-0.21309887,-9.067057,0.4288872,1.0,0.99901295,0.19628906,0.004762524,-13.731264,-13.741134,-3.6337554,229.9737,0.93613625,4.6470996e-06,0.9990072,0.17675781,0.0048485966,-13.424313,-13.43384,-3.6770973,146.80179,1.1718181,2.3767907e-06,0.0053169729709625245,10881.740126609802,295000
35.242317,-0.21249582,-9.006037,0.41363215,1.0,0.99906635,0.24121094,0.0042853486,-13.755476,-13.765738,-3.2567616,97.84182,0.67814827,7.992224e-06,2.0883954,-1.2908697,21.208529,0.9990597,0.21875,0.004315939,-13.382648,-13.392533,-3.2700033,70.76784,0.72649693,3.7053564e-05,43.952953,-0.27149826,-9.057837,0.42658234,1.0,0.9989958,0.17675781,0.004861336,-13.75123,-13.761038,-3.7180207,195.07297,1.0949824,5.039236e-07,0.99899006,0.1640625,0.0049209464,-13.357088,-13.366477,-3.7525473,587.1803,2.1602154,8.915702e-07,0.0052418053150177,10907.949155807495,300000
33.145035,-0.2382553,-9.020083,0.41714373,1.0,0.9990597,0.22265625,0.0043847905,-13.82716,-13.837344,-3.4093332,148.64227,0.81169844,4.3199907e-07,1.2022775,-2.0538144,21.769112,0.9990616,0.20117188,0.0044301,-13.483044,-13.492848,-3.4536679,103.22085,0.747434,2.778413e-06,42.569202,-0.24238545,-9.042525,0.42275423,1.0,0.99903107,0.19628906,0.004567382,-13.676604,-13.686594,-3.4576325,1153.6779,2.5263536,1.9691756e-06,0.9990349,0.18164062,0.004585569,-13.2954,-13.304958,-3.5157757,127.007835,1.0434508,6.3929474e-05,0.263546884393692,12225.683582305908,305000
28.978443,-0.2513241,-8.957317,0.40145203,1.0,0.9990673,0.23144531,0.004275084,-13.786487,-13.796791,-3.2448196,284.0377,1.1530969,2.8767878e-05,0.67846,-0.8641956,13.2328415,0.9990673,0.21972656,0.0043153004,-13.459368,-13.469328,-3.269856,739.93164,1.8040822,7.01048e-05,38.582397,-0.2367943,-9.0216055,0.41752428,1.0,0.99903965,0.18847656,0.0046858573,-13.557938,-13.56767,-3.6012428,186.62651,1.1618003,2.1235935e-06,0.9990368,0.18261719,0.00475966,-13.2502775,-13.259649,-3.6625996,3198.6045,4.642371,1.5535365e-05,0.01692021622657776,12310.284665346146,310000
30.520058,-0.25272152,-8.965998,0.40362254,1.0,0.99906254,0.24707031,0.004306267,-13.812133,-13.822373,-3.33594,151.82506,1.1272042,3.6095116e-05,0.80220306,-1.2276012,15.407109,0.99905777,0.22851562,0.0043435907,-13.541214,-13.551151,-3.3751607,113.73493,1.0432718,1.6712072e-05,45.971745,-0.22910197,-9.043507,0.42299932,1.0,0.9990225,0.19433594,0.0046398155,-13.909367,-13.919525,-3.5169096,483.149,1.5451732,6.652972e-07,0.9990196,0.18164062,0.004664652,-13.591114,-13.6009,-3.58016,235.70918,1.2968838,1.5430816e-06,0.016919325304031372,12394.881296396255,315000
32.879196,-0.24062917,-9.008157,0.4141621,1.0,0.99906063,0.2529297,0.004309467,-13.800041,-13.810309,-3.2975821,355.44113,1.1022055,8.934134e-06,1.4667969,-1.51802,18.732624,0.9990616,0.21972656,0.0043433057,-13.572792,-13.582784,-3.3515003,313.10965,1.1442771,3.9444858e-05,35.18171,-0.26001275,-9.036565,0.42126393,1.0,0.9990072,0.16796875,0.004794251,-13.516081,-13.525727,-3.6482334,318.88245,1.3146836,1.0697409e-05,0.99900246,0.16699219,0.004828372,-13.284952,-13.294324,-3.6976385,149.44385,0.88494223,1.1739801e-05,0.016919228553771974,12479.477444648743,320000
44.091164,-0.17973879,-8.999201,0.41192335,1.0,0.99906635,0.23925781,0.0042910855,-13.784573,-13.794825,-3.2988553,444.03333,1.090193,3.3998567e-05,0.936012,-1.7080845,20.614466,0.9990673,0.21191406,0.004344396,-13.464775,-13.474655,-3.3578043,79.684006,0.7168083,5.305484e-06,39.549156,-0.24002802,-9.011139,0.41490757,1.0,0.99901867,0.17480469,0.0046974956,-13.671561,-13.6813545,-3.6528206,143.07533,0.86838216,4.204356e-07,0.9990139,0.16210938,0.0047555035,-13.365123,-13.374542,-3.7300377,351.3457,1.1676518,1.6117791e-06,0.01692034077644348,12564.079150915146,325000
32.69259,-0.23339225,-9.026152,0.41866076,1.0,0.9990721,0.24902344,0.004243332,-13.854334,-13.864737,-3.21188,790.10657,1.2335548,2.2621118e-05,0.7392653,-0.9546486,17.101704,0.99907017,0.23242188,0.004292473,-13.510017,-13.520034,-3.263731,333.6829,1.2065523,6.014204e-05,39.3013,-0.2480347,-9.042626,0.42277953,1.0,0.9990282,0.16015625,0.004754027,-13.663244,-13.672973,-3.7112212,1752.8176,2.1263413,3.178114e-06,0.999032,0.16308594,0.0047533605,-13.28389,-13.293234,-3.7235034,163.50565,0.8517486,1.0395136e-05,0.016109733963012695,12644.62782239914,330000
32.377964,-0.25381276,-8.994343,0.4107085,1.0,0.99906635,0.23535156,0.0042642434,-14.027544,-14.038096,-3.2309766,184.39244,1.145062,5.974219e-06,1.2342179,-1.1102637,17.285404,0.99906063,0.23925781,0.0043082647,-13.77249,-13.782758,-3.2687507,263.00165,1.3935037,1.0104593e-05,43.599537,-0.2277079,-9.026791,0.41882074,1.0,0.99903584,0.20019531,0.004720427,-13.841251,-13.851214,-3.648872,657.1311,1.6878418,5.321314e-08,0.999033,0.17773438,0.004779965,-13.438643,-13.448163,-3.6999922,335.1306,1.8932037,1.5453082e-06,0.012938105297088623,12709.31835103035,335000
45.931767,-0.19471084,-8.988849,0.40933514,1.0,0.99906445,0.22265625,0.0043104785,-13.913428,-13.923863,-3.238116,537.9317,1.6736034,5.730918e-05,1.0953549,-1.2369359,19.5294,0.9990616,0.21484375,0.0043854117,-13.660835,-13.670939,-3.3252583,404.36752,1.9297276,1.0959879e-05,45.062145,-0.2130588,-9.029209,0.41942513,1.0,0.99902344,0.19238281,0.0045857662,-13.735941,-13.745935,-3.5123992,267.45993,1.0966971,5.253263e-08,0.9990282,0.17480469,0.0046411995,-13.45786,-13.467536,-3.5599573,308.39398,1.6245072,2.8161255e-06,0.012935026741027832,12773.993489265442,340000
35.964996,-0.21769637,-9.012365,0.41521418,1.0,0.99906635,0.24511719,0.004312414,-14.05809,-14.0686455,-3.260635,788.9466,1.6902058,1.6854307e-06,1.519542,-1.6988765,22.09356,0.99906445,0.22265625,0.0043606544,-13.687799,-13.697935,-3.3198342,496.36572,2.223671,1.1056745e-05,33.489956,-0.26895982,-8.985422,0.4084784,1.0,0.99902534,0.1796875,0.0047542932,-13.802469,-13.812417,-3.6258144,269.2487,1.1928363,3.1284256e-07,0.99902344,0.17675781,0.004809488,-13.495138,-13.504745,-3.668491,114.95916,1.2494578,9.81589e-07,0.012945634365081787,12838.721665620804,345000
27.634594,-0.24074748,-8.994234,0.41068155,1.0,0.9990692,0.24609375,0.004284488,-13.9231415,-13.933548,-3.2771533,1234.0294,1.9606819,4.096462e-06,2.0522428,-0.9666242,16.686216,0.99906826,0.22167969,0.0043078978,-13.59132,-13.601377,-3.3048263,162.50925,1.0380024,4.6278677e-05,43.35668,-0.28912818,-8.995622,0.41102841,1.0,0.9990206,0.17578125,0.0047110273,-13.877661,-13.887709,-3.5983784,416.9402,1.6205248,1.5361893e-06,0.99902153,0.17089844,0.004776391,-13.442635,-13.452201,-3.6565099,222.63408,1.637852,4.711998e-07,0.01295461049079895,12903.49472117424,350000
39.203896,-0.19760993,-9.00751,0.41400057,1.0,0.999074,0.25097656,0.0042709485,-14.093729,-14.1043625,-3.216238,191.07181,1.3673979,1.3191208e-05,1.2478349,-1.5908782,20.639946,0.99907494,0.23730469,0.0042918427,-13.775834,-13.786115,-3.2589235,120.24953,1.1553242,1.7060047e-05,42.87358,-0.25404868,-9.0395355,0.4220066,1.0,0.99902725,0.18066406,0.004765339,-13.844271,-13.854245,-3.640872,257.0685,1.3096702,2.477444e-06,0.99902153,0.1640625,0.004824359,-13.458267,-13.467826,-3.6790414,192.42207,1.2597213,5.06123e-06,0.012958988046646119,12968.289663553238,355000
33.531982,-0.25973564,-9.002712,0.4128009,1.0,0.99905586,0.24804688,0.0043275934,-13.934595,-13.944979,-3.3118186,443.21613,1.4064882,5.5478464e-05,2.7312186,-1.7658179,18.392494,0.99906635,0.22558594,0.0043724854,-13.529515,-13.539445,-3.3719945,119.59956,0.94679123,3.3687113e-05,45.794735,-0.20366985,-9.040472,0.422241,1.0,0.999033,0.19140625,0.0047005382,-13.811147,-13.821046,-3.6841717,773.86743,1.4916036,5.7612374e-07,0.9990225,0.18847656,0.004781716,-13.446779,-13.456265,-3.7414653,1247.9681,2.6653566,1.3315317e-06,0.012959993600845337,13033.089634180069,360000
35.480015,-0.18428312,-8.977351,0.40646085,1.0,0.9990759,0.24023438,0.0042057107,-14.177277,-14.188071,-3.1349206,242.80093,1.1567924,3.8756566e-06,1.8204972,-1.2659718,19.050474,0.9990711,0.24121094,0.0042546047,-13.815106,-13.825475,-3.2085571,74.373604,1.181704,1.869455e-05,44.012753,-0.22611609,-9.014939,0.41585782,1.0,0.9989977,0.18554688,0.004694511,-13.893551,-13.903698,-3.512432,511.68494,1.338054,2.027275e-06,0.99900436,0.17480469,0.0047721365,-13.48621,-13.4958515,-3.623083,77.909134,0.74242353,9.604957e-06,0.012628564977645874,13096.232463121414,365000
37.274635,-0.2226817,-8.996332,0.41120577,1.0,0.9990654,0.24023438,0.0042853085,-14.107109,-14.117747,-3.2244012,192.47925,1.231833,3.0026873e-05,3.1897445,-2.6637285,26.942406,0.99906254,0.21972656,0.0043370663,-13.702776,-13.712976,-3.2688565,175.92625,1.1044996,7.9067655e-07,43.89959,-0.27481946,-9.020222,0.41717845,1.0,0.9990301,0.18457031,0.0047065243,-13.84334,-13.853345,-3.6076899,345.9276,1.2789313,9.64461e-06,0.999033,0.16503906,0.0047813863,-13.411286,-13.420835,-3.6427693,182.2549,1.1758859,1.52032e-05,0.00893940052986145,13140.92946767807,370000
34.58197,-0.18504968,-8.983337,0.4079575,1.0,0.9990673,0.23339844,0.0042810207,-14.014105,-14.024606,-3.2708232,792.5913,1.4546058,1.5827216e-05,1.3812139,-1.0984309,16.820757,0.9990587,0.22265625,0.0043133534,-13.743596,-13.753811,-3.2936416,9825.644,10.401463,1.6961672e-05,38.657944,-0.24993333,-8.982746,0.4078094,1.0,0.9990244,0.18457031,0.0046867263,-13.815733,-13.82574,-3.5788054,1162.3514,1.9934559,1.0260119e-06,0.99902153,0.17773438,0.0047320467,-13.520023,-13.529701,-3.61958,597.1148,1.7317531,3.904728e-06,0.008016146755218506,13181.010202884674,375000
34.400967,-0.21701537,-8.9745865,0.4057696,1.0,0.9990587,0.25878906,0.004265723,-13.90316,-13.913606,-3.217021,396.0941,1.4164438,1.0758036e-05,2.327538,-0.9377398,20.019218,0.9990654,0.24707031,0.004304018,-13.651287,-13.661419,-3.2862258,268.13785,0.993858,1.9552299e-05,42.150528,-0.29107094,-9.001341,0.4124583,1.0,0.99901485,0.1796875,0.004657301,-13.99651,-14.006789,-3.4802272,216.10963,1.3323491,5.2487417e-06,0.9989929,0.18164062,0.0046730484,-13.618416,-13.628324,-3.481554,168.60823,0.9590774,8.076646e-06,0.005709822845458985,13209.55931854248,380000
37.16501,-0.19738393,-8.993778,0.41056764,1.0,0.9990654,0.2421875,0.00420558,-13.952436,-13.962973,-3.1743274,188.19313,0.98482215,3.3113585e-05,1.4858865,-1.0340848,19.198254,0.9990635,0.21191406,0.004272051,-13.650587,-13.660753,-3.2516496,158.49008,0.91377044,7.088924e-05,41.751053,-0.1979182,-9.006914,0.41385168,1.0,0.9990139,0.18652344,0.004710318,-13.678197,-13.688079,-3.5699365,853.6764,1.5291818,2.5368203e-05,0.99901485,0.1796875,0.0047474615,-13.334557,-13.344047,-3.625558,591.03204,1.3613329,9.414605e-07,0.005813895845413208,13238.628803253174,385000
31.882523,-0.21679752,-9.006489,0.41374528,1.0,0.9990759,0.27929688,0.0041308124,-14.122656,-14.133388,-3.1440878,149.9802,1.0348539,2.3880588e-05,1.1945565,-2.766603,18.677868,0.9990711,0.25390625,0.004201431,-13.77552,-13.78584,-3.2185113,684.3246,1.525795,4.0043677e-05,39.818977,-0.24371007,-9.007776,0.41406715,1.0,0.999032,0.17871094,0.004700399,-13.81937,-13.82935,-3.6098516,1114.6858,1.73352,3.2297123e-07,0.9990339,0.18457031,0.0047315173,-13.466457,-13.476022,-3.6813502,86.501205,0.7344977,2.184041e-07,0.005819945287704468,13267.728531360626,390000
37.30751,-0.22149727,-8.979771,0.4070658,1.0,0.99906063,0.23730469,0.0043740533,-14.074297,-14.084773,-3.3569794,300.3696,1.190984,1.3419349e-05,0.97460663,-0.9274438,19.211166,0.9990635,0.21289062,0.0044114594,-13.580864,-13.590817,-3.3983855,76.87141,0.9188283,2.8937211e-05,39.5436,-0.25245762,-9.0520935,0.42514655,1.0,0.99901676,0.16699219,0.0047908295,-13.994157,-14.004207,-3.7120943,1689.2859,1.9547182,5.5139764e-09,0.99901676,0.15429688,0.0048296093,-13.54829,-13.557854,-3.7654178,208.42009,1.2464354,2.1808067e-07,0.005779822874069214,13296.627649068832,395000
32.008823,-0.25840127,-8.967803,0.40407372,1.0,0.9990654,0.25585938,0.0042421,-13.956647,-13.9671545,-3.206561,111.2453,1.2599056,2.3167857e-05,0.7798518,-0.78708434,15.79518,0.9990635,0.22265625,0.00428145,-13.683136,-13.693342,-3.2423508,70.75583,1.1292882,5.0937433e-05,37.088146,-0.30143896,-8.978339,0.4067077,1.0,0.9990263,0.21191406,0.004637638,-13.76388,-13.773872,-3.5418627,3792.2944,3.2411382,1.5852858e-06,0.9990244,0.18457031,0.0046825055,-13.335805,-13.345367,-3.55377,432.92758,1.7518649,2.7077947e-06,0.005726060390472412,13325.257956266403,400000
39.9879,-0.17058405,-9.037966,0.42161447,1.0,0.9990721,0.24511719,0.004210656,-13.972781,-13.983299,-3.2131853,199.19408,0.69333565,7.5468335e-05,1.7993447,-1.3091788,20.924898,0.99906254,0.22167969,0.0042817006,-13.645456,-13.655563,-3.307522,79.97304,0.7997956,0.00011223246,41.340954,-0.27470446,-9.001541,0.4125083,1.0,0.9990263,0.20019531,0.0046565323,-13.899281,-13.909333,-3.6152992,127.43564,0.6593449,2.164338e-06,0.9990158,0.16601562,0.004767942,-13.457894,-13.467418,-3.7151892,83.800156,0.58485234,3.8919075e-07,0.24632706847190858,14556.89330124855,405000
32.15107,-0.26833868,-8.976622,0.40627843,1.0,0.99907684,0.24023438,0.004257883,-14.149059,-14.159724,-3.2385864,257.89273,1.1180713,7.5451235e-06,1.0896947,-1.3656187,17.657764,0.99907684,0.22851562,0.0042862566,-13.764973,-13.775248,-3.2536614,170.47162,1.2118733,8.927448e-06,46.778034,-0.2542088,-9.00168,0.412543,1.0,0.99902725,0.17285156,0.004720929,-13.790363,-13.800263,-3.66223,663.2983,1.534735,3.0251597e-06,0.9990301,0.16210938,0.0047798613,-13.44869,-13.458223,-3.6975303,310.9718,1.3795309,4.299385e-06,0.02063107695579529,14660.048691749573,410000
33.927536,-0.19826923,-8.997336,0.41145706,1.0,0.999073,0.24902344,0.0042486815,-13.928127,-13.938622,-3.191547,577.201,1.568047,2.4757162e-05,1.6130098,-1.2209158,19.176403,0.99906445,0.23242188,0.004289521,-13.577949,-13.588045,-3.2485244,199.69489,1.4153446,5.363825e-05,52.25908,-0.239696,-8.985188,0.4084199,1.0,0.9990196,0.17871094,0.004732668,-13.930362,-13.940478,-3.5812073,1686.7875,2.3014166,1.984604e-07,0.9990158,0.16113281,0.0047715553,-13.601966,-13.611723,-3.619495,88.0696,0.8996388,2.482311e-06,0.016981255292892457,14744.954971790314,415000
38.79913,-0.21755457,-9.001164,0.41241398,1.0,0.9990692,0.24316406,0.004301729,-14.117949,-14.128546,-3.2770147,531.9819,1.3291714,1.5360677e-06,1.8195156,-2.2661955,22.40405,0.99906826,0.2265625,0.0043378165,-13.815657,-13.825897,-3.3387272,84.312874,0.69450605,7.5910702e-06,45.58538,-0.21469116,-9.042023,0.42262876,1.0,0.99903774,0.19335938,0.0046610218,-13.872908,-13.882969,-3.580137,4607.1104,4.5096264,1.9024718e-06,0.9990406,0.17285156,0.00470951,-13.553822,-13.56349,-3.663918,697.8074,1.5389147,1.0257947e-06,0.016987653064727784,14829.893240213394,420000
38.43921,-0.23451205,-8.994276,0.41069195,1.0,0.99906635,0.25585938,0.004232688,-14.298809,-14.309662,-3.1952243,339.7216,1.6744431,1.5134644e-05,1.45281,-2.0191038,23.22696,0.9990673,0.22753906,0.004302089,-13.907974,-13.918368,-3.27418,202.81447,1.0899106,2.0108246e-05,46.121815,-0.25735855,-8.990335,0.40970686,1.0,0.99901295,0.19726562,0.004727311,-13.966261,-13.97644,-3.5519464,2225.3157,2.7607028,8.709602e-07,0.9990158,0.1796875,0.0047862288,-13.5033245,-13.512987,-3.6183083,143.8375,1.1320438,4.9623713e-06,0.01698559308052063,14914.821209907532,425000
29.827318,-0.24456193,-9.011333,0.4149562,1.0,0.9990673,0.23828125,0.004215813,-14.120794,-14.131524,-3.1436658,591.39996,1.8323117,3.8337166e-06,2.5217772,-3.2483692,20.834766,0.9990692,0.23730469,0.0042541577,-13.870629,-13.881067,-3.191399,924.80566,2.413731,2.1630722e-05,41.30176,-0.28347048,-9.022057,0.417637,1.0,0.999033,0.19433594,0.0045779413,-13.842789,-13.852883,-3.5159936,926.7758,2.3760655,1.1612897e-06,0.99902725,0.17675781,0.0046877246,-13.553552,-13.563267,-3.6152792,527.4374,1.3402386,1.9944e-05,0.016979712104797363,14999.719773054123,430000
37.779793,-0.19866599,-9.022396,0.417722,1.0,0.99906254,0.24804688,0.004279244,-13.920326,-13.930758,-3.2477999,182.18147,0.9015057,7.75511e-06,3.553619,-6.146908,33.751328,0.9990568,0.21484375,0.004347859,-13.53405,-13.544036,-3.3195918,516.4812,1.3912911,1.7487596e-07,38.66629,-0.27545416,-9.061924,0.42760417,1.0,0.9990063,0.17382812,0.004730284,-13.818611,-13.828649,-3.5515156,517.8355,1.6509603,1.6144297e-06,0.99899864,0.16699219,0.0047551244,-13.414333,-13.42394,-3.5865688,392.0928,1.3699753,5.191578e-07,0.01698067226409912,15084.623136997223,435000
37.719894,-0.2470335,-8.998884,0.41184413,1.0,0.99907875,0.25585938,0.0042049023,-14.107223,-14.117882,-3.203673,186.26875,1.1277933,1.1557009e-05,1.2719941,-1.2255546,22.467249,0.9990759,0.23242188,0.0042727077,-13.76569,-13.775956,-3.263584,158.10466,1.075482,5.4386082e-06,39.02561,-0.2629653,-8.985266,0.4084392,1.0,0.99899197,0.17578125,0.004802453,-13.888691,-13.898783,-3.564147,1249.6062,2.179015,4.48442e-06,0.9989872,0.15820312,0.0048425086,-13.541201,-13.5509205,-3.5980942,390.30576,1.3988397,4.091e-06,0.016983738136291504,15169.54183125496,440000
45.299095,-0.21646613,-8.968295,0.40419677,1.0,0.9990721,0.25585938,0.0042339014,-14.078033,-14.0886755,-3.1916277,310.81082,1.2192969,3.3463235e-05,1.3094476,-2.0641966,27.0105,0.9990711,0.24316406,0.0042723734,-13.723025,-13.733284,-3.2289875,342.6325,1.6117365,1.9832917e-06,43.76947,-0.2674356,-8.975846,0.4060847,1.0,0.99904156,0.171875,0.0046727816,-13.903531,-13.913551,-3.6519728,265.34714,0.9880103,2.628827e-07,0.99903965,0.16992188,0.0047339685,-13.5328865,-13.542514,-3.6845782,493.6014,1.6980834,1.3047303e-05,0.015591723203659058,15247.500449419022,445000
39.243027,-0.23042919,-8.9942045,0.41067415,1.0,0.9990673,0.22949219,0.0043760296,-13.82524,-13.835474,-3.3551264,137.54605,0.76269686,7.152803e-06,1.2575606,-1.3537334,21.235878,0.99906063,0.21191406,0.0044418583,-13.5020685,-13.511915,-3.4291105,93.04067,0.5213516,1.1659288e-05,44.991783,-0.2692755,-9.0398245,0.42207894,1.0,0.99901104,0.20019531,0.0046650423,-13.858274,-13.868413,-3.4859583,3970.2368,5.219371,6.4219694e-06,0.9990139,0.19140625,0.004757497,-13.564991,-13.574764,-3.5675855,342.81326,2.0784767,1.3591887e-05,0.012985535240173339,15312.428127288818,450000
40.795452,-0.24941424,-8.96393,0.40310553,1.0,0.9990692,0.2548828,0.004249229,-14.216613,-14.227375,-3.206822,206.58803,1.2430409,2.2455808e-05,1.4424044,-1.8353641,23.66472,0.99906635,0.24414062,0.0043028183,-13.892424,-13.902833,-3.2434645,246.87888,1.1037478,9.6646545e-06,48.7043,-0.2595301,-9.054675,0.42579174,1.0,0.9990263,0.19238281,0.00466267,-13.92561,-13.935713,-3.5899189,251.59618,1.0653511,2.1045963e-07,0.9990225,0.17480469,0.0047414275,-13.6048565,-13.614569,-3.6682959,180.51968,0.89041805,4.32214e-06,0.012979624843597413,15377.326255083084,455000
45.250496,-0.18978351,-9.0064945,0.41374654,1.0,0.9990778,0.2734375,0.0041946396,-14.178766,-14.189535,-3.1630754,362.40094,1.3285587,2.4399085e-05,2.2173288,-1.2810111,25.27195,0.99907494,0.24609375,0.004288852,-13.773136,-13.783419,-3.2539377,140.74564,1.146491,2.3878903e-05,36.96102,-0.31029654,-9.032505,0.42024928,1.0,0.9990072,0.1953125,0.004793988,-13.925968,-13.936021,-3.641346,212.84137,1.1412117,1.1445303e-06,0.9990034,0.17773438,0.0048305523,-13.442,-13.451551,-3.671049,122.11836,1.0410764,4.894836e-07,0.012994818782806396,15442.300351142883,460000
38.4031,-0.21256681,-8.960932,0.40235603,1.0,0.99907017,0.25585938,0.0042154295,-14.211403,-14.222173,-3.1941123,313.81128,1.2201774,1.918829e-06,1.3314116,-1.6564876,22.414055,0.99906635,0.22070312,0.004306161,-13.863456,-13.873788,-3.293894,200.15285,1.1635405,6.5209856e-06,36.401398,-0.25697744,-8.985486,0.40849444,1.0,0.99901295,0.16894531,0.004807578,-13.665825,-13.6755085,-3.7587893,800.90924,1.1217567,4.6258e-06,0.99901485,0.14941406,0.004848631,-13.218622,-13.227795,-3.834929,51.287403,0.3953413,1.7880993e-05,0.012667685461044312,15505.638782262802,465000
32.07202,-0.24068274,-8.945017,0.3983771,1.0,0.99906254,0.26171875,0.004176788,-14.190251,-14.201017,-3.1763296,64.10305,0.67892486,4.4431704e-06,1.6884056,-0.95283264,17.811302,0.99905586,0.25878906,0.0042385748,-13.866237,-13.876648,-3.2153277,73.19461,0.68118626,6.5008176e-06,36.25495,-0.3077216,-9.019049,0.416885,1.0,0.999033,0.16699219,0.004825752,-13.85872,-13.868611,-3.7402732,318.5306,1.4281905,2.1815565e-06,0.99902916,0.15332031,0.0048697386,-13.495377,-13.504895,-3.7577748,430.67938,1.6043495,1.9409106e-06,0.008987169218063355,15550.574630022049,470000
40.325577,-0.21763119,-8.9726715,0.40529072,1.0,0.99907684,0.24121094,0.004258167,-14.196212,-14.206932,-3.2297108,181.73871,1.0213614,2.7058484e-06,1.3546253,-2.0993617,25.615925,0.9990759,0.2265625,0.004304655,-13.786194,-13.796456,-3.287576,98.37204,0.90463364,1.8486586e-05,43.985214,-0.2345709,-9.036069,0.42114013,1.0,0.9990425,0.21386719,0.0046019424,-13.998876,-14.009155,-3.4825816,511.70053,1.6568311,2.9139853e-06,0.99903965,0.18847656,0.004644298,-13.49131,-13.501045,-3.5310032,826.239,2.4619045,2.2208396e-05,0.008960989570617675,15595.379580974579,475000
37.47988,-0.23445855,-8.967858,0.40408754,1.0,0.99906445,0.234375,0.0043444633,-14.050051,-14.06051,-3.3503394,82.39257,0.7215103,6.1735805e-06,1.7163408,-2.2098417,21.481499,0.9990654,0.22070312,0.0043754578,-13.602795,-13.6128,-3.367477,93.80027,0.8331405,1.7064343e-05,38.090477,-0.29910356,-9.042191,0.42267054,1.0,0.9990339,0.20410156,0.004563382,-13.936501,-13.946713,-3.4874587,734.4512,1.7184548,6.758157e-06,0.9990339,0.19335938,0.004614719,-13.562242,-13.572086,-3.491746,195.25871,1.769556,2.3651255e-06,0.008880443286895752,15639.781799316406,480000
32.638973,-0.23129034,-8.998234,0.41168118,1.0,0.99906063,0.23730469,0.004333019,-14.121774,-14.132351,-3.301578,340.37292,1.1466975,3.3915665e-05,1.5714647,-1.8265134,22.043358,0.9990549,0.23144531,0.004360689,-13.879897,-13.890182,-3.3589234,218.70348,1.023334,2.3138578e-05,43.948376,-0.23969355,-9.031086,0.41989446,1.0,0.9990015,0.18164062,0.004758233,-13.918697,-13.928813,-3.5688233,924.0964,2.0769734,3.515182e-06,0.9990063,0.17773438,0.004750911,-13.588715,-13.598462,-3.6166673,739.1076,2.1103673,1.6145458e-07,0.005256158685684204,15666.062594413757,485000
33.62116,-0.21338037,-8.968397,0.40422222,1.0,0.999073,0.26757812,0.004251318,-14.358073,-14.368947,-3.2343202,240.62856,1.3358643,1.7844997e-05,0.8094188,-0.90400577,15.942557,0.9990673,0.22753906,0.0043219915,-13.953237,-13.963656,-3.2935734,122.863365,1.2877288,5.5890338e-05,31.548399,-0.3392968,-8.991877,0.4100922,1.0,0.9990349,0.17773438,0.0047100876,-13.913136,-13.923171,-3.6456873,347.25586,1.0435625,2.2357563e-06,0.99902916,0.16601562,0.004789272,-13.524586,-13.534211,-3.678258,642.8791,1.7321293,2.0525006e-06,0.005324305820465088,15692.684126377106,490000
31.645794,-0.23904996,-8.965552,0.40351087,1.0,0.9990711,0.23925781,0.0042628176,-14.263148,-14.273922,-3.2414956,415.34875,1.5657169,1.8241457e-05,0.9341679,-1.1393305,19.629452,0.99907017,0.23144531,0.004267261,-13.85565,-13.866007,-3.260362,153.0305,1.2155162,2.4212371e-05,42.520004,-0.22804779,-9.015257,0.4159372,1.0,0.99901867,0.17089844,0.0047367895,-13.931686,-13.94174,-3.645669,263.03287,1.3793994,5.426278e-06,0.99900913,0.15136719,0.0047854707,-13.546217,-13.555839,-3.7025843,236.5064,1.2238126,1.6718323e-05,0.00518788776397705,15718.62356710434,495000
32.26606,-0.20860413,-8.982482,0.40774345,1.0,0.99907684,0.2607422,0.004168071,-14.4066925,-14.417728,-3.1188045,122.62087,1.2202253,2.3975152e-05,1.520735,-1.5299081,18.138813,0.9990797,0.22753906,0.004236115,-14.1131115,-14.123784,-3.1956291,130.80103,1.3313994,1.0471371e-05,48.94982,-0.23672208,-9.058619,0.42677742,1.0,0.9990406,0.19628906,0.0047514727,-13.933962,-13.943947,-3.7187681,356.49573,1.0872666,2.0410647e-09,0.9990387,0.17480469,0.004816916,-13.610515,-13.620125,-3.7783265,199.80289,1.2772833,4.3418686e-09,0.005015726661682129,15743.702201843262,500000
34.243553,-0.21369827,-9.004765,0.41331416,1.0,0.9990692,0.2685547,0.004238349,-14.099026,-14.109675,-3.2055974,171.6705,0.8023958,1.130844e-05,0.88481814,-1.287687,18.7048,0.99906826,0.2421875,0.004279148,-13.751001,-13.761274,-3.241067,109.85948,0.8899293,1.634421e-05,41.460533,-0.2166267,-9.006037,0.4136321,1.0,0.99903774,0.19042969,0.0045985505,-13.964573,-13.974815,-3.4855967,2055.3599,2.1618009,1.9361205e-06,0.9990244,0.17089844,0.0046637375,-13.592292,-13.602143,-3.5157547,349.8191,1.6352156,2.367844e-05,0.21825233030319213,16834.963856458664,505000
35.92935,-0.21431185,-9.013031,0.41538098,1.0,0.9990864,0.27148438,0.0041717365,-14.503939,-14.51502,-3.1661377,160.76208,1.2074704,4.084172e-05,0.72810113,-0.84747946,17.55156,0.9990854,0.25390625,0.004210202,-14.192093,-14.202803,-3.2370524,107.39245,1.1126963,9.0425725e-05,41.680084,-0.23681849,-8.999085,0.4118942,1.0,0.9990368,0.203125,0.004663011,-13.993986,-14.004103,-3.6459665,848.3055,1.5788302,2.4798417e-09,0.99903774,0.18359375,0.0047420673,-13.632471,-13.642168,-3.7141383,143.9446,0.9362943,1.8397135e-07,0.020916784477233885,16939.547786712646,510000
35.881844,-0.18807264,-9.002201,0.41267312,1.0,0.99907017,0.23535156,0.00419443,-14.232981,-14.243801,-3.1635542,72.41649,0.7980468,1.33157955e-05,0.98690504,-1.118668,21.181236,0.9990673,0.22167969,0.0042690337,-13.822351,-13.832672,-3.2643516,154.2984,0.9250394,2.0720883e-05,40.254063,-0.2565687,-9.095354,0.43596137,1.0,0.9990244,0.19824219,0.004645724,-13.954454,-13.964657,-3.5170462,4029.6106,3.5279949,1.1474894e-05,0.99902534,0.17382812,0.004711291,-13.527106,-13.536814,-3.5961874,272.05994,1.9231243,6.104848e-07,0.020986370992660524,17044.479644536972,515000
34.81207,-0.2343263,-9.005362,0.41346347,1.0,0.9990711,0.26660156,0.004218075,-14.299198,-14.310074,-3.1739845,309.89978,1.7372324,2.716128e-06,2.4267325,-2.1833148,22.993961,0.9990711,0.24316406,0.004283259,-13.9179325,-13.928338,-3.2740345,153.00154,1.1173723,7.500657e-06,34.356457,-0.31288815,-9.011655,0.41503656,1.0,0.99901867,0.19433594,0.0046442384,-14.10598,-14.116363,-3.4852328,746.4765,1.7496998,8.450378e-10,0.9990139,0.17871094,0.004692038,-13.712924,-13.722883,-3.5247183,442.6915,2.2959318,1.5122466e-09,0.020998270082473756,17149.4710021019,520000
42.033096,-0.14767258,-9.000809,0.41232517,1.0,0.99907017,0.2529297,0.004218744,-14.130753,-14.141421,-3.2161849,178.56552,1.0827076,4.2532184e-07,1.7639031,-1.6959475,23.831905,0.99907494,0.23535156,0.0043024286,-13.7735,-13.783733,-3.3048213,232.65416,1.1591694,3.7190995e-05,44.152695,-0.25470793,-9.041038,0.42238235,1.0,0.9990282,0.18066406,0.0047870614,-14.007908,-14.017957,-3.7267528,1793.8883,1.50795,8.8355864e-07,0.99901867,0.16796875,0.004862949,-13.585681,-13.595241,-3.8068454,354.09222,1.0433407,2.4770234e-06,0.01928076024055481,17245.87480711937,525000
38.912235,-0.22288322,-9.016668,0.41629004,1.0,0.9990654,0.23535156,0.004253853,-14.240767,-14.251497,-3.2625537,439.2125,1.0147469,2.434782e-06,0.7976523,-1.1828417,22.342,0.99906254,0.20996094,0.0043317545,-13.984283,-13.994712,-3.3168886,259.48914,1.2307491,8.255898e-07,38.196655,-0.30740374,-9.057203,0.42642355,1.0,0.9990282,0.1953125,0.0046347813,-14.125002,-14.135365,-3.5240526,1333.3634,1.9133658,1.09791685e-07,0.99902153,0.19433594,0.004669428,-13.767377,-13.77734,-3.5756674,705.13995,2.1816351,4.5318366e-08,0.016971217584609986,17330.730897426605,530000
36.986687,-0.21855429,-9.034053,0.42063624,1.0,0.99907684,0.22460938,0.0042054383,-14.245532,-14.256374,-3.1546154,738.315,2.2773733,1.0402425e-05,1.4111238,-1.8321078,24.242765,0.9990711,0.22265625,0.004272922,-13.872195,-13.882605,-3.223156,141.95927,1.2827098,1.26740215e-05,52.73884,-0.20877191,-9.014003,0.4156237,1.0,0.99902725,0.19140625,0.0046824785,-13.951481,-13.96165,-3.5493288,2158.5208,4.074967,4.6885498e-07,0.9990196,0.18164062,0.0047140094,-13.557074,-13.5668,-3.6055613,371.8668,2.0080805,2.0381842e-07,0.01690355134010315,17415.248658657074,535000
37.438038,-0.20789829,-8.971151,0.40491098,1.0,0.9990692,0.26171875,0.0041799857,-14.106096,-14.116804,-3.1524773,486.65097,1.2058367,3.3875127e-05,0.59523815,-1.1000602,18.692812,0.9990673,0.22363281,0.004252976,-13.784616,-13.794919,-3.245037,116.45396,1.0482681,2.6844342e-05,51.125225,-0.21719003,-8.997805,0.41157416,1.0,0.9990244,0.17285156,0.0049102674,-13.73387,-13.743556,-3.8237844,350.9378,1.2415836,1.4237191e-09,0.99901867,0.14941406,0.00494738,-13.353504,-13.362746,-3.897479,69.59057,0.56512743,7.1965104e-08,0.016929586124420165,17499.896592617035,540000
35.37046,-0.20501727,-9.015061,0.4158882,1.0,0.9990673,0.24609375,0.004236904,-14.259597,-14.270427,-3.1817749,377.99295,1.6447175,8.4755724e-05,1.1769468,-1.1999289,19.591175,0.999073,0.23046875,0.004299736,-13.960726,-13.971197,-3.2485235,972.2286,2.0244384,1.5942529e-05,39.31347,-0.26121488,-9.026699,0.41879764,1.0,0.99900913,0.1953125,0.0047103884,-14.121981,-14.132337,-3.527596,1088.8143,3.2966866,3.0714045e-08,0.99900913,0.16601562,0.004773829,-13.713527,-13.723426,-3.586483,711.6002,2.5912573,4.6879018e-07,0.016914287567138673,17584.468035936356,545000
39.951283,-0.21622491,-8.978339,0.40670776,1.0,0.999073,0.2763672,0.0041232756,-14.403591,-14.414666,-3.0746732,330.8665,1.7191029,1.8111543e-06,1.6009849,-2.6588054,25.31738,0.99907017,0.234375,0.004159384,-14.126921,-14.137698,-3.1005917,344.83063,1.9015603,0.000120248005,38.935127,-0.27530468,-9.03285,0.42033562,1.0,0.9990425,0.18847656,0.004718118,-13.960606,-13.970713,-3.6213098,1057.5869,2.001561,9.973083e-07,0.9990368,0.16015625,0.0047789207,-13.635819,-13.645544,-3.6881022,307.7959,1.542783,5.5723217e-07,0.016910731506347657,17669.02169895172,550000
37.03702,-0.20403454,-8.994823,0.41082895,1.0,0.9990549,0.24121094,0.0042985505,-14.096262,-14.106782,-3.3334591,106.67872,0.53617346,2.945377e-05,0.98720247,-1.1716657,21.01595,0.99905396,0.21679688,0.0043314174,-13.69324,-13.703344,-3.3564377,84.294464,0.5248685,4.4485123e-06,40.472794,-0.23290825,-8.986807,0.40882492,1.0,0.9990425,0.203125,0.0045266706,-13.9810505,-13.99131,-3.4846067,478.0065,1.0603757,1.9417799e-07,0.999033,0.18945312,0.0045783794,-13.545095,-13.5548725,-3.5443912,490.28452,1.3089709,1.9169039e-07,0.016921920776367186,17753.631308317184,555000
40.430527,-0.17287308,-9.023756,0.41806215,1.0,0.9990711,0.25390625,0.0041798716,-14.203419,-14.214228,-3.1456413,160.1245,1.1889601,1.9125324e-05,2.1081195,-1.4089363,22.594604,0.9990692,0.25097656,0.0042604324,-13.885937,-13.896341,-3.2412453,502.6964,1.4232883,2.6176522e-05,39.00901,-0.21982364,-9.003937,0.4131071,1.0,0.99901676,0.17089844,0.0047431323,-13.904478,-13.914487,-3.6648967,707.17816,1.3451964,6.757167e-07,0.9990244,0.1640625,0.004746853,-13.572691,-13.5823,-3.7420497,207.7246,0.7265548,1.724124e-07,0.016925373220443726,17838.25817632675,560000
34.35174,-0.21401185,-8.966579,0.4037677,1.0,0.99905777,0.25390625,0.0043836487,-14.061066,-14.071492,-3.3938677,194.08122,0.8167916,2.4285969e-06,1.3054129,-2.0086882,21.030241,0.99905586,0.22070312,0.004415895,-13.658052,-13.668045,-3.4355915,265.7692,0.85900575,4.7514193e-05,41.052017,-0.2677641,-9.034836,0.4208318,1.0,0.9990406,0.1796875,0.0047361497,-13.892914,-13.9029,-3.6779063,1186.1176,2.3218226,3.486217e-08,0.99903965,0.16699219,0.004810238,-13.483754,-13.493267,-3.751419,338.79675,1.5389733,1.9733254e-07,0.01578150134086609,17917.165687561035,565000
32.816494,-0.21670103,-9.039347,0.42195958,1.0,0.99907875,0.24414062,0.0042392444,-14.337507,-14.348371,-3.224985,240.35654,1.2800462,3.257273e-05,1.157988,-0.9080227,16.325111,0.999074,0.22460938,0.0042767785,-13.959747,-13.970233,-3.2338367,149.90433,1.342288,1.180368e-05,45.667973,-0.2518986,-9.000277,0.412192,1.0,0.9990349,0.19726562,0.004591947,-13.922445,-13.932651,-3.4831357,232.2776,1.3905809,4.0086297e-06,0.9990282,0.18261719,0.0046436377,-13.494577,-13.504327,-3.5205157,275.78714,1.3784895,8.818839e-06,0.012062990617752076,17977.48064494133,570000
35.76921,-0.21727145,-9.031075,0.4198916,1.0,0.999074,0.26757812,0.0042442856,-14.295274,-14.306104,-3.2163944,151.77989,1.1406513,3.6946876e-06,1.182513,-0.91816103,20.668915,0.99906826,0.23339844,0.004308052,-13.908209,-13.918593,-3.285103,126.23218,0.9300412,5.9397757e-06,39.03141,-0.2530021,-9.014616,0.41577697,1.0,0.99903584,0.17382812,0.00476701,-13.86254,-13.872415,-3.760621,173.71571,0.9417552,1.6929682e-06,0.999033,0.15625,0.004813046,-13.54108,-13.5506,-3.8041244,309.4522,1.0592085,7.6364256e-07,0.00894929804801941,18022.227139234543,575000
31.52798,-0.22451653,-8.996516,0.4112521,1.0,0.9990635,0.25097656,0.004325314,-14.157911,-14.168511,-3.3145852,226.59804,1.1029043,5.423862e-06,1.0122411,-0.8273878,16.485245,0.99905586,0.22070312,0.0043575843,-13.795369,-13.805579,-3.35091,103.04101,0.9658069,5.33155e-06,41.08634,-0.2845646,-9.0302925,0.4196961,1.0,0.9990177,0.17480469,0.004741671,-14.078236,-14.088455,-3.6242137,682.6195,1.7985902,7.332311e-07,0.99902344,0.17089844,0.004807472,-13.714708,-13.724537,-3.6598358,887.2992,2.2570531,1.3298845e-06,0.007659908485412597,18060.526686429977,580000
32.674393,-0.22319007,-8.982517,0.40775242,1.0,0.9990721,0.27246094,0.0041774483,-14.428533,-14.439557,-3.1503034,281.2947,1.3963945,1.842936e-05,0.8555505,-1.1442983,15.798017,0.99907875,0.2529297,0.0042183287,-14.119933,-14.130625,-3.1822896,179.45102,1.2915639,3.7857146e-06,42.675087,-0.29404235,-9.021093,0.4173963,1.0,0.9990301,0.1796875,0.004680706,-14.120785,-14.131057,-3.6115384,715.6909,1.5327058,8.600861e-07,0.9990282,0.17089844,0.004752729,-13.68647,-13.6962805,-3.6486506,251.34317,1.1549599,1.6803239e-06,0.00536465106010437,18087.349943876266,585000
31.124117,-0.28620452,-8.975914,0.4061016,1.0,0.99908066,0.2626953,0.0041882475,-14.276145,-14.287027,-3.1434996,351.77786,1.3954201,3.0794731e-06,0.78209424,-1.5491936,16.533352,0.9990797,0.24316406,0.0042479755,-13.819723,-13.830096,-3.2087088,168.2351,1.5689564,1.8144936e-05,28.782923,-0.39877743,-9.009134,0.41440675,1.0,0.99901104,0.21191406,0.004694069,-14.053181,-14.063445,-3.552737,2180.4932,3.1617613,6.102203e-06,0.9990082,0.18066406,0.004752673,-13.569658,-13.57944,-3.5619025,488.3931,2.3179102,1.39284675e-05,0.005389984321594239,18114.299867153168,590000
35.117992,-0.21633847,-8.994499,0.4107477,1.0,0.99907494,0.24609375,0.004215185,-14.407265,-14.418207,-3.2129006,164.62059,0.85149693,3.9382084e-07,1.0435916,-1.0409957,18.149385,0.99907494,0.234375,0.00428707,-14.030554,-14.041052,-3.2908807,136.16586,0.94317496,9.528112e-06,34.380447,-0.29092115,-8.965603,0.40352386,1.0,0.9990301,0.203125,0.004627005,-14.024513,-14.034764,-3.5373318,2819.3499,2.8469853,5.4684925e-08,0.9990301,0.18652344,0.004676666,-13.587263,-13.5970335,-3.5923533,279.23996,1.6502683,2.0586197e-07,0.005360164976119995,18141.100695610046,595000
27.153755,-0.27509013,-9.002413,0.4127262,1.0,0.9990721,0.27441406,0.004141252,-14.203251,-14.214082,-3.1218212,320.26624,1.090106,3.6450429e-06,0.995342,-1.1652082,15.323438,0.99906445,0.2607422,0.004171733,-13.879299,-13.889804,-3.1333885,98.53466,0.99864024,4.699482e-05,43.01561,-0.25811285,-9.023966,0.41811448,1.0,0.99902725,0.18945312,0.004672475,-13.932551,-13.942616,-3.6352243,152.22319,0.6872383,8.088425e-06,0.99902153,0.17089844,0.0047206394,-13.524749,-13.534407,-3.644691,474.88904,1.8171935,3.3364242e-06,0.005277646112442016,18167.48893070221,600000
32.57894,-0.2329652,-9.005792,0.413571,1.0,0.99908257,0.2841797,0.0041315146,-14.445645,-14.456726,-3.1095068,689.633,1.7010624,1.7044062e-05,0.6653211,-0.81812364,17.330784,0.9990692,0.25585938,0.004198698,-14.029654,-14.040266,-3.173788,167.92517,1.1607436,3.0201081e-05,34.634026,-0.2583173,-9.015259,0.4159376,1.0,0.99903107,0.19628906,0.0046782126,-14.071133,-14.081355,-3.6131306,739.63324,1.4386601,3.748621e-08,0.9990263,0.16601562,0.0047477754,-13.698914,-13.708736,-3.650051,94.674355,0.92816484,8.722889e-08,0.2201761956214905,19268.369913578033,605000
44.434185,-0.18538834,-9.026375,0.41871646,1.0,0.99907875,0.27441406,0.004183783,-14.263897,-14.274813,-3.0958595,235.18388,1.4960115,1.1014432e-06,2.4160495,-1.543674,25.411572,0.9990759,0.2421875,0.0042476943,-13.898752,-13.90921,-3.1998754,133.08162,1.0774397,1.10100366e-07,41.766304,-0.25944752,-9.084912,0.43335104,1.0,0.9990263,0.1796875,0.0047676726,-13.890354,-13.90042,-3.5918765,774.997,2.1430702,6.8161785e-06,0.99902725,0.15820312,0.004818607,-13.410922,-13.420445,-3.6670616,706.1656,1.9425154,1.5709296e-06,0.020897876358032228,19372.85929942131,610000
42.301582,-0.18167427,-8.958343,0.40170854,1.0,0.99906826,0.24023438,0.0042668507,-14.338573,-14.349446,-3.2160068,387.07047,1.1381826,1.1755228e-05,2.189718,-1.2365088,25.488163,0.999074,0.22949219,0.0042906245,-13.966482,-13.976926,-3.281911,140.96634,0.92236245,1.8932187e-05,35.617805,-0.27348933,-9.037853,0.42158607,1.0,0.99903107,0.19238281,0.004664281,-13.943899,-13.954001,-3.608929,14960.872,9.652387,4.5239838e-07,0.99902725,0.16894531,0.0047495477,-13.54948,-13.559134,-3.6758704,314.2786,1.6393114,4.2607738e-07,0.02091556601524353,19477.43713283539,615000
36.97381,-0.20834458,-9.00598,0.41361788,1.0,0.9990654,0.29101562,0.004113829,-14.268049,-14.279024,-3.040268,627.34094,1.7961017,7.2234584e-06,1.1640587,-1.5058157,20.660255,0.9990635,0.26757812,0.0042062,-13.820644,-13.831079,-3.1457834,496.93152,2.0698729,4.1278647e-05,35.57706,-0.3030631,-9.057047,0.42638466,1.0,0.999032,0.20117188,0.0046454556,-14.190365,-14.200806,-3.5099168,4737.1733,4.8081045,8.0407506e-07,0.99902916,0.19140625,0.004707666,-13.709448,-13.719359,-3.5705519,2891.9424,6.1521187,2.4487185e-06,0.020890656614303588,19581.890419721603,620000
40.256096,-0.27060157,-9.002169,0.4126653,1.0,0.9990816,0.23925781,0.0042524887,-14.387977,-14.398876,-3.2377427,107.606346,0.9151714,4.587028e-06,1.1198809,-1.0719409,21.009064,0.9990778,0.22460938,0.0042924676,-14.062807,-14.073352,-3.2746248,221.06908,0.9552969,4.1670217e-05,40.590477,-0.28731287,-8.9837475,0.40805978,1.0,0.9989767,0.20214844,0.0047039846,-14.33817,-14.348775,-3.4879935,1231.9294,1.8363937,3.9017667e-07,0.99899197,0.18554688,0.0047640144,-13.942901,-13.953096,-3.5122972,220.23524,1.4539247,7.2791963e-06,0.020900991106033325,19686.3953769207,625000
40.257256,-0.2437154,-9.014985,0.41586912,1.0,0.999073,0.27734375,0.004216514,-14.397651,-14.408587,-3.2082672,112.740005,1.0235612,1.1921168e-06,1.3477025,-1.29428,21.522383,0.99907684,0.24511719,0.004265663,-13.952642,-13.963086,-3.267427,183.54636,1.1245751,3.6875397e-07,35.55723,-0.2954111,-9.02651,0.41875064,1.0,0.9990196,0.18554688,0.0047391667,-14.027175,-14.037325,-3.6439965,3782.091,3.4140425,1.5383252e-08,0.99901295,0.16894531,0.004815219,-13.591923,-13.601605,-3.6873245,161.97005,1.0203454,3.638045e-08,0.02088235731124878,19790.80716776848,630000
38.89559,-0.21775997,-9.020098,0.4171476,1.0,0.999074,0.2685547,0.004231761,-14.292786,-14.303613,-3.2179365,668.76843,1.2849216,1.6494625e-05,1.3719593,-1.145712,24.435104,0.9990711,0.24707031,0.004300583,-13.907761,-13.918116,-3.3146334,75.405106,0.68751657,2.9087838e-05,31.506847,-0.2788616,-9.032309,0.42020014,1.0,0.9990158,0.18554688,0.00472063,-14.060395,-14.070629,-3.5908782,339.28094,1.6449108,3.2937518e-07,0.99901485,0.15429688,0.004789252,-13.682688,-13.692491,-3.6542344,373.8604,1.6986271,1.1465777e-06,0.020902724981307984,19895.320796728134,635000
38.032997,-0.16766387,-9.004017,0.4131273,1.0,0.9990549,0.23730469,0.004290745,-14.321089,-14.331864,-3.2972753,282.641,1.0042224,1.1978867e-06,2.168181,-0.92385066,22.551094,0.9990616,0.2265625,0.004331545,-13.944811,-13.955137,-3.3799536,62.601982,0.6372453,9.4024915e-07,41.472336,-0.2340249,-9.015052,0.41588593,1.0,0.99902534,0.20996094,0.0045691635,-14.169476,-14.179936,-3.467782,1718.2668,2.5650966,5.1683774e-08,0.9990206,0.18164062,0.004651471,-13.7750435,-13.785059,-3.5299294,355.46182,1.8418818,4.5685326e-07,0.020911017179489136,19999.875884771347,640000
35.693604,-0.24503064,-8.9760275,0.4061297,1.0,0.999073,0.26367188,0.0041372897,-14.290199,-14.301134,-3.1038878,489.99844,1.682439,6.093294e-06,0.8795069,-2.296494,20.036232,0.999074,0.24804688,0.0042016543,-13.931314,-13.941826,-3.1773953,108.46723,1.3176203,1.0811576e-06,45.53207,-0.29409438,-9.016811,0.41632563,1.0,0.9990263,0.18847656,0.004650766,-13.96006,-13.970218,-3.5670743,2518.992,2.8736317,7.7772955e-07,0.9990263,0.17871094,0.0047289515,-13.541317,-13.550998,-3.638723,437.38525,1.7955112,1.0437478e-06,0.019907729291915893,20099.414534807205,645000
34.90385,-0.21354821,-9.021717,0.4175523,1.0,0.99907875,0.2607422,0.0041336664,-14.529879,-14.541077,-3.0753093,421.81815,1.93435,1.3366191e-05,0.863009,-1.6474115,18.905533,0.9990721,0.24609375,0.0041842265,-14.1908455,-14.2016535,-3.1329594,614.8561,2.514757,1.3399694e-05,46.438034,-0.24860685,-9.031514,0.42000145,1.0,0.99903774,0.18652344,0.0046704127,-14.112289,-14.122583,-3.5829792,153.84584,1.0906205,1.2625892e-06,0.9990282,0.17480469,0.004728237,-13.729057,-13.738926,-3.6335478,513.7687,1.3738751,8.704599e-06,0.016904332828521728,20183.936202049255,650000
30.702385,-0.22553873,-8.981264,0.40743917,1.0,0.9990692,0.2421875,0.0043197162,-14.297643,-14.308423,-3.269209,377.5876,1.0481431,2.0097575e-06,1.340296,-1.0516969,18.320065,0.9990721,0.23144531,0.004323068,-13.962337,-13.97279,-3.2673943,167.41237,1.2525611,2.0247642e-05,43.700043,-0.29837963,-8.985509,0.4085003,1.0,0.99902344,0.18359375,0.004743262,-14.061743,-14.071929,-3.641094,272.5644,0.896873,3.8393563e-07,0.9990244,0.16308594,0.0048036,-13.689253,-13.699023,-3.6934817,217.14342,1.0875137,2.4721523e-06,0.016441466999053956,20266.143542051315,655000
38.9469,-0.23510867,-8.961316,0.402452,1.0,0.9990692,0.23925781,0.0042897332,-14.314249,-14.325032,-3.2832868,462.43835,1.7146847,8.267563e-06,1.9658395,-3.4768324,27.176247,0.9990673,0.21484375,0.004342214,-13.938386,-13.948762,-3.324452,187.41225,1.496146,9.7232205e-06,49.62298,-0.2584594,-8.996678,0.41129267,1.0,0.99903774,0.19433594,0.0046888334,-13.87351,-13.883508,-3.64733,612.8612,1.6670238,1.212806e-06,0.99903584,0.1796875,0.004774036,-13.469551,-13.479089,-3.7126498,407.47195,1.5226837,1.4627294e-06,0.012927730512619019,20330.782199382782,660000
37.77701,-0.23034534,-8.996929,0.41135544,1.0,0.9990692,0.24609375,0.0041213124,-14.321854,-14.33286,-3.0619712,142.41814,1.2361538,4.995355e-05,1.0080999,-1.1367527,22.944363,0.9990635,0.24707031,0.0041586733,-14.039532,-14.050217,-3.1086192,191.5131,1.3193073,0.00010193264,43.098434,-0.24641821,-8.97638,0.40621805,1.0,0.9990225,0.20117188,0.0047772788,-13.873843,-13.883853,-3.6343691,1733.1799,3.792639,3.6695064e-10,0.9990263,0.15917969,0.0048401295,-13.618822,-13.628542,-3.6756282,698.47784,2.9719987,2.6591667e-06,0.012929423093795776,20395.42932200432,665000
33.069157,-0.2262157,-8.983031,0.40788084,1.0,0.999073,0.24609375,0.0042300676,-14.46983,-14.480867,-3.1771064,225.10304,1.6636736,8.3496e-07,0.8030189,-0.8339772,18.006872,0.99906826,0.23925781,0.0042500803,-14.159611,-14.170326,-3.197139,79.10094,1.2014573,9.396056e-05,37.735966,-0.2643094,-9.002599,0.4127725,1.0,0.9990349,0.19238281,0.00470322,-13.929024,-13.939095,-3.6259184,329.98904,1.2555093,2.7294968e-07,0.99902916,0.17089844,0.0047608404,-13.666517,-13.676301,-3.6581926,501.84427,1.7567753,1.2907845e-09,0.010540002059936524,20448.129336357117,670000
32.98505,-0.19700253,-8.939127,0.39690486,1.0,0.99906635,0.25976562,0.004269266,-14.209219,-14.219921,-3.26091,351.05716,0.8653612,7.5323696e-06,0.92009693,-1.2618015,18.931536,0.9990654,0.23339844,0.0043239435,-14.032095,-14.042555,-3.332635,976.4668,1.504405,7.716372e-06,46.10285,-0.28247213,-8.978783,0.40681878,1.0,0.9990301,0.20214844,0.0047564935,-13.956663,-13.966738,-3.6500897,3956.856,4.216511,2.9745814e-07,0.9990282,0.17578125,0.004806985,-13.679846,-13.68962,-3.6804643,1760.8563,5.278203,1.5434479e-08,0.00830247049331665,20489.64169049263,675000
35.11888,-0.21113274,-8.977087,0.40639463,1.0,0.9990587,0.23535156,0.004276543,-14.182883,-14.193609,-3.210485,175.58264,0.8339343,1.8605033e-05,1.6499536,-1.3188437,20.68497,0.999053,0.22167969,0.004317724,-13.9207325,-13.931181,-3.2317245,194.68575,1.0228975,5.567324e-05,42.040344,-0.251445,-8.999737,0.41205722,1.0,0.9990158,0.19335938,0.004780594,-13.960148,-13.970284,-3.5913568,1353.353,2.9866984,9.25822e-07,0.9990101,0.17675781,0.0048161303,-13.644302,-13.6540985,-3.6230226,1843.1262,5.6385617,4.343254e-06,0.004923996210098267,20514.261672973633,680000
31.458317,-0.24210215,-8.98536,0.40846312,1.0,0.9990616,0.24023438,0.0043267272,-14.279083,-14.289828,-3.2870932,103.345505,0.8577998,5.2466527e-05,1.179295,-0.83704704,16.418762,0.9990597,0.20507812,0.004344217,-13.940879,-13.951286,-3.294374,112.96531,0.7878283,1.6072563e-05,44.86056,-0.24505351,-9.018387,0.41671988,1.0,0.9990425,0.18457031,0.0047158636,-13.928177,-13.938176,-3.699986,342.28406,1.1434569,7.349754e-08,0.9990425,0.17382812,0.0047588283,-13.596781,-13.606416,-3.7397575,104.804405,0.7759365,1.8600046e-07,0.004884408044815064,20538.68371462822,685000
33.871216,-0.24124655,-9.009575,0.41451675,1.0,0.99907875,0.26953125,0.0042372174,-14.249312,-14.260125,-3.1880078,190.3888,1.3326061,2.344559e-06,1.5444725,-3.9358706,23.320614,0.99907017,0.23242188,0.0043011783,-13.887129,-13.897548,-3.2273617,826.576,1.9448657,2.0532348e-06,39.95263,-0.2836296,-9.023604,0.41802412,1.0,0.999033,0.19433594,0.004650126,-14.033806,-14.044057,-3.5460851,1553.245,2.5019436,1.5246657e-05,0.99903107,0.16992188,0.0047343085,-13.637674,-13.647475,-3.61188,967.53174,2.5906305,1.8859653e-05,0.004873317956924438,20563.050306081772,690000
31.836712,-0.26752546,-8.982066,0.40763956,1.0,0.99906254,0.27539062,0.0041928077,-14.401806,-14.412794,-3.1615393,400.30722,1.3612936,4.6054024e-06,1.5395757,-1.9505508,21.978546,0.9990692,0.24511719,0.004211592,-13.935326,-13.945842,-3.1768675,60.15137,0.98145944,7.1014285e-05,45.177475,-0.26206756,-8.974575,0.4057669,1.0,0.9990225,0.18359375,0.004642439,-14.123207,-14.133546,-3.54752,536.06274,1.0455157,3.191878e-07,0.99901867,0.17089844,0.004679887,-13.7497425,-13.75967,-3.5938327,217.33972,1.2133026,1.21814e-05,0.004883405542373658,20587.467337846756,695000
28.95762,-0.24255508,-9.0203705,0.4172155,1.0,0.99907684,0.25097656,0.00418619,-14.63062,-14.641868,-3.1233869,250.1449,1.3184332,5.355825e-07,1.8577559,-1.0371776,15.407541,0.99907494,0.24609375,0.004213099,-14.2252,-14.236023,-3.15366,153.75894,1.4425254,2.4499823e-06,49.453796,-0.16358875,-9.037803,0.4215738,1.0,0.9990387,0.18261719,0.004669515,-13.993145,-14.003291,-3.6129107,600.6012,1.2888484,3.6748665e-07,0.99903774,0.16796875,0.0047600134,-13.532627,-13.542216,-3.7227583,14488.437,16.516184,6.871646e-09,0.004884529829025269,20611.889988660812,700000
36.948742,-0.23574597,-8.986999,0.40887263,1.0,0.99907875,0.2578125,0.004178563,-14.51009,-14.521193,-3.1527038,156.42201,1.2716858,4.358445e-06,1.0003562,-1.4357009,18.639225,0.9990721,0.21582031,0.0042538345,-14.11249,-14.123117,-3.2397208,566.5872,1.4724698,2.604493e-06,40.372993,-0.20994112,-9.042164,0.42266393,1.0,0.99901485,0.20214844,0.004661924,-14.164007,-14.174409,-3.5239263,415.10287,0.8489293,2.576796e-07,0.9990015,0.17773438,0.0047841687,-13.845999,-13.856034,-3.5803287,1018.2608,2.4758694,1.8286124e-06,0.14119077458381654,21317.843866586685,705000
36.216545,-0.22356409,-8.975921,0.4061032,1.0,0.9990635,0.2421875,0.0042610047,-14.344069,-14.354974,-3.1870766,775.3064,1.6458304,1.7306252e-06,1.4776468,-0.93199384,18.022133,0.9990692,0.22363281,0.004304757,-14.015093,-14.025639,-3.2275689,146.89087,1.3542194,3.2069986e-06,44.954063,-0.2311464,-9.025251,0.41843563,1.0,0.99903107,0.18164062,0.0046407757,-13.862435,-13.872574,-3.4923487,1626.6813,2.4981954,8.108388e-06,0.99902534,0.17285156,0.0046741217,-13.506334,-13.516068,-3.54794,1226.2292,3.4336994,1.5661698e-06,0.021549106502532958,21425.58940553665,710000
41.17598,-0.22457081,-9.03129,0.41994542,1.0,0.9990711,0.25683594,0.0041778255,-14.514307,-14.525366,-3.2018938,241.86864,1.192876,1.3478746e-05,1.9313729,-1.4269773,24.440186,0.99907494,0.23828125,0.004249597,-14.088953,-14.09952,-3.2781515,431.31876,1.6004225,4.7379082e-05,36.713512,-0.28685102,-9.079657,0.43203694,1.0,0.9990063,0.18066406,0.004809019,-14.124575,-14.134822,-3.6417327,8025.6387,6.4158416,2.7931421e-06,0.9990063,0.16308594,0.004856254,-13.661628,-13.6714115,-3.6532204,741.8613,3.0466425,1.7819088e-06,0.020917950773239137,21530.179164648056,715000
37.263702,-0.19420981,-9.004894,0.4133466,1.0,0.9990673,0.24707031,0.0042307535,-14.332453,-14.343338,-3.196216,812.4917,1.6580176,2.9788118e-05,2.1326058,-1.2332692,21.358545,0.9990673,0.22265625,0.0042760847,-13.919849,-13.930287,-3.2425642,262.56558,1.3292432,1.8367053e-05,41.891655,-0.2527985,-9.05308,0.425393,1.0,0.9990263,0.20019531,0.0046778233,-14.052556,-14.062812,-3.5609143,840.97626,1.787775,1.6108831e-06,0.9990206,0.18359375,0.0047535296,-13.694791,-13.704598,-3.6611242,852.65857,3.0528927,1.817716e-06,0.02091094584465027,21634.73390007019,720000
32.771404,-0.24588579,-8.997208,0.411425,1.0,0.9990711,0.26171875,0.004209441,-14.3626585,-14.373563,-3.2077632,127.232666,0.9203423,1.810986e-05,1.2476494,-1.2163757,24.727638,0.9990673,0.2548828,0.004270666,-14.07989,-14.090479,-3.2480242,70.45706,0.85680866,2.3497669e-05,41.941742,-0.2709514,-9.031601,0.42002314,1.0,0.99902725,0.16308594,0.0047002435,-14.104135,-14.114373,-3.6303854,149.25848,0.8383819,4.2949205e-07,0.9990301,0.16308594,0.004745954,-13.854666,-13.864604,-3.6871688,697.17413,1.5313412,2.1235633e-06,0.020928269052505492,21739.375249624252,725000
38.78048,-0.20236102,-9.008757,0.41431192,1.0,0.999073,0.28125,0.004100386,-14.552879,-14.564096,-3.0791795,264.20544,1.1187601,2.5431655e-06,1.5993131,-1.1275849,23.289608,0.9990654,0.24707031,0.0041866777,-14.208641,-14.219419,-3.1830268,58.136833,0.77788025,8.355885e-05,39.423218,-0.23526524,-9.049384,0.42446902,1.0,0.999033,0.20214844,0.004712557,-14.099316,-14.109642,-3.5356143,2968.9102,4.107886,5.655754e-08,0.9990301,0.18847656,0.0047305985,-13.805105,-13.815076,-3.6039553,564.5985,1.7749374,4.911996e-06,0.02091097674369812,21843.93013572693,730000
31.103397,-0.24785866,-8.970772,0.40481588,1.0,0.99907494,0.24023438,0.004253025,-14.3974495,-14.408346,-3.2508407,144.7234,0.8470739,1.3289851e-05,0.9946289,-1.4423809,20.388762,0.9990692,0.2265625,0.004306353,-14.080372,-14.090899,-3.3105822,180.23465,0.8558035,3.0086478e-06,34.268257,-0.26927042,-9.013751,0.41556066,1.0,0.99903107,0.21484375,0.004577888,-14.025355,-14.03562,-3.5236223,461.9524,1.0475485,1.789097e-07,0.9990368,0.17871094,0.004619371,-13.633026,-13.642855,-3.577571,152.68086,0.6735821,2.8354978e-07,0.020920824146270754,21948.534262657166,735000
35.423134,-0.21267627,-9.005535,0.41350684,1.0,0.99907684,0.26953125,0.0042170263,-14.60178,-14.612937,-3.188035,266.8674,1.494986,2.5665263e-06,1.3217525,-2.192693,21.904076,0.9990759,0.25878906,0.0042163925,-14.245146,-14.255947,-3.1962647,199.43387,1.4050391,7.436636e-05,35.22549,-0.32382932,-9.030663,0.41978866,1.0,0.9990082,0.19042969,0.004789264,-14.026829,-14.036991,-3.6311433,598.1795,1.7277538,9.816512e-10,0.9989939,0.17773438,0.004807857,-13.59825,-13.607984,-3.6413512,226.45352,1.3258098,8.7628784e-08,0.020921426248550416,22053.141397953033,740000
35.82167,-0.22489692,-8.9630165,0.40287718,1.0,0.9990597,0.26660156,0.004213034,-14.268247,-14.279058,-3.2078242,140.98456,0.8579055,5.4993518e-05,1.556857,-1.6767349,22.975922,0.99906063,0.23535156,0.0042400546,-13.899566,-13.909994,-3.2313614,119.81659,0.9615813,9.243906e-06,41.683853,-0.26423198,-9.03312,0.420403,1.0,0.99903107,0.18164062,0.0046712537,-13.993494,-14.003651,-3.6030624,867.9265,1.4502288,1.7774078e-06,0.9990196,0.17480469,0.0047868867,-13.64351,-13.653266,-3.6630936,1357.0117,3.9928303,1.2559242e-06,0.02101936025619507,22158.23820376396,745000
33.156982,-0.25478005,-9.0108185,0.41482747,1.0,0.9990721,0.2734375,0.0042127953,-14.464707,-14.475728,-3.1905768,1217.3674,1.642024,4.8072034e-05,1.224068,-0.8995976,17.645908,0.9990711,0.23925781,0.004252812,-14.147042,-14.157727,-3.2154992,260.0644,1.481699,2.6509162e-05,42.30021,-0.2530109,-8.98587,0.40859038,1.0,0.99902725,0.20117188,0.0046442696,-14.278148,-14.288644,-3.5418568,2009.8262,2.9847665,2.0040654e-06,0.99902534,0.18066406,0.0047257934,-13.953051,-13.9631405,-3.6325762,164.12634,0.9487201,2.1277625e-05,0.021031514835357666,22263.39578104019,750000
38.242653,-0.21034002,-8.96929,0.4044453,1.0,0.9990721,0.24121094,0.0042369426,-14.471608,-14.482616,-3.2097511,307.57083,1.3662512,1.5247545e-05,1.5882174,-1.4875207,26.785383,0.9990673,0.21582031,0.004300633,-14.075476,-14.086035,-3.272785,449.5263,1.6006781,6.206817e-06,46.765884,-0.24848573,-9.009958,0.4146126,1.0,0.99903584,0.19042969,0.0046608727,-14.165039,-14.175356,-3.6102037,749.10474,1.7915004,3.6804747e-07,0.9990339,0.17675781,0.0047469838,-13.718405,-13.728221,-3.6767275,517.1981,2.175358,3.7867621e-06,0.02097234139442444,22368.25749015808,755000
37.529083,-0.22164842,-8.992012,0.41012582,1.0,0.99908257,0.2861328,0.004089957,-14.390678,-14.401774,-3.04033,470.7804,1.7078289,5.3127796e-06,1.054298,-1.4098171,23.499844,0.9990797,0.265625,0.0041412814,-14.09264,-14.103394,-3.0916855,217.90288,1.6508212,7.1697774e-05,38.721176,-0.27510428,-8.980417,0.4072273,1.0,0.99902725,0.18457031,0.0047024167,-13.897593,-13.907626,-3.6317115,908.04553,1.7703614,3.4773663e-07,0.9990263,0.17382812,0.0047719916,-13.592028,-13.601702,-3.6946466,421.3164,1.0842344,1.1029521e-05,0.020095952701568602,22468.737258911133,760000
36.157085,-0.18265715,-8.987913,0.4091011,1.0,0.99906826,0.24609375,0.0042854473,-14.313318,-14.324141,-3.242955,167.63611,1.1223335,2.6885118e-06,1.3660883,-1.9715779,21.572418,0.99907684,0.22753906,0.004328211,-13.891607,-13.901978,-3.282248,151.50165,1.0918224,1.6080037e-06,43.372997,-0.24606963,-8.9928665,0.41033944,1.0,0.99902534,0.19140625,0.004660203,-14.141035,-14.151341,-3.597826,952.39624,1.669204,3.2966432e-07,0.9990196,0.18066406,0.004736919,-13.713312,-13.723162,-3.6376042,915.8105,2.5599606,9.700339e-07,0.0169851779460907,22553.66315317154,765000
37.459343,-0.20414278,-8.979081,0.40689325,1.0,0.99908066,0.26464844,0.004193536,-14.447855,-14.458912,-3.1355913,406.77988,1.8762274,4.446841e-06,1.1708579,-1.5049611,22.859894,0.99907875,0.23339844,0.0042463997,-14.157177,-14.167896,-3.1909742,146.04675,1.5341119,4.424683e-06,38.877678,-0.22830664,-9.051169,0.4249152,1.0,0.99902534,0.18945312,0.004684885,-14.010273,-14.020512,-3.5361516,2615.669,4.5107627,5.1920565e-06,0.9990225,0.17285156,0.0047283946,-13.595299,-13.605058,-3.6118917,812.05206,3.1672735,1.996678e-05,0.016954919004440308,22638.437750577927,770000
39.27311,-0.16282013,-9.022968,0.41786522,1.0,0.99907017,0.24902344,0.0042255158,-14.45497,-14.4659815,-3.1912646,128.37126,0.9782853,6.3863263e-06,1.4287424,-1.4253017,22.747128,0.99906826,0.22558594,0.004254704,-14.175549,-14.186221,-3.2570438,58.258053,0.6719779,1.602637e-05,50.803062,-0.23589467,-9.006773,0.41381606,1.0,0.99903774,0.21386719,0.0045629437,-14.175459,-14.185913,-3.4798446,361.78387,1.0499237,2.6351663e-06,0.99902725,0.20214844,0.004654311,-13.744457,-13.754383,-3.5896497,269.17114,1.030161,6.6307894e-07,0.016970160818099975,22723.288558244705,775000
43.45035,-0.1734318,-8.942278,0.3976925,1.0,0.99907494,0.24707031,0.0041751163,-14.467464,-14.478536,-3.14113,123.756386,0.91282475,8.582553e-06,0.95732343,-2.1295369,23.469572,0.9990673,0.23046875,0.0042576324,-14.068052,-14.078625,-3.2508836,173.73096,1.1322875,4.3246014e-06,38.61393,-0.31366256,-9.041512,0.4225008,1.0,0.99900055,0.17382812,0.0048240284,-14.135077,-14.145392,-3.5831833,807.36255,3.7143161,1.933318e-06,0.99900436,0.17480469,0.0048482777,-13.7692795,-13.779186,-3.6337428,435.3737,2.5013814,1.1864265e-06,0.016980152177810667,22808.18932199478,780000
39.15732,-0.23788068,-8.96947,0.4044905,1.0,0.99907017,0.25097656,0.0042141713,-14.551424,-14.56249,-3.2318156,223.63156,0.80752456,5.8461546e-06,1.3917736,-1.0248199,24.393673,0.999074,0.22949219,0.0042583602,-14.078943,-14.089523,-3.2551088,118.44496,0.7126342,2.3263325e-05,43.056976,-0.24234094,-9.037759,0.4215625,1.0,0.99903584,0.20410156,0.0045878324,-14.19614,-14.206579,-3.5174298,409.0699,1.4984608,5.4512734e-06,0.9990349,0.18457031,0.004630829,-13.731119,-13.741015,-3.607377,713.1931,1.7681476,1.5903935e-06,0.01593021879196167,22887.840420007706,785000
38.637756,-0.22051945,-9.000723,0.4123038,1.0,0.99907017,0.27148438,0.00418537,-14.543987,-14.555146,-3.1288874,440.96033,1.437182,1.3609371e-05,1.1036817,-1.3796563,22.3703,0.9990711,0.24511719,0.004225004,-14.157751,-14.1685,-3.1616428,78.6342,1.2119405,6.546799e-05,40.00438,-0.25783277,-9.026196,0.4186717,1.0,0.999033,0.19140625,0.0045798123,-14.246598,-14.257144,-3.4586644,1422.0114,2.0571685,1.7100175e-06,0.999032,0.17871094,0.0046533393,-13.805659,-13.815705,-3.5288932,913.99347,2.0895789,2.5600775e-06,0.011931892156600952,22947.499886512756,790000
40.273746,-0.15182705,-9.012156,0.41516185,1.0,0.9990711,0.24609375,0.004182935,-14.525746,-14.536842,-3.1750886,558.41315,1.285294,2.5129315e-05,1.0513977,-2.3731458,25.49341,0.99906635,0.22558594,0.004255926,-14.13059,-14.141196,-3.280532,211.85472,0.94883513,5.3305463e-05,46.545918,-0.2075737,-8.996528,0.4112548,1.0,0.99901867,0.20507812,0.004733419,-14.162106,-14.172435,-3.5958233,221.00426,1.2759447,3.5403693e-07,0.9990101,0.20019531,0.0047658216,-13.818224,-13.8281555,-3.658089,590.39606,1.8623611,1.0267902e-06,0.008962864637374878,22992.314212083817,795000
33.33336,-0.24135026,-8.964798,0.4033226,1.0,0.9990835,0.2861328,0.0040474883,-14.57239,-14.583734,-2.9689116,153.6493,1.4846159,1.4271968e-05,0.76890934,-1.5921214,17.299896,0.999073,0.2705078,0.0040920917,-14.208445,-14.219425,-2.9746275,268.72357,1.6621603,5.4629912e-05,43.917725,-0.28927636,-9.01182,0.41507792,1.0,0.99902725,0.18554688,0.0047415253,-14.200434,-14.210799,-3.5965352,261.40842,1.6777811,1.086231e-06,0.99902534,0.16992188,0.0047661653,-13.787527,-13.797481,-3.6052368,797.86896,2.8133373,4.719162e-05,0.007665898942947388,23030.64371061325,800000
38.607063,-0.18295999,-9.008558,0.4142625,1.0,0.9990673,0.23925781,0.0043122396,-14.410366,-14.421282,-3.2438588,86.7987,0.7940991,6.4074707e-06,1.3814158,-1.7087731,22.962906,0.9990635,0.21777344,0.0043794187,-13.991799,-14.002209,-3.3421087,140.39046,0.78315556,3.8552513e-05,42.367043,-0.25002944,-8.987778,0.40906733,1.0,0.9990196,0.1640625,0.004706371,-14.205966,-14.216383,-3.550051,1880.1401,3.6077561,3.7363895e-06,0.99903107,0.16796875,0.0047059148,-13.813543,-13.823533,-3.5945234,515.8703,1.9014548,1.2362041e-06,0.10710085940361024,23566.148010253906,805000
33.10495,-0.17608398,-8.969148,0.40440992,1.0,0.99905014,0.23144531,0.0043334505,-14.280292,-14.290989,-3.3375583,266.65167,0.91991323,3.551512e-05,1.5772781,-1.0509104,17.540594,0.999053,0.20996094,0.0043810504,-13.930753,-13.941044,-3.403304,79.47701,0.77558124,4.9980423e-05,45.897903,-0.23517177,-9.022091,0.41764575,1.0,0.99903965,0.19042969,0.0046554375,-14.095799,-14.1060915,-3.5680492,583.397,2.1824589,6.0531333e-06,0.9990349,0.18261719,0.004689376,-13.689672,-13.699535,-3.5994265,545.51154,2.3301451,8.578233e-06,0.0210400719165802,23671.348373413086,810000
39.9553,-0.14054725,-8.992973,0.41036624,1.0,0.99907875,0.25976562,0.0041363006,-14.659194,-14.670468,-3.1255984,474.45447,1.228647,2.9169205e-05,2.025988,-1.9310974,25.487144,0.9990711,0.23828125,0.0042307954,-14.3114395,-14.322266,-3.2355423,196.51736,1.0061998,4.071341e-08,39.57586,-0.21219479,-9.009434,0.41448152,1.0,0.9990349,0.20214844,0.0046260525,-14.185234,-14.195623,-3.5575526,1773.4987,2.2452168,7.704717e-06,0.9990339,0.18945312,0.0046962816,-13.806519,-13.816448,-3.6490426,227.14534,1.1141256,6.644504e-06,0.021005481815338133,23776.375785589218,815000
33.74643,-0.21373656,-8.991893,0.41009623,1.0,0.9990778,0.23925781,0.0042060474,-14.466919,-14.477924,-3.208738,1346.4437,2.3830497,5.3087413e-05,1.5075827,-1.3907497,24.008179,0.99907017,0.2421875,0.0042678653,-14.040134,-14.050652,-3.282289,204.86154,1.4114987,4.47153e-05,38.019146,-0.29231927,-9.025682,0.41854373,1.0,0.9990368,0.1953125,0.004613326,-14.103846,-14.114173,-3.5400002,677.5579,2.1075387,3.8301765e-11,0.99903107,0.18261719,0.004659621,-13.682566,-13.692458,-3.5609791,4383.701,8.285806,1.0197269e-08,0.021033642053604126,23881.543998479843,820000
31.565979,-0.24376014,-8.974638,0.40578234,1.0,0.9990797,0.25683594,0.0041437917,-14.498161,-14.509351,-3.051953,345.157,1.5365083,3.3871625e-06,1.0862747,-1.1954432,20.00187,0.99907494,0.25097656,0.004188996,-14.265821,-14.276755,-3.0793726,299.3387,1.4653183,5.869727e-05,50.3587,-0.24241057,-9.048802,0.42432338,1.0,0.9990406,0.20996094,0.0045707775,-14.044023,-14.05436,-3.4689267,3277.1875,2.8557904,1.3972651e-05,0.9990339,0.18945312,0.004641852,-13.678803,-13.688722,-3.5316985,160.36014,0.83719987,1.4486678e-06,0.021043255853652954,23986.76028251648,825000
39.869995,-0.22594462,-8.998515,0.41175193,1.0,0.999053,0.24511719,0.0042801797,-14.159661,-14.170347,-3.2279468,362.90295,1.1971226,5.631969e-06,1.6450847,-1.0776129,23.307957,0.9990511,0.23925781,0.0043398375,-13.745141,-13.755362,-3.2890897,300.00116,1.1076366,1.6427044e-05,42.07524,-0.22708791,-9.056451,0.42623562,1.0,0.9990177,0.1953125,0.004649664,-14.125639,-14.136081,-3.4419403,1028.6207,3.3069608,7.3606503e-07,0.99901485,0.16699219,0.004722571,-13.698813,-13.708758,-3.5259361,413.62097,1.8430732,5.978101e-08,0.02104841775894165,24092.00237417221,830000
38.35347,-0.16597861,-8.99797,0.4116153,1.0,0.99907017,0.2626953,0.004219507,-14.59435,-14.605465,-3.2231853,208.58942,1.1887858,9.141963e-06,2.1735606,-1.5045532,23.714203,0.9990616,0.23828125,0.004246061,-14.226084,-14.236784,-3.2796032,118.61367,1.1172647,1.0939129e-05,43.17196,-0.25204974,-9.034525,0.42075402,1.0,0.9990339,0.17675781,0.0047640214,-14.041927,-14.0520315,-3.7069063,646.36664,1.9980145,1.2495611e-06,0.99903584,0.16503906,0.004788709,-13.615285,-13.624946,-3.7330384,238.38577,1.5670788,1.690686e-07,0.021048351192474366,24197.244136095047,835000
41.538383,-0.2288261,-8.995504,0.41099897,1.0,0.9990711,0.26757812,0.0041454798,-14.650916,-14.662167,-3.1419568,179.01881,1.253282,1.51591e-05,2.3320794,-1.8910961,24.941029,0.9990692,0.25878906,0.004201119,-14.29752,-14.30837,-3.1982913,154.98322,1.0752031,3.0504862e-06,45.27481,-0.23915982,-9.017067,0.41638982,1.0,0.9990339,0.1875,0.004674746,-14.180929,-14.191235,-3.6393855,842.86426,1.9413655,3.7192042e-06,0.9990349,0.16699219,0.0047343466,-13.796145,-13.805982,-3.7320888,128.57239,0.75125414,1.5639698e-08,0.021061026573181152,24302.54927134514,840000
26.946846,-0.24002278,-9.012123,0.4151538,1.0,0.99906826,0.27734375,0.0041410197,-14.501449,-14.512593,-3.1005464,112.388695,1.0009882,1.2111654e-05,1.2068869,-0.7129137,15.205292,0.9990597,0.25976562,0.004174566,-14.058983,-14.069652,-3.1441984,69.015465,0.9516994,3.4176253e-05,42.773335,-0.267402,-8.995638,0.41103226,1.0,0.99902916,0.17578125,0.004689126,-14.071596,-14.081821,-3.61155,390.1865,1.0655507,3.1191874e-09,0.9990225,0.17480469,0.0047777696,-13.652201,-13.661953,-3.675892,362.9722,1.4582293,1.04664494e-07,0.021042179918289185,24407.76017642021,845000
33.86923,-0.22960111,-9.032155,0.42016166,1.0,0.9990616,0.26953125,0.0042440635,-14.210579,-14.22133,-3.2130752,191.59943,1.0232081,2.5453369e-06,1.6457896,-1.3605409,18.135838,0.99906063,0.23046875,0.0043332204,-13.891358,-13.901717,-3.2933605,721.8388,1.7766769,4.911113e-07,44.071358,-0.20655115,-9.057869,0.42659009,1.0,0.9990225,0.20605469,0.004655078,-14.045462,-14.055785,-3.4842286,4583.4233,4.1453104,2.8643603e-06,0.99902153,0.16796875,0.0047439267,-13.705666,-13.715566,-3.5797353,3523.969,5.7214932,4.349976e-07,0.020999457025527954,24512.757464408875,850000
34.40995,-0.26047173,-9.013258,0.41543746,1.0,0.9990568,0.22753906,0.004304613,-14.382786,-14.393623,-3.2954338,160.29462,0.87517965,1.6804785e-05,1.520887,-1.8233682,25.053898,0.99905586,0.21875,0.004382668,-14.063719,-14.074169,-3.372582,244.477,1.153183,5.9529148e-06,44.339,-0.25184625,-9.018763,0.41681337,1.0,0.9990082,0.19335938,0.004768531,-14.171509,-14.181847,-3.5956917,453.8035,1.4844307,1.0341546e-08,0.999012,0.18652344,0.0047849095,-13.808868,-13.8188095,-3.639014,1182.3771,2.332849,8.6185395e-07,0.02098457179069519,24617.680326461792,855000
31.343681,-0.22489953,-8.987328,0.40895495,1.0,0.9990778,0.26660156,0.004120798,-14.490637,-14.50182,-3.0508134,225.1112,1.63707,2.4729625e-05,1.5405041,-3.4055529,25.495712,0.99907017,0.24902344,0.0042029917,-14.130241,-14.140988,-3.1363811,139.94885,1.3854684,2.4218583e-05,43.519737,-0.21603133,-9.034038,0.4206322,1.0,0.9990206,0.20019531,0.004710253,-14.019314,-14.029475,-3.6245184,2069.3835,2.151795,8.136335e-08,0.99902725,0.17871094,0.004740813,-13.662624,-13.672381,-3.682209,175.8335,0.7088595,1.4840455e-07,0.021017808723449705,24722.769381523132,860000
30.6852,-0.23035805,-8.97855,0.40676028,1.0,0.99907017,0.2626953,0.004253857,-14.541614,-14.55267,-3.2322094,215.24217,0.9963927,1.14785e-06,1.4038055,-1.1667571,18.999609,0.9990721,0.24316406,0.0043041436,-14.098001,-14.108579,-3.276118,701.13837,1.4157945,6.541662e-05,46.540756,-0.22817996,-8.988438,0.40923256,1.0,0.9990368,0.19042969,0.004661064,-14.090126,-14.100339,-3.642127,128.58821,0.6269164,5.493386e-07,0.99902916,0.1640625,0.004717244,-13.702177,-13.711946,-3.7098458,33.474834,0.3407284,1.3237021e-06,0.0210143479347229,24827.84112405777,865000
36.89465,-0.2528508,-8.983103,0.40789878,1.0,0.99908924,0.25878906,0.004225387,-14.611075,-14.622221,-3.207882,198.57774,1.1467891,5.5210253e-06,1.4522226,-1.9840758,25.792389,0.99908257,0.24121094,0.004256105,-14.267766,-14.278526,-3.2597399,410.00977,1.4573255,5.3480064e-05,47.014423,-0.26662776,-9.052193,0.42517096,1.0,0.9989977,0.17285156,0.0048449757,-14.211838,-14.2221155,-3.696193,1031.9674,1.6898036,2.5755335e-07,0.9989948,0.15234375,0.0049088984,-13.7449255,-13.75469,-3.756206,1624.981,2.5996592,3.6207473e-07,0.02104003105163574,24933.041283607483,870000
34.455177,-0.23835734,-9.032832,0.4203312,1.0,0.99907875,0.25585938,0.004140687,-14.584453,-14.595714,-3.0643375,1205.9854,1.9421158,3.1442798e-06,1.5597756,-1.2917405,21.993053,0.9990759,0.23339844,0.0042069126,-14.176708,-14.187485,-3.1513083,191.15474,1.5257826,2.865198e-05,44.8731,-0.22736767,-9.029825,0.41957912,1.0,0.9990177,0.20410156,0.004651164,-14.148801,-14.159239,-3.4697263,5148.7476,4.3127084,2.4410429e-06,0.9990301,0.1953125,0.00468049,-13.784001,-13.794018,-3.537498,2692.6755,4.3969994,1.1501627e-05,0.021071977233886718,25038.40117239952,875000
46.02661,-0.15356746,-9.012302,0.41519842,1.0,0.9990778,0.2890625,0.004146525,-14.695242,-14.706532,-3.145814,239.24873,1.080575,1.3077524e-05,1.491696,-2.1201282,26.349472,0.9990692,0.24902344,0.004226451,-14.343185,-14.354043,-3.2361598,119.46226,1.0223432,3.0561964e-06,40.760628,-0.248612,-8.998283,0.41169393,1.0,0.99902916,0.21777344,0.0045911083,-14.225675,-14.236163,-3.495801,6487.3223,4.658436,3.348861e-07,0.9990244,0.20410156,0.0046351524,-13.892795,-13.902913,-3.5417938,287.3457,1.0413883,3.5081442e-07,0.021065490674972535,25143.728628873825,880000
30.479033,-0.21450154,-9.005725,0.4135542,1.0,0.99907017,0.2626953,0.004237521,-14.430403,-14.441345,-3.2362552,1813.9689,1.7630163,1.7562725e-05,1.3414648,-0.98828405,18.086348,0.99906254,0.22851562,0.00430141,-14.136316,-14.146891,-3.3199348,73.67577,0.7544384,5.9521462e-05,42.86351,-0.23994462,-9.00037,0.41221553,1.0,0.999032,0.18847656,0.0046236953,-14.133456,-14.143777,-3.5748973,427.78897,1.3730952,3.3013845e-07,0.9990387,0.17675781,0.0046762833,-13.82212,-13.832083,-3.6292262,561.04016,1.4947863,9.871785e-07,0.021069356298446654,25249.075412988663,885000
35.208782,-0.18998292,-8.97814,0.40665793,1.0,0.999073,0.30078125,0.004060424,-14.504276,-14.515504,-3.0189888,140.34882,1.2274122,1.040051e-05,1.0954134,-0.8283054,20.103828,0.99906635,0.2685547,0.0041429847,-14.245804,-14.256698,-3.1017823,260.54153,1.367834,1.0911332e-05,39.16752,-0.29758304,-9.066843,0.42883375,1.0,0.9990072,0.17578125,0.004649285,-14.243025,-14.253547,-3.4790401,560.7048,1.5688897,2.542462e-06,0.9990139,0.17089844,0.0046876697,-13.895859,-13.906029,-3.4914894,9871.12,11.786423,1.455304e-05,0.021107469844818115,25354.612766981125,890000
40.353096,-0.1952146,-8.985247,0.40843466,1.0,0.9990721,0.2734375,0.004147684,-14.625795,-14.637037,-3.1253939,115.395836,1.2272578,9.638128e-06,1.5719899,-1.8529696,26.137753,0.9990711,0.24804688,0.004205812,-14.251745,-14.262564,-3.185166,177.51215,1.0919498,5.0848926e-06,42.122677,-0.24437883,-8.993,0.41037294,1.0,0.9990492,0.18847656,0.0046627764,-14.086475,-14.096709,-3.616218,1277.8729,2.759253,3.7871807e-06,0.9990425,0.18164062,0.0046874178,-13.58244,-13.592165,-3.6339564,1367.9114,2.4395146,2.5197227e-05,0.01714094891548157,25440.31751513481,895000
30.394327,-0.24400978,-8.981855,0.40758663,1.0,0.9990587,0.24804688,0.0042387424,-14.377272,-14.388167,-3.2313569,330.2371,1.149508,1.6045242e-05,0.8199474,-1.146332,16.323532,0.99906826,0.22363281,0.0042805383,-14.107342,-14.11793,-3.2751813,103.661964,0.8201837,1.6624375e-05,45.70241,-0.24662948,-9.017463,0.41648847,1.0,0.99901867,0.17382812,0.004715506,-14.163551,-14.173853,-3.6243458,1598.667,3.3511415,5.651152e-07,0.9990196,0.17480469,0.004755882,-13.805048,-13.814961,-3.6647387,135.46933,1.2789315,4.4478483e-07,0.010819648504257201,25494.415762901306,900000
34.475792,-0.2440084,-8.972147,0.40515974,1.0,0.9990778,0.27539062,0.0042050276,-14.559632,-14.570789,-3.1462398,181.26927,1.3303688,1.93334e-06,2.4612918,-1.003046,24.001358,0.9990721,0.25097656,0.004233242,-14.209988,-14.220774,-3.1766405,271.43185,1.5381911,4.464978e-06,45.17301,-0.20399834,-9.025485,0.41849428,1.0,0.999033,0.19042969,0.004734846,-14.001759,-14.0119,-3.6264966,2437.8914,3.2366753,4.893137e-07,0.99902916,0.18261719,0.004773141,-13.650856,-13.660583,-3.6991997,221.3979,1.611639,2.7038775e-06,0.12767061252593995,26132.76883149147,905000
28.889336,-0.2837332,-8.950818,0.39982748,1.0,0.9990759,0.26464844,0.004126157,-14.468862,-14.480017,-3.0576804,334.44336,1.5787694,3.8687092e-05,0.7812768,-0.5783325,15.68051,0.9990778,0.23730469,0.0041920417,-14.106814,-14.11756,-3.1128683,570.04895,2.3698757,2.5534662e-05,39.516403,-0.2677576,-8.971023,0.40487868,1.0,0.9990072,0.19726562,0.0047737053,-14.103352,-14.113582,-3.6366112,810.1021,1.6891296,2.7986226e-07,0.9990301,0.17382812,0.0048034806,-13.700418,-13.710199,-3.6949883,2606.2913,3.9577394,9.4516685e-07,0.01992007179260254,26232.36919426918,910000
29.643135,-0.23390214,-8.970318,0.40470254,1.0,0.9990883,0.30859375,0.004018212,-14.815865,-14.827457,-2.9559884,184.69823,1.1904552,7.157802e-05,1.2529548,-1.4257185,19.578957,0.9990845,0.26367188,0.00407413,-14.391328,-14.402439,-3.024189,243.08649,1.576052,8.347857e-05,33.044777,-0.27400705,-9.033884,0.42059383,1.0,0.9990206,0.19726562,0.0047015217,-14.008099,-14.018247,-3.627642,646.9636,1.07562,3.5759872e-06,0.9990072,0.171875,0.004786309,-13.556622,-13.566262,-3.6945379,300.4789,0.994535,1.2076182e-06,0.021037328147888185,26337.5558385849,915000
42.025772,-0.18768072,-9.018203,0.4166736,1.0,0.99906826,0.2578125,0.004243279,-14.594585,-14.6057205,-3.202878,398.63937,1.2650506,6.1288447e-06,1.1498314,-1.7175875,26.1791,0.9990673,0.23339844,0.004281097,-14.241161,-14.25189,-3.265876,81.666725,1.0770922,0.00010394378,39.421516,-0.25427336,-9.009394,0.4144714,1.0,0.9990263,0.23828125,0.004612191,-14.251984,-14.26253,-3.4629843,751.2772,1.8657961,7.681199e-09,0.9990339,0.2109375,0.004639769,-13.810097,-13.820152,-3.5220208,220.75694,1.2578285,5.31299e-07,0.02103888111114502,26442.750247478485,920000
36.167366,-0.19408132,-8.982153,0.40766108,1.0,0.99907875,0.25097656,0.0042004646,-14.74425,-14.75559,-3.1427555,450.46182,1.2667923,4.3003798e-05,3.1862469,-4.22258,32.03289,0.999074,0.23925781,0.004231571,-14.396906,-14.407852,-3.1993647,332.1529,1.5242289,8.378312e-06,39.683876,-0.24371567,-9.040747,0.42230952,1.0,0.9990387,0.20410156,0.0046506636,-14.144304,-14.154641,-3.568929,3193.6208,2.555865,2.935472e-07,0.99902916,0.18652344,0.0047357627,-13.701715,-13.711527,-3.6657724,1458.7102,3.978221,3.9309234e-06,0.021052712869644163,26548.01381611824,925000
38.668633,-0.21689229,-8.96965,0.40453556,1.0,0.99907494,0.26757812,0.0041708304,-14.558308,-14.56947,-3.137844,486.93414,1.8311542,1.3874033e-05,1.4184414,-1.3312216,23.367271,0.999073,0.24707031,0.0042196005,-14.232492,-14.243294,-3.1829352,79.83378,1.1783777,1.3427619e-05,50.391624,-0.22383355,-8.98333,0.40795538,1.0,0.9990225,0.21289062,0.00455899,-14.26458,-14.27516,-3.4419622,1131.1797,2.1031895,1.5372915e-06,0.99901676,0.20117188,0.0046232524,-13.886747,-13.896914,-3.4851196,3292.8425,5.7549415,3.6847014e-06,0.020991508483886718,26652.97136425972,930000
36.918373,-0.18533504,-8.994164,0.41066402,1.0,0.9990845,0.25878906,0.004189379,-14.59124,-14.602459,-3.1143718,450.57312,1.989957,4.608548e-06,1.0118835,-1.6689615,20.647882,0.9990854,0.24707031,0.004213683,-14.277985,-14.288846,-3.1665938,593.78094,1.8414779,9.111977e-06,45.96959,-0.23186058,-9.04934,0.42445818,1.0,0.9990034,0.18359375,0.0048318296,-14.030892,-14.04101,-3.6801171,28636.457,17.894688,8.7736527e-07,0.9990101,0.15429688,0.0048416033,-13.644232,-13.653894,-3.7609434,1809.985,2.3384497,6.1569494e-07,0.020992599725723267,26757.934366464615,935000
35.592567,-0.21695122,-8.996069,0.41114002,1.0,0.999074,0.28125,0.004188817,-14.628355,-14.6395445,-3.182766,1069.933,2.2133439,3.3427812e-06,1.8793284,-1.2051443,22.998348,0.99906826,0.26464844,0.0042337333,-14.195164,-14.205897,-3.2146077,399.5153,1.6766726,3.3412147e-05,44.55414,-0.26580185,-8.974363,0.40571377,1.0,0.99900246,0.21679688,0.0046904534,-14.172853,-14.1833105,-3.474714,5523.0205,4.8474603,9.767868e-08,0.9989958,0.18945312,0.0047591478,-13.776545,-13.78651,-3.580121,559.5403,2.2641082,4.5557672e-07,0.02099670753479004,26862.917908668518,940000
37.09205,-0.19898054,-8.944295,0.39819664,1.0,0.9990721,0.2578125,0.004204209,-14.550655,-14.561766,-3.1840315,97.09041,0.9121317,2.1522568e-05,1.4915398,-2.4289703,26.831135,0.9990721,0.25390625,0.0042530247,-14.230067,-14.240814,-3.2363448,158.68214,1.0765722,1.6680307e-05,45.82458,-0.25263017,-9.070162,0.4296633,1.0,0.9990454,0.19335938,0.0046578,-14.08633,-14.096611,-3.5701327,2566.4963,3.004312,9.664784e-06,0.9990368,0.18847656,0.004716959,-13.601782,-13.611509,-3.6521978,849.8355,3.2078035,1.6281963e-05,0.021013460731506346,26967.985214710236,945000
37.90368,-0.17143558,-8.971981,0.40511817,1.0,0.9990711,0.26171875,0.0041688643,-14.835113,-14.846565,-3.1197228,311.75513,1.4928883,7.1298173e-06,1.8077035,-1.3469529,26.291805,0.99906826,0.24414062,0.0042252936,-14.426844,-14.437832,-3.184563,160.29362,1.0789378,1.2834339e-06,43.767418,-0.21461412,-8.979047,0.40688458,1.0,0.9990349,0.18652344,0.004751142,-14.2257185,-14.236006,-3.701633,554.8731,1.2040429,7.737145e-06,0.9990339,0.16015625,0.0048102834,-13.774998,-13.784779,-3.7708764,881.0989,2.6151922,5.3640115e-06,0.02101417541503906,27073.056095838547,950000
28.07523,-0.255897,-9.024751,0.41831052,1.0,0.9990854,0.2685547,0.0041493447,-14.819308,-14.830757,-3.1072118,396.11658,1.4710584,2.4210363e-05,1.1646645,-1.11427,19.19083,0.9990816,0.24609375,0.004182549,-14.43656,-14.4476,-3.1425881,132.44804,1.1560171,1.5133807e-05,43.738365,-0.24689263,-9.016663,0.41628858,1.0,0.9990282,0.18945312,0.004759028,-14.231087,-14.241433,-3.6468124,2117.8777,3.837694,2.4554474e-09,0.99902344,0.17285156,0.00484108,-13.753009,-13.762851,-3.6843655,1680.4868,5.6688633,3.2614787e-07,0.02103010230064392,27178.206610679626,955000
32.31408,-0.21364248,-8.970047,0.40463477,1.0,0.9990759,0.28710938,0.004140094,-14.537357,-14.548543,-3.0938962,272.3303,1.2284698,3.7829577e-06,1.1110936,-0.9443922,19.662933,0.999074,0.2578125,0.0041960464,-14.095439,-14.106119,-3.1696606,149.54709,0.9805672,7.9920255e-06,54.813435,-0.19574437,-8.990569,0.40976533,1.0,0.99899864,0.19726562,0.0047720345,-14.254301,-14.264734,-3.5809047,7443.2295,5.064526,6.386357e-08,0.9989958,0.17382812,0.004841566,-13.84836,-13.858281,-3.698721,392.57956,1.4318206,4.3666054e-07,0.020994856023788453,27283.180896043777,960000
31.0945,-0.23816973,-9.012608,0.4152748,1.0,0.9990759,0.26660156,0.004209918,-14.505981,-14.517093,-3.1382282,109.48703,0.902653,4.443424e-06,1.427159,-2.2020054,22.304962,0.9990654,0.21777344,0.0042457087,-14.237747,-14.248576,-3.1602201,105.71992,0.9963379,8.875926e-06,43.900337,-0.21643412,-9.015944,0.41610897,1.0,0.9990082,0.18066406,0.0048024436,-14.3566885,-14.367235,-3.5672636,407.20642,2.0253193,2.1255284e-08,0.99900436,0.1484375,0.0048666093,-14.006152,-14.016311,-3.6146452,357.24704,2.236232,3.2286362e-08,0.021019414138793945,27388.2779712677,965000
36.112366,-0.17508699,-9.008335,0.41420695,1.0,0.99906254,0.24902344,0.004270615,-14.250776,-14.261532,-3.2482219,201.60912,0.8852772,2.1641185e-05,1.3344452,-1.1440972,19.30637,0.99905396,0.22851562,0.0043656738,-13.845665,-13.855915,-3.3599296,127.86251,0.85203344,1.630569e-05,44.70958,-0.28623027,-9.016224,0.41617912,1.0,0.9990206,0.18847656,0.004700208,-14.216082,-14.226482,-3.5761862,1172.6046,1.9923103,9.606043e-07,0.99901867,0.171875,0.004721729,-13.827959,-13.837967,-3.5902462,659.98596,1.9231904,4.3039265e-08,0.020978655290603637,27493.17125058174,970000
38.3144,-0.19273977,-8.983706,0.40804952,1.0,0.99908066,0.2705078,0.004151018,-14.578947,-14.590115,-3.1531572,109.955696,0.75873995,2.382371e-06,2.0897005,-1.2233367,24.028175,0.99907875,0.26171875,0.004207257,-14.070962,-14.081622,-3.166448,109.08592,0.91337717,2.425589e-05,53.065956,-0.2158862,-9.03631,0.4212005,1.0,0.99902153,0.19140625,0.004702664,-14.00644,-14.016587,-3.626886,277.6438,0.77762187,2.3183802e-06,0.99902534,0.17578125,0.00476916,-13.595951,-13.605611,-3.7131364,234.30264,0.7359431,1.716554e-07,0.021009171390533446,27598.217109918594,975000
39.34582,-0.20496175,-8.968164,0.40416405,1.0,0.9990816,0.27148438,0.004139363,-14.715325,-14.726654,-3.12604,253.97171,1.2792152,3.3519302e-06,1.2328964,-0.9524712,24.026867,0.99908257,0.24121094,0.0042127725,-14.3568735,-14.367767,-3.2134318,340.81436,1.4019811,3.906872e-05,47.036427,-0.2139707,-9.077837,0.43158236,1.0,0.99904156,0.18652344,0.004716497,-14.083142,-14.093367,-3.6249666,2302.9634,2.2208886,5.4807618e-08,0.9990368,0.17578125,0.0047707716,-13.633908,-13.643591,-3.7284322,162.81012,1.0500045,7.0991973e-06,0.02050168447494507,27700.72553420067,980000
34.21492,-0.2407467,-8.921526,0.39250448,1.0,0.999074,0.2548828,0.0041862885,-14.449421,-14.460453,-3.163125,176.6807,0.9481429,2.2471368e-06,3.3219302,-1.6628225,23.923248,0.9990635,0.23339844,0.0042487723,-14.133407,-14.144066,-3.230475,117.3334,0.7993091,1.9631201e-05,43.63582,-0.2784291,-9.044601,0.42327347,1.0,0.99901867,0.19335938,0.0047350107,-14.236315,-14.246709,-3.6043627,769.7951,1.8861254,4.618199e-07,0.9990177,0.16796875,0.004772528,-13.837684,-13.847599,-3.6932883,412.26193,1.4420977,6.042768e-08,0.01695452551841736,27785.498163938522,985000
29.820217,-0.28103328,-9.026872,0.41884091,1.0,0.99906445,0.23828125,0.00423582,-14.623947,-14.635098,-3.2173562,122.80824,0.86553967,4.1971634e-06,1.1406497,-0.8302647,16.66313,0.99906063,0.24511719,0.004277096,-14.168419,-14.179088,-3.2539105,110.62792,0.8331889,2.5485322e-05,46.94184,-0.2509755,-9.023254,0.4179365,1.0,0.9990301,0.20703125,0.0046347217,-14.190776,-14.201202,-3.523633,16168.0,9.61194,4.761185e-09,0.99902725,0.16992188,0.004707777,-13.768433,-13.778398,-3.5755305,624.3332,2.0172048,2.6220064e-07,0.01521361722946167,27861.56625342369,990000
30.404829,-0.2030681,-9.017869,0.41659033,1.0,0.99906254,0.27929688,0.0041849874,-14.51279,-14.523895,-3.151494,82.87284,0.7512545,2.1664744e-05,1.5078859,-1.4202403,21.638021,0.9990597,0.24121094,0.004256401,-14.093706,-14.104322,-3.2336025,88.07662,0.8143596,1.34578995e-05,41.945797,-0.23797518,-9.034126,0.4206547,1.0,0.9990339,0.19042969,0.0046934686,-14.182049,-14.192411,-3.5815506,1595.5378,3.134348,1.0146197e-06,0.9990368,0.17773438,0.004758402,-13.74066,-13.750528,-3.6448321,412.01276,3.4458785,1.0920029e-06,0.009117031240463256,27907.15141224861,995000
29.965693,-0.26261228,-8.980352,0.40721115,1.0,0.9990835,0.2763672,0.004166814,-14.641902,-14.653167,-3.1185286,204.46687,1.3662795,9.6328804e-08,0.937501,-2.3911786,20.993069,0.999073,0.24316406,0.0042006355,-14.255252,-14.266133,-3.123729,498.525,2.1965635,3.2873626e-09,49.12034,-0.23917696,-9.043056,0.42288688,1.0,0.99903774,0.20605469,0.004637539,-14.155731,-14.166058,-3.5913818,1860.9794,2.0403743,1.2626692e-09,0.999033,0.19433594,0.004700246,-13.771156,-13.781059,-3.640595,792.1806,2.268489,2.881594e-08,0.008847179794311523,27951.387313842773,1000000
