training/actor/actor_loss,training/actor/adv,training/actor/bc_log_prob,training/actor/mse,training/actor/std,training/critic/binary_accuracy,training/critic/categorical_accuracy,training/critic/contrastive_loss,training/critic/logits,training/critic/logits_neg,training/critic/logits_pos,training/critic/v_max,training/critic/v_mean,training/critic/v_min,training/grad/max,training/grad/min,training/grad/norm,training/value/binary_accuracy,training/value/categorical_accuracy,training/value/contrastive_loss,training/value/logits,training/value/logits_neg,training/value/logits_pos,training/value/v_max,training/value/v_mean,training/value/v_min,validation/actor/actor_loss,validation/actor/adv,validation/actor/bc_log_prob,validation/actor/mse,validation/actor/std,validation/critic/binary_accuracy,validation/critic/categorical_accuracy,validation/critic/contrastive_loss,validation/critic/logits,validation/critic/logits_neg,validation/critic/logits_pos,validation/critic/v_max,validation/critic/v_mean,validation/critic/v_min,validation/value/binary_accuracy,validation/value/categorical_accuracy,validation/value/contrastive_loss,validation/value/logits,validation/value/logits_neg,validation/value/logits_pos,validation/value/v_max,validation/value/v_mean,validation/value/v_min,time/epoch_time,time/total_time,step
116.668526,0.021569083,-9.79963,0.6120305,1.0,0.37365437,0.0009765625,0.8903988,0.1475831,0.14733586,0.40050107,25.33745,2.548252,0.08060523,5.1266556,-2.0837374,138.11784,0.70804214,0.0,0.5955516,-0.35757178,-0.35749954,-0.43146396,5.706445,0.77788657,0.033242587,82.59332,-0.014599695,-9.736725,0.5963043,1.0,0.9891796,0.001953125,0.052531216,-5.452382,-5.4520884,-5.7532363,8.483265,0.10245153,1.983429e-05,0.984046,0.0,0.0476586,-6.061009,-6.0606346,-6.443616,5.078575,0.06639336,1.52904e-05,0.012045102500915528,60.22551488876343,1
10.815104,-0.19195643,-9.416,0.5161232,1.0,0.99902534,0.099609375,0.00481259,-25.257572,-25.278399,-3.9543693,2.4828973,0.036834896,1.5091691e-09,0.21129315,-0.15819585,3.281999,0.9990244,0.09375,0.0047829454,-26.706844,-26.729063,-3.978364,1.0165519,0.03421025,1.1159719e-08,7.9683647,-0.35227853,-9.387333,0.50895596,1.0,0.99902534,0.09375,0.004790048,-25.525463,-25.546642,-3.8594108,1.5721848,0.03530249,4.7956384e-08,0.99902534,0.07128906,0.0047683986,-27.039814,-27.06261,-3.719443,1.1232334,0.040711753,6.82192e-08,0.24017991909980774,1261.125111579895,5000
15.268727,-0.12918888,-9.385759,0.5085629,1.0,0.9990387,0.15527344,0.0044813873,-23.012749,-23.03177,-3.5535254,7.7968235,0.08494337,1.1668899e-05,0.40806764,-0.59568596,7.5499163,0.9990349,0.1484375,0.004488807,-23.936771,-23.956688,-3.563159,7.671902,0.08628596,2.2432092e-05,13.751179,-0.12472236,-9.324479,0.49324274,1.0,0.999032,0.14355469,0.004519811,-23.256306,-23.27556,-3.5585372,5.226535,0.09256077,1.1705451e-06,0.9990301,0.16796875,0.00450944,-24.220284,-24.240486,-3.5548048,5.8515434,0.09956005,1.6509002e-06,0.25547309384346006,2538.4905829429626,10000
11.067818,-0.0545044,-9.351293,0.49994615,1.0,0.9990425,0.16113281,0.0044010663,-18.70582,-18.720713,-3.4713192,6.48702,0.10806412,2.9333437e-08,0.11956772,-0.11913028,2.304194,0.99904156,0.16113281,0.0044101505,-19.130684,-19.14595,-3.5125358,6.433966,0.11640476,1.6038877e-07,11.237677,-0.05734241,-9.311142,0.48990852,1.0,0.9990196,0.18847656,0.0044367993,-18.82222,-18.837343,-3.3501668,6.7545047,0.12647134,2.1147345e-07,0.9990206,0.17773438,0.004433231,-19.242302,-19.257814,-3.3727698,15.610591,0.14779109,3.8188594e-07,0.13394410901069642,3208.2111291885376,15000
8.377864,-0.14034787,-9.273956,0.4806118,1.0,0.99905396,0.18359375,0.0043620476,-16.098534,-16.110983,-3.363948,41.590534,0.23528814,6.0436505e-06,0.10263454,-0.09977248,1.887611,0.9990492,0.18261719,0.0043765437,-16.365578,-16.378336,-3.3144374,17.6547,0.22378643,1.1817646e-05,9.06531,-0.11351682,-9.311142,0.48990852,1.0,0.99902344,0.17089844,0.0044420613,-16.21452,-16.227074,-3.3731608,38.23263,0.26587448,2.0096531e-05,0.9990225,0.17773438,0.004445769,-16.525702,-16.538578,-3.3551908,16.926151,0.26251253,2.7487413e-05,0.009515603113174438,3255.7891483306885,20000
8.450306,-0.13253322,-9.316897,0.4913475,1.0,0.9990511,0.21582031,0.004253214,-14.819197,-14.830517,-3.2376738,19.402975,0.23919848,1.8776007e-05,0.11134296,-0.14660704,2.0205653,0.9990473,0.20019531,0.004266694,-15.004661,-15.016187,-3.2135973,24.729795,0.24642353,4.579521e-05,9.144337,-0.11101362,-9.285417,0.48347712,1.0,0.99902534,0.16601562,0.0043423967,-14.970453,-14.981867,-3.2934318,26.235086,0.24689174,2.5152476e-05,0.9990225,0.17382812,0.004369662,-15.161568,-15.173168,-3.292885,27.86761,0.28254402,1.5973683e-05,0.16662294168472291,4088.9038581848145,25000
11.919517,-0.059966564,-9.324505,0.49324924,1.0,0.99905396,0.18066406,0.004341026,-14.053317,-14.063811,-3.3180926,20.11665,0.24862713,5.7362845e-06,0.31145623,-0.40504968,4.7437735,0.99905396,0.18652344,0.0043418743,-14.390135,-14.400914,-3.3648143,14.410502,0.21586183,8.504174e-06,9.549462,-0.1336852,-9.35345,0.5004852,1.0,0.9990177,0.14648438,0.0045021772,-14.066021,-14.076452,-3.3946922,54.50579,0.28712916,2.6572502e-06,0.9990158,0.14550781,0.004522142,-14.276741,-14.287386,-3.386579,33.225346,0.28493628,6.714113e-06,0.00959092559814453,4136.858487129211,30000
10.66036,-0.09629528,-9.3092575,0.48943722,1.0,0.99905777,0.22753906,0.004208615,-14.046786,-14.057407,-3.1819782,70.75384,0.38473505,0.00023535806,0.28256932,-0.23999208,3.4988122,0.9990616,0.22460938,0.00421904,-14.125903,-14.136606,-3.1771107,58.64066,0.40012494,0.0001235801,11.528696,-0.111701526,-9.375019,0.50587773,1.0,0.99901295,0.18261719,0.0044151708,-14.079236,-14.089794,-3.2777452,99.28276,0.33020073,2.179267e-06,0.99901485,0.18457031,0.0044110217,-14.150557,-14.161193,-3.26772,95.59332,0.35676187,7.6210717e-06,0.16451516399383545,4959.434309720993,35000
10.367725,-0.115282655,-9.296662,0.4862886,1.0,0.9990568,0.21386719,0.0041897288,-14.221717,-14.232455,-3.2366762,53.21842,0.4853775,5.961042e-05,0.18299407,-0.12220868,2.766381,0.99906063,0.20117188,0.0041977568,-14.241594,-14.252333,-3.2565165,271.27374,0.6327779,6.8241556e-05,13.142975,-0.11215979,-9.351223,0.4999289,1.0,0.99903107,0.20800781,0.0042961314,-14.08033,-14.090957,-3.208887,142.94269,0.55253303,1.4499249e-05,0.9990349,0.203125,0.004291701,-14.1586,-14.169284,-3.2290685,36.430187,0.3665199,1.594139e-05,0.009431653547286986,5006.592578649521,40000
9.420164,-0.14400455,-9.317932,0.491606,1.0,0.9990463,0.20703125,0.004257445,-13.762421,-13.772697,-3.249001,33.299267,0.31826448,2.2924412e-06,0.2347007,-0.2037334,2.7832875,0.9990454,0.21191406,0.0042685177,-13.832344,-13.842702,-3.2351823,58.659786,0.3435728,2.0007781e-05,12.319466,-0.121769354,-9.342287,0.4976946,1.0,0.9990072,0.20410156,0.0043372405,-14.02747,-14.038177,-3.0742674,48.882202,0.50406814,7.819842e-06,0.9990072,0.19042969,0.004331775,-14.065924,-14.076651,-3.091341,86.608635,0.58566934,7.6486895e-06,0.1669487256526947,5841.336211919785,45000
15.444989,-0.0943002,-9.345347,0.49845973,1.0,0.9990616,0.24414062,0.00406776,-14.395577,-14.406719,-2.997704,228.39532,0.7713361,2.6637913e-06,0.52262354,-0.5890027,7.9717174,0.9990597,0.21777344,0.004085497,-14.415977,-14.42709,-3.0473623,91.034805,0.6372491,7.2186444e-06,11.358126,-0.17365506,-9.324143,0.49315888,1.0,0.999033,0.18164062,0.004313467,-14.183162,-14.19385,-3.2495437,47.856716,0.4113291,1.4042162e-06,0.999032,0.17675781,0.004338513,-14.197943,-14.208662,-3.2326386,136.0048,0.566899,3.5276548e-06,0.009559255313873291,5889.132489681244,50000
12.506155,-0.13460374,-9.339214,0.49692655,1.0,0.9990492,0.20800781,0.0041956846,-14.344648,-14.355534,-3.2085495,56.902752,0.4104647,3.3820124e-05,0.24358484,-0.25336206,4.208844,0.99905205,0.20214844,0.0041984855,-14.379423,-14.390356,-3.1960783,92.81048,0.5015506,4.099043e-05,14.840558,-0.16037215,-9.324266,0.49318948,1.0,0.99904156,0.19140625,0.00432103,-14.147486,-14.158104,-3.2847087,295.88828,0.8212876,1.6051792e-05,0.9990387,0.17480469,0.0043243216,-14.193679,-14.204341,-3.2858186,114.75482,0.65020955,4.1522013e-05,0.1644105422973633,6711.185205698013,55000
13.644785,-0.20175645,-9.271191,0.47992057,1.0,0.99905777,0.23242188,0.0041625546,-14.354553,-14.365516,-3.1395612,142.15727,0.6545297,1.6779115e-05,0.275271,-0.5148245,7.690516,0.999053,0.22167969,0.004172038,-14.364628,-14.3756075,-3.133267,106.2873,0.536798,1.1725412e-05,16.073439,-0.16219632,-9.306362,0.4887135,1.0,0.99903107,0.19921875,0.004373813,-14.325037,-14.335889,-3.223137,88.97642,0.613547,2.0623535e-05,0.9990282,0.19726562,0.004381369,-14.371658,-14.382566,-3.2118921,70.30047,0.52815884,2.1779782e-05,0.009396138286590576,6758.165900230408,60000
10.757715,-0.19338983,-9.342019,0.49762774,1.0,0.9990492,0.20800781,0.004261883,-14.20664,-14.217311,-3.2906895,88.45327,0.5561868,8.8839595e-05,0.28556582,-0.31994885,4.8432465,0.99905014,0.1953125,0.0042584985,-14.135197,-14.145809,-3.2787285,174.92331,0.6534679,4.5532262e-05,14.061756,-0.17538604,-9.400932,0.51235604,1.0,0.999033,0.20605469,0.004372374,-14.32987,-14.340683,-3.2683582,285.46527,1.0642086,6.510776e-06,0.99903584,0.1953125,0.0043717064,-14.273441,-14.284217,-3.2490356,229.87492,1.1131387,8.73941e-06,0.00938550705909729,6805.093441724777,65000
12.717995,-0.17156982,-9.285773,0.48356625,1.0,0.9990568,0.21972656,0.0041340287,-14.577354,-14.588483,-3.1934044,351.35858,0.79102594,5.180347e-05,0.31066617,-0.3327911,5.229662,0.99905586,0.19921875,0.004155449,-14.596366,-14.607498,-3.2088575,57.867226,0.4972257,1.6114265e-05,16.862114,-0.13703683,-9.340235,0.49718168,1.0,0.99900246,0.19238281,0.0044230884,-14.74186,-14.753101,-3.2427015,634.69293,1.7254486,3.4806143e-07,0.9990015,0.17675781,0.0044201873,-14.823786,-14.835078,-3.2710488,3280.9998,3.9340763,1.1530526e-06,0.009346954345703125,6851.828214883804,70000
14.6221285,-0.1427651,-9.345758,0.49856234,1.0,0.9990616,0.20507812,0.0041454807,-14.542279,-14.553437,-3.1272383,132.40213,0.6272762,3.9291415e-05,0.4025752,-0.38028726,5.5194526,0.99906063,0.19335938,0.0041458,-14.603228,-14.614427,-3.145496,117.15439,0.5463753,3.497645e-05,20.918165,-0.14297724,-9.2804165,0.4822272,1.0,0.99904156,0.20703125,0.0042648297,-14.524483,-14.535558,-3.192956,308.97845,1.1069434,1.6264132e-05,0.999032,0.19726562,0.004298052,-14.611093,-14.622182,-3.2662148,135.4415,0.5906215,1.6067292e-05,0.009361288928985596,6898.634660959244,75000
12.246452,-0.19432425,-9.270285,0.47969413,1.0,0.9990549,0.23632812,0.004100801,-14.628942,-14.640223,-3.0902236,58.677525,0.6410381,2.7639664e-05,0.27626586,-0.3237495,5.111494,0.99905396,0.21484375,0.0041150367,-14.619682,-14.630928,-3.1156535,87.15881,0.6348346,8.678833e-05,17.097992,-0.17259094,-9.331615,0.49502674,1.0,0.9990444,0.203125,0.00435232,-14.549658,-14.560678,-3.2768302,278.2012,0.85348594,1.7760354e-06,0.9990406,0.19824219,0.0043769376,-14.574087,-14.585104,-3.3037696,336.97485,1.2388892,3.0987164e-06,0.2332596800804138,8064.933065891266,80000
18.159254,-0.1648258,-9.336297,0.49619716,1.0,0.9990635,0.23144531,0.0040340084,-14.779833,-14.791295,-3.0543423,338.8386,0.8891043,0.00018115224,0.7393544,-0.5230466,9.984157,0.99906254,0.20507812,0.004058519,-14.674227,-14.685558,-3.0822692,228.63722,0.8641951,0.00025167028,17.42503,-0.17827298,-9.293287,0.48544484,1.0,0.9990225,0.20507812,0.004326888,-14.739128,-14.75032,-3.2895954,118.83288,0.8627015,1.2108737e-06,0.99902916,0.18652344,0.0043296767,-14.696276,-14.707414,-3.30177,85.14722,0.55761576,6.1602063e-06,0.009444985485076903,8112.1579966545105,85000
16.42961,-0.17760104,-9.356196,0.501172,1.0,0.9990568,0.22363281,0.0041344566,-14.85222,-14.863634,-3.1745157,170.38524,0.686062,1.4582627e-06,0.51178944,-0.521625,8.177862,0.99905777,0.21679688,0.0041252,-14.876211,-14.887644,-3.1801748,75.481735,0.497359,1.1506218e-06,15.283613,-0.20319578,-9.288891,0.48434567,1.0,0.9990368,0.22070312,0.0042884275,-14.795845,-14.807191,-3.1895125,615.58563,1.4366384,1.2080859e-06,0.9990339,0.20898438,0.0042925035,-14.835169,-14.846556,-3.186128,713.5622,2.4092956,1.4531712e-05,0.009435249137878418,8159.334245681763,90000
16.293194,-0.17713264,-9.287519,0.48400283,1.0,0.99905396,0.234375,0.004130128,-14.998069,-15.00968,-3.1215887,76.70305,0.5735009,9.157155e-06,0.65869015,-0.5263655,7.7240458,0.9990587,0.21484375,0.0041459315,-15.109903,-15.1215925,-3.1499012,62.766617,0.5820185,3.786605e-05,16.507378,-0.22094804,-9.301968,0.48761475,1.0,0.99902344,0.21386719,0.004352117,-15.023939,-15.035454,-3.244222,1764.9526,1.8920618,1.5324224e-05,0.99902344,0.19726562,0.004383171,-15.156929,-15.168593,-3.2246091,164.37555,1.2753325,1.2884344e-05,0.009467670965194703,8206.67260169983,95000
18.11326,-0.16273862,-9.348167,0.49916494,1.0,0.99906635,0.22753906,0.0041095223,-14.988192,-14.999754,-3.160052,186.66255,0.75276685,1.7548144e-05,0.37376937,-0.49770185,8.595423,0.9990587,0.22167969,0.0041202,-14.9396305,-14.951139,-3.1663308,209.93341,0.8407681,3.167012e-05,17.438797,-0.20271721,-9.337152,0.4964109,1.0,0.9990177,0.21289062,0.0043755174,-14.967276,-14.978711,-3.2687027,183.79332,0.8077939,1.3164716e-05,0.9990158,0.18066406,0.0044062044,-14.952812,-14.964213,-3.289082,75.79649,0.5820591,1.9859957e-05,0.009418707370758056,8253.766139745712,100000
20.169212,-0.19092181,-9.301025,0.48737943,1.0,0.99905014,0.22070312,0.0041780164,-14.793502,-14.80489,-3.143299,123.53453,0.6758945,2.3155884e-05,1.3597409,-0.733399,11.662958,0.99905014,0.20703125,0.0042003626,-14.8115635,-14.822947,-3.16654,82.49674,0.64748204,1.5295796e-05,19.564705,-0.17438558,-9.300003,0.48712355,1.0,0.99902534,0.19726562,0.0043382505,-14.895744,-14.907183,-3.1940684,2420.934,2.2204447,8.635295e-06,0.999033,0.18164062,0.004349049,-14.872675,-14.884078,-3.2076726,148.86903,0.8439089,2.3261551e-05,0.2280397315979004,9393.964803218842,105000
19.643814,-0.21008064,-9.314522,0.49075323,1.0,0.9990711,0.24902344,0.0040287925,-15.297543,-15.309586,-2.9769063,185.04204,1.1691662,0.00020355842,0.7995107,-0.6396364,12.509313,0.9990692,0.24121094,0.0040570856,-15.315041,-15.327081,-2.9983356,150.77074,1.1706356,0.00016475847,15.75617,-0.22554033,-9.322403,0.49272388,1.0,0.9990301,0.1875,0.004272823,-15.179475,-15.1912365,-3.148356,1885.7787,2.2956965,4.479242e-05,0.99902916,0.1796875,0.004284164,-15.175495,-15.187286,-3.11241,309.09076,1.8081855,3.4947705e-05,0.009409867525100708,9441.014142036438,110000
19.136898,-0.18515196,-9.295716,0.48605198,1.0,0.99905014,0.23046875,0.0041255793,-15.035107,-15.046744,-3.1300073,43.108227,0.42910385,5.3814992e-06,0.43843415,-0.9061808,9.140741,0.9990463,0.22070312,0.004154795,-15.0866995,-15.098384,-3.1341963,51.872284,0.45913368,2.0814683e-05,21.411625,-0.16898052,-9.28629,0.4836955,1.0,0.99903774,0.19140625,0.0043236567,-14.910557,-14.92193,-3.2741003,554.5541,0.80299324,9.781637e-06,0.9990368,0.1875,0.004297087,-14.97145,-14.982897,-3.2612205,192.53073,0.78140324,1.9690639e-05,0.009458568859100342,9488.306990146637,115000
17.798141,-0.2165964,-9.336173,0.49616602,1.0,0.9990511,0.22167969,0.0042243414,-14.882538,-14.893899,-3.260993,271.81967,0.8870442,9.597325e-07,0.74198234,-1.267581,12.767679,0.9990473,0.20800781,0.004224023,-14.932978,-14.944402,-3.2445562,95.24198,0.6023074,2.6876144e-06,19.92825,-0.22435042,-9.3278265,0.49407953,1.0,0.9990301,0.19433594,0.004381391,-14.854616,-14.865933,-3.2766757,341.7048,0.8305661,2.5786623e-05,0.9990301,0.1875,0.00441795,-14.964896,-14.976328,-3.2697952,424.52832,1.4551954,2.7170594e-05,0.009464514064788819,9535.629561424255,120000
15.118754,-0.20540382,-9.348759,0.49931258,1.0,0.99906254,0.24707031,0.0040451027,-15.297765,-15.30972,-3.068336,183.9736,1.165695,3.63028e-05,0.33700702,-0.35024312,6.391536,0.9990568,0.22070312,0.004049517,-15.222064,-15.233935,-3.0775647,215.12949,1.0001216,2.7726152e-05,18.76601,-0.22626574,-9.33251,0.49525043,1.0,0.99902344,0.18945312,0.0043610954,-15.32555,-15.337308,-3.2972744,459.5333,1.090838,4.2614383e-06,0.9990263,0.17773438,0.0043719094,-15.281353,-15.293081,-3.2839003,214.443,0.9319396,1.2415178e-05,0.009446570920944215,9582.862417459488,125000
16.718441,-0.20401634,-9.315456,0.49098694,1.0,0.9990711,0.2626953,0.00399254,-15.231049,-15.243064,-2.9405882,589.95703,1.5369773,0.00015670843,0.8535552,-1.4780425,11.853648,0.99906635,0.24023438,0.0040046624,-15.28042,-15.292462,-2.962172,159.21785,1.2269981,0.00015633958,19.398314,-0.23045817,-9.316771,0.4913155,1.0,0.9990139,0.2109375,0.0043346896,-15.458384,-15.470409,-3.1562598,313.43335,1.4023772,1.1390748e-06,0.99901295,0.19042969,0.0043411334,-15.483108,-15.495152,-3.1601725,399.10706,2.415375,2.2153406e-06,0.009423164415359496,9629.978242635727,130000
18.538996,-0.18772301,-9.3296585,0.49453747,1.0,0.9990597,0.21679688,0.0040995227,-15.204015,-15.215831,-3.1158695,172.86891,0.7497914,4.6446403e-06,0.5535379,-0.4081966,8.232683,0.99905777,0.20214844,0.0041381693,-15.13455,-15.146246,-3.1704507,101.65157,0.6539367,3.4235838e-06,23.140059,-0.20994768,-9.313042,0.4903834,1.0,0.9990425,0.19726562,0.0042979103,-15.260051,-15.271795,-3.2449176,296.8368,1.2520524,8.424754e-07,0.99904346,0.19726562,0.0043217232,-15.224329,-15.236035,-3.2490706,1782.3461,2.9555936,9.5115055e-08,0.009451995706558228,9677.238223314285,135000
17.509447,-0.20168316,-9.290268,0.48469007,1.0,0.99906445,0.24707031,0.004096425,-15.339291,-15.351313,-3.0402985,108.60645,0.74712133,2.4922965e-05,0.41321436,-0.5142746,7.8259864,0.9990654,0.22070312,0.0040893275,-15.336584,-15.348587,-3.05728,82.46111,0.73395383,2.9501138e-05,20.573402,-0.21089818,-9.315685,0.49104437,1.0,0.99904346,0.20507812,0.0043371636,-15.256687,-15.268409,-3.2649794,1761.1527,2.1258626,1.6349166e-05,0.9990463,0.18945312,0.0043434994,-15.366942,-15.378745,-3.2923741,504.42596,1.7623105,8.429863e-06,0.009439145755767823,9724.433955907822,140000
21.404518,-0.20529222,-9.287811,0.48407567,1.0,0.9990587,0.22363281,0.0040788795,-15.0732975,-15.085065,-3.0357952,436.12048,1.1543812,1.4026837e-06,0.47897285,-0.4780746,9.505607,0.99905586,0.22460938,0.00409747,-15.007585,-15.01927,-3.0538878,223.28088,0.89352036,1.7461043e-06,23.88142,-0.20493343,-9.337084,0.49639392,1.0,0.99902344,0.21386719,0.0043818625,-15.233055,-15.244828,-3.1883826,1574.385,2.949173,2.4220626e-06,0.9990244,0.20507812,0.004396268,-15.218039,-15.229772,-3.2139945,116.82236,0.9581471,4.5226594e-07,0.009440457439422607,9771.636244535446,145000
15.742754,-0.2584638,-9.277707,0.48154986,1.0,0.999073,0.23828125,0.0040434264,-15.346426,-15.358455,-3.0404086,187.59143,1.1158642,2.1208765e-05,0.50929135,-0.54666764,7.526107,0.99907017,0.21972656,0.004063177,-15.278652,-15.290626,-3.0297527,115.44889,1.2845622,2.6429017e-05,17.690037,-0.24791843,-9.333918,0.49560246,1.0,0.9990034,0.18457031,0.004387786,-15.229884,-15.241594,-3.2506948,244.00706,1.0828267,3.2974592e-06,0.9990034,0.17480469,0.004392868,-15.192368,-15.204066,-3.2254982,182.48639,1.2265964,4.2060874e-06,0.009415952157974243,9818.716006755829,150000
21.111095,-0.1993103,-9.287464,0.48398918,1.0,0.99907684,0.26171875,0.00390808,-15.609806,-15.622237,-2.8923843,213.0489,1.1929262,7.0717535e-05,0.7549387,-0.77938616,10.735062,0.99907494,0.25097656,0.0039402773,-15.549873,-15.56221,-2.9303942,113.47918,1.0383135,3.575948e-05,22.260319,-0.19273886,-9.319447,0.4919844,1.0,0.99902725,0.20410156,0.0043388056,-15.232643,-15.244361,-3.2457838,457.8924,0.8363968,7.486707e-06,0.9990244,0.17382812,0.0043650414,-15.241036,-15.25274,-3.2696297,186.42184,0.78774095,6.540717e-06,0.35984558053016663,11617.94391489029,155000
17.881931,-0.24002856,-9.2864,0.48372316,1.0,0.9990587,0.23828125,0.004061652,-15.244089,-15.255975,-3.0847359,81.98436,0.5371897,2.15284e-05,1.0154917,-0.898234,10.4320965,0.99905586,0.22851562,0.0040823612,-15.220179,-15.232029,-3.0974452,94.18872,0.7406218,2.8301192e-05,24.88247,-0.22408266,-9.295213,0.4859262,1.0,0.9990339,0.22167969,0.004298578,-15.403872,-15.415772,-3.2290444,834.12335,1.8007169,4.5233926e-07,0.99903774,0.19238281,0.0043133805,-15.409044,-15.420934,-3.2456887,152.75528,1.1893297,6.8171794e-06,0.009550899696350097,11665.698416948318,160000
19.40181,-0.21286532,-9.297068,0.48639,1.0,0.999053,0.2421875,0.003976823,-15.380096,-15.392208,-2.9900362,110.340805,0.8032213,6.559254e-05,1.1166751,-1.2370552,12.262522,0.99905777,0.24121094,0.0039961142,-15.384306,-15.3964,-3.0112727,86.25971,0.8310281,3.2007945e-05,20.86753,-0.27708387,-9.3517,0.5000478,1.0,0.9990244,0.20605469,0.004342557,-15.502329,-15.514301,-3.2544076,1160.6428,2.2739646,1.4291275e-06,0.9990206,0.18847656,0.0043693725,-15.565174,-15.577205,-3.2566402,1769.3438,3.1373472,1.0437414e-05,0.00954250717163086,11713.410953998566,165000
16.273554,-0.24327044,-9.324247,0.4931846,1.0,0.9990587,0.23730469,0.003962945,-15.358917,-15.371027,-2.9701605,200.57648,1.0011523,5.173884e-05,0.91083825,-0.881698,8.776707,0.9990549,0.22460938,0.003992824,-15.354328,-15.366408,-2.997055,409.63144,1.7708306,3.312631e-05,22.074385,-0.21215287,-9.330276,0.4946919,1.0,0.99904346,0.2265625,0.004297025,-15.320918,-15.332717,-3.251452,349.47318,0.94529074,2.7573026e-07,0.99904346,0.20898438,0.004289884,-15.3117895,-15.3236,-3.2311294,195.21497,1.1702802,1.8619747e-07,0.009564472341537476,11761.233318805695,170000
17.241484,-0.22859927,-9.265579,0.4785179,1.0,0.99905777,0.24609375,0.0040142317,-15.401375,-15.413493,-3.0032089,101.518364,0.8421563,4.2513166e-05,0.4545672,-0.70080876,8.784866,0.9990511,0.24707031,0.0040169917,-15.401777,-15.413902,-2.9991076,130.90703,0.8287679,9.9209676e-05,25.852547,-0.21105638,-9.339869,0.4970901,1.0,0.9990368,0.2265625,0.0042465846,-15.305929,-15.317767,-3.1959825,101.21516,0.60407466,6.3749803e-07,0.9990444,0.21386719,0.0042479825,-15.342758,-15.3546095,-3.2198699,352.44913,0.7496805,3.5091598e-06,0.00953212571144104,11808.893948554993,175000
18.717289,-0.25974178,-9.309295,0.48944655,1.0,0.9990654,0.24707031,0.004033055,-15.446052,-15.458203,-3.0150795,154.89064,0.9214427,6.586967e-05,0.7390299,-1.1517279,12.812581,0.99906445,0.23535156,0.004022102,-15.551844,-15.564122,-2.990654,137.96579,0.91584426,3.1979875e-05,18.572655,-0.2583484,-9.354198,0.5006725,1.0,0.9990406,0.20214844,0.0043633757,-15.28236,-15.294103,-3.2697318,197.05016,0.81224406,2.0957327e-06,0.99903774,0.19238281,0.0043755174,-15.344869,-15.356676,-3.2654042,373.6576,1.0568655,1.0591814e-05,0.009529969787597656,11856.543800115585,180000
21.258362,-0.24665199,-9.364321,0.50320315,1.0,0.9990654,0.25195312,0.003973582,-15.492741,-15.504993,-2.9581985,648.6063,1.5551779,4.5225756e-06,1.0644357,-1.0667814,15.515844,0.99906254,0.22265625,0.003984195,-15.5361185,-15.548417,-2.955615,203.10172,1.1392975,1.504225e-05,20.572886,-0.21118517,-9.306231,0.48868057,1.0,0.9990425,0.19140625,0.0043299533,-15.198372,-15.209976,-3.3265724,374.50238,1.0851529,5.5395376e-06,0.9990406,0.17871094,0.004360472,-15.270122,-15.281756,-3.3684685,501.14246,1.1389284,1.3349571e-06,0.009511529636383057,11904.101449489594,185000
18.418793,-0.22792402,-9.320248,0.4921847,1.0,0.9990511,0.21582031,0.0041289586,-15.174732,-15.186557,-3.078213,614.62946,1.2682465,8.34402e-05,0.84297836,-0.65989196,8.661004,0.99905205,0.19921875,0.0041363323,-15.121309,-15.133081,-3.0795078,116.69086,0.6690718,8.689758e-05,17.434456,-0.2626288,-9.354193,0.5006711,1.0,0.9990444,0.19238281,0.004375783,-15.369264,-15.381048,-3.312493,249.02501,0.728677,8.392074e-06,0.999032,0.1796875,0.0044242274,-15.265139,-15.2768135,-3.320156,894.2064,2.3382182,4.2109596e-06,0.00952322874069214,11951.717594385147,190000
21.199211,-0.20010719,-9.30787,0.48909038,1.0,0.9990635,0.25390625,0.003995315,-15.312012,-15.324039,-3.0068538,179.88126,0.9548908,1.5811964e-05,1.2199919,-0.9862753,11.718245,0.99906063,0.22558594,0.0040280283,-15.325173,-15.337186,-3.0362663,124.49024,0.807449,3.416935e-05,22.477625,-0.2323207,-9.3006,0.4872731,1.0,0.9990473,0.16992188,0.004391131,-15.163458,-15.175023,-3.3320034,2019.1263,2.3110046,1.174717e-05,0.9990425,0.17480469,0.004406985,-15.220255,-15.23186,-3.3476229,3681.7573,4.2709265,2.0507347e-05,0.00953693413734436,11999.402269363403,195000
16.078629,-0.2739686,-9.298864,0.48683923,1.0,0.99906826,0.2529297,0.003978309,-15.659964,-15.672354,-2.9848747,518.9691,1.4639251,8.806619e-06,2.6030393,-0.9699797,12.753893,0.99906635,0.23632812,0.0040094857,-15.742212,-15.754665,-3.0032077,458.67096,1.3921844,1.0661192e-05,22.449062,-0.28754863,-9.312478,0.49024236,1.0,0.99902916,0.18847656,0.0043239393,-15.534725,-15.546697,-3.288288,292.39185,1.0184743,4.6587784e-06,0.99903107,0.16601562,0.004321296,-15.538559,-15.550547,-3.2767496,1665.345,2.8114405,1.1969806e-05,0.009518629598617554,12046.995419025421,200000
20.821129,-0.19678879,-9.350444,0.4997339,1.0,0.99906063,0.24023438,0.0040094787,-15.299549,-15.311643,-2.9270535,282.06726,0.8286307,6.0954676e-06,0.87056977,-0.9717548,13.80402,0.99906063,0.22460938,0.0040402934,-15.344925,-15.357018,-2.974927,95.86497,0.68109167,4.433976e-06,23.732445,-0.24676958,-9.286932,0.4838559,1.0,0.9990339,0.20019531,0.0043785796,-15.336702,-15.348532,-3.2346845,3806.4617,2.8545215,2.3215484e-06,0.99902916,0.18261719,0.0043873847,-15.415369,-15.4272785,-3.2311969,2633.4272,4.918937,1.8084766e-05,0.36472067699432376,13870.598807096481,205000
18.92984,-0.24214259,-9.314307,0.49069974,1.0,0.9990673,0.26464844,0.0039303913,-15.431836,-15.444058,-2.9290538,163.43924,0.8541045,8.943533e-05,0.5307275,-0.78929305,10.175361,0.99906445,0.234375,0.0039539384,-15.574121,-15.5864725,-2.9379916,155.80212,1.0847659,9.27886e-05,23.286682,-0.24204916,-9.293276,0.48544204,1.0,0.9990196,0.21191406,0.004421677,-15.664095,-15.676271,-3.2069168,323.74274,2.018642,2.5588045e-07,0.99901867,0.19433594,0.0044678813,-15.819866,-15.832177,-3.2247796,945.70807,3.1553202,5.1357583e-06,0.009339831829071044,13917.29796743393,210000
22.72338,-0.22584145,-9.26278,0.47781813,1.0,0.9990568,0.25,0.003971562,-15.577595,-15.589944,-2.9450274,174.29619,1.3408267,9.169954e-05,0.8389541,-0.9620187,16.244629,0.9990568,0.23828125,0.003993056,-15.641436,-15.653819,-2.9724135,201.08432,1.2175574,6.797739e-05,19.802639,-0.29378313,-9.3151,0.49089783,1.0,0.999012,0.19726562,0.0044505596,-15.573186,-15.585181,-3.3011785,291.83817,1.3656061,9.4040604e-07,0.9990053,0.17871094,0.0044508995,-15.640478,-15.652557,-3.2821481,578.36255,2.152734,6.801652e-06,0.009513041591644287,13964.863176584244,215000
22.712917,-0.21339694,-9.278154,0.4816615,1.0,0.9990635,0.234375,0.004076911,-15.652815,-15.665122,-3.0624852,234.93562,1.090035,1.9394314e-05,0.8915758,-0.8986243,12.959571,0.9990635,0.22949219,0.0040770355,-15.699899,-15.712226,-3.0884037,98.87551,0.8099059,6.214552e-06,22.983204,-0.21057075,-9.314863,0.49083892,1.0,0.99902916,0.21875,0.0042802095,-15.598791,-15.610981,-3.128191,1579.0779,1.612479,2.5961492e-07,0.9990301,0.19726562,0.0042993464,-15.582081,-15.59424,-3.1418395,302.12512,1.3775561,1.01761344e-07,0.009583053874969482,14012.778448820114,220000
19.619164,-0.24054393,-9.2871,0.48389792,1.0,0.99907494,0.25878906,0.0038832678,-15.6582365,-15.670749,-2.8587441,244.65169,1.3145773,3.167335e-05,1.1214632,-0.81933963,12.248764,0.99906826,0.23925781,0.0039111343,-15.587203,-15.599617,-2.8871388,185.75633,1.100559,4.2873824e-05,23.19938,-0.2203155,-9.316438,0.4912324,1.0,0.99902916,0.19824219,0.004356538,-15.423687,-15.435585,-3.2510958,115.39232,0.7559993,3.6528954e-07,0.9990263,0.18945312,0.0043658195,-15.414363,-15.426262,-3.2421427,696.3435,1.5083708,1.3132427e-05,0.009512752914428711,14060.342215061188,225000
19.053568,-0.24072847,-9.294538,0.4857573,1.0,0.9990616,0.25878906,0.0040006577,-15.601904,-15.61423,-2.9923606,243.50192,1.1920497,4.7409313e-07,0.5372724,-0.36026967,8.620449,0.9990635,0.23632812,0.0040155277,-15.616049,-15.628363,-3.0186882,191.06105,1.036284,4.711605e-06,20.768843,-0.25223127,-9.311821,0.49007833,1.0,0.99903107,0.20800781,0.0043728687,-15.5663395,-15.578367,-3.2611907,1135.6211,2.4571283,9.208245e-06,0.9990244,0.19921875,0.004367938,-15.60989,-15.621984,-3.2375522,428.68744,1.8570945,1.4083636e-05,0.00954012484550476,14108.042840480804,230000
20.144487,-0.2197145,-9.305585,0.4885192,1.0,0.99906445,0.25195312,0.0039586844,-15.797933,-15.810514,-2.9278603,188.17969,1.2189229,3.1233132e-05,1.113487,-1.1205641,13.77396,0.99906826,0.2421875,0.003971123,-15.766502,-15.779022,-2.9583254,75.91677,0.83747905,5.5472057e-05,25.362553,-0.24948168,-9.367157,0.50391203,1.0,0.9990206,0.20117188,0.004409109,-15.623898,-15.636008,-3.233739,3315.0625,2.5489492,5.3821614e-06,0.99902153,0.17871094,0.004391102,-15.588812,-15.600877,-3.24596,2650.773,3.1967444,1.2400687e-06,0.009562117624282837,14155.853431224823,235000
16.220882,-0.23509677,-9.272629,0.48028022,1.0,0.9990549,0.26464844,0.003980821,-15.54003,-15.552314,-2.9739928,77.139534,0.6444425,2.138049e-05,0.5459858,-0.8927819,7.983427,0.9990568,0.24023438,0.0040181847,-15.567568,-15.579847,-3.004839,49.771267,0.59316814,9.083797e-06,20.639027,-0.2826201,-9.312216,0.49017712,1.0,0.9990301,0.20703125,0.0043451698,-15.582882,-15.594907,-3.2809145,299.977,0.93650836,3.572851e-06,0.9990339,0.203125,0.0043569086,-15.589209,-15.601255,-3.2661114,160.5946,1.0460972,2.560748e-05,0.009527982568740845,14203.49334526062,240000
25.208454,-0.20618495,-9.308104,0.48914894,1.0,0.99906445,0.26367188,0.0039987513,-15.628294,-15.640628,-3.0117326,227.7212,0.8337685,1.1109403e-05,1.5131639,-0.7617576,14.289024,0.9990635,0.24902344,0.0040294826,-15.601955,-15.614238,-3.0384111,130.10556,0.70435935,2.2710088e-05,26.940918,-0.23777166,-9.331336,0.49495688,1.0,0.999033,0.21386719,0.0043731267,-15.66,-15.672119,-3.2614727,639.4287,2.0087938,6.533557e-07,0.9990282,0.21191406,0.0043620514,-15.599495,-15.611563,-3.2546098,1068.8275,1.6649282,1.0936037e-06,0.00951717643737793,14251.07922911644,245000
21.682716,-0.20659815,-9.268131,0.47915575,1.0,0.99905586,0.25,0.004003901,-15.676078,-15.688487,-2.9819398,224.46808,1.0976675,1.2671025e-05,1.8912494,-1.0791005,15.446639,0.9990616,0.24609375,0.003984294,-15.632167,-15.644536,-2.9781232,111.74825,0.9524859,3.0750434e-05,18.875957,-0.25863338,-9.348906,0.49934918,1.0,0.99902344,0.22363281,0.0043866425,-15.707296,-15.719467,-3.2563987,211.69235,0.83051866,8.382187e-06,0.99902725,0.19433594,0.0043694815,-15.667244,-15.679399,-3.233873,466.52377,1.1503586,8.740202e-06,0.009503738069534301,14298.597924232483,250000
19.45055,-0.23069304,-9.353758,0.5005625,1.0,0.99907017,0.27246094,0.0039490615,-15.8192425,-15.831814,-2.9586012,164.04114,1.0286688,2.1733946e-05,1.2738684,-1.6333308,13.3161335,0.9990654,0.23632812,0.003959817,-15.88122,-15.893853,-2.9560685,117.48775,0.8380754,3.337718e-05,21.997952,-0.24680488,-9.376032,0.5061308,1.0,0.9990349,0.21386719,0.004405739,-15.463322,-15.475169,-3.3438509,3640.2031,3.3422685,2.3483396e-07,0.9990282,0.19921875,0.0044155996,-15.554845,-15.566778,-3.346512,3478.054,4.9588113,3.1339966e-06,0.009593553829193115,14346.565694332123,255000
21.257309,-0.22341767,-9.347306,0.49894953,1.0,0.99905396,0.203125,0.004069833,-15.492339,-15.50446,-3.0942898,122.09543,0.7109957,2.1411362e-05,0.80020213,-1.151831,12.960102,0.99905014,0.18847656,0.004107303,-15.546623,-15.558777,-3.1133063,154.7509,0.7617028,4.5312467e-05,29.617126,-0.25996572,-9.327464,0.49398893,1.0,0.9990349,0.20117188,0.0043193926,-15.6635895,-15.675715,-3.258996,2409.2026,2.052362,6.810691e-05,0.99902344,0.19433594,0.0043369513,-15.712541,-15.724741,-3.2311914,136.4987,0.9669193,3.4336827e-05,0.009534329271316528,14394.237347364426,260000
19.303396,-0.28519833,-9.248116,0.47415176,1.0,0.99906254,0.2685547,0.0039508175,-15.701748,-15.714249,-2.9121027,97.15765,0.81266534,1.911886e-06,1.0146235,-1.1148617,12.3420515,0.9990597,0.24804688,0.003987124,-15.717141,-15.729635,-2.9350495,265.78705,1.5816405,1.1005681e-05,25.272726,-0.23520926,-9.3113785,0.4899677,1.0,0.999012,0.21289062,0.004421324,-15.766866,-15.779143,-3.206923,827.7683,2.7319317,1.0431035e-07,0.99901485,0.19921875,0.004419104,-15.764517,-15.77681,-3.1883202,38120.4,41.972893,4.5489162e-07,0.0094838210105896,14441.656454086304,265000
30.063871,-0.18232942,-9.324543,0.49325854,1.0,0.9990673,0.2705078,0.003867458,-16.043,-16.055883,-2.8623142,228.4306,1.2380141,0.00022673179,1.1842526,-1.2547505,18.480263,0.9990616,0.24511719,0.0038789355,-16.158245,-16.171225,-2.8798199,178.8416,1.0125674,4.796954e-05,25.469791,-0.25680995,-9.391751,0.51006085,1.0,0.9990387,0.19335938,0.0043271547,-15.809626,-15.821886,-3.2670465,387.11624,1.825563,2.7694625e-05,0.99903965,0.17773438,0.004341212,-15.917872,-15.930221,-3.2860398,570.10114,2.4307604,8.008406e-06,0.009492736864089966,14489.120139598846,270000
18.274199,-0.20439452,-9.3031,0.4878978,1.0,0.9990511,0.2578125,0.004000983,-15.61203,-15.624319,-3.040732,165.75565,0.6465614,4.6387024e-05,1.1649898,-0.853686,9.769919,0.99905014,0.23828125,0.00401223,-15.642183,-15.654474,-3.0686088,95.166664,0.5665175,1.8739245e-05,31.25061,-0.21717298,-9.320889,0.49234554,1.0,0.999032,0.20117188,0.004333903,-15.739531,-15.751674,-3.317485,18963.643,10.734936,3.4567129e-06,0.99902534,0.19726562,0.0043330514,-15.837793,-15.850071,-3.2762742,1662.7947,3.216302,5.134054e-06,0.009487730169296264,14536.5587952137,275000
24.45662,-0.2333293,-9.304283,0.48819354,1.0,0.9990597,0.26953125,0.0039624814,-15.950331,-15.963093,-2.894167,139.15918,1.4042457,4.1512017e-06,1.3169028,-1.0363288,14.321798,0.9990587,0.24902344,0.003982762,-15.911595,-15.924302,-2.9119585,148.44649,1.4681505,4.4291246e-06,28.070139,-0.2532599,-9.316801,0.49132338,1.0,0.99903107,0.20117188,0.004338937,-15.732034,-15.744228,-3.256534,971.7086,1.7337515,1.9867684e-05,0.99902153,0.20214844,0.0043653743,-15.682396,-15.694524,-3.2750137,4413.0005,7.238013,1.5896436e-05,0.010228249645233155,14587.700045347214,280000
23.199226,-0.21975987,-9.355873,0.50109106,1.0,0.9990549,0.2607422,0.004042302,-15.679115,-15.69146,-3.051506,196.24318,0.7681362,4.972891e-07,0.6283618,-0.7971101,13.9234495,0.99905205,0.24609375,0.004073522,-15.746098,-15.75847,-3.0888667,63.908455,0.4863255,1.0089672e-06,27.88809,-0.20388271,-9.331407,0.4949747,1.0,0.9990301,0.20996094,0.0043033445,-15.702685,-15.714842,-3.2664247,201.57027,0.6416338,3.5859864e-06,0.9990301,0.17871094,0.004310284,-15.750676,-15.762832,-3.3160763,81.46746,0.5215603,9.6536794e-05,0.018751368570327758,14681.456889629364,285000
18.109997,-0.2304667,-9.334031,0.49563062,1.0,0.99905777,0.26171875,0.004005545,-15.801792,-15.814306,-2.9996963,543.4488,1.2068958,1.1361667e-05,0.7824911,-1.1223441,9.04142,0.9990635,0.25390625,0.004024216,-15.83517,-15.847698,-3.0186434,231.55371,1.0604717,1.697588e-05,26.027697,-0.2896517,-9.334363,0.4957138,1.0,0.99902725,0.2109375,0.0043599834,-16.069426,-16.08199,-3.215449,1180.1763,2.3444233,6.129815e-06,0.999032,0.18945312,0.004385586,-16.034649,-16.047222,-3.1699908,2960.4072,5.0163274,2.3516084e-06,0.021863746404647826,14790.775626897812,290000
25.239655,-0.2383821,-9.331979,0.49511757,1.0,0.99906063,0.2578125,0.0039961534,-15.850634,-15.863243,-2.9513907,895.7205,1.5771345,1.3086282e-05,1.1098703,-1.6194485,17.46603,0.9990587,0.24121094,0.0040195426,-15.914564,-15.927199,-2.9884171,202.83217,1.0540081,5.9435748e-05,23.298761,-0.22341743,-9.296202,0.48617354,1.0,0.999032,0.20898438,0.0043448983,-15.562405,-15.574421,-3.2687588,1346.4142,1.782127,2.4867325e-06,0.9990282,0.203125,0.004343292,-15.712942,-15.725098,-3.2768946,162.66066,1.0075152,1.4920223e-05,0.02703922643661499,14925.971760749817,295000
21.38758,-0.20971946,-9.267401,0.47897303,1.0,0.9990616,0.26367188,0.003913142,-15.953081,-15.965924,-2.8147643,338.767,1.8822284,2.1399768e-05,0.69249874,-1.3323845,12.09757,0.9990711,0.2578125,0.0039181598,-16.023098,-16.035984,-2.8405893,190.90625,1.456757,0.00016762826,21.528038,-0.28249002,-9.308228,0.48917967,1.0,0.999033,0.21191406,0.00430964,-15.72438,-15.73662,-3.2020645,693.4548,1.3397312,1.4716566e-06,0.999032,0.18847656,0.0043217065,-15.881792,-15.894196,-3.1933765,109.39053,1.0286374,1.7739449e-06,0.027664784049987793,15064.295683145523,300000
17.6779,-0.23433101,-9.33301,0.4953753,1.0,0.9990616,0.2685547,0.004005074,-15.699435,-15.711896,-2.9527085,482.1412,1.2877415,1.7080169e-05,0.84463376,-0.958539,11.33547,0.99906063,0.22851562,0.004030939,-15.8127575,-15.8252945,-2.9871564,100.54421,0.96331716,3.1036838e-05,28.066998,-0.24207741,-9.334978,0.49586773,1.0,0.99902916,0.21777344,0.0043177307,-15.7176695,-15.729897,-3.2091732,304.3465,1.2143813,2.2076722e-06,0.99903107,0.20605469,0.004344071,-15.823587,-15.835867,-3.2607193,1612.0271,3.450229,1.161767e-06,0.553570109462738,17832.146234035492,305000
21.814295,-0.2120778,-9.309818,0.48957762,1.0,0.999073,0.25683594,0.0039370586,-15.807276,-15.819946,-2.8469408,471.06177,1.6761613,1.3843714e-05,1.2176267,-1.1725042,17.025482,0.9990673,0.24121094,0.0039461227,-15.791011,-15.803644,-2.8677464,223.30421,1.2949567,3.4477165e-05,24.928143,-0.2729394,-9.321625,0.49252898,1.0,0.99901676,0.21972656,0.0042873793,-15.888733,-15.9012785,-3.0553417,5658.1973,5.3275127,2.0307378e-05,0.99902153,0.18945312,0.0042984523,-15.941277,-15.953848,-3.0797524,342.36566,2.223741,1.5768368e-05,0.01550622549057007,17909.677362918854,310000
22.153688,-0.2293765,-9.326521,0.4937533,1.0,0.9990635,0.27441406,0.003981528,-15.768269,-15.780778,-2.9726286,156.13942,1.0927762,1.7221158e-05,1.3292307,-1.3867189,15.846739,0.99906445,0.24511719,0.0039892425,-15.927932,-15.940587,-2.9816217,96.9868,0.78560543,1.3061582e-05,28.955875,-0.23240153,-9.325044,0.49338397,1.0,0.9990301,0.20996094,0.004369215,-15.716112,-15.728323,-3.225121,16715.258,12.285299,6.292642e-06,0.99901867,0.18554688,0.0044400636,-15.852334,-15.864676,-3.226026,866488.4,1525.4735,7.5971825e-06,0.01269422574043274,17973.14849448204,315000
22.342316,-0.24720764,-9.301994,0.4876216,1.0,0.99906063,0.2421875,0.0039772782,-15.796633,-15.8091955,-2.944336,626.09,1.0465988,9.494948e-06,1.4841402,-1.2220967,14.50021,0.9990587,0.23925781,0.003998059,-15.891495,-15.9040985,-2.9964247,140.18942,0.659757,9.5016105e-05,25.799953,-0.24159825,-9.38159,0.5075207,1.0,0.99903774,0.21386719,0.004335789,-15.88032,-15.892751,-3.164189,1662.0259,3.0868824,6.9956623e-06,0.99903965,0.18652344,0.0043494515,-15.958862,-15.971339,-3.1960347,720.3551,2.2945757,1.8575814e-05,0.009550768136978149,18020.902336597443,320000
21.307865,-0.26646447,-9.340801,0.49732322,1.0,0.99907017,0.27148438,0.003861193,-16.101555,-16.11452,-2.840224,554.4645,1.5314631,7.584207e-05,1.1563123,-1.3796338,14.054909,0.9990673,0.25683594,0.003885556,-16.205845,-16.21888,-2.8686817,80.99506,1.0356412,0.00024579559,28.956957,-0.21669802,-9.308528,0.489255,1.0,0.99903107,0.21679688,0.0042999987,-15.933529,-15.94597,-3.2073326,1199.7019,2.5618944,1.0035773e-05,0.9990282,0.1953125,0.004298416,-16.04657,-16.059095,-3.2329965,167.39226,1.2372607,5.8709422e-05,0.009325984001159669,18067.532257795334,325000
21.066721,-0.2450166,-9.332201,0.49517316,1.0,0.99906445,0.25585938,0.0039744386,-16.10447,-16.117367,-2.9101005,635.5969,1.9317325,5.19454e-05,0.8999622,-1.1309724,13.434606,0.9990654,0.24121094,0.0040040873,-16.133917,-16.14681,-2.942792,225.88797,1.5310653,2.677863e-05,25.329182,-0.2692644,-9.364588,0.5032699,1.0,0.99901676,0.21875,0.004431051,-15.998274,-16.010754,-3.2307732,747.73114,2.5140307,4.982126e-06,0.9990101,0.20507812,0.004431203,-16.018887,-16.031391,-3.2230744,940.1041,2.8809333,3.7781065e-05,0.009508880090713502,18115.07666158676,330000
22.174938,-0.21002656,-9.283062,0.48288846,1.0,0.9990568,0.29003906,0.0039459043,-15.774864,-15.787411,-2.9399514,68.14948,0.6718139,1.8170756e-05,1.845681,-1.2774262,14.001976,0.9990597,0.25585938,0.003997212,-15.88391,-15.896515,-2.990302,169.48766,0.836372,5.3719952e-05,23.372282,-0.25205433,-9.327009,0.49387532,1.0,0.9990282,0.20605469,0.0044218,-15.695845,-15.707996,-3.2641807,169.20898,0.97731054,4.013019e-07,0.9990244,0.20019531,0.004433091,-15.80951,-15.821782,-3.2548168,625.73724,1.7930058,6.279657e-06,0.009481254148483276,18162.48293352127,335000
18.983818,-0.23463976,-9.302414,0.48772645,1.0,0.99906635,0.25683594,0.003946664,-15.894918,-15.907624,-2.8957648,355.47623,1.7962538,2.915413e-05,0.73254395,-0.5957338,9.181419,0.99906635,0.24316406,0.0039715394,-15.964812,-15.977555,-2.9293668,498.03293,1.6230576,9.3578084e-05,20.903303,-0.2881563,-9.26016,0.47716296,1.0,0.99904156,0.19140625,0.004356875,-15.776674,-15.788892,-3.2791433,130.57805,0.8031192,1.953244e-06,0.9990339,0.1796875,0.004339782,-15.852741,-15.865059,-3.252286,22432.705,22.495459,6.1801725e-06,0.009624115943908692,18210.603516340256,340000
26.023548,-0.20311934,-9.299714,0.48705143,1.0,0.99906635,0.2548828,0.0039592814,-16.032566,-16.045336,-2.9659352,331.26636,1.3289267,9.827005e-06,1.0632826,-1.521339,17.004286,0.99906445,0.25390625,0.003977161,-16.053646,-16.066414,-2.9929843,176.15878,1.010205,9.2563925e-05,25.896809,-0.25108814,-9.269691,0.4795457,1.0,0.9990339,0.20410156,0.0043639066,-15.813459,-15.825773,-3.2170074,436.6488,1.7402747,4.364197e-08,0.99902725,0.18652344,0.0043758424,-15.889397,-15.901761,-3.2406135,628.83484,2.3890092,5.618683e-07,0.009537435722351073,18258.29069828987,345000
19.460857,-0.25769612,-9.295019,0.4858777,1.0,0.9990597,0.26953125,0.003922598,-16.161015,-16.17404,-2.83671,145.84981,1.0556977,5.5142667e-05,0.9480636,-0.7568006,11.5211735,0.9990597,0.24609375,0.0039451527,-16.244068,-16.257189,-2.8229666,875.0475,1.896579,6.203257e-05,27.611387,-0.22482128,-9.287415,0.4839765,1.0,0.9990406,0.21386719,0.0043465057,-15.61655,-15.628577,-3.313795,1903.0275,1.5482768,6.286194e-06,0.999032,0.20019531,0.004330318,-15.781902,-15.79411,-3.2915132,109.28303,0.7295896,6.9961566e-06,0.00949715747833252,18305.776487588882,350000
20.290047,-0.21652453,-9.31649,0.49124557,1.0,0.9990568,0.25195312,0.0039345445,-15.805754,-15.818403,-2.863873,149.41058,0.96841407,0.00020348039,1.5542092,-1.3857757,14.180506,0.9990587,0.24707031,0.0039391126,-15.9859705,-15.998767,-2.8947198,641.1733,1.8620942,0.0001307945,28.029705,-0.23368093,-9.30271,0.48780024,1.0,0.99902725,0.19042969,0.0043968894,-15.874517,-15.886831,-3.275593,217.75267,1.0145172,1.5256663e-07,0.99902153,0.16992188,0.004423871,-16.033375,-16.045843,-3.2772546,458.15268,2.403723,8.352913e-07,0.00950363655090332,18353.294675827026,355000
27.79684,-0.20274717,-9.313099,0.49039793,1.0,0.99906635,0.26757812,0.0039687334,-15.916085,-15.928772,-2.9378984,225.37961,1.1959633,5.931022e-05,1.6141007,-2.0430977,21.394287,0.99906063,0.23828125,0.0040038032,-16.08856,-16.101364,-2.9891334,97.1975,0.8457843,0.00013526552,23.346016,-0.28312013,-9.318519,0.4917526,1.0,0.999032,0.21191406,0.004210171,-16.083698,-16.096403,-3.0866435,930.83276,1.7514286,5.6851345e-06,0.9990301,0.19726562,0.0042325263,-16.163782,-16.176598,-3.0527651,1270.2595,3.1100948,1.3088104e-05,0.009480580139160156,18400.697578191757,360000
21.672173,-0.25649908,-9.327989,0.49412,1.0,0.99907017,0.25683594,0.0039011794,-16.052238,-16.065119,-2.8771338,321.32358,1.3550944,3.5333098e-05,1.3135916,-1.017539,16.21897,0.99906826,0.25585938,0.003922713,-16.189264,-16.202274,-2.8816745,886.2083,2.714847,9.542101e-05,32.493454,-0.27855915,-9.319458,0.49198747,1.0,0.99902534,0.24511719,0.004335462,-16.044327,-16.05687,-3.211693,5440.428,5.4575443,3.975955e-06,0.9990282,0.21972656,0.004365376,-16.274035,-16.286785,-3.2310624,735.5093,1.985061,7.1928816e-06,0.009495595264434815,18448.175555706024,365000
23.123024,-0.21344537,-9.245904,0.47359896,1.0,0.99905396,0.2607422,0.003984828,-15.8300295,-15.842637,-2.9325433,265.73853,1.2135904,5.8511552e-05,0.8837577,-1.3056066,13.08935,0.99905014,0.25,0.003983504,-15.961357,-15.974095,-2.9295423,1052.2468,2.3652813,2.7849885e-05,26.236296,-0.23103559,-9.312726,0.49030447,1.0,0.9990177,0.19238281,0.0044157724,-15.778575,-15.790852,-3.2191215,2756.637,4.5899673,3.763603e-07,0.9990206,0.18066406,0.004407988,-15.907173,-15.919618,-3.1770961,4170.724,5.9994535,4.4533323e-07,0.009539304780960083,18495.872082710266,370000
30.11414,-0.18128979,-9.301125,0.4874042,1.0,0.9990635,0.26464844,0.0039753234,-15.963251,-15.975968,-2.9524257,151.12775,1.1290667,5.6156546e-06,1.8004119,-1.2679472,19.5248,0.9990635,0.24414062,0.003997921,-16.017681,-16.030426,-2.9829786,314.31085,1.0864104,7.564317e-06,24.349888,-0.25304052,-9.351347,0.49995983,1.0,0.999032,0.20703125,0.0043256907,-15.722803,-15.734992,-3.2542834,608.02985,1.1074772,1.204349e-05,0.99902725,0.18359375,0.004310265,-15.846798,-15.859107,-3.254658,399.8749,1.0372065,2.282804e-05,0.009449113178253175,18543.117653131485,375000
23.577618,-0.23911986,-9.29571,0.48605037,1.0,0.99906254,0.28710938,0.003872202,-16.225388,-16.238585,-2.7240038,529.94525,1.9639635,3.28062e-05,1.4355421,-1.8900127,16.87743,0.99905777,0.2607422,0.0039189826,-16.353996,-16.367271,-2.7737532,282.66293,2.3729455,7.598165e-05,28.62682,-0.23420826,-9.344167,0.49816468,1.0,0.9990368,0.20800781,0.004305592,-15.89645,-15.908844,-3.2173939,3693.1653,3.24791,1.135865e-06,0.99902725,0.18457031,0.004314595,-15.959984,-15.972458,-3.1986308,2274.0586,4.050355,1.6887443e-05,0.009473026180267335,18590.482789754868,380000
20.018782,-0.22651556,-9.292907,0.48534957,1.0,0.99906826,0.2734375,0.0038685866,-15.971131,-15.983959,-2.8501456,95.861176,0.88548183,4.1334504e-05,0.8327575,-0.77506363,12.144442,0.9990673,0.26171875,0.0039017852,-16.056917,-16.069801,-2.8752615,270.38885,1.2256062,3.746875e-05,27.095755,-0.23442405,-9.299784,0.48706904,1.0,0.999033,0.18164062,0.0044390066,-15.75456,-15.766665,-3.370962,330.97144,1.271527,6.372938e-07,0.9990263,0.17285156,0.004419143,-15.905241,-15.917503,-3.3609278,32450.688,48.14328,1.9794372e-06,0.009468876266479492,18637.827172756195,385000
25.221653,-0.22268929,-9.313507,0.49049973,1.0,0.99906254,0.2763672,0.003981228,-15.974262,-15.986982,-2.9625745,177.45645,0.8311311,5.245429e-06,1.0456754,-1.022791,15.689651,0.9990616,0.24902344,0.003972751,-16.05531,-16.068129,-2.9415867,240.21219,1.1818761,7.0784763e-06,25.406792,-0.24709937,-9.354073,0.5006411,1.0,0.9990139,0.20996094,0.0043437798,-15.872565,-15.885006,-3.1468759,790.4875,1.5685519,3.2430507e-06,0.99901485,0.18945312,0.004357573,-16.019495,-16.032063,-3.1622884,3468.4648,4.830817,2.143869e-06,0.009494264364242553,18685.29849600792,390000
25.740162,-0.20643643,-9.257208,0.47642493,1.0,0.999073,0.29003906,0.0039059715,-15.88541,-15.89813,-2.873952,113.12207,1.0625978,8.597631e-05,3.0096793,-1.2311347,17.123222,0.9990673,0.23535156,0.003931471,-15.983247,-15.996019,-2.917399,264.68988,1.307248,0.00020042568,23.65638,-0.26946837,-9.3668995,0.5038479,1.0,0.99902916,0.22558594,0.0042876364,-15.785187,-15.7975445,-3.1432667,1141.0676,2.7130837,6.8899512e-06,0.999032,0.21289062,0.0042877775,-15.87651,-15.888935,-3.1649113,737.66016,2.7652097,3.6964022e-07,0.009426967477798462,18732.43333721161,395000
26.227037,-0.19545287,-9.322357,0.49271232,1.0,0.9990616,0.27539062,0.003898599,-16.2482,-16.261326,-2.8192315,3695.864,3.3070993,2.2623428e-05,0.8286798,-1.6424088,14.764187,0.99906445,0.2529297,0.0038956667,-16.345718,-16.35889,-2.8731165,194.73058,1.1153839,1.9656944e-05,32.260513,-0.22453797,-9.276663,0.48128867,1.0,0.9990244,0.18945312,0.004393623,-15.961929,-15.974347,-3.258967,2465.2725,2.6920254,2.3667285e-07,0.9990263,0.19628906,0.004378848,-16.128864,-16.141432,-3.2714481,679.9072,1.4622519,1.06080186e-07,0.009960369348526002,18782.235187768936,400000
28.699392,-0.20423299,-9.268148,0.4791603,1.0,0.9990711,0.28125,0.0038631393,-16.176405,-16.18946,-2.8198256,211.1377,1.273345,1.0396177e-05,1.5723579,-1.7657397,22.259634,0.99906635,0.2529297,0.0038837309,-16.24419,-16.257294,-2.8413174,123.63643,1.2230039,2.7649681e-05,25.464235,-0.29831773,-9.313602,0.49052346,1.0,0.9990368,0.20996094,0.0043117944,-15.785786,-15.798055,-3.2338839,447.43887,1.2722545,6.617309e-07,0.99903774,0.18847656,0.004327832,-15.872219,-15.884586,-3.2219038,1266.1678,4.3111377,1.0104279e-06,0.6071627702713013,21818.049044132233,405000
20.827702,-0.22281235,-9.306397,0.48872232,1.0,0.9990568,0.23828125,0.004021486,-15.966043,-15.978716,-3.002811,227.8133,0.9139583,6.4909225e-05,1.3592097,-1.648608,17.315329,0.999053,0.22070312,0.004037656,-16.029749,-16.042458,-3.030263,57.741486,0.6287854,3.3195694e-05,24.584743,-0.28492725,-9.317775,0.49156666,1.0,0.9990349,0.2109375,0.004363111,-15.8388195,-15.851091,-3.285658,5658.591,4.1159134,1.8040804e-05,0.99903965,0.17675781,0.004382645,-15.918107,-15.930447,-3.295804,8944.124,14.48079,4.985667e-06,0.015479919624328613,21895.448643922806,410000
17.983486,-0.24445142,-9.310674,0.48979127,1.0,0.9990616,0.25,0.0039928323,-15.977282,-15.9899845,-2.9816165,166.8082,0.8143723,4.343217e-06,3.1379519,-1.997817,16.601711,0.9990549,0.21386719,0.004029207,-16.075653,-16.088436,-2.998041,166.52034,0.87467587,1.3732837e-05,23.141275,-0.28442103,-9.349634,0.49953157,1.0,0.9990406,0.21191406,0.004338117,-15.921703,-15.93404,-3.3009605,956.73987,1.2600225,6.689628e-06,0.99903584,0.19042969,0.004342594,-16.050083,-16.062569,-3.2801573,227.85297,1.0773221,8.7044e-06,0.015498323726654053,21972.94026374817,415000
25.21635,-0.20300046,-9.274667,0.48078978,1.0,0.99907494,0.28710938,0.003810691,-16.369516,-16.382778,-2.8030243,727.8907,1.8476381,7.5981316e-06,0.91142553,-1.4747405,17.819954,0.999074,0.27148438,0.0038237683,-16.517372,-16.53075,-2.8344429,238.84683,1.2880311,1.09575685e-05,26.242496,-0.23865552,-9.289498,0.48449767,1.0,0.99904156,0.22265625,0.004293596,-15.806791,-15.819047,-3.2699475,155.36977,0.9285668,9.427727e-06,0.99903965,0.19140625,0.004345962,-16.0708,-16.083261,-3.323205,195.77913,1.3641051,2.0303437e-06,0.015269980525970459,22049.290169477463,420000
22.305542,-0.2549535,-9.299121,0.4869032,1.0,0.9990721,0.2890625,0.0038530177,-16.305464,-16.318666,-2.7978122,959.74335,1.6305325,2.8465578e-05,1.5911506,-1.6119317,14.55767,0.99907017,0.2685547,0.0038707154,-16.391476,-16.404734,-2.8250992,373.67612,1.5766765,4.610063e-05,23.251652,-0.2738023,-9.253589,0.47551996,1.0,0.99904346,0.22070312,0.0043213386,-15.869509,-15.881793,-3.3030252,121.829765,0.49970904,2.2442457e-06,0.9990368,0.19628906,0.004332276,-15.98843,-16.000816,-3.3173234,474.57278,0.84892845,1.4145145e-06,0.009757623481750488,22098.078288555145,425000
25.707249,-0.22293152,-9.301354,0.48746175,1.0,0.9990759,0.29003906,0.0037829515,-16.13776,-16.150885,-2.7132645,14952.214,8.534962,9.126868e-06,0.873466,-2.5873544,18.250929,0.999073,0.265625,0.003817055,-16.230488,-16.24367,-2.7456818,188.04926,1.6029873,4.339946e-06,26.948708,-0.23286371,-9.315299,0.49094778,1.0,0.9990301,0.20019531,0.004342599,-15.985136,-15.997644,-3.188953,708.94226,1.5099587,4.99353e-07,0.99903774,0.18554688,0.004343012,-16.131802,-16.144438,-3.2042332,200.97188,1.0427212,2.0466307e-06,0.00942293963432312,22145.192991256714,430000
23.175434,-0.18487911,-9.27911,0.4819004,1.0,0.9990759,0.29101562,0.0038183455,-16.21514,-16.22832,-2.731475,187.26682,1.2240714,5.947751e-06,1.533298,-0.8121953,16.113213,0.99907494,0.27539062,0.0038173909,-16.221874,-16.235022,-2.7706656,91.106636,1.0387478,1.2071927e-05,31.523191,-0.27678916,-9.297233,0.48643112,1.0,0.99903774,0.20507812,0.004456955,-15.94914,-15.961475,-3.3297665,556.07007,1.5015802,1.9657664e-06,0.99903584,0.1796875,0.0044634924,-15.990679,-16.003016,-3.3701172,13603.75,14.684495,1.5175351e-06,0.009396455430984498,22192.175269842148,435000
19.795506,-0.24603748,-9.303103,0.48789874,1.0,0.99905777,0.26953125,0.003904682,-16.247723,-16.260849,-2.8199003,803.75714,1.4232906,2.6274989e-05,1.0129876,-1.1955383,13.443535,0.9990511,0.24511719,0.0039320816,-16.29327,-16.306414,-2.8488455,396.00705,1.378604,0.00014499188,20.2252,-0.27597022,-9.327461,0.49398804,1.0,0.99903584,0.22363281,0.004314487,-16.037516,-16.050041,-3.2251368,402.64816,1.3664085,2.603193e-05,0.999033,0.20703125,0.0043146363,-16.173183,-16.185846,-3.2171683,46977.113,47.416107,1.1791572e-05,0.009398396492004395,22239.16725373268,440000
19.866371,-0.2735387,-9.302336,0.48770696,1.0,0.9990711,0.27734375,0.0039179455,-16.329391,-16.342531,-2.8879435,318.67584,0.9607341,5.4980985e-05,0.8070953,-2.64879,14.434436,0.99907017,0.24902344,0.0039554397,-16.34112,-16.35423,-2.9296324,85.76472,0.84612465,8.574278e-05,27.816257,-0.23972055,-9.314709,0.49080008,1.0,0.99903107,0.20800781,0.0043688803,-15.970006,-15.982428,-3.262113,224.18408,1.2043457,3.3953897e-06,0.99902916,0.18164062,0.0043729143,-16.06203,-16.074558,-3.2460585,54882.49,54.592175,6.276861e-06,0.009423190450668336,22286.283210277557,445000
22.969414,-0.223968,-9.331288,0.494945,1.0,0.9990654,0.28710938,0.00388169,-16.07724,-16.090157,-2.8628063,148.3451,0.9949363,1.715855e-05,1.6062633,-1.8243771,17.580683,0.9990635,0.25390625,0.0038881712,-16.149332,-16.162292,-2.8905916,198.55803,0.9427213,2.514123e-05,26.138021,-0.2257301,-9.3454895,0.49849522,1.0,0.9990282,0.20703125,0.0043838043,-15.951893,-15.964295,-3.2644045,2617.2058,2.4930816,8.861447e-06,0.99902344,0.18457031,0.0043808953,-16.103977,-16.116516,-3.2792675,4699.1606,5.6220727,4.8200773e-06,0.009428703260421754,22333.42672777176,450000
20.241695,-0.25637746,-9.281324,0.4824543,1.0,0.99906635,0.29785156,0.003777744,-16.2174,-16.230545,-2.7685575,320.30365,1.2379707,5.287762e-05,1.0106654,-0.62321615,12.245719,0.9990616,0.28320312,0.003785497,-16.230524,-16.243683,-2.7706475,208.13408,1.1696454,0.000109709996,25.328682,-0.25964537,-9.334078,0.49564248,1.0,0.9990301,0.20800781,0.004320196,-15.9279995,-15.940373,-3.268869,4623.7266,3.282219,4.26819e-06,0.9990244,0.20996094,0.0043142103,-16.003687,-16.016163,-3.2402458,565.56586,2.0382469,2.4084682e-06,0.00943448839187622,22380.59917330742,455000
27.309032,-0.20471215,-9.266595,0.47877163,1.0,0.99906445,0.2841797,0.003858528,-16.036846,-16.049765,-2.822876,327.71265,1.0877728,3.527889e-05,1.2052943,-1.2203977,18.297548,0.9990635,0.2607422,0.003904882,-16.12804,-16.140991,-2.8790848,221.10323,1.0410445,2.2187502e-05,19.801666,-0.3244981,-9.355924,0.5011039,1.0,0.99903107,0.20898438,0.0043863514,-15.810928,-15.823223,-3.2326574,678.478,1.5461425,4.5156844e-06,0.9990263,0.20410156,0.0043750806,-15.938775,-15.951246,-3.180687,1268.777,3.461125,3.2760756e-06,0.009442668724060058,22427.812519788742,460000
29.57402,-0.21214655,-9.251427,0.47497955,1.0,0.99906445,0.2529297,0.003987017,-16.184162,-16.197079,-2.9701746,330.00177,0.9387162,3.477597e-06,1.8792498,-2.593091,22.67601,0.9990597,0.22167969,0.004017774,-16.249596,-16.262524,-3.0206704,130.18451,0.9992112,9.277882e-06,29.04485,-0.2543283,-9.3371935,0.49642134,1.0,0.9990263,0.20898438,0.004465436,-16.082195,-16.094677,-3.3130338,505.61752,1.7107441,5.4042334e-07,0.9990206,0.19042969,0.004438018,-16.125397,-16.137926,-3.3083472,1058.228,2.315661,1.6458321e-06,0.009362097787857055,22474.6230096817,465000
19.05183,-0.2563861,-9.318752,0.49181104,1.0,0.9990654,0.26953125,0.003929903,-16.26295,-16.276003,-2.9083242,213.44363,1.1750321,2.652642e-06,1.0095404,-1.449539,13.354473,0.9990711,0.25195312,0.003935178,-16.379063,-16.39223,-2.9120922,191.50142,1.0787815,7.320074e-06,27.696392,-0.24081513,-9.336507,0.49624974,1.0,0.99903774,0.19921875,0.004459411,-15.946497,-15.958765,-3.3961966,4080.1094,2.781949,1.3833479e-06,0.9990301,0.17285156,0.00448411,-16.041431,-16.05379,-3.399637,278.15134,0.9789926,2.942798e-06,0.00943862543106079,22521.81614112854,470000
22.685143,-0.2206284,-9.29698,0.48636788,1.0,0.99906445,0.2734375,0.0039841747,-16.066452,-16.079308,-2.9160569,372.2484,1.3845916,2.8939143e-05,1.4610364,-1.5562514,17.733507,0.99906445,0.24121094,0.003975053,-16.241344,-16.254328,-2.9602742,272.40564,1.2647934,1.8613304e-05,26.329338,-0.28612554,-9.308708,0.48929983,1.0,0.99903107,0.21484375,0.004322158,-16.09201,-16.104652,-3.1585865,166.13957,1.3862271,6.8370896e-06,0.999033,0.20117188,0.004313495,-16.200676,-16.213434,-3.1494696,792.7739,2.8578625,1.8367291e-06,0.00937056221961975,22568.66895365715,475000
24.80143,-0.22020891,-9.320678,0.49229234,1.0,0.99906826,0.30273438,0.003839416,-16.36038,-16.37363,-2.8057432,139.74167,1.0617393,4.393356e-05,1.59757,-1.5609925,19.000977,0.9990654,0.28027344,0.003862305,-16.396997,-16.410257,-2.8323133,127.031944,0.92445034,2.8695322e-05,28.511448,-0.2755723,-9.299586,0.4870196,1.0,0.99902916,0.19921875,0.00430886,-16.113756,-16.12633,-3.2526622,360.09482,0.954932,3.9212143e-08,0.9990282,0.18457031,0.0043226536,-16.101194,-16.113724,-3.2835848,147.07315,0.64569104,2.8738398e-07,0.009469990491867065,22616.01890850067,480000
20.951527,-0.190424,-9.28952,0.48450294,1.0,0.9990673,0.2841797,0.0038712749,-16.221699,-16.23481,-2.8108268,1308.9656,1.6764591,6.490101e-06,1.1934829,-2.5353775,14.923069,0.99906826,0.27246094,0.0038697803,-16.292068,-16.305235,-2.8222046,156.67229,1.2110479,4.599826e-05,25.792385,-0.25049058,-9.308986,0.48936936,1.0,0.9990225,0.2109375,0.0043763574,-15.966778,-15.979193,-3.265969,230.77396,0.7829282,1.0215116e-05,0.99902344,0.18652344,0.0043733697,-16.066242,-16.078743,-3.2787466,493.69418,1.192673,1.27020585e-05,0.0093732666015625,22662.885245084763,485000
23.153484,-0.21072052,-9.326161,0.4936635,1.0,0.9990721,0.28808594,0.0038729007,-16.186665,-16.199759,-2.7913415,247.4402,1.7488726,7.32028e-05,0.8732927,-1.5709082,16.058695,0.99906254,0.2783203,0.0038972194,-16.32381,-16.336998,-2.833249,201.87798,1.6240609,1.50174965e-05,25.424381,-0.2515865,-9.298878,0.48684233,1.0,0.9990244,0.19921875,0.0043211523,-16.045923,-16.058521,-3.1576724,2665.7312,2.953938,2.2851377e-06,0.99902153,0.20214844,0.0043183193,-16.208279,-16.221037,-3.1536705,1506.6726,4.801012,4.0015175e-06,0.009431005954742432,22710.04027581215,490000
27.726288,-0.20260973,-9.298967,0.48686478,1.0,0.999074,0.28222656,0.0038748668,-16.388485,-16.401726,-2.8426766,260.04977,1.1138283,5.354804e-05,2.6944752,-2.450284,22.431555,0.9990711,0.25,0.0038795467,-16.590063,-16.603474,-2.8715658,272.58365,1.2359473,0.00011272848,29.543324,-0.22799984,-9.287134,0.4839065,1.0,0.99903107,0.20703125,0.00436787,-16.19881,-16.211493,-3.2261724,181.26175,0.9867518,2.7509387e-07,0.9990177,0.18554688,0.0044092834,-16.445732,-16.45864,-3.2430782,128.60414,1.0214728,1.1442814e-06,0.009563998508453369,22757.86027288437,495000
24.294964,-0.22092073,-9.308315,0.48920193,1.0,0.99907017,0.27929688,0.0038518244,-16.418377,-16.431725,-2.7632208,2040.2812,2.8692675,4.6692385e-05,0.99834347,-1.3308498,14.790431,0.9990759,0.25585938,0.0038800142,-16.498798,-16.512169,-2.8200357,134.92647,1.5560648,3.8139933e-05,21.829132,-0.2817325,-9.358553,0.5017612,1.0,0.99902916,0.20117188,0.0043956726,-16.270039,-16.282785,-3.2290473,3432.348,4.081691,5.7821785e-06,0.9990263,0.1796875,0.0043874313,-16.38704,-16.399885,-3.2474897,1478.2025,3.0426562,8.955597e-06,0.009224288749694824,22803.981720924377,500000
20.975624,-0.26410738,-9.328911,0.49435094,1.0,0.9990711,0.28710938,0.003896365,-16.37966,-16.392813,-2.9214125,170.60947,0.82187474,8.9977075e-06,0.95002306,-1.167289,17.085659,0.99906445,0.2626953,0.0039007096,-16.48219,-16.495476,-2.8897657,172.7893,1.1525763,7.362484e-05,19.849003,-0.29851848,-9.303015,0.48787662,1.0,0.9990053,0.22167969,0.004365759,-16.19132,-16.203974,-3.245526,409.70978,1.1221504,9.567602e-06,0.9989996,0.19628906,0.0043716216,-16.319218,-16.33201,-3.2309213,5550.1074,6.5616784,2.0447356e-05,0.5762096713066102,25685.03007888794,505000
26.110199,-0.22336525,-9.292005,0.4851241,1.0,0.9990711,0.30078125,0.0038216605,-16.247313,-16.260496,-2.7612686,420.00897,1.339354,1.2467002e-05,1.1558875,-1.2212708,16.664639,0.9990597,0.28222656,0.0038480177,-16.360924,-16.374193,-2.78899,182.35782,0.9236465,4.877132e-06,23.97739,-0.25373584,-9.320732,0.49230608,1.0,0.99903584,0.20019531,0.0043881275,-15.988571,-16.001022,-3.2502923,436.0159,1.6165863,4.0110257e-07,0.9990339,0.18359375,0.004386046,-16.071411,-16.08396,-3.2346761,1200.6841,3.5256922,6.270259e-07,0.01572991499900818,25763.679655075073,510000
27.086796,-0.20592628,-9.329739,0.49455774,1.0,0.99907494,0.28515625,0.003854301,-16.36446,-16.37766,-2.8585165,1506.2876,1.7359694,4.9460423e-06,1.4778936,-1.4171581,19.37428,0.9990759,0.27539062,0.00385782,-16.55117,-16.564566,-2.84823,163.08423,1.2053378,7.774575e-05,29.17634,-0.24470845,-9.321125,0.49240413,1.0,0.99900246,0.20605469,0.004401534,-16.198875,-16.211498,-3.2844367,398.16217,1.1579053,1.0074527e-06,0.99900246,0.19628906,0.004439342,-16.356747,-16.369555,-3.2576985,359.0455,1.6524615,5.141433e-06,0.015686877584457398,25842.11404442787,515000
24.073935,-0.21625207,-9.294317,0.48570222,1.0,0.9990778,0.28222656,0.0038822854,-16.393839,-16.407112,-2.81426,224.21402,1.1119246,5.18413e-06,1.3404876,-1.5230587,16.503511,0.999074,0.27734375,0.0038753827,-16.496532,-16.509874,-2.8493237,83.79324,0.79375976,1.3552486e-05,30.940376,-0.25296894,-9.343314,0.49795148,1.0,0.9990301,0.24414062,0.0042583975,-16.20774,-16.22053,-3.1247907,3577.1055,2.9076247,2.5364413e-06,0.999032,0.23144531,0.0042778756,-16.406368,-16.419376,-3.0989597,2713.5928,6.94588,1.0697675e-05,0.015669408226013183,25920.461089134216,520000
26.406372,-0.18685105,-9.29809,0.48664558,1.0,0.9990692,0.27148438,0.0039952397,-16.459103,-16.472324,-2.9335546,157.93858,0.9662059,2.0983198e-05,1.423826,-1.4837879,20.046824,0.99906445,0.23632812,0.0040210187,-16.60747,-16.620804,-2.9661624,92.399284,0.8096551,0.00011927901,24.711645,-0.22614709,-9.305449,0.48848504,1.0,0.99903107,0.20019531,0.004406955,-16.101053,-16.113535,-3.3326583,1144.8849,1.9229847,6.1636115e-07,0.9990282,0.19335938,0.0044010715,-16.247435,-16.260036,-3.3558102,108.426384,0.7622297,2.9036255e-07,0.015710640287399293,25999.014315366745,525000
24.844955,-0.24320123,-9.26568,0.47854286,1.0,0.99906445,0.28320312,0.0038781443,-16.312542,-16.325678,-2.8768256,649.4821,1.3425894,1.0994833e-05,3.2248454,-1.0005877,17.637642,0.9990635,0.25,0.0038912399,-16.357738,-16.370924,-2.8688483,244.70093,1.2278227,4.8770322e-05,24.790842,-0.30702585,-9.286902,0.4838485,1.0,0.99903774,0.20800781,0.0044854316,-16.187302,-16.199757,-3.4463289,229.78516,0.9980416,2.4402385e-07,0.99903584,0.19433594,0.0045019817,-16.224884,-16.2374,-3.4209373,1308.7988,2.51884,2.6905689e-06,0.015740283489227295,26077.715736865997,530000
19.279663,-0.25773448,-9.263242,0.47793335,1.0,0.9990673,0.25585938,0.0039864443,-16.164955,-16.177841,-2.9815288,145.03394,0.85127395,1.016091e-05,0.9386817,-1.2143425,11.92704,0.99906445,0.25878906,0.0040144385,-16.324253,-16.337282,-2.996551,153.29526,0.95513695,1.20271e-05,23.61386,-0.29305446,-9.336876,0.49634194,1.0,0.99902725,0.20507812,0.004552996,-16.05139,-16.063734,-3.4234016,6567.462,4.5657063,3.4125156e-07,0.9990244,0.17382812,0.0045173876,-16.107822,-16.120249,-3.3980994,698.6084,2.139402,1.3641226e-06,0.015681667852401732,26156.1240773201,535000
24.99678,-0.18932626,-9.315444,0.49098402,1.0,0.9990635,0.265625,0.0039015901,-16.306587,-16.319777,-2.8148894,318.83755,1.3582791,2.982167e-06,1.5748031,-1.5900491,17.287537,0.99906826,0.24707031,0.0039173984,-16.34668,-16.359886,-2.8349237,169.74776,1.140101,5.995615e-07,22.826286,-0.28737718,-9.320928,0.49235484,1.0,0.9990454,0.19824219,0.0043787574,-16.010908,-16.023323,-3.3102717,253.41815,1.0144757,1.334856e-07,0.99903774,0.17480469,0.0043731835,-16.136448,-16.148996,-3.2995582,263.70197,1.0759516,8.203544e-08,0.015733133029937743,26234.78974366188,540000
26.546368,-0.20946194,-9.328218,0.49417758,1.0,0.99906826,0.27929688,0.0038569267,-16.258514,-16.27164,-2.831396,164.90312,0.8286377,1.7487699e-05,1.6590321,-2.0047216,22.48226,0.9990692,0.26464844,0.0038582566,-16.375917,-16.389164,-2.8226695,81.141106,0.9099092,3.4582412e-05,26.942528,-0.24458824,-9.3096485,0.48953503,1.0,0.99902725,0.21386719,0.0043223253,-16.022314,-16.034813,-3.2360263,237.86064,0.93142706,3.554714e-07,0.99902916,0.20117188,0.004319968,-16.196795,-16.20944,-3.258365,111.53313,0.84285814,1.969818e-06,0.013345590019226075,26301.517696857452,545000
22.68026,-0.19641876,-9.282921,0.48285306,1.0,0.9990797,0.29882812,0.0038393424,-16.520138,-16.533575,-2.7706552,689.4035,2.0355425,8.07516e-06,3.3883548,-1.8318793,19.376785,0.9990711,0.2734375,0.0038363803,-16.568863,-16.582327,-2.7939942,136.49623,1.3389044,2.0237796e-05,23.444695,-0.22329774,-9.329291,0.49444574,1.0,0.9990301,0.20703125,0.004344955,-16.054495,-16.06699,-3.2715564,258.10333,0.9404249,3.0470292e-06,0.99903107,0.19042969,0.0043626544,-16.14323,-16.155787,-3.2995126,660.301,2.1365547,1.4722679e-05,0.009631750917434692,26349.676452875137,550000
29.905579,-0.17914647,-9.2835,0.48299795,1.0,0.99906635,0.29492188,0.0038229674,-16.56247,-16.575964,-2.7570052,1045.9677,1.6764516,2.9912462e-05,2.3855383,-1.0370705,22.408073,0.99906826,0.2705078,0.003839966,-16.650963,-16.664495,-2.804443,105.792694,1.0592303,6.385794e-05,32.675224,-0.24696326,-9.321124,0.49240404,1.0,0.9990454,0.23144531,0.00426519,-16.134384,-16.147055,-3.1693563,2676.906,3.4992685,2.5992424e-06,0.9990406,0.20410156,0.0042755893,-16.28323,-16.296032,-3.1887002,15689.165,18.0464,1.6219368e-05,0.009655837631225586,26397.9556453228,555000
23.198502,-0.19180372,-9.256303,0.47619855,1.0,0.99908257,0.3017578,0.0037891888,-16.559933,-16.573421,-2.75941,950.029,1.8152127,5.8692485e-06,1.6705202,-1.4872568,17.334267,0.99907684,0.27929688,0.0038212298,-16.68333,-16.696943,-2.7571921,373.23163,1.7049149,1.99788e-05,21.846924,-0.26560748,-9.289997,0.48462233,1.0,0.9990368,0.18359375,0.004433791,-16.11919,-16.131683,-3.3373027,4504.053,3.3207083,1.2637915e-06,0.9990301,0.16992188,0.0043978463,-16.232914,-16.245543,-3.314869,125.93554,0.93698233,3.3130118e-06,0.00964668869972229,26446.18909049034,560000
26.341,-0.23506126,-9.383091,0.50789577,1.0,0.9990835,0.2939453,0.0037922673,-16.581184,-16.59476,-2.6919975,305.45377,2.191165,6.951401e-05,1.1205288,-1.7329428,19.805012,0.99906445,0.27246094,0.003791173,-16.614868,-16.628487,-2.6836534,175.48456,1.6091914,2.8017608e-05,23.711973,-0.27848473,-9.370071,0.5046408,1.0,0.9990263,0.19921875,0.00437915,-16.013165,-16.025629,-3.2615986,837.4028,2.605953,2.0475152e-06,0.99902534,0.18457031,0.004374961,-16.161472,-16.174124,-3.2166495,3833.734,6.668998,6.676938e-06,0.009626251983642578,26494.320352077484,565000
19.722609,-0.23302206,-9.323146,0.49290937,1.0,0.99906635,0.28027344,0.0039322884,-16.341007,-16.354174,-2.8684688,487.50522,1.8161422,1.0311762e-05,1.5157527,-2.0156724,15.626003,0.9990721,0.26464844,0.003959309,-16.44051,-16.45374,-2.9078264,308.33206,1.324098,6.155382e-05,21.223083,-0.29551017,-9.333743,0.49555877,1.0,0.99902344,0.21191406,0.004376379,-16.103462,-16.116062,-3.2114062,235.71762,0.83181167,1.526884e-06,0.9990206,0.18359375,0.0043641757,-16.193466,-16.206154,-3.2156296,834.09393,1.6693673,1.1932229e-05,0.009626636981964112,26542.453542470932,570000
27.722256,-0.20419186,-9.282116,0.48265195,1.0,0.9990692,0.26660156,0.0038957286,-16.577833,-16.591204,-2.8986042,224.55106,1.3806894,1.945797e-05,1.9236766,-1.3990618,19.779833,0.99906063,0.26953125,0.003906995,-16.62724,-16.640636,-2.9222436,364.0946,1.8656082,8.257292e-05,25.886917,-0.24179776,-9.3512,0.4999231,1.0,0.99903107,0.19726562,0.004385171,-16.176125,-16.18868,-3.3330598,876.9778,1.6762197,1.2344004e-06,0.9990349,0.20410156,0.004398148,-16.27478,-16.287434,-3.3288786,307.58975,1.5146698,5.902444e-06,0.009660623693466187,26590.756662368774,575000
21.391968,-0.20960501,-9.263318,0.47795248,1.0,0.99906063,0.27539062,0.0038346085,-16.356888,-16.37013,-2.8065596,280.54,1.6506274,8.93442e-05,2.2984915,-2.3129532,20.781605,0.9990597,0.25390625,0.003849308,-16.508003,-16.521338,-2.8658783,198.9856,1.1287045,0.0003400322,29.651798,-0.22763875,-9.330011,0.49462587,1.0,0.9990349,0.2109375,0.0043239295,-16.086761,-16.099348,-3.209412,409.91104,1.6932695,7.0107035e-06,0.99903774,0.2109375,0.0043041958,-16.340355,-16.35319,-3.210458,740.23126,2.2772722,3.9538354e-06,0.009662325811386109,26639.06830739975,580000
18.609243,-0.29725492,-9.324983,0.49336857,1.0,0.9990759,0.28515625,0.003918993,-16.44482,-16.458109,-2.85132,379.30377,1.7188907,1.577676e-05,2.6030424,-1.88403,20.47812,0.99907494,0.25585938,0.003930372,-16.5709,-16.584347,-2.813911,1959.4658,4.2876396,0.00015045772,22.352133,-0.29619172,-9.340484,0.4972439,1.0,0.99903965,0.19921875,0.0043584136,-16.127865,-16.140476,-3.2259831,1105.639,2.1046367,5.427688e-07,0.999033,0.19433594,0.0043749744,-16.270878,-16.283655,-3.2008572,32864.254,34.131527,5.595223e-06,0.009650655126571655,26687.3215842247,585000
22.740395,-0.21099901,-9.256172,0.4761658,1.0,0.99906635,0.27734375,0.0039340877,-16.424244,-16.437408,-2.955518,178.93953,0.7034934,3.2127155e-05,1.0578148,-0.9519049,17.101519,0.9990635,0.26171875,0.0039404035,-16.46202,-16.475214,-2.9653714,237.10477,0.9732362,7.893167e-05,24.27172,-0.2730133,-9.287732,0.4840561,1.0,0.9990339,0.20605469,0.004315617,-16.317245,-16.330029,-3.2384448,1032.7535,1.9689955,6.7020865e-06,0.99902725,0.20117188,0.004310405,-16.420626,-16.433537,-3.2113554,2601.8013,4.2050176,3.6645408e-06,0.009654344749450684,26735.593309164047,590000
20.581623,-0.24030086,-9.29546,0.48598784,1.0,0.9990816,0.28515625,0.0039112987,-16.522163,-16.535463,-2.914571,138.57501,0.9634649,4.3793298e-05,0.8523759,-1.2952445,13.876435,0.9990759,0.26367188,0.0039164536,-16.602577,-16.615953,-2.9181497,95.07694,0.85525787,0.000142009,30.287514,-0.25834027,-9.358551,0.5017607,1.0,0.99904156,0.22070312,0.004298472,-16.323143,-16.335945,-3.2268333,674.86786,2.3570383,7.029258e-07,0.99904156,0.21191406,0.004333365,-16.421602,-16.434492,-3.232927,23756.9,31.924437,1.5044064e-06,0.00963162589073181,26783.75144147873,595000
21.215662,-0.2259389,-9.300401,0.48722318,1.0,0.9990616,0.2578125,0.0039976295,-16.379753,-16.392897,-2.9315228,239.16957,1.1094306,5.1162846e-05,2.4661474,-0.97266,13.019022,0.99906063,0.22363281,0.0040314645,-16.49759,-16.51083,-2.9550412,568.7072,1.4602693,0.00019738686,25.333422,-0.28650257,-9.2578945,0.47659653,1.0,0.999032,0.203125,0.0043819817,-16.133398,-16.145964,-3.2784667,915.52936,1.329885,1.2189296e-06,0.999032,0.18457031,0.004390247,-16.312784,-16.325548,-3.256467,20498.64,21.830269,9.098918e-06,0.009582887887954711,26831.665882110596,600000
27.096085,-0.20617941,-9.316013,0.4911262,1.0,0.9990692,0.28222656,0.003875904,-16.465015,-16.478342,-2.8336453,4749.658,3.3527076,9.237676e-06,1.3551066,-2.6329753,19.557325,0.9990616,0.2529297,0.003918117,-16.575777,-16.589138,-2.9077582,150.24031,0.8464099,4.6229008e-05,32.25687,-0.23386842,-9.325352,0.49346107,1.0,0.9990196,0.21582031,0.0043433406,-16.347603,-16.360498,-3.1580453,673.941,1.3546333,3.7069906e-08,0.99901676,0.19824219,0.0043293163,-16.480568,-16.493557,-3.1937885,1441.8923,2.34409,4.5057554e-08,0.44446975440979003,29054.014657974243,605000
25.212427,-0.21380629,-9.299198,0.4869225,1.0,0.99906635,0.2783203,0.003918381,-16.387371,-16.400515,-2.9406238,86.14676,0.58710504,8.8611305e-05,1.3305604,-1.101032,15.52541,0.9990673,0.2626953,0.0039273547,-16.536158,-16.549421,-2.9666548,326.88364,0.7858466,5.9850463e-05,28.82378,-0.2359227,-9.353994,0.5006214,1.0,0.9990349,0.20410156,0.0043470096,-16.235306,-16.247957,-3.294796,447.84933,1.1026562,7.2483937e-07,0.9990263,0.20019531,0.0043536504,-16.383055,-16.395824,-3.3190975,133.80624,0.69992006,2.150754e-06,0.032555484342575075,29216.79208445549,610000
27.044624,-0.21769072,-9.314335,0.49070686,1.0,0.9990759,0.2890625,0.0038523132,-16.567604,-16.581085,-2.7781913,258.0807,1.046824,1.24059225e-05,0.98499215,-2.001982,18.01445,0.99907684,0.2763672,0.0038330094,-16.586784,-16.600294,-2.7667804,84.15305,1.0833756,7.5626363e-06,21.843567,-0.26022455,-9.335293,0.49594635,1.0,0.9990101,0.20214844,0.0043823654,-16.33684,-16.349669,-3.2148783,431.56436,1.5960369,2.4181955e-07,0.99901295,0.18945312,0.004417501,-16.466356,-16.479332,-3.1926405,3139.8955,7.0925484,5.3739063e-07,0.03262268271446228,29379.905499458313,615000
25.638245,-0.20104927,-9.302308,0.48769993,1.0,0.9990711,0.25585938,0.004004283,-16.42812,-16.441322,-2.9228015,197.71509,1.0052178,2.782571e-06,2.3309336,-2.348172,20.728333,0.9990654,0.23144531,0.004021907,-16.555742,-16.569044,-2.9480925,452.2829,1.6463184,1.2872756e-06,31.057354,-0.21171139,-9.357877,0.50159216,1.0,0.99903774,0.22753906,0.0043486585,-15.985524,-15.997959,-3.2649217,639.0961,1.8740493,2.3412676e-08,0.99903584,0.21972656,0.0043586483,-16.102242,-16.11476,-3.2990584,1603.2328,2.6129177,6.038436e-08,0.03296804804801941,29544.74574661255,620000
22.01921,-0.25265205,-9.267311,0.47895068,1.0,0.999074,0.26171875,0.0039181868,-16.516272,-16.52957,-2.9113564,206.28781,1.1372249,4.532375e-05,1.9861263,-2.0785549,24.471254,0.9990616,0.2607422,0.003930341,-16.626118,-16.639542,-2.8932614,317.47467,1.3028743,0.00012304667,22.737175,-0.2780223,-9.321165,0.49241406,1.0,0.999033,0.203125,0.0044276803,-16.190655,-16.203175,-3.3839798,173.2813,1.0017211,2.040307e-06,0.9990339,0.17089844,0.0044429665,-16.312893,-16.325563,-3.3511806,1087.3201,3.5847852,3.008457e-07,0.03262584166526795,29707.8749563694,625000
20.969723,-0.25555187,-9.276404,0.48122412,1.0,0.99908066,0.26464844,0.003874264,-16.60912,-16.622606,-2.8116946,5132.32,3.829598,4.456869e-06,1.1018207,-1.3375753,16.575905,0.9990711,0.26757812,0.0038766302,-16.77013,-16.783768,-2.8177786,1115.2823,2.3317459,2.3752942e-05,27.221214,-0.24194568,-9.319639,0.49203262,1.0,0.9990406,0.21191406,0.0043517314,-16.0003,-16.012772,-3.2425194,398.29034,1.0052035,3.5173062e-07,0.9990406,0.203125,0.0043702335,-16.222221,-16.23489,-3.2624738,184.51189,0.8201277,1.3744564e-07,0.031016043090820313,29862.955177545547,630000
22.966513,-0.23544492,-9.299967,0.4871146,1.0,0.9990845,0.29589844,0.0037871955,-16.641083,-16.654676,-2.7330382,131.24992,1.1167364,2.3767487e-05,0.92218065,-1.1554294,13.481043,0.99906445,0.27148438,0.0038014043,-16.810513,-16.824278,-2.727901,206.31693,1.5915277,5.0904022e-05,22.847042,-0.25111574,-9.284375,0.48321676,1.0,0.9990263,0.19433594,0.004379368,-16.216969,-16.229614,-3.280292,776.17676,1.122705,2.0331056e-07,0.9990301,0.19238281,0.0043875733,-16.415905,-16.428764,-3.263069,576.6508,1.7048793,4.571413e-09,0.01926838355064392,29959.29709672928,635000
23.506138,-0.22862095,-9.320171,0.49216592,1.0,0.99906635,0.28515625,0.0038836352,-16.45853,-16.47179,-2.8937445,108.87546,0.862431,5.0159582e-05,1.6871908,-1.9162327,19.132736,0.99907017,0.2548828,0.003906972,-16.640743,-16.654171,-2.906448,87.5669,0.83556736,3.0769592e-05,22.877716,-0.29760167,-9.283611,0.48302576,1.0,0.9990454,0.20605469,0.004310311,-16.115028,-16.12759,-3.2647495,2957.4907,2.82787,5.9663023e-07,0.99903774,0.20605469,0.0043393774,-16.334427,-16.347214,-3.2556205,70378.16,80.903786,3.7237274e-07,0.01538553352355957,30036.224771499634,640000
23.822573,-0.2148577,-9.243851,0.47308552,1.0,0.99908066,0.2783203,0.0039118403,-16.575396,-16.58885,-2.810758,256.02625,1.5304333,2.5940717e-06,2.7191958,-3.2756758,18.40781,0.9990711,0.26367188,0.003928742,-16.693817,-16.707384,-2.8140457,270.794,2.0068462,1.0636834e-06,27.647324,-0.2442193,-9.293205,0.48542422,1.0,0.9990444,0.2265625,0.0043082237,-16.44487,-16.457909,-3.107429,1124.5593,4.315611,2.0435153e-05,0.99903107,0.203125,0.0043337885,-16.615683,-16.628859,-3.137341,11432.728,18.878246,2.7680353e-06,0.015408158159255982,30113.265563726425,645000
21.394806,-0.23559803,-9.276344,0.48120898,1.0,0.9990711,0.28125,0.003874113,-16.404728,-16.418034,-2.7927847,454.55157,1.2405337,2.1960423e-05,1.3125746,-1.1721202,16.319351,0.99906063,0.25878906,0.0038984525,-16.561245,-16.574669,-2.827871,163.1071,1.0826682,9.6813936e-05,27.570728,-0.24074422,-9.356332,0.5012059,1.0,0.99902725,0.203125,0.004308811,-16.288933,-16.301718,-3.2075198,4806.081,3.4106092,5.630533e-07,0.9990263,0.1953125,0.004315721,-16.389557,-16.402443,-3.2063913,2515.6943,3.5280633,2.3107397e-05,0.015312476015090943,30189.827949762344,650000
25.178965,-0.20908377,-9.280338,0.48220766,1.0,0.9990883,0.29589844,0.003752803,-16.63002,-16.643698,-2.6380832,306.33286,1.9975138,7.100941e-05,1.5198499,-1.5483918,19.214222,0.99907875,0.27539062,0.0037593108,-16.83659,-16.850443,-2.6651323,1354.0404,2.7996464,4.8541653e-05,27.694515,-0.24305752,-9.359676,0.50204194,1.0,0.9990349,0.20703125,0.0043997336,-16.042328,-16.054817,-3.2656143,960.02795,1.6169462,2.1694982e-06,0.99902916,0.19140625,0.0044008917,-16.31774,-16.330494,-3.2699666,1343.7928,2.85246,2.5202287e-06,0.015114754581451416,30265.40172457695,655000
17.811838,-0.2792356,-9.249432,0.47448108,1.0,0.9990816,0.2919922,0.003815284,-16.864403,-16.878208,-2.7413287,207.83952,1.7525529,3.939535e-05,2.461165,-1.5175877,17.236652,0.9990816,0.2705078,0.0038396572,-16.960989,-16.974863,-2.7660952,282.20667,1.8188666,3.841195e-05,21.65832,-0.29966652,-9.332211,0.49517542,1.0,0.99903774,0.23144531,0.00426461,-16.20271,-16.215416,-3.2049587,252.76283,0.8609585,2.2425824e-05,0.9990425,0.21972656,0.0042566457,-16.296093,-16.30893,-3.1649594,1310.7245,2.450879,1.4627176e-05,0.015098832559585572,30340.895892381668,660000
21.637354,-0.25025254,-9.31461,0.49077517,1.0,0.9990854,0.3095703,0.0038027363,-16.64429,-16.657907,-2.7141495,361.87534,1.5701809,1.1145463e-05,1.8770071,-1.7448221,15.550844,0.9990816,0.30859375,0.0038187946,-16.70965,-16.723335,-2.7082124,845.53796,2.5864787,7.466554e-05,22.033741,-0.29241353,-9.32574,0.493558,1.0,0.9990225,0.20117188,0.004358361,-16.421276,-16.434189,-3.2119582,449.3482,1.467368,5.3421235e-07,0.9990282,0.18847656,0.004344995,-16.478954,-16.49194,-3.193542,705.4965,2.260889,1.3760355e-05,0.0152953125,30417.37245607376,665000
18.324024,-0.26194102,-9.289719,0.48455274,1.0,0.99906635,0.28027344,0.0038473154,-16.658401,-16.671871,-2.8756757,280.637,0.96452844,3.782808e-05,1.8779528,-1.0424012,13.750556,0.9990549,0.24511719,0.0039076945,-16.728127,-16.741634,-2.9094617,87.10335,0.77310014,2.0921234e-05,29.640741,-0.2852729,-9.366648,0.5037851,1.0,0.9990349,0.23046875,0.004283981,-16.362782,-16.37565,-3.1981728,495.6224,1.1415007,5.220606e-06,0.9990301,0.22167969,0.0042769536,-16.457672,-16.470663,-3.1670272,146.63647,0.7371253,1.34858565e-05,0.015480824375152588,30494.776585817337,670000
25.847073,-0.21373498,-9.278227,0.48167998,1.0,0.9990635,0.29101562,0.003907743,-16.675325,-16.68883,-2.8625088,186.90338,1.1725104,1.5488691e-05,1.5111126,-1.282171,18.511196,0.9990673,0.2578125,0.003964114,-16.835617,-16.849218,-2.921598,312.02774,1.3119097,1.4711786e-05,27.502556,-0.24522312,-9.328805,0.49432427,1.0,0.99903584,0.20507812,0.0043704724,-16.201431,-16.214024,-3.3191075,337.5128,0.9531397,1.6201759e-07,0.99903965,0.203125,0.004373881,-16.381552,-16.394325,-3.3132367,394.2364,1.5678778,2.9707175e-07,0.015248590898513794,30571.019542217255,675000
18.467037,-0.22510841,-9.254667,0.4757899,1.0,0.9990635,0.28515625,0.0038819867,-16.575947,-16.589382,-2.8333008,171.33586,0.961937,6.930768e-05,1.7352115,-1.443134,14.340361,0.9990587,0.25585938,0.0039010854,-16.619041,-16.632484,-2.865698,152.39908,1.064575,5.3469914e-05,34.24598,-0.2572973,-9.322544,0.492759,1.0,0.99902725,0.23144531,0.00426218,-16.481907,-16.494968,-3.1184576,743.3549,1.5856674,7.5814623e-06,0.99902916,0.21972656,0.0042343326,-16.55457,-16.56772,-3.1000385,23380.02,23.70621,3.5542275e-06,0.013801651191711426,30640.027799367905,680000
24.26585,-0.21624513,-9.319281,0.49194306,1.0,0.999073,0.27148438,0.003862549,-16.510733,-16.524105,-2.8302193,390.94388,1.323023,3.6186386e-05,1.4118443,-1.6856021,17.650879,0.9990616,0.24511719,0.0039055957,-16.605179,-16.618593,-2.885654,273.53333,0.9940031,3.3722183e-05,23.756296,-0.25655222,-9.335484,0.49599388,1.0,0.99903107,0.21386719,0.0043106964,-16.404678,-16.41758,-3.2075171,128.77376,1.0609875,4.3086965e-07,0.9990196,0.20507812,0.0043209046,-16.54561,-16.55866,-3.1944394,1648.4808,2.6738157,4.495508e-07,0.00956413378715515,30687.848472595215,685000
24.870928,-0.2537598,-9.30747,0.4889905,1.0,0.99907684,0.30078125,0.0037874514,-16.781034,-16.794788,-2.7093372,213.16484,1.613194,4.919959e-05,1.0721202,-1.6189907,15.904927,0.9990759,0.25878906,0.0037924042,-16.991608,-17.005579,-2.701055,170.10428,1.474577,8.97757e-05,27.636642,-0.33634263,-9.416793,0.51632106,1.0,0.9990349,0.20117188,0.004344671,-16.332008,-16.34479,-3.2580144,245.41243,0.9449963,1.58535e-05,0.9990339,0.18945312,0.0043237396,-16.545263,-16.558311,-3.1986864,1566.5833,3.3818069,1.7181059e-06,0.009613210153579712,30735.914524793625,690000
19.052948,-0.2811111,-9.309198,0.48942262,1.0,0.99907017,0.26464844,0.0039158445,-16.703716,-16.717222,-2.8867807,142.32887,0.8781991,5.4495194e-05,1.2673877,-1.3462832,16.359095,0.9990597,0.25390625,0.003914999,-16.80314,-16.81675,-2.8816862,197.19246,1.126337,4.7730875e-05,29.10399,-0.24026483,-9.315142,0.49090832,1.0,0.999033,0.20507812,0.0043482315,-16.416275,-16.429152,-3.2441075,439.82678,1.4807894,1.4722283e-07,0.9990263,0.19726562,0.004360434,-16.550743,-16.563747,-3.2467124,378.7991,1.7693642,1.4533492e-06,0.009602313613891602,30783.926094055176,695000
25.589428,-0.20194171,-9.309648,0.48953497,1.0,0.9990778,0.29003906,0.0038440388,-16.714928,-16.728506,-2.8248343,128.6455,1.1487331,1.8539129e-05,3.3209143,-3.5126946,21.808544,0.9990711,0.2578125,0.0038757005,-16.885899,-16.89959,-2.8812106,161.88512,1.0807846,1.7223572e-05,28.694536,-0.21142179,-9.301827,0.4875797,1.0,0.9990387,0.21484375,0.004381341,-16.085318,-16.09783,-3.2849593,512.34314,0.91511166,8.527925e-07,0.99903584,0.21777344,0.0043834504,-16.300873,-16.313597,-3.2850876,1633.3064,2.7734036,2.5025006e-06,0.009566621732711791,30831.759207487106,700000
30.122047,-0.19257617,-9.325507,0.49349976,1.0,0.99907684,0.27929688,0.0039014574,-16.806675,-16.82034,-2.8281746,221.2572,1.0613987,3.4370423e-06,1.7329781,-1.8456203,23.14444,0.99905777,0.2705078,0.003910449,-16.889835,-16.903532,-2.8815155,237.43217,1.1315022,7.547657e-06,28.306007,-0.22994627,-9.333104,0.49539894,1.0,0.99902916,0.19726562,0.0043624677,-16.310007,-16.32279,-3.232836,408.7692,1.5887082,2.3069908e-06,0.9990263,0.17871094,0.004357835,-16.448359,-16.461246,-3.2643187,697.03485,2.0449688,5.96581e-06,0.4114397275924683,32888.95784711838,705000
20.153172,-0.24583489,-9.31654,0.4912579,1.0,0.99906826,0.27929688,0.003969049,-16.396805,-16.40995,-2.9507284,108.61588,0.8047204,6.3165717e-06,1.2335541,-2.3437881,15.597322,0.9990568,0.2529297,0.0040010046,-16.518698,-16.531965,-2.945806,92.55843,0.83721036,8.283837e-06,33.041695,-0.2546202,-9.319085,0.4918942,1.0,0.99903107,0.203125,0.0043537924,-16.201916,-16.214544,-3.2832289,319.10083,1.2611916,9.318775e-07,0.9990301,0.18359375,0.0043836175,-16.342684,-16.355434,-3.3007016,95895.01,94.60114,5.9326163e-07,0.033088657283782956,33054.40113544464,710000
24.870125,-0.19370791,-9.317345,0.49145913,1.0,0.99906063,0.28808594,0.0038228265,-16.8361,-16.849829,-2.7905016,108.36208,0.98129445,3.0184698e-05,1.8272487,-2.9025273,21.639034,0.9990568,0.25097656,0.003850914,-16.964476,-16.978273,-2.8475382,116.478165,0.9346548,6.8634734e-05,29.033688,-0.23405547,-9.365996,0.5036221,1.0,0.9990406,0.19628906,0.004444804,-16.245733,-16.25827,-3.4176075,12220.982,6.7879515,1.8619029e-06,0.9990368,0.19140625,0.004465948,-16.432732,-16.44543,-3.4436636,168.99007,0.6934161,1.5231549e-06,0.03390860009193421,33223.944142341614,715000
24.099403,-0.24507114,-9.315275,0.49094188,1.0,0.9990845,0.26757812,0.0038845076,-16.871307,-16.885035,-2.8281312,602.978,1.8325821,7.22871e-06,2.5101595,-2.7928574,23.522915,0.999074,0.23730469,0.0039391057,-17.024364,-17.038164,-2.9086618,300.52448,1.428557,4.341395e-06,26.917393,-0.23659638,-9.305087,0.48839468,1.0,0.99904156,0.20703125,0.0043762634,-16.242548,-16.255205,-3.2931437,223.60522,0.99125737,8.8644174e-07,0.9990406,0.18652344,0.0043795137,-16.396729,-16.409542,-3.2902565,560.5922,1.7347636,7.807393e-07,0.033299920320510865,33390.443746328354,720000
17.99311,-0.23996209,-9.243497,0.4729973,1.0,0.99907017,0.27734375,0.0038740383,-16.627274,-16.640759,-2.8326192,170.8726,0.89728963,3.8788647e-05,0.80554384,-1.3503811,10.867294,0.9990711,0.2607422,0.003911457,-16.69573,-16.709223,-2.8931162,87.36333,0.9575616,2.2503658e-05,27.29577,-0.28405476,-9.325297,0.49344724,1.0,0.99903774,0.20117188,0.0043528904,-16.485943,-16.498896,-3.2330399,449.4294,1.6538414,2.5203535e-06,0.9990282,0.18847656,0.0043484843,-16.554893,-16.56793,-3.219483,104.5823,0.92181796,1.847839e-05,0.03292841949462891,33555.085846185684,725000
25.633533,-0.21256128,-9.266438,0.47873226,1.0,0.9990711,0.2783203,0.003901005,-16.701857,-16.715384,-2.8636866,472.7138,1.4375273,6.6370817e-06,1.96119,-1.771306,20.489304,0.99907494,0.25976562,0.003906493,-16.85632,-16.869993,-2.8662395,197.76195,1.2614603,1.2400032e-05,19.475933,-0.2808871,-9.3294735,0.49449152,1.0,0.99903107,0.20605469,0.004290199,-16.376925,-16.389772,-3.2329779,522.5384,1.4199493,4.266757e-06,0.99902916,0.18847656,0.0043017343,-16.532139,-16.545118,-3.2552118,599.76715,1.9591001,8.4411495e-06,0.029805808734893798,33704.11489510536,730000
22.469307,-0.23163123,-9.358982,0.5018686,1.0,0.99908733,0.29589844,0.0038144132,-16.871971,-16.885744,-2.7836063,330.70294,1.9400446,4.3786116e-05,1.1444916,-1.7962567,16.139149,0.9990721,0.2783203,0.003846452,-16.967728,-16.98157,-2.8073578,300.4196,2.094539,4.4321692e-05,28.732334,-0.25722486,-9.331355,0.4949617,1.0,0.9990301,0.20605469,0.0043452606,-16.236227,-16.248909,-3.26185,347.59497,1.1339148,1.5487045e-06,0.9990225,0.20800781,0.0043444065,-16.380493,-16.39332,-3.256688,368.30795,1.4921243,3.4563536e-06,0.02684538335800171,33838.34181308746,735000
20.514225,-0.2564381,-9.276568,0.48126495,1.0,0.9990778,0.31347656,0.0037898188,-16.626217,-16.639795,-2.7365491,151.46207,0.93270385,1.0377623e-05,1.8137163,-1.7862866,18.212288,0.99907017,0.27539062,0.0038296958,-16.777096,-16.790804,-2.7537627,85.49001,0.91358596,1.27964095e-05,21.595028,-0.30572075,-9.353302,0.50044835,1.0,0.9990492,0.20996094,0.0042797485,-16.253628,-16.26637,-3.2180052,458.2853,1.4397911,9.148356e-06,0.9990444,0.20703125,0.0042773774,-16.374039,-16.386913,-3.2040854,1724.9039,2.5812082,3.704731e-05,0.02711885085105896,33973.93607378006,740000
24.274696,-0.2526834,-9.299392,0.48697093,1.0,0.99909306,0.30664062,0.0037838682,-17.113913,-17.127977,-2.727742,155.96419,1.4152789,2.7802316e-06,1.3937933,-1.0842044,17.552402,0.999073,0.28808594,0.00381913,-17.286379,-17.30059,-2.7493863,125.64972,1.4947412,5.0717273e-07,31.326801,-0.27101138,-9.305662,0.48853868,1.0,0.999032,0.20996094,0.004399177,-16.544209,-16.557169,-3.2840586,632.78,2.0670834,2.655002e-09,0.99902534,0.1875,0.0044099838,-16.771374,-16.784569,-3.2736638,1991.5988,3.5892944,7.7076015e-07,0.027930041027069093,34113.58628106117,745000
24.731653,-0.23671216,-9.274012,0.480626,1.0,0.9990797,0.2861328,0.0038527548,-16.76903,-16.782661,-2.8262553,390.71188,1.2071636,4.9228993e-06,2.237333,-1.8409508,22.057354,0.9990711,0.26464844,0.003885867,-17.00865,-17.022522,-2.8202245,4401.0186,6.3060665,1.0029697e-05,30.634352,-0.24118632,-9.310414,0.48972645,1.0,0.9990349,0.18457031,0.0043787947,-16.320469,-16.333178,-3.3213348,881.4998,0.9128913,3.2668129e-06,0.999033,0.17480469,0.004390899,-16.517174,-16.530046,-3.3467562,102.22803,0.601632,2.0332152e-06,0.01671684947013855,34197.17053389549,750000
23.677193,-0.18575372,-9.309154,0.48941144,1.0,0.9990692,0.3095703,0.0038483175,-16.577011,-16.590492,-2.7826037,680.7345,1.1095123,4.974454e-06,1.6195579,-1.8651916,18.914206,0.99907017,0.28320312,0.0038601444,-16.605503,-16.618946,-2.853891,336.5384,1.185277,1.7283532e-05,20.97407,-0.26409537,-9.341899,0.49759772,1.0,0.9990282,0.18554688,0.004392435,-16.493454,-16.506296,-3.3552547,260.74173,0.9784801,7.431101e-08,0.999033,0.17773438,0.0043612686,-16.588547,-16.601486,-3.3514543,1036.0375,1.6975532,1.776563e-07,0.01538859748840332,34274.11352276802,755000
20.344316,-0.23157698,-9.267497,0.4789974,1.0,0.99906826,0.28125,0.0038969663,-16.486008,-16.499363,-2.8229547,629.1999,1.5688672,2.724839e-05,1.458005,-0.97270054,13.600817,0.9990635,0.26464844,0.0039334456,-16.701687,-16.715218,-2.8582401,148.17175,1.0939991,1.768176e-05,25.939869,-0.2614197,-9.350616,0.49977702,1.0,0.999033,0.21875,0.004224998,-16.361576,-16.374535,-3.107366,4021.7668,3.2084813,2.4558434e-05,0.9990349,0.20898438,0.0042338576,-16.551384,-16.5645,-3.1312084,1808.3993,2.7072756,4.2665397e-05,0.01544782190322876,34351.352635383606,760000
21.57482,-0.26499367,-9.316889,0.49134523,1.0,0.99906635,0.2919922,0.0038529192,-16.801315,-16.814983,-2.821044,120.49772,0.91620684,3.252673e-05,1.7515285,-2.0661411,18.511925,0.9990711,0.2763672,0.0038567053,-16.87868,-16.892439,-2.8046045,250.25586,1.146183,3.2706237e-05,21.659895,-0.3016482,-9.257946,0.4766096,1.0,0.9990444,0.21582031,0.004275922,-16.620354,-16.633427,-3.2444994,813.9959,1.5858407,6.055362e-06,0.9990368,0.21679688,0.004273327,-16.663212,-16.676376,-3.1967974,433.92355,1.8433713,4.415357e-05,0.015494284629821777,34428.82406377792,765000
23.397713,-0.23824415,-9.304329,0.48820534,1.0,0.9990845,0.2919922,0.003801824,-16.772385,-16.786093,-2.7482162,904.2057,2.052647,0.00012606487,1.8109396,-2.7032416,19.871628,0.9990759,0.27441406,0.0038164817,-16.904892,-16.91871,-2.7678642,213.20561,1.449255,7.1788505e-05,21.933279,-0.28218544,-9.32881,0.49432525,1.0,0.999032,0.18261719,0.004377574,-16.185665,-16.198244,-3.3145866,912.80707,1.234573,1.9970511e-07,0.99903584,0.1796875,0.0043790177,-16.401592,-16.41439,-3.3075907,1252.635,1.744711,9.837534e-08,0.015504324054718018,34506.345685482025,770000
24.024246,-0.24669887,-9.281454,0.4824863,1.0,0.9990759,0.31152344,0.0037744357,-16.825535,-16.839264,-2.7812922,400.78757,1.5307853,6.643608e-05,2.6311963,-2.3570542,26.818977,0.99907684,0.2841797,0.0037820674,-16.937014,-16.950861,-2.7732205,709.7737,1.723541,9.645424e-05,20.684845,-0.30192083,-9.325642,0.49353322,1.0,0.99902725,0.19921875,0.004426444,-16.430403,-16.443216,-3.3219786,2432.7434,2.8909597,4.8357936e-07,0.99902153,0.18164062,0.0044243676,-16.55952,-16.572514,-3.267234,26663.695,30.484688,4.713088e-06,0.01566837158203125,34584.68754816055,775000
24.18074,-0.2527312,-9.271531,0.48000568,1.0,0.999074,0.29589844,0.0038472582,-16.712372,-16.725945,-2.8274202,213.59982,1.1339419,7.683585e-06,0.9067187,-1.9646866,16.369562,0.999074,0.2578125,0.0038818358,-16.716707,-16.730265,-2.8493078,205.81343,1.3855938,4.4909964e-05,22.596172,-0.28591022,-9.345678,0.49854255,1.0,0.99902534,0.20410156,0.004362411,-16.206554,-16.219194,-3.2749596,167.09137,0.816612,1.4071333e-06,0.99902344,0.19433594,0.0043679797,-16.288837,-16.301598,-3.2348356,229.89246,1.1036011,1.7275079e-05,0.015742908573150634,34663.40209245682,780000
21.678831,-0.21632446,-9.282568,0.48276514,1.0,0.9990673,0.29589844,0.0038689398,-16.677174,-16.690722,-2.8211994,781.20917,1.3374691,4.5293287e-05,1.3808556,-0.95804816,15.6185055,0.9990654,0.2734375,0.0038767515,-16.93806,-16.951853,-2.8292978,190.25085,1.1252317,6.333972e-05,29.607857,-0.24218422,-9.302767,0.48781455,1.0,0.9990454,0.21972656,0.0043609943,-16.465982,-16.478924,-3.224837,759.7362,2.171752,1.2107179e-06,0.9990425,0.21777344,0.004350152,-16.673645,-16.686737,-3.282508,454.6025,1.0768352,2.457393e-06,0.015702329587936402,34741.91374516487,785000
21.967472,-0.21877185,-9.280581,0.48226827,1.0,0.9990816,0.3076172,0.003866679,-16.842892,-16.856567,-2.8532317,383.53958,1.3148148,7.292467e-06,3.1552114,-1.4461205,17.266096,0.99907494,0.25878906,0.0039228657,-16.953413,-16.967142,-2.9071374,297.6895,1.2869716,9.0218855e-08,27.762749,-0.30054608,-9.34124,0.49743313,1.0,0.9990263,0.21386719,0.004323777,-16.560308,-16.573343,-3.2275107,4571.746,5.7184916,4.1411678e-07,0.99902725,0.19921875,0.0043285945,-16.658512,-16.671669,-3.2008653,522.3506,1.9913183,4.275011e-07,0.015229729366302491,34818.062397003174,790000
22.238459,-0.23655802,-9.315959,0.4911128,1.0,0.9990816,0.28515625,0.003841319,-16.897266,-16.911064,-2.7835817,622.91144,1.8152814,6.719539e-06,1.3258348,-1.3420935,18.602865,0.9990759,0.2626953,0.003860752,-16.991638,-17.005493,-2.8168364,286.40402,1.5685754,0.00011258956,31.482447,-0.2603116,-9.334473,0.49574113,1.0,0.99902916,0.18945312,0.004418311,-16.57655,-16.589561,-3.2659621,1125.4519,1.9622296,7.806559e-07,0.99903107,0.18457031,0.0044415635,-16.662342,-16.675415,-3.2890818,1679.1813,3.1043391,8.83771e-07,0.013351940059661865,34884.822098493576,795000
20.458952,-0.24012052,-9.311949,0.49011016,1.0,0.99907017,0.27246094,0.0038599703,-16.778828,-16.792454,-2.8404949,518.17786,1.4499159,6.35501e-05,0.9012204,-1.0882865,14.282487,0.9990673,0.2705078,0.0038725836,-17.008457,-17.022303,-2.8430898,184.26385,1.3751578,0.0001403895,25.596443,-0.28775027,-9.326546,0.49375933,1.0,0.999032,0.17578125,0.004411281,-16.457333,-16.470116,-3.3802886,242.86612,1.1326498,1.0668815e-06,0.99902916,0.16894531,0.0044211997,-16.586329,-16.599257,-3.3598895,646.67645,1.3938179,1.755102e-07,0.00944808292388916,34932.06251978874,800000
23.022652,-0.2351718,-9.294654,0.48578644,1.0,0.9990902,0.29785156,0.0037658988,-16.957638,-16.971632,-2.6405504,186.1866,1.6537033,1.1733857e-05,1.838813,-1.3175132,18.88235,0.9990845,0.29003906,0.0038064714,-17.14724,-17.161386,-2.673867,660.01263,2.2461755,4.6698526e-05,28.400753,-0.2507416,-9.323589,0.49302045,1.0,0.9990282,0.20703125,0.004449275,-16.370628,-16.383488,-3.21709,3200.896,3.4840915,9.3719547e-07,0.9990263,0.20117188,0.0044482253,-16.60614,-16.619202,-3.2449641,275.02493,1.2677934,1.214372e-06,0.29409109334945677,36402.51798772812,805000
19.579205,-0.23509797,-9.286749,0.48381007,1.0,0.9990778,0.3017578,0.0038365312,-16.769653,-16.7833,-2.8095055,168.31396,1.1041455,1.9911007e-05,1.2586265,-0.98629105,12.328571,0.9990759,0.265625,0.003868923,-16.81903,-16.832668,-2.8693073,187.03755,1.1358556,1.5609055e-05,27.822542,-0.27632827,-9.302223,0.4876787,1.0,0.99902916,0.20800781,0.004380068,-16.446062,-16.458923,-3.2878659,334.52234,1.3602778,1.01227e-08,0.9990301,0.20605469,0.004377515,-16.616001,-16.629028,-3.286806,738.16724,2.040667,5.561956e-08,0.030067103481292726,36552.853507995605,810000
22.47916,-0.21799026,-9.248253,0.4741862,1.0,0.99907494,0.28710938,0.0038241018,-16.91071,-16.924522,-2.7807822,308.31885,1.239764,1.2717282e-05,2.5474775,-1.91317,17.42788,0.9990816,0.27441406,0.003802543,-16.984106,-16.997988,-2.7823713,133.05229,1.0367908,4.546505e-05,28.839321,-0.29133794,-9.315029,0.49088043,1.0,0.9990406,0.22949219,0.004287197,-16.611492,-16.624653,-3.1504002,1121.408,2.5306146,1.6491928e-06,0.99904346,0.20605469,0.0042566685,-16.770388,-16.78372,-3.1295874,438.05878,2.2933092,2.2785223e-06,0.03057399344444275,36705.72347831726,815000
26.74357,-0.16202328,-9.280676,0.48229218,1.0,0.99907017,0.29003906,0.003789853,-16.61519,-16.628767,-2.725359,408.98444,1.1406004,5.8342048e-05,2.0921466,-1.8666453,25.408375,0.9990692,0.25878906,0.0038551465,-16.898758,-16.912504,-2.8353317,155.73633,1.2102442,0.00011045305,28.091198,-0.2419022,-9.3212385,0.4924326,1.0,0.9990425,0.20800781,0.0043511437,-16.203438,-16.216135,-3.216639,450.36047,1.4712367,4.841629e-06,0.9990463,0.19335938,0.0043658037,-16.455803,-16.468725,-3.2375,126.803246,0.95875156,8.2115434e-08,0.030870007610321045,36860.07352089882,820000
20.03529,-0.23469695,-9.293666,0.48553944,1.0,0.9990835,0.29882812,0.0038737915,-16.874586,-16.888329,-2.816845,569.5878,1.8389091,1.6431471e-06,1.019636,-0.91257936,13.387323,0.9990778,0.28515625,0.0038763531,-16.899128,-16.912895,-2.8136752,287.4178,1.5959721,3.2389293e-05,32.702843,-0.21567795,-9.333537,0.49550718,1.0,0.9990244,0.21777344,0.0043391585,-16.555227,-16.56833,-3.1515486,639.96735,2.01368,2.451933e-05,0.9990206,0.20703125,0.0042881267,-16.672197,-16.685434,-3.1311352,542.9753,1.6651528,2.1486925e-05,0.03082307782173157,37014.18891119957,825000
27.64216,-0.24115098,-9.317611,0.49152568,1.0,0.9990692,0.28808594,0.0038652085,-16.962025,-16.975855,-2.816215,576.22064,1.784502,1.0825489e-05,3.598343,-1.9939917,27.117353,0.9990778,0.2763672,0.0038889605,-17.025036,-17.03891,-2.8301916,227.36174,1.5484169,2.7222184e-05,30.19752,-0.28450122,-9.32692,0.49385294,1.0,0.9990301,0.20410156,0.0043770215,-16.503994,-16.516949,-3.252489,614.091,2.0462205,1.2425815e-07,0.99902534,0.18554688,0.004361891,-16.629652,-16.642721,-3.258669,152.72949,1.1763127,1.049861e-05,0.031432269954681395,37171.35026717186,830000
23.142004,-0.2113463,-9.285626,0.4835294,1.0,0.9990568,0.2685547,0.0038665743,-16.591677,-16.605183,-2.77645,254.06133,0.9848347,3.0684419e-06,1.8607907,-0.90659755,16.261005,0.99905586,0.25,0.003889314,-16.605225,-16.618708,-2.8115113,221.20372,1.1438215,2.762604e-05,24.900494,-0.2534824,-9.330206,0.49467462,1.0,0.99901676,0.19921875,0.0044378145,-16.457354,-16.470255,-3.25977,1425.2644,2.366669,9.2940255e-08,0.9990263,0.18359375,0.004377982,-16.578861,-16.591928,-3.2071748,407.3245,1.6783509,3.3779088e-05,0.03325373435020447,37337.61894083023,835000
24.325533,-0.21617222,-9.307369,0.4889652,1.0,0.99907017,0.3017578,0.0037682722,-16.91779,-16.93173,-2.654703,429.00153,2.5598001,2.471456e-05,1.7381281,-1.3988932,16.602665,0.9990778,0.2861328,0.0037884905,-17.068449,-17.082493,-2.6989594,240.25386,2.0415118,3.8984417e-05,27.56177,-0.24032682,-9.352067,0.5001399,1.0,0.99902916,0.20800781,0.004328969,-16.389164,-16.401962,-3.2964976,514.7186,1.6107682,6.1914634e-06,0.99902725,0.19824219,0.0043246457,-16.504578,-16.51748,-3.302762,305.7296,0.9988713,6.619042e-06,0.032897975492477416,37502.10882329941,840000
24.11171,-0.20128483,-9.353106,0.50039923,1.0,0.99908733,0.29589844,0.0038762833,-17.043375,-17.057283,-2.8137426,327.65875,1.2974101,1.8625218e-05,0.8007558,-1.768213,15.825658,0.9990845,0.2685547,0.0038876436,-17.22178,-17.235815,-2.8657398,134.62653,1.1755829,2.4181565e-05,33.98068,-0.23627862,-9.335573,0.49601614,1.0,0.999032,0.21777344,0.0042759627,-16.570925,-16.584032,-3.1620798,1988.9415,2.819872,5.000223e-06,0.99903584,0.21875,0.004282994,-16.779531,-16.792843,-3.1615038,450.38818,1.7597015,7.1361096e-06,0.030897995233535768,37656.5988008976,845000
23.92532,-0.22372712,-9.273109,0.48040053,1.0,0.9990759,0.30273438,0.0038147501,-16.886452,-16.900251,-2.7715702,1300.4609,1.6612449,1.3810826e-05,1.1143543,-2.7205842,17.496685,0.9990721,0.27441406,0.0038432158,-17.088783,-17.10274,-2.811759,1474.0989,2.49929,3.5992718e-05,27.65656,-0.23075028,-9.3293,0.49444786,1.0,0.99903107,0.19140625,0.0043875165,-16.344221,-16.35698,-3.2933989,404.1998,1.1093051,1.5254474e-06,0.9990196,0.17480469,0.0044004368,-16.56963,-16.582596,-3.3049006,750.7683,2.1109202,7.882033e-09,0.028600560569763185,37799.60161113739,850000
18.129435,-0.24908786,-9.287925,0.48410416,1.0,0.9990797,0.30273438,0.003808124,-16.931595,-16.945469,-2.7389205,446.5899,1.5273803,7.547589e-05,1.6324034,-1.0222776,12.540005,0.9990835,0.2763672,0.0038236587,-17.062904,-17.07689,-2.7550416,393.5467,1.6084037,7.207346e-05,29.82211,-0.3029056,-9.3162365,0.49118218,1.0,0.99902344,0.22265625,0.0042973193,-16.528217,-16.541239,-3.2079816,1348.9733,1.4311688,2.6134714e-07,0.9990225,0.20996094,0.004322802,-16.666174,-16.679312,-3.227438,7602.668,8.573755,3.9346872e-07,0.026779959964752197,37933.50141263008,855000
21.40876,-0.25339895,-9.312056,0.49013692,1.0,0.9990711,0.27929688,0.0038849656,-16.708626,-16.722216,-2.8059313,224.8502,0.9525817,3.1217765e-05,1.9422742,-2.4921732,19.436615,0.9990549,0.2548828,0.003943694,-16.879072,-16.892756,-2.8780289,100.06091,0.8031068,3.623874e-05,34.991207,-0.24286303,-9.360186,0.50216925,1.0,0.9990301,0.2109375,0.0044033006,-16.683846,-16.696987,-3.2387896,426.95178,1.8065374,1.1300154e-06,0.99902916,0.19042969,0.0043814722,-16.845472,-16.858755,-3.2562,220.20459,1.1457896,8.104074e-06,0.026221238803863525,38064.60761094093,860000
22.746613,-0.24289453,-9.326292,0.493696,1.0,0.9990759,0.30664062,0.003820672,-16.937115,-16.950941,-2.7938051,195.97685,1.2314844,3.1631844e-05,2.0064535,-2.001893,21.931988,0.99906445,0.2783203,0.0038684565,-17.010286,-17.02414,-2.8371992,149.25763,1.1895994,1.8569757e-05,25.950375,-0.27600822,-9.3117075,0.49004972,1.0,0.99903584,0.23925781,0.0043534124,-16.336132,-16.34894,-3.2338252,1561.7307,3.303835,2.0152358e-09,0.9990301,0.20019531,0.0043720976,-16.405106,-16.417974,-3.2413955,973.1497,2.392896,5.871182e-07,0.026323504400253297,38196.22513628006,865000
26.42374,-0.22091413,-9.341919,0.49760252,1.0,0.99909306,0.3154297,0.0038089047,-16.899986,-16.913805,-2.7621698,387.9391,1.5079956,3.3663426e-08,2.307103,-2.0926056,21.442575,0.9990778,0.28222656,0.0038114048,-16.922878,-16.936722,-2.7604678,259.68408,1.3504983,3.2099928e-05,25.947498,-0.28038764,-9.34836,0.499213,1.0,0.99903107,0.19628906,0.004334463,-16.317371,-16.330133,-3.260634,391.61258,1.1040881,2.7421249e-05,0.9990339,0.17773438,0.0043245885,-16.456482,-16.46938,-3.2610073,3988.0193,7.3109455,2.729234e-05,0.026621630668640137,38329.33329129219,870000
18.26868,-0.2603515,-9.294006,0.48562464,1.0,0.9990721,0.30273438,0.0038216314,-16.938004,-16.95191,-2.7104442,181.352,1.0186094,1.0937543e-05,1.1671573,-1.8084844,12.574727,0.99906826,0.265625,0.0038524996,-17.045992,-17.059969,-2.747188,754.8768,1.7522495,0.00020557642,26.038464,-0.2730053,-9.320093,0.49214625,1.0,0.9990425,0.22070312,0.0043257456,-16.5593,-16.572336,-3.2226458,523.2475,1.0176586,1.02650965e-05,0.9990387,0.21386719,0.004350027,-16.64502,-16.65814,-3.2248006,1233.2594,2.3584797,3.629387e-05,0.024687814140319824,38452.77236676216,875000
18.589287,-0.2237494,-9.343117,0.4979022,1.0,0.99908066,0.3154297,0.0037161123,-16.814869,-16.828728,-2.6393127,791.7667,1.5577765,3.2625954e-05,1.5185531,-2.0250478,16.533869,0.9990635,0.2861328,0.0037584617,-16.969416,-16.983353,-2.7113466,255.88773,1.3633513,1.552827e-05,22.282776,-0.25000086,-9.340087,0.49714464,1.0,0.9990406,0.20410156,0.004378314,-16.350666,-16.363426,-3.2997603,471.91205,1.0853273,1.6901717e-07,0.99904346,0.18945312,0.0043972787,-16.48235,-16.495197,-3.3410888,292.0591,1.0722828,2.3336505e-10,0.015947382402420045,38532.50928020477,880000
20.772528,-0.25559247,-9.270786,0.47981945,1.0,0.99907875,0.30078125,0.0038410672,-17.200167,-17.214293,-2.7518415,177.0711,1.329334,1.406887e-05,0.96559674,-1.0845485,14.122047,0.9990759,0.28027344,0.0038250904,-17.250214,-17.264404,-2.7321644,807.6594,2.8382454,2.3947434e-05,29.025162,-0.27698448,-9.331139,0.49490765,1.0,0.9990339,0.19824219,0.0043320265,-16.430542,-16.443415,-3.2598603,1211.8838,1.8819356,1.3011739e-07,0.99903584,0.18457031,0.004352824,-16.462246,-16.475155,-3.2570498,622.2788,2.145446,4.837065e-06,0.01521835174560547,38608.6010427475,885000
24.30326,-0.24783209,-9.29273,0.4853057,1.0,0.9990864,0.3125,0.0037581106,-16.94618,-16.960133,-2.6726367,201.70065,1.2632998,1.1132269e-05,2.8686552,-1.008428,18.832827,0.99909115,0.29589844,0.003760558,-17.026035,-17.040083,-2.6549356,109.75989,1.3302507,0.00013460513,26.723885,-0.26314735,-9.317871,0.49159062,1.0,0.9990349,0.2109375,0.004287935,-16.464333,-16.477287,-3.2112188,525.42725,0.8891697,1.7570288e-06,0.9990349,0.19042969,0.0042960257,-16.530392,-16.543404,-3.21901,534.36334,1.478571,3.0657595e-06,0.015171042346954346,38684.45625758171,890000
23.73022,-0.23463207,-9.31064,0.48978317,1.0,0.9990759,0.28515625,0.0038903682,-16.953451,-16.967216,-2.8697028,528.3098,1.6439178,2.3466182e-05,2.2595265,-1.3470588,17.693876,0.9990654,0.26757812,0.0039069713,-17.046223,-17.060074,-2.8768246,402.33072,1.6844184,3.4225443e-05,27.592237,-0.22735292,-9.317112,0.49140108,1.0,0.9990425,0.22460938,0.004303915,-16.476215,-16.489136,-3.256361,843.7191,2.2084093,2.005308e-06,0.99903584,0.2109375,0.0043092375,-16.619331,-16.632381,-3.271771,267.78418,1.3194366,9.172197e-06,0.01519323058128357,38760.42241191864,895000
21.76087,-0.2697897,-9.293907,0.48559964,1.0,0.99907017,0.28515625,0.003902353,-16.65649,-16.669947,-2.8933828,263.12595,0.73308766,1.6064963e-05,1.190963,-1.5393767,17.334103,0.99906826,0.2705078,0.0039332733,-16.714043,-16.72756,-2.884897,442.79895,1.8438374,2.4753905e-05,25.425034,-0.23830038,-9.361628,0.5025301,1.0,0.9990387,0.22070312,0.00434403,-16.479727,-16.492638,-3.2701018,194.16017,0.9142823,4.31253e-06,0.9990387,0.20996094,0.0043559386,-16.570951,-16.583937,-3.2864468,449.35916,1.2455001,2.9621672e-06,0.0153509108543396,38837.17697143555,900000
22.931845,-0.2594076,-9.297673,0.48654136,1.0,0.99907494,0.27148438,0.00386695,-16.779083,-16.792734,-2.8151116,73.91534,0.7595421,5.3150757e-06,1.3454196,-1.9656904,19.70913,0.99906826,0.25585938,0.0039067445,-17.01781,-17.031628,-2.8828979,99.19588,0.87188387,4.3058026e-06,28.991232,-0.2541669,-9.330381,0.4947182,1.0,0.9990406,0.20898438,0.00426196,-16.528511,-16.541573,-3.1666677,180.22116,0.9344951,5.1528555e-06,0.99903965,0.19628906,0.0042587877,-16.765234,-16.778494,-3.2012205,82.691696,0.71245635,7.673084e-06,0.2621710946083069,40148.03244614601,905000
24.304886,-0.180217,-9.260036,0.47713205,1.0,0.99906826,0.28710938,0.0038849304,-16.826344,-16.839973,-2.8817406,235.75348,0.8098256,1.4776327e-05,1.6425956,-1.1736338,20.819162,0.9990616,0.25390625,0.003922607,-16.958023,-16.971737,-2.9281964,58.1558,0.59068745,4.8796657e-05,24.337753,-0.2567031,-9.357571,0.5015156,1.0,0.99904156,0.22460938,0.0042622173,-16.647926,-16.661097,-3.1749415,363.536,1.6097075,6.980548e-06,0.9990339,0.20019531,0.00424014,-16.70599,-16.719212,-3.1790628,490.88336,1.7073325,6.1190825e-05,0.02670625476837158,40281.56372642517,910000
24.74386,-0.24980652,-9.316491,0.49124563,1.0,0.99907684,0.29589844,0.0038088297,-16.874512,-16.888266,-2.803423,157.43465,1.078999,1.0250677e-05,1.1512486,-1.2024245,17.22934,0.999074,0.2734375,0.00384924,-17.036516,-17.050411,-2.820609,118.9993,1.12708,0.00016309836,34.02736,-0.22862801,-9.294953,0.4858613,1.0,0.99902916,0.20605469,0.0043721637,-16.640821,-16.65394,-3.2198598,466.8667,1.4619856,3.639905e-08,0.99902916,0.20703125,0.0043607056,-16.801275,-16.814558,-3.2134485,510.90378,2.1349607,7.0327545e-08,0.028480416679382323,40423.965811252594,915000
23.314438,-0.23302075,-9.347021,0.49887836,1.0,0.9990721,0.2919922,0.0038114777,-16.902079,-16.915922,-2.7414472,485.53262,1.3695424,6.0137794e-05,1.3742042,-0.9701976,17.350235,0.99906635,0.27246094,0.0037908154,-17.098316,-17.112362,-2.7307966,176.44781,1.3399014,0.00010897443,30.235106,-0.2663834,-9.334545,0.49575937,1.0,0.9990425,0.21875,0.004313549,-16.549171,-16.56221,-3.2091508,1024.3907,2.2618113,2.4936905e-06,0.99902916,0.20117188,0.004310891,-16.686884,-16.700058,-3.209962,1934.3688,3.12213,4.365567e-06,0.03388084087371826,40593.3700196743,920000
22.107975,-0.21370089,-9.246689,0.4737953,1.0,0.9990778,0.30078125,0.0038921554,-16.934895,-16.94865,-2.862774,244.45332,1.0154921,5.0816398e-06,1.9790947,-1.7919555,17.760235,0.999073,0.2705078,0.00391178,-17.08068,-17.09454,-2.901743,132.96149,1.0842683,8.220594e-06,24.352371,-0.3032071,-9.342967,0.49786487,1.0,0.999033,0.20800781,0.0043896423,-16.45008,-16.462912,-3.3217828,1169.8843,2.175462,3.2203977e-06,0.99902916,0.18847656,0.004433934,-16.591553,-16.604494,-3.3510923,853.7538,3.2349186,4.8625907e-06,0.033590558910369876,40761.32281923294,925000
22.763767,-0.24110734,-9.328815,0.4943269,1.0,0.99908257,0.32128906,0.0037790644,-17.168083,-17.1822,-2.7269516,254.92816,0.98880094,1.8625698e-05,2.5413935,-1.5178443,20.31813,0.99908257,0.265625,0.0038588783,-17.292946,-17.30711,-2.8016076,157.58284,1.0996628,3.724109e-06,24.49537,-0.25785562,-9.352687,0.5002947,1.0,0.9990282,0.21289062,0.00429909,-16.571007,-16.584139,-3.1349888,1235.8302,2.2542617,5.5763567e-09,0.9990263,0.21484375,0.004316296,-16.67861,-16.691841,-3.1423497,617.4371,2.5149696,9.380382e-08,0.033931257343292234,40930.97910785675,930000
24.153429,-0.23266423,-9.317726,0.49155444,1.0,0.99907494,0.28222656,0.003806388,-16.940805,-16.954664,-2.7648847,177.43394,1.1474077,9.077514e-05,1.3489847,-1.4784054,16.256104,0.9990711,0.2705078,0.0038072607,-17.086044,-17.10005,-2.7591357,288.05453,1.4495022,3.664123e-05,35.999565,-0.19824794,-9.315147,0.49090973,1.0,0.9990225,0.21191406,0.004374669,-16.439621,-16.45249,-3.276422,282.97083,1.1468973,4.1794568e-08,0.9990196,0.18359375,0.004375108,-16.568348,-16.581326,-3.2919292,224.55458,1.2369964,1.6334026e-06,0.031786656856536866,41089.91239976883,935000
22.927864,-0.22767381,-9.288221,0.4841782,1.0,0.9990816,0.3046875,0.0037921139,-16.799454,-16.813183,-2.753294,237.36742,1.3399267,1.1628973e-05,1.4560282,-1.1519554,18.564194,0.9990778,0.26757812,0.0038273649,-16.893963,-16.907738,-2.8010669,589.64764,1.9551508,0.00012421745,21.602646,-0.25792372,-9.320456,0.49223676,1.0,0.9990339,0.20117188,0.004331346,-16.487553,-16.50051,-3.234404,1313.6814,1.7482567,5.6408464e-07,0.9990406,0.1953125,0.004302033,-16.609364,-16.622454,-3.221118,320.58282,1.4411639,2.7189439e-05,0.030803716945648194,41243.930986881256,940000
21.49635,-0.23306374,-9.336134,0.49615645,1.0,0.9990778,0.2939453,0.0038700069,-16.745665,-16.759314,-2.7831886,196.31216,1.2840365,1.9332452e-05,1.1638048,-5.5457363,22.170813,0.9990759,0.26660156,0.0039035045,-16.963898,-16.977726,-2.8187647,119.609436,1.2441018,8.437886e-05,29.42463,-0.24915425,-9.290575,0.48476648,1.0,0.9990339,0.20605469,0.0044183177,-16.70288,-16.716066,-3.215191,367.08432,1.4935253,4.0726845e-06,0.999032,0.20996094,0.0044068983,-16.845844,-16.859144,-3.2383595,1678.869,4.149396,5.1207215e-05,0.030684223222732544,41397.35210943222,945000
22.679554,-0.22356117,-9.30217,0.48766518,1.0,0.9990845,0.30859375,0.0037620908,-17.033682,-17.04768,-2.71353,108.16333,1.2531283,5.6241065e-06,0.9475386,-1.5288537,15.828182,0.9990778,0.2763672,0.0037972918,-17.142582,-17.156668,-2.7312746,208.83553,1.506276,2.5746862e-05,21.219383,-0.30078518,-9.344612,0.498276,1.0,0.99902916,0.21777344,0.004288354,-16.46675,-16.479713,-3.2040658,145.91637,0.72425604,3.2568334e-08,0.999033,0.20800781,0.0043084593,-16.643932,-16.657063,-3.2104027,23474.033,23.596252,1.9558843e-07,0.03134512963294983,41554.0777592659,950000
20.781952,-0.25038314,-9.328195,0.4941715,1.0,0.99907684,0.2939453,0.0038313358,-16.967228,-16.98108,-2.7967265,291.28732,1.6167923,2.0646883e-06,1.5224603,-1.1320252,16.632318,0.99907875,0.2734375,0.0038431373,-17.123823,-17.137808,-2.817027,629.46124,2.114111,1.0691474e-05,22.606695,-0.2739662,-9.318237,0.49168226,1.0,0.99903584,0.19335938,0.004382297,-16.433214,-16.446053,-3.2994444,633.785,1.856892,3.328587e-06,0.999033,0.20996094,0.0043757227,-16.536465,-16.549416,-3.2871885,92.993515,0.98616964,3.395568e-08,0.03141244459152222,41711.13998627663,955000
22.624653,-0.21545957,-9.362791,0.50282073,1.0,0.9990616,0.29589844,0.0038224505,-16.866117,-16.879887,-2.7775066,156.1298,0.88949066,7.3516685e-06,1.6558745,-1.4804286,16.682281,0.9990654,0.28125,0.0038393564,-17.011059,-17.024946,-2.8029284,551.9045,1.5226138,7.7588425e-05,33.505478,-0.24092162,-9.300248,0.48718503,1.0,0.99904823,0.20898438,0.004286211,-16.546879,-16.559874,-3.2526243,688.62384,1.4729731,2.206665e-05,0.9990463,0.20214844,0.0042657778,-16.716255,-16.72944,-3.2239876,4389.9434,6.9228144,3.276768e-05,0.03211253089904785,41871.702642679214,960000
21.336275,-0.22423723,-9.270218,0.47967747,1.0,0.9990654,0.265625,0.0039780256,-16.781673,-16.795172,-2.9728768,175.70007,0.9940685,6.7540044e-05,1.4401827,-1.2237546,17.96759,0.9990549,0.23339844,0.004016475,-16.873898,-16.887463,-2.9956384,164.042,1.1244498,0.00020876022,27.874626,-0.22371934,-9.359521,0.50200325,1.0,0.99902153,0.18164062,0.004432426,-16.396698,-16.409546,-3.2553258,360.62766,1.442683,1.2552399e-05,0.9990282,0.17871094,0.0044529405,-16.541101,-16.554056,-3.28828,571.7503,2.0546699,1.2852761e-06,0.0295519003868103,42019.462146282196,965000
21.830141,-0.24529235,-9.303408,0.48797494,1.0,0.999073,0.27246094,0.003908313,-16.89938,-16.91314,-2.8227973,371.04672,1.540421,4.6862082e-05,0.8153348,-0.91752595,11.7556925,0.99907017,0.25097656,0.003902908,-17.130445,-17.14442,-2.834274,184.60791,1.4081506,5.688608e-05,30.44964,-0.25398716,-9.331003,0.49487388,1.0,0.99902725,0.19140625,0.0044552726,-16.40953,-16.422379,-3.2637923,558.49915,2.1410167,1.3490222e-06,0.9990282,0.17773438,0.004433784,-16.621109,-16.634192,-3.2393327,6081.2817,12.446779,3.2060598e-06,0.026512880516052245,42152.02655529976,970000
23.138206,-0.2201537,-9.295698,0.48604745,1.0,0.999074,0.29296875,0.003846107,-16.798847,-16.812538,-2.7935007,574.163,1.5373702,1.6210005e-06,1.4901755,-2.564738,17.92906,0.99906826,0.2578125,0.0038941025,-16.799492,-16.813131,-2.8465242,148.93138,1.0062342,3.5118346e-06,28.59819,-0.25371775,-9.337066,0.4963893,1.0,0.9990406,0.21679688,0.004308411,-16.471527,-16.484444,-3.256003,503.06784,1.2976642,1.8434403e-07,0.99903965,0.19140625,0.004324339,-16.508837,-16.521791,-3.2533638,265.50864,1.1985757,4.0432363e-07,0.026472757244110107,42284.39034366608,975000
19.558027,-0.2446424,-9.364456,0.5032369,1.0,0.9990845,0.30859375,0.003817066,-16.983154,-16.997036,-2.781922,619.7647,1.4471202,1.561233e-05,1.6435068,-2.29427,17.29968,0.9990711,0.27539062,0.0038599302,-17.1139,-17.127869,-2.8204112,70.03445,0.9779707,4.5088145e-05,23.902843,-0.30700147,-9.294679,0.48579255,1.0,0.9990177,0.18359375,0.004419089,-16.633595,-16.64667,-3.256313,429.56567,1.7455862,1.2928327e-06,0.99901867,0.17480469,0.0044083595,-16.793777,-16.80702,-3.2458348,623.5081,1.6771241,4.0441714e-06,0.02630050597190857,42415.89287662506,980000
26.472885,-0.20299393,-9.2791195,0.48190278,1.0,0.9990864,0.3017578,0.0038387766,-17.192684,-17.206776,-2.7756433,9012.081,6.1727595,4.9424402e-06,3.0107038,-3.4084508,23.98391,0.99908733,0.29003906,0.0038410497,-17.412863,-17.42714,-2.8078465,239.79045,1.5315751,2.5932075e-05,27.11341,-0.26469642,-9.299296,0.4869471,1.0,0.99902725,0.22363281,0.0042674663,-16.585001,-16.598186,-3.0976942,761.9239,1.6284869,1.5036807e-06,0.999033,0.21484375,0.0042831358,-16.760967,-16.774345,-3.074461,1207.3744,2.7062166,1.2910771e-06,0.027290226793289185,42552.34401535988,985000
26.867052,-0.1757032,-9.268103,0.47914857,1.0,0.999074,0.29296875,0.0038725229,-16.930378,-16.94415,-2.8390098,1397.9272,2.4804392,3.4177137e-05,1.6361755,-1.2218869,19.881762,0.99906826,0.2734375,0.0038959803,-17.089214,-17.103098,-2.8882823,56.844444,0.87472266,5.7881345e-05,35.08441,-0.23421454,-9.342042,0.4976335,1.0,0.99902344,0.18261719,0.0044985684,-16.621996,-16.634981,-3.3396485,235.56223,1.6105509,3.0875995e-07,0.99902534,0.18457031,0.004499224,-16.779778,-16.792912,-3.343902,28332.646,31.714685,5.2686662e-08,0.027931484985351564,42692.00144147873,990000
24.1806,-0.19619709,-9.302357,0.48771226,1.0,0.9990816,0.2861328,0.0038609512,-16.85043,-16.864134,-2.828206,184.80968,1.1141444,2.1856831e-05,1.8461802,-2.8780508,19.379932,0.999073,0.265625,0.0039001342,-17.032818,-17.046661,-2.868703,226.83124,1.3714569,1.7282659e-05,20.364252,-0.34120616,-9.30526,0.48843777,1.0,0.99902916,0.19628906,0.004429767,-16.433435,-16.44623,-3.343779,770.5784,1.2932689,1.6433765e-07,0.9990282,0.18066406,0.0044352645,-16.577137,-16.59012,-3.2962215,322.635,1.9363109,9.5164467e-07,0.02440131869316101,42814.00803947449,995000
24.45066,-0.23850487,-9.277582,0.4815184,1.0,0.9990692,0.30371094,0.0038563574,-16.927954,-16.94178,-2.7836978,651.0039,2.0647948,3.6178448e-05,6.5077863,-1.6830462,25.325077,0.9990654,0.27929688,0.0038890578,-17.024837,-17.038715,-2.8295515,89.971306,0.89829886,3.3437645e-05,26.762598,-0.26384175,-9.382561,0.50776315,1.0,0.99903965,0.18847656,0.004369408,-16.463024,-16.47592,-3.2708833,515.616,1.7723441,3.964923e-07,0.99903584,0.16992188,0.0043902677,-16.628998,-16.642042,-3.2839622,3011.047,5.1943636,1.6071766e-07,0.016751151752471924,42897.76379966736,1000000
