env,algo,config,norm,ess,top5_mass,saturation_mass
antmaze-medium,CRL,0,raw,0.4,0.125,1.0
antmaze-medium,CRL,0,zscore,0.4523,0.1582,0.0
antmaze-medium,CRL,0,rank,0.9242,0.0772,0.0
antmaze-medium,CRL,0,clip_std,0.4523,0.1582,0.0
antmaze-medium,CRL,1,raw,0.0781,0.7147,0.4421
antmaze-medium,CRL,1,zscore,0.1575,0.3021,0.0486
antmaze-medium,CRL,1,rank,0.9242,0.0772,0.0
antmaze-medium,CRL,1,clip_std,0.3088,0.292,0.0
antmaze-medium,CRL,2,raw,0.2361,0.2248,0.8883
antmaze-medium,CRL,2,zscore,0.1545,0.3013,0.0476
antmaze-medium,CRL,2,rank,0.9242,0.0772,0.0
antmaze-medium,CRL,2,clip_std,0.335,0.2752,0.0
antmaze-medium,CRL,3,raw,0.2605,0.2017,0.912
antmaze-medium,CRL,3,zscore,0.1363,0.3125,0.0668
antmaze-medium,CRL,3,rank,0.9242,0.0772,0.0
antmaze-medium,CRL,3,clip_std,0.3103,0.2885,0.0
antmaze-medium,CRL,4,raw,0.2753,0.1884,0.9281
antmaze-medium,CRL,4,zscore,0.1591,0.301,0.0484
antmaze-medium,CRL,4,rank,0.9242,0.0772,0.0
antmaze-medium,CRL,4,clip_std,0.3169,0.2884,0.0
antmaze-medium,CRL,5,raw,0.2226,0.2427,0.8658
antmaze-medium,CRL,5,zscore,0.135,0.3132,0.0714
antmaze-medium,CRL,5,rank,0.9242,0.0772,0.0
antmaze-medium,CRL,5,clip_std,0.3104,0.2872,0.0
antmaze-medium,CRL,6,raw,0.3177,0.1686,0.8826
antmaze-medium,CRL,6,zscore,0.3436,0.1884,0.0
antmaze-medium,CRL,6,rank,0.9242,0.0772,0.0
antmaze-medium,CRL,6,clip_std,0.3436,0.1884,0.0
antmaze-medium,CRL,7,raw,0.2875,0.1799,0.9301
antmaze-medium,CRL,7,zscore,0.1398,0.3111,0.0576
antmaze-medium,CRL,7,rank,0.9242,0.0772,0.0
antmaze-medium,CRL,7,clip_std,0.3094,0.2908,0.0
antmaze-medium,CRL,8,raw,0.2785,0.1858,0.9314
antmaze-medium,CRL,8,zscore,0.1633,0.3,0.0432
antmaze-medium,CRL,8,rank,0.9242,0.0772,0.0
antmaze-medium,CRL,8,clip_std,0.3226,0.2833,0.0
antmaze-medium,CRL,9,raw,0.1463,0.4158,0.6951
antmaze-medium,CRL,9,zscore,0.1383,0.3116,0.0623
antmaze-medium,CRL,9,rank,0.9242,0.0772,0.0
antmaze-medium,CRL,9,clip_std,0.3101,0.2899,0.0
antmaze-medium,CRL,10,raw,0.4,0.125,1.0
antmaze-medium,CRL,10,zscore,0.3891,0.1746,0.0
antmaze-medium,CRL,10,rank,0.9242,0.0772,0.0
antmaze-medium,CRL,10,clip_std,0.3891,0.1746,0.0
antmaze-medium,CRL,11,raw,0.2763,0.1879,0.9285
antmaze-medium,CRL,11,zscore,0.1507,0.3057,0.0484
antmaze-medium,CRL,11,rank,0.9242,0.0772,0.0
antmaze-medium,CRL,11,clip_std,0.3047,0.2936,0.0
antmaze-medium,CRL,12,raw,0.2515,0.2097,0.9011
antmaze-medium,CRL,12,zscore,0.1228,0.3285,0.0732
antmaze-medium,CRL,12,rank,0.9242,0.0772,0.0
antmaze-medium,CRL,12,clip_std,0.3308,0.2794,0.0
antmaze-medium,CRL,13,raw,0.2332,0.2311,0.8642
antmaze-medium,CRL,13,zscore,0.1438,0.3094,0.0578
antmaze-medium,CRL,13,rank,0.9242,0.0772,0.0
antmaze-medium,CRL,13,clip_std,0.3068,0.2926,0.0
antmaze-medium,CRL,14,raw,0.0898,0.4039,0.0756
antmaze-medium,CRL,14,zscore,0.1614,0.2989,0.0483
antmaze-medium,CRL,14,rank,0.9242,0.0772,0.0
antmaze-medium,CRL,14,clip_std,0.3203,0.2837,0.0
antmaze-medium,CRL,15,raw,0.2828,0.1822,0.9408
antmaze-medium,CRL,15,zscore,0.1337,0.3139,0.0713
antmaze-medium,CRL,15,rank,0.9242,0.0772,0.0
antmaze-medium,CRL,15,clip_std,0.3108,0.2864,0.0
antmaze-medium,CRL,16,raw,0.294,0.1751,0.943
antmaze-medium,CRL,16,zscore,0.1618,0.2988,0.0482
antmaze-medium,CRL,16,rank,0.9242,0.0772,0.0
antmaze-medium,CRL,16,clip_std,0.3192,0.2835,0.0
antmaze-medium,CRL,17,raw,0.9373,0.083,0.0
antmaze-medium,CRL,17,zscore,0.1335,0.314,0.0712
antmaze-medium,CRL,17,rank,0.9242,0.0772,0.0
antmaze-medium,CRL,17,clip_std,0.3109,0.2862,0.0
antmaze-medium,CRL,18,raw,0.2324,0.2306,0.8714
antmaze-medium,CRL,18,zscore,0.1398,0.3095,0.0517
antmaze-medium,CRL,18,rank,0.9242,0.0772,0.0
antmaze-medium,CRL,18,clip_std,0.3371,0.2727,0.0
antmaze-medium,CRL,19,raw,0.2553,0.207,0.8974
antmaze-medium,CRL,19,zscore,0.1479,0.3069,0.0483
antmaze-medium,CRL,19,rank,0.9242,0.0772,0.0
antmaze-medium,CRL,19,clip_std,0.3046,0.2935,0.0
antmaze-medium,CRL,20,raw,0.4,0.125,1.0
antmaze-medium,CRL,20,zscore,0.4347,0.1612,0.0
antmaze-medium,CRL,20,rank,0.9242,0.0772,0.0
antmaze-medium,CRL,20,clip_std,0.4347,0.1612,0.0
antmaze-medium,CRL,21,raw,0.2054,0.2706,0.8131
antmaze-medium,CRL,21,zscore,0.1564,0.3026,0.0486
antmaze-medium,CRL,21,rank,0.9242,0.0772,0.0
antmaze-medium,CRL,21,clip_std,0.3075,0.2925,0.0
antmaze-medium,CRL,22,raw,0.1174,0.5636,0.6094
antmaze-medium,CRL,22,zscore,0.1607,0.3013,0.0383
antmaze-medium,CRL,22,rank,0.9242,0.0772,0.0
antmaze-medium,CRL,22,clip_std,0.3263,0.2821,0.0
antmaze-medium,CRL,23,raw,0.2808,0.185,0.9281
antmaze-medium,CRL,23,zscore,0.1376,0.3119,0.0622
antmaze-medium,CRL,23,rank,0.9242,0.0772,0.0
antmaze-medium,CRL,23,clip_std,0.3103,0.2894,0.0
antmaze-medium,CRL,24,raw,0.2764,0.1868,0.9396
antmaze-medium,CRL,24,zscore,0.1399,0.3139,0.0604
antmaze-medium,CRL,24,rank,0.9242,0.0772,0.0
antmaze-medium,CRL,24,clip_std,0.3373,0.2755,0.0
antmaze-medium,CRL,25,raw,0.1712,0.3388,0.7576
antmaze-medium,CRL,25,zscore,0.143,0.3097,0.0577
antmaze-medium,CRL,25,rank,0.9242,0.0772,0.0
antmaze-medium,CRL,25,clip_std,0.3074,0.2923,0.0
antmaze-medium,CRL,26,raw,0.2202,0.2465,0.8534
antmaze-medium,CRL,26,zscore,0.1588,0.3004,0.0484
antmaze-medium,CRL,26,rank,0.9242,0.0772,0.0
antmaze-medium,CRL,26,clip_std,0.3178,0.2871,0.0
antmaze-medium,CRL,27,raw,0.273,0.1902,0.9278
antmaze-medium,CRL,27,zscore,0.1346,0.3134,0.0714
antmaze-medium,CRL,27,rank,0.9242,0.0772,0.0
antmaze-medium,CRL,27,clip_std,0.3103,0.287,0.0
antmaze-medium,CRL,28,raw,0.256,0.2045,0.9146
antmaze-medium,CRL,28,zscore,0.1551,0.3005,0.0476
antmaze-medium,CRL,28,rank,0.9242,0.0772,0.0
antmaze-medium,CRL,28,clip_std,0.339,0.2723,0.0
antmaze-medium,CRL,29,raw,0.2397,0.2231,0.8744
antmaze-medium,CRL,29,zscore,0.136,0.3125,0.0668
antmaze-medium,CRL,29,rank,0.9242,0.0772,0.0
antmaze-medium,CRL,29,clip_std,0.3103,0.2881,0.0
antmaze-medium,CRL,30,raw,0.3041,0.1748,0.8938
antmaze-medium,CRL,30,zscore,0.2867,0.3215,0.0
antmaze-medium,CRL,30,rank,0.9242,0.0772,0.0
antmaze-medium,CRL,30,clip_std,0.3017,0.3177,0.0
antmaze-medium,CRL,31,raw,0.2914,0.1761,0.9494
antmaze-medium,CRL,31,zscore,0.16,0.3012,0.0485
antmaze-medium,CRL,31,rank,0.9242,0.0772,0.0
antmaze-medium,CRL,31,clip_std,0.3145,0.29,0.0
antmaze-medium,CRL,32,raw,0.277,0.1854,0.9494
antmaze-medium,CRL,32,zscore,0.1566,0.3014,0.0382
antmaze-medium,CRL,32,rank,0.9242,0.0772,0.0
antmaze-medium,CRL,32,clip_std,0.3349,0.2767,0.0
antmaze-medium,CRL,33,raw,0.0939,0.6894,0.4917
antmaze-medium,CRL,33,zscore,0.1367,0.3122,0.0669
antmaze-medium,CRL,33,rank,0.9242,0.0772,0.0
antmaze-medium,CRL,33,clip_std,0.3105,0.2887,0.0
antmaze-medium,CRL,34,raw,0.4,0.125,1.0
antmaze-medium,CRL,34,zscore,0.4884,0.15,0.0
antmaze-medium,CRL,34,rank,0.9242,0.0772,0.0
antmaze-medium,CRL,34,clip_std,0.4884,0.15,0.0
antmaze-medium,CRL,35,raw,0.2678,0.1949,0.9148
antmaze-medium,CRL,35,zscore,0.1586,0.3016,0.0486
antmaze-medium,CRL,35,rank,0.9242,0.0772,0.0
antmaze-medium,CRL,35,clip_std,0.3107,0.2915,0.0
antmaze-medium,CRL,36,raw,0.264,0.1974,0.922
antmaze-medium,CRL,36,zscore,0.1676,0.2928,0.0381
antmaze-medium,CRL,36,rank,0.9242,0.0772,0.0
antmaze-medium,CRL,36,clip_std,0.357,0.2657,0.0
antmaze-medium,CRL,37,raw,0.2094,0.2638,0.8293
antmaze-medium,CRL,37,zscore,0.1407,0.3108,0.0576
antmaze-medium,CRL,37,rank,0.9242,0.0772,0.0
antmaze-medium,CRL,37,clip_std,0.3089,0.2912,0.0
antmaze-medium,CRL,38,raw,0.1888,0.3009,0.7865
antmaze-medium,CRL,38,zscore,0.1597,0.3012,0.0485
antmaze-medium,CRL,38,rank,0.9242,0.0772,0.0
antmaze-medium,CRL,38,clip_std,0.3157,0.2893,0.0
antmaze-medium,CRL,39,raw,0.2812,0.184,0.9313
antmaze-medium,CRL,39,zscore,0.1354,0.3129,0.0715
antmaze-medium,CRL,39,rank,0.9242,0.0772,0.0
antmaze-medium,CRL,39,clip_std,0.3103,0.2875,0.0
antmaze-medium,CRL,40,raw,0.6,0.0833,1.0
antmaze-medium,CRL,40,zscore,0.6078,0.1255,0.0
antmaze-medium,CRL,40,rank,0.9242,0.0772,0.0
antmaze-medium,CRL,40,clip_std,0.6078,0.1255,0.0
antmaze-medium,CRL,41,raw,0.1228,0.5292,0.6226
antmaze-medium,CRL,41,zscore,0.1529,0.3043,0.0485
antmaze-medium,CRL,41,rank,0.9242,0.0772,0.0
antmaze-medium,CRL,41,clip_std,0.3055,0.2931,0.0
antmaze-medium,CRL,42,raw,0.2086,0.2655,0.8193
antmaze-medium,CRL,42,zscore,0.1648,0.2985,0.0433
antmaze-medium,CRL,42,rank,0.9242,0.0772,0.0
antmaze-medium,CRL,42,clip_std,0.3201,0.2833,0.0
antmaze-medium,CRL,43,raw,0.267,0.196,0.9152
antmaze-medium,CRL,43,zscore,0.1389,0.3114,0.0623
antmaze-medium,CRL,43,rank,0.9242,0.0772,0.0
antmaze-medium,CRL,43,clip_std,0.3099,0.2902,0.0
antmaze-medium,CRL,44,raw,0.2581,0.2044,0.8979
antmaze-medium,CRL,44,zscore,0.1615,0.2987,0.0532
antmaze-medium,CRL,44,rank,0.9242,0.0772,0.0
antmaze-medium,CRL,44,clip_std,0.3198,0.2844,0.0
antmaze-medium,CRL,45,raw,0.2303,0.2329,0.878
antmaze-medium,CRL,45,zscore,0.1341,0.3137,0.0713
antmaze-medium,CRL,45,rank,0.9242,0.0772,0.0
antmaze-medium,CRL,45,clip_std,0.3106,0.2866,0.0
antmaze-medium,CRL,46,raw,0.1513,0.2412,0.0076
antmaze-medium,CRL,46,zscore,0.132,0.3207,0.0647
antmaze-medium,CRL,46,rank,0.9242,0.0772,0.0
antmaze-medium,CRL,46,clip_std,0.3274,0.2771,0.0
antmaze-medium,CRL,47,raw,0.2909,0.1769,0.9462
antmaze-medium,CRL,47,zscore,0.1452,0.3086,0.0578
antmaze-medium,CRL,47,rank,0.9242,0.0772,0.0
antmaze-medium,CRL,47,clip_std,0.3058,0.293,0.0
antmaze-medium,CRL,48,raw,0.2798,0.1841,0.9448
antmaze-medium,CRL,48,zscore,0.1335,0.3166,0.0745
antmaze-medium,CRL,48,rank,0.9242,0.0772,0.0
antmaze-medium,CRL,48,clip_std,0.3288,0.2777,0.0
antmaze-medium,CRL,49,raw,0.0633,0.6429,0.2706
antmaze-medium,CRL,49,zscore,0.1466,0.3078,0.0579
antmaze-medium,CRL,49,rank,0.9242,0.0772,0.0
antmaze-medium,CRL,49,clip_std,0.3053,0.2933,0.0
antmaze-medium,CRL,50,raw,0.2325,0.2312,0.8668
antmaze-medium,CRL,50,zscore,0.1632,0.2982,0.0434
antmaze-medium,CRL,50,rank,0.9242,0.0772,0.0
antmaze-medium,CRL,50,clip_std,0.3183,0.2835,0.0
antmaze-medium,CRL,51,raw,0.2531,0.2082,0.902
antmaze-medium,CRL,51,zscore,0.1331,0.3142,0.0712
antmaze-medium,CRL,51,rank,0.9242,0.0772,0.0
antmaze-medium,CRL,51,clip_std,0.311,0.2861,0.0
antmaze-medium,CRL,52,raw,0.2589,0.2011,0.9228
antmaze-medium,CRL,52,zscore,0.1606,0.3013,0.0335
antmaze-medium,CRL,52,rank,0.9242,0.0772,0.0
antmaze-medium,CRL,52,clip_std,0.3295,0.2801,0.0
antmaze-medium,CRL,53,raw,0.191,0.2942,0.8026
antmaze-medium,CRL,53,zscore,0.137,0.3121,0.0622
antmaze-medium,CRL,53,rank,0.9242,0.0772,0.0
antmaze-medium,CRL,53,clip_std,0.3104,0.289,0.0
antmaze-medium,CRL,54,raw,0.4,0.125,1.0
antmaze-medium,CRL,54,zscore,0.6676,0.1019,0.0
antmaze-medium,CRL,54,rank,0.9242,0.0772,0.0
antmaze-medium,CRL,54,clip_std,0.6676,0.1019,0.0
antmaze-medium,CRL,55,raw,0.2833,0.1821,0.9394
antmaze-medium,CRL,55,zscore,0.1546,0.3036,0.0485
antmaze-medium,CRL,55,rank,0.9242,0.0772,0.0
antmaze-medium,CRL,55,clip_std,0.3061,0.293,0.0
antmaze-medium,CRL,56,raw,0.2873,0.1792,0.9412
antmaze-medium,CRL,56,zscore,0.1612,0.2991,0.0532
antmaze-medium,CRL,56,rank,0.9242,0.0772,0.0
antmaze-medium,CRL,56,clip_std,0.3193,0.2857,0.0
antmaze-medium,CRL,57,raw,0.1682,0.346,0.7542
antmaze-medium,CRL,57,zscore,0.1344,0.3135,0.0713
antmaze-medium,CRL,57,rank,0.9242,0.0772,0.0
antmaze-medium,CRL,57,clip_std,0.3106,0.2867,0.0
antmaze-medium,CRL,58,raw,0.2047,0.2689,0.8295
antmaze-medium,CRL,58,zscore,0.1524,0.3126,0.0418
antmaze-medium,CRL,58,rank,0.9242,0.0772,0.0
antmaze-medium,CRL,58,clip_std,0.3373,0.277,0.0
antmaze-medium,CRL,59,raw,0.2759,0.1887,0.9214
antmaze-medium,CRL,59,zscore,0.1419,0.3102,0.0577
antmaze-medium,CRL,59,rank,0.9242,0.0772,0.0
antmaze-medium,CRL,59,clip_std,0.3082,0.2917,0.0
antmaze-medium,CRL,60,raw,0.2373,0.2119,0.9896
antmaze-medium,CRL,60,zscore,0.7563,0.0945,0.0
antmaze-medium,CRL,60,rank,0.9242,0.0772,0.0
antmaze-medium,CRL,60,clip_std,0.7563,0.0945,0.0
antmaze-medium,CRL,61,raw,0.253,0.2088,0.8963
antmaze-medium,CRL,61,zscore,0.1596,0.3013,0.0486
antmaze-medium,CRL,61,rank,0.9242,0.0772,0.0
antmaze-medium,CRL,61,clip_std,0.3127,0.2908,0.0
antmaze-medium,CRL,62,raw,0.0689,0.6484,0.2693
antmaze-medium,CRL,62,zscore,0.1505,0.302,0.0522
antmaze-medium,CRL,62,rank,0.9242,0.0772,0.0
antmaze-medium,CRL,62,clip_std,0.3404,0.2703,0.0
antmaze-medium,CRL,63,raw,0.2918,0.1763,0.9443
antmaze-medium,CRL,63,zscore,0.1357,0.3127,0.0715
antmaze-medium,CRL,63,rank,0.9242,0.0772,0.0
antmaze-medium,CRL,63,clip_std,0.3102,0.2879,0.0
antmaze-medium,GCIQL,0,raw,0.1447,0.3624,0.9099
antmaze-medium,GCIQL,0,zscore,0.2438,0.2549,0.0158
antmaze-medium,GCIQL,0,rank,0.9242,0.0772,0.0
antmaze-medium,GCIQL,0,clip_std,0.2917,0.2778,0.0
antmaze-medium,GCIQL,1,raw,0.0793,0.761,0.6451
antmaze-medium,GCIQL,1,zscore,0.3806,0.2086,0.0
antmaze-medium,GCIQL,1,rank,0.9242,0.0772,0.0
antmaze-medium,GCIQL,1,clip_std,0.3865,0.2293,0.0
antmaze-medium,GCIQL,2,raw,0.0886,0.6694,0.7437
antmaze-medium,GCIQL,2,zscore,0.1555,0.2977,0.0101
antmaze-medium,GCIQL,2,rank,0.9242,0.0772,0.0
antmaze-medium,GCIQL,2,clip_std,0.2291,0.3098,0.0
antmaze-medium,GCIQL,3,raw,0.1426,0.377,0.8695
antmaze-medium,GCIQL,3,zscore,0.2157,0.2616,0.0155
antmaze-medium,GCIQL,3,rank,0.9242,0.0772,0.0
antmaze-medium,GCIQL,3,clip_std,0.3044,0.2732,0.0
antmaze-medium,GCIQL,4,raw,0.1451,0.3699,0.8727
antmaze-medium,GCIQL,4,zscore,0.155,0.3028,0.0
antmaze-medium,GCIQL,4,rank,0.9242,0.0772,0.0
antmaze-medium,GCIQL,4,clip_std,0.2341,0.308,0.0
antmaze-medium,GCIQL,5,raw,0.1277,0.4266,0.8451
antmaze-medium,GCIQL,5,zscore,0.2461,0.2395,0.0105
antmaze-medium,GCIQL,5,rank,0.9242,0.0772,0.0
antmaze-medium,GCIQL,5,clip_std,0.3613,0.2485,0.0
antmaze-medium,GCIQL,6,raw,0.8523,0.1063,0.0
antmaze-medium,GCIQL,6,zscore,0.1921,0.2784,0.0
antmaze-medium,GCIQL,6,rank,0.9242,0.0772,0.0
antmaze-medium,GCIQL,6,clip_std,0.2401,0.3006,0.0
antmaze-medium,GCIQL,7,raw,0.1686,0.3106,0.9168
antmaze-medium,GCIQL,7,zscore,0.1914,0.2525,0.0362
antmaze-medium,GCIQL,7,rank,0.9242,0.0772,0.0
antmaze-medium,GCIQL,7,clip_std,0.3531,0.2511,0.0
antmaze-medium,GCIQL,8,raw,0.1526,0.3475,0.8884
antmaze-medium,GCIQL,8,zscore,0.1517,0.3043,0.0
antmaze-medium,GCIQL,8,rank,0.9242,0.0772,0.0
antmaze-medium,GCIQL,8,clip_std,0.2325,0.3096,0.0
antmaze-medium,GCIQL,9,raw,0.0435,0.7558,0.3947
antmaze-medium,GCIQL,9,zscore,0.246,0.2468,0.0105
antmaze-medium,GCIQL,9,rank,0.9242,0.0772,0.0
antmaze-medium,GCIQL,9,clip_std,0.3253,0.2617,0.0
antmaze-medium,GCIQL,10,raw,0.1204,0.4624,0.8172
antmaze-medium,GCIQL,10,zscore,0.2081,0.2693,0.0104
antmaze-medium,GCIQL,10,rank,0.9242,0.0772,0.0
antmaze-medium,GCIQL,10,clip_std,0.2677,0.2845,0.0
antmaze-medium,GCIQL,11,raw,0.1931,0.2712,0.9113
antmaze-medium,GCIQL,11,zscore,0.3474,0.2144,0.0
antmaze-medium,GCIQL,11,rank,0.9242,0.0772,0.0
antmaze-medium,GCIQL,11,clip_std,0.3911,0.2305,0.0
antmaze-medium,GCIQL,12,raw,0.132,0.4137,0.8532
antmaze-medium,GCIQL,12,zscore,0.1705,0.2874,0.0
antmaze-medium,GCIQL,12,rank,0.9242,0.0772,0.0
antmaze-medium,GCIQL,12,clip_std,0.2324,0.3064,0.0
antmaze-medium,GCIQL,13,raw,0.1115,0.5075,0.7913
antmaze-medium,GCIQL,13,zscore,0.2036,0.2606,0.0303
antmaze-medium,GCIQL,13,rank,0.9242,0.0772,0.0
antmaze-medium,GCIQL,13,clip_std,0.3555,0.2536,0.0
antmaze-medium,GCIQL,14,raw,0.069,0.8121,0.633
antmaze-medium,GCIQL,14,zscore,0.1587,0.3013,0.0
antmaze-medium,GCIQL,14,rank,0.9242,0.0772,0.0
antmaze-medium,GCIQL,14,clip_std,0.2347,0.3073,0.0
antmaze-medium,GCIQL,15,raw,0.1581,0.3274,0.9319
antmaze-medium,GCIQL,15,zscore,0.2608,0.2438,0.0104
antmaze-medium,GCIQL,15,rank,0.9242,0.0772,0.0
antmaze-medium,GCIQL,15,clip_std,0.3628,0.2536,0.0
antmaze-medium,GCIQL,16,raw,0.1624,0.3227,0.9096
antmaze-medium,GCIQL,16,zscore,0.1631,0.2991,0.0
antmaze-medium,GCIQL,16,rank,0.9242,0.0772,0.0
antmaze-medium,GCIQL,16,clip_std,0.2352,0.3066,0.0
antmaze-medium,GCIQL,17,raw,0.0614,0.8196,0.5609
antmaze-medium,GCIQL,17,zscore,0.2512,0.246,0.0104
antmaze-medium,GCIQL,17,rank,0.9242,0.0772,0.0
antmaze-medium,GCIQL,17,clip_std,0.345,0.2566,0.0
antmaze-medium,GCIQL,18,raw,0.1102,0.516,0.7933
antmaze-medium,GCIQL,18,zscore,0.1719,0.2869,0.0
antmaze-medium,GCIQL,18,rank,0.9242,0.0772,0.0
antmaze-medium,GCIQL,18,clip_std,0.2324,0.3064,0.0
antmaze-medium,GCIQL,19,raw,0.1234,0.4342,0.8792
antmaze-medium,GCIQL,19,zscore,0.0875,0.249,0.1287
antmaze-medium,GCIQL,19,rank,0.9242,0.0772,0.0
antmaze-medium,GCIQL,19,clip_std,0.0872,0.3673,0.1459
antmaze-medium,GCIQL,20,raw,0.1461,0.365,0.8801
antmaze-medium,GCIQL,20,zscore,0.214,0.2671,0.0052
antmaze-medium,GCIQL,20,rank,0.9242,0.0772,0.0
antmaze-medium,GCIQL,20,clip_std,0.273,0.2819,0.0
antmaze-medium,GCIQL,21,raw,0.1128,0.4945,0.8066
antmaze-medium,GCIQL,21,zscore,0.2446,0.2439,0.0157
antmaze-medium,GCIQL,21,rank,0.9242,0.0772,0.0
antmaze-medium,GCIQL,21,clip_std,0.3398,0.2541,0.0
antmaze-medium,GCIQL,22,raw,0.0453,0.8183,0.5912
antmaze-medium,GCIQL,22,zscore,0.1505,0.3033,0.01
antmaze-medium,GCIQL,22,rank,0.9242,0.0772,0.0
antmaze-medium,GCIQL,22,clip_std,0.2305,0.3104,0.0
antmaze-medium,GCIQL,23,raw,0.158,0.3333,0.904
antmaze-medium,GCIQL,23,zscore,0.2427,0.2447,0.0052
antmaze-medium,GCIQL,23,rank,0.9242,0.0772,0.0
antmaze-medium,GCIQL,23,clip_std,0.3498,0.2533,0.0
antmaze-medium,GCIQL,24,raw,0.1593,0.3297,0.9097
antmaze-medium,GCIQL,24,zscore,0.2044,0.2745,0.0052
antmaze-medium,GCIQL,24,rank,0.9242,0.0772,0.0
antmaze-medium,GCIQL,24,clip_std,0.2482,0.2954,0.0
antmaze-medium,GCIQL,25,raw,0.039,0.6014,0.2885
antmaze-medium,GCIQL,25,zscore,0.0987,0.3202,0.1069
antmaze-medium,GCIQL,25,rank,0.9242,0.0772,0.0
antmaze-medium,GCIQL,25,clip_std,0.2658,0.2817,0.0
antmaze-medium,GCIQL,26,raw,0.1236,0.4483,0.823
antmaze-medium,GCIQL,26,zscore,0.1546,0.3033,0.0
antmaze-medium,GCIQL,26,rank,0.9242,0.0772,0.0
antmaze-medium,GCIQL,26,clip_std,0.2337,0.3085,0.0
antmaze-medium,GCIQL,27,raw,0.1323,0.4008,0.8943
antmaze-medium,GCIQL,27,zscore,0.313,0.2349,0.0
antmaze-medium,GCIQL,27,rank,0.9242,0.0772,0.0
antmaze-medium,GCIQL,27,clip_std,0.3551,0.2535,0.0
antmaze-medium,GCIQL,28,raw,0.1417,0.3803,0.8652
antmaze-medium,GCIQL,28,zscore,0.1533,0.2996,0.01
antmaze-medium,GCIQL,28,rank,0.9242,0.0772,0.0
antmaze-medium,GCIQL,28,clip_std,0.2295,0.3101,0.0
antmaze-medium,GCIQL,29,raw,0.0973,0.5935,0.7734
antmaze-medium,GCIQL,29,zscore,0.2187,0.2685,0.0206
antmaze-medium,GCIQL,29,rank,0.9242,0.0772,0.0
antmaze-medium,GCIQL,29,clip_std,0.2927,0.2816,0.0
antmaze-medium,GCIQL,30,raw,0.0744,0.7953,0.7176
antmaze-medium,GCIQL,30,zscore,0.2334,0.2563,0.0105
antmaze-medium,GCIQL,30,rank,0.9242,0.0772,0.0
antmaze-medium,GCIQL,30,clip_std,0.284,0.2766,0.0
antmaze-medium,GCIQL,31,raw,0.1684,0.3088,0.9225
antmaze-medium,GCIQL,31,zscore,0.1837,0.2582,0.0306
antmaze-medium,GCIQL,31,rank,0.9242,0.0772,0.0
antmaze-medium,GCIQL,31,clip_std,0.3431,0.2542,0.0
antmaze-medium,GCIQL,32,raw,0.1591,0.3302,0.9064
antmaze-medium,GCIQL,32,zscore,0.1574,0.2959,0.0101
antmaze-medium,GCIQL,32,rank,0.9242,0.0772,0.0
antmaze-medium,GCIQL,32,clip_std,0.2293,0.3094,0.0
antmaze-medium,GCIQL,33,raw,0.0744,0.7914,0.6641
antmaze-medium,GCIQL,33,zscore,0.2111,0.2654,0.0154
antmaze-medium,GCIQL,33,rank,0.9242,0.0772,0.0
antmaze-medium,GCIQL,33,clip_std,0.3081,0.2722,0.0
antmaze-medium,GCIQL,34,raw,0.0873,0.6662,0.7766
antmaze-medium,GCIQL,34,zscore,0.2445,0.2538,0.0158
antmaze-medium,GCIQL,34,rank,0.9242,0.0772,0.0
antmaze-medium,GCIQL,34,clip_std,0.2885,0.2779,0.0
antmaze-medium,GCIQL,35,raw,0.1563,0.3408,0.8802
antmaze-medium,GCIQL,35,zscore,0.2879,0.224,0.0107
antmaze-medium,GCIQL,35,rank,0.9242,0.0772,0.0
antmaze-medium,GCIQL,35,clip_std,0.3532,0.2435,0.0
antmaze-medium,GCIQL,36,raw,0.1465,0.3668,0.8654
antmaze-medium,GCIQL,36,zscore,0.1959,0.2772,0.0052
antmaze-medium,GCIQL,36,rank,0.9242,0.0772,0.0
antmaze-medium,GCIQL,36,clip_std,0.2419,0.2993,0.0
antmaze-medium,GCIQL,37,raw,0.0835,0.6635,0.819
antmaze-medium,GCIQL,37,zscore,0.1113,0.3002,0.0977
antmaze-medium,GCIQL,37,rank,0.9242,0.0772,0.0
antmaze-medium,GCIQL,37,clip_std,0.3036,0.2631,0.0
antmaze-medium,GCIQL,38,raw,0.0642,0.4123,0.0225
antmaze-medium,GCIQL,38,zscore,0.1567,0.3021,0.0
antmaze-medium,GCIQL,38,rank,0.9242,0.0772,0.0
antmaze-medium,GCIQL,38,clip_std,0.2345,0.3077,0.0
antmaze-medium,GCIQL,39,raw,0.1861,0.2803,0.918
antmaze-medium,GCIQL,39,zscore,0.2718,0.2453,0.0052
antmaze-medium,GCIQL,39,rank,0.9242,0.0772,0.0
antmaze-medium,GCIQL,39,clip_std,0.3268,0.2639,0.0
antmaze-medium,GCIQL,40,raw,0.1552,0.3404,0.8968
antmaze-medium,GCIQL,40,zscore,0.2063,0.2722,0.0052
antmaze-medium,GCIQL,40,rank,0.9242,0.0772,0.0
antmaze-medium,GCIQL,40,clip_std,0.2576,0.2902,0.0
antmaze-medium,GCIQL,41,raw,0.06,0.7615,0.4217
antmaze-medium,GCIQL,41,zscore,0.3273,0.2248,0.0
antmaze-medium,GCIQL,41,rank,0.9242,0.0772,0.0
antmaze-medium,GCIQL,41,clip_std,0.3819,0.2375,0.0
antmaze-medium,GCIQL,42,raw,0.1137,0.4943,0.8078
antmaze-medium,GCIQL,42,zscore,0.1505,0.3042,0.005
antmaze-medium,GCIQL,42,rank,0.9242,0.0772,0.0
antmaze-medium,GCIQL,42,clip_std,0.2314,0.3101,0.0
antmaze-medium,GCIQL,43,raw,0.1558,0.3402,0.8888
antmaze-medium,GCIQL,43,zscore,0.2686,0.2432,0.0053
antmaze-medium,GCIQL,43,rank,0.9242,0.0772,0.0
antmaze-medium,GCIQL,43,clip_std,0.3308,0.2589,0.0
antmaze-medium,GCIQL,44,raw,0.1349,0.4029,0.8605
antmaze-medium,GCIQL,44,zscore,0.1615,0.2998,0.0
antmaze-medium,GCIQL,44,rank,0.9242,0.0772,0.0
antmaze-medium,GCIQL,44,clip_std,0.235,0.3069,0.0
antmaze-medium,GCIQL,45,raw,0.1114,0.4994,0.8131
antmaze-medium,GCIQL,45,zscore,0.2353,0.2583,0.0103
antmaze-medium,GCIQL,45,rank,0.9242,0.0772,0.0
antmaze-medium,GCIQL,45,clip_std,0.3144,0.2705,0.0
antmaze-medium,GCIQL,46,raw,0.0612,0.8283,0.6256
antmaze-medium,GCIQL,46,zscore,0.1788,0.2838,0.0
antmaze-medium,GCIQL,46,rank,0.9242,0.0772,0.0
antmaze-medium,GCIQL,46,clip_std,0.2353,0.3041,0.0
antmaze-medium,GCIQL,47,raw,0.1628,0.3191,0.9248
antmaze-medium,GCIQL,47,zscore,0.2439,0.2407,0.0206
antmaze-medium,GCIQL,47,rank,0.9242,0.0772,0.0
antmaze-medium,GCIQL,47,clip_std,0.3887,0.2381,0.0
antmaze-medium,GCIQL,48,raw,0.1635,0.3197,0.9152
antmaze-medium,GCIQL,48,zscore,0.1644,0.2909,0.0051
antmaze-medium,GCIQL,48,rank,0.9242,0.0772,0.0
antmaze-medium,GCIQL,48,clip_std,0.2306,0.3079,0.0
antmaze-medium,GCIQL,49,raw,0.1021,0.6509,0.5673
antmaze-medium,GCIQL,49,zscore,0.2031,0.2564,0.0303
antmaze-medium,GCIQL,49,rank,0.9242,0.0772,0.0
antmaze-medium,GCIQL,49,clip_std,0.3629,0.2484,0.0
antmaze-medium,GCIQL,50,raw,0.1007,0.5723,0.7824
antmaze-medium,GCIQL,50,zscore,0.1615,0.2996,0.0
antmaze-medium,GCIQL,50,rank,0.9242,0.0772,0.0
antmaze-medium,GCIQL,50,clip_std,0.2352,0.3067,0.0
antmaze-medium,GCIQL,51,raw,0.1151,0.4722,0.8485
antmaze-medium,GCIQL,51,zscore,0.2038,0.2573,0.0308
antmaze-medium,GCIQL,51,rank,0.9242,0.0772,0.0
antmaze-medium,GCIQL,51,clip_std,0.3449,0.2572,0.0
antmaze-medium,GCIQL,52,raw,0.1497,0.3558,0.8872
antmaze-medium,GCIQL,52,zscore,0.1497,0.3041,0.0
antmaze-medium,GCIQL,52,rank,0.9242,0.0772,0.0
antmaze-medium,GCIQL,52,clip_std,0.2312,0.31,0.0
antmaze-medium,GCIQL,53,raw,0.1353,0.4104,0.8213
antmaze-medium,GCIQL,53,zscore,0.2838,0.2384,0.0053
antmaze-medium,GCIQL,53,rank,0.9242,0.0772,0.0
antmaze-medium,GCIQL,53,clip_std,0.3402,0.2578,0.0
antmaze-medium,GCIQL,54,raw,0.0381,0.7482,0.4229
antmaze-medium,GCIQL,54,zscore,0.2252,0.2636,0.0104
antmaze-medium,GCIQL,54,rank,0.9242,0.0772,0.0
antmaze-medium,GCIQL,54,clip_std,0.2768,0.2801,0.0
antmaze-medium,GCIQL,55,raw,0.1442,0.3641,0.9079
antmaze-medium,GCIQL,55,zscore,0.2263,0.2465,0.0104
antmaze-medium,GCIQL,55,rank,0.9242,0.0772,0.0
antmaze-medium,GCIQL,55,clip_std,0.3383,0.2552,0.0
antmaze-medium,GCIQL,56,raw,0.1564,0.3374,0.9009
antmaze-medium,GCIQL,56,zscore,0.1547,0.3031,0.0
antmaze-medium,GCIQL,56,rank,0.9242,0.0772,0.0
antmaze-medium,GCIQL,56,clip_std,0.2332,0.3089,0.0
antmaze-medium,GCIQL,57,raw,0.1717,0.2589,0.0
antmaze-medium,GCIQL,57,zscore,0.2568,0.2354,0.0158
antmaze-medium,GCIQL,57,rank,0.9242,0.0772,0.0
antmaze-medium,GCIQL,57,clip_std,0.3585,0.2474,0.0
antmaze-medium,GCIQL,58,raw,0.1327,0.4122,0.8405
antmaze-medium,GCIQL,58,zscore,0.1994,0.2762,0.0052
antmaze-medium,GCIQL,58,rank,0.9242,0.0772,0.0
antmaze-medium,GCIQL,58,clip_std,0.2437,0.2982,0.0
antmaze-medium,GCIQL,59,raw,0.1627,0.3238,0.898
antmaze-medium,GCIQL,59,zscore,0.1707,0.2566,0.0513
antmaze-medium,GCIQL,59,rank,0.9242,0.0772,0.0
antmaze-medium,GCIQL,59,clip_std,0.3626,0.2482,0.0
antmaze-medium,GCIQL,60,raw,0.1279,0.4242,0.8543
antmaze-medium,GCIQL,60,zscore,0.2385,0.2562,0.0157
antmaze-medium,GCIQL,60,rank,0.9242,0.0772,0.0
antmaze-medium,GCIQL,60,clip_std,0.2825,0.2788,0.0
antmaze-medium,GCIQL,61,raw,0.0876,0.6711,0.7477
antmaze-medium,GCIQL,61,zscore,0.2875,0.2371,0.0053
antmaze-medium,GCIQL,61,rank,0.9242,0.0772,0.0
antmaze-medium,GCIQL,61,clip_std,0.3405,0.2532,0.0
antmaze-medium,GCIQL,62,raw,0.0853,0.6977,0.7445
antmaze-medium,GCIQL,62,zscore,0.1512,0.302,0.01
antmaze-medium,GCIQL,62,rank,0.9242,0.0772,0.0
antmaze-medium,GCIQL,62,clip_std,0.2295,0.3106,0.0
antmaze-medium,GCIQL,63,raw,0.1566,0.333,0.9231
antmaze-medium,GCIQL,63,zscore,0.2317,0.2627,0.0156
antmaze-medium,GCIQL,63,rank,0.9242,0.0772,0.0
antmaze-medium,GCIQL,63,clip_std,0.2864,0.2828,0.0
antmaze-medium,GCIVL,0,raw,0.5414,0.0951,0.9435
antmaze-medium,GCIVL,0,zscore,0.1984,0.2787,0.0
antmaze-medium,GCIVL,0,rank,0.9242,0.0772,0.0
antmaze-medium,GCIVL,0,clip_std,0.2565,0.3012,0.0
antmaze-medium,GCIVL,1,raw,0.4448,0.1221,0.8399
antmaze-medium,GCIVL,1,zscore,0.2244,0.2538,0.0211
antmaze-medium,GCIVL,1,rank,0.9242,0.0772,0.0
antmaze-medium,GCIVL,1,clip_std,0.2853,0.2849,0.0
antmaze-medium,GCIVL,2,raw,0.2971,0.2139,0.6075
antmaze-medium,GCIVL,2,zscore,0.2338,0.2731,0.0
antmaze-medium,GCIVL,2,rank,0.9242,0.0772,0.0
antmaze-medium,GCIVL,2,clip_std,0.2458,0.3104,0.0
antmaze-medium,GCIVL,3,raw,0.5693,0.0898,0.9544
antmaze-medium,GCIVL,3,zscore,0.2023,0.263,0.021
antmaze-medium,GCIVL,3,rank,0.9242,0.0772,0.0
antmaze-medium,GCIVL,3,clip_std,0.2534,0.2977,0.0
antmaze-medium,GCIVL,4,raw,0.5668,0.0901,0.9565
antmaze-medium,GCIVL,4,zscore,0.2177,0.2774,0.0
antmaze-medium,GCIVL,4,rank,0.9242,0.0772,0.0
antmaze-medium,GCIVL,4,clip_std,0.2402,0.3115,0.0
antmaze-medium,GCIVL,5,raw,0.1693,0.4861,0.3226
antmaze-medium,GCIVL,5,zscore,0.1832,0.274,0.0103
antmaze-medium,GCIVL,5,rank,0.9242,0.0772,0.0
antmaze-medium,GCIVL,5,clip_std,0.2559,0.2925,0.0
antmaze-medium,GCIVL,6,raw,0.477,0.1114,0.8802
antmaze-medium,GCIVL,6,zscore,0.1998,0.2756,0.0
antmaze-medium,GCIVL,6,rank,0.9242,0.0772,0.0
antmaze-medium,GCIVL,6,clip_std,0.2619,0.2966,0.0
antmaze-medium,GCIVL,7,raw,0.5394,0.0958,0.9329
antmaze-medium,GCIVL,7,zscore,0.2703,0.2459,0.0053
antmaze-medium,GCIVL,7,rank,0.9242,0.0772,0.0
antmaze-medium,GCIVL,7,clip_std,0.3079,0.2774,0.0
antmaze-medium,GCIVL,8,raw,0.5216,0.0995,0.9275
antmaze-medium,GCIVL,8,zscore,0.2309,0.2738,0.0
antmaze-medium,GCIVL,8,rank,0.9242,0.0772,0.0
antmaze-medium,GCIVL,8,clip_std,0.2448,0.3108,0.0
antmaze-medium,GCIVL,9,raw,0.4988,0.1055,0.8957
antmaze-medium,GCIVL,9,zscore,0.1911,0.2671,0.0208
antmaze-medium,GCIVL,9,rank,0.9242,0.0772,0.0
antmaze-medium,GCIVL,9,clip_std,0.26,0.2904,0.0
antmaze-medium,GCIVL,10,raw,0.1134,0.4336,0.1607
antmaze-medium,GCIVL,10,zscore,0.2138,0.2786,0.0
antmaze-medium,GCIVL,10,rank,0.9242,0.0772,0.0
antmaze-medium,GCIVL,10,clip_std,0.2412,0.3102,0.0
antmaze-medium,GCIVL,11,raw,0.5546,0.0921,0.9583
antmaze-medium,GCIVL,11,zscore,0.2384,0.2729,0.0051
antmaze-medium,GCIVL,11,rank,0.9242,0.0772,0.0
antmaze-medium,GCIVL,11,clip_std,0.2762,0.2951,0.0
antmaze-medium,GCIVL,12,raw,0.5556,0.0923,0.9498
antmaze-medium,GCIVL,12,zscore,0.1832,0.2768,0.0103
antmaze-medium,GCIVL,12,rank,0.9242,0.0772,0.0
antmaze-medium,GCIVL,12,clip_std,0.26,0.2939,0.0
antmaze-medium,GCIVL,13,raw,0.3639,0.1599,0.7301
antmaze-medium,GCIVL,13,zscore,0.2665,0.2465,0.0053
antmaze-medium,GCIVL,13,rank,0.9242,0.0772,0.0
antmaze-medium,GCIVL,13,clip_std,0.2983,0.278,0.0
antmaze-medium,GCIVL,14,raw,0.4094,0.1363,0.7983
antmaze-medium,GCIVL,14,zscore,0.2277,0.2746,0.0
antmaze-medium,GCIVL,14,rank,0.9242,0.0772,0.0
antmaze-medium,GCIVL,14,clip_std,0.2417,0.3115,0.0
antmaze-medium,GCIVL,15,raw,0.5563,0.0922,0.9493
antmaze-medium,GCIVL,15,zscore,0.182,0.2672,0.0261
antmaze-medium,GCIVL,15,rank,0.9242,0.0772,0.0
antmaze-medium,GCIVL,15,clip_std,0.2489,0.2912,0.0
antmaze-medium,GCIVL,16,raw,0.5474,0.094,0.9438
antmaze-medium,GCIVL,16,zscore,0.2213,0.2761,0.0
antmaze-medium,GCIVL,16,rank,0.9242,0.0772,0.0
antmaze-medium,GCIVL,16,clip_std,0.2402,0.3117,0.0
antmaze-medium,GCIVL,17,raw,0.4155,0.1334,0.8079
antmaze-medium,GCIVL,17,zscore,0.1728,0.2749,0.0206
antmaze-medium,GCIVL,17,rank,0.9242,0.0772,0.0
antmaze-medium,GCIVL,17,clip_std,0.2527,0.2913,0.0
antmaze-medium,GCIVL,18,raw,0.3407,0.175,0.6917
antmaze-medium,GCIVL,18,zscore,0.1811,0.2765,0.0103
antmaze-medium,GCIVL,18,rank,0.9242,0.0772,0.0
antmaze-medium,GCIVL,18,clip_std,0.2592,0.2929,0.0
antmaze-medium,GCIVL,19,raw,0.5619,0.091,0.9561
antmaze-medium,GCIVL,19,zscore,0.2612,0.2476,0.0053
antmaze-medium,GCIVL,19,rank,0.9242,0.0772,0.0
antmaze-medium,GCIVL,19,clip_std,0.2721,0.288,0.0
antmaze-medium,GCIVL,20,raw,0.5749,0.0886,0.9632
antmaze-medium,GCIVL,20,zscore,0.2133,0.2783,0.0
antmaze-medium,GCIVL,20,rank,0.9242,0.0772,0.0
antmaze-medium,GCIVL,20,clip_std,0.2422,0.3092,0.0
antmaze-medium,GCIVL,21,raw,0.9984,0.0539,0.0
antmaze-medium,GCIVL,21,zscore,0.2683,0.2532,0.0
antmaze-medium,GCIVL,21,rank,0.9242,0.0772,0.0
antmaze-medium,GCIVL,21,clip_std,0.2914,0.2825,0.0
antmaze-medium,GCIVL,22,raw,0.5111,0.102,0.9165
antmaze-medium,GCIVL,22,zscore,0.2271,0.2747,0.0
antmaze-medium,GCIVL,22,rank,0.9242,0.0772,0.0
antmaze-medium,GCIVL,22,clip_std,0.2428,0.3113,0.0
antmaze-medium,GCIVL,23,raw,0.5199,0.1002,0.9187
antmaze-medium,GCIVL,23,zscore,0.1693,0.2768,0.0257
antmaze-medium,GCIVL,23,rank,0.9242,0.0772,0.0
antmaze-medium,GCIVL,23,clip_std,0.246,0.2948,0.0
antmaze-medium,GCIVL,24,raw,0.527,0.0982,0.9294
antmaze-medium,GCIVL,24,zscore,0.1985,0.2785,0.0
antmaze-medium,GCIVL,24,rank,0.9242,0.0772,0.0
antmaze-medium,GCIVL,24,clip_std,0.2575,0.3008,0.0
antmaze-medium,GCIVL,25,raw,0.485,0.1091,0.8903
antmaze-medium,GCIVL,25,zscore,0.2165,0.2559,0.0157
antmaze-medium,GCIVL,25,rank,0.9242,0.0772,0.0
antmaze-medium,GCIVL,25,clip_std,0.2971,0.2772,0.0
antmaze-medium,GCIVL,26,raw,0.14,0.5272,0.3086
antmaze-medium,GCIVL,26,zscore,0.2187,0.2769,0.0
antmaze-medium,GCIVL,26,rank,0.9242,0.0772,0.0
antmaze-medium,GCIVL,26,clip_std,0.2403,0.3116,0.0
antmaze-medium,GCIVL,27,raw,0.566,0.0901,0.9614
antmaze-medium,GCIVL,27,zscore,0.1768,0.2737,0.0155
antmaze-medium,GCIVL,27,rank,0.9242,0.0772,0.0
antmaze-medium,GCIVL,27,clip_std,0.2528,0.2922,0.0
antmaze-medium,GCIVL,28,raw,0.5651,0.0904,0.9546
antmaze-medium,GCIVL,28,zscore,0.2355,0.2728,0.0
antmaze-medium,GCIVL,28,rank,0.9242,0.0772,0.0
antmaze-medium,GCIVL,28,clip_std,0.2462,0.3103,0.0
antmaze-medium,GCIVL,29,raw,0.2151,0.3507,0.4548
antmaze-medium,GCIVL,29,zscore,0.2369,0.2492,0.0107
antmaze-medium,GCIVL,29,rank,0.9242,0.0772,0.0
antmaze-medium,GCIVL,29,clip_std,0.2677,0.2881,0.0
antmaze-medium,GCIVL,30,raw,0.466,0.1146,0.8752
antmaze-medium,GCIVL,30,zscore,0.2063,0.2787,0.0
antmaze-medium,GCIVL,30,rank,0.9242,0.0772,0.0
antmaze-medium,GCIVL,30,clip_std,0.247,0.3056,0.0
antmaze-medium,GCIVL,31,raw,0.5369,0.0961,0.9374
antmaze-medium,GCIVL,31,zscore,0.2227,0.2562,0.0106
antmaze-medium,GCIVL,31,rank,0.9242,0.0772,0.0
antmaze-medium,GCIVL,31,clip_std,0.2824,0.2903,0.0
antmaze-medium,GCIVL,32,raw,0.5399,0.0955,0.942
antmaze-medium,GCIVL,32,zscore,0.2335,0.2732,0.0
antmaze-medium,GCIVL,32,rank,0.9242,0.0772,0.0
antmaze-medium,GCIVL,32,clip_std,0.2456,0.3105,0.0
antmaze-medium,GCIVL,33,raw,0.4596,0.1171,0.856
antmaze-medium,GCIVL,33,zscore,0.1955,0.2653,0.0209
antmaze-medium,GCIVL,33,rank,0.9242,0.0772,0.0
antmaze-medium,GCIVL,33,clip_std,0.2577,0.2937,0.0
antmaze-medium,GCIVL,34,raw,0.2649,0.2585,0.5356
antmaze-medium,GCIVL,34,zscore,0.2043,0.2784,0.0
antmaze-medium,GCIVL,34,rank,0.9242,0.0772,0.0
antmaze-medium,GCIVL,34,clip_std,0.2504,0.304,0.0
antmaze-medium,GCIVL,35,raw,0.5632,0.0908,0.9566
antmaze-medium,GCIVL,35,zscore,0.2272,0.2546,0.021
antmaze-medium,GCIVL,35,rank,0.9242,0.0772,0.0
antmaze-medium,GCIVL,35,clip_std,0.3032,0.2804,0.0
antmaze-medium,GCIVL,36,raw,0.5702,0.0896,0.9576
antmaze-medium,GCIVL,36,zscore,0.1975,0.2763,0.0
antmaze-medium,GCIVL,36,rank,0.9242,0.0772,0.0
antmaze-medium,GCIVL,36,clip_std,0.2618,0.2965,0.0
antmaze-medium,GCIVL,37,raw,0.1297,0.5133,0.2424
antmaze-medium,GCIVL,37,zscore,0.2125,0.2622,0.0105
antmaze-medium,GCIVL,37,rank,0.9242,0.0772,0.0
antmaze-medium,GCIVL,37,clip_std,0.2718,0.2911,0.0
antmaze-medium,GCIVL,38,raw,0.4941,0.1064,0.9041
antmaze-medium,GCIVL,38,zscore,0.2162,0.2779,0.0
antmaze-medium,GCIVL,38,rank,0.9242,0.0772,0.0
antmaze-medium,GCIVL,38,clip_std,0.2412,0.3107,0.0
antmaze-medium,GCIVL,39,raw,0.5262,0.0983,0.9312
antmaze-medium,GCIVL,39,zscore,0.186,0.2735,0.0052
antmaze-medium,GCIVL,39,rank,0.9242,0.0772,0.0
antmaze-medium,GCIVL,39,clip_std,0.2561,0.2924,0.0
antmaze-medium,GCIVL,40,raw,0.5152,0.1011,0.9226
antmaze-medium,GCIVL,40,zscore,0.2143,0.2787,0.0
antmaze-medium,GCIVL,40,rank,0.9242,0.0772,0.0
antmaze-medium,GCIVL,40,clip_std,0.2411,0.3107,0.0
antmaze-medium,GCIVL,41,raw,0.4884,0.1071,0.9113
antmaze-medium,GCIVL,41,zscore,0.197,0.2772,0.0305
antmaze-medium,GCIVL,41,rank,0.9242,0.0772,0.0
antmaze-medium,GCIVL,41,clip_std,0.2721,0.2961,0.0
antmaze-medium,GCIVL,42,raw,0.3765,0.2208,0.0
antmaze-medium,GCIVL,42,zscore,0.2296,0.2741,0.0
antmaze-medium,GCIVL,42,rank,0.9242,0.0772,0.0
antmaze-medium,GCIVL,42,clip_std,0.2443,0.3109,0.0
antmaze-medium,GCIVL,43,raw,0.5836,0.0871,0.9661
antmaze-medium,GCIVL,43,zscore,0.1839,0.2717,0.0155
antmaze-medium,GCIVL,43,rank,0.9242,0.0772,0.0
antmaze-medium,GCIVL,43,clip_std,0.2624,0.2902,0.0
antmaze-medium,GCIVL,44,raw,0.5594,0.0915,0.9508
antmaze-medium,GCIVL,44,zscore,0.2257,0.2752,0.0
antmaze-medium,GCIVL,44,rank,0.9242,0.0772,0.0
antmaze-medium,GCIVL,44,clip_std,0.2411,0.3118,0.0
antmaze-medium,GCIVL,45,raw,0.3296,0.1845,0.6679
antmaze-medium,GCIVL,45,zscore,0.1715,0.2793,0.0205
antmaze-medium,GCIVL,45,rank,0.9242,0.0772,0.0
antmaze-medium,GCIVL,45,clip_std,0.247,0.2956,0.0
antmaze-medium,GCIVL,46,raw,0.4343,0.1259,0.8315
antmaze-medium,GCIVL,46,zscore,0.1938,0.2753,0.0051
antmaze-medium,GCIVL,46,rank,0.9242,0.0772,0.0
antmaze-medium,GCIVL,46,clip_std,0.262,0.2946,0.0
antmaze-medium,GCIVL,47,raw,0.5478,0.0937,0.9458
antmaze-medium,GCIVL,47,zscore,0.2137,0.2573,0.0106
antmaze-medium,GCIVL,47,rank,0.9242,0.0772,0.0
antmaze-medium,GCIVL,47,clip_std,0.274,0.288,0.0
antmaze-medium,GCIVL,48,raw,0.551,0.0932,0.9458
antmaze-medium,GCIVL,48,zscore,0.1831,0.275,0.0154
antmaze-medium,GCIVL,48,rank,0.9242,0.0772,0.0
antmaze-medium,GCIVL,48,clip_std,0.2588,0.2928,0.0
antmaze-medium,GCIVL,49,raw,0.401,0.1403,0.7857
antmaze-medium,GCIVL,49,zscore,0.2116,0.2527,0.0212
antmaze-medium,GCIVL,49,rank,0.9242,0.0772,0.0
antmaze-medium,GCIVL,49,clip_std,0.2766,0.2858,0.0
antmaze-medium,GCIVL,50,raw,0.3847,0.1477,0.7742
antmaze-medium,GCIVL,50,zscore,0.2246,0.2754,0.0
antmaze-medium,GCIVL,50,rank,0.9242,0.0772,0.0
antmaze-medium,GCIVL,50,clip_std,0.2406,0.3118,0.0
antmaze-medium,GCIVL,51,raw,0.5573,0.0919,0.9537
antmaze-medium,GCIVL,51,zscore,0.1745,0.2758,0.0205
antmaze-medium,GCIVL,51,rank,0.9242,0.0772,0.0
antmaze-medium,GCIVL,51,clip_std,0.2526,0.2914,0.0
antmaze-medium,GCIVL,52,raw,0.5718,0.0891,0.9611
antmaze-medium,GCIVL,52,zscore,0.2284,0.2743,0.0
antmaze-medium,GCIVL,52,rank,0.9242,0.0772,0.0
antmaze-medium,GCIVL,52,clip_std,0.2437,0.311,0.0
antmaze-medium,GCIVL,53,raw,0.1162,0.3975,0.1295
antmaze-medium,GCIVL,53,zscore,0.1834,0.272,0.0207
antmaze-medium,GCIVL,53,rank,0.9242,0.0772,0.0
antmaze-medium,GCIVL,53,clip_std,0.256,0.2936,0.0
antmaze-medium,GCIVL,54,raw,0.5027,0.1044,0.9072
antmaze-medium,GCIVL,54,zscore,0.2106,0.2781,0.0
antmaze-medium,GCIVL,54,rank,0.9242,0.0772,0.0
antmaze-medium,GCIVL,54,clip_std,0.2445,0.3073,0.0
antmaze-medium,GCIVL,55,raw,0.5172,0.1005,0.9232
antmaze-medium,GCIVL,55,zscore,0.1846,0.2782,0.0203
antmaze-medium,GCIVL,55,rank,0.9242,0.0772,0.0
antmaze-medium,GCIVL,55,clip_std,0.286,0.2896,0.0
antmaze-medium,GCIVL,56,raw,0.5335,0.0969,0.934
antmaze-medium,GCIVL,56,zscore,0.2192,0.2767,0.0
antmaze-medium,GCIVL,56,rank,0.9242,0.0772,0.0
antmaze-medium,GCIVL,56,clip_std,0.2403,0.3116,0.0
antmaze-medium,GCIVL,57,raw,0.4747,0.1119,0.8856
antmaze-medium,GCIVL,57,zscore,0.1622,0.2806,0.0256
antmaze-medium,GCIVL,57,rank,0.9242,0.0772,0.0
antmaze-medium,GCIVL,57,clip_std,0.2484,0.2945,0.0
antmaze-medium,GCIVL,58,raw,0.2027,0.3965,0.4182
antmaze-medium,GCIVL,58,zscore,0.1995,0.2771,0.0
antmaze-medium,GCIVL,58,rank,0.9242,0.0772,0.0
antmaze-medium,GCIVL,58,clip_std,0.2601,0.2987,0.0
antmaze-medium,GCIVL,59,raw,0.5728,0.089,0.9614
antmaze-medium,GCIVL,59,zscore,0.2214,0.2552,0.0158
antmaze-medium,GCIVL,59,rank,0.9242,0.0772,0.0
antmaze-medium,GCIVL,59,clip_std,0.2837,0.282,0.0
antmaze-medium,GCIVL,60,raw,0.562,0.091,0.9567
antmaze-medium,GCIVL,60,zscore,0.2072,0.2783,0.0
antmaze-medium,GCIVL,60,rank,0.9242,0.0772,0.0
antmaze-medium,GCIVL,60,clip_std,0.2474,0.3054,0.0
antmaze-medium,GCIVL,61,raw,0.2863,0.2232,0.6125
antmaze-medium,GCIVL,61,zscore,0.2156,0.2625,0.0156
antmaze-medium,GCIVL,61,rank,0.9242,0.0772,0.0
antmaze-medium,GCIVL,61,clip_std,0.3001,0.2833,0.0
antmaze-medium,GCIVL,62,raw,0.4588,0.1172,0.8571
antmaze-medium,GCIVL,62,zscore,0.2382,0.2722,0.0
antmaze-medium,GCIVL,62,rank,0.9242,0.0772,0.0
antmaze-medium,GCIVL,62,clip_std,0.2468,0.31,0.0
antmaze-medium,GCIVL,63,raw,0.5445,0.0945,0.943
antmaze-medium,GCIVL,63,zscore,0.2086,0.2527,0.0107
antmaze-medium,GCIVL,63,rank,0.9242,0.0772,0.0
antmaze-medium,GCIVL,63,clip_std,0.2553,0.2941,0.0
antmaze-medium,QRL,0,raw,0.3406,0.176,0.6651
antmaze-medium,QRL,0,zscore,0.4512,0.192,0.0
antmaze-medium,QRL,0,rank,0.9242,0.0772,0.0
antmaze-medium,QRL,0,clip_std,0.524,0.1882,0.0
antmaze-medium,QRL,1,raw,0.6204,0.0816,0.974
antmaze-medium,QRL,1,zscore,0.2186,0.1847,0.0268
antmaze-medium,QRL,1,rank,0.9242,0.0772,0.0
antmaze-medium,QRL,1,clip_std,0.5325,0.1614,0.0
antmaze-medium,QRL,2,raw,0.5715,0.0895,0.9555
antmaze-medium,QRL,2,zscore,0.3278,0.169,0.0212
antmaze-medium,QRL,2,rank,0.9242,0.0772,0.0
antmaze-medium,QRL,2,clip_std,0.5843,0.1588,0.0
antmaze-medium,QRL,3,raw,0.5447,0.0949,0.9335
antmaze-medium,QRL,3,zscore,0.153,0.2031,0.0746
antmaze-medium,QRL,3,rank,0.9242,0.0772,0.0
antmaze-medium,QRL,3,clip_std,0.4984,0.1675,0.0
antmaze-medium,QRL,4,raw,0.5638,0.0911,0.9495
antmaze-medium,QRL,4,zscore,0.1947,0.1885,0.0481
antmaze-medium,QRL,4,rank,0.9242,0.0772,0.0
antmaze-medium,QRL,4,clip_std,0.5381,0.163,0.0
antmaze-medium,QRL,5,raw,0.6053,0.0839,0.9701
antmaze-medium,QRL,5,zscore,0.1712,0.1952,0.0479
antmaze-medium,QRL,5,rank,0.9242,0.0772,0.0
antmaze-medium,QRL,5,clip_std,0.5285,0.1618,0.0
antmaze-medium,QRL,6,raw,0.5654,0.0899,0.9687
antmaze-medium,QRL,6,zscore,0.4836,0.1695,0.0052
antmaze-medium,QRL,6,rank,0.9242,0.0772,0.0
antmaze-medium,QRL,6,clip_std,0.5717,0.1673,0.0
antmaze-medium,QRL,7,raw,0.2782,0.3252,0.0623
antmaze-medium,QRL,7,zscore,0.2498,0.1753,0.0271
antmaze-medium,QRL,7,rank,0.9242,0.0772,0.0
antmaze-medium,QRL,7,clip_std,0.555,0.1587,0.0
antmaze-medium,QRL,8,raw,0.7721,0.1111,0.0
antmaze-medium,QRL,8,zscore,0.4697,0.1666,0.0
antmaze-medium,QRL,8,rank,0.9242,0.0772,0.0
antmaze-medium,QRL,8,clip_std,0.5787,0.1631,0.0
antmaze-medium,QRL,9,raw,0.6126,0.0828,0.9721
antmaze-medium,QRL,9,zscore,0.1636,0.197,0.0696
antmaze-medium,QRL,9,rank,0.9242,0.0772,0.0
antmaze-medium,QRL,9,clip_std,0.5131,0.165,0.0
antmaze-medium,QRL,10,raw,0.5576,0.0915,0.9621
antmaze-medium,QRL,10,zscore,0.4766,0.1772,0.0052
antmaze-medium,QRL,10,rank,0.9242,0.0772,0.0
antmaze-medium,QRL,10,clip_std,0.5565,0.1751,0.0
antmaze-medium,QRL,11,raw,0.5738,0.0891,0.9601
antmaze-medium,QRL,11,zscore,0.1942,0.1897,0.032
antmaze-medium,QRL,11,rank,0.9242,0.0772,0.0
antmaze-medium,QRL,11,clip_std,0.5308,0.1614,0.0
antmaze-medium,QRL,12,raw,0.4527,0.1172,0.8836
antmaze-medium,QRL,12,zscore,0.4451,0.187,0.0051
antmaze-medium,QRL,12,rank,0.9242,0.0772,0.0
antmaze-medium,QRL,12,clip_std,0.5308,0.1838,0.0
antmaze-medium,QRL,13,raw,0.5886,0.0867,0.9625
antmaze-medium,QRL,13,zscore,0.2583,0.1728,0.0271
antmaze-medium,QRL,13,rank,0.9242,0.0772,0.0
antmaze-medium,QRL,13,clip_std,0.565,0.1568,0.0
antmaze-medium,QRL,14,raw,0.6189,0.0819,0.9729
antmaze-medium,QRL,14,zscore,0.1712,0.1964,0.0641
antmaze-medium,QRL,14,rank,0.9242,0.0772,0.0
antmaze-medium,QRL,14,clip_std,0.5111,0.1665,0.0
antmaze-medium,QRL,15,raw,0.4911,0.1085,0.8721
antmaze-medium,QRL,15,zscore,0.155,0.2008,0.069
antmaze-medium,QRL,15,rank,0.9242,0.0772,0.0
antmaze-medium,QRL,15,clip_std,0.5213,0.1633,0.0
antmaze-medium,QRL,16,raw,0.4669,0.1162,0.8383
antmaze-medium,QRL,16,zscore,0.1666,0.1991,0.0585
antmaze-medium,QRL,16,rank,0.9242,0.0772,0.0
antmaze-medium,QRL,16,clip_std,0.5122,0.1668,0.0
antmaze-medium,QRL,17,raw,0.6154,0.0823,0.9743
antmaze-medium,QRL,17,zscore,0.1628,0.1974,0.0637
antmaze-medium,QRL,17,rank,0.9242,0.0772,0.0
antmaze-medium,QRL,17,clip_std,0.5267,0.162,0.0
antmaze-medium,QRL,18,raw,0.5464,0.0937,0.9549
antmaze-medium,QRL,18,zscore,0.4138,0.1814,0.0103
antmaze-medium,QRL,18,rank,0.9242,0.0772,0.0
antmaze-medium,QRL,18,clip_std,0.5525,0.1765,0.0
antmaze-medium,QRL,19,raw,0.5329,0.0973,0.9234
antmaze-medium,QRL,19,zscore,0.254,0.174,0.0271
antmaze-medium,QRL,19,rank,0.9242,0.0772,0.0
antmaze-medium,QRL,19,clip_std,0.5611,0.1577,0.0
antmaze-medium,QRL,20,raw,0.5253,0.098,0.9455
antmaze-medium,QRL,20,zscore,0.4407,0.1801,0.0051
antmaze-medium,QRL,20,rank,0.9242,0.0772,0.0
antmaze-medium,QRL,20,clip_std,0.5501,0.1753,0.0
antmaze-medium,QRL,21,raw,0.5966,0.0854,0.9641
antmaze-medium,QRL,21,zscore,0.2008,0.1883,0.0321
antmaze-medium,QRL,21,rank,0.9242,0.0772,0.0
antmaze-medium,QRL,21,clip_std,0.5316,0.1615,0.0
antmaze-medium,QRL,22,raw,0.5987,0.0849,0.9695
antmaze-medium,QRL,22,zscore,0.4013,0.1665,0.0053
antmaze-medium,QRL,22,rank,0.9242,0.0772,0.0
antmaze-medium,QRL,22,clip_std,0.5829,0.1601,0.0
antmaze-medium,QRL,23,raw,0.3002,0.2508,0.0408
antmaze-medium,QRL,23,zscore,0.1645,0.1963,0.0695
antmaze-medium,QRL,23,rank,0.9242,0.0772,0.0
antmaze-medium,QRL,23,clip_std,0.5161,0.1646,0.0
antmaze-medium,QRL,24,raw,0.2948,0.2483,0.3966
antmaze-medium,QRL,24,zscore,0.473,0.1697,0.0
antmaze-medium,QRL,24,rank,0.9242,0.0772,0.0
antmaze-medium,QRL,24,clip_std,0.5765,0.1672,0.0
antmaze-medium,QRL,25,raw,0.609,0.0834,0.9695
antmaze-medium,QRL,25,zscore,0.2487,0.1756,0.0271
antmaze-medium,QRL,25,rank,0.9242,0.0772,0.0
antmaze-medium,QRL,25,clip_std,0.5531,0.1589,0.0
antmaze-medium,QRL,26,raw,0.5992,0.0848,0.9701
antmaze-medium,QRL,26,zscore,0.1875,0.1948,0.0474
antmaze-medium,QRL,26,rank,0.9242,0.0772,0.0
antmaze-medium,QRL,26,clip_std,0.5335,0.1642,0.0
antmaze-medium,QRL,27,raw,0.5581,0.0922,0.946
antmaze-medium,QRL,27,zscore,0.1726,0.1946,0.0426
antmaze-medium,QRL,27,rank,0.9242,0.0772,0.0
antmaze-medium,QRL,27,clip_std,0.5291,0.1616,0.0
antmaze-medium,QRL,28,raw,0.5485,0.0942,0.9373
antmaze-medium,QRL,28,zscore,0.2945,0.1697,0.0269
antmaze-medium,QRL,28,rank,0.9242,0.0772,0.0
antmaze-medium,QRL,28,clip_std,0.5674,0.1599,0.0
antmaze-medium,QRL,29,raw,0.587,0.0871,0.9579
antmaze-medium,QRL,29,zscore,0.1666,0.1958,0.0646
antmaze-medium,QRL,29,rank,0.9242,0.0772,0.0
antmaze-medium,QRL,29,clip_std,0.5077,0.1663,0.0
antmaze-medium,QRL,30,raw,0.5745,0.0884,0.9709
antmaze-medium,QRL,30,zscore,0.3167,0.1952,0.0203
antmaze-medium,QRL,30,rank,0.9242,0.0772,0.0
antmaze-medium,QRL,30,clip_std,0.5322,0.1824,0.0
antmaze-medium,QRL,31,raw,0.3516,0.1867,0.5017
antmaze-medium,QRL,31,zscore,0.243,0.1777,0.027
antmaze-medium,QRL,31,rank,0.9242,0.0772,0.0
antmaze-medium,QRL,31,clip_std,0.5394,0.1606,0.0
antmaze-medium,QRL,32,raw,0.379,0.1579,0.6458
antmaze-medium,QRL,32,zscore,0.3633,0.1656,0.0159
antmaze-medium,QRL,32,rank,0.9242,0.0772,0.0
antmaze-medium,QRL,32,clip_std,0.5885,0.158,0.0
antmaze-medium,QRL,33,raw,0.6199,0.0817,0.9755
antmaze-medium,QRL,33,zscore,0.1721,0.1944,0.0644
antmaze-medium,QRL,33,rank,0.9242,0.0772,0.0
antmaze-medium,QRL,33,clip_std,0.5104,0.1662,0.0
antmaze-medium,QRL,34,raw,0.5454,0.0938,0.9545
antmaze-medium,QRL,34,zscore,0.4686,0.1787,0.0
antmaze-medium,QRL,34,rank,0.9242,0.0772,0.0
antmaze-medium,QRL,34,clip_std,0.5531,0.1752,0.0
antmaze-medium,QRL,35,raw,0.5498,0.0937,0.9432
antmaze-medium,QRL,35,zscore,0.2331,0.181,0.0269
antmaze-medium,QRL,35,rank,0.9242,0.0772,0.0
antmaze-medium,QRL,35,clip_std,0.5334,0.1611,0.0
antmaze-medium,QRL,36,raw,0.5196,0.0993,0.9412
antmaze-medium,QRL,36,zscore,0.4957,0.1736,0.0
antmaze-medium,QRL,36,rank,0.9242,0.0772,0.0
antmaze-medium,QRL,36,clip_std,0.5635,0.1708,0.0
antmaze-medium,QRL,37,raw,0.6002,0.0848,0.9673
antmaze-medium,QRL,37,zscore,0.2536,0.1742,0.0271
antmaze-medium,QRL,37,rank,0.9242,0.0772,0.0
antmaze-medium,QRL,37,clip_std,0.5603,0.1578,0.0
antmaze-medium,QRL,38,raw,0.6106,0.0831,0.9708
antmaze-medium,QRL,38,zscore,0.1895,0.19,0.0481
antmaze-medium,QRL,38,rank,0.9242,0.0772,0.0
antmaze-medium,QRL,38,clip_std,0.5348,0.1635,0.0
antmaze-medium,QRL,39,raw,0.3082,0.2619,0.2983
antmaze-medium,QRL,39,zscore,0.1666,0.1967,0.0585
antmaze-medium,QRL,39,rank,0.9242,0.0772,0.0
antmaze-medium,QRL,39,clip_std,0.5265,0.1622,0.0
antmaze-medium,QRL,40,raw,0.6183,0.1435,0.0
antmaze-medium,QRL,40,zscore,0.475,0.1785,0.0051
antmaze-medium,QRL,40,rank,0.9242,0.0772,0.0
antmaze-medium,QRL,40,clip_std,0.5545,0.1756,0.0
antmaze-medium,QRL,41,raw,0.6127,0.0827,0.9716
antmaze-medium,QRL,41,zscore,0.1853,0.1918,0.032
antmaze-medium,QRL,41,rank,0.9242,0.0772,0.0
antmaze-medium,QRL,41,clip_std,0.5304,0.1616,0.0
antmaze-medium,QRL,42,raw,0.5659,0.0901,0.9642
antmaze-medium,QRL,42,zscore,0.3253,0.1839,0.0155
antmaze-medium,QRL,42,rank,0.9242,0.0772,0.0
antmaze-medium,QRL,42,clip_std,0.5537,0.1717,0.0
antmaze-medium,QRL,43,raw,0.5735,0.0893,0.9573
antmaze-medium,QRL,43,zscore,0.1529,0.2012,0.0743
antmaze-medium,QRL,43,rank,0.9242,0.0772,0.0
antmaze-medium,QRL,43,clip_std,0.521,0.1631,0.0
antmaze-medium,QRL,44,raw,0.5277,0.0989,0.914
antmaze-medium,QRL,44,zscore,0.1698,0.1966,0.0641
antmaze-medium,QRL,44,rank,0.9242,0.0772,0.0
antmaze-medium,QRL,44,clip_std,0.5142,0.1663,0.0
antmaze-medium,QRL,45,raw,0.5931,0.086,0.9632
antmaze-medium,QRL,45,zscore,0.1539,0.2007,0.0742
antmaze-medium,QRL,45,rank,0.9242,0.0772,0.0
antmaze-medium,QRL,45,clip_std,0.5241,0.1625,0.0
antmaze-medium,QRL,46,raw,0.5651,0.0899,0.9715
antmaze-medium,QRL,46,zscore,0.4957,0.1875,0.0
antmaze-medium,QRL,46,rank,0.9242,0.0772,0.0
antmaze-medium,QRL,46,clip_std,0.5248,0.1858,0.0
antmaze-medium,QRL,47,raw,0.4829,0.1111,0.8535
antmaze-medium,QRL,47,zscore,0.2568,0.1734,0.0271
antmaze-medium,QRL,47,rank,0.9242,0.0772,0.0
antmaze-medium,QRL,47,clip_std,0.5638,0.1572,0.0
antmaze-medium,QRL,48,raw,0.4452,0.1204,0.8661
antmaze-medium,QRL,48,zscore,0.3353,0.1385,0.0195
antmaze-medium,QRL,48,rank,0.9242,0.0772,0.0
antmaze-medium,QRL,48,clip_std,0.2986,0.1961,0.0203
antmaze-medium,QRL,49,raw,0.6159,0.0823,0.9722
antmaze-medium,QRL,49,zscore,0.2555,0.1738,0.0271
antmaze-medium,QRL,49,rank,0.9242,0.0772,0.0
antmaze-medium,QRL,49,clip_std,0.5622,0.1576,0.0
antmaze-medium,QRL,50,raw,0.5925,0.0861,0.9628
antmaze-medium,QRL,50,zscore,0.1805,0.1936,0.0588
antmaze-medium,QRL,50,rank,0.9242,0.0772,0.0
antmaze-medium,QRL,50,clip_std,0.5145,0.166,0.0
antmaze-medium,QRL,51,raw,0.5157,0.1018,0.8993
antmaze-medium,QRL,51,zscore,0.1608,0.1983,0.0691
antmaze-medium,QRL,51,rank,0.9242,0.0772,0.0
antmaze-medium,QRL,51,clip_std,0.5244,0.1626,0.0
antmaze-medium,QRL,52,raw,0.554,0.0926,0.9505
antmaze-medium,QRL,52,zscore,0.4787,0.1623,0.0053
antmaze-medium,QRL,52,rank,0.9242,0.0772,0.0
antmaze-medium,QRL,52,clip_std,0.5883,0.1601,0.0
antmaze-medium,QRL,53,raw,0.5999,0.0849,0.9651
antmaze-medium,QRL,53,zscore,0.1648,0.1984,0.0641
antmaze-medium,QRL,53,rank,0.9242,0.0772,0.0
antmaze-medium,QRL,53,clip_std,0.5039,0.167,0.0
antmaze-medium,QRL,54,raw,0.5703,0.0891,0.9692
antmaze-medium,QRL,54,zscore,0.458,0.1783,0.0051
antmaze-medium,QRL,54,rank,0.9242,0.0772,0.0
antmaze-medium,QRL,54,clip_std,0.5546,0.1749,0.0
antmaze-medium,QRL,55,raw,0.2748,0.1119,0.0318
antmaze-medium,QRL,55,zscore,0.2128,0.186,0.0268
antmaze-medium,QRL,55,rank,0.9242,0.0772,0.0
antmaze-medium,QRL,55,clip_std,0.5318,0.1617,0.0
antmaze-medium,QRL,56,raw,0.3003,0.2791,0.0328
antmaze-medium,QRL,56,zscore,0.2024,0.1932,0.0369
antmaze-medium,QRL,56,rank,0.9242,0.0772,0.0
antmaze-medium,QRL,56,clip_std,0.5337,0.1653,0.0
antmaze-medium,QRL,57,raw,0.6075,0.0835,0.971
antmaze-medium,QRL,57,zscore,0.1851,0.1915,0.032
antmaze-medium,QRL,57,rank,0.9242,0.0772,0.0
antmaze-medium,QRL,57,clip_std,0.5298,0.1616,0.0
antmaze-medium,QRL,58,raw,0.5682,0.0897,0.9628
antmaze-medium,QRL,58,zscore,0.3632,0.1841,0.0155
antmaze-medium,QRL,58,rank,0.9242,0.0772,0.0
antmaze-medium,QRL,58,clip_std,0.5481,0.1767,0.0
antmaze-medium,QRL,59,raw,0.5683,0.0902,0.9523
antmaze-medium,QRL,59,zscore,0.245,0.1769,0.027
antmaze-medium,QRL,59,rank,0.9242,0.0772,0.0
antmaze-medium,QRL,59,clip_std,0.5423,0.1602,0.0
antmaze-medium,QRL,60,raw,0.4879,0.1072,0.9091
antmaze-medium,QRL,60,zscore,0.4505,0.1808,0.0051
antmaze-medium,QRL,60,rank,0.9242,0.0772,0.0
antmaze-medium,QRL,60,clip_std,0.5518,0.1765,0.0
antmaze-medium,QRL,61,raw,0.5812,0.0879,0.961
antmaze-medium,QRL,61,zscore,0.2341,0.1808,0.0269
antmaze-medium,QRL,61,rank,0.9242,0.0772,0.0
antmaze-medium,QRL,61,clip_std,0.5338,0.1611,0.0
antmaze-medium,QRL,62,raw,0.61,0.083,0.9769
antmaze-medium,QRL,62,zscore,0.28,0.1736,0.0266
antmaze-medium,QRL,62,rank,0.9242,0.0772,0.0
antmaze-medium,QRL,62,clip_std,0.5683,0.1603,0.0
antmaze-medium,QRL,63,raw,0.4503,0.1221,0.8118
antmaze-medium,QRL,63,zscore,0.1464,0.2055,0.0802
antmaze-medium,QRL,63,rank,0.9242,0.0772,0.0
antmaze-medium,QRL,63,clip_std,0.487,0.1689,0.0
antmaze-large,CRL,0,raw,0.3337,0.1535,0.9512
antmaze-large,CRL,0,zscore,0.1985,0.3459,0.0046
antmaze-large,CRL,0,rank,0.9242,0.0772,0.0
antmaze-large,CRL,0,clip_std,0.2882,0.3343,0.0
antmaze-large,CRL,1,raw,0.2643,0.199,0.9023
antmaze-large,CRL,1,zscore,0.2723,0.2634,0.0
antmaze-large,CRL,1,rank,0.9242,0.0772,0.0
antmaze-large,CRL,1,clip_std,0.3248,0.273,0.0
antmaze-large,CRL,2,raw,0.1324,0.4695,0.6624
antmaze-large,CRL,2,zscore,0.1928,0.2709,0.0252
antmaze-large,CRL,2,rank,0.9242,0.0772,0.0
antmaze-large,CRL,2,clip_std,0.3489,0.2586,0.0
antmaze-large,CRL,3,raw,0.301,0.1693,0.9642
antmaze-large,CRL,3,zscore,0.2246,0.2941,0.0
antmaze-large,CRL,3,rank,0.9242,0.0772,0.0
antmaze-large,CRL,3,clip_std,0.2872,0.2935,0.0
antmaze-large,CRL,4,raw,0.2863,0.1792,0.9489
antmaze-large,CRL,4,zscore,0.1861,0.296,0.0147
antmaze-large,CRL,4,rank,0.9242,0.0772,0.0
antmaze-large,CRL,4,clip_std,0.2988,0.2871,0.0
antmaze-large,CRL,5,raw,0.2203,0.2467,0.8484
antmaze-large,CRL,5,zscore,0.2255,0.2936,0.0
antmaze-large,CRL,5,rank,0.9242,0.0772,0.0
antmaze-large,CRL,5,clip_std,0.2876,0.2933,0.0
antmaze-large,CRL,6,raw,0.2248,0.2437,0.8373
antmaze-large,CRL,6,zscore,0.1438,0.3881,0.0307
antmaze-large,CRL,6,rank,0.9242,0.0772,0.0
antmaze-large,CRL,6,clip_std,0.2332,0.365,0.0
antmaze-large,CRL,7,raw,0.2969,0.1726,0.9544
antmaze-large,CRL,7,zscore,0.2422,0.2801,0.0
antmaze-large,CRL,7,rank,0.9242,0.0772,0.0
antmaze-large,CRL,7,clip_std,0.3003,0.2861,0.0
antmaze-large,CRL,8,raw,0.284,0.1813,0.9397
antmaze-large,CRL,8,zscore,0.2681,0.2534,0.0052
antmaze-large,CRL,8,rank,0.9242,0.0772,0.0
antmaze-large,CRL,8,clip_std,0.3413,0.2603,0.0
antmaze-large,CRL,9,raw,0.2577,0.2036,0.9087
antmaze-large,CRL,9,zscore,0.2178,0.2981,0.0
antmaze-large,CRL,9,rank,0.9242,0.0772,0.0
antmaze-large,CRL,9,clip_std,0.2847,0.2952,0.0
antmaze-large,CRL,10,raw,0.2,0.25,1.0
antmaze-large,CRL,10,zscore,0.4104,0.1687,0.0
antmaze-large,CRL,10,rank,0.9242,0.0772,0.0
antmaze-large,CRL,10,clip_std,0.4104,0.1687,0.0
antmaze-large,CRL,11,raw,0.2971,0.1718,0.9603
antmaze-large,CRL,11,zscore,0.2696,0.2546,0.0052
antmaze-large,CRL,11,rank,0.9242,0.0772,0.0
antmaze-large,CRL,11,clip_std,0.3399,0.262,0.0
antmaze-large,CRL,12,raw,0.3134,0.1625,0.9629
antmaze-large,CRL,12,zscore,0.0673,0.4594,0.1922
antmaze-large,CRL,12,rank,0.9242,0.0772,0.0
antmaze-large,CRL,12,clip_std,0.2238,0.3455,0.0
antmaze-large,CRL,13,raw,0.4842,0.1988,0.0
antmaze-large,CRL,13,zscore,0.2377,0.2857,0.0
antmaze-large,CRL,13,rank,0.9242,0.0772,0.0
antmaze-large,CRL,13,clip_std,0.2932,0.2897,0.0
antmaze-large,CRL,14,raw,0.2782,0.1874,0.9195
antmaze-large,CRL,14,zscore,0.1702,0.3244,0.0095
antmaze-large,CRL,14,rank,0.9242,0.0772,0.0
antmaze-large,CRL,14,clip_std,0.2745,0.3124,0.0
antmaze-large,CRL,15,raw,0.2788,0.1854,0.9364
antmaze-large,CRL,15,zscore,0.2337,0.2886,0.0
antmaze-large,CRL,15,rank,0.9242,0.0772,0.0
antmaze-large,CRL,15,clip_std,0.2909,0.291,0.0
antmaze-large,CRL,16,raw,0.2823,0.1836,0.9311
antmaze-large,CRL,16,zscore,0.0783,0.3832,0.1836
antmaze-large,CRL,16,rank,0.9242,0.0772,0.0
antmaze-large,CRL,16,clip_std,0.2383,0.3218,0.0
antmaze-large,CRL,17,raw,0.2738,0.1896,0.926
antmaze-large,CRL,17,zscore,0.2348,0.2878,0.0
antmaze-large,CRL,17,rank,0.9242,0.0772,0.0
antmaze-large,CRL,17,clip_std,0.2915,0.2907,0.0
antmaze-large,CRL,18,raw,0.0713,0.7134,0.4335
antmaze-large,CRL,18,zscore,0.1973,0.305,0.0145
antmaze-large,CRL,18,rank,0.9242,0.0772,0.0
antmaze-large,CRL,18,clip_std,0.2965,0.3004,0.0
antmaze-large,CRL,19,raw,0.3073,0.1658,0.9622
antmaze-large,CRL,19,zscore,0.2405,0.2827,0.0
antmaze-large,CRL,19,rank,0.9242,0.0772,0.0
antmaze-large,CRL,19,clip_std,0.2965,0.288,0.0
antmaze-large,CRL,20,raw,0.2,0.25,1.0
antmaze-large,CRL,20,zscore,0.4385,0.1607,0.0
antmaze-large,CRL,20,rank,0.9242,0.0772,0.0
antmaze-large,CRL,20,clip_std,0.4385,0.1607,0.0
antmaze-large,CRL,21,raw,0.1768,0.3261,0.7674
antmaze-large,CRL,21,zscore,0.2727,0.2597,0.0052
antmaze-large,CRL,21,rank,0.9242,0.0772,0.0
antmaze-large,CRL,21,clip_std,0.3303,0.2692,0.0
antmaze-large,CRL,22,raw,0.2321,0.2315,0.8666
antmaze-large,CRL,22,zscore,0.2339,0.2591,0.0154
antmaze-large,CRL,22,rank,0.9242,0.0772,0.0
antmaze-large,CRL,22,clip_std,0.3402,0.2593,0.0
antmaze-large,CRL,23,raw,0.2891,0.1774,0.9519
antmaze-large,CRL,23,zscore,0.2159,0.2991,0.0
antmaze-large,CRL,23,rank,0.9242,0.0772,0.0
antmaze-large,CRL,23,clip_std,0.2841,0.2956,0.0
antmaze-large,CRL,24,raw,0.2972,0.1731,0.945
antmaze-large,CRL,24,zscore,0.1125,0.378,0.0353
antmaze-large,CRL,24,rank,0.9242,0.0772,0.0
antmaze-large,CRL,24,clip_std,0.2548,0.3341,0.0
antmaze-large,CRL,25,raw,0.2425,0.2199,0.8811
antmaze-large,CRL,25,zscore,0.2478,0.2766,0.0
antmaze-large,CRL,25,rank,0.9242,0.0772,0.0
antmaze-large,CRL,25,clip_std,0.306,0.2835,0.0
antmaze-large,CRL,26,raw,0.1937,0.2883,0.8095
antmaze-large,CRL,26,zscore,0.2065,0.2753,0.0151
antmaze-large,CRL,26,rank,0.9242,0.0772,0.0
antmaze-large,CRL,26,clip_std,0.3316,0.2719,0.0
antmaze-large,CRL,27,raw,0.2974,0.1717,0.9623
antmaze-large,CRL,27,zscore,0.2294,0.2914,0.0
antmaze-large,CRL,27,rank,0.9242,0.0772,0.0
antmaze-large,CRL,27,clip_std,0.2891,0.2923,0.0
antmaze-large,CRL,28,raw,0.2912,0.1754,0.9593
antmaze-large,CRL,28,zscore,0.1887,0.2738,0.0301
antmaze-large,CRL,28,rank,0.9242,0.0772,0.0
antmaze-large,CRL,28,clip_std,0.3501,0.2601,0.0
antmaze-large,CRL,29,raw,0.1095,0.6033,0.6014
antmaze-large,CRL,29,zscore,0.2204,0.2965,0.0
antmaze-large,CRL,29,rank,0.9242,0.0772,0.0
antmaze-large,CRL,29,clip_std,0.2858,0.2945,0.0
antmaze-large,CRL,30,raw,0.8,0.0625,1.0
antmaze-large,CRL,30,zscore,0.6259,0.1112,0.0
antmaze-large,CRL,30,rank,0.9242,0.0772,0.0
antmaze-large,CRL,30,clip_std,0.6259,0.1112,0.0
antmaze-large,CRL,31,raw,0.2885,0.1788,0.9374
antmaze-large,CRL,31,zscore,0.2647,0.2681,0.0
antmaze-large,CRL,31,rank,0.9242,0.0772,0.0
antmaze-large,CRL,31,clip_std,0.3189,0.277,0.0
antmaze-large,CRL,32,raw,0.2696,0.1923,0.9331
antmaze-large,CRL,32,zscore,0.1892,0.2733,0.0301
antmaze-large,CRL,32,rank,0.9242,0.0772,0.0
antmaze-large,CRL,32,clip_std,0.3498,0.2598,0.0
antmaze-large,CRL,33,raw,0.2679,0.1943,0.9232
antmaze-large,CRL,33,zscore,0.2232,0.2951,0.0
antmaze-large,CRL,33,rank,0.9242,0.0772,0.0
antmaze-large,CRL,33,clip_std,0.2867,0.2939,0.0
antmaze-large,CRL,34,raw,0.0817,0.7366,0.5703
antmaze-large,CRL,34,zscore,0.8318,0.0615,0.0
antmaze-large,CRL,34,rank,0.9242,0.0772,0.0
antmaze-large,CRL,34,clip_std,0.8318,0.0615,0.0
antmaze-large,CRL,35,raw,0.3086,0.1652,0.9617
antmaze-large,CRL,35,zscore,0.269,0.2659,0.0
antmaze-large,CRL,35,rank,0.9242,0.0772,0.0
antmaze-large,CRL,35,clip_std,0.3215,0.2754,0.0
antmaze-large,CRL,36,raw,0.2895,0.1772,0.9529
antmaze-large,CRL,36,zscore,0.096,0.4072,0.0759
antmaze-large,CRL,36,rank,0.9242,0.0772,0.0
antmaze-large,CRL,36,clip_std,0.2596,0.3367,0.0
antmaze-large,CRL,37,raw,0.2062,0.2674,0.8285
antmaze-large,CRL,37,zscore,0.2446,0.2783,0.0
antmaze-large,CRL,37,rank,0.9242,0.0772,0.0
antmaze-large,CRL,37,clip_std,0.3033,0.2847,0.0
antmaze-large,CRL,38,raw,0.2255,0.2391,0.868
antmaze-large,CRL,38,zscore,0.2045,0.2759,0.0201
antmaze-large,CRL,38,rank,0.9242,0.0772,0.0
antmaze-large,CRL,38,clip_std,0.3316,0.2718,0.0
antmaze-large,CRL,39,raw,0.2921,0.1752,0.956
antmaze-large,CRL,39,zscore,0.2272,0.2926,0.0
antmaze-large,CRL,39,rank,0.9242,0.0772,0.0
antmaze-large,CRL,39,clip_std,0.2883,0.2928,0.0
antmaze-large,CRL,40,raw,0.4,0.125,1.0
antmaze-large,CRL,40,zscore,0.6523,0.1039,0.0
antmaze-large,CRL,40,rank,0.9242,0.0772,0.0
antmaze-large,CRL,40,clip_std,0.6523,0.1039,0.0
antmaze-large,CRL,41,raw,0.2459,0.2161,0.8846
antmaze-large,CRL,41,zscore,0.2729,0.2566,0.0052
antmaze-large,CRL,41,rank,0.9242,0.0772,0.0
antmaze-large,CRL,41,clip_std,0.3358,0.2652,0.0
antmaze-large,CRL,42,raw,0.1819,0.3125,0.7872
antmaze-large,CRL,42,zscore,0.2592,0.253,0.0052
antmaze-large,CRL,42,rank,0.9242,0.0772,0.0
antmaze-large,CRL,42,clip_std,0.3438,0.2579,0.0
antmaze-large,CRL,43,raw,0.2985,0.171,0.9599
antmaze-large,CRL,43,zscore,0.2161,0.299,0.0
antmaze-large,CRL,43,rank,0.9242,0.0772,0.0
antmaze-large,CRL,43,clip_std,0.2841,0.2956,0.0
antmaze-large,CRL,44,raw,0.3182,0.1601,0.9632
antmaze-large,CRL,44,zscore,0.096,0.369,0.1036
antmaze-large,CRL,44,rank,0.9242,0.0772,0.0
antmaze-large,CRL,44,clip_std,0.2597,0.3167,0.0
antmaze-large,CRL,45,raw,0.0616,0.7106,0.4417
antmaze-large,CRL,45,zscore,0.2346,0.2879,0.0
antmaze-large,CRL,45,rank,0.9242,0.0772,0.0
antmaze-large,CRL,45,clip_std,0.2914,0.2907,0.0
antmaze-large,CRL,46,raw,0.2668,0.1968,0.9066
antmaze-large,CRL,46,zscore,0.1533,0.3684,0.009
antmaze-large,CRL,46,rank,0.9242,0.0772,0.0
antmaze-large,CRL,46,clip_std,0.246,0.3429,0.0
antmaze-large,CRL,47,raw,0.282,0.1831,0.9412
antmaze-large,CRL,47,zscore,0.2382,0.2849,0.0
antmaze-large,CRL,47,rank,0.9242,0.0772,0.0
antmaze-large,CRL,47,clip_std,0.2941,0.2892,0.0
antmaze-large,CRL,48,raw,0.2793,0.1865,0.9248
antmaze-large,CRL,48,zscore,0.2299,0.2841,0.005
antmaze-large,CRL,48,rank,0.9242,0.0772,0.0
antmaze-large,CRL,48,clip_std,0.288,0.2946,0.0
antmaze-large,CRL,49,raw,0.2771,0.1873,0.9271
antmaze-large,CRL,49,zscore,0.2413,0.2814,0.0
antmaze-large,CRL,49,rank,0.9242,0.0772,0.0
antmaze-large,CRL,49,clip_std,0.2981,0.2872,0.0
antmaze-large,CRL,50,raw,0.0549,0.4466,0.2006
antmaze-large,CRL,50,zscore,0.0844,0.3764,0.1603
antmaze-large,CRL,50,rank,0.9242,0.0772,0.0
antmaze-large,CRL,50,clip_std,0.2591,0.3088,0.0
antmaze-large,CRL,51,raw,0.3061,0.1664,0.9628
antmaze-large,CRL,51,zscore,0.237,0.2863,0.0
antmaze-large,CRL,51,rank,0.9242,0.0772,0.0
antmaze-large,CRL,51,clip_std,0.2925,0.2899,0.0
antmaze-large,CRL,52,raw,0.2885,0.177,0.9599
antmaze-large,CRL,52,zscore,0.2173,0.2642,0.0153
antmaze-large,CRL,52,rank,0.9242,0.0772,0.0
antmaze-large,CRL,52,clip_std,0.3437,0.2589,0.0
antmaze-large,CRL,53,raw,0.1684,0.3486,0.7521
antmaze-large,CRL,53,zscore,0.2147,0.2997,0.0
antmaze-large,CRL,53,rank,0.9242,0.0772,0.0
antmaze-large,CRL,53,clip_std,0.2837,0.2958,0.0
antmaze-large,CRL,54,raw,0.4,0.125,1.0
antmaze-large,CRL,54,zscore,0.6672,0.1002,0.0
antmaze-large,CRL,54,rank,0.9242,0.0772,0.0
antmaze-large,CRL,54,clip_std,0.6672,0.1002,0.0
antmaze-large,CRL,55,raw,0.2923,0.176,0.9443
antmaze-large,CRL,55,zscore,0.2735,0.2617,0.0
antmaze-large,CRL,55,rank,0.9242,0.0772,0.0
antmaze-large,CRL,55,clip_std,0.3268,0.2716,0.0
antmaze-large,CRL,56,raw,0.2851,0.1803,0.9468
antmaze-large,CRL,56,zscore,0.2077,0.2758,0.01
antmaze-large,CRL,56,rank,0.9242,0.0772,0.0
antmaze-large,CRL,56,clip_std,0.3359,0.2697,0.0
antmaze-large,CRL,57,raw,0.2385,0.2232,0.8872
antmaze-large,CRL,57,zscore,0.2313,0.2901,0.0
antmaze-large,CRL,57,rank,0.9242,0.0772,0.0
antmaze-large,CRL,57,clip_std,0.2899,0.2916,0.0
antmaze-large,CRL,58,raw,0.2141,0.2566,0.8375
antmaze-large,CRL,58,zscore,0.128,0.3674,0.0358
antmaze-large,CRL,58,rank,0.9242,0.0772,0.0
antmaze-large,CRL,58,clip_std,0.257,0.3334,0.0
antmaze-large,CRL,59,raw,0.301,0.17,0.9565
antmaze-large,CRL,59,zscore,0.2519,0.2744,0.0
antmaze-large,CRL,59,rank,0.9242,0.0772,0.0
antmaze-large,CRL,59,clip_std,0.3098,0.2817,0.0
antmaze-large,CRL,60,raw,1.0,0.05,0.0
antmaze-large,CRL,60,zscore,0.684,0.1001,0.0
antmaze-large,CRL,60,rank,0.9242,0.0772,0.0
antmaze-large,CRL,60,clip_std,0.684,0.1001,0.0
antmaze-large,CRL,61,raw,0.129,0.4837,0.6855
antmaze-large,CRL,61,zscore,0.2589,0.271,0.0
antmaze-large,CRL,61,rank,0.9242,0.0772,0.0
antmaze-large,CRL,61,clip_std,0.3147,0.2793,0.0
antmaze-large,CRL,62,raw,0.2446,0.2164,0.8964
antmaze-large,CRL,62,zscore,0.1918,0.2761,0.02
antmaze-large,CRL,62,rank,0.9242,0.0772,0.0
antmaze-large,CRL,62,clip_std,0.3485,0.2629,0.0
antmaze-large,CRL,63,raw,0.285,0.1802,0.9479
antmaze-large,CRL,63,zscore,0.2193,0.2973,0.0
antmaze-large,CRL,63,rank,0.9242,0.0772,0.0
antmaze-large,CRL,63,clip_std,0.2852,0.2949,0.0
antmaze-large,GCIQL,0,raw,0.9464,0.0741,0.0
antmaze-large,GCIQL,0,zscore,0.0946,0.3214,0.1222
antmaze-large,GCIQL,0,rank,0.9242,0.0772,0.0
antmaze-large,GCIQL,0,clip_std,0.2673,0.2791,0.0
antmaze-large,GCIQL,1,raw,0.2064,0.2525,0.9179
antmaze-large,GCIQL,1,zscore,0.2268,0.2462,0.0258
antmaze-large,GCIQL,1,rank,0.9242,0.0772,0.0
antmaze-large,GCIQL,1,clip_std,0.3782,0.2431,0.0
antmaze-large,GCIQL,2,raw,0.1141,0.4917,0.8144
antmaze-large,GCIQL,2,zscore,0.1089,0.3362,0.072
antmaze-large,GCIQL,2,rank,0.9242,0.0772,0.0
antmaze-large,GCIQL,2,clip_std,0.2433,0.3084,0.0
antmaze-large,GCIQL,3,raw,0.1638,0.3342,0.8397
antmaze-large,GCIQL,3,zscore,0.1877,0.2448,0.0414
antmaze-large,GCIQL,3,rank,0.9242,0.0772,0.0
antmaze-large,GCIQL,3,clip_std,0.3765,0.2371,0.0
antmaze-large,GCIQL,4,raw,0.0787,0.7647,0.7167
antmaze-large,GCIQL,4,zscore,0.1133,0.3357,0.0672
antmaze-large,GCIQL,4,rank,0.9242,0.0772,0.0
antmaze-large,GCIQL,4,clip_std,0.2411,0.3103,0.0
antmaze-large,GCIQL,5,raw,0.1776,0.2952,0.9138
antmaze-large,GCIQL,5,zscore,0.2211,0.2652,0.0101
antmaze-large,GCIQL,5,rank,0.9242,0.0772,0.0
antmaze-large,GCIQL,5,clip_std,0.3517,0.2623,0.0
antmaze-large,GCIQL,6,raw,0.1232,0.4367,0.8701
antmaze-large,GCIQL,6,zscore,0.0864,0.3366,0.1438
antmaze-large,GCIQL,6,rank,0.9242,0.0772,0.0
antmaze-large,GCIQL,6,clip_std,0.2508,0.2853,0.0
antmaze-large,GCIQL,7,raw,0.0797,0.7599,0.6362
antmaze-large,GCIQL,7,zscore,0.2572,0.2345,0.0157
antmaze-large,GCIQL,7,rank,0.9242,0.0772,0.0
antmaze-large,GCIQL,7,clip_std,0.3815,0.2344,0.0
antmaze-large,GCIQL,8,raw,0.0485,0.8326,0.5942
antmaze-large,GCIQL,8,zscore,0.1061,0.3301,0.0967
antmaze-large,GCIQL,8,rank,0.9242,0.0772,0.0
antmaze-large,GCIQL,8,clip_std,0.2536,0.3008,0.0
antmaze-large,GCIQL,9,raw,0.1805,0.2905,0.9086
antmaze-large,GCIQL,9,zscore,0.2735,0.2292,0.0103
antmaze-large,GCIQL,9,rank,0.9242,0.0772,0.0
antmaze-large,GCIQL,9,clip_std,0.4146,0.2268,0.0
antmaze-large,GCIQL,10,raw,0.1224,0.4472,0.8421
antmaze-large,GCIQL,10,zscore,0.1027,0.3225,0.1025
antmaze-large,GCIQL,10,rank,0.9242,0.0772,0.0
antmaze-large,GCIQL,10,clip_std,0.2673,0.2895,0.0
antmaze-large,GCIQL,11,raw,0.1514,0.3748,0.7753
antmaze-large,GCIQL,11,zscore,0.2891,0.2227,0.0105
antmaze-large,GCIQL,11,rank,0.9242,0.0772,0.0
antmaze-large,GCIQL,11,clip_std,0.4125,0.2262,0.0
antmaze-large,GCIQL,12,raw,0.0899,0.6363,0.7824
antmaze-large,GCIQL,12,zscore,0.0767,0.3579,0.177
antmaze-large,GCIQL,12,rank,0.9242,0.0772,0.0
antmaze-large,GCIQL,12,clip_std,0.2441,0.2898,0.0
antmaze-large,GCIQL,13,raw,0.1354,0.3993,0.8573
antmaze-large,GCIQL,13,zscore,0.0853,0.3562,0.1474
antmaze-large,GCIQL,13,rank,0.9242,0.0772,0.0
antmaze-large,GCIQL,13,clip_std,0.256,0.2936,0.0
antmaze-large,GCIQL,14,raw,0.1446,0.3678,0.8839
antmaze-large,GCIQL,14,zscore,0.1159,0.3342,0.0625
antmaze-large,GCIQL,14,rank,0.9242,0.0772,0.0
antmaze-large,GCIQL,14,clip_std,0.2408,0.3102,0.0
antmaze-large,GCIQL,15,raw,0.0442,0.7685,0.3904
antmaze-large,GCIQL,15,zscore,0.203,0.2523,0.0101
antmaze-large,GCIQL,15,rank,0.9242,0.0772,0.0
antmaze-large,GCIQL,15,clip_std,0.3753,0.2383,0.0
antmaze-large,GCIQL,16,raw,0.037,0.7049,0.3966
antmaze-large,GCIQL,16,zscore,0.118,0.333,0.053
antmaze-large,GCIQL,16,rank,0.9242,0.0772,0.0
antmaze-large,GCIQL,16,clip_std,0.2412,0.3103,0.0
antmaze-large,GCIQL,17,raw,0.1667,0.3135,0.918
antmaze-large,GCIQL,17,zscore,0.1897,0.258,0.0249
antmaze-large,GCIQL,17,rank,0.9242,0.0772,0.0
antmaze-large,GCIQL,17,clip_std,0.3899,0.2363,0.0
antmaze-large,GCIQL,18,raw,0.1097,0.5006,0.8447
antmaze-large,GCIQL,18,zscore,0.0763,0.3668,0.1742
antmaze-large,GCIQL,18,rank,0.9242,0.0772,0.0
antmaze-large,GCIQL,18,clip_std,0.2475,0.2942,0.0
antmaze-large,GCIQL,19,raw,0.1216,0.4638,0.7928
antmaze-large,GCIQL,19,zscore,0.1383,0.2941,0.0441
antmaze-large,GCIQL,19,rank,0.9242,0.0772,0.0
antmaze-large,GCIQL,19,clip_std,0.3176,0.2614,0.0
antmaze-large,GCIQL,20,raw,0.0886,0.6559,0.7737
antmaze-large,GCIQL,20,zscore,0.1022,0.3214,0.1075
antmaze-large,GCIQL,20,rank,0.9242,0.0772,0.0
antmaze-large,GCIQL,20,clip_std,0.2689,0.2877,0.0
antmaze-large,GCIQL,21,raw,0.165,0.3226,0.8841
antmaze-large,GCIQL,21,zscore,0.2623,0.237,0.0155
antmaze-large,GCIQL,21,rank,0.9242,0.0772,0.0
antmaze-large,GCIQL,21,clip_std,0.3953,0.2369,0.0
antmaze-large,GCIQL,22,raw,0.1435,0.3725,0.8801
antmaze-large,GCIQL,22,zscore,0.1062,0.3326,0.0868
antmaze-large,GCIQL,22,rank,0.9242,0.0772,0.0
antmaze-large,GCIQL,22,clip_std,0.2487,0.3039,0.0
antmaze-large,GCIQL,23,raw,0.0833,0.7362,0.5714
antmaze-large,GCIQL,23,zscore,0.3426,0.2232,0.0052
antmaze-large,GCIQL,23,rank,0.9242,0.0772,0.0
antmaze-large,GCIQL,23,clip_std,0.4189,0.2275,0.0
antmaze-large,GCIQL,24,raw,0.0604,0.8314,0.6249
antmaze-large,GCIQL,24,zscore,0.091,0.3227,0.1364
antmaze-large,GCIQL,24,rank,0.9242,0.0772,0.0
antmaze-large,GCIQL,24,clip_std,0.2651,0.2758,0.0
antmaze-large,GCIQL,25,raw,0.1581,0.3342,0.8966
antmaze-large,GCIQL,25,zscore,0.1634,0.2715,0.0402
antmaze-large,GCIQL,25,rank,0.9242,0.0772,0.0
antmaze-large,GCIQL,25,clip_std,0.342,0.2508,0.0
antmaze-large,GCIQL,26,raw,0.1314,0.4113,0.8657
antmaze-large,GCIQL,26,zscore,0.1117,0.3372,0.0623
antmaze-large,GCIQL,26,rank,0.9242,0.0772,0.0
antmaze-large,GCIQL,26,clip_std,0.2398,0.3108,0.0
antmaze-large,GCIQL,27,raw,0.0849,0.7024,0.7342
antmaze-large,GCIQL,27,zscore,0.2064,0.2578,0.0202
antmaze-large,GCIQL,27,rank,0.9242,0.0772,0.0
antmaze-large,GCIQL,27,clip_std,0.3622,0.2508,0.0
antmaze-large,GCIQL,28,raw,0.1095,0.5183,0.7985
antmaze-large,GCIQL,28,zscore,0.1083,0.3366,0.0719
antmaze-large,GCIQL,28,rank,0.9242,0.0772,0.0
antmaze-large,GCIQL,28,clip_std,0.2427,0.3086,0.0
antmaze-large,GCIQL,29,raw,0.1262,0.4302,0.847
antmaze-large,GCIQL,29,zscore,0.147,0.2943,0.0583
antmaze-large,GCIQL,29,rank,0.9242,0.0772,0.0
antmaze-large,GCIQL,29,clip_std,0.335,0.2667,0.0
antmaze-large,GCIQL,30,raw,0.1483,0.3584,0.8894
antmaze-large,GCIQL,30,zscore,0.0945,0.3215,0.1223
antmaze-large,GCIQL,30,rank,0.9242,0.0772,0.0
antmaze-large,GCIQL,30,clip_std,0.2675,0.279,0.0
antmaze-large,GCIQL,31,raw,0.0468,0.5231,0.1597
antmaze-large,GCIQL,31,zscore,0.2994,0.2307,0.0053
antmaze-large,GCIQL,31,rank,0.9242,0.0772,0.0
antmaze-large,GCIQL,31,clip_std,0.3792,0.2377,0.0
antmaze-large,GCIQL,32,raw,0.0423,0.5394,0.1983
antmaze-large,GCIQL,32,zscore,0.1091,0.3377,0.0718
antmaze-large,GCIQL,32,rank,0.9242,0.0772,0.0
antmaze-large,GCIQL,32,clip_std,0.2417,0.3099,0.0
antmaze-large,GCIQL,33,raw,0.188,0.2777,0.9176
antmaze-large,GCIQL,33,zscore,0.1702,0.2832,0.0345
antmaze-large,GCIQL,33,rank,0.9242,0.0772,0.0
antmaze-large,GCIQL,33,clip_std,0.3414,0.2653,0.0
antmaze-large,GCIQL,34,raw,0.1289,0.4347,0.809
antmaze-large,GCIQL,34,zscore,0.0925,0.3208,0.1318
antmaze-large,GCIQL,34,rank,0.9242,0.0772,0.0
antmaze-large,GCIQL,34,clip_std,0.2672,0.2746,0.0
antmaze-large,GCIQL,35,raw,0.1508,0.3673,0.82
antmaze-large,GCIQL,35,zscore,0.2202,0.2471,0.0258
antmaze-large,GCIQL,35,rank,0.9242,0.0772,0.0
antmaze-large,GCIQL,35,clip_std,0.3832,0.2432,0.0
antmaze-large,GCIQL,36,raw,0.0716,0.811,0.7198
antmaze-large,GCIQL,36,zscore,0.0826,0.3433,0.1475
antmaze-large,GCIQL,36,rank,0.9242,0.0772,0.0
antmaze-large,GCIQL,36,clip_std,0.2455,0.2882,0.0
antmaze-large,GCIQL,37,raw,0.1764,0.3014,0.8831
antmaze-large,GCIQL,37,zscore,0.2433,0.2389,0.0104
antmaze-large,GCIQL,37,rank,0.9242,0.0772,0.0
antmaze-large,GCIQL,37,clip_std,0.3621,0.2376,0.0
antmaze-large,GCIQL,38,raw,0.1394,0.3843,0.8761
antmaze-large,GCIQL,38,zscore,0.1138,0.3356,0.0672
antmaze-large,GCIQL,38,rank,0.9242,0.0772,0.0
antmaze-large,GCIQL,38,clip_std,0.2408,0.3104,0.0
antmaze-large,GCIQL,39,raw,0.1031,0.6232,0.6262
antmaze-large,GCIQL,39,zscore,0.2159,0.2552,0.03
antmaze-large,GCIQL,39,rank,0.9242,0.0772,0.0
antmaze-large,GCIQL,39,clip_std,0.4004,0.2403,0.0
antmaze-large,GCIQL,40,raw,0.0565,0.8496,0.6477
antmaze-large,GCIQL,40,zscore,0.1054,0.3264,0.0972
antmaze-large,GCIQL,40,rank,0.9242,0.0772,0.0
antmaze-large,GCIQL,40,clip_std,0.2594,0.2963,0.0
antmaze-large,GCIQL,41,raw,0.1682,0.3124,0.9012
antmaze-large,GCIQL,41,zscore,0.2245,0.2503,0.0153
antmaze-large,GCIQL,41,rank,0.9242,0.0772,0.0
antmaze-large,GCIQL,41,clip_std,0.3786,0.2438,0.0
antmaze-large,GCIQL,42,raw,0.1275,0.4289,0.845
antmaze-large,GCIQL,42,zscore,0.1061,0.3266,0.0971
antmaze-large,GCIQL,42,rank,0.9242,0.0772,0.0
antmaze-large,GCIQL,42,clip_std,0.2581,0.2974,0.0
antmaze-large,GCIQL,43,raw,0.1364,0.4029,0.8335
antmaze-large,GCIQL,43,zscore,0.2794,0.2707,0.01
antmaze-large,GCIQL,43,rank,0.9242,0.0772,0.0
antmaze-large,GCIQL,43,clip_std,0.3411,0.2803,0.0
antmaze-large,GCIQL,44,raw,0.1033,0.553,0.7906
antmaze-large,GCIQL,44,zscore,0.1152,0.3347,0.0625
antmaze-large,GCIQL,44,rank,0.9242,0.0772,0.0
antmaze-large,GCIQL,44,clip_std,0.2405,0.3105,0.0
antmaze-large,GCIQL,45,raw,0.1568,0.3414,0.8727
antmaze-large,GCIQL,45,zscore,0.2223,0.243,0.0204
antmaze-large,GCIQL,45,rank,0.9242,0.0772,0.0
antmaze-large,GCIQL,45,clip_std,0.4033,0.2298,0.0
antmaze-large,GCIQL,46,raw,0.1276,0.4176,0.8926
antmaze-large,GCIQL,46,zscore,0.0778,0.357,0.1728
antmaze-large,GCIQL,46,rank,0.9242,0.0772,0.0
antmaze-large,GCIQL,46,clip_std,0.2419,0.2919,0.0
antmaze-large,GCIQL,47,raw,0.0392,0.7273,0.4099
antmaze-large,GCIQL,47,zscore,0.1065,0.3263,0.0995
antmaze-large,GCIQL,47,rank,0.9242,0.0772,0.0
antmaze-large,GCIQL,47,clip_std,0.2895,0.2779,0.0
antmaze-large,GCIQL,48,raw,0.0363,0.818,0.5353
antmaze-large,GCIQL,48,zscore,0.0869,0.3508,0.1399
antmaze-large,GCIQL,48,rank,0.9242,0.0772,0.0
antmaze-large,GCIQL,48,clip_std,0.2545,0.293,0.0
antmaze-large,GCIQL,49,raw,0.1871,0.2795,0.9218
antmaze-large,GCIQL,49,zscore,0.1144,0.3161,0.0716
antmaze-large,GCIQL,49,rank,0.9242,0.0772,0.0
antmaze-large,GCIQL,49,clip_std,0.3077,0.2708,0.0
antmaze-large,GCIQL,50,raw,0.1239,0.4441,0.8271
antmaze-large,GCIQL,50,zscore,0.1187,0.3328,0.053
antmaze-large,GCIQL,50,rank,0.9242,0.0772,0.0
antmaze-large,GCIQL,50,clip_std,0.2409,0.3104,0.0
antmaze-large,GCIQL,51,raw,0.1081,0.5309,0.7665
antmaze-large,GCIQL,51,zscore,0.1457,0.2822,0.0442
antmaze-large,GCIQL,51,rank,0.9242,0.0772,0.0
antmaze-large,GCIQL,51,clip_std,0.3534,0.2517,0.0
antmaze-large,GCIQL,52,raw,0.0952,0.6139,0.7645
antmaze-large,GCIQL,52,zscore,0.1066,0.3344,0.0818
antmaze-large,GCIQL,52,rank,0.9242,0.0772,0.0
antmaze-large,GCIQL,52,clip_std,0.2469,0.3057,0.0
antmaze-large,GCIQL,53,raw,0.1445,0.3692,0.8803
antmaze-large,GCIQL,53,zscore,0.3257,0.23,0.0
antmaze-large,GCIQL,53,rank,0.9242,0.0772,0.0
antmaze-large,GCIQL,53,clip_std,0.3615,0.2452,0.0
antmaze-large,GCIQL,54,raw,0.1412,0.3769,0.8827
antmaze-large,GCIQL,54,zscore,0.0997,0.3191,0.1176
antmaze-large,GCIQL,54,rank,0.9242,0.0772,0.0
antmaze-large,GCIQL,54,clip_std,0.2708,0.2823,0.0
antmaze-large,GCIQL,55,raw,0.0618,0.7745,0.4664
antmaze-large,GCIQL,55,zscore,0.3236,0.231,0.0052
antmaze-large,GCIQL,55,rank,0.9242,0.0772,0.0
antmaze-large,GCIQL,55,clip_std,0.398,0.237,0.0
antmaze-large,GCIQL,56,raw,0.07,0.8169,0.6933
antmaze-large,GCIQL,56,zscore,0.1108,0.3367,0.0623
antmaze-large,GCIQL,56,rank,0.9242,0.0772,0.0
antmaze-large,GCIQL,56,clip_std,0.2415,0.31,0.0
antmaze-large,GCIQL,57,raw,0.1543,0.3397,0.913
antmaze-large,GCIQL,57,zscore,0.2282,0.2704,0.0199
antmaze-large,GCIQL,57,rank,0.9242,0.0772,0.0
antmaze-large,GCIQL,57,clip_std,0.3564,0.2644,0.0
antmaze-large,GCIQL,58,raw,0.1454,0.3736,0.8529
antmaze-large,GCIQL,58,zscore,0.0911,0.3227,0.1315
antmaze-large,GCIQL,58,rank,0.9242,0.0772,0.0
antmaze-large,GCIQL,58,clip_std,0.2661,0.2757,0.0
antmaze-large,GCIQL,59,raw,0.0953,0.6576,0.6596
antmaze-large,GCIQL,59,zscore,0.2041,0.2548,0.0204
antmaze-large,GCIQL,59,rank,0.9242,0.0772,0.0
antmaze-large,GCIQL,59,clip_std,0.3549,0.2458,0.0
antmaze-large,GCIQL,60,raw,0.1107,0.5076,0.8098
antmaze-large,GCIQL,60,zscore,0.0988,0.3195,0.1176
antmaze-large,GCIQL,60,rank,0.9242,0.0772,0.0
antmaze-large,GCIQL,60,clip_std,0.2706,0.2817,0.0
antmaze-large,GCIQL,61,raw,0.191,0.2823,0.8675
antmaze-large,GCIQL,61,zscore,0.219,0.2565,0.0153
antmaze-large,GCIQL,61,rank,0.9242,0.0772,0.0
antmaze-large,GCIQL,61,clip_std,0.365,0.2504,0.0
antmaze-large,GCIQL,62,raw,0.1522,0.348,0.8938
antmaze-large,GCIQL,62,zscore,0.1074,0.3347,0.0721
antmaze-large,GCIQL,62,rank,0.9242,0.0772,0.0
antmaze-large,GCIQL,62,clip_std,0.2465,0.3062,0.0
antmaze-large,GCIQL,63,raw,0.2617,0.1755,0.0097
antmaze-large,GCIQL,63,zscore,0.1306,0.3118,0.0578
antmaze-large,GCIQL,63,rank,0.9242,0.0772,0.0
antmaze-large,GCIQL,63,clip_std,0.291,0.2827,0.0
antmaze-large,GCIVL,0,raw,0.348,0.1681,0.727
antmaze-large,GCIVL,0,zscore,0.2389,0.2609,0.0
antmaze-large,GCIVL,0,rank,0.9242,0.0772,0.0
antmaze-large,GCIVL,0,clip_std,0.2532,0.2986,0.0
antmaze-large,GCIVL,1,raw,0.5476,0.0937,0.9483
antmaze-large,GCIVL,1,zscore,0.2498,0.2546,0.0106
antmaze-large,GCIVL,1,rank,0.9242,0.0772,0.0
antmaze-large,GCIVL,1,clip_std,0.2708,0.2929,0.0
antmaze-large,GCIVL,2,raw,0.5118,0.1018,0.9195
antmaze-large,GCIVL,2,zscore,0.2392,0.2577,0.0
antmaze-large,GCIVL,2,rank,0.9242,0.0772,0.0
antmaze-large,GCIVL,2,clip_std,0.2599,0.2926,0.0
antmaze-large,GCIVL,3,raw,0.4571,0.117,0.8721
antmaze-large,GCIVL,3,zscore,0.1883,0.2719,0.0256
antmaze-large,GCIVL,3,rank,0.9242,0.0772,0.0
antmaze-large,GCIVL,3,clip_std,0.2848,0.2873,0.0
antmaze-large,GCIVL,4,raw,0.4408,0.1227,0.846
antmaze-large,GCIVL,4,zscore,0.2261,0.2591,0.0
antmaze-large,GCIVL,4,rank,0.9242,0.0772,0.0
antmaze-large,GCIVL,4,clip_std,0.262,0.2913,0.0
antmaze-large,GCIVL,5,raw,0.5171,0.0995,0.9448
antmaze-large,GCIVL,5,zscore,0.1934,0.3105,0.0236
antmaze-large,GCIVL,5,rank,0.9242,0.0772,0.0
antmaze-large,GCIVL,5,clip_std,0.3131,0.2947,0.0
antmaze-large,GCIVL,6,raw,0.5616,0.0909,0.9574
antmaze-large,GCIVL,6,zscore,0.2413,0.2586,0.0
antmaze-large,GCIVL,6,rank,0.9242,0.0772,0.0
antmaze-large,GCIVL,6,clip_std,0.2562,0.295,0.0
antmaze-large,GCIVL,7,raw,0.8377,0.1097,0.0
antmaze-large,GCIVL,7,zscore,0.2324,0.2567,0.0105
antmaze-large,GCIVL,7,rank,0.9242,0.0772,0.0
antmaze-large,GCIVL,7,clip_std,0.2704,0.2892,0.0
antmaze-large,GCIVL,8,raw,0.1814,0.4602,0.3153
antmaze-large,GCIVL,8,zscore,0.2279,0.2584,0.0
antmaze-large,GCIVL,8,rank,0.9242,0.0772,0.0
antmaze-large,GCIVL,8,clip_std,0.262,0.2913,0.0
antmaze-large,GCIVL,9,raw,0.5497,0.0927,0.9632
antmaze-large,GCIVL,9,zscore,0.1669,0.2857,0.0347
antmaze-large,GCIVL,9,rank,0.9242,0.0772,0.0
antmaze-large,GCIVL,9,clip_std,0.3026,0.2811,0.0
antmaze-large,GCIVL,10,raw,0.526,0.0982,0.9384
antmaze-large,GCIVL,10,zscore,0.2513,0.2566,0.0053
antmaze-large,GCIVL,10,rank,0.9242,0.0772,0.0
antmaze-large,GCIVL,10,clip_std,0.2599,0.2962,0.0
antmaze-large,GCIVL,11,raw,0.3804,0.1492,0.7675
antmaze-large,GCIVL,11,zscore,0.2607,0.2542,0.0
antmaze-large,GCIVL,11,rank,0.9242,0.0772,0.0
antmaze-large,GCIVL,11,clip_std,0.263,0.2948,0.0
antmaze-large,GCIVL,12,raw,0.494,0.1063,0.9006
antmaze-large,GCIVL,12,zscore,0.2416,0.2591,0.0
antmaze-large,GCIVL,12,rank,0.9242,0.0772,0.0
antmaze-large,GCIVL,12,clip_std,0.2546,0.2961,0.0
antmaze-large,GCIVL,13,raw,0.5169,0.1005,0.9254
antmaze-large,GCIVL,13,zscore,0.23,0.2572,0.0105
antmaze-large,GCIVL,13,rank,0.9242,0.0772,0.0
antmaze-large,GCIVL,13,clip_std,0.2667,0.2941,0.0
antmaze-large,GCIVL,14,raw,0.546,0.094,0.947
antmaze-large,GCIVL,14,zscore,0.2271,0.2592,0.0
antmaze-large,GCIVL,14,rank,0.9242,0.0772,0.0
antmaze-large,GCIVL,14,clip_std,0.2625,0.2911,0.0
antmaze-large,GCIVL,15,raw,0.2215,0.317,0.5211
antmaze-large,GCIVL,15,zscore,0.1484,0.3221,0.0465
antmaze-large,GCIVL,15,rank,0.9242,0.0772,0.0
antmaze-large,GCIVL,15,clip_std,0.3115,0.2907,0.0
antmaze-large,GCIVL,16,raw,0.2774,0.2343,0.5778
antmaze-large,GCIVL,16,zscore,0.2282,0.259,0.0
antmaze-large,GCIVL,16,rank,0.9242,0.0772,0.0
antmaze-large,GCIVL,16,clip_std,0.2627,0.291,0.0
antmaze-large,GCIVL,17,raw,0.4918,0.1048,0.9412
antmaze-large,GCIVL,17,zscore,0.109,0.3612,0.0891
antmaze-large,GCIVL,17,rank,0.9242,0.0772,0.0
antmaze-large,GCIVL,17,clip_std,0.2788,0.3136,0.0
antmaze-large,GCIVL,18,raw,0.5163,0.1005,0.9279
antmaze-large,GCIVL,18,zscore,0.24,0.2608,0.0
antmaze-large,GCIVL,18,rank,0.9242,0.0772,0.0
antmaze-large,GCIVL,18,clip_std,0.2526,0.2986,0.0
antmaze-large,GCIVL,19,raw,0.4823,0.1095,0.8931
antmaze-large,GCIVL,19,zscore,0.2219,0.257,0.0158
antmaze-large,GCIVL,19,rank,0.9242,0.0772,0.0
antmaze-large,GCIVL,19,clip_std,0.2689,0.2915,0.0
antmaze-large,GCIVL,20,raw,0.4086,0.1357,0.8068
antmaze-large,GCIVL,20,zscore,0.2485,0.2578,0.0053
antmaze-large,GCIVL,20,rank,0.9242,0.0772,0.0
antmaze-large,GCIVL,20,clip_std,0.2578,0.2969,0.0
antmaze-large,GCIVL,21,raw,0.5296,0.0975,0.9357
antmaze-large,GCIVL,21,zscore,0.2663,0.2543,0.0053
antmaze-large,GCIVL,21,rank,0.9242,0.0772,0.0
antmaze-large,GCIVL,21,clip_std,0.2634,0.2955,0.0
antmaze-large,GCIVL,22,raw,0.5639,0.0905,0.9589
antmaze-large,GCIVL,22,zscore,0.2316,0.2579,0.0
antmaze-large,GCIVL,22,rank,0.9242,0.0772,0.0
antmaze-large,GCIVL,22,clip_std,0.2617,0.2914,0.0
antmaze-large,GCIVL,23,raw,0.1308,0.4762,0.1836
antmaze-large,GCIVL,23,zscore,0.2073,0.2736,0.0202
antmaze-large,GCIVL,23,rank,0.9242,0.0772,0.0
antmaze-large,GCIVL,23,clip_std,0.2913,0.2869,0.0
antmaze-large,GCIVL,24,raw,0.1541,0.3261,0.0301
antmaze-large,GCIVL,24,zscore,0.2408,0.2578,0.0
antmaze-large,GCIVL,24,rank,0.9242,0.0772,0.0
antmaze-large,GCIVL,24,clip_std,0.2585,0.2934,0.0
antmaze-large,GCIVL,25,raw,0.5527,0.0926,0.9526
antmaze-large,GCIVL,25,zscore,0.1915,0.2696,0.0206
antmaze-large,GCIVL,25,rank,0.9242,0.0772,0.0
antmaze-large,GCIVL,25,clip_std,0.2734,0.2891,0.0
antmaze-large,GCIVL,26,raw,0.5415,0.095,0.9404
antmaze-large,GCIVL,26,zscore,0.2261,0.2591,0.0
antmaze-large,GCIVL,26,rank,0.9242,0.0772,0.0
antmaze-large,GCIVL,26,clip_std,0.262,0.2913,0.0
antmaze-large,GCIVL,27,raw,0.4295,0.1263,0.8443
antmaze-large,GCIVL,27,zscore,0.2031,0.2795,0.0148
antmaze-large,GCIVL,27,rank,0.9242,0.0772,0.0
antmaze-large,GCIVL,27,clip_std,0.3253,0.2733,0.0
antmaze-large,GCIVL,28,raw,0.47,0.1132,0.8806
antmaze-large,GCIVL,28,zscore,0.2338,0.2577,0.0
antmaze-large,GCIVL,28,rank,0.9242,0.0772,0.0
antmaze-large,GCIVL,28,clip_std,0.2616,0.2915,0.0
antmaze-large,GCIVL,29,raw,0.4949,0.106,0.9071
antmaze-large,GCIVL,29,zscore,0.1742,0.278,0.0356
antmaze-large,GCIVL,29,rank,0.9242,0.0772,0.0
antmaze-large,GCIVL,29,clip_std,0.2825,0.2898,0.0
antmaze-large,GCIVL,30,raw,0.5508,0.0931,0.9501
antmaze-large,GCIVL,30,zscore,0.2393,0.2604,0.0
antmaze-large,GCIVL,30,rank,0.9242,0.0772,0.0
antmaze-large,GCIVL,30,clip_std,0.2543,0.2982,0.0
antmaze-large,GCIVL,31,raw,0.3192,0.1916,0.6645
antmaze-large,GCIVL,31,zscore,0.2653,0.2557,0.0053
antmaze-large,GCIVL,31,rank,0.9242,0.0772,0.0
antmaze-large,GCIVL,31,clip_std,0.2617,0.2971,0.0
antmaze-large,GCIVL,32,raw,0.2969,0.2102,0.6439
antmaze-large,GCIVL,32,zscore,0.2388,0.2575,0.0
antmaze-large,GCIVL,32,rank,0.9242,0.0772,0.0
antmaze-large,GCIVL,32,clip_std,0.2605,0.2923,0.0
antmaze-large,GCIVL,33,raw,0.5473,0.0936,0.9519
antmaze-large,GCIVL,33,zscore,0.1893,0.2652,0.0207
antmaze-large,GCIVL,33,rank,0.9242,0.0772,0.0
antmaze-large,GCIVL,33,clip_std,0.2858,0.2845,0.0
antmaze-large,GCIVL,34,raw,0.5005,0.1043,0.9154
antmaze-large,GCIVL,34,zscore,0.2401,0.2607,0.0
antmaze-large,GCIVL,34,rank,0.9242,0.0772,0.0
antmaze-large,GCIVL,34,clip_std,0.2529,0.2985,0.0
antmaze-large,GCIVL,35,raw,0.4779,0.1109,0.886
antmaze-large,GCIVL,35,zscore,0.2656,0.2535,0.0053
antmaze-large,GCIVL,35,rank,0.9242,0.0772,0.0
antmaze-large,GCIVL,35,clip_std,0.2688,0.2945,0.0
antmaze-large,GCIVL,36,raw,0.4211,0.1311,0.8105
antmaze-large,GCIVL,36,zscore,0.2418,0.2582,0.0
antmaze-large,GCIVL,36,rank,0.9242,0.0772,0.0
antmaze-large,GCIVL,36,clip_std,0.2569,0.2945,0.0
antmaze-large,GCIVL,37,raw,0.5365,0.0959,0.9447
antmaze-large,GCIVL,37,zscore,0.206,0.2615,0.0209
antmaze-large,GCIVL,37,rank,0.9242,0.0772,0.0
antmaze-large,GCIVL,37,clip_std,0.2768,0.2895,0.0
antmaze-large,GCIVL,38,raw,0.5563,0.0919,0.9552
antmaze-large,GCIVL,38,zscore,0.2263,0.2592,0.0
antmaze-large,GCIVL,38,rank,0.9242,0.0772,0.0
antmaze-large,GCIVL,38,clip_std,0.2622,0.2912,0.0
antmaze-large,GCIVL,39,raw,0.1315,0.4438,0.1292
antmaze-large,GCIVL,39,zscore,0.1817,0.2952,0.0193
antmaze-large,GCIVL,39,rank,0.9242,0.0772,0.0
antmaze-large,GCIVL,39,clip_std,0.3241,0.2801,0.0
antmaze-large,GCIVL,40,raw,0.1395,0.5004,0.2762
antmaze-large,GCIVL,40,zscore,0.2578,0.2554,0.0053
antmaze-large,GCIVL,40,rank,0.9242,0.0772,0.0
antmaze-large,GCIVL,40,clip_std,0.2608,0.2959,0.0
antmaze-large,GCIVL,41,raw,0.5613,0.0909,0.9596
antmaze-large,GCIVL,41,zscore,0.268,0.2522,0.0
antmaze-large,GCIVL,41,rank,0.9242,0.0772,0.0
antmaze-large,GCIVL,41,clip_std,0.264,0.2946,0.0
antmaze-large,GCIVL,42,raw,0.5268,0.0983,0.932
antmaze-large,GCIVL,42,zscore,0.2292,0.2583,0.0
antmaze-large,GCIVL,42,rank,0.9242,0.0772,0.0
antmaze-large,GCIVL,42,clip_std,0.2618,0.2914,0.0
antmaze-large,GCIVL,43,raw,0.398,0.1395,0.8023
antmaze-large,GCIVL,43,zscore,0.195,0.283,0.0246
antmaze-large,GCIVL,43,rank,0.9242,0.0772,0.0
antmaze-large,GCIVL,43,clip_std,0.3277,0.2777,0.0
antmaze-large,GCIVL,44,raw,0.4844,0.109,0.9001
antmaze-large,GCIVL,44,zscore,0.2269,0.2592,0.0
antmaze-large,GCIVL,44,rank,0.9242,0.0772,0.0
antmaze-large,GCIVL,44,clip_std,0.2623,0.2912,0.0
antmaze-large,GCIVL,45,raw,0.4912,0.1054,0.9326
antmaze-large,GCIVL,45,zscore,0.1432,0.3412,0.0367
antmaze-large,GCIVL,45,rank,0.9242,0.0772,0.0
antmaze-large,GCIVL,45,clip_std,0.2814,0.3168,0.0
antmaze-large,GCIVL,46,raw,0.5429,0.0947,0.9457
antmaze-large,GCIVL,46,zscore,0.2415,0.2597,0.0
antmaze-large,GCIVL,46,rank,0.9242,0.0772,0.0
antmaze-large,GCIVL,46,clip_std,0.2536,0.297,0.0
antmaze-large,GCIVL,47,raw,0.2542,0.2703,0.5301
antmaze-large,GCIVL,47,zscore,0.2097,0.2634,0.0156
antmaze-large,GCIVL,47,rank,0.9242,0.0772,0.0
antmaze-large,GCIVL,47,clip_std,0.2673,0.2929,0.0
antmaze-large,GCIVL,48,raw,0.2403,0.2954,0.494
antmaze-large,GCIVL,48,zscore,0.2409,0.2602,0.0
antmaze-large,GCIVL,48,rank,0.9242,0.0772,0.0
antmaze-large,GCIVL,48,clip_std,0.2531,0.2978,0.0
antmaze-large,GCIVL,49,raw,0.5472,0.0938,0.9485
antmaze-large,GCIVL,49,zscore,0.2481,0.2547,0.0158
antmaze-large,GCIVL,49,rank,0.9242,0.0772,0.0
antmaze-large,GCIVL,49,clip_std,0.2657,0.2954,0.0
antmaze-large,GCIVL,50,raw,0.512,0.1018,0.9198
antmaze-large,GCIVL,50,zscore,0.2288,0.259,0.0
antmaze-large,GCIVL,50,rank,0.9242,0.0772,0.0
antmaze-large,GCIVL,50,clip_std,0.2627,0.291,0.0
antmaze-large,GCIVL,51,raw,0.4493,0.1164,0.915
antmaze-large,GCIVL,51,zscore,0.113,0.3718,0.062
antmaze-large,GCIVL,51,rank,0.9242,0.0772,0.0
antmaze-large,GCIVL,51,clip_std,0.2618,0.3282,0.0
antmaze-large,GCIVL,52,raw,0.3921,0.1434,0.7871
antmaze-large,GCIVL,52,zscore,0.2294,0.2582,0.0
antmaze-large,GCIVL,52,rank,0.9242,0.0772,0.0
antmaze-large,GCIVL,52,clip_std,0.2618,0.2914,0.0
antmaze-large,GCIVL,53,raw,0.5245,0.0985,0.9349
antmaze-large,GCIVL,53,zscore,0.1704,0.2839,0.0402
antmaze-large,GCIVL,53,rank,0.9242,0.0772,0.0
antmaze-large,GCIVL,53,clip_std,0.2829,0.2901,0.0
antmaze-large,GCIVL,54,raw,0.5557,0.092,0.9557
antmaze-large,GCIVL,54,zscore,0.2454,0.2585,0.0053
antmaze-large,GCIVL,54,rank,0.9242,0.0772,0.0
antmaze-large,GCIVL,54,clip_std,0.2566,0.2974,0.0
antmaze-large,GCIVL,55,raw,0.1633,0.4874,0.2876
antmaze-large,GCIVL,55,zscore,0.2685,0.2533,0.0053
antmaze-large,GCIVL,55,rank,0.9242,0.0772,0.0
antmaze-large,GCIVL,55,clip_std,0.2632,0.2954,0.0
antmaze-large,GCIVL,56,raw,1.0,0.0505,0.0
antmaze-large,GCIVL,56,zscore,0.2268,0.2588,0.0
antmaze-large,GCIVL,56,rank,0.9242,0.0772,0.0
antmaze-large,GCIVL,56,clip_std,0.262,0.2912,0.0
antmaze-large,GCIVL,57,raw,0.5486,0.0931,0.9573
antmaze-large,GCIVL,57,zscore,0.1937,0.2883,0.0194
antmaze-large,GCIVL,57,rank,0.9242,0.0772,0.0
antmaze-large,GCIVL,57,clip_std,0.3269,0.2766,0.0
antmaze-large,GCIVL,58,raw,0.5395,0.0956,0.9378
antmaze-large,GCIVL,58,zscore,0.2408,0.258,0.0
antmaze-large,GCIVL,58,rank,0.9242,0.0772,0.0
antmaze-large,GCIVL,58,clip_std,0.2578,0.2938,0.0
antmaze-large,GCIVL,59,raw,0.4456,0.1212,0.8537
antmaze-large,GCIVL,59,zscore,0.1735,0.2749,0.0307
antmaze-large,GCIVL,59,rank,0.9242,0.0772,0.0
antmaze-large,GCIVL,59,clip_std,0.2762,0.2888,0.0
antmaze-large,GCIVL,60,raw,0.4545,0.118,0.8614
antmaze-large,GCIVL,60,zscore,0.2391,0.2599,0.0
antmaze-large,GCIVL,60,rank,0.9242,0.0772,0.0
antmaze-large,GCIVL,60,clip_std,0.255,0.2979,0.0
antmaze-large,GCIVL,61,raw,0.5085,0.1024,0.9198
antmaze-large,GCIVL,61,zscore,0.275,0.2513,0.0053
antmaze-large,GCIVL,61,rank,0.9242,0.0772,0.0
antmaze-large,GCIVL,61,clip_std,0.2674,0.2943,0.0
antmaze-large,GCIVL,62,raw,0.5525,0.0928,0.9516
antmaze-large,GCIVL,62,zscore,0.2352,0.2576,0.0
antmaze-large,GCIVL,62,rank,0.9242,0.0772,0.0
antmaze-large,GCIVL,62,clip_std,0.2614,0.2917,0.0
antmaze-large,GCIVL,63,raw,0.3603,0.1595,0.7466
antmaze-large,GCIVL,63,zscore,0.1871,0.2781,0.0252
antmaze-large,GCIVL,63,rank,0.9242,0.0772,0.0
antmaze-large,GCIVL,63,clip_std,0.291,0.2857,0.0
antmaze-large,QRL,0,raw,0.5479,0.0968,0.8789
antmaze-large,QRL,0,zscore,0.1524,0.2062,0.0726
antmaze-large,QRL,0,rank,0.9242,0.0772,0.0
antmaze-large,QRL,0,clip_std,0.4652,0.1659,0.0
antmaze-large,QRL,1,raw,0.597,0.0854,0.9629
antmaze-large,QRL,1,zscore,0.439,0.1739,0.0051
antmaze-large,QRL,1,rank,0.9242,0.0772,0.0
antmaze-large,QRL,1,clip_std,0.561,0.1669,0.0
antmaze-large,QRL,2,raw,0.6769,0.0744,0.9871
antmaze-large,QRL,2,zscore,0.1487,0.2052,0.0733
antmaze-large,QRL,2,rank,0.9242,0.0772,0.0
antmaze-large,QRL,2,clip_std,0.4627,0.1658,0.0
antmaze-large,QRL,3,raw,0.5929,0.0869,0.9415
antmaze-large,QRL,3,zscore,0.2941,0.1663,0.0214
antmaze-large,QRL,3,rank,0.9242,0.0772,0.0
antmaze-large,QRL,3,clip_std,0.5753,0.1541,0.0
antmaze-large,QRL,4,raw,0.6357,0.0804,0.9571
antmaze-large,QRL,4,zscore,0.1494,0.2034,0.0739
antmaze-large,QRL,4,rank,0.9242,0.0772,0.0
antmaze-large,QRL,4,clip_std,0.4545,0.1672,0.0
antmaze-large,QRL,5,raw,0.6772,0.0745,0.9838
antmaze-large,QRL,5,zscore,0.1488,0.2028,0.0745
antmaze-large,QRL,5,rank,0.9242,0.0772,0.0
antmaze-large,QRL,5,clip_std,0.4467,0.1693,0.0
antmaze-large,QRL,6,raw,0.6678,0.0756,0.9815
antmaze-large,QRL,6,zscore,0.1525,0.2044,0.0729
antmaze-large,QRL,6,rank,0.9242,0.0772,0.0
antmaze-large,QRL,6,clip_std,0.4718,0.1645,0.0
antmaze-large,QRL,7,raw,0.8849,0.0859,0.0
antmaze-large,QRL,7,zscore,0.4488,0.1674,0.0
antmaze-large,QRL,7,rank,0.9242,0.0772,0.0
antmaze-large,QRL,7,clip_std,0.5761,0.1603,0.0
antmaze-large,QRL,8,raw,0.3665,0.2254,0.2444
antmaze-large,QRL,8,zscore,0.1504,0.2047,0.0731
antmaze-large,QRL,8,rank,0.9242,0.0772,0.0
antmaze-large,QRL,8,clip_std,0.4703,0.1647,0.0
antmaze-large,QRL,9,raw,0.6315,0.0802,0.975
antmaze-large,QRL,9,zscore,0.3015,0.1665,0.0158
antmaze-large,QRL,9,rank,0.9242,0.0772,0.0
antmaze-large,QRL,9,clip_std,0.5853,0.1511,0.0
antmaze-large,QRL,10,raw,0.6694,0.0754,0.9804
antmaze-large,QRL,10,zscore,0.152,0.2054,0.0675
antmaze-large,QRL,10,rank,0.9242,0.0772,0.0
antmaze-large,QRL,10,clip_std,0.4681,0.1652,0.0
antmaze-large,QRL,11,raw,0.5912,0.0865,0.9556
antmaze-large,QRL,11,zscore,0.5676,0.1628,0.0
antmaze-large,QRL,11,rank,0.9242,0.0772,0.0
antmaze-large,QRL,11,clip_std,0.5823,0.1621,0.0
antmaze-large,QRL,12,raw,0.6035,0.0854,0.9421
antmaze-large,QRL,12,zscore,0.1508,0.2044,0.073
antmaze-large,QRL,12,rank,0.9242,0.0772,0.0
antmaze-large,QRL,12,clip_std,0.4718,0.1641,0.0
antmaze-large,QRL,13,raw,0.6234,0.0813,0.9768
antmaze-large,QRL,13,zscore,0.3577,0.1796,0.0103
antmaze-large,QRL,13,rank,0.9242,0.0772,0.0
antmaze-large,QRL,13,clip_std,0.5568,0.1682,0.0
antmaze-large,QRL,14,raw,0.6617,0.0765,0.9763
antmaze-large,QRL,14,zscore,0.1483,0.2048,0.0735
antmaze-large,QRL,14,rank,0.9242,0.0772,0.0
antmaze-large,QRL,14,clip_std,0.4534,0.1673,0.0
antmaze-large,QRL,15,raw,0.5362,0.1002,0.8421
antmaze-large,QRL,15,zscore,0.1826,0.1887,0.0483
antmaze-large,QRL,15,rank,0.9242,0.0772,0.0
antmaze-large,QRL,15,clip_std,0.4653,0.1658,0.0
antmaze-large,QRL,16,raw,0.4443,0.1382,0.5749
antmaze-large,QRL,16,zscore,0.149,0.2041,0.0734
antmaze-large,QRL,16,rank,0.9242,0.0772,0.0
antmaze-large,QRL,16,clip_std,0.4584,0.1659,0.0
antmaze-large,QRL,17,raw,0.6616,0.0765,0.9763
antmaze-large,QRL,17,zscore,0.1903,0.182,0.0543
antmaze-large,QRL,17,rank,0.9242,0.0772,0.0
antmaze-large,QRL,17,clip_std,0.476,0.1635,0.0
antmaze-large,QRL,18,raw,0.6785,0.0742,0.9864
antmaze-large,QRL,18,zscore,0.1502,0.2049,0.0782
antmaze-large,QRL,18,rank,0.9242,0.0772,0.0
antmaze-large,QRL,18,clip_std,0.4697,0.1649,0.0
antmaze-large,QRL,19,raw,0.557,0.093,0.9286
antmaze-large,QRL,19,zscore,0.5316,0.1545,0.0
antmaze-large,QRL,19,rank,0.9242,0.0772,0.0
antmaze-large,QRL,19,clip_std,0.6023,0.1527,0.0
antmaze-large,QRL,20,raw,0.6449,0.0788,0.9652
antmaze-large,QRL,20,zscore,0.1503,0.2058,0.0779
antmaze-large,QRL,20,rank,0.9242,0.0772,0.0
antmaze-large,QRL,20,clip_std,0.4689,0.1651,0.0
antmaze-large,QRL,21,raw,0.6065,0.0836,0.973
antmaze-large,QRL,21,zscore,0.3547,0.1794,0.0155
antmaze-large,QRL,21,rank,0.9242,0.0772,0.0
antmaze-large,QRL,21,clip_std,0.5502,0.1714,0.0
antmaze-large,QRL,22,raw,0.6668,0.0758,0.9797
antmaze-large,QRL,22,zscore,0.1509,0.2049,0.0679
antmaze-large,QRL,22,rank,0.9242,0.0772,0.0
antmaze-large,QRL,22,clip_std,0.4679,0.1651,0.0
antmaze-large,QRL,23,raw,0.3113,0.2941,0.0574
antmaze-large,QRL,23,zscore,0.4554,0.1601,0.0052
antmaze-large,QRL,23,rank,0.9242,0.0772,0.0
antmaze-large,QRL,23,clip_std,0.5904,0.1543,0.0
antmaze-large,QRL,24,raw,0.2579,0.2239,0.0679
antmaze-large,QRL,24,zscore,0.1504,0.2048,0.0781
antmaze-large,QRL,24,rank,0.9242,0.0772,0.0
antmaze-large,QRL,24,clip_std,0.4719,0.1645,0.0
antmaze-large,QRL,25,raw,0.6082,0.0834,0.9723
antmaze-large,QRL,25,zscore,0.2861,0.1955,0.0202
antmaze-large,QRL,25,rank,0.9242,0.0772,0.0
antmaze-large,QRL,25,clip_std,0.5353,0.1755,0.0
antmaze-large,QRL,26,raw,0.6778,0.0744,0.9849
antmaze-large,QRL,26,zscore,0.1492,0.2023,0.0742
antmaze-large,QRL,26,rank,0.9242,0.0772,0.0
antmaze-large,QRL,26,clip_std,0.4511,0.1676,0.0
antmaze-large,QRL,27,raw,0.6442,0.0791,0.9623
antmaze-large,QRL,27,zscore,0.1622,0.1966,0.0588
antmaze-large,QRL,27,rank,0.9242,0.0772,0.0
antmaze-large,QRL,27,clip_std,0.4523,0.1677,0.0
antmaze-large,QRL,28,raw,0.6264,0.0818,0.9489
antmaze-large,QRL,28,zscore,0.1503,0.2052,0.0732
antmaze-large,QRL,28,rank,0.9242,0.0772,0.0
antmaze-large,QRL,28,clip_std,0.4623,0.1662,0.0
antmaze-large,QRL,29,raw,0.6677,0.0755,0.9831
antmaze-large,QRL,29,zscore,0.2417,0.1737,0.0269
antmaze-large,QRL,29,rank,0.9242,0.0772,0.0
antmaze-large,QRL,29,clip_std,0.5244,0.1574,0.0
antmaze-large,QRL,30,raw,0.651,0.0778,0.9743
antmaze-large,QRL,30,zscore,0.1575,0.2051,0.0623
antmaze-large,QRL,30,rank,0.9242,0.0772,0.0
antmaze-large,QRL,30,clip_std,0.464,0.1658,0.0
antmaze-large,QRL,31,raw,0.5171,0.1022,0.886
antmaze-large,QRL,31,zscore,0.4594,0.168,0.0052
antmaze-large,QRL,31,rank,0.9242,0.0772,0.0
antmaze-large,QRL,31,clip_std,0.5777,0.1623,0.0
antmaze-large,QRL,32,raw,0.5722,0.0915,0.9093
antmaze-large,QRL,32,zscore,0.1487,0.2052,0.0786
antmaze-large,QRL,32,rank,0.9242,0.0772,0.0
antmaze-large,QRL,32,clip_std,0.4593,0.1665,0.0
antmaze-large,QRL,33,raw,0.6293,0.0807,0.9698
antmaze-large,QRL,33,zscore,0.3053,0.1625,0.0213
antmaze-large,QRL,33,rank,0.9242,0.0772,0.0
antmaze-large,QRL,33,clip_std,0.5902,0.1488,0.0
antmaze-large,QRL,34,raw,0.6754,0.0747,0.9835
antmaze-large,QRL,34,zscore,0.1547,0.205,0.0519
antmaze-large,QRL,34,rank,0.9242,0.0772,0.0
antmaze-large,QRL,34,clip_std,0.4675,0.1651,0.0
antmaze-large,QRL,35,raw,0.5691,0.0904,0.9452
antmaze-large,QRL,35,zscore,0.4166,0.169,0.0103
antmaze-large,QRL,35,rank,0.9242,0.0772,0.0
antmaze-large,QRL,35,clip_std,0.5783,0.1616,0.0
antmaze-large,QRL,36,raw,0.6396,0.0797,0.9618
antmaze-large,QRL,36,zscore,0.1504,0.2057,0.078
antmaze-large,QRL,36,rank,0.9242,0.0772,0.0
antmaze-large,QRL,36,clip_std,0.4685,0.1653,0.0
antmaze-large,QRL,37,raw,0.6178,0.082,0.9762
antmaze-large,QRL,37,zscore,0.4791,0.1636,0.0052
antmaze-large,QRL,37,rank,0.9242,0.0772,0.0
antmaze-large,QRL,37,clip_std,0.5804,0.1593,0.0
antmaze-large,QRL,38,raw,0.6698,0.0753,0.9825
antmaze-large,QRL,38,zscore,0.147,0.2048,0.0791
antmaze-large,QRL,38,rank,0.9242,0.0772,0.0
antmaze-large,QRL,38,clip_std,0.4507,0.168,0.0
antmaze-large,QRL,39,raw,0.2667,0.2369,0.0671
antmaze-large,QRL,39,zscore,0.1502,0.2019,0.0746
antmaze-large,QRL,39,rank,0.9242,0.0772,0.0
antmaze-large,QRL,39,clip_std,0.4466,0.1697,0.0
antmaze-large,QRL,40,raw,0.3517,0.2576,0.0435
antmaze-large,QRL,40,zscore,0.1518,0.2058,0.0675
antmaze-large,QRL,40,rank,0.9242,0.0772,0.0
antmaze-large,QRL,40,clip_std,0.4686,0.1653,0.0
antmaze-large,QRL,41,raw,0.6093,0.0833,0.9722
antmaze-large,QRL,41,zscore,0.4023,0.1721,0.0052
antmaze-large,QRL,41,rank,0.9242,0.0772,0.0
antmaze-large,QRL,41,clip_std,0.5615,0.1641,0.0
antmaze-large,QRL,42,raw,0.6721,0.075,0.9829
antmaze-large,QRL,42,zscore,0.1528,0.2038,0.0732
antmaze-large,QRL,42,rank,0.9242,0.0772,0.0
antmaze-large,QRL,42,clip_std,0.4706,0.1646,0.0
antmaze-large,QRL,43,raw,0.6091,0.0836,0.964
antmaze-large,QRL,43,zscore,0.2287,0.1854,0.036
antmaze-large,QRL,43,rank,0.9242,0.0772,0.0
antmaze-large,QRL,43,clip_std,0.5625,0.1568,0.0
antmaze-large,QRL,44,raw,0.5923,0.0876,0.9242
antmaze-large,QRL,44,zscore,0.1513,0.2033,0.0738
antmaze-large,QRL,44,rank,0.9242,0.0772,0.0
antmaze-large,QRL,44,clip_std,0.4535,0.1677,0.0
antmaze-large,QRL,45,raw,0.6746,0.0748,0.9836
antmaze-large,QRL,45,zscore,0.264,0.1699,0.0218
antmaze-large,QRL,45,rank,0.9242,0.0772,0.0
antmaze-large,QRL,45,clip_std,0.5001,0.1601,0.0
antmaze-large,QRL,46,raw,0.6607,0.0766,0.9775
antmaze-large,QRL,46,zscore,0.1505,0.2046,0.073
antmaze-large,QRL,46,rank,0.9242,0.0772,0.0
antmaze-large,QRL,46,clip_std,0.469,0.1647,0.0
antmaze-large,QRL,47,raw,0.4233,0.1379,0.6943
antmaze-large,QRL,47,zscore,0.4017,0.1697,0.0086
antmaze-large,QRL,47,rank,0.9242,0.0772,0.0
antmaze-large,QRL,47,clip_std,0.5703,0.1608,0.0
antmaze-large,QRL,48,raw,0.5156,0.1059,0.7998
antmaze-large,QRL,48,zscore,0.1517,0.2039,0.073
antmaze-large,QRL,48,rank,0.9242,0.0772,0.0
antmaze-large,QRL,48,clip_std,0.4729,0.1641,0.0
antmaze-large,QRL,49,raw,0.6111,0.0832,0.9688
antmaze-large,QRL,49,zscore,0.2324,0.1894,0.0383
antmaze-large,QRL,49,rank,0.9242,0.0772,0.0
antmaze-large,QRL,49,clip_std,0.5502,0.1627,0.0
antmaze-large,QRL,50,raw,0.6791,0.0742,0.9862
antmaze-large,QRL,50,zscore,0.1481,0.2055,0.0787
antmaze-large,QRL,50,rank,0.9242,0.0772,0.0
antmaze-large,QRL,50,clip_std,0.4522,0.1678,0.0
antmaze-large,QRL,51,raw,0.6127,0.0839,0.945
antmaze-large,QRL,51,zscore,0.2066,0.1819,0.0433
antmaze-large,QRL,51,rank,0.9242,0.0772,0.0
antmaze-large,QRL,51,clip_std,0.4608,0.1664,0.0
antmaze-large,QRL,52,raw,0.6497,0.0781,0.9689
antmaze-large,QRL,52,zscore,0.1516,0.2047,0.0732
antmaze-large,QRL,52,rank,0.9242,0.0772,0.0
antmaze-large,QRL,52,clip_std,0.4653,0.1654,0.0
antmaze-large,QRL,53,raw,0.6299,0.0803,0.9762
antmaze-large,QRL,53,zscore,0.2796,0.1774,0.0207
antmaze-large,QRL,53,rank,0.9242,0.0772,0.0
antmaze-large,QRL,53,clip_std,0.5711,0.1575,0.0
antmaze-large,QRL,54,raw,0.6624,0.0764,0.9779
antmaze-large,QRL,54,zscore,0.1521,0.2051,0.0728
antmaze-large,QRL,54,rank,0.9242,0.0772,0.0
antmaze-large,QRL,54,clip_std,0.4692,0.165,0.0
antmaze-large,QRL,55,raw,0.3326,0.2178,0.388
antmaze-large,QRL,55,zscore,0.2529,0.1935,0.0303
antmaze-large,QRL,55,rank,0.9242,0.0772,0.0
antmaze-large,QRL,55,clip_std,0.5367,0.1688,0.0
antmaze-large,QRL,56,raw,0.4535,0.1082,0.0
antmaze-large,QRL,56,zscore,0.1469,0.204,0.0742
antmaze-large,QRL,56,rank,0.9242,0.0772,0.0
antmaze-large,QRL,56,clip_std,0.4488,0.1686,0.0
antmaze-large,QRL,57,raw,0.6686,0.0755,0.9823
antmaze-large,QRL,57,zscore,0.1695,0.1905,0.0646
antmaze-large,QRL,57,rank,0.9242,0.0772,0.0
antmaze-large,QRL,57,clip_std,0.4622,0.1664,0.0
antmaze-large,QRL,58,raw,0.6749,0.0747,0.9835
antmaze-large,QRL,58,zscore,0.1504,0.2051,0.0781
antmaze-large,QRL,58,rank,0.9242,0.0772,0.0
antmaze-large,QRL,58,clip_std,0.4718,0.1646,0.0
antmaze-large,QRL,59,raw,0.5673,0.0907,0.9414
antmaze-large,QRL,59,zscore,0.3971,0.1816,0.0051
antmaze-large,QRL,59,rank,0.9242,0.0772,0.0
antmaze-large,QRL,59,clip_std,0.5463,0.1718,0.0
antmaze-large,QRL,60,raw,0.6156,0.0834,0.9465
antmaze-large,QRL,60,zscore,0.161,0.2039,0.0572
antmaze-large,QRL,60,rank,0.9242,0.0772,0.0
antmaze-large,QRL,60,clip_std,0.4644,0.1657,0.0
antmaze-large,QRL,61,raw,0.6177,0.0819,0.9773
antmaze-large,QRL,61,zscore,0.5193,0.1716,0.0
antmaze-large,QRL,61,rank,0.9242,0.0772,0.0
antmaze-large,QRL,61,clip_std,0.5654,0.1697,0.0
antmaze-large,QRL,62,raw,0.6573,0.0771,0.975
antmaze-large,QRL,62,zscore,0.1503,0.2048,0.0733
antmaze-large,QRL,62,rank,0.9242,0.0772,0.0
antmaze-large,QRL,62,clip_std,0.4631,0.1657,0.0
antmaze-large,QRL,63,raw,0.5559,0.0945,0.8959
antmaze-large,QRL,63,zscore,0.3464,0.1573,0.0164
antmaze-large,QRL,63,rank,0.9242,0.0772,0.0
antmaze-large,QRL,63,clip_std,0.5569,0.1536,0.0
cube,CRL,0,raw,0.2495,0.206,0.9499
cube,CRL,0,zscore,0.459,0.1594,0.0
cube,CRL,0,rank,0.9242,0.0772,0.0
cube,CRL,0,clip_std,0.459,0.1594,0.0
cube,CRL,1,raw,0.3093,0.1656,0.9526
cube,CRL,1,zscore,0.2643,0.2916,0.0047
cube,CRL,1,rank,0.9242,0.0772,0.0
cube,CRL,1,clip_std,0.3494,0.2799,0.0
cube,CRL,2,raw,0.3192,0.1597,0.9617
cube,CRL,2,zscore,0.5313,0.1948,0.0
cube,CRL,2,rank,0.9242,0.0772,0.0
cube,CRL,2,clip_std,0.5005,0.2059,0.0
cube,CRL,3,raw,0.3511,0.1453,0.9605
cube,CRL,3,zscore,0.3053,0.2855,0.0
cube,CRL,3,rank,0.9242,0.0772,0.0
cube,CRL,3,clip_std,0.3485,0.2814,0.0
cube,CRL,4,raw,0.3409,0.1477,0.9864
cube,CRL,4,zscore,0.2755,0.287,0.0
cube,CRL,4,rank,0.9242,0.0772,0.0
cube,CRL,4,clip_std,0.3583,0.2757,0.0
cube,CRL,5,raw,0.172,0.3543,0.7009
cube,CRL,5,zscore,0.2034,0.3216,0.0092
cube,CRL,5,rank,0.9242,0.0772,0.0
cube,CRL,5,clip_std,0.3188,0.2965,0.0
cube,CRL,6,raw,0.6,0.0833,1.0
cube,CRL,6,zscore,0.7521,0.0836,0.0
cube,CRL,6,rank,0.9242,0.0772,0.0
cube,CRL,6,clip_std,0.7521,0.0836,0.0
cube,CRL,7,raw,0.3312,0.1539,0.963
cube,CRL,7,zscore,0.1633,0.336,0.0313
cube,CRL,7,rank,0.9242,0.0772,0.0
cube,CRL,7,clip_std,0.3188,0.2982,0.0
cube,CRL,8,raw,0.2879,0.1746,0.9895
cube,CRL,8,zscore,0.3495,0.1889,0.0
cube,CRL,8,rank,0.9242,0.0772,0.0
cube,CRL,8,clip_std,0.3495,0.1889,0.0
cube,CRL,9,raw,0.3211,0.1611,0.9321
cube,CRL,9,zscore,0.3129,0.2832,0.0
cube,CRL,9,rank,0.9242,0.0772,0.0
cube,CRL,9,clip_std,0.3519,0.28,0.0
cube,CRL,10,raw,0.2028,0.2482,0.993
cube,CRL,10,zscore,0.5978,0.1271,0.0
cube,CRL,10,rank,0.9242,0.0772,0.0
cube,CRL,10,clip_std,0.5978,0.1271,0.0
cube,CRL,11,raw,0.3399,0.1486,0.9798
cube,CRL,11,zscore,0.1968,0.3223,0.0046
cube,CRL,11,rank,0.9242,0.0772,0.0
cube,CRL,11,clip_std,0.3226,0.2976,0.0
cube,CRL,12,raw,0.2,0.25,1.0
cube,CRL,12,zscore,0.4662,0.154,0.0
cube,CRL,12,rank,0.9242,0.0772,0.0
cube,CRL,12,clip_std,0.4662,0.154,0.0
cube,CRL,13,raw,0.2819,0.1884,0.8882
cube,CRL,13,zscore,0.1803,0.3332,0.018
cube,CRL,13,rank,0.9242,0.0772,0.0
cube,CRL,13,clip_std,0.3147,0.2992,0.0
cube,CRL,14,raw,0.2858,0.1798,0.9466
cube,CRL,14,zscore,0.3117,0.2782,0.0
cube,CRL,14,rank,0.9242,0.0772,0.0
cube,CRL,14,clip_std,0.3666,0.2701,0.0
cube,CRL,15,raw,0.3446,0.1483,0.9573
cube,CRL,15,zscore,0.2686,0.2973,0.0
cube,CRL,15,rank,0.9242,0.0772,0.0
cube,CRL,15,clip_std,0.3374,0.2869,0.0
cube,CRL,16,raw,0.318,0.1589,0.9784
cube,CRL,16,zscore,0.2836,0.2819,0.0047
cube,CRL,16,rank,0.9242,0.0772,0.0
cube,CRL,16,clip_std,0.363,0.2703,0.0
cube,CRL,17,raw,0.2965,0.1775,0.8994
cube,CRL,17,zscore,0.2554,0.3021,0.0
cube,CRL,17,rank,0.9242,0.0772,0.0
cube,CRL,17,clip_std,0.3344,0.2888,0.0
cube,CRL,18,raw,0.2,0.25,1.0
cube,CRL,18,zscore,0.3934,0.1736,0.0
cube,CRL,18,rank,0.9242,0.0772,0.0
cube,CRL,18,clip_std,0.3934,0.1736,0.0
cube,CRL,19,raw,0.3531,0.1439,0.9683
cube,CRL,19,zscore,0.1988,0.3246,0.0091
cube,CRL,19,rank,0.9242,0.0772,0.0
cube,CRL,19,clip_std,0.3166,0.2974,0.0
cube,CRL,20,raw,0.0948,0.5789,0.8322
cube,CRL,20,zscore,0.6874,0.0862,0.0
cube,CRL,20,rank,0.9242,0.0772,0.0
cube,CRL,20,clip_std,0.6874,0.0862,0.0
cube,CRL,21,raw,0.0761,0.6143,0.2248
cube,CRL,21,zscore,0.2754,0.2939,0.0
cube,CRL,21,rank,0.9242,0.0772,0.0
cube,CRL,21,clip_std,0.339,0.2841,0.0
cube,CRL,22,raw,0.2199,0.2352,0.9568
cube,CRL,22,zscore,0.7568,0.0957,0.0
cube,CRL,22,rank,0.9242,0.0772,0.0
cube,CRL,22,clip_std,0.7568,0.0957,0.0
cube,CRL,23,raw,0.3366,0.1523,0.9544
cube,CRL,23,zscore,0.3169,0.2819,0.0
cube,CRL,23,rank,0.9242,0.0772,0.0
cube,CRL,23,clip_std,0.3537,0.2792,0.0
cube,CRL,24,raw,1.0,0.05,0.0
cube,CRL,24,zscore,0.5918,0.1222,0.0
cube,CRL,24,rank,0.9242,0.0772,0.0
cube,CRL,24,clip_std,0.5918,0.1222,0.0
cube,CRL,25,raw,0.3196,0.1605,0.9494
cube,CRL,25,zscore,0.166,0.3344,0.0359
cube,CRL,25,rank,0.9242,0.0772,0.0
cube,CRL,25,clip_std,0.3189,0.2981,0.0
cube,CRL,26,raw,0.1888,0.3001,0.7821
cube,CRL,26,zscore,0.2546,0.2987,0.0046
cube,CRL,26,rank,0.9242,0.0772,0.0
cube,CRL,26,clip_std,0.3483,0.2808,0.0
cube,CRL,27,raw,0.3564,0.1424,0.9701
cube,CRL,27,zscore,0.2372,0.3088,0.0
cube,CRL,27,rank,0.9242,0.0772,0.0
cube,CRL,27,clip_std,0.3306,0.2914,0.0
cube,CRL,28,raw,0.3234,0.1561,0.9804
cube,CRL,28,zscore,0.3381,0.2724,0.0
cube,CRL,28,rank,0.9242,0.0772,0.0
cube,CRL,28,clip_std,0.3767,0.2669,0.0
cube,CRL,29,raw,0.2031,0.2886,0.7336
cube,CRL,29,zscore,0.2841,0.2921,0.0
cube,CRL,29,rank,0.9242,0.0772,0.0
cube,CRL,29,clip_std,0.3413,0.2846,0.0
cube,CRL,30,raw,0.2579,0.2012,0.936
cube,CRL,30,zscore,0.3441,0.1895,0.0
cube,CRL,30,rank,0.9242,0.0772,0.0
cube,CRL,30,clip_std,0.3441,0.1895,0.0
cube,CRL,31,raw,0.3311,0.1528,0.9775
cube,CRL,31,zscore,0.2706,0.2895,0.0
cube,CRL,31,rank,0.9242,0.0772,0.0
cube,CRL,31,clip_std,0.3481,0.2795,0.0
cube,CRL,32,raw,0.2668,0.1888,0.985
cube,CRL,32,zscore,0.1989,0.2478,0.0453
cube,CRL,32,rank,0.9242,0.0772,0.0
cube,CRL,32,clip_std,0.4039,0.2341,0.0
cube,CRL,33,raw,0.3078,0.1699,0.9142
cube,CRL,33,zscore,0.2982,0.2876,0.0
cube,CRL,33,rank,0.9242,0.0772,0.0
cube,CRL,33,clip_std,0.3459,0.2824,0.0
cube,CRL,34,raw,0.4127,0.123,0.9843
cube,CRL,34,zscore,0.5564,0.1091,0.0
cube,CRL,34,rank,0.9242,0.0772,0.0
cube,CRL,34,clip_std,0.5564,0.1091,0.0
cube,CRL,35,raw,0.3371,0.1496,0.9834
cube,CRL,35,zscore,0.2656,0.2893,0.0
cube,CRL,35,rank,0.9242,0.0772,0.0
cube,CRL,35,clip_std,0.3535,0.2776,0.0
cube,CRL,36,raw,0.6,0.0833,1.0
cube,CRL,36,zscore,0.5941,0.1176,0.0
cube,CRL,36,rank,0.9242,0.0772,0.0
cube,CRL,36,clip_std,0.5941,0.1176,0.0
cube,CRL,37,raw,0.1741,0.3464,0.7041
cube,CRL,37,zscore,0.167,0.3365,0.0179
cube,CRL,37,rank,0.9242,0.0772,0.0
cube,CRL,37,clip_std,0.3162,0.299,0.0
cube,CRL,38,raw,0.3149,0.1615,0.9671
cube,CRL,38,zscore,0.2826,0.291,0.0
cube,CRL,38,rank,0.9242,0.0772,0.0
cube,CRL,38,clip_std,0.3501,0.2808,0.0
cube,CRL,39,raw,0.3337,0.1537,0.9502
cube,CRL,39,zscore,0.216,0.3163,0.0
cube,CRL,39,rank,0.9242,0.0772,0.0
cube,CRL,39,clip_std,0.3247,0.2943,0.0
cube,CRL,40,raw,0.2499,0.2053,0.9549
cube,CRL,40,zscore,0.41,0.1703,0.0
cube,CRL,40,rank,0.9242,0.0772,0.0
cube,CRL,40,clip_std,0.41,0.1703,0.0
cube,CRL,41,raw,0.3177,0.1608,0.9566
cube,CRL,41,zscore,0.227,0.3135,0.0
cube,CRL,41,rank,0.9242,0.0772,0.0
cube,CRL,41,clip_std,0.3269,0.2953,0.0
cube,CRL,42,raw,0.0756,0.6064,0.0917
cube,CRL,42,zscore,0.2587,0.2993,0.0139
cube,CRL,42,rank,0.9242,0.0772,0.0
cube,CRL,42,clip_std,0.3518,0.2885,0.0
cube,CRL,43,raw,0.3542,0.1437,0.9646
cube,CRL,43,zscore,0.3095,0.2842,0.0
cube,CRL,43,rank,0.9242,0.0772,0.0
cube,CRL,43,clip_std,0.3503,0.2806,0.0
cube,CRL,44,raw,0.3167,0.1592,0.9843
cube,CRL,44,zscore,0.2909,0.2834,0.0047
cube,CRL,44,rank,0.9242,0.0772,0.0
cube,CRL,44,clip_std,0.3604,0.2744,0.0
cube,CRL,45,raw,0.2536,0.2162,0.8326
cube,CRL,45,zscore,0.2732,0.2956,0.0
cube,CRL,45,rank,0.9242,0.0772,0.0
cube,CRL,45,clip_std,0.3387,0.2861,0.0
cube,CRL,46,raw,1.0,0.05,0.0
cube,CRL,46,zscore,0.7246,0.0979,0.0
cube,CRL,46,rank,0.9242,0.0772,0.0
cube,CRL,46,clip_std,0.7246,0.0979,0.0
cube,CRL,47,raw,0.3433,0.1483,0.9642
cube,CRL,47,zscore,0.1862,0.3312,0.0135
cube,CRL,47,rank,0.9242,0.0772,0.0
cube,CRL,47,clip_std,0.3148,0.2988,0.0
cube,CRL,48,raw,0.2,0.25,1.0
cube,CRL,48,zscore,0.6257,0.1185,0.0
cube,CRL,48,rank,0.9242,0.0772,0.0
cube,CRL,48,clip_std,0.6257,0.1185,0.0
cube,CRL,49,raw,0.2863,0.1845,0.8973
cube,CRL,49,zscore,0.1948,0.3269,0.0091
cube,CRL,49,rank,0.9242,0.0772,0.0
cube,CRL,49,clip_std,0.3156,0.2979,0.0
cube,CRL,50,raw,0.2813,0.183,0.9426
cube,CRL,50,zscore,0.2604,0.2891,0.0
cube,CRL,50,rank,0.9242,0.0772,0.0
cube,CRL,50,clip_std,0.3612,0.2731,0.0
cube,CRL,51,raw,0.3536,0.1438,0.9685
cube,CRL,51,zscore,0.2488,0.3045,0.0
cube,CRL,51,rank,0.9242,0.0772,0.0
cube,CRL,51,clip_std,0.3331,0.2897,0.0
cube,CRL,52,raw,0.6234,0.0816,0.9659
cube,CRL,52,zscore,0.4528,0.1561,0.0
cube,CRL,52,rank,0.9242,0.0772,0.0
cube,CRL,52,clip_std,0.4528,0.1561,0.0
cube,CRL,53,raw,0.0984,0.4908,0.0695
cube,CRL,53,zscore,0.3195,0.281,0.0
cube,CRL,53,rank,0.9242,0.0772,0.0
cube,CRL,53,clip_std,0.3551,0.2786,0.0
cube,CRL,54,raw,0.2685,0.1935,0.9341
cube,CRL,54,zscore,0.7455,0.0978,0.0
cube,CRL,54,rank,0.9242,0.0772,0.0
cube,CRL,54,clip_std,0.7455,0.0978,0.0
cube,CRL,55,raw,0.3222,0.1577,0.9673
cube,CRL,55,zscore,0.2638,0.301,0.0
cube,CRL,55,rank,0.9242,0.0772,0.0
cube,CRL,55,clip_std,0.3347,0.2887,0.0
cube,CRL,56,raw,0.3133,0.1618,0.9719
cube,CRL,56,zscore,0.2709,0.296,0.0
cube,CRL,56,rank,0.9242,0.0772,0.0
cube,CRL,56,clip_std,0.3475,0.2808,0.0
cube,CRL,57,raw,0.3146,0.1651,0.9256
cube,CRL,57,zscore,0.2231,0.3138,0.0
cube,CRL,57,rank,0.9242,0.0772,0.0
cube,CRL,57,clip_std,0.327,0.2933,0.0
cube,CRL,58,raw,0.0314,0.7023,0.0283
cube,CRL,58,zscore,0.5749,0.1201,0.0
cube,CRL,58,rank,0.9242,0.0772,0.0
cube,CRL,58,clip_std,0.5749,0.1201,0.0
cube,CRL,59,raw,0.345,0.1465,0.9788
cube,CRL,59,zscore,0.1775,0.3291,0.0271
cube,CRL,59,rank,0.9242,0.0772,0.0
cube,CRL,59,clip_std,0.3188,0.2986,0.0
cube,CRL,60,raw,0.1332,0.4224,0.7966
cube,CRL,60,zscore,0.8313,0.0622,0.0
cube,CRL,60,rank,0.9242,0.0772,0.0
cube,CRL,60,clip_std,0.8313,0.0622,0.0
cube,CRL,61,raw,0.259,0.2043,0.8918
cube,CRL,61,zscore,0.2749,0.2906,0.0
cube,CRL,61,rank,0.9242,0.0772,0.0
cube,CRL,61,clip_std,0.3443,0.2811,0.0
cube,CRL,62,raw,0.2625,0.1946,0.958
cube,CRL,62,zscore,0.3154,0.27,0.0
cube,CRL,62,rank,0.9242,0.0772,0.0
cube,CRL,62,clip_std,0.3847,0.2599,0.0
cube,CRL,63,raw,0.3482,0.1468,0.9571
cube,CRL,63,zscore,0.2921,0.2894,0.0
cube,CRL,63,rank,0.9242,0.0772,0.0
cube,CRL,63,clip_std,0.3438,0.2833,0.0
cube,GCIQL,0,raw,0.1371,0.4094,0.8073
cube,GCIQL,0,zscore,0.234,0.1808,0.0296
cube,GCIQL,0,rank,0.9242,0.0772,0.0
cube,GCIQL,0,clip_std,0.2322,0.2388,0.0
cube,GCIQL,1,raw,0.0969,0.6201,0.7248
cube,GCIQL,1,zscore,0.1885,0.2063,0.0345
cube,GCIQL,1,rank,0.9242,0.0772,0.0
cube,GCIQL,1,clip_std,0.211,0.2577,0.0
cube,GCIQL,2,raw,0.0496,0.6928,0.3785
cube,GCIQL,2,zscore,0.2253,0.1859,0.0354
cube,GCIQL,2,rank,0.9242,0.0772,0.0
cube,GCIQL,2,clip_std,0.2076,0.2526,0.0
cube,GCIQL,3,raw,0.1332,0.4037,0.8597
cube,GCIQL,3,zscore,0.1733,0.2203,0.0396
cube,GCIQL,3,rank,0.9242,0.0772,0.0
cube,GCIQL,3,clip_std,0.2256,0.2671,0.0
cube,GCIQL,4,raw,0.2179,0.2411,0.9063
cube,GCIQL,4,zscore,0.3602,0.1538,0.0122
cube,GCIQL,4,rank,0.9242,0.0772,0.0
cube,GCIQL,4,clip_std,0.2931,0.2107,0.0
cube,GCIQL,5,raw,0.06,0.8496,0.6784
cube,GCIQL,5,zscore,0.196,0.2143,0.0283
cube,GCIQL,5,rank,0.9242,0.0772,0.0
cube,GCIQL,5,clip_std,0.2444,0.2596,0.0
cube,GCIQL,6,raw,0.147,0.3841,0.7976
cube,GCIQL,6,zscore,0.2297,0.1811,0.0237
cube,GCIQL,6,rank,0.9242,0.0772,0.0
cube,GCIQL,6,clip_std,0.2118,0.242,0.0
cube,GCIQL,7,raw,0.1809,0.2982,0.8642
cube,GCIQL,7,zscore,0.2547,0.1762,0.0178
cube,GCIQL,7,rank,0.9242,0.0772,0.0
cube,GCIQL,7,clip_std,0.2513,0.2337,0.0
cube,GCIQL,8,raw,0.2203,0.2427,0.8754
cube,GCIQL,8,zscore,0.2753,0.175,0.0179
cube,GCIQL,8,rank,0.9242,0.0772,0.0
cube,GCIQL,8,clip_std,0.2277,0.2417,0.0
cube,GCIQL,9,raw,0.0863,0.6795,0.7549
cube,GCIQL,9,zscore,0.1891,0.216,0.0283
cube,GCIQL,9,rank,0.9242,0.0772,0.0
cube,GCIQL,9,clip_std,0.2391,0.2607,0.0
cube,GCIQL,10,raw,0.0558,0.7954,0.5246
cube,GCIQL,10,zscore,0.2418,0.1753,0.0239
cube,GCIQL,10,rank,0.9242,0.0772,0.0
cube,GCIQL,10,clip_std,0.2334,0.2358,0.0
cube,GCIQL,11,raw,0.213,0.2478,0.8992
cube,GCIQL,11,zscore,0.221,0.1879,0.0351
cube,GCIQL,11,rank,0.9242,0.0772,0.0
cube,GCIQL,11,clip_std,0.217,0.2457,0.0
cube,GCIQL,12,raw,0.1755,0.3045,0.8779
cube,GCIQL,12,zscore,0.2122,0.1801,0.0357
cube,GCIQL,12,rank,0.9242,0.0772,0.0
cube,GCIQL,12,clip_std,0.2053,0.2429,0.0
cube,GCIQL,13,raw,0.1362,0.199,0.051
cube,GCIQL,13,zscore,0.2224,0.1852,0.0352
cube,GCIQL,13,rank,0.9242,0.0772,0.0
cube,GCIQL,13,clip_std,0.2247,0.2413,0.0
cube,GCIQL,14,raw,0.1156,0.5502,0.6534
cube,GCIQL,14,zscore,0.2641,0.1711,0.0241
cube,GCIQL,14,rank,0.9242,0.0772,0.0
cube,GCIQL,14,clip_std,0.205,0.2415,0.0
cube,GCIQL,15,raw,0.1092,0.512,0.8023
cube,GCIQL,15,zscore,0.1895,0.216,0.0283
cube,GCIQL,15,rank,0.9242,0.0772,0.0
cube,GCIQL,15,clip_std,0.24,0.2605,0.0
cube,GCIQL,16,raw,0.1819,0.3003,0.8435
cube,GCIQL,16,zscore,0.2288,0.1846,0.0236
cube,GCIQL,16,rank,0.9242,0.0772,0.0
cube,GCIQL,16,clip_std,0.2089,0.2445,0.0
cube,GCIQL,17,raw,0.0733,0.8005,0.725
cube,GCIQL,17,zscore,0.1938,0.2152,0.0283
cube,GCIQL,17,rank,0.9242,0.0772,0.0
cube,GCIQL,17,clip_std,0.2421,0.2603,0.0
cube,GCIQL,18,raw,0.0554,0.4852,0.1656
cube,GCIQL,18,zscore,0.2639,0.1678,0.0301
cube,GCIQL,18,rank,0.9242,0.0772,0.0
cube,GCIQL,18,clip_std,0.2391,0.2336,0.0
cube,GCIQL,19,raw,0.2006,0.2644,0.8928
cube,GCIQL,19,zscore,0.2181,0.1864,0.0352
cube,GCIQL,19,rank,0.9242,0.0772,0.0
cube,GCIQL,19,clip_std,0.2387,0.2386,0.0
cube,GCIQL,20,raw,0.2059,0.256,0.8969
cube,GCIQL,20,zscore,0.2339,0.1799,0.0238
cube,GCIQL,20,rank,0.9242,0.0772,0.0
cube,GCIQL,20,clip_std,0.2044,0.2475,0.0
cube,GCIQL,21,raw,0.0631,0.8004,0.5896
cube,GCIQL,21,zscore,0.2049,0.1981,0.0348
cube,GCIQL,21,rank,0.9242,0.0772,0.0
cube,GCIQL,21,clip_std,0.2088,0.2529,0.0
cube,GCIQL,22,raw,0.149,0.3863,0.7618
cube,GCIQL,22,zscore,0.2522,0.1775,0.0179
cube,GCIQL,22,rank,0.9242,0.0772,0.0
cube,GCIQL,22,clip_std,0.1976,0.2452,0.0
cube,GCIQL,23,raw,0.1268,0.4269,0.8511
cube,GCIQL,23,zscore,0.1745,0.2194,0.034
cube,GCIQL,23,rank,0.9242,0.0772,0.0
cube,GCIQL,23,clip_std,0.2289,0.2653,0.0
cube,GCIQL,24,raw,0.1657,0.3293,0.8417
cube,GCIQL,24,zscore,0.2063,0.1849,0.0416
cube,GCIQL,24,rank,0.9242,0.0772,0.0
cube,GCIQL,24,clip_std,0.1979,0.2527,0.0
cube,GCIQL,25,raw,0.1491,0.3791,0.786
cube,GCIQL,25,zscore,0.2684,0.1735,0.0238
cube,GCIQL,25,rank,0.9242,0.0772,0.0
cube,GCIQL,25,clip_std,0.2481,0.2326,0.0
cube,GCIQL,26,raw,0.0836,0.7287,0.5404
cube,GCIQL,26,zscore,0.2423,0.1791,0.0237
cube,GCIQL,26,rank,0.9242,0.0772,0.0
cube,GCIQL,26,clip_std,0.2043,0.2411,0.0
cube,GCIQL,27,raw,0.1332,0.4009,0.8738
cube,GCIQL,27,zscore,0.1975,0.2138,0.0284
cube,GCIQL,27,rank,0.9242,0.0772,0.0
cube,GCIQL,27,clip_std,0.2452,0.2592,0.0
cube,GCIQL,28,raw,0.2186,0.2431,0.8869
cube,GCIQL,28,zscore,0.2091,0.1904,0.0352
cube,GCIQL,28,rank,0.9242,0.0772,0.0
cube,GCIQL,28,clip_std,0.2128,0.251,0.0
cube,GCIQL,29,raw,0.0362,0.6401,0.3078
cube,GCIQL,29,zscore,0.1726,0.2198,0.0397
cube,GCIQL,29,rank,0.9242,0.0772,0.0
cube,GCIQL,29,clip_std,0.2137,0.2699,0.0
cube,GCIQL,30,raw,0.1004,0.6023,0.7143
cube,GCIQL,30,zscore,0.2196,0.181,0.0355
cube,GCIQL,30,rank,0.9242,0.0772,0.0
cube,GCIQL,30,clip_std,0.217,0.2377,0.0
cube,GCIQL,31,raw,0.1095,0.52,0.7889
cube,GCIQL,31,zscore,0.1743,0.2164,0.0455
cube,GCIQL,31,rank,0.9242,0.0772,0.0
cube,GCIQL,31,clip_std,0.2126,0.2668,0.0
cube,GCIQL,32,raw,0.172,0.3229,0.8153
cube,GCIQL,32,zscore,0.2416,0.182,0.0296
cube,GCIQL,32,rank,0.9242,0.0772,0.0
cube,GCIQL,32,clip_std,0.2155,0.2476,0.0
cube,GCIQL,33,raw,0.0828,0.7236,0.7338
cube,GCIQL,33,zscore,0.1748,0.2201,0.0396
cube,GCIQL,33,rank,0.9242,0.0772,0.0
cube,GCIQL,33,clip_std,0.2229,0.2682,0.0
cube,GCIQL,34,raw,0.0367,0.6699,0.2985
cube,GCIQL,34,zscore,0.2112,0.1869,0.0294
cube,GCIQL,34,rank,0.9242,0.0772,0.0
cube,GCIQL,34,clip_std,0.226,0.2406,0.0
cube,GCIQL,35,raw,0.1443,0.3751,0.8539
cube,GCIQL,35,zscore,0.1827,0.2087,0.0344
cube,GCIQL,35,rank,0.9242,0.0772,0.0
cube,GCIQL,35,clip_std,0.2124,0.2589,0.0
cube,GCIQL,36,raw,0.2273,0.232,0.9008
cube,GCIQL,36,zscore,0.2112,0.1779,0.0357
cube,GCIQL,36,rank,0.9242,0.0772,0.0
cube,GCIQL,36,clip_std,0.2356,0.2292,0.0
cube,GCIQL,37,raw,0.0814,0.745,0.5576
cube,GCIQL,37,zscore,0.2431,0.1812,0.0295
cube,GCIQL,37,rank,0.9242,0.0772,0.0
cube,GCIQL,37,clip_std,0.2436,0.2392,0.0
cube,GCIQL,38,raw,0.1366,0.4178,0.7782
cube,GCIQL,38,zscore,0.2156,0.1719,0.0358
cube,GCIQL,38,rank,0.9242,0.0772,0.0
cube,GCIQL,38,clip_std,0.2481,0.2161,0.0
cube,GCIQL,39,raw,0.1152,0.4782,0.8256
cube,GCIQL,39,zscore,0.1964,0.2144,0.0284
cube,GCIQL,39,rank,0.9242,0.0772,0.0
cube,GCIQL,39,clip_std,0.2433,0.2599,0.0
cube,GCIQL,40,raw,0.2035,0.2638,0.8719
cube,GCIQL,40,zscore,0.2166,0.1858,0.0357
cube,GCIQL,40,rank,0.9242,0.0772,0.0
cube,GCIQL,40,clip_std,0.1724,0.2679,0.0
cube,GCIQL,41,raw,0.1375,0.4233,0.7493
cube,GCIQL,41,zscore,0.2167,0.1904,0.035
cube,GCIQL,41,rank,0.9242,0.0772,0.0
cube,GCIQL,41,clip_std,0.2141,0.2471,0.0
cube,GCIQL,42,raw,0.0702,0.7409,0.4855
cube,GCIQL,42,zscore,0.2469,0.1796,0.0178
cube,GCIQL,42,rank,0.9242,0.0772,0.0
cube,GCIQL,42,clip_std,0.2169,0.2437,0.0
cube,GCIQL,43,raw,0.1337,0.3976,0.8897
cube,GCIQL,43,zscore,0.1814,0.2177,0.0283
cube,GCIQL,43,rank,0.9242,0.0772,0.0
cube,GCIQL,43,clip_std,0.2352,0.2622,0.0
cube,GCIQL,44,raw,0.2187,0.2419,0.8928
cube,GCIQL,44,zscore,0.1995,0.1931,0.0351
cube,GCIQL,44,rank,0.9242,0.0772,0.0
cube,GCIQL,44,clip_std,0.2061,0.25,0.0
cube,GCIQL,45,raw,0.0628,0.3319,0.0944
cube,GCIQL,45,zscore,0.1902,0.216,0.0283
cube,GCIQL,45,rank,0.9242,0.0772,0.0
cube,GCIQL,45,clip_std,0.2402,0.2605,0.0
cube,GCIQL,46,raw,0.1091,0.585,0.6462
cube,GCIQL,46,zscore,0.3096,0.1563,0.0183
cube,GCIQL,46,rank,0.9242,0.0772,0.0
cube,GCIQL,46,clip_std,0.2645,0.2174,0.0
cube,GCIQL,47,raw,0.1738,0.3161,0.8287
cube,GCIQL,47,zscore,0.2217,0.1865,0.0352
cube,GCIQL,47,rank,0.9242,0.0772,0.0
cube,GCIQL,47,clip_std,0.2211,0.2436,0.0
cube,GCIQL,48,raw,0.1375,0.4028,0.8219
cube,GCIQL,48,zscore,0.2658,0.163,0.0242
cube,GCIQL,48,rank,0.9242,0.0772,0.0
cube,GCIQL,48,clip_std,0.2381,0.2221,0.0
cube,GCIQL,49,raw,0.0967,0.6661,0.6155
cube,GCIQL,49,zscore,0.2243,0.1844,0.0352
cube,GCIQL,49,rank,0.9242,0.0772,0.0
cube,GCIQL,49,clip_std,0.2481,0.2363,0.0
cube,GCIQL,50,raw,0.9834,0.061,0.0
cube,GCIQL,50,zscore,0.2458,0.1783,0.0238
cube,GCIQL,50,rank,0.9242,0.0772,0.0
cube,GCIQL,50,clip_std,0.2083,0.2421,0.0
cube,GCIQL,51,raw,0.1268,0.4239,0.8717
cube,GCIQL,51,zscore,0.1959,0.2146,0.0284
cube,GCIQL,51,rank,0.9242,0.0772,0.0
cube,GCIQL,51,clip_std,0.2427,0.26,0.0
cube,GCIQL,52,raw,0.2156,0.2448,0.8948
cube,GCIQL,52,zscore,0.2261,0.1856,0.0295
cube,GCIQL,52,rank,0.9242,0.0772,0.0
cube,GCIQL,52,clip_std,0.2104,0.2487,0.0
cube,GCIQL,53,raw,0.0411,0.8121,0.4828
cube,GCIQL,53,zscore,0.1785,0.2184,0.0283
cube,GCIQL,53,rank,0.9242,0.0772,0.0
cube,GCIQL,53,clip_std,0.2328,0.2632,0.0
cube,GCIQL,54,raw,0.1378,0.4251,0.734
cube,GCIQL,54,zscore,0.2442,0.1813,0.0177
cube,GCIQL,54,rank,0.9242,0.0772,0.0
cube,GCIQL,54,clip_std,0.2194,0.2442,0.0
cube,GCIQL,55,raw,0.1793,0.3035,0.8432
cube,GCIQL,55,zscore,0.215,0.1914,0.035
cube,GCIQL,55,rank,0.9242,0.0772,0.0
cube,GCIQL,55,clip_std,0.2145,0.2474,0.0
cube,GCIQL,56,raw,0.1998,0.2717,0.8491
cube,GCIQL,56,zscore,0.2265,0.1825,0.0296
cube,GCIQL,56,rank,0.9242,0.0772,0.0
cube,GCIQL,56,clip_std,0.2153,0.2447,0.0
cube,GCIQL,57,raw,0.1019,0.5618,0.7707
cube,GCIQL,57,zscore,0.1971,0.2135,0.0284
cube,GCIQL,57,rank,0.9242,0.0772,0.0
cube,GCIQL,57,clip_std,0.2463,0.2587,0.0
cube,GCIQL,58,raw,0.1082,0.6154,0.598
cube,GCIQL,58,zscore,0.2092,0.1865,0.0237
cube,GCIQL,58,rank,0.9242,0.0772,0.0
cube,GCIQL,58,clip_std,0.1805,0.2561,0.0
cube,GCIQL,59,raw,0.2064,0.2545,0.9084
cube,GCIQL,59,zscore,0.239,0.1842,0.0295
cube,GCIQL,59,rank,0.9242,0.0772,0.0
cube,GCIQL,59,clip_std,0.215,0.2496,0.0
cube,GCIQL,60,raw,0.1802,0.2957,0.8806
cube,GCIQL,60,zscore,0.2677,0.1725,0.024
cube,GCIQL,60,rank,0.9242,0.0772,0.0
cube,GCIQL,60,clip_std,0.2579,0.2374,0.0
cube,GCIQL,61,raw,0.0416,0.7817,0.4228
cube,GCIQL,61,zscore,0.1748,0.2147,0.0456
cube,GCIQL,61,rank,0.9242,0.0772,0.0
cube,GCIQL,61,clip_std,0.2115,0.2649,0.0
cube,GCIQL,62,raw,0.1408,0.4177,0.7375
cube,GCIQL,62,zscore,0.2328,0.1866,0.0295
cube,GCIQL,62,rank,0.9242,0.0772,0.0
cube,GCIQL,62,clip_std,0.2263,0.2499,0.0
cube,GCIQL,63,raw,0.1145,0.4919,0.794
cube,GCIQL,63,zscore,0.1733,0.2199,0.0397
cube,GCIQL,63,rank,0.9242,0.0772,0.0
cube,GCIQL,63,clip_std,0.2151,0.2699,0.0
cube,GCIVL,0,raw,0.6177,0.0841,0.924
cube,GCIVL,0,zscore,0.1885,0.2251,0.0168
cube,GCIVL,0,rank,0.9242,0.0772,0.0
cube,GCIVL,0,clip_std,0.2122,0.2781,0.0
cube,GCIVL,1,raw,0.5895,0.0868,0.9544
cube,GCIVL,1,zscore,0.3666,0.2015,0.0058
cube,GCIVL,1,rank,0.9242,0.0772,0.0
cube,GCIVL,1,clip_std,0.2443,0.2831,0.0
cube,GCIVL,2,raw,0.658,0.078,0.9496
cube,GCIVL,2,zscore,0.176,0.2365,0.0276
cube,GCIVL,2,rank,0.9242,0.0772,0.0
cube,GCIVL,2,clip_std,0.2083,0.283,0.0
cube,GCIVL,3,raw,0.3754,0.15,0.0113
cube,GCIVL,3,zscore,0.2835,0.17,0.018
cube,GCIVL,3,rank,0.9242,0.0772,0.0
cube,GCIVL,3,clip_std,0.2429,0.2331,0.0
cube,GCIVL,4,raw,0.2528,0.3325,0.3762
cube,GCIVL,4,zscore,0.1847,0.2152,0.0113
cube,GCIVL,4,rank,0.9242,0.0772,0.0
cube,GCIVL,4,clip_std,0.2284,0.2619,0.0
cube,GCIVL,5,raw,0.6443,0.0804,0.9271
cube,GCIVL,5,zscore,0.364,0.1783,0.0
cube,GCIVL,5,rank,0.9242,0.0772,0.0
cube,GCIVL,5,clip_std,0.2589,0.2448,0.0
cube,GCIVL,6,raw,0.6864,0.0741,0.9629
cube,GCIVL,6,zscore,0.178,0.2354,0.0276
cube,GCIVL,6,rank,0.9242,0.0772,0.0
cube,GCIVL,6,clip_std,0.2077,0.2828,0.0
cube,GCIVL,7,raw,0.5793,0.0931,0.8428
cube,GCIVL,7,zscore,0.2882,0.1729,0.012
cube,GCIVL,7,rank,0.9242,0.0772,0.0
cube,GCIVL,7,clip_std,0.2335,0.2374,0.0
cube,GCIVL,8,raw,0.4755,0.1196,0.7574
cube,GCIVL,8,zscore,0.1654,0.2369,0.0276
cube,GCIVL,8,rank,0.9242,0.0772,0.0
cube,GCIVL,8,clip_std,0.2129,0.2816,0.0
cube,GCIVL,9,raw,0.7069,0.0719,0.9677
cube,GCIVL,9,zscore,0.2838,0.1802,0.0178
cube,GCIVL,9,rank,0.9242,0.0772,0.0
cube,GCIVL,9,clip_std,0.236,0.2474,0.0
cube,GCIVL,10,raw,0.6363,0.0811,0.9354
cube,GCIVL,10,zscore,0.1902,0.2271,0.0167
cube,GCIVL,10,rank,0.9242,0.0772,0.0
cube,GCIVL,10,clip_std,0.2093,0.2804,0.0
cube,GCIVL,11,raw,0.3883,0.1539,0.7023
cube,GCIVL,11,zscore,0.2123,0.2061,0.0344
cube,GCIVL,11,rank,0.9242,0.0772,0.0
cube,GCIVL,11,clip_std,0.2471,0.2585,0.0
cube,GCIVL,12,raw,0.2246,0.3958,0.3541
cube,GCIVL,12,zscore,0.1874,0.2305,0.0222
cube,GCIVL,12,rank,0.9242,0.0772,0.0
cube,GCIVL,12,clip_std,0.2076,0.2819,0.0
cube,GCIVL,13,raw,0.6694,0.0766,0.9519
cube,GCIVL,13,zscore,0.4941,0.1623,0.0
cube,GCIVL,13,rank,0.9242,0.0772,0.0
cube,GCIVL,13,clip_std,0.2454,0.239,0.0
cube,GCIVL,14,raw,0.6785,0.0751,0.9598
cube,GCIVL,14,zscore,0.165,0.2301,0.039
cube,GCIVL,14,rank,0.9242,0.0772,0.0
cube,GCIVL,14,clip_std,0.217,0.2754,0.0
cube,GCIVL,15,raw,0.5995,0.0883,0.8816
cube,GCIVL,15,zscore,0.4001,0.1717,0.0
cube,GCIVL,15,rank,0.9242,0.0772,0.0
cube,GCIVL,15,clip_std,0.2671,0.2408,0.0
cube,GCIVL,16,raw,0.6037,0.0872,0.8944
cube,GCIVL,16,zscore,0.1682,0.2239,0.0449
cube,GCIVL,16,rank,0.9242,0.0772,0.0
cube,GCIVL,16,clip_std,0.2206,0.2696,0.0
cube,GCIVL,17,raw,0.6854,0.0745,0.9564
cube,GCIVL,17,zscore,0.3814,0.1771,0.0059
cube,GCIVL,17,rank,0.9242,0.0772,0.0
cube,GCIVL,17,clip_std,0.2582,0.2461,0.0
cube,GCIVL,18,raw,0.6645,0.077,0.9549
cube,GCIVL,18,zscore,0.1902,0.2285,0.0167
cube,GCIVL,18,rank,0.9242,0.0772,0.0
cube,GCIVL,18,clip_std,0.2078,0.2814,0.0
cube,GCIVL,19,raw,0.1591,0.4905,0.2878
cube,GCIVL,19,zscore,0.3126,0.1933,0.0058
cube,GCIVL,19,rank,0.9242,0.0772,0.0
cube,GCIVL,19,clip_std,0.2594,0.2559,0.0
cube,GCIVL,20,raw,0.3953,0.1555,0.6474
cube,GCIVL,20,zscore,0.1883,0.2259,0.0168
cube,GCIVL,20,rank,0.9242,0.0772,0.0
cube,GCIVL,20,clip_std,0.2113,0.2789,0.0
cube,GCIVL,21,raw,0.5766,0.0898,0.9282
cube,GCIVL,21,zscore,0.1976,0.229,0.0388
cube,GCIVL,21,rank,0.9242,0.0772,0.0
cube,GCIVL,21,clip_std,0.254,0.2739,0.0
cube,GCIVL,22,raw,0.6844,0.0744,0.9625
cube,GCIVL,22,zscore,0.1608,0.2351,0.0332
cube,GCIVL,22,rank,0.9242,0.0772,0.0
cube,GCIVL,22,clip_std,0.2155,0.2788,0.0
cube,GCIVL,23,raw,0.5291,0.105,0.7896
cube,GCIVL,23,zscore,0.2839,0.1785,0.0119
cube,GCIVL,23,rank,0.9242,0.0772,0.0
cube,GCIVL,23,clip_std,0.2448,0.2425,0.0
cube,GCIVL,24,raw,0.5416,0.0997,0.8444
cube,GCIVL,24,zscore,0.1838,0.2326,0.0222
cube,GCIVL,24,rank,0.9242,0.0772,0.0
cube,GCIVL,24,clip_std,0.2077,0.2823,0.0
cube,GCIVL,25,raw,0.712,0.0712,0.971
cube,GCIVL,25,zscore,0.3698,0.1585,0.0061
cube,GCIVL,25,rank,0.9242,0.0772,0.0
cube,GCIVL,25,clip_std,0.2627,0.2268,0.0
cube,GCIVL,26,raw,0.6324,0.0823,0.9193
cube,GCIVL,26,zscore,0.2443,0.2021,0.0058
cube,GCIVL,26,rank,0.9242,0.0772,0.0
cube,GCIVL,26,clip_std,0.2346,0.2575,0.0
cube,GCIVL,27,raw,0.3261,0.2151,0.5011
cube,GCIVL,27,zscore,0.3015,0.1897,0.0
cube,GCIVL,27,rank,0.9242,0.0772,0.0
cube,GCIVL,27,clip_std,0.2496,0.2509,0.0
cube,GCIVL,28,raw,0.1285,0.4388,0.1729
cube,GCIVL,28,zscore,0.1716,0.2376,0.0276
cube,GCIVL,28,rank,0.9242,0.0772,0.0
cube,GCIVL,28,clip_std,0.2099,0.2831,0.0
cube,GCIVL,29,raw,0.6799,0.0754,0.9486
cube,GCIVL,29,zscore,0.2641,0.1812,0.0237
cube,GCIVL,29,rank,0.9242,0.0772,0.0
cube,GCIVL,29,clip_std,0.2418,0.2459,0.0
cube,GCIVL,30,raw,0.68,0.0749,0.9631
cube,GCIVL,30,zscore,0.1895,0.2236,0.0112
cube,GCIVL,30,rank,0.9242,0.0772,0.0
cube,GCIVL,30,clip_std,0.2139,0.2768,0.0
cube,GCIVL,31,raw,0.5005,0.1052,0.8991
cube,GCIVL,31,zscore,0.2531,0.2323,0.0222
cube,GCIVL,31,rank,0.9242,0.0772,0.0
cube,GCIVL,31,clip_std,0.2463,0.2987,0.0
cube,GCIVL,32,raw,0.606,0.0864,0.9064
cube,GCIVL,32,zscore,0.1754,0.2368,0.0276
cube,GCIVL,32,rank,0.9242,0.0772,0.0
cube,GCIVL,32,clip_std,0.2085,0.2831,0.0
cube,GCIVL,33,raw,0.7049,0.0721,0.968
cube,GCIVL,33,zscore,0.3319,0.1687,0.012
cube,GCIVL,33,rank,0.9242,0.0772,0.0
cube,GCIVL,33,clip_std,0.2324,0.2399,0.0
cube,GCIVL,34,raw,0.6504,0.079,0.9475
cube,GCIVL,34,zscore,0.1884,0.2248,0.0168
cube,GCIVL,34,rank,0.9242,0.0772,0.0
cube,GCIVL,34,clip_std,0.2126,0.2778,0.0
cube,GCIVL,35,raw,0.1278,0.416,0.0897
cube,GCIVL,35,zscore,0.3007,0.2193,0.0113
cube,GCIVL,35,rank,0.9242,0.0772,0.0
cube,GCIVL,35,clip_std,0.2463,0.2919,0.0
cube,GCIVL,36,raw,0.3741,0.1697,0.6023
cube,GCIVL,36,zscore,0.1774,0.2358,0.0276
cube,GCIVL,36,rank,0.9242,0.0772,0.0
cube,GCIVL,36,clip_std,0.2081,0.2828,0.0
cube,GCIVL,37,raw,0.6515,0.0796,0.9264
cube,GCIVL,37,zscore,0.3067,0.1661,0.0121
cube,GCIVL,37,rank,0.9242,0.0772,0.0
cube,GCIVL,37,clip_std,0.2405,0.2332,0.0
cube,GCIVL,38,raw,0.6958,0.0729,0.9708
cube,GCIVL,38,zscore,0.1777,0.218,0.0226
cube,GCIVL,38,rank,0.9242,0.0772,0.0
cube,GCIVL,38,clip_std,0.227,0.264,0.0
cube,GCIVL,39,raw,0.5586,0.0966,0.846
cube,GCIVL,39,zscore,0.356,0.1838,0.0
cube,GCIVL,39,rank,0.9242,0.0772,0.0
cube,GCIVL,39,clip_std,0.244,0.2509,0.0
cube,GCIVL,40,raw,0.5301,0.1027,0.8287
cube,GCIVL,40,zscore,0.1899,0.2274,0.0167
cube,GCIVL,40,rank,0.9242,0.0772,0.0
cube,GCIVL,40,clip_std,0.209,0.2806,0.0
cube,GCIVL,41,raw,0.6333,0.0805,0.9606
cube,GCIVL,41,zscore,0.2784,0.2127,0.0114
cube,GCIVL,41,rank,0.9242,0.0772,0.0
cube,GCIVL,41,clip_std,0.2475,0.278,0.0
cube,GCIVL,42,raw,0.6497,0.0792,0.9425
cube,GCIVL,42,zscore,0.166,0.2374,0.0276
cube,GCIVL,42,rank,0.9242,0.0772,0.0
cube,GCIVL,42,clip_std,0.212,0.2822,0.0
cube,GCIVL,43,raw,0.4319,0.1415,0.6509
cube,GCIVL,43,zscore,0.3349,0.1797,0.0
cube,GCIVL,43,rank,0.9242,0.0772,0.0
cube,GCIVL,43,clip_std,0.2206,0.2533,0.0
cube,GCIVL,44,raw,0.148,0.4633,0.2275
cube,GCIVL,44,zscore,0.1652,0.2291,0.039
cube,GCIVL,44,rank,0.9242,0.0772,0.0
cube,GCIVL,44,clip_std,0.2177,0.2742,0.0
cube,GCIVL,45,raw,0.6841,0.0747,0.9554
cube,GCIVL,45,zscore,0.3071,0.1811,0.0118
cube,GCIVL,45,rank,0.9242,0.0772,0.0
cube,GCIVL,45,clip_std,0.2481,0.2462,0.0
cube,GCIVL,46,raw,0.6676,0.0766,0.9561
cube,GCIVL,46,zscore,0.1881,0.2299,0.0222
cube,GCIVL,46,rank,0.9242,0.0772,0.0
cube,GCIVL,46,clip_std,0.2076,0.2818,0.0
cube,GCIVL,47,raw,0.6121,0.0863,0.8865
cube,GCIVL,47,zscore,0.3992,0.1637,0.0
cube,GCIVL,47,rank,0.9242,0.0772,0.0
cube,GCIVL,47,clip_std,0.24,0.2348,0.0
cube,GCIVL,48,raw,0.5738,0.0923,0.8818
cube,GCIVL,48,zscore,0.1909,0.2281,0.0167
cube,GCIVL,48,rank,0.9242,0.0772,0.0
cube,GCIVL,48,clip_std,0.2081,0.2813,0.0
cube,GCIVL,49,raw,0.6782,0.0752,0.958
cube,GCIVL,49,zscore,0.3551,0.1767,0.0
cube,GCIVL,49,rank,0.9242,0.0772,0.0
cube,GCIVL,49,clip_std,0.2335,0.2481,0.0
cube,GCIVL,50,raw,0.6676,0.0767,0.9497
cube,GCIVL,50,zscore,0.1697,0.2218,0.0394
cube,GCIVL,50,rank,0.9242,0.0772,0.0
cube,GCIVL,50,clip_std,0.2228,0.2676,0.0
cube,GCIVL,51,raw,0.1849,0.4484,0.2483
cube,GCIVL,51,zscore,0.3336,0.1825,0.0059
cube,GCIVL,51,rank,0.9242,0.0772,0.0
cube,GCIVL,51,clip_std,0.2558,0.2449,0.0
cube,GCIVL,52,raw,0.4527,0.1284,0.723
cube,GCIVL,52,zscore,0.1611,0.236,0.0332
cube,GCIVL,52,rank,0.9242,0.0772,0.0
cube,GCIVL,52,clip_std,0.2146,0.2798,0.0
cube,GCIVL,53,raw,0.6622,0.0777,0.9394
cube,GCIVL,53,zscore,0.2976,0.1821,0.0059
cube,GCIVL,53,rank,0.9242,0.0772,0.0
cube,GCIVL,53,clip_std,0.2431,0.2475,0.0
cube,GCIVL,54,raw,0.6833,0.0745,0.9639
cube,GCIVL,54,zscore,0.189,0.2263,0.0168
cube,GCIVL,54,rank,0.9242,0.0772,0.0
cube,GCIVL,54,clip_std,0.2105,0.2795,0.0
cube,GCIVL,55,raw,0.425,0.132,0.7867
cube,GCIVL,55,zscore,0.2827,0.2014,0.0173
cube,GCIVL,55,rank,0.9242,0.0772,0.0
cube,GCIVL,55,clip_std,0.2642,0.2673,0.0
cube,GCIVL,56,raw,0.5693,0.0942,0.859
cube,GCIVL,56,zscore,0.2189,0.2063,0.0172
cube,GCIVL,56,rank,0.9242,0.0772,0.0
cube,GCIVL,56,clip_std,0.2354,0.2575,0.0
cube,GCIVL,57,raw,0.6982,0.0727,0.9679
cube,GCIVL,57,zscore,0.2602,0.1958,0.0174
cube,GCIVL,57,rank,0.9242,0.0772,0.0
cube,GCIVL,57,clip_std,0.2334,0.2554,0.0
cube,GCIVL,58,raw,0.6326,0.0817,0.9327
cube,GCIVL,58,zscore,0.1822,0.2334,0.0222
cube,GCIVL,58,rank,0.9242,0.0772,0.0
cube,GCIVL,58,clip_std,0.2078,0.2824,0.0
cube,GCIVL,59,raw,0.2724,0.2903,0.4246
cube,GCIVL,59,zscore,0.3927,0.154,0.0122
cube,GCIVL,59,rank,0.9242,0.0772,0.0
cube,GCIVL,59,clip_std,0.2755,0.2231,0.0
cube,GCIVL,60,raw,0.9918,0.058,0.0
cube,GCIVL,60,zscore,0.1897,0.2234,0.0112
cube,GCIVL,60,rank,0.9242,0.0772,0.0
cube,GCIVL,60,clip_std,0.214,0.2766,0.0
cube,GCIVL,61,raw,0.5744,0.0897,0.94
cube,GCIVL,61,zscore,0.2854,0.2113,0.0114
cube,GCIVL,61,rank,0.9242,0.0772,0.0
cube,GCIVL,61,clip_std,0.2329,0.2873,0.0
cube,GCIVL,62,raw,0.675,0.0756,0.9589
cube,GCIVL,62,zscore,0.1706,0.2376,0.0276
cube,GCIVL,62,rank,0.9242,0.0772,0.0
cube,GCIVL,62,clip_std,0.2107,0.2829,0.0
cube,GCIVL,63,raw,0.638,0.0816,0.9141
cube,GCIVL,63,zscore,0.315,0.1755,0.006
cube,GCIVL,63,rank,0.9242,0.0772,0.0
cube,GCIVL,63,clip_std,0.2401,0.241,0.0
cube,QRL,0,raw,0.5373,0.0965,0.9271
cube,QRL,0,zscore,0.0744,0.369,0.1586
cube,QRL,0,rank,0.9242,0.0772,0.0
cube,QRL,0,clip_std,0.2058,0.3179,0.0
cube,QRL,1,raw,0.1328,0.4369,0.1647
cube,QRL,1,zscore,0.1938,0.2392,0.0215
cube,QRL,1,rank,0.9242,0.0772,0.0
cube,QRL,1,clip_std,0.3324,0.2386,0.0
cube,QRL,2,raw,0.458,0.1177,0.8548
cube,QRL,2,zscore,0.0757,0.3688,0.1435
cube,QRL,2,rank,0.9242,0.0772,0.0
cube,QRL,2,clip_std,0.2208,0.3092,0.0
cube,QRL,3,raw,0.5666,0.0904,0.9524
cube,QRL,3,zscore,0.0765,0.3751,0.1424
cube,QRL,3,rank,0.9242,0.0772,0.0
cube,QRL,3,clip_std,0.1457,0.3683,0.0
cube,QRL,4,raw,0.5768,0.0885,0.959
cube,QRL,4,zscore,0.0792,0.3646,0.1298
cube,QRL,4,rank,0.9242,0.0772,0.0
cube,QRL,4,clip_std,0.2322,0.3047,0.0
cube,QRL,5,raw,0.4771,0.1118,0.8767
cube,QRL,5,zscore,0.0716,0.3792,0.1694
cube,QRL,5,rank,0.9242,0.0772,0.0
cube,QRL,5,clip_std,0.1336,0.3756,0.0
cube,QRL,6,raw,0.2331,0.3102,0.4954
cube,QRL,6,zscore,0.0737,0.3696,0.1779
cube,QRL,6,rank,0.9242,0.0772,0.0
cube,QRL,6,clip_std,0.1926,0.329,0.0
cube,QRL,7,raw,0.5366,0.0964,0.9342
cube,QRL,7,zscore,0.0832,0.3409,0.1324
cube,QRL,7,rank,0.9242,0.0772,0.0
cube,QRL,7,clip_std,0.1948,0.3193,0.0
cube,QRL,8,raw,0.558,0.0922,0.9433
cube,QRL,8,zscore,0.0767,0.369,0.1336
cube,QRL,8,rank,0.9242,0.0772,0.0
cube,QRL,8,clip_std,0.2293,0.305,0.0
cube,QRL,9,raw,0.3653,0.1577,0.7445
cube,QRL,9,zscore,0.0796,0.3822,0.1205
cube,QRL,9,rank,0.9242,0.0772,0.0
cube,QRL,9,clip_std,0.1606,0.3643,0.0
cube,QRL,10,raw,0.5151,0.1015,0.9127
cube,QRL,10,zscore,0.0757,0.3668,0.1588
cube,QRL,10,rank,0.9242,0.0772,0.0
cube,QRL,10,clip_std,0.2095,0.3154,0.0
cube,QRL,11,raw,0.5897,0.0863,0.9643
cube,QRL,11,zscore,0.1358,0.273,0.0621
cube,QRL,11,rank,0.9242,0.0772,0.0
cube,QRL,11,clip_std,0.2908,0.2584,0.0
cube,QRL,12,raw,0.5602,0.0915,0.9506
cube,QRL,12,zscore,0.0824,0.3673,0.1411
cube,QRL,12,rank,0.9242,0.0772,0.0
cube,QRL,12,clip_std,0.1784,0.3476,0.0
cube,QRL,13,raw,0.4349,0.1254,0.8364
cube,QRL,13,zscore,0.1166,0.2727,0.0802
cube,QRL,13,rank,0.9242,0.0772,0.0
cube,QRL,13,clip_std,0.2326,0.2755,0.0
cube,QRL,14,raw,0.0841,0.3925,0.202
cube,QRL,14,zscore,0.0788,0.3655,0.1296
cube,QRL,14,rank,0.9242,0.0772,0.0
cube,QRL,14,clip_std,0.2319,0.3043,0.0
cube,QRL,15,raw,0.5272,0.0989,0.9168
cube,QRL,15,zscore,0.0726,0.3677,0.1765
cube,QRL,15,rank,0.9242,0.0772,0.0
cube,QRL,15,clip_std,0.1562,0.348,0.0
cube,QRL,16,raw,0.5216,0.1002,0.9147
cube,QRL,16,zscore,0.0775,0.3676,0.1293
cube,QRL,16,rank,0.9242,0.0772,0.0
cube,QRL,16,clip_std,0.2299,0.3051,0.0
cube,QRL,17,raw,0.1223,0.2379,0.0742
cube,QRL,17,zscore,0.0738,0.3688,0.1561
cube,QRL,17,rank,0.9242,0.0772,0.0
cube,QRL,17,clip_std,0.1641,0.344,0.0
cube,QRL,18,raw,0.4042,0.138,0.7931
cube,QRL,18,zscore,0.0779,0.3706,0.1543
cube,QRL,18,rank,0.9242,0.0772,0.0
cube,QRL,18,clip_std,0.1849,0.3379,0.0
cube,QRL,19,raw,0.5681,0.0903,0.9486
cube,QRL,19,zscore,0.0991,0.2977,0.1128
cube,QRL,19,rank,0.9242,0.0772,0.0
cube,QRL,19,clip_std,0.2456,0.2762,0.0
cube,QRL,20,raw,0.5829,0.0874,0.9625
cube,QRL,20,zscore,0.0758,0.3688,0.1436
cube,QRL,20,rank,0.9242,0.0772,0.0
cube,QRL,20,clip_std,0.22,0.3096,0.0
cube,QRL,21,raw,0.5109,0.1028,0.9046
cube,QRL,21,zscore,0.1404,0.2643,0.0575
cube,QRL,21,rank,0.9242,0.0772,0.0
cube,QRL,21,clip_std,0.3158,0.2484,0.0
cube,QRL,22,raw,0.3537,0.1653,0.7207
cube,QRL,22,zscore,0.0753,0.3713,0.1286
cube,QRL,22,rank,0.9242,0.0772,0.0
cube,QRL,22,clip_std,0.228,0.3056,0.0
cube,QRL,23,raw,0.5522,0.093,0.9468
cube,QRL,23,zscore,0.0825,0.3676,0.1241
cube,QRL,23,rank,0.9242,0.0772,0.0
cube,QRL,23,clip_std,0.1594,0.3615,0.0
cube,QRL,24,raw,0.5467,0.0941,0.9423
cube,QRL,24,zscore,0.0771,0.3681,0.1594
cube,QRL,24,rank,0.9242,0.0772,0.0
cube,QRL,24,clip_std,0.1903,0.334,0.0
cube,QRL,25,raw,0.3135,0.1971,0.6442
cube,QRL,25,zscore,0.0872,0.3168,0.1266
cube,QRL,25,rank,0.9242,0.0772,0.0
cube,QRL,25,clip_std,0.1964,0.302,0.0
cube,QRL,26,raw,0.483,0.1099,0.8917
cube,QRL,26,zscore,0.0803,0.3621,0.1442
cube,QRL,26,rank,0.9242,0.0772,0.0
cube,QRL,26,clip_std,0.234,0.3039,0.0
cube,QRL,27,raw,0.5749,0.0888,0.961
cube,QRL,27,zscore,0.0706,0.3823,0.1811
cube,QRL,27,rank,0.9242,0.0772,0.0
cube,QRL,27,clip_std,0.1466,0.3587,0.0
cube,QRL,28,raw,0.5733,0.0891,0.9557
cube,QRL,28,zscore,0.0755,0.371,0.1288
cube,QRL,28,rank,0.9242,0.0772,0.0
cube,QRL,28,clip_std,0.2264,0.3064,0.0
cube,QRL,29,raw,0.4568,0.1181,0.8579
cube,QRL,29,zscore,0.07,0.401,0.1737
cube,QRL,29,rank,0.9242,0.0772,0.0
cube,QRL,29,clip_std,0.1372,0.3854,0.0
cube,QRL,30,raw,0.1938,0.4179,0.4131
cube,QRL,30,zscore,0.0722,0.3708,0.181
cube,QRL,30,rank,0.9242,0.0772,0.0
cube,QRL,30,clip_std,0.1954,0.3254,0.0
cube,QRL,31,raw,0.5569,0.0926,0.9383
cube,QRL,31,zscore,0.1872,0.2361,0.0378
cube,QRL,31,rank,0.9242,0.0772,0.0
cube,QRL,31,clip_std,0.3268,0.2394,0.0
cube,QRL,32,raw,0.5401,0.096,0.9276
cube,QRL,32,zscore,0.0758,0.3696,0.1384
cube,QRL,32,rank,0.9242,0.0772,0.0
cube,QRL,32,clip_std,0.2239,0.3074,0.0
cube,QRL,33,raw,0.1749,0.4725,0.4046
cube,QRL,33,zscore,0.068,0.3854,0.1915
cube,QRL,33,rank,0.9242,0.0772,0.0
cube,QRL,33,clip_std,0.1399,0.3687,0.0
cube,QRL,34,raw,0.47,0.114,0.8677
cube,QRL,34,zscore,0.0735,0.3702,0.1724
cube,QRL,34,rank,0.9242,0.0772,0.0
cube,QRL,34,clip_std,0.2036,0.3194,0.0
cube,QRL,35,raw,0.5856,0.0872,0.9573
cube,QRL,35,zscore,0.1832,0.2396,0.0384
cube,QRL,35,rank,0.9242,0.0772,0.0
cube,QRL,35,clip_std,0.2939,0.2508,0.0
cube,QRL,36,raw,0.5746,0.0887,0.9616
cube,QRL,36,zscore,0.0753,0.368,0.1689
cube,QRL,36,rank,0.9242,0.0772,0.0
cube,QRL,36,clip_std,0.1919,0.3302,0.0
cube,QRL,37,raw,0.4866,0.1089,0.8881
cube,QRL,37,zscore,0.09,0.3307,0.1192
cube,QRL,37,rank,0.9242,0.0772,0.0
cube,QRL,37,clip_std,0.1907,0.3225,0.0
cube,QRL,38,raw,0.2843,0.2349,0.5352
cube,QRL,38,zscore,0.08,0.3631,0.1393
cube,QRL,38,rank,0.9242,0.0772,0.0
cube,QRL,38,clip_std,0.233,0.3044,0.0
cube,QRL,39,raw,0.5536,0.0932,0.9362
cube,QRL,39,zscore,0.0702,0.3847,0.1878
cube,QRL,39,rank,0.9242,0.0772,0.0
cube,QRL,39,clip_std,0.1747,0.3416,0.0
cube,QRL,40,raw,0.5574,0.0923,0.9432
cube,QRL,40,zscore,0.0758,0.3671,0.1537
cube,QRL,40,rank,0.9242,0.0772,0.0
cube,QRL,40,clip_std,0.2141,0.3125,0.0
cube,QRL,41,raw,0.3307,0.1854,0.654
cube,QRL,41,zscore,0.1516,0.2478,0.0487
cube,QRL,41,rank,0.9242,0.0772,0.0
cube,QRL,41,clip_std,0.2927,0.2489,0.0
cube,QRL,42,raw,0.5038,0.1044,0.9034
cube,QRL,42,zscore,0.0764,0.3695,0.1336
cube,QRL,42,rank,0.9242,0.0772,0.0
cube,QRL,42,clip_std,0.2291,0.3052,0.0
cube,QRL,43,raw,0.5786,0.088,0.9638
cube,QRL,43,zscore,0.0781,0.3788,0.1488
cube,QRL,43,rank,0.9242,0.0772,0.0
cube,QRL,43,clip_std,0.168,0.3543,0.0
cube,QRL,44,raw,0.5636,0.091,0.9451
cube,QRL,44,zscore,0.0787,0.366,0.1296
cube,QRL,44,rank,0.9242,0.0772,0.0
cube,QRL,44,clip_std,0.2315,0.3048,0.0
cube,QRL,45,raw,0.4078,0.1375,0.7893
cube,QRL,45,zscore,0.0733,0.3834,0.1571
cube,QRL,45,rank,0.9242,0.0772,0.0
cube,QRL,45,clip_std,0.1642,0.3519,0.0
cube,QRL,46,raw,0.2381,0.1245,0.035
cube,QRL,46,zscore,0.0767,0.3739,0.1627
cube,QRL,46,rank,0.9242,0.0772,0.0
cube,QRL,46,clip_std,0.183,0.3417,0.0
cube,QRL,47,raw,0.5285,0.0988,0.9121
cube,QRL,47,zscore,0.1097,0.2811,0.0997
cube,QRL,47,rank,0.9242,0.0772,0.0
cube,QRL,47,clip_std,0.2557,0.2696,0.0
cube,QRL,48,raw,0.5265,0.0988,0.9232
cube,QRL,48,zscore,0.0789,0.3696,0.1497
cube,QRL,48,rank,0.9242,0.0772,0.0
cube,QRL,48,clip_std,0.1832,0.3408,0.0
cube,QRL,49,raw,0.1115,0.469,0.2069
cube,QRL,49,zscore,0.1001,0.3096,0.1057
cube,QRL,49,rank,0.9242,0.0772,0.0
cube,QRL,49,clip_std,0.2427,0.2834,0.0
cube,QRL,50,raw,0.4185,0.1315,0.8176
cube,QRL,50,zscore,0.0776,0.3678,0.1293
cube,QRL,50,rank,0.9242,0.0772,0.0
cube,QRL,50,clip_std,0.2296,0.3055,0.0
cube,QRL,51,raw,0.569,0.09,0.9523
cube,QRL,51,zscore,0.079,0.3576,0.1454
cube,QRL,51,rank,0.9242,0.0772,0.0
cube,QRL,51,clip_std,0.1562,0.3512,0.0
cube,QRL,52,raw,0.5821,0.0875,0.9624
cube,QRL,52,zscore,0.0758,0.3706,0.1334
cube,QRL,52,rank,0.9242,0.0772,0.0
cube,QRL,52,clip_std,0.2277,0.3057,0.0
cube,QRL,53,raw,0.5008,0.105,0.9011
cube,QRL,53,zscore,0.0798,0.3719,0.1151
cube,QRL,53,rank,0.9242,0.0772,0.0
cube,QRL,53,clip_std,0.1368,0.38,0.0
cube,QRL,54,raw,0.3839,0.1484,0.7618
cube,QRL,54,zscore,0.0755,0.3679,0.1533
cube,QRL,54,rank,0.9242,0.0772,0.0
cube,QRL,54,clip_std,0.2163,0.3113,0.0
cube,QRL,55,raw,0.572,0.0897,0.9481
cube,QRL,55,zscore,0.1247,0.2755,0.0785
cube,QRL,55,rank,0.9242,0.0772,0.0
cube,QRL,55,clip_std,0.2767,0.2635,0.0
cube,QRL,56,raw,0.5472,0.0943,0.9366
cube,QRL,56,zscore,0.0799,0.3632,0.1393
cube,QRL,56,rank,0.9242,0.0772,0.0
cube,QRL,56,clip_std,0.2335,0.3041,0.0
cube,QRL,57,raw,0.2415,0.2884,0.524
cube,QRL,57,zscore,0.0694,0.3946,0.171
cube,QRL,57,rank,0.9242,0.0772,0.0
cube,QRL,57,clip_std,0.1308,0.3838,0.0
cube,QRL,58,raw,0.4785,0.1109,0.883
cube,QRL,58,zscore,0.0775,0.3655,0.165
cube,QRL,58,rank,0.9242,0.0772,0.0
cube,QRL,58,clip_std,0.189,0.3339,0.0
cube,QRL,59,raw,0.5724,0.0893,0.956
cube,QRL,59,zscore,0.0987,0.3083,0.1157
cube,QRL,59,rank,0.9242,0.0772,0.0
cube,QRL,59,clip_std,0.2506,0.2817,0.0
cube,QRL,60,raw,0.5711,0.0895,0.954
cube,QRL,60,zscore,0.0725,0.3703,0.182
cube,QRL,60,rank,0.9242,0.0772,0.0
cube,QRL,60,clip_std,0.1978,0.3239,0.0
cube,QRL,61,raw,0.4527,0.1199,0.8417
cube,QRL,61,zscore,0.1568,0.2539,0.0478
cube,QRL,61,rank,0.9242,0.0772,0.0
cube,QRL,61,clip_std,0.3244,0.2459,0.0
cube,QRL,62,raw,0.148,0.5147,0.333
cube,QRL,62,zscore,0.0759,0.3698,0.1384
cube,QRL,62,rank,0.9242,0.0772,0.0
cube,QRL,62,clip_std,0.225,0.307,0.0
cube,QRL,63,raw,0.5268,0.0986,0.9253
cube,QRL,63,zscore,0.075,0.3868,0.1442
cube,QRL,63,rank,0.9242,0.0772,0.0
cube,QRL,63,clip_std,0.1524,0.3694,0.0
scene,CRL,0,raw,0.3237,0.1564,0.9755
scene,CRL,0,zscore,0.2731,0.2996,0.0
scene,CRL,0,rank,0.9242,0.0772,0.0
scene,CRL,0,clip_std,0.3453,0.2856,0.0
scene,CRL,1,raw,0.0081,0.9474,0.0
scene,CRL,1,zscore,0.675,0.0995,0.0
scene,CRL,1,rank,0.9242,0.0772,0.0
scene,CRL,1,clip_std,0.675,0.0995,0.0
scene,CRL,2,raw,0.2959,0.1755,0.9249
scene,CRL,2,zscore,0.2232,0.3042,0.0
scene,CRL,2,rank,0.9242,0.0772,0.0
scene,CRL,2,clip_std,0.349,0.2793,0.0
scene,CRL,3,raw,0.2997,0.1688,0.9764
scene,CRL,3,zscore,0.3068,0.2913,0.0
scene,CRL,3,rank,0.9242,0.0772,0.0
scene,CRL,3,clip_std,0.3532,0.2829,0.0
scene,CRL,4,raw,0.3402,0.1486,0.9771
scene,CRL,4,zscore,0.218,0.3057,0.0
scene,CRL,4,rank,0.9242,0.0772,0.0
scene,CRL,4,clip_std,0.3472,0.2804,0.0
scene,CRL,5,raw,0.2775,0.1846,0.9534
scene,CRL,5,zscore,0.322,0.2831,0.0
scene,CRL,5,rank,0.9242,0.0772,0.0
scene,CRL,5,clip_std,0.3582,0.2766,0.0
scene,CRL,6,raw,0.2204,0.2518,0.8135
scene,CRL,6,zscore,0.2266,0.3053,0.0
scene,CRL,6,rank,0.9242,0.0772,0.0
scene,CRL,6,clip_std,0.3474,0.2808,0.0
scene,CRL,7,raw,1.0,0.05,0.0
scene,CRL,7,zscore,0.7062,0.0975,0.0
scene,CRL,7,rank,0.9242,0.0772,0.0
scene,CRL,7,clip_std,0.7062,0.0975,0.0
scene,CRL,8,raw,0.3219,0.1589,0.9564
scene,CRL,8,zscore,0.2227,0.304,0.0
scene,CRL,8,rank,0.9242,0.0772,0.0
scene,CRL,8,clip_std,0.349,0.2792,0.0
scene,CRL,9,raw,0.428,0.2334,0.0
scene,CRL,9,zscore,0.2792,0.2968,0.0
scene,CRL,9,rank,0.9242,0.0772,0.0
scene,CRL,9,clip_std,0.3463,0.2849,0.0
scene,CRL,10,raw,0.3171,0.1607,0.9629
scene,CRL,10,zscore,0.2543,0.3041,0.0
scene,CRL,10,rank,0.9242,0.0772,0.0
scene,CRL,10,clip_std,0.3424,0.2858,0.0
scene,CRL,11,raw,0.0167,0.9999,0.7548
scene,CRL,11,zscore,0.6592,0.0924,0.0
scene,CRL,11,rank,0.9242,0.0772,0.0
scene,CRL,11,clip_std,0.6592,0.0924,0.0
scene,CRL,12,raw,0.3344,0.1513,0.9766
scene,CRL,12,zscore,0.2372,0.3062,0.0
scene,CRL,12,rank,0.9242,0.0772,0.0
scene,CRL,12,clip_std,0.3438,0.2838,0.0
scene,CRL,13,raw,0.4,0.125,1.0
scene,CRL,13,zscore,0.7399,0.0965,0.0
scene,CRL,13,rank,0.9242,0.0772,0.0
scene,CRL,13,clip_std,0.7399,0.0965,0.0
scene,CRL,14,raw,0.2451,0.2201,0.8603
scene,CRL,14,zscore,0.2212,0.3044,0.0
scene,CRL,14,rank,0.9242,0.0772,0.0
scene,CRL,14,clip_std,0.3485,0.2795,0.0
scene,CRL,15,raw,0.1699,0.304,0.9461
scene,CRL,15,zscore,0.8272,0.0658,0.0
scene,CRL,15,rank,0.9242,0.0772,0.0
scene,CRL,15,clip_std,0.8272,0.0658,0.0
scene,CRL,16,raw,0.3303,0.154,0.9657
scene,CRL,16,zscore,0.2218,0.3042,0.0
scene,CRL,16,rank,0.9242,0.0772,0.0
scene,CRL,16,clip_std,0.3487,0.2794,0.0
scene,CRL,17,raw,0.0627,0.8545,0.7599
scene,CRL,17,zscore,0.8317,0.0621,0.0
scene,CRL,17,rank,0.9242,0.0772,0.0
scene,CRL,17,clip_std,0.8317,0.0621,0.0
scene,CRL,18,raw,0.3049,0.1691,0.9428
scene,CRL,18,zscore,0.2294,0.3057,0.0
scene,CRL,18,rank,0.9242,0.0772,0.0
scene,CRL,18,clip_std,0.3463,0.2817,0.0
scene,CRL,19,raw,0.2,0.25,1.0
scene,CRL,19,zscore,0.4193,0.1673,0.0
scene,CRL,19,rank,0.9242,0.0772,0.0
scene,CRL,19,clip_std,0.4193,0.1673,0.0
scene,CRL,20,raw,0.3361,0.1504,0.9792
scene,CRL,20,zscore,0.2398,0.3061,0.0
scene,CRL,20,rank,0.9242,0.0772,0.0
scene,CRL,20,clip_std,0.3432,0.2844,0.0
scene,CRL,21,raw,0.2537,0.1974,0.9958
scene,CRL,21,zscore,0.6364,0.1117,0.0
scene,CRL,21,rank,0.9242,0.0772,0.0
scene,CRL,21,clip_std,0.6364,0.1117,0.0
scene,CRL,22,raw,0.0995,0.6542,0.4406
scene,CRL,22,zscore,0.2228,0.304,0.0
scene,CRL,22,rank,0.9242,0.0772,0.0
scene,CRL,22,clip_std,0.3491,0.2792,0.0
scene,CRL,23,raw,0.3022,0.1683,0.9641
scene,CRL,23,zscore,0.2864,0.2951,0.0
scene,CRL,23,rank,0.9242,0.0772,0.0
scene,CRL,23,clip_std,0.3483,0.2846,0.0
scene,CRL,24,raw,0.3267,0.1561,0.962
scene,CRL,24,zscore,0.2255,0.3052,0.0
scene,CRL,24,rank,0.9242,0.0772,0.0
scene,CRL,24,clip_std,0.3476,0.2806,0.0
scene,CRL,25,raw,0.4,0.125,1.0
scene,CRL,25,zscore,0.4906,0.1482,0.0
scene,CRL,25,rank,0.9242,0.0772,0.0
scene,CRL,25,clip_std,0.4906,0.1482,0.0
scene,CRL,26,raw,0.3146,0.1633,0.9458
scene,CRL,26,zscore,0.2194,0.3051,0.0
scene,CRL,26,rank,0.9242,0.0772,0.0
scene,CRL,26,clip_std,0.3477,0.28,0.0
scene,CRL,27,raw,0.3033,0.1666,0.9782
scene,CRL,27,zscore,0.3072,0.283,0.0047
scene,CRL,27,rank,0.9242,0.0772,0.0
scene,CRL,27,clip_std,0.3584,0.2756,0.0
scene,CRL,28,raw,0.3356,0.1512,0.9707
scene,CRL,28,zscore,0.2244,0.3048,0.0
scene,CRL,28,rank,0.9242,0.0772,0.0
scene,CRL,28,clip_std,0.3484,0.28,0.0
scene,CRL,29,raw,0.2622,0.1976,0.9295
scene,CRL,29,zscore,0.3255,0.2843,0.0
scene,CRL,29,rank,0.9242,0.0772,0.0
scene,CRL,29,clip_std,0.3565,0.2784,0.0
scene,CRL,30,raw,0.2823,0.1841,0.9273
scene,CRL,30,zscore,0.2676,0.3012,0.0
scene,CRL,30,rank,0.9242,0.0772,0.0
scene,CRL,30,clip_std,0.3437,0.286,0.0
scene,CRL,31,raw,0.4541,0.1106,0.9924
scene,CRL,31,zscore,0.5661,0.1225,0.0
scene,CRL,31,rank,0.9242,0.0772,0.0
scene,CRL,31,clip_std,0.5661,0.1225,0.0
scene,CRL,32,raw,0.3337,0.1521,0.9694
scene,CRL,32,zscore,0.2235,0.3043,0.0
scene,CRL,32,rank,0.9242,0.0772,0.0
scene,CRL,32,clip_std,0.3489,0.2794,0.0
scene,CRL,33,raw,0.2534,0.2058,0.9186
scene,CRL,33,zscore,0.3089,0.2908,0.0
scene,CRL,33,rank,0.9242,0.0772,0.0
scene,CRL,33,clip_std,0.3535,0.2826,0.0
scene,CRL,34,raw,0.2809,0.185,0.9277
scene,CRL,34,zscore,0.2746,0.2989,0.0
scene,CRL,34,rank,0.9242,0.0772,0.0
scene,CRL,34,clip_std,0.3458,0.2853,0.0
scene,CRL,35,raw,0.6,0.0833,1.0
scene,CRL,35,zscore,0.7611,0.0782,0.0
scene,CRL,35,rank,0.9242,0.0772,0.0
scene,CRL,35,clip_std,0.7611,0.0782,0.0
scene,CRL,36,raw,0.34,0.1486,0.9785
scene,CRL,36,zscore,0.2286,0.3056,0.0
scene,CRL,36,rank,0.9242,0.0772,0.0
scene,CRL,36,clip_std,0.3466,0.2815,0.0
scene,CRL,37,raw,0.4,0.125,1.0
scene,CRL,37,zscore,0.5499,0.1263,0.0
scene,CRL,37,rank,0.9242,0.0772,0.0
scene,CRL,37,clip_std,0.5499,0.1263,0.0
scene,CRL,38,raw,0.1408,0.4487,0.6597
scene,CRL,38,zscore,0.2181,0.3056,0.0
scene,CRL,38,rank,0.9242,0.0772,0.0
scene,CRL,38,clip_std,0.3474,0.2803,0.0
scene,CRL,39,raw,0.2853,0.1782,0.9671
scene,CRL,39,zscore,0.3117,0.2817,0.0
scene,CRL,39,rank,0.9242,0.0772,0.0
scene,CRL,39,clip_std,0.3646,0.274,0.0
scene,CRL,40,raw,0.3224,0.1576,0.9684
scene,CRL,40,zscore,0.253,0.3043,0.0
scene,CRL,40,rank,0.9242,0.0772,0.0
scene,CRL,40,clip_std,0.3425,0.2857,0.0
scene,CRL,41,raw,0.2092,0.2444,0.9776
scene,CRL,41,zscore,0.4945,0.1489,0.0
scene,CRL,41,rank,0.9242,0.0772,0.0
scene,CRL,41,clip_std,0.4945,0.1489,0.0
scene,CRL,42,raw,0.3176,0.1614,0.9523
scene,CRL,42,zscore,0.2223,0.3041,0.0
scene,CRL,42,rank,0.9242,0.0772,0.0
scene,CRL,42,clip_std,0.349,0.2792,0.0
scene,CRL,43,raw,0.3193,0.158,0.9842
scene,CRL,43,zscore,0.2784,0.2972,0.0
scene,CRL,43,rank,0.9242,0.0772,0.0
scene,CRL,43,clip_std,0.3462,0.2849,0.0
scene,CRL,44,raw,0.3399,0.1488,0.9759
scene,CRL,44,zscore,0.2207,0.3046,0.0
scene,CRL,44,rank,0.9242,0.0772,0.0
scene,CRL,44,clip_std,0.3483,0.2797,0.0
scene,CRL,45,raw,0.2697,0.1906,0.9418
scene,CRL,45,zscore,0.3047,0.2808,0.0
scene,CRL,45,rank,0.9242,0.0772,0.0
scene,CRL,45,clip_std,0.3663,0.2709,0.0
scene,CRL,46,raw,0.2376,0.2292,0.8378
scene,CRL,46,zscore,0.2326,0.3061,0.0
scene,CRL,46,rank,0.9242,0.0772,0.0
scene,CRL,46,clip_std,0.3449,0.2827,0.0
scene,CRL,47,raw,1.0,0.05,0.0
scene,CRL,47,zscore,0.677,0.0968,0.0
scene,CRL,47,rank,0.9242,0.0772,0.0
scene,CRL,47,clip_std,0.677,0.0968,0.0
scene,CRL,48,raw,0.3314,0.1531,0.9721
scene,CRL,48,zscore,0.232,0.306,0.0
scene,CRL,48,rank,0.9242,0.0772,0.0
scene,CRL,48,clip_std,0.3453,0.2824,0.0
scene,CRL,49,raw,0.4,0.125,1.0
scene,CRL,49,zscore,0.5562,0.1096,0.0
scene,CRL,49,rank,0.9242,0.0772,0.0
scene,CRL,49,clip_std,0.5562,0.1096,0.0
scene,CRL,50,raw,0.3001,0.1727,0.9308
scene,CRL,50,zscore,0.2218,0.3042,0.0
scene,CRL,50,rank,0.9242,0.0772,0.0
scene,CRL,50,clip_std,0.3488,0.2793,0.0
scene,CRL,51,raw,0.1026,0.5611,0.7592
scene,CRL,51,zscore,0.2144,0.2338,0.02
scene,CRL,51,rank,0.9242,0.0772,0.0
scene,CRL,51,clip_std,0.4343,0.2092,0.0
scene,CRL,52,raw,0.3416,0.1479,0.9804
scene,CRL,52,zscore,0.223,0.3042,0.0
scene,CRL,52,rank,0.9242,0.0772,0.0
scene,CRL,52,clip_std,0.349,0.2793,0.0
scene,CRL,53,raw,0.2952,0.1727,0.9608
scene,CRL,53,zscore,0.2932,0.2939,0.0
scene,CRL,53,rank,0.9242,0.0772,0.0
scene,CRL,53,clip_std,0.3504,0.284,0.0
scene,CRL,54,raw,0.079,0.5477,0.1053
scene,CRL,54,zscore,0.2431,0.3057,0.0
scene,CRL,54,rank,0.9242,0.0772,0.0
scene,CRL,54,clip_std,0.3429,0.2848,0.0
scene,CRL,55,raw,0.4808,0.1049,0.9815
scene,CRL,55,zscore,0.5584,0.1322,0.0
scene,CRL,55,rank,0.9242,0.0772,0.0
scene,CRL,55,clip_std,0.5584,0.1322,0.0
scene,CRL,56,raw,0.3287,0.1549,0.963
scene,CRL,56,zscore,0.2194,0.3051,0.0
scene,CRL,56,rank,0.9242,0.0772,0.0
scene,CRL,56,clip_std,0.3478,0.28,0.0
scene,CRL,57,raw,0.1736,0.3278,0.7785
scene,CRL,57,zscore,0.3105,0.2813,0.0
scene,CRL,57,rank,0.9242,0.0772,0.0
scene,CRL,57,clip_std,0.3647,0.2738,0.0
scene,CRL,58,raw,0.3067,0.1678,0.9433
scene,CRL,58,zscore,0.2248,0.3048,0.0
scene,CRL,58,rank,0.9242,0.0772,0.0
scene,CRL,58,clip_std,0.3482,0.2801,0.0
scene,CRL,59,raw,0.4,0.125,1.0
scene,CRL,59,zscore,0.6291,0.1032,0.0
scene,CRL,59,rank,0.9242,0.0772,0.0
scene,CRL,59,clip_std,0.6291,0.1032,0.0
scene,CRL,60,raw,0.3304,0.153,0.9788
scene,CRL,60,zscore,0.2635,0.3023,0.0
scene,CRL,60,rank,0.9242,0.0772,0.0
scene,CRL,60,clip_std,0.3426,0.2862,0.0
scene,CRL,61,raw,0.0529,0.9356,0.8046
scene,CRL,61,zscore,0.7013,0.0837,0.0
scene,CRL,61,rank,0.9242,0.0772,0.0
scene,CRL,61,clip_std,0.7013,0.0837,0.0
scene,CRL,62,raw,0.2585,0.2058,0.8897
scene,CRL,62,zscore,0.2236,0.3044,0.0
scene,CRL,62,rank,0.9242,0.0772,0.0
scene,CRL,62,clip_std,0.3489,0.2795,0.0
scene,CRL,63,raw,0.2933,0.1727,0.976
scene,CRL,63,zscore,0.3252,0.2857,0.0
scene,CRL,63,rank,0.9242,0.0772,0.0
scene,CRL,63,clip_std,0.3556,0.2799,0.0
scene,GCIQL,0,raw,0.0378,0.5745,0.2065
scene,GCIQL,0,zscore,0.2828,0.1894,0.0
scene,GCIQL,0,rank,0.9242,0.0772,0.0
scene,GCIQL,0,clip_std,0.2316,0.2573,0.0
scene,GCIQL,1,raw,0.1979,0.2686,0.8877
scene,GCIQL,1,zscore,0.2418,0.1957,0.0231
scene,GCIQL,1,rank,0.9242,0.0772,0.0
scene,GCIQL,1,clip_std,0.2546,0.2512,0.0
scene,GCIQL,2,raw,0.0992,0.577,0.779
scene,GCIQL,2,zscore,0.3068,0.1866,0.0
scene,GCIQL,2,rank,0.9242,0.0772,0.0
scene,GCIQL,2,clip_std,0.209,0.2672,0.0
scene,GCIQL,3,raw,0.1015,0.5687,0.7589
scene,GCIQL,3,zscore,0.2405,0.1945,0.0286
scene,GCIQL,3,rank,0.9242,0.0772,0.0
scene,GCIQL,3,clip_std,0.2959,0.2349,0.0
scene,GCIQL,4,raw,0.0542,0.8426,0.5808
scene,GCIQL,4,zscore,0.2956,0.1877,0.0
scene,GCIQL,4,rank,0.9242,0.0772,0.0
scene,GCIQL,4,clip_std,0.2164,0.2645,0.0
scene,GCIQL,5,raw,0.1281,0.4243,0.8499
scene,GCIQL,5,zscore,0.2672,0.187,0.0232
scene,GCIQL,5,rank,0.9242,0.0772,0.0
scene,GCIQL,5,clip_std,0.3026,0.2357,0.0
scene,GCIQL,6,raw,0.1135,0.489,0.8198
scene,GCIQL,6,zscore,0.3298,0.1766,0.0
scene,GCIQL,6,rank,0.9242,0.0772,0.0
scene,GCIQL,6,clip_std,0.226,0.2487,0.0
scene,GCIQL,7,raw,0.0565,0.8238,0.5616
scene,GCIQL,7,zscore,0.2646,0.1896,0.0118
scene,GCIQL,7,rank,0.9242,0.0772,0.0
scene,GCIQL,7,clip_std,0.2055,0.2644,0.0
scene,GCIQL,8,raw,0.0418,0.8114,0.505
scene,GCIQL,8,zscore,0.3032,0.1869,0.0
scene,GCIQL,8,rank,0.9242,0.0772,0.0
scene,GCIQL,8,clip_std,0.2108,0.2666,0.0
scene,GCIQL,9,raw,0.155,0.3436,0.8842
scene,GCIQL,9,zscore,0.3389,0.1814,0.0
scene,GCIQL,9,rank,0.9242,0.0772,0.0
scene,GCIQL,9,clip_std,0.29,0.2376,0.0
scene,GCIQL,10,raw,0.109,0.5121,0.8074
scene,GCIQL,10,zscore,0.281,0.1906,0.0
scene,GCIQL,10,rank,0.9242,0.0772,0.0
scene,GCIQL,10,clip_std,0.2262,0.2609,0.0
scene,GCIQL,11,raw,0.1049,0.605,0.6438
scene,GCIQL,11,zscore,0.2572,0.189,0.0174
scene,GCIQL,11,rank,0.9242,0.0772,0.0
scene,GCIQL,11,clip_std,0.2577,0.2411,0.0
scene,GCIQL,12,raw,0.0881,0.6761,0.729
scene,GCIQL,12,zscore,0.3214,0.1783,0.0
scene,GCIQL,12,rank,0.9242,0.0772,0.0
scene,GCIQL,12,clip_std,0.2257,0.2503,0.0
scene,GCIQL,13,raw,0.1237,0.4663,0.7643
scene,GCIQL,13,zscore,0.2633,0.1869,0.0119
scene,GCIQL,13,rank,0.9242,0.0772,0.0
scene,GCIQL,13,clip_std,0.1902,0.2691,0.0
scene,GCIQL,14,raw,0.1261,0.4282,0.865
scene,GCIQL,14,zscore,0.2936,0.188,0.0
scene,GCIQL,14,rank,0.9242,0.0772,0.0
scene,GCIQL,14,clip_std,0.2209,0.2628,0.0
scene,GCIQL,15,raw,0.2949,0.1466,0.0106
scene,GCIQL,15,zscore,0.2833,0.1784,0.0234
scene,GCIQL,15,rank,0.9242,0.0772,0.0
scene,GCIQL,15,clip_std,0.2944,0.2287,0.0
scene,GCIQL,16,raw,0.0754,0.3153,0.0804
scene,GCIQL,16,zscore,0.2909,0.1886,0.0
scene,GCIQL,16,rank,0.9242,0.0772,0.0
scene,GCIQL,16,clip_std,0.2223,0.2624,0.0
scene,GCIQL,17,raw,0.1237,0.4301,0.8878
scene,GCIQL,17,zscore,0.3865,0.1752,0.0059
scene,GCIQL,17,rank,0.9242,0.0772,0.0
scene,GCIQL,17,clip_std,0.309,0.2324,0.0
scene,GCIQL,18,raw,0.1112,0.5213,0.7542
scene,GCIQL,18,zscore,0.2917,0.1863,0.0
scene,GCIQL,18,rank,0.9242,0.0772,0.0
scene,GCIQL,18,clip_std,0.2274,0.2556,0.0
scene,GCIQL,19,raw,0.1103,0.5391,0.7194
scene,GCIQL,19,zscore,0.2325,0.1998,0.0174
scene,GCIQL,19,rank,0.9242,0.0772,0.0
scene,GCIQL,19,clip_std,0.2115,0.2648,0.0
scene,GCIQL,20,raw,0.0698,0.8151,0.6784
scene,GCIQL,20,zscore,0.2814,0.1904,0.0
scene,GCIQL,20,rank,0.9242,0.0772,0.0
scene,GCIQL,20,clip_std,0.2252,0.2612,0.0
scene,GCIQL,21,raw,0.0865,0.6384,0.8329
scene,GCIQL,21,zscore,0.2702,0.19,0.0174
scene,GCIQL,21,rank,0.9242,0.0772,0.0
scene,GCIQL,21,clip_std,0.2721,0.2451,0.0
scene,GCIQL,22,raw,0.1187,0.4603,0.8436
scene,GCIQL,22,zscore,0.3003,0.187,0.0
scene,GCIQL,22,rank,0.9242,0.0772,0.0
scene,GCIQL,22,clip_std,0.2124,0.2659,0.0
scene,GCIQL,23,raw,0.0539,0.759,0.4152
scene,GCIQL,23,zscore,0.4035,0.1759,0.0
scene,GCIQL,23,rank,0.9242,0.0772,0.0
scene,GCIQL,23,clip_std,0.2909,0.2404,0.0
scene,GCIQL,24,raw,0.0468,0.8283,0.5236
scene,GCIQL,24,zscore,0.3521,0.1739,0.0
scene,GCIQL,24,rank,0.9242,0.0772,0.0
scene,GCIQL,24,clip_std,0.2125,0.255,0.0
scene,GCIQL,25,raw,0.1281,0.4274,0.8348
scene,GCIQL,25,zscore,0.3172,0.1777,0.0
scene,GCIQL,25,rank,0.9242,0.0772,0.0
scene,GCIQL,25,clip_std,0.2114,0.2563,0.0
scene,GCIQL,26,raw,0.1082,0.5156,0.8145
scene,GCIQL,26,zscore,0.2972,0.1875,0.0
scene,GCIQL,26,rank,0.9242,0.0772,0.0
scene,GCIQL,26,clip_std,0.2151,0.2651,0.0
scene,GCIQL,27,raw,0.0968,0.657,0.6442
scene,GCIQL,27,zscore,0.3048,0.1845,0.0117
scene,GCIQL,27,rank,0.9242,0.0772,0.0
scene,GCIQL,27,clip_std,0.2595,0.2476,0.0
scene,GCIQL,28,raw,0.0745,0.7953,0.7177
scene,GCIQL,28,zscore,0.313,0.1857,0.0
scene,GCIQL,28,rank,0.9242,0.0772,0.0
scene,GCIQL,28,clip_std,0.2078,0.2674,0.0
scene,GCIQL,29,raw,0.1633,0.3332,0.8517
scene,GCIQL,29,zscore,0.3562,0.1834,0.0
scene,GCIQL,29,rank,0.9242,0.0772,0.0
scene,GCIQL,29,clip_std,0.2871,0.2435,0.0
scene,GCIQL,30,raw,0.1317,0.4125,0.8554
scene,GCIQL,30,zscore,0.2792,0.1899,0.0
scene,GCIQL,30,rank,0.9242,0.0772,0.0
scene,GCIQL,30,clip_std,0.232,0.2572,0.0
scene,GCIQL,31,raw,0.0424,0.7018,0.377
scene,GCIQL,31,zscore,0.2607,0.1862,0.0118
scene,GCIQL,31,rank,0.9242,0.0772,0.0
scene,GCIQL,31,clip_std,0.2159,0.2553,0.0
scene,GCIQL,32,raw,0.0331,0.6492,0.3303
scene,GCIQL,32,zscore,0.3082,0.1864,0.0
scene,GCIQL,32,rank,0.9242,0.0772,0.0
scene,GCIQL,32,clip_std,0.2085,0.2673,0.0
scene,GCIQL,33,raw,0.215,0.2445,0.9054
scene,GCIQL,33,zscore,0.3209,0.1802,0.0173
scene,GCIQL,33,rank,0.9242,0.0772,0.0
scene,GCIQL,33,clip_std,0.3554,0.222,0.0
scene,GCIQL,34,raw,0.1053,0.539,0.7807
scene,GCIQL,34,zscore,0.279,0.1905,0.0
scene,GCIQL,34,rank,0.9242,0.0772,0.0
scene,GCIQL,34,clip_std,0.2302,0.2587,0.0
scene,GCIQL,35,raw,0.1398,0.4289,0.7089
scene,GCIQL,35,zscore,0.2762,0.1868,0.0117
scene,GCIQL,35,rank,0.9242,0.0772,0.0
scene,GCIQL,35,clip_std,0.2488,0.2484,0.0
scene,GCIQL,36,raw,0.0604,0.8408,0.6254
scene,GCIQL,36,zscore,0.3426,0.1745,0.0
scene,GCIQL,36,rank,0.9242,0.0772,0.0
scene,GCIQL,36,clip_std,0.2268,0.2475,0.0
scene,GCIQL,37,raw,0.1172,0.474,0.8206
scene,GCIQL,37,zscore,0.3315,0.1789,0.0
scene,GCIQL,37,rank,0.9242,0.0772,0.0
scene,GCIQL,37,clip_std,0.1902,0.2648,0.0
scene,GCIQL,38,raw,0.116,0.4745,0.8326
scene,GCIQL,38,zscore,0.2956,0.1877,0.0
scene,GCIQL,38,rank,0.9242,0.0772,0.0
scene,GCIQL,38,clip_std,0.2179,0.2639,0.0
scene,GCIQL,39,raw,0.0571,0.8163,0.5158
scene,GCIQL,39,zscore,0.204,0.2025,0.0341
scene,GCIQL,39,rank,0.9242,0.0772,0.0
scene,GCIQL,39,clip_std,0.2883,0.2431,0.0
scene,GCIQL,40,raw,0.0361,0.7486,0.406
scene,GCIQL,40,zscore,0.2795,0.1908,0.0
scene,GCIQL,40,rank,0.9242,0.0772,0.0
scene,GCIQL,40,clip_std,0.228,0.26,0.0
scene,GCIQL,41,raw,0.1429,0.3748,0.8773
scene,GCIQL,41,zscore,0.316,0.1781,0.0118
scene,GCIQL,41,rank,0.9242,0.0772,0.0
scene,GCIQL,41,clip_std,0.2705,0.2382,0.0
scene,GCIQL,42,raw,0.1032,0.5484,0.7943
scene,GCIQL,42,zscore,0.3019,0.1869,0.0
scene,GCIQL,42,rank,0.9242,0.0772,0.0
scene,GCIQL,42,clip_std,0.2109,0.2664,0.0
scene,GCIQL,43,raw,0.0925,0.6418,0.728
scene,GCIQL,43,zscore,0.3251,0.182,0.0117
scene,GCIQL,43,rank,0.9242,0.0772,0.0
scene,GCIQL,43,clip_std,0.2973,0.2412,0.0
scene,GCIQL,44,raw,0.0836,0.7109,0.7342
scene,GCIQL,44,zscore,0.2953,0.1878,0.0
scene,GCIQL,44,rank,0.9242,0.0772,0.0
scene,GCIQL,44,clip_std,0.218,0.2638,0.0
scene,GCIQL,45,raw,0.093,0.6102,0.7894
scene,GCIQL,45,zscore,0.2427,0.1847,0.029
scene,GCIQL,45,rank,0.9242,0.0772,0.0
scene,GCIQL,45,clip_std,0.3074,0.226,0.0
scene,GCIQL,46,raw,0.1365,0.3946,0.8637
scene,GCIQL,46,zscore,0.3191,0.1796,0.0
scene,GCIQL,46,rank,0.9242,0.0772,0.0
scene,GCIQL,46,clip_std,0.227,0.2515,0.0
scene,GCIQL,47,raw,0.087,0.2961,0.0595
scene,GCIQL,47,zscore,0.2847,0.1828,0.006
scene,GCIQL,47,rank,0.9242,0.0772,0.0
scene,GCIQL,47,clip_std,0.1852,0.2704,0.0
scene,GCIQL,48,raw,0.9844,0.0616,0.0
scene,GCIQL,48,zscore,0.2907,0.1858,0.0
scene,GCIQL,48,rank,0.9242,0.0772,0.0
scene,GCIQL,48,clip_std,0.2278,0.2546,0.0
scene,GCIQL,49,raw,0.1833,0.2905,0.8818
scene,GCIQL,49,zscore,0.2499,0.1888,0.0177
scene,GCIQL,49,rank,0.9242,0.0772,0.0
scene,GCIQL,49,clip_std,0.2068,0.2648,0.0
scene,GCIQL,50,raw,0.0915,0.641,0.7402
scene,GCIQL,50,zscore,0.2899,0.1888,0.0
scene,GCIQL,50,rank,0.9242,0.0772,0.0
scene,GCIQL,50,clip_std,0.2243,0.2618,0.0
scene,GCIQL,51,raw,0.0983,0.5745,0.7927
scene,GCIQL,51,zscore,0.252,0.1944,0.023
scene,GCIQL,51,rank,0.9242,0.0772,0.0
scene,GCIQL,51,clip_std,0.271,0.2443,0.0
scene,GCIQL,52,raw,0.0677,0.8272,0.6593
scene,GCIQL,52,zscore,0.2999,0.1872,0.0
scene,GCIQL,52,rank,0.9242,0.0772,0.0
scene,GCIQL,52,clip_std,0.2116,0.2663,0.0
scene,GCIQL,53,raw,0.1808,0.3002,0.8491
scene,GCIQL,53,zscore,0.2975,0.1906,0.0057
scene,GCIQL,53,rank,0.9242,0.0772,0.0
scene,GCIQL,53,clip_std,0.289,0.2378,0.0
scene,GCIQL,54,raw,0.1194,0.4559,0.8505
scene,GCIQL,54,zscore,0.2849,0.1899,0.0
scene,GCIQL,54,rank,0.9242,0.0772,0.0
scene,GCIQL,54,clip_std,0.2242,0.262,0.0
scene,GCIQL,55,raw,0.0426,0.8058,0.4594
scene,GCIQL,55,zscore,0.2763,0.186,0.0174
scene,GCIQL,55,rank,0.9242,0.0772,0.0
scene,GCIQL,55,clip_std,0.2931,0.2325,0.0
scene,GCIQL,56,raw,0.049,0.838,0.572
scene,GCIQL,56,zscore,0.299,0.1871,0.0
scene,GCIQL,56,rank,0.9242,0.0772,0.0
scene,GCIQL,56,clip_std,0.2138,0.2655,0.0
scene,GCIQL,57,raw,0.1525,0.3528,0.8649
scene,GCIQL,57,zscore,0.3908,0.1702,0.0059
scene,GCIQL,57,rank,0.9242,0.0772,0.0
scene,GCIQL,57,clip_std,0.3051,0.2322,0.0
scene,GCIQL,58,raw,0.1147,0.4828,0.8237
scene,GCIQL,58,zscore,0.3526,0.1718,0.0
scene,GCIQL,58,rank,0.9242,0.0772,0.0
scene,GCIQL,58,clip_std,0.2185,0.2507,0.0
scene,GCIQL,59,raw,0.0667,0.8076,0.5913
scene,GCIQL,59,zscore,0.3633,0.1716,0.0
scene,GCIQL,59,rank,0.9242,0.0772,0.0
scene,GCIQL,59,clip_std,0.2093,0.2568,0.0
scene,GCIQL,60,raw,0.0905,0.6704,0.7133
scene,GCIQL,60,zscore,0.2837,0.1884,0.0
scene,GCIQL,60,rank,0.9242,0.0772,0.0
scene,GCIQL,60,clip_std,0.2305,0.2564,0.0
scene,GCIQL,61,raw,0.1579,0.3541,0.8039
scene,GCIQL,61,zscore,0.2521,0.1926,0.0116
scene,GCIQL,61,rank,0.9242,0.0772,0.0
scene,GCIQL,61,clip_std,0.2213,0.2556,0.0
scene,GCIQL,62,raw,0.1248,0.4352,0.8678
scene,GCIQL,62,zscore,0.3116,0.1859,0.0
scene,GCIQL,62,rank,0.9242,0.0772,0.0
scene,GCIQL,62,clip_std,0.208,0.2673,0.0
scene,GCIQL,63,raw,0.0472,0.5541,0.181
scene,GCIQL,63,zscore,0.2096,0.2085,0.0168
scene,GCIQL,63,rank,0.9242,0.0772,0.0
scene,GCIQL,63,clip_std,0.3107,0.2391,0.0
scene,GCIVL,0,raw,0.6128,0.0852,0.9132
scene,GCIVL,0,zscore,0.1351,0.2461,0.0616
scene,GCIVL,0,rank,0.9242,0.0772,0.0
scene,GCIVL,0,clip_std,0.1699,0.3102,0.0
scene,GCIVL,1,raw,0.4617,0.1226,0.775
scene,GCIVL,1,zscore,0.1344,0.2552,0.0656
scene,GCIVL,1,rank,0.9242,0.0772,0.0
scene,GCIVL,1,clip_std,0.1922,0.3019,0.0
scene,GCIVL,2,raw,0.1507,0.4697,0.1854
scene,GCIVL,2,zscore,0.2366,0.2019,0.0293
scene,GCIVL,2,rank,0.9242,0.0772,0.0
scene,GCIVL,2,clip_std,0.2297,0.2712,0.0
scene,GCIVL,3,raw,0.6576,0.078,0.9497
scene,GCIVL,3,zscore,0.1464,0.2358,0.0454
scene,GCIVL,3,rank,0.9242,0.0772,0.0
scene,GCIVL,3,clip_std,0.1683,0.3037,0.0
scene,GCIVL,4,raw,0.6507,0.0791,0.9421
scene,GCIVL,4,zscore,0.1973,0.2162,0.0346
scene,GCIVL,4,rank,0.9242,0.0772,0.0
scene,GCIVL,4,clip_std,0.2058,0.2832,0.0
scene,GCIVL,5,raw,0.2896,0.238,0.5299
scene,GCIVL,5,zscore,0.153,0.2427,0.0561
scene,GCIVL,5,rank,0.9242,0.0772,0.0
scene,GCIVL,5,clip_std,0.1659,0.3173,0.0
scene,GCIVL,6,raw,0.5268,0.103,0.8458
scene,GCIVL,6,zscore,0.1605,0.2308,0.0455
scene,GCIVL,6,rank,0.9242,0.0772,0.0
scene,GCIVL,6,clip_std,0.1821,0.2979,0.0
scene,GCIVL,7,raw,0.6093,0.086,0.9068
scene,GCIVL,7,zscore,0.1887,0.2264,0.034
scene,GCIVL,7,rank,0.9242,0.0772,0.0
scene,GCIVL,7,clip_std,0.2035,0.294,0.0
scene,GCIVL,8,raw,0.5866,0.09,0.8901
scene,GCIVL,8,zscore,0.2266,0.2055,0.0291
scene,GCIVL,8,rank,0.9242,0.0772,0.0
scene,GCIVL,8,clip_std,0.2238,0.2738,0.0
scene,GCIVL,9,raw,0.5726,0.0927,0.8842
scene,GCIVL,9,zscore,0.1615,0.2326,0.0398
scene,GCIVL,9,rank,0.9242,0.0772,0.0
scene,GCIVL,9,clip_std,0.1723,0.3051,0.0
scene,GCIVL,10,raw,0.3546,0.1744,0.6555
scene,GCIVL,10,zscore,0.138,0.246,0.0559
scene,GCIVL,10,rank,0.9242,0.0772,0.0
scene,GCIVL,10,clip_std,0.169,0.3106,0.0
scene,GCIVL,11,raw,0.6468,0.0799,0.932
scene,GCIVL,11,zscore,0.135,0.2527,0.0606
scene,GCIVL,11,rank,0.9242,0.0772,0.0
scene,GCIVL,11,clip_std,0.1713,0.3134,0.0
scene,GCIVL,12,raw,0.6646,0.0772,0.9452
scene,GCIVL,12,zscore,0.1485,0.2379,0.0565
scene,GCIVL,12,rank,0.9242,0.0772,0.0
scene,GCIVL,12,clip_std,0.1762,0.305,0.0
scene,GCIVL,13,raw,0.9948,0.0565,0.0
scene,GCIVL,13,zscore,0.1285,0.254,0.0773
scene,GCIVL,13,rank,0.9242,0.0772,0.0
scene,GCIVL,13,clip_std,0.158,0.3193,0.0
scene,GCIVL,14,raw,0.4211,0.1376,0.7468
scene,GCIVL,14,zscore,0.1843,0.2218,0.0344
scene,GCIVL,14,rank,0.9242,0.0772,0.0
scene,GCIVL,14,clip_std,0.1958,0.289,0.0
scene,GCIVL,15,raw,0.626,0.0828,0.9286
scene,GCIVL,15,zscore,0.1504,0.2364,0.0508
scene,GCIVL,15,rank,0.9242,0.0772,0.0
scene,GCIVL,15,clip_std,0.1839,0.3007,0.0
scene,GCIVL,16,raw,0.6316,0.0822,0.9249
scene,GCIVL,16,zscore,0.1691,0.2273,0.0457
scene,GCIVL,16,rank,0.9242,0.0772,0.0
scene,GCIVL,16,clip_std,0.1863,0.2948,0.0
scene,GCIVL,17,raw,0.4444,0.129,0.7562
scene,GCIVL,17,zscore,0.1719,0.228,0.0344
scene,GCIVL,17,rank,0.9242,0.0772,0.0
scene,GCIVL,17,clip_std,0.1579,0.3083,0.0
scene,GCIVL,18,raw,0.1348,0.3539,0.0946
scene,GCIVL,18,zscore,0.1406,0.2428,0.0618
scene,GCIVL,18,rank,0.9242,0.0772,0.0
scene,GCIVL,18,clip_std,0.172,0.3081,0.0
scene,GCIVL,19,raw,0.6668,0.0767,0.9544
scene,GCIVL,19,zscore,0.1765,0.2296,0.0456
scene,GCIVL,19,rank,0.9242,0.0772,0.0
scene,GCIVL,19,clip_std,0.166,0.3162,0.0
scene,GCIVL,20,raw,0.6391,0.0808,0.9339
scene,GCIVL,20,zscore,0.1408,0.2434,0.0505
scene,GCIVL,20,rank,0.9242,0.0772,0.0
scene,GCIVL,20,clip_std,0.1734,0.3074,0.0
scene,GCIVL,21,raw,0.3284,0.1969,0.6003
scene,GCIVL,21,zscore,0.1809,0.2286,0.0396
scene,GCIVL,21,rank,0.9242,0.0772,0.0
scene,GCIVL,21,clip_std,0.198,0.2961,0.0
scene,GCIVL,22,raw,0.5434,0.0992,0.857
scene,GCIVL,22,zscore,0.2219,0.2072,0.0291
scene,GCIVL,22,rank,0.9242,0.0772,0.0
scene,GCIVL,22,clip_std,0.2198,0.2756,0.0
scene,GCIVL,23,raw,0.5747,0.0924,0.883
scene,GCIVL,23,zscore,0.1464,0.2428,0.0393
scene,GCIVL,23,rank,0.9242,0.0772,0.0
scene,GCIVL,23,clip_std,0.1719,0.3074,0.0
scene,GCIVL,24,raw,0.598,0.088,0.9017
scene,GCIVL,24,zscore,0.1538,0.234,0.0568
scene,GCIVL,24,rank,0.9242,0.0772,0.0
scene,GCIVL,24,clip_std,0.1791,0.301,0.0
scene,GCIVL,25,raw,0.5221,0.1045,0.8333
scene,GCIVL,25,zscore,0.132,0.2514,0.0773
scene,GCIVL,25,rank,0.9242,0.0772,0.0
scene,GCIVL,25,clip_std,0.1779,0.3102,0.0
scene,GCIVL,26,raw,0.2109,0.4034,0.3793
scene,GCIVL,26,zscore,0.192,0.2183,0.0345
scene,GCIVL,26,rank,0.9242,0.0772,0.0
scene,GCIVL,26,clip_std,0.2031,0.285,0.0
scene,GCIVL,27,raw,0.6452,0.0797,0.9421
scene,GCIVL,27,zscore,0.1502,0.2395,0.0563
scene,GCIVL,27,rank,0.9242,0.0772,0.0
scene,GCIVL,27,clip_std,0.1618,0.3124,0.0
scene,GCIVL,28,raw,0.6592,0.0781,0.9383
scene,GCIVL,28,zscore,0.2322,0.2035,0.0292
scene,GCIVL,28,rank,0.9242,0.0772,0.0
scene,GCIVL,28,clip_std,0.228,0.2721,0.0
scene,GCIVL,29,raw,0.1683,0.4804,0.2878
scene,GCIVL,29,zscore,0.1574,0.2314,0.0456
scene,GCIVL,29,rank,0.9242,0.0772,0.0
scene,GCIVL,29,clip_std,0.1735,0.302,0.0
scene,GCIVL,30,raw,0.504,0.109,0.825
scene,GCIVL,30,zscore,0.1324,0.2489,0.0557
scene,GCIVL,30,rank,0.9242,0.0772,0.0
scene,GCIVL,30,clip_std,0.1701,0.3104,0.0
scene,GCIVL,31,raw,0.6252,0.0832,0.9194
scene,GCIVL,31,zscore,0.1469,0.25,0.0549
scene,GCIVL,31,rank,0.9242,0.0772,0.0
scene,GCIVL,31,clip_std,0.1854,0.3059,0.0
scene,GCIVL,32,raw,0.6172,0.0845,0.9193
scene,GCIVL,32,zscore,0.2349,0.2026,0.0293
scene,GCIVL,32,rank,0.9242,0.0772,0.0
scene,GCIVL,32,clip_std,0.2291,0.2716,0.0
scene,GCIVL,33,raw,0.4969,0.1112,0.8154
scene,GCIVL,33,zscore,0.1727,0.2271,0.0401
scene,GCIVL,33,rank,0.9242,0.0772,0.0
scene,GCIVL,33,clip_std,0.1774,0.3036,0.0
scene,GCIVL,34,raw,0.1851,0.4644,0.3543
scene,GCIVL,34,zscore,0.1348,0.2464,0.0616
scene,GCIVL,34,rank,0.9242,0.0772,0.0
scene,GCIVL,34,clip_std,0.1697,0.3104,0.0
scene,GCIVL,35,raw,0.6488,0.0791,0.9456
scene,GCIVL,35,zscore,0.1656,0.2448,0.0497
scene,GCIVL,35,rank,0.9242,0.0772,0.0
scene,GCIVL,35,clip_std,0.2001,0.303,0.0
scene,GCIVL,36,raw,0.6495,0.0795,0.9346
scene,GCIVL,36,zscore,0.164,0.2295,0.0456
scene,GCIVL,36,rank,0.9242,0.0772,0.0
scene,GCIVL,36,clip_std,0.1837,0.2968,0.0
scene,GCIVL,37,raw,0.2354,0.334,0.4279
scene,GCIVL,37,zscore,0.1549,0.2349,0.0507
scene,GCIVL,37,rank,0.9242,0.0772,0.0
scene,GCIVL,37,clip_std,0.1778,0.3019,0.0
scene,GCIVL,38,raw,0.5065,0.1085,0.8219
scene,GCIVL,38,zscore,0.206,0.2124,0.0289
scene,GCIVL,38,rank,0.9242,0.0772,0.0
scene,GCIVL,38,clip_std,0.2116,0.2798,0.0
scene,GCIVL,39,raw,0.5964,0.088,0.9032
scene,GCIVL,39,zscore,0.1632,0.2406,0.0393
scene,GCIVL,39,rank,0.9242,0.0772,0.0
scene,GCIVL,39,clip_std,0.1631,0.3188,0.0
scene,GCIVL,40,raw,0.5799,0.0912,0.8878
scene,GCIVL,40,zscore,0.1307,0.2498,0.0668
scene,GCIVL,40,rank,0.9242,0.0772,0.0
scene,GCIVL,40,clip_std,0.1692,0.3109,0.0
scene,GCIVL,41,raw,0.5552,0.0967,0.8614
scene,GCIVL,41,zscore,0.198,0.2278,0.0339
scene,GCIVL,41,rank,0.9242,0.0772,0.0
scene,GCIVL,41,clip_std,0.1933,0.3007,0.0
scene,GCIVL,42,raw,0.3036,0.2186,0.5771
scene,GCIVL,42,zscore,0.2285,0.2048,0.0292
scene,GCIVL,42,rank,0.9242,0.0772,0.0
scene,GCIVL,42,clip_std,0.2254,0.2731,0.0
scene,GCIVL,43,raw,0.6399,0.0808,0.9326
scene,GCIVL,43,zscore,0.1477,0.239,0.0451
scene,GCIVL,43,rank,0.9242,0.0772,0.0
scene,GCIVL,43,clip_std,0.1681,0.3067,0.0
scene,GCIVL,44,raw,0.6656,0.077,0.95
scene,GCIVL,44,zscore,0.181,0.2228,0.0344
scene,GCIVL,44,rank,0.9242,0.0772,0.0
scene,GCIVL,44,clip_std,0.1935,0.2902,0.0
scene,GCIVL,45,raw,0.1649,0.2441,0.0552
scene,GCIVL,45,zscore,0.1414,0.2408,0.0506
scene,GCIVL,45,rank,0.9242,0.0772,0.0
scene,GCIVL,45,clip_std,0.162,0.3081,0.0
scene,GCIVL,46,raw,0.4558,0.1241,0.7722
scene,GCIVL,46,zscore,0.1435,0.2409,0.062
scene,GCIVL,46,rank,0.9242,0.0772,0.0
scene,GCIVL,46,clip_std,0.1739,0.3071,0.0
scene,GCIVL,47,raw,0.6383,0.0811,0.9295
scene,GCIVL,47,zscore,0.1573,0.2393,0.0505
scene,GCIVL,47,rank,0.9242,0.0772,0.0
scene,GCIVL,47,clip_std,0.174,0.3097,0.0
scene,GCIVL,48,raw,0.6254,0.0832,0.9215
scene,GCIVL,48,zscore,0.1413,0.2423,0.0619
scene,GCIVL,48,rank,0.9242,0.0772,0.0
scene,GCIVL,48,clip_std,0.1723,0.3079,0.0
scene,GCIVL,49,raw,0.4101,0.143,0.7211
scene,GCIVL,49,zscore,0.1721,0.2381,0.0394
scene,GCIVL,49,rank,0.9242,0.0772,0.0
scene,GCIVL,49,clip_std,0.1688,0.3134,0.0
scene,GCIVL,50,raw,0.2772,0.1386,0.0308
scene,GCIVL,50,zscore,0.1741,0.2249,0.04
scene,GCIVL,50,rank,0.9242,0.0772,0.0
scene,GCIVL,50,clip_std,0.1906,0.2921,0.0
scene,GCIVL,51,raw,0.6599,0.0775,0.9539
scene,GCIVL,51,zscore,0.148,0.244,0.045
scene,GCIVL,51,rank,0.9242,0.0772,0.0
scene,GCIVL,51,clip_std,0.1567,0.317,0.0
scene,GCIVL,52,raw,0.6423,0.0804,0.9363
scene,GCIVL,52,zscore,0.2129,0.2103,0.029
scene,GCIVL,52,rank,0.9242,0.0772,0.0
scene,GCIVL,52,clip_std,0.2141,0.2783,0.0
scene,GCIVL,53,raw,0.3769,0.1601,0.6858
scene,GCIVL,53,zscore,0.1448,0.2418,0.0449
scene,GCIVL,53,rank,0.9242,0.0772,0.0
scene,GCIVL,53,clip_std,0.1678,0.308,0.0
scene,GCIVL,54,raw,0.5619,0.0948,0.8786
scene,GCIVL,54,zscore,0.1404,0.2441,0.056
scene,GCIVL,54,rank,0.9242,0.0772,0.0
scene,GCIVL,54,clip_std,0.1718,0.308,0.0
scene,GCIVL,55,raw,0.5924,0.0891,0.8929
scene,GCIVL,55,zscore,0.1417,0.2488,0.0552
scene,GCIVL,55,rank,0.9242,0.0772,0.0
scene,GCIVL,55,clip_std,0.1858,0.3036,0.0
scene,GCIVL,56,raw,0.6061,0.0864,0.9084
scene,GCIVL,56,zscore,0.1894,0.2195,0.0345
scene,GCIVL,56,rank,0.9242,0.0772,0.0
scene,GCIVL,56,clip_std,0.201,0.2861,0.0
scene,GCIVL,57,raw,0.5399,0.0997,0.8598
scene,GCIVL,57,zscore,0.1484,0.2457,0.0503
scene,GCIVL,57,rank,0.9242,0.0772,0.0
scene,GCIVL,57,clip_std,0.1618,0.3153,0.0
scene,GCIVL,58,raw,0.2626,0.2775,0.474
scene,GCIVL,58,zscore,0.1497,0.237,0.0566
scene,GCIVL,58,rank,0.9242,0.0772,0.0
scene,GCIVL,58,clip_std,0.177,0.3042,0.0
scene,GCIVL,59,raw,0.6514,0.079,0.9396
scene,GCIVL,59,zscore,0.1451,0.2436,0.0612
scene,GCIVL,59,rank,0.9242,0.0772,0.0
scene,GCIVL,59,clip_std,0.1886,0.3016,0.0
scene,GCIVL,60,raw,0.6545,0.0785,0.9442
scene,GCIVL,60,zscore,0.1307,0.2491,0.0613
scene,GCIVL,60,rank,0.9242,0.0772,0.0
scene,GCIVL,60,clip_std,0.1715,0.3099,0.0
scene,GCIVL,61,raw,0.1367,0.4276,0.1626
scene,GCIVL,61,zscore,0.142,0.2522,0.0547
scene,GCIVL,61,rank,0.9242,0.0772,0.0
scene,GCIVL,61,clip_std,0.1819,0.303,0.0
scene,GCIVL,62,raw,0.4744,0.1178,0.7991
scene,GCIVL,62,zscore,0.2334,0.2031,0.0292
scene,GCIVL,62,rank,0.9242,0.0772,0.0
scene,GCIVL,62,clip_std,0.2284,0.2719,0.0
scene,GCIVL,63,raw,0.6214,0.0838,0.9209
scene,GCIVL,63,zscore,0.1501,0.238,0.0452
scene,GCIVL,63,rank,0.9242,0.0772,0.0
scene,GCIVL,63,clip_std,0.1692,0.309,0.0
scene,QRL,0,raw,0.5928,0.0859,0.9639
scene,QRL,0,zscore,0.1392,0.2164,0.0632
scene,QRL,0,rank,0.9242,0.0772,0.0
scene,QRL,0,clip_std,0.099,0.3744,0.0945
scene,QRL,1,raw,0.4173,0.1337,0.798
scene,QRL,1,zscore,0.1463,0.213,0.0631
scene,QRL,1,rank,0.9242,0.0772,0.0
scene,QRL,1,clip_std,0.1017,0.3677,0.091
scene,QRL,2,raw,0.2668,0.2593,0.5173
scene,QRL,2,zscore,0.1348,0.2183,0.0633
scene,QRL,2,rank,0.9242,0.0772,0.0
scene,QRL,2,clip_std,0.0998,0.376,0.0946
scene,QRL,3,raw,0.4726,0.1121,0.891
scene,QRL,3,zscore,0.1242,0.2929,0.0767
scene,QRL,3,rank,0.9242,0.0772,0.0
scene,QRL,3,clip_std,0.2409,0.3017,0.0
scene,QRL,4,raw,0.5727,0.0898,0.9404
scene,QRL,4,zscore,0.1368,0.2162,0.0635
scene,QRL,4,rank,0.9242,0.0772,0.0
scene,QRL,4,clip_std,0.0986,0.3779,0.0943
scene,QRL,5,raw,0.7272,0.0682,0.0
scene,QRL,5,zscore,0.117,0.2347,0.0906
scene,QRL,5,rank,0.9242,0.0772,0.0
scene,QRL,5,clip_std,0.1036,0.3528,0.1133
scene,QRL,6,raw,0.4884,0.1092,0.8757
scene,QRL,6,zscore,0.1471,0.2112,0.0634
scene,QRL,6,rank,0.9242,0.0772,0.0
scene,QRL,6,clip_std,0.0986,0.3721,0.0989
scene,QRL,7,raw,0.5691,0.0902,0.9489
scene,QRL,7,zscore,0.1214,0.2249,0.0809
scene,QRL,7,rank,0.9242,0.0772,0.0
scene,QRL,7,clip_std,0.0985,0.366,0.1128
scene,QRL,8,raw,0.5894,0.0867,0.9588
scene,QRL,8,zscore,0.1357,0.2173,0.0634
scene,QRL,8,rank,0.9242,0.0772,0.0
scene,QRL,8,clip_std,0.0987,0.3775,0.0944
scene,QRL,9,raw,0.4201,0.1285,0.8583
scene,QRL,9,zscore,0.137,0.291,0.07
scene,QRL,9,rank,0.9242,0.0772,0.0
scene,QRL,9,clip_std,0.2939,0.2864,0.0
scene,QRL,10,raw,0.1837,0.4618,0.3498
scene,QRL,10,zscore,0.1351,0.2188,0.0632
scene,QRL,10,rank,0.9242,0.0772,0.0
scene,QRL,10,clip_std,0.0998,0.3759,0.0946
scene,QRL,11,raw,0.5626,0.0914,0.9439
scene,QRL,11,zscore,0.1476,0.2118,0.0635
scene,QRL,11,rank,0.9242,0.0772,0.0
scene,QRL,11,clip_std,0.0945,0.3796,0.1067
scene,QRL,12,raw,0.5472,0.0946,0.9303
scene,QRL,12,zscore,0.1448,0.2122,0.0634
scene,QRL,12,rank,0.9242,0.0772,0.0
scene,QRL,12,clip_std,0.0969,0.3738,0.103
scene,QRL,13,raw,0.3694,0.157,0.736
scene,QRL,13,zscore,0.1177,0.2412,0.0901
scene,QRL,13,rank,0.9242,0.0772,0.0
scene,QRL,13,clip_std,0.1041,0.3592,0.1139
scene,QRL,14,raw,0.4896,0.1089,0.8797
scene,QRL,14,zscore,0.1378,0.2154,0.0636
scene,QRL,14,rank,0.9242,0.0772,0.0
scene,QRL,14,clip_std,0.0979,0.3787,0.0942
scene,QRL,15,raw,0.5451,0.0942,0.9474
scene,QRL,15,zscore,0.1308,0.2517,0.0686
scene,QRL,15,rank,0.9242,0.0772,0.0
scene,QRL,15,clip_std,0.1419,0.3332,0.0
scene,QRL,16,raw,0.6032,0.0845,0.9632
scene,QRL,16,zscore,0.1376,0.2156,0.0636
scene,QRL,16,rank,0.9242,0.0772,0.0
scene,QRL,16,clip_std,0.0984,0.3783,0.0943
scene,QRL,17,raw,0.3806,0.1472,0.7932
scene,QRL,17,zscore,0.1109,0.2575,0.0979
scene,QRL,17,rank,0.9242,0.0772,0.0
scene,QRL,17,clip_std,0.1031,0.3587,0.0
scene,QRL,18,raw,0.3296,0.1863,0.6553
scene,QRL,18,zscore,0.1462,0.2107,0.0635
scene,QRL,18,rank,0.9242,0.0772,0.0
scene,QRL,18,clip_std,0.0977,0.3733,0.0945
scene,QRL,19,raw,0.5188,0.1004,0.9187
scene,QRL,19,zscore,0.1578,0.213,0.0558
scene,QRL,19,rank,0.9242,0.0772,0.0
scene,QRL,19,clip_std,0.1123,0.3443,0.0842
scene,QRL,20,raw,0.5758,0.0891,0.9491
scene,QRL,20,zscore,0.1356,0.2187,0.0631
scene,QRL,20,rank,0.9242,0.0772,0.0
scene,QRL,20,clip_std,0.1006,0.3742,0.0947
scene,QRL,21,raw,0.1448,0.4904,0.2331
scene,QRL,21,zscore,0.1301,0.2086,0.0772
scene,QRL,21,rank,0.9242,0.0772,0.0
scene,QRL,21,clip_std,0.1,0.3669,0.109
scene,QRL,22,raw,0.5244,0.1,0.9057
scene,QRL,22,zscore,0.1359,0.2173,0.0634
scene,QRL,22,rank,0.9242,0.0772,0.0
scene,QRL,22,clip_std,0.099,0.3774,0.0944
scene,QRL,23,raw,0.5072,0.102,0.9334
scene,QRL,23,zscore,0.1556,0.2908,0.039
scene,QRL,23,rank,0.9242,0.0772,0.0
scene,QRL,23,clip_std,0.3217,0.2739,0.0
scene,QRL,24,raw,0.5748,0.0892,0.9509
scene,QRL,24,zscore,0.1475,0.2119,0.0632
scene,QRL,24,rank,0.9242,0.0772,0.0
scene,QRL,24,clip_std,0.1028,0.3668,0.0824
scene,QRL,25,raw,0.4819,0.1104,0.8795
scene,QRL,25,zscore,0.1311,0.2118,0.0697
scene,QRL,25,rank,0.9242,0.0772,0.0
scene,QRL,25,clip_std,0.1047,0.3561,0.0971
scene,QRL,26,raw,0.1222,0.4514,0.1859
scene,QRL,26,zscore,0.1366,0.2166,0.0635
scene,QRL,26,rank,0.9242,0.0772,0.0
scene,QRL,26,clip_std,0.0984,0.3782,0.0943
scene,QRL,27,raw,0.5117,0.1019,0.9172
scene,QRL,27,zscore,0.1101,0.2338,0.0977
scene,QRL,27,rank,0.9242,0.0772,0.0
scene,QRL,27,clip_std,0.1049,0.3545,0.1048
scene,QRL,28,raw,0.5413,0.0961,0.9212
scene,QRL,28,zscore,0.1346,0.2188,0.0632
scene,QRL,28,rank,0.9242,0.0772,0.0
scene,QRL,28,clip_std,0.1001,0.3753,0.0946
scene,QRL,29,raw,0.2159,0.3459,0.4513
scene,QRL,29,zscore,0.1673,0.2718,0.0515
scene,QRL,29,rank,0.9242,0.0772,0.0
scene,QRL,29,clip_std,0.2781,0.2871,0.0
scene,QRL,30,raw,0.4381,0.126,0.8143
scene,QRL,30,zscore,0.1402,0.2159,0.0632
scene,QRL,30,rank,0.9242,0.0772,0.0
scene,QRL,30,clip_std,0.0981,0.3746,0.0945
scene,QRL,31,raw,0.5859,0.087,0.9615
scene,QRL,31,zscore,0.1475,0.2063,0.064
scene,QRL,31,rank,0.9242,0.0772,0.0
scene,QRL,31,clip_std,0.101,0.3686,0.0996
scene,QRL,32,raw,0.5936,0.086,0.9603
scene,QRL,32,zscore,0.1347,0.2185,0.0633
scene,QRL,32,rank,0.9242,0.0772,0.0
scene,QRL,32,clip_std,0.0995,0.3762,0.0945
scene,QRL,33,raw,0.3707,0.1521,0.7813
scene,QRL,33,zscore,0.1239,0.2351,0.0831
scene,QRL,33,rank,0.9242,0.0772,0.0
scene,QRL,33,clip_std,0.1136,0.3408,0.0981
scene,QRL,34,raw,0.3258,0.1888,0.6482
scene,QRL,34,zscore,0.1369,0.2181,0.0631
scene,QRL,34,rank,0.9242,0.0772,0.0
scene,QRL,34,clip_std,0.0996,0.3748,0.0946
scene,QRL,35,raw,0.5315,0.0981,0.9184
scene,QRL,35,zscore,0.154,0.2071,0.0573
scene,QRL,35,rank,0.9242,0.0772,0.0
scene,QRL,35,clip_std,0.1039,0.365,0.087
scene,QRL,36,raw,0.5612,0.0917,0.9412
scene,QRL,36,zscore,0.1487,0.2111,0.0633
scene,QRL,36,rank,0.9242,0.0772,0.0
scene,QRL,36,clip_std,0.1017,0.369,0.0907
scene,QRL,37,raw,0.13,0.3379,0.0972
scene,QRL,37,zscore,0.1498,0.2107,0.0632
scene,QRL,37,rank,0.9242,0.0772,0.0
scene,QRL,37,clip_std,0.1009,0.364,0.1002
scene,QRL,38,raw,0.51,0.1036,0.8914
scene,QRL,38,zscore,0.1368,0.2163,0.0635
scene,QRL,38,rank,0.9242,0.0772,0.0
scene,QRL,38,clip_std,0.0983,0.3785,0.0943
scene,QRL,39,raw,0.5386,0.0959,0.9375
scene,QRL,39,zscore,0.1177,0.2172,0.0812
scene,QRL,39,rank,0.9242,0.0772,0.0
scene,QRL,39,clip_std,0.0992,0.3532,0.1182
scene,QRL,40,raw,0.5923,0.0862,0.9576
scene,QRL,40,zscore,0.135,0.219,0.0631
scene,QRL,40,rank,0.9242,0.0772,0.0
scene,QRL,40,clip_std,0.0999,0.3753,0.0946
scene,QRL,41,raw,0.5082,0.104,0.8894
scene,QRL,41,zscore,0.15,0.2051,0.0641
scene,QRL,41,rank,0.9242,0.0772,0.0
scene,QRL,41,clip_std,0.099,0.3679,0.1085
scene,QRL,42,raw,0.1305,0.4649,0.2141
scene,QRL,42,zscore,0.136,0.2172,0.0634
scene,QRL,42,rank,0.9242,0.0772,0.0
scene,QRL,42,clip_std,0.0989,0.3774,0.0944
scene,QRL,43,raw,0.5034,0.1032,0.9266
scene,QRL,43,zscore,0.1709,0.2704,0.0505
scene,QRL,43,rank,0.9242,0.0772,0.0
scene,QRL,43,clip_std,0.3129,0.2722,0.0
scene,QRL,44,raw,0.5589,0.0926,0.9322
scene,QRL,44,zscore,0.1379,0.2153,0.0636
scene,QRL,44,rank,0.9242,0.0772,0.0
scene,QRL,44,clip_std,0.0981,0.3785,0.0943
scene,QRL,45,raw,0.2923,0.2141,0.6279
scene,QRL,45,zscore,0.1576,0.1883,0.0582
scene,QRL,45,rank,0.9242,0.0772,0.0
scene,QRL,45,clip_std,0.1218,0.3295,0.077
scene,QRL,46,raw,0.4647,0.1166,0.8459
scene,QRL,46,zscore,0.1434,0.2134,0.0633
scene,QRL,46,rank,0.9242,0.0772,0.0
scene,QRL,46,clip_std,0.0982,0.373,0.0989
scene,QRL,47,raw,0.5807,0.088,0.9571
scene,QRL,47,zscore,0.1254,0.2218,0.0809
scene,QRL,47,rank,0.9242,0.0772,0.0
scene,QRL,47,clip_std,0.1025,0.3586,0.0964
scene,QRL,48,raw,0.5924,0.0859,0.9654
scene,QRL,48,zscore,0.1465,0.2108,0.0635
scene,QRL,48,rank,0.9242,0.0772,0.0
scene,QRL,48,clip_std,0.0987,0.3726,0.0946
scene,QRL,49,raw,0.4367,0.1249,0.8368
scene,QRL,49,zscore,0.1212,0.1872,0.0739
scene,QRL,49,rank,0.9242,0.0772,0.0
scene,QRL,49,clip_std,0.1041,0.3492,0.1079
scene,QRL,50,raw,0.3876,0.1471,0.7663
scene,QRL,50,zscore,0.1375,0.2157,0.0636
scene,QRL,50,rank,0.9242,0.0772,0.0
scene,QRL,50,clip_std,0.0984,0.3782,0.0943
scene,QRL,51,raw,0.4871,0.1081,0.8987
scene,QRL,51,zscore,0.1272,0.2399,0.0819
scene,QRL,51,rank,0.9242,0.0772,0.0
scene,QRL,51,clip_std,0.115,0.3429,0.0
scene,QRL,52,raw,0.5738,0.0896,0.9414
scene,QRL,52,zscore,0.1352,0.2178,0.0633
scene,QRL,52,rank,0.9242,0.0772,0.0
scene,QRL,52,clip_std,0.0994,0.3764,0.0945
scene,QRL,53,raw,0.1724,0.4618,0.2183
scene,QRL,53,zscore,0.1851,0.2744,0.0389
scene,QRL,53,rank,0.9242,0.0772,0.0
scene,QRL,53,clip_std,0.3567,0.2581,0.0
scene,QRL,54,raw,0.5335,0.0978,0.9189
scene,QRL,54,zscore,0.1352,0.219,0.0631
scene,QRL,54,rank,0.9242,0.0772,0.0
scene,QRL,54,clip_std,0.0999,0.3749,0.0946
scene,QRL,55,raw,0.5766,0.089,0.95
scene,QRL,55,zscore,0.1582,0.2137,0.0562
scene,QRL,55,rank,0.9242,0.0772,0.0
scene,QRL,55,clip_std,0.1063,0.3569,0.0965
scene,QRL,56,raw,0.5858,0.0873,0.9542
scene,QRL,56,zscore,0.1363,0.2168,0.0635
scene,QRL,56,rank,0.9242,0.0772,0.0
scene,QRL,56,clip_std,0.0988,0.3776,0.0944
scene,QRL,57,raw,0.4296,0.1265,0.8448
scene,QRL,57,zscore,0.146,0.2051,0.0635
scene,QRL,57,rank,0.9242,0.0772,0.0
scene,QRL,57,clip_std,0.1023,0.3588,0.1047
scene,QRL,58,raw,0.1859,0.1692,0.0542
scene,QRL,58,zscore,0.1524,0.2103,0.057
scene,QRL,58,rank,0.9242,0.0772,0.0
scene,QRL,58,clip_std,0.1024,0.3675,0.091
scene,QRL,59,raw,0.5482,0.0945,0.9301
scene,QRL,59,zscore,0.116,0.2356,0.0916
scene,QRL,59,rank,0.9242,0.0772,0.0
scene,QRL,59,clip_std,0.0982,0.3675,0.1081
scene,QRL,60,raw,0.5465,0.0948,0.927
scene,QRL,60,zscore,0.1405,0.2153,0.0632
scene,QRL,60,rank,0.9242,0.0772,0.0
scene,QRL,60,clip_std,0.0983,0.3737,0.0945
scene,QRL,61,raw,0.225,0.3402,0.4455
scene,QRL,61,zscore,0.1403,0.212,0.0698
scene,QRL,61,rank,0.9242,0.0772,0.0
scene,QRL,61,clip_std,0.1037,0.3667,0.0869
scene,QRL,62,raw,0.409,0.1375,0.788
scene,QRL,62,zscore,0.135,0.2185,0.0632
scene,QRL,62,rank,0.9242,0.0772,0.0
scene,QRL,62,clip_std,0.0997,0.376,0.0946
scene,QRL,63,raw,0.5291,0.0973,0.9411
scene,QRL,63,zscore,0.146,0.2691,0.0682
scene,QRL,63,rank,0.9242,0.0772,0.0
scene,QRL,63,clip_std,0.2675,0.2874,0.0
