training/actor/actor_loss,training/actor/adv,training/actor/bc_log_prob,training/actor/mse,training/actor/std,training/critic/binary_accuracy,training/critic/categorical_accuracy,training/critic/contrastive_loss,training/critic/logits,training/critic/logits_neg,training/critic/logits_pos,training/critic/v_max,training/critic/v_mean,training/critic/v_min,training/grad/max,training/grad/min,training/grad/norm,training/value/binary_accuracy,training/value/categorical_accuracy,training/value/contrastive_loss,training/value/logits,training/value/logits_neg,training/value/logits_pos,training/value/v_max,training/value/v_mean,training/value/v_min,validation/actor/actor_loss,validation/actor/adv,validation/actor/bc_log_prob,validation/actor/mse,validation/actor/std,validation/critic/binary_accuracy,validation/critic/categorical_accuracy,validation/critic/contrastive_loss,validation/critic/logits,validation/critic/logits_neg,validation/critic/logits_pos,validation/critic/v_max,validation/critic/v_mean,validation/critic/v_min,validation/value/binary_accuracy,validation/value/categorical_accuracy,validation/value/contrastive_loss,validation/value/logits,validation/value/logits_neg,validation/value/logits_pos,validation/value/v_max,validation/value/v_mean,validation/value/v_min,time/epoch_time,time/total_time,step
125.35243,0.011383876,-9.609713,0.5645511,1.0,0.43080235,0.0029296875,0.8213829,0.0735625,0.07337693,0.26340154,16.352482,1.913935,0.030083485,3.4549525,-3.8225455,116.749664,0.6682997,0.0,0.6213383,-0.3245648,-0.3245223,-0.36809608,6.7749753,0.87935793,0.076995924,113.75142,0.053450722,-9.561932,0.5526058,1.0,0.98325634,0.0,0.0779749,-4.9034286,-4.903122,-5.217718,9.29908,0.12437734,2.8383874e-05,0.97199917,0.0009765625,0.076126456,-5.38109,-5.380605,-5.877057,6.260522,0.08674834,1.9818444e-05,0.01362653775215149,68.1326904296875,1
25.758915,-0.15139952,-8.887924,0.38410383,1.0,0.9990444,0.1015625,0.0055412077,-11.107267,-11.113677,-4.551256,6.328865,0.090506196,1.6933527e-06,0.30574894,-0.34051996,9.404812,0.99904156,0.11816406,0.005517833,-11.084245,-11.090539,-4.645082,8.31033,0.10503298,3.9564435e-07,16.506073,-0.2599122,-8.84099,0.37237045,1.0,0.9990177,0.078125,0.005519293,-10.918338,-10.924562,-4.5519295,3.6995459,0.062193252,1.0779572e-07,0.99899864,0.08496094,0.0055309827,-10.758005,-10.764138,-4.4835744,5.5400696,0.08895446,3.0321797e-07,0.2636345847129822,1386.305615901947,5000
25.516142,-0.16215181,-8.801221,0.3624282,1.0,0.9990406,0.14160156,0.0051763942,-11.232651,-11.239453,-4.272295,22.363016,0.13958429,9.688001e-06,0.46153134,-0.46654794,11.08899,0.99904156,0.13867188,0.0052303504,-10.839287,-10.845661,-4.3186045,5.3254585,0.11157295,2.1222422e-05,18.083569,-0.21992731,-8.813454,0.3654865,1.0,0.9989357,0.11328125,0.0053388677,-11.371208,-11.378144,-4.274849,13.771497,0.16721986,1.1385883e-06,0.99893665,0.10644531,0.0053571365,-10.948549,-10.955091,-4.2566166,14.949439,0.18486091,1.8627359e-06,0.2719739326477051,2746.175281047821,10000
34.621563,-0.0808682,-8.771212,0.3549261,1.0,0.99905777,0.16601562,0.0049166176,-11.207155,-11.214218,-3.981308,27.197763,0.19028619,8.059311e-06,0.7487534,-0.60728043,17.786049,0.99906063,0.15234375,0.004990887,-10.848766,-10.85539,-4.0736427,32.19868,0.18167804,4.3284135e-06,28.243317,-0.17781217,-8.821545,0.3675089,1.0,0.9989414,0.14550781,0.0051313136,-11.20731,-11.21442,-3.933607,54.617104,0.39021748,1.6690443e-05,0.99892044,0.12207031,0.0053137993,-10.799067,-10.80573,-3.9821916,62.046368,0.52926075,4.98883e-06,0.14758303151130675,3484.0904433727264,15000
38.971474,-0.0789293,-8.776796,0.356322,1.0,0.9990549,0.20019531,0.0047945296,-11.429398,-11.436774,-3.882835,32.753838,0.33046222,2.6009795e-05,1.0645535,-0.6848039,17.883636,0.9990549,0.16699219,0.0048928233,-10.99099,-10.99784,-3.9827576,17.148878,0.3120543,1.4902746e-05,32.157036,-0.13099676,-8.726955,0.3438617,1.0,0.998991,0.14941406,0.0049245902,-11.168045,-11.175252,-3.793808,122.717155,0.76468444,8.0998025e-06,0.9989929,0.14355469,0.0050410614,-10.770774,-10.777494,-3.8965013,90.67954,0.6417966,9.91995e-06,0.02197917900085449,3593.986340045929,20000
37.009384,-0.15077421,-8.720819,0.3423278,1.0,0.99906063,0.19726562,0.004638142,-11.64641,-11.65427,-3.6054187,25.682365,0.37401193,3.5180583e-05,2.211053,-1.098688,23.423466,0.999053,0.18457031,0.0047445763,-11.177177,-11.184507,-3.6789088,20.19782,0.393198,1.6888602e-05,36.14544,-0.11611132,-8.756563,0.35126373,1.0,0.9989815,0.14746094,0.004969379,-11.520018,-11.5275135,-3.851984,24.65086,0.31875262,7.178121e-06,0.9989786,0.140625,0.0050622863,-11.021777,-11.028722,-3.91682,54.553234,0.4047026,3.5271132e-06,0.16350998578071593,4411.536273956299,25000
35.66787,-0.1292761,-8.692381,0.33521813,1.0,0.99905777,0.1640625,0.0047821607,-11.623382,-11.630972,-3.858035,78.17808,0.38181898,8.273763e-06,0.78735626,-0.7294359,14.388021,0.9990587,0.16503906,0.0048721624,-11.207943,-11.21504,-3.9474578,39.957157,0.38545775,2.1993621e-05,37.779434,-0.13690414,-8.743727,0.34805456,1.0,0.99889374,0.15234375,0.005230218,-11.7737465,-11.781567,-3.773531,70.65222,0.8380447,3.2248051e-06,0.9989033,0.14160156,0.005232893,-11.368532,-11.375869,-3.8633256,95.92468,0.7591467,2.3215816e-06,0.016742176103591917,4495.247155666351,30000
30.673283,-0.124908164,-8.710007,0.33962476,1.0,0.9990654,0.2109375,0.004633653,-11.783659,-11.791608,-3.6522765,55.261127,0.47650382,1.9513944e-05,0.8891003,-0.7240028,15.875959,0.99906445,0.18066406,0.0047097076,-11.397558,-11.405055,-3.7279434,37.74218,0.47354683,1.2439023e-05,34.809708,-0.19841579,-8.728845,0.34433413,1.0,0.99892235,0.171875,0.00499071,-11.998001,-12.006136,-3.6756144,127.39408,1.0243835,1.5326137e-05,0.9989052,0.16894531,0.0050918274,-11.586962,-11.594638,-3.7334414,60.67612,0.9113577,2.0017284e-05,0.14963581104278564,5243.426216602325,35000
30.913105,-0.16883647,-8.732164,0.34516406,1.0,0.9990587,0.1953125,0.004592752,-11.918713,-11.926858,-3.585518,57.48287,0.47603086,0.00010064484,1.1826715,-0.64236534,15.462418,0.99905586,0.17675781,0.004659441,-11.475811,-11.483443,-3.6673717,147.04349,0.64935917,2.6872365e-05,41.51999,-0.15611154,-8.725683,0.34354365,1.0,0.9989357,0.17578125,0.00496263,-11.996141,-12.00423,-3.7221663,199.46829,0.85932314,4.6832633e-07,0.99893475,0.16699219,0.005034606,-11.544377,-11.551966,-3.7815351,169.7578,0.98430955,1.969754e-06,0.010061857795715333,5293.735507726669,40000
33.374176,-0.13715594,-8.713454,0.3404864,1.0,0.999073,0.2109375,0.0045455396,-12.087326,-12.095651,-3.5706477,191.89355,0.59001255,4.700495e-05,1.0449358,-0.60759664,14.10479,0.99907684,0.203125,0.004622479,-11.604698,-11.612443,-3.6810217,69.14265,0.52309036,7.420405e-05,36.43659,-0.12428969,-8.726854,0.34383652,1.0,0.998971,0.1640625,0.0048423614,-11.905846,-11.913874,-3.6940317,32.440037,0.35530525,1.8917511e-07,0.99896336,0.12695312,0.0049887737,-11.479256,-11.486771,-3.7909627,41.414227,0.47101593,1.160943e-06,0.156744358921051,6077.457306623459,45000
39.339767,-0.13079228,-8.711717,0.34005216,1.0,0.9990835,0.22949219,0.0045035947,-12.200247,-12.208757,-3.494709,57.86461,0.6691046,5.9381614e-06,1.2414621,-1.3524857,19.805471,0.9990816,0.21289062,0.0045688096,-11.787737,-11.795756,-3.5826516,47.64626,0.7343223,4.9161667e-06,45.01673,-0.108563244,-8.75784,0.351583,1.0,0.99893093,0.14648438,0.0050443728,-12.086873,-12.095028,-3.744443,202.6682,0.85604656,1.6145036e-06,0.99892616,0.14648438,0.005154606,-11.684593,-11.692257,-3.8450336,64.423546,0.7920102,9.117267e-07,0.012217085599899292,6138.542740106583,50000
30.384632,-0.16294795,-8.697728,0.33655503,1.0,0.9990692,0.2109375,0.004517949,-12.24642,-12.254941,-3.5277936,89.67204,0.59398925,4.352418e-06,0.57712424,-0.4926727,13.349329,0.99907017,0.21386719,0.0046011303,-11.773605,-11.781582,-3.6133077,73.858475,0.6180902,4.0703276e-06,44.469166,-0.102472104,-8.726728,0.34380478,1.0,0.9989834,0.17285156,0.004965782,-12.310385,-12.318747,-3.7560596,441.3798,0.8824405,4.1373646e-06,0.99898624,0.14355469,0.005051081,-11.846216,-11.853998,-3.8847485,329.5374,0.9658952,1.9603522e-06,0.1495129913330078,6886.107698202133,55000
39.08101,-0.13578585,-8.702513,0.337751,1.0,0.99906254,0.21582031,0.0045223814,-12.317297,-12.325846,-3.5713696,159.10007,0.4990306,9.850932e-06,0.6553914,-1.2379823,19.484324,0.9990654,0.19921875,0.004627981,-11.806473,-11.814428,-3.6680512,53.610825,0.46560055,3.838081e-06,46.07527,-0.1253506,-8.72303,0.3428803,1.0,0.9989948,0.17773438,0.0047687483,-12.065435,-12.073681,-3.6302264,50.92662,0.39838555,6.0964444e-06,0.99899864,0.16210938,0.004855455,-11.684531,-11.692267,-3.7707958,135.97627,0.5380548,1.166278e-05,0.018322437524795534,6977.719889163971,60000
35.014133,-0.15245904,-8.744774,0.34831634,1.0,0.99906063,0.22460938,0.00452666,-12.484541,-12.493276,-3.5492449,52.783577,0.67012024,2.0124073e-05,1.5158279,-1.3055468,18.462471,0.9990568,0.1953125,0.00461873,-12.112257,-12.120528,-3.6517112,84.31195,0.7089164,2.9928013e-05,38.99938,-0.19341303,-8.686216,0.33367693,1.0,0.9989538,0.17578125,0.00492066,-12.387069,-12.395663,-3.5949259,233.46553,1.1607504,9.0673e-06,0.9989538,0.15234375,0.005019914,-12.057729,-12.065933,-3.6657147,221.11366,1.9292318,1.9779623e-05,0.023240719938278198,7093.9234919548035,65000
35.29934,-0.20074633,-8.716858,0.3413375,1.0,0.9990616,0.18457031,0.0045389105,-12.396399,-12.405044,-3.5532713,68.08276,0.63318753,4.465906e-06,1.288134,-0.9477691,18.284573,0.99906635,0.18945312,0.0046171052,-11.848228,-11.856262,-3.6301897,63.712925,0.5843378,4.2635766e-06,36.67,-0.22650652,-8.700638,0.33728227,1.0,0.99895763,0.18066406,0.0048916494,-12.539122,-12.547761,-3.7013268,124.919334,0.7769964,1.5515103e-06,0.9989424,0.15625,0.0049715685,-12.02653,-12.034641,-3.7288961,77.80922,0.7461742,9.041253e-07,0.018546140241622926,7186.654196977615,70000
38.518272,-0.19447635,-8.68343,0.33298033,1.0,0.9990616,0.22460938,0.0045185876,-12.645538,-12.654461,-3.5173478,116.78905,0.7036238,4.1280928e-05,1.2110054,-0.9234491,18.633507,0.99905777,0.203125,0.004603174,-12.178326,-12.18673,-3.5794528,104.02051,0.87024367,4.7338526e-05,46.13252,-0.20143381,-8.75563,0.35103047,1.0,0.9989767,0.15234375,0.0050676754,-12.405533,-12.413894,-3.8519905,146.14267,0.9516013,1.4826388e-06,0.9989605,0.13867188,0.0051668296,-11.948561,-11.956412,-3.9173493,144.29613,1.1119515,1.0576073e-06,0.016779673337936403,7270.552567243576,75000
35.806953,-0.22597274,-8.680896,0.33234683,1.0,0.9990568,0.18847656,0.004590975,-12.556187,-12.56493,-3.6113973,94.55223,0.59871805,1.0870424e-06,0.934013,-0.6159079,14.177984,0.99905777,0.19433594,0.0046410933,-12.086584,-12.094821,-3.660424,49.2009,0.47114366,1.6329524e-06,49.636234,-0.17425886,-8.747134,0.34890652,1.0,0.99897003,0.16015625,0.004881395,-12.495605,-12.504265,-3.6374507,151.80638,0.90208757,6.4902343e-07,0.99898624,0.14941406,0.0049631093,-12.002553,-12.01059,-3.780737,87.342964,0.8884032,6.78966e-07,0.20032263603210448,8272.165749549866,80000
39.706104,-0.16010989,-8.690003,0.33462387,1.0,0.9990692,0.23046875,0.004468251,-12.522438,-12.531307,-3.4479537,124.575455,0.7862766,1.7146283e-05,1.9669113,-1.9542525,24.071564,0.99906635,0.19433594,0.0045575756,-11.990984,-11.999262,-3.5221825,133.3116,0.9578912,3.5937668e-05,45.30709,-0.19711041,-8.717255,0.34143662,1.0,0.9989567,0.17382812,0.004905682,-12.370481,-12.378978,-3.6774535,65.618706,0.6127608,5.268843e-06,0.99897766,0.1484375,0.0050052973,-11.917286,-11.92526,-3.75987,47.090996,0.8182466,3.423517e-07,0.015430644273757935,8349.318975448608,85000
43.649155,-0.15566304,-8.670891,0.3298457,1.0,0.9990721,0.234375,0.0043566506,-12.601904,-12.610977,-3.3204353,58.3727,0.5276263,1.7402666e-05,1.1693968,-1.0140055,21.011654,0.9990711,0.20996094,0.0044516674,-12.180611,-12.189172,-3.4226851,31.09494,0.48295128,5.958873e-06,46.63778,-0.16191244,-8.728726,0.34430462,1.0,0.9989977,0.16699219,0.004849661,-12.334629,-12.343057,-3.7130704,333.02737,0.9039916,8.562883e-06,0.99898815,0.15820312,0.004917992,-11.902234,-11.910179,-3.7748718,210.41988,0.9435247,8.422606e-06,0.01659522247314453,8432.295090198517,90000
37.598694,-0.18193367,-8.732201,0.34517306,1.0,0.99907494,0.24316406,0.004403324,-12.817114,-12.826263,-3.457395,199.59807,0.6924536,1.7290688e-05,0.71868104,-1.2209285,18.35758,0.999074,0.21972656,0.0044831135,-12.223031,-12.231534,-3.5247133,55.407566,0.5093335,1.1833626e-05,35.526077,-0.25917426,-8.707124,0.33890387,1.0,0.9989071,0.16699219,0.004984945,-12.706701,-12.715544,-3.6609607,984.8633,1.3767428,4.361709e-08,0.9988985,0.14355469,0.0051608114,-12.107571,-12.115768,-3.722086,110.918274,1.1195812,1.5778205e-07,0.016474125719070434,8514.665722608566,95000
42.529137,-0.17360987,-8.654917,0.32585216,1.0,0.9990721,0.21582031,0.004487659,-12.64749,-12.656431,-3.5006037,247.68138,0.8077017,1.9454983e-05,1.2973977,-2.0449126,21.783936,0.99907017,0.20019531,0.004555699,-12.114437,-12.122787,-3.572412,81.694176,0.74350166,3.521047e-06,36.416985,-0.21140271,-8.70607,0.3386405,1.0,0.9989662,0.17382812,0.005001012,-12.554978,-12.563611,-3.7237866,167.0395,1.032532,2.0806148e-07,0.9989662,0.15527344,0.005062919,-12.024517,-12.032552,-3.8054729,111.56137,0.91534144,1.867672e-06,0.016772282552719116,8598.52713727951,100000
35.87541,-0.19214419,-8.70607,0.33864033,1.0,0.9990759,0.24121094,0.0043655457,-12.778404,-12.78763,-3.340012,70.1359,0.6953927,1.4726406e-06,1.027981,-0.9319224,19.175686,0.9990711,0.22851562,0.004447961,-12.379796,-12.388544,-3.4299722,59.977722,0.59792566,3.8361246e-05,48.921776,-0.16472894,-8.729953,0.34461117,1.0,0.9989815,0.18554688,0.0049349098,-12.610811,-12.619503,-3.7189891,124.09789,0.7231989,1.3820352e-07,0.99896336,0.15625,0.0050749118,-12.110232,-12.118361,-3.7944608,71.42181,0.88936514,5.7454025e-07,0.18408646936416626,9518.959489107132,105000
34.114582,-0.23116527,-8.683293,0.3329463,1.0,0.99906826,0.20996094,0.004518071,-12.734978,-12.743961,-3.5457995,397.82623,0.8155631,7.516167e-06,0.9617786,-0.6967203,16.49559,0.99906254,0.19726562,0.0046003894,-12.363514,-12.372066,-3.6144748,62.32329,0.5547114,9.92206e-06,42.547882,-0.23632294,-8.727727,0.34405482,1.0,0.99897385,0.15820312,0.0050202715,-12.675837,-12.6845,-3.8141048,302.19885,1.0281768,3.739238e-08,0.9989805,0.14453125,0.00505697,-12.197428,-12.205602,-3.83585,91.51303,0.960357,1.2956419e-06,0.01834711709022522,9610.695076465607,110000
38.248165,-0.23146227,-8.692083,0.33514386,1.0,0.9990692,0.22363281,0.0045079873,-12.72738,-12.736406,-3.493123,613.1503,1.0618405,9.060527e-07,1.4795659,-1.4374752,21.06808,0.9990692,0.20898438,0.0045481105,-12.331925,-12.3405485,-3.5100384,174.1303,0.86641,2.1026966e-05,56.909702,-0.18477035,-8.696224,0.33617902,1.0,0.99891376,0.18652344,0.0048295287,-12.813252,-12.822317,-3.5392663,291.1539,1.371952,8.270331e-06,0.9989891,0.15527344,0.004892288,-12.302063,-12.310543,-3.6265671,447.48264,1.5968101,6.9886214e-06,0.018359026670455934,9702.490211248398,115000
36.33093,-0.22068395,-8.694864,0.33583897,1.0,0.9990778,0.21679688,0.004361814,-13.0725765,-13.0820875,-3.3417287,63.571358,0.64887977,2.8091758e-06,1.1275613,-0.82267773,16.742855,0.999074,0.19140625,0.004433238,-12.588726,-12.597679,-3.4294424,64.77109,0.6549833,5.903503e-06,50.295673,-0.22953999,-8.699952,0.33711094,1.0,0.99896526,0.18261719,0.004867312,-12.647638,-12.656357,-3.729169,809.0536,1.0156611,7.257725e-07,0.9989548,0.15136719,0.0051013455,-12.225855,-12.234062,-3.8299475,185.8211,1.0030916,2.9507467e-07,0.018354505968093873,9794.26274228096,120000
38.980232,-0.18600348,-8.711344,0.33995885,1.0,0.9990759,0.21191406,0.0044533284,-12.872723,-12.881923,-3.4607038,110.84837,0.7564992,1.15223e-05,0.8541479,-0.8038101,17.883022,0.9990721,0.19824219,0.0045534847,-12.476051,-12.484765,-3.561355,52.506252,0.55912375,4.6102627e-06,39.85196,-0.23213622,-8.713171,0.34041595,1.0,0.9989643,0.18066406,0.004871396,-12.834552,-12.84349,-3.6910863,1431.8248,1.4459805,2.1815856e-08,0.9989538,0.16015625,0.005047377,-12.439889,-12.448401,-3.7326403,109.73649,0.93634,5.2247397e-06,0.023320925760269166,9910.867372751236,125000
37.793213,-0.21983474,-8.68811,0.3341505,1.0,0.9990721,0.2265625,0.0044073598,-12.790064,-12.799246,-3.3969893,237.28639,0.69077396,1.0682479e-06,0.93166727,-2.1276498,21.414806,0.9990673,0.21386719,0.0044604205,-12.327159,-12.335849,-3.4370718,92.45534,0.5865142,2.4648582e-05,41.72789,-0.21177813,-8.714887,0.34084463,1.0,0.9989786,0.16503906,0.004787113,-12.742058,-12.750992,-3.6029391,403.7013,0.7946399,1.9970942e-06,0.99897766,0.16015625,0.0049334904,-12.260948,-12.269324,-3.6922987,91.284485,0.7662988,4.5300925e-07,0.0249893177986145,10035.813963890076,130000
44.523983,-0.17107981,-8.664106,0.32814968,1.0,0.99906445,0.23828125,0.004380774,-12.992437,-13.001835,-3.3788822,178.68927,0.94809526,1.9239137e-06,1.0130758,-0.82095295,18.530647,0.9990635,0.22167969,0.0044652363,-12.505259,-12.514109,-3.4507477,94.509224,0.88834596,5.7808056e-06,39.916676,-0.22422329,-8.712168,0.34016487,1.0,0.99900055,0.21191406,0.0047287196,-12.856932,-12.865986,-3.5958107,241.19374,0.83622015,1.9838811e-07,0.99900436,0.1875,0.004787053,-12.393406,-12.401952,-3.6516445,271.2679,1.1674602,3.642892e-06,0.017554221248626708,10123.585074663162,135000
37.189213,-0.1591952,-8.670075,0.32964164,1.0,0.9990587,0.20410156,0.004520735,-12.770839,-12.779884,-3.5185306,291.34805,0.6942935,3.172055e-06,1.7421123,-2.2638557,19.654114,0.99905396,0.1953125,0.0045719855,-12.242264,-12.250732,-3.5795827,75.36769,0.6571226,1.6297048e-05,35.314148,-0.28613472,-8.734508,0.3457499,1.0,0.999012,0.18652344,0.0047200685,-12.798527,-12.807504,-3.6139972,129.33376,0.7869158,6.781703e-06,0.9990072,0.18066406,0.0047778166,-12.252123,-12.260547,-3.6359591,189.6489,0.99392784,2.1103346e-05,0.016751579618453978,10207.342974424362,140000
33.637344,-0.21036054,-8.692165,0.3351644,1.0,0.99907684,0.24316406,0.004309749,-13.114183,-13.12383,-3.2464278,785.9746,1.2803042,2.684739e-05,0.6969429,-0.8142022,18.849163,0.999074,0.21582031,0.0043960903,-12.651215,-12.660322,-3.3344624,74.74869,0.8182333,2.856018e-05,39.225925,-0.20374037,-8.700193,0.33717132,1.0,0.99900055,0.16015625,0.004826115,-13.002627,-13.011772,-3.6481357,2338.8303,2.1522708,1.7889103e-06,0.9990053,0.15039062,0.0048741717,-12.525674,-12.534297,-3.704643,927.324,1.9746423,7.616981e-06,0.016836353588104248,10291.524743795395,145000
46.75309,-0.12986195,-8.666784,0.32881904,1.0,0.999074,0.24316406,0.0043146955,-13.000162,-13.009613,-3.3312922,295.58255,0.9146538,4.879756e-06,1.3505152,-1.5157086,24.542809,0.999074,0.20996094,0.004383185,-12.648668,-12.657685,-3.424117,245.11293,0.9229203,3.2869161e-06,38.81835,-0.21324763,-8.681536,0.33250687,1.0,0.99896145,0.19824219,0.0048150653,-12.931147,-12.940253,-3.615606,275.48566,0.90884227,5.063465e-08,0.9989567,0.16992188,0.004913837,-12.568109,-12.576772,-3.7060807,380.61005,1.6346571,1.3518911e-07,0.016847363138198852,10375.761561870575,150000
53.549767,-0.15638208,-8.68362,0.33302808,1.0,0.9990673,0.23535156,0.004428809,-13.045718,-13.055131,-3.4152417,98.66512,0.6488315,4.8631146e-06,1.4656347,-1.6906656,27.422379,0.9990654,0.22558594,0.004495239,-12.547574,-12.556408,-3.5107408,135.61476,0.6268666,3.4661192e-05,46.818573,-0.2478214,-8.6908655,0.33483934,1.0,0.99892235,0.16894531,0.004881022,-13.020979,-13.030137,-3.6514196,238.845,0.87894964,5.4784937e-08,0.9989519,0.16113281,0.004943707,-12.489249,-12.49783,-3.7110577,1374.9858,2.5405138,3.263848e-08,0.27908901772499084,11771.20665550232,155000
31.95093,-0.23852794,-8.755003,0.35087353,1.0,0.9990721,0.234375,0.0043543195,-13.223082,-13.232793,-3.287485,80.77133,0.7591972,3.4352859e-06,1.0500997,-1.608277,21.169107,0.9990692,0.203125,0.004421618,-12.713814,-12.7229595,-3.3570828,137.01067,0.8348055,3.543727e-05,42.315018,-0.30056122,-8.717338,0.3414575,1.0,0.99902534,0.19042969,0.0048160544,-12.964973,-12.974031,-3.6974444,557.1933,1.1068554,3.6181206e-07,0.99903107,0.16015625,0.0048742844,-12.443171,-12.451685,-3.7334409,388.59094,1.6456459,1.8859491e-05,0.0183326913356781,11862.870118618011,160000
47.994164,-0.18935296,-8.685105,0.33339924,1.0,0.99906445,0.22167969,0.004474413,-12.942449,-12.951641,-3.537683,151.41008,0.4923337,8.854706e-06,0.89505094,-0.8448976,22.20715,0.9990616,0.21289062,0.004522236,-12.493035,-12.501743,-3.5845804,97.76869,0.6124847,1.9179664e-05,43.00716,-0.23625937,-8.719032,0.3418813,1.0,0.9989548,0.16601562,0.0048501063,-13.001387,-13.010406,-3.7751222,495.74484,0.7182599,2.724566e-07,0.99900055,0.15136719,0.00493297,-12.497953,-12.506408,-3.8506403,123.57336,0.8144501,1.0386464e-07,0.01962207088470459,11960.980475187302,165000
33.424805,-0.21398787,-8.73097,0.34486568,1.0,0.9990692,0.23339844,0.0043511116,-13.152174,-13.161814,-3.292005,374.39273,0.87728894,4.065626e-06,0.65008634,-0.76627815,15.833664,0.9990673,0.22363281,0.0043837624,-12.587981,-12.597024,-3.3369844,81.566154,0.88770497,2.6923308e-05,40.15788,-0.28630888,-8.679394,0.3319714,1.0,0.9989319,0.18945312,0.004844556,-12.971094,-12.980396,-3.454699,503.10098,1.3482965,2.6623422e-07,0.99892616,0.18359375,0.0049354574,-12.408089,-12.416802,-3.4945593,95.670296,0.9549911,1.9852164e-06,0.025027527189254762,12086.11811542511,170000
37.646255,-0.1791074,-8.646614,0.32377642,1.0,0.9990797,0.24511719,0.0043667858,-13.051676,-13.0611315,-3.379462,317.0834,1.1480584,1.3502857e-05,1.6262183,-1.0522301,21.387814,0.9990835,0.22558594,0.0044183275,-12.564097,-12.573023,-3.4342532,147.84514,0.7070305,3.2811485e-07,42.961563,-0.23591572,-8.696926,0.33635455,1.0,0.9989681,0.15234375,0.004972461,-12.954224,-12.963223,-3.747937,399.34006,0.9786482,7.251833e-08,0.9989548,0.14746094,0.005089904,-12.438898,-12.447304,-3.8397813,95.40616,0.7551404,3.917219e-06,0.019031709337234498,12181.276664018631,175000
37.49221,-0.19202095,-8.713561,0.3405131,1.0,0.99907017,0.22167969,0.004420581,-13.17961,-13.189165,-3.405385,85.84696,0.58806145,2.3401619e-05,0.82721364,-1.2868116,15.569494,0.99907017,0.20410156,0.0044823964,-12.749332,-12.758396,-3.4772038,54.881958,0.53308517,1.1331504e-06,36.18188,-0.33655304,-8.715361,0.3409632,1.0,0.9989691,0.18457031,0.0047605317,-13.118837,-13.128174,-3.5681767,253.9211,0.7142781,1.756955e-06,0.9989643,0.17578125,0.004856904,-12.649001,-12.657877,-3.5682845,234.72487,1.1892034,2.9339149e-06,0.016831956005096436,12265.436447620392,180000
35.72187,-0.24291763,-8.654038,0.32563266,1.0,0.9990778,0.24609375,0.0043554385,-13.25414,-13.263835,-3.3351698,108.907234,0.87526464,7.954243e-06,1.2404671,-0.9344847,17.133387,0.9990835,0.23730469,0.0043923026,-12.660852,-12.669957,-3.3468738,133.20212,1.072841,1.928476e-05,46.171265,-0.25521672,-8.747276,0.34894216,1.0,0.9989767,0.16601562,0.0048524113,-13.043678,-13.052834,-3.67846,736.6584,1.2379758,1.2040521e-06,0.9989548,0.15136719,0.0049140058,-12.557194,-12.5658655,-3.6867297,422.61075,1.35233,2.3171258e-05,0.01683993983268738,12349.63614821434,185000
44.100983,-0.21441177,-8.639969,0.32211548,1.0,0.9990778,0.22070312,0.0045157718,-13.145402,-13.154855,-3.4759176,1849.569,1.565501,7.682654e-06,0.86716735,-1.0382712,19.888222,0.999074,0.20898438,0.004563622,-12.695207,-12.704163,-3.533197,181.7271,0.86419183,2.0206428e-06,44.689476,-0.26992568,-8.711071,0.33989072,1.0,0.99899006,0.19433594,0.00492657,-12.967272,-12.976269,-3.7629976,421.24228,1.0628746,1.5304089e-08,0.9989929,0.17285156,0.0049826736,-12.414912,-12.423348,-3.7846267,670.84064,1.965832,6.6755305e-08,0.016835001373291015,12433.811156749725,190000
43.35516,-0.22450075,-8.674433,0.3307311,1.0,0.9990845,0.23828125,0.0043774694,-13.366234,-13.37596,-3.4151065,149.49054,0.82865214,8.782681e-06,0.9403315,-0.9681556,20.649101,0.99908066,0.21875,0.0044538286,-12.893297,-12.90251,-3.467544,75.240685,0.61776423,1.945901e-05,37.526337,-0.34892988,-8.701241,0.33743325,1.0,0.9989414,0.18359375,0.0048674806,-13.364683,-13.374085,-3.7464302,76.75497,0.5568905,1.9810063e-08,0.9989319,0.15820312,0.004980511,-12.857819,-12.866725,-3.7473202,379.86484,0.90787816,8.755706e-07,0.016840903425216675,12518.015676021576,195000
37.99305,-0.22692235,-8.686932,0.3338558,1.0,0.9990854,0.24804688,0.0042533837,-13.399141,-13.409061,-3.251368,152.80934,0.8218081,1.6014088e-05,1.122179,-0.62907374,16.541773,0.9990797,0.2265625,0.004329115,-12.8649845,-12.87433,-3.304918,197.18747,0.9007522,2.0683383e-06,46.332264,-0.2827273,-8.688694,0.3342963,1.0,0.9989538,0.19433594,0.0047400226,-13.249004,-13.2585,-3.534098,1178.9023,1.4611676,2.2104864e-08,0.99895954,0.171875,0.004809764,-12.762762,-12.771704,-3.6159062,336.93628,1.101218,2.8360805e-08,0.016832271814346312,12602.177037000656,200000
38.11746,-0.16343948,-8.668074,0.32914132,1.0,0.9990673,0.2265625,0.0043762797,-13.214064,-13.223674,-3.3836417,241.32913,0.7369591,4.1219477e-07,1.0777552,-1.168489,19.30754,0.9990654,0.19335938,0.0044715866,-12.653346,-12.662306,-3.4877548,53.635933,0.5023576,2.2777998e-07,41.340263,-0.30315563,-8.706999,0.33887267,1.0,0.99891853,0.171875,0.004803295,-13.221827,-13.231343,-3.4866543,113.403824,0.63561934,4.04027e-06,0.99891186,0.1796875,0.0049318923,-12.619918,-12.628783,-3.55087,216.57901,1.1010588,1.4708679e-06,0.28963719081878664,14050.3629925251,205000
37.603592,-0.24876879,-8.74432,0.348203,1.0,0.9990654,0.21777344,0.0045024357,-13.372853,-13.382542,-3.462086,24526.902,12.925035,1.9078689e-05,1.4859324,-1.4208007,22.51138,0.9990635,0.19921875,0.0045401547,-12.803666,-12.8127575,-3.5023074,171.86772,0.98811936,8.253509e-06,49.100906,-0.28431782,-8.703096,0.337897,1.0,0.99895763,0.16894531,0.004934003,-13.190554,-13.199836,-3.6947367,163.3431,0.828628,3.333986e-07,0.9989605,0.16015625,0.0050559873,-12.720918,-12.729654,-3.7835498,216.1454,1.2674246,2.426511e-06,0.018356265878677367,14142.144327640533,210000
38.943558,-0.1983847,-8.65842,0.326728,1.0,0.99906635,0.23046875,0.0043683792,-13.458099,-13.467977,-3.353931,42.065044,0.6581861,4.6006876e-06,1.4400716,-1.0532482,19.00821,0.9990692,0.23046875,0.0044126743,-12.956644,-12.96597,-3.4171824,40.056232,0.66825306,5.735382e-06,46.657875,-0.25181907,-8.695614,0.3360264,1.0,0.9989519,0.17285156,0.004970704,-13.092158,-13.101367,-3.6720228,900.0147,1.6196103,3.1943082e-09,0.99895096,0.15234375,0.004987823,-12.689663,-12.698377,-3.7755864,158.20555,1.0054181,1.4962286e-07,0.018361642122268675,14233.952539920807,215000
45.21238,-0.23321009,-8.68719,0.3339206,1.0,0.99907875,0.2578125,0.0042552776,-13.420039,-13.430001,-3.2279167,219.53296,0.7758142,2.3913452e-05,1.2971982,-0.9564998,20.359573,0.9990778,0.24023438,0.0043157944,-12.98108,-12.990538,-3.3059678,40.42491,0.6026648,1.7408435e-06,43.03638,-0.23202358,-8.681349,0.33246022,1.0,0.9989939,0.16503906,0.0048503457,-13.102827,-13.112054,-3.6648648,109.85104,0.6815065,1.2349297e-07,0.9989824,0.16796875,0.0048992494,-12.686745,-12.695506,-3.7222948,81.735794,0.56207263,3.4154783e-07,0.024415351009368896,14356.029296636581,220000
44.47689,-0.21105814,-8.662305,0.32769907,1.0,0.99906826,0.23339844,0.0043686507,-13.533471,-13.543434,-3.340963,87.14656,0.86571884,1.2341704e-05,1.2249194,-0.9024756,20.62563,0.999073,0.22265625,0.0044502905,-12.991563,-13.000932,-3.406547,85.06658,0.8662737,2.2268061e-06,46.98424,-0.30224064,-8.714241,0.34068313,1.0,0.9989834,0.17773438,0.004915096,-13.217974,-13.227243,-3.735647,194.42348,0.6722693,6.219668e-08,0.9989996,0.16113281,0.0049189217,-12.666577,-12.675298,-3.7450104,123.07351,0.721996,3.4818527e-07,0.02498377890586853,14480.948192596436,225000
42.119915,-0.21826099,-8.657637,0.32653213,1.0,0.9990711,0.2421875,0.004374577,-13.33083,-13.34061,-3.326308,202.74283,1.1423075,7.853862e-06,1.1836214,-1.1435586,21.883385,0.99906445,0.2109375,0.0044543506,-12.78306,-12.79219,-3.4429193,149.02835,0.75461614,2.6292282e-05,39.509968,-0.26082942,-8.686095,0.33364674,1.0,0.9990101,0.18066406,0.0047903396,-13.176975,-13.186248,-3.6920547,207.10724,0.82295084,3.4574118e-06,0.99900913,0.16894531,0.004824918,-12.691872,-12.700629,-3.732755,362.55185,1.5220017,5.345614e-07,0.02500070080757141,14605.951698064804,230000
43.640793,-0.22214332,-8.703131,0.33790556,1.0,0.9990711,0.24609375,0.004316848,-13.192875,-13.202579,-3.265725,254.49928,1.0049043,3.2395392e-06,1.4419444,-1.7405318,24.013157,0.99906635,0.2265625,0.0044069495,-12.673372,-12.682477,-3.3586679,203.10724,0.98799235,9.685323e-06,48.637432,-0.28346133,-8.695457,0.3359872,1.0,0.99900913,0.17871094,0.004775747,-13.148072,-13.157378,-3.627457,743.92224,0.93013537,4.1451707e-07,0.99901104,0.17382812,0.0048360783,-12.525254,-12.533908,-3.6730742,314.96738,1.079698,1.3179696e-06,0.02499140682220459,14730.90873336792,235000
33.830452,-0.24924384,-8.6363945,0.3212217,1.0,0.99907494,0.22949219,0.0043660887,-13.494912,-13.504802,-3.3773632,326.58447,0.9689814,1.0016042e-06,1.0909693,-1.6870422,19.808144,0.999074,0.22167969,0.0044147563,-13.051479,-13.060895,-3.419693,570.5017,1.1270208,4.7862586e-06,59.431396,-0.17858443,-8.766076,0.353642,1.0,0.9989834,0.19726562,0.004738861,-13.432537,-13.4421625,-3.5860379,133.18826,0.8821706,1.0025507e-09,0.99898624,0.17773438,0.0047806893,-12.861977,-12.871003,-3.6273015,452.12527,1.9185293,2.3684647e-07,0.025020055341720582,14856.00901389122,240000
37.592064,-0.21987256,-8.688406,0.33422434,1.0,0.9990654,0.24707031,0.0044022505,-13.298044,-13.307708,-3.4133222,163.64528,0.5686028,1.3583613e-06,0.83100265,-1.1836717,19.520988,0.9990673,0.21972656,0.004451079,-12.81056,-12.819677,-3.4836636,37.366817,0.47594878,2.4512852e-05,39.789967,-0.29675746,-8.709234,0.33943152,1.0,0.99902916,0.19042969,0.004824678,-13.083584,-13.092728,-3.7294757,174.86885,0.63166696,7.848056e-07,0.99901295,0.171875,0.004912641,-12.597441,-12.606057,-3.783204,494.09735,0.93192977,5.701148e-07,0.022840939712524416,14970.213716983795,245000
41.358173,-0.20994228,-8.664944,0.32835898,1.0,0.9990711,0.265625,0.0042132647,-13.658123,-13.668411,-3.1329238,315.56027,1.2555418,2.657637e-05,1.5910933,-1.0552653,20.632748,0.9990692,0.23828125,0.004283298,-13.111872,-13.121561,-3.1990833,96.312706,1.1230108,1.6400982e-05,46.100674,-0.29352608,-8.65342,0.32547793,1.0,0.9989567,0.17773438,0.0048578363,-13.307659,-13.317115,-3.6343274,239.01215,0.82287014,4.0065524e-09,0.9989519,0.17382812,0.004959395,-12.77454,-12.783388,-3.7230334,177.92789,0.807691,3.90335e-08,0.016856081342697143,15054.49412560463,250000
43.177757,-0.23734069,-8.648077,0.3241425,1.0,0.9990711,0.23632812,0.004360703,-13.46142,-13.471351,-3.303012,321.92886,1.0667211,3.0683525e-05,1.5566924,-1.7885568,22.793636,0.99907494,0.23144531,0.004393443,-12.912519,-12.921892,-3.324969,437.5855,1.2326058,2.2775112e-05,34.642563,-0.34651402,-8.726792,0.34382117,1.0,0.9989929,0.18359375,0.0047281752,-13.33082,-13.340379,-3.5523381,228.50557,0.90700316,2.6460336e-07,0.99898815,0.16894531,0.0048065092,-12.785072,-12.794074,-3.5762403,1269.5051,1.9596097,1.4245852e-06,0.01993052077293396,15154.14673089981,255000
38.22608,-0.2544238,-8.695391,0.33597076,1.0,0.999074,0.26757812,0.004220724,-13.58679,-13.596887,-3.2567573,302.23578,0.68864214,1.9176574e-05,0.91692936,-1.0383208,20.65779,0.99907684,0.24707031,0.004295466,-13.091646,-13.101181,-3.3376482,77.81961,0.52048516,3.3281694e-07,53.241272,-0.25261718,-8.681959,0.33261275,1.0,0.99897003,0.19433594,0.0048100757,-13.341778,-13.351288,-3.6134799,2180.2751,1.8955098,1.560706e-07,0.99897957,0.17480469,0.004829255,-12.883472,-12.892492,-3.6545944,375.4882,1.0898159,2.4895431e-05,0.023431650304794313,15271.30498456955,260000
48.209946,-0.21568388,-8.682954,0.33286157,1.0,0.99906826,0.22753906,0.0044224774,-13.436084,-13.445908,-3.386675,90.50511,0.7766335,3.1476236e-05,1.0964692,-1.9983563,26.464256,0.9990673,0.20410156,0.004488514,-12.843817,-12.852985,-3.4636292,145.02675,0.6651487,3.6886356e-06,44.16153,-0.25487694,-8.709274,0.33944157,1.0,0.9989767,0.17675781,0.0050002774,-13.314384,-13.32368,-3.8042305,103.78502,0.64375705,6.462376e-08,0.9989786,0.14648438,0.005035105,-12.733006,-12.741631,-3.9089098,76.70488,0.4420488,6.027369e-07,0.02349280471801758,15388.769011735916,265000
42.41242,-0.22030921,-8.643518,0.32300264,1.0,0.99906826,0.22851562,0.0043627536,-13.42549,-13.435303,-3.3881023,79.02052,0.5552544,2.098958e-05,1.7471766,-1.6104778,22.905304,0.9990635,0.23925781,0.0044252453,-12.91032,-12.919551,-3.4668438,75.68761,0.61526555,3.3300366e-05,52.108944,-0.23112395,-8.713419,0.34047768,1.0,0.99900055,0.18847656,0.0047446834,-13.388123,-13.397647,-3.6449206,106.750984,0.6737253,3.0580285e-09,0.9989929,0.18847656,0.0048120385,-12.881925,-12.890892,-3.7081923,55.58224,0.5111711,5.943308e-09,0.023395281410217284,15505.745420217514,270000
40.78644,-0.2297723,-8.697165,0.33641425,1.0,0.9990778,0.25683594,0.0042568864,-13.684285,-13.6944685,-3.2673903,84.51571,0.61816645,1.1178077e-05,1.143582,-1.1640198,23.516975,0.99908257,0.23339844,0.004313943,-13.176861,-13.186469,-3.347482,66.099686,0.61338866,1.0203735e-05,45.1475,-0.21245575,-8.672071,0.3301409,1.0,0.99898815,0.17675781,0.0047632623,-13.355336,-13.364883,-3.589036,1305.0018,1.5648096,1.4281329e-06,0.9989872,0.17285156,0.0047970377,-12.782462,-12.791383,-3.6567512,518.062,1.3511988,1.4028216e-06,0.023441263675689696,15622.951740264893,275000
39.18691,-0.23806757,-8.672326,0.33020446,1.0,0.99907875,0.25,0.004310418,-13.540945,-13.550912,-3.3457837,324.39392,0.92521966,5.917623e-06,1.3946458,-2.067882,25.840675,0.99907684,0.22558594,0.004350392,-13.005074,-13.01447,-3.391663,86.94069,0.72358024,6.415199e-06,47.985573,-0.2653162,-8.693511,0.33550072,1.0,0.9989958,0.19628906,0.004774169,-13.341277,-13.350776,-3.6232853,394.3334,1.0497576,1.4680754e-09,0.9989767,0.17382812,0.004883905,-12.870205,-12.879165,-3.7039266,989.84015,2.1621933,1.6885362e-09,0.023380284452438355,15739.853168010712,280000
37.841743,-0.2424817,-8.681274,0.3324415,1.0,0.9990854,0.25976562,0.0042216517,-13.575963,-13.586098,-3.2082634,114.64314,0.6689215,1.40641605e-05,1.5251092,-1.8246986,21.703468,0.9990778,0.23632812,0.0043052984,-12.985335,-12.994818,-3.2843437,184.27213,0.93840086,9.984498e-06,45.394165,-0.29987463,-8.694958,0.33586252,1.0,0.99897385,0.171875,0.004799987,-13.516547,-13.526277,-3.5629306,548.0465,1.2823178,1.3938924e-07,0.99897766,0.17382812,0.004809913,-12.92097,-12.930062,-3.620067,151.03064,0.8535141,6.7534626e-07,0.023390988206863403,15856.808112859726,285000
39.301872,-0.20923352,-8.69686,0.3363381,1.0,0.9990759,0.23925781,0.004341998,-13.507015,-13.516959,-3.3346353,158.17139,0.75966394,6.224389e-05,0.93164796,-1.360701,21.401241,0.99906635,0.21875,0.00442292,-12.916028,-12.925296,-3.434419,199.2581,0.6763379,2.2130907e-05,50.14508,-0.20859763,-8.7353,0.34594804,1.0,0.99900055,0.16699219,0.004758328,-13.332004,-13.341505,-3.6124287,631.8405,1.0492979,9.737817e-06,0.9989891,0.15625,0.004829759,-12.739401,-12.748257,-3.679166,218.36887,1.0425668,2.9127835e-07,0.023387943410873413,15973.747831821442,290000
40.310684,-0.21090427,-8.695816,0.33607703,1.0,0.9990721,0.23925781,0.0043463223,-13.460924,-13.470882,-3.2745261,81.828766,0.64832914,2.2778328e-05,0.822305,-1.2146255,17.938513,0.9990778,0.22558594,0.004410488,-13.038045,-13.047486,-3.3784533,68.203545,0.76002955,1.2162832e-06,49.167492,-0.2953296,-8.691069,0.33489007,1.0,0.9989767,0.16796875,0.004879663,-13.445524,-13.455114,-3.6348796,286.92303,1.2613764,1.6722668e-06,0.99895,0.16601562,0.005006573,-12.8205805,-12.8294935,-3.7017736,259.80746,1.5648087,1.7080176e-06,0.023415238952636717,16090.824028253555,295000
36.05127,-0.22584487,-8.639135,0.3219067,1.0,0.9990778,0.25,0.004324656,-13.486856,-13.496772,-3.3435059,174.20763,0.809034,2.9490684e-06,0.7892463,-1.3217168,16.712395,0.99907017,0.22363281,0.0043835063,-12.909807,-12.919087,-3.4175646,158.70653,0.76452893,4.8581205e-05,54.732048,-0.26418492,-8.702399,0.33772278,1.0,0.9989519,0.18554688,0.004884487,-13.443823,-13.453381,-3.6665988,378.1759,1.1528685,8.2153235e-07,0.99896336,0.16796875,0.004901168,-12.881432,-12.890379,-3.729418,432.48788,1.9605329,5.2750136e-07,0.023435079956054688,16207.999430179596,300000
42.003746,-0.20067382,-8.707909,0.33909997,1.0,0.9990835,0.25097656,0.004282509,-13.630789,-13.640945,-3.2390513,80.40231,0.937184,3.6351632e-06,1.5241921,-1.7924647,25.273441,0.9990835,0.234375,0.0043152533,-13.157398,-13.167039,-3.2947636,49.60546,0.78795683,1.6578335e-05,49.370934,-0.3201648,-8.68203,0.33263046,1.0,0.99892807,0.18457031,0.004952495,-13.381108,-13.390589,-3.6832023,300.65274,1.0341678,1.3477985e-09,0.99891853,0.16308594,0.0049914597,-12.907685,-12.916657,-3.729086,35.441765,0.501375,4.0077137e-09,0.3951266788005829,18183.632826328278,305000
43.98535,-0.20767732,-8.682812,0.33282572,1.0,0.99907494,0.24414062,0.0043097837,-13.556158,-13.566183,-3.300275,190.48723,0.97485185,2.1143574e-05,1.0889077,-1.2724262,21.880795,0.99907875,0.22949219,0.0043636886,-13.1723385,-13.181919,-3.3716836,128.76682,0.88584495,6.3440376e-07,38.77215,-0.3300102,-8.728611,0.3442757,1.0,0.99895954,0.19140625,0.0048394687,-13.35345,-13.362976,-3.6083875,249.81902,0.91736376,8.376426e-06,0.99896336,0.17675781,0.0048796237,-12.875875,-12.884855,-3.6893725,159.98558,0.67509973,3.0925669e-06,0.020281504106521606,18285.040350437164,310000
31.520796,-0.2670557,-8.686159,0.3336627,1.0,0.99906445,0.24316406,0.0043595443,-13.464501,-13.474394,-3.344822,136.40286,0.6355453,1.3571435e-05,2.108453,-1.2803626,20.093868,0.9990597,0.22558594,0.0044105295,-12.901596,-12.9109125,-3.370201,154.2564,0.748716,7.680215e-06,44.301872,-0.29115337,-8.717756,0.34156224,1.0,0.9989586,0.16308594,0.004931425,-13.380186,-13.389699,-3.6476064,577.76495,1.1640141,6.848676e-07,0.9989586,0.15917969,0.0048955767,-12.769802,-12.778719,-3.647536,647.0599,1.2933483,5.0829676e-06,0.018321233463287352,18376.64651966095,315000
46.694187,-0.17927884,-8.662363,0.32771367,1.0,0.9990711,0.22363281,0.0043778433,-13.677272,-13.687374,-3.3435445,194.22777,0.7183229,4.9382405e-05,2.7047873,-2.8447464,26.196714,0.999074,0.20996094,0.00446653,-13.0667305,-13.07613,-3.4500713,175.77716,0.72473603,3.6316633e-06,49.208794,-0.25202477,-8.687124,0.3339041,1.0,0.99897766,0.1875,0.004855088,-13.445322,-13.454869,-3.679367,233.52042,0.6540646,6.0571e-08,0.9990015,0.17578125,0.004877134,-12.87602,-12.8849325,-3.7592309,69.81379,0.49771494,3.41295e-08,0.023996786642074584,18496.630456209183,320000
47.949528,-0.20516115,-8.658339,0.32670754,1.0,0.99907494,0.23535156,0.004288356,-13.670155,-13.680331,-3.2589855,416.97083,1.0656123,1.3928228e-05,1.4322226,-1.1857829,26.973835,0.9990692,0.22460938,0.0043567177,-13.163743,-13.17335,-3.3350632,69.3151,0.8150935,2.5404954e-05,41.848083,-0.29342198,-8.6686535,0.3292864,1.0,0.9989643,0.19042969,0.004776777,-13.394788,-13.404373,-3.5885193,373.84933,0.8676158,1.076406e-07,0.99897385,0.19238281,0.0048015006,-12.976408,-12.98552,-3.654983,70.759674,0.5064292,7.193753e-08,0.020038715553283692,18596.82403755188,325000
40.06216,-0.22602071,-8.674713,0.33080152,1.0,0.99907017,0.24414062,0.0043034386,-13.717994,-13.728207,-3.2707243,82.57026,0.72361624,3.5593002e-05,1.0458114,-1.5145504,20.402493,0.9990654,0.23925781,0.0043791756,-13.125633,-13.135178,-3.3624797,54.804573,0.65697414,3.2493135e-06,51.55809,-0.27123383,-8.688456,0.3342368,1.0,0.999012,0.18554688,0.0047284933,-13.323565,-13.333085,-3.5841322,344.37036,0.98957634,7.959084e-08,0.99901295,0.18847656,0.00481751,-12.748982,-12.757821,-3.706242,333.10583,0.83646154,5.100117e-10,0.016940645837783812,18681.527267932892,330000
43.96759,-0.19398743,-8.674817,0.3308273,1.0,0.9990721,0.23046875,0.00431944,-13.79538,-13.805654,-3.285806,544.58765,1.0993241,1.3544889e-05,0.94500977,-3.851208,24.277943,0.9990721,0.21582031,0.004387909,-13.2309475,-13.240605,-3.349837,247.61996,1.145729,2.695478e-05,38.38282,-0.27456135,-8.715876,0.3410921,1.0,0.9989834,0.19042969,0.004811028,-13.454126,-13.463725,-3.635802,272.4017,1.0507692,6.237988e-08,0.99899197,0.1796875,0.00481268,-12.847754,-12.856694,-3.700027,333.3375,0.9633337,1.4338427e-06,0.016779928064346313,18765.426912784576,335000
44.808342,-0.18904749,-8.663694,0.32804662,1.0,0.9990635,0.24023438,0.004369423,-13.718869,-13.729006,-3.348957,112.48344,0.78259075,6.128324e-06,1.22116,-0.9671687,21.412552,0.99906445,0.22167969,0.00446643,-13.108076,-13.117489,-3.4788084,100.85748,0.62906027,2.9076135e-05,48.644012,-0.25612676,-8.677889,0.33159515,1.0,0.9989872,0.22265625,0.004809253,-13.622868,-13.632728,-3.5370078,1186.2363,2.88543,2.5971933e-06,0.99899197,0.19824219,0.0048677577,-13.117664,-13.126937,-3.6312318,999.7011,2.2130923,4.9491946e-06,0.016894452285766602,18849.899175405502,340000
42.164795,-0.20802234,-8.663054,0.32788652,1.0,0.99908924,0.24609375,0.0042918427,-13.927101,-13.937567,-3.2207394,401.63913,1.2879542,1.5552123e-06,1.5318388,-1.7494231,22.756947,0.9990816,0.23828125,0.0043727634,-13.382513,-13.392361,-3.3089142,128.32323,1.0623894,9.209729e-06,45.757416,-0.30268657,-8.685084,0.3333941,1.0,0.9989548,0.17675781,0.004780002,-13.599316,-13.60915,-3.5387747,224.54012,0.8817065,2.5901388e-06,0.99897385,0.18457031,0.004854783,-13.070902,-13.080143,-3.6180172,573.2843,1.9070554,8.8964987e-07,0.016888802003860472,18934.343191862106,345000
41.573555,-0.2059617,-8.62318,0.31791803,1.0,0.99906826,0.24316406,0.004357809,-13.4563875,-13.466288,-3.327825,84.60598,0.68855226,7.0556425e-06,0.7522652,-0.9505799,17.949303,0.99906063,0.21777344,0.004455567,-12.931801,-12.941102,-3.4177039,44.74367,0.6047648,1.2868877e-06,51.378532,-0.29797763,-8.648343,0.32420874,1.0,0.9989586,0.18554688,0.004870164,-13.479071,-13.488653,-3.6756458,476.85773,1.0407505,2.8883689e-11,0.99896336,0.16992188,0.004924999,-12.966918,-12.975904,-3.773193,1844.2057,2.7650235,1.6397743e-07,0.016857861757278443,19018.63250231743,350000
40.735893,-0.23035641,-8.6643,0.328198,1.0,0.9990864,0.25390625,0.004266437,-13.656429,-13.666616,-3.2352562,222.29579,1.08079,2.839316e-05,1.3938124,-2.048341,24.352005,0.9990845,0.24316406,0.0043250294,-13.117647,-13.127264,-3.2797537,95.374596,0.9352256,2.1441074e-05,48.844017,-0.30027053,-8.708435,0.3392316,1.0,0.99897575,0.17578125,0.0048417496,-13.437012,-13.446548,-3.6816866,302.30252,0.9658612,1.9661807e-06,0.9989853,0.16699219,0.004882739,-12.840477,-12.849345,-3.7680655,301.83163,1.0878453,1.2900443e-06,0.019951672410964967,19118.39086842537,355000
32.678566,-0.24524976,-8.693687,0.335545,1.0,0.9990845,0.25683594,0.004252509,-13.62181,-13.631972,-3.2261314,439.9755,1.2690352,1.1465766e-06,1.3644278,-1.342232,21.26961,0.99907875,0.24804688,0.004279604,-13.209394,-13.219107,-3.273903,153.43552,0.870148,1.113622e-05,56.930176,-0.24766412,-8.678599,0.33177274,1.0,0.9989567,0.19042969,0.004780501,-13.463811,-13.473491,-3.562262,317.17627,1.2058489,2.2569088e-06,0.99895096,0.1640625,0.004804613,-12.990219,-12.999373,-3.6252465,125.854126,0.8007916,1.5481868e-07,0.023501343727111816,19235.897588968277,360000
38.890766,-0.23812853,-8.675038,0.33088255,1.0,0.99906826,0.26171875,0.0042981324,-13.676075,-13.686251,-3.2673264,128.55173,0.7841319,2.8549857e-05,1.5107098,-2.112659,23.45694,0.99906254,0.234375,0.004326694,-13.168039,-13.177683,-3.302721,86.81426,0.7684183,1.0722954e-05,50.864986,-0.31560367,-8.668878,0.32934248,1.0,0.9989786,0.1875,0.004840806,-13.570021,-13.579693,-3.6756372,1640.3394,1.7279037,1.912713e-07,0.99898434,0.16796875,0.0048638927,-13.01169,-13.020755,-3.7378478,330.7947,1.039766,8.610423e-07,0.023518263959884645,19353.48891043663,365000
39.471397,-0.26706994,-8.66669,0.3287954,1.0,0.9990673,0.21386719,0.0044668,-13.780254,-13.790355,-3.448226,358.65518,0.85622156,6.162733e-06,1.1603488,-1.0305412,21.389622,0.99907017,0.20214844,0.004513941,-13.303461,-13.313054,-3.490131,664.3885,1.5487844,2.3639406e-05,37.264202,-0.39832944,-8.712881,0.34034318,1.0,0.9990206,0.1953125,0.0048394995,-13.473513,-13.483062,-3.7056391,494.51715,1.2178513,2.639662e-07,0.9990225,0.17773438,0.0048548137,-12.982834,-12.9918785,-3.7292843,338.9496,1.3218946,7.9955635e-06,0.023507644939422607,19471.027136802673,370000
47.170425,-0.21151523,-8.673042,0.3303836,1.0,0.9990816,0.24316406,0.004274601,-13.6378975,-13.648041,-3.261118,158.8203,1.0097139,2.3380582e-05,2.0875232,-2.206708,28.739403,0.9990816,0.21875,0.0043590106,-13.151403,-13.160981,-3.3532138,775.6784,1.5303649,3.869916e-05,52.781815,-0.27009702,-8.726993,0.34387115,1.0,0.99897766,0.1875,0.004771602,-13.592148,-13.601967,-3.5475345,136.03224,1.0034947,4.6237205e-09,0.9989948,0.16894531,0.004769993,-12.995186,-13.004343,-3.6279142,214.07294,1.0779297,1.1770669e-06,0.023502367544174195,19588.53897857666,375000
37.08442,-0.26495832,-8.657489,0.32649523,1.0,0.9990845,0.26660156,0.0041543,-14.001013,-14.011653,-3.1147313,154.48938,1.0746915,5.110489e-06,0.8255426,-1.1978359,15.961695,0.9990816,0.2548828,0.0041956278,-13.412853,-13.422868,-3.167941,176.85416,1.0388136,4.0356586e-05,43.291553,-0.30652094,-8.682324,0.33270413,1.0,0.9989538,0.17773438,0.004887612,-13.557148,-13.566782,-3.701032,152.85663,0.683239,3.4913392e-09,0.9989643,0.16699219,0.0049301405,-12.942526,-12.95148,-3.7821615,182.23691,0.6109874,3.6927517e-07,0.02348484559059143,19705.963208436966,380000
36.11521,-0.25624216,-8.700819,0.3373276,1.0,0.9990816,0.24121094,0.0043541524,-13.726751,-13.736926,-3.3191562,256.39557,0.7891551,1.2709171e-05,1.5591834,-1.3158848,23.311981,0.9990835,0.21582031,0.0043876134,-13.177499,-13.187084,-3.3721938,526.9384,1.385826,1.691244e-05,48.321106,-0.27242798,-8.7331,0.345398,1.0,0.99898624,0.17285156,0.0047210897,-13.491627,-13.5013,-3.5952244,443.29584,0.89566493,2.4627644e-07,0.99899006,0.16601562,0.004763768,-12.946295,-12.95536,-3.6737008,104.18168,0.6142335,4.793032e-06,0.023474369478225707,19823.33505988121,385000
34.33407,-0.2522335,-8.704639,0.3382829,1.0,0.99907875,0.25878906,0.00421604,-13.873499,-13.883952,-3.1794968,228.04883,1.1542525,7.3365186e-06,0.7790805,-0.8418431,17.412413,0.99908066,0.25097656,0.004241488,-13.451275,-13.46128,-3.21673,120.80412,1.0804639,1.0557204e-05,54.121162,-0.25379866,-8.74301,0.34787527,1.0,0.99896526,0.17382812,0.004818683,-13.476016,-13.4856615,-3.608261,222.41338,0.9844689,2.3257298e-08,0.99897003,0.15917969,0.0048667286,-12.941572,-12.95061,-3.6961632,219.27466,0.8429639,6.5332387e-07,0.023470188570022584,19940.686004638672,390000
40.065514,-0.24192129,-8.663593,0.32802132,1.0,0.9990654,0.23828125,0.00431848,-13.852526,-13.862907,-3.2333105,119.03744,0.7265652,2.2846922e-05,0.90338856,-1.267992,19.443602,0.9990597,0.22363281,0.0043742377,-13.29256,-13.302324,-3.3031402,66.52444,0.7039442,1.0656771e-05,47.19155,-0.3047731,-8.719759,0.3420627,1.0,0.9989872,0.19824219,0.004767877,-13.752501,-13.762464,-3.5605793,413.0025,1.4394224,3.4134789e-07,0.9989958,0.18164062,0.0047845915,-13.09535,-13.1045885,-3.6442425,1247.9806,2.6123705,3.83194e-06,0.02351541132926941,20058.26306629181,395000
31.937126,-0.27339995,-8.685581,0.33351845,1.0,0.99906063,0.23242188,0.004375467,-13.748824,-13.758971,-3.368347,241.95515,0.66981065,8.3765894e-07,1.2226639,-1.2206852,16.291342,0.9990616,0.20410156,0.0044506267,-13.177809,-13.187342,-3.4257038,301.89554,0.85215855,1.185994e-05,46.66098,-0.2938369,-8.703014,0.33787662,1.0,0.99894714,0.18164062,0.0049270596,-13.522474,-13.532115,-3.6592884,416.3243,1.1459184,1.0105435e-08,0.9989786,0.16894531,0.0048747724,-12.928825,-12.937809,-3.7380013,270.1811,1.0135942,7.8302924e-07,0.02349778137207031,20175.751976251602,400000
45.45942,-0.18994795,-8.662624,0.32777905,1.0,0.9990854,0.26953125,0.0042588534,-13.9524,-13.962859,-3.2521641,114.744316,0.9367738,1.6214975e-05,1.4795713,-6.676371,34.20705,0.9990883,0.24707031,0.0043272953,-13.308376,-13.318117,-3.3441005,59.95021,0.8033283,2.442085e-05,54.878727,-0.2752254,-8.6919155,0.335102,1.0,0.99898434,0.18847656,0.00482308,-13.528507,-13.538108,-3.707083,155.45172,0.6874894,4.6107242e-08,0.99900436,0.16992188,0.004900061,-13.000128,-13.009095,-3.8266895,72.25089,0.5004417,2.4689655e-07,0.4184718903064728,22268.11143231392,405000
38.04484,-0.21982735,-8.687426,0.33397928,1.0,0.9990711,0.24511719,0.004340503,-13.908997,-13.91931,-3.3592465,147.68335,0.70888007,5.395765e-06,1.4553655,-0.91466886,18.57827,0.9990759,0.22460938,0.0044025667,-13.247607,-13.257213,-3.421615,60.154354,0.70268345,9.985528e-06,50.134636,-0.23027176,-8.7152405,0.340933,1.0,0.99893665,0.18847656,0.0048574377,-13.758741,-13.768687,-3.583479,1094.2017,1.9223727,1.0549016e-08,0.998971,0.17285156,0.0047916146,-13.095121,-13.104331,-3.6722875,159.46295,0.6826589,5.54131e-07,0.016524110269546508,22350.73198580742,410000
40.948032,-0.24152687,-8.655306,0.32594925,1.0,0.99906826,0.2421875,0.0043566097,-13.8368225,-13.847052,-3.3720884,2198.7114,1.9404347,2.194631e-05,1.7893083,-0.8695374,21.485199,0.99906635,0.22265625,0.004402525,-13.242859,-13.252449,-3.4319813,60.545,0.51040137,1.0534063e-05,51.850685,-0.28368592,-8.696187,0.33616966,1.0,0.9989567,0.18847656,0.0048678513,-13.701575,-13.711446,-3.6045132,485.37012,1.105474,4.8981095e-09,0.9989567,0.171875,0.004878347,-13.075856,-13.085007,-3.7154112,588.0596,1.2483306,2.7793763e-07,0.010150119113922119,22401.48258471489,415000
40.751358,-0.20728923,-8.661306,0.32744968,1.0,0.99907875,0.28222656,0.0041449117,-13.924872,-13.935405,-3.15055,166.5468,0.7461787,2.4474998e-06,0.99145865,-0.86461604,17.728142,0.9990816,0.26367188,0.0041675363,-13.468598,-13.478647,-3.1879237,52.304977,0.61144483,1.2872357e-05,50.23869,-0.30695784,-8.669594,0.3295217,1.0,0.99894714,0.1796875,0.004966858,-13.491779,-13.501296,-3.7560134,285.02826,0.7814958,6.305948e-08,0.99896145,0.16210938,0.0049639754,-12.891703,-12.900616,-3.7751687,568.61066,1.309,1.9019348e-08,0.01154236068725586,22459.19438958168,420000
38.231518,-0.23548076,-8.66963,0.3295303,1.0,0.9990778,0.24707031,0.004243469,-13.875479,-13.885888,-3.2249103,857.38873,1.4699317,8.1171805e-07,1.2623421,-0.8813952,20.069696,0.99907494,0.23242188,0.0042748684,-13.3448305,-13.354673,-3.2749658,198.86134,0.89868516,6.9395082e-06,47.057674,-0.30250746,-8.681588,0.33252,1.0,0.99898624,0.16992188,0.00491208,-13.479534,-13.489068,-3.7268322,488.49255,1.0574694,6.897413e-08,0.9989872,0.16308594,0.004923151,-13.064653,-13.073737,-3.7707562,1286.4789,1.778945,3.2107412e-08,0.016885340213775635,22543.62109208107,425000
41.746834,-0.26624215,-8.668249,0.3291852,1.0,0.9990835,0.25,0.0041943206,-13.944234,-13.954783,-3.1522045,75.01406,0.76309437,2.1132832e-05,1.2137939,-0.79560435,18.982552,0.99908257,0.22753906,0.004268207,-13.42731,-13.437289,-3.2186365,138.54535,0.9731298,1.3518647e-06,44.91864,-0.30449978,-8.74049,0.3472454,1.0,0.9990082,0.18652344,0.0047711497,-13.554123,-13.563782,-3.6727777,227.06541,0.7120354,3.9066072e-07,0.9990206,0.15136719,0.0048514176,-12.956924,-12.965941,-3.732487,208.60773,0.74028295,7.633732e-07,0.016888020181655885,22628.06119775772,430000
40.62992,-0.24396619,-8.657042,0.3263833,1.0,0.99906635,0.24511719,0.00438949,-13.979319,-13.989726,-3.3332705,1057.7826,1.3744398,7.1098143e-06,1.0484986,-1.2593118,21.346645,0.9990711,0.2421875,0.004427936,-13.446676,-13.4565115,-3.3843307,1099.0082,2.1031494,2.413871e-05,57.847466,-0.24496548,-8.698733,0.3368064,1.0,0.9989767,0.1796875,0.004768753,-13.726647,-13.736543,-3.60341,359.8104,0.92407185,6.411134e-11,0.99898624,0.17089844,0.0048061665,-13.157786,-13.16705,-3.6807587,246.32185,0.9264945,1.7670109e-09,0.01686704649925232,22712.396431922913,435000
42.171577,-0.19431663,-8.645254,0.32343647,1.0,0.9990854,0.24609375,0.0042473124,-13.884851,-13.89532,-3.174263,118.96645,1.1760442,4.0448134e-07,1.5368925,-1.4425952,25.143064,0.99907684,0.2265625,0.0043166187,-13.348438,-13.358319,-3.240551,528.3446,2.3326452,7.895493e-07,49.703316,-0.3090729,-8.69806,0.33663797,1.0,0.9989376,0.18945312,0.0048409174,-13.5615425,-13.5712805,-3.5992382,1600.8961,2.0006497,2.6400235e-06,0.9989538,0.17871094,0.0048630033,-13.041145,-13.050322,-3.6536565,90.71843,0.6952526,7.4979894e-06,0.016880121994018556,22796.79704594612,440000
36.74436,-0.2842368,-8.69689,0.33634537,1.0,0.99908257,0.2763672,0.0041289786,-14.08241,-14.093122,-3.124043,55.249165,0.6079159,4.7254875e-06,1.4225041,-1.1446633,17.508776,0.9990759,0.24902344,0.004186686,-13.418722,-13.428725,-3.1866634,79.36018,0.58633024,2.4976953e-05,42.588367,-0.25201273,-8.6856575,0.33353728,1.0,0.9989977,0.16503906,0.0047660805,-13.502077,-13.511732,-3.6246004,1349.21,1.597717,7.274508e-09,0.9990139,0.15527344,0.004790254,-12.936204,-12.945213,-3.720043,108.56685,0.59336245,1.960609e-09,0.01688378839492798,22881.215989351273,445000
33.54651,-0.28096944,-8.650871,0.3248406,1.0,0.99907875,0.27734375,0.004208334,-14.112316,-14.12301,-3.1729236,456.8196,1.3870895,2.179655e-05,1.2263782,-1.0091679,18.853754,0.99907494,0.26660156,0.0042581605,-13.503396,-13.513431,-3.2378273,59.94178,0.75275064,2.8931638e-05,51.618813,-0.2831726,-8.68227,0.33269054,1.0,0.9989662,0.1953125,0.004804991,-13.909982,-13.920103,-3.5564408,817.7361,2.2846413,3.720994e-09,0.9990063,0.18066406,0.0047849966,-13.175354,-13.184657,-3.6572323,373.74063,1.2372868,1.9078051e-07,0.01892895584106445,22975.860773086548,450000
40.80992,-0.23270054,-8.660627,0.3272797,1.0,0.9990778,0.26660156,0.0042082085,-14.162461,-14.173184,-3.1930704,161.92332,1.0020704,3.2681558e-06,0.8901137,-0.9768261,17.92226,0.9990673,0.2548828,0.004292479,-13.675887,-13.686054,-3.275226,174.0121,1.0960784,4.5754673e-06,44.64541,-0.31860876,-8.682359,0.33271262,1.0,0.9989586,0.17285156,0.0049005747,-13.782881,-13.792673,-3.765345,273.86874,0.6121161,2.6074726e-08,0.99897766,0.16015625,0.004919119,-13.173846,-13.182986,-3.8234491,955.16315,1.2449089,4.4468536e-08,0.02348637900352478,23093.29267024994,455000
38.64826,-0.2906619,-8.672121,0.33015332,1.0,0.9990797,0.25195312,0.0042767916,-14.049557,-14.060137,-3.2271457,282.02466,1.4236121,2.8810282e-06,1.0110395,-1.3655324,21.960722,0.99908066,0.23339844,0.0043084174,-13.448051,-13.457992,-3.279128,1504.8453,2.5189314,1.8022369e-05,55.78796,-0.2670082,-8.697138,0.3364075,1.0,0.9989443,0.19628906,0.004786341,-13.78681,-13.796823,-3.544169,548.9779,1.0825166,9.134642e-08,0.99896145,0.1875,0.0047996677,-13.157331,-13.16666,-3.613899,180.21574,1.1124456,2.5844663e-06,0.023480322217941284,23210.694282770157,460000
36.584896,-0.25935763,-8.686451,0.33373562,1.0,0.99907017,0.26464844,0.00418903,-13.747552,-13.757869,-3.1925194,79.81254,0.5674884,1.8528399e-05,1.5541756,-1.2695689,20.50568,0.9990673,0.23828125,0.004244967,-13.232696,-13.242472,-3.231995,124.84573,0.8552836,1.3600212e-05,50.87462,-0.2600211,-8.698737,0.33680722,1.0,0.9990101,0.18164062,0.0047764485,-13.652407,-13.662166,-3.6684089,254.58571,0.7067354,3.4800667e-07,0.99901867,0.1796875,0.004818257,-13.013749,-13.022819,-3.7352145,78.65861,0.6526117,1.9787954e-06,0.023416984605789185,23327.779206991196,465000
43.80973,-0.21533236,-8.647225,0.32392955,1.0,0.9990864,0.2548828,0.004184882,-14.153217,-14.163967,-3.1570077,184.72034,1.0336949,4.1655676e-05,1.7152253,-1.3361175,23.64455,0.99908733,0.24804688,0.004254477,-13.53879,-13.548864,-3.2321248,150.5759,0.9689964,3.1746018e-05,45.738426,-0.2780105,-8.716156,0.3411618,1.0,0.9989929,0.203125,0.0048050443,-13.768602,-13.77851,-3.6336226,378.4862,1.3062683,1.8656665e-07,0.99900055,0.18359375,0.004832442,-13.114964,-13.124169,-3.6971517,618.54095,1.2322401,1.1143013e-06,0.023383724164962767,23444.697829723358,470000
38.566246,-0.25722888,-8.6780405,0.33163306,1.0,0.99906635,0.25390625,0.0043272935,-13.752596,-13.762788,-3.3264306,192.9398,0.7257238,3.0268266e-05,1.1963165,-0.94525397,19.602474,0.99907494,0.22851562,0.004391306,-13.179968,-13.189565,-3.362194,155.44528,0.78810143,2.5808173e-05,50.68225,-0.25469273,-8.693461,0.33548832,1.0,0.99896336,0.18261719,0.004807445,-13.70184,-13.711682,-3.6354895,187.97162,0.92322755,2.0958298e-07,0.9989891,0.16992188,0.0048875897,-13.090804,-13.099989,-3.6942801,212.99841,1.0794308,4.735035e-07,0.023463713026046752,23562.01639699936,475000
43.771843,-0.27493876,-8.703217,0.33792707,1.0,0.99907017,0.2421875,0.0043150806,-13.929884,-13.940276,-3.298139,373.02313,0.93095505,3.1273667e-05,0.9939968,-2.670788,26.244629,0.9990635,0.22265625,0.00441187,-13.355417,-13.365154,-3.3952353,176.40565,0.924577,1.22855945e-05,42.96496,-0.2870421,-8.697508,0.33649978,1.0,0.9989872,0.19433594,0.004815927,-13.685032,-13.694819,-3.6731913,1240.5181,2.3269022,1.1852765e-06,0.9990072,0.1640625,0.0048635453,-13.126907,-13.136052,-3.770581,199.06978,1.0514052,8.0891135e-07,0.023533713006973267,23679.684964179993,480000
36.317375,-0.20782578,-8.656943,0.3263589,1.0,0.9990883,0.25878906,0.004212307,-13.942375,-13.952934,-3.1399035,1561.762,1.6243293,2.2007289e-06,1.97997,-2.463728,27.10374,0.9990759,0.23730469,0.004278549,-13.485123,-13.49518,-3.1972609,176.02812,1.1300004,6.651132e-07,53.03395,-0.21536359,-8.659002,0.3268736,1.0,0.9989548,0.1953125,0.00478076,-13.773462,-13.783546,-3.4572945,563.499,1.5041716,1.2099179e-06,0.99897385,0.17480469,0.0047912938,-13.297845,-13.307381,-3.5429127,420.77893,1.5252998,5.417444e-07,0.023562939500808715,23797.499663591385,485000
33.427803,-0.26421955,-8.6856785,0.33354247,1.0,0.9990797,0.26660156,0.0041560032,-14.007803,-14.018443,-3.123866,81.88048,0.8603238,5.9568818e-05,0.96332884,-0.6878115,15.744558,0.9990778,0.24804688,0.0042203907,-13.459586,-13.469608,-3.2070806,64.12311,0.84608275,6.742337e-05,53.38182,-0.2398683,-8.668314,0.32920164,1.0,0.99893665,0.20605469,0.0048254617,-13.815804,-13.8257885,-3.6016126,331.1105,0.7990043,2.3772269e-07,0.9989815,0.18554688,0.0047796294,-13.249458,-13.258831,-3.660872,133.49335,0.5978666,5.677763e-07,0.029240979957580567,23943.70456790924,490000
41.770203,-0.27801925,-8.6926565,0.33528712,1.0,0.9990864,0.25683594,0.004296425,-14.035699,-14.046199,-3.2946887,138.10915,0.8306891,1.3006447e-06,1.1771817,-1.6245013,23.451965,0.9990854,0.23632812,0.0043491684,-13.347688,-13.35747,-3.341031,116.372795,0.91066706,4.9925115e-05,49.5474,-0.31446868,-8.716677,0.34129202,1.0,0.99897385,0.18164062,0.004865882,-13.652999,-13.662759,-3.6694643,788.2724,1.2802768,2.758719e-08,0.9990139,0.15429688,0.0048685856,-12.977297,-12.986318,-3.7481668,95.45453,0.5226389,2.4937273e-07,0.031671456623077396,24102.061852693558,495000
47.101013,-0.19250126,-8.676665,0.3312893,1.0,0.9990778,0.24707031,0.004274281,-13.894232,-13.90461,-3.2775593,273.2658,1.0148845,1.3908477e-05,1.7296,-1.7345169,21.996777,0.99907494,0.234375,0.0043442324,-13.3973255,-13.407132,-3.3647954,190.00996,0.97020316,1.7150192e-05,44.757767,-0.29731494,-8.691881,0.33509326,1.0,0.99901295,0.17773438,0.004797492,-13.5542755,-13.563859,-3.7496111,210.9128,0.56088173,6.889593e-07,0.99901295,0.15136719,0.0048171356,-13.010485,-13.019505,-3.784243,77.04425,0.51883024,4.3716554e-07,0.03163437910079956,24260.233749866486,500000
39.72922,-0.27026448,-8.636366,0.32121444,1.0,0.9990797,0.24902344,0.0043239533,-14.096489,-14.107035,-3.3092632,193.40009,1.0920957,4.659832e-06,1.2577993,-1.0097026,24.124474,0.99907684,0.22363281,0.004365706,-13.466312,-13.476189,-3.3630576,244.765,1.1996095,5.4668428e-05,50.59227,-0.29253078,-8.682758,0.33281267,1.0,0.99901485,0.18847656,0.004754603,-13.766548,-13.776381,-3.7083013,435.31705,1.2050402,2.6876782e-08,0.99899864,0.17285156,0.0048589436,-13.165949,-13.175172,-3.7308664,1602.8744,2.7994633,6.9340295e-08,0.39660829300880435,26243.27521920204,505000
42.454834,-0.1797654,-8.673975,0.33061665,1.0,0.99908066,0.26367188,0.004180168,-14.047369,-14.058011,-3.1596317,79.746765,0.832161,8.099357e-07,3.442824,-1.1241672,24.82327,0.99907684,0.2578125,0.0042512603,-13.5221195,-13.532195,-3.2159538,114.46681,0.8579315,5.034308e-07,49.740326,-0.28773552,-8.706536,0.33875698,1.0,0.998991,0.21679688,0.0047316384,-13.5532,-13.56291,-3.6185446,241.55952,0.79627484,1.0701133e-07,0.9989786,0.17675781,0.004809085,-12.983911,-12.993022,-3.662818,180.76561,0.73983526,2.8231185e-07,0.015195254564285278,26319.251493930817,510000
44.18908,-0.2309216,-8.670434,0.32973146,1.0,0.99907684,0.23828125,0.0043321494,-13.996361,-14.006797,-3.3213763,282.49194,1.0237623,2.6458106e-06,3.880716,-2.5436678,24.742401,0.99907017,0.2109375,0.0043829028,-13.53416,-13.544084,-3.3825583,100.09556,0.8426428,4.570659e-05,53.21562,-0.29463196,-8.72189,0.34259564,1.0,0.9989786,0.19921875,0.0048053013,-13.837492,-13.847448,-3.6519608,405.4236,1.4622517,1.7615402e-08,0.9990053,0.16308594,0.0047983555,-13.302275,-13.311616,-3.7454743,305.16217,0.9262626,6.0021044e-08,0.011286472845077515,26375.683861494064,515000
37.505844,-0.23760173,-8.651171,0.3249156,1.0,0.999073,0.25390625,0.004283227,-13.832611,-13.842977,-3.227521,179.50426,0.6800101,3.2628989e-06,1.8443384,-0.9362077,22.577328,0.99907017,0.23242188,0.004358052,-13.232697,-13.242386,-3.3204255,109.60256,0.7073997,2.2573471e-05,49.147057,-0.26925007,-8.683624,0.33302897,1.0,0.9990101,0.17285156,0.004821679,-13.458332,-13.467896,-3.6726284,398.8586,1.0192331,9.130457e-09,0.99901867,0.17285156,0.004841727,-12.887295,-12.89628,-3.6951287,91.28518,0.91070926,7.04064e-06,0.01693098511695862,26460.338790655136,520000
41.057056,-0.20964628,-8.687977,0.33411705,1.0,0.9990778,0.26464844,0.004250748,-14.185157,-14.195913,-3.1817594,115.22934,1.1491691,2.9759749e-05,3.331659,-3.0061607,28.805367,0.99907684,0.24023438,0.004303367,-13.59282,-13.602929,-3.25136,158.90173,1.1657197,2.41281e-05,49.373848,-0.2853363,-8.688581,0.3342684,1.0,0.9989681,0.16113281,0.004977693,-13.590223,-13.599798,-3.7964332,206.99884,0.8834244,3.3758232e-10,0.99897575,0.14550781,0.004983519,-12.967517,-12.976435,-3.8443983,180.95543,0.600268,2.808186e-09,0.016943810749053954,26545.05784869194,525000
41.76118,-0.20566428,-8.644352,0.32321075,1.0,0.99907494,0.25097656,0.0043201884,-13.96459,-13.975018,-3.2969801,143.6636,0.6774281,1.896662e-06,1.3390741,-1.8443248,22.305182,0.9990721,0.22753906,0.004386402,-13.333106,-13.3428335,-3.3807395,103.464134,0.6610927,3.4965808e-05,53.693558,-0.27130002,-8.713057,0.34038723,1.0,0.9990072,0.16796875,0.0048830565,-13.651918,-13.661585,-3.7627962,230.74908,0.6641102,6.3023857e-09,0.9990082,0.15234375,0.004919511,-13.0965605,-13.105637,-3.8113346,77.52824,0.5356384,1.0335123e-07,0.016881208038330077,26629.463890314102,530000
36.414993,-0.23623374,-8.656675,0.3262918,1.0,0.999074,0.2626953,0.004237706,-13.9942,-14.00471,-3.2417688,143.41014,0.9021832,2.9642356e-06,1.0578843,-1.0080745,18.303976,0.999074,0.24023438,0.0043268013,-13.329216,-13.339,-3.3207903,94.20984,0.8072451,8.804116e-06,49.577953,-0.26259544,-8.727989,0.3441205,1.0,0.99897766,0.19140625,0.004843544,-13.736417,-13.746267,-3.6601481,233.01865,1.2598518,2.8700902e-07,0.9989872,0.16210938,0.004911689,-13.126037,-13.135186,-3.7658887,642.1395,1.4349217,1.0754575e-06,0.016921247720718385,26714.070130109787,535000
36.74501,-0.27667734,-8.69589,0.33609533,1.0,0.999073,0.2548828,0.0041785105,-14.22349,-14.234363,-3.099681,145.60367,1.2223542,1.0971534e-06,0.7665894,-0.92847663,17.754398,0.9990692,0.24316406,0.0042071515,-13.65805,-13.668356,-3.1151109,88.55657,1.1617125,9.207226e-06,43.176743,-0.31973815,-8.666746,0.32880944,1.0,0.99899197,0.18652344,0.004856343,-13.758053,-13.767918,-3.6658888,150.91733,0.65571964,2.7739029e-09,0.9989891,0.16699219,0.0049139103,-13.111265,-13.120458,-3.7067275,296.275,1.1590643,6.404874e-08,0.01745250163078308,26801.33264350891,540000
36.18447,-0.29771784,-8.674022,0.33062837,1.0,0.99907875,0.2421875,0.0042957347,-13.970749,-13.981223,-3.2573752,209.39194,1.0474719,1.9757868e-05,1.3993104,-1.35996,22.56495,0.99907684,0.23632812,0.004332562,-13.464219,-13.47416,-3.2949414,171.35538,1.0958433,3.869174e-05,42.38276,-0.28787673,-8.70881,0.33932537,1.0,0.99896336,0.19042969,0.004847745,-13.744231,-13.754108,-3.6401854,646.7548,1.4192079,2.3978133e-08,0.9989748,0.15722656,0.0049275914,-13.207124,-13.216417,-3.7002969,7996.1416,8.848941,9.377771e-08,0.0234458664894104,26918.56197977066,545000
46.377365,-0.21561813,-8.665213,0.32842618,1.0,0.9990902,0.265625,0.0042540487,-13.986584,-13.997116,-3.2124681,251.5428,1.0589584,3.110733e-05,2.0455804,-1.7822838,27.489985,0.9990835,0.24121094,0.004332356,-13.504166,-13.514126,-3.3145847,106.49545,0.90950334,1.8218403e-05,50.60439,-0.24147868,-8.716064,0.34113893,1.0,0.99897194,0.19824219,0.004726043,-13.66612,-13.676058,-3.4992557,273.17203,1.1689911,2.0582056e-07,0.99898815,0.18261719,0.0047828406,-13.06254,-13.0717535,-3.6364975,453.47427,1.401567,1.0356712e-07,0.02346030592918396,27035.86351132393,550000
51.791813,-0.2105377,-8.663375,0.32796672,1.0,0.99908257,0.2578125,0.0042474912,-14.211487,-14.222244,-3.2069683,454.63544,1.15783,5.488645e-06,2.4344156,-3.534377,35.24826,0.9990797,0.24023438,0.004326392,-13.667269,-13.677404,-3.298662,221.17241,0.98178923,3.3543267e-07,47.775063,-0.3108567,-8.721418,0.34247765,1.0,0.99902153,0.17871094,0.0048308144,-13.681898,-13.691595,-3.7621222,117.971146,0.79211974,2.3434983e-07,0.99902534,0.1640625,0.0048769927,-13.076853,-13.085955,-3.7659183,613.0582,1.2296972,1.8492464e-08,0.026255116176605225,27167.139094114304,555000
39.22307,-0.25704342,-8.668525,0.32925406,1.0,0.9990778,0.24902344,0.0042313626,-13.948183,-13.958702,-3.1875575,97.11879,0.7986002,1.9285955e-05,1.6334541,-1.5081081,23.008747,0.99907017,0.24316406,0.004257166,-13.432222,-13.442215,-3.2108216,274.95807,0.8730197,4.5355875e-05,54.55206,-0.28804085,-8.695161,0.33591318,1.0,0.9989729,0.17285156,0.0048670038,-13.816754,-13.826641,-3.7020738,581.02997,1.2058073,7.0601818e-09,0.9989872,0.16308594,0.0049190116,-13.352171,-13.361493,-3.8163009,156.3191,0.6084587,6.418861e-09,0.03161049404144287,27325.191569328308,560000
42.21421,-0.2473145,-8.655496,0.32599697,1.0,0.999094,0.2685547,0.0042346595,-14.134897,-14.145617,-3.1688018,168.84846,0.87036896,1.7977069e-05,1.2864233,-1.1869906,22.924627,0.9990864,0.24414062,0.0042977105,-13.501171,-13.511199,-3.2418237,66.122635,0.87227535,1.6246397e-05,47.677162,-0.30075777,-8.716511,0.34125084,1.0,0.9989805,0.17578125,0.00496951,-13.749463,-13.759251,-3.7362413,238.66478,0.87285554,6.6412696e-07,0.9989748,0.15917969,0.005026212,-13.204184,-13.213392,-3.7842078,329.59195,1.1624477,4.3869576e-07,0.031601482486724855,27483.19898533821,565000
49.039696,-0.19867101,-8.629255,0.31943673,1.0,0.99908257,0.25683594,0.004199733,-14.237761,-14.248658,-3.0909352,942.852,1.8878767,8.28262e-06,1.9268587,-1.8706403,24.114832,0.9990711,0.2421875,0.00425463,-13.711245,-13.721553,-3.1657438,139.21187,1.2886884,1.450326e-05,52.487335,-0.29763448,-8.666653,0.32878608,1.0,0.99896526,0.16796875,0.00498238,-13.667265,-13.676984,-3.725565,835.29944,1.4917157,4.6432646e-11,0.99899197,0.14355469,0.004935866,-13.064564,-13.073625,-3.796056,1905.5272,2.7665868,1.3017641e-06,0.03159399743080139,27641.16897392273,570000
44.759445,-0.21306697,-8.649263,0.32443893,1.0,0.999094,0.26953125,0.004151531,-14.0855465,-14.0962715,-3.114683,3414.766,2.6432924,3.8981016e-06,1.2552822,-1.4616648,24.614906,0.9990845,0.25976562,0.00418882,-13.471232,-13.481311,-3.1607647,99.670395,0.93541574,2.1327144e-06,49.777035,-0.35360014,-8.658501,0.32674795,1.0,0.9989481,0.18847656,0.0049315933,-13.76439,-13.7743,-3.6261802,1078.8184,1.5791435,6.534242e-07,0.99895954,0.17285156,0.0049676704,-13.246857,-13.256172,-3.7174506,829.27277,1.5819347,1.6908544e-08,0.0315322615146637,27798.830285787582,575000
34.197334,-0.302805,-8.640516,0.32225192,1.0,0.9990778,0.2783203,0.00422395,-14.325497,-14.336398,-3.1724868,202.08351,1.0891303,2.5563608e-05,1.1134832,-0.99720395,18.500622,0.99908257,0.23730469,0.004276185,-13.631826,-13.64202,-3.2033815,478.8675,1.6357028,2.1897768e-05,56.691727,-0.24283166,-8.728491,0.3442456,1.0,0.9989748,0.16601562,0.0049068565,-13.863537,-13.873476,-3.6958263,341.57123,0.8844973,5.7773995e-08,0.9989891,0.15429688,0.00499543,-13.219955,-13.229154,-3.8100636,110.61916,0.73492396,1.411928e-06,0.03155440969467163,27956.60233950615,580000
45.72733,-0.22492623,-8.663521,0.32800314,1.0,0.9991007,0.265625,0.0041671637,-14.21303,-14.223897,-3.0956755,239.12968,1.4064424,2.3430583e-05,1.0632241,-1.4400163,21.669453,0.9990921,0.25,0.004225425,-13.729565,-13.739892,-3.1654267,135.13835,1.0806023,8.573473e-06,49.684727,-0.32251376,-8.666174,0.32866645,1.0,0.9989767,0.16308594,0.0049093096,-13.764365,-13.774133,-3.7725732,190.1812,0.8746481,1.2732419e-10,0.99901485,0.15820312,0.0049370667,-13.309536,-13.318775,-3.8579879,1124.5887,1.7489516,1.200583e-09,0.0316107666015625,28114.656179189682,585000
40.431137,-0.21953282,-8.706583,0.33876878,1.0,0.9990864,0.25,0.0042093927,-14.217188,-14.227955,-3.2017326,267.52,0.9984511,2.4092322e-05,1.0519617,-1.0468296,22.730545,0.99908257,0.25195312,0.004275235,-13.696003,-13.706204,-3.2601633,72.520256,0.89502144,2.907878e-06,50.25547,-0.27896887,-8.710747,0.33980948,1.0,0.9989948,0.15917969,0.004835225,-13.634174,-13.643935,-3.6483958,596.4253,1.3812641,1.0317972e-10,0.9990034,0.15039062,0.004829235,-13.098988,-13.108186,-3.6882956,404.2445,1.1120591,2.0170953e-07,0.03158520884513855,28272.582225084305,590000
37.098225,-0.283399,-8.67093,0.3298555,1.0,0.99908066,0.27734375,0.004228199,-14.089701,-14.100347,-3.1981843,199.19199,0.9630406,2.119358e-05,0.81593764,-1.1853738,21.05288,0.99906445,0.2626953,0.004298702,-13.436333,-13.446277,-3.2645078,254.04002,0.8917645,2.4057379e-05,50.526703,-0.2496146,-8.652974,0.3253666,1.0,0.99899006,0.1875,0.004852414,-13.766229,-13.776054,-3.7146902,220.99603,0.9159031,3.9672985e-09,0.9989958,0.16796875,0.004877638,-13.230984,-13.240147,-3.8575242,166.29381,0.48323253,1.5329702e-09,0.03160601835250854,28430.61232471466,595000
40.670216,-0.24883433,-8.651654,0.3250366,1.0,0.9990797,0.28027344,0.0042072646,-14.192533,-14.203314,-3.1635394,174.30217,1.2311963,1.3202334e-05,1.1773928,-1.4127178,23.209547,0.99907684,0.25097656,0.0042598634,-13.603895,-13.614034,-3.2331512,237.55789,1.1457944,8.577039e-06,44.68789,-0.27757043,-8.709613,0.33952627,1.0,0.99900246,0.1796875,0.004759167,-13.762169,-13.772072,-3.6325774,280.79495,1.1017661,1.0211701e-06,0.99902153,0.16210938,0.004742587,-13.158907,-13.168167,-3.6845965,190.6669,0.8377383,3.4965873e-07,0.031648443603515625,28588.854545116425,600000
35.436893,-0.2911571,-8.6587715,0.32681566,1.0,0.99907875,0.26953125,0.0040981895,-14.28582,-14.296783,-3.069586,306.17105,0.94661367,2.2738044e-05,1.6436827,-0.9991859,20.624615,0.9990797,0.2578125,0.004154808,-13.679041,-13.689379,-3.1027844,302.09946,1.0053786,7.189412e-06,47.803036,-0.3242358,-8.716286,0.3411942,1.0,0.99900246,0.18945312,0.004816073,-13.886885,-13.8968315,-3.710118,621.64325,0.95638895,2.1909023e-07,0.99900246,0.17773438,0.004813241,-13.384178,-13.393632,-3.7124991,79.24923,0.62810564,2.3443824e-06,0.32300836906433106,30203.896394491196,605000
42.660122,-0.26422888,-8.643232,0.32293087,1.0,0.99908066,0.2685547,0.004212314,-14.146139,-14.156858,-3.1806598,205.24599,0.99902,1.3482706e-05,1.469899,-2.5729876,27.263338,0.999074,0.24707031,0.0042993445,-13.477037,-13.487035,-3.2499037,99.80274,0.85722566,5.3724765e-05,46.116444,-0.31040066,-8.700103,0.3371488,1.0,0.9989548,0.18847656,0.004815071,-13.960735,-13.970908,-3.5541992,438.8317,1.3488051,1.3090744e-06,0.9989672,0.16894531,0.0048625628,-13.322575,-13.332109,-3.5677445,650.7338,2.1281571,1.3851235e-06,0.013402681589126587,30270.90980529785,610000
40.781136,-0.19237015,-8.6352825,0.3209434,1.0,0.99909115,0.2734375,0.0041643823,-14.247753,-14.258662,-3.089165,180.13223,1.1465273,6.3675225e-06,1.8276584,-2.9270344,26.618082,0.9990902,0.24609375,0.0042623933,-13.75272,-13.763019,-3.2166264,113.08852,1.0625787,8.226578e-06,51.444973,-0.28259158,-8.697151,0.33641082,1.0,0.9989729,0.17578125,0.0048127617,-13.794205,-13.804204,-3.564632,246.36366,1.0586505,1.516447e-08,0.9989939,0.17773438,0.0047861813,-13.205664,-13.215008,-3.645729,171.19727,0.9128301,1.3246328e-08,0.011034935235977173,30326.08448791504,615000
46.773254,-0.18925989,-8.676965,0.33136433,1.0,0.9990854,0.26367188,0.004173632,-14.194669,-14.205475,-3.1395025,143.6856,1.003602,2.1394157e-05,5.5835876,-2.3541973,33.608795,0.9990864,0.23925781,0.0042554056,-13.644619,-13.654778,-3.2518592,106.21242,0.9855484,5.6358087e-05,52.046234,-0.27260715,-8.7015295,0.33750546,1.0,0.9989948,0.16699219,0.0049279025,-13.7929,-13.802742,-3.7249155,1429.1107,1.7431498,4.827794e-09,0.9989996,0.16113281,0.004946843,-13.232862,-13.242077,-3.8081417,612.84015,1.2391404,1.6423549e-09,0.016882402229309083,30410.496500968933,620000
36.457848,-0.29104042,-8.64188,0.3225931,1.0,0.9990854,0.2890625,0.004111594,-14.378473,-14.38951,-3.088426,371.0276,1.2771473,8.2943825e-06,1.3612275,-2.0705657,20.672562,0.99908257,0.25585938,0.004196477,-13.773198,-13.78358,-3.1526074,2938.7114,3.9863987,1.1254624e-05,48.08831,-0.2991261,-8.666886,0.3288445,1.0,0.9989605,0.18945312,0.0049471967,-13.985832,-13.995893,-3.693307,348.32303,1.1342443,2.0266997e-09,0.99897575,0.17480469,0.0049062925,-13.332899,-13.342251,-3.765917,2313.2725,3.0628788,7.8659866e-07,0.01688381757736206,30494.915590524673,625000
38.388382,-0.27680978,-8.704223,0.3381788,1.0,0.99908733,0.26171875,0.0042357347,-14.328251,-14.339166,-3.1623657,237.52956,1.0843399,8.221974e-06,1.523848,-1.1378435,22.506348,0.99907684,0.24707031,0.004328351,-13.647931,-13.658089,-3.2576792,213.85532,1.2661365,8.944231e-07,49.35916,-0.27347815,-8.694899,0.3358475,1.0,0.99898815,0.17480469,0.004818173,-13.860843,-13.870792,-3.6831205,1583.8188,1.3671132,6.531544e-09,0.9990072,0.15820312,0.0048281793,-13.202023,-13.211258,-3.7541301,1840.6941,2.1607215,2.3482603e-06,0.017931284236907957,30584.572012901306,630000
35.66854,-0.26041263,-8.635714,0.32105154,1.0,0.99907875,0.2607422,0.00425939,-14.413912,-14.424832,-3.242629,229.49136,0.94311905,2.0269754e-06,1.5642288,-1.016459,22.1318,0.9990778,0.23632812,0.004287713,-13.83374,-13.844084,-3.2507064,101.02721,0.94685555,1.3644296e-06,55.21354,-0.30129844,-8.677531,0.33150584,1.0,0.9990034,0.203125,0.004683233,-13.984889,-13.995074,-3.565445,169.48701,0.85093015,1.4763832e-07,0.9989948,0.17285156,0.004725296,-13.352247,-13.361742,-3.6400409,154.3988,0.89944446,1.9533621e-07,0.025047802305221557,30709.811029195786,635000
46.930996,-0.21374755,-8.677078,0.33139235,1.0,0.99907875,0.25976562,0.004276147,-14.370278,-14.381204,-3.1934388,162.69952,1.1449037,4.3965076e-05,1.7595468,-1.2907374,27.085754,0.999074,0.24121094,0.004314895,-13.727248,-13.737468,-3.2720459,151.25868,1.1981871,1.2890244e-05,57.95821,-0.27932096,-8.711889,0.34009543,1.0,0.9990063,0.19921875,0.0047291187,-13.8909445,-13.901044,-3.5585098,548.4235,1.1306632,1.02543424e-07,0.99901676,0.1875,0.0047942773,-13.206549,-13.215879,-3.661205,251.94025,1.1164222,2.6424178e-07,0.024920512533187868,30834.413594961166,640000
41.062904,-0.19924027,-8.645277,0.32344207,1.0,0.99907684,0.24609375,0.0042714146,-14.239902,-14.250641,-3.2540483,112.0775,0.8609325,2.2824621e-07,1.6260715,-1.5713428,25.531649,0.9990816,0.23828125,0.004310913,-13.634182,-13.64427,-3.314258,33.69244,0.6012146,9.404455e-09,43.411415,-0.3542264,-8.690903,0.33484873,1.0,0.99899864,0.18457031,0.004821523,-13.781685,-13.791598,-3.6403246,1011.9093,1.9597297,5.3654336e-08,0.9990053,0.16503906,0.004788096,-13.227002,-13.236337,-3.6788175,2389.014,3.0021417,1.0874059e-05,0.03107857222557068,30989.80646109581,645000
50.57289,-0.20065156,-8.665995,0.32862175,1.0,0.9990902,0.27441406,0.004078401,-14.181242,-14.192161,-3.011875,79.42947,0.82529616,1.9151881e-05,1.015604,-1.3361976,25.118715,0.999094,0.25585938,0.0041431356,-13.628185,-13.6384735,-3.1035929,66.20814,0.7407299,5.006135e-06,54.17801,-0.3111652,-8.695143,0.3359087,1.0,0.9989538,0.19335938,0.0049201027,-14.039098,-14.049257,-3.6448693,696.70886,1.7414237,3.3921032e-07,0.9989605,0.1796875,0.004907165,-13.49325,-13.502814,-3.7098937,598.133,1.6939061,2.1387189e-06,0.03157698407173157,31147.69138264656,650000
38.79495,-0.26476094,-8.662195,0.32767165,1.0,0.9990864,0.2529297,0.0043129893,-14.264391,-14.275116,-3.2938027,1008.1998,1.5464711,1.489334e-05,0.8269054,-1.9733301,22.398762,0.99908257,0.2548828,0.004381852,-13.60421,-13.614203,-3.3800845,91.95334,0.85614556,1.6949238e-05,57.36751,-0.27107304,-8.705746,0.33855927,1.0,0.9989891,0.20507812,0.0048075765,-13.996683,-14.006841,-3.6060195,329.3863,1.739032,1.7849429e-10,0.99899006,0.18359375,0.004878563,-13.296441,-13.305795,-3.7279165,152.7823,1.0423608,5.874833e-11,0.031493125534057614,31305.157015562057,655000
39.40027,-0.27407607,-8.710123,0.3396539,1.0,0.99907684,0.23242188,0.0043201125,-14.245339,-14.256057,-3.281313,297.48434,1.1774799,2.566393e-05,1.9837723,-1.863013,25.529945,0.9990721,0.2265625,0.004372087,-13.609906,-13.619962,-3.3227212,94.758446,1.0480086,1.2843332e-05,47.79212,-0.29981685,-8.70605,0.33863544,1.0,0.99891376,0.18359375,0.0049848473,-13.861351,-13.871434,-3.5452933,566.2507,3.026767,4.0038497e-08,0.99892426,0.15820312,0.004967289,-13.161742,-13.171052,-3.6372466,620.47675,1.8592948,3.2700558e-07,0.03156053719520569,31462.959702968597,660000
39.443092,-0.2610786,-8.671162,0.32991344,1.0,0.9990835,0.2578125,0.004255767,-14.2371235,-14.247905,-3.2083278,492.1032,1.3249979,1.9630546e-05,1.1785471,-1.0222223,19.198265,0.9990845,0.24121094,0.004294756,-13.621624,-13.631782,-3.2299726,163.15767,1.0373466,3.470954e-06,57.932182,-0.25128776,-8.698939,0.33685791,1.0,0.9990196,0.1875,0.004734576,-13.919537,-13.92964,-3.5839443,955.103,1.4594121,5.421687e-07,0.9990225,0.18066406,0.004781658,-13.256056,-13.265423,-3.6741076,308.549,1.2981367,1.5839514e-06,0.03151727967262268,31620.546105146408,665000
41.154266,-0.23994078,-8.635122,0.32090336,1.0,0.99907684,0.28027344,0.0041994033,-14.079398,-14.090046,-3.1863928,117.56997,0.69359547,8.6180835e-06,2.2164645,-1.9188733,26.108059,0.99907875,0.26757812,0.0042238906,-13.42113,-13.431111,-3.210017,105.85687,0.73210895,5.5853416e-05,51.585632,-0.28705317,-8.684654,0.33328643,1.0,0.9989929,0.16992188,0.0047923545,-13.753567,-13.763449,-3.6456275,443.30005,0.7814406,4.6930705e-08,0.99903107,0.15820312,0.0048186444,-13.179941,-13.189201,-3.7070785,407.99667,1.4831961,2.308527e-06,0.03152686352729797,31778.18042731285,670000
32.62648,-0.31704003,-8.652779,0.3253176,1.0,0.999074,0.2763672,0.0041840384,-14.324032,-14.334907,-3.1980982,123.66065,0.84621733,1.1997109e-05,1.0679333,-0.86749494,19.100853,0.99907494,0.25683594,0.004217406,-13.667159,-13.677364,-3.2279363,95.57349,0.76628953,1.3174701e-05,55.099537,-0.2628855,-8.69033,0.33470538,1.0,0.9989929,0.21386719,0.0046839444,-13.957562,-13.967769,-3.5158432,779.0222,1.4586241,6.8108528e-09,0.9989805,0.17382812,0.00474853,-13.377264,-13.386821,-3.6012774,1061.0692,1.9347366,4.9221246e-08,0.031531261491775514,31935.83673620224,675000
32.928516,-0.278695,-8.688631,0.3342808,1.0,0.99907494,0.24609375,0.0042841975,-14.399868,-14.410806,-3.2103703,545.07526,1.2544191,6.956321e-07,1.1105361,-0.9103751,21.131054,0.9990711,0.23046875,0.0043375217,-13.776783,-13.7870655,-3.2567983,471.34106,1.595446,1.5951616e-06,60.481613,-0.23995827,-8.712901,0.3403482,1.0,0.9989929,0.17773438,0.004778475,-13.783003,-13.792982,-3.5742373,439.85785,0.96774733,4.265898e-12,0.99901295,0.1796875,0.0047747437,-13.192771,-13.202094,-3.6561165,77.762375,0.5429431,2.0244231e-10,0.03145030288696289,32093.088255882263,680000
27.73147,-0.37208667,-8.679225,0.33192915,1.0,0.9990797,0.265625,0.0041540777,-14.330737,-14.341687,-3.1276975,183.06937,0.8178096,8.261242e-06,0.9180975,-1.1819091,16.146301,0.9990797,0.23828125,0.0042013433,-13.634343,-13.644577,-3.1653535,110.63304,0.6971028,1.866115e-05,50.88582,-0.25144202,-8.696203,0.33617374,1.0,0.99892616,0.17675781,0.00497936,-13.911904,-13.921969,-3.615396,113.09758,0.8277179,9.288686e-09,0.9989233,0.14648438,0.0050347527,-13.216203,-13.225514,-3.6899662,188.89484,1.2831899,8.7132497e-07,0.031445540142059324,32250.31595826149,685000
39.113087,-0.22802866,-8.6707945,0.32982153,1.0,0.9990778,0.26367188,0.0042502694,-14.304152,-14.314982,-3.2244203,283.65466,1.0148714,9.424558e-07,1.7945296,-1.3499588,24.02053,0.9990778,0.24902344,0.004305861,-13.665038,-13.675171,-3.2992215,89.13804,0.7159264,9.152335e-06,56.787315,-0.21431011,-8.658161,0.3266632,1.0,0.99898624,0.17675781,0.004940928,-13.844212,-13.854022,-3.8092704,187.939,0.7600221,1.8544174e-08,0.99899864,0.1484375,0.004984568,-13.2703705,-13.279503,-3.9283094,913.55426,1.7155702,5.07976e-06,0.0315246319770813,32407.93912434578,690000
44.568916,-0.21232638,-8.646564,0.32376385,1.0,0.9990864,0.27148438,0.0041690636,-14.34652,-14.357466,-3.1499138,63.84111,0.9678118,2.3528142e-05,1.9295709,-1.6353345,28.754435,0.9990778,0.234375,0.004254741,-13.634808,-13.64498,-3.227953,139.26938,1.1243244,6.6106986e-05,65.06738,-0.2521177,-8.667424,0.32897902,1.0,0.9989643,0.1953125,0.0047745453,-13.959375,-13.969532,-3.5705366,173.63728,1.0803025,5.5648814e-09,0.9990082,0.171875,0.004798759,-13.284046,-13.293421,-3.692595,166.58922,0.7542575,1.6678136e-06,0.031506032371521,32565.469291448593,695000
38.481804,-0.23256132,-8.658573,0.32676616,1.0,0.9990835,0.27148438,0.004225088,-14.385536,-14.396482,-3.18758,549.5025,1.2960804,7.1013437e-06,2.1241274,-1.2559363,21.90476,0.999073,0.23828125,0.004302497,-13.817997,-13.828285,-3.2937622,384.70013,1.2330406,1.2605903e-05,57.46797,-0.27334592,-8.704267,0.33818966,1.0,0.9989748,0.19726562,0.0047503226,-13.891679,-13.901729,-3.6101518,171.84569,0.6801801,1.5575728e-11,0.9989691,0.171875,0.004866733,-13.258373,-13.267709,-3.70777,679.55817,1.2323735,1.0738878e-07,0.03153520894050598,32723.145337820053,700000
34.813915,-0.25270864,-8.639732,0.32205588,1.0,0.999073,0.25683594,0.0042567523,-14.246831,-14.257622,-3.2072747,273.5628,1.2940798,3.4565546e-06,0.93985975,-0.90392303,19.761314,0.99907875,0.2626953,0.004276313,-13.635372,-13.645556,-3.2171967,386.79758,1.6455486,6.171638e-06,47.440315,-0.33802283,-8.710543,0.3397587,1.0,0.99897957,0.19042969,0.004833514,-13.8926735,-13.902689,-3.6458764,548.372,1.5547179,2.535001e-09,0.9990015,0.16796875,0.0048458683,-13.247591,-13.256911,-3.7130928,298.5591,1.142443,1.646163e-08,0.3148052818775177,34297.17175078392,705000
38.38774,-0.3072413,-8.682291,0.33269575,1.0,0.999073,0.2626953,0.0042386423,-14.241272,-14.25202,-3.247033,596.19446,1.3161739,6.4477745e-06,1.1697787,-1.1283311,23.274641,0.9990759,0.23046875,0.004310353,-13.56196,-13.571976,-3.3159633,297.42734,1.1269777,3.0085319e-05,54.82279,-0.28511846,-8.705263,0.33843875,1.0,0.99893093,0.17578125,0.0049289926,-13.937548,-13.947546,-3.707913,244.1352,0.71077764,1.8490798e-09,0.99897003,0.16015625,0.0048739607,-13.238104,-13.247355,-3.7742538,113.515656,0.5326903,3.5968213e-07,0.01828535318374634,34388.59851813316,710000
38.57636,-0.25389087,-8.647579,0.32401797,1.0,0.9990854,0.28320312,0.0040994957,-14.260151,-14.271114,-3.0445533,175.9876,1.136836,5.082769e-06,1.9446497,-1.9537067,26.052927,0.9990816,0.25878906,0.004151269,-13.6559515,-13.666257,-3.1122088,63.47997,0.834508,2.546732e-05,54.46924,-0.26882082,-8.681337,0.33245724,1.0,0.99893093,0.16894531,0.0049391976,-13.832094,-13.842045,-3.6516953,799.9436,1.4043844,9.707659e-07,0.99900055,0.14746094,0.004902635,-13.202028,-13.211307,-3.7087414,207.274,1.314628,2.7736752e-07,0.01941239948272705,34485.66051721573,715000
48.612663,-0.20532626,-8.68298,0.3328678,1.0,0.9990864,0.26171875,0.004246055,-14.221909,-14.232595,-3.2906437,66.80688,0.73260593,1.0037362e-05,1.5969898,-1.0367366,23.749783,0.99908066,0.2421875,0.004326003,-13.604106,-13.614101,-3.3787966,122.4091,0.8193845,4.0837283e-05,55.498997,-0.23622817,-8.685366,0.33346435,1.0,0.99897003,0.18457031,0.0048718015,-13.82271,-13.832652,-3.6540132,302.5449,1.0663764,2.8335608e-08,0.9990034,0.16992188,0.0048392154,-13.258467,-13.267754,-3.7579887,192.6076,0.68499225,2.1714077e-07,0.024978524923324585,34610.55314350128,720000
41.823967,-0.2287094,-8.65011,0.32465065,1.0,0.9990778,0.26660156,0.0042203814,-14.349785,-14.360692,-3.1906173,205.11371,0.8311404,1.9497184e-05,2.3581743,-2.5455809,24.328846,0.9990816,0.22949219,0.0042939354,-13.691311,-13.701512,-3.255112,76.95011,0.85762644,5.333007e-05,47.65267,-0.35596982,-8.726801,0.34382316,1.0,0.9989624,0.17871094,0.00494798,-13.990789,-14.000849,-3.7008247,777.12744,1.7420654,1.4508549e-10,0.9989624,0.15722656,0.004971982,-13.331638,-13.341001,-3.753726,250.16612,1.2237465,7.8555026e-08,0.024975784397125243,34735.432067632675,725000
40.62326,-0.23609346,-8.679378,0.33196744,1.0,0.99908066,0.2578125,0.0042349957,-14.280935,-14.291747,-3.2202692,73.60864,0.64878726,6.3403086e-06,1.5020149,-3.1189902,32.113667,0.99908066,0.23925781,0.0043039164,-13.534841,-13.544872,-3.2725854,116.97498,0.9659133,3.702534e-05,54.799225,-0.31157535,-8.718708,0.34180003,1.0,0.99897575,0.18066406,0.004775409,-13.981812,-13.99198,-3.5806656,239.4912,0.996533,5.0559663e-08,0.9990015,0.17578125,0.00477469,-13.389654,-13.399159,-3.6656237,128.05257,0.6361201,2.769849e-08,0.02496805281639099,34860.272337675095,730000
38.520103,-0.25201982,-8.654638,0.32578266,1.0,0.9990845,0.2578125,0.004156366,-14.408941,-14.419965,-3.132968,451.10797,1.2296221,2.4984218e-05,1.5090724,-1.9059303,24.360722,0.9990921,0.24707031,0.004199408,-13.831638,-13.842068,-3.1617103,75.808174,0.87372017,5.048631e-05,60.064415,-0.29839832,-8.694767,0.33581483,1.0,0.9989424,0.16894531,0.004901259,-14.100744,-14.111044,-3.5652227,633.06915,1.4112476,2.155976e-08,0.99894905,0.15820312,0.004913144,-13.476752,-13.486336,-3.6726553,193.11423,1.2998862,1.8383683e-07,0.02492975721359253,34984.92112541199,735000
34.225662,-0.21220356,-8.663431,0.32798067,1.0,0.99908066,0.25097656,0.004277696,-14.253943,-14.264671,-3.27889,123.73037,0.71387935,9.182476e-07,1.5088662,-0.8457218,19.18967,0.9990759,0.22558594,0.0043645003,-13.8134575,-13.823645,-3.391512,141.052,0.7295912,1.23119025e-05,50.498726,-0.3317996,-8.689783,0.33456865,1.0,0.99896336,0.18359375,0.004840737,-13.927614,-13.937692,-3.6183918,239.31606,0.98409724,2.265528e-08,0.99897957,0.171875,0.0048659365,-13.389519,-13.398957,-3.7346754,181.44568,0.6962015,1.7592328e-07,0.029678400468826294,35133.31312918663,740000
28.725933,-0.2870219,-8.659264,0.32693875,1.0,0.9990835,0.27734375,0.004163189,-14.447479,-14.458532,-3.1404161,409.83035,0.8931838,1.22382e-05,1.1600678,-1.0489537,14.292573,0.99908066,0.2607422,0.004199022,-13.761377,-13.771743,-3.157486,228.96169,1.0745767,1.17327945e-05,60.57712,-0.2219746,-8.707545,0.33900928,1.0,0.9989433,0.19335938,0.0048343847,-14.150407,-14.160726,-3.5951285,312.7439,0.76903266,7.875008e-07,0.99896145,0.19335938,0.00481577,-13.546804,-13.556459,-3.6698964,56.456078,0.54190636,2.5562279e-06,0.031570370721817016,35291.16498398781,745000
40.126377,-0.32329923,-8.629405,0.31947422,1.0,0.9990854,0.27734375,0.0042756693,-14.314732,-14.325591,-3.2057521,200.12602,1.1139579,9.569838e-06,1.1062701,-2.180718,24.687443,0.9990797,0.23730469,0.0043512015,-13.84707,-13.857422,-3.2565055,122.17562,1.2873724,5.2912906e-06,46.82807,-0.3111952,-8.708962,0.3393636,1.0,0.99899673,0.20605469,0.0046541933,-14.11609,-14.126501,-3.4656584,257.42877,1.2729217,3.786794e-08,0.99901485,0.17871094,0.004727507,-13.534128,-13.543859,-3.5803747,246.17332,1.5192643,1.3018373e-06,0.031596005821228026,35449.14501667023,750000
36.19203,-0.27507657,-8.677446,0.33148468,1.0,0.9990845,0.23632812,0.004258257,-14.161876,-14.172576,-3.2157273,228.32129,0.9961486,7.75726e-05,1.0832547,-1.2107624,20.790792,0.99907875,0.23242188,0.0043360624,-13.527977,-13.537984,-3.291143,76.693146,0.9641412,9.331892e-05,50.412094,-0.3003326,-8.704879,0.33834267,1.0,0.99899864,0.1953125,0.0047578877,-13.808802,-13.818764,-3.616427,642.5788,1.058671,3.477701e-09,0.99897957,0.18066406,0.0048166807,-13.2136135,-13.222923,-3.6895037,39.739555,0.44546235,1.3453548e-07,0.031563500642776486,35606.96252155304,755000
38.09797,-0.3116504,-8.673561,0.33051336,1.0,0.99909306,0.27539062,0.0041568796,-14.488422,-14.499536,-3.1205282,1668.4274,2.2853441,2.6066336e-05,0.9112127,-1.7204552,19.486916,0.9990969,0.25878906,0.004242178,-13.829518,-13.8398905,-3.2187972,134.48659,1.1733022,2.7980703e-05,61.96711,-0.28812847,-8.680426,0.33222932,1.0,0.9989538,0.19433594,0.0048097414,-14.13034,-14.140688,-3.5433486,199.1655,1.2239804,2.1118838e-06,0.9989767,0.17578125,0.004827452,-13.483824,-13.493406,-3.6815066,124.71567,0.713876,3.1047862e-06,0.03155875082015991,35764.75627923012,760000
42.340992,-0.22959955,-8.67201,0.3301255,1.0,0.99909306,0.26953125,0.0041380664,-14.40573,-14.41676,-3.1215067,138.7839,1.0852816,1.0979619e-05,1.4820817,-1.3699145,23.52267,0.9990902,0.2548828,0.0041545937,-13.814581,-13.824986,-3.1687422,108.06017,1.0917125,1.8759405e-06,46.163742,-0.28441668,-8.6764555,0.33123696,1.0,0.998909,0.20214844,0.0048703346,-14.051883,-14.062132,-3.5678978,107.56311,0.73673034,3.967724e-08,0.998909,0.17675781,0.0048855683,-13.48295,-13.49253,-3.6826966,449.68472,0.9715195,1.0744866e-06,0.03157980690002441,35922.655317783356,765000
40.01971,-0.20115349,-8.679137,0.33190736,1.0,0.9990835,0.2734375,0.0042724516,-14.390938,-14.401835,-3.2424817,227.31557,0.92685574,1.8380696e-06,1.6927541,-1.5712695,25.35693,0.9990816,0.2529297,0.004293643,-13.679239,-13.6894,-3.2854044,860.0208,1.5598248,9.1404337e-07,46.781982,-0.3334551,-8.704138,0.3381576,1.0,0.99898815,0.20214844,0.004808264,-14.011965,-14.022086,-3.6572032,180.16264,0.9040979,6.9765838e-09,0.9989948,0.17480469,0.004777427,-13.410666,-13.420142,-3.7170913,97.915375,0.54745746,2.6198095e-09,0.023659221506118773,36040.951429605484,770000
39.473503,-0.23198748,-8.70008,0.33714294,1.0,0.99907684,0.27246094,0.004209146,-14.485455,-14.496476,-3.2100966,62.004665,0.55333006,1.5686534e-05,3.8035038,-1.3711239,30.441088,0.99907875,0.25683594,0.0042514526,-13.740265,-13.750524,-3.246447,45.4723,0.68987787,6.21179e-06,51.60661,-0.30836844,-8.706961,0.33886293,1.0,0.999012,0.17578125,0.0048806285,-13.846111,-13.855965,-3.7664871,666.49097,0.8016572,7.1908755e-07,0.9990139,0.16015625,0.0049128234,-13.185772,-13.19492,-3.826848,232.66147,0.8321203,2.763152e-07,0.023392265605926513,36157.91275930405,775000
42.996113,-0.25252914,-8.661728,0.32755488,1.0,0.9990778,0.25878906,0.00421349,-14.369423,-14.380353,-3.1869087,376.5302,1.2678477,7.4364402e-06,0.9382958,-1.3468009,25.252052,0.9990721,0.22949219,0.0042818687,-13.733236,-13.743459,-3.2748184,72.46688,0.7285489,1.4556372e-05,56.39276,-0.19536915,-8.704264,0.3381887,1.0,0.99898815,0.17675781,0.0047917045,-13.950148,-13.960187,-3.678504,131.4239,0.5721579,4.4836206e-08,0.99900436,0.16210938,0.004838965,-13.3486595,-13.358014,-3.7791605,84.698746,0.5173654,7.362097e-07,0.023375294303894043,36274.78923559189,780000
34.210384,-0.28274894,-8.660675,0.32729176,1.0,0.9990864,0.25878906,0.00429035,-14.3142395,-14.325004,-3.3016527,107.37396,0.7345251,7.5769376e-06,1.2776423,-1.0629623,18.867943,0.9990797,0.22363281,0.0043584434,-13.717627,-13.727754,-3.3566594,90.370056,0.7649813,1.470804e-07,43.25319,-0.33708784,-8.69694,0.33635807,1.0,0.99901295,0.19921875,0.0047557196,-14.038205,-14.048388,-3.6217418,219.9525,0.9440341,1.2077026e-09,0.99901485,0.19335938,0.004783551,-13.450966,-13.460503,-3.6956062,188.06702,0.757151,1.7906187e-08,0.023373182821273805,36391.65515136719,785000
44.0182,-0.229831,-8.69939,0.33697042,1.0,0.99908733,0.2861328,0.0042147236,-14.356619,-14.367552,-3.1712961,252.75621,1.4307423,4.650491e-06,2.9112206,-1.1209594,26.581116,0.99908066,0.26464844,0.0042770123,-13.575328,-13.585428,-3.240758,438.80243,1.5810132,6.206935e-06,48.971066,-0.28494212,-8.72224,0.34268302,1.0,0.9989586,0.18457031,0.004810553,-13.931675,-13.941771,-3.6039557,506.48962,0.905033,1.7684911e-09,0.9989958,0.16796875,0.004855011,-13.306572,-13.315952,-3.7111957,424.00372,1.2797158,2.1423412e-09,0.023397620820999145,36508.64325737953,790000
41.134434,-0.26455122,-8.700555,0.33726168,1.0,0.9990845,0.25976562,0.0042169215,-14.420701,-14.431691,-3.1770144,509.60114,1.3289034,9.993754e-07,1.291182,-0.96998477,23.747658,0.9990816,0.23730469,0.004291283,-13.712455,-13.722664,-3.2681193,585.625,1.6320289,1.0228296e-05,54.186123,-0.28762186,-8.725127,0.34340483,1.0,0.9989805,0.18261719,0.0048106266,-14.018974,-14.029154,-3.6055295,299.68805,1.0522933,6.206742e-07,0.9989996,0.17675781,0.0048306324,-13.412964,-13.422439,-3.7190123,680.2991,1.575274,1.8380457e-07,0.02346815905570984,36625.98405432701,795000
34.773376,-0.26751113,-8.629185,0.3194191,1.0,0.99907684,0.27539062,0.004217298,-14.326153,-14.337024,-3.204721,114.43528,0.83753335,2.8190707e-06,1.032769,-1.3899343,18.15494,0.999073,0.24902344,0.004295159,-13.608383,-13.618489,-3.2692127,196.37048,0.9773719,6.195876e-06,49.450905,-0.32303447,-8.684678,0.33329242,1.0,0.99901485,0.16015625,0.004808953,-13.9817095,-13.991731,-3.7301545,150.78519,0.76864797,1.8216058e-07,0.9990072,0.1640625,0.004838893,-13.340303,-13.349656,-3.7726011,77.066696,0.623456,3.9879556e-06,0.02688830542564392,36760.4255862236,800000
49.782578,-0.19791025,-8.662859,0.32783777,1.0,0.99908924,0.25976562,0.0042159515,-14.256065,-14.266887,-3.1845121,314.15964,1.1992887,6.723013e-06,1.0673255,-2.0048885,25.90178,0.9990864,0.2578125,0.0042849565,-13.78838,-13.798682,-3.2496114,91.1105,1.0913943,9.7215505e-08,59.000443,-0.20523137,-8.7223215,0.34270337,1.0,0.9989996,0.19433594,0.0049433773,-13.844343,-13.854251,-3.7085567,2289.976,3.3980608,2.69331e-10,0.9990101,0.16894531,0.0049892515,-13.39285,-13.402142,-3.887436,444.06888,1.4150206,7.8139656e-10,0.3345163619041443,38433.00739979744,805000
39.46986,-0.22185317,-8.65164,0.32503295,1.0,0.9990759,0.26660156,0.0042138156,-14.356205,-14.367143,-3.1668506,229.6778,0.7149311,2.8740606e-06,1.9042927,-1.7517834,26.533089,0.99906254,0.24121094,0.0042926352,-13.569515,-13.57961,-3.2436876,161.97661,0.88730204,1.4874235e-05,48.283195,-0.30946487,-8.682104,0.33264917,1.0,0.99895096,0.20800781,0.0048273373,-14.02721,-14.037418,-3.584505,324.26062,1.0162141,2.5236194e-10,0.9989729,0.1796875,0.004847283,-13.352058,-13.36145,-3.7438552,122.82658,0.6012113,8.891201e-08,0.018478197479248046,38525.39838862419,810000
38.640465,-0.22709152,-8.675173,0.33091596,1.0,0.99907494,0.25585938,0.0042559244,-14.257075,-14.267892,-3.1913853,79.08337,0.8130372,2.8959683e-05,1.1071239,-1.1770234,19.842537,0.99906826,0.2607422,0.004303867,-13.636306,-13.646461,-3.249151,66.146194,0.72334373,1.277858e-05,67.04321,-0.16111027,-8.665808,0.328575,1.0,0.998991,0.17773438,0.0048919823,-14.041721,-14.051862,-3.6678936,1756.4387,3.2935417,4.416584e-08,0.9989996,0.16113281,0.004930339,-13.364276,-13.373599,-3.8262215,1881.3221,2.7764032,2.942673e-07,0.022705070686340333,38638.923746824265,815000
39.72232,-0.25110292,-8.665388,0.3284701,1.0,0.9990654,0.2578125,0.004257884,-14.160448,-14.17109,-3.2733665,87.72768,0.61782694,9.8102055e-06,1.2848102,-1.9109364,24.373528,0.9990549,0.24902344,0.0043056374,-13.590977,-13.601,-3.3367043,230.80124,0.7595805,4.242641e-05,55.315464,-0.2751412,-8.722673,0.3427914,1.0,0.99897194,0.17382812,0.0049132295,-13.879855,-13.889798,-3.7078052,397.0767,1.17837,3.039158e-10,0.99898434,0.16503906,0.0048785848,-13.30708,-13.316385,-3.7882247,203.14734,0.6793401,1.5748334e-07,0.025349596977233886,38765.67173290253,820000
36.36116,-0.27455053,-8.648764,0.32431397,1.0,0.99908257,0.2529297,0.004203518,-14.482412,-14.493503,-3.135315,66.29068,0.9509111,9.0289825e-07,1.5592922,-3.3488107,28.854607,0.9990816,0.23632812,0.0042839777,-13.657415,-13.667629,-3.20786,263.25345,1.2274832,6.9272555e-06,56.461708,-0.26228637,-8.683301,0.3329482,1.0,0.99898434,0.1875,0.0048724283,-14.111094,-14.121273,-3.6987662,1310.0107,1.4934056,4.103476e-08,0.998991,0.17871094,0.004923282,-13.433079,-13.442508,-3.7863164,2071.4219,3.380924,3.300265e-10,0.025485327863693237,38893.09837412834,825000
37.199852,-0.24566251,-8.626007,0.31862468,1.0,0.9990816,0.26464844,0.0041370424,-14.542666,-14.553813,-3.1395307,102.936356,0.855392,1.1963477e-06,2.1967406,-1.6571188,20.47218,0.99907684,0.2685547,0.0041553723,-13.931469,-13.941975,-3.183889,142.77437,0.85162693,4.8964193e-05,56.242153,-0.21707338,-8.673352,0.330461,1.0,0.99896145,0.19921875,0.0047822474,-14.036198,-14.046424,-3.5750856,3439.16,3.3091097,1.5685173e-07,0.9989891,0.18164062,0.0048075756,-13.424066,-13.433539,-3.7325864,265.08878,1.0906562,4.652143e-07,0.02546495337486267,39020.42314314842,830000
44.83814,-0.22967388,-8.687884,0.33409405,1.0,0.9990959,0.27539062,0.004138834,-14.514502,-14.525691,-3.0671322,513.94415,1.5731649,1.9581323e-06,1.5898064,-2.2799006,28.147354,0.99909306,0.25,0.00421277,-13.8084755,-13.818914,-3.128359,135.23576,1.1741172,2.7403106e-05,52.14468,-0.32762653,-8.697117,0.33640203,1.0,0.99895096,0.19140625,0.0048727244,-14.16637,-14.176728,-3.570024,422.5624,1.5434084,5.463756e-13,0.9989891,0.171875,0.004876005,-13.50495,-13.514613,-3.6200342,741.9565,2.4797997,2.0886315e-08,0.025537983751296997,39148.113065719604,835000
33.791958,-0.31361803,-8.649501,0.32449806,1.0,0.9990854,0.2685547,0.0042044898,-14.301443,-14.312353,-3.1395104,290.05045,1.496014,9.725492e-06,1.7921672,-4.07102,24.2277,0.99907875,0.24902344,0.00423876,-13.626887,-13.637097,-3.1819937,269.76917,1.5100656,0.00011364577,56.270298,-0.26846105,-8.711059,0.33988762,1.0,0.9989672,0.17773438,0.004953826,-13.997126,-14.007171,-3.720273,1187.0466,2.5487566,2.7624034e-09,0.999012,0.16015625,0.0049032406,-13.313694,-13.322937,-3.8582196,207.62616,0.70875776,1.3458675e-08,0.0253678297996521,39274.95222067833,840000
43.33514,-0.2280884,-8.721579,0.3425178,1.0,0.9990835,0.25976562,0.004139251,-14.443567,-14.4546385,-3.1188424,366.24243,0.999328,2.7806307e-05,1.277038,-1.4803164,26.70049,0.9990835,0.2529297,0.004204806,-13.836141,-13.8465605,-3.1759243,93.70782,0.7781451,3.5091987e-05,57.69868,-0.27062514,-8.673084,0.33039397,1.0,0.9989996,0.17480469,0.0048322454,-13.914902,-13.924954,-3.6311374,1944.8402,2.510972,9.218454e-10,0.9990034,0.16992188,0.004810508,-13.35888,-13.368324,-3.6963716,2649.3398,3.6234884,3.237973e-06,0.027088346910476683,39410.39395689964,845000
40.337017,-0.27197236,-8.655168,0.32591477,1.0,0.9990778,0.2548828,0.0042215222,-14.564814,-14.575956,-3.1664178,212.86125,1.1253729,1.1423139e-05,2.8676326,-2.1173263,31.978956,0.99907494,0.24609375,0.0043054703,-13.845358,-13.855736,-3.2277627,186.9844,1.2639428,4.9739792e-06,64.96988,-0.26166046,-8.644831,0.32333076,1.0,0.9989338,0.18164062,0.0048748376,-13.987047,-13.997258,-3.540459,347.24228,1.5170557,2.0767976e-08,0.99896336,0.15722656,0.004870088,-13.346682,-13.356149,-3.6615949,161.60452,1.020081,7.487331e-11,0.023826079511642458,39529.524356126785,850000
38.522957,-0.25000808,-8.647813,0.32407624,1.0,0.99908733,0.27734375,0.0041295104,-14.410736,-14.421827,-3.0651357,1621.8706,2.571766,3.2155092e-06,1.7802906,-1.1879511,23.276154,0.9990845,0.234375,0.004212595,-13.886124,-13.896601,-3.1671154,236.9636,1.3113436,3.9629045e-05,43.3542,-0.35374975,-8.686229,0.33368027,1.0,0.9989834,0.1796875,0.0048123514,-14.0039425,-14.014115,-3.5971224,699.5201,1.5731614,1.15991385e-08,0.9989729,0.17578125,0.0048009325,-13.409766,-13.419318,-3.6376472,155.29317,0.8324502,2.7159933e-06,0.02389263205528259,39648.98751807213,855000
40.676292,-0.27159876,-8.658085,0.32664406,1.0,0.99908257,0.3017578,0.004059891,-14.366419,-14.377515,-3.0148458,273.2339,1.0955479,6.2459235e-06,4.1582384,-1.1998522,26.988369,0.99909115,0.26171875,0.004140316,-13.697599,-13.707954,-3.1041684,102.37676,1.0756509,4.8463113e-05,55.13537,-0.27683753,-8.70925,0.3394355,1.0,0.99895954,0.20703125,0.0047877487,-14.030594,-14.040837,-3.55159,1774.9597,1.5758367,4.84218e-09,0.9989805,0.16699219,0.004766893,-13.4602585,-13.469826,-3.673357,211.93254,0.6634557,1.5198242e-07,0.024026944255828856,39769.122240781784,860000
43.98584,-0.25181466,-8.718233,0.34168118,1.0,0.99907875,0.25390625,0.0043318504,-14.30396,-14.314674,-3.3427687,143.00357,0.76912147,1.9813324e-05,1.5201485,-1.237607,25.692986,0.99908066,0.2265625,0.004391463,-13.664572,-13.67459,-3.4172595,169.87634,0.87627685,1.4006251e-06,54.64427,-0.22311863,-8.705699,0.33854768,1.0,0.9989834,0.17773438,0.004940694,-13.990896,-14.000886,-3.772153,260.97424,0.9864305,9.738068e-06,0.99899864,0.15722656,0.004969243,-13.3059025,-13.31509,-3.9073124,371.73685,0.7968025,4.9680085e-07,0.023955288791656495,39888.898686647415,865000
42.25034,-0.24815753,-8.665543,0.32850862,1.0,0.9990711,0.2265625,0.0043383203,-14.339179,-14.349991,-3.27898,167.61885,1.1466,9.235199e-08,2.523096,-2.4217854,28.21294,0.99906254,0.22753906,0.004410585,-13.650228,-13.660271,-3.375535,79.9579,0.8402918,2.9168993e-06,53.113976,-0.28199142,-8.674197,0.33067226,1.0,0.9989996,0.1953125,0.004882709,-13.843615,-13.853498,-3.7321992,292.48892,0.7565504,4.0449057e-09,0.9990206,0.1640625,0.004895072,-13.171097,-13.180232,-3.8273225,41.617752,0.2808314,2.3278112e-08,0.024032636070251464,40009.06187081337,870000
39.196266,-0.21072516,-8.687702,0.33404872,1.0,0.99907875,0.26171875,0.0043532043,-14.330952,-14.341705,-3.3305159,63.650436,0.63992214,6.5871495e-07,1.8363831,-1.515882,22.62212,0.99908066,0.24414062,0.0044045798,-13.789354,-13.799492,-3.4177322,43.65627,0.49479085,2.5118018e-06,54.723976,-0.28349075,-8.649605,0.3245243,1.0,0.9989805,0.16210938,0.004915179,-14.030718,-14.040807,-3.7102275,867.88934,1.3352749,4.087349e-10,0.99899197,0.14257812,0.004967846,-13.383412,-13.392742,-3.840043,162.82681,1.0699402,2.6416564e-09,0.02394008913040161,40128.76231813431,875000
35.410576,-0.25658277,-8.63991,0.3221005,1.0,0.99909306,0.28710938,0.004162539,-14.508041,-14.519097,-3.1975737,341.71017,1.0907152,1.3582162e-06,1.3941878,-1.5861367,23.837177,0.9990902,0.25195312,0.0042089894,-13.791506,-13.801824,-3.2361856,76.00322,0.7181637,5.2487292e-05,58.641068,-0.2242856,-8.719737,0.34205723,1.0,0.9989681,0.19921875,0.004790965,-14.253321,-14.26375,-3.5831776,200.1558,1.0167639,6.913234e-11,0.9989939,0.17480469,0.0047768215,-13.552458,-13.562113,-3.6771975,620.596,1.4196326,5.285301e-09,0.023984273242950438,40248.68368554115,880000
53.380547,-0.2046068,-8.647694,0.3240462,1.0,0.9990959,0.28027344,0.004150403,-14.535992,-14.547178,-3.0914652,363.88373,0.9874256,2.2822816e-05,1.7826614,-1.7445941,32.724495,0.99908733,0.25097656,0.00424452,-13.838914,-13.8493395,-3.1738768,86.559715,0.8843743,2.3466548e-06,50.048145,-0.27162576,-8.711952,0.34011096,1.0,0.99895,0.20410156,0.004869516,-14.269227,-14.279715,-3.5387723,763.9429,1.7835298,1.6781497e-09,0.99898815,0.19433594,0.004814283,-13.5944395,-13.604188,-3.6222837,2545.7502,3.8741555,1.2804262e-10,0.02388728280067444,40368.12010169029,885000
49.25315,-0.20457874,-8.671207,0.32992476,1.0,0.9990711,0.25976562,0.0042741755,-14.304823,-14.3156595,-3.219953,186.25586,0.9910277,1.595456e-05,2.1762595,-1.1088842,28.689545,0.99906445,0.23925781,0.004341963,-13.724427,-13.734608,-3.3092084,106.999176,0.834553,1.8246641e-05,43.36902,-0.33299148,-8.681013,0.33237624,1.0,0.9990015,0.19238281,0.0047871824,-14.152603,-14.162892,-3.6270437,212.08751,0.97512597,1.8714579e-09,0.9990101,0.17675781,0.00478459,-13.510473,-13.520073,-3.6903338,496.60178,1.6576593,6.958922e-09,0.023964093494415282,40487.94057059288,890000
38.616875,-0.29145092,-8.676498,0.33124763,1.0,0.9990921,0.25878906,0.0041910284,-14.469343,-14.480362,-3.1977324,137.90996,0.7595396,3.991138e-05,1.4965217,-1.0477036,21.550488,0.99908733,0.24609375,0.0042430805,-13.72177,-13.732017,-3.240142,67.89503,0.7055913,3.5186822e-05,50.620697,-0.26677808,-8.72513,0.34340537,1.0,0.99899197,0.18457031,0.004772027,-14.06332,-14.073567,-3.580503,100.39881,0.8055358,7.966749e-09,0.99898815,0.16601562,0.0048202286,-13.437855,-13.447366,-3.7076178,112.06489,0.7298212,1.6653104e-06,0.026115188932418824,40618.51651716232,895000
45.57292,-0.2001681,-8.624366,0.31821427,1.0,0.999073,0.27148438,0.0042235134,-14.379896,-14.390848,-3.1754227,247.14375,0.94519556,4.56487e-05,1.5243798,-1.4993474,24.784004,0.9990635,0.24023438,0.0042857183,-13.690755,-13.700959,-3.2526338,69.641685,0.708425,7.170359e-05,51.895226,-0.27288145,-8.697403,0.33647388,1.0,0.99899864,0.17675781,0.004829224,-14.044514,-14.054638,-3.687767,265.30045,1.1773521,3.5860221e-09,0.9990082,0.16210938,0.004854209,-13.3526535,-13.362002,-3.788738,363.49457,0.7616664,1.1621704e-08,0.03069972276687622,40772.01513338089,900000
40.337868,-0.24008884,-8.668323,0.32920358,1.0,0.9990835,0.28125,0.00413078,-14.302459,-14.313426,-3.0834823,81.28625,0.6554102,9.37736e-06,1.5084887,-1.4022087,23.408735,0.9990797,0.24609375,0.0042020855,-13.824498,-13.834912,-3.1703746,51.591145,0.59333,1.9903338e-05,54.45426,-0.22578971,-8.6853285,0.33345518,1.0,0.9989786,0.19726562,0.004833419,-13.968944,-13.979127,-3.5512772,1527.7401,2.1798065,1.4907142e-12,0.99898434,0.18261719,0.0048175864,-13.419857,-13.429415,-3.6408374,1256.9137,2.9279256,2.1488614e-08,0.2673803771495819,42108.91702079773,905000
44.075367,-0.22425613,-8.674234,0.33068165,1.0,0.99908257,0.28027344,0.0042152125,-14.650696,-14.661917,-3.1719508,153.56522,0.98512125,5.071674e-07,1.4177134,-1.119732,20.941216,0.99907875,0.26757812,0.004261247,-13.986289,-13.99678,-3.253973,277.6246,1.1012635,1.1770815e-06,46.076965,-0.32294273,-8.6884165,0.33422711,1.0,0.99900055,0.18457031,0.004818029,-14.1765995,-14.186948,-3.59031,304.93787,1.7775934,2.9733733e-11,0.9989939,0.18066406,0.004833608,-13.491392,-13.50101,-3.6537766,361.71213,1.8829682,2.9139198e-09,0.016389556312561036,42190.864803791046,910000
31.70361,-0.26282442,-8.663083,0.32789367,1.0,0.99907875,0.25976562,0.0042546634,-14.243804,-14.254582,-3.2180958,55.142544,0.68204135,2.8071632e-05,1.341665,-0.8108779,19.487617,0.9990721,0.21582031,0.004330229,-13.660732,-13.670866,-3.2942553,519.81714,1.1567856,5.021745e-05,45.006355,-0.30485147,-8.738445,0.34673423,1.0,0.9989643,0.16992188,0.004901492,-13.880375,-13.8904,-3.6247287,202.02551,1.2040075,3.7520902e-08,0.9989815,0.14550781,0.0048701605,-13.345976,-13.35539,-3.7162848,194.34894,0.85685235,5.5635235e-07,0.016283223724365234,42272.2809240818,915000
47.10811,-0.24070233,-8.694731,0.33580557,1.0,0.99907494,0.2578125,0.0042805,-14.448603,-14.459535,-3.266502,132.63663,0.9665307,7.5925764e-06,2.9725952,-1.9200974,25.204754,0.999073,0.23144531,0.0043095155,-13.959146,-13.969531,-3.3354535,88.30534,0.7973394,2.1477275e-05,55.75357,-0.26815274,-8.704058,0.33813745,1.0,0.99897575,0.18164062,0.004893937,-14.016423,-14.02653,-3.6773198,146.80305,0.74612844,1.1818394e-08,0.99899006,0.16699219,0.004867618,-13.491068,-13.500562,-3.7793212,60.602707,0.59103733,1.3120039e-06,0.016380796003341674,42354.184906959534,920000
45.88552,-0.2675147,-8.652493,0.32524595,1.0,0.9990883,0.27246094,0.004066534,-14.661554,-14.672958,-2.9957476,865.775,2.0421908,1.4821149e-05,1.1572276,-1.1586145,25.166508,0.9990854,0.24023438,0.004162081,-13.975322,-13.98597,-3.0822885,147.32527,1.1177452,1.6534235e-05,61.875824,-0.22023278,-8.681462,0.33248848,1.0,0.99897575,0.18945312,0.004851347,-14.174086,-14.18439,-3.6318371,235.13039,0.8917459,1.7252522e-07,0.9989786,0.17675781,0.0048625316,-13.479428,-13.488957,-3.731233,641.33014,1.4176831,5.8200226e-07,0.016334628534317018,42435.85805130005,925000
47.38227,-0.23387247,-8.669444,0.32948405,1.0,0.999074,0.26171875,0.004311013,-14.436709,-14.447634,-3.2614722,112.26664,0.8588188,6.8393065e-06,1.6188573,-1.4466616,26.059814,0.9990711,0.23730469,0.0043915147,-13.867174,-13.877444,-3.3602943,355.53897,1.0216758,1.9124158e-05,42.528915,-0.32099774,-8.69899,0.33687022,1.0,0.99895954,0.17382812,0.004829507,-14.034587,-14.044804,-3.582489,357.60938,1.319965,4.802882e-07,0.99897194,0.15820312,0.004863655,-13.517594,-13.5272045,-3.686183,492.70596,1.3451934,2.7317742e-06,0.016287749290466308,42517.29679942131,930000
47.628944,-0.25321048,-8.685951,0.33361065,1.0,0.9990778,0.2763672,0.004257383,-14.51226,-14.523285,-3.2349348,241.97455,1.0150008,9.899555e-06,1.3773317,-2.0696933,27.638924,0.9990778,0.24707031,0.0043048956,-13.884485,-13.894852,-3.2788525,80.21108,0.97191155,1.3656475e-05,51.60398,-0.20221934,-8.715105,0.3408994,1.0,0.99897766,0.17285156,0.0049016085,-14.102357,-14.112504,-3.7226472,702.2104,1.1768713,1.7260044e-07,0.99900436,0.15332031,0.004875344,-13.56576,-13.57527,-3.836699,383.2003,1.2004004,1.6560382e-09,0.018440525102615356,42609.49942827225,935000
48.85708,-0.19685984,-8.65375,0.32556084,1.0,0.9990835,0.27148438,0.004200132,-14.43873,-14.449757,-3.1594915,224.67818,1.0045795,2.86157e-06,2.055585,-2.3086228,31.365498,0.9990864,0.23925781,0.004264329,-13.825741,-13.836097,-3.231724,294.4247,1.1937155,1.18084745e-05,55.617657,-0.26029783,-8.719242,0.3419333,1.0,0.99898434,0.18652344,0.004937569,-14.061105,-14.071189,-3.7436557,302.18835,1.3764949,3.5938486e-09,0.99899197,0.16894531,0.0049982807,-13.557819,-13.567321,-3.8374114,245.74619,1.2472808,1.2037151e-07,0.023052814292907713,42724.763503074646,940000
30.39384,-0.28593177,-8.687074,0.33389145,1.0,0.9990778,0.2685547,0.0041651297,-14.501953,-14.513059,-3.1397884,209.26218,1.0551337,5.500812e-06,1.3682433,-1.4191878,17.581303,0.999074,0.24707031,0.0042266343,-13.756212,-13.76653,-3.201751,247.54561,1.199868,4.6963192e-05,51.32152,-0.3530591,-8.690512,0.3347509,1.0,0.9989672,0.18359375,0.0048939385,-14.123629,-14.133836,-3.6807942,434.92346,1.1277876,1.7571024e-10,0.9989643,0.16308594,0.0048735267,-13.511228,-13.520772,-3.7469683,531.3881,1.4874886,7.269105e-11,0.02305142149925232,42840.02061200142,945000
35.73146,-0.26158905,-8.683952,0.33311123,1.0,0.9990854,0.2734375,0.004181277,-14.392783,-14.4037485,-3.1752372,153.49779,0.8959905,3.9451347e-06,1.4521087,-1.3701748,22.55177,0.9990845,0.26367188,0.004237485,-13.696169,-13.706421,-3.208189,91.45519,0.9717643,5.8284963e-06,53.74791,-0.34440985,-8.714805,0.34082413,1.0,0.9989004,0.17773438,0.005130872,-14.111369,-14.12156,-3.6856074,2052.553,2.5091681,1.4007932e-10,0.99896526,0.16894531,0.005020166,-13.492514,-13.501972,-3.8168287,497.08414,1.3606482,1.8985685e-07,0.023037195110321044,42955.20658946037,950000
35.80737,-0.24334466,-8.678736,0.33180708,1.0,0.9990835,0.2763672,0.0040801447,-14.346402,-14.357479,-3.0151525,227.35696,1.1766033,4.6887288e-07,1.0455722,-1.0909785,21.267641,0.99907017,0.26464844,0.0041507487,-13.813782,-13.824261,-3.0941553,90.67236,0.74810004,1.0520133e-06,50.58429,-0.3035149,-8.689561,0.3345132,1.0,0.99900436,0.17675781,0.0047643147,-13.961338,-13.971456,-3.6110444,1681.6829,1.9241393,4.460694e-07,0.9990015,0.16796875,0.004806051,-13.424278,-13.433743,-3.743344,2880.8105,3.4450688,1.8686375e-08,0.023064252042770385,43070.52785086632,955000
43.650726,-0.19282386,-8.693712,0.33555114,1.0,0.99908257,0.25878906,0.004194253,-14.493118,-14.504181,-3.1759195,133.61638,0.82593524,1.46149605e-05,2.8556137,-1.0058646,23.804089,0.9990759,0.2421875,0.004273809,-13.805841,-13.816138,-3.2731965,91.77794,0.824582,6.294578e-05,55.025417,-0.26066196,-8.693647,0.33553502,1.0,0.9989729,0.19433594,0.0049628783,-14.124895,-14.135176,-3.6072128,1561.2468,3.046311,2.8332623e-09,0.99899197,0.16113281,0.004857596,-13.498279,-13.507819,-3.7381268,110.26674,0.8047163,1.6234447e-08,0.023021141147613524,43185.633558273315,960000
34.86914,-0.33079702,-8.701554,0.3375114,1.0,0.9990978,0.2783203,0.004128626,-14.737187,-14.748626,-3.035905,925.2243,2.2594864,4.917648e-08,1.0737396,-0.7902847,17.488626,0.9990969,0.265625,0.004166155,-14.122997,-14.133807,-3.064384,185.16957,1.5275662,4.072226e-06,51.920357,-0.27168107,-8.670499,0.32974786,1.0,0.9989853,0.19433594,0.00473417,-14.066012,-14.076345,-3.4955006,837.6117,2.2371063,1.571738e-09,0.99899006,0.18066406,0.0047751106,-13.4434185,-13.453075,-3.5647187,479.5944,1.7853656,2.8246465e-08,0.022995152139663695,43300.60932087898,965000
40.494297,-0.23831202,-8.659153,0.3269111,1.0,0.9990692,0.27148438,0.0041715233,-14.52232,-14.533428,-3.1585417,115.140366,0.7751111,2.752546e-06,2.0962763,-1.7298812,28.032179,0.9990721,0.24707031,0.0042556184,-13.769658,-13.779971,-3.2191,336.4455,1.0194962,3.661362e-06,51.15686,-0.29060525,-8.689367,0.33446485,1.0,0.9990158,0.19433594,0.0047918353,-14.1357355,-14.1459055,-3.7311597,969.1603,1.1545421,2.8610456e-12,0.9990101,0.16601562,0.004840526,-13.472422,-13.481856,-3.8193212,150.85078,0.8520552,3.264421e-08,0.023054230451583863,43415.88047456741,970000
39.727936,-0.24885021,-8.646685,0.32379413,1.0,0.9990759,0.2626953,0.0040648,-14.551317,-14.562548,-3.062757,300.49866,0.6664222,3.089912e-05,0.91090757,-1.4408875,22.450047,0.99906826,0.23730469,0.0041265124,-13.976624,-13.987237,-3.1191518,116.03413,0.7449165,9.36759e-06,56.785164,-0.25913927,-8.693892,0.33559567,1.0,0.9989557,0.1953125,0.004856838,-14.113237,-14.123551,-3.5609908,364.98862,1.56089,4.574411e-10,0.9989681,0.1640625,0.004871735,-13.502196,-13.511752,-3.7265444,102.61111,0.66427046,3.7080428e-09,0.023036747694015505,43531.06421470642,975000
42.217873,-0.27832347,-8.622396,0.3177221,1.0,0.99909115,0.28125,0.0041496567,-14.43658,-14.447633,-3.1298175,1141.0833,1.8940781,1.0260849e-05,1.6032429,-1.278544,23.64293,0.9990778,0.2548828,0.0042415583,-13.802109,-13.812457,-3.2160997,128.14493,0.988009,3.0765863e-05,57.41712,-0.29645833,-8.677875,0.33159173,1.0,0.99898624,0.17285156,0.0048766285,-13.963718,-13.973784,-3.6657424,2505.4375,2.6616292,5.210799e-09,0.9990101,0.16308594,0.0048777694,-13.350962,-13.360345,-3.7517338,411.855,1.2869731,5.3943292e-08,0.022971018648147584,43645.919311761856,980000
39.33253,-0.21739008,-8.674761,0.3308132,1.0,0.9990883,0.25585938,0.004215004,-14.586607,-14.597769,-3.1686819,171.7885,1.1349192,3.7624063e-06,1.1857079,-1.6346225,23.185541,0.9990816,0.2421875,0.004290513,-13.819456,-13.82978,-3.2589324,313.66782,1.4651071,5.0373e-05,46.324142,-0.2847476,-8.713493,0.34049624,1.0,0.99896145,0.18652344,0.004920033,-14.214821,-14.225169,-3.6289222,546.9963,1.7425017,1.4144324e-13,0.998971,0.15917969,0.0049430244,-13.525063,-13.534652,-3.7163901,203.29268,1.1689804,2.1275329e-11,0.02299114556312561,43760.875041007996,985000
45.23504,-0.22746941,-8.700676,0.337292,1.0,0.9990673,0.25585938,0.004302078,-14.443527,-14.454412,-3.3072371,485.20306,0.9036987,1.5581005e-05,1.4733684,-1.4549869,25.178123,0.9990692,0.24511719,0.0043614293,-13.743666,-13.753795,-3.3819764,78.07187,0.5559592,5.214771e-07,62.542107,-0.26960483,-8.708984,0.33936924,1.0,0.9989729,0.19140625,0.004826382,-13.956921,-13.967073,-3.5705414,3273.099,2.285407,1.4612227e-09,0.998971,0.17871094,0.004834234,-13.356389,-13.365821,-3.7080698,5529.83,8.523555,5.2600684e-09,0.022989291191101074,43875.82150197029,990000
39.17771,-0.255001,-8.671415,0.3299766,1.0,0.9990902,0.2705078,0.0041436963,-14.669911,-14.68123,-3.0916824,200.14273,0.8973737,1.3192196e-06,2.3698268,-0.941253,22.09265,0.999074,0.24121094,0.004220819,-13.929104,-13.939621,-3.168392,359.31488,1.2427881,5.9217076e-05,49.96634,-0.29491174,-8.663709,0.3280501,1.0,0.9990139,0.19335938,0.0048418567,-14.30895,-14.319304,-3.716007,258.95688,0.9368274,2.8458296e-11,0.9990034,0.16894531,0.004891552,-13.79467,-13.804443,-3.7964535,87.77651,0.6167468,4.5183745e-07,0.02300879292488098,43990.86546802521,995000
45.88665,-0.25572637,-8.673598,0.33052248,1.0,0.99908257,0.2607422,0.004220045,-14.568449,-14.5796175,-3.1435745,388.95786,1.1600814,8.079965e-08,1.2718585,-1.2133812,25.915092,0.9990759,0.24414062,0.004309243,-13.938438,-13.9488945,-3.2421668,88.68681,0.9284922,8.76944e-10,49.237484,-0.34864283,-8.720823,0.34232873,1.0,0.9990034,0.18945312,0.004866862,-14.364849,-14.37525,-3.7230427,125.431816,0.80261576,1.1822317e-08,0.9990063,0.17480469,0.0048829196,-13.629696,-13.639313,-3.7911115,225.87375,0.8866444,1.01000195e-08,0.024525583600997925,44113.49338722229,1000000
