training/actor/actor_loss,training/actor/adv,training/actor/bc_log_prob,training/actor/mse,training/actor/std,training/critic/binary_accuracy,training/critic/categorical_accuracy,training/critic/contrastive_loss,training/critic/logits,training/critic/logits_neg,training/critic/logits_pos,training/critic/v_max,training/critic/v_mean,training/critic/v_min,training/grad/max,training/grad/min,training/grad/norm,training/value/binary_accuracy,training/value/categorical_accuracy,training/value/contrastive_loss,training/value/logits,training/value/logits_neg,training/value/logits_pos,training/value/v_max,training/value/v_mean,training/value/v_min,validation/actor/actor_loss,validation/actor/adv,validation/actor/bc_log_prob,validation/actor/mse,validation/actor/std,validation/critic/binary_accuracy,validation/critic/categorical_accuracy,validation/critic/contrastive_loss,validation/critic/logits,validation/critic/logits_neg,validation/critic/logits_pos,validation/critic/v_max,validation/critic/v_mean,validation/critic/v_min,validation/value/binary_accuracy,validation/value/categorical_accuracy,validation/value/contrastive_loss,validation/value/logits,validation/value/logits_neg,validation/value/logits_pos,validation/value/v_max,validation/value/v_mean,validation/value/v_min,time/epoch_time,time/total_time,step
32.496277,-0.7282085,-9.607402,0.5639734,1.0,0.76718426,0.0,0.575315,-0.49393785,-0.49383724,-0.59686124,25.697971,0.9695855,0.020123871,1.3680172,-1.0702457,77.198,0.6776247,0.0,0.6047015,-0.34768087,-0.34762594,-0.4038202,16.620113,0.91936845,0.044101242,28.29137,-0.6428616,-9.498766,0.5368145,1.0,0.97853947,0.0009765625,0.06819879,-5.706233,-5.705844,-6.1050916,9.2375145,0.09189096,2.0713314e-05,0.9757786,0.0,0.065947935,-5.5036745,-5.503308,-5.8787746,27.943024,0.11594431,1.9939796e-05,0.01309134178161621,65.45671033859253,1
14.903873,-0.2728605,-8.68558,0.33351803,1.0,0.99905014,0.13183594,0.0054689646,-10.507911,-10.513807,-4.4740915,13.89783,0.12340307,5.17726e-07,0.31604987,-0.22036225,7.400416,0.9990511,0.1171875,0.005469637,-10.220797,-10.226433,-4.4560294,9.790088,0.10935199,1.7521978e-06,17.726377,-0.16767439,-8.712066,0.3401394,1.0,0.99881935,0.10253906,0.005723548,-10.6988125,-10.704956,-4.414441,28.388279,0.19651353,3.3100287e-07,0.9988394,0.09667969,0.0057096235,-10.462299,-10.46817,-4.4562945,9.377303,0.15228191,5.458564e-07,0.24789440970420837,1304.9287602901459,5000
26.439949,-0.20832086,-8.674182,0.3306685,1.0,0.9990425,0.11425781,0.005218464,-10.756582,-10.7628975,-4.295492,30.060644,0.20807067,6.532258e-06,0.57295763,-0.5265273,13.452897,0.9990473,0.12109375,0.0053002983,-10.257553,-10.263394,-4.2823763,21.643345,0.24164884,1.7443226e-05,32.073265,-0.16126564,-8.676289,0.33119512,1.0,0.99889946,0.13476562,0.0053358097,-10.864406,-10.871038,-4.078513,46.327106,0.35451275,2.043025e-06,0.9988947,0.12695312,0.0054812008,-10.456656,-10.462823,-4.148365,39.85059,0.5029216,2.1211526e-06,0.26606516070365904,2635.254565000534,10000
32.710407,-0.07776473,-8.632042,0.3201335,1.0,0.99906635,0.16992188,0.0050085653,-11.047438,-11.054315,-4.0118847,25.788164,0.2821709,3.7965867e-06,0.83598715,-0.5452456,13.183478,0.9990587,0.15527344,0.005120404,-10.573397,-10.579698,-4.1277733,27.348331,0.31516093,1.4643673e-05,34.37937,-0.1256836,-8.636701,0.32129806,1.0,0.99888515,0.12597656,0.0054241014,-10.804646,-10.811321,-3.9750242,75.716156,0.60333854,1.2292416e-05,0.9989033,0.11621094,0.0054844543,-10.375296,-10.381491,-4.0392966,67.07958,0.6001189,1.4319304e-05,0.15841442122459412,3427.326673269272,15000
32.714806,-0.123585604,-8.635537,0.32100737,1.0,0.9990492,0.18164062,0.0048178528,-11.273372,-11.280576,-3.9029999,38.11298,0.33118963,1.50830465e-05,0.9987779,-0.9738519,18.047783,0.99903965,0.17871094,0.004907067,-10.824431,-10.831133,-3.9689898,24.79392,0.288541,2.6700443e-05,43.21852,-0.08852613,-8.622756,0.3178121,1.0,0.99893665,0.13867188,0.0050629787,-11.22424,-11.231382,-3.917121,78.09205,0.44701508,6.4707206e-06,0.99893093,0.12988281,0.0051907185,-10.760552,-10.767166,-3.9951818,59.378967,0.38998812,2.0395473e-05,0.02607293825149536,3557.6913657188416,20000
31.271194,-0.17959733,-8.605322,0.31345332,1.0,0.9990568,0.16796875,0.0048137866,-11.354916,-11.3622465,-3.8562276,45.591843,0.3255332,4.0637206e-05,0.9979287,-0.721394,15.740257,0.9990597,0.17675781,0.0048867827,-10.856215,-10.863004,-3.9123077,20.666452,0.2933266,2.2823426e-05,39.468407,-0.12317148,-8.597295,0.3114466,1.0,0.99892616,0.15722656,0.005041752,-11.427679,-11.435175,-3.7599156,174.9697,0.67130333,5.6031045e-06,0.998909,0.1484375,0.005117816,-10.925243,-10.932167,-3.8421397,33.31946,0.4949128,7.785652e-07,0.14912137126922606,4303.298224687576,25000
37.371037,-0.09676968,-8.621412,0.31747618,1.0,0.9990654,0.18164062,0.004709932,-11.662486,-11.670262,-3.7068732,35.96963,0.43629968,5.9435097e-06,0.563995,-0.723317,16.342949,0.99906445,0.1875,0.0047856215,-11.153814,-11.161008,-3.7942612,22.55933,0.40684718,1.4860779e-05,34.24723,-0.15157476,-8.592625,0.3102792,1.0,0.9989176,0.17089844,0.005066404,-11.502806,-11.510369,-3.7663047,58.686253,0.57500404,1.3059482e-06,0.9989042,0.15332031,0.005152588,-11.080843,-11.0879,-3.8605204,42.48985,0.5628301,5.2606783e-06,0.027345634698867798,4440.02640247345,30000
35.376804,-0.115816146,-8.56575,0.3035605,1.0,0.99904823,0.18261719,0.004767183,-11.551883,-11.559489,-3.7706606,90.86839,0.4831892,1.4128636e-05,0.51567703,-0.73221266,15.1886835,0.9990463,0.15820312,0.0048434264,-11.162884,-11.170035,-3.8465302,77.64589,0.5457835,1.4711282e-05,34.57155,-0.16204347,-8.580914,0.30735147,1.0,0.9988384,0.16210938,0.005359108,-11.646543,-11.654312,-3.6975634,111.53658,1.1078585,5.790445e-06,0.9988451,0.16699219,0.0053513786,-11.192075,-11.199301,-3.7999568,119.9265,0.9905565,1.1151437e-05,0.16803476281166077,5280.200219631195,35000
26.62582,-0.19620207,-8.561145,0.30240917,1.0,0.99907017,0.22460938,0.0046091154,-11.701338,-11.709227,-3.632637,42.057148,0.4847002,1.8938363e-05,0.504413,-0.6033723,10.85067,0.9990654,0.19042969,0.004696613,-11.186679,-11.194004,-3.6938744,72.04448,0.5660386,1.2596577e-05,39.763786,-0.20406386,-8.600351,0.31221074,1.0,0.9988737,0.14550781,0.0051345313,-11.814531,-11.822525,-3.6364012,70.45212,0.71513003,3.1642554e-05,0.998827,0.14746094,0.005338325,-11.307335,-11.3148,-3.6707726,88.8208,1.2632891,1.3368868e-05,0.01396442174911499,5350.022332191467,40000
41.195026,-0.13398555,-8.564347,0.30320972,1.0,0.99907017,0.21679688,0.0046288427,-11.660612,-11.668416,-3.6779597,28.566708,0.32875147,1.931685e-06,1.203898,-0.76613516,21.0775,0.9990692,0.20019531,0.0047230665,-11.249062,-11.256364,-3.7786477,25.464678,0.32624236,3.797148e-06,38.724415,-0.13277826,-8.584419,0.30822793,1.0,0.99897385,0.16113281,0.005013599,-11.5333805,-11.5408535,-3.8883672,44.314438,0.31729025,1.0027363e-05,0.9989786,0.15429688,0.005110665,-11.139723,-11.146721,-3.9799213,56.7673,0.45260507,3.5003046e-05,0.1666550947189331,6183.297806978226,45000
43.28247,-0.12550496,-8.567127,0.3039049,1.0,0.99906826,0.19824219,0.004727374,-11.820297,-11.828255,-3.6792293,292.4086,0.6694398,1.3986837e-05,1.0553749,-1.3074611,20.66784,0.9990654,0.18261719,0.004814822,-11.436335,-11.443808,-3.7917223,372.76636,0.8488029,1.8700915e-05,47.48272,-0.16107349,-8.564793,0.30332103,1.0,0.9989166,0.16699219,0.0051379,-11.889869,-11.897815,-3.7602665,96.44432,0.5627006,2.591211e-08,0.99888897,0.14648438,0.005286699,-11.392885,-11.400271,-3.8363748,102.462814,0.74430275,3.4893005e-06,0.014003843545913696,6253.317028045654,50000
37.438736,-0.12715471,-8.532932,0.29535607,1.0,0.99906826,0.18359375,0.0046650805,-12.015747,-12.023908,-3.6662693,32.7821,0.6073411,1.5068705e-06,0.94988406,-0.6427397,16.68315,0.9990673,0.16308594,0.0047400384,-11.571791,-11.579403,-3.7839866,32.088493,0.533248,3.0032043e-06,34.147717,-0.20402822,-8.5814905,0.30749565,1.0,0.99893856,0.16113281,0.0050433865,-11.777563,-11.785349,-3.8115902,71.327705,0.60147923,1.5391868e-06,0.9989338,0.1640625,0.0051003015,-11.328238,-11.335553,-3.8444657,81.58899,0.7879202,7.097014e-07,0.210219207239151,7304.413067102432,55000
33.631733,-0.2170851,-8.538895,0.2968465,1.0,0.9990692,0.20800781,0.004679328,-12.059961,-12.068176,-3.6567452,228.1652,0.87161016,1.3452613e-05,1.1889241,-0.98596466,17.405212,0.9990654,0.19238281,0.0047141043,-11.536,-11.54367,-3.6904206,160.10692,0.80315757,1.4120177e-05,35.939064,-0.22628593,-8.557932,0.30160576,1.0,0.9989042,0.15722656,0.005034156,-11.96543,-11.973496,-3.7143266,47.24685,0.497997,6.883866e-07,0.99884605,0.15527344,0.0052060806,-11.430176,-11.437694,-3.7393374,73.96435,0.8187218,1.8252036e-05,0.01883765902519226,7398.601366043091,60000
32.44786,-0.14989379,-8.56418,0.3031681,1.0,0.99906826,0.21679688,0.004548749,-11.968562,-11.976831,-3.5088742,199.18839,0.7874875,1.1468844e-05,0.56667244,-1.0161489,16.803825,0.99907017,0.2109375,0.0046210345,-11.523514,-11.531281,-3.5771084,54.22953,0.7488636,4.005838e-05,46.077065,-0.22057149,-8.571067,0.30488968,1.0,0.99890804,0.1796875,0.005122445,-11.851443,-11.859385,-3.7282183,167.81175,0.7680346,9.849874e-07,0.9988537,0.1953125,0.0052349432,-11.451143,-11.458655,-3.7675786,33.57773,0.70184267,1.1215847e-07,0.015750715494155885,7477.3549451828,65000
30.152315,-0.22244503,-8.545919,0.298603,1.0,0.9990654,0.23828125,0.004580145,-12.063444,-12.071703,-3.6136293,67.37649,0.39604548,4.662532e-07,0.80667907,-0.6696619,18.246105,0.9990635,0.2109375,0.0046365038,-11.45494,-11.462572,-3.6475036,35.961903,0.41734523,1.3477191e-05,38.22063,-0.24798407,-8.575512,0.30600083,1.0,0.99888897,0.171875,0.005035553,-12.06064,-12.068776,-3.7381048,49.1899,0.48150438,3.9542742e-09,0.9988947,0.15820312,0.005184813,-11.435188,-11.442695,-3.7567682,55.995293,0.77111316,7.188366e-07,0.01384988899230957,7546.604393959045,70000
39.659157,-0.22227566,-8.52306,0.2928881,1.0,0.9990654,0.21679688,0.0045696637,-12.101003,-12.109358,-3.5544467,32.02063,0.404633,2.0154745e-05,1.0956506,-0.6104426,18.500668,0.99906635,0.21679688,0.00464063,-11.614422,-11.622258,-3.5987551,77.96011,0.5109957,1.0621462e-05,40.98073,-0.22273058,-8.556187,0.3011696,1.0,0.9988842,0.17675781,0.005033252,-12.102543,-12.11084,-3.6127892,183.39946,0.74133754,6.240553e-06,0.9988699,0.171875,0.0051694904,-11.654013,-11.661821,-3.6657627,308.17273,1.0766842,3.4942138e-07,0.013858373403549194,7615.896267175674,75000
36.14996,-0.19004384,-8.556639,0.30128258,1.0,0.99908066,0.22558594,0.00446809,-12.237728,-12.246309,-3.4598806,108.79964,0.6627418,4.327118e-06,1.6804157,-0.79718804,20.504051,0.99907494,0.21679688,0.004508015,-11.727277,-11.735272,-3.5478873,39.634644,0.48034835,7.0448446e-06,41.16176,-0.21108985,-8.585383,0.30846882,1.0,0.99893475,0.16992188,0.0049562007,-12.211537,-12.219895,-3.6603987,65.91968,0.58385396,9.458639e-07,0.99887276,0.16113281,0.0051517356,-11.670169,-11.677931,-3.7299738,92.93527,0.7916372,1.2809724e-06,0.2078503779411316,8655.148160219193,80000
33.952316,-0.21591987,-8.554203,0.30067363,1.0,0.9990587,0.21679688,0.00445862,-12.355087,-12.363816,-3.426041,66.449776,0.61264527,1.934479e-05,0.76279116,-0.81426543,17.20974,0.9990597,0.22265625,0.004521947,-11.812214,-11.820347,-3.4924664,52.491257,0.67525864,1.4070923e-05,36.78653,-0.2609455,-8.549281,0.2994432,1.0,0.9989767,0.16308594,0.0049465066,-12.1162815,-12.12435,-3.861559,68.91077,0.34549317,4.5549677e-07,0.99897003,0.1484375,0.0050493972,-11.504156,-11.511585,-3.9041972,35.53808,0.38113725,1.773571e-06,0.01879405527114868,8749.118437767029,85000
35.20485,-0.1977351,-8.509476,0.28949177,1.0,0.999073,0.24511719,0.0044766595,-12.298836,-12.307467,-3.4684205,99.28706,0.7183312,2.5823732e-05,1.0169246,-0.98153484,15.725461,0.99907494,0.21875,0.0045651854,-11.900698,-11.908832,-3.5791209,59.719677,0.55948424,2.5596735e-05,33.4785,-0.30875713,-8.563536,0.303007,1.0,0.9989195,0.17578125,0.004988366,-12.297613,-12.30607,-3.6448586,70.62333,0.70294607,2.7490137e-07,0.99887466,0.16308594,0.0051411996,-11.893387,-11.901419,-3.6770463,66.87321,0.9209783,7.944266e-08,0.014226620054244994,8820.251539945602,90000
33.174988,-0.25365263,-8.560631,0.30228055,1.0,0.9990692,0.203125,0.0045997174,-12.298265,-12.30679,-3.5779998,99.64283,0.60485554,3.371239e-06,0.87879205,-0.8877633,17.030045,0.99906635,0.18554688,0.004652811,-11.833562,-11.841586,-3.6255925,58.29262,0.5321337,3.89569e-06,44.797398,-0.27285385,-8.527344,0.29395905,1.0,0.9989548,0.171875,0.0049710255,-12.231907,-12.24019,-3.7587144,100.91844,0.50555444,1.3386499e-05,0.99893856,0.15527344,0.0051211445,-11.727733,-11.735499,-3.7824075,45.611515,0.6750757,9.962585e-06,0.013870572185516357,8889.604402303696,95000
37.190437,-0.19751248,-8.505873,0.28859133,1.0,0.9990721,0.21289062,0.0045501757,-12.3796,-12.388249,-3.531437,36.962437,0.42522645,1.1827996e-05,1.043947,-1.1883118,18.072233,0.99906826,0.20605469,0.004611993,-11.836672,-11.844712,-3.6102297,58.5405,0.497458,2.5713367e-05,41.750782,-0.25874704,-8.532833,0.2953314,1.0,0.9989157,0.19238281,0.0048896982,-12.426868,-12.43556,-3.5364172,230.45769,0.66556215,5.81843e-07,0.9989033,0.17773438,0.00499958,-11.959049,-11.967227,-3.5924928,141.61757,0.8813092,3.6840706e-07,0.013930243825912476,8959.255622625351,100000
35.20218,-0.19269282,-8.566755,0.30381197,1.0,0.9990692,0.21972656,0.004571372,-12.546327,-12.55507,-3.6008792,163.08804,0.79018635,1.8428234e-05,0.6899224,-0.818037,15.709076,0.99906445,0.20019531,0.0046245917,-11.9858265,-11.993964,-3.6617205,174.9626,0.9131253,1.0255117e-05,45.967567,-0.23540622,-8.549664,0.2995389,1.0,0.9989414,0.16113281,0.005017035,-12.391792,-12.400224,-3.767186,224.48885,0.923483,6.320401e-07,0.99893856,0.15820312,0.0051803505,-11.848997,-11.856789,-3.8782427,67.188934,0.7382406,1.5900218e-06,0.24680617327690124,10193.286492824554,105000
46.2436,-0.1780819,-8.546907,0.29884976,1.0,0.99906826,0.21972656,0.0045681144,-12.52284,-12.531616,-3.5446649,87.25621,0.71659434,1.271949e-05,4.5247655,-1.4562669,24.742512,0.9990616,0.19726562,0.004631219,-11.893936,-11.9020405,-3.603351,151.72092,0.8098104,1.5951473e-05,40.188766,-0.26387858,-8.567688,0.30404505,1.0,0.9989605,0.16894531,0.0049224477,-12.462813,-12.471349,-3.7307425,103.47479,0.5543506,9.400707e-07,0.9989481,0.16308594,0.0050137597,-11.927593,-11.935532,-3.8055942,500.96967,1.0885098,3.7039804e-06,0.026005330562591553,10323.313147068024,110000
38.14982,-0.2039296,-8.536647,0.29628468,1.0,0.9990692,0.21582031,0.004533084,-12.602708,-12.611574,-3.5311031,50.93341,0.5441158,3.6535905e-06,0.8989939,-0.73673147,16.844536,0.9990673,0.20117188,0.0046024737,-11.975919,-11.984108,-3.5992517,66.29602,0.56646657,7.881319e-07,46.62265,-0.25396922,-8.513903,0.2905987,1.0,0.9989977,0.1796875,0.004903025,-12.391238,-12.399717,-3.71756,452.4,0.93090963,2.1110077e-08,0.9989662,0.16308594,0.0050174,-11.81942,-11.827319,-3.737977,187.60179,0.8827379,3.2747075e-06,0.024943096828460694,10448.028632164001,115000
51.53616,-0.16797417,-8.508402,0.2892236,1.0,0.9990673,0.2421875,0.004377953,-12.485338,-12.49427,-3.3480287,100.27657,0.6671709,4.7337577e-05,2.006098,-1.8983908,24.82826,0.9990635,0.23046875,0.0044820397,-11.958599,-11.966906,-3.4622288,110.34106,0.6693268,1.2737772e-05,46.210655,-0.24607374,-8.535127,0.29590446,1.0,0.9989166,0.16992188,0.005012989,-12.385447,-12.393921,-3.716449,161.12338,0.7951296,1.6570866e-06,0.99890804,0.16015625,0.005114971,-11.918474,-11.926436,-3.7738178,143.75214,1.0651176,7.2836644e-07,0.01895056414604187,10542.78145480156,120000
38.435368,-0.22950485,-8.518354,0.29171148,1.0,0.9990692,0.24804688,0.004460931,-12.484393,-12.493209,-3.4665515,239.54301,0.55991113,2.6114632e-05,0.8982227,-1.0866816,18.417643,0.99906635,0.22558594,0.0045478065,-11.940426,-11.948631,-3.5465505,42.85256,0.53182095,2.0663754e-05,47.38916,-0.18466973,-8.543656,0.29803705,1.0,0.99897957,0.16113281,0.005000773,-12.374554,-12.382948,-3.7872193,79.61496,0.58385557,4.7201142e-06,0.99895,0.15527344,0.0050796103,-11.875782,-11.883622,-3.855597,161.14507,0.646912,2.0112981e-07,0.018987150716781614,10637.717210054398,125000
43.129196,-0.2142127,-8.541019,0.29737788,1.0,0.9990654,0.23144531,0.0044572013,-12.697175,-12.70624,-3.424642,132.77444,0.806352,1.6270058e-05,2.2770405,-1.079659,23.173637,0.9990673,0.2109375,0.004510062,-12.057247,-12.065634,-3.4773111,81.36978,0.8153493,7.174385e-06,48.115784,-0.2644853,-8.54801,0.29912543,1.0,0.9990158,0.17871094,0.0048760716,-12.576077,-12.584672,-3.7844222,84.395615,0.5479122,1.018817e-08,0.99897003,0.16015625,0.004999792,-12.007477,-12.015434,-3.866796,56.806316,0.51391894,5.2007067e-07,0.019000086736679078,10732.71764588356,130000
33.230698,-0.25522825,-8.521841,0.29258308,1.0,0.9990597,0.21191406,0.0045471443,-12.688273,-12.697247,-3.5079536,139.04568,0.89519733,7.3452206e-06,0.9713239,-1.062892,17.479391,0.99905586,0.18164062,0.004605662,-12.073549,-12.081882,-3.5494347,90.47663,1.048627,2.0998392e-05,42.027542,-0.2700951,-8.535828,0.2960798,1.0,0.9989624,0.15234375,0.004994848,-12.433432,-12.441888,-3.7813296,99.201126,0.615121,4.6144194e-08,0.9989567,0.1328125,0.00515736,-11.810506,-11.818293,-3.8448315,168.6214,0.92610395,8.938152e-07,0.018982833194732665,10827.631813287735,135000
40.615852,-0.22239444,-8.536218,0.2961774,1.0,0.9990692,0.2265625,0.0044605173,-12.655628,-12.664636,-3.440557,149.55977,0.74579823,5.619008e-06,1.1405396,-0.69855106,17.539974,0.9990673,0.22167969,0.0045337034,-12.111091,-12.119492,-3.5169644,111.17927,0.7338896,1.4405552e-07,42.210114,-0.22108924,-8.564981,0.30336815,1.0,0.9989786,0.18066406,0.004893005,-12.563385,-12.572057,-3.69095,286.93784,1.0900124,6.3167795e-07,0.99897003,0.16699219,0.004998395,-11.967979,-11.975995,-3.7680693,364.588,1.0298748,9.096167e-06,0.01896480836868286,10922.455858945847,140000
41.962013,-0.21679682,-8.517062,0.29138854,1.0,0.99907017,0.21875,0.004531524,-12.661037,-12.669933,-3.5599914,586.85895,0.7847887,3.8674548e-07,2.0623796,-2.5618947,26.86,0.9990692,0.20996094,0.004593999,-12.236474,-12.24491,-3.6064708,59.609547,0.6136084,6.0198556e-07,41.990772,-0.28961733,-8.526016,0.29362702,1.0,0.9989586,0.17285156,0.004942371,-12.488349,-12.4968405,-3.8014956,103.79759,0.47624636,7.8875864e-08,0.99897003,0.15039062,0.005034482,-11.933012,-11.940905,-3.8587198,33.96134,0.38056648,2.702814e-07,0.014620701313018798,10995.55936908722,145000
38.10604,-0.21406367,-8.514787,0.2908195,1.0,0.99906445,0.22167969,0.0045561176,-12.503752,-12.512485,-3.5698364,134.80312,0.41268957,2.7893264e-05,0.9676553,-0.78801143,17.51073,0.99906445,0.2109375,0.004600412,-11.997459,-12.005669,-3.5995615,37.187016,0.4032396,2.1090651e-05,42.49051,-0.29290652,-8.534279,0.2956925,1.0,0.99891186,0.18164062,0.0049353614,-12.549089,-12.557725,-3.7153692,57.790077,0.5707026,1.7045329e-07,0.99895096,0.15429688,0.005007091,-12.056814,-12.064936,-3.748247,148.6089,0.7100698,7.3961255e-06,0.014002558517456055,11065.57216334343,150000
38.699707,-0.22146602,-8.563664,0.30303895,1.0,0.9990864,0.25683594,0.0042386893,-13.124744,-13.13447,-3.1744184,80.45425,0.921625,1.07574015e-05,1.0603428,-1.0611483,20.755148,0.99909306,0.25195312,0.0043175276,-12.538496,-12.54754,-3.2862449,46.325977,0.8019576,1.2502877e-05,47.34842,-0.24456476,-8.544786,0.29831967,1.0,0.9989691,0.14746094,0.004970178,-12.633082,-12.641735,-3.781074,169.37277,0.6466094,1.3137048e-07,0.9988928,0.1328125,0.0051717674,-12.08047,-12.088532,-3.8335848,53.232033,0.6839907,3.729878e-06,0.24729337062835693,12302.039022445679,155000
40.838566,-0.18646961,-8.471634,0.28003135,1.0,0.9990854,0.24121094,0.0042786337,-12.968181,-12.977656,-3.2740886,78.0747,0.6760884,3.6934212e-05,1.2561221,-0.9055321,19.726437,0.9990816,0.22753906,0.0043803873,-12.325352,-12.334093,-3.3826003,48.17806,0.63908595,3.293727e-05,49.17447,-0.2033731,-8.525085,0.2933942,1.0,0.9989977,0.18457031,0.0048737316,-12.716136,-12.724934,-3.7151165,133.01367,0.8333068,1.0181207e-06,0.9989548,0.17675781,0.0049579227,-12.155422,-12.163613,-3.776342,244.05547,0.91791296,1.088813e-05,0.01877710657119751,12395.924558639526,160000
47.269043,-0.21571796,-8.513897,0.29059714,1.0,0.9990721,0.22558594,0.0044372818,-12.6615,-12.670583,-3.3692832,253.67323,0.8094853,1.9049618e-05,1.2593789,-2.6783626,24.298412,0.9990673,0.2109375,0.004513422,-12.174878,-12.183401,-3.4560027,160.99199,0.7790172,1.2568294e-05,48.933224,-0.28056675,-8.553223,0.30042866,1.0,0.9989977,0.19433594,0.004836353,-12.51041,-12.518983,-3.7409728,119.43663,0.51052326,4.763756e-07,0.9989824,0.16699219,0.004919623,-12.081435,-12.089547,-3.7838185,57.918575,0.4372658,7.367168e-07,0.018932198333740234,12490.585551738739,165000
39.506226,-0.27144673,-8.529696,0.29454696,1.0,0.9990778,0.25390625,0.0044400897,-12.919925,-12.9292145,-3.4178946,66.81982,0.65692043,3.2015928e-06,0.96290886,-0.7446107,18.374912,0.99907017,0.22363281,0.0044846507,-12.260195,-12.268794,-3.4636474,89.1666,0.6843729,1.43368e-06,46.46232,-0.3202515,-8.565365,0.3034641,1.0,0.9990244,0.16992188,0.0048692897,-12.786383,-12.79524,-3.7245553,136.3147,0.8495623,3.0834593e-07,0.9989767,0.16601562,0.0049459594,-12.176929,-12.185186,-3.7296286,163.20108,1.0714824,3.0397673e-06,0.01895300736427307,12585.350591182709,170000
42.07865,-0.20389718,-8.525398,0.29347253,1.0,0.99907684,0.2529297,0.0044383286,-12.798121,-12.807245,-3.4650292,58.54109,0.5653878,1.089299e-05,1.0624352,-1.2047793,19.114851,0.9990759,0.2265625,0.004481445,-12.410179,-12.418873,-3.5171983,21.45428,0.44826618,2.0127201e-05,41.355896,-0.29346633,-8.560067,0.30213967,1.0,0.9989691,0.16601562,0.004923042,-12.634886,-12.6435585,-3.7625136,175.48781,0.6080314,2.8187374e-06,0.9989481,0.1640625,0.0050364938,-12.121908,-12.130073,-3.7701735,81.24467,0.66875863,1.7082377e-06,0.018957815504074098,12680.13967013359,175000
38.99383,-0.25332546,-8.545275,0.2984415,1.0,0.9990759,0.2529297,0.004304533,-13.192257,-13.201949,-3.2772112,195.87848,0.792036,2.3903784e-05,0.69750893,-0.75813913,17.182127,0.99907684,0.23144531,0.0043980237,-12.608856,-12.617875,-3.3819437,187.78813,0.7492455,3.180344e-05,48.280243,-0.30963922,-8.54384,0.29808313,1.0,0.9989977,0.16113281,0.004913853,-12.790315,-12.799112,-3.7907474,119.672356,0.55132616,3.3452523e-08,0.99897575,0.14941406,0.004985688,-12.269649,-12.277921,-3.8080857,99.73119,0.6945971,4.0636255e-06,0.018910116291046143,12774.690254211426,180000
43.994347,-0.2189022,-8.551567,0.3000146,1.0,0.9990816,0.2607422,0.004370525,-12.992246,-13.001632,-3.3913107,39.380318,0.42706507,3.6447022e-06,1.1600858,-1.6365399,24.203838,0.99908066,0.234375,0.004459756,-12.422838,-12.431578,-3.4827526,54.065575,0.43456474,9.4094485e-06,43.460793,-0.32456654,-8.538635,0.29678178,1.0,0.9989767,0.16894531,0.0048942817,-12.808754,-12.817653,-3.7047436,141.10548,0.5993191,4.7448574e-07,0.9989023,0.15136719,0.0050305896,-12.26643,-12.27477,-3.7344449,55.82448,0.53559065,1.4151661e-06,0.01888247594833374,12869.102639198303,185000
39.903404,-0.19423111,-8.531143,0.2949086,1.0,0.99907494,0.26171875,0.0043752063,-12.913883,-12.923177,-3.4061534,81.95235,0.6190551,7.686838e-06,1.3282367,-1.1833377,21.299337,0.99907494,0.22851562,0.0044050193,-12.356465,-12.36517,-3.452582,83.85259,0.5537964,3.0628915e-05,47.036556,-0.2798206,-8.568123,0.3041538,1.0,0.99899197,0.19824219,0.004794039,-12.839679,-12.848638,-3.674149,254.40758,0.68537235,3.8551902e-06,0.9989748,0.17578125,0.004879388,-12.204987,-12.213272,-3.7267473,34.742085,0.4891506,2.3640566e-06,0.01887520513534546,12963.47866821289,190000
43.502213,-0.21386342,-8.494677,0.285792,1.0,0.9990692,0.24511719,0.004381444,-12.819232,-12.82844,-3.399283,108.81173,0.63339543,1.7210206e-05,2.636612,-1.21723,26.074688,0.99907684,0.21972656,0.0044688946,-12.261615,-12.270204,-3.4750824,251.40611,0.87107813,1.1001704e-05,37.61814,-0.34456444,-8.512907,0.2903497,1.0,0.9989605,0.17089844,0.005062896,-12.783768,-12.792502,-3.848903,393.97836,0.82660174,2.538008e-07,0.99895,0.15527344,0.005144324,-12.246783,-12.254993,-3.847447,170.01508,1.0624286,2.7425668e-07,0.018821419525146484,13057.585770130157,195000
38.67176,-0.23823625,-8.510027,0.28962976,1.0,0.99905396,0.24511719,0.004414399,-13.033551,-13.043022,-3.344914,584.02765,0.94825065,1.2874628e-05,1.0081015,-1.0610685,18.451582,0.9990587,0.21679688,0.004465228,-12.423519,-12.432353,-3.3870263,62.177605,0.587711,1.7347653e-05,50.39307,-0.25596413,-8.530651,0.2947858,1.0,0.9989939,0.17578125,0.0049020075,-12.745899,-12.754713,-3.7293584,133.20364,0.5455189,7.579962e-07,0.99897766,0.16796875,0.0049868124,-12.155233,-12.163421,-3.7795205,279.6808,0.76382047,1.9327482e-08,0.018765033197402956,13151.410938978195,200000
45.842045,-0.17954828,-8.478452,0.2817359,1.0,0.99907494,0.25390625,0.0043566013,-13.059341,-13.068861,-3.3208401,367.0052,0.81954837,3.41056e-05,1.2430851,-1.4918971,24.660418,0.99906826,0.23339844,0.0044502737,-12.459742,-12.468572,-3.4262586,114.599525,0.67202914,4.4926068e-07,47.740185,-0.28672543,-8.536084,0.29614398,1.0,0.99897003,0.19140625,0.0048762457,-12.9655905,-12.974671,-3.675858,122.443436,0.59968495,8.86604e-07,0.99892807,0.171875,0.005029452,-12.349728,-12.358167,-3.7175639,145.44623,1.1772351,1.1413524e-07,0.24703334913253785,14386.577687740326,205000
44.376373,-0.20722057,-8.522068,0.29263976,1.0,0.9990654,0.24121094,0.0044675935,-12.869165,-12.878369,-3.4533513,139.07771,0.6673645,6.7482324e-06,1.0619503,-0.93053865,18.222158,0.9990692,0.22070312,0.0045381878,-12.301939,-12.31053,-3.513198,156.64316,0.69597816,9.936594e-06,51.028618,-0.2871166,-8.540883,0.29734388,1.0,0.9989662,0.1953125,0.0048805727,-12.81966,-12.828596,-3.6785204,176.2697,0.551986,1.0188667e-06,0.99892044,0.17382812,0.0050263694,-12.294163,-12.302565,-3.7000418,305.39713,0.8566086,1.9887294e-08,0.021648624658584595,14494.820812702179,210000
47.46337,-0.20731264,-8.50131,0.2874505,1.0,0.99908066,0.24609375,0.0043205847,-13.185748,-13.195358,-3.355276,249.75113,0.7232383,4.7505832e-06,0.97556627,-0.942369,20.745283,0.999074,0.22265625,0.004414742,-12.607744,-12.616687,-3.4579053,83.97652,0.6087134,1.5588517e-06,45.18733,-0.33386743,-8.535169,0.29591516,1.0,0.99895763,0.15429688,0.0050182478,-12.959154,-12.968049,-3.8595142,384.17383,0.75578797,7.957353e-08,0.99890804,0.15820312,0.0051174555,-12.429293,-12.437681,-3.8477,227.37431,0.8961223,1.2824495e-07,0.02476691646575928,14618.655399084091,215000
37.35147,-0.21693158,-8.531561,0.29501313,1.0,0.9990711,0.24121094,0.0043955753,-13.054956,-13.0644455,-3.348113,215.36186,0.97060823,1.6371703e-06,1.1638168,-2.1867976,23.379108,0.999073,0.24316406,0.004453055,-12.52084,-12.529749,-3.4066777,99.51899,0.9003629,1.0189424e-06,40.39547,-0.33408016,-8.5644,0.3032229,1.0,0.9989567,0.18652344,0.0048834994,-12.871094,-12.880107,-3.6494217,268.82162,1.2452786,5.4991943e-07,0.9989567,0.16601562,0.005035809,-12.352344,-12.360787,-3.7143369,194.96071,1.3236771,2.7638753e-06,0.026699960470199586,14752.155205011368,220000
41.802013,-0.21189928,-8.518308,0.29169995,1.0,0.9990711,0.26660156,0.0043326695,-13.291131,-13.300924,-3.2726731,99.25654,0.8490159,1.1365992e-05,1.6239978,-1.2962608,20.848637,0.99906635,0.24121094,0.0044174604,-12.758846,-12.768,-3.3940666,80.52655,0.7959585,2.9755165e-06,44.015305,-0.38838857,-8.528395,0.29422176,1.0,0.9989176,0.18847656,0.0049833963,-13.0942955,-13.10353,-3.6477842,698.18884,0.9259806,7.99209e-09,0.9988985,0.171875,0.0051447353,-12.525726,-12.534314,-3.739967,184.34383,0.93203616,1.2118389e-07,0.028121032190322876,14892.760367631912,225000
38.29203,-0.2491915,-8.505113,0.28840122,1.0,0.99907684,0.23632812,0.00438896,-13.037502,-13.046952,-3.3698196,73.36625,0.52514315,1.8330778e-05,1.7841702,-2.6303563,22.857319,0.99907494,0.22070312,0.0044539487,-12.4255495,-12.434328,-3.445894,169.8373,0.62598896,1.42292665e-05,46.097855,-0.27234805,-8.555015,0.30087662,1.0,0.9989519,0.18164062,0.0049193767,-13.017302,-13.026425,-3.6830034,169.72446,0.8282348,3.6989567e-10,0.99888897,0.18261719,0.0049910364,-12.408157,-12.41663,-3.740952,121.373375,0.6969558,9.338805e-08,0.031600649404525755,15050.76361823082,230000
40.026855,-0.25962666,-8.510505,0.2897491,1.0,0.9990759,0.24316406,0.0043916656,-13.210463,-13.220089,-3.3620586,1277.9338,2.3128831,1.4021621e-06,0.9891129,-1.2888907,20.063065,0.999074,0.21679688,0.0044488553,-12.595974,-12.604981,-3.3806357,175.17757,1.1770663,1.0649537e-05,43.034447,-0.34052536,-8.547615,0.29902676,1.0,0.9990158,0.17578125,0.004883305,-12.899767,-12.90866,-3.8023787,378.11606,0.6593735,9.101395e-07,0.9989748,0.15820312,0.005023813,-12.328788,-12.337121,-3.8037014,116.359085,0.60165715,3.6966597e-07,0.03149494938850403,15208.238368749619,235000
47.11294,-0.19380447,-8.512934,0.2903564,1.0,0.9990845,0.25,0.0042922897,-13.349073,-13.358917,-3.2791958,109.87373,0.8364675,8.885726e-06,1.5920266,-2.2936807,27.570873,0.99908066,0.23535156,0.004366122,-12.700087,-12.709217,-3.3604426,58.747345,0.71152014,4.0988966e-06,47.387863,-0.25534832,-8.557318,0.30145252,1.0,0.9989643,0.1796875,0.00485536,-12.956665,-12.965728,-3.6851542,274.04825,0.723557,1.5601695e-06,0.9989462,0.15527344,0.004956204,-12.378082,-12.386539,-3.726863,418.84518,1.1260247,1.2367146e-06,0.03136946792602539,15365.085710287094,240000
38.03406,-0.23664072,-8.5125885,0.2902701,1.0,0.9990635,0.23242188,0.0043368065,-13.136238,-13.145825,-3.3295531,54.05427,0.48328775,2.08564e-06,1.664236,-1.7456094,19.592012,0.99906063,0.22265625,0.004418657,-12.555304,-12.564253,-3.4011247,55.66399,0.55672604,8.246569e-06,50.46254,-0.28655893,-8.560722,0.3023035,1.0,0.9988928,0.16503906,0.005047725,-12.914959,-12.923844,-3.8254733,344.5402,0.62673414,3.8049595e-08,0.9988756,0.15136719,0.005329351,-12.359973,-12.368282,-3.8592424,60.6208,0.750193,1.2013412e-07,0.031428751850128174,15522.229473114014,245000
39.451874,-0.25440234,-8.506856,0.288837,1.0,0.99908257,0.26953125,0.004287007,-13.228285,-13.238059,-3.2288773,662.1253,1.1936715,7.930535e-06,1.6794152,-0.77527344,19.506516,0.99908066,0.2578125,0.00434085,-12.722546,-12.7317705,-3.2863307,56.008217,0.71590054,7.6157316e-06,51.490776,-0.26056695,-8.561504,0.30249906,1.0,0.99895954,0.1640625,0.004874312,-12.943092,-12.95207,-3.758134,624.57104,0.7008501,4.292242e-09,0.9989319,0.14257812,0.005090539,-12.409508,-12.417928,-3.7946634,279.6616,1.0168763,3.7401168e-07,0.031436677026748655,15679.412860393524,250000
41.785217,-0.20257708,-8.524313,0.29320133,1.0,0.9990864,0.2421875,0.0043947957,-13.342417,-13.352173,-3.362279,179.73088,0.8958586,5.8029527e-05,0.77134997,-0.7724534,16.405365,0.99907684,0.234375,0.004462736,-12.7796955,-12.788817,-3.4485116,241.9126,1.1496028,4.3194144e-05,45.215218,-0.37967968,-8.524367,0.29321477,1.0,0.9989033,0.16503906,0.0050785122,-13.072237,-13.081359,-3.7405229,257.33514,0.8925921,1.1833474e-06,0.9988613,0.1484375,0.005399382,-12.523062,-12.531657,-3.7296467,607.8113,2.278552,3.8583275e-06,0.026348599576950075,15811.155863523483,255000
49.180138,-0.16570717,-8.50614,0.28865793,1.0,0.9990692,0.24609375,0.004347096,-13.159454,-13.169118,-3.2726734,64.50547,0.8307629,1.0933456e-05,3.7059653,-2.0577235,27.977943,0.99906635,0.24023438,0.0044165635,-12.695596,-12.704704,-3.3779635,160.41245,0.93971515,6.905423e-06,46.849655,-0.27079302,-8.579067,0.30688995,1.0,0.99892235,0.16894531,0.005065733,-12.927784,-12.936688,-3.8187478,184.6447,0.59015596,1.0941819e-09,0.99891186,0.16015625,0.005160119,-12.399824,-12.408178,-3.8549178,98.55542,0.95206463,7.1466895e-09,0.023279299116134643,15927.552360773087,260000
43.59128,-0.19979772,-8.532736,0.29530683,1.0,0.9990654,0.22558594,0.0044721914,-13.020331,-13.029653,-3.4850588,96.54657,0.52565527,9.188191e-06,1.2663001,-1.6617931,21.997791,0.99906063,0.20800781,0.0045584403,-12.524952,-12.533697,-3.578668,36.23068,0.39694375,6.458649e-06,44.014427,-0.35812205,-8.574881,0.305843,1.0,0.9989815,0.14941406,0.004990136,-13.050943,-13.059928,-3.8601093,139.96501,0.7377392,8.488236e-08,0.99894524,0.15332031,0.0051348167,-12.483722,-12.492133,-3.879517,49.869915,0.6440039,1.4196586e-07,0.018915050411224366,16022.12761592865,265000
37.65291,-0.27227694,-8.542643,0.29778385,1.0,0.9990797,0.24414062,0.00438515,-13.400276,-13.4100485,-3.4037313,245.12718,0.71624935,2.0755317e-05,0.73167354,-1.027564,20.762802,0.999073,0.23535156,0.004450426,-12.755196,-12.764283,-3.4578717,735.33563,1.2198471,1.5548749e-05,45.049454,-0.3827171,-8.535923,0.29610395,1.0,0.9988909,0.16894531,0.004974174,-13.233065,-13.242353,-3.7293806,191.13916,1.1038196,1.8355312e-08,0.9988165,0.1484375,0.0051922975,-12.563446,-12.572079,-3.7325635,61.535786,0.7570283,7.016111e-07,0.01888311095237732,16116.543172836304,270000
42.09245,-0.22124209,-8.544767,0.29831475,1.0,0.99906254,0.24707031,0.0044408087,-13.09202,-13.101465,-3.4300096,184.42805,0.6947446,6.2831195e-06,1.0925381,-1.1328248,19.33678,0.9990635,0.21386719,0.004482365,-12.569132,-12.5780115,-3.4855883,36.259823,0.5236613,6.022517e-06,42.21927,-0.31812686,-8.4900875,0.28464472,1.0,0.99893,0.17089844,0.004948011,-13.011915,-13.021022,-3.6956034,463.48694,1.0682151,2.7004962e-10,0.99888325,0.15820312,0.0051302323,-12.555548,-12.564198,-3.707592,133.79082,0.9337925,4.0068008e-07,0.01890215039253235,16211.0539290905,275000
45.25761,-0.18708271,-8.504441,0.28823325,1.0,0.99908924,0.27929688,0.004263632,-13.247331,-13.257181,-3.1701417,201.87384,0.93355936,4.54649e-06,0.88244706,-1.2119081,19.678709,0.99907494,0.24902344,0.0043423325,-12.807015,-12.816314,-3.2962496,171.8348,0.9781333,1.3130009e-05,49.43685,-0.26912278,-8.537943,0.2966087,1.0,0.99894524,0.18164062,0.0049024737,-12.901729,-12.910763,-3.661179,126.75156,0.63151926,8.575505e-09,0.99890804,0.16015625,0.005058958,-12.451436,-12.459958,-3.7335756,102.8327,0.79622555,2.0029056e-08,0.018908897304534912,16305.598417043686,280000
41.528206,-0.24301699,-8.49356,0.28551275,1.0,0.99907017,0.24414062,0.004353011,-13.289429,-13.299159,-3.334697,127.0277,0.6360625,3.5975282e-07,1.8458358,-1.5296953,24.80059,0.9990654,0.23925781,0.0044085393,-12.769619,-12.778788,-3.3895345,103.00102,0.57260144,3.4452387e-05,58.657352,-0.27391213,-8.560441,0.30223322,1.0,0.9989662,0.17578125,0.0049592163,-13.181587,-13.19082,-3.7372823,77.206535,0.77283466,2.6619934e-06,0.99891186,0.140625,0.0051535675,-12.6533785,-12.6620655,-3.7672508,43.895042,0.81333995,3.048738e-06,0.01889203872680664,16400.05861401558,285000
39.150795,-0.2159555,-8.499899,0.28709784,1.0,0.99908066,0.2421875,0.0043476135,-13.405714,-13.41553,-3.3627877,318.00568,0.6273878,9.285176e-06,1.1345017,-1.2472161,18.01482,0.99908066,0.23730469,0.004399777,-12.760799,-12.769951,-3.3990011,85.18665,0.46803495,1.4958007e-05,52.546673,-0.31568193,-8.534333,0.2957063,1.0,0.9989424,0.1640625,0.005051462,-13.043922,-13.052884,-3.8764043,120.720856,0.6216551,4.9361465e-10,0.9989176,0.15332031,0.0052783005,-12.434096,-12.442375,-3.9641461,78.21175,0.63894355,8.283524e-09,0.018907389640808105,16494.59556412697,290000
26.109116,-0.34972885,-8.495045,0.28588426,1.0,0.9990864,0.27148438,0.004259142,-13.448059,-13.458038,-3.239096,122.02582,0.8619003,2.9075303e-05,0.5074001,-0.68054426,11.778175,0.9990845,0.25195312,0.0043411097,-12.753335,-12.762562,-3.3140547,58.1222,0.7491633,4.3865195e-05,45.726635,-0.3676592,-8.5298195,0.29457778,1.0,0.9989805,0.16796875,0.005034036,-13.057749,-13.066697,-3.9037936,134.72536,0.52974635,8.0441485e-09,0.9989672,0.1484375,0.005175808,-12.4218235,-12.430107,-3.947619,88.999626,0.6923128,7.376972e-08,0.01897005066871643,16589.44581913948,295000
38.872578,-0.24030605,-8.532946,0.29535937,1.0,0.9990854,0.24121094,0.004310482,-13.403756,-13.413614,-3.320395,271.4443,1.0618114,3.5772084e-06,1.1485608,-0.8967011,20.569729,0.9990845,0.2265625,0.0044261967,-12.775433,-12.784564,-3.432549,139.41354,0.7927029,2.7788412e-05,50.439217,-0.31453097,-8.5365095,0.2962504,1.0,0.9989538,0.18652344,0.004819058,-13.229656,-13.239096,-3.5735915,157.1005,0.7080053,1.7182705e-05,0.9989424,0.17578125,0.004962043,-12.647973,-12.656806,-3.612214,233.45706,1.3054762,5.316277e-06,0.019030586528778076,16684.598752975464,300000
41.05317,-0.25736642,-8.527478,0.29399252,1.0,0.9990673,0.2578125,0.0043166867,-13.2978945,-13.307658,-3.309978,57.494164,0.53994155,2.796283e-05,1.1899958,-0.7848424,21.206848,0.99906826,0.24316406,0.0043843016,-12.7118635,-12.720999,-3.3664513,38.012447,0.5342159,1.6514112e-05,37.929726,-0.3726099,-8.54406,0.2981381,1.0,0.9989977,0.19042969,0.0048381723,-13.110909,-13.120047,-3.7635834,123.74394,0.46815276,1.3516177e-07,0.9989691,0.16699219,0.0049730893,-12.491329,-12.499851,-3.7735984,39.574444,0.6511116,5.5112036e-08,0.3322961481571198,18346.079498291016,305000
51.57659,-0.17380348,-8.492148,0.28516006,1.0,0.9990845,0.25,0.004329901,-13.356926,-13.366783,-3.273785,2383.5942,2.0393395,1.6067744e-06,1.7947131,-1.2008059,22.50349,0.9990835,0.24414062,0.004410233,-12.793942,-12.803147,-3.3768516,109.813545,0.8392899,2.1893577e-06,43.836624,-0.3454957,-8.53503,0.29588062,1.0,0.9989519,0.19726562,0.0048467414,-12.979893,-12.988993,-3.6715424,136.0894,0.5188597,2.81765e-09,0.99893665,0.17773438,0.00495984,-12.327169,-12.335615,-3.6871486,74.72396,0.708995,5.694041e-07,0.021643958044052124,18454.299291849136,310000
39.45707,-0.2518356,-8.52497,0.29336548,1.0,0.99908257,0.25585938,0.0044023516,-13.470926,-13.480751,-3.420444,171.65398,0.80014837,5.1286315e-06,0.94219655,-1.0753016,17.84801,0.99908066,0.23339844,0.0044582663,-12.881599,-12.890799,-3.471253,52.958744,0.68069637,5.285569e-05,56.377247,-0.3141801,-8.547897,0.29909748,1.0,0.9989538,0.18847656,0.0050097713,-13.144781,-13.153917,-3.7975228,259.2591,0.7364039,5.863919e-07,0.9988785,0.16503906,0.00522349,-12.494912,-12.5033865,-3.8243992,224.39691,1.3914909,4.12136e-08,0.02164830861091614,18562.54083633423,315000
43.480858,-0.24119373,-8.5368,0.29632294,1.0,0.99907684,0.26660156,0.004317603,-13.363392,-13.373271,-3.2567449,216.62094,1.0651253,1.5308682e-05,1.5521988,-1.0336258,19.524395,0.9990711,0.24316406,0.0043557053,-12.721445,-12.7306595,-3.2943356,93.17395,0.7911983,7.210822e-06,56.23214,-0.2980194,-8.554733,0.30080622,1.0,0.99897766,0.17285156,0.0049007563,-12.980874,-12.989916,-3.7318363,216.5375,0.6048589,2.0593982e-06,0.99894047,0.17578125,0.005027337,-12.264214,-12.272535,-3.7508738,51.254765,0.6393989,1.963048e-06,0.021729525995254517,18671.188467502594,320000
41.11283,-0.2547236,-8.537059,0.2963875,1.0,0.9990778,0.25097656,0.0043141674,-13.500091,-13.510086,-3.274502,198.67424,0.7922652,2.2220586e-06,1.123095,-0.9477567,19.752672,0.9990797,0.24609375,0.004375591,-12.836233,-12.84552,-3.3360882,306.64648,1.025162,6.9659973e-06,51.21424,-0.33700213,-8.524082,0.29314345,1.0,0.9989586,0.16992188,0.0049434123,-13.427175,-13.436717,-3.6653252,126.830154,0.87999,1.8508689e-07,0.9988642,0.15429688,0.0051233415,-12.767643,-12.776549,-3.6566677,121.99858,1.0178258,3.746405e-08,0.021680093479156493,18779.588938236237,325000
35.1636,-0.2532907,-8.488934,0.2843562,1.0,0.99907494,0.24707031,0.004279849,-13.380798,-13.390716,-3.2347872,83.49495,0.7447729,6.6589423e-06,0.9477363,-2.3967774,21.544775,0.999073,0.23242188,0.004346387,-12.7628565,-12.772105,-3.3015957,53.44308,0.71520805,1.8454528e-05,47.892593,-0.35782313,-8.538204,0.2966741,1.0,0.9989958,0.1875,0.0048304545,-13.0130825,-13.022154,-3.7330942,176.81645,0.6114464,3.7510524e-08,0.99893475,0.17480469,0.005118987,-12.4339695,-12.442477,-3.729806,171.1674,0.93298626,6.785235e-08,0.021688956928253175,18888.03372478485,330000
39.293896,-0.2690045,-8.499654,0.28703642,1.0,0.99908733,0.26757812,0.004266292,-13.477823,-13.487785,-3.2869253,86.249725,0.67127526,3.2959015e-05,1.2000684,-0.8608191,18.14708,0.9990902,0.24804688,0.004364608,-12.877731,-12.886984,-3.4121943,77.107315,0.5948528,6.82926e-05,42.974472,-0.349521,-8.559258,0.30193764,1.0,0.9990101,0.19335938,0.0048406655,-13.255363,-13.2647,-3.7039957,130.11774,0.68979824,3.8945547e-07,0.9989815,0.17382812,0.004894075,-12.703415,-12.712223,-3.6916652,116.31039,1.0184968,2.458381e-07,0.021789813041687013,18996.98279452324,335000
46.25036,-0.24233687,-8.49608,0.286143,1.0,0.9990902,0.234375,0.00427604,-13.523119,-13.533154,-3.2572494,284.8935,0.9279195,1.5617617e-05,1.3047878,-0.9281321,20.90123,0.9990902,0.2421875,0.0043591983,-12.906427,-12.915753,-3.3670316,82.39508,0.64719224,1.3563219e-05,44.87961,-0.3865261,-8.553343,0.30045864,1.0,0.9990082,0.17871094,0.004883076,-13.178643,-13.187796,-3.8153281,369.009,0.9374026,1.8547606e-08,0.9990063,0.15332031,0.004960425,-12.534187,-12.542724,-3.80232,123.99733,1.0381404,4.16407e-07,0.02109291191101074,19102.447355747223,340000
43.747837,-0.26486212,-8.499208,0.28692514,1.0,0.9990711,0.25683594,0.004334394,-13.576938,-13.586981,-3.3023784,154.99889,1.001477,1.2298654e-05,1.3141652,-1.3958975,23.981579,0.9990654,0.23632812,0.0043987194,-12.888754,-12.89806,-3.369608,72.1748,0.72447366,5.1413153e-06,48.694084,-0.29315203,-8.543884,0.29809394,1.0,0.998991,0.18652344,0.0048666405,-13.142038,-13.1512575,-3.7103744,616.64386,0.9786879,4.173186e-09,0.99897575,0.16113281,0.004985802,-12.454075,-12.462596,-3.7374468,98.01684,0.8570478,4.0926056e-07,0.020113287258148194,19203.013797283173,345000
44.877228,-0.21649766,-8.517139,0.29140767,1.0,0.9990845,0.2529297,0.004268686,-13.556185,-13.566269,-3.2394218,161.57903,0.9048581,1.930964e-05,1.3896527,-1.2396129,22.554066,0.99908257,0.22949219,0.0043433933,-12.899799,-12.909181,-3.3019545,158.48236,0.897614,4.2718693e-05,51.758926,-0.3261687,-8.558775,0.30181688,1.0,0.99895954,0.17382812,0.004916222,-13.215338,-13.224658,-3.681027,188.25632,0.66549486,4.2888896e-08,0.99888325,0.16601562,0.0051519005,-12.639999,-12.648722,-3.7157779,395.83786,1.7743073,6.0140685e-08,0.024419275617599486,19325.11017680168,350000
37.534065,-0.29982814,-8.537798,0.29657233,1.0,0.9990816,0.23632812,0.004454667,-13.508024,-13.5178175,-3.4893932,101.742645,0.6239983,1.19113765e-05,0.94372404,-0.9948601,19.407856,0.9990759,0.22167969,0.0044940654,-12.958249,-12.967487,-3.5083284,75.901306,0.7022364,4.7128433e-05,52.15676,-0.4118389,-8.521016,0.29237705,1.0,0.99895,0.17578125,0.004875334,-13.355365,-13.36487,-3.6328278,244.96231,0.72577405,1.05771875e-07,0.99890614,0.1640625,0.0051102573,-12.786858,-12.795812,-3.6256983,314.33286,1.3138896,1.2318597e-07,0.018882387924194336,19419.522121191025,355000
54.34886,-0.19524612,-8.561112,0.30240095,1.0,0.999073,0.23828125,0.0043906234,-13.384935,-13.39469,-3.4068565,100.55419,0.72926426,2.2838796e-05,1.4507947,-2.480195,27.480602,0.9990778,0.22460938,0.0044981306,-12.648699,-12.657642,-3.4998283,381.79208,0.9766762,7.912049e-06,40.61938,-0.3839044,-8.549608,0.29952508,1.0,0.99892235,0.1875,0.0048763347,-13.359882,-13.369404,-3.6203191,336.32565,0.9698318,1.907765e-07,0.9988766,0.17578125,0.0051382007,-12.757078,-12.765997,-3.6331859,232.21115,1.5874743,1.9213806e-07,0.018904105710983277,19514.042651176453,360000
43.884743,-0.23594034,-8.478811,0.2818257,1.0,0.9990921,0.2578125,0.0042767096,-13.487644,-13.497688,-3.2127888,269.15768,1.2802234,7.977246e-06,2.9714582,-2.0886652,27.582253,0.9990864,0.22851562,0.004362681,-12.91984,-12.929192,-3.3531938,189.37157,1.0813992,2.1187821e-05,59.202972,-0.2508187,-8.546659,0.298788,1.0,0.99898434,0.17675781,0.0048988853,-13.08149,-13.090617,-3.7429695,312.52612,0.6875027,3.1381955e-08,0.99897003,0.1640625,0.0050094957,-12.601166,-12.609755,-3.814883,577.223,1.2638923,2.0334692e-08,0.018938298559188844,19608.734145641327,365000
36.281303,-0.25544524,-8.510444,0.2897339,1.0,0.99908257,0.25195312,0.0043410873,-13.675071,-13.68519,-3.3219886,135.45273,0.9718896,4.1882888e-07,1.1763461,-1.9963782,21.15332,0.9990759,0.2529297,0.004367463,-12.925108,-12.934465,-3.3530657,84.3862,0.76770425,3.191685e-06,42.402153,-0.40122455,-8.557502,0.30149856,1.0,0.9989805,0.18945312,0.0048418646,-13.239716,-13.249004,-3.7371602,191.79193,0.38920105,4.8532853e-09,0.9989033,0.17773438,0.005116268,-12.4872875,-12.495844,-3.7346752,81.45705,0.8091235,7.0559008e-09,0.019033849954605102,19703.903396606445,370000
51.239662,-0.28345525,-8.490404,0.28472418,1.0,0.99908066,0.23730469,0.004420758,-13.521605,-13.531494,-3.4055243,185.59077,0.7902429,4.743172e-06,1.6573936,-2.393016,29.879631,0.9990797,0.23339844,0.004473946,-12.807751,-12.816895,-3.4519985,68.32437,0.65461105,1.8832352e-05,48.38939,-0.3597263,-8.556858,0.30133748,1.0,0.99902153,0.19140625,0.0049002445,-13.075073,-13.084105,-3.8361015,184.31886,0.8150058,7.7348645e-08,0.9990034,0.16894531,0.0049692094,-12.430012,-12.438376,-3.873698,60.771214,0.490845,1.886943e-08,0.018848193311691283,19798.144364595413,375000
41.550026,-0.22039083,-8.522615,0.29277667,1.0,0.99906635,0.2626953,0.0043618134,-13.588486,-13.598504,-3.3405015,81.2816,0.69135785,1.5265368e-05,3.233201,-1.5250998,26.416649,0.99906826,0.24121094,0.0044634473,-12.995253,-13.004613,-3.419604,46.86543,0.71760315,7.994146e-06,45.461205,-0.38303572,-8.513256,0.2904369,1.0,0.99892807,0.18359375,0.004939976,-13.192747,-13.20209,-3.6351624,214.77107,0.83489,8.4943416e-08,0.9989004,0.1796875,0.005131424,-12.616491,-12.62527,-3.6355324,291.19138,1.1545256,3.6420074e-09,0.018858925437927245,19892.43899345398,380000
43.113117,-0.23568107,-8.489338,0.2844575,1.0,0.9990759,0.24414062,0.00439015,-13.474552,-13.484422,-3.377005,323.2248,0.87254626,3.1242394e-07,1.1373671,-1.910214,24.179743,0.99906826,0.23046875,0.0044947993,-12.824311,-12.833421,-3.5042524,76.83304,0.6187059,2.9871765e-06,47.115322,-0.3507308,-8.529196,0.2944218,1.0,0.99900055,0.18164062,0.0049662716,-13.0621395,-13.071131,-3.8646207,446.86404,0.74785435,5.2985463e-08,0.9989891,0.16308594,0.005128844,-12.448065,-12.456418,-3.903132,279.6285,1.2442919,7.4373546e-08,0.01884546318054199,19986.6663107872,385000
40.972816,-0.23940802,-8.516696,0.29129687,1.0,0.9990845,0.23535156,0.0043403762,-13.43299,-13.442868,-3.3264785,222.07521,0.87303,6.525471e-08,1.4867139,-1.0779028,20.04699,0.99907875,0.23730469,0.0044129086,-12.806026,-12.815194,-3.4277403,130.9121,0.8141667,7.940547e-06,50.34955,-0.3327726,-8.5385475,0.29675984,1.0,0.9989519,0.18847656,0.0049536447,-13.169947,-13.179164,-3.7410073,114.92896,0.6685977,9.995689e-07,0.9989433,0.18066406,0.004996596,-12.589348,-12.598001,-3.7371364,101.206184,0.75734925,4.9148025e-06,0.01884243359565735,20080.878479719162,390000
34.187027,-0.31086004,-8.494505,0.2857492,1.0,0.99908733,0.2705078,0.004280182,-13.612068,-13.622191,-3.2560406,251.76936,0.9496372,8.403558e-06,1.1816349,-1.2024558,18.088778,0.9990864,0.23730469,0.0043435385,-13.010361,-13.019822,-3.3311868,163.15207,0.83392084,9.8613655e-06,52.586823,-0.3464822,-8.556555,0.30126172,1.0,0.9990015,0.20605469,0.004892013,-13.363789,-13.373194,-3.741228,355.97336,1.0165081,1.1593564e-08,0.9989376,0.17382812,0.005043066,-12.82382,-12.832672,-3.7686868,545.32587,1.5196743,4.9244626e-08,0.01889272651672363,20175.34211373329,395000
39.50534,-0.24478193,-8.512246,0.29018468,1.0,0.99907494,0.23535156,0.0043682307,-13.608145,-13.618178,-3.3433769,88.877144,0.6935293,6.506003e-06,1.3283203,-1.7145541,20.16558,0.99908066,0.234375,0.00444937,-12.874325,-12.88357,-3.4162154,87.63661,0.69672656,6.396804e-06,51.77991,-0.33725446,-8.57799,0.30662054,1.0,0.9989481,0.19140625,0.0049506365,-13.347792,-13.357206,-3.716508,390.95898,0.9839069,1.282778e-06,0.9989033,0.16308594,0.005151895,-12.72942,-12.738184,-3.764276,170.8234,0.9707076,5.911929e-07,0.0190459997177124,20270.572113752365,400000
38.40869,-0.25095537,-8.509296,0.28944704,1.0,0.9990835,0.27539062,0.0042968895,-13.679319,-13.689487,-3.2775083,40.661644,0.6726974,1.0158885e-05,1.0529568,-1.5015275,23.7458,0.99908257,0.24804688,0.0043894313,-13.017887,-13.027336,-3.350615,261.94257,1.0413493,1.8398137e-05,46.200565,-0.30375054,-8.51488,0.290843,1.0,0.99901867,0.17285156,0.004887076,-13.155749,-13.164935,-3.7577195,349.65366,0.7418173,5.0136265e-08,0.99899673,0.17089844,0.0049306927,-12.559139,-12.567712,-3.7901466,163.22101,0.7553004,5.4139086e-06,0.3955098807811737,22248.121520757675,405000
39.4046,-0.25015795,-8.485784,0.28356904,1.0,0.9990864,0.2919922,0.004183565,-13.658875,-13.669156,-3.1409037,145.3558,0.9342443,9.1996384e-07,1.0314426,-1.0528493,19.640038,0.99908257,0.25683594,0.004248923,-13.04549,-13.055124,-3.1891997,57.831367,0.89996445,2.477625e-05,54.991074,-0.36096966,-8.513998,0.29062235,1.0,0.9990015,0.203125,0.0048617404,-13.25692,-13.26622,-3.7430336,287.4844,0.75329727,1.2295916e-06,0.9990063,0.1796875,0.00497155,-12.633046,-12.641694,-3.7853253,247.49579,1.3700974,5.658633e-07,0.021619994592666628,22356.22149515152,410000
42.476124,-0.28088564,-8.522916,0.29285195,1.0,0.9990902,0.28027344,0.004247936,-13.9106455,-13.921097,-3.2182643,262.3727,1.182366,4.33724e-06,1.0034744,-1.1969745,23.224098,0.99908924,0.25195312,0.0043257363,-13.313417,-13.323187,-3.3197186,171.72298,0.8789199,6.707624e-06,46.139404,-0.369307,-8.545741,0.29855835,1.0,0.9989548,0.16796875,0.0049294606,-13.389564,-13.398995,-3.7418232,107.7457,0.6460773,2.6920328e-09,0.9988642,0.16992188,0.0052421084,-12.760414,-12.7692375,-3.7351413,473.7401,2.1204882,1.4341552e-07,0.021640829610824586,22464.42564535141,415000
46.296516,-0.22773568,-8.494289,0.28569543,1.0,0.99907017,0.2529297,0.0043726456,-13.483631,-13.493546,-3.3415093,564.38586,0.93638813,1.11941445e-05,0.8602886,-0.91171473,18.89201,0.99906445,0.22558594,0.004440017,-12.844574,-12.853811,-3.3945131,245.39488,0.8621024,3.6719975e-05,49.9889,-0.33936352,-8.505084,0.28839394,1.0,0.99892616,0.15234375,0.0051006954,-13.299807,-13.309106,-3.7873552,256.8564,0.8764718,4.857698e-07,0.99888134,0.14355469,0.005381941,-12.815732,-12.824575,-3.7686172,279.23038,1.8901945,5.200885e-07,0.02162677516937256,22572.559522628784,420000
39.64569,-0.25837237,-8.503014,0.28787628,1.0,0.99907494,0.25390625,0.0043240506,-13.650047,-13.660163,-3.3011816,170.74448,0.7627422,1.4152411e-05,1.5478288,-1.0285101,19.66723,0.99906826,0.23339844,0.00440563,-13.041338,-13.0507765,-3.3867877,138.09558,0.70269775,9.0199765e-06,55.76654,-0.35762668,-8.552635,0.3002819,1.0,0.99893284,0.171875,0.0050095757,-13.362,-13.371395,-3.7503467,135.48341,0.69875157,4.1569432e-11,0.99890995,0.15332031,0.0049897134,-12.754449,-12.763262,-3.7396095,48.378315,0.6224593,4.5861572e-08,0.01943371787071228,22669.72811436653,425000
52.121037,-0.23539576,-8.515041,0.29088354,1.0,0.99909306,0.24902344,0.0043002986,-13.68874,-13.69891,-3.286921,425.46048,1.1336154,5.8692485e-06,2.0865111,-1.1448026,26.161701,0.9990778,0.22851562,0.00436278,-13.10201,-13.111521,-3.3729205,123.66478,0.74766654,7.840444e-06,53.45002,-0.28132737,-8.5165825,0.2912685,1.0,0.99895954,0.18261719,0.004893787,-13.4325075,-13.441988,-3.7343054,75.97478,0.4311957,6.487561e-07,0.9989414,0.16210938,0.004968866,-12.955196,-12.964158,-3.787592,40.49392,0.46524677,2.458545e-07,0.015442117977142334,22746.938705921173,430000
50.015106,-0.21634078,-8.528568,0.29426503,1.0,0.9990797,0.2548828,0.0043499335,-13.496035,-13.505968,-3.3341126,131.7263,0.72951555,1.28639e-07,1.694589,-2.6917312,34.405613,0.9990778,0.24023438,0.0044163726,-12.930464,-12.939788,-3.3919115,51.899204,0.66228163,4.7124115e-07,46.46694,-0.31989753,-8.52635,0.29371044,1.0,0.9989643,0.18945312,0.004887524,-13.290892,-13.300223,-3.7446032,75.23203,0.43081915,1.3058504e-07,0.9989548,0.1640625,0.005004181,-12.746101,-12.754847,-3.8006892,62.896675,0.55447626,1.2536565e-06,0.015449771928787232,22824.187569856644,435000
41.708412,-0.30425453,-8.526811,0.29382533,1.0,0.9990635,0.24707031,0.0043297405,-13.65103,-13.661138,-3.3099344,159.9505,0.7267003,3.2070413e-06,1.1268086,-1.2030814,23.323097,0.99906254,0.22167969,0.004362669,-13.020782,-13.030241,-3.3445435,29.832897,0.5326824,1.5232051e-05,53.242516,-0.32521656,-8.517698,0.29154748,1.0,0.9988737,0.20019531,0.0051239347,-13.354349,-13.363837,-3.648206,435.45178,0.9529626,5.995149e-08,0.9988184,0.18066406,0.0053512207,-12.7750225,-12.783909,-3.6842906,102.16599,1.2838256,6.37747e-08,0.015461874866485596,22901.496945858,440000
43.51844,-0.22288775,-8.483481,0.2829934,1.0,0.9990845,0.26757812,0.0043421113,-13.862404,-13.8727,-3.329018,127.60712,0.6784821,1.0332561e-07,1.1135526,-0.9281199,22.726028,0.9990778,0.26171875,0.004374532,-13.10461,-13.114131,-3.364698,46.41025,0.5882649,1.0649944e-05,49.851326,-0.32047772,-8.530561,0.29476333,1.0,0.9989166,0.16601562,0.0049931905,-13.429495,-13.43898,-3.7259808,199.63728,0.66975623,4.139715e-09,0.99891186,0.15429688,0.0051262556,-12.788851,-12.797673,-3.7631018,52.20684,0.81319946,3.855736e-07,0.01558092370033264,22979.401565790176,445000
37.662086,-0.2674155,-8.489547,0.28450963,1.0,0.99907494,0.27148438,0.004329705,-13.783437,-13.793711,-3.2736952,1052.9114,2.5650058,1.0004801e-05,0.85533273,-0.83107257,17.340405,0.99907494,0.25,0.004379109,-13.147267,-13.156855,-3.3395596,246.46565,0.95774525,2.4630934e-05,55.270794,-0.3336414,-8.552036,0.30013222,1.0,0.99898434,0.18652344,0.0048881355,-13.240693,-13.249989,-3.732738,247.73701,0.76105464,8.787616e-08,0.99897575,0.17089844,0.004989114,-12.543674,-12.552211,-3.811328,87.62408,0.651247,3.1450984e-08,0.01560730447769165,23057.43809247017,450000
43.583908,-0.25377887,-8.50474,0.28830767,1.0,0.9990816,0.27539062,0.0041627185,-13.809228,-13.81968,-3.1172848,70.62656,0.8427284,1.3616575e-05,0.905071,-1.4671137,21.372862,0.9990854,0.2626953,0.0042439257,-13.143098,-13.15284,-3.1767476,182.50554,1.2621384,1.7180346e-05,54.65863,-0.28605542,-8.5445175,0.29825217,1.0,0.9989548,0.20703125,0.0049200533,-13.287817,-13.297253,-3.6338396,90.867485,0.78569484,8.675651e-08,0.99893093,0.17773438,0.0050599463,-12.715477,-12.7243,-3.6888952,87.42855,0.86891156,2.116928e-07,0.011173152208328247,23113.30385541916,455000
38.857193,-0.2719447,-8.499604,0.28702408,1.0,0.99907494,0.23730469,0.0043512248,-13.539253,-13.549189,-3.375011,48.31745,0.4240017,2.4758343e-05,1.1366216,-1.0962969,22.193861,0.9990692,0.21875,0.004434847,-12.900081,-12.909322,-3.4455981,39.8757,0.45800066,2.2862812e-05,49.850616,-0.31743625,-8.544964,0.29836407,1.0,0.9989519,0.1953125,0.0049061924,-13.409527,-13.419059,-3.659696,1166.7333,1.6223388,8.077069e-08,0.9989443,0.18945312,0.0049907677,-12.739597,-12.748373,-3.761838,48.77047,0.5627918,1.6002094e-08,0.009110995054244996,23158.858834028244,460000
40.65734,-0.25974464,-8.476572,0.28126618,1.0,0.9990721,0.2685547,0.0042929547,-13.660602,-13.670818,-3.208929,92.50584,0.7628195,7.787691e-06,1.0127555,-1.0178956,16.467657,0.9990673,0.24023438,0.0043525035,-13.027561,-13.037117,-3.2512918,253.9211,0.8464913,4.5886492e-05,49.288265,-0.30027288,-8.548424,0.29922894,1.0,0.99895954,0.15625,0.0050325952,-13.548424,-13.557954,-3.7979035,283.2897,1.1877828,6.877029e-07,0.99891376,0.15820312,0.005173645,-12.913458,-12.922326,-3.8404021,114.4601,0.87714624,2.6055673e-07,0.012561982107162476,23221.668745994568,465000
42.50471,-0.28837055,-8.494778,0.2858174,1.0,0.99909115,0.2421875,0.004348387,-13.731303,-13.741518,-3.280978,329.39902,1.1371796,4.192535e-06,4.2511168,-1.2532936,27.833084,0.99908924,0.23632812,0.0044152364,-13.076343,-13.085825,-3.377296,67.56348,0.78014016,4.9917426e-06,47.22352,-0.3958401,-8.5158615,0.29108822,1.0,0.99893,0.17578125,0.0050335876,-13.291281,-13.30063,-3.7275953,508.27246,1.1346705,8.808722e-09,0.9989233,0.17480469,0.005203409,-12.583856,-12.592494,-3.746919,267.7603,1.4691161,4.981354e-07,0.014004804277420044,23291.692769765854,470000
44.893936,-0.26778227,-8.523189,0.29292002,1.0,0.99909496,0.27929688,0.0042021032,-13.789717,-13.800088,-3.1779816,1229.902,1.4560845,1.9099461e-05,1.1057966,-1.3341627,22.037498,0.99908733,0.25195312,0.0042696735,-13.246973,-13.256768,-3.2260866,1013.9399,1.9496781,5.860847e-06,55.26493,-0.3427339,-8.503114,0.28790137,1.0,0.9989195,0.17285156,0.0051190928,-13.25794,-13.267218,-3.7669387,3708.8433,2.8456547,5.49304e-11,0.99885845,0.13867188,0.005274087,-12.746075,-12.754811,-3.8097358,116.734375,0.61022955,5.597608e-08,0.014003074264526367,23361.70814371109,475000
30.205248,-0.35032842,-8.517046,0.29138458,1.0,0.999074,0.24511719,0.0043414067,-13.507187,-13.517138,-3.3284707,52.633194,0.5096842,2.2948114e-05,0.78549385,-1.2797382,16.75267,0.999074,0.2265625,0.0044359677,-12.856095,-12.865347,-3.3915052,61.465843,0.70248914,2.1154679e-06,51.648296,-0.38104436,-8.540442,0.2972337,1.0,0.99899673,0.18554688,0.0048646852,-13.433762,-13.443247,-3.7300658,1093.8772,1.7835991,8.671014e-09,0.99898624,0.16210938,0.0049543534,-12.846767,-12.855657,-3.7531261,246.23659,1.3289752,1.2161956e-07,0.014010378646850586,23431.76004076004,480000
46.53576,-0.21862504,-8.537906,0.29659948,1.0,0.9990721,0.25878906,0.004278796,-13.709685,-13.719926,-3.2342687,111.19169,0.79165995,4.2474585e-05,1.0605685,-1.4284914,22.046162,0.99907494,0.23144531,0.004328141,-13.008465,-13.017939,-3.3171883,28.439678,0.55329525,3.6252844e-05,50.654247,-0.38222438,-8.543396,0.29797176,1.0,0.9989805,0.17871094,0.0049082097,-13.467208,-13.476742,-3.7139044,108.166016,0.8439139,3.8710354e-10,0.9989624,0.15820312,0.005021256,-12.808138,-12.816974,-3.7706673,210.91963,1.136538,1.4339219e-10,0.0176160297870636,23519.84019136429,485000
45.79751,-0.23889771,-8.52553,0.2935055,1.0,0.9990845,0.2626953,0.0042404,-13.743153,-13.753441,-3.2185435,242.12885,0.9921829,4.6114215e-05,1.4770019,-1.3500967,22.95066,0.99907684,0.24121094,0.0042652823,-13.114099,-13.123754,-3.238799,58.81983,0.8156582,3.6926816e-05,52.74343,-0.31588933,-8.517324,0.2914543,1.0,0.9989481,0.16894531,0.0050506457,-13.27022,-13.279436,-3.8422742,98.18224,0.59301835,1.646536e-07,0.9989414,0.15429688,0.0052157305,-12.674873,-12.683461,-3.8892097,152.35934,0.95052135,1.4439884e-07,0.019021109580993654,23614.945740938187,490000
40.558777,-0.25597614,-8.476501,0.28124842,1.0,0.999074,0.2763672,0.0042450195,-13.928192,-13.938693,-3.184193,150.7737,1.1276392,1.41684e-07,0.9913902,-1.2313716,21.48796,0.99906254,0.24902344,0.004329792,-13.286549,-13.296356,-3.2526174,119.82904,1.2431831,1.1299157e-05,52.15545,-0.31635904,-8.545121,0.29840332,1.0,0.9989891,0.1640625,0.004908151,-13.548374,-13.557918,-3.7843983,166.35869,0.72011846,3.3181229e-09,0.9989805,0.16210938,0.0049998323,-12.937378,-12.946235,-3.8767533,92.28304,0.7834574,1.22694885e-08,0.01892965407371521,23709.594012737274,495000
38.099815,-0.30020946,-8.506262,0.28868836,1.0,0.99908066,0.26464844,0.004254681,-13.674454,-13.684667,-3.2268746,230.13835,1.2699397,4.0800536e-05,0.87196004,-1.0942553,20.254856,0.9990816,0.24609375,0.004320057,-12.982493,-12.991955,-3.3037038,146.41812,0.9964143,4.3241376e-05,46.539936,-0.38010442,-8.55018,0.2996679,1.0,0.9989834,0.1796875,0.0050153537,-13.351975,-13.361205,-3.9094167,265.68277,0.7846181,2.6218792e-09,0.9989662,0.15917969,0.0050515304,-12.683992,-12.692543,-3.936967,670.5624,1.2060313,1.574886e-07,0.018840632343292238,23803.79717707634,500000
47.007687,-0.25968188,-8.48154,0.28250802,1.0,0.9990921,0.27539062,0.0042565325,-13.724678,-13.73496,-3.2068913,517.2023,1.5292817,4.435342e-08,2.1151943,-4.6850023,32.20363,0.9990778,0.24707031,0.004328355,-13.173834,-13.183506,-3.2793617,260.28967,1.1246798,2.3771147e-06,45.400047,-0.4070078,-8.555869,0.30109006,1.0,0.99895287,0.171875,0.0049594208,-13.499617,-13.509135,-3.761341,58.194855,0.5474739,7.466464e-08,0.99892235,0.16503906,0.0050369566,-12.924934,-12.93391,-3.7412882,299.28177,0.9652275,1.0625448e-06,0.4787774021148682,26197.68419122696,505000
44.15197,-0.24522293,-8.5182705,0.2916908,1.0,0.99908257,0.2607422,0.0042870413,-13.580867,-13.5909605,-3.254618,50.09111,0.6241415,3.630502e-05,1.6800544,-1.7627361,23.854055,0.99906826,0.22949219,0.0043978943,-12.901421,-12.910697,-3.4112682,25.121717,0.434977,1.5612315e-05,50.560135,-0.35821742,-8.50946,0.28948823,1.0,0.9989357,0.17285156,0.0048856772,-13.42397,-13.433554,-3.6188333,698.5738,1.1873527,6.516391e-08,0.9988289,0.15820312,0.005258612,-12.873796,-12.882781,-3.681514,458.05768,1.575805,6.6330884e-08,0.021879366397857668,26307.08102464676,510000
41.91143,-0.30113664,-8.523064,0.29288867,1.0,0.9990759,0.24804688,0.004384614,-13.733313,-13.743462,-3.35038,75.99532,0.768968,3.2389707e-06,0.89171684,-1.4100082,21.60625,0.9990692,0.2265625,0.0044356063,-13.029257,-13.038676,-3.394062,104.14021,0.6601262,1.2090489e-05,47.583282,-0.36281502,-8.538462,0.2967385,1.0,0.9989605,0.17480469,0.00507208,-13.313086,-13.322391,-3.7930608,164.64133,0.87288165,2.8925122e-09,0.9989252,0.171875,0.0051709414,-12.708307,-12.71696,-3.8555784,70.01067,0.73628515,1.0941074e-08,0.021599340724945067,26415.0777323246,515000
41.72551,-0.26219112,-8.482641,0.28278333,1.0,0.9990959,0.27148438,0.00423585,-13.866407,-13.876829,-3.2044568,112.53993,0.8259635,3.744896e-05,0.8215675,-1.2492514,20.936932,0.9990902,0.25195312,0.004303196,-13.266536,-13.276307,-3.2702923,84.14302,0.7775818,3.4068966e-05,53.662537,-0.36150482,-8.535028,0.29588002,1.0,0.9989443,0.18847656,0.005053483,-13.370441,-13.379812,-3.7839775,122.00225,0.7871362,2.1623553e-08,0.99893856,0.16015625,0.005142625,-12.838203,-12.8470125,-3.825399,597.2079,1.8996747,2.89471e-08,0.01941345520019531,26512.14500975609,520000
41.69341,-0.2475032,-8.518931,0.29185575,1.0,0.99906635,0.24511719,0.004380062,-13.754008,-13.764147,-3.3822303,132.0527,0.7351618,4.049633e-06,1.6669501,-2.6825566,24.435589,0.9990673,0.2265625,0.0044529694,-13.078175,-13.087594,-3.4431734,330.0422,0.8748096,1.2131398e-05,48.542175,-0.38176903,-8.537842,0.2965834,1.0,0.99893665,0.17675781,0.004979197,-13.473858,-13.483405,-3.7077835,818.20135,1.1207615,4.0714028e-08,0.9989729,0.15625,0.004916952,-12.791509,-12.800388,-3.7078056,27.656874,0.42044812,6.319479e-07,0.015367661333084107,26588.98331952095,525000
40.826782,-0.24893041,-8.521881,0.29259336,1.0,0.99908733,0.25878906,0.0042602057,-13.849155,-13.859554,-3.2110934,160.15594,0.9604074,1.8422961e-05,1.611212,-1.0371773,20.934994,0.99908257,0.24121094,0.0043095094,-13.293498,-13.303295,-3.2723794,67.72833,0.8325238,7.344184e-06,48.698006,-0.36224446,-8.552553,0.30026117,1.0,0.99897575,0.1796875,0.0049428665,-13.372934,-13.382395,-3.6950908,208.10133,0.7226876,1.0386359e-12,0.99891376,0.17871094,0.005087276,-12.8419895,-12.850965,-3.661539,76.88061,0.91642046,6.1882605e-07,0.01537915277481079,26665.879085063934,530000
44.655857,-0.2760526,-8.47574,0.28105795,1.0,0.999074,0.27441406,0.004323693,-13.849222,-13.859539,-3.296049,382.82352,0.97675264,4.9697687e-06,1.2576172,-1.6818908,22.256405,0.99907684,0.25878906,0.004366267,-13.144331,-13.153919,-3.3371181,70.00189,0.706861,7.0326273e-06,49.695034,-0.39303094,-8.52878,0.29431787,1.0,0.99896526,0.17675781,0.0049968944,-13.50438,-13.513889,-3.7762723,216.39145,0.963983,1.2042989e-08,0.998929,0.15234375,0.0050825803,-12.82094,-12.82977,-3.787169,196.71678,0.841733,1.4411984e-07,0.014968271780014038,26740.720447540283,535000
44.713593,-0.28576693,-8.512584,0.29026893,1.0,0.99908733,0.27148438,0.0041806623,-13.905958,-13.916439,-3.1832795,170.83821,0.7850189,6.2763584e-06,1.6129645,-1.9514682,25.197369,0.99908924,0.2607422,0.0042426763,-13.202221,-13.211989,-3.208948,257.83713,1.1067224,1.412834e-05,45.983383,-0.35619664,-8.53946,0.29698795,1.0,0.99900913,0.18261719,0.0048888125,-13.522937,-13.53248,-3.7600508,1104.7089,1.7324686,2.5362779e-09,0.998971,0.17480469,0.005021224,-12.855558,-12.864414,-3.7959623,236.34462,1.2870841,2.3055499e-08,0.009008082485198975,26785.76086139679,540000
55.050316,-0.19181213,-8.45509,0.27589524,1.0,0.9990883,0.27148438,0.0042207334,-13.93549,-13.946015,-3.1668983,239.74141,1.1119865,3.8952776e-06,2.7157152,-1.3242184,30.18075,0.9990902,0.2548828,0.004274466,-13.204433,-13.214171,-3.2423692,72.84799,0.8977814,1.4441537e-05,42.238655,-0.45049846,-8.527111,0.2939006,1.0,0.99887466,0.17871094,0.005093857,-13.601102,-13.610753,-3.7283707,375.30612,1.2373527,9.072822e-09,0.99884415,0.17089844,0.0051893527,-12.997435,-13.006435,-3.7904654,58.398705,0.70628417,3.6565027e-07,0.00901355414390564,26830.82863330841,545000
42.908386,-0.24797982,-8.468177,0.27916723,1.0,0.99909115,0.24316406,0.0042823516,-13.7820835,-13.792386,-3.241638,151.45123,0.96455204,1.299859e-07,1.3541653,-1.0201471,21.385006,0.9990816,0.23046875,0.0043485286,-13.149067,-13.158683,-3.3111012,67.72753,0.811096,3.1765583e-05,46.470444,-0.3113665,-8.5434475,0.2979849,1.0,0.9989643,0.19140625,0.0049440656,-13.539587,-13.549215,-3.6896043,34282.31,17.61753,2.0569683e-08,0.99893665,0.16015625,0.004985884,-13.025112,-13.03418,-3.7492201,169.89546,0.74511373,9.535501e-08,0.009007166147232055,26875.864465475082,550000
38.255913,-0.28249127,-8.504301,0.28819823,1.0,0.9990673,0.25097656,0.004325147,-13.815609,-13.825888,-3.3013692,135.23189,0.7552656,2.1192125e-05,1.4433109,-1.1177825,23.184696,0.99907017,0.23828125,0.0043810136,-13.139954,-13.149533,-3.3402119,141.44217,0.9760558,2.9446888e-05,60.885777,-0.27274477,-8.539471,0.29699063,1.0,0.9989548,0.17675781,0.004980457,-13.525341,-13.534859,-3.7886553,293.03473,0.7881126,6.15537e-09,0.99895096,0.15722656,0.0050641643,-12.790553,-12.799303,-3.8387191,615.2992,1.3697164,4.5556344e-08,0.008999887323379517,26920.86390352249,555000
44.53148,-0.2548841,-8.510845,0.28983438,1.0,0.99908066,0.2529297,0.004348692,-13.7659645,-13.776204,-3.2900286,134.87538,1.0041015,1.2630993e-05,1.2200149,-1.3645992,22.670101,0.9990692,0.24121094,0.004428952,-13.092035,-13.101534,-3.3751464,403.0683,1.0694127,1.1935871e-05,51.53456,-0.336141,-8.513355,0.29046172,1.0,0.99888325,0.18261719,0.005097457,-13.750215,-13.760094,-3.6430385,186.4359,0.9971949,1.7727466e-07,0.99889565,0.16699219,0.0050439653,-13.026803,-13.0359,-3.720386,549.4842,1.4629093,1.7804486e-09,0.009024091243743896,26965.984363794327,560000
45.472076,-0.2941838,-8.500969,0.2873654,1.0,0.99908733,0.27246094,0.0042473064,-13.824241,-13.834616,-3.2117214,400.88373,1.102931,1.0877419e-05,1.089934,-1.4076937,23.318893,0.99908066,0.2607422,0.004294839,-13.149263,-13.15894,-3.2498584,431.56415,1.1257763,4.5738772e-05,48.536453,-0.34270716,-8.506958,0.28886268,1.0,0.9990196,0.18457031,0.00486031,-13.440525,-13.450046,-3.7004056,629.21155,0.9910361,1.7079208e-07,0.99896145,0.18164062,0.004931601,-12.789839,-12.798681,-3.7448897,140.40398,0.9166037,5.185819e-07,0.009018367004394531,27011.076201677322,565000
42.699226,-0.26028153,-8.52834,0.2942081,1.0,0.9990759,0.25195312,0.0042994022,-13.793489,-13.803748,-3.297729,318.15555,0.91799706,5.362216e-06,2.1840117,-1.1242968,24.192974,0.99906635,0.22851562,0.0043785144,-13.262666,-13.272338,-3.3686507,119.734116,0.8539341,4.5240167e-06,51.61441,-0.3409619,-8.55795,0.30161047,1.0,0.99897003,0.20117188,0.0049478374,-13.587496,-13.597093,-3.770338,139.87407,0.9053298,7.7764234e-10,0.9989481,0.16503906,0.005083273,-13.118117,-13.127169,-3.8581715,155.22781,0.98272634,8.091517e-08,0.009023494338989258,27056.1936750412,570000
41.912945,-0.2876439,-8.504721,0.28830338,1.0,0.9990864,0.2578125,0.0042739557,-13.89839,-13.908792,-3.2585294,112.9337,0.9246942,1.6093616e-06,1.2135339,-1.685042,24.826057,0.99908924,0.234375,0.004339231,-13.227335,-13.237036,-3.3045015,293.26343,1.3437186,1.3965197e-06,50.748943,-0.34144115,-8.519177,0.29191726,1.0,0.99894905,0.1796875,0.0049422155,-13.582983,-13.592635,-3.7090187,287.50247,1.0039728,4.083574e-08,0.9989166,0.17480469,0.005060223,-12.920456,-12.929417,-3.7536812,71.63499,0.62604845,8.12551e-08,0.009016806888580323,27101.27771472931,575000
34.113308,-0.28184325,-8.50958,0.28951797,1.0,0.99908733,0.2578125,0.00425254,-13.870537,-13.880961,-3.2048335,185.58017,1.0558486,3.7555466e-05,1.025986,-1.2787002,21.86307,0.99908733,0.24121094,0.0043213014,-13.161426,-13.171079,-3.2863884,89.24713,0.727066,5.357087e-05,50.22984,-0.35063982,-8.569599,0.30452293,1.0,0.99897957,0.17773438,0.004946016,-13.378467,-13.387826,-3.8034794,151.76868,0.57127696,2.8360545e-11,0.9989548,0.16308594,0.005084493,-12.703228,-12.711862,-3.8710012,105.27568,0.59345686,3.062593e-09,0.01243232865333557,27163.43935918808,580000
44.438786,-0.2918679,-8.509619,0.28952754,1.0,0.9990959,0.24902344,0.0042632082,-13.802477,-13.812805,-3.236712,159.6193,1.0751903,1.9665174e-05,1.7347115,-0.9944889,23.546534,0.9990902,0.24414062,0.004334802,-13.211477,-13.221167,-3.300111,155.96344,1.0513884,5.8691253e-06,52.863567,-0.351054,-8.514973,0.29086602,1.0,0.99896145,0.17871094,0.0050158496,-13.590057,-13.599593,-3.8350337,303.37283,0.7375622,8.52375e-08,0.9989662,0.16210938,0.005047591,-12.876604,-12.885391,-3.8881972,198.76161,0.7025622,1.296156e-06,0.014087650728225707,27233.877615213394,585000
46.40806,-0.21607037,-8.47322,0.28042787,1.0,0.99908066,0.25195312,0.0044024186,-13.770569,-13.780714,-3.3913302,146.70276,0.8912014,1.6637556e-05,1.1043267,-1.2289287,22.133696,0.9990797,0.24316406,0.004466999,-13.098348,-13.10778,-3.4482374,114.0801,0.876722,7.206154e-06,45.17672,-0.39500156,-8.585334,0.30845654,1.0,0.99898815,0.18457031,0.0050043706,-13.661218,-13.670831,-3.826716,458.50937,1.2203374,6.4909953e-09,0.99896145,0.16699219,0.0051001967,-13.014637,-13.023579,-3.8679285,889.7926,2.0343082,6.294076e-08,0.014151981687545776,27304.637524843216,590000
45.757996,-0.23363957,-8.487383,0.28396887,1.0,0.99907684,0.2607422,0.0042921766,-13.748095,-13.7583685,-3.2395105,157.16223,0.8249091,1.374893e-05,1.3607886,-0.98132336,22.142996,0.999074,0.25,0.0043543754,-13.150473,-13.160084,-3.3177848,1348.9069,2.0029209,4.0293402e-05,50.852356,-0.324181,-8.520739,0.29230744,1.0,0.9989357,0.17480469,0.005038739,-13.539229,-13.548803,-3.7454495,206.73398,1.0303206,3.14818e-10,0.9989252,0.15820312,0.0049925297,-12.80613,-12.814967,-3.7667525,1048.066,1.4309301,8.685618e-08,0.014045835828781128,27374.866708517075,595000
40.215378,-0.2910909,-8.47947,0.28199065,1.0,0.999073,0.26171875,0.004260648,-13.918123,-13.928586,-3.214703,88.59413,0.72224617,8.7226235e-06,2.203907,-3.5163028,27.569675,0.99906635,0.23535156,0.004345813,-13.18896,-13.198613,-3.3143764,79.10772,0.63563687,8.9073865e-06,50.533356,-0.37412924,-8.553987,0.30061966,1.0,0.9989824,0.17871094,0.0050147944,-13.500907,-13.51032,-3.8715754,154.46773,0.71800685,2.0090558e-10,0.99895287,0.15527344,0.005103958,-12.838127,-12.846871,-3.891427,462.0784,1.4122951,1.5332459e-08,0.0140279625415802,27445.006528377533,600000
40.05558,-0.25975335,-8.543997,0.29812217,1.0,0.99908924,0.28515625,0.0042092344,-14.079414,-14.090033,-3.215819,190.21239,0.80599886,2.4553587e-05,1.9912976,-1.4003171,23.675993,0.99908733,0.24707031,0.0043216175,-13.446683,-13.456575,-3.3269265,72.07743,0.7533863,1.730692e-05,54.132404,-0.3763464,-8.515051,0.29088572,1.0,0.9989786,0.17675781,0.004908032,-13.535292,-13.544852,-3.75465,207.31256,0.8179692,7.971066e-07,0.9989786,0.14941406,0.004923835,-12.865501,-12.874372,-3.7914243,108.76903,0.58756477,1.3578503e-05,0.5393312314510346,30141.66268968582,605000
40.052425,-0.26008448,-8.505907,0.2885996,1.0,0.9990959,0.26171875,0.0041791913,-14.036082,-14.046717,-3.1578927,128.16484,0.9631202,8.662878e-06,1.3345461,-1.1463461,21.390957,0.99909496,0.24121094,0.0042586057,-13.312876,-13.3227215,-3.2399192,180.6206,1.1495237,3.3628086e-05,47.189312,-0.3520255,-8.5318165,0.29507712,1.0,0.9989691,0.1875,0.0049244394,-13.730207,-13.740058,-3.6526437,325.33887,0.907642,1.6950038e-08,0.9989271,0.18359375,0.004984731,-13.026601,-13.035766,-3.651763,299.7502,1.444516,4.199866e-06,0.026830707454681395,30275.816228866577,610000
40.63379,-0.28597862,-8.519808,0.292075,1.0,0.9990845,0.26953125,0.0042372392,-13.974418,-13.984924,-3.2257044,173.87234,1.0233108,1.2942799e-06,1.6112597,-1.3539244,23.91835,0.9990835,0.27246094,0.004266917,-13.275549,-13.285358,-3.2402425,67.03942,0.8433954,1.9459807e-05,57.38669,-0.35634813,-8.537009,0.29637527,1.0,0.9989624,0.16699219,0.004986345,-13.738972,-13.748704,-3.7821212,152.14554,0.6322912,2.0032331e-09,0.99893284,0.17089844,0.0050157965,-13.030166,-13.039196,-3.7918296,162.1709,0.93536484,9.148382e-08,0.018368387937545777,30367.658171892166,615000
43.44594,-0.2522997,-8.4913435,0.28495896,1.0,0.99908066,0.25878906,0.004271196,-13.99608,-14.00662,-3.2134378,336.80392,1.387571,2.5510224e-05,1.0711113,-1.3565134,24.576122,0.99907875,0.24121094,0.004334554,-13.346069,-13.355887,-3.3006535,193.77078,1.0708878,1.46605535e-05,51.16742,-0.38656795,-8.540508,0.29725006,1.0,0.99896336,0.17773438,0.005012351,-13.570456,-13.579971,-3.835974,244.23592,0.7314358,1.9401787e-07,0.99887085,0.16894531,0.005193689,-12.814994,-12.823772,-3.8341322,396.8683,1.2940729,1.1569801e-07,0.015235891389846802,30443.83763051033,620000
45.80596,-0.2511806,-8.508045,0.28913414,1.0,0.99908924,0.265625,0.0042416696,-13.974051,-13.984568,-3.215518,171.36044,0.8648635,1.8619518e-05,2.0738935,-2.3193643,27.04198,0.9990816,0.234375,0.0043111388,-13.261026,-13.270761,-3.3036618,99.72307,0.7397882,5.0260907e-05,41.583546,-0.39513183,-8.553484,0.30049402,1.0,0.9989338,0.18554688,0.0049013617,-13.661898,-13.6717415,-3.592119,125.32767,0.8796195,7.802774e-08,0.99891853,0.15625,0.0049557653,-12.942204,-12.951348,-3.5866675,236.81798,1.3228116,1.7171083e-06,0.008982859420776368,30488.751928806305,625000
38.240738,-0.27312902,-8.501174,0.28741652,1.0,0.9990778,0.27246094,0.0041510193,-13.982162,-13.9928055,-3.095057,246.52971,0.8477493,5.9896132e-09,1.5866214,-0.82306665,20.769226,0.99907494,0.2578125,0.0042117005,-13.22315,-13.232991,-3.1566267,82.45903,0.7209747,9.3573135e-06,45.709908,-0.4178151,-8.544788,0.29832,1.0,0.99902153,0.20117188,0.0049106986,-13.405285,-13.414687,-3.787908,99.527054,0.5898236,1.8610818e-07,0.9989948,0.17382812,0.0049908655,-12.767504,-12.776251,-3.8198118,155.17496,0.74554765,9.233438e-08,0.00900550389289856,30533.77944946289,630000
42.43901,-0.2576601,-8.494032,0.28563118,1.0,0.999073,0.25683594,0.0043156124,-13.801484,-13.811736,-3.3139956,165.01968,0.94940865,3.237132e-05,1.4916248,-2.2440774,25.354286,0.9990759,0.21679688,0.004387741,-13.164856,-13.17442,-3.3811798,234.03978,0.94261956,1.0654703e-06,54.34825,-0.35031965,-8.520937,0.29235706,1.0,0.99898624,0.18261719,0.0049772593,-13.727341,-13.737079,-3.76608,122.01342,0.8282406,1.3312461e-08,0.9989662,0.14355469,0.0050312486,-13.052149,-13.061204,-3.7892404,163.46573,0.7903213,2.9860388e-07,0.009004812860488891,30578.803515434265,635000
43.956905,-0.19373263,-8.524575,0.29326668,1.0,0.9990816,0.24707031,0.0043246998,-13.82728,-13.837535,-3.3361413,440.88464,0.7969297,1.8438588e-05,1.0387627,-0.6850308,18.914066,0.9990835,0.2109375,0.004405764,-13.114093,-13.123561,-3.4282272,69.84869,0.6981664,1.6888587e-05,48.53843,-0.35295266,-8.520891,0.29234582,1.0,0.9989786,0.17871094,0.0049856817,-13.515761,-13.52533,-3.7269082,1486.332,2.2091537,6.0493065e-08,0.9989767,0.171875,0.005034161,-12.859781,-12.868671,-3.7655454,292.6072,1.3704402,7.596099e-07,0.00897865571975708,30623.696795225143,640000
32.556744,-0.28185868,-8.498578,0.28676742,1.0,0.99908257,0.26171875,0.0043010158,-13.8532715,-13.8635645,-3.3230958,64.84247,0.59903437,6.0513553e-06,0.9285959,-0.7517948,15.873094,0.9990835,0.25585938,0.0043376265,-13.197119,-13.206728,-3.3672423,27.68239,0.51829004,2.9305858e-05,46.792324,-0.3900187,-8.53258,0.295268,1.0,0.99893856,0.19335938,0.0049314657,-13.652798,-13.662609,-3.6146789,206.48955,0.7580258,5.8438854e-08,0.998827,0.17871094,0.0050832075,-12.947778,-12.956868,-3.6486769,129.48691,0.863539,1.7992556e-07,0.00898433780670166,30668.618485689163,645000
46.29699,-0.24450761,-8.5120735,0.29014134,1.0,0.99909973,0.26660156,0.0041669067,-14.300587,-14.311494,-3.1435814,251.84525,1.3997843,4.990343e-06,1.9172229,-2.2762303,32.033276,0.9990988,0.2529297,0.0042310865,-13.5528145,-13.562954,-3.1789513,860.94604,2.1157222,8.914763e-06,48.81505,-0.39895472,-8.547447,0.29898483,1.0,0.9989977,0.19433594,0.0048773736,-13.698931,-13.708694,-3.7099502,631.0616,1.0578443,2.0380888e-09,0.99894714,0.18066406,0.0049662543,-12.915331,-12.924303,-3.7365346,124.60611,0.8878924,1.0555462e-07,0.00898788046836853,30713.5578892231,650000
41.120853,-0.31461594,-8.490957,0.28486225,1.0,0.99907684,0.265625,0.0042762626,-14.1852455,-14.195945,-3.2390594,320.14395,0.8733323,7.278023e-06,1.2799679,-0.9930412,19.09059,0.9990711,0.23632812,0.0043595633,-13.443338,-13.453226,-3.3290403,86.79497,0.72744197,1.593563e-05,46.87979,-0.39115223,-8.536896,0.2963469,1.0,0.99899197,0.17773438,0.004890957,-13.717203,-13.726968,-3.727367,97.20802,0.6701733,9.351023e-10,0.9989605,0.16503906,0.004971721,-13.006814,-13.015853,-3.7593932,91.34537,0.7321365,1.4432332e-08,0.008969204235076904,30758.403911828995,655000
41.365902,-0.27140772,-8.48463,0.2832803,1.0,0.99908257,0.27539062,0.0042838203,-14.056718,-14.067315,-3.216099,1444.075,2.175443,6.248867e-06,0.8720923,-1.457955,19.158936,0.9990721,0.24121094,0.0043160086,-13.389096,-13.399006,-3.2514157,251.81967,1.0099019,5.7762927e-06,56.05292,-0.32451746,-8.5292425,0.29443365,1.0,0.9989548,0.16210938,0.005017913,-13.641028,-13.650633,-3.8151383,139.46301,0.61096513,2.5443803e-12,0.998929,0.14355469,0.0051159235,-12.946253,-12.955135,-3.8589265,173.72086,1.1734563,2.4530693e-09,0.00898852276802063,30803.34652686119,660000
41.74678,-0.27118134,-8.490927,0.2848546,1.0,0.99908733,0.26367188,0.0042714574,-14.072916,-14.083474,-3.2712283,373.99786,1.1044772,5.3092424e-07,0.9800346,-1.147509,20.559776,0.9990835,0.22167969,0.0043649087,-13.362759,-13.372519,-3.3780763,90.6227,0.7865425,7.314338e-06,52.040768,-0.31263727,-8.554901,0.30084836,1.0,0.99894714,0.17382812,0.0048948433,-13.682301,-13.692,-3.7591062,528.2315,0.8338923,4.6774384e-09,0.99890137,0.16113281,0.005010986,-13.00071,-13.00969,-3.81402,133.40756,0.50644237,5.0073762e-08,0.008976479721069335,30848.228929758072,665000
49.1826,-0.2711173,-8.450509,0.27475035,1.0,0.9990778,0.23339844,0.004349415,-13.983816,-13.994205,-3.3547623,294.15683,0.9876502,1.7414147e-06,1.2439554,-2.0252275,26.781681,0.9990654,0.20410156,0.004419804,-13.38997,-13.399703,-3.432741,251.65761,1.0267917,1.8160103e-05,56.227226,-0.31584653,-8.533907,0.29559964,1.0,0.9989462,0.19726562,0.0049703154,-13.601006,-13.610646,-3.738138,111.42182,0.6697093,1.22810775e-08,0.99890137,0.17578125,0.0051484103,-12.917885,-12.926805,-3.7922013,265.5769,1.0138489,1.7509298e-10,0.008977612924575806,30893.116995334625,670000
39.431053,-0.2912764,-8.478472,0.2817411,1.0,0.99907684,0.25097656,0.0042751227,-14.078264,-14.088895,-3.2022688,105.152306,0.6876701,1.3666885e-05,1.1525791,-1.5955865,21.646719,0.999073,0.234375,0.0043570804,-13.460149,-13.470092,-3.2881284,68.31515,0.75964206,9.499314e-06,53.408516,-0.2872011,-8.531824,0.29507893,1.0,0.9989824,0.171875,0.0048785806,-13.601982,-13.611631,-3.7304013,120.83592,0.6217675,1.6073743e-07,0.99892616,0.15332031,0.0050470587,-13.057085,-13.066129,-3.806098,125.54599,0.82339454,7.5951e-09,0.012048201608657837,30953.358006954193,675000
42.757263,-0.2730373,-8.549093,0.2993965,1.0,0.9990835,0.2529297,0.0043236907,-13.997824,-14.00825,-3.3311663,102.07644,0.63363624,2.3783788e-07,1.0009501,-1.4805028,25.35025,0.9990778,0.23925781,0.004395215,-13.344979,-13.354702,-3.3984818,73.251175,0.6806978,1.9375152e-06,49.13933,-0.41066235,-8.527853,0.29408628,1.0,0.99895954,0.18457031,0.005028789,-13.680546,-13.690198,-3.8056922,1563.941,1.6040083,1.1154425e-11,0.9989538,0.15917969,0.0051292246,-13.034013,-13.042969,-3.8731153,468.49466,1.3640593,3.062618e-08,0.014097306632995606,31023.844541549683,680000
41.981453,-0.30825645,-8.496365,0.2862141,1.0,0.99908924,0.25585938,0.004271852,-14.168534,-14.179252,-3.205532,108.35568,1.0689707,3.0008823e-06,2.331777,-1.5570369,21.86829,0.99909496,0.24511719,0.004312215,-13.388443,-13.398338,-3.2641354,45.30648,0.83284724,7.4557483e-06,48.539925,-0.38896987,-8.512646,0.29028457,1.0,0.99895287,0.1953125,0.004951207,-13.8054285,-13.815397,-3.6071258,393.6041,1.7126191,6.676797e-10,0.9989128,0.18359375,0.00504617,-13.050186,-13.059405,-3.6182084,522.47565,2.0021687,9.991565e-10,0.014059196758270264,31094.140526771545,685000
48.706112,-0.20527856,-8.517361,0.29146317,1.0,0.9990883,0.27246094,0.0041472474,-14.161553,-14.172378,-3.0882537,150.03105,0.9190436,4.876872e-06,1.4612522,-1.5141342,24.916683,0.99907494,0.2626953,0.0042321607,-13.527477,-13.537569,-3.2030964,410.79745,1.2040061,3.8829396e-05,46.960236,-0.35637915,-8.497885,0.2865944,1.0,0.99897957,0.17089844,0.0050065536,-13.584972,-13.594507,-3.8310688,138.25899,0.7117735,1.3746057e-07,0.9989681,0.16210938,0.005045083,-12.936432,-12.945299,-3.8651307,962.5151,1.5166442,2.1914529e-08,0.013979815244674683,31164.039607048035,690000
40.97289,-0.26091546,-8.4886465,0.28428456,1.0,0.99907684,0.265625,0.004226403,-14.042551,-14.053143,-3.206972,124.92475,0.774138,1.3554141e-05,2.0750751,-1.6391687,23.181282,0.9990721,0.24121094,0.0042754537,-13.44676,-13.456709,-3.268834,148.2396,0.83393735,2.6673544e-05,55.055573,-0.36373773,-8.515347,0.29095948,1.0,0.9989443,0.1640625,0.0049751797,-13.810468,-13.820385,-3.6644542,128.65623,0.79248035,2.426535e-09,0.99891186,0.15039062,0.005087399,-13.143355,-13.152605,-3.681126,141.38539,0.7434457,3.4083425e-07,0.01407459921836853,31234.41260457039,695000
42.55323,-0.25941688,-8.531759,0.29506272,1.0,0.999073,0.25390625,0.0043128133,-14.017988,-14.028521,-3.243368,76.95433,0.7508445,2.0747707e-06,1.3766071,-1.9146538,23.021847,0.9990759,0.23144531,0.0043642097,-13.362418,-13.372213,-3.3418376,34.817318,0.51928115,3.1749635e-06,45.05297,-0.32222202,-8.559439,0.3019827,1.0,0.9989519,0.17578125,0.005039848,-13.689472,-13.699118,-3.8221583,492.34827,1.0654489,1.5313337e-09,0.9989214,0.16503906,0.005148216,-13.107162,-13.116235,-3.8254652,767.33636,2.5847883,1.502309e-08,0.014048758554458618,31304.65640091896,700000
43.931458,-0.274617,-8.504785,0.288319,1.0,0.9990816,0.24414062,0.004333484,-13.9279375,-13.9383,-3.326951,130.45271,0.7988407,4.531679e-05,2.5201538,-1.0559446,24.588696,0.99907017,0.21777344,0.0044099716,-13.212763,-13.222366,-3.388227,5494.5146,8.206454,6.31985e-06,63.35598,-0.34331587,-8.59838,0.3117181,1.0,0.9989729,0.18261719,0.0050366027,-13.739853,-13.749505,-3.8650084,131.43423,0.60575736,1.9660434e-12,0.9989815,0.15722656,0.0051374678,-12.951579,-12.960374,-3.9536433,334.32632,0.9343612,1.5464411e-09,0.5516656576633453,34062.98469161987,705000
39.722466,-0.2846322,-8.460454,0.27723643,1.0,0.9990883,0.25683594,0.0042351726,-13.921371,-13.9319,-3.1496382,145.36766,0.96570563,2.354428e-05,1.3456074,-0.9531493,23.27039,0.9990864,0.25585938,0.004285742,-13.286615,-13.296467,-3.2090487,467.86267,1.7220385,1.2638645e-05,53.033035,-0.34981906,-8.53651,0.29625067,1.0,0.99900055,0.18847656,0.0048513296,-13.704785,-13.714596,-3.6692615,1106.525,1.7152987,6.15803e-07,0.99896526,0.17089844,0.0049260384,-12.980878,-12.989946,-3.7041607,567.976,1.7031928,7.9890683e-10,0.015450994777679443,34140.23966693878,710000
34.881737,-0.28753722,-8.514227,0.29067975,1.0,0.9990835,0.265625,0.0042545144,-14.1508255,-14.161474,-3.256313,47.379025,0.53134006,5.627338e-07,3.1708827,-1.2762271,20.780876,0.9990845,0.24707031,0.004275769,-13.570175,-13.580235,-3.2799592,47.368587,0.5599313,2.4450306e-05,56.46663,-0.28675163,-8.555738,0.30105767,1.0,0.99894524,0.20410156,0.004925536,-13.828844,-13.83873,-3.7157176,217.82973,0.9190825,5.146674e-09,0.9989233,0.18164062,0.0050055697,-13.130438,-13.139564,-3.7955074,264.0412,0.9207918,7.132844e-08,0.014602353286743164,34213.25143504143,715000
40.742527,-0.27060533,-8.547513,0.29900128,1.0,0.9990759,0.26464844,0.0042169173,-14.099678,-14.110417,-3.113512,395.57822,1.2229234,1.8687117e-05,3.4938457,-0.8538825,23.154118,0.9990721,0.24609375,0.0043032113,-13.368525,-13.378439,-3.2279747,226.37773,1.0954404,3.0503015e-05,55.390396,-0.33366147,-8.554058,0.30063748,1.0,0.9989948,0.18164062,0.004983041,-13.770353,-13.780051,-3.849577,1066.913,1.2946833,1.6282792e-08,0.9989729,0.16210938,0.005059531,-13.005611,-13.014484,-3.9274392,51.53515,0.4551701,4.8833634e-08,0.014224979066848754,34284.37633371353,720000
41.337555,-0.28522217,-8.518402,0.29172343,1.0,0.9990845,0.2607422,0.004203287,-14.208492,-14.219289,-3.1637802,1156.4465,1.3436074,1.5464102e-05,1.8794752,-1.6611564,25.622995,0.99908066,0.2265625,0.004294465,-13.542446,-13.552518,-3.2390254,173.71306,1.0079834,5.961016e-06,60.090645,-0.40019798,-8.565683,0.30354393,1.0,0.99895287,0.17773438,0.004856367,-13.821675,-13.8316345,-3.6339502,408.30264,0.86119473,6.3178516e-09,0.9988651,0.15722656,0.0049825143,-13.155659,-13.1649885,-3.6118677,335.63406,0.98902977,7.7191424e-07,0.011364825344085693,34341.20046186447,725000
46.978878,-0.25225875,-8.486827,0.28382957,1.0,0.99910355,0.2705078,0.0041648606,-14.242254,-14.253104,-3.1424682,501.18616,1.3334095,2.558125e-06,0.95676845,-1.0653467,20.089375,0.9990988,0.25097656,0.0042169746,-13.458568,-13.4686,-3.1949873,211.45607,1.2351599,2.1897746e-05,54.484184,-0.31048006,-8.545295,0.29844669,1.0,0.999012,0.19140625,0.0048224805,-13.736338,-13.746141,-3.7077153,140.07404,0.6117158,8.625919e-08,0.99897003,0.17773438,0.0049809203,-12.99673,-13.00572,-3.8006797,117.53841,0.6900062,7.611563e-08,0.00907942156791687,34386.5975728035,730000
39.981205,-0.34480292,-8.481756,0.28256202,1.0,0.99909306,0.25390625,0.004315057,-14.065811,-14.076355,-3.2795205,90.88464,0.64750737,4.6938267e-06,1.1189861,-1.827371,22.253347,0.99908924,0.23632812,0.0043650772,-13.259926,-13.269665,-3.2966075,147.9143,0.7784388,7.766356e-07,47.666573,-0.34852234,-8.547883,0.29909372,1.0,0.9990034,0.19140625,0.004878933,-13.814699,-13.82453,-3.7575054,312.0487,0.92915595,5.5718516e-08,0.9989767,0.16210938,0.0049547153,-13.063026,-13.072084,-3.7974958,148.57559,1.0233593,4.4674357e-06,0.009074869060516357,34431.97191953659,735000
35.442287,-0.28797576,-8.5301895,0.2946704,1.0,0.9990902,0.26757812,0.004345382,-13.899453,-13.909805,-3.3094654,82.63636,0.7153008,7.5404444e-07,1.285945,-1.3189411,20.88625,0.9990816,0.22558594,0.0043894155,-13.223757,-13.233394,-3.365285,62.499615,0.58045566,1.0152164e-05,53.80588,-0.40396821,-8.553658,0.30053747,1.0,0.9990101,0.18652344,0.0048536067,-13.643715,-13.653452,-3.6827104,414.24393,0.8902606,5.5219363e-08,0.9989042,0.1640625,0.004987333,-13.020965,-13.030052,-3.724417,137.98087,0.5516176,1.0508745e-09,0.009081524229049683,34477.37954163551,740000
47.0469,-0.23378423,-8.520212,0.29217595,1.0,0.9990921,0.2783203,0.004260918,-14.136976,-14.147658,-3.2097201,113.35885,0.77994585,2.4968423e-07,1.5209557,-1.8066192,24.416069,0.99908257,0.25195312,0.0043306258,-13.501451,-13.511407,-3.3164377,122.69434,0.7688755,6.108636e-08,58.66964,-0.3269365,-8.524599,0.29327267,1.0,0.9989929,0.18066406,0.005045477,-13.728151,-13.737782,-3.8756917,2731.3113,2.1224318,1.0635815e-07,0.99896526,0.16503906,0.0050875526,-12.984242,-12.993178,-3.8418162,119.1834,0.8583405,3.0156815e-07,0.00907551770210266,34522.75713443756,745000
41.909092,-0.24945259,-8.482977,0.28286725,1.0,0.9990816,0.25878906,0.004248433,-14.018736,-14.029312,-3.199146,216.76685,0.9399265,3.23745e-05,1.9496282,-1.8582777,24.011782,0.9990759,0.24023438,0.0043256115,-13.31515,-13.324943,-3.29707,217.39041,0.96005404,1.7833956e-05,59.629715,-0.37584388,-8.5441,0.2981478,1.0,0.9989624,0.1796875,0.0050178417,-13.715919,-13.725613,-3.7982707,708.1125,1.1214843,1.3735213e-10,0.998868,0.15722656,0.005248636,-13.019171,-13.02816,-3.8227034,457.18396,1.2229464,6.169557e-09,0.00906526951789856,34568.083483457565,750000
36.942276,-0.24884486,-8.504713,0.288301,1.0,0.99907684,0.26171875,0.0042375103,-14.069611,-14.080233,-3.2034228,74.186806,0.6697712,4.496812e-05,2.1549072,-1.1310761,22.59861,0.99907684,0.23046875,0.0043151285,-13.486162,-13.496118,-3.3015728,149.10114,0.91645724,6.0170064e-06,44.186096,-0.41708976,-8.538148,0.2966599,1.0,0.9989557,0.17675781,0.005139121,-13.698759,-13.708331,-3.906054,309.4432,0.77234524,4.2853568e-08,0.99892235,0.16992188,0.0052395174,-13.0964985,-13.105469,-3.9191587,488.4576,1.2060239,7.1699446e-08,0.00906250958442688,34613.39603281021,755000
44.751816,-0.28101695,-8.511187,0.28991956,1.0,0.9990845,0.25878906,0.004244132,-14.09496,-14.105591,-3.2196033,116.976875,0.7584411,3.0471192e-06,1.1797398,-1.8529843,27.514053,0.9990854,0.25097656,0.004298034,-13.261104,-13.270908,-3.230783,144.28276,0.85880494,2.8614745e-06,52.782135,-0.4626578,-8.519016,0.29187703,1.0,0.9989376,0.19335938,0.0049109245,-13.844276,-13.854241,-3.6490932,376.58502,1.0860468,7.13872e-07,0.99890614,0.1796875,0.004998691,-13.076933,-13.086139,-3.6595469,458.60974,1.2572076,1.3137432e-06,0.009120647192001343,34658.99927020073,760000
48.88524,-0.27875042,-8.5095,0.2894978,1.0,0.9991007,0.28125,0.0040772976,-14.319508,-14.330517,-3.057511,300.6056,1.0721631,1.2485135e-05,1.570906,-1.6577384,26.703554,0.9990969,0.29003906,0.00413151,-13.623023,-13.6333065,-3.102329,434.59985,1.3370254,3.262994e-05,55.167137,-0.31541625,-8.533612,0.29552603,1.0,0.99896336,0.18847656,0.0049687102,-13.784968,-13.794726,-3.8029258,128.99464,0.71247715,6.877947e-07,0.99893284,0.17578125,0.0050634025,-13.206369,-13.21556,-3.804584,58.87079,0.6196413,9.3120125e-09,0.00912105131149292,34704.604528427124,765000
47.835785,-0.22696504,-8.4921875,0.2851698,1.0,0.9990902,0.26464844,0.0042327987,-14.082462,-14.09312,-3.180059,407.68982,1.2533253,5.709258e-06,1.2273817,-1.7861803,25.425095,0.9990921,0.26171875,0.0042973226,-13.396666,-13.40658,-3.2548475,214.7679,1.0880935,5.2075804e-05,50.447556,-0.37593412,-8.537915,0.29660165,1.0,0.9989948,0.16992188,0.0049012713,-13.784254,-13.794053,-3.7586055,201.92314,0.6982293,3.3594458e-07,0.9989643,0.15527344,0.0049611516,-13.180351,-13.189537,-3.7827852,209.85483,0.7100888,3.8618655e-06,0.00912525782585144,34750.23082137108,770000
39.236843,-0.24104145,-8.5110855,0.2898945,1.0,0.9990864,0.265625,0.004277285,-14.00141,-14.01195,-3.218583,619.3136,1.2869272,1.1554436e-06,1.3096983,-0.98772454,20.816572,0.9990854,0.24316406,0.004357215,-13.32024,-13.329999,-3.3370366,403.22342,1.0175037,7.0730243e-06,53.20997,-0.3373968,-8.515846,0.29108438,1.0,0.99897003,0.1875,0.0049921144,-13.786761,-13.796572,-3.7515225,692.3925,1.1748648,1.5651684e-09,0.99891186,0.15527344,0.0051737865,-13.138736,-13.147807,-3.859359,105.15116,0.8096935,3.1883992e-08,0.009119038581848144,34795.82601928711,775000
45.757133,-0.23968965,-8.513052,0.2903859,1.0,0.99908257,0.2734375,0.004229056,-14.138651,-14.149375,-3.1673903,189.1842,1.1022317,9.389498e-07,1.9944899,-1.9371458,29.944603,0.9990711,0.24121094,0.0043076305,-13.360086,-13.369987,-3.232017,158.92317,0.9085692,3.0739043e-06,46.299065,-0.39647985,-8.546295,0.29869682,1.0,0.9989958,0.16308594,0.0049839234,-13.767672,-13.777359,-3.8583932,123.9056,0.69185656,8.4946566e-10,0.9989338,0.15527344,0.005124786,-12.982035,-12.990941,-3.8716762,365.56863,1.1650144,9.394858e-10,0.009136936140060425,34841.510701179504,780000
45.926468,-0.2508583,-8.491974,0.28511626,1.0,0.9990883,0.25390625,0.0042635426,-14.149839,-14.160519,-3.224379,365.6094,0.9267876,3.9546365e-05,1.3219352,-1.4984083,25.716194,0.9990845,0.25097656,0.0043116678,-13.605181,-13.615276,-3.2778172,69.41168,0.7668368,1.295723e-05,57.241398,-0.3304305,-8.507888,0.2890948,1.0,0.99893475,0.17480469,0.005016546,-13.792398,-13.802263,-3.7008018,479.93707,1.390454,2.1224038e-09,0.9989052,0.14941406,0.005083222,-13.285498,-13.294783,-3.7865725,68.71179,0.54028404,4.1475548e-07,0.014249236583709716,34912.75688791275,785000
42.72361,-0.2615224,-8.5062065,0.2886744,1.0,0.999074,0.24804688,0.004270518,-14.035109,-14.0456705,-3.2305913,100.85634,0.6710297,1.37829e-06,1.5668192,-1.4108691,24.773117,0.9990692,0.23144531,0.004347264,-13.353715,-13.363592,-3.2482274,170.68669,1.0727808,3.3299364e-06,52.449516,-0.40708476,-8.574857,0.30583706,1.0,0.9989166,0.171875,0.004979787,-13.809511,-13.819434,-3.6589398,375.2619,0.9785484,3.2186125e-07,0.99888706,0.16113281,0.0051160483,-13.150491,-13.1597,-3.7292325,158.24103,0.8136213,5.595062e-10,0.014176169919967651,34983.63773870468,790000
52.371597,-0.28634006,-8.505202,0.2884235,1.0,0.99908733,0.26367188,0.0043072733,-14.151144,-14.161802,-3.2494082,617.48566,1.4875579,1.0463884e-05,1.517056,-1.5522786,26.3592,0.9990845,0.25195312,0.0043329364,-13.449525,-13.459441,-3.304255,136.40279,0.8904592,7.622594e-07,54.106293,-0.36745596,-8.5402975,0.29719728,1.0,0.99898815,0.171875,0.0049612112,-13.812712,-13.822563,-3.7336493,166.39914,0.75302255,3.1982386e-10,0.9989643,0.16992188,0.004977093,-13.142708,-13.151854,-3.7868023,63.52224,0.6566228,9.9688094e-08,0.01419692883491516,35054.6223859787,795000
44.578712,-0.25978467,-8.5028305,0.28783053,1.0,0.9990921,0.23828125,0.004244074,-14.224082,-14.234821,-3.2358737,324.42703,0.8675965,1.6036545e-06,1.9168301,-1.8004901,25.148825,0.99908733,0.24023438,0.0043005855,-13.529623,-13.53963,-3.2923636,216.32161,0.89410746,9.152266e-06,48.535744,-0.41303444,-8.565986,0.30361927,1.0,0.99899864,0.18066406,0.0050304113,-13.817982,-13.827638,-3.9398808,415.15472,0.6583505,1.7848254e-08,0.9989691,0.15917969,0.005064315,-13.089941,-13.098912,-3.9129286,402.83023,1.2741615,1.8372228e-08,0.014217174100875854,35125.70825791359,800000
45.880234,-0.27501467,-8.523659,0.29303777,1.0,0.9990816,0.2578125,0.0042275144,-14.088556,-14.099203,-3.1971588,451.6762,1.0735457,1.4528759e-05,1.133874,-2.3939812,23.658495,0.99907494,0.23535156,0.004286289,-13.395615,-13.40553,-3.2520103,61.587597,0.65377086,5.5706278e-05,56.233818,-0.34627718,-8.5367775,0.29631728,1.0,0.99899197,0.18066406,0.004864265,-13.672016,-13.681719,-3.7458868,207.81187,0.6148925,1.0321712e-10,0.9989662,0.16601562,0.004962338,-13.015049,-13.024084,-3.7729883,35.39114,0.4400169,1.0886732e-10,0.5414720640182495,37833.06857919693,805000
48.649902,-0.2103235,-8.524419,0.29322764,1.0,0.9990921,0.27246094,0.004227811,-14.217693,-14.228483,-3.180304,86.89912,0.8799491,1.28418e-07,1.968823,-1.1011989,24.806982,0.99908066,0.25097656,0.0042890445,-13.454783,-13.464756,-3.2510426,71.058815,0.907235,9.547626e-07,39.348675,-0.40868938,-8.556604,0.30127397,1.0,0.9989872,0.19824219,0.004902672,-13.647114,-13.656796,-3.7426534,172.23921,0.5819999,1.9909308e-08,0.9989815,0.19042969,0.0049488945,-12.886187,-12.89508,-3.7882552,619.9039,1.2463322,5.301215e-08,0.014467667293548585,37905.40691828728,810000
47.02085,-0.26875046,-8.497324,0.286454,1.0,0.9990902,0.26757812,0.0041442253,-14.251917,-14.262801,-3.1169705,84.43949,0.9053042,1.8650459e-05,1.7770545,-2.1128354,27.47477,0.9990921,0.26464844,0.0042141443,-13.570924,-13.581084,-3.1764388,125.74891,0.9707844,3.6981615e-05,64.60408,-0.31741536,-8.542032,0.29763108,1.0,0.9989748,0.17871094,0.0048170714,-13.840128,-13.85012,-3.6198232,214.57607,0.8461592,2.5647669e-08,0.9989109,0.16015625,0.004960005,-13.16284,-13.172089,-3.7011542,232.05066,0.7695656,1.0522581e-06,0.014541346836090088,37978.11365365982,815000
51.64203,-0.22114827,-8.511981,0.29011822,1.0,0.9990921,0.2607422,0.0042665405,-14.242067,-14.252852,-3.2103753,411.53442,1.1401542,2.7088527e-05,1.8053412,-1.3796033,27.427597,0.9990835,0.23535156,0.0043415586,-13.613147,-13.623233,-3.2948487,76.54517,0.7711042,2.8271248e-05,53.319145,-0.36774695,-8.544286,0.2981944,1.0,0.99895,0.18066406,0.0050499374,-13.828855,-13.838664,-3.7936711,259.89108,1.0023732,5.5165437e-09,0.998909,0.16308594,0.0052564414,-13.262366,-13.271532,-3.8862538,82.68074,1.036539,9.2514325e-09,0.01455779356956482,38050.902628183365,820000
44.99769,-0.26801252,-8.488148,0.28415996,1.0,0.99909115,0.2626953,0.004269762,-13.987856,-13.998398,-3.2027895,521.7601,1.1781166,4.2997954e-06,1.9354129,-0.9652144,24.412338,0.99908066,0.24121094,0.0043778233,-13.301617,-13.3113575,-3.3362918,367.91968,1.2794827,2.2380742e-05,56.128193,-0.3125499,-8.495512,0.2860008,1.0,0.99896336,0.16992188,0.0048501994,-13.848999,-13.859032,-3.5849357,102.525024,0.6485034,8.016441e-07,0.9988861,0.15820312,0.005063249,-13.189156,-13.198524,-3.6049132,174.85751,0.9081528,1.0564859e-05,0.014575178289413453,38123.77852106094,825000
53.035294,-0.23249143,-8.512138,0.29015744,1.0,0.99909973,0.25976562,0.0042306636,-14.199112,-14.209878,-3.1853378,399.32312,1.1355855,2.3324446e-06,3.357574,-1.8846846,31.132229,0.9990988,0.25683594,0.0043208846,-13.497272,-13.50727,-3.2683825,145.9772,0.9769801,1.7175333e-05,50.808434,-0.39817923,-8.497782,0.28656834,1.0,0.9990015,0.18945312,0.004781002,-13.755828,-13.765724,-3.6312826,382.5551,0.77444553,1.6906472e-09,0.9989767,0.171875,0.004897516,-13.0966015,-13.105776,-3.710808,80.27544,0.68640745,1.295464e-08,0.014566150188446045,38196.60927391052,830000
50.92044,-0.23401166,-8.486839,0.2838327,1.0,0.99909496,0.27148438,0.004233446,-14.252969,-14.263771,-3.2023537,148.026,0.94851977,1.7758728e-06,1.1843586,-2.4016674,28.122189,0.9990902,0.24707031,0.004300733,-13.608021,-13.618138,-3.2581062,162.45749,1.106633,1.20773975e-05,54.838745,-0.33938318,-8.533606,0.29552445,1.0,0.998991,0.20214844,0.0048781354,-13.867139,-13.877149,-3.6278028,731.4417,1.7070913,4.175616e-08,0.9988613,0.16796875,0.0051486734,-13.231832,-13.241162,-3.6871724,2566.4485,3.833639,1.5907551e-07,0.014592755126953126,38269.573056697845,835000
43.171814,-0.2481002,-8.484835,0.28333157,1.0,0.99910545,0.29296875,0.0041242875,-14.4735775,-14.484732,-3.0617487,127.4405,1.1149626,1.7110036e-05,1.2492478,-1.0341884,20.070171,0.99909496,0.26757812,0.004180423,-13.784872,-13.795267,-3.1499557,81.21191,0.93729424,7.444927e-06,59.453514,-0.33937213,-8.533185,0.29541925,1.0,0.9989824,0.18164062,0.004918063,-13.942266,-13.952261,-3.7168422,521.32684,1.3621664,5.9796145e-07,0.99898624,0.15820312,0.0049617356,-13.271757,-13.281002,-3.8134503,118.68903,0.6163237,2.08491e-08,0.014198041868209839,38340.563267469406,840000
39.569702,-0.28680193,-8.5150385,0.2908827,1.0,0.99909306,0.3017578,0.004095142,-14.288061,-14.299009,-3.0881813,1234.0259,1.698107,1.2416315e-05,1.4495689,-1.8182098,24.685814,0.9990864,0.26660156,0.0041855276,-13.504215,-13.514314,-3.173349,41.384193,0.6239798,1.7601124e-05,56.04641,-0.37555534,-8.519375,0.29196662,1.0,0.9989424,0.18359375,0.0049724495,-13.94751,-13.957563,-3.6631455,210.24255,1.0565633,1.27713e-08,0.9988842,0.15722656,0.005073219,-13.303638,-13.313029,-3.6975772,120.1934,0.80174375,1.3983775e-06,0.013485862112045287,38407.992582798004,845000
37.54939,-0.30751887,-8.460785,0.27731925,1.0,0.9991007,0.28222656,0.004194839,-14.160561,-14.1713085,-3.1642997,266.57858,0.87347233,9.678544e-10,1.2022905,-1.3262929,20.439915,0.9990959,0.27246094,0.0042697033,-13.387418,-13.397334,-3.2428532,117.65981,0.8324886,5.569767e-05,57.735764,-0.334835,-8.536686,0.29629445,1.0,0.99895763,0.17480469,0.005004353,-13.834556,-13.844438,-3.7255383,1622.0051,1.6710106,2.0058723e-08,0.9989376,0.16113281,0.0050886497,-13.185808,-13.19501,-3.7733965,730.8769,1.5579832,2.6929932e-09,0.009063994121551514,38453.312557697296,850000
43.212856,-0.26988775,-8.491278,0.2849423,1.0,0.999074,0.26464844,0.004175646,-14.318989,-14.329927,-3.128325,239.4478,1.2394439,1.866705e-10,1.126332,-1.8838161,23.41542,0.9990692,0.26367188,0.0042312364,-13.637545,-13.647756,-3.19029,364.78592,1.2946694,2.230968e-10,55.162537,-0.36023688,-8.524338,0.2932073,1.0,0.9990053,0.16796875,0.0050330884,-13.703735,-13.713285,-3.934652,185.30498,0.694139,3.5456552e-10,0.99897957,0.16601562,0.005097217,-13.1223135,-13.131276,-3.9531662,287.87012,1.1488807,3.1493528e-09,0.009061557149887085,38498.62034487724,855000
45.277576,-0.23201808,-8.49882,0.28682804,1.0,0.99909306,0.2607422,0.0042015044,-14.344803,-14.355757,-3.1391149,441.3855,1.2243984,2.5744996e-05,1.3685305,-1.1875443,23.698845,0.999094,0.24511719,0.004291709,-13.678335,-13.688544,-3.2358437,280.44397,1.2062415,1.6409986e-06,59.20687,-0.31770733,-8.516588,0.29126996,1.0,0.998971,0.17480469,0.0049285805,-13.802128,-13.811973,-3.73073,213.80821,0.79165214,2.4306718e-07,0.99893093,0.17089844,0.0050536287,-13.193988,-13.203122,-3.8492978,224.9287,0.696193,3.3993993e-07,0.009066098833084107,38543.95084071159,860000
41.38412,-0.26973754,-8.479557,0.28201228,1.0,0.99908733,0.25683594,0.00426268,-14.181851,-14.19254,-3.2473674,329.81363,0.99571794,6.3356124e-06,0.7744086,-1.7664706,19.247097,0.9990854,0.24023438,0.004314061,-13.468193,-13.478146,-3.2861454,735.0885,1.5600438,1.5816864e-05,59.445694,-0.33878893,-8.517557,0.29151228,1.0,0.9989853,0.19921875,0.0049535213,-13.758678,-13.768474,-3.738141,1291.9697,1.8630377,4.333814e-11,0.99896336,0.18457031,0.0049567753,-13.0724325,-13.081527,-3.7684336,203.00876,0.9348781,4.440266e-09,0.009064018106460571,38589.27093291283,865000
56.284744,-0.23192291,-8.494623,0.28577882,1.0,0.9990845,0.26660156,0.004272363,-14.248799,-14.259537,-3.2645354,171.44055,0.9280174,1.3771947e-05,1.3733995,-1.6550817,25.55714,0.9990835,0.24707031,0.004331075,-13.554887,-13.564854,-3.3578777,146.1394,0.8308464,2.0152418e-05,52.99054,-0.3528468,-8.527811,0.2940758,1.0,0.99897575,0.1953125,0.0049206438,-13.855186,-13.865051,-3.7635374,233.49048,0.7831235,2.566318e-08,0.9989767,0.16601562,0.004994655,-13.105862,-13.114935,-3.8245323,431.25024,0.9464732,1.9720933e-07,0.009095593214035034,38634.74890041351,870000
42.204514,-0.27145627,-8.475693,0.28104633,1.0,0.9990969,0.2705078,0.0042363633,-14.198539,-14.20927,-3.221222,140.38303,0.8567631,1.3488518e-07,1.3889561,-1.328421,26.142273,0.99909115,0.25683594,0.0043023257,-13.430074,-13.43999,-3.285367,59.277264,0.6792622,2.2934735e-06,56.720203,-0.40235773,-8.5855255,0.3085044,1.0,0.99901295,0.16113281,0.004968849,-13.782011,-13.7916975,-3.872536,251.59773,0.90128,4.6609824e-08,0.9989443,0.16210938,0.005171537,-13.064898,-13.073849,-3.909,67.92449,0.70528257,7.020478e-08,0.009115882921218873,38680.328316926956,875000
48.58573,-0.23147134,-8.512778,0.2903176,1.0,0.99908257,0.27539062,0.004209592,-14.1827545,-14.193541,-3.1477053,237.76129,1.0799377,6.6433513e-06,1.636307,-1.1453748,25.931307,0.99907875,0.25976562,0.0042803027,-13.579525,-13.589666,-3.2042928,44.403423,0.613191,1.11462705e-05,46.509644,-0.4238068,-8.549077,0.29939216,1.0,0.99897385,0.203125,0.0049232636,-13.905836,-13.915942,-3.5667448,534.211,2.3690848,5.623095e-09,0.9988947,0.18554688,0.0050213896,-13.327127,-13.33666,-3.575698,430.76114,2.0744934,7.8018815e-08,0.009117627048492432,38725.91645312309,880000
43.55249,-0.2689971,-8.523423,0.2929786,1.0,0.9990864,0.265625,0.0042439364,-14.320648,-14.331499,-3.218671,88.50402,0.6871187,4.3545974e-06,1.3220267,-1.3279389,22.180649,0.99907684,0.23535156,0.0042969137,-13.576401,-13.586497,-3.2474186,82.46371,0.74609405,2.7911357e-05,54.483368,-0.36980608,-8.532743,0.2953089,1.0,0.9989767,0.19921875,0.004931084,-13.722992,-13.732719,-3.7714136,132.8661,0.60691303,2.2910115e-10,0.99893284,0.16699219,0.0050779637,-13.135628,-13.144699,-3.8538506,77.95747,0.5237965,6.465903e-08,0.009112422037124633,38771.47856473923,885000
50.76901,-0.26031023,-8.50337,0.28796533,1.0,0.999073,0.26171875,0.0042682625,-14.222782,-14.233565,-3.1917877,382.2163,1.3004806,1.3283407e-06,2.2503939,-1.6837254,29.54581,0.99906254,0.23828125,0.004365834,-13.617836,-13.627923,-3.3003643,1119.6837,2.0720246,8.711412e-09,54.5606,-0.3834095,-8.51824,0.29168266,1.0,0.99895096,0.18554688,0.005003758,-13.77881,-13.7885275,-3.8364692,254.40599,0.74173343,4.2203105e-08,0.9989414,0.18066406,0.005089391,-13.239004,-13.248168,-3.8649309,76.42508,0.6614729,7.703626e-07,0.015155470752716064,38847.25592112541,890000
39.36525,-0.28371805,-8.526247,0.29368484,1.0,0.9990721,0.2626953,0.004256061,-14.071017,-14.081602,-3.2429185,167.0356,0.92578477,1.0595037e-07,1.4242368,-1.2315854,23.492176,0.9990759,0.24121094,0.0043419036,-13.39879,-13.408639,-3.3230891,120.48277,0.83233076,1.9600042e-08,46.987717,-0.46167913,-8.539076,0.296892,1.0,0.9989853,0.17871094,0.0048815683,-13.834057,-13.843937,-3.726718,651.3939,1.1552384,6.5760952e-09,0.9989071,0.17773438,0.0050284956,-13.22348,-13.232742,-3.7486148,200.58423,0.76806563,2.7531142e-09,0.019426769447326662,38944.38977217674,895000
51.148445,-0.22544101,-8.507018,0.2888775,1.0,0.9990778,0.24023438,0.004389257,-14.091219,-14.101753,-3.3155432,151.24692,0.8367145,1.0717735e-06,2.1482885,-2.553205,33.189125,0.9990673,0.22851562,0.0044748085,-13.383353,-13.393099,-3.4142246,231.73729,1.0573056,2.362213e-06,53.41975,-0.40123165,-8.515075,0.29089162,1.0,0.99896336,0.16992188,0.0050545814,-13.93309,-13.943009,-3.7859483,140.72395,0.76566124,9.547526e-09,0.99890804,0.15429688,0.0051518735,-13.223304,-13.23246,-3.8569226,121.7545,0.6163033,1.1298246e-08,0.02074057846069336,39048.09266591072,900000
35.498226,-0.30633852,-8.470865,0.27983937,1.0,0.99907875,0.2734375,0.0042454856,-14.182684,-14.193409,-3.2112021,85.35238,0.6709464,2.2391374e-05,1.6829107,-2.7105246,25.884138,0.99907875,0.25097656,0.004259431,-13.43023,-13.440221,-3.209782,80.10314,0.7279771,9.594942e-06,63.730682,-0.37771952,-8.502202,0.2876734,1.0,0.9989662,0.20019531,0.0049411757,-13.917612,-13.927577,-3.7239976,1503.8223,1.4885048,8.532876e-08,0.99891376,0.1796875,0.0050649676,-13.243264,-13.252524,-3.7702565,224.33936,0.7928747,2.3506117e-07,0.502744957780838,41561.81745791435,905000
43.623604,-0.26219782,-8.524124,0.2931537,1.0,0.9990883,0.25097656,0.004229489,-14.242893,-14.25375,-3.135457,221.58504,0.9955787,1.561294e-07,1.3606102,-0.9913023,23.087513,0.9990845,0.234375,0.0043027108,-13.470827,-13.480846,-3.2196586,70.28006,0.7223849,1.063156e-06,64.207954,-0.31022662,-8.56295,0.30286056,1.0,0.9990034,0.19628906,0.004960824,-14.0582695,-14.068291,-3.8074074,219.21507,0.900568,1.4517782e-08,0.99896336,0.17773438,0.005010561,-13.342049,-13.351387,-3.7877355,321.57968,1.4523036,5.381409e-09,0.014025032281875611,41631.942620277405,910000
48.013245,-0.25845245,-8.477577,0.28151748,1.0,0.9990816,0.2607422,0.004230312,-14.115045,-14.125804,-3.1078432,102.66578,0.81463253,6.425458e-07,1.5230874,-1.2552834,24.756453,0.9990759,0.25683594,0.004244407,-13.477139,-13.487235,-3.1491604,143.08221,0.81728953,9.813144e-06,52.150665,-0.3588236,-8.508063,0.28913873,1.0,0.99897385,0.17285156,0.0048873816,-13.823051,-13.833064,-3.5799556,250.69324,0.84690726,6.4292696e-11,0.9989557,0.17382812,0.0049532447,-13.133249,-13.142554,-3.6136186,100.50582,0.8193905,2.3863225e-10,0.014034471559524536,41702.11497974396,915000
42.137447,-0.27559006,-8.528063,0.2941387,1.0,0.99908066,0.25097656,0.004307307,-14.21468,-14.225369,-3.2797246,124.0689,0.90115094,2.8418082e-05,4.4885144,-1.3238478,32.44771,0.99907684,0.23730469,0.004385276,-13.567339,-13.577292,-3.3850718,110.15985,0.8510473,3.9306065e-05,54.267708,-0.38495374,-8.559455,0.30198684,1.0,0.9990082,0.17773438,0.0049398816,-13.999194,-14.009174,-3.7886815,219.04767,1.0421042,2.406566e-07,0.9988899,0.16503906,0.005151354,-13.403765,-13.413122,-3.832055,403.07578,1.2667246,3.710753e-07,0.014021519422531128,41772.22258019447,920000
41.28978,-0.2684037,-8.4920025,0.28512332,1.0,0.999094,0.28125,0.0042719278,-14.186396,-14.197134,-3.2007482,1068.4628,1.7310399,4.345057e-06,1.5729256,-1.1604573,24.332409,0.99908066,0.25585938,0.004333765,-13.426659,-13.436573,-3.283227,184.67992,1.2813709,1.9650943e-05,49.39966,-0.36777383,-8.576204,0.306174,1.0,0.998991,0.19042969,0.004896287,-13.802137,-13.812005,-3.7074137,256.36526,1.030046,5.5996134e-07,0.9989805,0.171875,0.0049375007,-13.031595,-13.040644,-3.7746043,173.95576,0.6370605,1.9870659e-07,0.014029830503463745,41842.371733903885,925000
46.82695,-0.2466079,-8.523367,0.2929647,1.0,0.9990816,0.25683594,0.004304637,-14.160732,-14.171384,-3.2655654,196.38293,0.91727406,1.1287913e-05,1.9715159,-2.112627,31.35236,0.9990721,0.23828125,0.0044048447,-13.533514,-13.543447,-3.3723507,54.842716,0.6300997,2.5345276e-05,57.75763,-0.41394854,-8.529788,0.29456994,1.0,0.99897957,0.1875,0.005056252,-13.860716,-13.870459,-3.8936913,339.4107,1.3124465,6.9115555e-12,0.99895096,0.16015625,0.005162106,-13.253332,-13.262414,-3.9618306,106.40946,0.7371471,3.7114653e-10,0.014029901504516601,41912.52124261856,930000
34.060028,-0.32142034,-8.519487,0.2919946,1.0,0.99909115,0.25878906,0.004268517,-14.233994,-14.244747,-3.2334208,171.80145,1.0533732,3.1626973e-06,1.3834838,-1.1212566,22.202744,0.9990845,0.24121094,0.0043582786,-13.544165,-13.554175,-3.3029718,637.2772,1.5695891,4.861712e-07,42.396378,-0.43130463,-8.53886,0.296838,1.0,0.9989681,0.19238281,0.005055505,-13.843563,-13.853361,-3.820653,355.72836,1.0515423,8.34172e-11,0.9989548,0.1640625,0.005125314,-13.16664,-13.175753,-3.8438134,180.56946,0.91294384,1.7718481e-08,0.014025049448013307,41982.646493673325,935000
42.349808,-0.27165318,-8.486494,0.28374645,1.0,0.99908066,0.2626953,0.0042797904,-13.993046,-14.003576,-3.221601,73.59404,0.8844979,1.1916724e-06,1.7984779,-2.1073174,24.926884,0.9990797,0.25097656,0.0043470394,-13.266272,-13.276015,-3.2981796,153.75983,1.0839022,1.6129524e-06,52.140835,-0.42950964,-8.554001,0.3006232,1.0,0.9989033,0.17675781,0.005075909,-13.985787,-13.9958105,-3.7328978,180.0364,1.045644,2.9665118e-08,0.9988413,0.15039062,0.005224511,-13.443635,-13.453079,-3.7815402,1784.0612,2.3409753,2.6553109e-09,0.01402418236732483,42052.76740670204,940000
44.421535,-0.2536139,-8.486425,0.28372926,1.0,0.99908257,0.26953125,0.00422188,-14.357985,-14.368914,-3.1764488,120.62982,0.7867646,1.4546513e-06,1.7584589,-1.6317989,22.401972,0.99908257,0.24316406,0.0042574992,-13.741812,-13.752111,-3.205204,584.02075,1.488207,2.1553265e-06,56.24501,-0.41764113,-8.564058,0.30313736,1.0,0.99901295,0.18945312,0.0048412974,-13.875701,-13.885613,-3.7352479,9484.087,5.333553,7.824433e-07,0.99895954,0.16992188,0.0049744253,-13.223547,-13.232779,-3.7790766,485.02493,1.3183521,1.6017882e-06,0.014037739706039429,42122.95610642433,945000
45.14395,-0.24823284,-8.505937,0.28860706,1.0,0.99908924,0.26660156,0.004308678,-14.376703,-14.387574,-3.255552,234.25728,1.0852356,4.57142e-06,2.799333,-2.537683,31.528019,0.99908257,0.24023438,0.00438447,-13.519604,-13.529557,-3.3375645,252.26941,1.0096405,3.5463334e-05,48.80961,-0.4444632,-8.519328,0.29195505,1.0,0.99884796,0.19140625,0.0052220714,-14.258555,-14.268931,-3.6433527,1927.2152,2.0144656,5.3330367e-09,0.998765,0.16113281,0.005298785,-13.5587225,-13.568396,-3.6623769,124.64474,1.107027,1.16399455e-07,0.014036822748184205,42193.14022755623,950000
37.76967,-0.2974226,-8.510178,0.28966743,1.0,0.9990902,0.27734375,0.004167584,-14.392668,-14.403686,-3.121687,172.49771,1.0033224,2.8641462e-05,1.9099628,-2.802346,22.524036,0.9990883,0.24609375,0.0042334753,-13.711872,-13.722166,-3.1806672,219.62448,1.2576652,1.9823879e-06,63.90626,-0.34117627,-8.5936575,0.31053743,1.0,0.9989548,0.17480469,0.00499308,-14.060276,-14.070318,-3.7863355,248.0286,0.87636316,3.987031e-08,0.99891376,0.15917969,0.005128027,-13.34156,-13.350865,-3.8220992,127.855736,0.88579786,4.4156133e-07,0.013911857604980468,42262.699516773224,955000
42.72153,-0.2518417,-8.5192795,0.2919429,1.0,0.9990921,0.27929688,0.00416258,-14.27647,-14.287393,-3.1024647,160.82082,0.87877023,6.7739143e-06,1.3108475,-1.0845889,21.501438,0.9990902,0.25878906,0.0042229677,-13.589537,-13.599693,-3.1998878,55.088223,0.7175964,1.0217707e-05,57.770775,-0.3847293,-8.534201,0.29567322,1.0,0.99899197,0.19921875,0.004824391,-13.890669,-13.900732,-3.596404,365.48215,1.4569056,4.8395975e-08,0.99893284,0.18164062,0.004958608,-13.2921095,-13.301504,-3.6821594,1438.6392,3.081691,1.6962109e-07,0.013506758880615234,42330.23331308365,960000
45.015465,-0.28552812,-8.520322,0.2922033,1.0,0.99907017,0.26660156,0.004237434,-14.270087,-14.280922,-3.1854177,95.97844,0.6878325,4.0544222e-05,1.4217255,-1.2013897,23.755005,0.99907017,0.23046875,0.0042995885,-13.468533,-13.47851,-3.261716,91.37049,0.70798546,7.1276256e-05,49.352486,-0.42566335,-8.562473,0.3027414,1.0,0.9990015,0.18945312,0.0049278457,-13.816669,-13.826513,-3.746504,166.44803,0.85096955,2.6104733e-08,0.99891853,0.16796875,0.0050613284,-13.065275,-13.074343,-3.7882056,396.6946,1.3620545,5.567745e-10,0.013502868461608886,42397.747659921646,965000
38.840607,-0.31906998,-8.511986,0.2901194,1.0,0.99908066,0.25976562,0.0042764954,-13.985739,-13.9962,-3.2833202,157.5093,0.5342374,5.386374e-07,1.2634504,-1.3429751,21.364998,0.9990759,0.22167969,0.0043676062,-13.34951,-13.359278,-3.3584194,516.7677,0.98308396,4.1846615e-06,60.773796,-0.38119167,-8.549146,0.2994094,1.0,0.99900055,0.16503906,0.004838947,-13.819207,-13.829068,-3.7325282,68.817604,0.38858676,1.3356123e-09,0.99895096,0.15722656,0.004963533,-13.183333,-13.19255,-3.7541986,71.22293,0.5162165,5.891228e-07,0.01348799285888672,42465.18762540817,970000
48.331192,-0.2409622,-8.473234,0.28043145,1.0,0.9990759,0.2939453,0.0040746983,-14.625801,-14.637159,-3.0064318,88.309555,0.90993303,1.0068601e-06,1.3203596,-1.3044168,27.54033,0.9990711,0.25878906,0.004125878,-14.021503,-14.032203,-3.0770879,186.13406,1.0279171,1.1173027e-05,51.99292,-0.3785619,-8.526152,0.29366082,1.0,0.99889565,0.18554688,0.005211794,-14.01181,-14.021868,-3.7237978,515.0948,1.3689206,1.3955145e-08,0.9988327,0.16601562,0.005236589,-13.398394,-13.407822,-3.7542958,93.52742,0.68257403,1.8130638e-06,0.013509718894958497,42532.736223220825,975000
35.96386,-0.35228938,-8.486065,0.2836392,1.0,0.9990864,0.27734375,0.004208048,-14.400644,-14.411624,-3.167646,128.56674,1.0146649,3.4305045e-05,1.5673566,-0.9411861,20.650513,0.99908733,0.2626953,0.0042498456,-13.58046,-13.590598,-3.2082021,176.17458,1.1879029,5.597664e-07,59.989136,-0.4059166,-8.528532,0.29425597,1.0,0.99896336,0.18457031,0.004989245,-14.093058,-14.103149,-3.7689862,335.72418,0.9391631,6.5384243e-13,0.9989319,0.17675781,0.0051784865,-13.312341,-13.321631,-3.8076925,136.86282,1.167232,1.5593595e-07,0.012081297445297241,42593.142711639404,980000
43.643684,-0.21574593,-8.534494,0.29574648,1.0,0.99908924,0.27929688,0.004352857,-14.238475,-14.249132,-3.3356113,226.47609,0.91283786,6.929188e-07,3.115021,-1.5244906,26.083216,0.99907684,0.2529297,0.0044296123,-13.615431,-13.6253605,-3.4571939,326.03522,1.01897,5.16018e-05,58.409756,-0.32781982,-8.50868,0.2892929,1.0,0.9989786,0.203125,0.0048824493,-13.984095,-13.99419,-3.657319,808.83026,1.7491043,1.2690911e-10,0.99896145,0.18945312,0.005014116,-13.427523,-13.437001,-3.7300887,250.2413,1.1897376,1.3055385e-10,0.008491943359375,42635.60243010521,985000
40.94563,-0.28197616,-8.529878,0.29459235,1.0,0.9990902,0.29003906,0.0041879583,-14.277954,-14.288813,-3.1700425,514.68304,1.3270051,1.7513687e-05,1.9209404,-1.1892693,25.01535,0.9990778,0.27246094,0.0042500505,-13.5942955,-13.60443,-3.2266855,823.15955,1.90924,5.420067e-06,53.849274,-0.40790728,-8.528875,0.2943418,1.0,0.998971,0.15820312,0.005022705,-13.989326,-13.999257,-3.8289108,198.56165,0.8993014,1.3266809e-08,0.9988928,0.14648438,0.005215307,-13.26919,-13.278367,-3.88227,2139.098,3.0921044,8.35435e-10,0.00849265398979187,42678.06570291519,990000
48.48168,-0.2202613,-8.484566,0.28326452,1.0,0.9990845,0.25878906,0.004251337,-14.261371,-14.272187,-3.196414,209.0285,0.86120427,2.8810282e-06,1.2797225,-1.4760206,27.402466,0.99907494,0.25097656,0.004284828,-13.581178,-13.591271,-3.2548628,131.82541,0.8483321,8.516705e-06,62.332058,-0.38179204,-8.557417,0.30147713,1.0,0.9989624,0.16113281,0.0049998015,-13.800495,-13.810309,-3.7614596,206.67307,0.70446265,5.807846e-09,0.9989109,0.15917969,0.0051182024,-13.176256,-13.185366,-3.8573046,234.64632,0.8117651,5.996452e-08,0.008488735580444336,42720.509382009506,995000
48.67917,-0.23993045,-8.488531,0.28425592,1.0,0.999094,0.265625,0.004167361,-14.477146,-14.488228,-3.1410875,67.37823,0.7701851,3.3177653e-07,2.7799573,-2.1043317,27.96144,0.99909306,0.2421875,0.004259241,-13.721844,-13.7321,-3.2305083,1287.883,2.0614047,1.9937504e-06,54.11895,-0.4565794,-8.506843,0.28883368,1.0,0.9989786,0.18359375,0.0050148917,-13.852247,-13.862041,-3.833161,1025.9261,1.4755539,6.5898815e-09,0.9989481,0.16894531,0.0050884164,-13.12505,-13.134124,-3.8423076,97.75475,0.6658613,5.3150984e-07,0.008753417539596558,42764.27647066116,1000000
