training/actor/actor_loss,training/actor/adv,training/actor/bc_log_prob,training/actor/mse,training/actor/std,training/critic/binary_accuracy,training/critic/categorical_accuracy,training/critic/contrastive_loss,training/critic/logits,training/critic/logits_neg,training/critic/logits_pos,training/critic/v_max,training/critic/v_mean,training/critic/v_min,training/grad/max,training/grad/min,training/grad/norm,training/value/binary_accuracy,training/value/categorical_accuracy,training/value/contrastive_loss,training/value/logits,training/value/logits_neg,training/value/logits_pos,training/value/v_max,training/value/v_mean,training/value/v_min,validation/actor/actor_loss,validation/actor/adv,validation/actor/bc_log_prob,validation/actor/mse,validation/actor/std,validation/critic/binary_accuracy,validation/critic/categorical_accuracy,validation/critic/contrastive_loss,validation/critic/logits,validation/critic/logits_neg,validation/critic/logits_pos,validation/critic/v_max,validation/critic/v_mean,validation/critic/v_min,validation/value/binary_accuracy,validation/value/categorical_accuracy,validation/value/contrastive_loss,validation/value/logits,validation/value/logits_neg,validation/value/logits_pos,validation/value/v_max,validation/value/v_mean,validation/value/v_min,time/epoch_time,time/total_time,step
137.96277,0.06402815,-9.7304,0.594723,1.0,0.434762,0.0,0.81938267,0.068107024,0.067913316,0.2662725,23.998192,1.914003,0.060816515,4.755551,-1.6850829,109.726265,0.66771126,0.001953125,0.62169135,-0.32891053,-0.3288786,-0.36157927,15.020142,0.9087589,0.045473035,108.21547,0.016353332,-9.659672,0.5770409,1.0,0.97946167,0.0,0.09635129,-4.408102,-4.407738,-4.7798715,10.102965,0.15183884,2.9680474e-05,0.96761894,0.0,0.09297833,-4.885059,-4.8845453,-5.4105754,5.5126123,0.11585315,2.6118569e-05,0.011632001113891602,58.16000699996948,1
13.544766,-0.27199104,-9.283095,0.4828969,1.0,0.99903107,0.09472656,0.005307689,-13.234161,-13.242858,-4.3384657,5.4991884,0.045923363,5.63089e-08,0.34095398,-0.2997852,6.8427634,0.9990339,0.09667969,0.0052395556,-13.025055,-13.033646,-4.2357244,7.0221205,0.059345804,8.167677e-09,14.399252,-0.1988424,-9.263794,0.47807148,1.0,0.99902725,0.087890625,0.005304114,-13.190168,-13.19891,-4.247976,9.167369,0.07479468,2.315628e-09,0.99902725,0.083984375,0.0052505294,-13.114084,-13.122761,-4.238614,6.0997896,0.06944191,3.1455365e-08,0.2410737265586853,1263.528640985489,5000
14.053627,-0.13742729,-9.162204,0.45267388,1.0,0.9990425,0.14746094,0.0049422025,-12.265,-12.273064,-4.0168757,9.54282,0.11854096,3.7220337e-07,0.30653444,-0.33040926,5.261709,0.9990425,0.13574219,0.0049433615,-12.142646,-12.150595,-4.010734,12.445095,0.13272624,4.5189e-07,13.801722,-0.16068554,-9.183796,0.458072,1.0,0.999032,0.12402344,0.005160083,-12.227481,-12.235349,-4.1784697,9.746046,0.09172399,6.420279e-06,0.99902916,0.11425781,0.005215423,-12.0167465,-12.024436,-4.1489577,13.059791,0.10507684,1.0699226e-05,0.2473320038318634,2500.1886615753174,10000
14.617358,-0.18676087,-9.253691,0.47554582,1.0,0.9990454,0.15429688,0.0048643663,-12.3909445,-12.399199,-3.9476738,20.871078,0.21372339,5.504066e-06,0.3135056,-0.29691264,7.0141115,0.9990463,0.16015625,0.004887229,-12.112291,-12.120297,-3.9217014,25.662783,0.2406812,1.3294871e-05,20.452656,-0.10105457,-9.22291,0.4678504,1.0,0.99901485,0.12402344,0.0050699026,-12.016356,-12.024151,-4.0428953,43.031704,0.28599304,1.119724e-05,0.999012,0.119140625,0.0050940467,-11.813763,-11.821316,-4.08707,56.214478,0.35504416,7.258483e-06,0.13991613836288452,3199.7693560123444,15000
12.8638525,-0.18285128,-9.182379,0.45771778,1.0,0.9990492,0.15722656,0.00474961,-12.206858,-12.215002,-3.875586,21.598328,0.19589701,2.4712897e-06,0.330514,-0.18078478,4.440877,0.9990463,0.16210938,0.0047585396,-12.052334,-12.060378,-3.8229785,26.969288,0.23489949,1.9883237e-06,22.595514,-0.10435728,-9.1826725,0.45779112,1.0,0.999032,0.16992188,0.004789221,-12.318733,-12.327064,-3.7963743,73.59372,0.4555682,1.525206e-06,0.99902916,0.16210938,0.0048036044,-12.172647,-12.1808405,-3.7909021,65.59418,0.44859323,5.14894e-06,0.010039396047592164,3249.9663376808167,20000
23.051281,-0.10043067,-9.219509,0.46700022,1.0,0.99905014,0.17773438,0.0047414224,-12.181072,-12.189211,-3.8557355,31.627657,0.22755677,2.2557253e-06,0.76649517,-0.9678185,12.488799,0.9990454,0.17871094,0.0047857207,-11.9921255,-12.000046,-3.8902798,16.74706,0.19994992,1.9531573e-05,22.205986,-0.10575469,-9.1787815,0.45681843,1.0,0.999032,0.16308594,0.004819673,-12.198265,-12.206428,-3.8468995,130.90884,0.35698676,3.0723874e-07,0.999032,0.16796875,0.004862345,-12.012304,-12.0202265,-3.908279,24.229237,0.24190938,9.290574e-07,0.1646437267780304,4073.184974193573,25000
19.868568,-0.17548925,-9.17974,0.45705786,1.0,0.9990473,0.18847656,0.0047035553,-12.482342,-12.4908285,-3.8012125,31.555176,0.27073824,1.2696197e-05,0.42807716,-0.4823158,8.445241,0.9990463,0.16503906,0.0047279885,-12.152916,-12.161109,-3.7706661,46.30629,0.34111357,6.176619e-06,19.26108,-0.13443583,-9.162897,0.45284727,1.0,0.99902725,0.16796875,0.0047625704,-12.401083,-12.40949,-3.8015695,1223.1786,0.97253174,1.2419051e-05,0.99902725,0.15625,0.0048259553,-12.123633,-12.131728,-3.8428586,220.23335,0.71295583,1.8780376e-05,0.00981250672340393,4122.247509002686,30000
22.753958,-0.15121722,-9.192226,0.46017957,1.0,0.99906254,0.17675781,0.0046742535,-12.578982,-12.587717,-3.6434283,153.49588,0.78444386,1.3959107e-05,0.6281536,-0.38185215,10.965971,0.9990616,0.1640625,0.004711724,-12.316275,-12.324714,-3.683628,126.19619,0.8570509,3.4678635e-06,22.514837,-0.14390853,-9.228688,0.46929505,1.0,0.99902534,0.17578125,0.0048181056,-12.568864,-12.5775,-3.7341938,368.9986,0.82472247,4.958993e-06,0.99902534,0.16113281,0.004860756,-12.261469,-12.269766,-3.7729433,285.6901,0.97916293,3.2359264e-06,0.1617407368183136,4930.951196670532,35000
23.444912,-0.119738385,-9.17359,0.4555204,1.0,0.9990568,0.20800781,0.00451277,-12.562192,-12.571002,-3.5502868,72.13217,0.5051873,5.236462e-06,0.38979837,-0.90487164,10.886006,0.99905396,0.19140625,0.004573206,-12.37911,-12.387666,-3.627739,248.63086,0.74898714,7.5172275e-06,28.230175,-0.10086353,-9.223961,0.468113,1.0,0.9990349,0.14550781,0.0048178025,-12.556232,-12.564817,-3.7747097,135.79724,0.6863179,1.0688946e-05,0.9990339,0.1328125,0.00486426,-12.327937,-12.3362255,-3.8477995,630.1988,1.0592172,6.028695e-06,0.009102918577194214,4976.465792655945,40000
26.452354,-0.14974007,-9.157661,0.45153838,1.0,0.99905396,0.18164062,0.0045950655,-12.777674,-12.786663,-3.5825434,183.76976,0.6711199,1.6501548e-05,0.39414915,-0.66919637,8.956804,0.999053,0.17480469,0.004659388,-12.463514,-12.47216,-3.617054,112.70528,0.77054507,3.0633033e-05,30.631096,-0.14895673,-9.185949,0.45861042,1.0,0.99902344,0.16894531,0.0048030834,-12.691752,-12.700509,-3.7341394,191.81516,0.6767101,2.8543158e-07,0.9990225,0.15429688,0.0048543154,-12.431051,-12.43949,-3.7976623,46.32029,0.5581963,2.869562e-07,0.15984434390068053,5775.687513589859,45000
24.776543,-0.18045639,-9.182075,0.4576416,1.0,0.9990568,0.20019531,0.0045922734,-12.968168,-12.977326,-3.6003678,282.00742,1.2809997,5.866881e-06,0.6539437,-0.5062909,11.285298,0.99905777,0.18261719,0.004650305,-12.658402,-12.667243,-3.6144228,329.4408,1.9137409,7.299927e-06,23.349833,-0.197,-9.20742,0.46397793,1.0,0.99904346,0.17871094,0.004692209,-12.968646,-12.977714,-3.6918228,1202.067,1.6183091,5.5801265e-06,0.9990368,0.18652344,0.004751147,-12.669113,-12.677871,-3.7100203,169.81033,1.3977816,6.458236e-06,0.009647894430160522,5823.926987171173,50000
23.715172,-0.16486612,-9.206137,0.4636572,1.0,0.99904823,0.16796875,0.0046295743,-12.641996,-12.650778,-3.6573067,224.27368,0.5693506,2.9001638e-05,0.46612033,-0.4088253,9.901009,0.99904823,0.16796875,0.004692054,-12.399985,-12.408463,-3.7271516,340.5671,0.5893033,3.252344e-05,24.746227,-0.16072415,-9.188152,0.45916095,1.0,0.9990206,0.18066406,0.004841818,-12.829121,-12.838048,-3.6957943,3586.6255,8.6103,1.16644715e-05,0.9990177,0.17285156,0.0048501976,-12.586519,-12.595168,-3.73874,231.79497,0.98367494,1.2331997e-05,0.18196052074432373,6733.72959446907,55000
30.295048,-0.13326767,-9.150347,0.44970965,1.0,0.9990568,0.18261719,0.0045733205,-13.121698,-13.131041,-3.5642982,245.86691,1.3132744,7.3926985e-06,0.671605,-1.1014328,13.631563,0.9990549,0.16601562,0.0046274113,-12.79436,-12.803311,-3.6384027,100.335884,0.8945462,1.6137463e-06,32.30651,-0.14375904,-9.183765,0.45806435,1.0,0.9990225,0.16796875,0.004791716,-13.126372,-13.135617,-3.6686795,2104.891,2.1525471,2.5937404e-06,0.99902153,0.16015625,0.004814481,-12.806731,-12.815581,-3.7524493,467.1012,1.5016222,2.2522431e-06,0.009833472967147826,6782.896961688995,60000
28.56963,-0.11349913,-9.214628,0.46577996,1.0,0.99905777,0.19433594,0.0045646797,-13.018452,-13.027689,-3.569511,326.6376,0.9460611,1.9222256e-05,0.4896932,-0.6758697,13.340269,0.9990597,0.18359375,0.004614831,-12.834025,-12.843018,-3.6347768,287.0521,0.95172787,8.047951e-06,23.952961,-0.16455123,-9.156206,0.45117435,1.0,0.9990301,0.17089844,0.0046741203,-13.094153,-13.103359,-3.6765606,606.69244,1.1217166,9.855949e-06,0.9990301,0.16308594,0.0047160364,-12.945232,-12.9542465,-3.7240686,322.0833,1.019661,1.0649041e-05,0.009821974420547485,6832.006835699081,65000
36.4396,-0.09143684,-9.194319,0.46070272,1.0,0.9990597,0.19140625,0.004545334,-13.184253,-13.193657,-3.5636969,119.86956,0.65028644,1.8013247e-05,0.9423675,-2.5200715,19.770798,0.99905777,0.18066406,0.004582731,-12.916744,-12.925779,-3.6742291,38.91454,0.36562735,6.802528e-06,34.420437,-0.15413323,-9.16598,0.453618,1.0,0.9990301,0.17285156,0.00472806,-13.206315,-13.215623,-3.6837363,408.70413,1.1368904,2.0767957e-06,0.999032,0.17089844,0.0047852127,-12.886882,-12.895823,-3.7400455,121.25959,1.0283914,6.2875315e-06,0.012943918657302857,6896.726435661316,70000
25.85198,-0.19430247,-9.206422,0.4637285,1.0,0.9990597,0.1953125,0.0046583964,-12.950424,-12.959523,-3.6424506,196.02255,0.73302114,1.5801515e-05,0.5070832,-0.50220054,11.293056,0.99905586,0.17480469,0.004726586,-12.6643505,-12.673108,-3.704687,169.00667,0.75017995,2.2105574e-05,30.919285,-0.16621229,-9.166631,0.45378065,1.0,0.99902534,0.15917969,0.0047363564,-12.994133,-13.003236,-3.68292,1086.2489,1.6062949,3.32513e-05,0.99902344,0.14453125,0.0047961795,-12.734837,-12.743655,-3.713496,116.8875,0.8445052,2.8565682e-05,0.01662683696746826,6979.860622167587,75000
33.028343,-0.1462825,-9.154426,0.4507295,1.0,0.99905777,0.1953125,0.0045458684,-13.150962,-13.160361,-3.5350041,597.70306,1.3455578,1.7775308e-05,0.62401366,-0.62190884,14.699776,0.9990568,0.16699219,0.0045993947,-12.889705,-12.89878,-3.6054988,392.65503,1.2869055,1.6799833e-05,32.109364,-0.15570873,-9.202166,0.46266454,1.0,0.9990406,0.18652344,0.0046699746,-13.266045,-13.275479,-3.6134186,947.32654,1.777347,1.2599406e-06,0.99904156,0.16992188,0.0047295596,-12.974882,-12.983973,-3.6749272,225.67265,1.2458804,1.2472473e-05,0.22561664071083068,8107.943829536438,80000
25.899162,-0.16328679,-9.160769,0.45231545,1.0,0.99905205,0.20410156,0.004483181,-13.188342,-13.197839,-3.4725804,176.7058,1.0259608,5.0101546e-05,0.72059214,-0.49797624,10.918406,0.9990492,0.19433594,0.0045273434,-12.975218,-12.984444,-3.5354667,251.17928,1.4259568,1.968159e-05,36.143406,-0.17396675,-9.224731,0.4683059,1.0,0.99902725,0.16796875,0.0048180027,-13.231539,-13.240899,-3.6547542,1998.1519,2.8968296,4.557229e-06,0.99902916,0.15917969,0.004832435,-12.937803,-12.946836,-3.6972914,828.4377,2.1438913,2.401062e-05,0.009775958633422852,8156.823627471924,85000
29.633665,-0.18739775,-9.177773,0.45656645,1.0,0.99906635,0.21777344,0.0044116727,-13.31386,-13.323498,-3.453968,114.196625,0.7516279,2.6679343e-05,0.9198064,-0.617636,13.220562,0.9990673,0.20410156,0.0044627297,-13.024389,-13.033674,-3.525185,125.903885,0.84108573,2.5589317e-05,30.676989,-0.18122555,-9.207186,0.46391934,1.0,0.99903774,0.18261719,0.0047178445,-13.151567,-13.160903,-3.602986,1087.5027,2.0944052,1.7544779e-05,0.99903774,0.15917969,0.0047640908,-12.906183,-12.915183,-3.699328,90.82737,0.7494639,5.593665e-06,0.009830567359924316,8205.976467132568,90000
27.024899,-0.1686357,-9.179507,0.4569998,1.0,0.9990759,0.20605469,0.004375946,-13.485147,-13.4950695,-3.334294,350.61334,1.9380769,2.8447368e-05,0.7187885,-0.81824565,11.301586,0.99906826,0.20019531,0.004433064,-13.150795,-13.160323,-3.4030218,299.27264,2.1494293,9.539021e-06,33.21354,-0.1901563,-9.178481,0.45674327,1.0,0.9990339,0.18554688,0.004776652,-13.121668,-13.130842,-3.7369118,1220.7616,2.258835,1.1385107e-05,0.9990301,0.15625,0.0048577706,-12.853663,-12.86247,-3.8447175,1830.8063,3.0476725,3.737366e-06,0.009830074787139893,8255.12684226036,95000
30.372324,-0.16003913,-9.133936,0.4456069,1.0,0.9990568,0.20703125,0.0044615027,-13.524046,-13.533866,-3.478837,538.7018,1.228328,2.8893448e-05,2.7469559,-1.7713022,21.752312,0.9990587,0.19726562,0.0044753216,-13.196844,-13.206303,-3.519494,398.5088,1.5733511,7.5049784e-06,33.293823,-0.1805685,-9.212665,0.46528906,1.0,0.9990263,0.18359375,0.0047313035,-13.246389,-13.255718,-3.702528,865.0929,1.7198743,7.824944e-06,0.9990225,0.15722656,0.0047869445,-13.040317,-13.0493555,-3.7947865,454.0702,1.6749854,9.020974e-06,0.012547879123687744,8317.866239309311,100000
30.576317,-0.18009531,-9.165693,0.45354614,1.0,0.9990654,0.22558594,0.004470844,-13.478039,-13.487837,-3.453349,324.93344,1.5084784,3.4844056e-06,0.6827481,-0.5538228,11.7705555,0.99906445,0.203125,0.0045417086,-13.217253,-13.226721,-3.5307624,123.949455,1.0423837,1.7861496e-05,33.564163,-0.20580077,-9.183469,0.45799017,1.0,0.9990282,0.17382812,0.004704248,-13.301092,-13.3105345,-3.6409874,1927.1509,2.1023674,6.878708e-07,0.99903107,0.15917969,0.004797841,-13.075355,-13.084493,-3.7263012,240.13167,1.2957463,4.4558155e-06,0.2502295210838318,9569.013846158981,105000
30.735756,-0.20350382,-9.185095,0.45839658,1.0,0.9990654,0.22460938,0.0044002794,-13.684538,-13.694575,-3.4167795,262.05838,1.0730622,4.457199e-05,0.891874,-0.71690357,14.599361,0.99906635,0.20410156,0.004428575,-13.4970455,-13.506859,-3.458819,205.51962,0.9870032,8.0563026e-05,41.018806,-0.18436036,-9.197601,0.4615231,1.0,0.99903965,0.18164062,0.0047654584,-13.434833,-13.444379,-3.66849,1244.2479,1.8721027,6.591508e-06,0.9990406,0.17089844,0.004799335,-13.279108,-13.288426,-3.7458725,82.40805,0.6606184,6.584703e-06,0.016646777105331422,9652.24773311615,110000
30.172667,-0.18833983,-9.131893,0.44509643,1.0,0.9990511,0.20898438,0.0044492017,-13.41753,-13.427259,-3.4646397,205.38698,0.7623162,1.3905693e-05,0.87279797,-0.69725263,15.938306,0.9990511,0.18945312,0.004492959,-13.103041,-13.112409,-3.520985,461.94492,1.1798227,2.1999454e-05,31.30489,-0.1771735,-9.170748,0.45480996,1.0,0.99904156,0.17871094,0.0047166934,-13.554359,-13.564092,-3.598835,4564.797,6.678041,5.192641e-06,0.99903774,0.16699219,0.004781851,-13.221792,-13.231097,-3.7019818,196.22418,1.3226032,4.0707396e-06,0.013108525514602662,9717.790362596512,115000
27.242525,-0.17800686,-9.161327,0.45245504,1.0,0.9990597,0.22265625,0.004386007,-13.613327,-13.623344,-3.365283,202.18231,1.1888752,3.8486587e-06,0.8860951,-1.2322755,13.676395,0.9990587,0.19726562,0.004433847,-13.383139,-13.392906,-3.3910334,228.83748,1.3237076,5.4133074e-05,36.331345,-0.21522385,-9.16916,0.454413,1.0,0.9990368,0.19433594,0.004705129,-13.644079,-13.653957,-3.5383968,8435.386,7.1764374,1.4965105e-06,0.99902344,0.16113281,0.0047293063,-13.467026,-13.476684,-3.5881526,452.74573,1.8509126,3.392975e-06,0.009853772258758544,9767.059225320816,120000
32.795216,-0.20125031,-9.18736,0.45896295,1.0,0.9990616,0.20703125,0.004414606,-13.549284,-13.559204,-3.4009278,459.56152,1.2358352,1.5184e-05,1.0420692,-0.91526496,16.417002,0.9990568,0.17675781,0.0044919653,-13.174966,-13.184456,-3.466526,273.98553,1.1153733,2.2052387e-05,29.783245,-0.23922141,-9.183727,0.45805493,1.0,0.9990406,0.17480469,0.004733284,-13.378066,-13.387553,-3.6723156,2916.1174,2.7317827,1.3429911e-05,0.9990425,0.16601562,0.0047473237,-13.0759945,-13.085134,-3.7271428,134.72426,0.75950944,1.4033868e-05,0.01341358618736267,9834.12715768814,125000
30.215925,-0.21688809,-9.1890545,0.4593864,1.0,0.9990549,0.22167969,0.004382667,-13.357262,-13.3670225,-3.3722587,298.5416,1.6408844,1.095597e-05,1.483642,-1.2757459,17.394184,0.99905777,0.20507812,0.0044291504,-13.190567,-13.200133,-3.4040499,330.57867,2.1536283,5.6221408e-05,34.461334,-0.18263908,-9.205067,0.4633897,1.0,0.9990368,0.16699219,0.0048479987,-13.245076,-13.254253,-3.8563554,715.21466,1.3570778,4.4575618e-06,0.999033,0.15625,0.0048600906,-13.083071,-13.0920515,-3.8951998,507.84045,1.0790302,1.509535e-05,0.016561154794692994,9916.932933092117,130000
28.144901,-0.21768358,-9.189194,0.4594214,1.0,0.9990463,0.20996094,0.0045115734,-13.556429,-13.566298,-3.460796,1333.799,2.7040105,2.2044533e-06,0.68659526,-1.1075771,11.55895,0.9990406,0.18164062,0.0045939637,-13.351809,-13.361425,-3.513485,247.65836,1.1566144,3.2754947e-06,35.22872,-0.19760191,-9.151025,0.44987923,1.0,0.9990368,0.1875,0.0047478853,-13.570092,-13.579748,-3.691533,15608.411,9.637175,1.12595935e-05,0.9990301,0.16796875,0.004791507,-13.35613,-13.365517,-3.7533326,4438.6504,6.02267,6.7693354e-06,0.016418069124221803,9999.023280620575,135000
33.495544,-0.21072248,-9.129031,0.44438073,1.0,0.999053,0.21875,0.004387417,-13.4942875,-13.504127,-3.427558,378.63458,1.2067008,1.121972e-05,1.2230216,-1.6666751,18.068052,0.9990511,0.20703125,0.0044490956,-13.22755,-13.237071,-3.4881434,81.64309,0.6829673,2.4689023e-05,31.90532,-0.2202483,-9.168682,0.45429358,1.0,0.99903107,0.16503906,0.0047871107,-13.654461,-13.664109,-3.7843065,1283.5321,2.2780418,1.0696099e-06,0.9990301,0.15722656,0.0048044743,-13.319817,-13.3291,-3.822546,241.53983,0.72309464,2.400082e-07,0.016079113006591796,10079.418847560883,140000
29.477158,-0.24423425,-9.149021,0.44937825,1.0,0.99906063,0.21386719,0.004442444,-13.77338,-13.783497,-3.424232,392.8897,2.0981126,1.5057536e-05,0.55928004,-0.6939357,13.048911,0.9990597,0.19628906,0.0044905264,-13.438384,-13.448151,-3.4482245,1244.0847,5.0509434,4.986364e-05,34.14895,-0.24436885,-9.187279,0.45894277,1.0,0.9990282,0.19042969,0.0046466524,-13.587446,-13.597191,-3.6197033,619.3106,1.6963072,3.7455761e-06,0.9990263,0.17773438,0.004702742,-13.176895,-13.1862135,-3.6440213,957.0566,2.0372128,1.0986673e-06,0.01623992896080017,10160.61849451065,145000
34.584213,-0.1806293,-9.153831,0.45058042,1.0,0.99906445,0.22753906,0.0043089297,-13.761457,-13.771652,-3.3315387,534.7576,0.9935007,1.5921076e-05,1.1462086,-1.2149248,16.411177,0.99906445,0.20898438,0.0043584136,-13.454721,-13.464555,-3.396257,193.68967,0.90546364,2.6593103e-05,31.282145,-0.24119851,-9.186941,0.45885807,1.0,0.99902344,0.18261719,0.004684356,-13.7448435,-13.754777,-3.582995,1318.4891,3.103914,2.8701602e-06,0.9990158,0.16308594,0.0047455253,-13.431408,-13.440966,-3.6539364,121.20132,0.9502851,7.22934e-07,0.020023506164550783,10260.736027240753,150000
26.581516,-0.20957315,-9.167993,0.4541211,1.0,0.9990654,0.23144531,0.0043417616,-13.713912,-13.724032,-3.3613677,342.86523,1.0439641,4.738077e-06,1.3858318,-3.0854244,18.977736,0.9990654,0.21484375,0.0043875766,-13.433678,-13.443474,-3.4128137,257.8558,0.9281489,7.632531e-05,41.11344,-0.1679163,-9.205767,0.4635646,1.0,0.99902916,0.18261719,0.004689284,-13.613537,-13.62328,-3.6458755,345.55307,0.99750555,1.1127153e-05,0.99903107,0.16699219,0.0047361883,-13.291731,-13.301074,-3.7330282,306.43805,0.9387003,3.8415026e-05,0.3190341558456421,11855.906809091568,155000
31.149242,-0.20043859,-9.177092,0.45639592,1.0,0.99906445,0.23046875,0.0044468744,-13.874518,-13.884682,-3.4776454,223.9468,1.0844667,7.929672e-06,0.83678514,-0.6463177,14.004679,0.9990635,0.20605469,0.0045312745,-13.61032,-13.62012,-3.5856035,251.85605,0.87400603,1.4763622e-05,31.819689,-0.25328833,-9.188395,0.45922175,1.0,0.999033,0.18359375,0.0046520494,-13.76613,-13.776097,-3.570631,5290.6187,3.6214433,2.825517e-06,0.999033,0.171875,0.0046720076,-13.516518,-13.526189,-3.6226811,129.16556,0.928372,8.700632e-06,0.013660490798950195,11924.209264039993,160000
38.548286,-0.16889468,-9.15922,0.4519278,1.0,0.9990711,0.23339844,0.0043687117,-13.91868,-13.9289875,-3.3744614,855.10516,1.5015994,6.759307e-05,0.90822756,-0.83408284,17.4604,0.9990692,0.20996094,0.004434237,-13.623287,-13.633242,-3.4388509,169.44426,1.0558604,9.430856e-06,39.509987,-0.17246825,-9.158934,0.4518565,1.0,0.99902916,0.17578125,0.004756318,-13.632051,-13.641778,-3.680972,2070.2024,3.8463356,9.281775e-06,0.999033,0.16113281,0.004801012,-13.283797,-13.2930565,-3.8114638,405.50037,1.1383562,3.268363e-05,0.009890673780441284,11973.662635803223,165000
35.94509,-0.2363691,-9.13081,0.4448255,1.0,0.9990587,0.22070312,0.004398552,-13.789703,-13.799821,-3.4390945,62.600487,0.5018615,6.04991e-05,1.5188864,-2.1212735,19.83672,0.9990568,0.20507812,0.004448054,-13.470872,-13.480639,-3.4778647,67.33782,0.483577,6.759437e-05,30.97306,-0.26612926,-9.22481,0.46832508,1.0,0.99903107,0.19238281,0.0047262246,-13.756847,-13.766685,-3.6927178,794.93005,2.15982,8.702773e-06,0.999032,0.16894531,0.004750993,-13.440002,-13.449506,-3.7176754,579.60126,1.1371872,1.2698909e-05,0.009842550468444825,12022.875389575958,170000
37.141953,-0.20307797,-9.135811,0.4460755,1.0,0.9990654,0.22949219,0.0043692463,-13.679613,-13.689765,-3.2950628,724.4505,1.8405925,2.6532864e-05,2.9417717,-1.3836229,19.07611,0.9990635,0.20605469,0.0044384403,-13.453163,-13.463014,-3.3774617,125.108894,1.2197356,5.1745996e-05,42.26336,-0.22713044,-9.180389,0.45722017,1.0,0.9990425,0.19140625,0.0048047286,-13.537725,-13.547335,-3.7078009,1788.8333,4.874642,6.3410284e-06,0.9990368,0.17089844,0.0048157508,-13.295257,-13.304602,-3.7347498,117.689766,0.9886598,3.5406715e-06,0.015206657552719115,12098.908679008484,175000
37.620834,-0.1562977,-9.224496,0.46824703,1.0,0.9990597,0.23828125,0.0043613864,-13.8136,-13.823856,-3.320924,523.70605,1.2739153,2.7277614e-05,0.9128098,-1.2790136,19.461597,0.9990597,0.2109375,0.004405684,-13.520536,-13.530425,-3.404734,85.46262,0.87739503,1.3431883e-05,39.41445,-0.20665736,-9.183095,0.4578966,1.0,0.99904156,0.19433594,0.0047356673,-13.52475,-13.53439,-3.6625073,1507.6097,2.6677818,1.0641375e-07,0.9990387,0.16796875,0.0047795894,-13.240588,-13.249856,-3.7594247,227.92967,0.7061733,2.0121269e-07,0.016658264112472534,12182.200006008148,180000
33.784622,-0.18982038,-9.147159,0.4489127,1.0,0.9990692,0.2265625,0.004367347,-13.863713,-13.874003,-3.3375468,442.9005,1.6407399,1.7451363e-05,0.7611074,-0.56398684,13.940502,0.9990549,0.20800781,0.0044229142,-13.508973,-13.518851,-3.4032288,262.24036,1.7286742,1.1319914e-06,33.906662,-0.18590364,-9.185885,0.45859426,1.0,0.9990387,0.17871094,0.004746422,-13.698255,-13.708018,-3.7098913,1751.5509,2.4435844,4.319993e-06,0.9990368,0.1484375,0.0047615925,-13.3186655,-13.328011,-3.758803,490.59604,1.462502,1.5996525e-06,0.016495912313461304,12264.679569005966,185000
26.38456,-0.2327832,-9.184734,0.45830637,1.0,0.9990549,0.20996094,0.0043774047,-13.723785,-13.733902,-3.3751209,125.47776,0.9073105,1.509846e-05,1.3246093,-2.1183584,14.416843,0.9990549,0.1953125,0.00442072,-13.448353,-13.458165,-3.4095714,265.25214,1.1845311,6.500276e-05,37.47873,-0.22961324,-9.1982765,0.46169204,1.0,0.9990454,0.19628906,0.004642334,-13.774862,-13.784817,-3.5932226,1434.362,2.6082537,1.7178519e-06,0.99904346,0.1640625,0.004726555,-13.465391,-13.47496,-3.6763368,374.04727,1.2806246,1.5227679e-05,0.016420739126205446,12346.783269405365,190000
27.432579,-0.22175582,-9.175361,0.45596308,1.0,0.999053,0.24023438,0.004392948,-13.66266,-13.672703,-3.3893442,293.41745,1.0657669,1.9027286e-05,0.66600263,-1.0733501,13.982862,0.9990463,0.22265625,0.0044229124,-13.46846,-13.478283,-3.419437,138.64626,0.8977924,3.8470498e-05,51.303127,-0.17254828,-9.155365,0.45096412,1.0,0.9990206,0.18554688,0.0046511753,-13.928751,-13.938951,-3.4941068,31422.033,33.056934,1.7151475e-06,0.9990206,0.19042969,0.0046623107,-13.66502,-13.67487,-3.5894718,633.4221,2.1458726,1.3974769e-05,0.017237919330596922,12432.972867488861,195000
33.725163,-0.18443224,-9.175933,0.45610622,1.0,0.99906445,0.23828125,0.004344535,-13.767461,-13.777648,-3.3457084,378.55423,1.3926818,7.5175003e-06,1.2342321,-1.1790551,18.725323,0.9990635,0.22558594,0.0043921433,-13.46656,-13.476404,-3.3972359,183.23984,1.140989,7.78628e-06,34.88494,-0.22142106,-9.172856,0.45533693,1.0,0.9990339,0.19433594,0.004651149,-13.850016,-13.86007,-3.5644002,887.3914,2.5899005,7.1206578e-06,0.9990368,0.18847656,0.004706257,-13.543022,-13.552692,-3.6504114,508.5774,1.5457785,2.7451497e-05,0.02265841603279114,12546.264951944351,200000
30.927301,-0.20178756,-9.176264,0.4561888,1.0,0.99904346,0.21972656,0.004400712,-13.569098,-13.578981,-3.459759,496.15494,0.8469181,2.6854483e-05,0.8365509,-1.2007867,13.98328,0.9990463,0.19628906,0.0044608517,-13.33457,-13.344177,-3.5062914,476.6854,0.9844814,3.683976e-05,35.84344,-0.22414823,-9.176146,0.4561594,1.0,0.9990425,0.18945312,0.004643445,-13.755924,-13.765791,-3.6623182,555.0094,1.4981899,1.5267398e-06,0.99903774,0.16699219,0.0046988395,-13.45349,-13.46299,-3.735474,2265.3809,3.1467514,2.360746e-05,0.30597290515899656,14076.129482746124,205000
32.511345,-0.22263053,-9.176684,0.45629412,1.0,0.9990654,0.22363281,0.0043938467,-13.869684,-13.879903,-3.4150524,365.47678,1.1719944,2.6076732e-05,1.8361434,-0.67401385,17.193401,0.99906635,0.18945312,0.0044407146,-13.602659,-13.612579,-3.4541736,104.15367,1.0078135,3.4830837e-06,35.607876,-0.18148759,-9.139227,0.4469298,1.0,0.9990444,0.18554688,0.0047566365,-13.635355,-13.644997,-3.7718208,1785.2815,3.468597,2.328844e-06,0.9990444,0.16210938,0.004789926,-13.371144,-13.380488,-3.8119586,577.41296,2.2316952,2.890553e-06,0.016691058444976807,14159.584777832031,210000
34.940353,-0.20319131,-9.165915,0.4536016,1.0,0.9990568,0.2265625,0.0044045975,-13.872783,-13.883053,-3.366063,204.38889,1.045043,7.3012394e-05,1.7420082,-0.9249501,19.024162,0.99905586,0.20898438,0.0044357395,-13.619305,-13.62926,-3.4348128,150.54984,0.9658227,6.166146e-05,39.35978,-0.24690846,-9.165453,0.4534861,1.0,0.99903774,0.18164062,0.004712449,-13.90724,-13.917299,-3.6165218,543.94916,1.8057873,1.4288174e-05,0.9990263,0.16308594,0.004760635,-13.673524,-13.683279,-3.6931877,576.2679,1.5347586,2.8212223e-06,0.016629134273529054,14242.73045182228,215000
32.59456,-0.1861866,-9.1823635,0.45771393,1.0,0.9990692,0.24609375,0.0043719998,-14.060366,-14.070846,-3.3408494,185.42192,1.0842078,4.1951487e-05,1.0855793,-1.2811325,16.45716,0.99906826,0.21386719,0.004431166,-13.83168,-13.841874,-3.402917,135.67795,0.93885714,4.434816e-05,38.474815,-0.19469497,-9.16884,0.45433292,1.0,0.9990406,0.17578125,0.0046751974,-13.53668,-13.546363,-3.6305335,1411.9467,1.5786959,3.2287026e-05,0.9990301,0.16699219,0.0047281934,-13.268516,-13.277835,-3.7348173,119.03778,0.50006175,2.6560001e-05,0.016589080715179443,14325.675856590271,220000
30.295937,-0.21195891,-9.139549,0.44701043,1.0,0.9990587,0.22070312,0.004309494,-13.798877,-13.809147,-3.2930598,389.6415,1.573426,5.736514e-06,3.994532,-1.4778419,23.295406,0.9990568,0.20996094,0.00437981,-13.547596,-13.557539,-3.375812,326.2951,1.7044014,1.04187575e-05,38.944847,-0.19930698,-9.154856,0.45083684,1.0,0.99902725,0.18359375,0.00474709,-13.744951,-13.754776,-3.6929064,6679.9624,5.6252017,7.9413e-07,0.99902725,0.16894531,0.004778402,-13.479483,-13.488973,-3.7707322,293.06604,1.3514081,2.7032331e-06,0.018848486280441286,14419.918291330338,225000
35.689484,-0.21232986,-9.145842,0.44858348,1.0,0.99905777,0.22167969,0.004434078,-13.586103,-13.596041,-3.4185848,337.94742,1.325652,9.2094915e-06,0.7622671,-0.7888678,18.12751,0.9990568,0.21582031,0.0044888332,-13.391134,-13.400822,-3.4811375,348.0172,1.2927587,1.1215666e-05,39.237556,-0.17947543,-9.145042,0.44838354,1.0,0.9990139,0.15527344,0.0047803577,-13.626207,-13.635948,-3.6614275,7914.667,6.1536694,1.3089895e-06,0.9990158,0.14550781,0.004809921,-13.386602,-13.395995,-3.7772713,452.15247,1.2423725,3.9755305e-06,0.023190234994888304,14535.86946797371,230000
35.724236,-0.23087549,-9.17495,0.45586047,1.0,0.99906254,0.21679688,0.0043224315,-14.019878,-14.030347,-3.3113232,218.78128,0.98833567,4.0216414e-06,1.068561,-1.7751728,19.639492,0.99905777,0.20507812,0.004395851,-13.674253,-13.684315,-3.3824162,386.42206,0.92967874,3.940645e-06,35.62055,-0.2252525,-9.130498,0.44474745,1.0,0.9990206,0.1875,0.0046854103,-13.813376,-13.823409,-3.549721,19038.264,12.647719,2.019354e-06,0.9990082,0.16796875,0.004745505,-13.512719,-13.522426,-3.583105,815.1129,2.637424,8.864224e-05,0.023186878108978272,14651.803863048553,235000
38.80312,-0.1833079,-9.168179,0.4541677,1.0,0.99906063,0.23828125,0.0042915028,-13.757097,-13.767326,-3.2917967,206.66568,0.96945083,1.3448662e-05,1.626911,-1.7308694,17.811222,0.99905205,0.22070312,0.004341498,-13.478169,-13.488089,-3.3311756,1629.5474,2.2670631,2.9267314e-05,38.349762,-0.22470418,-9.142662,0.44778836,1.0,0.999033,0.18457031,0.004702657,-13.852281,-13.862319,-3.5817118,1726.4246,2.8390837,4.8589886e-06,0.9990282,0.17871094,0.0047307555,-13.599074,-13.608813,-3.6354744,317.5452,1.354984,8.420028e-06,0.023104778480529786,14767.327757358551,240000
30.70381,-0.1882579,-9.155127,0.45090473,1.0,0.9990597,0.22460938,0.0044273403,-14.128689,-14.139172,-3.4036796,533.3267,2.4571335,3.556386e-05,0.6952559,-0.6939939,14.918611,0.99905777,0.19238281,0.0044522397,-13.963212,-13.973484,-3.4543743,220.94366,1.4187456,2.06352e-05,37.89615,-0.22784436,-9.146076,0.44864196,1.0,0.99901867,0.17773438,0.0047130175,-13.968,-13.9781685,-3.5669906,491.91788,2.0737433,5.4042725e-06,0.99902534,0.17480469,0.0047316593,-13.692837,-13.702658,-3.645733,458.28226,1.3709197,6.5757167e-06,0.023128055906295776,14882.96803855896,245000
36.26749,-0.24051186,-9.134413,0.44572607,1.0,0.99906063,0.22949219,0.004416476,-13.899336,-13.909581,-3.4169812,612.5334,1.2383122,3.4869852e-06,1.0494411,-1.1712176,18.951923,0.9990597,0.21289062,0.0044426285,-13.622941,-13.632914,-3.4199224,282.0241,1.3416698,1.8923956e-05,38.58329,-0.2465667,-9.126854,0.44383633,1.0,0.99903965,0.18652344,0.004689132,-13.699902,-13.70972,-3.6558895,919.2958,1.4736812,3.0865856e-06,0.99903107,0.171875,0.0047320863,-13.412648,-13.422118,-3.7243524,711.36005,1.359613,7.94291e-06,0.02385706901550293,15002.253389596939,250000
35.641792,-0.23540643,-9.197829,0.46158037,1.0,0.99906254,0.21289062,0.00433942,-13.978698,-13.989097,-3.3408108,205.73613,1.0519693,3.8991744e-05,2.6753573,-0.85027885,22.75081,0.9990635,0.20703125,0.0043596425,-13.682844,-13.692914,-3.3828614,202.10501,0.9852879,3.7264275e-05,36.548805,-0.2810883,-9.166304,0.45369872,1.0,0.99902725,0.18359375,0.0046649594,-13.923396,-13.933559,-3.5251448,7388.511,7.523368,9.815647e-07,0.9990158,0.16992188,0.0047140582,-13.619981,-13.629813,-3.5614183,207.71877,1.8830874,5.417185e-07,0.029825819206237794,15151.382487535477,255000
36.210876,-0.21061574,-9.170186,0.45466942,1.0,0.9990673,0.21191406,0.0043453323,-14.049823,-14.060299,-3.3320782,238.62985,1.1712766,2.1337662e-06,1.3338174,-1.3361428,18.633585,0.9990616,0.19628906,0.004405604,-13.8836355,-13.893904,-3.3791192,159.09839,1.0760332,2.8868285e-06,44.87171,-0.21813491,-9.184746,0.45830953,1.0,0.9990454,0.18652344,0.004700786,-13.885057,-13.895038,-3.6763978,474.62915,1.5788519,2.7601283e-07,0.9990492,0.16699219,0.004724405,-13.625797,-13.635467,-3.7346287,60.858063,0.5052932,1.0216464e-06,0.029177191162109376,15297.268445014954,260000
31.595058,-0.21339396,-9.156593,0.45127133,1.0,0.99906635,0.21679688,0.004407226,-13.9329815,-13.943254,-3.4246714,560.1107,1.4290339,1.5082457e-05,1.3760002,-0.6980483,14.43927,0.99906445,0.20410156,0.004425463,-13.697472,-13.707512,-3.4259343,360.2006,1.8924925,4.8669313e-05,30.549192,-0.2943384,-9.150428,0.44972992,1.0,0.99903774,0.18359375,0.0047378936,-13.802122,-13.811988,-3.707702,309.81143,1.2077949,6.3434993e-07,0.99904156,0.17675781,0.004772312,-13.541145,-13.550756,-3.7098525,200.695,1.3714583,2.6508947e-06,0.02307616319656372,15412.649264335632,265000
26.012796,-0.24572854,-9.151346,0.4499594,1.0,0.9990473,0.22265625,0.004423893,-13.785799,-13.795905,-3.4465938,305.8712,0.841239,8.750923e-07,0.9544663,-0.79732144,12.1868,0.99905014,0.21386719,0.0044489186,-13.537982,-13.547816,-3.47707,217.3934,1.1609453,1.5246352e-05,38.645134,-0.19719785,-9.164803,0.45332342,1.0,0.9990301,0.19433594,0.0047180075,-13.824439,-13.834408,-3.6263099,8762.968,7.3861938,4.1987446e-06,0.999032,0.17578125,0.004754088,-13.576895,-13.586538,-3.7117643,176.66418,0.9924015,3.6346552e-07,0.026181232643127442,15543.555428981781,270000
33.57276,-0.20758723,-9.15948,0.45199287,1.0,0.99907017,0.22949219,0.0043274546,-14.071882,-14.082417,-3.293892,207.48772,1.4312881,5.1885418e-06,1.0133123,-1.2696161,17.40233,0.99906635,0.22265625,0.0043411003,-13.755403,-13.7656555,-3.2666798,345.08246,2.017253,4.5489273e-06,42.07196,-0.2149997,-9.178757,0.45681208,1.0,0.99905205,0.20214844,0.0046478743,-13.802864,-13.812802,-3.63541,3494.9949,3.3286858,3.9003107e-06,0.99904346,0.17285156,0.0047250176,-13.511466,-13.521051,-3.7066097,62.30023,0.603901,8.892596e-07,0.026238684368133546,15674.748855829239,275000
29.940798,-0.23729183,-9.194685,0.4607944,1.0,0.9990721,0.23339844,0.004293369,-14.186615,-14.197271,-3.285138,290.7015,1.5701323,1.1637448e-05,0.8418124,-1.3710294,17.915657,0.9990673,0.22558594,0.004331603,-13.796288,-13.806556,-3.2931747,400.83365,1.8254124,8.882202e-06,40.70202,-0.2150687,-9.17067,0.45479023,1.0,0.99902534,0.1640625,0.0048083533,-13.863073,-13.872996,-3.7120054,4504.053,6.843245,1.1662163e-06,0.99902153,0.14453125,0.004825357,-13.573609,-13.583213,-3.750733,344.08606,1.3958771,1.3069587e-06,0.02647026767730713,15807.100195884705,280000
25.387535,-0.24345663,-9.178249,0.45668536,1.0,0.9990654,0.22851562,0.0043462515,-13.972152,-13.982553,-3.3317099,1629.0378,2.3773053,6.290509e-05,0.95956594,-0.8460758,12.977065,0.9990616,0.20703125,0.0044119633,-13.750572,-13.760715,-3.3743963,459.02716,1.7923493,8.669208e-06,31.117542,-0.30915928,-9.187713,0.4590511,1.0,0.9990339,0.171875,0.004707422,-13.788195,-13.798128,-3.6268976,378.73212,1.2490937,4.0590166e-06,0.9990282,0.15917969,0.004719457,-13.519598,-13.529263,-3.633595,253.97679,0.8076656,1.3123576e-05,0.026623328495025633,15940.216841220856,285000
36.54476,-0.18811142,-9.143915,0.4481019,1.0,0.9990587,0.22265625,0.004381409,-13.883152,-13.893458,-3.3403103,285.30838,1.0444653,2.0027471e-06,1.128587,-3.3764567,21.60083,0.99905777,0.21875,0.004401497,-13.691509,-13.701595,-3.3725095,171.86652,0.9559537,5.029128e-06,40.15723,-0.22086884,-9.172961,0.4553631,1.0,0.9990339,0.18652344,0.0047462997,-13.862415,-13.872378,-3.6704755,1901.8518,2.5462942,1.35664e-05,0.9990339,0.16796875,0.004796624,-13.642658,-13.652314,-3.7634473,70.95933,0.67757004,6.6422485e-06,0.027136444902420044,16075.899067401886,290000
28.447159,-0.21286206,-9.15653,0.45125553,1.0,0.9990549,0.21582031,0.004373775,-13.87059,-13.880899,-3.3243299,136.79425,0.81344724,4.0729316e-05,0.8258836,-0.6876191,13.403011,0.99905205,0.21484375,0.0044007488,-13.703157,-13.713263,-3.3651264,74.17159,0.64228797,3.3116048e-05,32.963345,-0.2564222,-9.16851,0.45425057,1.0,0.99902344,0.19238281,0.0046764156,-13.789463,-13.799499,-3.5227854,1867.1802,3.0527864,3.569224e-06,0.99902153,0.18164062,0.0046642213,-13.559574,-13.569344,-3.564112,143.64423,1.2023505,2.3592324e-06,0.029558365297317504,16223.690895557404,295000
33.439293,-0.2296496,-9.160305,0.45219922,1.0,0.9990587,0.23046875,0.0043872944,-13.961721,-13.972058,-3.3865018,125.81993,0.85842216,3.4921854e-05,0.88207185,-1.5150028,17.854288,0.9990549,0.20019531,0.0044255527,-13.711638,-13.721713,-3.4050536,111.48187,0.95235497,5.4917367e-05,36.147152,-0.22880864,-9.150948,0.44985998,1.0,0.9990444,0.1796875,0.004703181,-13.784525,-13.794425,-3.6557317,372.32758,1.8008113,7.827287e-06,0.9990425,0.17675781,0.004738363,-13.553049,-13.562698,-3.6816397,168.63733,1.4586405,4.9832424e-06,0.029714070129394532,16372.261247873306,300000
40.671104,-0.17344475,-9.142223,0.44767877,1.0,0.99906254,0.25976562,0.004286023,-14.153427,-14.164078,-3.2576256,148.9902,1.5163742,3.2336236e-05,1.0983872,-1.7301666,19.902063,0.99906445,0.21777344,0.0043530934,-13.89147,-13.901801,-3.3214905,220.45041,1.5653746,3.3004875e-05,34.90123,-0.25261235,-9.188869,0.4593404,1.0,0.99901295,0.20507812,0.004704484,-13.895407,-13.905501,-3.5675871,2035.4926,2.6278179,7.924502e-06,0.99900436,0.17382812,0.0047742035,-13.681731,-13.691548,-3.638319,4092.8608,5.3133736,3.0987223e-06,0.34114484529495237,18077.98547720909,305000
29.452688,-0.2461907,-9.1917305,0.4600555,1.0,0.9990587,0.22949219,0.0043274937,-13.97784,-13.988287,-3.2922618,252.96625,1.4806104,1.19548495e-05,0.6005307,-0.7743975,14.28557,0.99905586,0.21191406,0.004385584,-13.663439,-13.673484,-3.3870811,74.59046,0.7987803,6.184258e-06,45.050125,-0.22882,-9.232435,0.47023195,1.0,0.9990387,0.21777344,0.004623442,-13.884236,-13.894365,-3.5221615,539.8335,2.0082777,5.487818e-06,0.9990406,0.20117188,0.0046425723,-13.529132,-13.538847,-3.5914924,682.3194,2.2823896,1.5749056e-07,0.016561846685409547,18160.79471373558,310000
35.30153,-0.21211495,-9.131842,0.4450834,1.0,0.999053,0.21386719,0.0043151826,-14.0114,-14.021851,-3.3213358,82.66627,0.6446836,4.2455695e-06,0.9576528,-0.95561373,17.931631,0.99905586,0.203125,0.0043619704,-13.789307,-13.799508,-3.3545074,130.89024,0.9257693,5.975875e-05,36.009483,-0.23427403,-9.167059,0.45388773,1.0,0.9990206,0.15429688,0.0048190933,-13.913468,-13.923438,-3.7138581,804.0071,1.9101865,8.146472e-07,0.99901485,0.14746094,0.004870305,-13.669318,-13.679011,-3.7536592,779.3488,2.2805867,1.2094802e-05,0.016488851881027222,18243.238974571228,315000
32.774345,-0.20109095,-9.159128,0.45190495,1.0,0.99906254,0.22558594,0.004372239,-14.18317,-14.193741,-3.3694181,604.80396,1.4189355,6.356098e-06,0.7740471,-0.5765083,14.756336,0.99906063,0.20214844,0.0044616386,-13.859919,-13.870095,-3.448896,221.88438,1.4933147,1.3838447e-05,33.468117,-0.2511293,-9.177047,0.45638472,1.0,0.9990349,0.18554688,0.004652882,-14.051142,-14.0613575,-3.600512,619.34814,1.6865608,2.6291843e-06,0.999033,0.17773438,0.0046935184,-13.681463,-13.691282,-3.63811,149.56313,0.9288602,4.2203474e-06,0.015704008102416993,18321.759016275406,320000
30.11532,-0.256885,-9.140415,0.4472268,1.0,0.9990654,0.25878906,0.0042723306,-14.187847,-14.19854,-3.2478209,245.9682,1.1125383,2.6943215e-05,1.1839978,-1.6219802,17.485977,0.9990673,0.22460938,0.0043308567,-13.91868,-13.929067,-3.2931018,95.92537,1.2133081,1.5696156e-05,33.516922,-0.23542792,-9.187707,0.45904964,1.0,0.99903584,0.20117188,0.00461857,-13.798374,-13.808346,-3.596752,24481.262,26.020271,1.1433145e-05,0.9990387,0.18359375,0.0046486026,-13.527346,-13.536985,-3.6664996,233.16692,0.9401327,2.0258361e-05,0.015399366235733031,18398.75585103035,325000
32.871178,-0.18847883,-9.177808,0.45657498,1.0,0.99906826,0.23535156,0.0043210955,-14.094389,-14.104945,-3.2945664,509.15662,1.6996434,1.6674358e-05,1.0865997,-1.160413,16.475368,0.99906635,0.22460938,0.0043590954,-13.874298,-13.8846,-3.3349998,694.9941,2.3893466,4.815949e-05,41.595383,-0.22014391,-9.154736,0.4508068,1.0,0.999032,0.1875,0.0047587445,-13.798506,-13.808369,-3.708242,316.7653,1.2435801,9.421202e-06,0.99902916,0.15820312,0.004809448,-13.596624,-13.606236,-3.7635307,889.4923,2.6486888,2.4378162e-06,0.015519848108291627,18476.355093479156,330000
27.171846,-0.27185982,-9.112722,0.44030362,1.0,0.9990721,0.22753906,0.004368739,-14.248823,-14.259456,-3.373057,954.78156,1.5720639,5.4724234e-07,1.3176745,-1.3150725,17.935707,0.9990759,0.21191406,0.004422596,-13.956768,-13.967102,-3.3846092,1828.6321,3.143669,2.139892e-06,38.723915,-0.23590067,-9.181282,0.4574435,1.0,0.9990339,0.20996094,0.004582988,-14.132008,-14.142439,-3.4610813,234.04826,1.4652789,1.7834669e-05,0.9990225,0.19726562,0.004675689,-13.789343,-13.799373,-3.529074,2278.7698,4.4790134,1.3780467e-06,0.015822515153884886,18555.46767091751,335000
42.71041,-0.17104718,-9.115871,0.4410906,1.0,0.99906635,0.23925781,0.004263349,-14.124002,-14.13464,-3.2418299,218.71577,1.0794206,3.2752102e-06,1.0720224,-1.1941233,21.476202,0.99906445,0.22167969,0.004310153,-14.021774,-14.032265,-3.2893968,97.27011,1.0879905,5.502486e-06,30.250818,-0.26532856,-9.220756,0.4673117,1.0,0.9990368,0.17382812,0.0047513396,-13.78694,-13.796747,-3.7546299,526.89496,1.1458707,8.045798e-07,0.9990339,0.15234375,0.0047940463,-13.596172,-13.6057625,-3.7855144,136.22113,0.8316967,9.1642187e-07,0.01618558449745178,18636.39559698105,340000
29.62194,-0.24558863,-9.186349,0.45871013,1.0,0.99906445,0.22851562,0.00434231,-14.229561,-14.240221,-3.323902,607.9452,1.8117311,3.9267776e-05,1.0582173,-1.5487478,17.409698,0.9990587,0.21386719,0.00440808,-13.985064,-13.995414,-3.3970923,500.92166,1.9517536,4.4662236e-05,36.85968,-0.24620984,-9.1454525,0.44848597,1.0,0.9990406,0.17773438,0.0047801165,-13.909258,-13.919204,-3.7342758,575.6,1.3543333,8.690097e-07,0.99903774,0.17089844,0.004788707,-13.711477,-13.721218,-3.74795,329.13745,1.2924906,1.7270277e-06,0.016864760303497314,18720.719400167465,345000
35.1009,-0.26134148,-9.144251,0.44818568,1.0,0.9990673,0.234375,0.0043073585,-14.115916,-14.126492,-3.2977357,276.30182,1.2336897,2.7587232e-05,1.4341096,-3.5841708,23.075153,0.9990587,0.21386719,0.0043939888,-13.874017,-13.884278,-3.3754659,508.7431,2.0540648,6.1939613e-06,38.150078,-0.21646559,-9.126545,0.44375914,1.0,0.99904156,0.16503906,0.0048546023,-13.668378,-13.678001,-3.823647,293.60065,1.0274136,6.863515e-08,0.9990349,0.16113281,0.004904109,-13.443798,-13.453125,-3.9014847,132.02292,0.6412636,6.2081097e-07,0.022789856672286987,18834.668684720993,350000
32.91749,-0.25941294,-9.15695,0.4513605,1.0,0.9990587,0.27246094,0.0042185523,-14.267728,-14.278518,-3.2297087,288.1066,0.9730398,2.7384296e-05,2.3170013,-1.7603916,21.97445,0.99906254,0.23339844,0.0042694714,-14.029145,-14.039668,-3.2647424,198.2814,0.8371378,5.064632e-05,31.074545,-0.2363509,-9.188224,0.45917875,1.0,0.99903584,0.203125,0.004704201,-13.877274,-13.887217,-3.7055154,558.09283,1.2135632,3.7329635e-06,0.99903584,0.17089844,0.004748356,-13.678253,-13.687939,-3.7687807,164.47865,0.73990476,1.3988231e-06,0.022993066215515136,18949.63401699066,355000
27.315342,-0.20149064,-9.12809,0.4441457,1.0,0.99905396,0.23339844,0.0042831264,-14.095121,-14.10569,-3.283599,155.34575,1.1594878,9.4282266e-05,2.000685,-3.210775,20.897532,0.9990549,0.21386719,0.0043423916,-13.908609,-13.91891,-3.3710737,155.31792,1.0465478,7.221479e-05,30.900108,-0.2336442,-9.174679,0.45579278,1.0,0.99902153,0.17285156,0.0048210947,-13.9148245,-13.924806,-3.7050657,749.7487,2.8212805,2.4016972e-06,0.9990206,0.15820312,0.0048355027,-13.693625,-13.703314,-3.7818718,520.4133,1.8200883,4.1579924e-06,0.02300083417892456,19064.638191461563,360000
32.613594,-0.2043455,-9.123787,0.44306946,1.0,0.99907017,0.24707031,0.0043077525,-14.301741,-14.312465,-3.3302207,200.34677,1.0585723,1.1385053e-05,1.381454,-0.77632403,16.96745,0.9990673,0.23925781,0.004342784,-14.015413,-14.025817,-3.3719697,113.98853,0.83854544,3.2280685e-05,39.46051,-0.22608119,-9.168692,0.4542958,1.0,0.99903584,0.19335938,0.0046147644,-13.9086075,-13.918704,-3.5799398,13931.308,8.789025,4.458004e-08,0.9990387,0.18945312,0.0046355156,-13.681775,-13.69159,-3.6399589,223.67647,1.2448714,7.0879844e-07,0.021240486478805543,19170.84062886238,365000
35.430832,-0.19004296,-9.170523,0.45475394,1.0,0.9990635,0.24902344,0.0042259684,-14.265927,-14.276738,-3.2067099,880.2716,1.5761034,1.5888252e-05,0.95753175,-0.90573674,17.888271,0.9990616,0.234375,0.004268955,-14.021323,-14.031848,-3.255005,423.2878,1.5387323,2.2310098e-05,39.957886,-0.23109746,-9.172296,0.45519677,1.0,0.9990463,0.18261719,0.004708918,-14.07305,-14.083217,-3.6731622,380.90454,1.1893215,3.887204e-07,0.9990406,0.16308594,0.004765643,-13.824081,-13.833923,-3.756156,113.86521,0.65599155,2.2180486e-06,0.020376929569244386,19272.725277900696,370000
32.90681,-0.23233269,-9.173631,0.45553067,1.0,0.9990692,0.24121094,0.0043361997,-14.079451,-14.089996,-3.2915504,429.7265,1.1388626,2.5530035e-05,0.94080627,-1.2611976,17.639317,0.9990654,0.22363281,0.0043781623,-13.865757,-13.876044,-3.342926,311.7572,1.1365752,1.3567178e-05,32.387833,-0.30860525,-9.234749,0.4708102,1.0,0.99902153,0.16894531,0.004770051,-13.869533,-13.879485,-3.6886895,2380.9304,2.6293778,1.1361565e-06,0.999032,0.15039062,0.0048284223,-13.617165,-13.6268015,-3.759181,279.6017,1.2418375,4.9091085e-07,0.02171643805503845,19381.307473421097,375000
29.719997,-0.27070838,-9.140335,0.44720656,1.0,0.99905777,0.23828125,0.004312189,-14.055574,-14.066067,-3.323084,129.69273,0.56907886,3.9079823e-05,0.98518807,-1.1119602,16.051123,0.99905205,0.21191406,0.0043857037,-13.855201,-13.865422,-3.3973498,119.59238,0.70535016,4.237744e-05,41.16892,-0.2103675,-9.159729,0.45205542,1.0,0.9990339,0.18652344,0.004709427,-13.835824,-13.845744,-3.6868412,7640.289,5.3117976,2.4627611e-06,0.99903774,0.18652344,0.0047528064,-13.643157,-13.652815,-3.7622857,381.47748,1.5257294,6.0061593e-06,0.022707263231277464,19494.843793153763,380000
30.92581,-0.25426188,-9.190149,0.4596603,1.0,0.9990692,0.25976562,0.0042141723,-14.201018,-14.211778,-3.1944857,171.81529,1.8658607,8.757962e-05,2.0188074,-1.3052993,19.23116,0.9990673,0.22949219,0.0042880382,-13.916512,-13.926928,-3.2600586,5695.52,7.9201713,6.910815e-05,42.274162,-0.25612742,-9.166204,0.45367402,1.0,0.9990177,0.15820312,0.004842825,-13.762933,-13.772711,-3.7601554,3459.4497,3.1743612,5.1124164e-07,0.999012,0.14648438,0.004878503,-13.507424,-13.51689,-3.8240013,192.45198,1.123607,2.9715097e-06,0.027345704412460328,19631.572318553925,385000
29.059484,-0.2314572,-9.15193,0.45010555,1.0,0.99906826,0.265625,0.0042067207,-14.331982,-14.342898,-3.163969,338.01077,1.4285018,1.3075004e-05,0.64490414,-0.91596454,16.36198,0.99907494,0.23242188,0.0042522782,-14.210448,-14.2212,-3.2112634,654.8964,2.2222028,4.7105743e-05,34.82626,-0.25047117,-9.198977,0.4618673,1.0,0.9990406,0.18652344,0.004690038,-13.989845,-13.99994,-3.6640704,859.7309,1.5968015,2.0802934e-05,0.99903584,0.16601562,0.004742655,-13.755201,-13.764983,-3.7474523,583.3402,1.3411384,3.4100398e-07,0.0297940185546875,19780.542412519455,390000
34.936234,-0.2275768,-9.140162,0.44716352,1.0,0.9990654,0.23925781,0.0042996416,-14.340805,-14.351599,-3.298464,146.048,1.1695035,6.6482185e-06,1.3023016,-0.88747275,18.896584,0.99906254,0.21386719,0.0043660128,-14.027212,-14.037622,-3.3778663,64.26207,1.0010833,2.5507354e-05,43.60949,-0.20503548,-9.175275,0.45594174,1.0,0.9990387,0.19140625,0.0047524893,-14.043782,-14.053915,-3.6780734,751.8044,2.019734,1.03635e-05,0.9990368,0.1796875,0.004799697,-13.800026,-13.809871,-3.7278256,192.04752,1.0073118,1.886003e-05,0.029803034114837645,19929.557584762573,395000
32.13443,-0.23604922,-9.166916,0.45385197,1.0,0.9990778,0.2763672,0.0041857553,-14.491973,-14.503035,-3.1756458,240.54285,1.2681637,9.030107e-06,0.9489814,-0.92756593,17.98689,0.9990759,0.2578125,0.0042303978,-14.334043,-14.344924,-3.2012844,202.14299,1.6300893,2.8052766e-05,34.131405,-0.28419292,-9.1594515,0.45198584,1.0,0.99903774,0.21191406,0.004582823,-14.1021,-14.112448,-3.5167036,3304.7717,2.7788942,8.114549e-07,0.9990339,0.18652344,0.0045949835,-13.981499,-13.991721,-3.525152,975.8867,1.90396,3.4604502e-06,0.029762926959991456,20078.372224330902,400000
32.787483,-0.24740206,-9.19522,0.46092796,1.0,0.9990692,0.24902344,0.0042681545,-14.282023,-14.292814,-3.2432718,1010.37756,2.936329,1.7140741e-05,1.1911365,-2.3677611,20.159662,0.9990616,0.21289062,0.0043297284,-13.986031,-13.996481,-3.2954488,239.49301,1.3193004,5.2962782e-06,28.484346,-0.3012124,-9.142866,0.44783956,1.0,0.999053,0.1796875,0.004628499,-13.983476,-13.993595,-3.631092,730.25604,1.7907636,2.1376065e-05,0.99905396,0.1796875,0.00466696,-13.706078,-13.715906,-3.6518764,173.46921,1.0076548,1.9170137e-05,0.4128531759262085,22142.638109207153,405000
37.469254,-0.17139678,-9.188511,0.45925075,1.0,0.9990597,0.25097656,0.00432603,-14.223869,-14.234545,-3.3024993,377.8578,1.4818743,1.3108796e-06,0.71996105,-0.82815635,17.39744,0.99906445,0.21875,0.004361969,-14.013205,-14.023615,-3.3633537,234.77805,1.1949129,2.4377953e-06,32.962517,-0.2672034,-9.157364,0.45146397,1.0,0.99904346,0.19238281,0.0046349177,-14.037293,-14.047479,-3.6190894,1305.282,3.3407865,1.9166052e-06,0.99903774,0.17675781,0.0046693096,-13.820444,-13.830397,-3.6386425,1284.2013,2.7234645,7.253487e-06,0.015721481561660765,22221.245518684387,410000
32.03459,-0.2025725,-9.176432,0.4562309,1.0,0.9990616,0.21679688,0.004342357,-14.265382,-14.276017,-3.3860402,189.11375,1.0826536,1.8042025e-05,1.0092747,-1.785085,18.345665,0.9990549,0.203125,0.0043956568,-13.987362,-13.997687,-3.4252625,194.70366,1.3624318,3.16568e-05,31.402542,-0.2525186,-9.180981,0.45736808,1.0,0.99904346,0.19042969,0.004729609,-13.871137,-13.881043,-3.7364147,640.5297,1.4502395,1.7847797e-06,0.9990406,0.16992188,0.004791933,-13.629703,-13.639319,-3.7911377,294.65518,1.8899816,2.5978547e-06,0.016029048252105712,22301.39076113701,415000
28.432377,-0.21624541,-9.093418,0.43547732,1.0,0.9990597,0.25683594,0.004189965,-14.126424,-14.137167,-3.135111,849.4113,2.1031253,1.6969876e-05,0.9597931,-0.8404191,14.291801,0.99905586,0.22949219,0.004229307,-14.065879,-14.076524,-3.1761196,1733.7585,2.9005477,4.830233e-06,36.0686,-0.256638,-9.164608,0.45327497,1.0,0.99903774,0.17871094,0.0046805386,-13.971746,-13.981875,-3.6099172,1926.6069,3.3315096,6.7227086e-07,0.9990339,0.16699219,0.0047220914,-13.802175,-13.812093,-3.6558762,722.3267,2.2643359,4.4115204e-06,0.016117296409606935,22381.977244377136,420000
27.650316,-0.23321873,-9.146576,0.448767,1.0,0.99906254,0.22460938,0.0043414934,-14.231247,-14.241955,-3.2783923,4802.585,4.1338735,3.4256856e-05,1.1207228,-0.85460097,14.809957,0.99905777,0.22363281,0.0043944586,-14.017404,-14.027851,-3.3300054,133.65117,1.3423676,2.335774e-05,28.215202,-0.2723214,-9.135322,0.4459535,1.0,0.99903107,0.18261719,0.004770628,-13.773766,-13.783588,-3.7241318,2740.4119,2.0729048,1.5942552e-06,0.9990301,0.17089844,0.004789713,-13.555687,-13.565286,-3.7367153,83.27019,0.7135306,1.490691e-05,0.016173396587371828,22462.84423136711,425000
35.50273,-0.20830822,-9.153217,0.4504272,1.0,0.99906826,0.26367188,0.0042308164,-14.112692,-14.123335,-3.2240481,535.4787,1.2740546,4.7182846e-05,3.656716,-1.019977,21.757263,0.99906635,0.23144531,0.0043037115,-13.855412,-13.865738,-3.2926354,127.042244,1.1577995,1.5733309e-05,34.31237,-0.25711405,-9.145898,0.44859737,1.0,0.9990444,0.19140625,0.0046278555,-13.790518,-13.800451,-3.6290603,623.377,1.3010988,9.639447e-07,0.9990444,0.17285156,0.00468488,-13.597913,-13.607604,-3.6837733,3094.9563,3.8019104,9.5626575e-08,0.016140085792541503,22543.544663906097,430000
34.997887,-0.21444991,-9.102579,0.4377678,1.0,0.999053,0.22363281,0.0043152627,-14.206769,-14.217444,-3.285843,1026.8958,1.7814648,2.1920458e-05,2.2836554,-1.4438863,20.72358,0.99905396,0.22167969,0.004331816,-13.929649,-13.940042,-3.2993298,400.71744,1.3059943,1.7932549e-05,37.212074,-0.2516218,-9.14241,0.44772562,1.0,0.99902916,0.17382812,0.0046608383,-14.068172,-14.078422,-3.5833492,2267.645,3.028139,7.869772e-06,0.99902344,0.18457031,0.004704606,-13.780173,-13.790118,-3.6059124,986.81976,2.7556114,2.029548e-06,0.015957556867599487,22623.332449436188,435000
29.437492,-0.25428662,-9.15642,0.45122793,1.0,0.9990597,0.23144531,0.004390112,-14.320613,-14.33131,-3.3766484,131.93959,1.0283597,8.5429965e-06,0.763824,-1.1651081,15.877867,0.99905777,0.21289062,0.004397612,-14.0379,-14.04833,-3.3668156,141.88205,1.1614069,1.3414948e-05,41.231888,-0.22068259,-9.149894,0.44959646,1.0,0.99902916,0.20117188,0.0047550276,-14.131632,-14.141871,-3.6572304,6252.693,8.372997,4.9264077e-06,0.99902725,0.17773438,0.0048137214,-13.851673,-13.861551,-3.745645,3926.6929,8.7163725,1.0733749e-05,0.01594925751686096,22703.078738451004,440000
33.357864,-0.232395,-9.200593,0.46227127,1.0,0.99906635,0.25878906,0.0042398092,-14.346706,-14.357596,-3.2067163,120.262024,1.0105186,4.972379e-05,1.1675873,-0.78047377,15.749289,0.9990711,0.21679688,0.0043222606,-14.143672,-14.154307,-3.2631564,198.59668,1.1859748,2.1638396e-05,35.462204,-0.26459166,-9.158247,0.4516846,1.0,0.99903584,0.17773438,0.0047743125,-13.993732,-14.003788,-3.7077458,517.4213,1.5854415,6.8087716e-06,0.99903584,0.16015625,0.0048181396,-13.730328,-13.740072,-3.7626128,2306.3909,3.6734865,7.776129e-06,0.015758720684051514,22781.87234520912,445000
32.11207,-0.22684577,-9.114746,0.44080967,1.0,0.99905777,0.22363281,0.0043135574,-14.12904,-14.139612,-3.3131633,185.49196,0.8537637,2.2835486e-05,0.9180214,-1.3331585,16.75013,0.9990568,0.21972656,0.004340579,-13.899984,-13.910316,-3.3301377,77.45183,0.6422968,4.1016985e-05,36.99275,-0.27285552,-9.141688,0.44754493,1.0,0.9990244,0.19335938,0.004696234,-14.235272,-14.245653,-3.61686,1310.397,2.15702,3.8293567e-08,0.99902916,0.17285156,0.0047099465,-14.063114,-14.073338,-3.6044915,614.3065,2.7673879,6.316554e-06,0.015260788631439209,22858.17628955841,450000
35.103306,-0.19104649,-9.138025,0.4466291,1.0,0.9990549,0.22851562,0.004294008,-14.23849,-14.249188,-3.294346,696.56,1.9589219,1.8750578e-07,1.0702024,-0.8861959,20.011696,0.99906254,0.19921875,0.0043686447,-13.892214,-13.90249,-3.3786297,365.13937,1.3639646,3.1776262e-06,47.26965,-0.22165969,-9.21018,0.46466804,1.0,0.999033,0.17675781,0.0047596972,-13.981709,-13.991762,-3.6970537,474.29883,2.2812486,8.784248e-08,0.99903584,0.16210938,0.004803161,-13.707361,-13.717071,-3.775271,273.7058,1.2442104,5.281165e-07,0.016071446561813356,22938.53352379799,455000
32.81109,-0.19881542,-9.123389,0.44297028,1.0,0.999073,0.2529297,0.0042514903,-14.332343,-14.343199,-3.2266192,140.67009,0.9672518,6.3250714e-06,0.99393195,-1.6705432,17.300556,0.9990711,0.23925781,0.0042812983,-14.205791,-14.21649,-3.2620006,86.02985,0.97792745,7.765294e-06,40.921783,-0.21311417,-9.168782,0.45431852,1.0,0.9990368,0.18359375,0.004649386,-13.957487,-13.967631,-3.5820034,1489.1974,2.6663365,4.6497107e-06,0.99903774,0.18359375,0.004699004,-13.756506,-13.766414,-3.6212988,624.2245,2.1572309,3.8797502e-06,0.01710944895744324,23024.080773353577,460000
27.268402,-0.241949,-9.150644,0.44978422,1.0,0.99906063,0.22753906,0.0043354793,-14.236666,-14.247311,-3.3469217,222.93248,0.8313475,3.5347841e-06,1.2014012,-1.0484042,15.770607,0.9990549,0.22558594,0.004342947,-13.952278,-13.962674,-3.31825,262.2789,1.4150703,1.7961082e-05,45.43267,-0.20667171,-9.130001,0.44462323,1.0,0.99902534,0.17285156,0.00470686,-13.932663,-13.94271,-3.653832,28958.627,15.258793,2.4847827e-07,0.9990206,0.16308594,0.004756031,-13.604099,-13.613785,-3.6961985,1911.2494,2.7550693,4.7513335e-05,0.0162513916015625,23105.337733507156,465000
37.440735,-0.21946965,-9.164969,0.4533654,1.0,0.99907875,0.265625,0.0041395896,-14.384281,-14.395339,-3.0730448,160.74637,1.6203704,4.0548322e-05,1.4962826,-1.1296732,23.140932,0.99908066,0.25195312,0.004202745,-14.099934,-14.110646,-3.139886,145.50574,1.5314891,2.4849083e-05,30.72187,-0.2505064,-9.168742,0.45430854,1.0,0.9990339,0.19238281,0.0046856636,-13.721771,-13.7316675,-3.596898,448.73648,1.5404723,1.4445408e-05,0.99903107,0.18066406,0.0047010332,-13.465982,-13.475589,-3.6389356,190.94803,0.83504915,1.7124565e-05,0.016253540515899657,23186.605439662933,470000
36.44,-0.20851642,-9.169255,0.45443696,1.0,0.9990673,0.22851562,0.004360823,-14.318163,-14.3288765,-3.3578837,240.09032,1.2891884,8.174314e-06,1.6265787,-1.2223533,19.533463,0.99906445,0.2109375,0.0043952796,-14.102663,-14.113153,-3.3723066,433.4417,1.3157539,5.452165e-07,40.706535,-0.23048544,-9.201845,0.46258438,1.0,0.99901676,0.17773438,0.004720944,-14.086341,-14.096595,-3.5970497,351.24585,1.5935674,4.0684285e-05,0.99901485,0.15820312,0.0047704168,-13.869311,-13.879272,-3.6784894,507.145,1.5468305,4.1431114e-05,0.019586835241317747,23284.539617538452,475000
36.46344,-0.22515047,-9.1639385,0.45310766,1.0,0.9990568,0.23828125,0.004326337,-14.257313,-14.268003,-3.3206253,286.09402,0.98762214,1.8748417e-05,1.5829595,-1.1274377,20.422,0.9990597,0.21972656,0.004375437,-14.088942,-14.09942,-3.370747,282.7027,1.035923,2.2342185e-05,38.7446,-0.23819771,-9.192967,0.46036476,1.0,0.99901867,0.18847656,0.0046648984,-14.0569725,-14.067243,-3.5503976,398.7504,1.7862254,2.4765156e-06,0.9990177,0.17578125,0.0047247782,-13.948696,-13.958776,-3.6369495,255.23941,1.4006113,4.114615e-07,0.02261181969642639,23397.598717451096,480000
36.351444,-0.21320097,-9.12755,0.44401032,1.0,0.99905777,0.25585938,0.004218634,-14.134886,-14.145566,-3.2084742,232.24614,1.0206013,8.778603e-06,1.650866,-0.81575584,19.277988,0.99905586,0.22949219,0.0042460775,-13.982965,-13.99348,-3.2269106,167.24951,1.4216915,2.9347195e-05,37.062958,-0.25773424,-9.154767,0.45081472,1.0,0.9990225,0.16601562,0.004757086,-13.915159,-13.925172,-3.6716697,511.9705,1.2633412,1.8667915e-05,0.9990263,0.16796875,0.004779515,-13.731711,-13.741521,-3.6963975,447.82245,1.5755565,2.069145e-06,0.022786036205291748,23511.528901815414,485000
34.1214,-0.21784315,-9.1266365,0.44378206,1.0,0.9990759,0.25,0.0042432155,-14.197639,-14.208367,-3.2227468,277.84164,1.4533118,3.6546167e-05,1.3089283,-2.896557,21.87493,0.999074,0.24023438,0.0042787446,-13.916222,-13.926633,-3.2663975,197.78516,1.0921193,6.1915314e-05,39.62892,-0.22310609,-9.149649,0.449535,1.0,0.99903774,0.1796875,0.004652146,-13.887158,-13.897222,-3.5931425,17357.1,11.519269,6.7117066e-06,0.999032,0.16601562,0.0047122203,-13.593109,-13.602851,-3.6280751,2317.1848,6.8774695,4.854751e-06,0.02344249129295349,23628.741359472275,490000
35.797558,-0.20819551,-9.171347,0.4549597,1.0,0.99906635,0.2578125,0.0042352686,-14.018338,-14.028917,-3.1960042,617.55695,1.7071426,9.655369e-06,1.2756186,-1.0120189,22.430946,0.99905586,0.22851562,0.004319285,-13.867147,-13.877483,-3.2943597,112.77893,1.0118313,1.1735906e-05,42.84106,-0.20356104,-9.15875,0.4518103,1.0,0.99902725,0.18457031,0.0046825167,-13.885994,-13.896055,-3.5937185,342.74606,1.8806379,6.326015e-07,0.99901867,0.19433594,0.004741577,-13.747787,-13.757641,-3.6686895,518.52856,1.6890564,3.5860617e-06,0.02975722827911377,23777.527502059937,495000
32.913345,-0.20926397,-9.10137,0.43746534,1.0,0.99905586,0.22558594,0.004331982,-14.219639,-14.230298,-3.3162014,250.87836,1.0865551,7.484212e-05,1.5714492,-1.4375416,17.930944,0.9990492,0.19433594,0.0043915547,-13.939224,-13.949543,-3.3826387,230.5376,1.1935899,6.151017e-05,42.0185,-0.29429534,-9.171097,0.45489705,1.0,0.9990263,0.19238281,0.004726989,-14.251133,-14.261557,-3.5874755,6416.5376,8.364258,6.46989e-07,0.9990177,0.17285156,0.004768259,-14.03957,-14.049735,-3.6407604,1565.8947,3.8167558,1.2594414e-05,0.029710410737991334,23926.079556703568,500000
37.245407,-0.18309,-9.118515,0.44175172,1.0,0.9990778,0.24609375,0.0041499664,-14.52123,-14.532363,-3.1325061,146.56091,1.077508,6.7955356e-05,1.490806,-1.4526703,23.318455,0.99906826,0.2265625,0.0042173155,-14.421572,-14.432511,-3.2297692,97.44819,0.92521167,4.3843527e-05,39.93245,-0.23887882,-9.159304,0.45194888,1.0,0.9990349,0.18457031,0.004695057,-13.936152,-13.946238,-3.618668,27006.803,14.749293,1.2025131e-08,0.9990244,0.16601562,0.0047472706,-13.824324,-13.834243,-3.676485,1713.6913,2.7436266,7.668193e-07,0.4555487274646759,26203.823195934296,505000
36.02027,-0.24443018,-9.139376,0.4469669,1.0,0.99905777,0.22949219,0.0043431213,-14.232862,-14.243559,-3.2914157,434.0502,1.3126978,2.577381e-07,1.6692724,-0.8096966,20.477486,0.9990597,0.20214844,0.004400811,-14.031197,-14.041618,-3.3706253,492.65637,1.4236273,4.8821857e-06,39.43701,-0.21745095,-9.168625,0.4542792,1.0,0.9990368,0.171875,0.0047303177,-13.867754,-13.877718,-3.674716,5645.622,4.4554768,2.1112928e-05,0.9990339,0.16308594,0.00476143,-13.657448,-13.667171,-3.7106738,1412.9718,2.0876582,6.414052e-07,0.015433642530441284,26280.991409540176,510000
32.562378,-0.22527695,-9.111384,0.4399691,1.0,0.99908066,0.2421875,0.0042353463,-14.45425,-14.465279,-3.1735666,742.39355,2.6135333,4.7201167e-05,1.110884,-1.1115489,17.589064,0.9990797,0.21191406,0.0042735413,-14.116258,-14.126915,-3.2131858,709.47656,2.8687387,5.119926e-05,36.16351,-0.2577002,-9.161416,0.45247686,1.0,0.9990301,0.19726562,0.004822063,-14.17185,-14.182174,-3.6114268,448.9049,1.8457978,1.8189349e-08,0.99902534,0.17578125,0.0048891827,-13.778652,-13.7885275,-3.6775613,420.06848,1.8971936,9.951141e-08,0.015362140989303589,26357.802119493484,515000
33.0053,-0.20299137,-9.159532,0.45200598,1.0,0.99906254,0.24707031,0.004229079,-14.316304,-14.327137,-3.2351573,196.50116,0.7175033,1.1598338e-05,1.9393353,-1.6112809,19.212831,0.9990587,0.23339844,0.004301128,-14.103958,-14.114516,-3.3036451,890.96063,1.6057172,1.2100039e-05,35.79365,-0.25086826,-9.142752,0.44781077,1.0,0.9990263,0.18652344,0.0047754003,-14.093758,-14.103949,-3.667507,474.7514,1.4322345,4.796704e-06,0.9990196,0.16308594,0.0048494088,-13.941851,-13.951817,-3.7463005,913.1562,2.1555066,9.972499e-06,0.015492975234985351,26435.26699757576,520000
36.42997,-0.18427768,-9.142086,0.4476445,1.0,0.9990654,0.2548828,0.004241746,-14.356613,-14.367517,-3.2007668,231.14642,1.0859457,1.53436e-05,1.4401033,-1.7369587,19.858393,0.99905586,0.23046875,0.004320184,-14.152935,-14.1635475,-3.2962022,150.82352,1.2009151,1.0645202e-05,36.29403,-0.24388707,-9.1360855,0.44614422,1.0,0.99902916,0.19824219,0.0046710987,-14.139345,-14.149678,-3.5691,1188.8344,2.2793393,4.2240572e-07,0.9990206,0.16015625,0.0046961606,-13.960487,-13.970607,-3.6090803,842.1789,1.5975626,3.2687792e-06,0.015541210460662841,26512.973051309586,525000
32.530273,-0.22198643,-9.138278,0.44669268,1.0,0.99907494,0.24707031,0.004332807,-14.6259365,-14.636982,-3.3269358,171.64963,1.3894448,3.6543835e-05,0.9920078,-0.92157006,15.805481,0.9990692,0.234375,0.0043485956,-14.341063,-14.351803,-3.3527398,272.25912,1.3910894,8.615149e-06,40.665657,-0.26433122,-9.126673,0.44379127,1.0,0.999033,0.18847656,0.004673702,-13.973698,-13.983782,-3.6575568,12891.347,7.501173,3.2974543e-07,0.9990368,0.171875,0.00468856,-13.6904955,-13.700264,-3.6972318,101.1807,0.6135945,1.8643211e-06,0.015852497577667237,26592.235542535782,530000
24.287617,-0.23680423,-9.1047,0.43829796,1.0,0.999074,0.2626953,0.004202189,-14.547123,-14.558253,-3.1608896,419.94128,1.6628695,5.0117096e-06,0.61234844,-0.7401487,10.268639,0.9990797,0.23925781,0.00423514,-14.315216,-14.32609,-3.191039,418.35754,1.6746333,4.36059e-06,35.91813,-0.2552466,-9.15903,0.45188054,1.0,0.99902534,0.19433594,0.004680665,-14.018105,-14.028287,-3.6018023,611.9507,1.6543031,3.943675e-06,0.9990225,0.16503906,0.004742724,-13.73247,-13.742307,-3.6682491,3801.303,4.5078754,7.882172e-06,0.015503631401062012,26669.753700494766,535000
31.53794,-0.23051745,-9.162676,0.45279172,1.0,0.9990568,0.23535156,0.0043614935,-14.234219,-14.244869,-3.3393836,291.1757,1.4662172,2.8604213e-06,1.3724661,-1.1733559,17.4105,0.99905205,0.21679688,0.0044234116,-14.055166,-14.065574,-3.4085631,493.4887,1.8081028,1.3658194e-05,39.4806,-0.26186788,-9.149439,0.44948262,1.0,0.9990301,0.20019531,0.004662767,-14.032259,-14.042507,-3.5500445,3180.157,3.8865864,5.003216e-07,0.9990339,0.18847656,0.0046813856,-13.835197,-13.845249,-3.552909,2489.8477,5.388526,9.243328e-07,0.015418324851989747,26746.845326662064,540000
31.730837,-0.20754203,-9.0920315,0.43513095,1.0,0.9990616,0.26464844,0.0042796666,-14.272463,-14.283194,-3.2936935,361.9338,1.1382545,2.793816e-06,1.716564,-1.1605494,19.769175,0.99906254,0.24511719,0.0043294136,-14.109412,-14.11992,-3.3603382,104.8115,0.9520759,2.7076414e-05,38.2155,-0.25276643,-9.122667,0.4427896,1.0,0.99903774,0.16699219,0.004772719,-13.8584385,-13.868358,-3.7095203,1467.8772,2.485635,5.008439e-07,0.9990387,0.16601562,0.004801109,-13.73797,-13.747709,-3.7755868,145.29836,0.96996564,6.495612e-06,0.015401646614074707,26823.853561639786,545000
29.351458,-0.22763777,-9.1400585,0.4471378,1.0,0.99906635,0.2529297,0.0041924985,-14.482624,-14.493687,-3.1655228,477.0656,1.8307295,1.1556249e-05,1.0733291,-2.4568648,17.568714,0.99906254,0.24316406,0.004230115,-14.217915,-14.228645,-3.2407355,236.83345,1.1461527,5.657912e-06,37.11038,-0.27921632,-9.190697,0.4597972,1.0,0.999032,0.20117188,0.0047096163,-13.962286,-13.972344,-3.671436,2079.7603,2.0444293,5.269141e-07,0.99903107,0.171875,0.0047843084,-13.729977,-13.7397375,-3.7448528,540.23364,1.7111416,8.457974e-06,0.014772459506988526,26897.71586036682,550000
33.34489,-0.22096431,-9.195381,0.4609682,1.0,0.9990759,0.25683594,0.004201494,-14.505781,-14.5168705,-3.1616864,594.97577,2.7103834,7.076101e-06,2.2262459,-1.7415178,21.391026,0.9990692,0.24023438,0.0042694607,-14.224913,-14.235667,-3.2221885,527.70233,3.4251509,6.189843e-05,30.641998,-0.2992504,-9.180958,0.4573623,1.0,0.99902534,0.17871094,0.0046535465,-14.037361,-14.047576,-3.5885632,455.8391,1.6533126,2.745076e-07,0.9990158,0.1640625,0.0047400836,-13.747625,-13.757521,-3.6249533,316.1834,2.3494527,9.04419e-06,0.008952474784851075,26942.47824072838,555000
33.822716,-0.18041787,-9.103214,0.4379266,1.0,0.9990673,0.24707031,0.0042161415,-14.29604,-14.306895,-3.1911573,121.191605,0.9308138,6.053719e-07,1.2140564,-1.0045116,22.623917,0.9990654,0.23242188,0.004266184,-14.091433,-14.102003,-3.276763,76.55251,0.83079267,4.2136953e-06,31.229628,-0.24402875,-9.14596,0.448613,1.0,0.9990349,0.17285156,0.0047502834,-13.992126,-14.002199,-3.6872613,1855.6344,2.7769923,5.21693e-07,0.99902725,0.16015625,0.0048184176,-13.68338,-13.693134,-3.70564,426.01715,2.3217874,5.005307e-07,0.00895087184906006,26987.232600927353,560000
35.435287,-0.21945243,-9.182551,0.45776063,1.0,0.9990597,0.22167969,0.004307449,-14.398289,-14.409115,-3.3231013,207.20207,0.73167175,4.1940686e-05,1.4867455,-1.2298982,19.446133,0.9990597,0.20800781,0.004360358,-14.1280365,-14.138561,-3.3616714,110.77583,0.65686184,7.610148e-06,42.413315,-0.28394932,-9.151033,0.44988137,1.0,0.9990225,0.20605469,0.004724937,-14.087336,-14.097539,-3.6496196,662.39594,1.722008,1.0954375e-08,0.9990263,0.19335938,0.004717652,-13.879779,-13.889765,-3.6649804,477.58774,1.4757344,1.7780918e-07,0.008943539571762084,27031.950300693512,565000
25.927002,-0.26608807,-9.170494,0.4547466,1.0,0.9990654,0.26757812,0.00428658,-14.408717,-14.419606,-3.2696278,319.35733,1.4571872,1.7707225e-05,0.6955373,-0.5714702,12.537266,0.99906635,0.25195312,0.0043021347,-14.124182,-14.134785,-3.277732,190.79622,1.0179441,4.4975324e-05,33.035595,-0.30798727,-9.184454,0.45823628,1.0,0.9990206,0.21289062,0.0046708,-14.165524,-14.175866,-3.5849876,5189.5757,5.228917,3.4425339e-06,0.999012,0.17871094,0.004699993,-13.934825,-13.944931,-3.596675,354.9161,1.6507301,4.4871663e-06,0.00894724202156067,27076.686515569687,570000
33.13065,-0.21207225,-9.136978,0.44636756,1.0,0.99906635,0.22949219,0.004289272,-14.303408,-14.314167,-3.297275,266.99725,1.3896968,1.3209966e-05,1.1158319,-1.2183566,16.430908,0.99906063,0.21582031,0.004337743,-14.121311,-14.131847,-3.342425,160.67242,1.4170402,2.042498e-05,32.46097,-0.2696234,-9.183332,0.45795596,1.0,0.9990387,0.17480469,0.004757475,-13.973097,-13.983113,-3.7268784,494.9281,1.4923875,8.293037e-06,0.99903107,0.16210938,0.0048055765,-13.801587,-13.8114,-3.7635672,1638.1156,3.9188972,6.8969593e-06,0.014421691656112672,27148.79497528076,575000
33.936943,-0.24323569,-9.193485,0.4604944,1.0,0.9990673,0.265625,0.0041493764,-14.612172,-14.623426,-3.0987937,546.0966,2.508912,6.3348994e-06,2.1602256,-3.4862514,29.369862,0.999073,0.24609375,0.0042073084,-14.344544,-14.35548,-3.1570802,552.72644,2.735508,5.341324e-05,32.412483,-0.2954713,-9.187012,0.45887598,1.0,0.99903584,0.19824219,0.0047016176,-13.9285145,-13.938567,-3.6442628,574.25037,1.9190729,5.7440143e-06,0.99903584,0.1875,0.00476404,-13.623638,-13.6333685,-3.669765,1135.6324,2.8236403,3.2966022e-07,0.01488371171951294,27223.21353507042,580000
26.626045,-0.22981995,-9.120627,0.44227976,1.0,0.999074,0.27441406,0.0041873837,-14.403089,-14.4140415,-3.197434,142.11613,1.0125552,7.505351e-06,1.2932289,-0.78289735,16.709227,0.999073,0.24804688,0.004232348,-14.169342,-14.18003,-3.2348852,237.83704,1.1160698,1.2547001e-05,36.521606,-0.20885003,-9.193142,0.46040857,1.0,0.9990349,0.20800781,0.004685371,-14.093245,-14.10351,-3.591784,1301.1681,2.7325387,5.131452e-07,0.9990282,0.17871094,0.004793061,-13.914629,-13.924611,-3.7042959,595.646,3.549492,6.3451444e-07,0.014693614625930785,27296.681609392166,585000
31.946325,-0.21848908,-9.132914,0.4453513,1.0,0.99906635,0.26660156,0.0041557513,-14.545965,-14.557102,-3.1523042,530.7952,1.6809481,3.8883685e-05,1.1561929,-0.9949956,18.144978,0.9990673,0.234375,0.0042005386,-14.324087,-14.3349905,-3.1696227,215.24184,1.1525527,7.789203e-05,29.81739,-0.30612576,-9.199024,0.46187896,1.0,0.99903107,0.19824219,0.0047969203,-14.074892,-14.084971,-3.7636209,1889.4366,3.0744429,2.9535337e-07,0.9990206,0.17382812,0.00481984,-13.752804,-13.762585,-3.7469177,1086.2898,2.5824237,9.814005e-06,0.01952821717262268,27394.32269692421,590000
30.257757,-0.1981788,-9.140974,0.44736636,1.0,0.99906635,0.24511719,0.0042524785,-14.427769,-14.438744,-3.2001367,218.72443,1.1300343,4.3306005e-05,0.94564605,-1.0261471,15.836059,0.99906254,0.23339844,0.0042979694,-14.260931,-14.27166,-3.2840216,125.51893,0.80220294,3.644951e-05,42.137802,-0.21995372,-9.21808,0.4666429,1.0,0.9990425,0.1875,0.0047484296,-14.006195,-14.016337,-3.6300209,1441.6353,3.025402,7.8487255e-06,0.9990339,0.16894531,0.0047841934,-13.853579,-13.863506,-3.6965027,1498.7611,3.560368,2.9539071e-06,0.02296319098472595,27509.138653039932,595000
33.28568,-0.22967343,-9.1178,0.44157305,1.0,0.9990883,0.2578125,0.0041351616,-14.652554,-14.663892,-3.053136,886.31354,3.2401373,7.103488e-05,0.9630277,-1.0771753,20.927578,0.9990854,0.2578125,0.0041592373,-14.483205,-14.494354,-3.0772161,638.0858,2.994429,3.6919315e-05,43.68338,-0.24754317,-9.176496,0.4562468,1.0,0.999032,0.171875,0.004769301,-13.99033,-14.000407,-3.6793761,541.8102,2.194486,3.8204494e-06,0.9990349,0.16699219,0.0048081465,-13.771676,-13.781497,-3.725102,304.47687,1.4860687,1.0165165e-05,0.021555024909973144,27616.913782835007,600000
29.105055,-0.23874336,-9.182209,0.4576751,1.0,0.9990587,0.22265625,0.0043274546,-14.457792,-14.468668,-3.333136,126.009964,0.88441944,5.63493e-06,0.90781033,-1.0916697,18.11427,0.9990568,0.21679688,0.0043975194,-14.227289,-14.237881,-3.392325,135.53679,0.8690799,1.2598812e-05,41.092457,-0.23507738,-9.166241,0.45368317,1.0,0.99902916,0.19335938,0.0047160783,-14.035521,-14.045657,-3.6657803,9450.762,6.405135,1.085942e-06,0.99903107,0.16894531,0.004734373,-13.799578,-13.809479,-3.6705728,519.0887,1.5423254,4.9386426e-06,0.49912811918258665,30112.55438017845,605000
34.584545,-0.17579068,-9.1616,0.45252323,1.0,0.9990587,0.2548828,0.0042103287,-14.59476,-14.605932,-3.165824,158.68918,1.1125801,0.00011214323,1.1543276,-1.2119435,18.535309,0.9990692,0.23632812,0.004252566,-14.291262,-14.302111,-3.1924872,196.46744,1.134387,6.7970584e-05,40.56774,-0.20661041,-9.182407,0.45772472,1.0,0.99901867,0.19921875,0.004663526,-14.156604,-14.16698,-3.5417619,1106.4232,1.6656972,4.320553e-06,0.99901295,0.17089844,0.004742295,-13.938341,-13.948441,-3.6075678,786.285,3.5207853,1.3348783e-06,0.016043529415130615,30192.772031068802,610000
29.081902,-0.26111978,-9.136762,0.44631344,1.0,0.99907017,0.27148438,0.0041529187,-14.57221,-14.583448,-3.07463,358.4071,1.4026256,6.760297e-06,1.125143,-0.86500233,16.458597,0.99907875,0.24121094,0.0041881017,-14.350859,-14.361847,-3.1089883,124.38569,1.086602,1.6632216e-06,36.268524,-0.2961814,-9.195708,0.46104997,1.0,0.9990225,0.17578125,0.004805457,-14.245829,-14.256158,-3.679488,492.337,1.723719,1.7196468e-06,0.9990177,0.16601562,0.00482391,-13.940186,-13.950187,-3.7092476,284.9087,1.8308171,1.0482862e-05,0.016078468561172485,30273.164375066757,615000
31.62107,-0.19974281,-9.153204,0.45042384,1.0,0.9990711,0.25585938,0.004277292,-14.522268,-14.533307,-3.2299943,228.45741,1.4357686,1.0907918e-05,0.9394233,-1.0028818,17.478401,0.99906635,0.234375,0.004332223,-14.254147,-14.264873,-3.2810068,586.48883,2.0771582,7.15816e-06,33.91552,-0.26335806,-9.138908,0.44685018,1.0,0.99903965,0.17578125,0.004689805,-14.099556,-14.1098,-3.6185231,7298.234,5.5660806,1.8487476e-06,0.9990339,0.16796875,0.004729852,-13.913212,-13.9232435,-3.6503005,3469.6125,6.160937,4.897145e-06,0.016117327547073363,30353.751013994217,620000
30.093529,-0.2501384,-9.187262,0.45893848,1.0,0.99905777,0.23339844,0.004320842,-14.548156,-14.559106,-3.3456879,312.41678,1.1465101,3.0033401e-05,1.667317,-0.8688848,17.976269,0.999053,0.2265625,0.0043841237,-14.179234,-14.189781,-3.3888352,274.86172,1.2496294,8.235799e-05,33.554398,-0.2733429,-9.205822,0.46357852,1.0,0.9990301,0.1796875,0.004796212,-14.127566,-14.137736,-3.7232428,883.63306,1.6037016,2.6935504e-07,0.99902153,0.16210938,0.0049006166,-13.988356,-13.998323,-3.789894,2427.5554,4.6622524,7.3150596e-07,0.016070573949813843,30434.10388660431,625000
33.79019,-0.19123778,-9.170078,0.45464274,1.0,0.9990635,0.25097656,0.0042467304,-14.530789,-14.541827,-3.2395816,289.45813,1.3399873,5.2166517e-05,1.1223997,-1.5803368,18.996809,0.99906063,0.2421875,0.004287989,-14.357332,-14.368143,-3.298146,133.96854,1.0411097,9.265292e-06,32.116093,-0.29736072,-9.219265,0.466939,1.0,0.9990349,0.19042969,0.0047155013,-13.919567,-13.929659,-3.594893,2008.9465,3.821645,4.8685234e-07,0.9990301,0.16894531,0.0047241207,-13.734468,-13.744328,-3.6477435,1003.8456,2.5953584,7.7227435e-07,0.016113809442520142,30514.672935009003,630000
29.74249,-0.2376172,-9.136961,0.44636327,1.0,0.9990816,0.26367188,0.004267115,-14.514187,-14.525242,-3.2049923,529.2205,2.1599717,7.0318224e-06,1.1282088,-1.2327566,18.770172,0.99908066,0.25097656,0.0042867623,-14.377214,-14.388101,-3.2397838,470.13858,2.442596,1.6923283e-05,34.89662,-0.22652492,-9.170944,0.454859,1.0,0.99903584,0.18457031,0.0046594264,-13.906632,-13.916724,-3.5830967,14810.663,8.791081,4.4063376e-07,0.99902916,0.16796875,0.0047180518,-13.763786,-13.773716,-3.6064906,1081.7169,4.071133,1.2605705e-06,0.016087906122207642,30595.112466812134,635000
33.80877,-0.19223689,-9.112873,0.4403411,1.0,0.99906063,0.23730469,0.0043014367,-14.370779,-14.3815975,-3.3035312,2270.1897,2.491669,2.3266342e-05,1.3764652,-1.5593259,19.88523,0.99906254,0.21289062,0.0043507656,-14.151884,-14.162401,-3.3913808,155.26712,0.8052999,6.132613e-05,37.30083,-0.2269867,-9.142393,0.4477214,1.0,0.999032,0.15234375,0.0048192022,-14.050076,-14.060181,-3.7117429,1111.4229,3.0114188,1.7692453e-07,0.9990282,0.1484375,0.0048531108,-13.84161,-13.851467,-3.755865,3518.73,4.7882767,7.697909e-06,0.01609782085418701,30675.601574659348,640000
32.941082,-0.20519668,-9.166544,0.45375884,1.0,0.999073,0.25195312,0.0042283954,-14.5082245,-14.519287,-3.1918244,399.37262,1.6447734,1.0846508e-05,1.4653236,-1.2685485,19.657867,0.99906826,0.23730469,0.0042744763,-14.332726,-14.343579,-3.2289894,206.386,1.485418,1.6928205e-05,39.97451,-0.25905147,-9.202361,0.4627133,1.0,0.9990387,0.19042969,0.004765891,-13.958366,-13.968338,-3.7576692,669.70087,1.4852878,2.7112108e-06,0.999032,0.1640625,0.004818888,-13.738097,-13.747824,-3.7879195,6171.984,8.75652,6.521082e-07,0.016175580596923828,30756.479480981827,645000
29.822285,-0.23965682,-9.170038,0.4546326,1.0,0.9990654,0.23632812,0.0043105055,-14.240218,-14.250951,-3.2600832,151.68019,0.8363545,3.4682073e-06,0.79336697,-0.81467164,16.296186,0.9990597,0.22753906,0.004326139,-14.00344,-14.013907,-3.2948885,137.59262,0.7549285,3.925617e-05,41.024822,-0.22811428,-9.205294,0.46344632,1.0,0.9990072,0.1640625,0.0048098997,-14.06835,-14.078559,-3.6243181,2932.5857,2.5665314,1.3072604e-06,0.9990053,0.1484375,0.004860049,-13.800577,-13.81047,-3.680273,2537.4329,3.8879538,1.1032157e-06,0.01621356191635132,30837.547291994095,650000
27.93763,-0.21665543,-9.123997,0.4431219,1.0,0.99906635,0.26953125,0.004189446,-14.56048,-14.571618,-3.1655116,457.57895,1.382771,1.2428671e-05,1.029559,-0.8858833,13.412281,0.99906826,0.23242188,0.0042683724,-14.395863,-14.406775,-3.231621,201.7984,1.3238392,1.5953723e-05,41.566284,-0.27027977,-9.18346,0.45798826,1.0,0.9990196,0.18066406,0.0047721136,-14.079361,-14.089523,-3.684046,450.89917,1.4050539,6.871076e-07,0.99902344,0.17578125,0.0048233015,-13.906828,-13.916756,-3.75148,1143.1887,2.5695083,1.7035426e-06,0.016157927989959717,30918.336933374405,655000
33.100296,-0.25358754,-9.142481,0.44774312,1.0,0.99906063,0.2607422,0.0042224494,-14.44998,-14.460978,-3.1991968,140.55174,0.9431932,2.5516087e-05,0.95538986,-1.28162,19.772923,0.99906063,0.22753906,0.004295085,-14.202999,-14.213693,-3.2636235,189.01215,0.95668477,1.006443e-05,44.927742,-0.25687414,-9.148727,0.44930488,1.0,0.9990349,0.18066406,0.00468358,-14.05438,-14.064552,-3.6472611,458.35352,1.3599252,6.266226e-08,0.999033,0.17285156,0.0047369436,-13.782991,-13.792856,-3.6921873,299.12396,1.3487165,7.593206e-08,0.011815682172775269,30977.415345668793,660000
25.906986,-0.25943804,-9.134705,0.4457992,1.0,0.99906826,0.2529297,0.0042807865,-14.408215,-14.419118,-3.2538238,495.94415,1.2868295,4.781042e-05,1.0381151,-1.2904311,18.987282,0.99906635,0.22949219,0.00431408,-14.233882,-14.244604,-3.265109,122.823814,0.96821165,6.3304935e-05,40.51084,-0.26352143,-9.167553,0.45401132,1.0,0.9990282,0.203125,0.004649207,-14.2583275,-14.268867,-3.476092,5590.016,5.0675516,7.2799253e-06,0.9990139,0.18261719,0.0047170757,-14.009156,-14.019397,-3.53384,7056.005,8.84628,7.387296e-07,0.009217251300811767,31023.50160384178,665000
29.649982,-0.22603066,-9.162083,0.4526437,1.0,0.9990816,0.26660156,0.0041521955,-14.744485,-14.755863,-3.1039143,164.54126,1.7100077,2.3354598e-05,1.3145409,-0.8535188,17.38592,0.99907684,0.24316406,0.0041934475,-14.590025,-14.601208,-3.1505365,192.70193,1.562204,3.9383925e-05,38.030792,-0.23742652,-9.19647,0.4612405,1.0,0.9990282,0.17480469,0.0047981273,-14.093036,-14.103207,-3.6875622,4994.4224,6.876741,1.1468221e-05,0.999032,0.16113281,0.0048114294,-13.956704,-13.966688,-3.7443178,247.66531,1.5929034,2.7574052e-07,0.009238843822479248,31069.695824623108,670000
28.12602,-0.25260186,-9.170996,0.45487183,1.0,0.9990692,0.26757812,0.004185398,-14.661776,-14.673039,-3.1383684,201.67372,1.4666684,6.7105093e-06,1.1928155,-1.721471,17.171383,0.9990673,0.23535156,0.0042364523,-14.455168,-14.466193,-3.1769626,162.82968,1.5477059,6.488427e-07,34.415512,-0.27500334,-9.200539,0.46225774,1.0,0.99901676,0.18652344,0.0046819057,-13.953246,-13.9634075,-3.5589795,407.9508,1.6797475,2.2014679e-06,0.99901295,0.17382812,0.0047335187,-13.783716,-13.793673,-3.5995634,1291.8527,2.4705122,9.9522616e-08,0.009229936742782593,31115.845509290695,675000
32.626373,-0.18989274,-9.139952,0.44711107,1.0,0.99908066,0.27246094,0.0041896068,-14.647352,-14.658642,-3.0979967,416.4419,2.0648987,5.8308256e-06,1.1902131,-1.1867474,18.137009,0.9990864,0.25,0.004227012,-14.329454,-14.340387,-3.1451325,1870.7751,3.8350883,5.3590647e-05,33.53489,-0.25143024,-9.1656,0.45352283,1.0,0.9990225,0.19433594,0.0046287505,-14.123213,-14.13357,-3.5280104,836.9417,1.5077698,3.3581614e-07,0.99902344,0.17675781,0.004712945,-13.904288,-13.914375,-3.5849211,612.2446,1.6539292,9.840429e-07,0.011675880479812622,31174.22491312027,680000
28.59517,-0.240165,-9.144701,0.44829822,1.0,0.9990692,0.27539062,0.004193303,-14.763008,-14.774332,-3.1793566,1557.5735,2.295085,1.8273869e-06,1.1948323,-1.3309462,16.257927,0.9990721,0.25390625,0.004196286,-14.471412,-14.482423,-3.2069135,182.74031,1.1634755,6.6075377e-06,33.27301,-0.29412785,-9.173641,0.45553327,1.0,0.99902916,0.18945312,0.0046709543,-14.182439,-14.192779,-3.6049438,269.70923,1.3195295,7.6136325e-06,0.99903107,0.16210938,0.0047062202,-13.918997,-13.929032,-3.6526265,190.9982,0.84922004,1.2775546e-05,0.01586854753494263,31253.567651748657,685000
33.11232,-0.18361738,-9.1615505,0.45251065,1.0,0.9990616,0.2783203,0.004145834,-14.4769745,-14.488071,-3.1248288,309.45105,1.4664396,6.813527e-06,1.2328258,-1.1651893,20.963776,0.99905396,0.25976562,0.0042154044,-14.231823,-14.242617,-3.190718,187.38634,1.3044677,2.0679613e-06,39.037437,-0.24926704,-9.191535,0.46000662,1.0,0.999032,0.17773438,0.0047349343,-14.071442,-14.081542,-3.7372813,584.42523,1.7530156,4.6284217e-06,0.99903107,0.15527344,0.0047761397,-13.800816,-13.810631,-3.7598624,521.4079,1.8720005,8.711301e-06,0.015724850511550904,31332.191905736923,690000
32.176056,-0.18332154,-9.167739,0.45405757,1.0,0.9990692,0.265625,0.0042236606,-14.264064,-14.27489,-3.1890216,595.0743,1.7114493,5.258108e-05,1.3804092,-3.7900336,21.744741,0.99907017,0.23242188,0.004290426,-14.125688,-14.136311,-3.2587945,311.74295,1.6966479,9.902894e-05,47.35551,-0.21646234,-9.164433,0.4532311,1.0,0.99902916,0.17382812,0.0047530043,-13.874719,-13.884729,-3.6338224,1902.0948,3.1075692,9.353725e-08,0.99901867,0.14746094,0.0048328205,-13.774469,-13.784294,-3.7241044,1407.6147,2.4072928,1.5099915e-05,0.015709787702560426,31410.740847349167,695000
30.19143,-0.22313605,-9.156611,0.45127594,1.0,0.9990654,0.25878906,0.004214124,-14.380191,-14.391113,-3.2055779,429.07477,1.5870657,4.2081956e-05,2.1035113,-2.0016677,20.481075,0.99906063,0.22070312,0.0042889123,-14.292557,-14.303309,-3.2919264,917.52606,1.8805218,1.9827652e-05,38.674088,-0.24502221,-9.167175,0.45391688,1.0,0.9990339,0.18066406,0.0047977986,-13.950855,-13.960804,-3.7730167,1306.3417,1.9822109,9.254354e-07,0.9990282,0.15429688,0.004858312,-13.888389,-13.898235,-3.815585,998.41345,2.0356555,1.218528e-07,0.021932366943359375,31520.402685165405,700000
35.278328,-0.21507353,-9.165435,0.4534818,1.0,0.9990635,0.25,0.0042054383,-14.50173,-14.512799,-3.177254,620.55896,1.2486451,7.089935e-06,1.2590306,-1.4332085,19.767735,0.99906063,0.24023438,0.0042553926,-14.223121,-14.233872,-3.2234273,440.49045,1.3650649,2.7153836e-05,39.33423,-0.23835817,-9.168854,0.45433658,1.0,0.9990196,0.16699219,0.0047649518,-14.116304,-14.12652,-3.664808,510.31018,1.6778543,2.09452e-06,0.9990139,0.16113281,0.004825522,-13.872204,-13.8821535,-3.6923413,495.02673,2.315572,2.952989e-06,0.5162077023029328,34101.441198349,705000
37.81121,-0.17532316,-9.099614,0.43702656,1.0,0.99906635,0.26464844,0.004178304,-14.536573,-14.547765,-3.0881853,199.7786,1.7920246,2.4258228e-05,1.1772085,-1.4265265,22.163128,0.99905396,0.23925781,0.0042658034,-14.381317,-14.392267,-3.178218,235.85838,1.7842338,3.9914216e-06,28.677261,-0.29031965,-9.148606,0.4492746,1.0,0.99902725,0.1640625,0.0047835726,-13.982464,-13.992511,-3.7030542,903.141,1.4709349,2.79763e-07,0.9990244,0.16308594,0.0048168823,-13.869301,-13.879229,-3.7116878,262.3921,1.2708528,2.3672366e-05,0.016274041509628297,34182.81140732765,710000
29.554783,-0.2846679,-9.110733,0.4398064,1.0,0.99907017,0.25097656,0.0042057317,-14.498778,-14.5098295,-3.193482,391.36374,1.0434996,2.9995332e-05,0.7354923,-1.561244,18.150522,0.99907017,0.24609375,0.004232922,-14.245532,-14.256319,-3.2092192,152.26514,1.0604191,4.2801716e-05,41.35386,-0.21008635,-9.18211,0.4576506,1.0,0.9990301,0.17480469,0.0047029005,-14.043114,-14.053271,-3.6517186,2464.4392,5.059664,2.8970788e-05,0.99902725,0.15625,0.004789403,-13.779538,-13.78936,-3.7327368,1289.4303,2.036876,1.0497519e-05,0.0162300106048584,34263.961461782455,715000
34.602413,-0.18356267,-9.1050005,0.43837327,1.0,0.9990816,0.27734375,0.0041423608,-14.661187,-14.672486,-3.1037178,258.59732,1.5512819,2.7016608e-06,0.9267665,-1.7838528,21.644516,0.99908257,0.25195312,0.00419989,-14.4862385,-14.497308,-3.1629229,151.02042,1.2080494,4.1445976e-05,35.90757,-0.22482336,-9.192547,0.46025962,1.0,0.9990301,0.17675781,0.0048055043,-13.908064,-13.917997,-3.7454915,330.43134,1.1347964,4.0175794e-07,0.9990263,0.16015625,0.0048609604,-13.803591,-13.813351,-3.8193707,319.8046,1.2064664,1.0221016e-06,0.016225821352005006,34345.09056997299,720000
32.160995,-0.26734832,-9.139807,0.4470749,1.0,0.9990711,0.2548828,0.0041998625,-14.742479,-14.753797,-3.1650925,321.76605,1.2475457,7.518981e-05,1.0489283,-1.0908173,17.372833,0.9990654,0.23632812,0.00422971,-14.49585,-14.506916,-3.175108,645.56146,1.6869824,3.632526e-06,31.617228,-0.29239574,-9.179201,0.4569232,1.0,0.99903965,0.17871094,0.0046775434,-14.082758,-14.092949,-3.656642,3600.2134,3.4748974,9.766947e-06,0.999033,0.16503906,0.0047318656,-13.840782,-13.850735,-3.6591787,651.9896,2.5365496,2.5549216e-06,0.016193113327026366,34426.05613780022,725000
25.00986,-0.22580297,-9.129751,0.44456077,1.0,0.9990616,0.2529297,0.004220232,-14.452885,-14.463906,-3.177291,201.7144,0.98127043,1.1070704e-05,1.0337906,-0.5574293,12.103349,0.9990492,0.22070312,0.004277053,-14.216687,-14.227447,-3.2089968,136.12003,0.95489454,2.1494918e-05,30.491222,-0.29949558,-9.172233,0.45518106,1.0,0.9990406,0.1953125,0.004709741,-14.0799675,-14.090126,-3.6877313,852.72815,1.2808181,3.027747e-07,0.9990406,0.18164062,0.00474526,-13.8341255,-13.844061,-3.6710436,195.84859,1.6567807,1.0413129e-06,0.01617584490776062,34506.93536400795,730000
33.99308,-0.19166583,-9.164356,0.45321196,1.0,0.9990673,0.25195312,0.004227693,-14.627306,-14.638475,-3.2005725,843.2968,2.0268145,1.4497078e-05,1.112509,-1.6503513,18.71576,0.999073,0.21484375,0.0042742365,-14.447983,-14.458944,-3.2334628,1010.98236,2.747466,1.881475e-06,43.270557,-0.22990274,-9.17376,0.45556295,1.0,0.9990387,0.15820312,0.0048171915,-14.004574,-14.014556,-3.7924485,550.4897,1.6208231,6.265492e-06,0.9990454,0.16113281,0.004821494,-13.831758,-13.841549,-3.815856,1787.0173,2.6502533,9.647619e-06,0.016208426713943482,34587.97750020027,735000
27.619205,-0.23088676,-9.167585,0.45401937,1.0,0.99906063,0.25878906,0.004237009,-14.4725685,-14.483563,-3.2248056,262.53867,1.2381172,6.855815e-06,1.3159407,-0.70931804,15.884206,0.9990568,0.22558594,0.0043039555,-14.250916,-14.261625,-3.295246,307.523,1.3276815,5.2438636e-06,40.226715,-0.2623835,-9.088772,0.43431604,1.0,0.999033,0.15722656,0.0047470545,-14.044469,-14.054565,-3.7151651,566.95996,0.9693419,1.5569344e-07,0.999033,0.15820312,0.004785965,-13.743835,-13.753616,-3.7394438,404.84116,1.3445299,1.3258904e-06,0.016202150726318358,34668.988255262375,740000
34.52224,-0.2079477,-9.125776,0.44356707,1.0,0.9990854,0.2685547,0.0042447494,-14.700971,-14.712217,-3.1958034,760.66016,2.0449026,7.4003066e-07,1.6663582,-1.0497772,21.291443,0.9990759,0.24316406,0.004300795,-14.475889,-14.486857,-3.2550535,387.56653,1.7852654,2.6785702e-07,32.957493,-0.31516886,-9.190481,0.45974308,1.0,0.9990406,0.18652344,0.0046855374,-14.21591,-14.226295,-3.591309,710.30865,2.0785737,1.2560776e-06,0.99904156,0.17871094,0.0047236877,-14.061077,-14.071279,-3.624924,2713.2537,5.232637,2.5526272e-06,0.01621876173019409,34750.082065582275,745000
30.744595,-0.20088166,-9.144011,0.44812566,1.0,0.99907017,0.26464844,0.0042042527,-14.64211,-14.65334,-3.153457,914.0519,2.2608871,2.2974982e-05,0.81932646,-2.249904,15.621025,0.9990692,0.2578125,0.0042556976,-14.48321,-14.494222,-3.2181268,180.95155,1.801343,1.2240499e-05,28.735739,-0.30064487,-9.180002,0.45712352,1.0,0.9990349,0.1953125,0.0047077266,-14.068545,-14.078771,-3.60785,751.8266,2.0597007,7.136327e-08,0.99903107,0.18066406,0.0047858963,-13.971266,-13.981307,-3.6986942,797.4966,2.6994948,2.8859503e-08,0.016203513431549074,34831.099635362625,750000
33.462494,-0.17290069,-9.127581,0.444018,1.0,0.999074,0.2626953,0.0041740197,-14.6478195,-14.659051,-3.157603,418.13995,1.3930893,2.550159e-05,1.3679645,-1.3371568,21.959143,0.9990635,0.234375,0.0042571453,-14.460231,-14.471203,-3.2344725,226.15741,1.7042058,1.608569e-05,37.682266,-0.20695615,-9.1544895,0.45074558,1.0,0.99901676,0.20507812,0.004729443,-14.197452,-14.207808,-3.6025534,1780.2227,2.3816667,1.1342305e-06,0.99901867,0.18457031,0.0047401264,-14.021849,-14.031993,-3.6438684,3698.706,4.6783633,5.482354e-07,0.016211622619628906,34912.157749414444,755000
30.745226,-0.27071404,-9.172226,0.45517936,1.0,0.99905777,0.24316406,0.004304438,-14.506908,-14.5178585,-3.30415,227.0939,1.016566,1.0815618e-06,1.769618,-1.0442402,20.792225,0.99905586,0.23144531,0.0043478925,-14.205885,-14.216509,-3.3380246,211.52344,1.1091387,2.8516563e-06,36.228683,-0.2708624,-9.173817,0.45557722,1.0,0.99902153,0.18652344,0.0047540483,-14.179,-14.189329,-3.6126199,4621.412,6.54665,7.5345787e-07,0.99901867,0.17089844,0.0048261248,-13.929039,-13.939083,-3.653656,456.0674,1.9315231,9.415237e-06,0.015514254188537597,34989.72902464867,760000
28.799213,-0.2310532,-9.106865,0.43883914,1.0,0.9990597,0.25976562,0.0041716155,-14.615046,-14.626307,-3.0938587,246.24799,1.473531,3.748705e-05,1.3512046,-1.0797896,17.474957,0.99906063,0.23535156,0.004213507,-14.503189,-14.514288,-3.148806,470.3561,1.8260859,6.5831926e-05,35.2528,-0.25942698,-9.169746,0.4545596,1.0,0.9990463,0.17578125,0.004687958,-14.09264,-14.1028185,-3.6807733,1357.6538,2.0702393,3.2299896e-09,0.9990463,0.1640625,0.004761991,-13.970865,-13.980868,-3.736721,4332.6094,5.776391,8.2947656e-07,0.009301761865615845,35036.23783540726,765000
32.48272,-0.2477258,-9.1482525,0.44918597,1.0,0.99906445,0.2421875,0.0042883703,-14.524048,-14.534996,-3.3249428,99.78114,0.7283001,7.722265e-07,1.0013376,-1.0208948,19.335558,0.9990654,0.23144531,0.0043108314,-14.302497,-14.3132,-3.3535388,164.28363,1.0465021,1.5104537e-05,34.5008,-0.22555216,-9.195941,0.46110827,1.0,0.9990206,0.20117188,0.0047262767,-14.219367,-14.229751,-3.5968518,2176.5657,4.237529,7.6034553e-07,0.9990225,0.20019531,0.0047437586,-14.027676,-14.037805,-3.666182,326.35083,1.7592626,6.1571463e-06,0.009311448335647583,35082.79507827759,770000
32.884773,-0.2087208,-9.132713,0.4453014,1.0,0.9990654,0.2529297,0.004239908,-14.43491,-14.445859,-3.2347355,430.42337,1.5830927,7.727609e-06,1.7967948,-0.8576201,19.617498,0.9990616,0.23535156,0.004271839,-14.227892,-14.238596,-3.2769794,216.2523,1.3894653,1.4517451e-06,32.93715,-0.28032675,-9.150185,0.44966894,1.0,0.99903107,0.17480469,0.004736554,-14.101317,-14.111475,-3.710378,669.9516,1.6380701,5.909313e-07,0.999032,0.16894531,0.004781319,-13.915242,-13.925174,-3.7543654,520.99066,1.7659295,4.205911e-06,0.009299994421005249,35129.295052051544,775000
29.809992,-0.19167873,-9.128233,0.44418097,1.0,0.9990721,0.2607422,0.004241121,-14.63489,-14.646046,-3.2225235,707.9221,1.9790902,8.9224e-06,1.0045612,-1.5090901,18.851835,0.99905777,0.25097656,0.0042904024,-14.325893,-14.336699,-3.2733428,449.08365,1.7132928,1.1362312e-06,36.34037,-0.21157937,-9.189404,0.4594738,1.0,0.9990349,0.1953125,0.004724734,-14.137752,-14.1479645,-3.6903198,523.0921,1.4088254,2.236926e-09,0.99902534,0.17871094,0.0047936714,-13.856398,-13.866258,-3.7682784,905.6966,2.3162796,4.3262474e-08,0.009301122283935547,35175.8006670475,780000
41.66869,-0.22231278,-9.157398,0.45147264,1.0,0.99906445,0.24511719,0.004319406,-14.46583,-14.476761,-3.2835588,1052.2047,1.745167,6.0698567e-06,1.3572035,-1.4713442,24.089952,0.99906635,0.22949219,0.004364357,-14.14789,-14.158464,-3.3287377,101.832,1.1271974,7.4336145e-07,41.132954,-0.28587416,-9.188442,0.45923346,1.0,0.999033,0.17871094,0.0046559125,-14.202624,-14.212997,-3.5914938,3674.2825,5.291113,7.156959e-06,0.9990301,0.17480469,0.0046857432,-13.949389,-13.959493,-3.6140466,15674.763,17.597355,1.0855548e-06,0.011115763092041016,35231.379484415054,785000
30.597504,-0.21598935,-9.1706705,0.45479068,1.0,0.9990816,0.24609375,0.0042537344,-14.541649,-14.552761,-3.1740956,231.4569,1.571671,7.115037e-06,1.6538801,-1.1069009,18.679295,0.99906826,0.24609375,0.004326363,-14.3386345,-14.349457,-3.2668352,129.6039,1.5388572,2.6522653e-06,48.291344,-0.22866106,-9.168709,0.4543002,1.0,0.9990263,0.20703125,0.004683162,-14.179092,-14.189472,-3.5596232,2251.4438,3.9223826,5.92116e-07,0.99902534,0.17382812,0.0047509847,-14.006595,-14.016725,-3.643708,5794.1064,9.847584,1.6264612e-07,0.01607537250518799,35311.756348609924,790000
39.395363,-0.14049798,-9.096623,0.43627876,1.0,0.9990711,0.2529297,0.004289296,-14.599173,-14.610269,-3.2485476,263.82095,1.1050947,8.399376e-06,1.6514924,-1.2223814,21.483084,0.99906445,0.22070312,0.004372242,-14.303768,-14.314468,-3.3576276,181.0818,0.9943698,1.09154635e-05,35.144123,-0.24875537,-9.167238,0.45393234,1.0,0.9990282,0.1796875,0.004687236,-13.969708,-13.979843,-3.6013408,3721.7405,4.039986,2.4681078e-06,0.9990206,0.16796875,0.0047585163,-13.751968,-13.761839,-3.6536593,564.9944,2.274664,1.0096241e-05,0.016034862422943115,35391.93066215515,795000
25.571068,-0.25118896,-9.124355,0.44321197,1.0,0.9990797,0.27148438,0.0041668774,-14.67663,-14.687907,-3.1398897,357.35947,1.8040633,2.4356748e-05,1.3729918,-0.85338837,13.094706,0.999073,0.24707031,0.004197445,-14.534394,-14.545502,-3.171275,296.769,1.9349046,7.001814e-05,40.132484,-0.23917568,-9.211524,0.46500403,1.0,0.99902153,0.19238281,0.0047279894,-14.163096,-14.173418,-3.6042864,1079.1029,2.6952133,2.2245224e-06,0.99903107,0.17382812,0.0047957245,-14.058048,-14.068197,-3.6750395,2807.6165,6.3523283,1.3903981e-07,0.017147766494750978,35477.669497966766,800000
27.678148,-0.259156,-9.126093,0.44364613,1.0,0.9990673,0.23046875,0.004290753,-14.583497,-14.594553,-3.273697,763.09204,1.5484564,1.3063587e-05,1.2873333,-0.8914807,16.532013,0.99906063,0.21386719,0.004330649,-14.243893,-14.254586,-3.3041346,139.95105,1.3789959,1.2411094e-05,35.310303,-0.30631712,-9.15997,0.4521156,1.0,0.99902725,0.18164062,0.004746133,-14.291603,-14.302022,-3.632258,2483.189,3.0345964,2.8917853e-08,0.9990225,0.15527344,0.0047899196,-13.981798,-13.991903,-3.6446826,1763.5833,3.7101655,1.0251767e-06,0.5180802960395813,38068.07098150253,805000
33.777687,-0.18553607,-9.167315,0.45395175,1.0,0.9990597,0.2529297,0.004334596,-14.41486,-14.425703,-3.3224387,476.20673,1.727174,4.745421e-06,1.8476176,-0.86392283,18.098568,0.99904823,0.22558594,0.0043620598,-14.161993,-14.172533,-3.3794956,541.94604,1.1588697,1.4930586e-05,34.940918,-0.272256,-9.1779995,0.45662293,1.0,0.9990349,0.171875,0.0047758482,-14.070404,-14.080494,-3.748054,414.635,1.4477166,4.8397936e-07,0.99902344,0.16015625,0.0048465454,-13.811121,-13.820941,-3.7671032,397.0019,1.471139,3.970902e-07,0.017445371246337892,38155.29783940315,810000
31.996775,-0.21367818,-9.156534,0.45125648,1.0,0.9990711,0.24902344,0.004242045,-14.467272,-14.478269,-3.2169302,251.87875,1.517513,9.93254e-06,2.1770518,-3.5574446,25.298788,0.99906254,0.23730469,0.0042862473,-14.201127,-14.211823,-3.2595894,181.2863,1.2732711,3.663819e-05,32.94586,-0.29720944,-9.215633,0.4660312,1.0,0.99903965,0.19726562,0.0046618003,-14.160435,-14.170714,-3.6445436,1366.8387,3.0842197,7.044921e-07,0.9990425,0.17285156,0.004695425,-13.905149,-13.915183,-3.6402617,5788.208,7.8777733,3.6254949e-07,0.015950938653945923,38235.052535533905,815000
35.35244,-0.22454461,-9.175942,0.45610857,1.0,0.9990759,0.25683594,0.004219144,-14.655201,-14.666412,-3.1855264,339.21832,1.4844973,3.3038858e-05,1.3103614,-1.5049026,22.101603,0.99906445,0.23339844,0.0042702137,-14.518978,-14.530002,-3.2431688,316.3443,1.8153199,8.96136e-05,38.483246,-0.2285193,-9.201374,0.46246645,1.0,0.99901676,0.16699219,0.0048856856,-14.080221,-14.09026,-3.810596,2961.2048,3.738017,6.23933e-07,0.9990139,0.14746094,0.004912049,-13.889998,-13.899817,-3.8457205,6285.6597,8.283302,1.8919343e-06,0.015871806144714354,38314.41156744957,820000
26.639614,-0.25749406,-9.123392,0.442971,1.0,0.9990616,0.265625,0.0042361575,-14.54379,-14.554872,-3.2068658,900.2684,1.6070483,1.084508e-05,1.0734998,-1.3201109,19.025274,0.99906063,0.23925781,0.0042672446,-14.362416,-14.373294,-3.2337842,251.69313,1.1737591,1.0087887e-05,32.011665,-0.2600664,-9.160603,0.45227364,1.0,0.9990406,0.16699219,0.0048064734,-14.088381,-14.0984535,-3.7839344,1539.2987,2.9273424,3.4906702e-07,0.99904156,0.16308594,0.0048448034,-13.835646,-13.845439,-3.8175323,1957.5448,5.4284377,5.603917e-06,0.015958913469314575,38394.206135988235,825000
38.72271,-0.21217445,-9.160429,0.45223036,1.0,0.9990797,0.2783203,0.0041352557,-14.741827,-14.753221,-3.0865684,970.50555,1.8471072,2.603327e-05,1.28009,-0.9825255,21.343979,0.99907494,0.24414062,0.0042123413,-14.4025755,-14.413568,-3.157298,614.7936,1.8982742,2.6561902e-05,44.00155,-0.22688761,-9.197638,0.46153224,1.0,0.9990444,0.19726562,0.004725971,-14.090809,-14.100982,-3.6828008,925.32886,2.0044007,3.1942017e-07,0.9990425,0.17578125,0.0047422424,-13.845634,-13.8555355,-3.7172346,107.65244,0.9310931,5.8132134e-08,0.015825293159484864,38473.33260369301,830000
35.063976,-0.20005313,-9.155035,0.45088172,1.0,0.999073,0.27734375,0.004204604,-14.535275,-14.546363,-3.192009,248.38864,1.4401722,4.801913e-06,2.2310028,-1.8172991,22.796837,0.999073,0.23144531,0.0042890506,-14.433804,-14.444722,-3.2647781,537.34186,1.5056446,2.514045e-06,44.637207,-0.23838836,-9.152593,0.45027113,1.0,0.9990349,0.20214844,0.0046435725,-14.344883,-14.355407,-3.5798693,371.31042,2.0843952,1.4115295e-06,0.999033,0.17773438,0.00471825,-14.245316,-14.255678,-3.6458297,519.7708,1.9902661,1.4989672e-06,0.015911477422714232,38552.88999223709,835000
34.858276,-0.17869672,-9.140219,0.44717768,1.0,0.99907017,0.2705078,0.004132244,-14.737008,-14.748414,-3.068276,305.72784,2.01724,5.7228892e-05,1.3681625,-1.5582516,21.844591,0.99907684,0.25878906,0.004186773,-14.525814,-14.536948,-3.1364748,213.04637,2.0461063,2.6329193e-05,33.02832,-0.28833896,-9.162735,0.45280662,1.0,0.999032,0.17871094,0.004798858,-14.207602,-14.217813,-3.7607086,990.3084,2.1434653,1.2895664e-07,0.999032,0.15527344,0.00484387,-13.994433,-14.004409,-3.7903037,8163.896,10.030352,2.626295e-06,0.016079953050613403,38633.28975915909,840000
30.791304,-0.22792357,-9.140602,0.44727367,1.0,0.9990721,0.27246094,0.004231396,-14.748851,-14.760193,-3.144636,221.32465,1.1845833,9.730943e-07,1.4836707,-0.9094868,20.093979,0.9990549,0.24414062,0.0042622993,-14.515583,-14.526668,-3.175416,96.0921,0.90712535,1.3444013e-06,39.621532,-0.24196339,-9.159248,0.4519351,1.0,0.9990368,0.19824219,0.004666236,-14.146679,-14.156987,-3.601767,1743.1357,1.9091408,9.216019e-08,0.99902916,0.19140625,0.004690677,-13.908305,-13.91837,-3.6105235,434.2044,1.7174993,1.9563572e-06,0.01591753191947937,38712.87741994858,845000
32.86366,-0.23226085,-9.099068,0.43688995,1.0,0.9990711,0.24511719,0.004233606,-14.628836,-14.639972,-3.236288,199.61748,1.2313678,2.3653804e-06,1.3014036,-1.571677,22.778858,0.9990692,0.22363281,0.004262044,-14.463767,-14.474695,-3.2850628,157.14305,0.8852313,8.131961e-06,28.259514,-0.27739978,-9.194338,0.46070755,1.0,0.9990425,0.19726562,0.0046856375,-13.922335,-13.932313,-3.7144513,2801.501,2.6192951,9.769308e-07,0.99903774,0.18066406,0.004714693,-13.712517,-13.722269,-3.736878,130.53548,0.44408503,2.3246857e-06,0.01577579264640808,38791.75638461113,850000
25.778793,-0.26274115,-9.116051,0.44113576,1.0,0.9990711,0.2734375,0.0041808435,-14.516098,-14.52721,-3.1469555,185.21823,1.2611005,3.6815243e-05,1.2860013,-0.95152557,18.555735,0.99907017,0.24707031,0.0042096307,-14.379327,-14.390282,-3.173089,172.30731,1.4123626,2.3111363e-05,45.862747,-0.23156407,-9.218022,0.46662837,1.0,0.9990282,0.19433594,0.0047015958,-14.083319,-14.093575,-3.5910296,267.96915,1.2820054,2.729195e-07,0.99902344,0.18164062,0.0047897953,-13.9516735,-13.961734,-3.6607697,2057.743,4.8155565,1.1975407e-06,0.01583379955291748,38870.92538404465,855000
28.044891,-0.22610654,-9.170588,0.45476964,1.0,0.999074,0.24414062,0.00429942,-14.655353,-14.666473,-3.2786102,113.54603,1.0962107,4.764199e-06,1.2524557,-0.83485675,17.556559,0.9990587,0.22558594,0.004350162,-14.342129,-14.352914,-3.3074071,153.10838,1.4071796,6.2380896e-06,29.520615,-0.28111517,-9.178598,0.45677257,1.0,0.9990444,0.18457031,0.0047375103,-14.145514,-14.155646,-3.7791502,4209.1763,2.7124376,1.6372733e-08,0.9990454,0.16894531,0.0047905613,-13.788606,-13.798372,-3.7975473,9542.806,10.461535,3.668875e-07,0.015901189661026,38950.4313352108,860000
34.496773,-0.17839275,-9.155916,0.45110217,1.0,0.9990635,0.22753906,0.004344074,-14.494957,-14.5058365,-3.3642588,126.443565,0.7261437,1.0983495e-05,3.0353942,-0.859992,20.57418,0.99906254,0.2109375,0.004406588,-14.306345,-14.316975,-3.4325716,85.74852,0.6654807,3.2953938e-06,34.954113,-0.29473186,-9.228842,0.4693336,1.0,0.9990339,0.18261719,0.0046780854,-14.223403,-14.233708,-3.6799955,288.31577,0.73442495,7.384014e-07,0.9990349,0.16308594,0.004721973,-13.975736,-13.985766,-3.7146306,783.45374,1.574321,9.369502e-06,0.015870474767684935,39029.783710479736,865000
27.401493,-0.25075898,-9.163532,0.4530059,1.0,0.9990616,0.24707031,0.004269366,-14.510298,-14.521274,-3.2825947,280.329,1.1051178,5.962716e-06,1.4480051,-1.2765195,15.2506485,0.999053,0.23339844,0.0043334053,-14.320703,-14.331449,-3.3277931,483.10684,1.4732733,1.2943779e-05,41.78922,-0.26622847,-9.20952,0.4645033,1.0,0.99904346,0.19628906,0.004713021,-14.126026,-14.13618,-3.7390406,401.6487,1.0006663,1.8772504e-08,0.99903965,0.17480469,0.0047590383,-13.910303,-13.920202,-3.784878,192.0032,0.7681252,1.1230837e-06,0.011834132146835328,39088.95437216759,870000
30.225903,-0.23046443,-9.104279,0.4381927,1.0,0.9990692,0.25,0.004294693,-14.583713,-14.594764,-3.2786603,159.58359,1.1638334,7.0356195e-06,0.9885032,-1.547838,22.393093,0.9990597,0.23925781,0.0043360195,-14.398913,-14.409752,-3.3121712,116.84849,1.0767868,8.255134e-05,33.6736,-0.22643715,-9.20662,0.46377796,1.0,0.99902153,0.18945312,0.0046489825,-14.289183,-14.2997055,-3.5245144,541.98096,2.0641928,2.4714945e-08,0.99902344,0.18066406,0.004697767,-14.119471,-14.129756,-3.5977821,1151.9424,2.6978452,5.780803e-09,0.009075861740112304,39134.33368444443,875000
31.979963,-0.22557463,-9.125181,0.44341826,1.0,0.9990616,0.27734375,0.0041378965,-14.386652,-14.397698,-3.085425,246.84578,0.96080935,5.4326315e-06,1.8571377,-1.6843536,20.227783,0.99904823,0.24023438,0.004190067,-14.243952,-14.254801,-3.1462436,340.5473,1.1784809,1.8479437e-06,37.311035,-0.22860712,-9.208584,0.46426892,1.0,0.99903584,0.18261719,0.004800773,-13.951903,-13.961906,-3.7189424,1134.1594,2.8670125,1.458709e-08,0.99903584,0.16601562,0.004805562,-13.726781,-13.73654,-3.7437115,897.4986,2.8672776,4.91104e-08,0.009068753910064698,39179.67745566368,880000
33.7121,-0.2120417,-9.135544,0.44600868,1.0,0.9990854,0.2578125,0.004207582,-14.587919,-14.599088,-3.1636329,641.8876,1.983058,7.71819e-06,1.1740186,-2.1372557,24.9962,0.9990711,0.23046875,0.0042722845,-14.446184,-14.457146,-3.232409,382.8449,1.5677931,1.0754251e-05,42.187134,-0.24706069,-9.162356,0.452712,1.0,0.99903107,0.16699219,0.004805849,-14.043937,-14.054049,-3.699615,17293.504,12.883433,6.8074957e-07,0.9990301,0.15527344,0.004796581,-13.836783,-13.846713,-3.6780128,677.74634,3.030065,5.8470914e-06,0.009056827068328858,39224.96159219742,885000
30.008303,-0.20062035,-9.095393,0.43597132,1.0,0.999074,0.2763672,0.0041833282,-14.622057,-14.633207,-3.2149348,111.54004,0.90008605,5.8876362e-06,0.78518564,-0.9300984,14.709806,0.9990759,0.2607422,0.004234177,-14.254131,-14.264866,-3.2717438,122.58136,0.79527676,2.1573603e-06,40.307304,-0.31389937,-9.140173,0.4471662,1.0,0.999033,0.17773438,0.0048357784,-14.09202,-14.102063,-3.8172913,1121.9176,1.8453311,2.2054822e-09,0.99903965,0.16308594,0.00482458,-13.7696705,-13.779392,-3.8234115,93.93137,0.69697714,6.9757596e-07,0.009090478897094727,39270.413989305496,890000
34.605404,-0.19892502,-9.162259,0.45268765,1.0,0.99906445,0.2626953,0.0041852547,-14.643818,-14.65504,-3.1645694,127.881775,0.8660817,2.8800584e-06,1.0589318,-1.1548508,20.489864,0.9990597,0.24316406,0.0042281626,-14.383372,-14.394306,-3.1983082,92.96514,0.9024475,5.8249175e-06,41.471313,-0.26120868,-9.184438,0.4582324,1.0,0.99904346,0.19238281,0.0045901043,-14.152464,-14.162804,-3.5749884,3140.5842,2.9405675,9.299514e-06,0.9990444,0.18652344,0.0046389173,-14.003778,-14.013926,-3.6231961,252.06354,1.4394569,1.1166331e-06,0.013903056859970092,39339.92927503586,895000
35.13881,-0.19395125,-9.169495,0.45449653,1.0,0.9990673,0.25195312,0.0041873814,-14.679955,-14.691212,-3.164034,836.10767,1.706514,1.3415113e-05,1.8101968,-1.8789599,22.627989,0.99906635,0.23339844,0.004272949,-14.405889,-14.416793,-3.250835,153.24408,0.967776,1.9651197e-06,25.261925,-0.32635418,-9.14674,0.448808,1.0,0.99901867,0.18847656,0.0046265265,-14.248831,-14.259331,-3.5084662,283.08554,1.4847456,2.4208179e-08,0.99901867,0.17773438,0.0046582883,-14.083902,-14.094231,-3.5179977,779.8373,2.7149353,7.886346e-06,0.015561487531661988,39417.73671412468,900000
33.95245,-0.21122847,-9.192494,0.46024653,1.0,0.99907494,0.26464844,0.004141596,-14.767794,-14.779238,-3.0609372,218.75844,1.2974465,1.0620348e-05,1.3531697,-1.5252126,24.24523,0.99905777,0.24414062,0.0042267987,-14.457855,-14.468937,-3.1218214,423.38165,1.7090555,1.6426058e-05,33.55805,-0.31436014,-9.199253,0.4619363,1.0,0.99902916,0.20507812,0.0046590087,-14.238866,-14.249344,-3.520049,2017.3027,3.7868354,4.3882574e-06,0.999032,0.18945312,0.004696708,-13.947075,-13.9572315,-3.5561118,1312.1445,2.9048874,3.863057e-05,0.4881124135017395,41858.298785448074,905000
27.877605,-0.2596243,-9.169822,0.45457846,1.0,0.99907017,0.27539062,0.004229838,-14.709959,-14.7212515,-3.1591544,457.1504,1.7334259,1.6279827e-06,2.0062404,-3.42017,27.43047,0.99906826,0.24511719,0.0042769266,-14.478086,-14.489096,-3.2163467,661.62537,2.088191,4.578348e-06,37.48494,-0.24440643,-9.18037,0.45721564,1.0,0.9990349,0.20117188,0.0047229505,-14.063109,-14.073309,-3.6292014,781.58734,2.2410781,1.1229225e-07,0.99902916,0.19335938,0.004773261,-13.897497,-13.907466,-3.7005167,414.73526,1.3062664,1.954787e-06,0.02274666323661804,41972.03210282326,910000
34.648064,-0.19938484,-9.153752,0.4505611,1.0,0.99907017,0.23339844,0.004295856,-14.711626,-14.722847,-3.2315075,278.95596,1.7963951,2.5007937e-05,1.1152775,-2.0325897,19.34145,0.999074,0.21875,0.0043425895,-14.576868,-14.5878935,-3.2984195,610.36334,1.8845098,2.5121599e-05,35.334534,-0.23858382,-9.119677,0.44204205,1.0,0.99903107,0.18847656,0.004734082,-14.074842,-14.085023,-3.6595254,1280.3376,2.0632951,6.5820745e-11,0.9990206,0.16601562,0.0047828844,-13.970658,-13.980726,-3.6715124,1517.9545,3.3299582,2.5004063e-06,0.022671225309371948,42085.38823080063,915000
25.6673,-0.21449047,-9.122284,0.442694,1.0,0.9990692,0.27929688,0.0041943304,-14.49996,-14.511013,-3.192662,431.4654,1.1269855,7.654885e-06,0.8198945,-1.3153116,14.361813,0.99906445,0.24414062,0.0042774426,-14.34007,-14.350877,-3.2851276,77.87021,0.90594566,2.807076e-06,32.927845,-0.27379644,-9.192442,0.46023345,1.0,0.99901104,0.20117188,0.004709662,-14.026002,-14.036251,-3.540801,720.66266,1.8431195,1.0178974e-06,0.99901104,0.17480469,0.0047355397,-13.833216,-13.843225,-3.5938575,1118.7775,2.072658,1.8618737e-05,0.022660321712493898,42198.68984436989,920000
37.60849,-0.18599857,-9.176906,0.45634925,1.0,0.99906445,0.2705078,0.0042486554,-14.613432,-14.624561,-3.2292218,285.3292,0.88526165,2.2384093e-05,0.9660037,-1.1640195,18.840052,0.99906826,0.23339844,0.004316856,-14.313095,-14.32382,-3.3424997,107.24455,0.621575,2.472841e-06,39.53788,-0.23693404,-9.199001,0.46187335,1.0,0.999033,0.19140625,0.0045857276,-14.300427,-14.310996,-3.488377,7145.057,5.6399336,3.2750822e-06,0.99902725,0.1875,0.004620337,-13.958876,-13.969076,-3.5239816,626.29126,2.3846302,8.863691e-07,0.022887094688415526,42313.12531924248,925000
30.083763,-0.23040795,-9.126329,0.44370523,1.0,0.999074,0.2841797,0.0041689896,-14.774255,-14.7856,-3.16788,437.0329,1.085743,2.755188e-06,2.041151,-1.5390737,20.997932,0.99906826,0.25878906,0.0042141136,-14.570283,-14.581365,-3.2336044,127.423615,1.1495478,4.391785e-05,33.658306,-0.27406168,-9.160967,0.45236486,1.0,0.99901485,0.18261719,0.004768851,-14.327997,-14.338454,-3.631641,358.05505,1.0187864,7.973644e-07,0.99901485,0.17089844,0.004823751,-14.002391,-14.012457,-3.7056715,1695.7706,2.891787,3.0559414e-07,0.016209673690795897,42394.17369055748,930000
30.35862,-0.25709018,-9.129027,0.4443797,1.0,0.99905777,0.24707031,0.004274405,-14.48794,-14.498904,-3.271161,533.72595,1.2505691,3.6673395e-05,0.761245,-1.0608072,17.264591,0.99905777,0.23339844,0.004307351,-14.249987,-14.260688,-3.3035965,776.96216,1.6945187,3.2476422e-05,39.955547,-0.20672242,-9.15176,0.45006305,1.0,0.99902725,0.19140625,0.0046471166,-14.381226,-14.391789,-3.5748882,298.8504,1.5136725,3.4849403e-08,0.9990225,0.18164062,0.0046916227,-14.1658325,-14.176153,-3.6067817,2495.5554,3.7919269,4.6476288e-07,0.015918943548202516,42473.768409729004,935000
30.936787,-0.18730852,-9.185815,0.45857662,1.0,0.9990692,0.27539062,0.0041289236,-14.727201,-14.738592,-3.072713,250.89282,1.8875065,1.3250114e-05,1.0796602,-0.7103771,17.172094,0.9990759,0.25683594,0.004175796,-14.44225,-14.453279,-3.160687,266.37488,1.2724338,1.0753677e-05,35.734695,-0.28203708,-9.160288,0.45219475,1.0,0.99904346,0.18457031,0.004605708,-14.184229,-14.194604,-3.5705307,4012.7905,3.1117492,2.8705736e-06,0.99903774,0.18359375,0.004639372,-13.945519,-13.955599,-3.6342845,142.7922,0.9770955,2.1455749e-06,0.015811510133743285,42552.82596158981,940000
37.006805,-0.23821801,-9.159409,0.45197514,1.0,0.9990721,0.28808594,0.004160808,-14.526156,-14.537317,-3.107461,191.04019,1.1471975,4.2356834e-05,2.2724125,-1.9649168,26.903723,0.99906635,0.23925781,0.00423288,-14.288369,-14.299248,-3.159984,180.4678,1.1945162,6.404682e-05,37.690178,-0.27728283,-9.217892,0.46659577,1.0,0.9990387,0.19726562,0.0046192333,-14.267519,-14.277987,-3.559144,20010.314,12.298808,2.037497e-06,0.999033,0.18652344,0.0046340604,-14.07162,-14.081854,-3.603149,228.30145,1.5475433,3.5389598e-06,0.015950616359710693,42632.57904624939,945000
26.636719,-0.26917386,-9.150156,0.44966188,1.0,0.9990673,0.28027344,0.0041111745,-14.698549,-14.709931,-3.0550032,132.47519,1.1685022,4.064316e-06,1.0180515,-1.1002603,16.385529,0.9990616,0.25097656,0.0041493913,-14.3980255,-14.409106,-3.062177,155.46596,1.4582338,7.0761816e-06,39.28483,-0.28357995,-9.183792,0.45807105,1.0,0.999033,0.19140625,0.004713405,-14.188192,-14.198558,-3.5837026,1386.3945,3.5518146,1.12555355e-07,0.9990263,0.17382812,0.0047690165,-13.971916,-13.982011,-3.6444736,143.1979,1.2009342,7.4388833e-09,0.01573906683921814,42711.27438354492,950000
33.949066,-0.1770035,-9.135176,0.4459169,1.0,0.9990654,0.24707031,0.004196316,-14.820563,-14.831934,-3.1883855,75.705795,0.7423637,1.21181e-05,2.1423917,-2.6526241,21.664955,0.99905777,0.22558594,0.0042545544,-14.54942,-14.560442,-3.2750654,59.99385,0.60254395,5.153145e-06,36.826088,-0.22329241,-9.229454,0.4694866,1.0,0.9990206,0.17773438,0.00467204,-14.389567,-14.400169,-3.544794,1595.4291,2.9383605,3.953882e-07,0.9990158,0.15625,0.0047075725,-14.19592,-14.206266,-3.6115339,989.23193,1.8990357,1.442654e-06,0.015880421876907348,42790.676495075226,955000
37.435287,-0.18212324,-9.133726,0.44555435,1.0,0.9990759,0.2685547,0.004200735,-14.911518,-14.922992,-3.1727734,153.91827,1.0881137,4.085715e-05,1.1397833,-1.4945136,21.012728,0.9990635,0.23730469,0.004270655,-14.659243,-14.670397,-3.248701,68.11498,0.9261985,4.5359184e-06,35.612316,-0.23863564,-9.191616,0.46002716,1.0,0.9990425,0.18164062,0.004678146,-14.08651,-14.096711,-3.649745,287.73853,0.793962,4.7862586e-06,0.99903965,0.17382812,0.0047101453,-13.760603,-13.770446,-3.6912923,559.12555,1.1375933,1.9037568e-06,0.016052548933029175,42870.93924117088,960000
29.137314,-0.21632032,-9.11135,0.4399604,1.0,0.99907875,0.24804688,0.004307092,-14.674847,-14.685963,-3.3040998,217.18837,1.963605,8.502803e-06,1.5451818,-0.7786881,17.664553,0.99906826,0.24414062,0.00431748,-14.481686,-14.492609,-3.3068671,520.4711,2.0832453,2.7708153e-05,39.93911,-0.28152114,-9.185243,0.45843375,1.0,0.9990406,0.19921875,0.0046992344,-14.263315,-14.273714,-3.624201,1386.8586,3.3111916,1.551238e-06,0.99903774,0.18164062,0.004748203,-14.073157,-14.08331,-3.686566,396.48297,1.9467914,4.2713255e-06,0.016043366718292235,42951.15607595444,965000
33.120304,-0.23276168,-9.083099,0.43289787,1.0,0.99907494,0.27539062,0.0041688895,-14.771717,-14.783056,-3.17178,204.11618,1.0832176,2.5766599e-06,2.0448644,-1.2596009,21.068207,0.99906826,0.25390625,0.0041864486,-14.597257,-14.608436,-3.1617508,123.59446,1.2055131,1.7249726e-05,34.77023,-0.25831836,-9.131458,0.4449876,1.0,0.99903774,0.18261719,0.004719074,-14.233837,-14.244148,-3.6848578,1263.8635,1.8974426,9.167749e-07,0.99903584,0.17382812,0.004703372,-14.072111,-14.082291,-3.6569266,732.64594,2.3332055,5.0580934e-06,0.015982758951187132,43031.06987404823,970000
31.551601,-0.22407821,-9.155828,0.45108023,1.0,0.9990721,0.24414062,0.0042677154,-14.637712,-14.648893,-3.1991153,337.81915,1.6330426,2.2035316e-05,1.0668001,-0.81450695,18.976784,0.9990597,0.23046875,0.004297157,-14.352024,-14.362881,-3.2457047,226.89159,1.6891541,3.3558405e-05,35.677643,-0.25595093,-9.162189,0.45267004,1.0,0.9990158,0.21191406,0.004676702,-14.225419,-14.235897,-3.5070863,2141.8435,3.3646827,1.7076268e-06,0.9990139,0.19140625,0.0047249123,-13.99728,-14.007491,-3.551158,3269.7793,7.546542,2.0034223e-07,0.01457752389907837,43103.95749473572,975000
26.515018,-0.24859641,-9.125544,0.44350868,1.0,0.9990568,0.25390625,0.004348753,-14.660649,-14.671695,-3.3625498,351.4504,1.0963606,1.0544862e-06,0.91574323,-1.4258676,14.13218,0.99905777,0.23339844,0.0044078305,-14.471924,-14.482734,-3.4121718,112.36228,1.2075993,4.8947595e-06,32.470047,-0.26911423,-9.200773,0.46231627,1.0,0.99902725,0.19628906,0.004689966,-14.324094,-14.334537,-3.6412125,312.561,1.1970612,2.1759142e-07,0.9990244,0.17480469,0.0047602155,-14.16846,-14.178695,-3.6983833,344.5425,1.6742945,2.1392818e-06,0.009081770849227904,43149.36635017395,980000
25.829552,-0.25499994,-9.128486,0.44424438,1.0,0.9990549,0.23730469,0.004289701,-14.805156,-14.816457,-3.2442644,419.40756,2.257487,5.9720433e-06,1.2040898,-0.9906098,17.624264,0.9990635,0.23242188,0.0043279678,-14.591974,-14.60304,-3.2719169,185.61264,1.5753548,1.382995e-05,29.642355,-0.31454223,-9.147657,0.44903752,1.0,0.9990387,0.1796875,0.004642025,-14.152637,-14.162941,-3.6114259,208.92975,0.8753452,3.2010996e-07,0.99903965,0.17871094,0.004699089,-13.9285145,-13.938596,-3.615416,709.06195,2.7433813,3.5303994e-05,0.009062135076522827,43194.67702746391,985000
24.33906,-0.26138923,-9.162326,0.45270443,1.0,0.9990635,0.2529297,0.0042998195,-14.7299,-14.741075,-3.2985218,347.1069,1.3302362,2.0336613e-06,1.8599104,-1.0515879,17.428783,0.99906254,0.22753906,0.0043606344,-14.419378,-14.430187,-3.361268,1042.8093,2.1454706,1.9919603e-06,45.53733,-0.24519831,-9.173091,0.45539567,1.0,0.9990425,0.19238281,0.0047310884,-14.160513,-14.1706915,-3.7480836,229.80258,0.82492393,2.038879e-06,0.99903774,0.16308594,0.0047651054,-13.966723,-13.976682,-3.7797482,4066.7227,4.637894,6.7098636e-06,0.009023674535751343,43239.79540133476,990000
32.802586,-0.21812451,-9.172438,0.4552325,1.0,0.9990711,0.29589844,0.0041964524,-14.652277,-14.663466,-3.2045524,370.7876,1.4121417,5.3050185e-06,1.37623,-1.0719005,20.505392,0.99907017,0.25097656,0.004223861,-14.508078,-14.519104,-3.2300997,621.7559,1.9801886,6.4185283e-06,25.784763,-0.26190487,-9.204796,0.46332186,1.0,0.9990301,0.19042969,0.0047097835,-14.061478,-14.071587,-3.719285,2179.3872,3.1064315,1.471084e-06,0.999032,0.17480469,0.0047238832,-13.882031,-13.891955,-3.7291546,1399.243,2.2971802,2.8193822e-08,0.009036330652236938,43284.97705793381,995000
33.444866,-0.19079414,-9.17664,0.45628294,1.0,0.99906445,0.26171875,0.0042712972,-14.6505375,-14.661692,-3.2400281,500.75165,1.5167499,2.3950472e-05,1.9970673,-1.2981087,24.0767,0.99906254,0.22753906,0.004329913,-14.442747,-14.453623,-3.3165202,267.27417,1.4619844,2.6404844e-06,33.399708,-0.25410926,-9.197593,0.4615211,1.0,0.9990206,0.20410156,0.0046949703,-14.124522,-14.134826,-3.584146,620.3898,2.3545616,6.7090923e-07,0.9990206,0.18164062,0.0047380906,-13.909714,-13.919742,-3.6517565,805.4503,2.4727314,1.2985861e-06,0.009069113826751709,43330.32262825966,1000000
