training/actor/actor_loss,training/actor/adv,training/actor/bc_log_prob,training/actor/mse,training/actor/std,training/critic/binary_accuracy,training/critic/categorical_accuracy,training/critic/contrastive_loss,training/critic/logits,training/critic/logits_neg,training/critic/logits_pos,training/critic/v_max,training/critic/v_mean,training/critic/v_min,training/grad/max,training/grad/min,training/grad/norm,training/value/binary_accuracy,training/value/categorical_accuracy,training/value/contrastive_loss,training/value/logits,training/value/logits_neg,training/value/logits_pos,training/value/v_max,training/value/v_mean,training/value/v_min,validation/actor/actor_loss,validation/actor/adv,validation/actor/bc_log_prob,validation/actor/mse,validation/actor/std,validation/critic/binary_accuracy,validation/critic/categorical_accuracy,validation/critic/contrastive_loss,validation/critic/logits,validation/critic/logits_neg,validation/critic/logits_pos,validation/critic/v_max,validation/critic/v_mean,validation/critic/v_min,validation/value/binary_accuracy,validation/value/categorical_accuracy,validation/value/contrastive_loss,validation/value/logits,validation/value/logits_neg,validation/value/logits_pos,validation/value/v_max,validation/value/v_mean,validation/value/v_min,time/epoch_time,time/total_time,step
114.355896,-0.014370916,-9.501188,0.5374199,1.0,0.4345703,0.0029296875,0.81757647,0.070145994,0.07000343,0.2159857,19.677877,1.7964933,0.060461182,3.6760654,-2.279268,120.27933,0.67205906,0.0,0.6189942,-0.33101445,-0.33099037,-0.35558867,16.744215,0.9181841,0.065352015,107.39523,0.041712463,-9.448278,0.52419245,1.0,0.9843521,0.0029296875,0.06701589,-5.044102,-5.0438857,-5.265545,10.417696,0.114463255,2.8572984e-05,0.9777765,0.0009765625,0.06375581,-5.55752,-5.557114,-5.9724536,9.157355,0.07474372,1.8127086e-05,0.018816761016845703,94.08380675315857,1
17.345406,-0.23103008,-8.578043,0.30663374,1.0,0.99903965,0.10644531,0.0056193713,-10.464645,-10.470243,-4.7367315,3.6909993,0.0773234,6.461603e-07,0.20384084,-0.20653461,6.600215,0.99903774,0.11035156,0.0055789095,-10.248917,-10.254353,-4.68822,3.516919,0.08318718,1.1483536e-06,16.772278,-0.2418634,-8.515277,0.29094222,1.0,0.9989548,0.078125,0.0057659126,-10.479852,-10.4854355,-4.767587,17.038036,0.11049149,7.726788e-07,0.99896145,0.0859375,0.0057260673,-10.265183,-10.270617,-4.7071896,5.326847,0.094558366,2.0181853e-06,0.22660349168777466,1227.1012666225433,5000
29.643559,-0.08098427,-8.479891,0.28209567,1.0,0.9990444,0.16015625,0.0051369853,-10.494644,-10.500782,-4.216319,15.27086,0.174658,1.679575e-05,0.4432438,-0.42986786,11.424801,0.99903965,0.13574219,0.0052006715,-10.231233,-10.237019,-4.313427,10.303152,0.17872393,1.2443401e-05,29.733332,-0.13694043,-8.531898,0.2950973,1.0,0.99894905,0.107421875,0.0054520927,-10.270083,-10.27595,-4.268899,23.117733,0.2765038,5.935936e-06,0.99888515,0.111328125,0.005528829,-9.983421,-9.988969,-4.308307,12.299519,0.2430301,1.5455063e-05,0.23226117711067198,2388.407154560089,10000
27.706337,-0.14221598,-8.467129,0.27890536,1.0,0.99906063,0.15722656,0.005113773,-10.575456,-10.581715,-4.1726484,53.582813,0.2658086,3.9598726e-06,0.63574004,-0.5344602,10.1293,0.99906254,0.15429688,0.00517226,-10.218831,-10.224695,-4.2196994,11.832652,0.22003415,6.74544e-06,36.358097,-0.13813001,-8.496442,0.28623325,1.0,0.9988804,0.13476562,0.0055935946,-10.4393635,-10.445455,-4.2079387,43.48299,0.46780545,1.7184072e-06,0.99884415,0.12597656,0.0057876017,-10.082129,-10.0878315,-4.2486553,51.52979,0.81720996,1.6514435e-06,0.14419596252441405,3109.3869717121124,15000
32.160614,-0.1776436,-8.453096,0.275397,1.0,0.9990597,0.17480469,0.0048878454,-10.871223,-10.877929,-4.011968,35.271267,0.34377956,5.9318e-06,0.66982555,-0.7763839,13.852379,0.99906063,0.16992188,0.0049738707,-10.555371,-10.561711,-4.0697885,71.21359,0.46652547,8.799885e-06,41.060463,-0.14551404,-8.456488,0.27624485,1.0,0.99889374,0.13964844,0.0053667235,-10.737864,-10.744425,-4.0259666,47.74231,0.50326186,3.6853164e-06,0.9988823,0.13378906,0.0055578086,-10.455803,-10.462013,-4.10182,50.88907,0.7880196,8.197976e-06,0.00799694652557373,3149.37171125412,20000
35.431873,-0.10031254,-8.4487,0.274298,1.0,0.999053,0.17871094,0.004879938,-10.8206005,-10.827423,-3.841222,200.95961,0.5669944,2.6225757e-06,1.0666795,-0.6229949,15.598344,0.9990568,0.16894531,0.0049829967,-10.472347,-10.47872,-3.9528532,161.36397,0.553533,1.560473e-06,37.641624,-0.17363745,-8.465784,0.27856895,1.0,0.998888,0.15039062,0.005224471,-10.86473,-10.871579,-3.8576307,200.96355,0.7488228,8.907301e-06,0.9988518,0.14257812,0.005342958,-10.532344,-10.538807,-3.9215574,130.35043,0.98710483,2.0492489e-05,0.1253330280303955,3776.0368542671204,25000
41.708427,-0.16213147,-8.409153,0.26441115,1.0,0.99906063,0.18359375,0.0048614317,-10.961422,-10.968357,-3.8675847,101.83632,0.43618852,4.8784023e-06,0.6713696,-0.7902975,18.011944,0.99906254,0.17285156,0.004912532,-10.610779,-10.617302,-3.9374466,41.748825,0.380323,2.8583024e-06,36.650818,-0.17279363,-8.428094,0.26914638,1.0,0.99887085,0.13769531,0.0052629365,-10.865313,-10.872043,-3.9808369,36.363037,0.32327312,2.381418e-05,0.9988594,0.1328125,0.00539955,-10.556053,-10.562416,-4.0464168,32.545723,0.41926944,5.9140802e-06,0.005517371416091919,3803.62371635437,30000
42.06727,-0.13892424,-8.385685,0.25854436,1.0,0.9990711,0.2109375,0.0048039802,-11.209383,-11.216619,-3.8075466,37.04414,0.45980123,2.410612e-06,0.76016235,-1.2071303,17.87928,0.99906826,0.20214844,0.004876434,-10.947439,-10.954326,-3.9021852,182.56306,0.6875907,1.0743908e-05,43.98173,-0.14466879,-8.412871,0.26534086,1.0,0.99888515,0.15234375,0.0052282615,-11.220064,-11.227256,-3.8620615,109.35455,0.7341791,1.9309077e-06,0.9988766,0.14453125,0.0053091887,-10.979793,-10.986683,-3.9304528,208.52686,0.8812499,1.05868e-06,0.13080533709526063,4457.650408029556,35000
42.946255,-0.15182766,-8.407173,0.26391613,1.0,0.99905396,0.17285156,0.0047779004,-11.190223,-11.19743,-3.816343,48.752384,0.3857184,1.4912627e-05,1.641487,-0.8497842,21.304169,0.99905396,0.17675781,0.004862282,-10.864403,-10.871197,-3.9138882,801.2205,1.1783838,4.7127555e-06,42.9392,-0.16225988,-8.414796,0.26582175,1.0,0.99893856,0.15917969,0.0051965276,-11.16878,-11.175795,-3.9938684,73.910965,0.5519518,1.7558523e-05,0.99892807,0.13769531,0.0054231253,-10.802753,-10.809298,-4.1082706,140.1562,0.9099195,1.7549003e-06,0.011303009176254273,4514.165460586548,40000
33.0796,-0.16817652,-8.429864,0.269589,1.0,0.99906254,0.203125,0.0046925424,-11.48099,-11.488587,-3.7082815,27.549063,0.3309207,8.633006e-06,0.8312248,-0.5681221,13.14575,0.99905777,0.19433594,0.0047834795,-11.047951,-11.055042,-3.7924862,63.544353,0.37145457,2.4021429e-05,35.35002,-0.18824162,-8.4093075,0.26444995,1.0,0.9989357,0.14746094,0.0051605254,-11.308397,-11.31565,-3.888783,61.622787,0.5868217,2.599525e-06,0.998929,0.14453125,0.005275238,-10.899971,-10.9067745,-3.9402013,94.031395,0.7223432,1.538737e-05,0.14738664221763612,5251.098673343658,45000
41.973564,-0.14483741,-8.381517,0.25750238,1.0,0.9990635,0.18554688,0.0047581336,-11.397581,-11.405021,-3.7872243,55.52717,0.42550278,3.2882912e-05,0.9377746,-1.224591,20.519669,0.9990635,0.1875,0.00483457,-10.954237,-10.961159,-3.8728294,64.64064,0.38563874,3.6912734e-05,42.861866,-0.18621668,-8.410026,0.26462942,1.0,0.9988556,0.14257812,0.0052998904,-11.364904,-11.372266,-3.835174,70.53152,0.6276395,3.4251807e-06,0.9987917,0.14453125,0.0055715237,-10.969817,-10.976737,-3.8906584,80.94796,1.111871,5.1312836e-06,0.008038001537322998,5291.288685321808,50000
41.913857,-0.12731676,-8.407969,0.26411512,1.0,0.9990759,0.22265625,0.004611263,-11.598447,-11.606303,-3.561864,59.020123,0.5009635,5.3933677e-06,0.8394041,-0.8894623,18.587357,0.9990835,0.21386719,0.004675017,-11.115609,-11.122913,-3.643488,50.03103,0.4755634,1.2929629e-05,43.35798,-0.17743868,-8.3792,0.25692314,1.0,0.9989338,0.13574219,0.005180451,-11.436174,-11.44364,-3.797618,115.25407,0.8434081,3.1515028e-06,0.99887943,0.12695312,0.0054183183,-10.908291,-10.915189,-3.8525677,146.90248,1.1625676,9.617644e-06,0.15020044260025026,6042.290901899338,55000
30.347477,-0.22095475,-8.381287,0.25744432,1.0,0.99907017,0.19433594,0.0047233813,-11.472761,-11.480358,-3.7019963,138.67099,0.57478404,7.87493e-06,1.2514932,-0.9129263,17.61554,0.9990654,0.19238281,0.0047729304,-11.07524,-11.082383,-3.7680228,32.015285,0.5133744,2.6199548e-05,38.78991,-0.19270527,-8.42662,0.2687781,1.0,0.99894047,0.15625,0.005163939,-11.48324,-11.490789,-3.7610698,311.32907,1.1319207,6.286164e-06,0.99892807,0.15039062,0.0052178167,-11.092276,-11.09932,-3.8870459,45.6382,0.5732194,4.6881698e-07,0.007973231029510497,6082.157063007355,60000
44.62776,-0.12243326,-8.378133,0.25665617,1.0,0.9990635,0.19824219,0.0047073076,-11.680361,-11.68816,-3.7025228,52.85963,0.47090974,6.4888454e-06,1.3173654,-0.8167899,20.505692,0.9990635,0.18359375,0.004801252,-11.276403,-11.283674,-3.836539,74.67801,0.46020222,2.7516749e-06,35.655605,-0.22905073,-8.430525,0.2697541,1.0,0.99891186,0.16992188,0.005194446,-11.596685,-11.6043215,-3.7848387,199.12238,0.7202469,1.3132158e-06,0.99891853,0.14355469,0.0053023566,-11.258865,-11.266108,-3.8490734,79.37714,0.92491484,1.6454844e-05,0.007693814325332641,6120.6261394023895,65000
35.500214,-0.18831374,-8.365927,0.25360453,1.0,0.99907684,0.22558594,0.0045463433,-11.753496,-11.761528,-3.5371723,125.9652,0.54757524,1.5793818e-05,0.7062662,-0.92677355,15.995342,0.99907494,0.22949219,0.0046350434,-11.348881,-11.356471,-3.5841432,60.952625,0.55676496,5.1286144e-05,37.935814,-0.24438596,-8.421397,0.26747224,1.0,0.99879646,0.15527344,0.0053375214,-11.635899,-11.643556,-3.8030643,104.43191,0.82060015,1.4106165e-07,0.9988394,0.13867188,0.0053295637,-11.295189,-11.302463,-3.8543186,72.837326,0.58322275,9.274551e-07,0.009312340354919433,6167.187845945358,70000
38.426777,-0.18503417,-8.373825,0.2555792,1.0,0.99906254,0.234375,0.0046184617,-11.736853,-11.744765,-3.6423914,124.37424,0.40307438,1.0711951e-06,1.137182,-0.70318925,15.659241,0.9990597,0.20703125,0.0046682213,-11.300672,-11.308089,-3.7124715,98.648186,0.5211172,9.367126e-06,47.13702,-0.18238875,-8.401838,0.26258248,1.0,0.99889946,0.15429688,0.0052450225,-11.644653,-11.652182,-3.9431052,60.847095,0.4785565,3.9961765e-07,0.99891186,0.13867188,0.0053010182,-11.1483,-11.155246,-4.042507,25.150196,0.3645092,4.41864e-08,0.011469351816177368,6224.534609079361,75000
41.846504,-0.20595978,-8.388845,0.25933433,1.0,0.99906826,0.20117188,0.004657856,-11.837702,-11.845633,-3.7246304,47.330566,0.4020425,3.6521364e-05,1.2537535,-1.1943619,20.319279,0.99906635,0.19140625,0.0047304058,-11.334143,-11.341544,-3.7627518,21.746601,0.37324876,1.9895102e-05,41.56551,-0.24287806,-8.3895035,0.25949866,1.0,0.9988127,0.15917969,0.005411079,-11.770708,-11.778424,-3.8751326,248.32991,0.86580557,3.7139142e-07,0.99884987,0.14257812,0.0053535313,-11.240543,-11.247668,-3.9513378,33.694954,0.45637187,1.7602927e-06,0.17465418305397035,7097.805530309677,80000
33.209377,-0.2367078,-8.350724,0.2498041,1.0,0.9990759,0.22558594,0.0046130824,-11.968834,-11.976971,-3.6442103,28.497173,0.3961696,4.0575247e-05,0.58133906,-0.55110097,12.219621,0.9990692,0.19726562,0.004695126,-11.539173,-11.546799,-3.739293,42.100067,0.4001205,1.6624628e-05,39.65238,-0.26232716,-8.395025,0.26087928,1.0,0.9989147,0.17089844,0.0050087804,-11.782805,-11.790579,-3.831044,60.46151,0.3477702,3.0553513e-06,0.99893856,0.15039062,0.0050954088,-11.32941,-11.3366585,-3.9134843,49.484028,0.45922375,3.12176e-06,0.011539784002304078,7155.504455089569,85000
32.912514,-0.23504443,-8.354061,0.25063825,1.0,0.99907017,0.21289062,0.0045400243,-12.021189,-12.02944,-3.5796165,91.835815,0.6130512,2.5033216e-06,1.2590257,-0.7491504,16.80783,0.99906254,0.20605469,0.0045982227,-11.57794,-11.585701,-3.639843,38.831512,0.52232313,1.1531732e-05,45.67694,-0.2657596,-8.376523,0.25625372,1.0,0.9987812,0.15820312,0.0053306245,-11.94825,-11.956264,-3.7508867,104.95469,0.68022305,9.8375715e-08,0.9987774,0.13671875,0.005588775,-11.520328,-11.527825,-3.850062,205.52512,1.169661,2.3571564e-08,0.0146418071269989,7228.713496208191,90000
36.641483,-0.24721931,-8.402967,0.26286483,1.0,0.99906635,0.23046875,0.0045954576,-11.994394,-12.002532,-3.6690252,41.59934,0.3619242,3.9326802e-05,1.1414206,-0.6124994,17.229277,0.99907017,0.20703125,0.004651454,-11.509859,-11.517485,-3.7091122,35.647003,0.3931866,1.1130188e-05,39.969215,-0.27897948,-8.379542,0.25700846,1.0,0.9989672,0.1640625,0.0050724084,-11.813317,-11.82108,-3.8725705,138.99312,0.6247066,3.7449135e-07,0.9989681,0.14941406,0.0051928256,-11.338587,-11.3458,-3.9586132,80.81059,0.752087,2.3897642e-06,0.014941496753692628,7303.420985460281,95000
29.753193,-0.25991496,-8.364686,0.25329447,1.0,0.9990759,0.23730469,0.004486894,-12.219624,-12.228134,-3.5134726,181.31543,0.7608338,1.0297984e-05,0.90671414,-0.5245222,14.17346,0.9990711,0.21777344,0.0045190263,-11.702301,-11.710282,-3.5369632,73.24894,0.6543555,3.8827173e-05,39.07446,-0.2320331,-8.348677,0.2492924,1.0,0.9988632,0.16601562,0.0051773647,-11.933898,-11.94186,-3.7889333,405.86325,1.0823407,3.41722e-06,0.9988642,0.15527344,0.0052672233,-11.442379,-11.449788,-3.86336,97.770325,0.6667211,6.87437e-06,0.014928833770751953,7378.065158605576,100000
36.070442,-0.23800123,-8.366144,0.253659,1.0,0.9990721,0.22949219,0.004601119,-11.845104,-11.853247,-3.5153913,246.39339,0.6987625,2.3598093e-07,1.1066242,-0.7648945,16.724365,0.99907017,0.2109375,0.0046485793,-11.354769,-11.36234,-3.6092157,34.147827,0.524007,7.203591e-06,49.109055,-0.23534408,-8.390547,0.25975958,1.0,0.9989395,0.171875,0.005109948,-11.848472,-11.856291,-3.85002,275.29865,0.73103344,2.6018628e-07,0.9989176,0.16210938,0.00517272,-11.408447,-11.415778,-3.909244,47.17024,0.48162585,1.957619e-06,0.1724240209579468,8240.185271501541,105000
38.356148,-0.20491496,-8.3658905,0.25359547,1.0,0.999074,0.24609375,0.0045334487,-12.066753,-12.075091,-3.5372336,119.864815,0.7604453,1.1304461e-05,1.1992526,-0.68999356,18.449541,0.99908257,0.21972656,0.004575241,-11.573523,-11.581355,-3.5599198,106.68849,0.71336496,1.2908117e-05,48.34922,-0.30278888,-8.357092,0.25139603,1.0,0.9988251,0.14453125,0.0052269176,-12.053318,-12.06136,-3.82544,126.81818,0.58120394,5.8156843e-07,0.99883366,0.140625,0.0052696317,-11.58303,-11.590556,-3.8833556,339.1866,0.7656606,5.038763e-08,0.01149261679649353,8297.648359775543,110000
38.685642,-0.22455595,-8.335194,0.24592145,1.0,0.9990692,0.21582031,0.0045463583,-12.101433,-12.109778,-3.5646853,71.932945,0.4254884,8.281278e-06,2.398655,-0.77069044,21.819221,0.99906445,0.20800781,0.0046301754,-11.633953,-11.641738,-3.6703649,72.59464,0.45220268,2.4642588e-05,33.689648,-0.31535482,-8.380934,0.25735635,1.0,0.99893284,0.15234375,0.0052073123,-11.832489,-11.840223,-3.919869,251.67285,0.9082661,2.0083109e-08,0.99892235,0.15234375,0.0052529476,-11.4146805,-11.421976,-3.9517355,1145.8761,1.9868251,3.7627615e-08,0.011700536823272704,8356.151047945023,115000
39.473686,-0.24252224,-8.367872,0.25409102,1.0,0.999073,0.25683594,0.0044920784,-12.227146,-12.235675,-3.5029497,70.524925,0.5517457,9.035672e-06,1.3701593,-0.8760064,20.181389,0.9990587,0.22851562,0.004560798,-11.7354555,-11.7434635,-3.5426884,72.72828,0.60374606,6.2462927e-06,40.544495,-0.2718607,-8.355755,0.25106162,1.0,0.9989815,0.16796875,0.005061296,-11.956913,-11.964779,-3.9098775,128.65813,0.68155575,2.8101792e-07,0.9989672,0.15136719,0.005115696,-11.4653225,-11.472664,-3.956077,109.67853,0.64771354,7.886462e-07,0.014937496662139893,8430.838540315628,120000
40.177746,-0.24085848,-8.353389,0.2504701,1.0,0.99906826,0.23828125,0.0045525497,-12.219607,-12.228103,-3.5295057,332.22165,0.845834,7.360012e-07,1.2585703,-1.0789491,19.53949,0.99906826,0.23632812,0.004618124,-11.756861,-11.7648115,-3.623505,48.055767,0.48181948,1.1026145e-05,54.16203,-0.23551393,-8.404942,0.2633584,1.0,0.998929,0.15136719,0.0052178167,-11.848671,-11.8563795,-3.9627817,281.92892,0.7070059,4.1247418e-08,0.9989319,0.14941406,0.005287414,-11.442133,-11.449371,-4.036279,92.77738,0.4941998,2.1327867e-07,0.01495346999168396,8505.605896234512,125000
42.73584,-0.2243079,-8.365623,0.25352898,1.0,0.9990492,0.23535156,0.0045762043,-12.289113,-12.29761,-3.5962973,174.97102,0.5304301,8.840463e-06,0.9527635,-1.0866785,19.546711,0.9990444,0.21679688,0.00463969,-11.82996,-11.837969,-3.6370573,130.71298,0.56124717,1.2469285e-05,58.067574,-0.2011094,-8.390442,0.2597335,1.0,0.9988909,0.15332031,0.00519749,-11.989062,-11.996919,-3.9524255,68.33196,0.4728705,6.081657e-07,0.9989023,0.13574219,0.0052633164,-11.537337,-11.544687,-4.0193,64.2603,0.3567661,9.0083756e-07,0.014944609642028808,8580.328950881958,130000
40.374863,-0.23073813,-8.366102,0.25364864,1.0,0.9990635,0.25097656,0.0044841627,-12.194226,-12.202767,-3.456884,42.585567,0.51978016,1.7784531e-07,1.4471456,-1.5372927,23.052673,0.9990673,0.22363281,0.004565415,-11.604171,-11.612069,-3.5250292,286.81018,0.715008,2.2835966e-05,46.704643,-0.25917304,-8.397465,0.26148903,1.0,0.99880123,0.15625,0.0053084013,-12.152115,-12.16028,-3.7985363,376.37894,1.0391259,1.2380605e-07,0.9988203,0.14160156,0.0053096367,-11.612313,-11.6198225,-3.9295187,104.20682,0.53358847,3.2637095e-07,0.014959234762191773,8655.125131845474,135000
38.07388,-0.22039156,-8.328159,0.24416293,1.0,0.99907017,0.23339844,0.0045686145,-12.291975,-12.3005295,-3.5403092,89.077965,0.6209891,4.588502e-06,0.9863703,-1.1537277,19.933575,0.99906826,0.19921875,0.0046215653,-11.845636,-11.853725,-3.5714846,175.36209,0.69692045,5.040892e-06,49.64501,-0.23076816,-8.349561,0.2495131,1.0,0.9988785,0.16601562,0.005232279,-12.047737,-12.055671,-3.9323034,55.87532,0.52948904,3.932095e-07,0.99884415,0.14550781,0.005324328,-11.54837,-11.555777,-3.9703226,36.086212,0.4462973,4.4008975e-06,0.013249088430404662,8721.370579719543,140000
46.69966,-0.17457163,-8.374036,0.25563198,1.0,0.9990597,0.234375,0.004586006,-12.212144,-12.22061,-3.5518909,78.2037,0.47867048,1.9542531e-05,1.8063692,-1.2459542,24.965342,0.99905586,0.21875,0.0046408903,-11.705021,-11.712904,-3.6410613,52.432045,0.45754886,2.142466e-05,48.720165,-0.27440405,-8.429646,0.2695341,1.0,0.99897575,0.15429688,0.0051316535,-12.0920105,-12.100057,-3.860249,167.26181,0.8491957,4.3783043e-08,0.9989567,0.15820312,0.0051613543,-11.5527525,-11.560213,-3.9198978,359.04257,1.2497537,1.9032566e-07,0.011483154296875,8778.786354541779,145000
40.761436,-0.2209939,-8.351638,0.25003254,1.0,0.99906445,0.25195312,0.0044561625,-12.333824,-12.342504,-3.4556167,37.246185,0.44362196,2.7851463e-06,0.9046696,-0.9360255,16.681107,0.99906826,0.23632812,0.0044965697,-11.875496,-11.883668,-3.5147738,28.456917,0.41373867,7.1693503e-06,53.329414,-0.25358933,-8.380831,0.2573305,1.0,0.99895954,0.17871094,0.0051528304,-12.188763,-12.196825,-3.941761,85.38592,0.5469833,3.601543e-08,0.99890804,0.16796875,0.005172451,-11.695793,-11.703302,-4.013045,83.33883,0.37957767,1.0117113e-06,0.011492833328247071,8836.250524759293,150000
43.17607,-0.22764963,-8.340084,0.24714401,1.0,0.9990721,0.22167969,0.004551174,-12.438101,-12.446814,-3.5252895,177.03278,0.9019418,1.2510015e-06,0.9478497,-1.0016096,19.2051,0.9990759,0.20800781,0.0045998115,-11.998538,-12.006758,-3.5892644,686.59656,1.4135975,7.9887985e-07,46.51339,-0.27371228,-8.422243,0.26768363,1.0,0.9988947,0.18847656,0.0051160255,-12.229397,-12.237623,-3.814804,101.03751,0.49368644,6.6407058e-09,0.99891376,0.16210938,0.0051147183,-11.770592,-11.778288,-3.8977191,123.91251,0.481695,1.4404839e-07,0.20546355695724489,9863.568315267563,155000
35.058075,-0.25494847,-8.374022,0.25562835,1.0,0.99906635,0.23925781,0.0045581767,-12.243498,-12.251954,-3.59274,79.20461,0.52205294,1.2268957e-05,0.89927447,-1.7360841,16.129654,0.99906445,0.21484375,0.0046110805,-11.811045,-11.819049,-3.624045,99.91926,0.61895645,3.3987057e-05,54.943085,-0.2644378,-8.389996,0.2596218,1.0,0.9989557,0.15136719,0.0051263534,-12.273055,-12.281294,-3.844799,497.16617,1.2010008,5.5629977e-07,0.99896526,0.13964844,0.005196586,-11.766297,-11.773918,-3.9698167,149.82045,0.6510271,8.7331614e-08,0.011486746454238892,9921.002053976059,160000
40.651775,-0.20860969,-8.316071,0.2411406,1.0,0.99905586,0.24511719,0.0045073675,-12.309704,-12.318308,-3.5087814,180.60303,0.58714,1.1019322e-05,1.7116665,-1.5745667,23.09773,0.99905396,0.21386719,0.004562458,-11.831567,-11.839664,-3.5481844,173.46773,0.6428646,2.0665568e-05,54.855057,-0.25451487,-8.3643675,0.25321484,1.0,0.9987974,0.171875,0.005294354,-12.208559,-12.216826,-3.7513862,93.412926,0.77601206,1.469133e-07,0.9988203,0.15332031,0.005261249,-11.748968,-11.756658,-3.8836384,120.61355,0.56969315,1.4036499e-06,0.011484579372406005,9978.424954891205,165000
42.754894,-0.22264418,-8.354216,0.25067687,1.0,0.9990759,0.21679688,0.004473133,-12.474573,-12.483335,-3.5111873,62.350544,0.43322498,3.8483136e-06,1.043032,-0.9219723,19.339344,0.999073,0.21484375,0.004556567,-11.981775,-11.989971,-3.5978236,34.891754,0.39497042,1.5711867e-05,54.70532,-0.26998958,-8.370741,0.25480834,1.0,0.9987984,0.15722656,0.005388574,-12.433971,-12.442449,-3.760935,304.76532,1.4741914,2.8309938e-07,0.9988489,0.15039062,0.005264471,-11.984963,-11.9929,-3.8658767,70.21608,0.7278615,3.202793e-06,0.014439259433746339,10050.621257066727,170000
40.798077,-0.25153822,-8.347549,0.24901012,1.0,0.999073,0.22949219,0.004518791,-12.472382,-12.481132,-3.520886,39.235126,0.44802785,7.055104e-06,1.0441749,-1.0857749,19.129654,0.99907684,0.21875,0.0045687426,-11.856039,-11.864131,-3.5777898,58.303738,0.5240367,1.914529e-05,45.870743,-0.3076646,-8.368307,0.25419977,1.0,0.99886894,0.18359375,0.005265699,-12.265122,-12.273425,-3.771553,72.65251,0.6292907,9.0174645e-08,0.99886227,0.14550781,0.0052986164,-11.715191,-11.72285,-3.880117,142.48389,0.52687913,8.241596e-07,0.014956483268737794,10125.403678417206,175000
42.617912,-0.23690312,-8.356054,0.25113666,1.0,0.99908733,0.25390625,0.0044423086,-12.594042,-12.602942,-3.488168,135.27458,0.5868325,6.457848e-06,1.1465887,-1.1701217,18.060003,0.9990835,0.23632812,0.0045119757,-12.033815,-12.042104,-3.5544076,67.77938,0.65538234,1.4676109e-05,44.142227,-0.3299147,-8.417837,0.26658243,1.0,0.99888897,0.1640625,0.0053050215,-12.345978,-12.3542185,-3.9160304,123.351585,0.70938575,1.3225804e-08,0.9988718,0.13574219,0.0052626627,-11.831453,-11.839173,-3.9340997,1196.7013,1.8400364,3.3887986e-07,0.01493097620010376,10200.058562278748,180000
38.31066,-0.26843023,-8.368299,0.25419763,1.0,0.9990778,0.23242188,0.004530688,-12.522009,-12.530798,-3.5321002,103.07914,0.6438881,2.4434373e-06,2.316025,-1.4795324,19.62048,0.9990759,0.23339844,0.00457628,-12.028024,-12.03629,-3.571692,50.491882,0.56835747,2.1058863e-06,48.1388,-0.33115974,-8.380638,0.25728258,1.0,0.9988756,0.15234375,0.005359764,-12.262819,-12.27089,-4.0057635,197.52429,0.8751893,1.1224551e-08,0.9989271,0.15722656,0.0052667176,-11.706406,-11.713917,-4.0229845,4006.0493,4.5290675,2.752298e-07,0.014932001972198487,10274.718576908112,185000
52.967285,-0.1834376,-8.381561,0.2575133,1.0,0.99906445,0.24511719,0.0044769906,-12.531728,-12.540602,-3.454094,393.36282,0.7609868,1.6972854e-05,1.1813588,-0.98486716,22.86655,0.99905777,0.23046875,0.004537111,-12.0449295,-12.053245,-3.5402613,86.87442,0.4924788,1.7446371e-05,56.929996,-0.26417187,-8.371285,0.25494432,1.0,0.9989557,0.16503906,0.005202058,-12.257122,-12.265191,-4.0027046,295.9985,0.81895655,9.402983e-09,0.9989557,0.15039062,0.005197327,-11.857807,-11.865435,-4.0550294,212.58473,0.7835306,1.5806044e-08,0.01492907338142395,10349.363949537277,190000
42.209335,-0.27081826,-8.351105,0.24989925,1.0,0.9990721,0.2265625,0.004508802,-12.531772,-12.540589,-3.5114005,134.86792,0.5393663,1.3260201e-05,1.5644938,-0.8949837,17.903908,0.999073,0.21777344,0.004540258,-12.051512,-12.059825,-3.5476053,103.23911,0.6384542,7.3445825e-08,54.74401,-0.2173909,-8.384535,0.25825673,1.0,0.9989672,0.17578125,0.00516335,-12.212692,-12.22075,-3.9693336,134.1282,0.57220507,2.2422262e-06,0.9989872,0.16308594,0.0051336903,-11.806554,-11.814121,-4.0660048,15.058639,0.21029058,5.483528e-06,0.014926726865768432,10423.997602939606,195000
41.57694,-0.24217469,-8.370827,0.25482973,1.0,0.9990797,0.2421875,0.0044819964,-12.722935,-12.732018,-3.4305484,50.239376,0.6080662,1.682053e-05,1.0846077,-2.450196,20.832592,0.99907494,0.2265625,0.0045592347,-12.178614,-12.18708,-3.5166864,104.61712,0.8385948,3.9659444e-05,55.853054,-0.29051164,-8.350508,0.24974975,1.0,0.9988184,0.17382812,0.0053626564,-12.428632,-12.437047,-3.8205204,193.78723,0.97994393,5.2834594e-08,0.9988365,0.15429688,0.00521567,-11.953698,-11.961585,-3.8855739,140.92609,0.57299703,4.176614e-07,0.014933771705627442,10498.666466236115,200000
41.901993,-0.25848526,-8.35854,0.25175774,1.0,0.9990759,0.24609375,0.004476736,-12.756856,-12.765852,-3.553206,55.701317,0.5217194,1.7705688e-05,3.3070464,-2.2251315,23.709259,0.9990711,0.23925781,0.004554981,-12.263656,-12.27209,-3.6359298,87.793465,0.53344417,1.3299436e-05,53.82157,-0.307171,-8.398798,0.26182252,1.0,0.99892807,0.18066406,0.0051867366,-12.328493,-12.336799,-3.8312364,210.00298,1.4431846,1.0960688e-06,0.99893284,0.16796875,0.005198369,-11.807856,-11.815577,-3.909245,124.29273,0.64082634,1.4533734e-07,0.20021408314704894,11499.736886024475,205000
44.750027,-0.2512622,-8.356115,0.25115192,1.0,0.99907684,0.2421875,0.0045208307,-12.427442,-12.43618,-3.4886646,100.884514,0.6470627,6.5719296e-06,1.7075053,-2.194728,26.794239,0.99906635,0.22753906,0.0046012783,-11.933694,-11.9419,-3.5384083,69.64767,0.6747523,7.1980903e-06,54.82879,-0.3416028,-8.383431,0.25798073,1.0,0.9989319,0.16503906,0.00508197,-12.25614,-12.264402,-3.8030784,106.59716,0.6134284,5.9978476e-08,0.998929,0.16210938,0.005163508,-11.740551,-11.748246,-3.8686945,129.21736,0.5792564,1.1631434e-07,0.011950126695632935,11559.487525224686,210000
43.13562,-0.2958602,-8.363964,0.25311393,1.0,0.9990759,0.2578125,0.004509932,-12.495212,-12.504047,-3.4555645,120.62954,0.6297406,6.9622915e-06,0.98685575,-1.8766873,20.496222,0.9990864,0.22851562,0.0045440234,-11.881027,-11.889242,-3.478,147.07104,0.9041024,2.5403646e-05,53.164757,-0.30314124,-8.395292,0.2609461,1.0,0.99893284,0.19628906,0.0050612316,-12.348336,-12.356724,-3.7672856,114.685844,0.73200524,9.991995e-08,0.99896336,0.18359375,0.0050654425,-11.709679,-11.71733,-3.8830805,51.251026,0.42472664,1.6795852e-08,0.014946205663681031,11634.218560218811,215000
45.02561,-0.2676693,-8.322751,0.24281071,1.0,0.9990654,0.23242188,0.0044992985,-12.44706,-12.455823,-3.4825864,123.76295,0.52742165,1.3956803e-05,1.0090358,-1.6389058,22.14833,0.99906063,0.21191406,0.0045716898,-11.931231,-11.939383,-3.591622,121.716774,0.46716538,2.390888e-06,49.985405,-0.28956106,-8.379207,0.25692457,1.0,0.9989214,0.17675781,0.005311347,-12.259094,-12.267152,-4.0170193,147.46577,0.6646279,3.5234333e-07,0.99896145,0.15332031,0.005289237,-11.801599,-11.809115,-4.1130686,44.486088,0.32742494,2.504494e-08,0.013702195358276367,11702.729543685913,220000
41.07579,-0.2698369,-8.319266,0.24193937,1.0,0.99908924,0.25878906,0.004378168,-12.73204,-12.741154,-3.408627,74.60764,0.52018845,9.317358e-06,1.219433,-1.1008036,19.277138,0.99908257,0.23046875,0.004434247,-12.241531,-12.250128,-3.4471974,59.206726,0.54960155,8.00998e-06,54.48879,-0.27668792,-8.368914,0.2543516,1.0,0.9989433,0.16308594,0.005183691,-12.386333,-12.394634,-3.894103,161.04742,0.80934095,1.07263084e-07,0.9989548,0.14160156,0.0051218914,-11.875505,-11.883197,-4.0073915,28.281973,0.2572642,9.700773e-07,0.01149962558746338,11760.22767496109,225000
36.5147,-0.29641676,-8.329178,0.24441753,1.0,0.9990883,0.24707031,0.004489102,-12.6082115,-12.617179,-3.4344177,312.45532,0.7890433,7.5511703e-06,3.697243,-1.0639267,22.509449,0.9990759,0.24023438,0.004523369,-12.102774,-12.111248,-3.4326212,110.46314,0.77093303,9.108798e-06,50.30272,-0.30853045,-8.369773,0.25456595,1.0,0.9989548,0.17285156,0.005017953,-12.36861,-12.377019,-3.7672677,115.74821,0.722052,8.740205e-09,0.9989481,0.16015625,0.0050371066,-11.783936,-11.79168,-3.861261,188.08315,0.8604646,1.0028558e-07,0.012029689931869507,11820.376130104065,230000
44.061684,-0.23984791,-8.322639,0.24278283,1.0,0.99908066,0.23632812,0.004517303,-12.635547,-12.644479,-3.4977415,107.167366,0.67600775,1.0720368e-05,1.0197375,-1.1681442,19.797916,0.99907875,0.22460938,0.004555454,-11.909004,-11.917176,-3.5479686,112.28762,0.8008461,5.6140584e-06,58.31109,-0.29839128,-8.352035,0.2501316,1.0,0.9989662,0.17382812,0.0050277794,-12.493349,-12.501811,-3.83705,453.82645,0.822939,9.7709616e-08,0.99894905,0.15722656,0.005058855,-11.799031,-11.806768,-3.8830042,173.22455,0.60857046,3.4766188e-06,0.014938478755950928,11895.068528413773,235000
37.184082,-0.31892586,-8.349277,0.24944201,1.0,0.9990721,0.20800781,0.00459628,-12.621939,-12.630771,-3.5868425,68.80924,0.5943117,1.7414886e-05,0.84834355,-1.2354339,17.69749,0.9990635,0.1953125,0.0046279333,-12.170803,-12.179172,-3.6097136,62.812546,0.5843427,3.484429e-06,54.074757,-0.29524076,-8.413977,0.2656172,1.0,0.99897575,0.17871094,0.0050690575,-12.425053,-12.433412,-3.8733096,316.0301,0.964117,1.2192435e-06,0.9989586,0.140625,0.005125682,-11.929706,-11.937523,-3.932449,756.8908,1.2922691,4.1055762e-07,0.014939579010009765,11969.766427993774,240000
40.840645,-0.29836345,-8.37122,0.25492793,1.0,0.99906826,0.2529297,0.004339764,-13.019235,-13.028728,-3.309311,120.479904,0.61738133,1.2056866e-05,1.4780161,-1.2451725,21.419373,0.9990673,0.234375,0.0044048494,-12.389195,-12.398016,-3.3661227,59.002987,0.59986794,4.2407173e-06,53.551994,-0.2723599,-8.359144,0.251909,1.0,0.99893284,0.17773438,0.0050422344,-12.5978985,-12.606518,-3.7797887,539.6719,0.91164833,8.755598e-07,0.9989042,0.15625,0.005160801,-12.045799,-12.053777,-3.8857918,81.93317,0.5494578,1.2695307e-06,0.014936476039886475,12044.44881272316,245000
42.54336,-0.24311346,-8.353136,0.25040695,1.0,0.9990902,0.2578125,0.004404452,-12.8506565,-12.859856,-3.4405508,44.07236,0.47921056,1.5337009e-06,1.5656368,-1.4298568,22.924877,0.99908924,0.23632812,0.0045109536,-12.285015,-12.29354,-3.5646136,41.593456,0.49794793,1.0984647e-05,46.79281,-0.31640536,-8.37106,0.25488806,1.0,0.9989176,0.17285156,0.005068831,-12.5131445,-12.52161,-3.8528914,138.65645,0.6073331,1.9134282e-07,0.9989433,0.15234375,0.005045211,-11.94496,-11.952843,-3.8809197,2333.192,2.6097512,8.0762874e-07,0.014940015077590942,12119.148892641068,250000
44.983986,-0.2666284,-8.338484,0.24674402,1.0,0.9990864,0.26660156,0.0043473253,-12.885973,-12.895386,-3.2574441,155.90878,0.88623375,5.015267e-06,1.0708413,-1.6219705,24.180664,0.99907875,0.23828125,0.004399509,-12.351075,-12.359906,-3.3173847,163.95268,1.22375,2.4695288e-05,52.706467,-0.27596977,-8.365347,0.25345972,1.0,0.998888,0.16894531,0.0050827786,-12.792667,-12.801565,-3.6900477,466.26736,1.0512227,8.939388e-09,0.998847,0.16894531,0.005176406,-12.196699,-12.204888,-3.8198028,140.89725,0.8305993,2.0565798e-08,0.014940154933929443,12193.849673748016,255000
48.491455,-0.2109234,-8.325439,0.24348292,1.0,0.999074,0.24316406,0.004389721,-12.821302,-12.8305435,-3.3674822,72.07499,0.6213106,4.2931063e-07,2.2867546,-1.2133791,25.157236,0.9990692,0.23144531,0.004443529,-12.248085,-12.256728,-3.4062884,80.4236,0.5984453,5.66596e-07,51.664333,-0.2714532,-8.350258,0.24968742,1.0,0.9988594,0.171875,0.0051823063,-12.5653,-12.573881,-3.7872648,204.20166,0.78591144,3.650155e-07,0.998868,0.16113281,0.005224167,-11.9675045,-11.975412,-3.8776119,90.20516,0.46174723,3.087161e-07,0.01493734712600708,12268.53641796112,260000
33.946426,-0.26206404,-8.372219,0.2551776,1.0,0.9990759,0.25195312,0.0045108185,-13.020042,-13.029364,-3.4834483,82.68266,0.6502983,9.615855e-06,1.2510359,-1.1814091,16.473217,0.9990759,0.22265625,0.0045443564,-12.385618,-12.394276,-3.5291247,102.02749,0.6951213,2.3413204e-05,56.67583,-0.2965253,-8.391264,0.25993925,1.0,0.99888515,0.16113281,0.005235546,-12.673355,-12.6819935,-3.836547,125.69442,0.6950786,1.0733252e-06,0.9989042,0.15136719,0.005173411,-12.097036,-12.105026,-3.9226058,2011.0282,2.3158214,2.9920108e-07,0.014936047935485839,12343.216662406921,265000
37.97546,-0.2624967,-8.35467,0.25079054,1.0,0.9990835,0.27246094,0.0043201223,-12.924261,-12.93367,-3.2989473,94.289024,0.63890785,2.1608414e-05,1.8763144,-1.0752258,20.886786,0.99907684,0.2578125,0.004364618,-12.345604,-12.354388,-3.3580225,31.323387,0.54860926,2.941057e-05,53.071278,-0.28959274,-8.380984,0.2573691,1.0,0.9989481,0.18164062,0.005152479,-12.582174,-12.590707,-3.8549175,385.53787,1.1460717,9.792791e-08,0.99897003,0.16113281,0.005110844,-12.068321,-12.076244,-3.9628935,339.5057,0.8448707,1.3225483e-07,0.014939180183410644,12417.91257071495,270000
43.166862,-0.30153835,-8.338718,0.24680263,1.0,0.999073,0.24316406,0.004381237,-12.826487,-12.835733,-3.3664098,119.77528,0.5943549,1.8618745e-06,0.8130842,-1.6060234,22.543919,0.99907494,0.24414062,0.004423322,-12.248941,-12.257604,-3.3877382,58.44068,0.6536648,4.567709e-05,45.486008,-0.33043623,-8.38067,0.25729018,1.0,0.9989443,0.17089844,0.0051519386,-12.554337,-12.562782,-3.9143462,230.68033,0.81272125,6.7800308e-09,0.9990053,0.16210938,0.0050792317,-12.040507,-12.048368,-4.000331,43.62198,0.26053494,4.3650106e-09,0.014939939308166504,12492.612271308899,275000
41.143745,-0.31034243,-8.349144,0.24940902,1.0,0.99907684,0.24121094,0.0044295173,-12.904848,-12.914176,-3.3633542,724.9713,1.1911553,5.8691367e-06,2.5721824,-1.476436,21.27922,0.9990711,0.22265625,0.0045230635,-12.331318,-12.339996,-3.4529314,505.96048,1.5109308,1.25210745e-05,51.406097,-0.37711033,-8.369062,0.2543885,1.0,0.998868,0.16796875,0.0053048083,-12.66058,-12.669179,-3.8629959,538.14905,1.5369554,4.6222834e-07,0.9988575,0.16015625,0.005189955,-12.124294,-12.132353,-3.8814101,1700.6747,2.2887673,2.8259683e-07,0.014938906621932983,12567.306813955307,280000
43.746254,-0.26139158,-8.334211,0.24567568,1.0,0.9990845,0.24804688,0.0044795135,-12.883159,-12.892391,-3.438881,107.21521,0.7022197,8.021577e-06,1.0704807,-1.0202781,19.923897,0.9990778,0.20898438,0.0045891614,-12.317192,-12.32576,-3.552943,71.759254,0.5312066,2.1143554e-05,45.21205,-0.3636254,-8.358191,0.25167048,1.0,0.99891186,0.16503906,0.0052238423,-12.563077,-12.571522,-3.9231193,264.35715,0.9280586,3.2533443e-08,0.9988642,0.15332031,0.0054019485,-12.041399,-12.049295,-3.962749,84.56214,0.82400775,7.366778e-08,0.014937390327453613,12641.993770599365,285000
41.873074,-0.25465208,-8.320024,0.24212894,1.0,0.9990854,0.2529297,0.0044011013,-13.070654,-13.080128,-3.3789854,232.28236,1.1019869,3.3083733e-08,1.2259887,-0.9696249,20.540176,0.9990816,0.25195312,0.0044353595,-12.574722,-12.583647,-3.445144,197.74527,1.0001068,5.2817218e-06,48.139977,-0.3512755,-8.416655,0.2662868,1.0,0.9989786,0.17675781,0.0050692516,-12.643866,-12.652399,-3.914372,365.46542,0.8971288,9.8319575e-09,0.9989748,0.15722656,0.005111823,-12.098375,-12.106355,-3.9360542,170.76003,0.7371489,1.4838304e-07,0.014938371276855468,12716.685633897781,290000
43.92492,-0.24748948,-8.318085,0.2416442,1.0,0.9990721,0.23535156,0.0044799335,-12.944136,-12.953381,-3.4860225,152.89316,0.6469583,1.1479327e-05,2.0432377,-0.9377872,21.382805,0.99906635,0.2265625,0.0045652385,-12.35215,-12.360727,-3.577356,38.930023,0.5145387,2.8096487e-05,56.393433,-0.29720923,-8.349057,0.24938743,1.0,0.99884605,0.15527344,0.0053210175,-12.741764,-12.7504425,-3.863395,149.70425,0.80100036,5.195387e-09,0.9989023,0.15722656,0.0052049626,-12.183462,-12.191488,-3.972549,307.33304,0.66763604,2.7891518e-08,0.014939873790740967,12791.385009765625,295000
45.12599,-0.2074017,-8.355737,0.25105727,1.0,0.99908066,0.24804688,0.004419499,-13.038421,-13.047828,-3.4146233,92.80127,0.7062466,1.0040589e-05,1.0888176,-1.1788665,20.604744,0.99907875,0.23242188,0.0044855783,-12.501347,-12.510157,-3.488566,71.5853,0.6763028,7.939306e-06,66.14722,-0.22329256,-8.3807955,0.2573218,1.0,0.998929,0.15429688,0.005219435,-12.695251,-12.703803,-3.9472919,192.37712,0.86277795,1.1155271e-08,0.9989319,0.16210938,0.0051647522,-12.184364,-12.19234,-4.025581,295.152,0.68800277,9.95332e-07,0.014940342760086059,12866.086733341217,300000
43.25684,-0.34321946,-8.331261,0.24493814,1.0,0.99906063,0.26367188,0.0043653366,-12.948248,-12.957675,-3.3048363,265.64896,0.66034865,9.016742e-06,2.8056655,-0.9266844,23.434902,0.9990587,0.22753906,0.0044380194,-12.272404,-12.281156,-3.3205705,88.89847,0.7541374,1.01471305e-05,42.001858,-0.39298117,-8.347802,0.24907342,1.0,0.99884033,0.14648438,0.0053140353,-12.703243,-12.7119055,-3.842107,445.31125,1.217211,1.4185496e-06,0.9988041,0.14160156,0.005334078,-12.162142,-12.170223,-3.8936968,46.3668,0.47832346,2.814826e-06,0.18950381989479065,13813.605837106705,305000
51.327736,-0.20897152,-8.335859,0.24608776,1.0,0.9990673,0.24804688,0.004412846,-12.770694,-12.779912,-3.3419561,122.637436,0.593781,7.378682e-06,2.2104635,-2.0153055,25.892714,0.9990635,0.24804688,0.004486571,-12.230091,-12.238682,-3.440555,42.01824,0.51390177,1.0939666e-06,56.239265,-0.31808302,-8.410873,0.2648415,1.0,0.9989662,0.18164062,0.0049634413,-12.665909,-12.674595,-3.7792165,99.61399,0.57619774,9.923848e-08,0.9989996,0.16015625,0.004981191,-12.064058,-12.072069,-3.8690252,132.02582,0.49668574,7.092271e-07,0.012823704576492309,13877.724364995956,310000
36.233284,-0.28303182,-8.340706,0.24729954,1.0,0.99907684,0.26953125,0.0043915706,-12.999947,-13.00935,-3.381968,398.847,1.0681477,1.6662787e-05,1.3887047,-1.1734241,16.50351,0.99907017,0.24414062,0.004448627,-12.3545065,-12.363197,-3.4631891,309.5986,0.8094435,2.0805079e-05,48.375008,-0.35198373,-8.364958,0.25336236,1.0,0.9988375,0.16113281,0.005190949,-12.819095,-12.827917,-3.7940905,414.00497,1.2956581,1.3221062e-08,0.9988823,0.14746094,0.0051921178,-12.239063,-12.24724,-3.8742683,1665.4609,2.2760453,1.5768502e-07,0.013888120126724243,13947.164970636368,315000
41.6066,-0.29053593,-8.353727,0.25055465,1.0,0.99908924,0.28515625,0.0042958204,-13.098105,-13.1077175,-3.2655644,121.86875,0.7125107,1.75038e-05,0.9673644,-1.0360476,19.222704,0.99908733,0.2626953,0.004374434,-12.586834,-12.595856,-3.3574786,37.140038,0.59010583,1.5543486e-05,53.82399,-0.34522697,-8.390003,0.25962368,1.0,0.99892616,0.16210938,0.005162145,-12.678846,-12.687535,-3.7896922,271.15942,1.2374277,2.9419235e-07,0.9989586,0.1484375,0.0051136077,-12.098939,-12.1069565,-3.8966248,88.58318,0.56140906,4.4113074e-07,0.011503023767471313,14004.680094957352,320000
35.011505,-0.26732904,-8.339026,0.2468794,1.0,0.9990845,0.26171875,0.0044218623,-12.938317,-12.947666,-3.3747845,139.13185,0.71681035,1.2243581e-05,0.8014775,-1.9038157,17.889395,0.99908257,0.25,0.0044945953,-12.36036,-12.369098,-3.4221106,174.48654,0.9412083,7.8414195e-07,57.500744,-0.28902876,-8.38555,0.2585104,1.0,0.9989567,0.18457031,0.005073573,-12.611937,-12.62054,-3.8117485,52.85866,0.5835582,9.718918e-08,0.9989872,0.16503906,0.0050640977,-12.046852,-12.0548,-3.9166667,142.00401,0.5097444,9.2889705e-09,0.011471623897552491,14062.038220405579,325000
50.72671,-0.29400337,-8.345147,0.24840967,1.0,0.9990759,0.24707031,0.0043782266,-12.967871,-12.977265,-3.3569412,509.7236,1.1720595,8.5762326e-07,3.406988,-1.6822714,28.810757,0.9990778,0.22167969,0.0044463845,-12.425997,-12.434796,-3.4240131,257.4261,1.0158453,2.082897e-06,57.129227,-0.3048228,-8.3642025,0.25317347,1.0,0.9988947,0.17675781,0.0051416373,-12.890688,-12.89962,-3.753673,271.63828,1.296171,1.09351905e-08,0.9989071,0.16308594,0.005099437,-12.333801,-12.342104,-3.8389626,85.76995,0.65883374,6.4129324e-07,0.011481816339492797,14119.447304964066,330000
46.114998,-0.2660166,-8.359683,0.25204375,1.0,0.999074,0.2783203,0.00430022,-13.016697,-13.026224,-3.2710772,43.004658,0.53341657,9.03905e-06,1.5598937,-2.1393118,24.648834,0.99906445,0.25976562,0.004393351,-12.4715395,-12.480428,-3.378771,54.06779,0.54070807,4.867286e-06,57.56678,-0.31930918,-8.379372,0.25696588,1.0,0.9989157,0.16503906,0.0052315677,-12.65679,-12.66537,-3.8793764,256.42172,0.7568282,3.3365846e-09,0.9989424,0.15136719,0.005194777,-12.100281,-12.108214,-3.9838915,62.29836,0.40457308,1.1218928e-07,0.011476610803604126,14176.830364227295,335000
36.634895,-0.27291483,-8.342092,0.24764581,1.0,0.99908066,0.25390625,0.004460717,-12.956309,-12.965602,-3.4503136,317.18805,0.84813344,2.8785482e-06,1.7618072,-1.5271844,19.492168,0.99907684,0.22265625,0.00452873,-12.389664,-12.398357,-3.4970965,380.69717,1.0412356,2.0926682e-05,54.26823,-0.31438947,-8.338975,0.24686667,1.0,0.99891186,0.16601562,0.005284952,-12.727677,-12.736298,-3.909793,247.1677,1.0328388,1.9464799e-09,0.9988775,0.15039062,0.005306891,-12.155336,-12.163351,-3.9556108,2352.4446,2.9262683,3.3078624e-08,0.01148205246925354,14234.240630865097,340000
52.04178,-0.21365047,-8.329191,0.24442053,1.0,0.9990845,0.27441406,0.0042914553,-13.103775,-13.113434,-3.2230897,142.17299,0.89757425,5.909316e-06,1.9825717,-1.6904297,34.132126,0.9990845,0.23144531,0.0043804254,-12.466252,-12.475182,-3.332177,81.44093,0.67371273,1.2714796e-05,60.832882,-0.276906,-8.375961,0.25611323,1.0,0.99879646,0.17675781,0.0054940367,-12.804837,-12.8136835,-3.7550488,217.08005,1.4076803,6.5077096e-08,0.9988823,0.16601562,0.0051589534,-12.213819,-12.221996,-3.8479733,99.4164,0.5480967,3.5555885e-07,0.011480224800109863,14291.64176106453,345000
45.43396,-0.26251394,-8.323957,0.24311247,1.0,0.99907875,0.2685547,0.0042975843,-13.0680275,-13.077652,-3.222405,142.05075,0.6481641,1.373606e-05,1.404058,-1.3765393,24.6846,0.9990692,0.25,0.0043800203,-12.474911,-12.483846,-3.333583,68.574356,0.6072056,6.661337e-06,52.1994,-0.34905723,-8.369816,0.2545771,1.0,0.99891853,0.17773438,0.005090163,-12.763496,-12.772286,-3.7714963,135.25711,0.660648,1.5085787e-06,0.99893284,0.16699219,0.0050812857,-12.189883,-12.198057,-3.8270063,167.276,0.76358736,2.3855039e-06,0.013006697511672974,14356.675257205963,350000
46.99668,-0.25634265,-8.332397,0.24522229,1.0,0.9990854,0.2685547,0.0044337716,-13.035408,-13.0448065,-3.4220126,57.067253,0.5554701,3.6619624e-06,1.5648966,-1.1042285,27.541353,0.9990864,0.2421875,0.0044768155,-12.52454,-12.533375,-3.4872627,34.610184,0.43324608,1.6022939e-06,62.56758,-0.34621283,-8.388762,0.25931364,1.0,0.9989414,0.17480469,0.005233491,-12.773502,-12.782189,-3.8872488,332.7169,1.0936224,1.2060091e-08,0.99894524,0.16992188,0.0052250824,-12.241306,-12.249404,-3.9569838,40.386772,0.382139,9.201155e-09,0.014962099170684815,14431.485755443573,355000
44.782043,-0.28803024,-8.354359,0.25071275,1.0,0.999074,0.2578125,0.004364776,-13.208406,-13.218128,-3.262506,102.894005,0.9505934,1.3350445e-05,1.1409714,-1.5850093,21.132462,0.9990654,0.24121094,0.00445922,-12.423264,-12.432132,-3.3492181,198.84001,0.8741772,2.0267695e-05,50.20375,-0.38542712,-8.360827,0.25232983,1.0,0.99891853,0.15820312,0.005318235,-12.868162,-12.876907,-3.9219184,2894.8547,3.0632024,1.7689551e-07,0.9989042,0.15332031,0.00529518,-12.183684,-12.191749,-3.9334574,93.79186,0.6089283,1.6830181e-06,0.01496514835357666,14506.311504602432,360000
42.00523,-0.31771153,-8.331662,0.24503854,1.0,0.9990778,0.25390625,0.004349192,-13.161654,-13.171256,-3.3380594,382.2942,0.8952036,2.3066477e-06,0.994281,-1.6106169,20.670326,0.9990797,0.23925781,0.004383804,-12.673857,-12.682953,-3.3678381,331.2112,1.1612709,2.6049552e-06,47.99444,-0.3347987,-8.423089,0.26789504,1.0,0.998826,0.15625,0.0052431417,-12.990097,-12.999086,-3.793326,390.46268,1.2239106,1.1649707e-07,0.9988508,0.15917969,0.0051651327,-12.51133,-12.519819,-3.8264346,250.18416,0.89134526,2.5462862e-06,0.014960846662521362,14581.115741729736,365000
37.22486,-0.31097022,-8.33423,0.24568045,1.0,0.9990988,0.2607422,0.0043401415,-13.048494,-13.057952,-3.3717494,54.841644,0.6513806,1.9281725e-07,0.78305286,-1.0919149,19.588385,0.9990902,0.24023438,0.004395958,-12.450407,-12.45924,-3.4141302,59.100243,0.64779943,8.076954e-06,49.68685,-0.36365297,-8.375994,0.25612134,1.0,0.9988756,0.16503906,0.0052826526,-12.778533,-12.787242,-3.8696446,160.9705,0.8009717,6.4216685e-08,0.9988346,0.15722656,0.0053583835,-12.253159,-12.261297,-3.9267766,142.7741,0.7278135,4.628459e-07,0.011894067573547364,14640.586084842682,370000
51.138683,-0.21273181,-8.31954,0.24200782,1.0,0.9990883,0.25976562,0.004420123,-12.904184,-12.913423,-3.4536276,127.33845,0.5734189,2.6320645e-06,1.212221,-0.9926925,21.584736,0.99909115,0.23828125,0.0045016306,-12.38228,-12.390944,-3.519653,31.230516,0.50412977,1.3110891e-05,49.44182,-0.33525017,-8.362091,0.25264573,1.0,0.99890614,0.17578125,0.0050741583,-12.676309,-12.68501,-3.7739778,198.96834,0.7008145,1.7403702e-08,0.9989071,0.16796875,0.005039786,-12.152245,-12.160387,-3.822152,79.49649,0.47977453,2.509059e-07,0.011411542797088623,14697.643806934357,375000
53.73738,-0.19450754,-8.35674,0.25130808,1.0,0.9990797,0.25390625,0.004398441,-13.218588,-13.228236,-3.3487651,40.82146,0.55341285,1.6732694e-05,1.5777285,-1.8856623,26.544651,0.9990635,0.23339844,0.0044645276,-12.576132,-12.585061,-3.441327,73.875946,0.6257846,1.5046468e-05,55.618134,-0.35940272,-8.373137,0.25540745,1.0,0.9989681,0.1796875,0.0050398437,-12.761843,-12.770561,-3.8439145,439.51212,0.8179314,5.6226902e-08,0.99897385,0.16992188,0.0050624344,-12.185763,-12.193855,-3.9076,52.772137,0.37783858,9.598034e-08,0.011411427259445191,14754.700948238373,380000
51.67814,-0.27010506,-8.334363,0.24571373,1.0,0.999073,0.25097656,0.0044883196,-12.933325,-12.942632,-3.4118638,180.44603,0.8363273,3.6091362e-07,3.771225,-7.926498,36.808475,0.99907017,0.22070312,0.0045539895,-12.287821,-12.296437,-3.473062,145.60423,0.7713647,1.2341222e-05,54.569332,-0.3207289,-8.416216,0.26617676,1.0,0.9989052,0.171875,0.005184942,-12.745623,-12.7543125,-3.8561563,431.51477,1.1060908,2.40479e-07,0.99894524,0.14941406,0.0051463656,-12.153396,-12.161433,-3.9306197,233.78033,0.84467113,4.8492627e-08,0.011419494867324829,14811.798429965973,385000
51.665295,-0.24705149,-8.315744,0.24105892,1.0,0.9990797,0.22949219,0.0044444604,-13.137047,-13.146536,-3.4297872,249.75375,0.7349323,3.0579264e-07,1.106282,-1.8829362,27.497623,0.99907494,0.22363281,0.0045040017,-12.638542,-12.647487,-3.4878924,39.062607,0.5739324,1.37216575e-05,51.60939,-0.33540285,-8.3518915,0.25009593,1.0,0.99893,0.16210938,0.005250587,-12.804256,-12.812845,-4.0182104,274.80408,0.93623936,2.8312538e-08,0.99890614,0.15429688,0.0053141653,-12.235987,-12.243978,-4.061304,48.71168,0.5181358,1.5219476e-07,0.011415068960189819,14868.87378025055,390000
46.252182,-0.27451867,-8.347256,0.24893683,1.0,0.99907494,0.23925781,0.0044594873,-13.085264,-13.094682,-3.451685,810.8785,1.1745229,4.568007e-08,0.9527658,-1.7999613,20.456877,0.9990711,0.21582031,0.004529616,-12.498429,-12.507234,-3.4910145,256.71243,1.0173634,5.2114483e-06,47.58719,-0.40663517,-8.388943,0.25935864,1.0,0.99894047,0.16992188,0.005132124,-12.795479,-12.804216,-3.8564172,400.40668,1.4589432,6.9523884e-07,0.99894047,0.16113281,0.005166555,-12.23114,-12.2392645,-3.920569,220.3427,0.7487396,4.5659143e-09,0.011410105848312377,14925.924313783646,395000
51.565197,-0.1747992,-8.337452,0.24648604,1.0,0.9990759,0.24804688,0.0044081695,-13.06076,-13.070239,-3.3635678,54.78229,0.7753999,4.2537317e-06,1.526287,-1.3504145,21.686508,0.99908066,0.22851562,0.0044846945,-12.479477,-12.488313,-3.440493,106.092255,0.95906574,3.342354e-06,57.58769,-0.29864293,-8.376284,0.25619408,1.0,0.99890614,0.15917969,0.0052109933,-12.914375,-12.923223,-3.8621275,208.84052,0.91084534,7.3918346e-07,0.9989462,0.15136719,0.005136419,-12.36071,-12.368942,-3.9386935,53.544308,0.4996644,1.034574e-06,0.011414823770523072,14982.998440742493,400000
53.998363,-0.18803799,-8.319084,0.24189386,1.0,0.9990845,0.2734375,0.004400592,-13.093616,-13.103087,-3.4039006,30.237854,0.43871868,2.4745763e-05,2.5055912,-1.09914,26.804188,0.99907494,0.22753906,0.0045149606,-12.526338,-12.53511,-3.551884,187.5644,0.62093186,8.59971e-06,50.84842,-0.33130684,-8.344641,0.24828316,1.0,0.9988718,0.17480469,0.005231859,-12.861574,-12.870404,-3.8284914,493.93835,1.5539801,3.872411e-09,0.9989443,0.16601562,0.005126834,-12.384822,-12.393064,-3.9536412,51.870625,0.4191215,9.25325e-09,0.2300609911441803,16133.30340218544,405000
46.430195,-0.23855934,-8.317974,0.24161641,1.0,0.9990883,0.2607422,0.004439859,-13.18351,-13.193031,-3.4435406,381.81848,0.8741673,2.5343788e-06,1.0560348,-1.169815,18.145105,0.99907017,0.23535156,0.0045221373,-12.608288,-12.617146,-3.5467248,153.69524,0.9213458,2.3722829e-07,50.54816,-0.3729874,-8.363987,0.25311947,1.0,0.9989443,0.17871094,0.005122874,-12.732719,-12.741342,-3.9118254,148.24518,0.526394,4.2298825e-07,0.99892616,0.15332031,0.0051333234,-12.199712,-12.207772,-3.9542594,114.19391,0.5302532,3.0054145e-05,0.011518023777008057,16190.89352798462,410000
44.321564,-0.2719138,-8.323023,0.24287857,1.0,0.99907875,0.25,0.0043991674,-13.107746,-13.1172285,-3.407547,182.20007,0.52329403,8.717459e-06,1.3868985,-1.4945562,23.389414,0.9990711,0.23046875,0.004484966,-12.561468,-12.570315,-3.5104537,60.027046,0.50886697,3.5730503e-05,61.359432,-0.32108563,-8.370356,0.25471193,1.0,0.99894524,0.17480469,0.005115502,-12.816112,-12.824881,-3.8453488,416.63135,1.4964936,1.5782102e-07,0.99893665,0.15722656,0.0051251333,-12.218892,-12.227015,-3.9097495,64.825005,0.44958946,2.2585786e-07,0.01153649411201477,16248.576002836227,415000
44.17551,-0.25362533,-8.330752,0.24481109,1.0,0.99910164,0.24609375,0.0043266034,-13.347773,-13.357616,-3.27747,128.57993,1.11325,6.380281e-06,1.0437901,-1.3743246,20.5361,0.9990988,0.22363281,0.00440265,-12.709663,-12.718798,-3.3659606,208.06204,1.026078,2.3337798e-06,50.00007,-0.3243934,-8.358862,0.25183845,1.0,0.9989357,0.16796875,0.0051645027,-12.788986,-12.797635,-3.941258,856.43225,1.1179115,1.2161265e-08,0.99897194,0.15917969,0.005181537,-12.177731,-12.185709,-4.0157156,66.61837,0.51199085,6.2611997e-07,0.011478839921951294,16305.970206975937,420000
45.862114,-0.31472525,-8.332242,0.24518335,1.0,0.99909306,0.2705078,0.004439549,-13.273159,-13.282807,-3.4028697,84.63254,0.65134424,1.1143858e-05,1.2230283,-1.9544019,23.248314,0.9990864,0.24804688,0.004500795,-12.621305,-12.630262,-3.4576986,236.76334,0.954852,1.04992105e-05,52.12049,-0.2985826,-8.369424,0.25447887,1.0,0.9989338,0.16894531,0.0051497705,-12.8138685,-12.822615,-3.8663127,257.39615,0.9387133,2.2407702e-08,0.9989567,0.16308594,0.0051434254,-12.271016,-12.279159,-3.9415007,240.74138,0.7173452,1.6074594e-08,0.011478814792633057,16363.364288330078,425000
46.133186,-0.28627336,-8.350494,0.24974649,1.0,0.9990902,0.2705078,0.004400102,-13.200188,-13.209772,-3.3963633,237.40128,0.7418134,8.899931e-06,1.2366797,-1.7803493,22.678328,0.99908733,0.24511719,0.0044781673,-12.667069,-12.676073,-3.4566271,79.28197,0.75545114,1.0963778e-05,52.366467,-0.35908765,-8.335087,0.24589479,1.0,0.99892807,0.16992188,0.005154595,-12.714306,-12.722942,-3.8788257,65.4386,0.47499865,1.4143733e-09,0.998929,0.15332031,0.005127657,-12.225172,-12.233288,-3.9234622,855.7003,1.2504091,1.0948486e-06,0.011476480293273925,16420.746698379517,430000
44.703667,-0.26119336,-8.340637,0.24728243,1.0,0.9990883,0.27441406,0.0043109935,-13.257982,-13.267727,-3.2882123,102.63949,0.89472896,3.6796976e-06,2.188813,-1.7991376,22.40924,0.9990797,0.2626953,0.0043465286,-12.684858,-12.693985,-3.3481467,63.022762,0.6579182,8.3143914e-07,47.52233,-0.40108418,-8.35758,0.25151825,1.0,0.99899197,0.19140625,0.005057741,-12.763391,-12.772018,-3.9381032,428.74344,1.2273393,5.041746e-07,0.9989948,0.17675781,0.0050817416,-12.166771,-12.174754,-3.9991531,130.10036,0.73857456,3.5486713e-07,0.011482123899459839,16478.157323122025,435000
48.29625,-0.27602312,-8.304324,0.238204,1.0,0.9990854,0.25585938,0.0044636847,-13.315065,-13.324742,-3.415618,145.23055,0.76117396,1.2059274e-06,1.6264333,-0.9933362,22.87207,0.999073,0.23925781,0.0045031267,-12.79369,-12.802824,-3.4494662,69.70963,0.830275,1.2854991e-06,53.827305,-0.36885643,-8.365557,0.2535121,1.0,0.99891853,0.18554688,0.0051708,-12.90368,-12.912542,-3.8372812,235.82318,0.8328653,3.9576094e-09,0.9989176,0.17089844,0.0051589864,-12.374317,-12.38261,-3.891066,85.23196,0.7313212,3.3895418e-09,0.011482247447967529,16535.568566799164,440000
37.46422,-0.28860813,-8.311252,0.23993582,1.0,0.9990759,0.24902344,0.004484901,-13.25572,-13.265303,-3.453318,106.867004,0.6768466,4.1062754e-06,1.6835388,-2.1741989,20.65276,0.999074,0.22363281,0.0045306883,-12.643803,-12.65273,-3.5115328,320.79016,0.9424471,4.3613054e-06,50.39412,-0.3417676,-8.35582,0.25107783,1.0,0.9989872,0.16796875,0.005069571,-12.857883,-12.866561,-3.9809349,220.13477,0.6328707,2.475565e-07,0.99897194,0.1640625,0.005113963,-12.262522,-12.270585,-4.013435,47.880184,0.45458326,1.8468135e-09,0.011422233533859252,16592.67973947525,445000
50.172905,-0.24609078,-8.352564,0.250264,1.0,0.9990816,0.25390625,0.0044078007,-13.279504,-13.289233,-3.3259017,524.303,1.2542948,8.1307314e-07,0.8823245,-0.95347583,25.122972,0.9990854,0.2548828,0.0044453023,-12.587627,-12.59662,-3.3882842,226.50189,1.040487,3.0788094e-06,53.25598,-0.36641142,-8.358429,0.25173032,1.0,0.9989605,0.16210938,0.0052288338,-12.863719,-12.872443,-3.9393983,428.86023,1.5358224,2.0956588e-08,0.9989433,0.15332031,0.005273451,-12.231903,-12.239913,-4.0389295,91.14713,0.5940714,2.364868e-10,0.00851254391670227,16635.242463588715,450000
40.1509,-0.3081384,-8.319982,0.24211833,1.0,0.99909115,0.26171875,0.004317079,-13.266052,-13.275845,-3.2466016,1847.4324,2.0680156,2.1265514e-05,1.5820408,-0.7963868,18.647793,0.99907875,0.23730469,0.0043754526,-12.72514,-12.734341,-3.3135812,102.91295,0.84605837,1.9076479e-06,64.89636,-0.3207993,-8.360846,0.25233456,1.0,0.9987116,0.17382812,0.005356036,-13.030461,-13.039653,-3.628818,236.18341,1.0443231,2.804066e-08,0.99880123,0.16796875,0.005110424,-12.511725,-12.520287,-3.7535732,55.831085,0.46857867,3.2541806e-07,0.008465444421768189,16677.569690942764,455000
49.460377,-0.2593847,-8.35433,0.2507053,1.0,0.999074,0.23339844,0.00441725,-13.090986,-13.10049,-3.3704593,52.176167,0.5842306,1.8315646e-05,1.419565,-1.7384958,26.181396,0.9990654,0.21582031,0.004484394,-12.536075,-12.544975,-3.4311435,52.94626,0.62214637,7.1300014e-06,59.458076,-0.35088912,-8.339423,0.24697885,1.0,0.99894905,0.15722656,0.0051927376,-12.7143,-12.722912,-3.903466,73.71425,0.6610401,1.2306919e-08,0.99887943,0.14453125,0.005267403,-12.253098,-12.261201,-3.9626863,293.9908,0.7766032,7.382542e-09,0.008676904010772705,16720.954213142395,460000
38.24646,-0.3321085,-8.345848,0.24858499,1.0,0.9990816,0.25097656,0.00444693,-13.217998,-13.227526,-3.470177,405.5224,0.9870353,2.0207603e-06,0.72903013,-1.2498721,21.778877,0.99908733,0.23535156,0.004475684,-12.541106,-12.54994,-3.5031893,62.299072,0.5729616,2.4835376e-06,55.617706,-0.3823044,-8.357168,0.25141484,1.0,0.9989462,0.16113281,0.005249229,-12.961568,-12.970354,-3.974085,255.64648,1.1218054,6.1161096e-08,0.9989319,0.13964844,0.005257788,-12.257766,-12.265812,-4.0255747,64.84736,0.5690854,6.123005e-07,0.009712574768066405,16769.51709508896,465000
40.958267,-0.31962228,-8.3223095,0.24270032,1.0,0.9990845,0.2529297,0.0043560285,-13.33091,-13.340682,-3.3356404,327.86176,0.77511,3.6274594e-07,1.353784,-1.2464528,24.437178,0.99906826,0.23632812,0.004413947,-12.711143,-12.720243,-3.4006739,135.52658,0.82985854,2.126295e-06,53.59636,-0.31523103,-8.359051,0.2518856,1.0,0.99894047,0.17578125,0.0051965467,-12.929934,-12.938744,-3.9165635,75.36028,0.7164772,4.628152e-08,0.9989519,0.14453125,0.0051937,-12.33886,-12.347014,-3.9956305,204.07921,0.7863036,1.6703195e-09,0.011403533458709716,16826.53476834297,470000
43.600758,-0.30212152,-8.32315,0.24291044,1.0,0.9990816,0.25683594,0.0043975622,-13.133219,-13.142744,-3.3886883,108.0307,0.58173025,9.329392e-07,1.6749535,-1.2298746,23.762697,0.9990778,0.23535156,0.00442903,-12.521196,-12.530097,-3.415775,293.05792,0.90569544,2.9609734e-07,52.717133,-0.3595881,-8.353998,0.2506226,1.0,0.99895287,0.19921875,0.00517397,-12.826927,-12.835661,-3.8917456,435.7669,1.1785724,1.08339e-08,0.9989233,0.16503906,0.005206449,-12.304304,-12.312458,-3.9632816,89.72966,0.5650108,1.0933594e-10,0.011403400421142578,16883.551774263382,475000
38.061424,-0.3296138,-8.334347,0.24570972,1.0,0.99908924,0.2626953,0.0043028127,-13.510061,-13.5200615,-3.2808084,196.65254,0.97360605,3.5459445e-05,1.223864,-2.0184073,18.006266,0.9990835,0.24902344,0.0043856604,-12.841453,-12.850726,-3.3552985,49.019535,0.6890591,2.009751e-05,44.884888,-0.33614016,-8.337824,0.24657871,1.0,0.9989271,0.13476562,0.0052488428,-12.859681,-12.868346,-3.9956667,163.95833,0.60228384,4.978784e-09,0.9988527,0.12792969,0.005260293,-12.176189,-12.184178,-4.004277,54.686974,0.28054482,3.3031367e-10,0.011411004877090455,16940.606803417206,480000
43.559742,-0.3022826,-8.318677,0.24179219,1.0,0.99907684,0.25878906,0.0043981685,-13.147851,-13.157367,-3.412743,62.02939,0.48091906,6.704644e-06,1.3419033,-0.79680103,20.928253,0.9990692,0.23730469,0.0044625397,-12.527532,-12.536396,-3.459047,75.91025,0.550802,8.830663e-06,55.951683,-0.2987052,-8.362864,0.25283873,1.0,0.99897003,0.1640625,0.005088296,-12.80879,-12.81753,-3.8673255,158.46303,0.8754904,7.886966e-09,0.99896336,0.1328125,0.005079588,-12.284618,-12.292795,-3.9189453,286.38693,0.7762648,2.9029819e-08,0.0112214919090271,16996.714270591736,485000
43.387733,-0.23453617,-8.300491,0.23724571,1.0,0.9990883,0.2763672,0.004337724,-13.524199,-13.534204,-3.2900615,499.82843,1.3013022,2.4048026e-08,2.3122442,-1.6105142,23.374142,0.9990854,0.26367188,0.0043910462,-12.93438,-12.94373,-3.368546,150.77304,1.1572992,2.012911e-06,59.672703,-0.3320662,-8.396317,0.26120216,1.0,0.998868,0.171875,0.005274362,-12.939674,-12.948559,-3.8506098,1305.0778,2.0815716,3.826013e-08,0.9988775,0.1484375,0.0052255066,-12.383712,-12.391988,-3.9162903,249.90717,0.71311605,4.1755308e-07,0.008059095430374145,17037.009751558304,490000
48.856934,-0.23993945,-8.342203,0.2476737,1.0,0.9990845,0.26464844,0.0043352093,-13.3652725,-13.375109,-3.3035586,1107.094,1.1622553,4.212052e-06,1.2152158,-1.0924245,21.759466,0.99908257,0.2548828,0.0044008824,-12.703873,-12.71299,-3.3775845,96.48711,0.6712248,1.6449846e-06,50.09514,-0.38611764,-8.375275,0.25594154,1.0,0.99894714,0.18359375,0.0050952574,-13.005778,-13.014792,-3.7849317,189.13216,1.1063297,6.373096e-07,0.9989414,0.16601562,0.0051228795,-12.312157,-12.320466,-3.8119416,477.85675,1.8377295,1.6789606e-06,0.008075686502456665,17077.388189554214,495000
45.872524,-0.25253466,-8.365034,0.25338164,1.0,0.9990692,0.24902344,0.0043875016,-13.396265,-13.406107,-3.327979,51.530895,0.6582469,6.9407124e-06,1.1737411,-1.2739893,25.830969,0.9990721,0.2421875,0.0044277385,-12.721097,-12.730247,-3.362086,124.64997,0.7969107,2.7716818e-05,60.20542,-0.31746277,-8.396007,0.2611246,1.0,0.9989033,0.15917969,0.005274426,-13.006362,-13.015226,-3.9380016,271.5577,1.2324464,6.583039e-08,0.99892807,0.1484375,0.005248134,-12.331785,-12.339916,-4.0135384,81.444855,0.4902764,5.1273526e-07,0.008077656316757203,17117.77647638321,500000
46.11728,-0.27465612,-8.329935,0.24460676,1.0,0.99909115,0.25585938,0.004251402,-13.43688,-13.446854,-3.234335,48.514656,0.6584496,2.7867047e-05,1.8582491,-3.9794207,29.253307,0.99908733,0.24902344,0.0043371846,-12.892035,-12.901376,-3.3365448,31.426826,0.5807487,3.0924297e-05,56.386112,-0.3188666,-8.37153,0.25500524,1.0,0.9987469,0.17675781,0.00544507,-13.025038,-13.034044,-3.8124497,159.88332,1.0806508,8.488697e-10,0.99888897,0.16308594,0.0051779905,-12.445009,-12.45336,-3.9020674,145.21892,0.5557767,1.2602308e-07,0.25006389107704163,18368.095938920975,505000
42.533524,-0.31873745,-8.351497,0.24999708,1.0,0.99909306,0.27441406,0.004321699,-13.413347,-13.423236,-3.2975051,103.260086,0.86008847,1.7225018e-05,1.513791,-1.8825743,22.343035,0.9990816,0.2607422,0.0043726694,-12.79266,-12.801894,-3.3460083,552.40924,1.4641712,6.507315e-07,49.39312,-0.4369616,-8.3972645,0.2614393,1.0,0.9989252,0.18261719,0.005066296,-13.10878,-13.117932,-3.7452564,176.91647,1.1598413,6.916782e-07,0.9988766,0.15722656,0.005163656,-12.483257,-12.491746,-3.799965,124.00213,1.0475727,1.5102543e-06,0.011448255014419555,18425.33721756935,510000
44.206223,-0.2577836,-8.351482,0.24999362,1.0,0.99908066,0.27148438,0.0043258546,-13.350042,-13.359825,-3.3424711,105.83325,0.57954735,1.3986837e-05,1.2906989,-3.1932354,21.09377,0.9990778,0.25683594,0.0043688323,-12.655653,-12.664741,-3.358102,52.515114,0.6061813,2.3409944e-05,56.99307,-0.39487815,-8.335092,0.24589592,1.0,0.9989338,0.17285156,0.005231472,-13.088589,-13.0975065,-3.9652438,353.38177,1.1083363,7.810322e-12,0.99889374,0.15429688,0.005211546,-12.404577,-12.412829,-3.963354,77.749664,0.47991312,4.8443605e-09,0.011457315731048584,18482.623801469803,515000
45.93786,-0.26707,-8.326449,0.24373522,1.0,0.9990816,0.2578125,0.004438566,-13.234215,-13.243826,-3.4024084,769.6523,1.1694192,2.2690333e-06,2.693223,-0.90341383,22.67097,0.9990759,0.234375,0.0044985693,-12.541888,-12.55075,-3.4764078,222.82547,0.8807437,1.8557224e-05,53.096382,-0.35381418,-8.371725,0.2550543,1.0,0.9989166,0.17480469,0.005194843,-13.069871,-13.078842,-3.892711,1489.4666,1.8426621,5.1418297e-08,0.9989109,0.14355469,0.005215157,-12.390728,-12.398965,-3.963528,228.85591,0.69766235,1.8753879e-06,0.009216064405441284,18528.704128026962,520000
47.975822,-0.27401626,-8.362514,0.2527514,1.0,0.999074,0.27148438,0.0044087884,-13.350122,-13.359865,-3.382848,420.12054,0.7508466,1.2021401e-05,1.4747812,-1.4749321,28.006762,0.9990654,0.24316406,0.0044895587,-12.616417,-12.625343,-3.4844205,327.29227,0.7723133,2.7128444e-05,59.2432,-0.35060686,-8.366367,0.2537148,1.0,0.99895096,0.17285156,0.0051344577,-13.030096,-13.0389595,-3.963357,1018.6342,1.0754261,9.559529e-10,0.9989891,0.15234375,0.005130185,-12.308496,-12.316604,-4.0142097,250.30312,0.88465756,1.1164175e-07,0.008421897792816163,18570.813621520996,525000
43.441204,-0.2798855,-8.325012,0.24337608,1.0,0.99909496,0.2783203,0.004293428,-13.4325075,-13.442457,-3.2537093,73.68723,0.74199253,1.0541067e-05,1.0949146,-1.6489586,22.76488,0.999094,0.2607422,0.004364084,-12.838387,-12.847713,-3.2978778,105.084694,0.88105977,1.7027165e-05,51.965157,-0.40535927,-8.381126,0.25740463,1.0,0.99896336,0.16113281,0.005015883,-12.952673,-12.961587,-3.8330634,1408.121,1.1589543,7.0057737e-09,0.99896145,0.15722656,0.0050315647,-12.44023,-12.448653,-3.823516,89.24109,0.6166853,3.8694506e-07,0.0085099112033844,18613.3631837368,530000
36.61479,-0.29609913,-8.326383,0.24371853,1.0,0.9991007,0.27929688,0.004205838,-13.467648,-13.477748,-3.1357574,185.76857,1.0010295,5.3623185e-06,2.6899784,-1.9534317,23.446346,0.9990921,0.2685547,0.004268587,-12.922919,-12.932427,-3.1965342,36.421997,0.64062524,1.6976788e-05,54.66175,-0.374917,-8.377005,0.2563743,1.0,0.99896336,0.17578125,0.0050039412,-13.041749,-13.050773,-3.8106382,75.71334,0.4948558,1.4690621e-08,0.9989748,0.16113281,0.0050295135,-12.447482,-12.455861,-3.8752146,30.02133,0.33738106,1.4712284e-06,0.008670869445800781,18656.717544317245,535000
43.415146,-0.21981181,-8.331604,0.24502401,1.0,0.9990902,0.29101562,0.004312165,-13.632401,-13.642513,-3.2877011,112.55415,0.7442641,3.4388947e-06,2.7421472,-1.4884187,24.784397,0.99909496,0.27441406,0.004350556,-12.958974,-12.968378,-3.3388586,132.08577,0.7948759,2.0538928e-06,69.108315,-0.28985092,-8.388756,0.2593118,1.0,0.9988489,0.17578125,0.0052321237,-13.159559,-13.168648,-3.8620586,191.69173,0.6459373,2.4330835e-09,0.9988413,0.16015625,0.0052729426,-12.541216,-12.54967,-3.89293,1481.3397,2.0704012,5.4899454e-09,0.008526144599914551,18699.34827375412,540000
48.14105,-0.34031123,-8.325874,0.24359146,1.0,0.99908257,0.25097656,0.004366815,-13.304072,-13.313777,-3.3755908,421.56134,0.7687555,2.1799365e-06,2.2640958,-2.374564,28.397017,0.99908066,0.24414062,0.0044046985,-12.729617,-12.7387295,-3.4082088,361.5814,0.88999,1.9294664e-06,54.669147,-0.44189242,-8.3615265,0.2525047,1.0,0.9988947,0.18359375,0.005196726,-13.119811,-13.128821,-3.9025989,110.17214,0.67875767,1.6814665e-08,0.99886227,0.1484375,0.005282929,-12.470685,-12.479033,-3.9296122,275.41525,0.89978474,1.5652954e-07,0.008525603294372559,18741.97629714012,545000
43.190544,-0.31012434,-8.327411,0.2439757,1.0,0.9990864,0.2705078,0.004327953,-13.414244,-13.424116,-3.3149939,63.95726,0.6553416,1.979423e-05,2.8758385,-1.2224618,26.918682,0.99908257,0.265625,0.004367443,-12.74049,-12.7496605,-3.359161,42.096977,0.5982522,1.3458862e-05,57.722633,-0.3196413,-8.373298,0.25544748,1.0,0.99889183,0.18652344,0.005179684,-13.147641,-13.156761,-3.8182034,159.41994,0.6606394,8.966197e-09,0.9988594,0.15722656,0.005261763,-12.466978,-12.475342,-3.9116607,93.325,0.6331384,2.3422513e-07,0.008496286296844482,18784.45773625374,550000
49.209236,-0.2941631,-8.342957,0.24786216,1.0,0.999073,0.25097656,0.00441591,-13.322455,-13.332104,-3.4516068,303.3585,0.74495685,1.3050538e-05,6.04361,-2.0594466,36.762234,0.99906826,0.24414062,0.0044856137,-12.7437725,-12.752797,-3.511938,97.48635,0.5784073,1.7704388e-05,50.176956,-0.40534413,-8.368637,0.2542823,1.0,0.9989624,0.17382812,0.005079816,-13.064315,-13.073304,-3.8692703,243.53026,0.70112973,1.5224801e-09,0.9989557,0.13964844,0.0051100133,-12.460844,-12.469149,-3.965146,92.80751,0.36306608,9.622445e-09,0.00847497034072876,18826.832604408264,555000
49.624577,-0.27718148,-8.329369,0.24446523,1.0,0.99908066,0.2607422,0.0044250125,-13.438566,-13.448413,-3.3653712,165.07895,0.94430625,3.6826111e-06,2.865335,-1.2613518,27.154934,0.9990816,0.24121094,0.0044278568,-12.864634,-12.873906,-3.3786068,69.75395,0.7397685,4.168367e-06,60.643,-0.3230694,-8.387762,0.2590637,1.0,0.99890614,0.17675781,0.0051933257,-13.083935,-13.092963,-3.8485491,180.34642,1.1097832,8.063627e-09,0.998909,0.16113281,0.0051907944,-12.55659,-12.565001,-3.953371,105.540054,0.760785,3.0165933e-07,0.008260726022720337,18868.1362388134,560000
42.696297,-0.27756387,-8.345519,0.24850264,1.0,0.99910164,0.2763672,0.0042527467,-13.310366,-13.320226,-3.2237463,197.33044,0.79717004,1.9717361e-05,1.7863754,-1.9927436,24.533106,0.99908733,0.25195312,0.0043456536,-12.801558,-12.810814,-3.3318655,229.92162,1.0063907,2.9478919e-05,61.31919,-0.2756594,-8.349133,0.249406,1.0,0.99894524,0.17382812,0.0051063877,-12.873659,-12.882483,-3.847084,483.09302,0.8460038,9.8027275e-09,0.99898434,0.15917969,0.00507742,-12.384247,-12.392494,-3.9475892,467.4013,0.9176759,3.287471e-08,0.008084514284133912,18908.558814764023,565000
46.781067,-0.30914414,-8.328357,0.2442122,1.0,0.9990759,0.27734375,0.0043226276,-13.513077,-13.523125,-3.234773,356.6246,0.8454107,2.526961e-07,1.7001905,-1.7241734,24.44313,0.9990721,0.25097656,0.0043990696,-12.962442,-12.971879,-3.3104844,165.36124,0.75357515,4.4250731e-07,52.23755,-0.39721578,-8.356305,0.25119916,1.0,0.99883175,0.15820312,0.0054535437,-13.077223,-13.086288,-3.8028111,276.93866,1.2699963,4.426018e-09,0.9988718,0.14648438,0.005318106,-12.385235,-12.393539,-3.8894732,42.52689,0.4612391,1.4089775e-09,0.008274603939056397,18949.93183851242,570000
48.961426,-0.28851065,-8.337511,0.24650075,1.0,0.9990797,0.2529297,0.004346059,-13.389206,-13.399034,-3.335159,199.7726,1.0513048,3.6468616e-06,1.5193615,-1.2591717,24.988506,0.9990816,0.25878906,0.0044122124,-12.676399,-12.685466,-3.4015694,72.06265,0.7312567,2.5226609e-05,54.454235,-0.30307996,-8.421881,0.26759312,1.0,0.9989033,0.16992188,0.005192264,-12.928385,-12.937207,-3.90385,597.83417,1.4595077,8.19771e-08,0.99894714,0.140625,0.0051376694,-12.241735,-12.249796,-3.9965968,46.931297,0.3052113,4.057952e-08,0.00814959020614624,18990.679795742035,575000
45.899147,-0.29592702,-8.350576,0.24976705,1.0,0.99909306,0.2783203,0.004340433,-13.51721,-13.527172,-3.3263528,374.8118,0.91331375,4.1948024e-06,1.1582661,-1.2767385,22.387424,0.9990883,0.25976562,0.0044075577,-12.913835,-12.923135,-3.3998768,148.99908,0.97611064,5.5192066e-07,59.504143,-0.32926068,-8.382186,0.25766945,1.0,0.99887085,0.18261719,0.005223573,-12.962084,-12.971024,-3.8160646,178.59055,0.7640384,5.0418363e-09,0.998888,0.16308594,0.0052064853,-12.412153,-12.420489,-3.8850796,144.24817,0.6048819,1.1536147e-06,0.007326253032684326,19027.31106519699,580000
40.106705,-0.30666235,-8.318706,0.24179941,1.0,0.99908924,0.2421875,0.0043690912,-13.321845,-13.3315735,-3.37079,54.81566,0.45571852,1.1149864e-05,1.1158994,-1.4946394,20.888683,0.9990835,0.21972656,0.0044633555,-12.555733,-12.564634,-3.448113,51.98839,0.42784607,1.2688632e-05,55.605045,-0.41893294,-8.3483715,0.24921574,1.0,0.99886227,0.1640625,0.0054326076,-13.245722,-13.2548065,-3.9530714,418.30905,1.303025,1.0910929e-10,0.99892807,0.15136719,0.0051966077,-12.4971285,-12.505499,-3.933844,83.18478,0.63534015,2.4165828e-08,0.0073607855796813965,19064.114996910095,585000
52.863625,-0.31427866,-8.351907,0.25009954,1.0,0.9990854,0.25585938,0.0043926984,-13.366243,-13.37606,-3.3240995,338.607,0.9298723,1.9073741e-05,2.5680823,-3.0972817,29.816742,0.9990711,0.23339844,0.0044435346,-12.802687,-12.811894,-3.3833954,180.69159,0.8210156,3.3016997e-05,62.40371,-0.35804662,-8.335039,0.24588288,1.0,0.9989414,0.16503906,0.0051369984,-12.915099,-12.923912,-3.9010086,1087.3627,1.20989,2.1937771e-07,0.9989462,0.16210938,0.005168101,-12.37735,-12.38559,-3.9488614,115.37768,0.5154358,6.020519e-08,0.007435113430023193,19101.29056787491,590000
37.231213,-0.37223038,-8.337145,0.24640921,1.0,0.99909115,0.2685547,0.0043362044,-13.464334,-13.47423,-3.3413513,223.59146,0.7844418,4.4540965e-07,1.2128958,-2.2550776,22.771505,0.999094,0.24414062,0.004402171,-12.724007,-12.73312,-3.4010108,82.68042,0.64765674,3.4580682e-06,54.73618,-0.38306677,-8.351366,0.24996434,1.0,0.9988594,0.18847656,0.0052246386,-13.202581,-13.211722,-3.8517754,93.18159,0.6576545,1.546497e-09,0.99880886,0.1484375,0.0053062723,-12.550598,-12.559079,-3.8742757,371.89392,1.3960843,2.588611e-09,0.007994834995269776,19141.264744758606,595000
45.7483,-0.28181064,-8.335577,0.24601734,1.0,0.99909306,0.2548828,0.0043888986,-13.510542,-13.520452,-3.3729553,150.3456,0.7481629,1.3299024e-06,1.7269516,-1.2279236,21.716148,0.9990845,0.22753906,0.004456877,-12.760194,-12.769315,-3.4294095,118.89335,0.72949064,2.1239004e-05,59.355133,-0.31378368,-8.37394,0.25560805,1.0,0.9989424,0.16113281,0.005249722,-12.9893,-12.998127,-3.958283,368.92242,0.9514213,5.8492827e-08,0.9989672,0.14648438,0.0052059144,-12.328629,-12.336745,-4.0251236,121.01577,0.5566219,1.822929e-08,0.008048917150497437,19181.50933766365,600000
43.5431,-0.279871,-8.353371,0.25046566,1.0,0.9990711,0.265625,0.0043858225,-13.429355,-13.439222,-3.335399,76.03357,0.6128026,1.944759e-06,1.8158815,-1.5171255,24.154171,0.9990721,0.2421875,0.0044425195,-12.805733,-12.814952,-3.3743317,132.41014,0.7761477,1.069992e-05,63.046642,-0.31933153,-8.377195,0.25642198,1.0,0.9989157,0.16210938,0.0051422883,-13.097336,-13.106456,-3.767032,102.544876,0.8338456,4.2895783e-07,0.9989481,0.14648438,0.005103134,-12.480877,-12.489331,-3.8322697,65.28681,0.5835459,6.6078996e-07,0.26468591117858886,20504.93889927864,605000
49.872494,-0.28700092,-8.366022,0.25362846,1.0,0.99909115,0.25390625,0.00436215,-13.498606,-13.508551,-3.324633,180.30154,0.87051135,2.325413e-06,2.2887864,-1.5503455,28.15115,0.99908733,0.2265625,0.004452289,-12.894594,-12.903872,-3.405212,295.8938,1.278883,1.1649296e-05,52.253998,-0.43418807,-8.387255,0.2589365,1.0,0.99894714,0.17480469,0.005153267,-13.107767,-13.116762,-3.9053783,118.16781,0.82732,2.4521758e-09,0.9989443,0.15722656,0.0051931944,-12.522416,-12.530796,-3.9520917,359.59222,1.09728,1.9373617e-08,0.008624281692504883,20548.06031370163,610000
44.237663,-0.23586547,-8.31958,0.24201816,1.0,0.9990721,0.27148438,0.0043558925,-13.434925,-13.444827,-3.3041492,117.29223,0.7141372,2.8814777e-05,2.3222015,-1.2042254,25.334003,0.999073,0.25195312,0.0044201976,-12.860929,-12.870202,-3.3750834,93.33425,0.69936275,2.0350377e-05,54.230835,-0.3611751,-8.387356,0.25896198,1.0,0.99895287,0.18261719,0.005068212,-13.019284,-13.028279,-3.8177612,317.73758,0.7617122,6.3643984e-07,0.99900246,0.16601562,0.004999426,-12.459832,-12.468192,-3.9077752,79.265366,0.43669873,7.1430986e-07,0.008594700956344604,20591.0338203907,615000
43.514534,-0.2986936,-8.323973,0.2431163,1.0,0.99907017,0.2548828,0.0044055283,-13.590105,-13.600127,-3.3369446,160.45544,0.80508804,9.1453427e-07,1.1814052,-1.4565424,22.804264,0.9990635,0.23046875,0.004416249,-13.05311,-13.06258,-3.3661928,24.605207,0.54891586,1.1946615e-06,51.241924,-0.36195257,-8.3654,0.2534731,1.0,0.9988756,0.16796875,0.005152251,-13.196524,-13.205681,-3.8286648,102.84074,0.4819686,3.664348e-12,0.99890995,0.16796875,0.0051281247,-12.567517,-12.575965,-3.9252956,112.63984,0.48877,1.372366e-07,0.008663745784759522,20634.35255408287,620000
40.869286,-0.31658876,-8.347216,0.24892706,1.0,0.9991045,0.28320312,0.004266984,-13.716114,-13.726351,-3.2453895,182.39816,0.8842182,8.494508e-07,1.1803285,-0.9451109,21.761562,0.999094,0.25878906,0.0043344675,-13.0992985,-13.108877,-3.3011432,157.14748,1.1450727,4.3315563e-08,56.449303,-0.3565107,-8.358288,0.25169507,1.0,0.99896526,0.16894531,0.005130909,-13.00793,-13.016802,-3.9314413,313.40704,0.8619007,2.2901359e-08,0.99896526,0.14453125,0.0052029816,-12.404825,-12.413049,-3.991009,182.1244,1.2231464,1.356003e-06,0.008353888750076295,20676.12200164795,625000
43.621048,-0.26595768,-8.335184,0.24591915,1.0,0.99906826,0.25195312,0.0044539096,-13.342407,-13.352103,-3.4230485,184.94252,0.7981206,2.2263465e-07,0.63509846,-1.6796521,16.919165,0.9990616,0.23828125,0.0045432094,-12.81977,-12.828862,-3.5186577,52.71585,0.56770056,1.7139408e-08,52.2733,-0.34615186,-8.316861,0.24133813,1.0,0.99888706,0.16308594,0.005195781,-13.251688,-13.260842,-3.88627,402.21524,0.8153172,8.457804e-08,0.9988413,0.16015625,0.005347389,-12.740969,-12.74956,-3.9511108,40.943108,0.524253,8.8372005e-08,0.00827348279953003,20717.489421606064,630000
38.066177,-0.29392183,-8.3025055,0.2377495,1.0,0.9990587,0.24414062,0.0045143897,-13.482258,-13.492083,-3.4325123,1017.13293,1.5998313,1.2449888e-06,1.5589964,-1.705888,19.36102,0.9990587,0.23632812,0.004568449,-12.836458,-12.845591,-3.4934082,152.49008,0.8687763,2.224409e-05,58.416016,-0.34460765,-8.36406,0.253138,1.0,0.9989157,0.15332031,0.005390426,-13.261925,-13.271017,-3.9601607,182.76453,0.68351835,6.056175e-08,0.99889183,0.13671875,0.005524584,-12.652909,-12.661292,-4.0768185,120.16956,0.7849685,5.578303e-09,0.008313525152206422,20759.057053804398,635000
36.02078,-0.3586939,-8.341845,0.24758412,1.0,0.9990988,0.26367188,0.0044037565,-13.410007,-13.419785,-3.4094796,368.11917,0.92383456,4.988007e-06,0.85473335,-0.86908704,18.897667,0.9990969,0.23828125,0.004449469,-12.777506,-12.78666,-3.4133081,84.70993,0.75148594,6.9105486e-06,61.586746,-0.36399418,-8.387981,0.25911838,1.0,0.99895,0.17480469,0.0051332368,-13.007738,-13.016636,-3.904064,904.1143,1.2535162,5.6864597e-09,0.9989481,0.16894531,0.005145535,-12.460308,-12.468629,-3.948876,121.66042,0.5591646,3.1588583e-09,0.008299563980102538,20800.554879665375,640000
46.33319,-0.2622521,-8.336185,0.24616945,1.0,0.9990883,0.2529297,0.0044253697,-13.519205,-13.529142,-3.3533952,101.51987,0.6256536,1.2863115e-05,1.726239,-1.656541,25.473667,0.99908257,0.23828125,0.0045016017,-12.92131,-12.930545,-3.474031,95.205696,0.5754392,1.4525642e-05,55.532623,-0.38089037,-8.358702,0.25179842,1.0,0.9989195,0.17773438,0.005129275,-13.235389,-13.244626,-3.784869,290.1376,0.86683375,2.4751717e-10,0.9988947,0.13671875,0.00521556,-12.640295,-12.648853,-3.8846428,272.26953,0.82946813,1.5770291e-09,0.008274644327163697,20841.928106307983,645000
45.29626,-0.2772841,-8.309244,0.23943399,1.0,0.9990759,0.2607422,0.0044001346,-13.579012,-13.588994,-3.3663435,156.95255,0.80709267,2.7591994e-07,1.9652725,-1.2950927,22.120285,0.9990692,0.23535156,0.0044251187,-12.97366,-12.983008,-3.411003,128.38431,0.70815754,1.0303387e-05,55.942577,-0.3565858,-8.366064,0.25363913,1.0,0.99888515,0.18164062,0.005060795,-13.154646,-13.163851,-3.7389107,108.13646,0.5778458,4.4968806e-07,0.99889565,0.16308594,0.0051182155,-12.49133,-12.499844,-3.7820284,95.13889,0.58958656,2.8578825e-08,0.008161345100402832,20882.734836101532,650000
41.48165,-0.30310234,-8.330041,0.24463326,1.0,0.9990835,0.2919922,0.004317009,-13.57737,-13.587435,-3.2817333,227.82556,0.9293426,6.7788255e-06,2.1105065,-1.3722965,25.344374,0.99907684,0.25097656,0.0043979483,-13.015233,-13.024698,-3.3313773,116.0873,0.9409152,9.985955e-06,48.299946,-0.4132333,-8.352293,0.25019607,1.0,0.998827,0.17285156,0.0054239957,-13.214731,-13.223842,-3.8940425,289.78418,1.2598498,1.6156141e-08,0.99893093,0.16210938,0.0051849107,-12.649518,-12.65802,-3.9516845,24.626852,0.32504255,4.2628217e-09,0.008130581140518189,20923.3877453804,655000
47.60234,-0.2303376,-8.334974,0.24586652,1.0,0.9990902,0.25585938,0.0043530255,-13.627437,-13.637557,-3.2754133,169.89456,1.1782677,8.955529e-06,0.9641198,-1.0068187,21.82148,0.9990835,0.2578125,0.0044229045,-12.99457,-13.003994,-3.353531,348.79657,1.2941041,2.2968103e-05,50.636765,-0.44068927,-8.409643,0.26453388,1.0,0.99889946,0.17480469,0.0051633087,-13.256265,-13.265438,-3.8728032,227.64563,0.88886684,6.2112484e-09,0.9988985,0.15917969,0.0052515985,-12.659815,-12.668345,-3.9330556,94.70289,0.7682627,2.7158634e-10,0.00824983835220337,20964.636944055557,660000
45.262093,-0.3378382,-8.325441,0.24348336,1.0,0.999074,0.2529297,0.004327773,-13.880947,-13.891295,-3.2938972,94.59069,0.6101563,4.269517e-06,1.7062865,-1.268553,26.350227,0.9990711,0.24609375,0.004363776,-13.2001095,-13.209766,-3.319851,81.81526,0.6781207,1.7186695e-06,59.328133,-0.37711164,-8.386059,0.2586378,1.0,0.9990063,0.18164062,0.0050454745,-13.069327,-13.078282,-3.9087458,172.82317,0.5951836,2.1164182e-08,0.99900436,0.16503906,0.0051207347,-12.44699,-12.455233,-4.0141315,168.47577,0.5751085,2.6307918e-08,0.008266298294067383,21005.9684445858,665000
49.986835,-0.23550236,-8.351967,0.25011456,1.0,0.9990816,0.24707031,0.0043688673,-13.464054,-13.473959,-3.3308992,177.66135,0.83912075,1.1869682e-05,2.3696396,-3.7615604,30.971252,0.9990845,0.23046875,0.00445205,-12.836951,-12.846151,-3.424283,63.0715,0.5804113,8.602108e-09,54.3413,-0.41122037,-8.371502,0.2549985,1.0,0.9989071,0.17480469,0.0052377456,-13.170692,-13.179733,-3.9228754,357.5964,0.8195298,1.4091017e-08,0.99888897,0.15917969,0.005174924,-12.457481,-12.465793,-3.9558206,182.18399,0.59515905,3.7254324e-09,0.008338604784011841,21047.661472558975,670000
36.477837,-0.27001673,-8.346581,0.24876846,1.0,0.9990864,0.28710938,0.004293128,-13.530724,-13.540756,-3.2683027,53.397484,0.48635194,8.689405e-06,1.3343138,-1.5313946,21.404898,0.9990854,0.24511719,0.004391847,-12.791466,-12.800672,-3.3739984,51.89882,0.5790848,5.8456694e-06,52.46218,-0.35799634,-8.384598,0.25827253,1.0,0.9988241,0.17773438,0.005258037,-13.255064,-13.2643175,-3.7891352,323.40903,1.1411772,3.735928e-09,0.9988003,0.16113281,0.0053264415,-12.650875,-12.659456,-3.8729582,134.77296,0.8112455,3.8502722e-07,0.008280436897277832,21089.063663959503,675000
41.576576,-0.29345858,-8.340794,0.24732114,1.0,0.9991026,0.27441406,0.0043262914,-13.43158,-13.441475,-3.3086956,153.93097,0.8678482,1.3240885e-06,1.0702281,-1.8505319,21.623981,0.999094,0.25585938,0.0043958016,-12.927866,-12.937199,-3.3807397,77.07813,0.7823802,3.3937857e-07,60.11035,-0.28581232,-8.355505,0.25099918,1.0,0.9989424,0.1796875,0.005134856,-13.196436,-13.205538,-3.8854866,269.10544,0.9300898,4.5111106e-09,0.99893475,0.16113281,0.005137681,-12.641391,-12.649931,-3.9051228,69.19641,0.5875782,9.292691e-09,0.008434856510162354,21131.237950086594,680000
37.771263,-0.37551445,-8.3443775,0.24821725,1.0,0.9991121,0.3232422,0.0041738814,-13.759078,-13.769476,-3.121487,128.22076,0.9585353,8.989615e-07,1.0904505,-0.9378025,19.938591,0.9991007,0.2939453,0.0042574713,-13.123976,-13.133684,-3.1928449,51.519115,0.7906538,3.7891155e-07,46.503407,-0.46744514,-8.349956,0.249612,1.0,0.99893475,0.16601562,0.0052224384,-13.294615,-13.303769,-3.9291587,930.6872,1.2624581,9.169056e-10,0.9989195,0.14746094,0.005234651,-12.644747,-12.653201,-3.9953134,65.42381,0.44405723,1.9031685e-08,0.008328029537200929,21172.87810444832,685000
41.208664,-0.29604703,-8.343762,0.24806346,1.0,0.9990883,0.2763672,0.0042358087,-13.659429,-13.669626,-3.2274518,244.01404,0.8177026,1.3879275e-05,1.0545844,-1.0420642,20.151772,0.99908066,0.24414062,0.0042883153,-12.9107065,-12.92013,-3.2715468,252.84192,0.8276523,7.827138e-06,55.8481,-0.4323105,-8.368215,0.25417662,1.0,0.9988203,0.16796875,0.005192948,-13.368503,-13.377879,-3.7760906,209.51428,0.8822595,3.300846e-09,0.99877834,0.15429688,0.005218312,-12.676235,-12.684907,-3.8041384,146.31483,0.5800306,6.964605e-09,0.008483843088150025,21215.297328472137,690000
43.456413,-0.2633593,-8.334467,0.24573971,1.0,0.9990969,0.28125,0.004267562,-13.592612,-13.602767,-3.2036262,64.65797,0.7175479,2.2931375e-09,1.2030672,-1.2893264,22.01316,0.999094,0.26464844,0.00435426,-13.005537,-13.015056,-3.2665806,148.77756,0.8216274,8.972263e-07,57.538418,-0.41465893,-8.3483515,0.24921072,1.0,0.9989834,0.16894531,0.005032045,-13.125439,-13.134504,-3.8511581,265.9917,0.7680449,5.049654e-08,0.9989786,0.15136719,0.0050664535,-12.54085,-12.549313,-3.8842835,174.58632,0.50592005,9.4722424e-07,0.007615813636779785,21253.376398563385,695000
45.508015,-0.33126426,-8.3394375,0.24698254,1.0,0.99909973,0.28320312,0.0042639864,-13.677746,-13.68795,-3.2373552,52.047886,0.60902333,2.8541772e-05,1.4786888,-1.3774289,22.389006,0.9990978,0.25683594,0.0043310397,-12.98834,-12.997806,-3.3056078,91.750206,0.8469093,3.837852e-05,56.72037,-0.32563046,-8.379558,0.25701237,1.0,0.9989815,0.19140625,0.005116185,-13.163484,-13.17253,-3.9086783,115.68944,0.57056516,9.708839e-08,0.9989681,0.16503906,0.0051488276,-12.539436,-12.547837,-3.9468088,522.7084,1.2625779,2.107604e-08,0.008016494417190552,21293.458875656128,700000
47.461372,-0.32042766,-8.313574,0.24051638,1.0,0.99910355,0.2939453,0.004235588,-13.76713,-13.777447,-3.2118466,92.17723,0.77265096,2.8861008e-05,1.6340166,-0.8259668,23.249123,0.9991045,0.2734375,0.0042960756,-13.107323,-13.116955,-3.2542534,350.60062,1.3280137,3.5379628e-05,55.246017,-0.37788567,-8.371358,0.25496244,1.0,0.99887466,0.16113281,0.005273723,-13.169699,-13.178712,-3.950562,914.0785,1.0869031,5.88098e-10,0.9988985,0.15429688,0.0052880654,-12.561024,-12.56938,-4.012621,49.019592,0.38885915,7.845851e-10,0.2752848732948303,22669.88324856758,705000
42.97708,-0.3235366,-8.327812,0.24407607,1.0,0.9990816,0.26464844,0.00441587,-13.409929,-13.419717,-3.3972154,67.67649,0.53441924,5.6132524e-07,1.2717383,-2.7801323,22.744804,0.99907494,0.2578125,0.0044147125,-12.851641,-12.860899,-3.3809924,113.20215,0.7167905,5.7349143e-07,47.334053,-0.34193838,-8.379447,0.25698465,1.0,0.9989252,0.16699219,0.0050700163,-13.306384,-13.315665,-3.8109856,2208.177,1.5067992,6.386365e-09,0.9989004,0.12988281,0.0051127393,-12.743633,-12.752325,-3.8510032,120.88358,0.5517824,1.481154e-07,0.00834442491531372,22711.605380296707,710000
44.455566,-0.28392848,-8.292874,0.23534136,1.0,0.9990902,0.27148438,0.004246208,-13.678918,-13.689115,-3.2480874,560.4257,1.3953345,4.4328576e-07,1.3744258,-1.1346694,20.017614,0.99908066,0.24902344,0.0043023936,-13.007461,-13.016948,-3.3021789,47.36531,0.80866647,3.2989471e-06,58.5155,-0.3524034,-8.361893,0.25259605,1.0,0.9989252,0.20214844,0.005106948,-13.194867,-13.204095,-3.7537737,424.51657,1.6002711,2.1296584e-09,0.998971,0.18847656,0.0051164357,-12.552894,-12.56137,-3.8817449,146.40988,1.1204131,2.1891594e-08,0.008291150045394897,22753.06113600731,715000
44.98208,-0.27344126,-8.3539715,0.25061578,1.0,0.9990845,0.26953125,0.0043043178,-13.488971,-13.49896,-3.2707052,190.25456,0.999412,9.0907423e-07,1.4216759,-1.0874233,22.502092,0.9990816,0.24902344,0.0043502385,-12.833892,-12.843194,-3.316303,202.41653,0.8252233,6.221917e-06,59.653725,-0.32228488,-8.378603,0.25677362,1.0,0.99891853,0.16015625,0.0052341125,-13.059992,-13.068817,-4.0304594,126.44796,0.4743831,3.450453e-09,0.99899197,0.13867188,0.005221556,-12.436871,-12.444978,-4.142714,260.63834,0.69177306,2.7778592e-08,0.008316536617279052,22794.643822193146,720000
51.006737,-0.2597084,-8.328461,0.24423838,1.0,0.9991045,0.28515625,0.004252891,-13.803561,-13.813898,-3.2291465,157.93535,0.8197397,3.3410186e-06,1.8044013,-1.9117007,25.727932,0.9990978,0.25976562,0.0043121753,-13.210945,-13.220652,-3.2807512,194.38676,1.0127554,7.868654e-06,48.93331,-0.41005996,-8.392216,0.26017678,1.0,0.9989481,0.16015625,0.0052412506,-13.250711,-13.259703,-4.052291,76.063156,0.4179742,2.2655358e-09,0.99893284,0.15136719,0.0052719144,-12.576307,-12.584613,-4.0805826,83.3913,0.40668303,8.046853e-08,0.008466244173049926,22836.975046634674,725000
44.269257,-0.29746318,-8.333595,0.24552172,1.0,0.99908733,0.27734375,0.004403501,-13.608372,-13.618404,-3.3432024,271.10086,0.88556015,5.353876e-10,1.7736206,-1.802974,26.650196,0.9990835,0.2529297,0.004486786,-13.022102,-13.031485,-3.4246383,95.04771,0.66610795,8.804119e-09,49.96031,-0.39086992,-8.363613,0.25302637,1.0,0.99891186,0.15722656,0.0051758313,-13.177219,-13.186248,-3.9408536,145.81636,0.559046,1.6840109e-09,0.99895,0.13183594,0.0051319995,-12.581257,-12.58965,-3.9947448,95.33163,0.3960436,4.891557e-12,0.00843087558746338,22879.12943649292,730000
48.63847,-0.28197506,-8.358192,0.25167128,1.0,0.9990854,0.28222656,0.0043330323,-13.615768,-13.62586,-3.2910786,94.12389,0.7788689,8.466166e-08,1.1629013,-1.9027208,25.561668,0.9990797,0.25,0.004387413,-12.912116,-12.921438,-3.3770661,63.806873,0.62700695,6.7452465e-06,55.2601,-0.36186016,-8.357222,0.25142837,1.0,0.9988117,0.16699219,0.00527823,-13.386409,-13.395753,-3.8280659,575.9432,1.260685,8.220656e-10,0.9989319,0.16601562,0.00512585,-12.76446,-12.773168,-3.8571434,412.92435,1.2187804,3.0149033e-10,0.008650888156890869,22922.38388800621,735000
50.091526,-0.25063366,-8.325261,0.24343814,1.0,0.9990921,0.28808594,0.004349575,-13.475388,-13.485328,-3.3065243,109.5697,0.5619632,1.4975649e-05,1.7578918,-2.8229132,28.109043,0.9990797,0.25585938,0.0044177314,-12.877809,-12.887089,-3.3837333,47.757133,0.5676562,6.9597554e-06,50.53469,-0.3783723,-8.379234,0.25693172,1.0,0.99893,0.19140625,0.004964878,-13.241917,-13.251269,-3.6741505,1091.0679,1.1576741,2.4099913e-08,0.99890995,0.16699219,0.0050330926,-12.67427,-12.683032,-3.710652,152.43913,0.8116273,1.971545e-08,0.008358957052230834,22964.178676366806,740000
43.74677,-0.2602188,-8.345865,0.24858929,1.0,0.99909306,0.29003906,0.004177784,-13.783665,-13.794074,-3.1349235,2928.1003,2.286919,5.38066e-09,1.8215668,-1.7528758,23.453238,0.99908257,0.25976562,0.0042409757,-13.185547,-13.195284,-3.2244525,110.01292,0.8213465,1.6941012e-05,53.08683,-0.30221388,-8.364784,0.2533189,1.0,0.99894905,0.16796875,0.0051684827,-13.194466,-13.2034645,-3.987498,72.81166,0.5216005,9.187109e-09,0.99892616,0.14160156,0.005223082,-12.480838,-12.489023,-4.1071773,33.051083,0.29289398,8.165995e-09,0.008272410535812378,23005.54073524475,745000
47.326836,-0.29261935,-8.324364,0.24321403,1.0,0.9990969,0.2783203,0.0042858655,-13.712647,-13.722884,-3.2407913,287.50867,1.0570527,1.3923906e-06,1.3821404,-1.9888923,24.412361,0.9990883,0.25878906,0.0043465327,-13.080628,-13.090181,-3.3085012,120.80862,0.97462153,4.6614673e-06,46.74345,-0.47260773,-8.363448,0.2529849,1.0,0.9988804,0.16210938,0.005211542,-13.267872,-13.277064,-3.864361,70.9685,0.46374643,8.871186e-10,0.998847,0.15917969,0.005253461,-12.719469,-12.7281,-3.8907192,166.52194,0.76074374,9.611623e-09,0.00848015103340149,23047.94149374962,750000
46.09382,-0.28110552,-8.357887,0.25159466,1.0,0.99909496,0.2578125,0.0043499093,-13.701118,-13.71129,-3.2941966,201.85681,0.9811347,2.951159e-06,1.0553743,-1.1611662,23.20985,0.99908924,0.25097656,0.0044064336,-13.083046,-13.092543,-3.3687582,33.044422,0.6931169,1.5622837e-06,55.697987,-0.39690813,-8.354474,0.2507415,1.0,0.9988241,0.17089844,0.00525153,-13.3105755,-13.319823,-3.8488173,95.967415,0.4973451,1.18379035e-07,0.998786,0.14648438,0.0053913784,-12.58863,-12.59705,-3.9748116,66.95987,0.4651143,4.2317325e-08,0.008477695322036743,23090.329978466034,755000
39.952995,-0.35552,-8.313051,0.2403858,1.0,0.9990959,0.265625,0.004273761,-13.690733,-13.700918,-3.2715368,779.20764,1.114309,1.021475e-08,1.262111,-0.96720034,20.632065,0.9990902,0.24511719,0.004346818,-13.064081,-13.0736,-3.3251905,73.99666,0.6779468,1.5430212e-08,56.9488,-0.41523358,-8.375231,0.25593072,1.0,0.9989376,0.19140625,0.0051394384,-13.261732,-13.270885,-3.8982098,106.05215,0.61045265,7.4410687e-09,0.9989395,0.16015625,0.0051241713,-12.60626,-12.614747,-3.9241242,753.618,1.124012,2.3723258e-07,0.00845349841117859,23132.59747672081,760000
50.500633,-0.26863194,-8.315706,0.24104945,1.0,0.99908924,0.25390625,0.0043858173,-13.601069,-13.6110735,-3.3671093,357.39066,0.9849428,1.1109774e-05,2.5643406,-1.2931405,24.988964,0.999073,0.25195312,0.0044632414,-12.9601345,-12.969412,-3.4691505,32.505848,0.55820006,2.0201775e-05,59.85613,-0.3463431,-8.40906,0.26438805,1.0,0.99888325,0.17285156,0.0051519917,-13.289562,-13.298778,-3.8620656,121.631424,0.7320622,1.0604851e-09,0.998888,0.15722656,0.0051882262,-12.670463,-12.6790085,-3.9274879,210.47917,0.8078313,7.584585e-10,0.008535492086410523,23175.27494263649,765000
43.68129,-0.24999274,-8.332117,0.2451522,1.0,0.9990978,0.28808594,0.0042611845,-13.8419,-13.852294,-3.209014,4072.1714,2.8699934,1.7786771e-05,2.1613045,-1.8135539,24.495367,0.99909115,0.26660156,0.0043349015,-13.182196,-13.191851,-3.3046227,192.11769,0.8619008,1.802115e-05,57.494717,-0.38608056,-8.377311,0.25645083,1.0,0.99895,0.19140625,0.0051298295,-13.165256,-13.174314,-3.8988779,1511.6451,1.2968612,3.0193345e-10,0.9989605,0.16796875,0.0051697884,-12.420284,-12.42854,-3.9731684,44.024986,0.34615743,1.1360778e-09,0.008329093837738038,23216.92041540146,770000
48.976685,-0.32553312,-8.334812,0.24582608,1.0,0.9991007,0.26464844,0.004333973,-13.756594,-13.766885,-3.2289207,463.5831,1.8252318,3.2367674e-07,1.4644585,-1.6662375,24.543537,0.99909496,0.24023438,0.0044046463,-13.075863,-13.08541,-3.3086722,243.84294,1.2818578,1.4469689e-05,56.77762,-0.36287767,-8.36557,0.25351578,1.0,0.9988785,0.15527344,0.005336025,-13.309093,-13.31827,-3.9207418,908.59296,1.1497586,9.49924e-10,0.9989109,0.13964844,0.0053120507,-12.606928,-12.615349,-3.9910958,296.86115,0.69505286,5.890593e-09,0.008219907093048096,23258.019954442978,775000
46.15553,-0.2717629,-8.337709,0.24655044,1.0,0.9990835,0.27148438,0.0043280507,-13.732341,-13.742525,-3.313311,55.059807,0.71956813,3.973046e-07,1.1071649,-1.1439466,22.707954,0.9990816,0.23925781,0.004378893,-13.083274,-13.092758,-3.3806882,52.507755,0.6983619,7.9459977e-07,53.29017,-0.3860837,-8.372677,0.25529224,1.0,0.9988966,0.16894531,0.0051683486,-13.234632,-13.243807,-3.8474054,59.3474,0.48453015,1.3356377e-09,0.99889946,0.15820312,0.005165492,-12.621669,-12.6301985,-3.8962574,586.0524,1.3931048,7.747037e-10,0.0093246319770813,23304.643121004105,780000
42.969284,-0.31884015,-8.355417,0.25097707,1.0,0.99907875,0.27441406,0.0042660264,-13.770874,-13.781237,-3.1701252,162.21722,1.0669639,5.8334563e-06,1.1666762,-1.9204015,22.604347,0.9990711,0.24902344,0.004340714,-13.071007,-13.080628,-3.2273421,119.05555,0.99503714,2.977616e-05,64.16495,-0.35700613,-8.386608,0.25877506,1.0,0.9989157,0.18066406,0.005248532,-13.2451725,-13.25432,-3.886523,506.70148,1.4424508,4.7879537e-11,0.99898434,0.16503906,0.005126508,-12.529451,-12.537843,-3.9450257,43.021816,0.50675714,2.722188e-08,0.011412845468521117,23361.707353830338,785000
53.845154,-0.2729607,-8.318269,0.2416902,1.0,0.9990854,0.29003906,0.004231734,-13.764736,-13.775044,-3.2208943,249.87225,0.98824966,4.9981254e-06,1.4621897,-1.8706596,27.474525,0.99908066,0.27734375,0.0042784503,-13.2653885,-13.27515,-3.2797794,421.60336,1.3718034,3.451395e-05,59.35012,-0.36516476,-8.386869,0.2588404,1.0,0.9989834,0.16308594,0.00531964,-13.1014185,-13.110172,-4.1467204,1009.0179,0.99076664,3.883432e-09,0.9989815,0.13574219,0.0053738034,-12.67362,-12.681833,-4.27094,60.968147,0.33725435,1.7175404e-08,0.010477387857437135,23414.09429717064,790000
51.357018,-0.23943356,-8.328424,0.24422899,1.0,0.9990711,0.25390625,0.0043755444,-13.681176,-13.691294,-3.3311956,76.66959,0.6580473,1.6996455e-05,1.4478788,-1.3364782,28.229458,0.9990759,0.23730469,0.004418477,-12.963495,-12.972839,-3.4039836,33.82125,0.5798627,2.2566604e-05,59.614822,-0.299256,-8.358996,0.2518721,1.0,0.9989004,0.16699219,0.005229553,-13.202099,-13.211218,-3.8732562,1097.0071,1.6626498,3.467617e-07,0.99892616,0.14941406,0.0051206183,-12.4850645,-12.493413,-3.9452176,612.6117,0.9135153,1.7583086e-07,0.009323200607299804,23460.71030473709,795000
40.221603,-0.3073579,-8.333793,0.2455711,1.0,0.99909306,0.28125,0.0042343168,-13.788037,-13.7984295,-3.1570892,115.496025,0.8114656,1.3480866e-05,0.7896231,-0.856831,17.840626,0.9990902,0.25878906,0.0043028123,-13.255752,-13.265554,-3.227318,135.8924,0.903401,5.2874793e-07,53.588306,-0.38289696,-8.363226,0.25292918,1.0,0.9989128,0.1875,0.005111404,-13.204962,-13.214116,-3.8403244,501.06668,0.87975174,1.1442088e-09,0.99897194,0.16699219,0.0050872723,-12.579872,-12.588308,-3.9502306,197.20825,0.61278665,1.8211878e-08,0.011472122812271118,23518.070925712585,800000
48.6761,-0.29595393,-8.299817,0.23707718,1.0,0.9990864,0.26757812,0.0043037874,-13.732021,-13.742266,-3.252763,256.51102,1.0227194,1.4793924e-05,3.545498,-1.185221,25.523853,0.9990816,0.23925781,0.0043607685,-13.113529,-13.123137,-3.2834778,55.33163,0.68530416,3.168717e-06,52.608376,-0.40742955,-8.37039,0.25472027,1.0,0.9989462,0.20800781,0.00504425,-13.233028,-13.242254,-3.794249,264.98804,0.8342186,1.7953715e-09,0.9989891,0.17871094,0.005009481,-12.6355715,-12.644171,-3.8381712,90.11204,0.51940846,3.401979e-08,0.17904544553756713,24413.29816222191,805000
44.8843,-0.27072537,-8.329803,0.24457373,1.0,0.9990864,0.2734375,0.0043414626,-13.714754,-13.724926,-3.3081748,121.96607,0.90654916,2.1133121e-06,1.2488774,-0.75890464,17.696959,0.99907684,0.24511719,0.0043725427,-13.113578,-13.123114,-3.357451,77.284775,0.9867664,1.4511573e-07,66.6125,-0.3300784,-8.38319,0.25792038,1.0,0.9989338,0.17773438,0.0051038107,-13.276255,-13.285445,-3.874136,668.49615,1.4014403,3.829408e-08,0.9989681,0.16503906,0.0051088375,-12.677427,-12.685915,-3.9937246,88.38593,0.70629025,8.8680105e-07,0.008340426301956177,24455.00029873848,810000
45.376263,-0.31984854,-8.352951,0.25036085,1.0,0.9990845,0.25683594,0.0043140445,-13.783945,-13.794209,-3.2846599,92.36836,0.713233,2.768009e-06,1.3548099,-2.0645242,27.460384,0.9990797,0.23730469,0.0043606553,-13.2491665,-13.25887,-3.322447,69.17609,0.7240647,2.4943389e-05,54.97654,-0.4403978,-8.368826,0.2543292,1.0,0.9989023,0.19238281,0.0051896656,-13.325018,-13.334313,-3.8158655,298.49078,1.2406507,1.9798192e-09,0.9989128,0.16796875,0.005152079,-12.715085,-12.723702,-3.8999698,83.87987,0.5050416,1.7060803e-08,0.008240053033828736,24496.200567245483,815000
55.33262,-0.24535447,-8.3346195,0.24577779,1.0,0.9990854,0.2890625,0.0043495744,-13.609415,-13.619463,-3.3300672,107.34463,0.6026721,4.909497e-07,2.2806308,-1.2932601,26.739025,0.9990759,0.23925781,0.0044498136,-12.988814,-12.9981365,-3.4517484,78.92694,0.70492566,1.7011162e-07,51.18726,-0.45925006,-8.36046,0.25223798,1.0,0.9989395,0.14550781,0.005267882,-13.255554,-13.264548,-4.055443,398.39233,0.64178133,2.3765219e-09,0.9989176,0.14257812,0.005372624,-12.645423,-12.653762,-4.113456,1368.2108,1.9310944,6.374743e-09,0.00820703649520874,24537.2357544899,820000
49.162956,-0.29503936,-8.333058,0.24538764,1.0,0.9990854,0.26367188,0.004343612,-13.456718,-13.466663,-3.2826455,235.46855,0.99812484,6.500285e-06,1.2464894,-1.1420155,23.575352,0.99907875,0.23535156,0.0044031064,-12.76321,-12.772426,-3.3358984,48.161633,0.5824127,1.7427712e-05,48.312737,-0.44885227,-8.355934,0.2511066,1.0,0.99889946,0.17285156,0.0052726166,-13.31204,-13.32124,-3.8998585,478.29034,0.9889989,7.58673e-09,0.99888134,0.15722656,0.0052206814,-12.554432,-12.5629015,-3.8896377,1160.0027,1.7538352,1.7953038e-08,0.008329392099380493,24578.882722377777,825000
50.771378,-0.2783756,-8.305313,0.23845121,1.0,0.9990845,0.28515625,0.004281298,-13.731329,-13.741608,-3.2154925,585.9424,1.1765654,1.9657346e-06,1.8974454,-1.6760862,29.775524,0.9990778,0.24804688,0.0043803323,-13.046407,-13.055913,-3.3219378,306.01166,1.3448787,3.4377374e-06,55.245667,-0.40306532,-8.370115,0.25465184,1.0,0.99883366,0.15722656,0.0053790417,-13.255566,-13.264747,-3.8630946,336.04147,0.9548197,8.631729e-08,0.9988823,0.14941406,0.005283589,-12.637577,-12.646117,-3.9004676,60.55626,0.47910383,8.9079045e-08,0.008245085954666137,24620.108157396317,830000
49.37054,-0.2857973,-8.354382,0.25071847,1.0,0.9990883,0.2763672,0.004274481,-13.801161,-13.811464,-3.2606487,121.009766,0.79361856,4.7519197e-06,1.0829703,-0.8821022,18.711765,0.9990854,0.25585938,0.004355169,-13.219735,-13.229398,-3.3346639,64.99111,0.6994552,6.0061564e-05,49.459576,-0.4571576,-8.33827,0.24669069,1.0,0.9989023,0.17285156,0.0051641334,-13.332531,-13.341827,-3.8219364,198.19792,0.72499394,1.2373516e-10,0.9989004,0.14941406,0.0051465314,-12.731261,-12.739863,-3.9316766,88.69536,0.48143542,7.370991e-07,0.008354280471801758,24661.879564762115,835000
38.68138,-0.35028103,-8.336581,0.24626829,1.0,0.9990969,0.26171875,0.004269554,-13.802043,-13.812363,-3.2447824,81.72298,0.6478273,2.274312e-05,1.3056128,-0.8744403,20.458313,0.9990883,0.25097656,0.0043563945,-13.130154,-13.139755,-3.306984,418.35773,0.991683,1.3336295e-05,44.185577,-0.45770425,-8.3445215,0.24825333,1.0,0.9989662,0.17871094,0.0050458075,-13.3088665,-13.318098,-3.865512,511.74985,0.68917835,1.7663583e-08,0.9989338,0.15722656,0.0050942944,-12.705047,-12.713708,-3.8453805,3381.8262,3.9233449,7.601709e-09,0.008396704149246216,24703.863092660904,840000
48.25943,-0.2595354,-8.324423,0.24322852,1.0,0.99908733,0.2607422,0.0043215286,-13.817025,-13.8273325,-3.2730207,162.16193,0.66217566,1.5228223e-06,1.5830503,-1.6330335,29.129578,0.9990778,0.25195312,0.004395383,-13.209902,-13.219531,-3.3586054,157.54866,0.71874285,2.8158868e-06,50.644062,-0.37635234,-8.361825,0.25257933,1.0,0.99894524,0.17285156,0.0052077523,-13.240911,-13.250013,-3.9281178,315.87552,0.7563606,5.972319e-09,0.99893856,0.15820312,0.0052797515,-12.630476,-12.638892,-4.0198,47.630344,0.5005742,5.0594583e-08,0.00840292272567749,24745.87771010399,845000
44.09638,-0.361473,-8.359679,0.2520427,1.0,0.999074,0.26953125,0.004411703,-13.7242565,-13.7344,-3.346589,243.7102,0.826939,1.0622222e-05,1.8983991,-2.228367,26.48074,0.9990654,0.24414062,0.004465564,-13.007706,-13.0170965,-3.40127,62.794575,0.6728752,7.755132e-06,52.231064,-0.3834634,-8.376301,0.25619796,1.0,0.99895096,0.17480469,0.0050770612,-13.190916,-13.200023,-3.8755283,555.589,1.2800686,2.7285754e-09,0.99895954,0.16308594,0.0051618805,-12.559359,-12.56777,-3.9549398,270.33032,1.1267675,2.4622443e-08,0.008346851682662963,24787.61197257042,850000
56.47664,-0.20065437,-8.323109,0.24290006,1.0,0.99909973,0.2626953,0.0043456797,-13.753768,-13.763973,-3.3133233,92.514,0.86552113,2.9773303e-06,7.951529,-2.555595,41.276527,0.999094,0.23828125,0.004376331,-13.082428,-13.091941,-3.3490171,53.723038,0.7213292,1.3897121e-06,63.41328,-0.32505244,-8.387955,0.2591114,1.0,0.99889755,0.17285156,0.0052268086,-13.421885,-13.431224,-3.8675132,1216.6647,1.4637461,7.4710176e-13,0.99888325,0.15527344,0.0052744364,-12.775057,-12.78375,-3.8827832,98.08407,0.80721486,1.2859116e-09,0.010528295135498047,24840.253454446793,855000
53.471004,-0.2587467,-8.339166,0.24691434,1.0,0.99908924,0.28515625,0.0042066476,-13.723729,-13.734053,-3.163237,304.88626,0.9868978,2.6250204e-06,1.332056,-1.6712356,25.700258,0.99908924,0.24609375,0.004301638,-13.084598,-13.094208,-3.2534645,255.63028,0.9959256,2.8129743e-06,54.89697,-0.4285536,-8.370669,0.25479025,1.0,0.99891376,0.17480469,0.0051642517,-13.252195,-13.261384,-3.8529336,363.26724,0.8904916,2.426145e-10,0.9988699,0.15820312,0.00531777,-12.751169,-12.759768,-3.9546118,4393.805,5.940691,7.661559e-10,0.011242611169815063,24896.466515541077,860000
42.575775,-0.3167872,-8.339501,0.24699822,1.0,0.9990864,0.27148438,0.004310463,-13.815395,-13.8256235,-3.3526642,185.89174,0.87377614,6.5483033e-07,1.4240965,-1.721268,24.705807,0.9990759,0.265625,0.004408825,-13.150211,-13.159746,-3.3957007,85.2628,0.77681434,6.08279e-08,58.064625,-0.49971333,-8.374834,0.25583142,1.0,0.99896526,0.18261719,0.005146773,-13.409209,-13.418426,-3.9800189,2560.9182,1.9884596,5.7190803e-09,0.9989424,0.15625,0.0052224635,-12.768385,-12.776946,-4.0103593,1216.0093,1.6071235,3.1399974e-08,0.011150936269760131,24952.221203565598,865000
40.890167,-0.30953068,-8.342621,0.24777809,1.0,0.9990988,0.27148438,0.0042756614,-13.842368,-13.852662,-3.3116703,136.52904,0.7891499,6.9651605e-06,1.7388188,-1.3867209,23.72641,0.9990921,0.24414062,0.0043666153,-13.260094,-13.269709,-3.42321,72.58987,0.6966781,1.91133e-06,62.865013,-0.3148076,-8.379065,0.25688905,1.0,0.9988909,0.19921875,0.0051621515,-13.324417,-13.333609,-3.9216576,139.79205,0.56280696,1.7273659e-09,0.9988899,0.17871094,0.0051997527,-12.695625,-12.704141,-3.984034,303.90417,0.7253471,3.3041971e-09,0.011023173093795776,25007.337072134018,870000
55.14469,-0.27948985,-8.348985,0.24936903,1.0,0.99909306,0.28320312,0.004280017,-13.847887,-13.858241,-3.2551212,285.09964,0.96008605,5.6361173e-06,1.6713345,-1.6298923,32.0014,0.9990969,0.26757812,0.0043662367,-13.153286,-13.162878,-3.3401713,315.69995,1.1103473,1.4858866e-05,51.62873,-0.41158924,-8.388342,0.25920844,1.0,0.99889755,0.16796875,0.0051646084,-13.376436,-13.385709,-3.8889284,174.92006,0.7803941,1.173004e-09,0.9988842,0.14453125,0.005207726,-12.806173,-12.814851,-3.9281979,136.188,0.8824796,1.1047495e-08,0.011057297468185425,25062.623564481735,875000
43.375557,-0.31581223,-8.305709,0.23855013,1.0,0.9990797,0.26171875,0.004427732,-13.575889,-13.58584,-3.3966846,118.5807,0.6453012,4.8841794e-06,1.7041094,-1.327606,26.163898,0.9990797,0.22265625,0.0044657593,-12.889021,-12.898275,-3.4222527,118.078026,0.63508797,5.9456157e-05,54.84647,-0.40080702,-8.367985,0.25411913,1.0,0.9988785,0.17675781,0.0051831338,-13.378718,-13.388141,-3.7390208,178.10716,0.759971,4.5346393e-11,0.99889946,0.16210938,0.0051131346,-12.728925,-12.737641,-3.8109307,496.57837,0.8475414,9.700291e-11,0.0105400221824646,25115.323683977127,880000
55.347393,-0.257532,-8.335644,0.24603382,1.0,0.9990816,0.2861328,0.004349894,-13.636685,-13.646829,-3.2594,463.43057,1.1449945,1.2389795e-05,2.9655695,-3.8743114,35.383686,0.9990902,0.23046875,0.004447326,-12.9456625,-12.955059,-3.3331873,59.564682,0.6679676,1.11866626e-07,55.440132,-0.4336314,-8.353512,0.25050086,1.0,0.9988632,0.16992188,0.005316336,-13.488979,-13.498298,-3.9553661,269.21054,0.90792906,3.2733022e-10,0.9987869,0.15429688,0.005482921,-12.752903,-12.761484,-3.9745097,1498.361,2.206047,1.4957386e-08,0.011056728267669678,25170.6073281765,885000
50.45037,-0.28363824,-8.326768,0.24381492,1.0,0.9990921,0.2998047,0.0042041223,-13.95397,-13.9645,-3.182399,354.05862,0.91049767,5.0263234e-06,1.2810297,-1.8875927,27.021133,0.9990921,0.265625,0.0042870212,-13.31318,-13.323024,-3.2427502,84.47839,1.0092807,2.6248441e-05,65.06523,-0.31062552,-8.39283,0.2603303,1.0,0.9988775,0.18847656,0.0052716415,-13.391603,-13.400931,-3.850574,69.15521,0.69809073,3.7288055e-07,0.9988947,0.17382812,0.005204373,-12.689756,-12.69831,-3.9385045,73.772804,0.539646,1.3142173e-07,0.011067309951782227,25225.943885564804,890000
54.458504,-0.26611677,-8.3006315,0.23728079,1.0,0.99908257,0.29101562,0.004288736,-13.818893,-13.829244,-3.2304451,948.0727,1.0685267,2.8344624e-05,1.5233016,-2.395462,32.377712,0.999074,0.2548828,0.00433705,-13.253389,-13.263174,-3.2430274,213.13629,0.8317824,1.6619793e-05,58.807377,-0.3393584,-8.335163,0.2459139,1.0,0.9989834,0.17480469,0.00505092,-13.27842,-13.287635,-3.8529375,1539.5438,1.7198267,1.5982535e-07,0.99897957,0.15039062,0.0051086377,-12.688874,-12.697428,-3.9379058,5459.102,6.000532,1.2072076e-07,0.011055856323242188,25281.223172187805,895000
52.716133,-0.22058693,-8.327364,0.24396387,1.0,0.99910355,0.26953125,0.004150319,-13.760012,-13.770417,-3.1136327,1154.8882,1.3837318,2.3710038e-06,2.737786,-2.2291882,26.41391,0.9990959,0.24707031,0.004212167,-13.115154,-13.1248455,-3.201363,79.57773,0.75154203,2.1260059e-05,59.965187,-0.38977212,-8.391253,0.25993648,1.0,0.9988775,0.17285156,0.005148012,-13.417643,-13.427078,-3.7646472,103.93196,0.6374324,3.1431566e-11,0.99887085,0.15429688,0.0052212276,-12.879463,-12.888283,-3.858478,36.700703,0.51288164,4.7228113e-08,0.011016248416900635,25336.304418563843,900000
52.21508,-0.26535752,-8.324682,0.24329336,1.0,0.9990959,0.28320312,0.004256105,-13.92343,-13.933924,-3.1888778,85.23212,0.6997186,5.751137e-07,2.142248,-2.256765,32.246197,0.99909306,0.25585938,0.004317619,-13.3249,-13.334736,-3.2619026,180.413,0.902879,1.357379e-05,55.91231,-0.3973021,-8.351301,0.24994847,1.0,0.99892044,0.171875,0.005151325,-13.343901,-13.353146,-3.886191,215.13174,0.72365963,7.0461165e-11,0.9989376,0.14453125,0.0052032885,-12.743931,-12.752512,-3.966552,66.69277,0.45389938,4.7360352e-08,0.1039392062664032,25856.000455141068,905000
57.973442,-0.22973727,-8.304277,0.23819232,1.0,0.99908257,0.265625,0.0044182725,-13.617628,-13.627608,-3.4072242,2671.306,2.2025611,1.6379613e-07,1.6962067,-2.1440015,28.537296,0.99907684,0.2421875,0.0044837845,-12.932503,-12.941739,-3.4831572,48.507195,0.5904341,7.172845e-08,47.62918,-0.4511901,-8.352936,0.2503568,1.0,0.9989023,0.18847656,0.0051530525,-13.404993,-13.41431,-3.8727317,245.48944,0.88154477,2.7176242e-07,0.9989176,0.1640625,0.0052095284,-12.852913,-12.861626,-3.9401984,165.72173,0.93192446,1.9866176e-08,0.00849454164505005,25898.473168611526,910000
53.70634,-0.23651478,-8.307156,0.23891187,1.0,0.9990902,0.27734375,0.004397789,-13.648382,-13.658453,-3.345712,107.92866,0.78752697,7.968501e-08,1.4762651,-1.8642956,28.940088,0.99909115,0.2607422,0.004444983,-12.885651,-12.894917,-3.4063807,162.09668,0.91397977,9.430386e-10,52.005768,-0.3910901,-8.356025,0.25112927,1.0,0.9989357,0.18359375,0.0051865727,-13.511181,-13.520644,-3.8296494,544.0576,1.1344612,4.216923e-08,0.99897766,0.16601562,0.0050894357,-12.833939,-12.842676,-3.895695,61.605396,0.61593723,1.0694191e-06,0.008523477029800415,25941.09055685997,915000
40.499245,-0.30355763,-8.342558,0.24776241,1.0,0.99909973,0.27539062,0.004308524,-13.764548,-13.774807,-3.2692032,128.33632,0.7098414,1.3643364e-09,1.6702462,-1.0271084,22.69225,0.99908924,0.25585938,0.0043797335,-13.079046,-13.088574,-3.3314543,195.81479,0.89281416,3.8539658e-10,62.08089,-0.3516565,-8.377928,0.25660482,1.0,0.99885654,0.16503906,0.0054536397,-13.4131565,-13.422437,-3.9201646,112.27348,0.6163553,1.0931598e-09,0.9989233,0.15234375,0.005233057,-12.755444,-12.764032,-3.9685616,98.953186,0.39795044,2.467558e-07,0.008500151491165162,25983.591323375702,920000
45.324596,-0.3008107,-8.315794,0.24107158,1.0,0.9990797,0.2783203,0.0042734686,-13.863237,-13.873626,-3.2362556,321.17328,0.7614578,1.7405779e-06,1.4049217,-1.952252,27.803194,0.9990654,0.26367188,0.0043356107,-13.278331,-13.288118,-3.2656183,99.44963,0.6883385,8.83962e-06,57.000687,-0.39747313,-8.373413,0.25547624,1.0,0.9989481,0.16113281,0.005184985,-13.358785,-13.367974,-3.9584682,509.63174,0.8487694,5.1449267e-09,0.9989462,0.14160156,0.0052466886,-12.700998,-12.70951,-3.994633,97.12606,0.6298618,1.9665988e-08,0.00828372073173523,26025.009931325912,925000
48.909477,-0.2681529,-8.349413,0.24947642,1.0,0.9990711,0.2578125,0.004410404,-13.705983,-13.716124,-3.3320963,285.26813,0.91480476,1.6247125e-07,4.0366716,-1.4973086,30.357597,0.999073,0.23144531,0.0044584037,-13.027836,-13.037243,-3.4045672,55.691307,0.6289002,3.3187214e-05,55.733322,-0.42853844,-8.380913,0.25735098,1.0,0.9988451,0.15820312,0.0051735896,-13.429657,-13.439063,-3.8081067,1215.8516,1.1853616,4.610942e-09,0.9988432,0.15234375,0.005217425,-12.808205,-12.81696,-3.8516145,34.397655,0.40827364,3.8971017e-08,0.008416676139831544,26067.093319177628,930000
40.34234,-0.36660147,-8.343746,0.24805945,1.0,0.9990969,0.27246094,0.0043914206,-13.742884,-13.752993,-3.401503,212.80177,0.8219564,2.3148197e-09,1.1101638,-1.5355508,22.445484,0.99909115,0.24609375,0.0044415896,-13.124701,-13.1341715,-3.4354477,99.26354,0.9454961,5.310614e-07,62.898857,-0.36475375,-8.365454,0.25348648,1.0,0.99895954,0.16992188,0.0051184176,-13.247426,-13.256503,-3.9613476,73.516525,0.4695763,6.1354206e-07,0.9989691,0.14160156,0.0051414436,-12.685228,-12.69369,-4.0289793,57.77773,0.37495217,4.408973e-09,0.008016018676757813,26107.173419237137,935000
47.239853,-0.24568582,-8.314674,0.24079144,1.0,0.999094,0.25976562,0.0043905284,-13.832902,-13.843201,-3.2975864,355.4564,1.1407235,1.1356603e-06,1.0312171,-1.455243,23.252087,0.9990959,0.25097656,0.0044302344,-13.166999,-13.176598,-3.3468537,148.5117,1.0339909,1.6593971e-06,58.290237,-0.42283857,-8.384281,0.25819346,1.0,0.99889565,0.17578125,0.0052042273,-13.393709,-13.403047,-3.8414845,909.42303,1.3674991,2.0826364e-12,0.9988909,0.15234375,0.0051778797,-12.643806,-12.652332,-3.9217792,333.57822,0.782428,1.4049776e-07,0.00798934850692749,26147.120170116425,940000
47.333263,-0.2621189,-8.311847,0.24008462,1.0,0.9990902,0.2763672,0.004327528,-13.730247,-13.740438,-3.3041286,357.69293,0.74050313,6.895848e-08,1.1553981,-1.0427526,22.82446,0.9990969,0.265625,0.004375633,-13.120437,-13.12997,-3.3675718,67.76991,0.62651324,8.797049e-06,55.924362,-0.40818012,-8.374447,0.25573453,1.0,0.9989271,0.17285156,0.0051346305,-13.481095,-13.49057,-3.7882547,707.85626,1.1609224,5.1684957e-08,0.9988928,0.15039062,0.0051806797,-12.821476,-12.830217,-3.880021,129.75496,0.4713022,6.5829295e-07,0.00811428050994873,26187.69157767296,945000
44.489994,-0.34130102,-8.333889,0.24559528,1.0,0.99909973,0.27734375,0.0042378977,-13.983132,-13.993632,-3.2404416,520.1933,1.2383555,8.232221e-06,1.3957016,-1.5073817,25.316002,0.99909973,0.26367188,0.0043194676,-13.449932,-13.459826,-3.3276196,71.46613,0.89314836,3.5883882e-06,66.091965,-0.36112893,-8.387915,0.25910145,1.0,0.99888897,0.1796875,0.0052515967,-13.578865,-13.588356,-3.869306,259.63492,1.060936,3.5579053e-09,0.99893856,0.16992188,0.005222586,-12.928749,-12.937488,-3.989552,88.59902,0.833424,3.3235274e-08,0.008055946111679077,26227.97131204605,950000
46.744347,-0.2990395,-8.350975,0.24986666,1.0,0.9991045,0.30371094,0.004188288,-14.002293,-14.012916,-3.1339335,176.12108,1.0005362,9.25198e-07,1.0587947,-0.84843695,21.099247,0.9990969,0.2734375,0.0042729555,-13.337204,-13.347087,-3.2272363,146.6185,1.0275569,9.502154e-07,58.15485,-0.40155375,-8.379297,0.25694716,1.0,0.9989233,0.18261719,0.005145465,-13.2484045,-13.257589,-3.8530815,252.50407,0.87872326,3.4730843e-07,0.99898624,0.15722656,0.0050591426,-12.530974,-12.539356,-3.9553218,72.046196,0.4006067,9.5026434e-07,0.008196867418289185,26268.95565700531,955000
49.44508,-0.27617803,-8.305176,0.23841672,1.0,0.9990978,0.28320312,0.004315302,-13.861275,-13.871593,-3.3049777,87.11129,0.75847113,2.0532093e-06,1.2472256,-0.9565957,22.382202,0.9990959,0.2529297,0.0043816455,-13.206515,-13.216146,-3.3532202,87.13235,0.7127207,2.0689643e-07,66.078255,-0.36668813,-8.378381,0.25671828,1.0,0.9989071,0.17382812,0.0052912654,-13.440113,-13.449431,-3.9069088,216.7652,1.1782901,5.874139e-11,0.9989433,0.15332031,0.005228507,-12.793278,-12.801864,-4.00983,80.363495,0.6037818,1.8869951e-10,0.008179690265655518,26309.85411453247,960000
49.572857,-0.28213793,-8.346658,0.24878745,1.0,0.9990988,0.2890625,0.0041904,-13.923885,-13.93442,-3.1475444,135.65091,1.0043457,5.124654e-07,1.6506197,-1.1446408,25.71819,0.9990921,0.26367188,0.004286207,-13.3862705,-13.396166,-3.2629595,66.97146,0.9308386,2.2070276e-08,63.61312,-0.38293135,-8.377673,0.25654125,1.0,0.9989462,0.17675781,0.0051732636,-13.2990055,-13.308161,-3.9324007,271.33145,0.8459687,9.7866e-10,0.99895,0.14550781,0.0052086953,-12.741623,-12.750192,-3.975063,446.4824,0.99975157,3.619556e-09,0.008300159406661987,26351.354918718338,965000
42.611942,-0.25693536,-8.309922,0.23960349,1.0,0.99908066,0.265625,0.0043629706,-13.71833,-13.728523,-3.2903113,226.44876,0.9109062,4.7513126e-06,0.9864577,-1.6518419,22.555927,0.99907875,0.2548828,0.004417029,-13.021699,-13.031134,-3.370071,94.22205,0.61465484,1.4553458e-05,51.02484,-0.43582577,-8.374355,0.25571176,1.0,0.99888897,0.17578125,0.005296973,-13.371513,-13.380715,-3.9583766,150.23837,0.8624199,1.0020226e-10,0.99887276,0.15039062,0.0053312373,-12.719299,-12.727815,-4.008802,244.21844,0.8742765,2.6276298e-10,0.008283881521224976,26392.774329423904,970000
57.64172,-0.22585489,-8.36978,0.25456792,1.0,0.9990864,0.24511719,0.0043876693,-13.896791,-13.9071455,-3.3041692,176.2376,1.0052704,1.2791655e-08,1.6558656,-1.2331536,27.9915,0.9990854,0.22949219,0.00444022,-13.230061,-13.239692,-3.3776016,30.666924,0.64652574,1.8567073e-08,57.861107,-0.33047765,-8.395403,0.2609737,1.0,0.9989004,0.17382812,0.005215072,-13.451551,-13.460842,-3.9457922,752.54065,1.0329154,3.5765753e-09,0.9989071,0.16308594,0.0052703395,-12.865053,-12.873708,-4.0122566,159.55833,0.6930194,9.459752e-10,0.008467075157165528,26435.109709501266,975000
42.55682,-0.2850978,-8.327276,0.2439422,1.0,0.99907684,0.2783203,0.0042994805,-13.9944725,-14.004983,-3.2426925,924.3194,1.2836759,1.5292229e-06,1.7604165,-1.2826588,22.834908,0.99908733,0.25390625,0.0043403474,-13.322708,-13.332514,-3.2905948,402.90225,1.3187041,8.372704e-06,50.4701,-0.50904924,-8.364675,0.2532916,1.0,0.9989424,0.16699219,0.0050652213,-13.3723135,-13.381618,-3.8552005,138.43018,0.7165269,1.7850834e-07,0.99891853,0.15136719,0.0050823875,-12.772951,-12.781623,-3.9008982,903.42737,1.4691906,1.3728555e-07,0.00868658709526062,26478.542652368546,980000
46.252964,-0.30275413,-8.330629,0.2447804,1.0,0.99909973,0.2841797,0.004275767,-13.866323,-13.876759,-3.19177,151.66565,0.9753605,5.930595e-06,2.4261367,-2.5861595,29.965088,0.9990797,0.26464844,0.0043292665,-13.334212,-13.3440695,-3.250922,322.5747,1.3926198,2.5477959e-05,46.092575,-0.47088796,-8.357428,0.2514799,1.0,0.99893475,0.16796875,0.0053061475,-13.391855,-13.401019,-4.017486,205.62335,0.953352,1.7402199e-09,0.99901676,0.15234375,0.0051571224,-12.832443,-12.841039,-4.0378757,135.82573,0.6595935,1.1719351e-09,0.00841769585609436,26520.631138324738,985000
49.123077,-0.2963854,-8.361417,0.25247723,1.0,0.99909115,0.2705078,0.0043415525,-13.77137,-13.781588,-3.3186045,85.96223,0.6962838,1.6226352e-06,1.5628817,-2.372413,29.703342,0.9990835,0.25390625,0.004426185,-13.081256,-13.090743,-3.3768187,48.139225,0.72032475,6.4309944e-07,50.71158,-0.53444785,-8.380499,0.2572477,1.0,0.9989748,0.17089844,0.005072656,-13.451059,-13.460384,-3.9110503,975.5252,1.0385433,2.0413178e-09,0.99893284,0.15527344,0.005152002,-12.805124,-12.81387,-3.8571968,163.69226,0.83322763,1.7563444e-07,0.008304588747024536,26562.154108285904,990000
46.43038,-0.26729196,-8.324952,0.2433609,1.0,0.9990759,0.26660156,0.004365379,-13.912158,-13.922433,-3.4015145,145.26884,0.5620061,3.6121592e-11,1.1809496,-1.1240697,21.285988,0.99907684,0.23828125,0.0044402718,-13.274696,-13.284292,-3.4587548,220.0484,0.70649177,1.5392197e-05,49.49257,-0.4690131,-8.381569,0.25751507,1.0,0.99880886,0.17480469,0.0052582305,-13.513314,-13.522717,-3.8941622,111.82619,0.61598057,1.7635798e-09,0.9988184,0.16699219,0.0054621412,-12.837193,-12.845949,-3.8800728,119.01247,0.7364348,6.199711e-08,0.008554565572738648,26604.9269387722,995000
53.073544,-0.2370247,-8.313611,0.24052554,1.0,0.9991045,0.28125,0.0042220764,-14.044336,-14.054956,-3.1809855,310.3098,0.9915366,1.029036e-06,1.8639404,-1.3306174,26.75154,0.99910355,0.26660156,0.0042860247,-13.419394,-13.42931,-3.2740731,75.041466,0.77720046,7.889249e-06,56.049545,-0.43045017,-8.368689,0.2542951,1.0,0.99894524,0.17773438,0.005144208,-13.376538,-13.385753,-3.9495335,75.43733,0.48298907,2.345355e-10,0.99894905,0.14355469,0.005139566,-12.755123,-12.763716,-3.9642632,173.87723,0.6850363,1.2902781e-08,0.008648587560653686,26648.169900894165,1000000
