training/actor/actor_loss,training/actor/adv,training/actor/bc_log_prob,training/actor/mse,training/actor/std,training/critic/binary_accuracy,training/critic/categorical_accuracy,training/critic/contrastive_loss,training/critic/logits,training/critic/logits_neg,training/critic/logits_pos,training/critic/v_max,training/critic/v_mean,training/critic/v_min,training/grad/max,training/grad/min,training/grad/norm,training/value/binary_accuracy,training/value/categorical_accuracy,training/value/contrastive_loss,training/value/logits,training/value/logits_neg,training/value/logits_pos,training/value/v_max,training/value/v_mean,training/value/v_min,validation/actor/actor_loss,validation/actor/adv,validation/actor/bc_log_prob,validation/actor/mse,validation/actor/std,validation/critic/binary_accuracy,validation/critic/categorical_accuracy,validation/critic/contrastive_loss,validation/critic/logits,validation/critic/logits_neg,validation/critic/logits_pos,validation/critic/v_max,validation/critic/v_mean,validation/critic/v_min,validation/value/binary_accuracy,validation/value/categorical_accuracy,validation/value/contrastive_loss,validation/value/logits,validation/value/logits_neg,validation/value/logits_pos,validation/value/v_max,validation/value/v_mean,validation/value/v_min,time/epoch_time,time/total_time,step
33.222954,-0.7580646,-9.679255,0.5819366,1.0,0.7463522,0.0,0.58799005,-0.46576118,-0.46564555,-0.58406603,20.275925,1.0034032,0.049166657,1.1909049,-1.0213366,77.81572,0.6508665,0.0009765625,0.6302181,-0.28835225,-0.288287,-0.35508314,9.190392,0.93438137,0.05169633,36.42504,-0.6073333,-9.645261,0.57343817,1.0,0.98013496,0.0009765625,0.08069489,-5.2485294,-5.2480607,-5.7281246,17.986265,0.15993449,2.611274e-05,0.9723568,0.0,0.08100921,-5.0400167,-5.0395684,-5.4983892,8.422821,0.12594435,3.846569e-05,0.013460783100128174,67.30391693115234,1
21.105354,-0.03391285,-9.140064,0.44713923,1.0,0.9990282,0.10253906,0.0052358536,-15.5160885,-15.527224,-4.12442,14.441974,0.05397854,6.326489e-08,0.2555456,-0.23871563,7.1747026,0.9990263,0.08886719,0.005207984,-15.675964,-15.68709,-4.294697,1.6626899,0.032670196,2.6655218e-08,21.326836,-0.21012075,-9.1629095,0.45285025,1.0,0.9990282,0.087890625,0.0052630035,-15.285532,-15.296161,-4.411935,18.50189,0.060326118,9.9814e-09,0.9990263,0.083984375,0.0052689733,-15.330059,-15.340687,-4.458278,10.964017,0.04518095,4.043635e-08,0.2561730031013489,1348.1689341068268,5000
18.635649,-0.07424277,-9.1157,0.4410477,1.0,0.999032,0.13183594,0.0048443675,-13.259764,-13.268844,-3.9706922,8.1672945,0.06372501,3.6186593e-05,0.16221572,-0.24111426,4.647524,0.9990339,0.125,0.00488995,-13.3328085,-13.34189,-4.042488,4.7932196,0.059962492,2.0776348e-05,19.531174,-0.16171485,-9.094417,0.4357271,1.0,0.999032,0.12890625,0.004987752,-13.283598,-13.292608,-4.0667315,9.769273,0.071654245,3.2697034e-07,0.999032,0.12890625,0.0050334707,-13.333044,-13.342112,-4.0568714,9.136631,0.09510987,6.7153013e-07,0.26372884297370913,2666.8131518363953,10000
26.329832,-0.09738686,-9.069586,0.42951947,1.0,0.9990339,0.15332031,0.004701239,-12.815936,-12.824785,-3.764013,17.54106,0.14727572,7.161898e-07,0.5217795,-0.47966945,11.680648,0.9990368,0.14160156,0.004799483,-12.650326,-12.65894,-3.8366048,14.717964,0.13407636,6.5734434e-07,26.59276,-0.11010495,-9.084011,0.43312573,1.0,0.999032,0.13671875,0.0048690327,-12.685853,-12.694462,-3.8793697,32.127068,0.14203657,3.4475836e-06,0.9990339,0.14355469,0.004944888,-12.482008,-12.490359,-3.9375973,20.536581,0.12166338,3.968046e-06,0.14476709051132203,3390.6486055850983,15000
29.393219,-0.08474622,-9.038318,0.42170238,1.0,0.99904346,0.16992188,0.004548272,-12.97163,-12.9808035,-3.5868778,37.500217,0.21794456,3.9206298e-05,0.8312325,-0.7320605,16.511768,0.99904346,0.16699219,0.0046111178,-12.777554,-12.78645,-3.6752853,20.154951,0.21628422,2.709031e-05,28.872726,-0.10096268,-9.097782,0.43656853,1.0,0.99902725,0.16894531,0.0047712335,-12.9735,-12.982389,-3.8796592,34.114815,0.18346,9.68101e-06,0.999033,0.15429688,0.0048751505,-12.75274,-12.761307,-3.9893198,10.778365,0.16492403,1.0628484e-05,0.014380168676376343,3462.54945063591,20000
31.890509,-0.109570354,-9.062626,0.42777967,1.0,0.9990511,0.20703125,0.004443125,-13.093313,-13.102685,-3.5067177,25.785236,0.21152677,7.350978e-05,0.83206856,-0.7630589,16.063087,0.999053,0.1875,0.004553314,-12.857189,-12.866239,-3.6000473,12.178788,0.20364821,6.327313e-05,33.486656,-0.058496274,-9.043308,0.42295018,1.0,0.9990349,0.15234375,0.0047065318,-12.988855,-12.997989,-3.6457043,46.453503,0.25016284,9.441871e-06,0.999032,0.12890625,0.0047993837,-12.746429,-12.755212,-3.762692,53.890625,0.31744656,8.946958e-06,0.16054987978935242,4265.2988538742065,25000
32.794594,-0.13359067,-8.993643,0.41053367,1.0,0.9990492,0.17675781,0.004534011,-13.149288,-13.158662,-3.5587935,47.04826,0.2591489,2.621857e-05,1.150873,-0.7870867,16.850206,0.99904823,0.1796875,0.0046117506,-12.863785,-12.872827,-3.6144652,19.00665,0.19792213,1.6455815e-05,28.743004,-0.17402372,-9.054352,0.42571083,1.0,0.9990196,0.15722656,0.0046554953,-13.285233,-13.294644,-3.6571872,60.68645,0.3390184,9.109666e-06,0.99902344,0.14550781,0.004735197,-12.939448,-12.948503,-3.6774387,87.1833,0.46898496,4.9357423e-06,0.009553735065460206,4313.0675303936005,30000
31.419666,-0.14739296,-9.07068,0.4297929,1.0,0.9990387,0.17675781,0.0045354357,-13.266268,-13.275773,-3.5423684,36.871437,0.27934006,2.4476809e-05,0.86067605,-1.0456227,17.025589,0.99903584,0.16308594,0.0046021026,-13.097846,-13.107095,-3.6366267,31.733484,0.26080006,2.20539e-05,36.82055,-0.09944767,-9.067197,0.42892224,1.0,0.9990387,0.18164062,0.004542355,-13.156511,-13.165911,-3.5395079,385.30008,0.5369438,3.019944e-05,0.99903774,0.15136719,0.004626573,-13.007548,-13.016687,-3.657269,95.963524,0.41229624,8.1236396e-07,0.16200459127426148,5123.090491056442,35000
35.43157,-0.08897672,-9.074028,0.43063003,1.0,0.9990511,0.18066406,0.004413417,-13.392844,-13.402592,-3.4202962,51.99664,0.3665766,1.23164245e-05,1.3970268,-1.1071078,20.424444,0.99905396,0.18066406,0.004462531,-13.137272,-13.146688,-3.5034845,42.930477,0.33821338,1.3503384e-05,37.89198,-0.09926227,-9.094745,0.43580914,1.0,0.9990349,0.17285156,0.004611479,-13.464096,-13.473767,-3.5699425,62.128223,0.481362,1.1456907e-05,0.99903774,0.16601562,0.004694101,-13.18666,-13.195952,-3.6808398,81.18484,0.5481024,1.3446032e-05,0.013803625869750976,5192.10862159729,40000
23.224651,-0.2052679,-9.032866,0.42033905,1.0,0.9990473,0.18652344,0.0043884823,-13.418844,-13.428576,-3.4634836,53.904842,0.32205576,1.0113665e-05,0.39184842,-0.52795005,9.561455,0.9990454,0.18554688,0.004435741,-13.167502,-13.176966,-3.486721,91.6221,0.45730996,3.0484343e-05,24.807775,-0.1884327,-9.014743,0.41580862,1.0,0.99903584,0.16796875,0.00458471,-13.403431,-13.413003,-3.611879,107.76158,0.681157,2.6102782e-05,0.99903774,0.15429688,0.004614846,-13.172749,-13.182085,-3.620413,68.03613,0.59336233,2.6717511e-05,0.15715488543510436,5977.883050441742,45000
31.54126,-0.14541554,-9.012192,0.41517097,1.0,0.9990444,0.2109375,0.0043152496,-13.737386,-13.747563,-3.3258078,153.11145,0.59476495,6.6610606e-05,0.738574,-0.8036628,13.692528,0.9990425,0.18554688,0.0044044713,-13.543069,-13.552963,-3.419738,173.8085,0.4765771,4.1366522e-05,38.77693,-0.16164017,-9.106308,0.43869993,1.0,0.99901104,0.1796875,0.004596618,-13.526148,-13.5359535,-3.494677,128.85779,0.5828096,1.3426716e-06,0.99901867,0.17285156,0.004635906,-13.264137,-13.273621,-3.5617247,102.22354,0.37421677,9.4033385e-06,0.013790859079360961,6046.837348937988,50000
32.564674,-0.19989848,-9.016125,0.4161542,1.0,0.9990368,0.19433594,0.004491405,-13.532591,-13.542364,-3.535128,450.98755,0.61539173,5.9436456e-06,0.5870077,-0.61729693,15.086749,0.99903584,0.16796875,0.004543745,-13.332916,-13.342484,-3.5443993,189.31314,0.46777374,5.2718733e-06,35.626984,-0.18309085,-9.00733,0.41395545,1.0,0.99901867,0.16796875,0.0046185283,-13.700521,-13.710406,-3.5877082,156.4387,0.55792236,3.4705135e-06,0.9990158,0.14648438,0.004701007,-13.515596,-13.525222,-3.6693738,259.51364,0.8558337,2.5801637e-06,0.19476282930374145,7020.651499032974,55000
34.701023,-0.14782213,-9.000092,0.41214582,1.0,0.9990587,0.21972656,0.0043072873,-13.914963,-13.92534,-3.2997751,256.52716,0.80200744,3.6151512e-05,0.5431657,-0.5664948,14.174844,0.9990568,0.19824219,0.004397506,-13.660092,-13.670137,-3.3836513,167.65842,0.8981755,5.782579e-05,37.87381,-0.17921145,-9.04756,0.42401296,1.0,0.999032,0.18066406,0.0045908093,-13.743399,-13.753316,-3.5966349,45.178326,0.31776863,8.1574535e-06,0.9990282,0.14453125,0.004660859,-13.508207,-13.517832,-3.662437,75.4428,0.46060053,2.4654271e-05,0.013786277675628662,7089.582891464233,60000
27.723135,-0.20159984,-9.050182,0.4246685,1.0,0.99904346,0.20898438,0.0043246197,-13.98136,-13.991753,-3.3508892,87.181465,0.71471596,1.3889404e-05,0.5751564,-0.66360176,10.760216,0.9990454,0.19433594,0.0043756003,-13.816517,-13.826697,-3.402468,170.8088,0.7180107,0.00012329323,36.497868,-0.13694292,-9.038652,0.42178625,1.0,0.9990301,0.15625,0.0046237605,-13.8834,-13.893317,-3.7370596,300.29785,0.6312879,4.5388242e-05,0.99902534,0.140625,0.0046634777,-13.676143,-13.685783,-3.8128624,57.979866,0.24185488,5.376403e-05,0.012540654563903809,7152.28616976738,65000
41.544075,-0.16331346,-8.979143,0.4069086,1.0,0.999053,0.20019531,0.004367328,-14.057749,-14.068193,-3.3733196,162.69301,0.75895965,3.9684203e-08,0.62668985,-1.03437,17.00645,0.99905396,0.18066406,0.004417215,-13.875301,-13.885501,-3.4405951,233.19806,0.89270425,9.409304e-08,37.533527,-0.13064395,-9.003843,0.41308367,1.0,0.9990368,0.16992188,0.0045516016,-13.951148,-13.961332,-3.5318744,736.6556,0.93263614,5.5873525e-06,0.9990349,0.14355469,0.004650821,-13.726149,-13.735976,-3.6733444,60.56879,0.37172323,2.7382208e-05,0.013957649421691894,7222.074418783188,70000
41.86315,-0.13179816,-9.001652,0.4125358,1.0,0.9990511,0.23828125,0.0042302096,-14.096535,-14.107191,-3.1953335,259.10287,0.98511857,4.3209984e-06,1.0024132,-0.97884357,19.308136,0.9990473,0.21679688,0.0042949338,-13.820667,-13.830985,-3.266342,47.12623,0.5524862,2.4420651e-06,39.286446,-0.18239757,-9.004444,0.41323406,1.0,0.99903107,0.18261719,0.004575791,-13.966124,-13.976344,-3.5107722,177.45561,0.80474746,1.09964485e-05,0.99902725,0.15820312,0.0046560527,-13.712677,-13.722584,-3.5786874,751.6764,1.5367787,4.6114983e-06,0.013946672630310058,7291.80778336525,75000
40.06207,-0.15187132,-9.021081,0.41739312,1.0,0.99905014,0.21777344,0.004278983,-14.046305,-14.056835,-3.272563,327.07135,0.6211694,4.0164843e-05,0.8679762,-0.7003053,17.914305,0.9990492,0.19628906,0.004380088,-13.733687,-13.743818,-3.370959,125.32749,0.63170743,9.602636e-05,44.952496,-0.16138059,-9.032644,0.4202842,1.0,0.99903107,0.17480469,0.004630561,-13.978937,-13.989085,-3.5975726,170.99428,0.43918616,1.8921988e-05,0.9990339,0.16015625,0.0046823807,-13.715457,-13.725306,-3.6400266,352.37518,0.6926749,6.319006e-06,0.20550644602775572,8319.340017557144,80000
34.416298,-0.18360254,-9.054552,0.42576104,1.0,0.9990425,0.20019531,0.0043404084,-14.123018,-14.133534,-3.3651206,79.14681,0.29457045,1.763856e-05,1.2299062,-1.4777098,18.56033,0.9990406,0.18847656,0.0043893913,-13.833504,-13.84371,-3.3928986,116.13082,0.33249307,8.7638946e-05,37.923775,-0.20112613,-9.038364,0.421714,1.0,0.9990387,0.17382812,0.004540138,-14.141665,-14.152001,-3.5690198,320.6576,0.8145328,3.4231039e-06,0.9990349,0.15625,0.0045936694,-13.878082,-13.888117,-3.6131177,732.0551,1.0601003,1.7501414e-05,0.016373698282241823,8401.208510875702,85000
37.857895,-0.1833652,-9.012325,0.41520435,1.0,0.99904823,0.20703125,0.00433084,-14.188089,-14.198718,-3.3148544,266.52557,0.72393394,6.2225226e-06,0.59941393,-0.9852664,16.751268,0.9990444,0.18847656,0.0043951375,-13.95545,-13.965785,-3.3837924,181.46472,0.75340605,1.6299395e-05,40.568237,-0.16423605,-9.022524,0.41775382,1.0,0.9990349,0.18066406,0.0045918664,-14.0835285,-14.09381,-3.565578,159.12646,0.57277626,3.506527e-06,0.9990301,0.16210938,0.00463899,-13.898893,-13.908927,-3.6351423,145.03546,0.5628236,4.7902267e-06,0.018884830713272096,8495.632666110992,90000
30.671507,-0.17135909,-9.034943,0.4208586,1.0,0.9990454,0.21289062,0.00428828,-14.141485,-14.152027,-3.3583617,77.069275,0.5208391,1.0796075e-05,0.7311787,-0.6725782,14.89151,0.9990473,0.19042969,0.0043814396,-13.842159,-13.852331,-3.4359984,80.19028,0.58602935,1.0091476e-05,47.3676,-0.13661195,-9.06701,0.4288754,1.0,0.99902344,0.1875,0.004554359,-14.217064,-14.227469,-3.5726657,173.29312,0.61028826,3.5936896e-06,0.9990263,0.17382812,0.00461456,-13.923698,-13.93376,-3.6305041,189.26369,0.6956807,6.0223047e-06,0.01888263931274414,8590.045864582062,95000
32.727913,-0.22507405,-9.001923,0.41260374,1.0,0.99905014,0.22265625,0.0042409557,-14.391614,-14.4025,-3.254157,69.62124,0.42970628,0.00020176274,0.5363007,-0.776959,13.140263,0.9990511,0.19335938,0.004344412,-14.007204,-14.017631,-3.3416018,49.786777,0.4001359,8.844768e-05,44.34619,-0.21222213,-9.014074,0.41564155,1.0,0.9990339,0.20410156,0.004511093,-14.475086,-14.485889,-3.42432,1959.991,2.8885756,9.12473e-07,0.99902534,0.171875,0.004611008,-14.10881,-14.119171,-3.5092623,893.7404,2.173465,6.4256545e-07,0.015054879760742188,8665.320265293121,100000
39.135704,-0.20642473,-9.0422945,0.42269668,1.0,0.9990635,0.2265625,0.004251404,-14.439951,-14.450844,-3.2964425,214.66591,0.8810076,9.0185014e-05,1.3275774,-1.451642,21.276299,0.9990549,0.203125,0.0043270085,-14.063506,-14.07399,-3.338025,128.72894,0.6943722,0.000106414314,38.183056,-0.25248972,-9.04675,0.42381048,1.0,0.99904156,0.17871094,0.004556974,-14.506006,-14.516686,-3.5807505,502.01538,0.9227938,6.9686553e-06,0.9990387,0.17285156,0.0045914557,-14.071926,-14.082166,-3.5971184,239.93744,0.9960741,9.801771e-06,0.1991050106048584,9660.845319747925,105000
38.570263,-0.18044113,-9.000235,0.4121817,1.0,0.9990492,0.23046875,0.00422398,-14.4001255,-14.411042,-3.2315335,187.85127,0.5367159,3.5332944e-06,1.3103738,-0.9290191,20.411528,0.999053,0.22753906,0.0042929356,-14.124363,-14.13493,-3.3142564,83.40633,0.3902244,2.0199752e-05,43.22134,-0.17181066,-9.011647,0.41503477,1.0,0.99902344,0.1640625,0.0045800777,-14.305698,-14.31625,-3.5111814,442.30518,0.9131322,1.3860835e-05,0.9990225,0.15136719,0.004676612,-14.003588,-14.013746,-3.6118224,333.45337,1.2202041,1.3562054e-05,0.014147220706939698,9731.581424713135,110000
34.2132,-0.2071509,-9.048464,0.42423874,1.0,0.999053,0.23339844,0.004237964,-14.480251,-14.491224,-3.2553926,520.9263,0.664571,7.710384e-06,0.732811,-0.7670363,16.368742,0.9990511,0.21582031,0.004292615,-14.240942,-14.251602,-3.3356256,305.31003,0.781145,0.00013820306,38.440704,-0.20927529,-8.990047,0.40963495,1.0,0.9990244,0.19726562,0.0045632278,-14.446936,-14.457613,-3.524692,178.99397,0.627096,1.2064613e-06,0.9990263,0.17285156,0.004608765,-14.190378,-14.200716,-3.615675,49.81093,0.3299952,2.429285e-06,0.013781645774841308,9800.489654779434,115000
37.036606,-0.24624018,-8.992348,0.4102099,1.0,0.9990492,0.2109375,0.0043253745,-14.516809,-14.527721,-3.3539374,370.07703,0.80490917,1.2309074e-05,0.97581965,-0.9193392,16.537079,0.9990463,0.19335938,0.0043806215,-14.25411,-14.264709,-3.4114316,148.88274,0.6538577,8.514724e-06,42.55037,-0.1784683,-9.074962,0.43086356,1.0,0.99902725,0.17578125,0.0045848703,-14.411899,-14.422492,-3.5751748,228.90907,0.50864786,1.5483669e-05,0.9990282,0.17089844,0.004654376,-14.091366,-14.101557,-3.6649244,71.838615,0.45612025,1.6539801e-05,0.013777504205703735,9869.377177238464,120000
38.830498,-0.16404545,-9.048475,0.4242417,1.0,0.9990444,0.23242188,0.004242231,-14.343004,-14.353814,-3.2844038,192.64792,0.54312027,1.6597382e-05,0.9001867,-1.1862546,17.47097,0.9990387,0.1953125,0.004298358,-13.962442,-13.972804,-3.361883,167.79222,0.5884564,1.2053314e-05,35.724586,-0.2268908,-9.003531,0.4130059,1.0,0.999033,0.18164062,0.0046708845,-14.4272785,-14.437744,-3.7214751,466.63037,1.2366216,2.635385e-06,0.9990339,0.15820312,0.0046915226,-14.087171,-14.097275,-3.7510498,770.70483,2.5443668,6.541522e-06,0.01377462763786316,9938.25032043457,125000
46.15535,-0.16628242,-8.996714,0.41130134,1.0,0.9990549,0.21875,0.0042809015,-14.548627,-14.559665,-3.2566051,402.66388,1.2560176,4.5955378e-05,1.2844908,-1.0140964,20.624067,0.9990492,0.20019531,0.004345491,-14.16105,-14.171622,-3.345694,340.95544,1.0606532,3.1918447e-05,33.0749,-0.27828822,-9.0068,0.4138229,1.0,0.9990368,0.19726562,0.004455192,-14.485333,-14.496126,-3.4448361,853.3936,1.180999,1.2290189e-05,0.999033,0.16601562,0.004536029,-14.181936,-14.192376,-3.5016942,862.2221,1.6103144,3.2203814e-05,0.015696097135543822,10016.730807304382,130000
28.6936,-0.24125642,-9.03306,0.42038786,1.0,0.9990511,0.21972656,0.0042294413,-14.757944,-14.76916,-3.2830322,104.071365,0.665452,1.6923865e-05,0.65957886,-0.64792436,13.1964855,0.99905014,0.19921875,0.0042554056,-14.486954,-14.497913,-3.2767313,116.159904,0.52100617,2.988261e-05,40.9349,-0.22949514,-8.975248,0.40593496,1.0,0.99902534,0.1796875,0.0045946687,-14.53206,-14.542777,-3.5687351,177.50385,0.6520673,1.2162948e-06,0.9990206,0.16796875,0.0046550175,-14.265879,-14.276272,-3.6343143,69.21835,0.54383683,1.3688845e-06,0.018861471366882324,10111.038166046143,135000
37.21903,-0.18555862,-9.022434,0.4177314,1.0,0.99905205,0.21582031,0.004265652,-14.629234,-14.640326,-3.2839086,172.39369,0.5578981,2.9518951e-05,1.2122508,-1.4617171,20.411661,0.99905396,0.20019531,0.0043442408,-14.356447,-14.36717,-3.3868554,153.72397,0.57151484,1.5388148e-05,39.595963,-0.22947918,-9.011506,0.41499949,1.0,0.99902725,0.171875,0.004583175,-14.547829,-14.55854,-3.5895233,137.72162,0.62069356,3.5273486e-06,0.99902916,0.15527344,0.0046098116,-14.218828,-14.2291975,-3.6108103,119.50504,0.5964421,2.6722796e-06,0.018866501331329347,10205.37067604065,140000
40.07714,-0.15633935,-9.023968,0.4181149,1.0,0.9990587,0.23144531,0.0042045154,-14.75456,-14.765904,-3.1491325,552.3186,1.565891,3.5238303e-05,0.7405135,-1.0549608,15.616943,0.99905205,0.20898438,0.0042632204,-14.388354,-14.399235,-3.2579813,441.9885,1.3297596,1.5541218e-05,45.727364,-0.17293015,-9.049,0.42437288,1.0,0.99902153,0.18554688,0.0045627337,-14.600687,-14.61157,-3.4663746,932.87445,2.108529,2.476421e-06,0.99901104,0.16210938,0.0046652933,-14.202049,-14.212427,-3.5860212,321.44846,1.4013944,5.5058976e-08,0.018872071838378905,10299.731036424637,145000
28.535898,-0.2778185,-9.023137,0.41790733,1.0,0.9990654,0.22363281,0.004153639,-14.8160095,-14.827378,-3.1867795,158.32088,0.86274934,0.00012794658,0.81729054,-0.6726101,14.849483,0.99905777,0.21484375,0.0042136507,-14.376897,-14.387816,-3.2065086,217.285,1.0076873,5.528394e-05,40.863647,-0.2054286,-9.0339985,0.42062256,1.0,0.9990282,0.19140625,0.0045246896,-14.646429,-14.657318,-3.5059085,436.40985,1.5392435,1.1730848e-05,0.9990349,0.16992188,0.0045956876,-14.247929,-14.25835,-3.587584,1323.2805,1.9678981,1.8842808e-05,0.021339098978042603,10406.426533222198,150000
30.493101,-0.25929797,-9.0223675,0.41771486,1.0,0.999053,0.23144531,0.004216604,-14.706875,-14.718076,-3.2473946,107.27739,0.55543685,3.5396064e-05,1.6694908,-1.9853599,19.499775,0.99905205,0.20214844,0.0042710733,-14.368265,-14.379074,-3.3099914,44.651703,0.36536637,5.465936e-05,41.245285,-0.24865298,-9.024391,0.4182208,1.0,0.99901676,0.19824219,0.0045680106,-14.77257,-14.7835865,-3.5016026,1002.924,1.609347,7.8708e-06,0.999012,0.15820312,0.004615361,-14.475663,-14.486324,-3.569962,634.8246,1.817644,6.1437086e-06,0.2954697027206421,11883.775048494339,155000
38.35616,-0.203274,-9.071586,0.4300192,1.0,0.9990492,0.23632812,0.0042098095,-14.673601,-14.68484,-3.1754735,499.71378,1.0980043,9.676607e-06,0.7651289,-1.540282,20.136007,0.999053,0.21289062,0.004290213,-14.386234,-14.397113,-3.2581031,91.693695,0.616271,2.1583575e-05,48.90793,-0.21515083,-9.004166,0.41316426,1.0,0.99902344,0.19726562,0.0045685577,-14.695174,-14.706104,-3.5139532,795.7679,2.1888218,1.1335839e-06,0.9990225,0.16113281,0.0046453765,-14.49341,-14.504051,-3.6071002,144.48918,0.9898944,1.9417094e-07,0.01380321111679077,11952.791109323502,160000
37.518604,-0.20933796,-8.980378,0.4072175,1.0,0.9990444,0.22167969,0.0041877464,-14.8654175,-14.876867,-3.1524525,133.48781,0.6380297,3.4583667e-05,0.90256095,-1.0579237,17.135307,0.9990406,0.21289062,0.0042506726,-14.567093,-14.578203,-3.201209,96.00284,0.72053945,4.562063e-05,48.791595,-0.21297526,-9.031936,0.4201069,1.0,0.999032,0.19628906,0.0045739217,-14.739713,-14.750651,-3.5498152,87.23303,0.7049099,2.6001028e-06,0.999032,0.16894531,0.004629168,-14.460046,-14.470666,-3.5961585,247.05304,1.0863909,1.1763055e-05,0.01380261402130127,12021.8041806221,165000
40.08172,-0.18280488,-8.991491,0.40999594,1.0,0.99905205,0.23632812,0.004134574,-14.846239,-14.857661,-3.1606865,136.3054,0.627881,1.5270507e-05,1.2425375,-0.8671539,18.48926,0.99905014,0.20703125,0.0042181876,-14.536167,-14.547194,-3.2550688,117.18388,0.5242703,0.00010458842,44.694168,-0.22686742,-9.00499,0.41337055,1.0,0.99903107,0.19042969,0.0044890386,-14.728344,-14.739377,-3.441174,211.12189,0.7555131,9.1478285e-07,0.99902916,0.18164062,0.0045612515,-14.393999,-14.404642,-3.505876,376.5096,1.3801819,3.3949236e-06,0.013789784002304076,12090.753106355667,170000
38.858894,-0.18708825,-8.998915,0.41185156,1.0,0.9990597,0.23925781,0.0041061547,-14.843746,-14.855257,-3.0673287,247.23206,1.0889899,0.00011230655,0.713969,-1.3142717,19.145123,0.9990587,0.23144531,0.004149094,-14.532611,-14.543781,-3.1057172,156.89246,0.8160264,0.00011741822,46.369392,-0.21420854,-9.013963,0.41561362,1.0,0.9990196,0.17773438,0.004526238,-14.797464,-14.808534,-3.473307,1779.9291,2.4806137,1.9800724e-05,0.99901867,0.16308594,0.0045336294,-14.509678,-14.52045,-3.4899,693.21075,1.5321229,1.6225618e-05,0.01378732705116272,12159.68974328041,175000
31.96892,-0.23971622,-9.036383,0.42121848,1.0,0.9990511,0.234375,0.004186687,-14.794886,-14.806231,-3.1881652,244.63373,0.72552323,1.4145448e-05,0.8936586,-1.037178,14.961217,0.99904156,0.21386719,0.004267549,-14.461084,-14.472037,-3.256659,131.06787,0.7797451,2.285505e-05,46.16141,-0.26042512,-9.011816,0.4150769,1.0,0.9990139,0.19238281,0.0046434007,-14.80543,-14.816402,-3.5812821,1290.7148,1.7307298,7.669221e-06,0.9990101,0.16894531,0.0047008693,-14.470278,-14.480877,-3.6277936,1081.1903,2.627396,1.9999234e-05,0.013789162111282349,12228.635555028915,180000
41.804115,-0.22071356,-9.009515,0.41450185,1.0,0.99905396,0.23632812,0.004145632,-14.940674,-14.952197,-3.1519465,168.54955,0.893974,5.0194372e-05,2.9839811,-2.1932204,26.499733,0.99905205,0.20019531,0.004226362,-14.601061,-14.612179,-3.2274141,150.31778,0.78460354,2.8313476e-05,44.791344,-0.2034016,-9.034655,0.42078656,1.0,0.99902344,0.20507812,0.004565713,-14.785755,-14.796743,-3.5449042,496.65958,0.8079028,1.1144405e-06,0.999033,0.1640625,0.0046167104,-14.417238,-14.427792,-3.6216223,52.945866,0.30981016,1.4544431e-06,0.01378934440612793,12297.582278728485,185000
41.246735,-0.23219506,-9.040842,0.42233336,1.0,0.99904823,0.22070312,0.004155635,-14.903361,-14.9148245,-3.176709,514.93494,0.7727629,5.1328032e-05,1.1028603,-1.201854,19.72258,0.99904823,0.21875,0.004215191,-14.555542,-14.566629,-3.2133245,104.86289,0.8095519,6.0743823e-05,45.065598,-0.1917248,-9.002413,0.41272634,1.0,0.9990301,0.1875,0.004613347,-14.76918,-14.78012,-3.5780232,155.12813,0.66303563,3.873111e-06,0.99902725,0.16699219,0.004686693,-14.484831,-14.495424,-3.6473742,428.64737,1.5269933,3.0827318e-06,0.018163835859298705,12388.40145945549,190000
33.78258,-0.20367457,-9.006325,0.41370428,1.0,0.9990597,0.24804688,0.004138989,-15.064697,-15.076336,-3.1581419,567.2804,1.5213203,1.1053097e-05,1.0255603,-1.0615201,13.760999,0.99905396,0.2109375,0.004210365,-14.777244,-14.788514,-3.2463624,304.91446,1.2398939,2.8123775e-05,43.378643,-0.25237513,-8.982101,0.4076482,1.0,0.99903584,0.16210938,0.004577703,-14.814255,-14.825217,-3.5983596,642.9631,1.322081,7.0393e-07,0.99903584,0.15136719,0.0046498724,-14.465998,-14.476534,-3.688465,308.84827,0.743826,1.13741135e-05,0.018878162240982054,12482.792271852493,195000
38.85127,-0.24630322,-8.983104,0.40789872,1.0,0.99905586,0.23339844,0.0041573104,-15.04965,-15.061255,-3.1779,83.37643,0.59071165,2.7305891e-06,0.8031566,-1.3538429,16.33179,0.99905205,0.22265625,0.0042170146,-14.803957,-14.815294,-3.2063673,62.642025,0.5745183,4.205064e-06,46.00098,-0.24329042,-9.0262165,0.41867715,1.0,0.9990368,0.17773438,0.004518832,-14.8989525,-14.910114,-3.48024,544.711,1.699744,2.3028317e-06,0.9990425,0.16699219,0.0045808195,-14.551914,-14.562681,-3.5372581,293.5276,1.4918246,6.5330614e-06,0.018863484239578246,12577.109694480896,200000
30.625757,-0.25645727,-9.004856,0.41333693,1.0,0.9990597,0.24121094,0.0041368706,-14.980314,-14.991911,-3.1168265,123.00458,0.71717894,3.816735e-06,0.7521685,-0.9897475,15.371818,0.9990568,0.23046875,0.0041805664,-14.574224,-14.585405,-3.1362534,161.71306,1.0575646,3.536337e-05,43.075138,-0.25656152,-9.0060425,0.4136335,1.0,0.9990301,0.1796875,0.0045860857,-14.747885,-14.758803,-3.5781493,361.0678,1.069674,8.448949e-07,0.9990177,0.17382812,0.004686757,-14.400436,-14.410923,-3.673162,571.5345,1.018125,5.914289e-06,0.290923414182663,14031.726768732071,205000
40.636414,-0.21283922,-8.989122,0.4094035,1.0,0.9990473,0.23535156,0.004181259,-14.784252,-14.79559,-3.1846764,121.75485,0.6429193,2.2443495e-05,1.4015626,-0.87648755,19.032269,0.99905014,0.21289062,0.0042079147,-14.441669,-14.452642,-3.2171135,145.16112,0.61823034,0.00019427942,37.778725,-0.25003824,-9.003607,0.41302463,1.0,0.9990454,0.19628906,0.004539853,-14.784065,-14.795046,-3.5514789,1306.1088,1.4782284,2.0254189e-05,0.99903965,0.18847656,0.0045964546,-14.4540415,-14.464648,-3.6027262,494.85138,2.0808997,2.4091036e-05,0.015195559358596802,14107.704566955566,210000
34.869995,-0.26386553,-9.007842,0.41408348,1.0,0.9990616,0.21972656,0.0041800644,-15.096461,-15.108098,-3.1920896,114.98433,0.7025308,2.8492004e-05,0.6121302,-0.6466754,13.60585,0.9990549,0.22070312,0.004201434,-14.6894045,-14.700629,-3.2059252,63.969856,0.52948946,1.5561345e-05,38.168663,-0.25444895,-9.00241,0.41272545,1.0,0.9990282,0.18652344,0.004503701,-15.023215,-15.034541,-3.4367776,220.74327,1.1499201,2.2976801e-05,0.999032,0.171875,0.004536492,-14.703195,-14.714128,-3.5181894,153.54793,0.9610908,9.154902e-06,0.017211647319793702,14193.762807369232,215000
42.70938,-0.19648269,-9.001068,0.41239,1.0,0.99906254,0.2548828,0.0040281625,-15.159578,-15.171505,-2.9593358,456.28537,1.679765,1.5020332e-05,0.87877864,-1.6119534,18.712393,0.99906254,0.21972656,0.0040818057,-14.841973,-14.853511,-3.0391448,132.10983,1.3290551,0.00011168781,45.94136,-0.23437104,-8.98827,0.40919048,1.0,0.9990368,0.18261719,0.0045306957,-15.011818,-15.023056,-3.515596,562.90173,1.3132799,4.1559428e-08,0.9990349,0.18066406,0.0045192214,-14.687936,-14.698833,-3.5400634,194.50072,1.1065328,5.472826e-07,0.020111950111389162,14294.322561264038,220000
33.586613,-0.23416434,-8.990182,0.4096684,1.0,0.9990549,0.25195312,0.0041233697,-15.02347,-15.035079,-3.1471453,116.933266,0.5796347,0.00012110424,1.3637785,-0.9329281,16.22092,0.9990463,0.22753906,0.004187523,-14.588968,-14.600084,-3.2164593,139.31532,0.63296235,6.4104934e-05,50.169395,-0.21041688,-9.046143,0.4236588,1.0,0.9990244,0.20507812,0.004569679,-14.9512415,-14.962427,-3.5086446,1426.1998,3.2567747,2.6111481e-06,0.999033,0.16113281,0.004632972,-14.583185,-14.593898,-3.6242409,865.4482,2.577797,1.9888264e-06,0.020102583980560303,14394.835483551025,225000
35.69024,-0.22330001,-9.029937,0.41960722,1.0,0.99905777,0.24023438,0.004143658,-15.066679,-15.078339,-3.1388488,286.93784,1.2314678,4.529951e-05,1.8154862,-1.6597693,22.928162,0.999053,0.2109375,0.0042256843,-14.676378,-14.687584,-3.2124424,324.08377,1.4764428,3.106458e-05,40.04545,-0.26644564,-9.041519,0.4225028,1.0,0.999032,0.19628906,0.004527759,-15.119235,-15.130593,-3.50006,1668.448,3.128663,1.2521116e-06,0.999032,0.17382812,0.004569998,-14.723824,-14.734756,-3.5391855,2159.9033,4.116876,4.3447024e-05,0.02011246967315674,14495.39783334732,230000
32.60328,-0.27211004,-9.0094795,0.41449293,1.0,0.999053,0.23144531,0.0041604294,-15.204731,-15.216503,-3.1623445,435.41983,1.0149603,5.7183693e-06,0.72553706,-0.8698762,15.869339,0.9990463,0.21972656,0.0041980203,-14.778174,-14.789507,-3.1847253,223.34702,0.73622525,1.27565045e-05,33.96232,-0.33209535,-8.997654,0.4115366,1.0,0.9990177,0.18359375,0.0045575653,-15.036932,-15.048207,-3.501133,626.1686,1.1979184,5.4378465e-06,0.9990158,0.1640625,0.004659365,-14.620786,-14.631579,-3.579372,1391.921,2.716559,5.402139e-06,0.02009289002418518,14595.862287282944,235000
41.429634,-0.23294917,-9.027565,0.41901413,1.0,0.99906254,0.23144531,0.004205508,-15.008679,-15.02021,-3.212858,1129.1179,1.1113312,1.2073263e-05,1.2725233,-0.8024275,19.100962,0.99905396,0.21484375,0.0042459485,-14.6599045,-14.671031,-3.2762341,115.63484,0.779025,1.9037378e-05,45.551945,-0.257562,-8.994448,0.4107349,1.0,0.9990244,0.20019531,0.004517526,-14.994396,-15.005654,-3.4781096,179.04997,0.78751284,2.7985095e-06,0.99902534,0.17578125,0.0045870435,-14.5650425,-14.575802,-3.559496,50.792088,0.5341562,3.8375592e-07,0.02011742444038391,14696.449410915375,240000
36.6681,-0.21241078,-9.029057,0.41938698,1.0,0.99905396,0.24609375,0.004149478,-15.273045,-15.284889,-3.1559396,2055.2893,2.120903,2.8752575e-05,1.306973,-1.4762626,18.225904,0.99905014,0.20703125,0.0042356155,-14.841666,-14.852987,-3.2604449,160.21278,0.91760254,1.3673077e-05,50.703712,-0.19190899,-8.998508,0.41175002,1.0,0.9990177,0.19433594,0.004557498,-14.948649,-14.959868,-3.4714346,2386.327,3.714508,6.596695e-06,0.999012,0.17089844,0.0046461355,-14.6325245,-14.643331,-3.5786557,459.22882,2.1770709,1.0363243e-05,0.020116006326675415,14797.029445409775,245000
33.447,-0.2333085,-9.023075,0.41789168,1.0,0.9990568,0.24023438,0.004204276,-15.100345,-15.111948,-3.2307334,242.23383,0.80978847,1.7774961e-06,1.3415279,-1.1885319,19.988651,0.99905396,0.20703125,0.004272403,-14.8147335,-14.826011,-3.2786546,220.27599,1.2237275,3.1369298e-06,48.780624,-0.14749472,-9.036228,0.42118,1.0,0.999033,0.1875,0.0045004496,-14.93946,-14.950677,-3.464334,397.2892,0.87547624,1.0791e-05,0.99902725,0.1640625,0.0045978744,-14.6694765,-14.680346,-3.5510166,790.3243,1.8472952,2.262784e-06,0.020118789625167846,14897.623394727707,250000
42.051826,-0.26170215,-8.982995,0.4078716,1.0,0.99905777,0.25976562,0.0041386527,-15.256296,-15.268138,-3.1417713,866.9913,1.3225112,2.1356911e-05,0.9794291,-1.1931872,21.785421,0.99905586,0.22363281,0.004197619,-14.876908,-14.888348,-3.1738214,190.35684,1.0595459,1.8357265e-05,38.015945,-0.2488715,-9.013233,0.41543126,1.0,0.9990282,0.18164062,0.0046062507,-15.04781,-15.059023,-3.5751429,2127.4548,2.5849695,7.650206e-08,0.99902534,0.14257812,0.0046616457,-14.714958,-14.725798,-3.6248305,2774.2715,4.7227263,1.7165269e-06,0.014423835325241089,14969.742573022842,255000
34.953636,-0.21967247,-8.999115,0.41190183,1.0,0.9990568,0.24902344,0.0041186833,-15.221439,-15.233293,-3.0966425,212.29807,0.84777284,2.0353532e-06,1.0584059,-1.4314343,19.33754,0.99905396,0.22558594,0.0041641924,-14.844204,-14.855631,-3.1558123,159.1283,0.8100543,7.533616e-07,43.61219,-0.2655883,-9.007496,0.41399702,1.0,0.999033,0.1796875,0.004657633,-14.904388,-14.91539,-3.6492095,462.09735,0.7490205,6.3040306e-06,0.9990244,0.16308594,0.0046974462,-14.568386,-14.57904,-3.6695027,2329.5732,2.8919835,8.596774e-06,0.013793457698822021,15038.709865570068,260000
39.577126,-0.23971513,-9.01762,0.41652796,1.0,0.99904823,0.24316406,0.0041975314,-15.150337,-15.162055,-3.1623695,238.56294,0.98487914,3.9997758e-05,1.2128541,-1.7281518,23.322756,0.99903965,0.2109375,0.0042383643,-14.842456,-14.853823,-3.2145379,149.62068,0.758115,1.7877412e-05,37.97764,-0.25432408,-9.017573,0.41651624,1.0,0.99904156,0.20019531,0.0045188246,-15.157551,-15.168917,-3.5301852,167.2701,0.71070033,6.3274606e-06,0.9990301,0.16796875,0.0045520407,-14.895228,-14.906312,-3.5566287,464.1223,1.6818305,7.7416835e-06,0.01576709213256836,15117.545327663422,265000
33.57443,-0.18807618,-9.012053,0.41513604,1.0,0.99906254,0.23828125,0.0041440465,-15.28996,-15.301869,-3.1063704,124.559006,0.98912925,4.1034764e-06,1.5427486,-1.5613323,15.379772,0.99905777,0.2265625,0.0041890815,-15.015364,-15.026929,-3.1842682,69.76706,0.9095415,4.9820195e-05,35.031567,-0.24589166,-9.011809,0.41507518,1.0,0.999032,0.17675781,0.0045715994,-15.022945,-15.034213,-3.495126,630.8949,1.4637103,1.969123e-06,0.9990339,0.16113281,0.004615537,-14.744642,-14.755568,-3.5692444,164.51324,0.7077582,3.4445206e-06,0.018893036890029906,15212.010513544083,270000
31.755783,-0.27073422,-8.989367,0.40946457,1.0,0.9990549,0.23828125,0.0042052767,-15.249247,-15.260992,-3.2323833,163.894,0.66036826,5.769532e-06,0.71968335,-0.7636871,14.541748,0.9990492,0.21875,0.004246954,-14.874368,-14.885695,-3.285099,282.60162,0.84193516,1.7803461e-06,41.54381,-0.28076965,-9.022392,0.4177211,1.0,0.9990406,0.18847656,0.0045854384,-15.0765915,-15.08781,-3.6008127,416.13184,1.3304882,8.440597e-07,0.99903107,0.16992188,0.004657064,-14.725119,-14.735936,-3.6589713,1375.7328,2.3359559,3.0766198e-06,0.018854259061813355,15306.28181052208,275000
35.682404,-0.2557045,-8.98285,0.40783548,1.0,0.9990673,0.27246094,0.004065392,-15.230109,-15.242008,-3.0586238,174.1602,0.9529407,5.4332508e-05,0.94797945,-0.9534347,16.362768,0.9990616,0.23339844,0.0041525103,-14.864239,-14.875696,-3.1446772,331.86777,1.3441298,3.300796e-05,36.22896,-0.26627162,-9.029001,0.4193734,1.0,0.999033,0.18164062,0.00449874,-15.123374,-15.134735,-3.5011826,278.29367,0.8884127,2.6911e-06,0.99902916,0.16699219,0.0045294007,-14.803835,-14.81484,-3.5446897,281.89102,1.1097546,6.620203e-06,0.01885653600692749,15400.564494371414,280000
40.506756,-0.2016424,-8.978809,0.40682524,1.0,0.9990654,0.27734375,0.0040542088,-15.505926,-15.518143,-3.0085523,211.68428,0.9971122,1.7335828e-05,0.8562156,-0.8562512,18.216976,0.9990635,0.23046875,0.0040961467,-15.174269,-15.186118,-3.0530806,521.8158,1.5867693,2.2281925e-05,38.738094,-0.24022873,-9.007531,0.41400585,1.0,0.9990349,0.17480469,0.004589924,-14.914272,-14.925344,-3.5892978,1307.3544,1.4790366,1.583697e-05,0.99902916,0.16503906,0.0046589174,-14.584133,-14.59482,-3.6512408,182.30713,0.9815519,1.3764988e-05,0.018854388666152955,15494.83643913269,285000
43.68273,-0.23031417,-8.990547,0.40975982,1.0,0.9990597,0.2421875,0.0040661157,-15.318745,-15.330718,-3.06919,432.8215,1.7363597,6.030949e-06,1.4949318,-1.2552602,19.381306,0.9990549,0.24023438,0.0041533383,-15.038636,-15.050255,-3.1530933,850.0118,2.7047653,6.120579e-06,35.55912,-0.24980976,-8.975422,0.40597856,1.0,0.9990368,0.18066406,0.0045381906,-15.158674,-15.170052,-3.519818,7254.1846,5.5248146,1.4105614e-05,0.999032,0.17871094,0.004561489,-14.795441,-14.80644,-3.5425487,1131.9114,2.4603424,1.8514304e-05,0.02186971435546875,15604.18501496315,290000
40.44655,-0.23995966,-8.99794,0.411608,1.0,0.9990463,0.21777344,0.0042201616,-15.2642765,-15.276103,-3.166861,278.62747,1.1611106,7.4489117e-06,1.1062843,-1.508281,21.015457,0.9990425,0.2109375,0.004246068,-14.866091,-14.877504,-3.1914558,274.8223,0.9660885,2.9564057e-05,43.612114,-0.29026225,-9.059154,0.42691144,1.0,0.99901676,0.18945312,0.004607806,-15.096994,-15.108283,-3.5487528,406.58362,1.0115671,2.1125918e-07,0.9990177,0.16308594,0.0046650926,-14.696398,-14.7072735,-3.5702338,193.2828,1.1104616,6.014218e-08,0.023825424146652223,15723.312136888504,295000
37.901657,-0.20920083,-9.009365,0.41446435,1.0,0.99904823,0.24023438,0.004121873,-15.152304,-15.164091,-3.0940967,293.65216,0.88396966,3.7817708e-06,1.1263766,-1.2578492,19.148333,0.9990473,0.21484375,0.004181024,-14.779766,-14.791126,-3.1585262,79.185616,0.6142622,3.6604995e-06,49.07468,-0.24115416,-9.032735,0.42030662,1.0,0.99902725,0.18457031,0.0046397727,-15.082214,-15.093445,-3.593997,1576.7432,2.0482156,1.7266397e-05,0.9990263,0.15625,0.0047337282,-14.797109,-14.807946,-3.7110128,703.2472,2.5353403,6.7220326e-06,0.023830662298202514,15842.465452194214,300000
42.41878,-0.23116091,-8.997253,0.41143623,1.0,0.9990597,0.24707031,0.004184503,-15.319915,-15.331739,-3.2241282,307.0354,0.84981006,6.437922e-07,1.0537254,-1.3292983,22.160748,0.9990463,0.20507812,0.00426096,-14.969093,-14.980496,-3.302876,205.6752,0.57365656,2.6295756e-06,48.573112,-0.23914349,-9.009653,0.41453603,1.0,0.9990368,0.19824219,0.004450006,-14.99531,-15.006626,-3.419837,1231.7461,1.8628491,2.205266e-05,0.9990339,0.17480469,0.0044937995,-14.650419,-14.661342,-3.4770682,172.05707,1.0650184,0.000109567176,0.4345096166610718,18015.013538599014,305000
45.264553,-0.24090683,-8.965815,0.4035764,1.0,0.9990492,0.24707031,0.0041230633,-15.187441,-15.199247,-3.109438,2280.3696,2.4660726,4.6268175e-05,1.621022,-1.3315952,22.443756,0.9990473,0.21289062,0.0042120693,-14.748466,-14.75976,-3.1935303,832.2227,1.969059,6.424466e-05,39.1542,-0.25148955,-9.017204,0.41642419,1.0,0.99904156,0.18457031,0.004547009,-14.975177,-14.986359,-3.5353913,425.01422,0.9485152,4.0553078e-07,0.9990387,0.16894531,0.0046187723,-14.586089,-14.596838,-3.5887883,194.303,1.4099743,1.5409066e-06,0.01516377649307251,18090.83242249489,310000
33.212845,-0.24502845,-8.9786625,0.40678847,1.0,0.9990473,0.23242188,0.004206133,-15.29289,-15.304677,-3.2337105,366.32645,1.0382442,2.5335346e-05,1.0501834,-0.92091984,17.350708,0.99904346,0.22558594,0.0042336867,-14.921043,-14.932454,-3.24864,85.54445,0.6536328,5.4099994e-05,48.79925,-0.21342918,-9.055128,0.425905,1.0,0.9990339,0.18945312,0.0045036385,-15.364738,-15.376361,-3.4730961,484.67557,1.4032488,1.597327e-05,0.9990225,0.1875,0.00457389,-14.948308,-14.959467,-3.5326276,2076.3457,2.8283172,2.2218563e-05,0.015186514377593994,18166.76499724388,315000
36.487823,-0.20577085,-8.99878,0.41181794,1.0,0.9990492,0.25097656,0.004122127,-15.257323,-15.2691555,-3.1533246,171.4036,0.57999456,1.4845452e-05,0.9578945,-0.8745887,17.784792,0.9990463,0.22460938,0.00419056,-14.845956,-14.857308,-3.232171,409.37485,1.2623426,1.3802084e-05,56.153137,-0.18413013,-9.021873,0.41759127,1.0,0.99902725,0.16699219,0.004612793,-15.0277,-15.0388565,-3.6149957,144.80515,0.3474884,7.489345e-07,0.9990244,0.15429688,0.004669679,-14.677,-14.687726,-3.7035422,15556.593,15.557406,1.8262395e-05,0.015126124143600464,18242.395619630814,320000
39.460747,-0.24597105,-8.986282,0.40869355,1.0,0.9990616,0.2705078,0.004048027,-15.426411,-15.438495,-3.0634317,577.3667,1.695472,6.4948355e-05,0.7896216,-1.3137162,20.08743,0.9990692,0.24609375,0.004094567,-15.111281,-15.12301,-3.1131234,155.66454,1.4389971,0.00015529388,37.985504,-0.2995059,-9.010159,0.41466272,1.0,0.99902344,0.18652344,0.0045595225,-15.19594,-15.207309,-3.5649967,521.4447,1.7211694,5.744452e-06,0.99902153,0.17773438,0.0045977235,-14.839624,-14.850642,-3.568959,491.77692,2.0251403,1.6739643e-06,0.015040710115432739,18317.599173784256,325000
34.794785,-0.27705893,-9.018897,0.41684723,1.0,0.99905777,0.24707031,0.004110573,-15.32287,-15.334792,-3.1269085,89.91091,0.5822011,1.7031696e-05,1.339655,-0.8325825,18.537758,0.9990549,0.23730469,0.004157394,-14.968761,-14.980299,-3.1657977,67.62442,0.6456675,2.3896218e-05,42.673473,-0.23236714,-9.028869,0.41934007,1.0,0.9990301,0.16796875,0.0045776963,-15.046219,-15.057452,-3.555051,379.7772,1.0813773,6.3776406e-06,0.9990263,0.14941406,0.0046406887,-14.719531,-14.730368,-3.6340818,312.64746,1.2505333,4.146062e-06,0.015044882774353027,18392.823589086533,330000
37.31029,-0.25762302,-8.993145,0.4104091,1.0,0.9990587,0.26464844,0.004086163,-15.328815,-15.340779,-3.0894752,240.65047,1.0079298,7.999629e-06,0.6439336,-1.0409476,16.589748,0.99904823,0.2265625,0.0041483454,-15.009077,-15.020686,-3.1323996,275.93185,1.5024675,2.012459e-05,49.34372,-0.25413996,-9.017982,0.41661844,1.0,0.99903107,0.19433594,0.004675802,-15.207291,-15.218698,-3.5380635,11163.215,10.813198,1.7726409e-06,0.99902534,0.1796875,0.00468631,-14.892633,-14.903675,-3.5962052,545.96643,2.3320453,6.680964e-06,0.017546047496795655,18480.553827524185,335000
40.94375,-0.24609904,-8.97503,0.40588045,1.0,0.99906635,0.25097656,0.0041485345,-15.351196,-15.363176,-3.0963786,197.49866,1.2509826,2.8905355e-05,1.4342076,-2.0029118,25.046001,0.9990616,0.22070312,0.004183027,-14.946098,-14.957635,-3.144196,181.08041,1.3563734,0.00012807708,40.09372,-0.26281208,-9.025216,0.418427,1.0,0.9990349,0.19042969,0.0044249324,-15.1760025,-15.187557,-3.3549943,1221.8273,2.1129448,1.9399846e-05,0.99902344,0.17675781,0.00450268,-14.805192,-14.816267,-3.4746943,636.45184,1.4010394,1.4873931e-06,0.015921254110336305,18560.160101652145,340000
49.732376,-0.20960726,-9.025987,0.41861957,1.0,0.9990568,0.25195312,0.0041132346,-15.42534,-15.437398,-3.0901008,1044.5198,1.3779991,4.3000005e-06,2.43011,-2.7820144,28.61391,0.99906063,0.24023438,0.004167276,-15.099329,-15.110993,-3.167038,65.10042,0.6526352,0.00010648497,40.770103,-0.29875976,-8.995188,0.41091996,1.0,0.9990463,0.19238281,0.004532679,-15.033549,-15.044819,-3.5055323,1075.649,1.2754807,3.4510442e-06,0.9990387,0.171875,0.0045915684,-14.722948,-14.7338915,-3.527327,1716.2443,2.8537314,1.6954622e-05,0.013815620803833008,18629.238207817078,345000
40.019493,-0.23172975,-8.984261,0.408188,1.0,0.9990692,0.25390625,0.004120383,-15.45903,-15.471111,-3.1005235,332.07037,1.0280774,7.639001e-06,1.4285772,-0.83359146,20.265835,0.9990549,0.23828125,0.004164415,-15.08282,-15.094489,-3.1458619,401.09348,1.6638583,5.4993885e-05,52.32614,-0.2815264,-8.997606,0.4115246,1.0,0.9990263,0.18652344,0.0045441044,-15.435267,-15.446965,-3.468353,6516.6265,4.329515,2.5695053e-07,0.99901676,0.17578125,0.0045828456,-15.012196,-15.023439,-3.5101204,520.9737,1.5867852,5.8841224e-06,0.013957628965377807,18699.0263569355,350000
35.56318,-0.26145086,-9.009173,0.41441634,1.0,0.9990721,0.27734375,0.0040867003,-15.562352,-15.574587,-3.0456667,468.224,1.711173,5.365447e-05,0.90077925,-0.7459889,16.511211,0.9990635,0.24023438,0.004139317,-15.195545,-15.207366,-3.1037836,147.61852,1.1909766,3.9624283e-05,47.01696,-0.26026255,-9.036434,0.4212312,1.0,0.9990368,0.19042969,0.0045910645,-15.1917095,-15.203066,-3.573782,208.92917,1.110213,4.181143e-06,0.99902534,0.16699219,0.0046276962,-14.866485,-14.877504,-3.5943356,347.1557,1.6239853,1.464873e-05,0.0137714919090271,18767.883818149567,355000
32.82563,-0.27088058,-8.983069,0.40789026,1.0,0.99905014,0.24902344,0.004110731,-15.392725,-15.404758,-3.0820172,227.87337,1.0450531,4.6405935e-06,1.4759879,-0.7908583,14.613547,0.9990463,0.21972656,0.0041304,-15.066574,-15.078258,-3.115138,193.93791,1.2692957,2.8354991e-06,42.068565,-0.22034833,-9.019762,0.41706347,1.0,0.9990454,0.20703125,0.0045791846,-15.183326,-15.194678,-3.568569,1177.2565,1.621305,1.39217e-08,0.9990368,0.17871094,0.0046309857,-14.868923,-14.879867,-3.6729827,750.70105,1.840918,1.9064965e-08,0.013779962253570557,18836.783632993698,360000
41.78807,-0.23372422,-8.994429,0.4107303,1.0,0.99907017,0.26953125,0.0040718326,-15.594659,-15.606933,-3.0378544,2636.1838,3.0718687,4.6979917e-06,3.05169,-2.7711072,26.708426,0.9990654,0.22949219,0.0041259043,-15.174387,-15.18623,-3.058447,178.07465,1.4290045,2.851405e-05,51.538277,-0.19510368,-9.0308,0.41982305,1.0,0.9990301,0.19140625,0.004543185,-15.294524,-15.30608,-3.4728842,290.35477,1.167435,1.528913e-05,0.9990301,0.16210938,0.004584559,-14.90673,-14.917892,-3.486671,217.76576,1.3139684,2.043144e-06,0.013775669050216675,18905.66197991371,365000
31.186487,-0.23661485,-8.974833,0.40583104,1.0,0.9990568,0.26660156,0.004066439,-15.614235,-15.626584,-2.9821272,389.7333,1.6919614,7.826437e-06,0.8172128,-0.83494145,14.84606,0.9990454,0.24121094,0.00409983,-15.280566,-15.292554,-3.0166795,185.15236,1.432191,2.156985e-05,40.66857,-0.2858237,-9.0089245,0.41435394,1.0,0.99903107,0.19726562,0.004548234,-15.2518215,-15.2633505,-3.4573145,26495.434,14.25776,5.169881e-06,0.99902534,0.16992188,0.0045847176,-14.997575,-15.008807,-3.5067048,1232.7903,3.1976752,3.184885e-05,0.013778291273117065,18974.553440093994,370000
35.057045,-0.22535416,-8.967677,0.40404236,1.0,0.9990597,0.2421875,0.0041128024,-15.470707,-15.482817,-3.0814915,399.2658,0.87578404,3.4187076e-05,1.2255366,-1.8874873,21.59209,0.9990492,0.22558594,0.0042005666,-15.052109,-15.063706,-3.1881113,91.88685,0.85479426,9.143438e-06,44.960007,-0.2083624,-8.973115,0.4054017,1.0,0.9990339,0.20996094,0.004478288,-15.199759,-15.211289,-3.403933,1049.7806,1.6747994,1.0909792e-05,0.99902916,0.18945312,0.0045371247,-14.819387,-14.830448,-3.5039907,773.3934,1.331447,1.7904847e-05,0.013778481912612914,19043.445854902267,375000
34.73782,-0.21266112,-8.9618635,0.4025888,1.0,0.99905777,0.2626953,0.004067843,-15.463791,-15.475915,-3.061544,259.02692,0.85717475,2.6461905e-05,1.3819013,-0.98737895,16.13401,0.99905014,0.23535156,0.0041405354,-15.084997,-15.096648,-3.167377,101.266235,0.64403045,9.464644e-06,54.938515,-0.23250519,-9.009529,0.41450527,1.0,0.99903584,0.1796875,0.004504932,-15.390268,-15.401894,-3.4982405,968.6969,1.5528522,2.060571e-06,0.999032,0.16894531,0.0045628273,-15.051552,-15.062764,-3.581333,397.4294,1.0357294,8.577824e-06,0.013780643367767334,19112.349073410034,380000
46.623154,-0.23973277,-8.993284,0.41044408,1.0,0.9990635,0.25976562,0.004058673,-15.395328,-15.407409,-3.0367265,419.6026,1.820628,3.391269e-05,1.1893032,-2.2734497,24.609564,0.9990568,0.23632812,0.0040974533,-15.049166,-15.060881,-3.0634644,377.9506,1.4703432,1.5033258e-05,38.27282,-0.2780271,-8.9991455,0.41190934,1.0,0.99902916,0.19921875,0.0045435596,-15.127737,-15.139112,-3.4895964,651.7916,1.3488916,7.5808257e-06,0.99902916,0.16894531,0.0045943027,-14.69562,-14.706494,-3.5698044,475.1835,1.026763,5.4098523e-06,0.013780427885055542,19181.251214027405,385000
37.21968,-0.23599955,-8.989723,0.40955383,1.0,0.99906635,0.2685547,0.0039977976,-15.589226,-15.601578,-2.9535193,466.962,1.4120456,2.916777e-06,0.79673356,-0.7966159,15.241711,0.99905777,0.24121094,0.004042379,-15.226071,-15.238,-3.0239716,147.61597,1.213983,8.4679705e-05,41.54652,-0.2820676,-9.013218,0.41542727,1.0,0.99903965,0.1953125,0.0044725644,-15.175619,-15.18708,-3.4507723,176.25087,0.9910202,1.8847758e-06,0.99902725,0.17773438,0.004546624,-14.950211,-14.96138,-3.522485,1417.2363,3.0631027,2.691893e-06,0.01686970911026001,19265.599761486053,390000
45.254864,-0.21922967,-8.967928,0.40410513,1.0,0.9990654,0.24804688,0.0041783806,-15.480576,-15.492624,-3.153749,184.32959,1.2559664,4.074773e-05,0.89315176,-1.2337989,19.753925,0.999053,0.23046875,0.004227002,-15.086723,-15.098334,-3.2080588,142.2027,1.0630188,4.930739e-05,49.996998,-0.25006053,-9.057495,0.42649698,1.0,0.999032,0.16113281,0.004632135,-15.304913,-15.316356,-3.5979583,534.4828,1.1267772,2.753595e-07,0.9990349,0.15625,0.0046436596,-14.945324,-14.95638,-3.6342707,177.76236,0.83107114,1.3397815e-05,0.0188609167098999,19359.90434861183,395000
44.65059,-0.20771907,-8.966775,0.40381682,1.0,0.99904823,0.25585938,0.0040873033,-15.386239,-15.3983,-3.048275,578.1951,1.3662297,8.3222934e-05,1.0164279,-1.1676321,23.539932,0.9990454,0.23730469,0.0041200784,-15.077665,-15.089349,-3.1236157,384.27533,1.1288195,1.1872003e-05,42.859787,-0.25902584,-8.996817,0.41132706,1.0,0.9990349,0.22265625,0.0044962512,-15.255202,-15.266698,-3.4948587,2599.444,2.4040926,1.4043194e-06,0.9990282,0.20605469,0.004534793,-14.977548,-14.98875,-3.5165195,106.84744,0.68767256,1.6535607e-05,0.018873149347305298,19454.27010011673,400000
40.48252,-0.24061674,-9.032936,0.4203572,1.0,0.9990616,0.2861328,0.004025615,-15.464184,-15.476337,-3.031956,696.02783,1.1838307,0.00014258399,0.9162482,-0.8463956,17.095352,0.9990654,0.23632812,0.004075,-15.098511,-15.110249,-3.0904455,71.5391,0.65920043,2.8729852e-05,51.043247,-0.20415142,-8.986413,0.40872616,1.0,0.9990368,0.19335938,0.004452499,-15.2346,-15.246101,-3.4690092,360.99207,0.6714207,3.7342452e-06,0.99903107,0.17285156,0.004557376,-14.886511,-14.897553,-3.5909138,565.27466,0.9831792,5.7359205e-07,0.4893256390571594,21900.898297309875,405000
39.366203,-0.2422254,-8.956321,0.40120304,1.0,0.999073,0.25585938,0.0041190246,-15.500006,-15.512159,-3.0660892,305.80646,1.363353,5.8169794e-06,1.3032278,-1.3896227,17.493841,0.99905777,0.24023438,0.0041750725,-15.231585,-15.243382,-3.162116,87.35167,0.9563346,5.1146135e-06,44.68431,-0.27305776,-8.993526,0.41050464,1.0,0.9990177,0.18164062,0.0046609975,-15.243784,-15.255141,-3.6244419,5345.1875,4.509988,7.936716e-06,0.9990225,0.15722656,0.004707963,-14.888065,-14.899042,-3.6590972,984.1985,1.9056587,9.512849e-06,0.015194666290283203,21976.871629953384,410000
39.558014,-0.25405937,-8.998786,0.41181958,1.0,0.9990616,0.2734375,0.0040428434,-15.42416,-15.436313,-2.991314,563.0929,1.3192499,5.592921e-05,1.206416,-1.5572069,21.625135,0.9990616,0.22460938,0.004107612,-14.991028,-15.002709,-3.0417693,337.43826,1.2958002,6.3494066e-05,47.20086,-0.259349,-8.986198,0.40867254,1.0,0.999032,0.1796875,0.004600538,-15.264785,-15.276243,-3.5433865,883.75275,1.5419705,8.39558e-06,0.9990301,0.15429688,0.00467309,-14.859726,-14.870729,-3.6052103,470.6455,1.9447654,7.947255e-07,0.01521550989151001,22052.949180841446,415000
36.317646,-0.23298624,-8.998661,0.41178834,1.0,0.9990597,0.2763672,0.0041138167,-15.591351,-15.603542,-3.1199183,150.69887,0.95757884,1.5454409e-06,1.3761678,-1.514934,19.496658,0.9990635,0.23242188,0.0041417116,-15.223043,-15.234848,-3.1465611,98.806694,0.8421712,1.7827144e-06,43.530937,-0.24382058,-9.045103,0.42339858,1.0,0.99903965,0.18652344,0.0045184493,-15.31426,-15.3258505,-3.4572425,643.9477,1.8143096,5.5403616e-06,0.9990406,0.1796875,0.004560469,-15.037634,-15.048935,-3.4766688,16436.1,26.523792,7.154051e-06,0.015216126489639282,22129.029816389084,420000
36.382187,-0.27787423,-8.97877,0.4068154,1.0,0.99905777,0.2578125,0.004107275,-15.762047,-15.77444,-3.0844364,1137.2262,1.9362104,1.3967669e-05,1.7370324,-1.3368533,21.85188,0.99905014,0.23828125,0.0041733393,-15.336872,-15.348765,-3.1703181,135.31445,0.88611704,8.0757145e-06,35.629562,-0.3081187,-8.97795,0.40661055,1.0,0.99903107,0.20898438,0.0046057943,-15.252836,-15.264329,-3.4959917,529.7681,1.485079,8.264702e-06,0.9990282,0.17871094,0.004664226,-14.84832,-14.859371,-3.5432334,255.07115,1.7231448,3.6368622e-06,0.015214906454086304,22205.10434985161,425000
35.357388,-0.2643471,-8.997782,0.41156828,1.0,0.9990597,0.25878906,0.0040486837,-15.607945,-15.620274,-2.9963882,122.7119,1.0915189,4.7409503e-05,0.9285633,-0.61324245,16.119625,0.9990511,0.23925781,0.0041044615,-15.278874,-15.29081,-3.0683722,263.9044,1.4026062,6.594699e-05,47.567383,-0.24460223,-9.036155,0.4211617,1.0,0.9990454,0.20019531,0.0044316994,-15.346304,-15.357985,-3.3968873,362.77527,0.9961624,1.7459378e-06,0.99904156,0.17089844,0.0045059402,-15.074171,-15.085516,-3.4689999,253.14882,1.344739,4.7049234e-06,0.015203162288665771,22281.120165348053,430000
31.014687,-0.25438437,-9.017727,0.41655475,1.0,0.9990568,0.26464844,0.0041213906,-15.465368,-15.477446,-3.1109054,629.01776,1.4857523,1.8966522e-05,0.84136176,-1.0272073,16.355299,0.9990425,0.22753906,0.004179118,-15.120093,-15.1317625,-3.1827745,333.45322,0.97007006,0.0001293378,51.71669,-0.23685591,-9.059619,0.42702776,1.0,0.99905014,0.18164062,0.0045048,-15.3440075,-15.355619,-3.4643054,525.0916,1.5770428,1.0889994e-06,0.99903774,0.17675781,0.004575286,-14.949237,-14.960418,-3.5109234,468.2195,1.7348772,1.2289696e-05,0.01522055082321167,22357.222920656204,435000
44.816452,-0.21597221,-8.968126,0.40415472,1.0,0.9990711,0.265625,0.004063816,-15.759354,-15.771769,-3.0581596,832.9675,1.4759269,4.2924432e-05,1.7462252,-1.8647869,24.328373,0.9990654,0.24414062,0.00409712,-15.452034,-15.464062,-3.1469944,137.30164,0.7354448,2.8373346e-05,39.316063,-0.26584056,-8.981312,0.40745103,1.0,0.9990463,0.17871094,0.004513329,-15.402397,-15.414053,-3.4782531,346.44894,1.275501,4.7485105e-07,0.99903774,0.17089844,0.00458547,-15.054293,-15.065507,-3.581254,396.6424,1.678174,5.66733e-06,0.013523789024353028,22424.841869592667,440000
42.14852,-0.22063978,-8.951735,0.4000566,1.0,0.9990721,0.26953125,0.004069416,-15.700275,-15.712717,-2.9724967,360.0917,2.1708224,1.9648058e-05,1.4702438,-2.5454972,25.106092,0.999053,0.24902344,0.004119024,-15.318852,-15.330838,-3.0563338,1002.5014,3.020441,1.0214473e-05,37.8148,-0.3019253,-8.955025,0.40087903,1.0,0.9990387,0.20019531,0.004495377,-15.495808,-15.507593,-3.4381757,312.74332,1.7610493,9.629408e-08,0.9990339,0.17285156,0.004553807,-15.17181,-15.183216,-3.5036225,724.8009,1.8192139,2.7647716e-06,0.008906641054153442,22469.375076055527,445000
42.30726,-0.18968469,-9.003052,0.41288596,1.0,0.99905396,0.27246094,0.0041891104,-15.31019,-15.322062,-3.165933,5564.4272,3.521921,3.4279765e-05,2.1670399,-2.163052,23.64057,0.99904823,0.21777344,0.004275566,-14.936138,-14.94754,-3.2712173,1344.1267,2.0066347,1.5432472e-05,43.55715,-0.28840703,-9.0224285,0.41773003,1.0,0.9990349,0.19628906,0.004493855,-15.250937,-15.262468,-3.4548888,390.4189,1.2451615,1.2647483e-07,0.9990301,0.1796875,0.004576357,-15.022989,-15.034202,-3.5525975,1353.575,3.8306475,5.2755195e-06,0.008901648426055907,22513.883322238922,450000
42.314682,-0.24795894,-8.97614,0.40615797,1.0,0.9990587,0.27441406,0.00405958,-15.748847,-15.761305,-3.0053468,177.0928,1.0923593,7.086311e-06,1.0674515,-1.0746332,20.8725,0.99906445,0.25,0.004079541,-15.410944,-15.423026,-3.051608,137.35611,1.1124897,6.6733355e-06,54.089783,-0.2164886,-9.018051,0.41663575,1.0,0.9990339,0.18652344,0.004561741,-15.356737,-15.368337,-3.4911392,440.60553,1.2791697,8.892873e-06,0.9990368,0.18261719,0.0046179174,-14.994291,-15.005478,-3.5509934,836.0981,2.552834,1.5518596e-06,0.008904241514205933,22558.404531478882,455000
47.022514,-0.20421188,-9.027486,0.4189946,1.0,0.999074,0.28320312,0.003998159,-15.806669,-15.819203,-2.9845223,506.7957,1.3335329,3.6879654e-05,1.9090749,-1.7185664,24.029596,0.99906254,0.26464844,0.004061307,-15.395996,-15.408036,-3.079095,438.83966,1.6081166,8.622769e-06,46.153984,-0.27241224,-9.01371,0.4155505,1.0,0.9990349,0.19238281,0.004578379,-15.225968,-15.237369,-3.5637524,626.4585,1.3194416,7.6170784e-07,0.9990263,0.17480469,0.0046456633,-14.916552,-14.92757,-3.6447606,1622.9653,2.1674874,2.4532649e-06,0.013317739343643189,22624.993229866028,460000
42.28147,-0.25640747,-8.962029,0.4026303,1.0,0.9990673,0.26464844,0.004050054,-15.736854,-15.749272,-3.0324326,344.42505,1.035243,4.2425396e-05,1.6963117,-1.188874,23.008995,0.99906063,0.23925781,0.004108306,-15.36602,-15.378016,-3.093423,1455.5155,2.854424,4.9010723e-05,41.669926,-0.2804609,-8.989792,0.40957093,1.0,0.9990301,0.17480469,0.0046105343,-15.008489,-15.019606,-3.6361535,185.9365,0.47498792,1.7115144e-05,0.999033,0.16210938,0.0046473714,-14.657917,-14.668649,-3.679769,126.22982,0.54935193,5.297895e-06,0.013796618843078614,22693.97633910179,465000
43.381386,-0.23638913,-8.956404,0.40122384,1.0,0.9990635,0.28222656,0.004032757,-15.634974,-15.647283,-3.0428839,94.10985,0.6323719,3.3166725e-06,4.1181154,-3.77194,30.970306,0.9990511,0.25683594,0.0041033495,-15.257707,-15.269583,-3.1072183,148.63654,0.63729906,5.6832264e-06,43.21092,-0.2648734,-9.010061,0.41463822,1.0,0.99902916,0.17578125,0.004707901,-15.178465,-15.189765,-3.6185145,1518.4585,2.4751475,1.5424305e-07,0.9990082,0.16503906,0.0047269217,-14.786278,-14.797154,-3.6588783,252.38828,1.0435667,9.426584e-08,0.0138082670211792,22763.017675876617,470000
39.258224,-0.2514466,-8.981015,0.40737683,1.0,0.9990587,0.2578125,0.004086689,-15.695375,-15.707673,-3.1153948,1519.8942,1.4705807,1.6617607e-05,0.64389175,-0.92372763,17.114296,0.999053,0.23046875,0.0041397996,-15.311708,-15.323582,-3.1661527,1426.0284,3.4006777,1.9027702e-05,45.69863,-0.26436645,-9.01738,0.41646788,1.0,0.9990425,0.19433594,0.0045258077,-15.425285,-15.43694,-3.5014877,162.7713,0.8179107,3.7857237e-07,0.9990339,0.16601562,0.004574513,-15.068842,-15.080114,-3.537646,458.20755,1.4749699,9.9531735e-06,0.013809679698944092,22832.06607556343,475000
39.191566,-0.22279945,-8.980055,0.40713662,1.0,0.99906254,0.2685547,0.004172981,-15.530809,-15.542939,-3.1218543,791.60364,1.1487486,1.6338441e-05,0.7190629,-1.0739032,18.757776,0.99904346,0.22460938,0.0042278776,-15.189467,-15.20116,-3.227425,408.5274,1.2587781,3.658381e-06,40.15651,-0.31124616,-9.003841,0.4130832,1.0,0.9990425,0.20214844,0.004508145,-15.297084,-15.308658,-3.4571562,883.604,2.1575475,2.2102633e-06,0.99903965,0.19140625,0.004497312,-14.909947,-14.921135,-3.4657786,620.04193,1.8946949,1.0220865e-05,0.013809440183639526,22901.11327767372,480000
40.429092,-0.18037899,-8.987144,0.40890887,1.0,0.9990587,0.25390625,0.0041220593,-15.758237,-15.77065,-3.0607486,801.8279,1.5041007,3.7069825e-05,1.4757804,-1.74586,21.56485,0.9990473,0.24316406,0.0041680727,-15.334854,-15.346774,-3.1411202,492.69843,1.6359186,2.091106e-05,47.635357,-0.297645,-9.024879,0.41834307,1.0,0.99902916,0.19140625,0.0045747967,-15.396628,-15.408253,-3.5048432,283.70956,1.1584225,6.0522675e-06,0.9990225,0.16699219,0.0046253824,-15.049708,-15.060968,-3.5305743,3580.6619,4.986558,1.46313605e-05,0.013808974742889404,22970.158155679703,485000
34.506348,-0.29113108,-8.97249,0.40524542,1.0,0.9990635,0.27929688,0.0040873014,-15.82123,-15.833683,-3.0814552,221.7713,1.2239251,4.179078e-06,1.0382947,-1.593676,20.805843,0.9990587,0.24414062,0.004159705,-15.442564,-15.454588,-3.1410842,100.13485,0.80315536,1.5291733e-06,35.277843,-0.3569283,-8.971733,0.40505648,1.0,0.99904823,0.20605469,0.004574541,-15.383071,-15.394657,-3.5303843,4465.275,4.0876207,7.3001565e-06,0.9990387,0.17285156,0.0045754313,-15.066973,-15.078257,-3.5242515,9757.774,11.154142,4.8528573e-06,0.013802703142166138,23039.171672821045,490000
32.582787,-0.29784894,-8.975565,0.40601408,1.0,0.99906635,0.24804688,0.004128203,-15.811174,-15.82357,-3.1296039,441.2946,1.48477,2.2084081e-05,0.93856,-0.89382434,16.425995,0.9990635,0.22949219,0.0041128686,-15.486551,-15.49863,-3.131612,96.35786,1.1211991,0.00012764604,43.95565,-0.28968263,-8.9996,0.41202304,1.0,0.9990225,0.16210938,0.0046652034,-15.234129,-15.245458,-3.6445818,251.1758,1.0244673,2.1559556e-06,0.99902344,0.15234375,0.0046886615,-14.965832,-14.976873,-3.6704628,1353.195,2.5938401,1.3548992e-06,0.01380363540649414,23108.189853668213,495000
36.490242,-0.26480475,-8.99193,0.41010538,1.0,0.999074,0.27148438,0.0039698114,-15.925077,-15.93782,-2.889408,1107.2815,2.4335163,5.7573878e-05,2.851031,-1.71999,23.124737,0.999073,0.24902344,0.004030993,-15.54687,-15.559173,-2.9614766,493.6365,1.8663106,2.5132455e-05,46.867252,-0.24592465,-9.053335,0.42545667,1.0,0.99904346,0.19335938,0.004571828,-15.314338,-15.325822,-3.5658245,2198.01,2.3033895,1.1022097e-05,0.99904156,0.18066406,0.00461037,-15.034889,-15.0460615,-3.6057224,464.25644,1.1870487,5.739838e-07,0.01379051513671875,23177.142431020737,500000
37.39415,-0.22151908,-8.996786,0.41131973,1.0,0.9990673,0.2919922,0.0040178574,-15.70306,-15.715495,-2.9824305,90.89041,0.8500445,4.5397115e-05,1.6982933,-1.8663746,24.62053,0.9990568,0.2607422,0.0040920246,-15.419662,-15.431723,-3.0827522,237.80724,1.1725569,5.507353e-06,49.414185,-0.22635224,-8.992668,0.4102902,1.0,0.9990387,0.20410156,0.0044742366,-15.466814,-15.478574,-3.4365354,153.00008,0.96174145,4.47681e-06,0.9990339,0.18847656,0.004525559,-15.175813,-15.1872425,-3.4831066,2654.8384,3.5891256,4.2065603e-06,0.5615206246852875,25984.74555706978,505000
37.992233,-0.2688595,-8.996408,0.41122517,1.0,0.99907017,0.28320312,0.0040042084,-15.9101715,-15.9227915,-3.0010526,284.069,1.0936205,4.1554933e-05,1.9094272,-3.7124522,27.96137,0.99906826,0.26171875,0.004068234,-15.547657,-15.559821,-3.1039102,112.87539,0.93297017,6.736925e-05,47.01663,-0.1713422,-8.9614105,0.40247536,1.0,0.999033,0.21777344,0.0044936147,-15.482443,-15.494199,-3.456645,534.97546,0.9960085,5.7767e-06,0.99902344,0.18164062,0.004557525,-15.124939,-15.136273,-3.5300317,921.9029,1.5518911,1.2137004e-06,0.015200385046005249,26060.747485876083,510000
39.887375,-0.24005118,-8.992434,0.41023147,1.0,0.99906635,0.26171875,0.0040886635,-15.690334,-15.702642,-3.098343,293.70425,1.0458877,1.2679426e-05,0.9552609,-1.63859,19.312592,0.99906254,0.23144531,0.004157345,-15.338215,-15.350108,-3.1708565,91.733665,0.8118392,1.8159564e-05,49.917007,-0.19553033,-9.078941,0.43185848,1.0,0.99902534,0.19921875,0.0045733713,-15.357393,-15.368975,-3.5112648,411.41946,1.3398991,7.8102977e-07,0.9990282,0.19335938,0.0045867898,-14.995736,-15.006909,-3.5659747,164.25983,0.85224605,3.2860669e-06,0.015192306470870972,26136.70901966095,515000
40.897144,-0.21216221,-8.982005,0.40762419,1.0,0.9990692,0.2890625,0.0040034754,-15.986422,-15.99913,-2.9845352,280.983,1.4386529,3.628259e-05,0.98852295,-1.0598158,17.57452,0.99905777,0.24902344,0.0040450008,-15.587569,-15.59982,-3.05428,819.7627,2.032155,5.0419814e-05,53.931602,-0.24292284,-8.991812,0.41007608,1.0,0.9990368,0.19140625,0.0045550615,-15.487116,-15.498837,-3.494793,1020.5099,1.5309426,1.5955085e-06,0.9990244,0.17480469,0.0046244077,-15.179435,-15.190785,-3.567616,619.3818,1.9195929,1.3592016e-05,0.009258463287353516,26183.00134086609,520000
38.28015,-0.2877763,-8.9815035,0.40749884,1.0,0.99907017,0.26660156,0.004019846,-15.809116,-15.821632,-3.004963,462.12112,1.4104784,2.562932e-05,0.95983684,-0.7494941,17.81507,0.9990568,0.2548828,0.004071523,-15.372398,-15.384455,-3.0394611,6242.808,7.9165297,3.26427e-05,36.404236,-0.27495432,-9.024308,0.4181999,1.0,0.999032,0.19335938,0.004592697,-15.321829,-15.3332815,-3.6054997,1196.262,1.2906163,3.4086859e-06,0.9990387,0.15917969,0.004634555,-14.904783,-14.915794,-3.6400275,677.06384,1.2100941,1.0443795e-07,0.008871568775177002,26227.359186172485,525000
36.362854,-0.25583324,-8.993998,0.41062245,1.0,0.9990721,0.27441406,0.004067946,-15.800146,-15.812587,-3.0750375,302.0519,1.241678,4.497468e-07,1.4117393,-2.0551634,21.210833,0.9990587,0.22265625,0.0041315565,-15.368722,-15.380697,-3.117354,325.5912,1.5459483,7.477488e-06,50.37185,-0.1712471,-9.037731,0.42155576,1.0,0.99903774,0.20117188,0.004460126,-15.404155,-15.415897,-3.3914635,535.2467,1.4715383,1.0954794e-06,0.99903584,0.1875,0.0045515997,-15.091874,-15.103224,-3.4814277,1047.2753,3.0422766,7.983464e-06,0.00888367714881897,26271.77757334709,530000
43.58092,-0.23161027,-9.05225,0.42518562,1.0,0.9990587,0.24609375,0.0041181715,-15.714685,-15.727022,-3.0941,278.38962,1.1759537,1.2608957e-05,1.6275845,-1.2057655,24.786905,0.99906063,0.23535156,0.004186814,-15.252687,-15.264499,-3.1708617,400.03018,1.5706915,3.350179e-06,44.52145,-0.23303165,-8.996193,0.4111711,1.0,0.9990406,0.20996094,0.004461107,-15.432407,-15.444192,-3.3769765,871.6863,1.6530724,1.1881245e-05,0.9990349,0.17871094,0.004555557,-15.048313,-15.059632,-3.468513,725.57306,1.8973753,5.253101e-05,0.008918450450897217,26316.36982703209,535000
46.305218,-0.1916413,-8.979389,0.40697035,1.0,0.99906635,0.2841797,0.003958961,-15.6138735,-15.626336,-2.8647103,388.92056,1.809716,3.2469716e-06,1.2353024,-3.6218243,27.384111,0.99905777,0.24707031,0.004028907,-15.264153,-15.276172,-2.9691267,153.36252,1.4095494,6.182397e-05,45.113815,-0.22109488,-9.003698,0.41304767,1.0,0.9990349,0.17285156,0.0046937624,-15.051045,-15.062165,-3.6751554,833.9253,0.96699584,2.488845e-07,0.99902916,0.15820312,0.004781197,-14.762178,-14.772929,-3.7629418,963.8617,2.643015,5.7027796e-07,0.00888625168800354,26360.801087141037,540000
45.801315,-0.2268582,-9.020874,0.41734165,1.0,0.99907684,0.27148438,0.0040456876,-15.809409,-15.821944,-2.9860506,1806.4033,3.3447404,1.1462513e-05,1.9618876,-1.1817248,24.228886,0.99906254,0.23144531,0.0041376213,-15.567819,-15.579991,-3.114521,521.84717,1.8702524,3.6632407e-06,40.408524,-0.24465108,-9.024302,0.4181984,1.0,0.9990368,0.19921875,0.004514889,-15.501137,-15.512897,-3.4713712,6797.6826,4.9656568,1.7414983e-09,0.999033,0.17285156,0.0045358716,-15.191283,-15.202718,-3.4941938,345.17725,2.012754,1.8587421e-07,0.00889406042098999,26405.27139353752,545000
40.269245,-0.23961061,-8.9774,0.40647298,1.0,0.99906826,0.28222656,0.0039603664,-16.031815,-16.04466,-2.8900008,684.00586,2.0188742,1.0739032e-05,0.9329355,-1.11168,19.932472,0.99906063,0.25390625,0.0040327674,-15.692358,-15.704779,-2.9848032,298.15793,1.8395785,5.8025544e-05,40.633926,-0.24851924,-9.026981,0.4188683,1.0,0.99903107,0.18164062,0.0045924243,-15.429825,-15.441464,-3.5227532,789.1328,2.2932608,1.7954411e-06,0.99902725,0.16601562,0.004660961,-15.082916,-15.094151,-3.5905032,727.06854,2.7816951,3.334274e-06,0.008886735773086548,26449.705076932907,550000
36.34842,-0.26390195,-9.00972,0.41455293,1.0,0.9990463,0.24511719,0.004117942,-15.69467,-15.7069435,-3.1392374,98.0917,0.5257529,5.55525e-06,1.2817774,-1.6602414,21.863579,0.99905014,0.23535156,0.004192047,-15.31008,-15.321899,-3.2172985,146.28497,0.5557378,4.2453667e-06,42.874344,-0.27419853,-8.972851,0.4053355,1.0,0.99903584,0.20019531,0.0044464725,-15.449289,-15.461058,-3.4103928,5703.907,6.665134,1.5564831e-07,0.99902916,0.17382812,0.0044891955,-15.111124,-15.122522,-3.4498658,6909.1177,8.150777,3.9313793e-05,0.008888444232940674,26494.14730143547,555000
42.950226,-0.26166838,-9.011158,0.4149127,1.0,0.99906635,0.2626953,0.0040322444,-15.717095,-15.729484,-3.0442328,176.40019,0.83455145,3.5441022e-05,1.4547906,-1.9650142,24.959185,0.9990511,0.23046875,0.0040947613,-15.293702,-15.305615,-3.106678,46.0369,0.55407166,4.103083e-05,43.101807,-0.27906987,-8.993782,0.4105686,1.0,0.99903774,0.1953125,0.0045482395,-15.39026,-15.401835,-3.547353,333.1951,1.0188105,8.450379e-06,0.999033,0.18066406,0.004604783,-15.006052,-15.017224,-3.577146,2630.2197,5.0638113,1.2817404e-05,0.008865353870391847,26538.4740755558,560000
45.946476,-0.20366187,-8.958363,0.40171358,1.0,0.9990549,0.26367188,0.004153261,-15.567123,-15.579251,-3.1597452,41.088303,0.3858813,2.8076827e-05,3.3627827,-2.4349217,26.479656,0.9990492,0.22265625,0.0042477706,-15.210397,-15.222029,-3.3107228,63.492775,0.41952318,4.9125978e-05,45.591778,-0.20812918,-9.0143585,0.4157125,1.0,0.9990368,0.1875,0.0045976015,-15.452793,-15.46442,-3.5586894,1633.6857,2.5817595,8.797117e-06,0.9990339,0.17871094,0.0046144077,-15.088213,-15.099456,-3.587693,590.4811,2.1254845,3.3468323e-06,0.008889679145812988,26582.92247247696,565000
41.12703,-0.23955971,-9.024296,0.41819707,1.0,0.9990692,0.24707031,0.0040951995,-15.821582,-15.834032,-3.0855625,241.13383,1.1246288,1.7801602e-05,2.3729613,-1.3301721,23.064114,0.9990635,0.24316406,0.0041434383,-15.483353,-15.495397,-3.1606805,101.77928,0.9394685,7.693956e-05,50.440865,-0.21761648,-9.000177,0.4121673,1.0,0.9990387,0.19628906,0.004433817,-15.343478,-15.355141,-3.4136522,501.70862,1.1217327,4.8299657e-06,0.9990282,0.17871094,0.004502111,-15.004355,-15.015619,-3.4810805,118.44999,0.7222889,2.0103374e-05,0.008888346529006958,26627.364208698273,570000
42.77803,-0.20160607,-9.019768,0.41706473,1.0,0.9990616,0.27734375,0.0041119736,-15.772301,-15.784697,-3.0912976,238.6583,1.1068885,4.327669e-05,2.120245,-1.1648179,23.582561,0.99906254,0.24511719,0.0041453005,-15.381349,-15.393312,-3.1426349,106.53045,0.65554196,8.546192e-06,39.03609,-0.25284547,-8.974611,0.40577582,1.0,0.999032,0.18847656,0.004608495,-15.33116,-15.34261,-3.6180177,1147.3906,1.9921408,2.8833438e-07,0.999032,0.171875,0.0046273675,-14.999971,-15.011064,-3.6518767,271.66,1.3133261,4.8810643e-06,0.008887731456756592,26671.80286717415,575000
43.75992,-0.2345756,-8.98661,0.4087754,1.0,0.9990654,0.265625,0.0041174693,-15.835506,-15.847972,-3.0828764,3561.5662,3.0855374,1.4204089e-05,2.5465071,-2.971422,26.064003,0.9990463,0.23925781,0.004167867,-15.39757,-15.4095335,-3.1591306,146.74258,0.881243,1.0317909e-05,52.943714,-0.2192874,-9.042021,0.42262822,1.0,0.99903965,0.18164062,0.0045792833,-15.412164,-15.423703,-3.6082332,407.0496,1.058469,1.4095991e-08,0.99903107,0.16894531,0.0046631815,-15.006244,-15.017317,-3.678322,147.38823,0.7811214,6.037429e-06,0.008885040664672852,26716.228072166443,580000
32.459415,-0.25326088,-8.969915,0.40460175,1.0,0.9990778,0.28027344,0.0040439535,-15.841959,-15.854496,-3.0165277,244.09805,1.289731,4.395323e-06,1.6955594,-1.0599705,19.188114,0.999074,0.2548828,0.004088118,-15.458969,-15.471091,-3.0572915,225.95067,1.1598854,1.90897e-05,41.05574,-0.3167888,-8.996777,0.41131717,1.0,0.9990339,0.19042969,0.0045906,-15.415331,-15.426927,-3.551997,712.35834,1.1335994,1.6301476e-07,0.99903584,0.18847656,0.004594826,-15.112097,-15.123413,-3.5339344,424.50867,1.3919327,1.0177235e-06,0.012934488010406494,26780.90051651001,585000
35.084385,-0.24890447,-8.995892,0.41109604,1.0,0.9990778,0.29101562,0.003997401,-15.796967,-15.809537,-2.9374115,377.03708,1.2402414,6.5175074e-05,1.9748913,-1.1416807,19.267239,0.99906445,0.25585938,0.0040592225,-15.324415,-15.336442,-3.0212727,272.60782,1.3954905,3.57456e-05,38.649296,-0.30311906,-9.000776,0.41231716,1.0,0.9990301,0.20996094,0.004517444,-15.344656,-15.356299,-3.4343102,244.78809,1.2309624,4.388517e-06,0.9990225,0.19335938,0.0045926785,-14.9006195,-14.911744,-3.521786,425.27087,1.1581483,1.8215207e-05,0.01382623028755188,26850.031669855118,590000
40.85744,-0.26644197,-8.996259,0.41118756,1.0,0.9990711,0.2626953,0.0040749754,-15.924292,-15.936829,-3.0978808,107.0502,0.74512,6.0972e-06,0.98932576,-1.9325192,21.027622,0.99906254,0.24804688,0.0041444018,-15.634135,-15.646315,-3.175827,101.69589,0.6751635,2.2573652e-06,40.2302,-0.24130937,-8.959187,0.40191945,1.0,0.999032,0.20898438,0.0045244675,-15.498302,-15.510016,-3.5159369,296.22977,1.1655884,7.598943e-08,0.99902916,0.18261719,0.004540977,-15.234457,-15.245871,-3.5584958,3426.4575,4.31153,8.2017806e-07,0.013819953536987305,26919.131438970566,595000
39.73326,-0.2165521,-9.000715,0.41230178,1.0,0.99907017,0.29101562,0.0039883805,-15.69062,-15.703077,-2.94774,157.93887,1.0974469,8.4267645e-05,0.84733206,-0.8558258,17.51661,0.9990616,0.2705078,0.004030723,-15.268023,-15.280008,-3.007493,111.202614,0.8891957,6.251439e-05,42.930428,-0.24799868,-9.017759,0.41656277,1.0,0.99903107,0.19433594,0.0045734933,-15.289687,-15.301159,-3.5535798,710.3045,1.0418439,7.2187856e-07,0.99902916,0.171875,0.004638305,-14.954138,-14.965197,-3.6419775,544.3667,0.9042584,1.3148109e-06,0.01380650987625122,26988.16399049759,600000
38.652466,-0.24992509,-9.006428,0.41373006,1.0,0.9990759,0.3125,0.0039425567,-16.024136,-16.036947,-2.9179752,352.9789,1.1508329,1.058365e-06,1.0867969,-1.6185504,21.984318,0.99906254,0.27441406,0.00399446,-15.541033,-15.553306,-2.986651,388.0586,1.2553817,5.8012733e-06,28.305721,-0.3330329,-9.00686,0.41383797,1.0,0.9990463,0.18554688,0.004538753,-15.541509,-15.553222,-3.5591793,521.096,1.0100944,2.0013704e-08,0.99904156,0.17773438,0.0045324313,-15.188716,-15.20011,-3.5317929,7548.793,8.069407,9.306909e-07,0.6012469155311585,29994.39857172966,605000
30.878008,-0.29256797,-9.0037985,0.41307265,1.0,0.999074,0.27539062,0.0039889775,-15.900447,-15.913134,-2.9206648,517.37695,1.7642219,4.9157752e-05,1.007879,-1.0771623,18.466053,0.9990568,0.24316406,0.004088288,-15.484777,-15.496964,-3.0179224,820.83136,2.4018025,5.0642765e-08,53.905922,-0.22194308,-9.064885,0.42834413,1.0,0.9990339,0.19628906,0.004571858,-15.367317,-15.378951,-3.4660196,309.48056,1.1423596,6.200873e-07,0.9990339,0.16699219,0.004620116,-14.986755,-14.997972,-3.5123324,2631.0413,3.5115345,2.2920837e-07,0.00887877287864685,30038.792437553406,610000
37.4664,-0.23471972,-8.971238,0.40493244,1.0,0.9990721,0.26953125,0.004058539,-15.790142,-15.802619,-3.0265157,177.74608,0.91005373,1.6886268e-05,0.8097209,-1.4166093,19.910309,0.9990616,0.2529297,0.0041022943,-15.385202,-15.397222,-3.0891776,315.1884,1.0687531,1.2627296e-05,44.351257,-0.25588116,-9.017442,0.41648334,1.0,0.9990368,0.18847656,0.0045407433,-15.367176,-15.378803,-3.4722404,1103.8754,2.2147293,6.158735e-07,0.9990339,0.18066406,0.0045763087,-14.948892,-14.960037,-3.547432,275.86423,1.0966417,2.7689737e-07,0.008893405055999755,30083.25946545601,615000
39.911613,-0.22375134,-8.989875,0.40959156,1.0,0.9990616,0.29296875,0.0039897785,-15.790084,-15.802666,-2.9196925,176.99107,0.8872242,1.2079308e-05,3.8449445,-2.5589204,25.412271,0.9990549,0.25585938,0.0040374217,-15.347042,-15.359144,-2.9664283,420.4047,1.4425439,0.00010103123,37.593697,-0.32548144,-9.051722,0.42505354,1.0,0.999032,0.18652344,0.004520802,-15.684176,-15.696153,-3.4319696,1544.9963,3.128584,1.912913e-06,0.9990301,0.16894531,0.004538363,-15.226649,-15.238153,-3.4578118,17067.76,21.5624,2.9239402e-06,0.00889074182510376,30127.71317601204,620000
39.49322,-0.26413107,-9.01643,0.41623065,1.0,0.9990778,0.26171875,0.0040861145,-15.966046,-15.978664,-3.0578413,157.87112,0.8549247,3.4482826e-05,1.5024639,-1.0249472,22.121853,0.999074,0.24511719,0.004125654,-15.511105,-15.523232,-3.1041293,209.25839,0.89509356,4.1430405e-05,39.669556,-0.30972534,-8.993747,0.41055965,1.0,0.9990339,0.20507812,0.0044738837,-15.685701,-15.697692,-3.4193141,2619.983,2.7241602,7.657155e-06,0.99902725,0.18945312,0.0045225164,-15.319764,-15.33137,-3.4448724,7441.32,15.704185,3.233448e-05,0.0088940598487854,30172.183476686478,625000
34.10302,-0.28098166,-9.005068,0.4133897,1.0,0.999073,0.28125,0.004041034,-16.160686,-16.17348,-3.0736084,248.30739,0.92145526,1.531748e-06,1.0367507,-1.1550474,19.562706,0.99907017,0.24511719,0.0040644472,-15.725578,-15.737925,-3.0967903,206.19437,0.925234,5.0796365e-07,43.977757,-0.29662067,-9.028978,0.41936734,1.0,0.9990387,0.19628906,0.004526836,-15.450987,-15.462617,-3.5531187,980.5967,2.060225,1.9791576e-06,0.99903774,0.17089844,0.004582923,-15.068338,-15.07957,-3.5793533,663.45776,2.453843,7.647106e-06,0.008890941619873046,30216.63818836212,630000
46.181755,-0.21386379,-9.002028,0.41263005,1.0,0.9990721,0.29589844,0.004032257,-15.818087,-15.83063,-2.9877844,327.92178,1.1682851,9.470441e-06,1.1080707,-2.1408472,26.442791,0.99905586,0.2529297,0.0041075586,-15.374892,-15.386909,-3.0817213,800.947,1.4164693,1.9596782e-05,39.662872,-0.29234773,-9.035999,0.42112303,1.0,0.99903774,0.18554688,0.004555795,-15.350914,-15.362447,-3.553162,1138.3188,2.2934804,5.7751106e-07,0.9990244,0.15234375,0.004620932,-14.953436,-14.964538,-3.5972915,15850.988,16.511414,4.378225e-06,0.008887852478027343,30261.07745218277,635000
39.5372,-0.2005609,-8.999345,0.41195905,1.0,0.9990587,0.2578125,0.004070008,-15.959718,-15.972282,-3.107166,81.905396,0.5570908,1.470384e-06,2.4380496,-1.3265078,21.791977,0.99905014,0.234375,0.0041178735,-15.599466,-15.611629,-3.1584747,116.80822,0.6528461,5.6547024e-06,47.640488,-0.25520182,-9.0220175,0.41762736,1.0,0.9990339,0.20214844,0.0044464576,-15.663523,-15.675528,-3.3824348,659.4835,1.7755952,3.2478775e-07,0.9990339,0.19335938,0.0044904454,-15.45656,-15.468296,-3.4516492,766.06885,3.1291938,3.9140973e-06,0.008890116786956788,30305.528038740158,640000
43.8879,-0.23438545,-8.974012,0.40562624,1.0,0.9990721,0.29101562,0.003967998,-15.928097,-15.940792,-2.9405277,426.9858,1.5733284,3.6740712e-05,2.1199102,-1.1075275,23.510883,0.9990616,0.26953125,0.004033583,-15.508951,-15.5211735,-3.005725,248.8396,1.68114,1.2242881e-05,48.806873,-0.27651426,-9.006062,0.4136384,1.0,0.9990349,0.18261719,0.004468539,-15.4362,-15.447914,-3.4539123,1390.2964,1.5988927,3.477388e-06,0.9990301,0.16894531,0.0044980897,-15.004292,-15.015606,-3.4309466,8405.865,10.020929,5.179949e-06,0.008889650678634644,30349.976293563843,645000
36.5875,-0.24779856,-9.003043,0.41288376,1.0,0.99907494,0.27929688,0.0039811963,-16.046629,-16.05946,-2.9188354,832.576,2.7767727,2.502187e-05,1.5301675,-1.0425503,21.165607,0.9990587,0.2607422,0.0040204264,-15.7095585,-15.722016,-2.9660218,356.64822,1.7893808,6.1476094e-05,50.503754,-0.28611434,-9.01971,0.4170504,1.0,0.9990368,0.18945312,0.004509721,-15.53096,-15.542719,-3.5017407,1734.8535,1.425714,7.5152707e-06,0.9990339,0.171875,0.0045712725,-15.161104,-15.172477,-3.5265107,55.65114,0.50155544,1.3667184e-05,0.008888176202774049,30394.417176008224,650000
38.623882,-0.22824554,-8.978284,0.40669382,1.0,0.9990635,0.26757812,0.004152364,-15.754838,-15.76719,-3.1190534,197.55197,0.82049376,7.306063e-06,0.6765074,-1.1377002,17.081966,0.999053,0.23242188,0.0042140195,-15.398708,-15.41066,-3.1737661,206.7195,0.666741,5.0787938e-05,49.344902,-0.26388142,-8.969129,0.40440506,1.0,0.99902725,0.17675781,0.0045821858,-15.458101,-15.469767,-3.5243194,2235.1035,1.9713049,2.2778369e-07,0.99901867,0.16210938,0.004629912,-15.183423,-15.194795,-3.5502694,825.0564,1.4383905,2.948066e-07,0.008888143920898437,30438.85789823532,655000
42.44174,-0.24183413,-8.962994,0.40287137,1.0,0.9990587,0.26367188,0.0041074264,-15.934328,-15.946876,-3.0975986,845.2405,1.7111826,4.2010382e-05,2.645665,-2.824114,27.673134,0.9990568,0.22851562,0.0041627996,-15.548761,-15.560888,-3.1432571,455.2227,1.9673853,5.0685213e-07,37.00216,-0.34896487,-8.986481,0.40874308,1.0,0.99902725,0.18847656,0.004619111,-15.426715,-15.438377,-3.4958282,5017.2515,7.918693,1.6621979e-07,0.99902344,0.1640625,0.00466251,-15.178833,-15.190208,-3.5426025,7995.5083,8.8635645,6.9522066e-06,0.00887096290588379,30483.212713956833,660000
39.796494,-0.24816643,-9.016079,0.4161426,1.0,0.9990673,0.25390625,0.0040060035,-15.929585,-15.94226,-2.9650898,242.90248,1.2869904,2.2027836e-05,0.9702457,-1.3029269,20.193424,0.99905586,0.25585938,0.004034233,-15.532511,-15.54476,-3.0006793,144.20581,0.88128275,4.306873e-05,48.548233,-0.21609119,-8.992176,0.41016695,1.0,0.99902153,0.18359375,0.0046161036,-15.494627,-15.50633,-3.5216408,1241.6111,2.5401883,2.786876e-06,0.999012,0.15429688,0.004708494,-15.189023,-15.200316,-3.635624,106.650345,0.81870854,3.7867022e-07,0.008888693857192993,30527.656185150146,665000
38.164375,-0.22904053,-8.998877,0.4118421,1.0,0.9990711,0.26464844,0.0041184705,-15.940462,-15.953043,-3.0712442,813.7277,1.7927637,8.077781e-07,2.7583914,-2.125009,26.783945,0.999053,0.24609375,0.004152861,-15.491044,-15.503152,-3.10411,621.4684,1.8834972,1.3580743e-05,43.878254,-0.230216,-8.997219,0.4114278,1.0,0.9990387,0.18359375,0.004568979,-15.387718,-15.39925,-3.5906715,206.89522,0.6314899,9.011907e-07,0.999032,0.16210938,0.004590382,-14.971087,-14.982203,-3.6007643,733.9565,1.3234401,7.479238e-07,0.008874922418594361,30572.03079867363,670000
37.19915,-0.21907057,-8.941877,0.39759234,1.0,0.9990587,0.27148438,0.0040801866,-15.886316,-15.898872,-3.041597,1632.0016,3.0026464,4.450307e-06,1.562726,-3.4454083,23.045101,0.99905777,0.23828125,0.0041237753,-15.407898,-15.419949,-3.0801458,296.60123,1.32865,3.7789625e-06,42.510506,-0.2627911,-9.00057,0.41226572,1.0,0.99903107,0.19335938,0.004547389,-15.518718,-15.530491,-3.47459,9161.477,6.6564336,3.7042787e-07,0.99902344,0.18066406,0.0046280827,-15.145046,-15.156382,-3.5490756,1908.5919,4.8192496,2.3007367e-07,0.008882803678512572,30616.444818496704,675000
39.49289,-0.26186782,-8.987358,0.40896267,1.0,0.99905014,0.2421875,0.0041373204,-15.744755,-15.757115,-3.0994844,879.71436,0.9684625,1.0649934e-05,1.3067336,-1.4666001,21.723534,0.9990454,0.23339844,0.0041993205,-15.28825,-15.300122,-3.1430292,358.9628,1.2592361,3.9511535e-05,38.343956,-0.2605067,-8.9995575,0.4120121,1.0,0.999033,0.1953125,0.004530605,-15.397516,-15.409137,-3.50987,443.99203,1.1108633,2.303728e-06,0.99901485,0.17578125,0.004589091,-14.964033,-14.9752245,-3.51462,1270.2413,2.5991135,7.244306e-06,0.00887806568145752,30660.83515071869,680000
36.798298,-0.19876581,-8.976464,0.4062391,1.0,0.9990635,0.27441406,0.004109227,-15.977019,-15.989682,-3.022502,553.2206,1.7558875,5.812909e-06,2.3687217,-1.6017957,23.735527,0.9990549,0.22949219,0.004191333,-15.58807,-15.600263,-3.1142235,1199.2753,3.148462,2.0393878e-05,36.168724,-0.29834422,-9.007765,0.41406435,1.0,0.99904346,0.17382812,0.0045922915,-15.439255,-15.450869,-3.559897,3444.908,3.0882041,8.679077e-08,0.9990349,0.17675781,0.0046196673,-15.0833645,-15.094592,-3.5962667,212.63603,1.0034287,1.4583439e-07,0.00888089599609375,30705.23963189125,685000
40.20735,-0.27242503,-8.994052,0.4106359,1.0,0.999073,0.28125,0.0040046084,-16.022793,-16.035538,-2.9811492,717.4489,1.8185096,1.7515522e-05,1.1333325,-1.4204236,22.855038,0.99906635,0.25,0.0040593017,-15.686896,-15.699242,-3.0579438,170.63745,1.252719,7.701816e-06,45.267616,-0.25917435,-9.015509,0.416,1.0,0.9990444,0.19433594,0.004561941,-15.58505,-15.596842,-3.5217185,3293.4456,3.4593263,1.5499262e-08,0.999033,0.18847656,0.004609717,-15.304716,-15.316175,-3.582439,1694.252,2.62927,7.8924813e-07,0.009222929000854491,30751.354278326035,690000
35.495907,-0.26189905,-8.989914,0.40960127,1.0,0.99906254,0.29492188,0.0039989045,-15.97089,-15.983615,-2.9535108,92.19138,0.7142787,6.1770224e-05,1.3238769,-1.1038525,19.178215,0.99906445,0.2607422,0.0040611057,-15.588264,-15.600555,-3.0143094,132.74438,0.80953085,3.932819e-05,57.11599,-0.23236264,-8.975573,0.40601614,1.0,0.9990339,0.19921875,0.004475293,-15.442776,-15.454497,-3.4521084,114.97818,0.5662532,3.3731297e-08,0.99902916,0.17285156,0.0045259646,-15.18578,-15.197176,-3.5271497,283.85464,0.7128425,2.2389183e-06,0.01379482445716858,30820.328405857086,695000
36.71093,-0.268339,-9.004559,0.4132628,1.0,0.99906254,0.27148438,0.003972057,-16.076427,-16.0893,-2.9075174,497.4583,1.351159,8.490981e-06,1.6810814,-1.0893445,22.64336,0.9990549,0.25585938,0.004030116,-15.72668,-15.7391405,-2.9801598,181.03465,1.1493814,7.454177e-06,48.47148,-0.22898594,-9.02588,0.41859296,1.0,0.9990368,0.18164062,0.004522917,-15.393192,-15.4047985,-3.5202277,22982.8,13.003149,2.5224094e-06,0.9990368,0.1640625,0.0045510624,-15.011021,-15.022204,-3.5710275,8961.524,9.304029,7.763991e-06,0.013794501924514771,30889.30091714859,700000
36.426414,-0.2521289,-8.997011,0.41137588,1.0,0.9990711,0.27734375,0.0040299916,-15.981988,-15.994699,-2.9794176,307.73483,1.6922357,5.337146e-06,1.7541397,-1.1286062,19.842854,0.99907017,0.23925781,0.0040841773,-15.621401,-15.633671,-3.0692537,247.72035,1.3923345,9.630217e-06,43.62848,-0.25613415,-9.012711,0.4153006,1.0,0.99904156,0.19824219,0.0044565406,-15.459887,-15.471606,-3.4712586,2303.2048,3.0010204,1.8180887e-06,0.99903584,0.17089844,0.0044949725,-15.17298,-15.184376,-3.515886,4583.4453,9.630217,3.4996403e-05,0.6038283946514129,33908.44289183617,705000
37.405315,-0.25124863,-8.959856,0.40208694,1.0,0.99906445,0.2626953,0.0040485784,-15.8967,-15.909321,-2.9844036,466.00217,1.4098579,6.246805e-06,1.7781291,-1.3931807,24.162268,0.9990587,0.25097656,0.004144788,-15.575935,-15.588129,-3.1005979,615.70984,1.6151235,2.7579458e-06,42.36171,-0.2079607,-8.9980755,0.41164184,1.0,0.9990301,0.20800781,0.004567665,-15.34755,-15.359165,-3.4664884,872.43225,2.424901,6.2491466e-08,0.99902534,0.18359375,0.0046320134,-14.975907,-14.987088,-3.5385013,11697.621,12.679497,1.7229429e-06,0.008886686277389526,33952.876324653625,710000
40.353565,-0.22563073,-9.039864,0.42208886,1.0,0.999074,0.27929688,0.0039641582,-16.166304,-16.179228,-2.9438155,399.0646,1.5123188,3.359292e-05,2.7712684,-1.9851298,31.529072,0.9990587,0.25390625,0.004051176,-15.759827,-15.772287,-3.0132694,279.6948,1.2448709,5.6610777e-05,38.683914,-0.3446332,-9.072857,0.4303372,1.0,0.999033,0.18261719,0.004617216,-15.49501,-15.506653,-3.5849905,118109.91,59.579838,5.563871e-06,0.999033,0.16503906,0.0046471837,-15.203295,-15.214638,-3.597958,13065.517,13.8865795,1.3053768e-06,0.008866033029556275,33997.20649123192,715000
27.826906,-0.31093046,-8.985772,0.40856594,1.0,0.9990587,0.25878906,0.004007112,-15.867514,-15.880097,-2.9937453,139.84831,0.87125397,2.3907558e-06,1.8930681,-1.5221522,22.027058,0.9990635,0.24902344,0.0041229995,-15.429118,-15.441187,-3.0841076,189.85872,1.0733352,6.911659e-05,43.373665,-0.2707855,-9.038725,0.42180413,1.0,0.99903107,0.20214844,0.0045025763,-15.445306,-15.456976,-3.5066829,153.07547,0.7119942,1.4387409e-06,0.99902344,0.171875,0.0045747356,-15.088727,-15.099993,-3.562745,351.2169,1.214938,2.682319e-06,0.008866816186904908,34041.54057598114,720000
34.08464,-0.2678761,-8.978678,0.4067923,1.0,0.99906635,0.28222656,0.003981921,-16.105087,-16.118004,-2.8921404,983.9681,2.3441362,8.685117e-05,1.8416047,-1.0543913,21.590408,0.9990635,0.25683594,0.0040498036,-15.70343,-15.715867,-2.980485,256.54123,1.5422122,4.8199923e-05,40.372017,-0.2674287,-9.02127,0.4174404,1.0,0.99903965,0.16894531,0.004543081,-15.602734,-15.614558,-3.505419,1169.244,1.6750689,5.217517e-07,0.9990387,0.15527344,0.00457636,-15.205518,-15.216908,-3.5516367,2995.415,3.441286,8.288143e-08,0.008865777730941772,34085.86946582794,725000
30.617916,-0.25159392,-9.008383,0.41421866,1.0,0.99908066,0.29101562,0.0039554317,-16.155203,-16.168108,-2.9523916,68.820724,0.78619695,3.0063033e-05,1.1140894,-0.9039385,14.606655,0.99906826,0.2607422,0.00400672,-15.774498,-15.786991,-2.993877,114.67004,0.8919705,2.9096604e-05,37.938972,-0.29550266,-9.040535,0.4222566,1.0,0.9990473,0.19628906,0.0045757326,-15.594856,-15.60664,-3.5404665,1354.0101,1.5485604,5.4834384e-08,0.9990454,0.19042969,0.004594612,-15.263777,-15.275194,-3.5836825,139.3998,1.0424166,3.4469704e-07,0.008865652465820313,34130.19772982597,730000
34.912964,-0.23137322,-8.994136,0.41065702,1.0,0.99906826,0.2783203,0.004063743,-16.162605,-16.175413,-3.0617661,249.4638,1.025021,2.6956966e-05,2.1710277,-1.9317003,23.862427,0.9990692,0.23046875,0.0041297874,-15.68511,-15.697393,-3.119216,427.06055,1.2139288,7.261062e-05,43.11936,-0.27991074,-9.010821,0.41482833,1.0,0.9990301,0.20117188,0.004483157,-15.532762,-15.544593,-3.4296265,263.82132,0.8762332,6.2376756e-07,0.9990244,0.17089844,0.004537782,-15.157587,-15.168996,-3.4870608,2138.8164,2.8472068,1.1996187e-06,0.008849408292770386,34174.444774627686,735000
34.037605,-0.22768325,-9.00729,0.4139452,1.0,0.9990711,0.2890625,0.004012339,-16.204874,-16.217768,-3.012288,578.1133,1.4265107,4.0211467e-06,2.8974195,-1.3586342,22.714088,0.99906063,0.2529297,0.0040644165,-15.814959,-15.82745,-3.036276,388.0662,1.395055,4.812882e-05,39.54982,-0.2972632,-9.000934,0.41235632,1.0,0.9990406,0.20019531,0.0045265136,-15.448187,-15.459875,-3.4907165,3158.284,3.67129,5.531592e-08,0.99902916,0.18261719,0.004561669,-15.131483,-15.142842,-3.5100145,359.07666,1.5143323,2.8951425e-07,0.008848218631744384,34218.68586921692,740000
39.172943,-0.25669062,-8.965765,0.40356433,1.0,0.99906826,0.2919922,0.00401684,-15.87961,-15.892191,-3.0091782,231.8476,0.9984379,8.21766e-05,2.8124037,-2.104289,23.50975,0.99906445,0.25097656,0.004064191,-15.35604,-15.368102,-3.017099,291.31415,1.3784497,0.00011804202,44.253082,-0.2092434,-9.008944,0.41435874,1.0,0.99901676,0.18457031,0.004565118,-15.41169,-15.423312,-3.5214734,160.33017,0.6340482,5.504047e-07,0.9990244,0.15722656,0.0046546706,-14.996801,-15.007933,-3.6091542,114.15601,0.60630053,1.9707404e-08,0.008848253965377808,34262.9271402359,745000
32.150112,-0.24673171,-8.997879,0.41159272,1.0,0.99906635,0.2763672,0.004042401,-16.10757,-16.120369,-3.0134406,979.06744,1.8547113,3.2218926e-05,1.0951779,-1.7207432,16.362577,0.99905396,0.25,0.004089871,-15.741836,-15.754246,-3.0464025,136.16002,1.1116699,2.5814992e-05,38.18458,-0.2826662,-8.981165,0.40741408,1.0,0.9990425,0.20507812,0.004482661,-15.648832,-15.660727,-3.4811404,3188.6726,3.075909,1.1096124e-09,0.9990339,0.17675781,0.004553388,-15.322099,-15.333628,-3.5273995,1465.3855,2.6714315,1.8490931e-06,0.008862890577316283,34307.24159407616,750000
41.375114,-0.2111804,-8.979396,0.4069719,1.0,0.9990711,0.25195312,0.004089795,-15.995361,-16.008028,-3.038064,760.36066,1.7636716,1.1465377e-05,2.9851563,-1.4064507,25.345758,0.99905586,0.22363281,0.004113517,-15.630705,-15.642959,-3.0953255,105.23557,1.0599713,6.5514982e-06,48.16068,-0.25579333,-9.0009165,0.41235203,1.0,0.99904346,0.18554688,0.0045217914,-15.539604,-15.551387,-3.4851308,7704.5024,9.204759,2.4807962e-06,0.99903584,0.18652344,0.0045910426,-15.243912,-15.255365,-3.5257547,24896.256,29.25054,4.045136e-06,0.008872055387496948,34351.60187268257,755000
38.563385,-0.25299382,-8.988659,0.40928763,1.0,0.99907494,0.30078125,0.0039018174,-16.058325,-16.071268,-2.8174286,1153.2775,2.7902594,1.2650897e-05,1.508978,-1.3677139,21.213955,0.99906635,0.25585938,0.0039843908,-15.703547,-15.716029,-2.9327822,278.76834,1.6542137,5.7614412e-05,37.704494,-0.30131802,-8.977644,0.40653396,1.0,0.9990282,0.17675781,0.004572797,-15.468945,-15.480668,-3.4754093,18321.512,20.166748,3.2942934e-12,0.9990206,0.16796875,0.0046278196,-15.120439,-15.131774,-3.52472,8105.5415,17.859503,7.2773463e-07,0.008870366144180297,34395.953704595566,760000
40.89415,-0.24307583,-8.97163,0.40503055,1.0,0.9990673,0.28222656,0.0040184157,-16.131733,-16.144608,-2.9609132,295.581,1.3602477,1.4366768e-05,2.1935797,-2.5741544,23.581898,0.9990616,0.23046875,0.0040813833,-15.703094,-15.715468,-3.043764,1455.3585,2.5145373,1.0498549e-05,42.679398,-0.24550408,-8.985598,0.40852234,1.0,0.99901295,0.21191406,0.0046386304,-15.500606,-15.512288,-3.5502007,1087.3103,2.2805474,1.29862565e-08,0.999012,0.171875,0.0046603587,-15.170652,-15.181939,-3.623588,203.02242,0.57303506,1.4445986e-05,0.008857249546051025,34440.23995399475,765000
39.113335,-0.25333786,-8.972179,0.4051677,1.0,0.9990778,0.28222656,0.003990186,-16.081942,-16.094835,-2.8926606,188.41743,1.2700264,6.125546e-05,1.4631584,-2.276669,24.658901,0.99905777,0.23242188,0.004018205,-15.792694,-15.805264,-2.9331198,452.75415,1.9366851,2.513979e-05,42.386063,-0.2810518,-9.0576105,0.4265257,1.0,0.99903107,0.18457031,0.0045085964,-15.51816,-15.529988,-3.4190931,44833.656,23.760864,2.3203165e-07,0.9990301,0.17578125,0.004534608,-15.298486,-15.310039,-3.4788704,26664.457,27.445219,1.8382176e-05,0.008858164882659912,34484.53077983856,770000
34.73633,-0.29320672,-9.024272,0.41819093,1.0,0.99907494,0.28027344,0.0039816797,-16.165342,-16.17829,-2.9196827,291.9605,1.1310937,7.165386e-06,0.9933196,-2.0010526,21.996023,0.9990597,0.2705078,0.0040289713,-15.75132,-15.763834,-2.9481,644.17035,1.9290879,3.758435e-05,49.25261,-0.24925959,-8.982086,0.4076445,1.0,0.99904346,0.20800781,0.0044859326,-15.518156,-15.529941,-3.4619694,584.2572,1.1333349,2.589825e-06,0.9990444,0.17285156,0.004500468,-15.257057,-15.268565,-3.4853568,444.2536,0.9994195,6.5805725e-06,0.00886806287765503,34528.87109589577,775000
38.432953,-0.22716965,-8.9451,0.39839798,1.0,0.9990692,0.27148438,0.0039691688,-16.067762,-16.08057,-2.9647477,725.4949,1.229259,1.3280969e-05,1.212735,-0.88735336,20.331047,0.9990597,0.23046875,0.0040397844,-15.703221,-15.715576,-3.0645318,65.50154,0.6767398,2.6715423e-05,42.27404,-0.29136592,-9.026521,0.41875315,1.0,0.99903965,0.17480469,0.004563363,-15.634791,-15.646677,-3.4755368,2550.7676,2.6843162,2.4810885e-07,0.9990301,0.16699219,0.0046357745,-15.267583,-15.279085,-3.502039,1593.6385,2.9855003,3.653e-05,0.008924253511428833,34573.49236726761,780000
38.17019,-0.25220868,-8.946615,0.39877695,1.0,0.99906254,0.25683594,0.0040412014,-16.021042,-16.033716,-3.0541945,222.24239,0.705712,1.8129318e-05,1.1998081,-1.2652467,20.09932,0.99906063,0.23925781,0.004104931,-15.488797,-15.500899,-3.10792,19981.748,20.75413,3.2820375e-05,37.06253,-0.29649496,-9.019513,0.41700143,1.0,0.99904156,0.21191406,0.0044408264,-15.610918,-15.62279,-3.4644473,215.41197,0.74340117,8.998269e-09,0.99903774,0.17089844,0.004529347,-15.179768,-15.191172,-3.5148106,256.21652,0.75153553,1.9203246e-06,0.00886816463470459,34617.833191633224,785000
41.141766,-0.22559372,-8.998606,0.4117744,1.0,0.99906826,0.2919922,0.004021032,-16.17134,-16.184254,-2.9610255,498.75275,1.2294195,1.0326907e-05,1.2834302,-1.358219,19.074043,0.9990654,0.265625,0.0040634973,-15.785068,-15.797555,-3.0100188,66.047005,0.653367,7.647147e-05,40.94612,-0.2617528,-9.016241,0.4161833,1.0,0.9990301,0.18847656,0.004457959,-15.677263,-15.689285,-3.3784034,494.47754,1.2135367,7.812707e-08,0.9990301,0.16992188,0.0045110835,-15.324257,-15.335881,-3.43186,293.23267,1.6382661,6.1828274e-07,0.008870267724990845,34662.18453145027,790000
48.521152,-0.23447505,-9.000444,0.41223392,1.0,0.99906063,0.25976562,0.0040438194,-16.10862,-16.121378,-3.0584302,220.8671,0.91904944,2.296841e-05,3.7490814,-3.0997357,32.35384,0.9990511,0.23730469,0.004093412,-15.7301235,-15.74247,-3.1003718,165.38457,1.0117095,4.1230727e-05,45.766087,-0.25539598,-8.990031,0.40963078,1.0,0.9990339,0.20507812,0.0045281523,-15.497353,-15.509077,-3.5046673,9939.02,10.6423,2.8014226e-06,0.99903107,0.1953125,0.0045665437,-15.235274,-15.246709,-3.5370047,8461.8125,16.694317,5.8877794e-07,0.008870118808746339,34706.535126924515,795000
38.548855,-0.23696199,-8.963848,0.40308493,1.0,0.999073,0.2890625,0.0039288043,-16.13848,-16.151459,-2.8602328,2228.8157,2.8651896,4.371435e-05,1.0950143,-1.4476863,19.230967,0.99906826,0.2607422,0.003984602,-15.726641,-15.7391405,-2.9386277,231.9365,1.5597019,7.100122e-05,51.677666,-0.2080902,-8.991599,0.41002283,1.0,0.9990368,0.17675781,0.0045797885,-15.695459,-15.707345,-3.5350575,1313.6752,2.0418155,3.2679236e-05,0.99902725,0.16601562,0.004644257,-15.312948,-15.324396,-3.6001096,7336.685,8.236311,4.7375397e-06,0.010605953025817872,34759.56489396095,800000
38.16513,-0.2524261,-9.01503,0.41588038,1.0,0.9990635,0.27734375,0.00408832,-16.080269,-16.093006,-3.0521808,298.0881,1.0778966,1.7675979e-05,1.1327475,-1.2995996,22.943674,0.99905396,0.24316406,0.0041730898,-15.650131,-15.662369,-3.1304123,147.44502,0.9302225,3.513954e-05,49.70986,-0.23750868,-8.971682,0.40504313,1.0,0.9990387,0.17675781,0.00453374,-15.713174,-15.725129,-3.4825523,15375.778,13.6046095,1.4818139e-07,0.99903584,0.15625,0.004580847,-15.358745,-15.3702965,-3.5411525,2512.5007,3.847368,4.5413244e-06,0.5999584387779235,37759.35709095001,805000
33.365616,-0.23774701,-8.9757595,0.4060629,1.0,0.999053,0.2578125,0.004141762,-15.958107,-15.970644,-3.1328022,658.1393,1.320282,1.2730777e-05,0.96922874,-1.5239809,18.422838,0.99905586,0.23242188,0.0041793557,-15.623512,-15.635671,-3.1862695,221.1416,0.75402296,8.325226e-06,39.80163,-0.27300712,-9.009008,0.41437492,1.0,0.999032,0.20410156,0.0045453263,-15.555932,-15.567708,-3.5100408,12039.171,8.0623865,2.3989272e-10,0.999032,0.18261719,0.004585744,-15.280503,-15.291978,-3.5423753,10761.924,14.063349,2.5010107e-07,0.013954548788070679,37829.12983632088,810000
37.45095,-0.2684766,-8.973265,0.40543896,1.0,0.99908257,0.27246094,0.0039665503,-16.399744,-16.412897,-2.9447637,744.193,1.6522387,5.8147416e-05,1.3208004,-1.1912006,20.058573,0.9990759,0.25878906,0.004019542,-15.988867,-16.001574,-2.9884133,515.9234,1.4837804,1.0061849e-05,48.910202,-0.25277993,-8.994772,0.41081625,1.0,0.999033,0.20703125,0.004542305,-15.629118,-15.640935,-3.5409951,188.79048,0.7453069,2.3569622e-05,0.999032,0.17871094,0.004588539,-15.291998,-15.303418,-3.6087651,657.58563,0.9848752,1.8290546e-05,0.013980657911300659,37899.03312730789,815000
42.166656,-0.20537922,-8.990402,0.4097235,1.0,0.9990721,0.28027344,0.003989739,-16.204258,-16.217184,-2.9787855,754.15906,1.5150303,3.398683e-05,1.6007417,-2.5504892,25.987156,0.99906254,0.25683594,0.004076136,-15.812773,-15.82521,-3.0911052,373.99875,1.2870362,2.7808348e-05,40.088093,-0.27719,-9.014269,0.41569,1.0,0.99903965,0.20019531,0.004424763,-15.545923,-15.55779,-3.40757,263.62076,1.1219532,2.57428e-06,0.9990368,0.19824219,0.00446498,-15.33573,-15.3473015,-3.4975085,596.43896,1.2671158,1.4076768e-06,0.010129845857620239,37949.682358026505,820000
38.36889,-0.2274397,-8.9787445,0.40680927,1.0,0.9990902,0.29296875,0.0039436324,-16.15995,-16.17298,-2.8341663,1522.6506,2.1449943,2.5762312e-05,1.4057869,-0.95004916,19.087353,0.9990721,0.25390625,0.0040146303,-15.746593,-15.759084,-2.967782,149.15839,1.021876,9.051028e-05,41.92579,-0.20803507,-9.02998,0.41961804,1.0,0.99902534,0.20410156,0.0044985926,-15.468276,-15.480043,-3.4304128,1050.936,1.7127781,1.2705681e-05,0.999033,0.16796875,0.00452319,-15.048146,-15.059442,-3.4924183,360.82184,0.9827058,9.634327e-07,0.008874540758132935,37994.05506300926,825000
40.09184,-0.2121779,-9.004875,0.41334146,1.0,0.999073,0.2763672,0.0040103206,-15.899138,-15.911839,-2.9063559,1563.2618,2.7132406,1.1663069e-05,2.52502,-3.7530894,26.547287,0.9990587,0.24121094,0.0040998887,-15.560668,-15.5729,-3.0483463,391.60623,1.6681585,4.1604737e-05,42.645294,-0.24406965,-9.032721,0.4203031,1.0,0.9990196,0.1953125,0.004522407,-15.479166,-15.490998,-3.374347,966.70447,2.2324688,8.195859e-06,0.9990196,0.17089844,0.0045581097,-15.20207,-15.213557,-3.4498394,157.10963,1.0899038,1.516649e-05,0.008871054410934448,38038.41033911705,830000
35.254753,-0.21595302,-8.982905,0.40784925,1.0,0.9990759,0.28710938,0.0039871004,-16.185154,-16.19806,-2.9830246,282.04965,1.1522868,8.844173e-06,1.8883718,-1.2298821,20.30526,0.9990711,0.26953125,0.004033017,-15.71758,-15.729987,-3.0232162,193.83325,1.3281717,5.9870354e-06,46.3211,-0.2764223,-9.047714,0.4240514,1.0,0.999032,0.17871094,0.0046213437,-15.455683,-15.467251,-3.6215425,404.7481,1.3688738,5.4242315e-07,0.99902725,0.18066406,0.004652226,-15.056942,-15.068075,-3.6668642,644.86,1.1514819,1.3071377e-05,0.008871095132827758,38082.76581811905,835000
37.860283,-0.25313705,-9.007141,0.41390848,1.0,0.9990711,0.27929688,0.00398873,-16.188848,-16.201738,-3.0015144,229.81903,1.1128342,4.980347e-05,2.508365,-2.1691527,21.90568,0.9990654,0.2607422,0.004042115,-15.882917,-15.895438,-3.073368,274.98523,1.1697271,7.4417294e-05,46.883045,-0.23383015,-9.0197735,0.4170661,1.0,0.999033,0.20019531,0.0045469534,-15.649875,-15.661631,-3.6228683,593.0953,0.9215795,1.1474078e-06,0.99903107,0.16894531,0.004615176,-15.31018,-15.321527,-3.703123,458.75934,0.78861374,6.1266883e-06,0.008871425247192383,38127.122945547104,840000
35.430656,-0.21615817,-9.024126,0.41815472,1.0,0.99907017,0.2783203,0.003983224,-16.07407,-16.086931,-2.9185112,113.38538,0.7728561,8.93372e-07,1.1352324,-1.300951,20.736542,0.999053,0.26171875,0.0040585706,-15.723537,-15.735928,-3.048529,55.88065,0.543138,1.9469033e-05,45.76273,-0.24796554,-8.974384,0.40571892,1.0,0.9990368,0.20214844,0.0045001023,-15.58955,-15.601404,-3.4630501,6691.911,5.084202,2.0108838e-07,0.99903107,0.17285156,0.004596662,-15.276859,-15.288323,-3.5479574,78439.164,78.461044,5.808827e-07,0.00887177176475525,38171.48180556297,845000
34.97278,-0.23386697,-9.003081,0.4128933,1.0,0.9990654,0.27441406,0.004053705,-16.035347,-16.048061,-3.028132,1488.65,2.561255,2.138312e-05,0.927328,-0.9095856,16.583523,0.9990549,0.25097656,0.004115777,-15.511941,-15.52407,-3.1047812,179.93755,0.77849764,2.1527414e-05,51.003723,-0.2738092,-9.049681,0.4245431,1.0,0.99903965,0.17773438,0.0045193247,-15.564217,-15.576034,-3.4755275,28828.816,15.526291,8.553048e-08,0.9990368,0.17871094,0.0045616203,-15.180977,-15.192409,-3.4857206,120902.62,119.97076,1.51271415e-05,0.00885958514213562,38215.77973270416,850000
43.946465,-0.19895488,-8.986111,0.40865046,1.0,0.99905205,0.2578125,0.0041278433,-16.034697,-16.047344,-3.094672,309.48245,1.3847035,1.331613e-06,1.5696714,-1.0657053,24.755901,0.99905777,0.25,0.004136001,-15.720402,-15.732733,-3.105249,268.54846,1.279371,6.3826155e-05,34.68859,-0.30278474,-9.004788,0.41332012,1.0,0.9990349,0.20898438,0.004527066,-15.646661,-15.658534,-3.5002985,172886.48,89.78563,1.4642087e-08,0.9990444,0.19726562,0.0045153257,-15.403305,-15.414943,-3.497527,1054.2341,2.000728,4.299539e-07,0.00886998348236084,38260.12965106964,855000
41.21651,-0.17652461,-8.991719,0.41005272,1.0,0.99908066,0.2861328,0.0038977144,-16.400887,-16.414185,-2.8001873,1397.4641,2.6363301,6.785928e-06,1.8176825,-1.6911077,22.051958,0.99908066,0.2578125,0.00399164,-16.028175,-16.040962,-2.9467459,171.4211,1.3429617,4.8127626e-05,54.831696,-0.24867347,-9.014634,0.41578144,1.0,0.999032,0.1953125,0.004554594,-15.533591,-15.54529,-3.5648952,356.9487,0.9814254,3.7619918e-07,0.99902344,0.17285156,0.004621049,-15.230539,-15.241901,-3.6087446,3742.266,4.2822375,7.572624e-08,0.008865342903137207,38304.45636701584,860000
34.804,-0.23718801,-8.996039,0.41113287,1.0,0.9990721,0.2763672,0.0040419186,-16.098492,-16.111319,-2.9746614,159.27411,0.7808928,6.5911525e-05,1.3963361,-1.6841304,18.893936,0.9990673,0.26171875,0.004122859,-15.69133,-15.703654,-3.0832324,128.42802,0.7562219,1.3176422e-05,39.769806,-0.2712577,-8.983617,0.40802705,1.0,0.9990282,0.19726562,0.0044782325,-15.421447,-15.433178,-3.4206786,130.42522,0.55929136,2.593566e-05,0.9990301,0.1875,0.004546958,-15.110257,-15.121627,-3.4795675,182.94066,0.58977664,4.4071303e-06,0.008860956144332886,38348.761148929596,865000
34.832855,-0.21044591,-8.975421,0.40597814,1.0,0.999074,0.28320312,0.0040115714,-16.32679,-16.339867,-2.948182,342.68546,1.4125812,7.477912e-07,1.7120166,-1.5392888,19.714256,0.9990692,0.25585938,0.0040484527,-15.870867,-15.883397,-3.0523043,328.54596,1.5956168,4.3412896e-05,47.6112,-0.2819566,-9.018427,0.4167297,1.0,0.99901867,0.18652344,0.0046091736,-15.706648,-15.718541,-3.5405388,1657.1439,1.9238206,3.4965973e-07,0.99901676,0.15722656,0.0046691876,-15.327843,-15.339276,-3.6303275,98.65652,0.880283,2.7502725e-05,0.00887082347869873,38393.11527085304,870000
42.478363,-0.18910366,-9.040104,0.4221491,1.0,0.99907875,0.28027344,0.003998317,-16.227558,-16.240541,-2.9467382,869.4936,1.9059136,3.3890443e-05,1.4510767,-1.8702692,26.495775,0.9990759,0.26757812,0.0040250737,-15.747005,-15.759453,-3.0137036,160.91171,1.2490892,2.9991186e-05,44.214928,-0.22267881,-8.986352,0.4087109,1.0,0.9990339,0.20898438,0.004446539,-15.711069,-15.723111,-3.3922658,182.764,0.95231783,1.4284052e-06,0.999033,0.18652344,0.0044932,-15.320242,-15.331846,-3.4491682,330.70386,0.8885763,7.0080832e-06,0.008874735975265504,38437.4889523983,875000
42.00992,-0.23190454,-9.018877,0.41684234,1.0,0.9990654,0.29882812,0.0040136166,-16.249302,-16.26227,-2.9809806,109.123116,0.9145397,2.8126407e-05,3.5340705,-1.8995849,27.979645,0.9990597,0.25390625,0.004103111,-15.808247,-15.820682,-3.08785,177.19923,0.9818197,2.6426205e-06,53.60559,-0.22479232,-8.996923,0.4113537,1.0,0.9990387,0.2109375,0.004440619,-15.769756,-15.781823,-3.4256718,21272.934,11.579455,1.4228344e-05,0.99902534,0.19140625,0.004497236,-15.344908,-15.356514,-3.4721906,19265.564,19.634886,8.526502e-07,0.00887428274154663,38481.860367298126,880000
38.088024,-0.28922588,-8.993966,0.41061452,1.0,0.999074,0.27929688,0.0040757554,-16.046902,-16.059578,-3.0780988,284.5884,1.058392,2.2854723e-05,1.6390383,-1.2365891,19.699127,0.99907494,0.26171875,0.004086532,-15.707804,-15.720166,-3.0605073,201.30786,1.0484234,1.5874683e-05,45.691452,-0.24326584,-8.98134,0.40745816,1.0,0.99903107,0.203125,0.0044756634,-15.719653,-15.73166,-3.4373403,483.7338,2.0922942,2.9337023e-06,0.9990368,0.18554688,0.004476448,-15.45471,-15.466421,-3.4742398,611.72375,1.3202429,5.9043674e-07,0.008874202680587768,38526.231382608414,885000
35.0719,-0.21581957,-8.988213,0.4091763,1.0,0.99907684,0.29003906,0.0039909217,-16.11216,-16.125034,-2.939426,526.14197,1.3682704,1.3573881e-05,2.2282012,-2.0264692,20.112099,0.9990616,0.2529297,0.0040511303,-15.762449,-15.774916,-3.0090961,202.84833,1.0677525,9.534865e-06,42.134514,-0.23688929,-9.029448,0.41948503,1.0,0.99902725,0.1796875,0.004526441,-15.683317,-15.695306,-3.418971,11419.412,8.057129,3.201127e-07,0.99902725,0.17578125,0.0046027177,-15.37165,-15.383247,-3.5068054,5167.9233,6.517191,5.8083566e-07,0.00887387409210205,38570.600754737854,890000
34.73249,-0.26014307,-8.981964,0.40761396,1.0,0.99906445,0.28515625,0.004040014,-16.192722,-16.20561,-3.0082927,130.2794,0.81602573,5.802568e-06,1.2883877,-1.3537326,20.020893,0.9990587,0.25195312,0.004066597,-15.803247,-15.815746,-3.017098,372.8188,1.0821506,4.195331e-06,41.93449,-0.25967687,-8.989557,0.40951204,1.0,0.99903965,0.20117188,0.004568672,-15.627943,-15.639779,-3.5198421,8802.679,6.7109156,1.1097326e-06,0.99903965,0.18945312,0.004597752,-15.289232,-15.300671,-3.587381,9222.823,11.9515295,1.1499602e-06,0.008874855518341064,38614.97503685951,895000
33.41118,-0.28338924,-8.998389,0.41172037,1.0,0.9990721,0.26171875,0.0040473137,-16.144531,-16.157358,-3.0217814,713.73267,1.6015452,0.00013396646,1.0212638,-0.89695495,18.704432,0.99906254,0.23632812,0.0041371565,-15.678635,-15.690904,-3.1274009,274.68512,1.3860791,4.1085026e-05,49.640633,-0.2266055,-9.007284,0.41394395,1.0,0.999032,0.19140625,0.0045375535,-15.648164,-15.660057,-3.4823442,25243.764,18.333807,1.8951865e-06,0.9990263,0.15820312,0.004579304,-15.294644,-15.306141,-3.5329058,25586.406,48.23881,2.8357697e-06,0.008873172330856324,38659.34089970589,900000
42.36184,-0.24387333,-8.974302,0.4056986,1.0,0.9990673,0.28515625,0.0040090876,-16.247684,-16.260698,-2.9333978,1339.3442,1.8425255,2.4177195e-06,1.4271389,-1.257758,23.166328,0.999053,0.2578125,0.0040642754,-15.792772,-15.805306,-2.9707541,2210.777,3.574912,1.0653615e-06,51.398335,-0.2158646,-9.010586,0.41476917,1.0,0.9990349,0.19628906,0.0045834314,-15.644083,-15.6559925,-3.4625683,3233.3193,4.026905,5.7386374e-06,0.9990301,0.16601562,0.004635149,-15.178099,-15.189468,-3.5453782,842.5633,2.3122158,8.8606816e-07,0.5603151364803314,41460.916583776474,905000
45.251,-0.25830436,-8.954489,0.40074503,1.0,0.99906826,0.2626953,0.004008163,-16.226398,-16.239355,-2.9732046,866.7598,1.5037153,1.2836083e-05,1.915518,-3.0212736,30.970829,0.9990616,0.24707031,0.004029533,-15.828575,-15.841102,-3.01367,3553.2747,4.784691,1.7919556e-05,39.203957,-0.30061632,-9.005159,0.413413,1.0,0.99903965,0.20117188,0.004570606,-15.73973,-15.751678,-3.5165088,18902.037,14.494847,9.953999e-06,0.99902344,0.17578125,0.004604877,-15.353924,-15.365474,-3.5373435,20156.008,23.336332,3.068923e-07,0.018891978120803832,41555.376475811005,910000
34.2931,-0.2177515,-8.98382,0.40807804,1.0,0.99907875,0.29785156,0.003921818,-16.342197,-16.35536,-2.8766923,196.35878,1.2954307,1.4912955e-05,1.1329416,-0.93580204,19.141611,0.999074,0.26757812,0.003937752,-15.866985,-15.879661,-2.9014912,195.14627,1.3517989,4.6431993e-05,39.724586,-0.21679941,-9.031595,0.42002177,1.0,0.999032,0.1875,0.004577106,-15.466519,-15.478208,-3.5091445,540.731,1.4217373,6.660825e-07,0.999033,0.16796875,0.0046104477,-15.081493,-15.092731,-3.5861416,117.26817,0.5597491,1.6253494e-05,0.01829811577796936,41646.867055892944,915000
38.018314,-0.25384957,-8.983113,0.4079012,1.0,0.999074,0.26757812,0.004066202,-16.186722,-16.199585,-3.0279183,315.66788,1.0657586,2.0843267e-05,2.4742036,-1.9312812,25.015305,0.99905586,0.23535156,0.004126359,-15.802519,-15.814967,-3.0678883,249.79877,1.3857319,6.314548e-06,37.39061,-0.286565,-8.986511,0.40875062,1.0,0.99902916,0.22460938,0.004445908,-15.825121,-15.837337,-3.3275628,1051.8695,1.7534294,1.3614422e-05,0.9990244,0.21386719,0.004499834,-15.374948,-15.386682,-3.3706644,535.33044,1.605627,5.1185857e-06,0.01392310538291931,41716.48258423805,920000
40.368217,-0.23077893,-8.983061,0.4078881,1.0,0.9990692,0.2607422,0.004006085,-16.31467,-16.327747,-2.9387689,293.0314,1.3058014,4.69161e-05,1.1278381,-1.1129297,23.619932,0.99906063,0.24707031,0.0040593264,-15.874742,-15.887309,-3.019174,92.59741,0.88882816,7.7494286e-07,41.109344,-0.31493413,-9.025102,0.41839844,1.0,0.9990444,0.1953125,0.0045818156,-15.542427,-15.554165,-3.5334022,295.41418,0.89468044,9.408883e-06,0.999033,0.18847656,0.0045815194,-15.221958,-15.233366,-3.5518284,191.92596,0.750497,2.55809e-05,0.013929684019088746,41786.13100719452,925000
39.045914,-0.20597507,-8.976419,0.40622783,1.0,0.9990797,0.2841797,0.0039676297,-16.270618,-16.28365,-2.9396014,452.1632,1.6931853,3.3352648e-05,1.4644583,-1.307507,21.934246,0.999073,0.25878906,0.0040314086,-15.848212,-15.860743,-3.029079,160.70891,1.2843585,1.7193197e-05,42.447647,-0.31807095,-8.961101,0.40239802,1.0,0.9990444,0.20117188,0.0044596135,-15.652224,-15.664214,-3.3868344,1919.3502,3.5788472,7.1906146e-07,0.99903107,0.19628906,0.0045406823,-15.311897,-15.323503,-3.440589,6544.1353,8.727191,4.371205e-07,0.013929218769073486,41855.777102947235,930000
35.544724,-0.23480356,-9.002173,0.41266626,1.0,0.99908066,0.2705078,0.004001584,-16.334396,-16.34747,-2.9586515,421.25754,1.3900077,8.678158e-06,1.5147709,-0.8803942,20.890785,0.99906445,0.25195312,0.0040758783,-15.907024,-15.919635,-3.008214,333.4857,2.1281114,2.5947114e-05,45.127815,-0.25555807,-9.036394,0.4212215,1.0,0.99902153,0.18554688,0.0046688197,-15.48938,-15.500944,-3.6588488,1208.2054,1.6847817,1.0679703e-07,0.9990225,0.16503906,0.0047288,-15.107507,-15.118636,-3.7223125,1891.712,2.8418224,3.7452477e-08,0.013929643011093139,41925.42531943321,935000
34.125298,-0.2697651,-8.99136,0.409963,1.0,0.99906445,0.296875,0.00402921,-16.182055,-16.194931,-3.008285,1067.0671,2.0836892,1.0811395e-05,1.2096317,-2.7059934,22.425554,0.9990597,0.23925781,0.0040924395,-15.860691,-15.873186,-3.0794415,373.4378,1.5368999,9.132648e-06,52.584824,-0.21709684,-8.983305,0.40794915,1.0,0.99904156,0.22167969,0.0045152544,-15.596527,-15.608348,-3.5037558,83.44054,0.54190457,4.7857816e-07,0.9990225,0.17773438,0.004604362,-15.2498865,-15.261274,-3.600457,157.88188,0.8014687,1.38225405e-05,0.013929338312149047,41995.07201242447,940000
43.765366,-0.16723594,-8.941517,0.39750212,1.0,0.99906063,0.2705078,0.004033151,-16.04227,-16.055035,-2.9845953,363.92242,1.6003882,4.8206635e-05,1.4350636,-1.5018003,23.900959,0.99906254,0.2421875,0.0041079195,-15.672209,-15.68452,-3.0773053,204.73625,1.2026337,2.2297274e-05,44.08732,-0.24652974,-9.054584,0.4257688,1.0,0.9990425,0.18359375,0.004504136,-15.496911,-15.508664,-3.4739518,6973.381,4.1522503,1.3968561e-05,0.9990368,0.17773438,0.0045679198,-15.13276,-15.14412,-3.5122118,186.18217,0.8525343,1.9231828e-05,0.013809293127059936,42064.11847949028,945000
38.86395,-0.21617022,-8.981243,0.407434,1.0,0.9990597,0.2939453,0.0040326556,-16.320778,-16.33383,-2.9713726,989.3649,2.0694444,3.2352185e-05,2.0014281,-1.3974754,25.567108,0.99906063,0.24414062,0.004108478,-15.847218,-15.859694,-3.0836174,938.3655,2.0107656,2.447849e-05,41.445633,-0.26876655,-8.979857,0.40708724,1.0,0.9990349,0.18554688,0.004581805,-15.663925,-15.675768,-3.549078,10067.184,6.1288977,1.1519695e-05,0.99902916,0.16601562,0.0046278425,-15.195227,-15.206591,-3.569882,11027.121,11.707037,3.218433e-06,0.00884847321510315,42108.360847234726,950000
43.893738,-0.21041997,-9.0106735,0.41479123,1.0,0.9990797,0.28320312,0.0039767353,-16.366077,-16.379204,-2.9362845,149.59471,0.8635944,6.00587e-05,2.4486547,-2.9257236,24.337612,0.9990673,0.2734375,0.0040084454,-15.947495,-15.960173,-2.978246,199.4101,1.0814226,7.742356e-06,43.27778,-0.27022928,-9.010572,0.4147662,1.0,0.9990225,0.18359375,0.0045868135,-15.640007,-15.65182,-3.5543191,589.79816,1.6046295,1.67382e-07,0.99902534,0.16796875,0.0046192193,-15.230423,-15.241788,-3.6049416,3913.7498,7.9427524,3.2814554e-05,0.008847946882247925,42152.60058307648,955000
38.984795,-0.24218561,-8.947039,0.3988825,1.0,0.9990692,0.28222656,0.0039730603,-16.144255,-16.157225,-2.8742871,244.57738,1.7215858,9.3600265e-06,2.0365977,-2.7667556,23.348999,0.99905586,0.24804688,0.0040585697,-15.731501,-15.743951,-2.9946618,477.62234,1.5871484,1.0950643e-05,53.72916,-0.25642368,-8.977715,0.40655148,1.0,0.9990349,0.19042969,0.0045737326,-15.719455,-15.73133,-3.5718436,294.52707,1.0248017,9.1601855e-08,0.99902916,0.17382812,0.0046358425,-15.366462,-15.377917,-3.6479745,140.80678,0.755437,3.2956766e-08,0.008838615417480468,42196.7936630249,960000
32.813843,-0.2639799,-9.010775,0.41481662,1.0,0.99907684,0.28222656,0.004024409,-15.994206,-16.00696,-2.9469514,155.92082,0.78256536,1.745584e-05,1.0149608,-1.0788292,18.758957,0.9990673,0.26757812,0.004057604,-15.63582,-15.648181,-2.99081,100.513725,0.66197205,3.7760245e-05,39.491344,-0.23684686,-9.011627,0.41502985,1.0,0.99902916,0.17578125,0.004713876,-15.591738,-15.603451,-3.609274,3379.5725,2.625334,5.4168163e-06,0.999033,0.14453125,0.0047295215,-15.2328,-15.244145,-3.6248088,2849.2065,3.865553,7.5219177e-06,0.008848501348495484,42241.03617095947,965000
42.774437,-0.20043506,-8.987067,0.4088899,1.0,0.99906445,0.2685547,0.004084997,-15.969742,-15.982338,-3.0839765,321.83893,0.8630208,5.476888e-05,1.0225322,-1.7340848,23.305002,0.99904823,0.24707031,0.004137349,-15.578255,-15.590411,-3.142674,108.067085,0.71406,1.6095695e-05,47.843304,-0.20738614,-8.9861555,0.40866193,1.0,0.99902725,0.19921875,0.0045835376,-15.747433,-15.759376,-3.5301428,5903.6035,5.552456,8.474663e-08,0.9990244,0.17480469,0.0046464503,-15.507562,-15.519188,-3.6133857,19374.123,21.1415,3.8626535e-08,0.00884115104675293,42285.24192762375,970000
44.007217,-0.15255192,-8.984915,0.40835142,1.0,0.999074,0.2841797,0.0040208367,-16.045927,-16.058723,-2.953278,420.40167,1.3407681,1.0948063e-05,3.564518,-4.2319937,35.592136,0.99905396,0.26757812,0.004073404,-15.811414,-15.823908,-3.031473,141.77344,0.80905116,1.1239586e-05,48.197163,-0.2284126,-9.016769,0.4163151,1.0,0.99903107,0.1875,0.0045781494,-15.471364,-15.483012,-3.55554,263.59183,0.75035083,4.0218673e-08,0.9990225,0.16699219,0.004656831,-15.241972,-15.2532835,-3.668909,530.0345,0.8630514,9.688015e-07,0.008846206617355346,42329.472964286804,975000
39.565205,-0.25036648,-8.954347,0.40070978,1.0,0.99907494,0.27539062,0.003965127,-16.626547,-16.639925,-2.9412718,1864.9752,2.6173816,3.5700853e-06,1.348098,-1.74487,23.704144,0.9990692,0.26660156,0.003995035,-16.089136,-16.101927,-3.0042832,156.36697,1.194144,2.1594744e-06,42.83143,-0.25958824,-9.032741,0.420308,1.0,0.999032,0.18261719,0.004556231,-15.544614,-15.556367,-3.5209544,91.90845,0.67887235,6.8320446e-06,0.99903107,0.17773438,0.004562157,-15.149374,-15.160726,-3.5374103,195.34784,0.87475896,3.1107094e-05,0.008847378540039063,42373.70985865593,980000
31.751516,-0.21951532,-8.923659,0.3930379,1.0,0.999074,0.2763672,0.003992934,-16.13026,-16.143091,-3.0060549,321.9783,0.7901921,2.434344e-05,1.3725747,-0.7513278,17.232018,0.9990587,0.2607422,0.0040379316,-15.706887,-15.719264,-3.0448554,521.0172,1.04371,4.4237022e-05,41.797085,-0.30282468,-9.046143,0.42365852,1.0,0.9990139,0.19824219,0.004558812,-16.053284,-16.065628,-3.4255378,1642.9242,2.786335,8.501036e-08,0.99899864,0.17773438,0.004662548,-15.696829,-15.708795,-3.455968,5003.3135,8.670516,3.6173859e-07,0.008848400497436524,42417.951864004135,985000
42.804424,-0.22567856,-9.020056,0.4171368,1.0,0.9990711,0.27734375,0.0040215664,-16.173283,-16.186178,-2.9814339,863.3329,1.688806,0.000101473095,1.7432151,-1.9146401,24.882841,0.99905586,0.25878906,0.004054747,-15.763895,-15.776349,-3.0222342,168.45778,1.139162,3.1510055e-05,43.39897,-0.2140081,-8.988823,0.40932864,1.0,0.999033,0.20507812,0.0044602705,-15.629782,-15.641707,-3.4296398,2420.4424,2.8041286,2.0454804e-07,0.9990339,0.18652344,0.0045071146,-15.161345,-15.172767,-3.47575,5001.1953,5.536146,3.2848354e-06,0.008848067092895508,42462.192200899124,990000
37.927475,-0.24245024,-9.015808,0.41607487,1.0,0.9990673,0.29785156,0.0039541954,-16.455227,-16.468472,-2.9063482,170.87724,1.0138612,8.1835447e-07,2.3802886,-2.816651,21.549135,0.99906635,0.26171875,0.004010194,-15.949314,-15.96199,-2.9815412,153.33926,0.91910213,4.0772804e-05,48.9916,-0.3071679,-9.045496,0.4234967,1.0,0.99904156,0.18652344,0.0044815694,-15.894375,-15.906603,-3.3849487,446.3821,1.8590896,5.9067297e-08,0.9990349,0.17480469,0.004538702,-15.512318,-15.52413,-3.429491,817.4242,2.6917264,4.4923604e-06,0.008847157621383666,42506.427990198135,995000
39.93522,-0.24249361,-8.979427,0.40697986,1.0,0.9990673,0.30566406,0.003940251,-16.389229,-16.402443,-2.8680706,277.616,1.5858372,5.0292358e-05,1.7362959,-1.4573857,22.969257,0.9990711,0.26757812,0.0039945343,-15.930035,-15.942733,-2.9401112,539.8644,2.4365344,0.00015034813,45.96635,-0.3013742,-9.019312,0.41695082,1.0,0.9990387,0.19628906,0.004506494,-15.709824,-15.721747,-3.5120027,669.944,1.7136259,2.4508563e-06,0.999033,0.18945312,0.0045695263,-15.305205,-15.316689,-3.5578494,1816.2548,4.394869,1.3981922e-06,0.00884793462753296,42550.66766691208,1000000
