training/actor/actor_loss,training/actor/adv,training/actor/bc_log_prob,training/actor/mse,training/actor/std,training/critic/binary_accuracy,training/critic/categorical_accuracy,training/critic/contrastive_loss,training/critic/logits,training/critic/logits_neg,training/critic/logits_pos,training/critic/v_max,training/critic/v_mean,training/critic/v_min,training/grad/max,training/grad/min,training/grad/norm,training/value/binary_accuracy,training/value/categorical_accuracy,training/value/contrastive_loss,training/value/logits,training/value/logits_neg,training/value/logits_pos,training/value/v_max,training/value/v_mean,training/value/v_min,validation/actor/actor_loss,validation/actor/adv,validation/actor/bc_log_prob,validation/actor/mse,validation/actor/std,validation/critic/binary_accuracy,validation/critic/categorical_accuracy,validation/critic/contrastive_loss,validation/critic/logits,validation/critic/logits_neg,validation/critic/logits_pos,validation/critic/v_max,validation/critic/v_mean,validation/critic/v_min,validation/value/binary_accuracy,validation/value/categorical_accuracy,validation/value/contrastive_loss,validation/value/logits,validation/value/logits_neg,validation/value/logits_pos,validation/value/v_max,validation/value/v_mean,validation/value/v_min,time/epoch_time,time/total_time,step
121.74429,-0.013686629,-9.644314,0.5732015,1.0,0.44121552,0.0029296875,0.81625444,0.06203855,0.06186548,0.23908928,33.87055,1.918961,0.046272922,3.3060336,-0.9783268,103.70366,0.6463604,0.0009765625,0.6475303,-0.28130388,-0.2812706,-0.3153268,8.044751,0.97289234,0.069746114,115.05032,0.0771247,-9.574866,0.5558394,1.0,0.98764896,0.001953125,0.06744993,-4.879368,-4.879107,-5.1462336,16.46608,0.10594777,4.6679113e-05,0.97945213,0.0009765625,0.06528507,-5.3713846,-5.370987,-5.7782235,5.4297485,0.0942261,2.6057141e-05,0.013828190279006959,69.14095306396484,1
21.927143,-0.15134746,-8.973635,0.40553173,1.0,0.999033,0.11816406,0.0053403513,-11.873079,-11.880258,-4.5298014,47.15155,0.116584346,5.2280445e-08,0.38682598,-0.2979799,9.486136,0.9990349,0.12011719,0.0053226487,-11.657953,-11.664884,-4.568036,25.772644,0.10618229,6.594437e-08,21.460758,-0.15969822,-8.970146,0.4046594,1.0,0.999012,0.09375,0.0053832494,-11.765825,-11.773031,-4.394307,8.455347,0.07644518,2.291285e-08,0.99901295,0.091796875,0.0053557437,-11.470575,-11.477476,-4.4102564,6.2282066,0.08276458,4.6201902e-07,0.2559789196014404,1349.0355532169342,5000
23.95005,-0.16025956,-8.948816,0.3993271,1.0,0.99904346,0.1484375,0.0050276862,-11.5890045,-11.596318,-4.1063557,8.56684,0.11420569,8.442614e-06,0.37871766,-0.46272883,10.624664,0.99904346,0.14160156,0.005093928,-11.076933,-11.083724,-4.129938,11.324047,0.13283469,2.8346789e-05,18.502066,-0.15334915,-8.952816,0.4003269,1.0,0.9990177,0.12597656,0.005147472,-11.583698,-11.590896,-4.2209873,10.37574,0.12639806,5.1519436e-07,0.9990206,0.111328125,0.005199712,-11.101753,-11.108436,-4.2654657,11.130154,0.12437381,3.5837795e-07,0.26011255016326906,2649.598306417465,10000
31.701866,-0.10632959,-8.917355,0.39146164,1.0,0.99905396,0.17382812,0.00480378,-11.539409,-11.546847,-3.9292972,21.204704,0.14566307,4.7168696e-06,0.83932227,-0.72209394,16.768675,0.99905014,0.1640625,0.0048916154,-11.1381,-11.145078,-3.9990342,9.268702,0.1324575,1.4852505e-05,26.624718,-0.103195414,-8.931398,0.39497268,1.0,0.9989643,0.1484375,0.004955899,-11.65287,-11.660563,-3.7824535,42.799316,0.38492784,1.0765765e-05,0.9989662,0.13476562,0.005053765,-11.277821,-11.285055,-3.8767426,29.561924,0.34661645,1.2197756e-05,0.14295846552848815,3364.390638589859,15000
34.236237,-0.095648125,-8.948751,0.39931062,1.0,0.9990597,0.18261719,0.004723912,-11.835827,-11.843639,-3.842261,20.087194,0.28429997,8.726809e-06,0.633203,-0.72577137,16.210928,0.99906445,0.16894531,0.00481488,-11.44926,-11.456604,-3.9359956,35.92789,0.33877733,1.1002721e-05,29.305603,-0.12812127,-8.894165,0.38566434,1.0,0.9989338,0.13183594,0.00506617,-11.614363,-11.621939,-3.8645644,53.556656,0.42971277,2.273787e-05,0.9989338,0.13378906,0.005126773,-11.236874,-11.244,-3.9471998,74.440834,0.4452948,1.5561165e-05,0.02008820538520813,3464.8316674232483,20000
38.272213,-0.115986004,-8.881752,0.38256085,1.0,0.99905396,0.16796875,0.004714199,-11.938959,-11.946919,-3.7956176,40.755383,0.3616997,5.627921e-06,0.5468287,-0.70052046,17.17316,0.99905205,0.15527344,0.004805412,-11.527975,-11.535492,-3.836653,179.52103,0.7228922,3.8548264e-06,35.380543,-0.090029344,-8.933552,0.39551103,1.0,0.99900913,0.15527344,0.0048815473,-11.806053,-11.813855,-3.8244886,103.44588,0.37983745,9.164415e-06,0.9990063,0.13671875,0.0049455585,-11.474718,-11.482124,-3.8983352,86.329056,0.43549672,1.6476929e-06,0.13686336817741393,4149.148510932922,25000
33.547432,-0.08888176,-8.90779,0.38907054,1.0,0.9990549,0.18457031,0.004643373,-11.937979,-11.946048,-3.6848917,41.572144,0.47775853,1.8874605e-05,0.5931251,-0.82236797,15.148569,0.99905586,0.18066406,0.0047416533,-11.623301,-11.630934,-3.8147569,43.323578,0.40041602,1.4423039e-05,35.46759,-0.115241125,-8.872564,0.38026392,1.0,0.99900913,0.15722656,0.00483524,-11.938711,-11.946805,-3.659261,335.07196,1.3428959,7.4565446e-06,0.9990072,0.15722656,0.004922989,-11.592325,-11.599976,-3.7646334,202.36383,1.1391711,5.70048e-07,0.017400881433486937,4236.152926683426,30000
37.740685,-0.075382955,-8.902452,0.38773605,1.0,0.9990492,0.19433594,0.00455408,-12.23357,-12.242054,-3.5549426,114.9042,0.44623715,2.3419592e-05,0.54759073,-0.6332495,15.521,0.9990444,0.16992188,0.0046385042,-11.852627,-11.860622,-3.6729846,26.829466,0.359001,2.6651776e-05,39.24109,-0.11783999,-8.897341,0.38645807,1.0,0.9989929,0.16601562,0.004810706,-12.128269,-12.136518,-3.6903698,51.161602,0.4526226,1.7544502e-06,0.9989939,0.1640625,0.0048693744,-11.690378,-11.69812,-3.7706976,67.52869,0.47449282,5.412262e-06,0.16055607838630676,5038.933320045471,35000
28.492668,-0.15357311,-8.8809185,0.38235244,1.0,0.99905014,0.19433594,0.004607373,-12.143364,-12.151707,-3.6077785,52.34576,0.39743376,3.8266397e-05,0.7014441,-0.6483295,15.20282,0.99905014,0.18652344,0.0046677976,-11.749825,-11.757689,-3.7034593,107.927376,0.43317777,3.4541412e-05,36.92119,-0.14029028,-8.891632,0.38503093,1.0,0.9989786,0.16699219,0.0048180614,-12.192924,-12.201285,-3.6382115,61.52229,0.61679155,1.2289667e-06,0.99898815,0.15429688,0.0048980946,-11.709603,-11.717378,-3.7575607,248.88504,0.75295174,6.612978e-06,0.015920564031600953,5118.53614115715,40000
31.13127,-0.14655913,-8.878095,0.38164663,1.0,0.9990492,0.19238281,0.004614422,-12.309025,-12.317475,-3.6637826,149.72125,0.41675514,3.6182864e-05,0.7077389,-0.695269,13.957773,0.999053,0.17871094,0.0046790643,-11.842667,-11.850599,-3.7273462,33.46311,0.3024108,5.5164335e-05,29.890818,-0.14617781,-8.858051,0.3766358,1.0,0.99897385,0.16308594,0.0048236116,-12.427761,-12.436316,-3.6770463,98.194885,0.5642194,2.1349784e-05,0.99897575,0.16015625,0.004876869,-12.021903,-12.029996,-3.7439485,102.12493,0.65665734,2.3159595e-05,0.15490022592544556,5893.037274360657,45000
33.403893,-0.104451686,-8.889857,0.38458726,1.0,0.9990654,0.2109375,0.004576831,-12.375995,-12.384657,-3.5149407,136.50066,0.6196691,2.2520499e-06,0.636193,-0.8420056,12.90053,0.99906445,0.1875,0.0046250615,-11.94083,-11.948988,-3.5942311,79.98741,0.579623,7.863114e-07,34.924072,-0.16302973,-8.876378,0.3812175,1.0,0.99900436,0.17089844,0.0048211496,-12.331867,-12.340373,-3.6307282,136.5353,0.9846176,2.5842604e-05,0.9989996,0.15527344,0.004896972,-11.917442,-11.925482,-3.6933358,948.93384,1.973407,1.0269807e-05,0.011801754760742187,5952.046049356461,50000
37.499794,-0.12528998,-8.868644,0.37928385,1.0,0.999073,0.20703125,0.0044730017,-12.761847,-12.770939,-3.4597979,230.47319,0.8359827,7.3859906e-06,0.99518293,-0.626395,17.909403,0.99906635,0.19433594,0.004559138,-12.283693,-12.292235,-3.5447793,114.898605,0.80003715,1.2104817e-05,38.101013,-0.14105265,-8.872921,0.38035327,1.0,0.99900055,0.16992188,0.004831132,-12.646059,-12.654874,-3.62891,335.46045,1.3172657,1.1512332e-06,0.99899673,0.16210938,0.0049400916,-12.118616,-12.126804,-3.7424653,127.5008,1.0697266,9.597531e-06,0.1433969530582428,6669.030816078186,55000
39.977203,-0.10846959,-8.848396,0.37422216,1.0,0.99905586,0.20117188,0.004601231,-12.537268,-12.545971,-3.6335344,73.44728,0.4665823,5.663783e-07,0.70974493,-1.352682,17.09341,0.99904823,0.19140625,0.0046791523,-12.149778,-12.157995,-3.7445183,34.296173,0.39557415,1.9929826e-06,34.58751,-0.18847385,-8.899191,0.38692075,1.0,0.9990063,0.15820312,0.004814497,-12.590561,-12.5992775,-3.6737664,190.59772,0.83515984,3.3777205e-06,0.99900246,0.15917969,0.004887433,-12.187782,-12.196038,-3.742817,85.606186,0.6882372,4.8998545e-06,0.014477470827102662,6741.4181752204895,60000
40.57302,-0.112230875,-8.864927,0.37835497,1.0,0.9990635,0.20605469,0.00449543,-12.594052,-12.60294,-3.5024624,222.73166,0.92473483,4.837646e-06,1.055004,-1.0767964,17.271893,0.9990673,0.1953125,0.0045767827,-12.142172,-12.150524,-3.5978239,51.9171,0.684464,9.259603e-06,41.309933,-0.20347086,-8.860536,0.377257,1.0,0.9989834,0.16113281,0.0049242973,-12.663034,-12.67175,-3.7461872,292.41333,1.482002,2.1333021e-06,0.99898624,0.15234375,0.0050429483,-12.206141,-12.214337,-3.8208232,343.2752,1.2335843,9.229063e-06,0.014464743757247924,6813.741895675659,65000
35.721718,-0.11729403,-8.864501,0.37824807,1.0,0.9990721,0.21582031,0.0044608554,-12.91907,-12.928264,-3.514554,97.75377,0.6582017,5.8550595e-06,1.9046683,-0.9665363,18.071562,0.99906635,0.19921875,0.004546242,-12.462276,-12.470911,-3.6287508,103.2016,0.58361256,8.301995e-06,39.56601,-0.15083133,-8.889062,0.3843884,1.0,0.99901867,0.16894531,0.0048216623,-12.578524,-12.587171,-3.7319427,84.089836,0.5478598,6.694233e-07,0.9990158,0.14355469,0.004916561,-12.198118,-12.206294,-3.833599,366.37802,0.9130398,1.2329499e-06,0.01719426326751709,6899.713214159012,70000
36.846466,-0.11895401,-8.860762,0.3773134,1.0,0.99906445,0.18261719,0.0045807175,-12.651079,-12.659983,-3.543323,45.43459,0.47645724,3.5740795e-05,1.0383375,-0.6833575,15.29517,0.99905777,0.18164062,0.0046546115,-12.224778,-12.233168,-3.642409,40.810097,0.47883427,9.542916e-06,38.9087,-0.17939562,-8.882738,0.38280755,1.0,0.9990072,0.16210938,0.004828981,-12.552866,-12.561488,-3.7328572,90.18022,0.45422798,5.7455674e-07,0.9990063,0.1484375,0.004943139,-12.114846,-12.122948,-3.827461,157.6374,0.54550946,1.3197065e-06,0.01987839641571045,6999.105197668076,75000
27.858496,-0.2351957,-8.855007,0.37587494,1.0,0.99907017,0.20117188,0.004499374,-12.774046,-12.783064,-3.5490253,128.88016,0.59816563,5.8234177e-06,0.6135608,-0.7236838,13.00079,0.9990616,0.19335938,0.0045409454,-12.292998,-12.301541,-3.5532188,71.15225,0.6884835,1.6347887e-05,36.111202,-0.2324911,-8.868512,0.37925112,1.0,0.9990244,0.19628906,0.004638194,-12.88376,-12.892866,-3.5681431,195.26476,0.89729613,3.7064997e-06,0.99902344,0.18066406,0.004728758,-12.39246,-12.401062,-3.5924485,396.16266,1.5709952,1.794218e-05,0.2038421624660492,8018.316013813019,80000
29.809475,-0.1819811,-8.881496,0.38249695,1.0,0.99906445,0.21582031,0.0044050175,-13.014165,-13.0235405,-3.4224656,201.58517,0.8630556,2.056324e-05,1.2448306,-0.567537,17.161114,0.9990654,0.21289062,0.004464411,-12.548504,-12.557358,-3.49149,102.687706,0.7239536,1.9616116e-05,35.76922,-0.17486045,-8.8870735,0.3838914,1.0,0.99902153,0.15820312,0.0048022075,-12.837847,-12.846749,-3.7302122,422.64987,0.8249495,8.200271e-09,0.9990177,0.15625,0.0048985444,-12.432662,-12.441086,-3.8149533,631.50134,1.5681293,6.5352515e-07,0.015335013151168824,8094.991080999374,85000
31.999407,-0.18871848,-8.866674,0.37879175,1.0,0.999053,0.21289062,0.0045185275,-12.809351,-12.818455,-3.4958262,51.202442,0.43937546,2.2180993e-06,1.0852872,-0.6341455,12.356791,0.9990492,0.19726562,0.0045947335,-12.320557,-12.32911,-3.5699062,40.263313,0.44361943,3.2920484e-06,44.197853,-0.1811514,-8.816702,0.36629832,1.0,0.9989357,0.17871094,0.0047735535,-12.914359,-12.923518,-3.5452757,776.89996,1.4352561,1.873307e-06,0.9989357,0.17089844,0.0049002,-12.517136,-12.525814,-3.6401708,448.0339,1.3288517,6.708695e-07,0.015425472402572632,8172.118444681168,90000
39.36595,-0.12908608,-8.829074,0.36939138,1.0,0.99906635,0.21289062,0.0044174427,-13.040487,-13.049884,-3.4279213,160.7145,0.77372736,1.836801e-06,1.5416499,-1.061643,20.32409,0.9990692,0.19628906,0.004495068,-12.498379,-12.507155,-3.5194325,83.02971,0.67109275,9.165993e-07,40.199837,-0.21153527,-8.830271,0.36969066,1.0,0.99896145,0.18847656,0.004827605,-12.97373,-12.9828615,-3.6322255,293.63956,1.0032135,1.1402248e-06,0.99897766,0.16894531,0.00486789,-12.49272,-12.501304,-3.7106414,190.63681,0.7498394,6.1505295e-07,0.015131880331039429,8247.777847766876,95000
34.81626,-0.22195348,-8.838205,0.37167412,1.0,0.999074,0.22460938,0.0045165787,-13.0857315,-13.095067,-3.5354762,817.03955,1.2918509,6.429777e-06,1.3914535,-0.8783745,18.33862,0.99906826,0.20898438,0.0045863613,-12.703163,-12.712066,-3.5965629,270.83237,1.0981579,4.3819387e-06,33.84908,-0.21369478,-8.872233,0.38018143,1.0,0.9989958,0.17480469,0.004736211,-12.864191,-12.873206,-3.6423588,254.22615,0.9487288,2.396739e-06,0.9989958,0.15136719,0.0048414357,-12.515557,-12.524196,-3.6778731,184.80501,0.90066004,1.0778755e-06,0.010317435359954835,8299.365029335022,100000
37.32627,-0.19307297,-8.849127,0.37440482,1.0,0.9990635,0.22851562,0.0043839794,-12.940655,-12.950027,-3.3521242,487.82867,1.083865,1.9078525e-05,0.9636609,-0.9910916,19.278175,0.99906635,0.19433594,0.004453756,-12.554701,-12.563619,-3.43117,80.25531,0.7613051,1.3822106e-05,35.857662,-0.20576476,-8.894714,0.38580137,1.0,0.9990206,0.171875,0.004815715,-12.859911,-12.86882,-3.747128,186.11586,0.74728847,1.0667574e-06,0.9990225,0.16992188,0.0048779845,-12.469118,-12.477596,-3.7966955,75.64265,0.54418474,7.146632e-06,0.18233077707290649,9211.018918275833,105000
37.26213,-0.18061385,-8.84219,0.37267023,1.0,0.99905777,0.20703125,0.0045231907,-13.038706,-13.048028,-3.5022774,99.03689,0.6397997,7.4530253e-06,1.2879456,-1.564892,19.862175,0.99905586,0.19726562,0.0046033603,-12.512591,-12.52131,-3.5933914,72.73622,0.61721456,4.560214e-05,38.924194,-0.20092812,-8.879638,0.3820324,1.0,0.9989786,0.19042969,0.0048109996,-13.039822,-13.049006,-3.6438255,207.38474,0.7864692,8.01487e-08,0.99897575,0.18261719,0.0048655644,-12.607847,-12.616546,-3.7085323,254.509,0.7554103,2.1894664e-06,0.012668912887573242,9274.363486289978,110000
38.614204,-0.16068514,-8.874704,0.380799,1.0,0.99905777,0.20117188,0.0044826996,-13.026823,-13.036148,-3.4876835,100.32961,0.5776898,1.3064759e-05,1.3374518,-1.1920575,16.085928,0.99905586,0.18945312,0.0045486684,-12.581375,-12.590178,-3.5753973,268.03546,0.6961681,2.1287977e-05,43.52366,-0.20789061,-8.881805,0.38257435,1.0,0.99899864,0.15820312,0.0048655644,-13.219162,-13.228458,-3.708446,189.28679,1.077767,7.900585e-07,0.9989872,0.14648438,0.00493233,-12.814215,-12.82306,-3.7656083,167.17664,1.1387057,6.284318e-06,0.014773293161392212,9348.22995376587,115000
36.58793,-0.172061,-8.879921,0.38210344,1.0,0.99906826,0.23046875,0.004342455,-13.001564,-13.010989,-3.3600774,311.53384,0.67815715,4.49535e-05,1.2196249,-1.0989556,18.703318,0.99906826,0.21582031,0.0044124387,-12.546341,-12.555218,-3.4668443,81.3211,0.48085964,3.250657e-05,39.939827,-0.18190074,-8.848434,0.3742317,1.0,0.99901295,0.18652344,0.0047857477,-13.0464115,-13.055539,-3.7091289,266.88614,0.81667334,5.2488062e-08,0.9990206,0.17773438,0.0048245443,-12.537132,-12.54568,-3.7920387,290.36722,0.83097655,1.06324425e-08,0.014863502931594849,9422.547470331192,120000
34.816696,-0.20928046,-8.845785,0.37356907,1.0,0.99906826,0.20703125,0.0044776537,-13.240032,-13.249587,-3.4655852,118.47823,1.058473,3.852e-06,0.4675938,-0.9510737,14.52472,0.9990673,0.19140625,0.00454327,-12.719381,-12.728373,-3.521318,79.71677,0.9630902,6.7603423e-06,39.248714,-0.29504114,-8.875255,0.3809366,1.0,0.9990063,0.19726562,0.004663122,-13.405872,-13.415544,-3.512084,529.9665,1.7851632,1.5548927e-07,0.9990034,0.17675781,0.00476668,-12.871836,-12.880932,-3.5659215,74.59893,1.0884763,7.485636e-06,0.01489630742073059,9497.029008865356,125000
41.640533,-0.20580158,-8.865986,0.3786195,1.0,0.99907684,0.2265625,0.0044260146,-13.460696,-13.470547,-3.3834743,115.74341,0.8842007,1.51731e-05,1.0039479,-0.8088802,17.91584,0.9990778,0.20800781,0.0044825515,-12.837549,-12.846743,-3.433226,132.5825,1.0734096,9.65268e-06,37.602066,-0.21099183,-8.834008,0.370625,1.0,0.99897385,0.19726562,0.00479392,-13.215485,-13.224949,-3.532892,95.72391,0.9152006,1.2629602e-06,0.99899006,0.17871094,0.0048110783,-12.681591,-12.690461,-3.6070986,93.77608,1.0329933,3.6784554e-06,0.01497390718460083,9571.898546218872,130000
32.31298,-0.20159054,-8.848969,0.3743652,1.0,0.9990711,0.23925781,0.0043909904,-13.37371,-13.383509,-3.3504016,487.79147,1.4057231,1.0337652e-06,1.0506335,-1.0391345,17.325045,0.999073,0.21289062,0.004429503,-12.832188,-12.841429,-3.3795526,401.9836,2.3754454,6.050011e-06,39.705822,-0.28364626,-8.857445,0.37648422,1.0,0.99901485,0.17871094,0.004728382,-13.302155,-13.311649,-3.5892982,192.5973,1.3663318,1.1272766e-05,0.9990053,0.16992188,0.004835536,-12.784185,-12.793127,-3.6369553,309.49557,1.5718117,7.9255176e-07,0.014963149404525757,9646.714294433594,135000
43.16407,-0.16099575,-8.865994,0.3786217,1.0,0.9990797,0.23535156,0.0044135842,-13.392338,-13.402113,-3.3924067,453.9405,1.1873702,2.1059901e-05,1.0942277,-0.7631012,17.960093,0.9990797,0.21972656,0.0044742078,-12.88111,-12.8903,-3.481031,112.57573,0.6884613,3.903325e-06,33.42735,-0.26319605,-8.837862,0.37158853,1.0,0.9990196,0.17675781,0.0047548683,-13.158454,-13.167741,-3.6577525,436.59735,1.1166534,6.985649e-06,0.9990196,0.17089844,0.0048248675,-12.681717,-12.690484,-3.712524,252.64752,1.0391529,7.400472e-06,0.02049527425765991,9749.190666913986,140000
29.2673,-0.20489573,-8.862892,0.37784606,1.0,0.99906445,0.22851562,0.0044084108,-13.363648,-13.373415,-3.3729267,167.1332,1.2557001,1.3079295e-05,1.0515475,-1.0437987,15.594017,0.9990587,0.20996094,0.004479211,-12.778803,-12.787922,-3.4496865,260.21213,1.3432016,1.1810018e-05,41.00329,-0.23569044,-8.878338,0.3817075,1.0,0.9990244,0.17871094,0.0048519894,-13.166321,-13.175491,-3.7854395,1629.7097,1.8514986,8.701628e-06,0.9990263,0.15722656,0.004886348,-12.656916,-12.6655245,-3.8491309,477.87753,1.304959,1.7232034e-05,0.02053220281600952,9851.85168504715,145000
31.27992,-0.24561954,-8.8358345,0.37108174,1.0,0.9990759,0.24511719,0.0042887186,-13.434412,-13.444358,-3.260341,81.53416,0.6936802,2.5531179e-05,1.0801817,-1.3090091,18.052689,0.99907684,0.23144531,0.0043443413,-12.940292,-12.94971,-3.304513,35.84334,0.68505335,3.521529e-05,32.218323,-0.27929103,-8.846464,0.37373915,1.0,0.99901485,0.17480469,0.004775448,-13.187567,-13.196927,-3.6130726,486.48926,0.9377909,1.1166884e-06,0.99901676,0.16113281,0.0048437617,-12.74781,-12.756726,-3.626851,98.11929,0.9182534,2.3296448e-07,0.020512256860733033,9954.412970542908,150000
41.47282,-0.2053892,-8.860924,0.37735382,1.0,0.9990692,0.24511719,0.0043022507,-13.32444,-13.334259,-3.2796974,648.1617,1.2431792,2.1876588e-06,3.55632,-0.9790628,26.499825,0.9990673,0.21777344,0.004372854,-12.79735,-12.806581,-3.3543186,169.00375,0.9452926,6.627556e-06,45.56157,-0.18395919,-8.84725,0.37393546,1.0,0.9990244,0.18164062,0.004760963,-13.1274395,-13.136639,-3.7172878,578.97424,1.0427301,1.9540414e-06,0.9990139,0.17382812,0.0048395265,-12.678095,-12.68679,-3.7826743,124.56636,0.5808053,9.297346e-07,0.27694700856208804,11339.148017406464,155000
37.91662,-0.18409722,-8.85027,0.37469065,1.0,0.99906826,0.23046875,0.004424931,-13.335259,-13.344942,-3.4295983,749.18726,1.0869589,1.557034e-05,1.1806,-1.11062,19.929325,0.9990711,0.20898438,0.0044790558,-12.705017,-12.714026,-3.4888654,117.04317,0.7720102,1.6228172e-05,54.266,-0.19259948,-8.848383,0.37421867,1.0,0.99899197,0.19238281,0.004688761,-13.348266,-13.357839,-3.5552297,1120.2477,1.6472349,7.6654806e-07,0.9989958,0.17773438,0.0047638663,-12.800909,-12.809888,-3.6140566,338.13004,1.254053,2.495519e-07,0.008896419763565063,11383.630117416382,160000
41.35354,-0.21615115,-8.83408,0.37064275,1.0,0.99906445,0.20703125,0.0044228574,-13.4303665,-13.440188,-3.3843126,396.38867,1.3022422,3.0249219e-05,1.4343139,-0.7220978,18.712101,0.9990654,0.19238281,0.004507211,-12.918177,-12.927391,-3.490222,107.124245,0.97520995,2.527605e-05,39.87468,-0.26315492,-8.873263,0.3804388,1.0,0.9989929,0.19238281,0.004742265,-13.383104,-13.392635,-3.6334214,425.00104,0.8727281,1.0711043e-06,0.998991,0.18359375,0.004854764,-12.864231,-12.873234,-3.6533601,247.1269,1.0015414,1.0719177e-06,0.013631700706481934,11451.788622617722,165000
37.71059,-0.18959863,-8.831121,0.3699033,1.0,0.99906826,0.23828125,0.0043294234,-13.654911,-13.665047,-3.2866597,105.58858,0.8154365,2.1489795e-05,1.3213404,-0.6549186,15.947832,0.9990673,0.22460938,0.004375063,-13.082786,-13.092292,-3.3575807,57.83258,0.74684894,1.4076077e-05,35.713524,-0.30432072,-8.871502,0.3799985,1.0,0.9990072,0.18164062,0.0047474653,-13.337576,-13.346997,-3.6991205,428.1367,0.8522552,1.3418216e-06,0.99899673,0.16113281,0.0048104897,-12.751936,-12.760729,-3.756924,129.37643,0.6375903,2.5026317e-08,0.014586599397659302,11524.721621274948,170000
35.368683,-0.22336362,-8.867838,0.37908232,1.0,0.9990797,0.24316406,0.0042790063,-13.646727,-13.656882,-3.2564688,124.87741,0.71988827,1.4947596e-05,0.8306601,-1.268501,17.037687,0.99907875,0.22460938,0.0043568714,-13.085125,-13.094689,-3.300984,95.038376,0.9169326,5.154944e-06,41.198433,-0.24687612,-8.855886,0.37609458,1.0,0.9990282,0.18457031,0.004675891,-13.398128,-13.407763,-3.5415578,681.82275,2.2046158,1.4240019e-05,0.9990206,0.17675781,0.004764954,-12.887688,-12.896759,-3.606138,562.0756,1.9415451,1.0679826e-05,0.01458277063369751,11597.635476350784,175000
33.00034,-0.19736373,-8.846811,0.3738258,1.0,0.99906445,0.22851562,0.0043322598,-13.397083,-13.406922,-3.3330798,164.02783,0.81324446,1.501658e-05,1.2971169,-0.9203492,18.045053,0.9990635,0.21972656,0.0043769795,-12.88381,-12.893089,-3.391315,68.36879,0.691645,1.3018987e-05,46.369835,-0.1985951,-8.85894,0.376858,1.0,0.9990139,0.18359375,0.0047731875,-13.294437,-13.303838,-3.6777396,1453.439,1.6049879,5.3666618e-08,0.9990101,0.16308594,0.0048495797,-12.778743,-12.787527,-3.7917967,178.26477,0.8870144,2.374261e-07,0.014622187900543213,11670.746416807175,180000
42.165398,-0.17992468,-8.815639,0.36603263,1.0,0.9990721,0.24609375,0.004296947,-13.619232,-13.629288,-3.333634,163.64137,0.9285944,4.033385e-05,0.83916956,-1.0577325,19.904737,0.99906635,0.21191406,0.0043625035,-13.091299,-13.100768,-3.4043994,137.53857,1.0897074,6.284022e-05,33.72039,-0.29101825,-8.838886,0.37184447,1.0,0.9990349,0.17871094,0.00465304,-13.495472,-13.505092,-3.653511,273.16693,0.91029906,2.613739e-10,0.99902725,0.17285156,0.00469566,-12.93845,-12.947506,-3.6749039,502.41675,1.0668612,2.4563384e-08,0.014580942869186401,11743.651134967804,185000
41.24436,-0.19032265,-8.898764,0.38681388,1.0,0.99906254,0.22363281,0.0042812848,-13.623493,-13.633616,-3.2672896,262.6436,1.1205258,2.049124e-05,1.1136298,-1.1476974,20.508648,0.99906445,0.203125,0.004351891,-12.990182,-12.99957,-3.3873763,65.207726,0.52626055,0.0001248606,44.557873,-0.22796652,-8.8857975,0.3835722,1.0,0.9990063,0.1953125,0.00474157,-13.555889,-13.565646,-3.5745702,366.85666,1.4532976,9.78292e-07,0.9990139,0.16992188,0.004779961,-12.922158,-12.931249,-3.6238658,237.81993,1.2015877,3.774482e-06,0.014606899166107178,11816.685632705688,190000
44.49524,-0.20822278,-8.87134,0.37995803,1.0,0.9990721,0.20410156,0.0043997136,-13.573187,-13.5831,-3.4320018,167.77158,0.8846532,9.441205e-06,1.9792469,-2.5141926,28.398354,0.99906826,0.20019531,0.0044695614,-13.037339,-13.046647,-3.515648,209.50418,0.9296125,1.6016073e-05,39.2041,-0.25125977,-8.8634405,0.37798315,1.0,0.9990034,0.16699219,0.004761077,-13.357836,-13.367335,-3.6392534,337.84332,0.9864102,5.5485098e-06,0.9989939,0.15234375,0.0048399516,-12.916957,-12.925991,-3.6752496,491.3255,1.3095164,3.8349344e-06,0.014615394067764282,11889.762604475021,195000
35.269005,-0.23133028,-8.854113,0.37565115,1.0,0.9990721,0.25195312,0.004279263,-13.849224,-13.85956,-3.2756896,372.87302,1.3445108,1.5810401e-06,1.5272057,-2.0630646,20.747858,0.9990711,0.24609375,0.0043021096,-13.285802,-13.295583,-3.2804778,250.58853,1.4126558,2.2024686e-05,48.29361,-0.2078471,-8.851135,0.3749067,1.0,0.9990177,0.18847656,0.0047215587,-13.569828,-13.579598,-3.573892,124.84239,0.9365444,7.791071e-06,0.9990206,0.15917969,0.0047671306,-13.026989,-13.036166,-3.6375942,123.39477,0.9733467,8.1100125e-06,0.014612283325195312,11962.824026584625,200000
37.354073,-0.21254691,-8.833033,0.37038106,1.0,0.99906635,0.24902344,0.004231197,-13.538212,-13.548299,-3.2186856,361.6281,0.9508768,2.9559602e-05,2.7468793,-1.369703,21.017231,0.99907017,0.22460938,0.004283904,-13.011665,-13.021164,-3.2957304,144.40439,0.7632237,4.5327943e-05,36.505157,-0.30295163,-8.844366,0.3732143,1.0,0.99892616,0.1875,0.004864677,-13.58894,-13.59875,-3.551995,309.29907,1.3403178,1.0978902e-06,0.99891853,0.16308594,0.0050445544,-13.073,-13.082279,-3.581101,258.70377,2.0371222,2.4912733e-06,0.3022903695583343,13474.275876045227,205000
37.043022,-0.20421112,-8.802614,0.3627767,1.0,0.99905777,0.21679688,0.0043919887,-13.419094,-13.428924,-3.3627732,98.23769,0.55639124,4.1964113e-06,0.7582613,-0.7673708,16.723278,0.9990616,0.19824219,0.004460606,-12.783973,-12.793095,-3.452011,50.02248,0.5281705,3.1191682e-06,46.322998,-0.26679385,-8.851019,0.37487757,1.0,0.9990139,0.16210938,0.0048062373,-13.48885,-13.498488,-3.6277413,258.63986,1.1333176,1.4182208e-08,0.9989996,0.15625,0.004814357,-12.866285,-12.875284,-3.6609292,186.75763,0.97711694,8.757661e-07,0.009289013051986695,13520.72094464302,210000
42.51214,-0.1581421,-8.870317,0.37970227,1.0,0.99906635,0.23632812,0.004292177,-13.486059,-13.496033,-3.2835763,212.4682,0.8704555,3.2577623e-06,1.0597188,-0.9420763,20.409342,0.99907017,0.21777344,0.004355249,-12.922619,-12.931982,-3.3449962,460.49734,1.1638495,2.1565058e-05,41.120712,-0.2576034,-8.814902,0.36584857,1.0,0.99898434,0.19433594,0.0046645673,-13.563405,-13.573285,-3.4574566,1559.7385,1.6225278,2.0623789e-07,0.99898815,0.18945312,0.0047136294,-13.052292,-13.061669,-3.4580708,923.9493,2.1784425,1.3474529e-07,0.008862650394439698,13565.034197807312,215000
32.856827,-0.23227394,-8.783929,0.35810518,1.0,0.99908066,0.24609375,0.004289679,-13.777443,-13.787701,-3.2837005,266.0644,1.2582494,3.4109016e-05,0.8354506,-0.86995995,16.21918,0.9990778,0.21191406,0.0043597985,-13.114623,-13.124164,-3.3548896,136.83797,1.1512532,1.1931091e-05,33.221558,-0.32172325,-8.858133,0.37665626,1.0,0.99902153,0.19238281,0.004695623,-13.461844,-13.471428,-3.6589165,111.798935,0.56337893,3.6202603e-09,0.99902344,0.17675781,0.0047460916,-12.841369,-12.850332,-3.6724603,82.066025,0.56865126,1.431189e-07,0.010670994424819946,13618.389171361923,220000
41.848946,-0.17604584,-8.810493,0.36474633,1.0,0.9990759,0.22167969,0.004338517,-13.727356,-13.73758,-3.267885,63.58227,0.6771438,3.9840877e-05,1.6003445,-1.6384577,21.62589,0.99906826,0.21386719,0.0044106524,-13.078221,-13.08773,-3.3491044,187.15701,0.9043777,2.4003302e-06,47.778408,-0.24605685,-8.847901,0.37409842,1.0,0.9990015,0.18457031,0.0047683055,-13.724125,-13.733992,-3.6309311,179.59637,0.92519885,1.8504172e-05,0.9990063,0.16113281,0.0048327716,-13.115156,-13.124342,-3.7169724,114.45137,0.6186137,3.483846e-05,0.014439294481277466,13690.58564567566,225000
32.10469,-0.24215624,-8.783981,0.3581184,1.0,0.9990816,0.25195312,0.0043480606,-13.730493,-13.740641,-3.3477173,528.07764,1.4386252,7.3236074e-06,0.8756815,-0.73858464,18.043055,0.9990883,0.22265625,0.0043948786,-13.140609,-13.1501255,-3.405345,178.75362,0.98690283,2.4061312e-06,41.020306,-0.28237873,-8.874603,0.38077387,1.0,0.99901295,0.1953125,0.004719147,-13.572363,-13.582151,-3.5579548,532.6332,1.017435,4.0133173e-07,0.99900246,0.19335938,0.00476531,-13.032045,-13.041256,-3.609858,115.03456,0.85746884,3.5396347e-06,0.014554300022125244,13763.357147693634,230000
29.011217,-0.2386017,-8.85467,0.37579036,1.0,0.9990797,0.25097656,0.0042565605,-13.780617,-13.790914,-3.2463198,1294.8252,1.4514546,1.4872958e-07,1.0550392,-0.9167,14.191115,0.9990854,0.23144531,0.0043242723,-13.171965,-13.181589,-3.3272047,121.8056,0.7756305,4.322449e-06,32.083942,-0.2684365,-8.8718815,0.3800935,1.0,0.999012,0.16601562,0.0047612465,-13.347231,-13.356711,-3.648353,124.21404,0.8427333,2.261635e-07,0.999012,0.16210938,0.004814656,-12.758118,-12.766978,-3.6933393,104.237686,0.5839418,4.15456e-06,0.014398509168624878,13835.349697828293,235000
35.007374,-0.22974509,-8.846142,0.37365842,1.0,0.9990673,0.23242188,0.0043895696,-13.502882,-13.512837,-3.3173687,190.1462,1.1849241,1.0299379e-05,1.2731115,-1.7990923,20.257294,0.9990654,0.21484375,0.0044356855,-13.083881,-13.09336,-3.3879836,846.3617,1.7334546,1.2385401e-05,41.01646,-0.28021315,-8.814686,0.36579448,1.0,0.99897766,0.17675781,0.004868914,-13.681414,-13.6912365,-3.6323311,2418.171,2.6382492,2.36551e-07,0.99894714,0.16699219,0.0049800286,-13.201987,-13.211311,-3.6626287,1070.3898,2.5303926,3.1465597e-06,0.014438074684143067,13907.540073156357,240000
38.6313,-0.23215818,-8.8487,0.37429774,1.0,0.99908066,0.24707031,0.004222356,-13.932959,-13.943424,-3.2268991,89.64353,0.8408098,1.1274756e-05,1.3288627,-0.84666365,18.89441,0.9990854,0.23144531,0.0042946194,-13.43646,-13.446359,-3.309779,72.01034,0.76003885,9.8817845e-06,55.670856,-0.20939599,-8.888976,0.38436687,1.0,0.9989824,0.20019531,0.0047372538,-13.697968,-13.707909,-3.5288093,940.7239,1.6229075,1.0147696e-08,0.99897766,0.17285156,0.004787082,-13.1291895,-13.13849,-3.6146133,293.01602,1.1477542,1.1005208e-07,0.01443838143348694,13979.731984376907,245000
33.145046,-0.22944674,-8.813089,0.3653952,1.0,0.9990711,0.2548828,0.0042554676,-13.735678,-13.745937,-3.239947,107.83405,0.80055445,1.4812834e-06,0.7121873,-1.0124967,14.537834,0.999073,0.22851562,0.004302917,-13.198124,-13.207808,-3.2918246,73.34205,0.8622104,1.0780612e-05,49.368443,-0.24716105,-8.843926,0.3731047,1.0,0.9990196,0.21289062,0.0047177854,-13.661564,-13.671381,-3.6184962,1106.7974,1.4904549,1.2191981e-06,0.99902153,0.18847656,0.0047606817,-13.10397,-13.113208,-3.6540148,274.30002,1.4847684,5.3414587e-06,0.014436605405807495,14051.915012836456,250000
48.339108,-0.19897202,-8.836611,0.37127572,1.0,0.99906635,0.23632812,0.0041903607,-13.80727,-13.8176985,-3.1388707,174.7799,1.0561554,6.103673e-05,1.369654,-1.1042945,22.310585,0.99906826,0.22363281,0.0042724935,-13.194753,-13.204474,-3.2487593,190.5899,1.3212379,6.96818e-05,41.902367,-0.25649124,-8.851547,0.37500948,1.0,0.99902725,0.18164062,0.004707547,-13.606771,-13.616502,-3.6524577,205.90295,1.3121598,3.5101568e-08,0.9990301,0.17773438,0.004710784,-13.095846,-13.105024,-3.7067575,249.23409,0.77946085,3.885786e-06,0.014417681503295898,14124.003423690796,255000
41.885963,-0.21159518,-8.845165,0.3734144,1.0,0.9990711,0.23144531,0.004317521,-13.781851,-13.792106,-3.290833,235.37225,1.0354525,1.3290168e-05,1.4991239,-1.4649582,22.800333,0.99906826,0.21386719,0.0043489584,-13.183225,-13.19284,-3.3459513,131.10217,0.8465528,6.6648254e-06,45.922855,-0.22523488,-8.830313,0.3697011,1.0,0.9990063,0.1796875,0.0047294367,-13.645647,-13.655474,-3.5921934,360.42258,1.1535995,1.3015779e-06,0.9990015,0.16796875,0.0047707157,-13.016921,-13.026078,-3.6489604,126.807594,0.63084257,2.0857512e-06,0.018331049919128418,14215.658675670624,260000
44.399372,-0.19034873,-8.807539,0.36400777,1.0,0.99906635,0.2265625,0.0043654777,-13.808151,-13.818417,-3.305938,172.60089,1.4301488,1.44481355e-05,1.9488401,-3.762328,29.198101,0.99906635,0.21582031,0.004407134,-13.224197,-13.233841,-3.3581064,172.55217,1.2411278,1.2292016e-05,45.333046,-0.22822247,-8.889851,0.3845856,1.0,0.9990101,0.19335938,0.0046967296,-13.597284,-13.607079,-3.5779152,1454.2611,2.2443647,5.167387e-06,0.99901867,0.17089844,0.0047533307,-13.01968,-13.028792,-3.6984985,227.78386,0.77182305,4.1742643e-07,0.01982850008010864,14314.801177501678,265000
42.09845,-0.20123838,-8.845651,0.37353563,1.0,0.99908066,0.24414062,0.0043043676,-13.957869,-13.96835,-3.2360225,229.8976,1.6941885,3.2595462e-06,1.313667,-2.050351,24.499825,0.99908066,0.21777344,0.00435082,-13.277582,-13.287367,-3.2682629,310.20685,1.5524325,2.2190811e-06,36.382324,-0.28198218,-8.81558,0.36601815,1.0,0.9990139,0.19628906,0.0047158236,-13.677713,-13.68763,-3.5333238,911.30707,2.4461956,6.4183536e-07,0.999012,0.18457031,0.0047675846,-13.112999,-13.122279,-3.6203365,3166.306,5.8813753,5.6635616e-07,0.019825387716293334,14413.928119659424,270000
28.811977,-0.23202771,-8.8473625,0.3739636,1.0,0.99906063,0.23046875,0.0043695457,-13.774224,-13.784399,-3.3648076,217.00638,0.83384645,3.2648553e-05,1.2320926,-1.7720909,18.606426,0.99906254,0.19433594,0.004420238,-13.227508,-13.237107,-3.406774,608.38745,1.3401511,2.2210132e-05,50.06989,-0.25931108,-8.904331,0.38820583,1.0,0.9990206,0.20214844,0.004635215,-13.7112665,-13.721277,-3.4706597,192.45218,1.2404344,3.3809687e-08,0.9990139,0.19335938,0.0046955734,-13.225254,-13.23472,-3.5409954,109.68136,1.1481646,1.2740899e-06,0.019838020372390748,14513.118222951889,275000
42.03195,-0.1929872,-8.861996,0.37762177,1.0,0.99906063,0.22460938,0.0043907855,-13.784285,-13.794433,-3.4017954,314.6616,0.89453596,5.21808e-05,1.1699448,-1.2405666,19.69386,0.9990616,0.21191406,0.0044569564,-13.194522,-13.204022,-3.4759176,208.64442,0.9795727,8.475949e-06,39.15072,-0.24838585,-8.83164,0.370033,1.0,0.99902153,0.19335938,0.00464498,-13.616314,-13.626192,-3.5113602,267.2791,1.491651,2.6744467e-06,0.9990206,0.16796875,0.004659346,-13.008289,-13.017511,-3.574861,356.87823,1.2039422,7.546124e-06,0.01986821913719177,14612.459321975708,280000
38.33602,-0.16478612,-8.847353,0.37396106,1.0,0.9990721,0.23925781,0.0042759413,-13.831873,-13.84226,-3.2057135,318.3428,1.7063198,1.9818994e-05,1.5503612,-1.0999624,17.951336,0.9990673,0.21875,0.0043524792,-13.231899,-13.241604,-3.304256,263.78195,1.2924182,2.0278192e-05,36.507492,-0.27934456,-8.876305,0.38119903,1.0,0.9989958,0.1953125,0.0048521073,-13.690393,-13.700224,-3.6332507,2439.0388,3.0312243,7.3024187e-10,0.9989872,0.17773438,0.0049191276,-13.169567,-13.178826,-3.6975255,1532.8597,2.7593126,1.6623004e-06,0.01988121690750122,14711.865407943726,285000
32.108955,-0.24952169,-8.823759,0.36806273,1.0,0.9990711,0.23730469,0.0042476933,-13.792575,-13.802885,-3.2446802,283.0688,1.014282,8.674898e-06,0.80975133,-0.86212885,16.832142,0.99907017,0.21289062,0.0042835367,-13.183135,-13.192813,-3.282649,233.05687,0.9141778,4.8849364e-05,44.033195,-0.26372093,-8.8938465,0.38558465,1.0,0.9990063,0.18945312,0.0047274074,-13.61199,-13.621753,-3.6266851,1019.3616,1.3952019,4.86401e-06,0.999012,0.17773438,0.0047342842,-13.053466,-13.062665,-3.642887,293.9699,0.9490638,1.4658791e-07,0.019904883527755737,14811.389829874039,290000
36.257404,-0.26131403,-8.827097,0.36889702,1.0,0.999073,0.23242188,0.004302064,-13.768875,-13.779147,-3.2613657,75.12141,0.80909777,1.553649e-05,1.4771603,-0.7553028,20.638433,0.9990711,0.20410156,0.004363523,-13.195192,-13.204832,-3.3340454,73.58744,0.8590547,8.091942e-06,41.50364,-0.29560766,-8.862405,0.3777243,1.0,0.9990072,0.17285156,0.004688164,-13.825166,-13.835185,-3.5753696,299.20868,1.1038548,1.2302131e-08,0.99901104,0.17480469,0.004726167,-13.145048,-13.154354,-3.626088,236.21596,1.0962412,2.1329086e-07,0.01993772392272949,14911.078450918198,295000
38.274456,-0.2184438,-8.872428,0.3802299,1.0,0.9990654,0.23144531,0.0043041483,-13.841415,-13.85173,-3.2898228,317.26443,1.0120842,1.2259729e-05,1.4713923,-1.876019,20.547153,0.9990635,0.22460938,0.004384349,-13.2035675,-13.213175,-3.3737915,114.82303,1.0122373,1.133392e-05,39.88761,-0.27516356,-8.848738,0.37430716,1.0,0.99901485,0.18652344,0.0047008367,-13.7402115,-13.750118,-3.6049767,606.96387,1.8702564,9.629817e-07,0.99901867,0.17382812,0.0047676107,-13.114728,-13.123996,-3.63401,5277.471,6.606459,1.3095813e-06,0.01978681149482727,15010.012509584427,300000
43.666836,-0.1918199,-8.824665,0.36828947,1.0,0.999073,0.24511719,0.0043030167,-13.956133,-13.966562,-3.287436,250.69,0.99058926,3.339805e-06,0.9811336,-1.7460756,19.161236,0.9990721,0.23144531,0.0043574944,-13.428279,-13.438115,-3.3659039,144.25697,0.9471497,4.1944725e-07,35.11313,-0.32799476,-8.851158,0.37491238,1.0,0.9989958,0.17285156,0.0047629764,-13.726479,-13.736389,-3.5887861,153.91652,0.95892555,3.48296e-08,0.9989853,0.16601562,0.0048376443,-13.170483,-13.1797905,-3.6476338,960.7167,1.8744795,4.2359784e-07,0.43119262857437135,17165.975656032562,305000
38.421547,-0.24115643,-8.816556,0.3662619,1.0,0.9990673,0.23535156,0.0042796354,-13.8659115,-13.876294,-3.2429192,81.342705,0.76253057,3.2300362e-05,1.4366722,-1.8096023,23.440144,0.99906445,0.21191406,0.004336956,-13.355361,-13.365177,-3.3128636,53.28571,0.7284305,6.860443e-05,39.049408,-0.29246646,-8.797398,0.36147252,1.0,0.99900246,0.19921875,0.0047560595,-13.726942,-13.736822,-3.6201038,1114.7709,1.9697183,1.1050563e-06,0.9989786,0.171875,0.004835687,-13.186977,-13.196321,-3.6295142,983.73956,3.3901553,1.6695776e-05,0.01432460265159607,17237.598673820496,310000
38.24897,-0.20962471,-8.792566,0.36026448,1.0,0.99908257,0.2529297,0.004224128,-14.056008,-14.066639,-3.1799965,321.07224,1.3672597,4.586807e-07,3.9860446,-4.2867565,26.870173,0.9990816,0.23046875,0.004310171,-13.354794,-13.364626,-3.2959561,154.90305,0.99028116,1.1434628e-05,44.83372,-0.2586767,-8.882311,0.38270044,1.0,0.99902153,0.16113281,0.00474292,-13.676897,-13.686778,-3.5686848,263.8455,1.2231839,2.0963826e-06,0.99901676,0.17089844,0.004784501,-13.0416155,-13.0508,-3.6462364,528.1894,1.191263,1.0412618e-05,0.014517093801498413,17310.18414402008,315000
39.25215,-0.26653463,-8.822563,0.3677637,1.0,0.999073,0.23242188,0.004295898,-13.945304,-13.955735,-3.2744865,675.39966,1.6150534,4.3114176e-07,1.1325254,-1.2915193,19.67503,0.9990711,0.20996094,0.004373627,-13.243619,-13.253289,-3.3501327,101.04446,0.9734597,4.0695127e-06,37.283066,-0.2562184,-8.846599,0.37377268,1.0,0.99900246,0.19335938,0.004778283,-13.75795,-13.767831,-3.6497717,629.63477,1.2357354,5.5555125e-07,0.998991,0.17578125,0.0048534633,-13.059421,-13.068577,-3.6921227,98.23928,0.99480593,6.2288547e-07,0.014104271554946899,17380.705503463745,320000
37.484055,-0.25551662,-8.805832,0.363581,1.0,0.9990711,0.24121094,0.0043009594,-13.89029,-13.900633,-3.309728,381.25467,1.128607,5.039847e-05,1.3318456,-2.3205972,17.988272,0.99907017,0.23535156,0.0043513738,-13.144528,-13.1540985,-3.3549023,288.25543,1.2172753,4.544654e-05,50.601242,-0.2886957,-8.813013,0.36537617,1.0,0.99901104,0.17871094,0.004708575,-13.729826,-13.739775,-3.5533106,857.5944,1.802734,3.7343236e-06,0.99901676,0.17089844,0.004766476,-13.037174,-13.046374,-3.6239834,107.00182,0.84397066,4.5083475e-06,0.014248381042480468,17451.947410345078,325000
34.38846,-0.21835458,-8.822664,0.36778903,1.0,0.99906063,0.24707031,0.004301939,-13.968032,-13.978499,-3.259664,196.9192,0.89104587,1.2666234e-06,0.7665428,-1.5375628,16.282845,0.9990711,0.22949219,0.0043787705,-13.263232,-13.272927,-3.345141,119.202156,0.7370036,2.6676189e-05,47.11094,-0.2554099,-8.867802,0.37907332,1.0,0.9990206,0.19335938,0.0046878904,-13.658801,-13.66865,-3.5839005,216.74203,0.67765194,2.0970563e-06,0.9989977,0.18261719,0.004736532,-12.973085,-12.982199,-3.6506367,231.81021,0.541935,8.109239e-06,0.013957760190963744,17521.736215114594,330000
39.706394,-0.22964427,-8.844114,0.3731516,1.0,0.99906635,0.23046875,0.0043263407,-13.994977,-14.005424,-3.308778,111.27682,0.93097067,3.4778506e-05,1.321218,-2.9431758,24.388731,0.9990673,0.23730469,0.0044021197,-13.42638,-13.436181,-3.400466,56.153046,0.7819798,4.5239644e-06,45.16501,-0.2523498,-8.864395,0.3782218,1.0,0.9990244,0.18847656,0.0047893086,-13.8929,-13.9028845,-3.6790004,1095.6013,1.7993177,1.2448094e-08,0.9990072,0.18457031,0.0048771473,-13.253815,-13.263127,-3.726765,513.7508,1.9964519,1.124367e-07,0.0179221417427063,17611.346925258636,335000
30.305096,-0.2770745,-8.826335,0.36870664,1.0,0.9990864,0.2607422,0.0042025256,-14.102476,-14.113094,-3.2413127,112.34895,0.8011466,8.492957e-06,0.7228423,-1.1274254,16.12458,0.99908733,0.23632812,0.004282984,-13.47336,-13.483306,-3.2971954,90.529106,0.8309079,1.9061275e-06,38.26723,-0.29324508,-8.835421,0.3709781,1.0,0.99902153,0.17382812,0.0046913195,-13.770592,-13.780513,-3.6208394,989.66315,1.4719033,1.1745058e-06,0.9990244,0.17871094,0.00472417,-13.196438,-13.2057705,-3.6480458,146.29292,1.0702709,2.3011064e-06,0.019929541444778442,17710.99463701248,340000
36.583557,-0.2090609,-8.86331,0.3779505,1.0,0.9990797,0.26171875,0.004210838,-13.9716215,-13.982138,-3.2138023,225.1461,1.0971818,1.163372e-05,0.99592495,-1.2548078,20.679646,0.99907494,0.22558594,0.0043073175,-13.406288,-13.416147,-3.3191164,208.36208,1.115966,4.818767e-06,52.31267,-0.2755854,-8.853319,0.37545276,1.0,0.9990158,0.20117188,0.004804316,-13.769943,-13.779783,-3.7022705,1203.5582,1.3194125,1.970623e-07,0.9990101,0.17089844,0.0048587136,-13.142715,-13.151899,-3.7494562,154.09605,0.73335445,1.7147215e-07,0.01917532205581665,17806.87124824524,345000
43.921158,-0.20315821,-8.844147,0.37315968,1.0,0.9990692,0.24609375,0.0042684698,-14.039883,-14.050425,-3.2557926,203.19537,0.75286263,4.8490244e-07,1.7179763,-5.0018907,29.215014,0.9990711,0.234375,0.004292329,-13.455638,-13.465579,-3.2858987,136.61981,0.96199286,2.9241967e-06,45.47057,-0.25246638,-8.896791,0.38632077,1.0,0.99901485,0.20996094,0.0047437483,-13.798139,-13.808095,-3.611831,576.0797,0.97744185,1.9633053e-07,0.9990072,0.19042969,0.0047462825,-13.159243,-13.168517,-3.6721208,157.23344,0.83455783,2.9584828e-06,0.014438411283493041,17879.063305854797,350000
40.03206,-0.22514367,-8.826374,0.36871624,1.0,0.9990616,0.24121094,0.0043176953,-13.81666,-13.826915,-3.3256807,186.21014,0.7903105,1.1878711e-06,1.4709861,-2.0773058,22.126417,0.9990616,0.22265625,0.0043699685,-13.124943,-13.134482,-3.366198,180.65222,1.0768387,2.2281605e-05,39.917503,-0.29865563,-8.871866,0.38008946,1.0,0.99897957,0.19238281,0.004602845,-13.898424,-13.908717,-3.3691237,2212.586,2.4212892,1.3570412e-05,0.9989824,0.1796875,0.004614326,-13.288284,-13.297925,-3.4249747,433.13797,1.3519402,1.4298929e-05,0.014461807155609132,17951.372346401215,355000
47.6355,-0.19325031,-8.834608,0.37077498,1.0,0.9990654,0.23730469,0.0043509016,-13.8751745,-13.885477,-3.3363373,359.60526,1.0488197,2.0951372e-06,3.4159377,-1.7548356,29.403282,0.99906254,0.21386719,0.004434914,-13.264509,-13.27415,-3.4016972,108.5154,0.8961041,8.688675e-06,43.723526,-0.26411453,-8.802996,0.36287206,1.0,0.9990101,0.17578125,0.004733113,-13.692732,-13.702575,-3.624504,286.22787,0.9145342,3.0579079e-06,0.99900246,0.16503906,0.004797106,-13.070679,-13.079866,-3.672632,235.29369,0.95659477,2.726197e-06,0.01445781979560852,18023.66144680977,360000
40.030113,-0.23177752,-8.805373,0.36346632,1.0,0.99906826,0.25195312,0.004260933,-14.089139,-14.099739,-3.2449567,151.72511,1.042242,1.0566441e-05,1.6371154,-1.3096734,22.057808,0.9990721,0.23925781,0.0043242234,-13.455973,-13.465906,-3.2940993,86.07124,0.7958914,9.3329745e-06,37.68887,-0.24443431,-8.851621,0.37502825,1.0,0.9990139,0.20507812,0.004670779,-13.873018,-13.883095,-3.5649378,174.89879,0.88391215,2.9388686e-06,0.99901295,0.18554688,0.0047064237,-13.233091,-13.242511,-3.5969748,212.8986,0.7955403,2.5210268e-06,0.014412581825256348,18095.724359989166,365000
38.27538,-0.2502821,-8.825101,0.36839825,1.0,0.999074,0.26367188,0.0042172,-14.076668,-14.087312,-3.1869578,289.4409,0.91428256,5.5507677e-05,1.0025834,-1.172178,22.667305,0.99906635,0.25,0.004244981,-13.475948,-13.486008,-3.186055,58.730484,0.9099821,3.468679e-05,43.532593,-0.32461762,-8.881486,0.38249433,1.0,0.9989815,0.18652344,0.004768262,-13.808891,-13.818906,-3.564418,899.21,1.5997396,3.2693404e-06,0.9989567,0.17578125,0.0048398613,-13.223709,-13.233096,-3.6206386,402.71555,1.4253728,7.917442e-07,0.014365387678146362,18167.55129981041,370000
35.141678,-0.21718383,-8.823924,0.36810392,1.0,0.9990759,0.25097656,0.004197754,-14.006551,-14.01718,-3.1321156,207.28468,0.9503793,7.9190395e-06,1.3276062,-1.6433324,22.29883,0.9990759,0.23730469,0.0042128433,-13.371512,-13.38152,-3.1342053,146.30681,1.1963263,3.274609e-05,49.21231,-0.2874921,-8.824916,0.36835197,1.0,0.99899197,0.1796875,0.0047219647,-13.736463,-13.746401,-3.5690084,219.96007,0.8005551,7.62085e-07,0.9990053,0.15722656,0.004713678,-13.210434,-13.219831,-3.5961514,315.2473,0.7097964,7.4300283e-07,0.014373005056381226,18239.41632628441,375000
34.408203,-0.2319895,-8.807758,0.3640628,1.0,0.99908257,0.25195312,0.0042191185,-14.099819,-14.110461,-3.2137642,245.83244,1.0135214,1.3231501e-05,3.8618312,-2.2202823,24.829708,0.99907875,0.23242188,0.004297624,-13.494253,-13.504198,-3.3211474,162.85864,0.9252306,2.9639574e-05,47.9475,-0.24637383,-8.857228,0.37643,1.0,0.9990063,0.18652344,0.004758295,-13.759293,-13.769209,-3.614276,4139.5347,4.6965675,1.1629598e-08,0.9989929,0.17089844,0.0048379707,-13.321278,-13.330724,-3.6587627,276.66595,1.4346926,5.696439e-08,0.014596373224258424,18312.39819574356,380000
37.078392,-0.24937372,-8.817783,0.36656868,1.0,0.99907684,0.24609375,0.004244744,-14.168914,-14.179604,-3.23303,119.45878,0.8354237,7.1353304e-07,1.9394791,-0.741174,18.43645,0.999073,0.24316406,0.004304241,-13.580822,-13.590878,-3.294348,315.2721,1.1232464,1.6210384e-05,47.813633,-0.25719345,-8.842656,0.37278694,1.0,0.99901485,0.1953125,0.0046965326,-14.003389,-14.0135975,-3.561407,423.35645,1.4072508,3.471374e-08,0.99900055,0.19433594,0.004679694,-13.390354,-13.399937,-3.5881672,140.3397,0.7238313,4.3210005e-07,0.019587950468063355,18410.337949991226,385000
35.228806,-0.2617122,-8.834608,0.37077504,1.0,0.999074,0.27539062,0.0042111157,-13.969809,-13.980378,-3.1575983,81.610855,0.8015977,2.4673489e-05,1.4704607,-1.3825486,18.13473,0.9990721,0.25878906,0.0042423084,-13.341715,-13.351648,-3.179357,163.15239,1.062041,1.8816985e-05,51.71759,-0.28796697,-8.829592,0.3695208,1.0,0.999033,0.19726562,0.004635158,-13.796065,-13.806037,-3.5952225,150.11586,0.6757221,2.8489067e-09,0.99902534,0.16796875,0.0047283145,-13.29267,-13.302058,-3.6883938,78.58505,0.5594883,1.1985935e-07,0.019692847061157228,18508.80218720436,390000
39.106792,-0.2166236,-8.829824,0.36957926,1.0,0.99907017,0.24707031,0.0042567695,-13.988867,-13.999385,-3.229117,301.99402,0.88755757,2.767403e-05,1.4079863,-1.0344667,18.663912,0.9990692,0.234375,0.0043304656,-13.302799,-13.312575,-3.301279,71.67435,0.7392329,2.4201476e-05,42.621613,-0.26399016,-8.817257,0.3664374,1.0,0.99901485,0.19726562,0.0047406447,-13.806835,-13.816809,-3.6030698,87.43114,0.6879842,8.6223295e-09,0.99901104,0.18847656,0.0047611576,-13.134872,-13.144186,-3.6082842,68.315865,0.55281055,1.0721175e-07,0.019647165489196778,18607.038016796112,395000
37.61799,-0.20916033,-8.82276,0.36781287,1.0,0.99907494,0.24902344,0.0041985977,-14.125175,-14.135898,-3.1556892,95.39638,0.8612933,1.017271e-05,0.9148449,-2.7690566,20.586853,0.999074,0.24023438,0.0042593675,-13.522313,-13.532382,-3.222437,44.52767,0.72064114,1.3008215e-05,43.799072,-0.23123398,-8.884173,0.3831663,1.0,0.9990177,0.18847656,0.0047825743,-13.867464,-13.877407,-3.6946554,62918.223,31.550621,3.9565773e-08,0.999012,0.16992188,0.004803606,-13.335943,-13.345291,-3.77267,545.6312,1.2076857,1.2108598e-06,0.019855874919891357,18706.31739282608,400000
44.794548,-0.1947434,-8.837398,0.3714723,1.0,0.999074,0.265625,0.0042369375,-14.084032,-14.094596,-3.2780015,304.5926,0.9434613,1.14081595e-05,2.163001,-1.3102232,23.795235,0.9990673,0.23046875,0.004292385,-13.406288,-13.41614,-3.328124,503.37018,1.4327989,6.6986167e-06,43.762314,-0.2721818,-8.843824,0.37307918,1.0,0.999012,0.19042969,0.0047265366,-13.834962,-13.844878,-3.6898997,233.62956,1.0308092,3.3476688e-06,0.9990244,0.16601562,0.004767415,-13.208683,-13.217912,-3.7675743,394.8875,1.1677794,9.341977e-06,0.4367011644840241,20889.82322025299,405000
39.325085,-0.23607922,-8.815845,0.36608413,1.0,0.99907017,0.23632812,0.004261881,-14.154029,-14.164701,-3.2360597,201.22484,0.8911754,1.0590986e-05,1.0002917,-0.87643045,17.112892,0.9990711,0.23730469,0.0042925933,-13.573952,-13.5840225,-3.2706718,90.79858,0.919132,2.2044986e-05,43.73857,-0.28430185,-8.847406,0.37397465,1.0,0.9990282,0.19628906,0.0047280714,-13.877838,-13.88778,-3.7073712,1154.3926,1.6696689,2.3748703e-07,0.9990244,0.18945312,0.0047454825,-13.317622,-13.326996,-3.7281165,388.43497,1.351529,4.6302625e-06,0.019448953056335448,20987.067989349365,410000
37.898376,-0.20432894,-8.817356,0.36646214,1.0,0.99907494,0.26171875,0.0042012637,-14.170675,-14.18144,-3.158712,782.99774,1.5084825,7.5551466e-06,0.8953868,-1.2965184,18.389738,0.99907494,0.23828125,0.004256394,-13.579746,-13.58985,-3.2429194,85.78959,0.83837396,1.8928215e-05,48.910736,-0.25317946,-8.87377,0.38056532,1.0,0.9989958,0.17675781,0.0047326917,-13.870453,-13.880472,-3.6200452,211.97113,0.68978393,5.3477176e-08,0.99900055,0.171875,0.00481444,-13.301353,-13.310741,-3.6978216,78.88435,0.63956535,1.0502725e-07,0.019426806354522704,21084.20202612877,415000
34.00063,-0.21107866,-8.83595,0.37111044,1.0,0.9990721,0.23730469,0.0043097353,-14.000991,-14.011475,-3.2765512,387.39764,1.1191452,2.9579283e-05,1.1919088,-0.9997684,18.836369,0.9990673,0.22070312,0.004365911,-13.3844795,-13.394294,-3.3439755,225.07031,0.9264739,6.217207e-06,55.365166,-0.25383437,-8.878292,0.38169593,1.0,0.9990139,0.20703125,0.0047952803,-13.968764,-13.9789095,-3.5891201,4613.6177,4.117695,3.8004696e-08,0.9990072,0.19433594,0.004779394,-13.351049,-13.360515,-3.6686106,670.2715,1.6631103,7.49603e-08,0.019492856311798097,21181.666311740875,420000
43.07395,-0.20541888,-8.81211,0.3651504,1.0,0.9990635,0.23828125,0.004283575,-13.943876,-13.954307,-3.2737362,86.324646,0.54879487,4.8575504e-07,1.9145154,-1.2315425,24.83722,0.9990635,0.22558594,0.00434173,-13.319427,-13.329188,-3.33403,55.68663,0.53877515,1.0706533e-05,45.857944,-0.24110767,-8.854952,0.37586093,1.0,0.99899864,0.17089844,0.0048412047,-13.824278,-13.834188,-3.6864114,6204.856,4.324676,4.0279283e-06,0.9989958,0.14355469,0.004865174,-13.191549,-13.200835,-3.6926527,322.79904,1.2883108,1.6426487e-06,0.018070987892150878,21272.021252393723,425000
37.89914,-0.23480603,-8.844189,0.3731702,1.0,0.99907494,0.24609375,0.0042353375,-13.900616,-13.911101,-3.1741066,389.33008,0.93313456,2.131837e-05,1.4574364,-1.1755749,19.695,0.99906635,0.22265625,0.0042869537,-13.348052,-13.357954,-3.2181182,238.08339,0.86379474,2.606129e-05,39.233475,-0.2336197,-8.846789,0.3738202,1.0,0.99900246,0.17871094,0.004765548,-13.732011,-13.741884,-3.6309175,609.9487,1.4092765,2.7220491e-07,0.9989824,0.16992188,0.0048130034,-13.1891,-13.198427,-3.6470842,325.21057,1.0353667,1.6236817e-06,0.01416979274749756,21342.87021756172,430000
36.409897,-0.21781287,-8.849172,0.37441587,1.0,0.9990673,0.23828125,0.00426682,-14.047213,-14.057754,-3.26466,206.60616,0.9832634,1.3760473e-05,1.2778113,-1.5408362,22.38645,0.9990654,0.22949219,0.00433217,-13.373562,-13.383378,-3.3317497,114.48488,0.8324843,3.497111e-05,51.842495,-0.20628992,-8.831201,0.36992314,1.0,0.99901104,0.171875,0.004814898,-13.895411,-13.905408,-3.6681473,595.1974,1.5056013,4.6339554e-08,0.99901104,0.16796875,0.004831803,-13.271677,-13.280968,-3.7671447,444.00345,1.194459,5.3723226e-09,0.014144045209884644,21413.590445518494,435000
43.00611,-0.22721428,-8.838701,0.37179846,1.0,0.99907875,0.24707031,0.004270954,-14.109792,-14.120404,-3.252036,333.46405,1.128759,7.8808125e-06,1.2715483,-1.8110765,23.682308,0.99907494,0.24414062,0.004312302,-13.55468,-13.564697,-3.3077788,144.54059,0.85661185,4.0129733e-05,35.214386,-0.31859374,-8.820518,0.3672523,1.0,0.999033,0.19824219,0.0046920553,-13.8678,-13.877844,-3.5927866,175.55176,1.0476786,3.171182e-07,0.9990206,0.18261719,0.004715093,-13.292771,-13.302274,-3.572525,606.51337,1.3975523,2.0313275e-06,0.014110249137878419,21484.141692876816,440000
34.86399,-0.2686531,-8.839408,0.3719748,1.0,0.9990635,0.26171875,0.004278902,-14.203127,-14.213825,-3.2594728,77.48019,0.7340322,7.0426945e-06,1.2220482,-0.9321333,18.965736,0.9990654,0.22070312,0.0043384437,-13.587793,-13.597822,-3.3272579,133.12242,0.7874594,2.9955512e-05,57.318993,-0.22430214,-8.855633,0.37603116,1.0,0.9989815,0.17773438,0.004799917,-14.315591,-14.326048,-3.6184742,169.0423,0.96821034,6.053615e-07,0.99895287,0.17871094,0.0047917785,-13.61438,-13.624119,-3.6517491,407.53024,0.9532794,1.9011068e-07,0.014105041742324829,21554.66690516472,445000
41.284443,-0.22949685,-8.8583,0.37669802,1.0,0.9990816,0.28222656,0.0040959935,-14.297018,-14.308015,-3.0468779,155.13124,1.1738336,6.6319058e-06,1.7128366,-1.1024976,23.427086,0.99907494,0.2607422,0.0041310964,-13.63479,-13.645106,-3.0819364,296.46802,1.5485891,2.2795299e-05,46.944054,-0.31845984,-8.845356,0.37346196,1.0,0.99899006,0.18359375,0.0046811025,-13.965498,-13.975717,-3.511139,193.68063,0.9171305,5.370402e-07,0.9989891,0.1796875,0.0047119297,-13.425146,-13.43484,-3.5082269,243.73007,1.3988453,4.7059086e-07,0.014064769411087035,21624.990753889084,450000
31.849556,-0.25124624,-8.8071375,0.36390734,1.0,0.9990616,0.24023438,0.0042867167,-14.110258,-14.120842,-3.283358,113.08464,0.67001283,1.6823184e-06,0.87137735,-1.9966314,18.826424,0.9990616,0.21777344,0.0043014786,-13.402946,-13.412822,-3.300441,69.95747,0.655491,7.721886e-06,40.483482,-0.2646053,-8.785408,0.35847515,1.0,0.9989729,0.18554688,0.0047889547,-13.987835,-13.997955,-3.6353102,193.75989,0.9850535,8.6284e-09,0.9989767,0.16601562,0.0048345523,-13.229475,-13.238785,-3.7053325,151.14656,0.70606786,6.6647354e-10,0.019320674228668212,21721.594126224518,455000
32.918247,-0.24849974,-8.886868,0.38383973,1.0,0.9990654,0.22949219,0.004271004,-14.284342,-14.295127,-3.2503629,151.68394,1.1730056,6.8060126e-06,1.2741783,-1.1894335,20.23197,0.999073,0.20898438,0.004337999,-13.6414,-13.651496,-3.3138616,196.40822,1.2983248,3.952872e-05,47.35193,-0.26960394,-8.8147335,0.36580637,1.0,0.99900055,0.19238281,0.0047339946,-13.909901,-13.91994,-3.6403108,981.9316,2.1271062,1.4535558e-06,0.9989948,0.16894531,0.0048210733,-13.324089,-13.333467,-3.730936,21.335678,0.37275764,5.9899194e-06,0.020127257108688356,21822.230416297913,460000
39.320183,-0.23331685,-8.8503685,0.37471518,1.0,0.99906826,0.24414062,0.004302411,-14.196495,-14.207129,-3.3168395,168.62895,0.73407924,8.839367e-06,1.3678768,-1.3465443,18.74506,0.9990673,0.22070312,0.004349597,-13.445288,-13.455126,-3.3811584,602.14105,1.239052,4.5819058e-07,47.07791,-0.31550062,-8.835413,0.37097606,1.0,0.9990206,0.18554688,0.004797658,-13.855011,-13.864941,-3.697812,424.71255,1.4383205,4.3610057e-10,0.9989996,0.16210938,0.0048367567,-13.125943,-13.135139,-3.7182512,155.70537,1.195169,5.181799e-09,0.014448981142044067,21894.475322961807,465000
34.095688,-0.23642355,-8.813952,0.365611,1.0,0.99906635,0.25195312,0.0042503504,-14.187038,-14.197737,-3.2434142,308.3666,1.061718,3.154394e-05,1.6744517,-1.2204008,20.050543,0.9990711,0.24023438,0.0043234527,-13.463586,-13.47351,-3.3112402,112.016815,0.8049853,4.9325704e-06,46.282543,-0.2887181,-8.848884,0.37434387,1.0,0.99899673,0.18164062,0.004848493,-13.90761,-13.91757,-3.717755,366.08722,1.1582866,2.2103347e-08,0.998991,0.16894531,0.0049273046,-13.223696,-13.232932,-3.7754378,3341.2568,3.9726186,2.5809823e-07,0.014432253742218017,21966.63659596443,470000
37.83881,-0.22977586,-8.810815,0.36482668,1.0,0.9990816,0.26953125,0.004082906,-14.206909,-14.217801,-3.0655231,274.94354,1.0890877,2.731101e-05,1.5192577,-1.464803,20.895294,0.99908066,0.23730469,0.0041592596,-13.566572,-13.576776,-3.1282024,239.31241,1.2009261,0.000107421314,45.431335,-0.2763285,-8.813261,0.36543825,1.0,0.999033,0.17675781,0.0047350097,-13.820681,-13.830572,-3.7001219,3277.1562,2.336738,2.7827116e-06,0.9990282,0.16699219,0.0047707064,-13.22679,-13.236071,-3.7345471,663.7919,1.594271,1.9570581e-07,0.0145621976852417,22039.447585582733,475000
33.916924,-0.23977962,-8.851858,0.3750877,1.0,0.9990673,0.24023438,0.004271687,-14.318981,-14.329821,-3.2307627,255.18674,0.98012936,5.404118e-06,2.5498872,-2.0664132,23.20414,0.99906445,0.21972656,0.0043391315,-13.618387,-13.628454,-3.3200388,123.65605,0.93549573,8.188991e-06,51.814926,-0.26539797,-8.825446,0.36848438,1.0,0.9990225,0.19628906,0.0047602784,-13.931627,-13.941645,-3.6838,179.50768,0.8064172,2.0731733e-07,0.9990158,0.17089844,0.004798305,-13.328676,-13.338066,-3.7238352,3262.3352,4.2004004,2.0794275e-06,0.014527601861953735,22112.085596561432,480000
38.362602,-0.22026041,-8.815959,0.3661129,1.0,0.99906826,0.23828125,0.0042519504,-14.328978,-14.339887,-3.1691363,720.8658,1.5283904,3.4688624e-06,1.3663402,-1.3840002,20.543955,0.99906635,0.22460938,0.00431713,-13.748619,-13.75888,-3.2521577,351.39664,1.370791,3.6602796e-06,52.969,-0.2593626,-8.840379,0.37221768,1.0,0.9990339,0.203125,0.0047006803,-13.928249,-13.9383135,-3.632852,2086.5051,2.1820006,8.963128e-07,0.99902916,0.19628906,0.004737363,-13.299719,-13.309128,-3.6754537,560.09155,1.394785,1.181964e-07,0.01450541729927063,22184.612686634064,485000
34.476658,-0.24421644,-8.812054,0.3651365,1.0,0.9990845,0.2763672,0.0041759964,-14.313052,-14.323967,-3.1461852,824.11115,1.5228516,7.0921255e-06,1.2655851,-1.0843717,17.307148,0.99907494,0.24121094,0.004248106,-13.529102,-13.5391655,-3.2351909,241.29544,1.0076361,1.5187643e-06,45.559143,-0.30194902,-8.850885,0.37484455,1.0,0.99899197,0.19628906,0.004649716,-14.042044,-14.05235,-3.4986095,441.72256,1.6982877,4.875739e-07,0.9989891,0.17382812,0.0047217146,-13.279291,-13.288816,-3.535428,1934.6224,4.2088137,1.9163822e-06,0.014403030252456666,22256.62783908844,490000
35.98238,-0.23718956,-8.791573,0.36001605,1.0,0.99907494,0.23828125,0.004337982,-14.354971,-14.365769,-3.3086033,509.59674,1.2835004,6.4763017e-06,0.7408778,-1.2745758,19.673943,0.99907684,0.22558594,0.004385149,-13.676317,-13.686399,-3.3619437,249.83212,1.0889635,1.3622304e-05,46.39717,-0.25635028,-8.814869,0.36584017,1.0,0.99902534,0.18164062,0.004770539,-14.0528965,-14.063053,-3.663394,723.9684,1.4688306,1.7252472e-07,0.99901867,0.17089844,0.00480655,-13.385123,-13.394571,-3.7196445,209.32935,0.8646208,8.0374924e-09,0.014462306785583495,22328.93937420845,495000
37.095688,-0.22093613,-8.829181,0.36941814,1.0,0.99907494,0.26953125,0.004148027,-14.409774,-14.420808,-3.1215205,802.56915,1.1976659,1.3721757e-06,1.8014019,-1.5434797,21.087593,0.99907017,0.24121094,0.0042301374,-13.744751,-13.7550535,-3.2045336,297.2854,1.2620245,6.746469e-06,44.20356,-0.301966,-8.863703,0.37804866,1.0,0.9990053,0.19628906,0.0047865403,-14.177959,-14.188258,-3.6416626,134.92567,0.8770256,1.0075632e-06,0.9989824,0.16015625,0.004843203,-13.395197,-13.404659,-3.715026,284.15936,0.9387838,7.2642306e-06,0.015300276279449463,22405.440759420395,500000
35.42961,-0.2332147,-8.835494,0.37099642,1.0,0.9990816,0.26953125,0.004226232,-14.400909,-14.411913,-3.1429658,716.28564,1.6194038,2.7547456e-05,1.4460156,-1.8464553,20.74215,0.99907017,0.24609375,0.004269353,-13.68268,-13.692942,-3.184629,297.50775,1.5617971,9.996695e-06,45.81305,-0.29609662,-8.850756,0.3748119,1.0,0.9990158,0.16894531,0.0046961615,-14.169042,-14.179382,-3.5911026,644.1596,1.4652759,1.9631772e-08,0.99901485,0.16992188,0.0047465665,-13.439785,-13.449371,-3.632018,1695.094,2.922366,5.435054e-07,0.39949729890823366,24402.927258729935,505000
35.62077,-0.2600966,-8.83478,0.37081805,1.0,0.9990864,0.26367188,0.0041280165,-14.190519,-14.201399,-3.0596542,132.39941,1.1223125,6.1009114e-06,1.4257534,-0.8594923,19.746494,0.9990883,0.24316406,0.004188754,-13.62343,-13.633698,-3.1191518,117.81431,1.3283978,6.070615e-06,51.953236,-0.24279842,-8.849354,0.37446135,1.0,0.9990015,0.18261719,0.004802595,-13.976921,-13.987105,-3.5590942,1735.4385,2.2818656,1.1126691e-06,0.99900055,0.18359375,0.00487726,-13.3850765,-13.394566,-3.677202,1095.2023,2.0855293,2.942956e-07,0.019633391857147218,24501.0942196846,510000
35.897896,-0.24880782,-8.8694515,0.379486,1.0,0.9990721,0.24902344,0.0042283945,-14.23131,-14.242113,-3.1805844,155.14441,1.2410839,5.575706e-06,0.92811483,-1.5907278,20.471947,0.9990711,0.23632812,0.004287837,-13.5706005,-13.5806875,-3.2521708,92.09573,0.97792983,4.2588904e-06,46.826942,-0.27560085,-8.888689,0.38429496,1.0,0.9990015,0.18359375,0.004699443,-14.016341,-14.026542,-3.5814328,418.88312,1.3749951,7.975967e-08,0.9990015,0.18066406,0.004757879,-13.376413,-13.385939,-3.63137,4939.579,5.5367417,1.0731717e-06,0.019561349534988403,24598.900970697403,515000
49.598892,-0.18296602,-8.869001,0.37937325,1.0,0.99908066,0.27441406,0.004282195,-13.990244,-14.000761,-3.23134,239.40063,1.1716477,2.3577266e-05,1.368091,-1.0545259,24.699203,0.9990797,0.24316406,0.004347642,-13.466167,-13.476077,-3.3280325,1277.8693,2.1754854,7.2432836e-06,48.20414,-0.2716727,-8.856802,0.3763236,1.0,0.9990015,0.18945312,0.004715509,-13.976028,-13.986235,-3.5357084,448.46524,1.8083379,1.1387067e-06,0.99899864,0.19824219,0.0048067495,-13.488461,-13.498126,-3.5996008,1589.0249,3.1405685,7.797838e-07,0.019479715967178346,24696.299552440643,520000
38.188164,-0.1991488,-8.85179,0.3750705,1.0,0.99906635,0.24316406,0.0042773956,-14.314428,-14.32521,-3.285517,257.952,0.985395,1.2003152e-05,1.5810208,-1.1756024,21.634842,0.99906635,0.23046875,0.004322447,-13.636019,-13.646101,-3.3210416,253.76083,1.1306009,6.7108554e-06,44.80322,-0.24343851,-8.851759,0.3750627,1.0,0.99899006,0.20019531,0.004751851,-14.093046,-14.103321,-3.582267,422.08774,1.5510306,7.033915e-06,0.9989815,0.17089844,0.004776139,-13.524825,-13.534439,-3.6903129,228.54446,0.80174226,1.4643416e-06,0.019461656761169434,24793.60783815384,525000
29.516502,-0.27039117,-8.853194,0.3754215,1.0,0.9990692,0.2626953,0.004189649,-14.212817,-14.223635,-3.146813,399.48862,1.3259802,2.3176695e-05,1.4003985,-1.106838,14.810771,0.9990654,0.23925781,0.004245327,-13.60882,-13.618998,-3.1969051,280.2683,1.2378995,3.673731e-05,44.92351,-0.3471734,-8.85499,0.37587056,1.0,0.99902344,0.20898438,0.004644261,-13.970756,-13.980933,-3.5583382,877.81287,1.6722403,3.8208356e-08,0.9990368,0.1953125,0.0046440857,-13.267063,-13.27652,-3.5925899,191.77757,0.95525026,1.5686982e-07,0.019477742433547975,24890.996553182602,530000
41.272957,-0.26251996,-8.825567,0.36851496,1.0,0.9990721,0.26953125,0.0042141723,-14.212576,-14.223358,-3.1819832,196.6772,1.0281363,2.1395379e-05,1.235809,-1.0734274,21.103989,0.99907017,0.25683594,0.0042668246,-13.669125,-13.679324,-3.2345588,76.44151,0.98312396,1.3680864e-05,43.45223,-0.30874625,-8.867485,0.37899417,1.0,0.9990139,0.19238281,0.0046784114,-13.918032,-13.928169,-3.5466654,1155.7673,1.857242,4.8901775e-06,0.9990101,0.1796875,0.004739806,-13.348506,-13.3580475,-3.5880494,84.08013,0.69964874,4.396132e-06,0.0195743088722229,24988.86809849739,535000
29.926937,-0.29239637,-8.768988,0.35436973,1.0,0.9990721,0.22167969,0.0042837504,-14.272982,-14.283725,-3.2838414,394.61984,1.0479009,1.117666e-05,1.0131165,-1.6187863,18.048933,0.99906826,0.21875,0.004339023,-13.547621,-13.557615,-3.324376,196.8703,1.1128772,3.1360057e-06,44.88776,-0.3142745,-8.880184,0.38216913,1.0,0.9990015,0.21484375,0.0046312306,-14.121091,-14.131436,-3.5374358,185.79921,1.0639985,1.6260448e-06,0.9990072,0.1875,0.004664749,-13.457762,-13.467446,-3.5513482,131.91884,0.8222293,6.74838e-06,0.019546508836746215,25086.600644350052,540000
30.385807,-0.23815721,-8.825333,0.36845613,1.0,0.99907494,0.26367188,0.004168226,-14.39993,-14.410931,-3.1456945,139.98549,1.1807827,9.5793885e-06,0.7985055,-1.673589,15.9352,0.999073,0.22949219,0.004236507,-13.727642,-13.737902,-3.232432,181.31958,1.1227801,9.850068e-06,44.50303,-0.34231344,-8.829738,0.36955735,1.0,0.9990244,0.18554688,0.0048643835,-14.127726,-14.137789,-3.8323321,1731.7408,1.3389068,2.3480997e-09,0.99902344,0.16210938,0.0049102954,-13.417656,-13.426991,-3.868166,94.4267,0.5562429,1.3154079e-08,0.019555315732955932,25184.377224445343,545000
40.26558,-0.22331691,-8.837495,0.3714968,1.0,0.99908257,0.2626953,0.004204303,-14.452049,-14.463065,-3.1827345,222.27016,1.3772594,5.8457e-05,1.5398347,-2.9023757,23.714676,0.9990797,0.23144531,0.0042590965,-13.714709,-13.724943,-3.2452683,98.7119,1.0992937,5.8275877e-05,44.281185,-0.30931884,-8.84633,0.37370545,1.0,0.99901676,0.17480469,0.0047525316,-14.075447,-14.085627,-3.6632135,478.3015,1.2358187,2.6027872e-06,0.9989977,0.16796875,0.004816019,-13.4367485,-13.446258,-3.7088757,202.07628,0.9144347,2.328119e-07,0.019531775093078612,25282.036101341248,550000
36.467262,-0.3087057,-8.804451,0.36323562,1.0,0.99906635,0.26171875,0.004182268,-14.312961,-14.323881,-3.1416955,348.91418,0.7719321,2.0347836e-05,2.0897782,-1.4787027,24.070297,0.99906445,0.23535156,0.004278868,-13.632633,-13.642806,-3.226441,131.95677,0.7653667,3.353534e-05,48.503265,-0.27848828,-8.854114,0.3756513,1.0,0.9989691,0.17480469,0.004786651,-14.10604,-14.116288,-3.622737,73.75096,0.5616095,5.1449325e-07,0.9989681,0.16503906,0.004806447,-13.466486,-13.476054,-3.676785,242.04308,0.9509126,1.725708e-05,0.01951314721107483,25379.601838827133,555000
38.99816,-0.23615094,-8.817166,0.36641446,1.0,0.9990778,0.2705078,0.0042055347,-14.305395,-14.31629,-3.16077,358.65704,1.3482456,1.9884139e-05,1.0989175,-2.2306132,21.588005,0.999074,0.2421875,0.0042471853,-13.677996,-13.688231,-3.206953,74.925835,0.92109233,2.9245273e-05,39.651722,-0.30612594,-8.825022,0.36837834,1.0,0.99903107,0.18457031,0.004725668,-13.743872,-13.753691,-3.6992452,1285.7098,1.8304036,4.933848e-07,0.9990225,0.15332031,0.004809464,-13.078839,-13.08794,-3.7692165,154.47412,0.6991853,4.5344152e-07,0.019439464378356933,25476.79916214943,560000
38.347794,-0.21670476,-8.839105,0.37189925,1.0,0.99907494,0.25976562,0.00419717,-14.442377,-14.453423,-3.1426394,1251.4553,2.1272771,1.07032365e-05,2.1944718,-2.0013094,24.509573,0.9990759,0.2265625,0.0042625815,-13.7398815,-13.750148,-3.2373865,369.3593,1.2577388,2.244037e-05,54.63508,-0.18419515,-8.856716,0.37630212,1.0,0.9990177,0.17871094,0.004796316,-14.024725,-14.034854,-3.6622233,291.3572,1.6497606,2.1410116e-07,0.99901867,0.16601562,0.004818677,-13.431342,-13.440812,-3.743552,235.3038,0.87707096,3.794858e-07,0.01579741678237915,25555.786247491837,565000
37.00731,-0.23544446,-8.8475685,0.37401497,1.0,0.99907017,0.2626953,0.0042165667,-14.398762,-14.4097595,-3.1486633,421.90363,1.3347077,1.7308885e-05,0.75832105,-0.93914586,17.253849,0.9990654,0.2421875,0.0043101907,-13.69598,-13.706202,-3.2399144,54.494488,0.9379356,1.2327847e-05,45.67459,-0.26951358,-8.87005,0.3796354,1.0,0.9989929,0.21582031,0.0047328724,-14.192958,-14.203325,-3.588153,1742.0305,1.8775725,4.568713e-08,0.99899006,0.19433594,0.004737366,-13.453337,-13.46295,-3.6191015,855.4299,2.3627472,2.367294e-08,0.014082949638366699,25626.2009973526,570000
44.791702,-0.20205274,-8.817282,0.36644334,1.0,0.999073,0.25195312,0.0041927192,-14.311195,-14.3221035,-3.1522102,465.12732,1.9791063,1.3691384e-05,1.9698575,-1.6073627,29.909195,0.9990654,0.23046875,0.0042760507,-13.641976,-13.652124,-3.2605786,156.90472,1.0796623,4.9176765e-06,45.906376,-0.29119575,-8.895423,0.38597876,1.0,0.9990053,0.1875,0.004707427,-14.060839,-14.07108,-3.5842867,2163.2285,2.677546,8.839757e-09,0.99900246,0.18457031,0.004708479,-13.2642565,-13.2737055,-3.5979934,641.5427,1.1007574,6.3482894e-06,0.01671609115600586,25709.78145456314,575000
32.92579,-0.26581293,-8.837739,0.37155774,1.0,0.9990692,0.23730469,0.004306024,-14.318197,-14.328984,-3.2823992,539.04767,1.4492083,8.727429e-07,1.3935163,-0.9446754,18.641888,0.99906826,0.21679688,0.00436446,-13.619789,-13.629809,-3.3695982,1091.2645,2.0348427,6.8842305e-06,47.820957,-0.2874671,-8.832672,0.370291,1.0,0.99896145,0.19433594,0.004767473,-13.950018,-13.960171,-3.5636997,839.78204,1.6110384,8.472142e-08,0.99897766,0.16894531,0.004797207,-13.323718,-13.333186,-3.636815,368.4699,1.0927435,8.2621517e-07,0.02010273060798645,25810.295110702515,580000
39.93283,-0.22708867,-8.851461,0.37498817,1.0,0.9990673,0.23242188,0.004247941,-14.339788,-14.350659,-3.2192354,1194.1465,1.454016,2.9911407e-05,1.0851743,-1.7805787,20.908636,0.99905777,0.23144531,0.0043236334,-13.618633,-13.628729,-3.290626,252.49022,1.2266834,7.623841e-08,37.212532,-0.29525843,-8.867981,0.37911808,1.0,0.9989958,0.19238281,0.0047018374,-14.030485,-14.040715,-3.5645428,155.7237,0.9200926,3.7621946e-06,0.9990034,0.16992188,0.004722164,-13.401993,-13.411538,-3.6368265,104.17691,0.5789683,2.5889024e-09,0.020080165672302246,25910.695940494537,585000
36.005333,-0.27154556,-8.84655,0.37376052,1.0,0.9990635,0.25976562,0.0042394022,-14.479111,-14.490068,-3.2690382,203.664,0.9278914,2.8282345e-06,0.961088,-2.912479,24.325577,0.9990635,0.23144531,0.0042705033,-13.674417,-13.68456,-3.2974072,108.931076,0.59473974,1.9220717e-05,44.68943,-0.30532867,-8.878017,0.38162726,1.0,0.99902916,0.18652344,0.004724427,-14.114632,-14.124802,-3.710712,450.40988,0.79223037,7.281643e-07,0.9990034,0.16699219,0.0047883037,-13.312288,-13.321669,-3.7165604,274.7477,1.0003382,4.8758952e-06,0.020113337326049804,26011.262628793716,590000
37.668755,-0.2556457,-8.840342,0.37220854,1.0,0.99907875,0.265625,0.004181564,-14.494085,-14.50516,-3.1638002,76.38871,0.88927925,1.8116976e-05,1.4548334,-1.4851778,23.328842,0.999074,0.24609375,0.0042277537,-13.679504,-13.689747,-3.2008245,176.17491,1.1731894,9.9611265e-05,51.67483,-0.23606342,-8.874068,0.38064003,1.0,0.99902916,0.171875,0.004859057,-13.949039,-13.958963,-3.7978168,2578.0703,2.8506677,5.7314202e-09,0.9990339,0.1640625,0.004885816,-13.211289,-13.220447,-3.844099,146.689,0.8782319,1.5610422e-09,0.018723434829711914,26104.879804611206,595000
33.71042,-0.20996907,-8.826427,0.3687298,1.0,0.99908924,0.24902344,0.0041972687,-14.415951,-14.4269,-3.2157207,155.79634,0.94111276,4.501678e-05,0.9781767,-0.8752488,19.164146,0.9990835,0.23828125,0.0042467476,-13.737498,-13.747732,-3.268383,98.442085,0.9937566,4.0877317e-06,47.31177,-0.2613141,-8.874437,0.3807323,1.0,0.9990139,0.20117188,0.0046126414,-14.136326,-14.1467285,-3.49419,2177.1562,2.2704215,4.8566076e-06,0.99901104,0.1796875,0.0046688234,-13.4694,-13.479083,-3.56391,237.99553,1.0811642,1.418204e-05,0.014477620267868042,26177.26790857315,600000
40.24996,-0.20895064,-8.820912,0.3673511,1.0,0.9990778,0.265625,0.0042229216,-14.497477,-14.50855,-3.170415,834.4221,1.671226,5.094797e-07,0.96106416,-1.0306998,19.946402,0.99907684,0.25097656,0.004250804,-13.762837,-13.773167,-3.1970735,414.10507,1.2510155,2.6217666e-07,49.424786,-0.24898753,-8.871075,0.37989163,1.0,0.99901485,0.19238281,0.0046998244,-14.012207,-14.022407,-3.5769038,666.63776,1.4218411,2.0196103e-06,0.99901485,0.17382812,0.0047163516,-13.302013,-13.311459,-3.6403441,373.54218,1.1681552,5.3494136e-07,0.3745356646060944,28049.946233034134,605000
39.889893,-0.1948032,-8.813449,0.36548522,1.0,0.99906635,0.24707031,0.0042398293,-14.19289,-14.203611,-3.223208,121.592514,0.7920029,0.000110240486,1.4965471,-2.1752956,21.571331,0.9990654,0.23242188,0.0043178373,-13.43222,-13.442132,-3.2942233,535.5035,1.2185187,8.021156e-06,44.221424,-0.26268032,-8.816057,0.3661371,1.0,0.99900055,0.19824219,0.0047029746,-14.16465,-14.175041,-3.5339115,76.74308,0.7035635,1.2755597e-06,0.9989939,0.16601562,0.0047619725,-13.443239,-13.452843,-3.6195493,261.92795,0.9647537,5.2936775e-06,0.021963691091537476,28159.764689922333,610000
36.805923,-0.2834472,-8.827887,0.36909455,1.0,0.9990816,0.24511719,0.0042745713,-14.4453745,-14.456387,-3.1797962,1462.6035,2.0392966,7.690615e-06,1.0658523,-1.1413385,21.694035,0.9990759,0.22558594,0.004315098,-13.779968,-13.790269,-3.2422347,240.90662,1.506899,1.711273e-05,50.24594,-0.2506002,-8.852646,0.3752843,1.0,0.99901485,0.19335938,0.004754938,-14.203124,-14.213483,-3.6071014,751.3345,1.8918096,1.6050144e-08,0.9990158,0.18066406,0.004757113,-13.5631275,-13.572792,-3.6758416,250.71571,1.0149689,2.777642e-08,0.021901330280303954,28269.271342515945,615000
34.587578,-0.26559207,-8.836603,0.37127396,1.0,0.9990759,0.2578125,0.004176029,-14.464462,-14.475547,-3.12519,349.2709,1.2913866,8.453152e-06,2.2951806,-2.1511552,28.2533,0.99908257,0.24316406,0.004259526,-13.677729,-13.687994,-3.1755316,299.098,1.5623087,1.2519474e-05,45.68965,-0.30160835,-8.856945,0.37635937,1.0,0.9990158,0.1796875,0.004771876,-14.246886,-14.257264,-3.6304154,945.7469,2.3085938,1.7262067e-07,0.9990072,0.16699219,0.0047902577,-13.453256,-13.462814,-3.6748805,124.72815,0.8980758,5.7800175e-06,0.021442939901351928,28376.486043691635,620000
44.235023,-0.18871857,-8.81867,0.3667904,1.0,0.99907875,0.25,0.004226732,-14.489235,-14.500269,-3.201013,223.5918,1.3846519,2.5879463e-06,2.6405456,-1.5513468,25.040379,0.999073,0.23535156,0.0042782826,-13.867636,-13.878034,-3.2304575,251.94579,1.2932172,1.6017011e-06,41.77604,-0.30651605,-8.870277,0.3796924,1.0,0.9990263,0.20019531,0.004657026,-13.960252,-13.97047,-3.5072243,930.0723,2.5183172,4.538566e-08,0.99902725,0.18359375,0.004663143,-13.321449,-13.330975,-3.5783217,256.9125,1.0178792,7.872842e-08,0.02189119782447815,28485.942034244537,625000
46.10829,-0.21629244,-8.819231,0.3669309,1.0,0.9990721,0.24316406,0.0043061413,-14.349274,-14.360092,-3.2817852,128.87346,0.9327332,2.8764682e-06,1.848707,-1.2084299,26.309671,0.99906635,0.21191406,0.0043711467,-13.6707945,-13.680875,-3.3578057,233.42612,1.1931283,3.1118012e-05,43.055454,-0.32537663,-8.8247385,0.36830753,1.0,0.999012,0.19238281,0.004710387,-14.092989,-14.103272,-3.5737972,978.5671,1.8165085,4.2363942e-07,0.99901676,0.18164062,0.0047222353,-13.395079,-13.404636,-3.6182525,259.4426,1.0005624,1.1615456e-06,0.022079966926574705,28596.341870069504,630000
36.9106,-0.24520372,-8.839358,0.3719626,1.0,0.9990673,0.2548828,0.004190201,-14.408166,-14.4191885,-3.131112,4576.5576,3.18684,8.472902e-06,2.4588714,-1.2520146,25.204704,0.9990692,0.24707031,0.0042474107,-13.673181,-13.6834345,-3.1839914,195.50894,1.1728523,2.17332e-05,41.509987,-0.3177644,-8.845262,0.37343836,1.0,0.9990244,0.21972656,0.004622706,-13.925652,-13.935801,-3.5440302,586.5926,0.88206244,7.1941884e-09,0.9989996,0.18945312,0.0047633285,-13.3509445,-13.360471,-3.6047478,587.8263,1.137819,5.2851044e-07,0.022094774103164672,28706.815742254257,635000
44.881863,-0.19945952,-8.888224,0.38417912,1.0,0.9990721,0.23730469,0.004247687,-14.5000925,-14.511115,-3.2237697,269.61047,1.1534562,3.9521765e-06,0.89628744,-2.2597618,27.512753,0.9990721,0.22460938,0.004312705,-13.758404,-13.768607,-3.3218102,53.290092,0.6692015,1.7305136e-07,50.03512,-0.3153903,-8.832617,0.37027693,1.0,0.9990177,0.19433594,0.0046934662,-14.157052,-14.167394,-3.5762482,855.3649,1.333836,4.2418438e-07,0.9990015,0.18261719,0.0047907555,-13.513844,-13.523506,-3.6293015,313.16577,1.2770345,7.5222437e-07,0.02203969898223877,28817.014239788055,640000
41.907513,-0.23181924,-8.858457,0.3767372,1.0,0.9990692,0.23925781,0.0042642197,-14.618349,-14.629462,-3.249434,151.93542,0.97922313,4.3742225e-06,1.1183872,-2.61363,24.971325,0.99906635,0.23828125,0.0043302644,-13.708813,-13.718963,-3.3249621,112.525604,0.6186867,2.4810092e-06,44.253822,-0.27765095,-8.893415,0.38547677,1.0,0.99897766,0.19921875,0.004791245,-14.196539,-14.20693,-3.565414,1440.2783,2.596193,4.9667572e-09,0.99898624,0.17871094,0.004832496,-13.503164,-13.512807,-3.6390285,2914.8464,5.702295,1.0290605e-08,0.022091516304016113,28927.47182250023,645000
43.352753,-0.22790214,-8.808382,0.36421865,1.0,0.999074,0.2626953,0.0041473713,-14.475012,-14.486158,-3.0712862,364.5496,1.563544,1.1604068e-05,1.3783878,-1.7608931,24.680645,0.99907017,0.2548828,0.0042170007,-13.878301,-13.8888,-3.137927,240.84299,1.831151,1.8559029e-05,55.186554,-0.24743718,-8.873751,0.3805604,1.0,0.999012,0.20507812,0.0046635047,-14.171229,-14.181706,-3.4535825,9141.072,7.6763263,1.2527289e-08,0.99901867,0.17285156,0.0047823293,-13.573675,-13.583455,-3.5685463,690.61066,2.8636026,1.5080917e-07,0.022296818017959595,29038.955915927887,650000
38.35652,-0.20234302,-8.812607,0.36527473,1.0,0.99907494,0.26367188,0.0041663405,-14.4109745,-14.4220085,-3.1229658,386.24628,1.3085084,1.0754528e-05,1.7261553,-1.3301089,25.485996,0.99907017,0.24804688,0.004236994,-13.714612,-13.724891,-3.1995273,113.96717,0.9085807,4.6476205e-05,51.9964,-0.29288447,-8.861067,0.3773896,1.0,0.9990072,0.19824219,0.0046119476,-14.261851,-14.27244,-3.4295568,852.8712,2.4658833,1.1400829e-05,0.99898624,0.18359375,0.0047077425,-13.580561,-13.590375,-3.5421534,171.8711,1.470364,7.0163687e-06,0.02230098476409912,29150.460841178894,655000
36.190598,-0.2730333,-8.842276,0.372692,1.0,0.99908257,0.24707031,0.0041894116,-14.5296,-14.540698,-3.1769006,218.69647,1.2587252,3.379373e-06,1.9041101,-2.3829966,24.829914,0.99908257,0.22753906,0.004242762,-13.880052,-13.890474,-3.218382,305.58197,1.3766751,1.5812144e-05,44.8424,-0.28622204,-8.874046,0.38063455,1.0,0.9990015,0.16992188,0.004709352,-14.125502,-14.135791,-3.6001976,200.31201,1.0047334,2.3345813e-06,0.99900055,0.16796875,0.0047572684,-13.531912,-13.541568,-3.6555555,304.16428,0.75827736,3.9450572e-07,0.022347259330749512,29262.197139263153,660000
34.74566,-0.22861296,-8.793117,0.36040214,1.0,0.9990778,0.2626953,0.004124221,-14.438472,-14.449554,-3.1003525,516.1284,1.2984202,1.5141278e-06,1.5054009,-1.281678,21.759644,0.9990711,0.25585938,0.004184756,-13.652941,-13.663167,-3.1911678,67.87505,0.85651845,4.4923368e-07,52.013256,-0.2248952,-8.851994,0.37512124,1.0,0.999032,0.16503906,0.004749137,-14.116795,-14.126969,-3.7076898,798.6893,1.611898,7.388466e-07,0.9990225,0.15917969,0.0047757267,-13.346576,-13.355959,-3.7471876,255.30539,0.80777705,3.2962332e-06,0.022300904178619383,29373.701664686203,665000
32.502213,-0.24428017,-8.823659,0.36803758,1.0,0.999073,0.2607422,0.004219663,-14.443972,-14.454996,-3.166913,115.48563,0.97824174,4.114517e-07,1.102131,-0.8772784,17.631971,0.9990692,0.23632812,0.0042821346,-13.792298,-13.802612,-3.2413495,81.40595,0.8557991,1.8346484e-05,50.009125,-0.28463912,-8.821492,0.36749613,1.0,0.9990177,0.19628906,0.0047455947,-14.128158,-14.1384325,-3.616806,1424.1576,2.5625346,4.675389e-08,0.9990282,0.17675781,0.0047831447,-13.3965645,-13.406036,-3.7070956,2115.3342,2.6487846,1.1498977e-08,0.021499234771728517,29481.19783973694,670000
36.53599,-0.23664713,-8.842582,0.37276852,1.0,0.99907494,0.26464844,0.0042040334,-14.520685,-14.531775,-3.1762652,237.24126,1.0863743,3.55397e-06,2.008707,-1.156182,23.14072,0.9990721,0.22167969,0.004278116,-13.814395,-13.824717,-3.255763,67.96515,0.78053856,8.349277e-06,40.552174,-0.3049863,-8.829859,0.36958754,1.0,0.9989681,0.19824219,0.004615049,-14.1485195,-14.158961,-3.4678102,97.69739,0.61198026,5.446895e-07,0.99895096,0.19726562,0.0046239286,-13.585879,-13.595761,-3.4767966,176.61449,0.77405775,2.470259e-05,0.022108930349349975,29591.7424929142,675000
38.604584,-0.23843595,-8.805735,0.3635567,1.0,0.99908066,0.2548828,0.004187133,-14.618956,-14.630184,-3.1320431,462.23795,1.7808049,9.779268e-06,1.6694574,-1.2994989,24.641426,0.9990883,0.23632812,0.004204767,-13.879444,-13.889928,-3.1545887,179.07234,1.1211761,3.1136122e-05,50.3602,-0.26141313,-8.882119,0.3826527,1.0,0.9989939,0.1796875,0.00481993,-14.22104,-14.231458,-3.564039,7836.869,6.163505,2.3258309e-07,0.9989891,0.16601562,0.004874032,-13.470277,-13.479873,-3.6529627,663.41974,2.861847,9.0780404e-11,0.0202266450881958,29692.87571978569,680000
40.790535,-0.18497121,-8.775337,0.3559571,1.0,0.9990797,0.25585938,0.004295004,-14.362419,-14.373241,-3.291316,150.40051,0.89553404,1.9434185e-06,0.88866097,-1.5113103,23.327158,0.9990759,0.22558594,0.004337564,-13.657742,-13.667822,-3.3457336,89.20867,0.9546256,3.8369612e-06,45.144745,-0.28755456,-8.815289,0.36594495,1.0,0.9990053,0.18554688,0.0047683567,-14.129479,-14.139752,-3.6196659,1282.154,2.2029467,6.333105e-08,0.99900246,0.16308594,0.0048330757,-13.490795,-13.500345,-3.721457,203.00421,1.0338835,1.746573e-07,0.019937748575210572,29792.564465761185,685000
34.460793,-0.2629357,-8.839669,0.37204027,1.0,0.9990835,0.25097656,0.004216535,-14.451206,-14.462225,-3.1791344,106.0168,1.0644108,5.137311e-06,1.4281609,-0.8552939,18.65881,0.9990854,0.25097656,0.004228142,-13.761253,-13.771602,-3.1741142,270.75372,1.3355474,3.9424945e-06,42.53988,-0.31390357,-8.856602,0.37627363,1.0,0.9990082,0.1875,0.0048274193,-14.2061405,-14.216382,-3.7300215,229.11655,1.0956335,1.2697916e-07,0.9989672,0.16699219,0.0048903795,-13.610605,-13.620272,-3.7214427,113.09742,0.8513583,5.2797395e-07,0.01987589864730835,29891.943960428238,690000
39.458435,-0.1951307,-8.801569,0.36251527,1.0,0.9990797,0.26953125,0.004160487,-14.588226,-14.599422,-3.1353378,107.10126,0.80431193,1.8575709e-05,1.0988256,-1.7462835,23.139236,0.9990711,0.25,0.004226597,-13.803295,-13.813675,-3.1843014,57.000763,0.64551616,5.6306617e-05,46.14126,-0.27981997,-8.842714,0.3728016,1.0,0.99902916,0.18261719,0.004707591,-14.124328,-14.1346,-3.615294,715.95575,1.6425811,4.8955875e-09,0.99902344,0.17285156,0.004783014,-13.462608,-13.472152,-3.6993608,145.77095,0.6702491,1.5829729e-08,0.019882018327713014,29991.354053258896,695000
41.23928,-0.22500712,-8.84037,0.37221545,1.0,0.9990854,0.26660156,0.004129594,-14.534861,-14.546063,-3.0740247,267.9532,1.5908376,3.6247775e-06,1.1587996,-1.4862119,22.187645,0.99907684,0.24511719,0.0041849613,-14.001173,-14.0118,-3.1301532,132.81232,1.1979897,4.476225e-06,46.417522,-0.27364668,-8.835808,0.37107491,1.0,0.99900913,0.18359375,0.0047147516,-14.016827,-14.027058,-3.5502257,5435.5586,7.801656,4.6114695e-07,0.99899864,0.17089844,0.0047585163,-13.478991,-13.488617,-3.6315846,366.2477,1.4161544,2.0038773e-05,0.019937491941452026,30091.041517019272,700000
31.620121,-0.24975845,-8.779672,0.35704082,1.0,0.99907875,0.25683594,0.004257292,-14.668274,-14.679492,-3.1924274,750.4627,1.7513466,1.8052981e-06,1.2074106,-1.1270995,18.030764,0.9990883,0.23730469,0.0043417886,-13.865319,-13.875701,-3.2453525,202.05008,1.8061965,1.2515756e-06,52.053566,-0.23386194,-8.848319,0.37420267,1.0,0.9990072,0.18261719,0.0047647767,-14.191671,-14.202033,-3.5911465,244.69568,1.4496403,3.0646967e-07,0.99901295,0.16992188,0.0047688577,-13.485939,-13.49554,-3.6632147,132.60793,0.84446573,6.065236e-07,0.3346733373641968,31764.40820813179,705000
40.41737,-0.22035998,-8.873336,0.3804569,1.0,0.9990759,0.2685547,0.0041954145,-14.457325,-14.468388,-3.1401699,404.2688,1.3806242,6.4719366e-06,1.4137638,-1.0799122,21.965141,0.999073,0.24902344,0.0042717904,-13.678266,-13.68848,-3.2276564,61.718597,0.8368067,2.288397e-05,47.37756,-0.28825188,-8.81097,0.3648655,1.0,0.9989815,0.17773438,0.0047949054,-14.240787,-14.251186,-3.6015842,1576.9087,2.6076584,3.284782e-08,0.9989834,0.17089844,0.0048007923,-13.582693,-13.592408,-3.6451352,293.3093,1.1288198,8.854096e-10,0.021360816526412963,31871.212292432785,710000
37.29753,-0.25014794,-8.86396,0.37811315,1.0,0.99907017,0.2421875,0.004321575,-14.419268,-14.430137,-3.3005955,660.19055,1.2947596,5.6751564e-06,1.7699746,-1.7693617,25.22298,0.9990673,0.22460938,0.004344713,-13.691028,-13.701157,-3.3288198,143.54343,1.0647166,6.6882117e-06,44.574257,-0.27607828,-8.874572,0.38076586,1.0,0.99902725,0.1796875,0.0048185303,-13.960391,-13.970367,-3.7538414,653.5238,0.9938685,3.2691514e-07,0.99902344,0.1640625,0.0048916247,-13.347796,-13.357052,-3.8803082,665.6594,1.0457076,5.514803e-07,0.01939019389152527,31968.163263082504,715000
33.601677,-0.22780484,-8.809169,0.3644152,1.0,0.99907017,0.25390625,0.0042379014,-14.351513,-14.362447,-3.1665194,437.27325,1.4854615,1.6545056e-05,0.8527383,-1.0451523,17.434677,0.9990692,0.24511719,0.004270506,-13.736687,-13.746971,-3.215282,693.0885,1.7925545,2.086815e-05,47.631065,-0.29138348,-8.843199,0.37292272,1.0,0.99902725,0.1875,0.004657286,-14.198101,-14.20854,-3.5202305,1671.1335,2.4623864,1.4343597e-06,0.9990282,0.18261719,0.004668241,-13.5085535,-13.51827,-3.5695457,730.9905,2.2008479,6.1031545e-07,0.021602987241744996,32076.178204536438,720000
38.700645,-0.22040412,-8.835167,0.37091452,1.0,0.99906445,0.26660156,0.004274375,-14.306856,-14.317664,-3.2509623,219.47978,0.98689324,8.739618e-06,1.717506,-1.7600864,26.094007,0.99905396,0.23925781,0.004341195,-13.614466,-13.624486,-3.3630881,104.90155,0.5283844,1.1514775e-05,47.24951,-0.2599916,-8.873343,0.38045883,1.0,0.9990387,0.19628906,0.004704414,-14.160484,-14.170806,-3.6001697,230.28006,1.5976782,7.4816495e-07,0.9990282,0.16308594,0.004772741,-13.498266,-13.507786,-3.7597842,220.2156,0.67035747,2.3115096e-10,0.021493959856033324,32183.648005962372,725000
41.74057,-0.24689573,-8.811276,0.36494225,1.0,0.9990673,0.25683594,0.0042625647,-14.535783,-14.546861,-3.2026033,232.56021,1.164247,8.017129e-07,1.506459,-1.2251177,22.77127,0.9990654,0.24023438,0.0043066414,-13.686948,-13.697134,-3.2669568,143.96898,0.8892971,1.4572339e-06,47.654327,-0.28280687,-8.8312845,0.36994398,1.0,0.99902534,0.19628906,0.0046714004,-14.3197155,-14.330201,-3.5932,611.3131,1.326031,5.315519e-07,0.99901295,0.1796875,0.0047468753,-13.621994,-13.63172,-3.6732142,137.80182,0.7689477,7.856394e-06,0.021547608613967897,32291.38605260849,730000
39.570007,-0.22778606,-8.829318,0.36945242,1.0,0.9990721,0.26953125,0.0042076316,-14.650196,-14.661394,-3.1944797,262.26163,1.167533,3.5621035e-06,1.2269353,-0.8422177,19.981483,0.999073,0.23632812,0.0042838193,-13.852341,-13.862678,-3.2780666,174.50577,1.1454809,2.8147592e-06,47.502514,-0.25674874,-8.844454,0.37323627,1.0,0.99898815,0.18554688,0.004794499,-14.184135,-14.194376,-3.70759,439.67203,1.1214046,5.994637e-07,0.99901485,0.1796875,0.00477211,-13.494179,-13.503693,-3.762659,84.38978,0.5381373,1.16648935e-05,0.021892066383361816,32400.846388101578,735000
47.264107,-0.19101495,-8.84037,0.3722155,1.0,0.9990902,0.27734375,0.0040974077,-14.808496,-14.819975,-3.066972,1312.8398,2.42258,6.554454e-06,1.9180826,-1.5522655,27.038536,0.9990845,0.25878906,0.004146031,-14.049493,-14.060173,-3.1239195,175.98407,1.0467767,8.130496e-06,44.765495,-0.30925065,-8.8226,0.36777323,1.0,0.99898434,0.19433594,0.004742738,-14.254712,-14.265181,-3.5452025,202.9746,1.3269815,1.240879e-08,0.998991,0.17773438,0.0047981637,-13.615025,-13.624807,-3.6064997,346.15234,1.6483005,5.1525504e-08,0.02201870517730713,32510.9399163723,740000
41.688835,-0.22946477,-8.804035,0.36313182,1.0,0.9990883,0.25,0.0041675586,-14.59013,-14.601379,-3.0823011,400.5115,1.4400102,9.826761e-06,2.6822774,-2.2385767,29.694706,0.9990835,0.23730469,0.0042420668,-13.816891,-13.827294,-3.1731138,791.55914,2.1757414,5.685777e-05,55.417015,-0.2182964,-8.8751335,0.38090628,1.0,0.99900913,0.19335938,0.0046986924,-14.274113,-14.28462,-3.5250587,936.32605,1.4937936,2.5083807e-08,0.99901104,0.17480469,0.0046984423,-13.425222,-13.434871,-3.5561564,476.3373,1.0428698,1.7220502e-05,0.022102891540527345,32621.454375505447,745000
37.62787,-0.23295626,-8.837279,0.37144268,1.0,0.99909115,0.2890625,0.0040589813,-14.776438,-14.787957,-2.9915576,381.33887,1.5093898,5.6332797e-06,1.4514012,-1.1719406,20.295647,0.9990883,0.2734375,0.0040924996,-14.055755,-14.06653,-3.0323868,254.77917,1.3516703,1.4826861e-05,36.570923,-0.30641764,-8.888922,0.38435343,1.0,0.99899673,0.203125,0.00468007,-14.108848,-14.119196,-3.5222778,454.3548,1.3265495,2.5130007e-07,0.9989872,0.18066406,0.0047451253,-13.386028,-13.395627,-3.5663204,94.022385,0.96090114,1.521531e-07,0.02189895339012146,32730.949145555496,750000
35.68471,-0.2623858,-8.837235,0.3714319,1.0,0.99907684,0.2763672,0.0041676806,-14.503216,-14.514305,-3.159371,92.67091,0.7229945,6.942189e-06,0.83541864,-0.8834957,17.944782,0.99907875,0.24804688,0.004230846,-13.787813,-13.798142,-3.2204235,252.50226,0.84750676,1.0354638e-05,44.324112,-0.24246931,-8.8482065,0.37417465,1.0,0.9990072,0.18554688,0.0048200623,-14.231319,-14.2415495,-3.7650247,233.79973,0.763089,4.296463e-08,0.9990101,0.17773438,0.0048617073,-13.454281,-13.463714,-3.8036933,71.45547,0.50506675,1.5629544e-06,0.02018542923927307,32831.87629318237,755000
37.38134,-0.23703961,-8.835903,0.37109888,1.0,0.99907875,0.24804688,0.0041999267,-14.477776,-14.488835,-3.1630125,726.76245,1.9430237,1.3569014e-05,1.8310192,-1.8670002,27.463007,0.9990759,0.24902344,0.004251593,-13.780784,-13.791086,-3.2424648,157.44366,0.84712124,2.6754622e-06,44.75846,-0.2832114,-8.866296,0.37869686,1.0,0.99899197,0.19628906,0.00477357,-14.127121,-14.137487,-3.5230327,6059.474,4.327385,1.5387236e-09,0.9989939,0.18261719,0.0048069465,-13.464391,-13.474005,-3.6286044,1221.6508,3.226237,2.1257911e-07,0.019744885206222536,32930.60072207451,760000
33.153164,-0.26928163,-8.822728,0.36780506,1.0,0.99907494,0.2861328,0.004072734,-14.85779,-14.869345,-3.0356135,228.41928,1.2747488,5.602271e-06,1.5198917,-0.7225324,15.406866,0.99908066,0.26953125,0.0041187615,-14.084264,-14.095017,-3.0834503,94.346,1.0485595,2.2345615e-05,53.859566,-0.28066862,-8.857696,0.37654692,1.0,0.99900913,0.19042969,0.004711904,-14.31308,-14.323543,-3.610407,2127.18,3.4115872,4.175781e-09,0.99899864,0.18261719,0.0048042135,-13.644082,-13.653837,-3.6650462,178.29521,1.002241,2.157135e-09,0.01986636176109314,33029.932532310486,765000
43.998886,-0.21224165,-8.897612,0.386526,1.0,0.9990921,0.25097656,0.004170281,-14.706062,-14.71742,-3.0876427,349.3107,1.345154,8.052389e-06,1.4941189,-0.8986129,25.471622,0.99907875,0.25195312,0.004195993,-13.847598,-13.858098,-3.1061988,66.51429,1.139447,7.447583e-06,37.50966,-0.34796175,-8.878559,0.3817629,1.0,0.99897385,0.203125,0.004746818,-14.307426,-14.317951,-3.5399947,800.385,1.562598,1.2451983e-09,0.9989786,0.19238281,0.0047516124,-13.54969,-13.559474,-3.5415213,2798.182,3.4959736,1.1889802e-07,0.01969065022468567,33128.38578462601,770000
38.98495,-0.25470087,-8.847493,0.3739963,1.0,0.99907494,0.26757812,0.004220589,-14.579214,-14.590373,-3.1644816,680.0784,1.5285382,2.5673846e-05,1.1839759,-1.1677536,20.657658,0.999073,0.24511719,0.00427871,-13.940886,-13.95134,-3.2453685,1044.7913,1.9481726,1.776242e-06,50.774864,-0.2465795,-8.829517,0.36950228,1.0,0.99899864,0.19726562,0.0047437698,-14.113995,-14.124337,-3.5332196,10901.749,8.579302,1.6689019e-06,0.99899864,0.18066406,0.004732865,-13.490023,-13.499705,-3.5855715,601.94183,1.6078348,2.0153763e-07,0.021234017324447633,33234.55587244034,775000
33.671432,-0.2250058,-8.816946,0.3663596,1.0,0.99906826,0.26660156,0.004144431,-14.442362,-14.453484,-3.0642972,220.39923,0.89955467,1.6603744e-05,1.6790134,-2.7722228,22.46954,0.9990587,0.23242188,0.004219116,-13.801115,-13.811524,-3.1526992,128.144,0.91819435,3.6533395e-06,49.77001,-0.27990568,-8.854725,0.37580413,1.0,0.99902344,0.19140625,0.0047001834,-14.127708,-14.138013,-3.5865483,2229.125,2.134134,6.02514e-07,0.9990206,0.17480469,0.0047371187,-13.505022,-13.514659,-3.6464558,790.8193,1.7836434,1.947233e-06,0.025968219089508058,33364.39696884155,780000
39.066826,-0.25744364,-8.819359,0.36696285,1.0,0.9990845,0.28027344,0.0040986133,-14.659455,-14.670749,-3.1070807,308.33514,1.2147703,3.482225e-05,1.2685162,-1.3000902,22.629951,0.99907494,0.25195312,0.0041920226,-13.842641,-13.853064,-3.1812491,119.73811,1.0517572,1.8648341e-05,51.881546,-0.25609928,-8.865432,0.37848085,1.0,0.9990177,0.18554688,0.004685702,-14.23067,-14.241106,-3.554105,526.4698,1.2872337,7.926179e-08,0.9990206,0.17285156,0.0046885777,-13.465242,-13.4748955,-3.5887074,63.99872,0.6445999,1.7191589e-07,0.026274352550506593,33495.768738269806,785000
32.371628,-0.24378845,-8.827946,0.3691095,1.0,0.99907017,0.27539062,0.0041202162,-14.585827,-14.59709,-3.063358,735.8334,1.4095249,1.727073e-05,1.0024155,-1.0177011,19.744473,0.99907017,0.25097656,0.0041809264,-13.877041,-13.887549,-3.1275084,147.28574,1.0238435,4.4326e-05,44.042404,-0.28102672,-8.905916,0.38860214,1.0,0.99901676,0.17382812,0.004714947,-14.291157,-14.301616,-3.5915256,286.96844,1.3011128,5.05099e-09,0.9990139,0.15332031,0.004706685,-13.633524,-13.6433325,-3.5993357,1040.206,1.9294691,3.5153582e-07,0.026133636331558227,33626.43692278862,790000
37.188538,-0.23656756,-8.811224,0.36492884,1.0,0.99908257,0.27246094,0.004113661,-14.695393,-14.706753,-3.074181,380.12885,1.3497093,3.4420693e-05,1.1193352,-1.5447338,17.465464,0.99907684,0.25097656,0.0041866023,-13.960146,-13.970736,-3.1280434,201.71045,1.0426451,3.822687e-06,50.3324,-0.23044649,-8.818578,0.36676747,1.0,0.9989815,0.19042969,0.0047911517,-14.151576,-14.161898,-3.5928102,258.05484,0.7634721,1.2766209e-08,0.99898624,0.16503906,0.004834743,-13.584145,-13.593828,-3.6769276,545.4247,1.1961474,6.916241e-07,0.02647384910583496,33758.80616950989,795000
32.180916,-0.2625757,-8.834135,0.3706566,1.0,0.9990864,0.25976562,0.0041823233,-14.663928,-14.675223,-3.1085334,118.181725,1.2174058,1.5836801e-07,2.2762127,-1.8531911,25.10984,0.9990845,0.22949219,0.0042155804,-14.050629,-14.061303,-3.1307049,147.99713,1.5560634,5.2132746e-05,51.28682,-0.25115362,-8.859402,0.37697345,1.0,0.9990244,0.20410156,0.004688166,-14.087211,-14.097513,-3.5479922,7493.0557,5.5906124,2.7945688e-07,0.999033,0.18554688,0.004713566,-13.410233,-13.419846,-3.5754607,1283.9418,2.281777,4.3173445e-06,0.023354173374176026,33875.57703781128,800000
37.467354,-0.24159405,-8.822657,0.36778718,1.0,0.99907875,0.26464844,0.00417406,-14.694735,-14.706038,-3.1305828,218.2687,1.281734,4.3923294e-05,2.611577,-1.3570073,20.565456,0.99907875,0.23632812,0.004244144,-13.967655,-13.978189,-3.1920514,375.00827,1.4811215,1.3172477e-05,51.061172,-0.28386277,-8.847415,0.37397677,1.0,0.9989748,0.17675781,0.00481641,-14.402205,-14.412779,-3.5855994,319.47812,1.5142236,2.563549e-08,0.99898434,0.1640625,0.0048433887,-13.745995,-13.755827,-3.6861022,68.2514,0.6298857,7.308376e-08,0.3302034337043762,35526.59420967102,805000
37.722168,-0.20986739,-8.839493,0.37199637,1.0,0.9990797,0.2841797,0.004128569,-14.469767,-14.48089,-3.0894303,243.73611,0.9657501,5.9233567e-05,2.1300344,-1.2973896,22.83472,0.9990778,0.25683594,0.004211722,-13.706337,-13.716644,-3.160822,198.39838,0.95182765,2.3192328e-05,51.276836,-0.26345795,-8.825031,0.36838078,1.0,0.99901867,0.20800781,0.004687293,-14.275972,-14.28653,-3.4756777,846.7096,2.2155824,3.7058723e-07,0.9990139,0.19335938,0.0047199926,-13.60273,-13.612587,-3.5186515,394.62192,2.4877868,9.1013554e-08,0.01973771495819092,35625.28278565407,810000
32.17019,-0.25996232,-8.827079,0.36889276,1.0,0.99908733,0.25585938,0.00419295,-14.565281,-14.576459,-3.1287134,551.57166,1.5930364,2.7680614e-06,1.0719591,-1.4040085,16.852615,0.9990759,0.24804688,0.0042262347,-13.822758,-13.833171,-3.1703162,2200.1523,3.5015078,1.1293232e-05,53.685677,-0.24936885,-8.855549,0.3760103,1.0,0.99901295,0.1875,0.004674511,-14.145005,-14.155368,-3.5446792,6095.8506,4.5350103,4.158956e-06,0.99901104,0.17871094,0.0047312845,-13.485463,-13.495081,-3.6469483,300.43765,1.2380506,2.045226e-06,0.019652554988861082,35723.545562028885,815000
36.09111,-0.24032417,-8.824291,0.36819577,1.0,0.99908066,0.26367188,0.004119638,-14.577137,-14.588388,-3.0673728,234.44377,1.1556041,7.1570817e-06,1.0754428,-1.7936473,21.3098,0.999074,0.23828125,0.0041673454,-13.960033,-13.97061,-3.1421797,163.90297,1.0135636,6.451856e-05,55.222214,-0.25008935,-8.849421,0.37447822,1.0,0.9990158,0.17871094,0.004735281,-14.106718,-14.117001,-3.5871668,7182.386,5.4676633,6.337095e-11,0.99901295,0.17480469,0.0047782594,-13.609493,-13.6191845,-3.695396,158.1947,0.642125,2.0291714e-07,0.019812046861648558,35822.60579752922,820000
33.63183,-0.26960957,-8.80921,0.36442563,1.0,0.9990673,0.24804688,0.0042581167,-14.702846,-14.714059,-3.2330651,384.32755,1.1726689,2.429133e-05,0.8964992,-1.4108834,18.239857,0.99906445,0.22265625,0.0043216655,-14.026581,-14.0370655,-3.300878,103.14453,0.8374841,1.3355678e-05,46.87359,-0.2740581,-8.853891,0.3755957,1.0,0.99900436,0.20214844,0.0047794394,-14.33087,-14.34132,-3.6394677,675.3105,2.102917,6.705522e-11,0.99900246,0.16210938,0.004813225,-13.6639,-13.673605,-3.7370477,704.6479,1.0992512,2.552544e-10,0.019596139430999755,35920.58649611473,825000
46.67157,-0.1986776,-8.806941,0.36385834,1.0,0.999074,0.28710938,0.0041730236,-14.739553,-14.75094,-3.0913508,1007.7812,1.8382561,2.8386394e-05,1.8140779,-4.435569,28.16869,0.9990778,0.25878906,0.004300088,-14.03253,-14.043087,-3.231895,214.30417,1.427728,6.850264e-05,58.516926,-0.24045853,-8.900537,0.38725713,1.0,0.999012,0.17480469,0.0046992665,-14.294264,-14.304747,-3.570572,1240.6494,1.9299065,5.3349775e-10,0.99900055,0.15820312,0.0047916234,-13.529932,-13.539584,-3.657219,1748.9655,3.0301046,2.0369432e-08,0.01584208731651306,35999.796934366226,830000
39.373764,-0.22088937,-8.821949,0.36761037,1.0,0.9990902,0.25195312,0.004246525,-14.732198,-14.743473,-3.1975477,273.85675,1.367121,6.750646e-06,1.81848,-2.5149016,21.195505,0.9990797,0.24316406,0.0042954506,-14.017547,-14.0280695,-3.2529082,173.54749,1.2973232,1.2494539e-06,40.110786,-0.31827414,-8.836952,0.37136108,1.0,0.99901295,0.20117188,0.00465746,-14.41153,-14.422198,-3.4970043,10683.124,6.4968266,1.0186562e-07,0.9990053,0.17382812,0.0047060605,-13.69994,-13.709853,-3.559248,160.4497,1.1791353,4.9388e-07,0.0171169207572937,36085.381539583206,835000
31.722645,-0.28238496,-8.85062,0.3747778,1.0,0.9990721,0.2529297,0.0042229816,-14.554828,-14.565952,-3.1743474,280.0989,0.85202396,4.9787704e-05,1.4036323,-1.5784059,21.401047,0.9990692,0.23632812,0.004267607,-13.852467,-13.862874,-3.2058687,761.0582,1.6944599,5.752012e-06,50.96447,-0.32191592,-8.8632345,0.37793165,1.0,0.99902725,0.18554688,0.004731566,-14.284776,-14.295191,-3.6298492,703.07245,2.056808,7.504166e-09,0.99902534,0.16308594,0.0048039267,-13.646248,-13.656021,-3.6495194,1368.0437,2.594383,1.7259367e-07,0.019424971532821654,36182.50640177727,840000
37.374626,-0.23297958,-8.809518,0.3645023,1.0,0.9990673,0.24023438,0.0042618467,-14.564144,-14.575223,-3.2304072,301.47076,1.036745,6.518896e-06,1.728628,-1.3871187,25.005104,0.9990635,0.23242188,0.0043118093,-13.859694,-13.870032,-3.282227,475.13367,1.3263297,2.0530302e-05,48.352325,-0.28003344,-8.880278,0.38219243,1.0,0.9990301,0.19726562,0.004782318,-14.155882,-14.16611,-3.692009,416.36642,1.0264173,1.1964851e-11,0.9990349,0.17089844,0.0047599906,-13.464984,-13.474522,-3.7078948,150.74048,0.71673846,1.3982414e-10,0.019286656665802003,36278.93968677521,845000
36.296867,-0.2619292,-8.837811,0.37157595,1.0,0.999073,0.26757812,0.004238587,-14.633785,-14.644917,-3.2450352,116.59503,0.75058675,2.1842163e-05,1.581389,-1.2026149,22.21679,0.99907017,0.22460938,0.0043029366,-13.7066555,-13.716785,-3.34302,61.701412,0.6431695,2.048653e-05,54.210052,-0.23954016,-8.8848505,0.38333553,1.0,0.999033,0.16796875,0.0047681173,-14.317133,-14.3274975,-3.7126813,445.06775,1.6183157,3.2894107e-07,0.9990406,0.16113281,0.0047708116,-13.588438,-13.598007,-3.7997046,505.31094,1.2308148,9.4944454e-07,0.01938666672706604,36375.87302327156,850000
32.843594,-0.24687023,-8.850668,0.37478998,1.0,0.99908066,0.2529297,0.0041774465,-14.796392,-14.807772,-3.1549656,294.6573,1.1191072,1.46178045e-05,1.9229686,-1.3995036,23.712854,0.99907494,0.2548828,0.0042534517,-13.958091,-13.968562,-3.2464886,192.83871,1.1088276,4.426779e-05,44.9551,-0.3282621,-8.843035,0.37288153,1.0,0.9990282,0.21582031,0.0046515586,-14.492146,-14.502824,-3.5678458,1343.8973,2.2393434,1.1050404e-08,0.9990139,0.18164062,0.004696528,-13.768319,-13.778271,-3.5882268,334.60672,1.5524869,3.2752618e-07,0.0194231068611145,36472.98855924606,855000
36.976505,-0.17646971,-8.833776,0.3705669,1.0,0.9990835,0.28515625,0.00417249,-14.725206,-14.736566,-3.1046262,217.59305,1.1419498,2.0111925e-07,1.0055264,-1.1560867,20.326195,0.99908066,0.25195312,0.004235497,-14.079258,-14.089903,-3.1895156,428.7727,1.3854876,1.17754125e-05,51.313866,-0.22743285,-8.866537,0.37875706,1.0,0.99902534,0.19824219,0.004708897,-14.145798,-14.15612,-3.5854173,3597.773,3.4246583,6.71112e-09,0.99902725,0.17871094,0.004746875,-13.495644,-13.505239,-3.680582,192.00395,0.86034214,1.0250349e-06,0.01991559052467346,36572.56651544571,860000
35.721306,-0.22682664,-8.871456,0.379987,1.0,0.9990692,0.2578125,0.004260304,-14.529163,-14.54017,-3.27085,348.67334,0.8270324,8.671324e-06,2.6166391,-2.7644272,27.76855,0.99906635,0.2421875,0.0043075513,-13.90855,-13.918913,-3.3080866,73.54033,0.6544556,3.6890528e-05,49.44578,-0.2328792,-8.82016,0.36716285,1.0,0.9990244,0.19140625,0.00478757,-14.228785,-14.239054,-3.7244542,5699.655,3.6689992,4.009627e-12,0.99903774,0.17382812,0.004841608,-13.681084,-13.690734,-3.8080626,387.05014,1.10414,7.0407964e-11,0.019416755962371825,36669.6502969265,865000
38.900043,-0.22224946,-8.804129,0.36315534,1.0,0.99907875,0.26171875,0.0042229146,-14.719738,-14.731003,-3.197268,2993.0247,2.4793453,3.710859e-05,0.88269114,-1.5851555,19.547268,0.99906445,0.23925781,0.0043049213,-13.978113,-13.988563,-3.288848,67.9871,0.923776,1.2557104e-05,53.495667,-0.24151221,-8.842469,0.3727403,1.0,0.99901676,0.18652344,0.004768303,-14.234133,-14.244435,-3.6931124,715.69495,1.835793,1.5976286e-09,0.9990139,0.16210938,0.004795366,-13.603237,-13.612882,-3.7377355,99.41977,0.6241564,3.2243467e-08,0.019366751098632812,36766.484053611755,870000
47.43669,-0.19114289,-8.836803,0.371324,1.0,0.99909306,0.3046875,0.004119022,-15.127513,-15.139306,-3.063727,427.22348,1.533782,8.734144e-06,2.1728523,-2.5344,32.687435,0.9990902,0.26367188,0.00415772,-14.28788,-14.298801,-3.1164975,110.509766,1.3010266,1.1755418e-05,52.02495,-0.19976415,-8.921098,0.39239737,1.0,0.99899673,0.17675781,0.0048527047,-14.31616,-14.326569,-3.6683502,1269.1709,1.9149241,5.490063e-08,0.9989891,0.17285156,0.004887696,-13.651909,-13.661585,-3.752674,165.66667,0.9255821,2.2033402e-07,0.01915768141746521,36862.27246403694,875000
30.62247,-0.29336873,-8.852533,0.37525618,1.0,0.9990711,0.26464844,0.0041900333,-14.659704,-14.670931,-3.175211,1214.9661,1.5386819,1.219885e-05,1.1916106,-0.7247752,19.635857,0.9990721,0.23144531,0.0042503932,-13.811798,-13.822147,-3.224824,359.2361,1.18255,7.866365e-06,48.51596,-0.3342309,-8.85927,0.3769405,1.0,0.9990158,0.17773438,0.0047958,-14.267149,-14.277469,-3.7112336,521.80884,1.685876,7.564911e-09,0.9990063,0.1796875,0.0048387907,-13.510973,-13.520558,-3.7048304,3561.4846,4.6945686,2.52988e-06,0.019770402050018312,36961.124475717545,880000
44.789722,-0.23063608,-8.82674,0.3688079,1.0,0.9990883,0.27929688,0.0041965665,-14.913485,-14.925024,-3.108113,428.92032,1.6749349,1.1857814e-05,2.1880867,-2.5425735,28.507454,0.9990845,0.25097656,0.004287035,-14.112782,-14.123459,-3.1897469,543.36774,1.5758041,1.1767655e-05,49.51723,-0.29383534,-8.879042,0.3818832,1.0,0.99902916,0.20898438,0.004603546,-14.335887,-14.3465185,-3.4602194,516.45483,1.5758871,4.9038936e-06,0.99902534,0.18945312,0.0046761837,-13.71101,-13.720972,-3.519674,1166.8413,2.70927,1.0582546e-05,0.025533821630477904,37088.793585300446,885000
39.531773,-0.23792773,-8.81827,0.3666903,1.0,0.9990654,0.2529297,0.0042477706,-14.478645,-14.489706,-3.1624599,403.46707,1.313149,5.5146375e-06,1.4590793,-1.1064608,25.078377,0.9990673,0.23046875,0.004314792,-13.669899,-13.680081,-3.2529168,47.500385,0.63305336,2.5126677e-05,44.498657,-0.31012055,-8.864475,0.37824175,1.0,0.9990339,0.1953125,0.0047714375,-14.070114,-14.080252,-3.700089,286.76685,0.76673913,1.18345284e-07,0.999033,0.16894531,0.00483615,-13.306088,-13.315395,-3.7861435,97.95395,0.57066804,5.711564e-07,0.02465311918258667,37212.05918240547,890000
38.19395,-0.22885793,-8.831862,0.37008855,1.0,0.9990797,0.25,0.0041842116,-14.709367,-14.720674,-3.1429417,288.5016,1.1728765,7.3881456e-06,1.9741589,-1.2856009,23.02823,0.9990759,0.24902344,0.004218928,-13.973177,-13.983706,-3.2007804,265.19775,1.1876307,1.0328881e-06,50.943638,-0.29021725,-8.880293,0.38219625,1.0,0.999012,0.18359375,0.0046792333,-14.43783,-14.448523,-3.4988241,1557.4576,3.3112888,3.0498054e-08,0.9990139,0.16503906,0.004714198,-13.691285,-13.70114,-3.6088247,281.57208,1.1052032,3.5712242e-07,0.024647539043426512,37335.296879053116,895000
38.799725,-0.19118538,-8.87947,0.3819905,1.0,0.99906635,0.25195312,0.004232958,-14.867222,-14.878637,-3.1888962,98.5504,0.9620798,6.574287e-06,1.2061021,-1.117845,22.682058,0.99906445,0.23925781,0.004282699,-13.967569,-13.97806,-3.2363272,266.859,1.1129973,3.0927185e-05,44.77478,-0.34930563,-8.883831,0.38308072,1.0,0.9989996,0.20410156,0.004683611,-14.587744,-14.598603,-3.478129,1275.7115,2.9400024,1.2416942e-07,0.99898434,0.1953125,0.0047445246,-13.782697,-13.792733,-3.5159028,746.02704,2.43147,6.1446843e-07,0.02537754240036011,37462.18459391594,900000
37.856026,-0.19831046,-8.826874,0.36884162,1.0,0.99907684,0.25097656,0.0042872448,-14.597876,-14.608921,-3.298049,1117.3179,1.5848724,2.33792e-05,1.5726128,-1.2614971,22.480396,0.9990759,0.22558594,0.0043936046,-13.89443,-13.904655,-3.433289,91.77086,0.7430047,2.3490991e-05,41.917088,-0.24120861,-8.858267,0.37668958,1.0,0.9990101,0.17773438,0.0048109707,-14.298465,-14.3087845,-3.7415347,2107.7285,3.8237739,2.925051e-09,0.9990101,0.17871094,0.004828641,-13.652046,-13.66168,-3.7965024,71.81872,0.4956991,3.8340474e-07,0.37131801681518556,39318.77467942238,905000
30.836246,-0.24618335,-8.816555,0.3662618,1.0,0.9990845,0.2783203,0.0041358266,-14.732773,-14.744141,-3.1030493,703.41986,1.1858749,2.1386466e-05,1.2135183,-1.3919957,18.564339,0.999074,0.2626953,0.0041922247,-13.870396,-13.880863,-3.1625917,446.09015,1.6193302,9.901699e-06,54.91571,-0.2695998,-8.835539,0.3710078,1.0,0.9990101,0.17871094,0.0047194213,-14.365133,-14.375718,-3.5367327,305.3054,1.3739069,2.5268648e-07,0.99900436,0.171875,0.004729177,-13.647469,-13.657294,-3.5950906,288.29034,1.2576804,5.0247408e-08,0.014269528150558472,39390.1223218441,910000
40.38964,-0.18811679,-8.852093,0.37514627,1.0,0.9990759,0.2548828,0.0041682725,-14.630925,-14.642119,-3.1793208,303.24194,0.88249385,4.898563e-05,1.7327518,-1.4502212,23.655071,0.9990721,0.22460938,0.00424779,-13.987956,-13.998432,-3.2710333,49.81334,0.6386254,2.5510248e-05,56.359444,-0.25825113,-8.8543,0.37569782,1.0,0.99896336,0.19140625,0.00479461,-14.401965,-14.4125805,-3.5420482,2078.8591,4.303124,6.707813e-07,0.9990015,0.18554688,0.0047732005,-13.63253,-13.64229,-3.6477602,123.59416,0.96422964,1.2516256e-08,0.014324491834640503,39461.744782447815,915000
39.59897,-0.23181635,-8.836878,0.3713423,1.0,0.9990778,0.27734375,0.00407944,-14.850897,-14.862483,-2.999405,273.41544,1.5210606,1.3202875e-05,1.9745269,-1.3633872,25.415516,0.9990797,0.24804688,0.004166644,-14.046529,-14.057218,-3.1118903,208.41135,1.3376933,1.13581145e-05,39.64721,-0.31712198,-8.874136,0.38065687,1.0,0.9989929,0.1875,0.004689427,-14.308949,-14.319478,-3.5382578,435.37018,1.2515361,5.618579e-06,0.998991,0.17089844,0.004710327,-13.606519,-13.616351,-3.547465,307.6741,0.9420024,1.3412466e-05,0.014312141561508179,39533.3054933548,920000
39.70582,-0.21283004,-8.858104,0.37664884,1.0,0.99907684,0.24902344,0.004236931,-14.561537,-14.572622,-3.2214015,322.33362,1.3044813,4.050387e-09,1.9843043,-1.4969039,28.333763,0.99907494,0.21972656,0.0043010046,-13.759764,-13.770005,-3.282329,159.52228,1.2473395,4.4355916e-06,43.749195,-0.3162592,-8.874184,0.38066906,1.0,0.9990015,0.18554688,0.004771116,-14.156935,-14.167196,-3.6589394,243.45374,0.99943626,2.7967522e-09,0.9989977,0.17382812,0.004806488,-13.475443,-13.485024,-3.6739964,146.36716,0.899315,2.014548e-09,0.014303212690353393,39604.82155799866,925000
33.664974,-0.27941346,-8.8563,0.3761983,1.0,0.999074,0.29882812,0.0040194765,-14.894665,-14.90633,-2.9605756,167.37062,0.9245894,3.6820828e-05,1.440746,-1.397439,21.157356,0.999073,0.26171875,0.004058905,-14.065878,-14.076722,-2.973415,144.76814,1.3436753,6.638301e-05,47.838303,-0.2844919,-8.8328,0.3703229,1.0,0.99902153,0.19140625,0.0046570944,-14.341112,-14.351736,-3.4730473,470.59726,1.6025045,5.523342e-10,0.9990196,0.18847656,0.00470946,-13.617481,-13.627281,-3.5915346,218.33179,0.9220035,1.1865775e-09,0.014273459434509278,39676.18885755539,930000
42.285503,-0.20231202,-8.820624,0.367279,1.0,0.9990797,0.28222656,0.0040585017,-14.798125,-14.809671,-2.9861927,210.38335,1.1504757,6.3437896e-05,1.278093,-2.7740428,24.873644,0.99908066,0.25976562,0.0041217855,-14.069998,-14.080799,-3.0204449,254.75378,1.6086793,9.760508e-05,50.95562,-0.32627416,-8.92173,0.39255565,1.0,0.99901676,0.19042969,0.0048241103,-14.316734,-14.327126,-3.6868265,165.63286,0.9223292,3.3433628e-07,0.9990053,0.18359375,0.004847128,-13.587396,-13.597086,-3.6737819,3255.74,4.6280622,7.823738e-09,0.014271113634109498,39747.54442739487,935000
40.570293,-0.25089955,-8.844362,0.37321365,1.0,0.999073,0.2734375,0.004253164,-14.742538,-14.75379,-3.2318838,368.5388,1.1415714,1.0260804e-06,1.3259351,-1.5826335,23.336926,0.9990711,0.24511719,0.004314895,-13.943035,-13.953465,-3.272657,215.32347,1.0309364,1.9454016e-07,44.418602,-0.3346033,-8.858712,0.37680107,1.0,0.99899006,0.18261719,0.004795204,-14.283582,-14.293973,-3.6537595,592.68024,1.5622095,3.0556976e-08,0.9989958,0.16699219,0.0047725495,-13.649179,-13.6589,-3.704926,425.03995,1.0806638,2.5680038e-07,0.0191920108795166,39843.50448298454,940000
35.57405,-0.2269897,-8.854038,0.37563246,1.0,0.99907875,0.2705078,0.0040905923,-14.842096,-14.8536625,-3.0094075,672.7652,1.4331415,3.4125187e-05,0.9766397,-0.9833846,19.997929,0.99907017,0.26660156,0.0041215466,-14.119675,-14.130505,-3.0406985,284.76486,1.1963406,9.67377e-05,43.003273,-0.29441708,-8.869155,0.37941164,1.0,0.9989977,0.21777344,0.0046743318,-14.408126,-14.418775,-3.5140889,396.4119,1.2814634,1.4318584e-10,0.99899006,0.19042969,0.004759731,-13.647282,-13.657147,-3.5556898,84.717445,1.0543213,8.3192564e-10,0.015478826379776002,39920.89861869812,945000
39.71611,-0.24505922,-8.871363,0.37996364,1.0,0.9990711,0.29003906,0.0041299597,-14.748102,-14.759518,-3.0712433,291.2725,1.114424,1.0512356e-05,1.6118407,-1.617942,24.681131,0.99907494,0.25976562,0.004184221,-14.009673,-14.020292,-3.146757,120.72103,0.9425688,4.4782422e-07,44.522408,-0.2761269,-8.857364,0.3764639,1.0,0.99901676,0.1875,0.004684888,-14.247926,-14.258319,-3.6164196,520.254,1.2340457,1.2776794e-06,0.999033,0.17871094,0.0047222795,-13.529287,-13.538912,-3.6830168,82.96896,0.52757084,2.5421762e-06,0.014376771926879884,39992.78247952461,950000
30.05861,-0.2766863,-8.746513,0.34875134,1.0,0.99907875,0.26757812,0.0042008557,-14.724769,-14.736041,-3.1931047,161.95792,0.88041896,1.1688613e-05,1.8016751,-0.98929805,18.254908,0.9990759,0.24902344,0.0042506913,-13.909755,-13.920206,-3.2175512,171.46393,1.0154655,4.2498755e-06,48.684475,-0.33116135,-8.839799,0.37207282,1.0,0.9990063,0.19824219,0.0047671064,-14.434787,-14.445383,-3.5950618,3085.1545,2.726411,8.705753e-08,0.9989977,0.171875,0.0048022587,-13.589787,-13.599529,-3.6219468,15109.174,15.7895775,9.4726846e-07,0.014555463075637817,40065.559796094894,955000
33.91186,-0.2572314,-8.813229,0.36543015,1.0,0.99907017,0.24316406,0.0043091862,-14.698786,-14.710001,-3.2244158,335.04865,1.3867056,3.8760023e-05,1.0528378,-1.2360394,18.337229,0.9990721,0.23632812,0.0043527596,-13.861486,-13.871824,-3.2850423,203.92133,1.2845795,3.6273526e-05,46.91416,-0.31888008,-8.847624,0.37402892,1.0,0.9990101,0.171875,0.0048898226,-14.273735,-14.284015,-3.7591588,1047.9436,1.967535,9.207511e-09,0.9990072,0.15820312,0.0048802197,-13.556742,-13.566296,-3.783534,757.12115,1.5965668,4.4423437e-08,0.01464462971687317,40138.782945632935,960000
39.42984,-0.20155953,-8.827272,0.36894095,1.0,0.99908066,0.25878906,0.0041743764,-14.761562,-14.772902,-3.162027,246.26994,1.0981197,2.95402e-06,1.5938513,-1.6848304,25.129848,0.9990845,0.24804688,0.0042200275,-14.086241,-14.0968895,-3.1926408,479.79684,1.4622777,1.2652345e-05,59.880325,-0.22438413,-8.839308,0.37194985,1.0,0.9989681,0.19335938,0.0047400785,-14.288353,-14.298915,-3.4844956,1256.0043,2.0598717,2.63837e-06,0.9989939,0.17578125,0.0046954434,-13.658058,-13.667894,-3.59651,137.73029,0.704635,3.2954517e-07,0.014604313039779663,40211.804512023926,965000
38.61136,-0.2361964,-8.815897,0.36609715,1.0,0.9990883,0.2890625,0.0040699635,-14.862462,-14.874024,-3.0346165,325.449,1.2596993,1.7057704e-05,1.2827014,-1.1056869,23.645447,0.9990854,0.26464844,0.0041602263,-14.173836,-14.184646,-3.1152654,177.59612,1.4244456,1.4142764e-05,43.32425,-0.2906622,-8.883758,0.38306242,1.0,0.9990177,0.19628906,0.004685182,-14.299606,-14.310101,-3.5646286,988.39124,1.6176443,6.018377e-10,0.9990158,0.17675781,0.004726194,-13.663452,-13.673287,-3.6020026,378.6261,1.4158908,2.7768207e-08,0.015645138311386107,40290.030207157135,970000
41.202538,-0.22280866,-8.840416,0.37222692,1.0,0.99908733,0.26660156,0.004079381,-14.939583,-14.951252,-3.0019517,358.54678,1.3486345,4.740489e-05,1.844953,-3.6359582,31.723206,0.9990845,0.25683594,0.0041119363,-14.208261,-14.219172,-3.0460591,200.85135,1.1209478,2.7760586e-06,48.38154,-0.2661515,-8.837561,0.37151325,1.0,0.9989977,0.20507812,0.004711928,-14.3935,-14.404137,-3.512981,261.23694,1.2357609,3.206789e-07,0.9990177,0.19726562,0.004642763,-13.720479,-13.730415,-3.5571404,653.5176,1.4044342,1.2023463e-07,0.020567775630950927,40392.869086265564,975000
38.303574,-0.21381366,-8.819675,0.3670419,1.0,0.9990778,0.27539062,0.0041836486,-14.85803,-14.869476,-3.148498,388.2159,1.5498579,6.9912876e-06,1.5614821,-1.6736523,23.60129,0.9990759,0.2578125,0.0042828163,-14.117909,-14.128546,-3.237242,270.68378,1.4891045,1.8114722e-06,46.51572,-0.27057576,-8.87254,0.38025814,1.0,0.99901295,0.20703125,0.0046817767,-14.392189,-14.402797,-3.540033,338.85428,1.4065924,4.649256e-07,0.99900436,0.17089844,0.004767744,-13.763341,-13.773279,-3.5952399,847.03955,2.3015575,1.0797212e-06,0.020579449844360352,40495.76633667946,980000
33.539936,-0.23125799,-8.797674,0.36154157,1.0,0.9990883,0.25097656,0.004242601,-14.941162,-14.952636,-3.2031193,541.9055,1.494862,1.3176171e-05,0.9923473,-1.0544499,19.8716,0.9990845,0.24511719,0.004266874,-14.190001,-14.200694,-3.2499628,94.47273,1.1563566,2.6305901e-05,44.010597,-0.32226515,-8.877819,0.38157755,1.0,0.99898815,0.17089844,0.004788406,-14.304152,-14.314519,-3.6974218,1299.5522,1.4121702,9.09677e-07,0.998991,0.14941406,0.0048511215,-13.583448,-13.593048,-3.7629185,675.25055,1.6178443,1.795365e-05,0.020638262176513673,40598.95764875412,985000
37.75154,-0.24574833,-8.864331,0.37820578,1.0,0.99908257,0.26367188,0.0040890514,-14.97044,-14.98208,-3.0631757,300.9937,1.1852752,7.5859424e-07,1.3940214,-2.4870536,22.900068,0.999073,0.24511719,0.004164771,-14.235234,-14.246082,-3.1375494,161.49352,0.95337534,1.9490173e-05,46.64682,-0.35134608,-8.864109,0.37815005,1.0,0.9990063,0.19628906,0.0047225426,-14.39727,-14.40782,-3.6047192,658.9479,2.534317,6.0977345e-10,0.9990053,0.18164062,0.0047537917,-13.757978,-13.76787,-3.6392963,269.9856,1.5648241,9.766727e-09,0.020612953805923463,40702.02241945267,990000
40.586937,-0.22506401,-8.805632,0.36353064,1.0,0.9990797,0.25683594,0.004199679,-14.901315,-14.912766,-3.1866965,200.05017,1.2050297,4.2221104e-06,1.8120944,-1.7339157,23.875902,0.9990654,0.23925781,0.004267646,-14.02473,-14.035255,-3.2560372,133.07945,1.0706758,4.611925e-06,49.741257,-0.3222364,-8.865704,0.37854886,1.0,0.99900055,0.1875,0.00471941,-14.416458,-14.426985,-3.6480432,1103.3795,1.1070874,1.9418046e-12,0.9989996,0.18164062,0.0047918446,-13.566088,-13.575713,-3.7200055,280.60757,0.80075365,3.7957758e-08,0.02264893708229065,40815.267105817795,995000
41.77983,-0.24035743,-8.835772,0.37106565,1.0,0.99908066,0.26757812,0.0041549737,-14.8723955,-14.883886,-3.117227,127.78552,0.8936615,4.20498e-06,2.3572345,-1.3232434,24.877983,0.9990759,0.24414062,0.004203065,-14.085844,-14.096538,-3.147068,142.0807,1.0676765,9.422729e-06,53.428772,-0.34645906,-8.834534,0.3707562,1.0,0.9990063,0.19335938,0.0047550024,-14.351202,-14.361659,-3.6533346,1152.121,1.4736288,1.2989464e-10,0.9990053,0.15722656,0.0047993883,-13.642811,-13.652527,-3.702352,252.53154,0.99168134,1.3454773e-08,0.027382383346557616,40952.179023981094,1000000
