training/actor/actor_loss,training/actor/adv,training/actor/bc_log_prob,training/actor/mse,training/actor/std,training/critic/binary_accuracy,training/critic/categorical_accuracy,training/critic/contrastive_loss,training/critic/logits,training/critic/logits_neg,training/critic/logits_pos,training/critic/v_max,training/critic/v_mean,training/critic/v_min,training/grad/max,training/grad/min,training/grad/norm,training/value/binary_accuracy,training/value/categorical_accuracy,training/value/contrastive_loss,training/value/logits,training/value/logits_neg,training/value/logits_pos,training/value/v_max,training/value/v_mean,training/value/v_min,validation/actor/actor_loss,validation/actor/adv,validation/actor/bc_log_prob,validation/actor/mse,validation/actor/std,validation/critic/binary_accuracy,validation/critic/categorical_accuracy,validation/critic/contrastive_loss,validation/critic/logits,validation/critic/logits_neg,validation/critic/logits_pos,validation/critic/v_max,validation/critic/v_mean,validation/critic/v_min,validation/value/binary_accuracy,validation/value/categorical_accuracy,validation/value/contrastive_loss,validation/value/logits,validation/value/logits_neg,validation/value/logits_pos,validation/value/v_max,validation/value/v_mean,validation/value/v_min,time/epoch_time,time/total_time,step
31.858967,-0.782482,-9.811756,0.6150619,1.0,0.7510109,0.0,0.5856049,-0.4733162,-0.473198,-0.59426725,17.757961,1.0098159,0.027875176,0.91109484,-0.9068165,71.09422,0.6396084,0.0,0.64287055,-0.26079813,-0.2607322,-0.32823992,7.8363566,0.96456075,0.0496617,36.10777,-0.57969856,-9.755055,0.6008867,1.0,0.9723425,0.0009765625,0.08529431,-5.3688545,-5.36839,-5.8436937,7.0119586,0.11806704,2.5407522e-05,0.97128296,0.001953125,0.08023736,-5.1709347,-5.17046,-5.65598,12.089632,0.14361486,4.2918375e-05,0.012498603391647338,62.49301886558533,1
18.188936,-0.10460956,-9.414948,0.51586,1.0,0.99902153,0.08300781,0.005113221,-23.67851,-23.697718,-4.02915,13.033982,0.050065547,3.890447e-08,0.35043994,-0.3786242,7.090955,0.9990263,0.068359375,0.005087287,-24.905693,-24.926008,-4.1218057,2.3656611,0.037055314,3.3174473e-08,25.715927,0.09251639,-9.414776,0.51581705,1.0,0.99902344,0.07519531,0.005122369,-23.419724,-23.438616,-4.092874,45.854073,0.05356966,1.2057119e-09,0.9990225,0.07421875,0.005110063,-24.81477,-24.834745,-4.37957,2.4757185,0.024364943,1.497439e-09,0.24036692519187927,1264.3276462554932,5000
10.042635,-0.104164466,-9.344878,0.49834245,1.0,0.99903774,0.1328125,0.004936818,-18.211786,-18.225706,-3.9712143,8.548287,0.095715806,2.2382854e-07,0.19160572,-0.33207506,3.2483122,0.99903107,0.11816406,0.0049290634,-18.513386,-18.527588,-3.985522,9.555781,0.08390087,4.9700554e-07,9.937344,-0.0912357,-9.357248,0.501435,1.0,0.99900913,0.11328125,0.0050344476,-18.033005,-18.046663,-4.0614448,18.220936,0.11907275,2.3301193e-06,0.99901676,0.10449219,0.0050365627,-18.385025,-18.398985,-4.10392,21.830753,0.11039093,2.7219987e-06,0.25017410955429076,2515.1981954574585,10000
9.984994,-0.07384691,-9.335644,0.49603406,1.0,0.9990425,0.15332031,0.0047961734,-14.804493,-14.81511,-3.9426188,15.435059,0.14456542,2.0514877e-07,0.110465676,-0.05937406,1.8186543,0.9990406,0.13769531,0.004815002,-15.031136,-15.041955,-3.9626908,16.5289,0.15100753,9.656611e-08,10.100092,-0.08827363,-9.316116,0.4911522,1.0,0.99901485,0.119140625,0.0049784435,-14.788373,-14.798876,-4.0441685,18.548986,0.14229918,2.649358e-06,0.99901295,0.111328125,0.0049808286,-14.969138,-14.979814,-4.0484056,23.373663,0.13026635,2.1211565e-06,0.1489095489025116,3259.745945453644,15000
12.328255,-0.028226983,-9.313589,0.49052003,1.0,0.99904823,0.15917969,0.0047635757,-13.407488,-13.416956,-3.7223568,25.185604,0.30635864,5.68517e-05,0.19885649,-0.11271389,2.7133229,0.9990473,0.15429688,0.0047760727,-13.488803,-13.498269,-3.8053105,18.722248,0.26493192,3.9199454e-05,9.452598,-0.09973922,-9.2978,0.4865731,1.0,0.9990263,0.14257812,0.004978856,-13.192154,-13.201191,-3.948206,55.618965,0.24751964,1.8078212e-05,0.9990206,0.13671875,0.00499498,-13.220071,-13.229131,-3.9513152,79.795296,0.28078914,2.0831623e-05,0.020052375602722168,3360.0078299045563,20000
10.637087,-0.10016371,-9.328849,0.49433511,1.0,0.9990406,0.15136719,0.0048869634,-12.818381,-12.826959,-4.044035,182.2495,0.3206065,1.3120034e-05,0.17764267,-0.16356526,2.4995332,0.9990406,0.15820312,0.0048919143,-12.865719,-12.874341,-4.046034,139.65587,0.3020972,9.893373e-06,12.410827,-0.055207726,-9.346911,0.49885097,1.0,0.99902534,0.14257812,0.0048419256,-13.113212,-13.122131,-3.988087,62.51318,0.29186794,1.401493e-05,0.999032,0.14453125,0.0048528663,-13.164171,-13.173084,-4.0458784,27.966476,0.17533484,2.409655e-05,0.1596259403705597,4158.137534856796,25000
11.261615,-0.0909016,-9.345867,0.4985898,1.0,0.9990387,0.14550781,0.004775905,-12.912994,-12.921839,-3.8647451,106.72889,0.35019693,2.1962023e-06,0.18073124,-0.094618395,2.781846,0.99904156,0.14160156,0.004785166,-12.9300785,-12.938925,-3.880527,47.656105,0.36029574,8.6982544e-07,11.003344,-0.103033446,-9.359894,0.50209653,1.0,0.9990263,0.15625,0.004790183,-13.059168,-13.068231,-3.7884526,580.14624,1.2239163,3.2092335e-05,0.99902916,0.14160156,0.0047908826,-13.068138,-13.077195,-3.8027525,162.01454,0.6888912,3.8153394e-05,0.01680354495048523,4242.155260801315,30000
10.792482,-0.112392984,-9.29931,0.48695028,1.0,0.999053,0.17773438,0.004639714,-13.212795,-13.222062,-3.7323658,43.57964,0.29821843,8.094219e-06,0.15474427,-0.10958806,2.5351057,0.99905396,0.1640625,0.0046550827,-13.228803,-13.238095,-3.722943,45.372303,0.26739156,1.2811073e-05,12.300458,-0.11972079,-9.335514,0.49600148,1.0,0.99902725,0.14746094,0.004831411,-13.0857315,-13.094745,-3.866416,103.778145,0.41809097,2.4700515e-05,0.9990263,0.14160156,0.0048446436,-13.10326,-13.112283,-3.8738701,59.10301,0.4361422,4.92571e-05,0.16160089859962462,5050.15975522995,35000
11.43122,-0.13571224,-9.319416,0.4919769,1.0,0.9990406,0.15820312,0.0047495603,-13.399879,-13.409222,-3.8427908,59.78518,0.32869166,1.4915728e-05,0.12081711,-0.15101948,3.1896124,0.99903965,0.1484375,0.0047714724,-13.396604,-13.405924,-3.8618875,37.670567,0.3486293,2.057199e-05,13.155454,-0.1243546,-9.320725,0.49230427,1.0,0.99901867,0.15234375,0.004857227,-13.408645,-13.417973,-3.8661752,79.71167,0.4763471,1.0431006e-05,0.99901676,0.13574219,0.004884458,-13.379389,-13.388689,-3.865312,249.30064,0.8539628,1.678118e-05,0.01675443959236145,5133.93195438385,40000
11.595258,-0.14453632,-9.319919,0.4921028,1.0,0.9990444,0.16503906,0.0047745146,-13.323368,-13.332694,-3.7835536,57.795918,0.32148042,9.144431e-06,0.1960219,-0.3458733,3.929254,0.9990406,0.16113281,0.0047856565,-13.322475,-13.331789,-3.7954445,41.69475,0.34596774,4.6003308e-05,12.406945,-0.1854341,-9.326403,0.49372375,1.0,0.99902344,0.16015625,0.004815063,-13.3252735,-13.334626,-3.7568877,96.91011,0.33660662,3.078136e-05,0.9990244,0.14453125,0.0048434427,-13.316556,-13.325914,-3.7431836,158.78986,0.47234136,3.4407993e-05,0.1617292697429657,5942.578306436539,45000
12.118296,-0.16530716,-9.366112,0.50365096,1.0,0.9990463,0.16308594,0.004707263,-13.474185,-13.483674,-3.7661948,36.75815,0.25058734,1.8350334e-05,0.17163475,-0.15894645,3.2826333,0.9990463,0.14355469,0.00473228,-13.516784,-13.526303,-3.7777984,26.405434,0.26280916,1.39106005e-05,15.145814,-0.15379858,-9.369007,0.50437456,1.0,0.99902153,0.17871094,0.004803748,-13.432681,-13.442109,-3.7881474,62.57414,0.39301443,1.5303529e-05,0.99901867,0.16796875,0.004790469,-13.444931,-13.454373,-3.78554,330.5216,0.6101708,1.1666072e-05,0.016514412927627564,6025.150374650955,50000
12.942144,-0.15435356,-9.274981,0.48086792,1.0,0.99905586,0.20605469,0.0045790104,-13.671655,-13.681513,-3.5873652,80.960625,0.64220685,3.938443e-06,0.19605654,-0.3125653,4.4387984,0.99905014,0.19140625,0.00461041,-13.636482,-13.64629,-3.6038704,78.49061,0.75114644,1.3906448e-05,12.240042,-0.18680404,-9.329798,0.49457246,1.0,0.99902534,0.15722656,0.004855654,-13.562021,-13.571562,-3.8023896,533.98126,0.8653816,1.4542081e-05,0.99902916,0.14453125,0.0048604636,-13.498707,-13.508186,-3.8005376,134.38934,0.5680498,4.3330998e-05,0.18012474374771117,6925.774099349976,55000
13.661364,-0.14929739,-9.319495,0.49199677,1.0,0.9990387,0.17675781,0.004716876,-13.686504,-13.696204,-3.7651608,189.3266,0.44054097,1.4061841e-05,0.227675,-0.17844336,3.836341,0.9990387,0.17578125,0.0047291545,-13.611414,-13.621035,-3.7699466,60.960907,0.3212064,2.682799e-05,12.524383,-0.19144177,-9.306343,0.48870867,1.0,0.9990368,0.13378906,0.0048269806,-13.660537,-13.670086,-3.8921287,92.42819,0.3701074,2.98037e-06,0.9990406,0.13769531,0.0048439107,-13.537359,-13.546782,-3.897351,349.18912,0.6671788,3.727556e-06,0.023874942302703858,7045.148813009262,60000
14.717083,-0.17988783,-9.322435,0.492732,1.0,0.99904823,0.19140625,0.0045576864,-13.83975,-13.849694,-3.6684012,32.92713,0.25186324,3.8088136e-05,0.30059546,-0.38597977,5.7659206,0.999053,0.1875,0.0045601977,-13.802437,-13.812349,-3.661604,15.4534025,0.20520549,6.9764487e-06,14.668051,-0.22434182,-9.322886,0.49284455,1.0,0.9990349,0.16699219,0.0048035122,-13.848932,-13.858676,-3.8807006,465.60352,0.84319746,7.790432e-06,0.99903584,0.140625,0.004817495,-13.786084,-13.795775,-3.8718202,114.017075,0.6740173,4.019749e-05,0.023343706274032594,7161.867349863052,65000
15.381317,-0.17668116,-9.327864,0.49408883,1.0,0.9990511,0.19042969,0.004587186,-13.852481,-13.862466,-3.6377177,283.07852,0.5349255,0.00012419543,0.28333643,-0.27290928,5.7261686,0.9990473,0.16796875,0.004597609,-13.772478,-13.782365,-3.6580207,136.42802,0.4886311,5.4286153e-05,16.256138,-0.14502338,-9.389071,0.50939083,1.0,0.99904156,0.18164062,0.004700563,-13.871912,-13.881837,-3.7181711,153.88321,0.6093267,1.7271874e-06,0.99903774,0.15429688,0.004731089,-13.79394,-13.803748,-3.7602696,122.77956,0.5727882,2.786844e-06,0.019515971994400024,7259.4472115039825,70000
16.657997,-0.15187588,-9.326637,0.49378213,1.0,0.9990511,0.18945312,0.0046013608,-13.9581995,-13.968273,-3.6522806,153.86647,0.48490137,1.2063376e-05,0.22247517,-0.40240493,6.483178,0.9990492,0.17480469,0.004620167,-13.935404,-13.945431,-3.6761193,82.96801,0.47576848,1.1893794e-05,16.309137,-0.17006359,-9.373274,0.5054413,1.0,0.9990406,0.15527344,0.0047826376,-13.986623,-13.996603,-3.7778623,574.0587,0.772087,4.045292e-05,0.99903965,0.15234375,0.0047747875,-13.985783,-13.995766,-3.7729988,103.95748,0.49900275,4.5484438e-05,0.017092248344421388,7344.908457517624,75000
16.115604,-0.15933016,-9.322475,0.492742,1.0,0.9990511,0.18945312,0.004546752,-14.10771,-14.117995,-3.586294,200.46222,0.5181263,2.8002569e-05,0.20157723,-0.2638484,4.9576273,0.99905014,0.17675781,0.0045615565,-14.043775,-14.053967,-3.616941,47.17251,0.43397492,2.1159289e-05,19.187202,-0.19153078,-9.314375,0.49071693,1.0,0.9990244,0.16699219,0.0048233774,-14.275055,-14.28535,-3.74296,270.7283,0.71777713,7.074687e-07,0.9990282,0.14648438,0.0048534283,-14.189451,-14.199636,-3.7687697,451.8824,1.381948,3.239527e-06,0.19758759808540344,8332.846449136734,80000
17.779335,-0.18697087,-9.28824,0.48418313,1.0,0.99904346,0.18652344,0.004636837,-13.938959,-13.949001,-3.6671412,262.58685,1.0200865,6.841205e-06,0.41619053,-0.2792667,7.571862,0.99904346,0.16992188,0.0046606874,-13.939548,-13.949564,-3.6913986,225.90134,0.87064147,6.928749e-06,19.90986,-0.13825557,-9.323001,0.49287328,1.0,0.99901867,0.15429688,0.004906608,-14.033953,-14.043953,-3.803939,2044.2134,3.663218,1.4394546e-06,0.9990196,0.13769531,0.004911802,-14.021646,-14.03158,-3.858405,210.31474,1.370894,1.528469e-06,0.023313258361816407,8449.412742376328,85000
18.678787,-0.14436673,-9.341066,0.49738947,1.0,0.99905396,0.2109375,0.004496933,-14.234181,-14.244678,-3.4973593,225.4412,0.7870662,8.555765e-06,0.3903643,-0.5802704,7.7697706,0.99905586,0.19824219,0.004503822,-14.219245,-14.22969,-3.5342968,86.50649,0.7232691,3.1315394e-05,20.31452,-0.17766613,-9.337203,0.49642372,1.0,0.9990206,0.16796875,0.004836412,-14.077542,-14.087634,-3.7539992,1059.5958,1.3004005,5.5018827e-06,0.9990244,0.16601562,0.004836154,-14.067232,-14.077279,-3.7890515,426.64005,0.9466426,3.0585714e-05,0.02331846408843994,8566.005068540573,90000
16.465149,-0.2345742,-9.319241,0.49193296,1.0,0.99905205,0.18359375,0.0046193195,-14.044874,-14.055079,-3.6050663,178.28831,1.1482179,6.4529477e-06,0.3200572,-0.48203313,6.9953485,0.99904823,0.16796875,0.0046210405,-13.896448,-13.906519,-3.5952778,237.91519,1.2136387,1.47392975e-05,18.408081,-0.22150066,-9.323248,0.49293503,1.0,0.9990282,0.17871094,0.0047648246,-14.098522,-14.108666,-3.7204504,586.6805,1.7273632,3.3369938e-06,0.99903107,0.18066406,0.0047659525,-13.925891,-13.935875,-3.712653,176.67546,1.2202103,3.972421e-05,0.019493361139297484,8663.471875667572,95000
18.229021,-0.17602488,-9.297148,0.4864097,1.0,0.99905586,0.21289062,0.004526905,-14.095052,-14.105338,-3.5724502,63.25242,0.45552164,4.6555765e-06,0.4551562,-0.60322154,7.6329145,0.99905205,0.18554688,0.0045476425,-14.002068,-14.0122175,-3.616868,103.10382,0.5507715,5.6626623e-06,18.585854,-0.19328198,-9.317961,0.49161327,1.0,0.9990263,0.16601562,0.004828738,-13.988288,-13.998269,-3.77725,1218.9508,1.6080189,2.7711387e-06,0.99902344,0.15820312,0.004857379,-13.925871,-13.935768,-3.801748,317.733,1.089265,8.061233e-06,0.016704052066802977,8746.992141246796,100000
18.182089,-0.20089005,-9.308867,0.4893399,1.0,0.99905586,0.18066406,0.0045778626,-14.357893,-14.368432,-3.5758104,1165.0338,1.4681666,0.000112266076,0.64518857,-0.6250945,9.95055,0.9990549,0.18066406,0.004605638,-14.285978,-14.29643,-3.5940042,177.3524,0.92541254,7.397512e-05,18.499004,-0.25329122,-9.35807,0.5016408,1.0,0.9990349,0.1640625,0.004816169,-14.355185,-14.365498,-3.80478,601.8345,1.5080304,6.350021e-06,0.9990349,0.14648438,0.0048401756,-14.243086,-14.253286,-3.8075829,203.9757,0.8761469,8.812407e-06,0.2166287702560425,9830.135994195938,105000
25.682655,-0.15837166,-9.349066,0.4993892,1.0,0.99905205,0.20800781,0.0045389,-14.130644,-14.141008,-3.5263312,162.6865,0.6984471,1.2107288e-05,0.824013,-0.6475765,11.992951,0.9990463,0.19628906,0.004552638,-14.061323,-14.07158,-3.5676978,177.37338,0.6141129,2.8517614e-05,20.127365,-0.21960907,-9.292288,0.48519483,1.0,0.9990387,0.17089844,0.004800101,-14.2449465,-14.255208,-3.7477012,444.9778,1.1013383,9.948191e-06,0.999032,0.15527344,0.0048021656,-14.142956,-14.153112,-3.7534041,445.1242,1.233088,3.164909e-06,0.0315693461894989,9987.982726573944,110000
19.701256,-0.16762222,-9.343687,0.4980446,1.0,0.99905205,0.18554688,0.004573685,-14.243334,-14.253725,-3.61465,149.18321,0.5798253,2.4074418e-06,0.2805527,-0.36187527,6.8823404,0.99905396,0.17285156,0.0045839427,-14.080654,-14.090877,-3.622973,99.413414,0.57267725,9.410893e-06,20.527884,-0.21899828,-9.352783,0.50031894,1.0,0.9990282,0.15527344,0.004843894,-14.185457,-14.195602,-3.807407,601.0716,1.184665,1.7081602e-05,0.99902534,0.15039062,0.00485882,-14.085825,-14.095867,-3.8123698,275.90317,1.135892,3.716127e-06,0.028915390014648438,10132.559683084488,115000
21.15437,-0.19610636,-9.279133,0.4819059,1.0,0.99904156,0.18945312,0.0045740213,-14.246544,-14.256942,-3.609458,75.0653,0.38293195,3.8953756e-05,0.6127413,-1.1399032,9.516849,0.9990425,0.16992188,0.0045789843,-14.117104,-14.127368,-3.6160293,85.344284,0.3104383,3.1440024e-05,18.56896,-0.25766942,-9.318072,0.49164093,1.0,0.99904346,0.16601562,0.004859463,-14.343213,-14.353466,-3.8541412,418.6994,1.3624686,4.124486e-06,0.9990444,0.15332031,0.0048468555,-14.233128,-14.243298,-3.8293912,632.0412,1.9817126,2.824547e-06,0.02333130660057068,10249.216217756271,120000
20.608885,-0.19346666,-9.31045,0.4897355,1.0,0.99905396,0.20507812,0.004520604,-14.286863,-14.297333,-3.5754535,157.2726,0.44175857,1.8261942e-05,0.39717945,-0.5559827,9.8798,0.9990549,0.18261719,0.004553172,-14.156064,-14.166374,-3.609122,74.80339,0.46854126,2.1580941e-05,20.508373,-0.21841171,-9.315598,0.49102235,1.0,0.99904156,0.17285156,0.004836513,-14.315217,-14.325509,-3.7856927,431.68396,0.9555756,1.5013308e-06,0.99903774,0.15332031,0.0048569767,-14.225845,-14.236027,-3.8105989,613.6642,1.2510707,2.57665e-06,0.02333386583328247,10365.885552167892,125000
25.284111,-0.15521431,-9.311074,0.48989153,1.0,0.9990511,0.18847656,0.0045659803,-14.293421,-14.303853,-3.6205163,46.062977,0.45885307,1.2149922e-05,0.92075443,-1.0437521,17.161243,0.9990492,0.16992188,0.0045989165,-14.193639,-14.203929,-3.6667767,84.88643,0.58734137,9.0421545e-06,21.004549,-0.21452144,-9.341206,0.49742442,1.0,0.99903107,0.171875,0.004763015,-14.307298,-14.317668,-3.6987352,1626.8372,2.3235164,2.3929375e-05,0.99903107,0.171875,0.0047522034,-14.208244,-14.218489,-3.7280035,238.50267,1.0521464,1.9922783e-05,0.023336717987060548,10482.569143533707,130000
16.595133,-0.22758009,-9.326328,0.49370492,1.0,0.99904823,0.18554688,0.004557008,-14.588659,-14.599393,-3.6090207,106.55672,0.68501776,1.8272126e-06,0.39341348,-0.38974854,7.3103857,0.9990473,0.18847656,0.004555512,-14.436123,-14.446704,-3.6112528,198.58513,0.8828926,1.7167218e-06,20.673092,-0.25181246,-9.314375,0.4907166,1.0,0.999033,0.16015625,0.004760175,-14.622678,-14.633338,-3.7178159,146.0221,0.88991916,1.740446e-05,0.9990349,0.15722656,0.004769072,-14.501203,-14.511703,-3.7595387,1188.2126,2.0300486,1.6106875e-05,0.023323348808288576,10599.185891866684,135000
19.035433,-0.24439591,-9.331795,0.4950716,1.0,0.99905205,0.19921875,0.004542954,-14.562579,-14.573302,-3.5922236,341.73785,0.9910322,4.3152395e-05,0.48701254,-0.45272973,9.277089,0.999053,0.18652344,0.0045557125,-14.366334,-14.376852,-3.605544,122.246956,0.7460309,1.2293002e-05,25.464909,-0.24073477,-9.307715,0.48905182,1.0,0.99900055,0.14550781,0.004913467,-14.619273,-14.629815,-3.8346982,3363.1655,3.2665007,7.683365e-06,0.9990072,0.13769531,0.004916141,-14.401302,-14.411638,-3.8272576,660.12286,1.5461466,4.627998e-06,0.02333891706466675,10715.880479097366,140000
22.513405,-0.20284316,-9.297361,0.48646304,1.0,0.99905586,0.17773438,0.0045601027,-14.541838,-14.552543,-3.5911036,90.583694,0.5219203,8.317813e-06,0.76659775,-0.6783127,10.504414,0.9990549,0.16503906,0.0045877215,-14.427658,-14.438224,-3.6187942,71.062096,0.5114064,1.2075393e-05,21.557747,-0.24902347,-9.346371,0.49871573,1.0,0.9990339,0.16699219,0.0048600174,-14.385854,-14.396148,-3.8553436,69.61523,0.33829108,4.7354665e-06,0.99903107,0.15136719,0.004883386,-14.280703,-14.29088,-3.868434,169.72203,0.4770676,4.3753054e-05,0.018383525466918946,10807.798107862473,145000
21.778946,-0.23317279,-9.329485,0.49449402,1.0,0.99905396,0.20214844,0.0045425147,-14.704147,-14.715036,-3.565312,503.71738,0.9029781,2.9104154e-05,0.52231026,-0.44697195,10.837517,0.99905205,0.18847656,0.0045521925,-14.463802,-14.474477,-3.5448635,945.9169,1.9849117,5.938753e-05,21.020895,-0.24507558,-9.359186,0.5019194,1.0,0.9990368,0.16894531,0.004748393,-14.661415,-14.672075,-3.755158,815.0628,2.0513039,3.514066e-06,0.99904156,0.16503906,0.00474285,-14.540428,-14.550981,-3.7444205,132.11511,0.98839307,7.24649e-06,0.016845868635177612,10892.027455568314,150000
17.571604,-0.18343519,-9.308582,0.48926842,1.0,0.9990511,0.20410156,0.004478005,-14.393587,-14.40424,-3.4975538,271.4597,1.0870441,2.880082e-05,0.45896682,-0.34666446,7.0070868,0.9990511,0.19335938,0.004478148,-14.202108,-14.212557,-3.5121918,171.17957,0.90650976,0.0001321456,20.901884,-0.20188029,-9.373395,0.5054717,1.0,0.9990368,0.15527344,0.0048465766,-14.3146305,-14.324862,-3.8488412,295.83255,0.85121274,7.972191e-07,0.999033,0.13769531,0.0048467293,-14.086762,-14.096744,-3.874898,854.2094,1.150846,1.1164435e-06,0.25731279063224793,12178.591410160065,155000
19.54734,-0.22878778,-9.335491,0.49599582,1.0,0.99905396,0.19140625,0.0045598242,-14.641723,-14.652515,-3.6019316,374.40646,1.0322394,1.3744944e-05,0.5800973,-0.32729805,7.7951393,0.99905396,0.18554688,0.004543169,-14.560314,-14.571019,-3.6103528,142.54921,0.7840929,1.116095e-05,22.49715,-0.21156202,-9.301101,0.48739818,1.0,0.999033,0.16015625,0.004770256,-14.485405,-14.495827,-3.824811,148.75806,0.48844743,1.6121874e-05,0.99903107,0.14453125,0.004793057,-14.367753,-14.378022,-3.8617158,262.65298,0.85796595,1.7134611e-05,0.023316830253601074,12295.175566196442,160000
19.924492,-0.23455375,-9.32016,0.49216282,1.0,0.99905396,0.22460938,0.004415539,-14.636245,-14.647215,-3.4139972,179.3405,0.6695616,5.4576717e-06,0.61742496,-0.38254562,9.19862,0.9990549,0.21582031,0.004437521,-14.395316,-14.406027,-3.438579,195.33208,0.75649667,9.382522e-06,21.590036,-0.24661136,-9.333249,0.4954353,1.0,0.99903584,0.17480469,0.0048790267,-14.455035,-14.465399,-3.8536406,248.59326,0.89049566,5.900494e-07,0.9990368,0.16699219,0.004877585,-14.241409,-14.25156,-3.857726,134.70737,0.7795559,3.1106158e-06,0.023319361925125123,12411.772377252579,165000
21.975113,-0.24168715,-9.312869,0.49034008,1.0,0.999053,0.1875,0.004558371,-14.574222,-14.584915,-3.6354566,205.10394,0.54235137,8.159134e-06,0.79303545,-0.929897,12.745256,0.9990549,0.17773438,0.004586339,-14.434909,-14.445419,-3.6828604,27.389029,0.31391147,4.6101395e-06,25.980797,-0.2654155,-9.308643,0.48928377,1.0,0.99902344,0.16015625,0.004829499,-14.302155,-14.312416,-3.8048382,774.93494,0.9554169,8.0552994e-08,0.9990225,0.15527344,0.004870549,-14.152708,-14.162786,-3.8434372,1118.1792,1.994973,1.6943822e-07,0.023319130659103394,12528.368034124374,170000
20.52118,-0.23746915,-9.317425,0.4914793,1.0,0.99905586,0.19726562,0.004563753,-14.7355,-14.746403,-3.5822935,91.231834,0.82835716,6.6187763e-06,0.46446705,-0.5607803,10.1087475,0.9990549,0.16992188,0.0045734835,-14.567482,-14.578217,-3.5870318,285.48965,1.1417272,8.786988e-06,25.354145,-0.23117834,-9.271842,0.4800834,1.0,0.9990368,0.16601562,0.004897701,-14.481596,-14.49193,-3.9098194,3564.7808,2.9097786,1.7964335e-07,0.99903584,0.15625,0.0049258824,-14.290626,-14.300739,-3.9443688,614.3206,1.4328153,7.737436e-07,0.023370401191711427,12645.220045089722,175000
24.012012,-0.19964725,-9.329378,0.4944675,1.0,0.9990549,0.19628906,0.004499696,-14.707052,-14.7179785,-3.528891,1667.6923,1.8865545,3.517573e-06,0.7289312,-0.9750171,10.825983,0.999053,0.17480469,0.0045209397,-14.53653,-14.547255,-3.564458,246.65532,1.072262,1.912796e-06,23.691925,-0.23317625,-9.3243065,0.49319938,1.0,0.9990082,0.15332031,0.0048659076,-14.785613,-14.796368,-3.7835636,726.4326,1.7348139,4.971257e-06,0.9990063,0.1484375,0.0049118963,-14.655371,-14.665943,-3.8389564,356.00497,1.3801298,1.10965175e-05,0.023330861806869507,12761.874355316162,180000
19.7486,-0.21192777,-9.324985,0.49336904,1.0,0.99906635,0.21386719,0.004375764,-14.848192,-14.859438,-3.343325,409.1442,1.4355054,9.096363e-05,0.5318524,-0.6176239,9.045256,0.9990654,0.20117188,0.004375836,-14.806791,-14.817986,-3.3562484,105.67351,1.1368947,6.0889983e-05,24.01913,-0.24495994,-9.300631,0.4872806,1.0,0.99903774,0.18066406,0.0047510713,-14.513286,-14.523813,-3.7441068,465.38507,1.4050827,8.753548e-06,0.9990368,0.16308594,0.004765914,-14.382803,-14.393204,-3.74299,2610.967,3.946813,8.086642e-06,0.02332174515724182,12878.48308634758,185000
23.050533,-0.2112658,-9.301668,0.4875401,1.0,0.999053,0.20214844,0.0045112143,-14.656131,-14.66703,-3.5063033,499.55917,0.9606217,2.3413942e-05,0.7745788,-0.6620974,11.922064,0.9990511,0.17480469,0.0045372536,-14.459842,-14.470536,-3.5197902,105.45469,0.89236706,4.3961514e-05,25.721714,-0.18502906,-9.355549,0.50101006,1.0,0.99903584,0.17285156,0.004787705,-14.526054,-14.536597,-3.74049,192.6426,0.6602783,3.2264231e-06,0.99902916,0.15527344,0.004805083,-14.341566,-14.351905,-3.764135,568.817,1.3611484,1.16427655e-05,0.023316704511642455,12995.066613197327,190000
20.05486,-0.24264374,-9.296031,0.4861306,1.0,0.99905205,0.21484375,0.004435218,-14.662184,-14.6731825,-3.409769,299.08832,0.71033657,5.2391197e-06,0.49695414,-0.3198809,8.820569,0.99905014,0.20410156,0.004437864,-14.419158,-14.429958,-3.3702645,177.1853,0.7645681,2.6146781e-05,22.175625,-0.23950861,-9.352505,0.50024915,1.0,0.99902534,0.16210938,0.004817051,-14.6734085,-14.684119,-3.7167723,685.5765,1.6144425,1.4013487e-05,0.999032,0.14746094,0.0048060343,-14.506546,-14.517084,-3.7253895,369.77377,1.6578912,9.915807e-06,0.017070300006866455,13080.418116092682,195000
26.907562,-0.20079245,-9.304594,0.48827147,1.0,0.9990549,0.21386719,0.004469806,-14.782521,-14.79355,-3.5010304,304.65912,0.781258,3.6894184e-05,0.98124856,-1.4114072,16.709242,0.999053,0.21679688,0.0044900756,-14.634151,-14.645008,-3.5272088,197.25047,0.64227027,8.088628e-05,23.907959,-0.2492834,-9.336918,0.4963525,1.0,0.99901867,0.16894531,0.0048808474,-14.697533,-14.708133,-3.853514,446.83572,0.98731714,6.2390177e-06,0.9990206,0.15332031,0.0048698112,-14.479325,-14.489712,-3.8537335,233.2887,0.9194359,1.6697433e-05,0.016708789968490602,13163.962068080902,200000
22.695099,-0.21786255,-9.291098,0.4848976,1.0,0.9990692,0.23046875,0.004351807,-14.929776,-14.941123,-3.3217638,353.85693,1.0986176,1.3992066e-05,1.1029359,-0.8533234,14.636118,0.99906826,0.21191406,0.0043374496,-14.714009,-14.72516,-3.308322,258.8638,1.2970757,7.167139e-05,22.894459,-0.26855227,-9.348148,0.49916008,1.0,0.99903107,0.17285156,0.0047914283,-14.601055,-14.6116495,-3.7623553,198.08151,0.9369472,1.0176586e-06,0.99902534,0.16503906,0.004781154,-14.33363,-14.343971,-3.754016,2149.3652,3.026968,2.3647106e-06,0.2804668698310852,14566.296420097351,205000
23.111637,-0.20005988,-9.37859,0.5067704,1.0,0.99906254,0.19824219,0.004472628,-14.83341,-14.844488,-3.5008836,520.83636,1.0404124,4.318584e-06,0.49002886,-0.69336814,11.188931,0.9990597,0.18945312,0.0044835433,-14.721262,-14.732197,-3.535318,93.323746,0.6907542,3.3192817e-05,18.750359,-0.28951284,-9.296705,0.4862994,1.0,0.9990339,0.17089844,0.004816339,-14.548996,-14.559461,-3.8438182,916.99426,0.84206545,9.468671e-06,0.9990339,0.15527344,0.004806892,-14.37626,-14.386568,-3.8306174,205.80981,0.80289435,1.8859293e-05,0.0316384334564209,14724.488588809967,210000
20.053738,-0.23097205,-9.288423,0.4842286,1.0,0.9990568,0.21582031,0.0044186106,-14.924623,-14.935793,-3.495964,85.577705,0.47408882,5.865723e-06,0.6296905,-0.5004425,9.3800335,0.99905396,0.1796875,0.0044518476,-14.599276,-14.610117,-3.5096774,93.11168,0.6588836,1.6239125e-06,24.171898,-0.24103907,-9.2924,0.48522297,1.0,0.99903774,0.17871094,0.004694814,-14.857,-14.867877,-3.731547,326.58075,1.1405004,1.9845946e-05,0.9990368,0.16503906,0.004711125,-14.57547,-14.586074,-3.727099,1050.0225,1.6393917,1.7228549e-05,0.03158296313285828,14882.403410196304,215000
21.494427,-0.20549327,-9.363334,0.50295645,1.0,0.999053,0.21289062,0.00450179,-14.812386,-14.823428,-3.5155222,227.8724,0.6911918,3.194182e-06,0.54696035,-0.8580934,10.412988,0.999053,0.17675781,0.0045334897,-14.61671,-14.627529,-3.5496616,85.79891,0.70890343,5.2789164e-06,30.946888,-0.21162193,-9.376072,0.5061408,1.0,0.9990225,0.16113281,0.004948749,-14.679668,-14.6902685,-3.8365583,881.3477,2.1534276,1.0164684e-06,0.99902725,0.13378906,0.004962028,-14.473673,-14.484016,-3.8920884,967.35455,1.5741897,2.4285946e-06,0.031597638034820553,15040.391602277756,220000
22.180187,-0.22830458,-9.345887,0.4985947,1.0,0.99905205,0.20703125,0.0044528753,-14.946594,-14.957835,-3.4485524,177.67566,0.8958905,6.5117296e-05,0.46281275,-0.5934447,9.897663,0.99905205,0.21191406,0.004451383,-14.730885,-14.741915,-3.445669,117.487915,0.9997108,8.376007e-05,26.838848,-0.25365216,-9.309824,0.48957896,1.0,0.99903774,0.15820312,0.0048564556,-14.91432,-14.925186,-3.7976642,1902.0923,2.2404268,1.7960353e-06,0.99903584,0.15820312,0.00486676,-14.685811,-14.696443,-3.8098378,304.20358,1.4466164,9.1014124e-07,0.03159751925468445,15198.379203081131,225000
19.423946,-0.25406954,-9.304266,0.4881895,1.0,0.99905777,0.21289062,0.0044623665,-14.967073,-14.978313,-3.469995,1114.3383,1.3151116,1.4164806e-05,0.5706332,-0.46725148,9.269375,0.99905396,0.18847656,0.004477544,-14.802481,-14.813548,-3.4803085,66.701485,0.6194049,2.4215375e-05,21.923937,-0.27783975,-9.326931,0.49385577,1.0,0.9990368,0.17675781,0.0047975024,-14.772082,-14.782848,-3.7580206,1165.7267,2.4343913,5.221801e-06,0.99903584,0.1484375,0.0048201936,-14.649338,-14.659978,-3.764525,996.5,2.7104297,3.820107e-06,0.026525136280059813,15331.004885911942,230000
26.6503,-0.20790944,-9.235571,0.47101545,1.0,0.999053,0.20117188,0.004433748,-14.802241,-14.813344,-3.4441488,397.13068,1.0543437,7.2361518e-06,0.50257266,-0.59856,11.614664,0.9990511,0.18457031,0.004472251,-14.597923,-14.608784,-3.4871607,537.4925,1.3271942,0.00031152592,29.315353,-0.19900425,-9.334194,0.49567148,1.0,0.9990177,0.19433594,0.0047344216,-14.716398,-14.7272005,-3.6664622,685.41895,1.764859,6.1534656e-06,0.99901867,0.17871094,0.0047604684,-14.456514,-14.466995,-3.7346222,472.28302,1.8560115,3.0873318e-05,0.02339638195037842,15447.986797094345,235000
22.94543,-0.22286108,-9.290592,0.484771,1.0,0.99906254,0.22167969,0.004377523,-14.790319,-14.801441,-3.4127266,78.85547,0.6515625,4.7383826e-05,1.3149804,-1.2169378,14.1580925,0.99906254,0.21191406,0.0043998924,-14.538974,-14.54983,-3.4321985,83.90823,0.8022858,0.00010283229,24.559292,-0.24163415,-9.303158,0.48791248,1.0,0.9990368,0.16308594,0.004796272,-14.680157,-14.690819,-3.7720065,351.13535,1.1924031,8.257926e-06,0.999033,0.13964844,0.0048164176,-14.453262,-14.463662,-3.8144085,178.31264,0.9877489,0.00011671153,0.023345940351486207,15564.716502666473,240000
19.667809,-0.21995436,-9.32676,0.49381295,1.0,0.9990511,0.21777344,0.0044215466,-14.878569,-14.889731,-3.4577727,174.32861,0.60210854,1.3888674e-05,0.5345243,-0.57583094,8.70478,0.999053,0.19628906,0.0044469577,-14.614838,-14.625705,-3.498858,78.07425,0.60680556,1.3316195e-06,25.11203,-0.2578153,-9.347987,0.49911958,1.0,0.9990301,0.17480469,0.004750535,-14.680756,-14.691448,-3.7418332,1186.8921,1.8194604,1.3420872e-07,0.9990368,0.15820312,0.0047789337,-14.43032,-14.440744,-3.7661715,520.7065,1.4173617,3.9567112e-07,0.023332238626480102,15681.377697229385,245000
22.263159,-0.22225405,-9.323767,0.49306455,1.0,0.99905586,0.23046875,0.00445896,-15.02582,-15.037147,-3.4380147,128.1343,0.6725615,1.2752879e-07,0.86978424,-0.7091429,11.279545,0.9990549,0.19921875,0.0044722166,-14.843618,-14.854754,-3.4503136,204.87022,0.8162705,1.3627046e-07,31.826363,-0.20429729,-9.347208,0.49892503,1.0,0.9990082,0.16601562,0.0048610144,-14.924974,-14.935884,-3.7645006,592.00916,1.7626226,1.4931725e-05,0.9990034,0.15527344,0.0048483806,-14.712043,-14.722705,-3.80512,85.9151,0.6267438,3.055918e-05,0.023349219417572023,15798.123803853989,250000
18.629625,-0.23851913,-9.270905,0.4798491,1.0,0.9990463,0.23144531,0.004446246,-14.928432,-14.93968,-3.4213262,163.32323,0.9152446,1.8395233e-06,0.59441805,-1.0880178,11.419352,0.9990473,0.2109375,0.0044496125,-14.747374,-14.758453,-3.412015,235.24388,1.0089864,4.285308e-06,19.349895,-0.26243713,-9.300531,0.487256,1.0,0.99904156,0.16308594,0.004794309,-14.714375,-14.725086,-3.7551184,1641.5054,1.6286217,5.086724e-05,0.99903965,0.14355469,0.0047955997,-14.53863,-14.549194,-3.7304273,4990.594,6.864175,9.984447e-05,0.023349751806259155,15914.872564077377,255000
23.558136,-0.18818115,-9.332207,0.49517465,1.0,0.9990511,0.19433594,0.0045103584,-14.816865,-14.827911,-3.5165298,206.57,0.7687178,6.786743e-06,0.89544713,-0.56753707,10.947609,0.9990549,0.19042969,0.0045166374,-14.646134,-14.656994,-3.5379767,106.274475,0.5549996,2.9433579e-05,26.50499,-0.24481882,-9.332819,0.49532756,1.0,0.9990225,0.17578125,0.004839579,-14.735265,-14.745947,-3.8076084,148.96492,0.6050098,6.7681896e-07,0.9990206,0.16113281,0.004869037,-14.528552,-14.539027,-3.8123744,1094.8431,2.8333318,4.6169393e-07,0.023347899627685548,16031.612063646317,260000
15.510642,-0.27829462,-9.314102,0.49064854,1.0,0.9990587,0.23535156,0.0044662706,-15.091995,-15.103386,-3.4392016,485.60345,1.5980828,7.459169e-06,0.41985214,-0.5421211,7.298975,0.9990511,0.20800781,0.004446062,-14.790272,-14.801387,-3.4206624,55.22109,0.6415446,1.3765447e-05,23.649742,-0.25619984,-9.305252,0.48843583,1.0,0.9990282,0.17285156,0.00481759,-14.767904,-14.778646,-3.7783566,1439.4695,1.198581,2.4410627e-05,0.99902916,0.15917969,0.004841521,-14.484579,-14.495021,-3.8031154,36.570965,0.38123932,3.1246404e-06,0.023240270900726317,16147.813429117203,265000
19.383408,-0.23851258,-9.340906,0.49734965,1.0,0.99905586,0.21484375,0.004449647,-15.0394945,-15.050821,-3.452849,58.66468,0.44604957,1.6970183e-05,0.5243233,-0.49980336,8.233929,0.9990587,0.19238281,0.004439412,-14.86072,-14.871863,-3.4615786,79.10738,0.5005057,7.084633e-05,26.201345,-0.1951327,-9.3357,0.49604806,1.0,0.99903584,0.1796875,0.0047730026,-14.836842,-14.847674,-3.7547407,3801.4954,3.3274372,2.8292516e-06,0.9990301,0.14746094,0.0047971015,-14.636301,-14.646872,-3.821477,231.84229,0.7171155,3.8121586e-06,0.023339990282058715,16264.51338171959,270000
23.892422,-0.22402258,-9.296767,0.4863147,1.0,0.99906826,0.23730469,0.0043686945,-15.219362,-15.230908,-3.4074452,705.97705,1.241036,5.232895e-07,0.95012337,-0.99723816,14.858101,0.9990711,0.20996094,0.0043794224,-15.01451,-15.025845,-3.418209,202.2393,1.2221702,5.1059483e-06,28.728336,-0.22409442,-9.314937,0.490857,1.0,0.99902725,0.16992188,0.0049089985,-14.803555,-14.814209,-3.9039886,536.1162,1.4801102,8.011355e-06,0.99903107,0.15429688,0.0048855995,-14.564075,-14.574517,-3.8816411,138.68434,0.64528036,3.7490288e-06,0.027835460472106933,16403.690689325333,275000
25.045261,-0.21718736,-9.323866,0.49308938,1.0,0.99905205,0.21972656,0.0044295257,-15.00514,-15.0164585,-3.4260983,211.04811,0.89608204,2.9625866e-05,0.8412297,-0.92864025,13.918939,0.999053,0.20117188,0.0044345027,-14.733906,-14.744948,-3.4381104,82.67423,0.67114794,1.4958976e-05,28.427492,-0.23237854,-9.32949,0.4944954,1.0,0.9990244,0.1484375,0.004820084,-14.798904,-14.809672,-3.7832146,501.01172,1.3852174,5.405958e-08,0.9990244,0.15136719,0.00482897,-14.471973,-14.482403,-3.8036704,204.05107,0.7146858,3.3198097e-07,0.029857034826278685,16552.975868940353,280000
24.103321,-0.20950796,-9.313234,0.4904316,1.0,0.9990616,0.20996094,0.0044526495,-15.014692,-15.026017,-3.4302616,475.37253,1.7217414,1.776958e-05,0.88038003,-0.8520496,13.428572,0.99905777,0.19628906,0.0044538947,-14.814655,-14.82576,-3.4558277,717.9588,1.5796173,9.1034875e-05,23.978855,-0.22391045,-9.337215,0.49642682,1.0,0.9990282,0.16308594,0.004860324,-14.595468,-14.606008,-3.8139153,3778.403,3.5034933,4.125887e-06,0.9990282,0.15722656,0.00489024,-14.420086,-14.430417,-3.8526452,1109.6705,2.0992188,1.8109757e-05,0.029860896778106688,16702.28035402298,285000
23.300892,-0.27883887,-9.314736,0.49080712,1.0,0.99906063,0.23632812,0.0043682694,-15.24496,-15.256547,-3.3922496,536.9418,1.4140141,9.68875e-06,0.59295416,-0.76724,13.166029,0.9990635,0.21289062,0.0043864697,-15.001911,-15.013254,-3.399279,160.78693,0.94374406,1.38723135e-05,23.382849,-0.2851598,-9.293694,0.48554647,1.0,0.9990301,0.15722656,0.0047814837,-14.938502,-14.949457,-3.732679,743.3198,1.8446995,2.3527715e-05,0.99902725,0.16894531,0.0048072953,-14.660037,-14.67072,-3.731084,279.80698,1.0561376,2.8894468e-05,0.029888360261917116,16851.72215819359,290000
19.95693,-0.23682588,-9.2760105,0.48112544,1.0,0.9990597,0.22167969,0.0043967636,-14.927302,-14.938551,-3.419854,274.20328,0.96169,3.0190672e-06,0.50929683,-0.79352665,10.51371,0.99905777,0.19628906,0.004427109,-14.719234,-14.730261,-3.4390554,90.11032,0.7169925,1.2267904e-05,31.109373,-0.25539982,-9.3122425,0.4901837,1.0,0.9990139,0.16308594,0.004814972,-14.846347,-14.857212,-3.7310328,1090.6481,2.074498,1.1956652e-05,0.99901676,0.16015625,0.0048206155,-14.575678,-14.586315,-3.693367,1527.6593,3.7731166,8.4266344e-07,0.023515889549255372,16969.301607370377,295000
21.841667,-0.23465985,-9.372541,0.50525844,1.0,0.9990492,0.20800781,0.0044388315,-15.073662,-15.084943,-3.5326748,943.8813,0.82916504,1.4262919e-05,0.81568044,-0.7647199,11.668703,0.9990473,0.20605469,0.0044438643,-14.858583,-14.86963,-3.557839,49.453293,0.2923723,3.5669014e-05,26.718801,-0.22755499,-9.315989,0.4911201,1.0,0.999033,0.15625,0.0048280833,-14.764158,-14.774774,-3.9030929,364.75165,0.72507846,1.3704363e-06,0.9990339,0.15332031,0.0048474516,-14.488466,-14.49882,-3.89674,410.4045,0.98316836,4.2680333e-07,0.0233151846408844,17085.87753677368,300000
24.2351,-0.22040312,-9.240481,0.4722433,1.0,0.99905205,0.23046875,0.004314218,-15.180711,-15.192353,-3.2706654,97.60934,0.81907153,2.5732477e-05,0.8915198,-0.9023346,13.100778,0.99905014,0.21777344,0.0043666204,-14.973488,-14.984858,-3.3418791,351.2626,1.1133415,1.0610796e-06,28.145031,-0.25401872,-9.32849,0.4942456,1.0,0.9990368,0.18164062,0.004771761,-14.833677,-14.844559,-3.7031136,240.05072,0.881214,3.2154846e-06,0.9990339,0.16015625,0.004788547,-14.627469,-14.638131,-3.719699,76.175385,0.6634182,6.7013325e-06,0.34229157400131227,18797.335409879684,305000
24.647396,-0.23691663,-9.275003,0.48087382,1.0,0.9990568,0.23828125,0.0043930286,-15.104267,-15.115758,-3.3498006,603.83746,1.7797744,6.2330646e-06,0.67876446,-0.7942973,14.065609,0.9990549,0.20703125,0.0043942346,-14.944757,-14.956103,-3.33844,1228.5826,2.379405,1.0063595e-05,25.733612,-0.25117552,-9.301231,0.487431,1.0,0.9990282,0.1640625,0.004837677,-14.868779,-14.879592,-3.808226,1068.6829,1.5225363,5.427605e-07,0.99902344,0.13671875,0.004871473,-14.71543,-14.726064,-3.8360233,174.86543,0.8530245,4.300681e-06,0.023396540880203247,18914.318118572235,310000
24.427261,-0.24506715,-9.236668,0.47128972,1.0,0.9990721,0.23828125,0.0044028647,-15.331892,-15.343557,-3.399119,246.49187,1.1612849,1.3754176e-05,1.3394209,-0.83217347,15.0889845,0.9990692,0.23046875,0.004428483,-15.082436,-15.093855,-3.4002767,130.60477,0.962724,3.9751914e-05,22.912071,-0.2371021,-9.353403,0.50047374,1.0,0.99903584,0.17382812,0.0047676456,-14.83902,-14.849888,-3.7211192,330.73257,0.96066046,7.932343e-06,0.99902916,0.15722656,0.0048092883,-14.59016,-14.600777,-3.7305968,252.16368,1.4216429,2.2349665e-05,0.023401065349578858,19031.32345199585,315000
23.173271,-0.25713938,-9.31312,0.49040276,1.0,0.99907017,0.23535156,0.0042846417,-15.171421,-15.183046,-3.277856,244.07246,0.93971246,5.3346216e-06,0.9996406,-0.6938684,14.14463,0.99905586,0.22851562,0.004303205,-14.888733,-14.900066,-3.2942567,137.19606,0.7629453,4.3435216e-07,25.941513,-0.275132,-9.342874,0.49784136,1.0,0.9990053,0.171875,0.0048936075,-14.952099,-14.963054,-3.7453077,554.69165,1.9749484,5.705682e-06,0.99900436,0.1640625,0.0048913145,-14.659079,-14.669767,-3.7245395,503.73154,2.4214706,1.4632325e-05,0.023406599187850954,19148.356449127197,320000
21.886742,-0.2189806,-9.302557,0.48776215,1.0,0.99906635,0.23925781,0.004303016,-15.210308,-15.2219,-3.3525124,327.42746,1.2409455,1.0993376e-05,1.0515766,-0.43663406,12.560894,0.99906254,0.22460938,0.0043358486,-15.010741,-15.022117,-3.3736157,180.519,1.1167672,6.7736466e-05,34.70707,-0.20881492,-9.343712,0.4980508,1.0,0.99902534,0.18457031,0.0047706533,-15.106149,-15.117311,-3.6875181,455.39767,2.025415,3.4456903e-06,0.9990206,0.18066406,0.004799871,-14.950423,-14.961464,-3.6553357,1564.9034,5.3395987,8.612226e-06,0.023392007541656493,19265.316491365433,325000
22.800323,-0.19468454,-9.284626,0.48327965,1.0,0.9990597,0.19140625,0.004427711,-15.117711,-15.129111,-3.45463,320.9995,1.3144362,7.3239917e-06,0.9219347,-0.5593798,11.040658,0.99905586,0.19433594,0.004457134,-14.956877,-14.968086,-3.4891589,327.45056,1.9544454,5.6993463e-06,20.273018,-0.24109343,-9.333918,0.49560243,1.0,0.99903774,0.171875,0.004745824,-14.799074,-14.80988,-3.7443728,610.5394,1.459465,1.0847688e-05,0.99903965,0.16015625,0.004759342,-14.611091,-14.621695,-3.7637763,532.75916,1.8016081,2.1474756e-05,0.023379707765579225,19382.215036153793,330000
22.997108,-0.18621126,-9.261147,0.4774098,1.0,0.9990673,0.23046875,0.0043268986,-15.310568,-15.322294,-3.313508,1394.2878,2.7984326,4.032585e-05,0.78432864,-0.7930506,13.257341,0.9990654,0.21679688,0.004334674,-15.101628,-15.1131525,-3.3123057,492.0446,2.0860898,8.003395e-05,28.811214,-0.23607484,-9.321245,0.49243423,1.0,0.999032,0.16699219,0.004822446,-14.704966,-14.71564,-3.7849762,1177.5804,1.9207153,5.6195117e-06,0.9990368,0.171875,0.004824441,-14.490846,-14.501292,-3.804553,198.57898,1.1178757,4.3744458e-05,0.023371013736724854,19499.070106506348,335000
20.90035,-0.22336152,-9.275289,0.48094517,1.0,0.9990568,0.24707031,0.004370449,-15.173948,-15.18545,-3.409537,108.43709,0.7239782,1.3699509e-05,1.2044874,-0.79665935,12.08676,0.9990568,0.20605469,0.0043893307,-14.90564,-14.91688,-3.4070885,128.80287,0.62899005,2.741309e-05,24.182001,-0.24703841,-9.301352,0.48746088,1.0,0.99902725,0.18066406,0.004776085,-15.06211,-15.073152,-3.7654102,561.18304,0.9393436,2.215197e-06,0.999032,0.1640625,0.0047746976,-14.84964,-14.860488,-3.7531934,137.87207,1.1636664,1.6753307e-05,0.023382240247726442,19615.981314897537,340000
24.418232,-0.20758052,-9.327049,0.49388516,1.0,0.9990597,0.22363281,0.0044060536,-15.207335,-15.218876,-3.400394,174.91171,1.0764607,1.5329895e-05,1.1697143,-1.728289,19.060398,0.99905586,0.20214844,0.00445103,-15.036238,-15.047544,-3.469811,378.93875,1.450017,2.8314771e-05,32.49859,-0.16970603,-9.322065,0.49263924,1.0,0.9990263,0.19433594,0.0046982984,-14.880055,-14.891042,-3.6409779,1508.6453,1.8935032,6.1193828e-06,0.9990206,0.16992188,0.0047284593,-14.769241,-14.780044,-3.7177417,517.31476,1.6248451,1.8702368e-06,0.023401791763305663,19732.99027609825,345000
27.141787,-0.20039445,-9.292782,0.4853183,1.0,0.999053,0.19238281,0.0044436716,-15.256017,-15.26759,-3.4170985,3875.5823,3.2396235,4.7775324e-05,1.5318176,-0.9145138,12.937703,0.9990549,0.18847656,0.004457524,-15.046946,-15.058274,-3.4579406,160.95323,0.9307841,2.5627854e-05,27.669806,-0.22558913,-9.312165,0.49016416,1.0,0.9990244,0.16210938,0.004948218,-14.909323,-14.920156,-3.827859,2376.1714,2.4661372,1.3388664e-06,0.99902344,0.14941406,0.004917852,-14.718936,-14.729604,-3.8048716,1255.6096,2.6431446,5.6056274e-06,0.023412771034240724,19850.054137468338,350000
21.903221,-0.21261843,-9.315908,0.49110013,1.0,0.9990587,0.22558594,0.004392525,-15.148848,-15.160343,-3.389775,120.83891,0.7699143,1.1521261e-06,0.8043529,-0.5599182,12.086161,0.9990587,0.20605469,0.004399468,-14.93655,-14.947833,-3.3942418,163.25496,0.5967891,1.4138044e-05,28.475143,-0.21218958,-9.306173,0.48866636,1.0,0.9990368,0.19238281,0.0047209007,-15.084614,-15.095822,-3.6176221,8449.0,6.552704,8.6819864e-07,0.9990339,0.17480469,0.004745627,-14.887182,-14.898162,-3.655984,2855.7542,4.299729,4.395696e-06,0.023405872344970702,19967.08350133896,355000
23.294518,-0.20993397,-9.348274,0.4991914,1.0,0.99906635,0.23144531,0.004399989,-15.387865,-15.399596,-3.3866181,407.70224,1.6387564,1.1608695e-05,0.90206873,-0.7924219,11.011513,0.99907017,0.22460938,0.0044029527,-15.176185,-15.187675,-3.421325,87.66901,0.8728105,3.3453612e-06,25.252398,-0.2071172,-9.338442,0.4967332,1.0,0.99903584,0.18164062,0.004752458,-14.913832,-14.924809,-3.6823833,9751.933,8.461145,2.0324803e-06,0.9990406,0.17382812,0.004761063,-14.781997,-14.792798,-3.7336974,2066.3237,5.2483926,1.0128726e-06,0.02337942042350769,20083.98061132431,360000
17.673943,-0.2643666,-9.294352,0.48571104,1.0,0.99905586,0.21679688,0.004435757,-15.3484745,-15.360131,-3.423766,289.54166,1.0692611,8.2935395e-07,0.59813607,-0.5532613,9.000208,0.9990549,0.203125,0.0044645467,-15.188351,-15.199848,-3.4262586,163.18808,1.116497,1.7003751e-05,22.318188,-0.23298886,-9.312484,0.490244,1.0,0.999032,0.15820312,0.004746725,-15.043069,-15.054164,-3.6924205,10418.099,6.5032387,1.5783096e-05,0.9990282,0.16308594,0.0047454163,-14.877245,-14.888175,-3.6948717,1214.5275,3.0984612,1.828418e-05,0.023372797155380248,20200.844598531723,365000
23.362093,-0.22092897,-9.327967,0.49411437,1.0,0.99906254,0.24414062,0.0043307273,-15.31366,-15.325349,-3.3566337,157.82039,0.8415842,9.3009685e-06,0.8492037,-1.5836477,16.15611,0.99906063,0.21777344,0.004335543,-15.044617,-15.056037,-3.3604398,66.51771,0.6336608,9.2070026e-05,29.82254,-0.22260696,-9.2994995,0.48699784,1.0,0.9990339,0.15234375,0.0048442367,-15.007191,-15.018056,-3.891694,617.63495,1.0063725,3.382904e-06,0.9990349,0.1484375,0.0048647644,-14.775806,-14.786416,-3.9214067,128.11987,0.62111986,7.836049e-06,0.023382782554626464,20317.758516073227,370000
22.664911,-0.20384896,-9.280375,0.48221672,1.0,0.9990587,0.23730469,0.004368508,-15.104121,-15.11558,-3.381421,100.55649,0.6366214,5.2378487e-05,0.6790468,-0.50095963,12.803711,0.99905014,0.20800781,0.0044077407,-14.940954,-14.952195,-3.4420385,37.6801,0.45079374,5.5921846e-05,24.777554,-0.19322641,-9.312637,0.4902822,1.0,0.99902916,0.15820312,0.0048373807,-14.946594,-14.957525,-3.7636745,992.85364,1.730297,2.9788158e-08,0.9990244,0.14453125,0.004829058,-14.7958975,-14.806635,-3.8115916,126.39824,0.78450656,7.481554e-06,0.0279307053565979,20457.412044763565,375000
20.071102,-0.21583784,-9.309543,0.48950857,1.0,0.9990654,0.24609375,0.0043156366,-15.304477,-15.316208,-3.3033433,232.21613,1.1130457,4.0237876e-05,0.41735274,-0.48189968,8.778347,0.9990635,0.23535156,0.0043189237,-15.115519,-15.127041,-3.3287048,111.5585,0.7945174,1.8397153e-05,30.791615,-0.20115864,-9.292521,0.48525327,1.0,0.9990339,0.15234375,0.0048116096,-14.894104,-14.905017,-3.730874,668.50507,1.5121274,8.077011e-07,0.99903584,0.140625,0.0048137745,-14.740636,-14.751413,-3.7150788,16308.16,19.786224,8.341585e-07,0.029892367506027223,20606.873886823654,380000
24.186646,-0.23949945,-9.318157,0.49166223,1.0,0.9990616,0.2421875,0.004350558,-15.503403,-15.515295,-3.3386526,277.59985,1.3064852,9.441565e-06,1.0359489,-0.86743855,14.533614,0.9990654,0.21679688,0.00435959,-15.224337,-15.235964,-3.3297682,1847.2122,3.4074192,1.7247372e-05,32.647423,-0.22669785,-9.3531475,0.5004096,1.0,0.9990263,0.1796875,0.004797145,-15.165493,-15.176629,-3.7716343,13746.476,8.383257,8.254847e-06,0.99902534,0.15429688,0.0048362496,-14.93289,-14.943787,-3.7852416,2470.038,4.582913,6.457051e-07,0.029892030143737792,20756.33404493332,385000
22.0923,-0.20017025,-9.272875,0.48034167,1.0,0.9990568,0.21386719,0.0044358247,-15.266588,-15.278177,-3.4107952,388.7537,1.9135214,1.813288e-05,1.4696608,-0.6441254,12.748357,0.9990635,0.20996094,0.0044566537,-15.04669,-15.058038,-3.4376063,338.7323,1.3563026,8.905603e-06,26.85757,-0.24504845,-9.307917,0.48910218,1.0,0.99903107,0.16015625,0.0048699044,-14.93161,-14.942462,-3.8300476,588.5117,2.1731493,8.1560415e-07,0.99902725,0.1328125,0.00488369,-14.673634,-14.684214,-3.8500257,688.2092,1.5154288,4.3110867e-06,0.02972730360031128,20904.970564603806,390000
24.018566,-0.22586362,-9.258987,0.47686982,1.0,0.99907017,0.22753906,0.0044327634,-15.32259,-15.334239,-3.4058206,251.41295,1.3203552,2.6647584e-05,0.95634544,-0.83494043,14.344045,0.99907017,0.203125,0.004449112,-15.111448,-15.122884,-3.4138944,182.44792,1.0823512,4.185869e-05,31.891499,-0.21688773,-9.335617,0.49602735,1.0,0.9990263,0.1640625,0.0048303045,-14.9912405,-15.002239,-3.7395124,4101.4336,4.513377,3.865911e-06,0.9990282,0.13183594,0.0048200763,-14.768315,-14.779089,-3.7455916,330.54132,1.6254158,3.3810722e-06,0.02330072021484375,21021.474169254303,395000
20.68038,-0.1963106,-9.307598,0.48902237,1.0,0.9990387,0.21972656,0.0044108983,-15.183121,-15.194594,-3.4455976,151.42451,0.48952156,1.1319311e-06,0.91047037,-1.0207376,13.228584,0.9990444,0.21191406,0.004417792,-15.02915,-15.040496,-3.4217033,129.39789,0.6138015,4.822726e-06,23.877949,-0.22159101,-9.354151,0.50066066,1.0,0.999033,0.20605469,0.004763781,-14.911991,-14.922915,-3.7366657,666.0341,1.535311,1.7873176e-06,0.99902916,0.18261719,0.0047980445,-14.606107,-14.616706,-3.7631848,2561.8171,3.9622867,4.1401713e-06,0.02329569902420044,21137.952665805817,400000
17.10197,-0.27673072,-9.311583,0.4900186,1.0,0.9990587,0.22070312,0.004396427,-15.280762,-15.29236,-3.4142404,116.278946,0.6639986,2.3690367e-05,1.0804906,-0.45627004,9.106834,0.99905586,0.21386719,0.0044295015,-15.014198,-15.025532,-3.42061,287.5435,1.0525659,3.978559e-05,25.39841,-0.2626031,-9.324389,0.49322027,1.0,0.99902916,0.15917969,0.0047987076,-14.8524685,-14.863293,-3.778973,1622.6791,1.585251,2.124348e-05,0.9990349,0.1484375,0.004819195,-14.66329,-14.67393,-3.7782354,278.2032,1.360756,3.0225488e-05,0.345508939743042,22865.49736881256,405000
19.073437,-0.22339684,-9.309513,0.4895013,1.0,0.99905396,0.23046875,0.0044367556,-15.191575,-15.203028,-3.4752448,592.5737,0.82627934,1.0384851e-05,0.49034765,-0.55879915,8.713995,0.99905014,0.19628906,0.0044497238,-14.9923935,-15.003632,-3.4951634,66.5238,0.5247712,1.1966348e-05,25.561642,-0.23729227,-9.319263,0.49193856,1.0,0.99901295,0.14746094,0.0048888437,-15.069859,-15.080894,-3.7797747,999.1254,2.3689458,2.635841e-07,0.9990139,0.15820312,0.0048920307,-14.934433,-14.945318,-3.7978506,1443.1244,3.60175,8.125584e-07,0.023396854305267334,22982.48164319992,410000
22.250658,-0.2219294,-9.313202,0.49042356,1.0,0.9990568,0.23242188,0.00440101,-15.270933,-15.282538,-3.3996131,155.42474,0.9203474,1.5243575e-05,0.6793392,-0.6575739,13.0617695,0.9990597,0.20898438,0.0044216323,-15.034086,-15.045415,-3.4444993,103.05422,0.8492299,4.2795597e-05,24.052734,-0.2401598,-9.288185,0.4841692,1.0,0.999033,0.16015625,0.004873748,-14.850063,-14.860841,-3.8241944,456.50824,1.164375,2.7577815e-05,0.99903107,0.15332031,0.0048967795,-14.642231,-14.652761,-3.8689299,3004.9255,5.823616,3.1490286e-05,0.0233778892993927,23099.371091127396,415000
23.397497,-0.19461304,-9.269508,0.47950017,1.0,0.9990635,0.25195312,0.0042548114,-15.44913,-15.461037,-3.2681727,75.36133,0.71928495,2.480921e-05,0.70353097,-1.4213637,13.905587,0.99906635,0.2265625,0.004281907,-15.249494,-15.261169,-3.305154,973.6548,1.6956,0.00012625688,30.515705,-0.24967083,-9.312971,0.49036574,1.0,0.99902916,0.17382812,0.0047598267,-15.080048,-15.091153,-3.7179222,248.21446,0.89132607,5.655857e-06,0.9990349,0.15722656,0.0047833677,-14.821182,-14.832025,-3.729555,1725.738,3.0365293,4.596092e-06,0.023382738590240478,23216.284787654877,420000
23.060532,-0.20451963,-9.320774,0.49231666,1.0,0.999053,0.23632812,0.0043743746,-15.300785,-15.312435,-3.3841655,513.3438,0.8798113,4.9325427e-06,0.7803586,-0.7019737,13.58327,0.9990549,0.21191406,0.0043775802,-15.032099,-15.043483,-3.386824,188.22554,0.8169215,9.611679e-07,29.795132,-0.23257296,-9.334932,0.49585593,1.0,0.9990301,0.171875,0.0048749,-14.930967,-14.941792,-3.8573961,245.86853,0.94520265,7.0797932e-06,0.999033,0.15625,0.004903026,-14.722662,-14.733258,-3.881559,81.36074,0.60238564,3.543225e-06,0.023346862745285035,23333.019103050232,425000
19.606232,-0.2928272,-9.330954,0.49486136,1.0,0.9990597,0.24316406,0.004350141,-15.378193,-15.389911,-3.3910103,116.79395,0.9005376,4.000663e-06,3.2531407,-1.4498273,16.164587,0.9990549,0.22363281,0.004367897,-15.114347,-15.125823,-3.3743732,80.24479,0.8898245,2.057809e-05,26.558582,-0.27293104,-9.331127,0.49490452,1.0,0.999033,0.18554688,0.0047925534,-15.029241,-15.040233,-3.7847092,1146.3959,2.2034051,1.6993407e-07,0.9990263,0.16210938,0.0048203934,-14.781635,-14.792409,-3.7613106,5984.2485,10.375417,2.8630468e-06,0.023379372835159302,23449.91597175598,430000
18.42581,-0.22854438,-9.276592,0.48127103,1.0,0.999053,0.23828125,0.004368524,-15.382338,-15.394083,-3.3690758,368.76376,1.2355398,4.6317444e-05,0.6398374,-0.63256377,11.081098,0.99905205,0.21191406,0.004393508,-15.186998,-15.198534,-3.3864555,139.58917,1.0039217,2.9211573e-05,24.429413,-0.24469522,-9.349867,0.49958962,1.0,0.999032,0.1640625,0.0048619034,-14.860664,-14.871435,-3.8420784,2517.3984,2.6089523,4.993642e-08,0.99902725,0.14257812,0.0048757643,-14.712805,-14.723429,-3.845045,261.08627,1.2835846,8.404576e-08,0.023374590158462525,23566.78892469406,435000
21.759928,-0.2007208,-9.26549,0.4784953,1.0,0.99906063,0.23730469,0.004327895,-15.354047,-15.365796,-3.3344407,204.7381,0.88692135,3.085807e-05,1.0005085,-0.5147717,10.542622,0.9990549,0.22363281,0.00433926,-15.266599,-15.278247,-3.3507671,153.16783,0.83257496,2.7090618e-05,25.51036,-0.22221072,-9.3185625,0.49176362,1.0,0.9990301,0.171875,0.004834374,-14.869737,-14.880644,-3.710917,4275.5225,4.1910443,4.8967877e-07,0.99902725,0.16796875,0.0048684776,-14.668066,-14.678747,-3.7414227,537.0421,2.2900705,1.9538915e-05,0.02338420901298523,23683.70997285843,440000
20.454086,-0.2469782,-9.3244095,0.49322534,1.0,0.99906254,0.22851562,0.0043882616,-15.335667,-15.347393,-3.3404388,186.68517,0.8039246,4.925285e-06,0.7979114,-1.7350347,12.248384,0.99905396,0.21875,0.004367792,-15.015781,-15.027199,-3.3363595,70.56792,0.78637975,1.0994582e-05,29.012812,-0.19463475,-9.292885,0.4853441,1.0,0.99903584,0.14257812,0.004914649,-15.038193,-15.049115,-3.864931,512.3984,1.4742666,7.4796236e-07,0.99903965,0.14160156,0.004888852,-14.738962,-14.749563,-3.8947265,244.32281,0.7966576,2.617054e-06,0.023411746311187743,23800.768707036972,445000
21.727901,-0.21944876,-9.323299,0.492948,1.0,0.9990692,0.23632812,0.0043369113,-15.473961,-15.485832,-3.329217,538.79504,1.2520435,1.8460107e-05,0.52513343,-0.60746586,12.279303,0.9990654,0.20605469,0.004377707,-15.217814,-15.229384,-3.3813305,258.23703,1.2450871,6.811815e-05,26.456997,-0.20836926,-9.325041,0.4933831,1.0,0.9990425,0.17382812,0.0047454704,-15.08094,-15.0920515,-3.7137575,5025.167,4.411419,5.673966e-06,0.9990387,0.1640625,0.0047576074,-14.900129,-14.911035,-3.7444563,1801.0236,3.1720667,1.3700874e-06,0.023392226552963257,23917.729843378067,450000
18.02433,-0.2646378,-9.28684,0.48383313,1.0,0.99906254,0.22851562,0.00443634,-15.418572,-15.4303255,-3.3954506,392.79398,1.2938678,1.3199463e-05,0.4977071,-0.89842105,11.475225,0.9990654,0.21972656,0.0044371095,-15.063516,-15.0749235,-3.393587,367.01343,1.14185,1.4179606e-05,22.24825,-0.2526756,-9.305309,0.4884503,1.0,0.9990368,0.16894531,0.004813497,-14.966553,-14.977478,-3.7897015,190.33562,0.7517457,2.6322374e-08,0.99903107,0.16992188,0.004823658,-14.650213,-14.660808,-3.8121476,246.04305,0.90894175,7.637624e-08,0.023383900117874147,24034.649347305298,455000
20.9762,-0.21493232,-9.312597,0.4902723,1.0,0.9990654,0.23242188,0.004310054,-15.529476,-15.541483,-3.245703,295.36768,1.2873521,4.4653083e-05,1.3606838,-0.8119285,14.260598,0.9990597,0.22851562,0.0043233107,-15.435189,-15.447075,-3.2768621,146.21635,1.1482555,2.7451154e-07,22.207396,-0.2296381,-9.337902,0.49659857,1.0,0.99903774,0.16601562,0.0047700307,-14.94528,-14.956204,-3.7688982,526.12695,0.9804621,3.9525835e-06,0.9990301,0.15917969,0.004787296,-14.821461,-14.832243,-3.7912946,264.4005,1.0940529,1.0678191e-06,0.02336507878303528,24151.474744796753,460000
21.41119,-0.23816244,-9.310934,0.48985636,1.0,0.99906063,0.21972656,0.0045069475,-15.280844,-15.292361,-3.497822,456.3304,1.325458,5.362646e-06,1.0693809,-1.0820366,15.245168,0.99905586,0.20800781,0.0045095347,-15.074831,-15.08614,-3.505979,145.06299,0.69847953,6.2812383e-06,29.072134,-0.18352251,-9.307369,0.4889653,1.0,0.999033,0.17871094,0.0048710383,-14.863951,-14.874733,-3.834035,521.74963,0.9729322,1.4375182e-07,0.99902725,0.1640625,0.004894759,-14.678785,-14.6893425,-3.8790555,116.49116,0.5428761,7.600868e-07,0.02337551579475403,24268.352326869965,465000
21.087025,-0.23066434,-9.34524,0.49843276,1.0,0.9990616,0.23535156,0.0042778477,-15.518858,-15.530819,-3.2825308,467.58856,1.0690031,4.4572516e-06,0.5893081,-0.9051677,12.058034,0.9990654,0.21484375,0.004300674,-15.323877,-15.335606,-3.3267372,98.134735,0.7247634,2.7253483e-05,24.75994,-0.26303363,-9.316157,0.49116224,1.0,0.9990177,0.14648438,0.004880868,-15.152235,-15.163264,-3.8687456,724.08203,0.9735717,3.7644593e-06,0.99902344,0.1484375,0.00489798,-14.899268,-14.910055,-3.863742,131.56323,0.6417664,2.2138515e-06,0.023374172163009643,24385.223190784454,470000
23.391762,-0.19314334,-9.302771,0.48781556,1.0,0.9990673,0.23925781,0.0043724957,-15.533762,-15.545657,-3.363981,159.06335,1.2479825,1.3800635e-05,1.1375043,-0.896732,15.10967,0.9990654,0.21679688,0.0043690926,-15.352362,-15.364051,-3.3946278,206.86128,1.0823576,4.7796468e-05,29.244267,-0.23329695,-9.372519,0.5052527,1.0,0.999032,0.17480469,0.004795243,-15.154541,-15.165683,-3.757024,645.1306,1.0137122,2.569573e-06,0.999032,0.16308594,0.0047964654,-15.008135,-15.019129,-3.7613304,137.60588,1.0032831,7.7043234e-07,0.02727217993736267,24521.58409333229,475000
18.261044,-0.20305735,-9.303235,0.48793182,1.0,0.9990597,0.23730469,0.004381435,-15.469486,-15.481326,-3.35702,270.23267,0.67557466,3.5072113e-05,0.6176095,-1.3357706,9.967861,0.9990587,0.24023438,0.00438785,-15.344564,-15.356269,-3.3713522,50.624462,0.6485951,6.557937e-06,25.616024,-0.24374108,-9.314241,0.49068344,1.0,0.9990282,0.15917969,0.0047847973,-14.987075,-14.998083,-3.7257838,828.9573,1.2477741,1.8814911e-06,0.9990263,0.16699219,0.0047939145,-14.897411,-14.908325,-3.7319806,624.2697,1.5126235,6.3478865e-07,0.02989110641479492,24671.039627552032,480000
21.139767,-0.22774613,-9.288729,0.4843052,1.0,0.99905205,0.22949219,0.0044139447,-15.401538,-15.413221,-3.449318,213.72055,0.6253388,1.0914474e-05,1.3034835,-1.247559,14.311792,0.9990473,0.20214844,0.004421252,-15.202694,-15.21416,-3.4719794,34.787804,0.45391104,7.863043e-06,31.710733,-0.2417187,-9.285817,0.48357734,1.0,0.9990206,0.1875,0.0048318906,-15.143513,-15.154589,-3.8115869,327.83798,1.1350486,5.241778e-06,0.9990139,0.16699219,0.0048420755,-14.929255,-14.940097,-3.8373575,170.98972,0.53998935,3.7682453e-06,0.02989935636520386,24820.53641319275,485000
22.334032,-0.21013664,-9.316229,0.49118024,1.0,0.99906254,0.2578125,0.0043226224,-15.579193,-15.591185,-3.3111882,131.75162,0.8620875,0.00010139126,0.9499606,-0.8476988,14.972249,0.9990711,0.23535156,0.0043502166,-15.364733,-15.3764715,-3.3551135,92.94002,0.8449797,7.0442504e-05,26.582573,-0.24040604,-9.337044,0.4963841,1.0,0.9990101,0.17089844,0.0049275197,-15.160952,-15.171993,-3.8663359,1942.8408,1.8542732,3.295169e-07,0.999012,0.15917969,0.0049237516,-15.01309,-15.023969,-3.8864672,6518.0063,7.1382666,2.0771206e-06,0.02906755704879761,24965.874200344086,490000
22.047235,-0.20155403,-9.304237,0.48818222,1.0,0.9990616,0.23828125,0.0043872865,-15.39826,-15.409969,-3.4203062,1257.7272,1.1853747,3.4417658e-06,1.0317048,-1.248574,13.859483,0.99905396,0.22558594,0.0044017946,-15.196955,-15.20844,-3.4462821,747.5661,1.1841472,7.741543e-06,36.46791,-0.20606211,-9.300292,0.48719603,1.0,0.99903584,0.15820312,0.0049060816,-15.084555,-15.095444,-3.9458132,209.4961,0.42655075,1.2980729e-07,0.999032,0.15136719,0.004909177,-14.879742,-14.89044,-3.93482,211.56853,0.45210022,3.1386668e-07,0.02330628433227539,25082.40562558174,495000
22.16025,-0.21795844,-9.336412,0.49622622,1.0,0.99906826,0.22851562,0.0043829125,-15.541997,-15.553927,-3.3371572,719.1622,1.748009,2.6019075e-05,0.9574486,-0.7126754,14.022967,0.99906635,0.21679688,0.0043972237,-15.3768015,-15.388533,-3.37542,169.81488,1.2874355,1.6012835e-05,24.83025,-0.22516927,-9.299448,0.4869848,1.0,0.9990225,0.16699219,0.0048765913,-15.155352,-15.166443,-3.8082938,813.22504,2.126377,1.3113704e-07,0.99902344,0.16503906,0.0048684217,-14.994081,-15.005004,-3.8196344,279.1782,1.258301,8.7941046e-08,0.023310174989700318,25198.956501722336,500000
31.642616,-0.2042563,-9.318061,0.49163815,1.0,0.99905586,0.21875,0.0044674706,-15.466032,-15.477788,-3.438489,271.88513,1.0429969,3.2644334e-06,0.78791714,-0.85170376,16.786488,0.9990425,0.19726562,0.0044900356,-15.220882,-15.232371,-3.4668448,247.85411,0.89951867,5.756213e-05,26.52799,-0.23051223,-9.278226,0.4816796,1.0,0.9990339,0.16015625,0.004874524,-15.027729,-15.038655,-3.851112,2982.3713,2.6601527,2.1243947e-07,0.99903774,0.16992188,0.004858674,-14.86573,-14.876497,-3.8515153,249.47879,0.99305373,3.3837173e-06,0.3530290499210358,26964.10175704956,505000
22.881538,-0.21165887,-9.304125,0.4881543,1.0,0.99906063,0.21289062,0.0044462364,-15.373911,-15.385574,-3.4417415,117.99293,0.8438708,6.226568e-05,0.838158,-0.8438933,12.492271,0.9990587,0.20898438,0.0044464883,-15.114007,-15.125389,-3.4699917,176.25592,0.73962545,5.3300988e-05,26.792942,-0.23770541,-9.319468,0.49199003,1.0,0.99903965,0.17285156,0.004754735,-15.116671,-15.1277685,-3.7635024,488.22827,1.3039073,2.7131352e-06,0.9990349,0.15820312,0.0047797062,-14.875276,-14.886123,-3.777077,764.51105,2.7632523,2.4675652e-05,0.023411319971084595,27081.158358097076,510000
25.28548,-0.19997114,-9.278594,0.48177147,1.0,0.99906254,0.2607422,0.0043065716,-15.528908,-15.540885,-3.276328,394.0725,1.1847447,1.2250543e-05,1.1635051,-0.5714383,13.555788,0.9990511,0.23339844,0.0043482278,-15.305691,-15.3173895,-3.338851,411.59665,1.3687637,6.770065e-06,29.512703,-0.22431643,-9.342735,0.49780688,1.0,0.9990244,0.19726562,0.0046828547,-15.201786,-15.213167,-3.5582626,1002.81494,2.369924,4.165081e-06,0.99901867,0.15527344,0.0047030384,-15.0446205,-15.055849,-3.556975,8013.509,10.626842,2.6512122e-05,0.023721860551834107,27199.76766562462,515000
22.418045,-0.19431466,-9.254982,0.4758685,1.0,0.99904823,0.24316406,0.004364928,-15.483951,-15.495838,-3.3231816,504.50436,0.9449185,3.019365e-05,0.72154754,-0.59374,14.897408,0.9990454,0.23339844,0.004400247,-15.274592,-15.286208,-3.3918371,78.74244,0.5983683,4.31746e-06,25.820759,-0.24104261,-9.371809,0.50507516,1.0,0.99903107,0.171875,0.004825797,-14.960371,-14.971275,-3.8057733,1143.763,1.4483778,1.0535615e-06,0.99902725,0.14453125,0.0048552277,-14.722503,-14.733182,-3.7971258,235.70334,1.0440545,7.3489555e-06,0.0233965940952301,27316.75063753128,520000
19.75975,-0.24682198,-9.26971,0.47955054,1.0,0.99906254,0.23730469,0.004369101,-15.495052,-15.506915,-3.359908,177.29457,1.1438959,2.6811094e-06,0.9231563,-1.1973233,13.92778,0.99906445,0.21484375,0.004361759,-15.317627,-15.329333,-3.3429334,93.877365,1.0149919,1.1843754e-05,26.520859,-0.2449594,-9.287441,0.48398325,1.0,0.99902916,0.17578125,0.0048182565,-14.9278555,-14.938711,-3.8224912,386.38483,0.618002,1.38222895e-05,0.99902534,0.16699219,0.004813127,-14.778503,-14.789228,-3.8068593,204.58293,0.6895507,5.1906154e-06,0.023378157186508177,27433.641426324844,525000
23.31075,-0.2250472,-9.271267,0.4799397,1.0,0.9990635,0.25,0.0043316977,-15.566402,-15.578375,-3.3188462,254.62431,0.9081627,7.346363e-06,1.4323475,-0.7897345,14.09128,0.9990587,0.22070312,0.004350576,-15.339996,-15.351733,-3.3347065,168.50992,0.9979364,4.6360597e-06,27.456594,-0.22144488,-9.326986,0.4938697,1.0,0.9990282,0.16992188,0.004823912,-15.025919,-15.036894,-3.798462,390.1673,1.0975257,1.0301393e-05,0.9990339,0.16210938,0.0048285825,-14.817219,-14.827946,-3.8444076,480.63583,1.1551244,7.9703216e-07,0.02336982431411743,27550.49055314064,530000
22.66497,-0.2637636,-9.263534,0.47800618,1.0,0.9990673,0.22949219,0.0043819137,-15.596493,-15.60842,-3.3953543,316.04578,1.3085921,1.6288408e-05,0.8816921,-0.9156248,14.508142,0.9990587,0.21191406,0.0043691723,-15.337427,-15.34913,-3.365648,807.25055,1.5197555,3.7772134e-05,22.332268,-0.28675842,-9.3594055,0.50197434,1.0,0.9990206,0.17773438,0.0048008785,-15.001008,-15.011989,-3.7675514,2351.7773,2.4665911,9.057033e-06,0.99902153,0.17773438,0.0048442185,-14.750704,-14.761478,-3.7272234,3940.8093,7.309453,2.0022955e-05,0.023364361619949342,27667.31236243248,535000
24.742302,-0.20286888,-9.351213,0.49992657,1.0,0.9990778,0.25878906,0.004257126,-15.636741,-15.64889,-3.2087767,399.15823,1.6031182,1.3311339e-05,0.9974468,-0.6976931,13.598839,0.99907017,0.24121094,0.0042666546,-15.429972,-15.441891,-3.2370405,242.60396,1.3059585,1.1616868e-05,23.598984,-0.23844123,-9.291567,0.48501468,1.0,0.9990263,0.16308594,0.0048522325,-15.08711,-15.098223,-3.718699,4195.494,4.8485503,7.411185e-08,0.99902344,0.16601562,0.0048587974,-14.915181,-14.926096,-3.7487125,219.66081,1.4414806,1.3205954e-06,0.023385340881347656,27784.239072799683,540000
29.320707,-0.20970702,-9.301596,0.48752207,1.0,0.9990673,0.25976562,0.0042585507,-15.658798,-15.670917,-3.2622337,244.18573,0.96632266,2.148328e-05,0.64523673,-1.1989368,16.768715,0.9990654,0.22753906,0.0042785336,-15.503694,-15.515642,-3.2791564,522.41785,1.235986,2.0775118e-05,26.142872,-0.284393,-9.359275,0.5019417,1.0,0.99902916,0.17089844,0.0048043653,-15.106083,-15.117119,-3.8165426,433.8708,1.0588377,1.0928237e-06,0.99902725,0.16503906,0.004820788,-14.903508,-14.914376,-3.7854526,91.948784,0.6086464,1.3933946e-08,0.02339666395187378,27901.222393989563,545000
22.452326,-0.21302727,-9.308552,0.48926115,1.0,0.99905205,0.24707031,0.0043530054,-15.507045,-15.518895,-3.3841994,172.66328,0.6269917,2.3250373e-05,0.6920344,-1.4252542,15.46659,0.99904823,0.22460938,0.004342421,-15.319812,-15.331482,-3.3807807,71.5784,0.5992219,2.6555645e-05,19.550077,-0.26737937,-9.34189,0.49759552,1.0,0.9990339,0.17089844,0.0047786995,-15.066931,-15.07803,-3.7124777,896.34174,1.444273,5.1963434e-07,0.9990349,0.1640625,0.0048088063,-14.866595,-14.877482,-3.7298102,88.332214,0.7008696,1.2406732e-06,0.023408582019805908,28018.2653093338,550000
25.684788,-0.20871034,-9.322512,0.49275064,1.0,0.9990635,0.23144531,0.004434607,-15.566171,-15.578018,-3.4459722,1972.519,1.6028149,4.3295888e-05,1.0253806,-1.250958,18.506947,0.999053,0.20898438,0.0044394475,-15.439266,-15.450981,-3.4561558,261.8469,1.1325362,3.2805263e-05,29.406345,-0.24201506,-9.316971,0.4913658,1.0,0.9990301,0.16796875,0.0048906812,-14.974592,-14.985473,-3.8446174,652.1314,1.4905651,1.2144108e-07,0.99902725,0.16308594,0.004942228,-14.846349,-14.857076,-3.8734934,2309.4734,6.244231,1.3264456e-06,0.023384604167938233,28135.188331604004,555000
19.473885,-0.2068435,-9.316189,0.49117023,1.0,0.99905777,0.23046875,0.0044801612,-15.276627,-15.288184,-3.4525366,342.85413,0.70917696,2.6336376e-05,1.0554926,-0.99867827,14.042801,0.999053,0.20605469,0.0044920943,-15.002429,-15.013704,-3.4670281,109.63806,0.76742053,4.7297417e-05,27.819683,-0.20723565,-9.361746,0.5025593,1.0,0.99902153,0.16503906,0.004906847,-15.008957,-15.019885,-3.8292158,445.02914,1.5608606,2.105821e-07,0.9990206,0.14550781,0.0049357736,-14.77889,-14.789545,-3.8786008,1044.8297,1.7189856,3.7388827e-07,0.02338072452545166,28252.091958284378,560000
24.33147,-0.20654559,-9.312446,0.4902345,1.0,0.99906635,0.27246094,0.0042298427,-15.62879,-15.640927,-3.211012,463.01932,1.4200801,7.0867573e-06,0.93293107,-1.0963727,15.99067,0.9990597,0.25195312,0.0042580804,-15.4935665,-15.505509,-3.276196,73.56762,0.85505724,4.090842e-07,30.222576,-0.24868523,-9.366521,0.50375307,1.0,0.9990263,0.17578125,0.004842034,-15.098988,-15.110007,-3.8258977,389.9878,0.873539,2.8103318e-07,0.9990301,0.16796875,0.004876417,-14.923025,-14.933836,-3.8626542,3605.9966,3.9397643,8.2746266e-07,0.023390084171295168,28369.042381048203,565000
20.619879,-0.17684183,-9.282168,0.48266518,1.0,0.9990635,0.23925781,0.004309735,-15.58028,-15.592274,-3.3115764,239.75854,1.1020397,1.24478165e-05,0.7244372,-0.70346737,12.284435,0.9990587,0.21386719,0.004346189,-15.313924,-15.325634,-3.3346786,138.8846,0.8391872,4.2415933e-05,25.5656,-0.23613676,-9.345777,0.49856704,1.0,0.9990225,0.19433594,0.004748953,-15.299105,-15.310506,-3.6350784,548.8311,2.35413,3.879055e-06,0.9990206,0.17578125,0.0047791004,-15.087025,-15.098197,-3.6591952,553.5261,1.7162255,3.8444126e-05,0.023405799722671507,28486.071383714676,570000
21.463356,-0.23894069,-9.338932,0.49685612,1.0,0.99906635,0.23339844,0.004308682,-15.660726,-15.672844,-3.2640538,505.6508,1.3710561,1.04579885e-05,0.9082396,-0.9372883,13.929334,0.99906445,0.22167969,0.004301183,-15.440364,-15.452274,-3.2557232,177.60764,1.4664688,6.807385e-05,28.31855,-0.26005486,-9.381143,0.50740874,1.0,0.99901295,0.17871094,0.0048537236,-15.348543,-15.359919,-3.7130437,860.35876,1.832906,5.871947e-06,0.99901104,0.15917969,0.004966492,-15.164775,-15.175923,-3.7596154,792.32416,3.2298412,1.1384157e-06,0.024906452703475954,28610.603648900986,575000
25.08023,-0.17665148,-9.255783,0.47606862,1.0,0.9990597,0.26660156,0.0042386204,-15.502941,-15.514939,-3.228632,98.45242,0.691254,2.8381954e-05,0.88728,-1.1333097,17.086151,0.99905205,0.24023438,0.0042770198,-15.242319,-15.254016,-3.2769756,159.24199,0.7453418,9.8826466e-05,23.341415,-0.2816282,-9.335025,0.49587905,1.0,0.99902534,0.16796875,0.004808668,-15.125437,-15.136557,-3.751335,255.13696,1.087673,7.934567e-06,0.99902534,0.15820312,0.004808948,-14.890156,-14.901037,-3.7588725,472.43283,1.255477,1.620417e-05,0.03189534497261047,28770.080375432968,580000
21.616442,-0.22258922,-9.341862,0.4975885,1.0,0.99906826,0.24707031,0.004324735,-15.642188,-15.654231,-3.3218262,1967.7382,1.8936937,2.1596268e-06,0.898959,-0.7905252,13.056634,0.999053,0.24316406,0.004325393,-15.506548,-15.5184355,-3.346061,91.28667,0.8856767,1.9829637e-05,33.460808,-0.2178478,-9.288446,0.48423475,1.0,0.9990225,0.16308594,0.004799682,-15.467159,-15.478632,-3.7315936,5735.3584,4.649668,1.6736101e-06,0.9990225,0.15820312,0.004803512,-15.308817,-15.320111,-3.755423,430.863,1.8129857,3.8319986e-06,0.03812573781013489,28960.70906972885,585000
28.337488,-0.21161722,-9.312496,0.49024698,1.0,0.9990635,0.24414062,0.004323519,-15.645788,-15.657814,-3.3444831,405.57748,1.2765576,2.7942183e-06,1.1750786,-1.3115681,21.987127,0.9990454,0.22460938,0.0043451833,-15.344625,-15.356325,-3.3772507,120.29139,0.8303262,2.5359334e-06,26.99427,-0.2194322,-9.360203,0.50217366,1.0,0.9990244,0.15917969,0.0048298957,-15.05974,-15.070726,-3.8195715,2163.997,3.645886,1.3789754e-07,0.9990263,0.14550781,0.00484908,-14.7697735,-14.780429,-3.868609,1639.9148,3.7232022,2.035617e-06,0.03671111922264099,29144.264667272568,590000
23.127493,-0.16336675,-9.308575,0.48926663,1.0,0.99906254,0.26171875,0.0042979824,-15.576074,-15.588066,-3.308941,74.45397,0.6098613,8.735002e-06,1.2000805,-0.76206493,16.549435,0.99906254,0.23144531,0.004333985,-15.480606,-15.492433,-3.382228,99.75369,0.5114954,2.2505954e-05,24.256197,-0.23101257,-9.338841,0.49683326,1.0,0.999032,0.17480469,0.004807042,-15.228281,-15.239476,-3.7755144,1826.7479,1.8745525,9.454472e-07,0.999033,0.17285156,0.0048105884,-15.138648,-15.149745,-3.7861853,2277.0156,4.4177065,2.3805732e-07,0.0315178053855896,29301.85369873047,595000
23.001213,-0.21964334,-9.306702,0.48879853,1.0,0.9990711,0.2626953,0.004272622,-15.760862,-15.7731085,-3.2325554,205.67963,1.1144736,7.591939e-06,1.0659314,-1.2351472,16.030582,0.99906635,0.23828125,0.004294714,-15.57059,-15.582625,-3.2594976,182.04904,1.2099897,9.277095e-06,31.945347,-0.18723685,-9.304976,0.48836708,1.0,0.9990368,0.16015625,0.0047883186,-14.943455,-14.954374,-3.7724621,476.67612,0.76182824,1.0778185e-05,0.9990349,0.1484375,0.004811067,-14.730337,-14.741031,-3.7912443,291.5779,0.8761981,1.2119118e-05,0.031528145837783815,29459.4944293499,600000
25.831867,-0.226495,-9.323769,0.4930651,1.0,0.99906445,0.23339844,0.0043842364,-15.539797,-15.551724,-3.3382907,780.19885,1.7669854,1.9596895e-05,0.99441683,-1.4501377,18.992619,0.9990597,0.20605469,0.004411815,-15.242486,-15.254089,-3.3709912,199.25916,1.165004,1.0663156e-05,26.967821,-0.2327542,-9.35214,0.5001582,1.0,0.99903774,0.17089844,0.004753542,-14.921101,-14.932023,-3.747722,435.39697,0.94822454,5.88385e-07,0.9990349,0.15917969,0.0047580684,-14.670326,-14.680973,-3.778637,112.67073,0.41515553,4.38137e-06,0.31882666602134707,31053.627776622772,605000
21.500343,-0.18310896,-9.334324,0.49570376,1.0,0.9990635,0.24023438,0.0043034507,-15.616055,-15.628144,-3.247583,216.93758,0.97145593,1.3181902e-05,0.8336414,-0.89370185,14.271217,0.99906254,0.22070312,0.0043004546,-15.386379,-15.398203,-3.2911482,219.1602,0.97200364,1.726574e-05,32.435646,-0.19326784,-9.358896,0.50184697,1.0,0.9990349,0.16210938,0.0049008206,-15.16362,-15.174699,-3.8315184,473.72723,2.0442939,7.523793e-07,0.99903107,0.14550781,0.004900721,-15.0004635,-15.011322,-3.8926158,155.60434,0.9368936,6.73767e-07,0.023434216356277467,31170.79886007309,610000
22.667046,-0.22857928,-9.294343,0.4857087,1.0,0.99906635,0.25195312,0.004224942,-15.808397,-15.820698,-3.2251968,202.1958,1.1086895,1.84902e-05,1.174327,-0.7761478,13.924065,0.9990616,0.22558594,0.0042685186,-15.543102,-15.555092,-3.278207,631.32587,1.7484483,2.1770104e-05,31.32689,-0.19952676,-9.338671,0.4967909,1.0,0.99902916,0.15625,0.004839969,-15.17797,-15.189116,-3.7762668,37998.19,19.662054,1.3612039e-06,0.99903107,0.15039062,0.004853242,-14.899773,-14.910633,-3.7893586,1446.756,2.2166514,1.7160278e-06,0.02344810719490051,31288.039403676987,615000
28.129906,-0.18637712,-9.309048,0.489385,1.0,0.99907494,0.27929688,0.004204043,-15.768377,-15.780694,-3.1674366,182.75938,1.077879,8.745021e-06,1.702132,-1.681561,27.62065,0.9990692,0.25878906,0.0042178715,-15.624165,-15.636299,-3.2114577,339.6406,1.2428998,4.652929e-05,30.737585,-0.18917772,-9.326601,0.4937734,1.0,0.99903107,0.16210938,0.0048292736,-15.188532,-15.199648,-3.8176024,301.60287,1.1887836,1.0640608e-06,0.9990263,0.16601562,0.004870987,-15.099243,-15.110207,-3.8843694,577.6726,2.6170254,6.1196397e-06,0.02342924690246582,31405.185640335083,620000
20.308681,-0.23702924,-9.3519745,0.5001164,1.0,0.99906254,0.25683594,0.004360796,-15.750672,-15.762794,-3.3508048,112.42424,0.8883949,6.5993794e-07,1.1826215,-0.94509536,13.289694,0.9990444,0.23242188,0.0044045253,-15.533665,-15.545552,-3.3729544,143.03072,1.0761738,2.4178984e-05,24.292852,-0.23285556,-9.351782,0.5000685,1.0,0.9990301,0.15820312,0.00487886,-15.090115,-15.101115,-3.8368607,341.30975,1.1439373,3.2632101e-06,0.9990301,0.14550781,0.0048546386,-14.842727,-14.853489,-3.8335617,106.85284,0.5764965,1.1540599e-05,0.023443936920166015,31522.405331134796,625000
26.72842,-0.1922466,-9.328363,0.4942138,1.0,0.9990597,0.24316406,0.0043581626,-15.684858,-15.69688,-3.3868866,747.2749,1.2183794,5.680752e-07,1.4230155,-3.353576,22.884956,0.99906445,0.2109375,0.004360697,-15.433853,-15.445618,-3.3995714,264.78885,1.4389601,2.9875258e-05,27.851357,-0.22223434,-9.336402,0.49622333,1.0,0.9990301,0.15429688,0.004918807,-15.150538,-15.161553,-3.8817058,688.11145,1.6318583,4.4290146e-06,0.99902534,0.14257812,0.004927935,-14.940912,-14.951688,-3.918579,6834.93,8.390934,2.1158169e-06,0.023447164297103883,31639.641154527664,630000
24.513857,-0.21555641,-9.313936,0.49060678,1.0,0.99907494,0.26171875,0.004289634,-15.847338,-15.859615,-3.2866392,305.81912,1.0321193,2.303703e-05,0.8830466,-0.6552461,13.526588,0.999074,0.23144531,0.0043081176,-15.592282,-15.6042795,-3.31924,69.26058,0.8255619,2.3308094e-05,27.090214,-0.18955976,-9.321627,0.4925297,1.0,0.99902916,0.17871094,0.0047690067,-15.072617,-15.08371,-3.7251835,434.4664,1.0200449,1.144985e-05,0.9990301,0.16601562,0.0048083463,-14.929768,-14.940661,-3.786264,1858.5221,2.7545328,2.859861e-05,0.023424509477615357,31756.76370692253,635000
19.528603,-0.24675003,-9.314269,0.49069026,1.0,0.99906826,0.24023438,0.004336386,-15.824841,-15.837058,-3.326542,153.54706,1.0584127,3.880494e-06,2.0740294,-1.0349222,14.9428005,0.99906826,0.22167969,0.0043701935,-15.577513,-15.589485,-3.329194,279.04855,1.3479679,6.435411e-05,25.515049,-0.22845781,-9.346524,0.49875402,1.0,0.9990349,0.15820312,0.0049068937,-15.131118,-15.14212,-3.8754494,3610.7246,3.4231868,4.479009e-06,0.99903774,0.14355469,0.004941372,-14.970323,-14.981154,-3.8908348,5733.7676,9.645605,3.0605247e-06,0.02343413391113281,31873.934377908707,640000
25.10835,-0.20646735,-9.287018,0.48387748,1.0,0.99906254,0.22949219,0.004368094,-15.6612,-15.673219,-3.364699,1026.1815,1.3629053,1.0428553e-06,1.6647282,-0.9913244,15.577337,0.99906254,0.23632812,0.004407827,-15.40898,-15.420699,-3.4200978,143.18985,0.85555136,1.8765401e-06,22.335527,-0.23654741,-9.290146,0.4846596,1.0,0.999033,0.1640625,0.0048265876,-15.283911,-15.29512,-3.8160043,1865.0853,1.8057678,3.9866095e-06,0.99903107,0.16015625,0.00483614,-15.02136,-15.032313,-3.8158674,3519.1362,4.9463334,2.2510535e-06,0.023427688646316527,31991.072825431824,645000
20.493736,-0.24635948,-9.325667,0.4935398,1.0,0.999073,0.2763672,0.004227248,-15.689308,-15.701527,-3.1891713,239.9087,1.2936964,2.9675658e-07,1.0859822,-1.0548624,20.606422,0.9990654,0.24121094,0.00427025,-15.533815,-15.545855,-3.2172163,376.6608,1.588774,2.888773e-06,28.542273,-0.233562,-9.354982,0.5008684,1.0,0.9990263,0.16308594,0.004883756,-15.16251,-15.173591,-3.8271298,107.721504,0.60755104,3.990186e-09,0.99902916,0.16015625,0.0048933793,-15.044888,-15.055829,-3.8507752,357.2225,1.2445381,2.600658e-08,0.023430400371551512,32108.224831342697,650000
15.358427,-0.24583414,-9.291492,0.48499626,1.0,0.99906254,0.23730469,0.0042938218,-15.669086,-15.681179,-3.2990937,135.34814,0.62300956,4.7403897e-05,0.65269464,-1.2579037,9.05351,0.9990635,0.23730469,0.004310791,-15.427849,-15.439712,-3.2914188,369.49353,1.4151417,0.00014732208,22.512354,-0.24905139,-9.351894,0.5000965,1.0,0.99903774,0.1640625,0.0048503764,-15.137186,-15.148261,-3.8076804,265.51358,1.2022821,1.8809324e-07,0.9990387,0.15429688,0.004859423,-14.9704075,-14.981301,-3.826755,218.53146,0.92507833,3.280196e-06,0.023462548589706422,32225.53757596016,655000
19.628124,-0.24233377,-9.329606,0.49452454,1.0,0.9990568,0.24414062,0.0042936383,-15.741349,-15.753473,-3.3396716,189.32542,0.7592548,4.4813103e-05,0.9434016,-0.63828045,12.758509,0.99905777,0.23339844,0.0042865383,-15.5186205,-15.530544,-3.3209627,81.842766,0.67735445,2.7633023e-05,28.075012,-0.20764217,-9.339051,0.4968858,1.0,0.9990368,0.17382812,0.0047696396,-15.067024,-15.0780525,-3.7847214,1300.9447,1.2879391,3.451505e-06,0.9990368,0.16503906,0.0047854474,-14.795341,-14.806088,-3.8007274,1816.311,2.1935964,5.6966674e-06,0.030304360723495485,32377.059383630753,660000
18.21277,-0.2555383,-9.295857,0.48608747,1.0,0.9990692,0.24121094,0.0043538837,-15.651398,-15.6634245,-3.3475258,126.90782,0.7443694,2.846604e-05,0.8595884,-0.93603987,13.173662,0.9990616,0.22070312,0.0043850644,-15.405652,-15.417387,-3.4009843,195.62747,0.94905764,8.982181e-06,29.065697,-0.24246794,-9.318061,0.4916382,1.0,0.99902153,0.16113281,0.004926622,-15.30068,-15.311868,-3.8558457,800.2251,1.2890803,6.302702e-06,0.9990196,0.13964844,0.0049130847,-15.049713,-15.060644,-3.8665981,297.4896,0.90777385,1.41609025e-05,0.03162516679763794,32535.185219287872,665000
23.485714,-0.24021845,-9.289296,0.48444697,1.0,0.9990692,0.2529297,0.004300939,-15.759542,-15.771761,-3.2598395,238.54692,1.3103589,1.8365232e-05,0.82293916,-1.6365223,15.81321,0.99906254,0.23339844,0.0043128086,-15.486063,-15.497979,-3.2955823,380.27426,1.3252589,3.1123564e-05,25.931108,-0.25516105,-9.371889,0.5050955,1.0,0.99902534,0.14453125,0.004872799,-15.244001,-15.255174,-3.8138914,1211.1599,1.9283252,2.331055e-06,0.99903107,0.14160156,0.0048539364,-14.981515,-14.99246,-3.7846532,25394.145,26.573397,1.0347842e-06,0.031632471799850466,32693.34758234024,670000
18.089563,-0.2601841,-9.295406,0.4859746,1.0,0.99906063,0.22558594,0.0044586393,-15.730324,-15.742308,-3.4713705,271.03906,1.1049087,1.7364553e-05,0.87549996,-0.7150462,10.589345,0.9990692,0.21191406,0.004450835,-15.456126,-15.467898,-3.4136024,215.20984,1.4315591,1.8343791e-05,21.334229,-0.22834474,-9.305433,0.4884812,1.0,0.9990282,0.18652344,0.0048398124,-15.134946,-15.146007,-3.818817,1158.5262,1.3867188,4.2485193e-09,0.9990263,0.18164062,0.0048685106,-14.956093,-14.966965,-3.8342936,8065.299,10.355845,5.1152426e-08,0.03166675453186035,32851.681356430054,675000
24.708412,-0.19431874,-9.305347,0.4884598,1.0,0.9990635,0.2548828,0.004272531,-15.759788,-15.771991,-3.2756243,553.39185,1.5846171,2.2183756e-05,1.0550383,-1.0155739,13.647106,0.99906063,0.21875,0.004291351,-15.556268,-15.568237,-3.3112354,305.64783,1.4820497,2.6076656e-05,31.785244,-0.20656008,-9.317551,0.4915104,1.0,0.9990263,0.15722656,0.0048507936,-15.123602,-15.134601,-3.8718965,288.76428,1.0025308,5.3524394e-07,0.99902916,0.14941406,0.0048483885,-14.868174,-14.878918,-3.8770409,509.94897,1.0940317,1.8604536e-07,0.03716270742416382,33037.49490022659,680000
25.592255,-0.21157974,-9.315954,0.49111146,1.0,0.9990692,0.2705078,0.004264265,-15.760909,-15.77317,-3.2171845,1622.064,1.7941171,2.777817e-06,1.2352084,-0.8432143,15.819152,0.99906254,0.23242188,0.0042728726,-15.559838,-15.571882,-3.23909,755.8593,1.7182503,0.00014323067,28.369547,-0.22080973,-9.343292,0.49794617,1.0,0.9990177,0.17382812,0.004828171,-15.329428,-15.340768,-3.7287679,2021.0818,2.517419,3.8495696e-06,0.99901485,0.17089844,0.004860758,-15.147997,-15.159144,-3.7446399,2054.6328,3.6574807,1.7156644e-06,0.03814121675491333,33228.200986623764,685000
18.089815,-0.24233165,-9.327055,0.4938867,1.0,0.999074,0.25878906,0.0042519113,-15.780465,-15.79271,-3.2543411,1328.7422,1.4872415,8.65259e-06,0.6928297,-0.551568,11.915293,0.99906445,0.234375,0.0042881486,-15.494217,-15.506155,-3.2807317,130.50746,0.95230824,8.403085e-06,25.648928,-0.26470578,-9.304829,0.48833007,1.0,0.99903107,0.1484375,0.0049082907,-15.207647,-15.218698,-3.902964,323.24237,0.9700142,1.0481852e-05,0.999033,0.15625,0.0048565622,-14.850063,-14.860836,-3.8306246,2691.922,3.7901878,1.1302919e-05,0.03695956215858459,33412.99880218506,690000
22.90041,-0.26587713,-9.297722,0.48655343,1.0,0.99907494,0.25097656,0.0041883485,-16.104773,-16.117395,-3.1910484,398.72644,1.0695034,9.7171305e-06,0.88212466,-1.14239,14.941944,0.9990597,0.22265625,0.0042020883,-15.795231,-15.807569,-3.1728241,126.56361,1.0473213,7.6005344e-05,20.378887,-0.30602634,-9.3515415,0.50000834,1.0,0.99902916,0.15429688,0.004844538,-15.454557,-15.465974,-3.7760196,1627.0527,3.1172266,5.871034e-08,0.9990301,0.15527344,0.0048303353,-15.236996,-15.248217,-3.7573776,655.7504,1.858948,2.3959278e-06,0.03168881115913391,33571.44285917282,695000
24.51919,-0.20645618,-9.354708,0.5008,1.0,0.9990654,0.24121094,0.004295139,-15.726139,-15.738288,-3.2979822,314.2659,1.0341843,4.5114184e-06,1.3861347,-1.4663968,18.13758,0.99906254,0.22558594,0.0043102046,-15.633198,-15.645228,-3.3264337,70.83999,0.7419429,1.9294712e-05,27.283524,-0.23471794,-9.312749,0.49031013,1.0,0.999033,0.18066406,0.004744009,-15.2300205,-15.241287,-3.703649,1696.1337,1.7704029,1.8653142e-07,0.999033,0.17382812,0.0047545587,-15.15222,-15.163409,-3.705677,609.15234,1.2662127,2.0785749e-06,0.03154660801887512,33729.175901174545,700000
23.185291,-0.23386276,-9.294268,0.48568973,1.0,0.9990711,0.25390625,0.00430186,-15.93861,-15.950984,-3.2806475,265.03137,1.426473,5.7098652e-05,0.7907552,-0.6444406,14.200504,0.9990568,0.24121094,0.0043262066,-15.66414,-15.676242,-3.2832255,233.39395,1.5929451,3.661587e-05,25.590683,-0.23818865,-9.314278,0.4906925,1.0,0.999032,0.16796875,0.0048542386,-15.367634,-15.378975,-3.7664232,1303.3682,3.7734685,3.8843464e-07,0.9990349,0.16992188,0.0049035344,-15.141837,-15.152966,-3.75842,9291.632,18.448854,8.3631716e-07,0.2863210956096649,35160.78138303757,705000
25.22165,-0.20981842,-9.320993,0.49237138,1.0,0.9990635,0.23730469,0.0043295408,-15.901468,-15.913752,-3.3359632,101.80273,0.88562834,4.1615178e-05,1.4463489,-1.4499658,22.22533,0.9990616,0.21484375,0.004348713,-15.681089,-15.693148,-3.3456736,322.68857,1.2334532,3.9327217e-05,32.764717,-0.18840578,-9.340076,0.49714208,1.0,0.9990301,0.18164062,0.0047728578,-15.345152,-15.356477,-3.7594519,1982.4159,2.2168176,7.191654e-06,0.9990244,0.16503906,0.00479703,-15.150036,-15.161147,-3.7815995,71.95446,0.6709267,4.8799516e-06,0.02345684299468994,35278.06560230255,710000
20.316772,-0.24233243,-9.312544,0.49025887,1.0,0.9990654,0.24023438,0.0043056435,-15.842206,-15.854474,-3.2929254,752.9844,1.3851509,1.0246827e-05,0.6886306,-0.70260304,13.650459,0.9990721,0.21289062,0.0043314924,-15.548093,-15.560059,-3.3063822,127.25559,1.178869,1.1923948e-05,26.483465,-0.24194269,-9.355804,0.5010742,1.0,0.9990339,0.19335938,0.0047697397,-15.132028,-15.14312,-3.7852664,570.6118,1.0374863,9.193897e-08,0.99903774,0.17382812,0.0047849575,-14.981752,-14.992699,-3.7833862,2880.7297,3.8767605,2.216038e-06,0.023482335519790648,35395.4772837162,715000
19.564266,-0.26203817,-9.334516,0.4957518,1.0,0.9990711,0.26660156,0.004282033,-15.74931,-15.761526,-3.2528877,315.86496,0.931883,3.0008065e-05,0.65983653,-0.65462416,12.222223,0.99906063,0.23632812,0.004283593,-15.628967,-15.641061,-3.2577095,169.91103,0.9091417,1.763122e-06,31.306211,-0.19814986,-9.347647,0.49903476,1.0,0.9990301,0.16992188,0.0047768354,-15.119461,-15.13057,-3.7556071,818.2939,1.183681,1.9102583e-06,0.9990368,0.1484375,0.0047922838,-15.013329,-15.024285,-3.8063457,385.04993,1.2611432,1.4069072e-07,0.023450667428970336,35512.730622291565,720000
20.976051,-0.20740035,-9.315349,0.49096012,1.0,0.9990587,0.24902344,0.004383836,-15.713303,-15.725346,-3.3944364,106.61215,0.79552734,9.403007e-06,0.84193486,-0.7399578,9.782238,0.99905396,0.21484375,0.0043866932,-15.541278,-15.553146,-3.4002137,116.62539,0.85031503,1.2936215e-05,26.669758,-0.27063465,-9.311281,0.4899432,1.0,0.9990282,0.16601562,0.004853316,-15.347993,-15.359219,-3.8639302,578.8696,1.2184613,1.4877775e-06,0.99902725,0.16699219,0.0048621,-15.126591,-15.137588,-3.8778548,177.50655,0.81955284,1.2763945e-06,0.02339774422645569,35629.71934533119,725000
24.14241,-0.18356544,-9.278448,0.4817348,1.0,0.9990635,0.24511719,0.004300059,-15.874586,-15.886904,-3.272746,278.0268,1.4098327,1.9616415e-07,0.7761344,-0.72733176,13.125637,0.99907017,0.22460938,0.004287276,-15.612675,-15.624746,-3.263226,211.10466,1.2389812,3.069436e-05,32.845684,-0.25371188,-9.316278,0.49119243,1.0,0.9990339,0.17773438,0.0047771027,-15.461945,-15.4734,-3.7427332,217.1572,0.9754847,7.70694e-07,0.99902916,0.16699219,0.004751061,-15.2234745,-15.23469,-3.7490137,595.5514,1.6022372,6.4317237e-07,0.02347758331298828,35747.107268333435,730000
21.242527,-0.1907385,-9.282244,0.48268396,1.0,0.9990635,0.21289062,0.004414341,-15.776796,-15.7889,-3.394249,668.6664,1.601709,2.6260145e-06,1.4737209,-1.235883,14.699683,0.9990654,0.21191406,0.004418852,-15.412336,-15.424051,-3.4277914,334.39807,1.419236,5.867939e-06,34.02091,-0.18971212,-9.300887,0.4873447,1.0,0.9990387,0.16699219,0.004803229,-15.266288,-15.277538,-3.756788,840.69434,2.75591,1.388786e-08,0.9990349,0.15820312,0.0047854483,-15.021482,-15.032444,-3.8069665,156.1441,0.6412377,1.4041922e-06,0.02842023549079895,35889.20844745636,735000
22.274452,-0.24177203,-9.307854,0.48908648,1.0,0.99907494,0.2578125,0.0043282094,-15.892969,-15.9052515,-3.3270743,314.9124,1.0173576,2.4586298e-05,1.1769164,-1.3025615,18.706587,0.9990721,0.23144531,0.004342883,-15.791796,-15.803948,-3.358303,104.9018,0.81464505,2.5843445e-05,27.854267,-0.24570337,-9.321455,0.49248683,1.0,0.9990206,0.18554688,0.0047512683,-15.403936,-15.415404,-3.6716754,593.0288,1.6299348,4.252559e-06,0.99902725,0.1796875,0.004743171,-15.225504,-15.236801,-3.669053,755.6467,2.768668,9.055133e-06,0.03171279139518738,36047.77241110802,740000
26.400604,-0.16623563,-9.261747,0.47755972,1.0,0.9990778,0.26660156,0.0042071417,-15.729087,-15.741368,-3.1651442,333.6091,1.0384917,3.82711e-05,1.08771,-1.0312691,17.698816,0.999074,0.24609375,0.004251738,-15.571798,-15.583846,-3.2469597,382.51862,1.0003752,2.3178154e-05,36.096176,-0.18707985,-9.302139,0.48765767,1.0,0.99903584,0.17675781,0.004863266,-15.112675,-15.123692,-3.8430243,961.7824,1.8454058,1.1752301e-09,0.99903774,0.15429688,0.0049104406,-14.958435,-14.969252,-3.892633,196.53836,1.0353395,1.9474314e-08,0.03172503180503845,36206.39757180214,745000
22.825745,-0.20521119,-9.271196,0.47992206,1.0,0.9990759,0.25585938,0.004216405,-15.833534,-15.845863,-3.220205,189.5114,0.97865677,8.208108e-06,0.7977455,-1.784121,15.450658,0.9990711,0.23730469,0.004228084,-15.650959,-15.663104,-3.2267034,288.5544,1.4999486,6.1960645e-06,21.63323,-0.2672428,-9.34674,0.49880797,1.0,0.9990301,0.17773438,0.0048396485,-15.164612,-15.175697,-3.8234177,310.6591,1.1137792,1.573928e-07,0.9990263,0.15917969,0.004850869,-14.989989,-15.000911,-3.8174775,563.7842,1.5247259,2.1460332e-06,0.031705342531204224,36364.92428731918,750000
20.978382,-0.242817,-9.31855,0.4917605,1.0,0.9990616,0.28515625,0.004243398,-15.908184,-15.920581,-3.2258763,358.83035,1.3133357,3.280958e-05,0.57595086,-1.0842943,13.338846,0.9990635,0.2607422,0.0042436114,-15.780522,-15.792787,-3.2343435,94.14768,0.8755904,7.614965e-05,21.79023,-0.25729787,-9.352262,0.5001883,1.0,0.99904346,0.17773438,0.0047969427,-15.36351,-15.374786,-3.828279,1130.2179,1.2000599,2.3928153e-06,0.9990425,0.17773438,0.004795666,-15.239432,-15.250627,-3.7885041,5083.7476,7.404709,1.7981543e-05,0.03169060945510864,36523.37733697891,755000
22.07124,-0.21439669,-9.245268,0.4734398,1.0,0.99908257,0.27148438,0.004191882,-16.013498,-16.026072,-3.152432,189.29419,1.3129516,2.6143563e-05,0.82055235,-0.65116966,15.152555,0.99907494,0.2578125,0.00420456,-15.759079,-15.7714,-3.1544194,97.682396,1.3449306,3.8078913e-05,26.16737,-0.22009945,-9.330898,0.49484742,1.0,0.9990263,0.15429688,0.0048529394,-15.159099,-15.170219,-3.7816668,407.99203,1.1232215,2.4402773e-06,0.99902344,0.14941406,0.004886076,-14.978961,-14.989912,-3.775681,669.24884,2.2907474,2.9296984e-06,0.03167977271080017,36681.776205062866,760000
25.48669,-0.20470718,-9.298535,0.4867568,1.0,0.99906063,0.24707031,0.0044043898,-15.7253685,-15.737386,-3.4312067,92.04191,0.48236927,2.2403377e-05,1.9907229,-1.3181101,17.648687,0.9990549,0.22265625,0.0044183233,-15.523512,-15.535303,-3.4620037,165.18983,0.7256544,3.018084e-05,24.260042,-0.25237554,-9.314242,0.49068347,1.0,0.999032,0.1796875,0.0048349705,-15.270858,-15.282067,-3.804305,1091.8184,1.4523289,9.5314147e-07,0.99903107,0.16894531,0.004841451,-15.014013,-15.024947,-3.8292933,523.6117,1.3287338,5.15622e-07,0.031721918678283695,36840.38579964638,765000
26.626049,-0.19314304,-9.321162,0.49241352,1.0,0.99906635,0.2626953,0.00423086,-15.908555,-15.920976,-3.2015543,259.34488,1.1423625,1.8288496e-06,1.9809631,-2.7662852,25.989927,0.99906826,0.24316406,0.0042419923,-15.616865,-15.628996,-3.2067285,153.28961,0.95022166,9.433014e-06,25.529179,-0.22391394,-9.278784,0.48181885,1.0,0.99903107,0.15429688,0.004813263,-15.332309,-15.343611,-3.7704153,226.62183,0.7642212,5.790708e-07,0.9990225,0.14746094,0.004846684,-15.110868,-15.121926,-3.7990732,542.9331,1.0408998,9.500736e-06,0.03171224946975708,36998.94705247879,770000
19.590021,-0.2363332,-9.276232,0.4811811,1.0,0.99906063,0.265625,0.0043395925,-15.72859,-15.740737,-3.3026514,400.60013,1.1775761,1.2515929e-05,0.8102387,-0.6828765,12.794888,0.9990549,0.22851562,0.0043672337,-15.497348,-15.5092535,-3.3170323,207.03575,1.099862,1.1609846e-05,31.00716,-0.19790673,-9.324747,0.49330992,1.0,0.9990244,0.19433594,0.0046924,-15.229838,-15.241167,-3.6408587,232.7265,0.7616581,1.2889543e-05,0.9990206,0.171875,0.004735584,-15.040202,-15.051304,-3.6826935,7518.9116,8.204042,4.863333e-06,0.031732756900787355,37157.61084008217,775000
19.080988,-0.25992924,-9.320612,0.49227574,1.0,0.9990673,0.25097656,0.0043037366,-15.976706,-15.989148,-3.2495444,1925.492,3.1962175,1.447013e-05,0.7835698,-0.7557931,14.800566,0.999073,0.23535156,0.0042951144,-15.6661825,-15.678342,-3.227549,15039.853,17.010122,8.031838e-05,27.110973,-0.28180516,-9.347809,0.4990751,1.0,0.99902916,0.17773438,0.0048870575,-15.20847,-15.21964,-3.7823372,3342.3118,7.041858,6.966884e-07,0.99903584,0.16015625,0.0048707323,-14.928747,-14.93963,-3.795071,918.1861,2.8417757,2.731941e-06,0.035476049518585205,37334.99109220505,780000
19.672165,-0.22896188,-9.28225,0.4826856,1.0,0.9990597,0.23828125,0.004287401,-15.664632,-15.67673,-3.2892346,101.49025,0.7144076,6.30269e-06,0.9192602,-1.0623882,12.507651,0.9990568,0.22460938,0.0043152315,-15.452456,-15.464322,-3.3144937,424.84988,1.1071143,3.4135423e-06,26.802616,-0.2689657,-9.359356,0.501962,1.0,0.999032,0.17773438,0.004816089,-15.06273,-15.073726,-3.8138425,416.19135,1.2922616,2.1143524e-08,0.9990282,0.17382812,0.0048347465,-14.758513,-14.769218,-3.8083868,501.97852,1.0710549,2.727782e-07,0.03817708201408386,37525.87650537491,785000
21.028069,-0.23418316,-9.29681,0.4863255,1.0,0.99905205,0.2626953,0.004313956,-15.804637,-15.816843,-3.316961,175.67401,0.7781075,8.4884705e-06,0.94091266,-1.1371856,14.200425,0.9990597,0.24023438,0.004290136,-15.577028,-15.58904,-3.2883162,105.587776,0.7405243,1.14598015e-05,29.409746,-0.24427685,-9.3483925,0.4992212,1.0,0.9990406,0.18261719,0.004751291,-15.339381,-15.350711,-3.7482882,294.2974,0.99852514,1.2556044e-06,0.99903965,0.16992188,0.0047774445,-15.146216,-15.157328,-3.7794123,3004.5388,3.6670508,1.8233899e-06,0.03436904845237732,37697.721749544144,790000
26.353115,-0.17342329,-9.294411,0.48572576,1.0,0.999074,0.26660156,0.004294307,-15.888219,-15.900555,-3.2680526,172.1544,0.76665914,1.6853454e-06,1.3791711,-0.9887991,18.118414,0.9990711,0.23339844,0.0043049017,-15.759184,-15.771326,-3.3376465,62.5813,0.58999884,3.7024176e-05,33.593063,-0.1907365,-9.313738,0.4905576,1.0,0.99902153,0.16894531,0.0048086774,-15.3149185,-15.326228,-3.7461758,1168.3467,2.6837907,1.6673063e-06,0.9990177,0.16210938,0.004825116,-15.169417,-15.180512,-3.8189232,340.91595,1.7898109,2.1379918e-07,0.031614735984802245,37855.79543352127,795000
20.132029,-0.25249183,-9.365394,0.5034714,1.0,0.99906635,0.25097656,0.0043284884,-15.872493,-15.88473,-3.3539276,76.947945,0.6755744,1.1237137e-06,0.82497203,-0.74897575,13.133472,0.9990654,0.23144531,0.004306242,-15.650848,-15.6629095,-3.3125181,168.23221,0.73484373,1.9454928e-05,26.539513,-0.22103369,-9.323883,0.49309367,1.0,0.99902534,0.17675781,0.0047942055,-15.277674,-15.288945,-3.747283,954.1731,2.1888652,4.1124028e-07,0.99902344,0.15234375,0.004804154,-15.120286,-15.131369,-3.7828035,159.23418,0.85954875,6.620348e-08,0.031624783754348754,38013.91935348511,800000
24.765186,-0.26165548,-9.276642,0.48128334,1.0,0.9990654,0.25097656,0.0043211514,-15.961983,-15.974346,-3.3131273,322.42892,1.2194111,7.3790484e-06,2.4856896,-1.4258101,23.11261,0.9990759,0.23339844,0.004330826,-15.694372,-15.706502,-3.2858436,534.438,2.122241,2.9891873e-05,22.105743,-0.28558832,-9.331711,0.4950505,1.0,0.99903107,0.16308594,0.0048739337,-15.264017,-15.275147,-3.8776765,387.55304,1.1674924,1.9924637e-06,0.9990339,0.15429688,0.004903522,-15.064702,-15.075641,-3.8729634,1049.5093,1.8483813,5.6066343e-09,0.25203104968070983,39274.07460784912,805000
28.565174,-0.21055281,-9.3592,0.5019229,1.0,0.999074,0.26367188,0.0042988593,-15.75281,-15.7650385,-3.2417297,430.17548,1.0938724,1.7761007e-05,1.7400968,-1.45397,20.851715,0.99906445,0.23242188,0.004350347,-15.615965,-15.628006,-3.2985678,71.95408,0.8899529,0.00017068682,29.272694,-0.20668629,-9.328557,0.4942621,1.0,0.99902344,0.15429688,0.004941066,-15.313891,-15.325055,-3.8936708,860.7248,1.0708864,4.2850849e-07,0.99902344,0.15429688,0.004924587,-15.136361,-15.147334,-3.9110467,117.46193,0.5810831,9.77227e-07,0.027174041795730592,39409.944818258286,810000
19.648403,-0.22999692,-9.297016,0.486377,1.0,0.9990692,0.26953125,0.0042520803,-15.796423,-15.80872,-3.2163064,563.60297,1.266249,0.00016094829,0.9486109,-0.66142243,11.961827,0.9990654,0.234375,0.0043087187,-15.522141,-15.534114,-3.2737954,139.92244,0.94819367,4.737904e-05,31.243416,-0.20168366,-9.36681,0.5038253,1.0,0.99901485,0.17578125,0.004843404,-15.236061,-15.247317,-3.7213798,2599.6113,2.8457992,8.057458e-06,0.9990139,0.15820312,0.004813008,-15.04973,-15.060767,-3.7582564,117.96367,0.72885704,1.260035e-05,0.03171761703491211,39568.53290939331,815000
24.786316,-0.2291748,-9.272171,0.48016578,1.0,0.99907017,0.26171875,0.004333154,-15.743654,-15.755801,-3.3169487,270.2222,0.98214424,4.889695e-07,1.4096594,-1.6977594,18.901703,0.99907017,0.21386719,0.0043712887,-15.570824,-15.582767,-3.3552191,116.40687,1.0306897,4.4631324e-05,23.57074,-0.2642378,-9.344427,0.4982298,1.0,0.9990339,0.18164062,0.004864428,-15.092514,-15.103562,-3.7891574,11024.01,6.905794,3.9520916e-07,0.9990301,0.16015625,0.0049070735,-14.929365,-14.940246,-3.7984762,9832.562,11.108795,3.9023494e-06,0.03173349242210388,39727.20037341118,820000
19.926178,-0.2637927,-9.294506,0.48574933,1.0,0.99906445,0.24121094,0.0043538488,-15.933002,-15.945299,-3.3531857,253.34348,0.9065019,1.5515553e-07,1.1362221,-0.9359211,15.540205,0.9990597,0.21875,0.0043637543,-15.652435,-15.664486,-3.3246884,247.52837,0.9279319,3.6719048e-06,32.35887,-0.24155587,-9.366457,0.50373733,1.0,0.9990282,0.16113281,0.004857064,-15.249614,-15.260781,-3.8241043,852.7846,1.5288292,5.724843e-09,0.9990244,0.15429688,0.0048602307,-14.993044,-15.00397,-3.8165984,12134.485,12.469772,2.7657947e-08,0.03173350124359131,39885.86788439751,825000
19.816092,-0.2161156,-9.313909,0.49060023,1.0,0.99906635,0.25195312,0.004295403,-15.836931,-15.849209,-3.277573,500.42627,0.9941447,1.4334797e-05,0.7235797,-0.9039426,14.812883,0.99905014,0.23144531,0.0043220297,-15.615854,-15.6278925,-3.3014793,142.43451,0.84327877,5.1800213e-05,28.416996,-0.22941595,-9.299938,0.4871074,1.0,0.9990368,0.1875,0.004816371,-15.363337,-15.374676,-3.7631855,8204.0205,5.169753,2.2125262e-06,0.99902153,0.16894531,0.004834329,-15.179128,-15.190254,-3.7961247,418.55048,1.6574591,3.0929456e-07,0.031733475971221926,40044.53526592255,830000
23.057354,-0.19280277,-9.302704,0.48779887,1.0,0.99906445,0.2783203,0.004197644,-15.811605,-15.823957,-3.176269,353.74088,1.1942152,6.894618e-06,1.0788237,-1.2115809,15.19365,0.99906063,0.25097656,0.0042383326,-15.653011,-15.665135,-3.2493596,107.54454,0.83785784,2.4340145e-05,28.139893,-0.23245817,-9.331963,0.49511343,1.0,0.99902344,0.16699219,0.004899506,-15.254076,-15.265252,-3.820447,594.59827,1.0993,4.3145724e-07,0.99902153,0.14550781,0.004922713,-15.032282,-15.043219,-3.8429506,1720.4321,2.668881,3.5260268e-06,0.031712049150466916,40203.09551906586,835000
20.336676,-0.21436745,-9.2823,0.48269784,1.0,0.9990673,0.26953125,0.004252083,-15.823671,-15.836012,-3.1994176,150.15816,1.2419019,1.0331961e-05,0.7288562,-2.092316,13.393419,0.9990721,0.24511719,0.0042370106,-15.661942,-15.67411,-3.21328,145.79953,1.1835892,2.130333e-05,27.622253,-0.2054246,-9.364061,0.5031385,1.0,0.999033,0.17285156,0.0047582584,-15.1481285,-15.159289,-3.7296903,196.4573,0.77614594,6.2310585e-07,0.999033,0.17480469,0.004795379,-15.006826,-15.017803,-3.7771716,2470.3948,3.6199014,2.455773e-07,0.0317345130443573,40361.76808595657,840000
22.826918,-0.21445563,-9.292651,0.4852858,1.0,0.99906826,0.2626953,0.004292532,-15.747279,-15.759436,-3.3106463,176.15224,0.83207697,7.8645763e-07,0.8686172,-1.1379507,17.33987,0.9990635,0.234375,0.0043169037,-15.585186,-15.597162,-3.3328743,88.68889,0.8513336,8.033076e-06,24.810991,-0.24509478,-9.337801,0.4965734,1.0,0.999032,0.18066406,0.0048334943,-15.178972,-15.190108,-3.7875614,717.5553,2.1234148,6.325958e-08,0.9990282,0.1640625,0.004824483,-15.033697,-15.044671,-3.8067827,235.59671,1.1800536,7.914939e-08,0.03173788843154907,40520.457532167435,845000
20.046608,-0.2652827,-9.3157015,0.4910484,1.0,0.9990711,0.26953125,0.0042601535,-15.720543,-15.732759,-3.222733,336.4049,0.9317584,1.6595071e-05,1.225016,-0.9323174,13.130157,0.99906826,0.24023438,0.0043053376,-15.47322,-15.485167,-3.2526956,641.332,1.5488658,5.8909365e-05,26.09626,-0.28204048,-9.3634815,0.5029935,1.0,0.9990282,0.16308594,0.0048422357,-15.270056,-15.281315,-3.7533145,691.7022,1.9367964,1.7937963e-06,0.9990282,0.15722656,0.0048457086,-14.984097,-14.995082,-3.7466993,5650.718,6.8964095,7.0404853e-06,0.0316904363155365,40678.90971541405,850000
20.592182,-0.23080745,-9.270773,0.47981617,1.0,0.99905777,0.24316406,0.0043165553,-15.760859,-15.7730465,-3.2918186,165.51292,0.8845149,6.1808817e-07,1.026747,-0.7253269,14.666809,0.9990492,0.21777344,0.00434136,-15.4384165,-15.450286,-3.2957091,230.998,1.0209365,1.0757822e-05,31.904823,-0.22352956,-9.3357525,0.4960611,1.0,0.9990339,0.17578125,0.004746424,-15.37362,-15.3850355,-3.6955767,5802.0913,4.2864757,1.8688586e-06,0.99902534,0.17285156,0.0047560167,-15.0058,-15.0168495,-3.7015288,327.7433,1.2930013,7.491864e-06,0.031718869972229,40837.50407266617,855000
24.5364,-0.22687346,-9.289694,0.48454633,1.0,0.9990711,0.28125,0.004237506,-15.967899,-15.980342,-3.2389755,502.7561,1.059935,8.2939e-06,1.0388422,-1.2813648,16.161436,0.99906445,0.2607422,0.0042690635,-15.772163,-15.784409,-3.2444327,44.262497,0.66331357,1.5259473e-05,29.851524,-0.23594646,-9.32374,0.49305776,1.0,0.99903965,0.18457031,0.0048000524,-15.292259,-15.303528,-3.7649271,1556.3025,1.810556,3.4801783e-06,0.9990368,0.16992188,0.0048266556,-15.027273,-15.038243,-3.8052545,304.9748,0.9071323,7.2238577e-06,0.03171098494529724,40996.058998823166,860000
18.880854,-0.1764933,-9.312154,0.4901613,1.0,0.99906254,0.26464844,0.0043506743,-15.699231,-15.711294,-3.3576536,145.34438,0.75962543,2.0010327e-06,0.7200611,-0.59858,11.667517,0.9990587,0.23046875,0.0043778047,-15.531004,-15.542841,-3.42208,122.99168,0.77403283,9.231907e-06,26.536263,-0.23973522,-9.35254,0.5002579,1.0,0.99903774,0.171875,0.0048253685,-15.191349,-15.202456,-3.828673,925.29926,1.3383199,3.8481708e-06,0.99903584,0.16796875,0.004831067,-15.016932,-15.027843,-3.8538675,390.80316,1.2758896,1.3714064e-06,0.03172862958908081,41154.70215058327,865000
20.812706,-0.2324355,-9.347422,0.4989783,1.0,0.9990635,0.2548828,0.0043076053,-15.720446,-15.732613,-3.273545,549.4255,1.4805915,2.5789082e-05,1.6616745,-1.0809919,14.68069,0.9990616,0.22167969,0.0043202043,-15.483988,-15.495909,-3.2894874,112.9797,1.1049927,4.3893564e-05,31.227245,-0.24616909,-9.344201,0.49817318,1.0,0.9990053,0.14746094,0.0049310857,-15.258723,-15.269915,-3.8097844,997.0105,1.6942198,2.0830787e-07,0.9990015,0.13867188,0.004923762,-15.118881,-15.129922,-3.823967,798.1372,1.8070667,1.2278923e-06,0.03175411067008972,41313.472707271576,870000
25.416632,-0.19092321,-9.308998,0.4893725,1.0,0.9990654,0.26367188,0.0042616045,-15.765163,-15.777397,-3.2497816,231.78249,0.853443,6.4837172e-06,1.33312,-0.66443074,16.24567,0.99906063,0.2421875,0.0042901384,-15.528221,-15.540193,-3.2817569,214.66357,0.92750204,3.4221734e-06,24.030119,-0.23735121,-9.316427,0.49122977,1.0,0.99904156,0.17089844,0.004858102,-15.123593,-15.134643,-3.8197813,633.9969,1.0490236,4.2610867e-07,0.9990387,0.15234375,0.0048524532,-14.979315,-14.9902,-3.8436625,90.54836,0.42497653,7.331444e-07,0.03173054394721985,41472.125428676605,875000
24.983963,-0.21642075,-9.284671,0.48329088,1.0,0.9990597,0.26171875,0.00426462,-15.788136,-15.8003845,-3.2579298,107.21439,0.72650194,4.1418534e-06,1.0039423,-0.7893548,14.257637,0.99905586,0.23925781,0.004283713,-15.609051,-15.621077,-3.3059573,70.06587,0.8187012,9.4820217e-07,23.516788,-0.23709802,-9.38688,0.5088428,1.0,0.99904346,0.171875,0.004793319,-15.180341,-15.191418,-3.848845,542.8852,1.1285906,2.4508864e-08,0.99903584,0.16796875,0.004824096,-15.018921,-15.02982,-3.8684878,2186.2048,4.2588105,3.813482e-08,0.03295504560470581,41636.900661706924,880000
24.650103,-0.23555793,-9.295554,0.48601148,1.0,0.99906826,0.2626953,0.0043060617,-15.97184,-15.984236,-3.291659,297.94092,1.0941515,1.5087362e-05,0.97922206,-1.0258906,17.060919,0.99907017,0.23925781,0.004307445,-15.713196,-15.72535,-3.2790363,248.97157,1.5511427,2.3840268e-05,26.240925,-0.24817571,-9.325447,0.49348465,1.0,0.999032,0.16699219,0.0048030606,-15.359617,-15.37096,-3.7553968,304.67233,1.4230837,6.7670117e-06,0.99902725,0.14746094,0.0048325416,-15.100359,-15.111441,-3.7638683,646.2212,2.0677292,4.279431e-06,0.034643234729766846,41810.11683678627,885000
22.545376,-0.17067519,-9.287518,0.48400238,1.0,0.9990511,0.24023438,0.004324789,-15.834812,-15.8470955,-3.2684422,252.54045,0.9786391,6.4563733e-07,1.3373114,-1.26475,15.062716,0.999053,0.22460938,0.0043188063,-15.644423,-15.656494,-3.2942524,347.4768,1.1264158,1.7873559e-05,34.326637,-0.16673645,-9.381524,0.50750387,1.0,0.9990282,0.171875,0.0048262505,-15.125164,-15.136246,-3.789209,583.5689,1.0912721,8.250097e-09,0.99902725,0.15722656,0.0048137708,-14.881799,-14.892611,-3.820127,574.17206,1.175609,1.3853863e-08,0.025835523176193236,41939.29445743561,890000
23.711311,-0.19669496,-9.304534,0.48825628,1.0,0.9990673,0.2734375,0.004268425,-16.02475,-16.037233,-3.2520053,2816.7053,2.720014,5.0112462e-06,1.3613778,-1.1100472,15.92046,0.9990635,0.24609375,0.004267685,-15.887491,-15.899822,-3.272273,695.0372,1.8041956,7.574319e-05,30.373924,-0.21116082,-9.3346615,0.49578854,1.0,0.99903774,0.18945312,0.0048050797,-15.316298,-15.327556,-3.7992206,340.83987,1.1484883,2.7452515e-07,0.99903107,0.1640625,0.0048293327,-15.206597,-15.217669,-3.8813124,97.94493,0.5901371,5.7616165e-07,0.023424810791015625,42056.41851258278,895000
21.624105,-0.25752258,-9.302906,0.48784953,1.0,0.9990597,0.25683594,0.0042703375,-15.900206,-15.912619,-3.2020116,808.9811,1.5542035,3.2119893e-05,1.6609987,-1.1203628,20.326927,0.99905777,0.22949219,0.0042768326,-15.593287,-15.605436,-3.164979,305.69406,1.4229743,3.378927e-05,32.4383,-0.20972037,-9.341046,0.49738452,1.0,0.9990339,0.15625,0.0048468015,-15.224752,-15.235904,-3.817401,3799.3318,3.5924103,6.2540894e-06,0.999032,0.15234375,0.004919533,-15.016197,-15.02711,-3.8519886,4010.958,7.948754,1.0621143e-06,0.023421465730667113,42173.525844573975,900000
22.186634,-0.19170365,-9.256609,0.47627532,1.0,0.99906063,0.24609375,0.004396453,-15.822842,-15.834987,-3.3988276,2977.6309,2.163023,1.6783228e-05,1.2287494,-0.59521246,12.85698,0.999053,0.20996094,0.0044282377,-15.544704,-15.556538,-3.43814,641.0143,1.2090927,3.6982958e-05,29.771336,-0.23983628,-9.350772,0.49981603,1.0,0.9990101,0.16308594,0.0049250806,-15.357126,-15.368391,-3.8332512,1244.4164,2.3915138,9.902515e-07,0.9990177,0.15429688,0.0049154083,-15.217829,-15.228932,-3.8585668,400.4531,1.9910145,1.9009865e-06,0.2380529345035553,43363.7905189991,905000
29.453007,-0.1693977,-9.351894,0.5000966,1.0,0.9990721,0.25976562,0.0042955293,-16.098885,-16.111439,-3.2573445,206.03987,1.0866344,6.326085e-06,2.3274446,-1.5923876,21.38198,0.9990597,0.22753906,0.004335858,-15.876168,-15.888459,-3.3020382,172.06117,1.2250836,4.3617572e-05,25.7249,-0.25735927,-9.317858,0.49158722,1.0,0.9990206,0.16015625,0.0047711856,-15.4172535,-15.4287405,-3.666214,968.3029,1.6984589,2.0301345e-06,0.99902344,0.14550781,0.00479436,-15.267149,-15.278472,-3.6835694,5240.7383,13.897947,3.7038689e-07,0.022804857206344606,43477.81480836868,910000
19.559616,-0.25531045,-9.285481,0.4834933,1.0,0.9990721,0.26464844,0.004301392,-15.899149,-15.911473,-3.2917917,348.30762,1.0080011,3.9489234e-05,1.0365744,-1.0325427,12.629059,0.99906635,0.23242188,0.0043201875,-15.735704,-15.747878,-3.2819536,165.30148,1.02538,0.000103771636,24.058392,-0.25196293,-9.366066,0.5036394,1.0,0.9990206,0.16699219,0.0048622163,-15.19075,-15.201906,-3.7786171,1425.9707,2.1986423,4.53729e-06,0.9990225,0.16113281,0.004889195,-15.035628,-15.046624,-3.7863114,683.35846,1.532141,4.002155e-06,0.022752022981643676,43591.57492661476,915000
18.754639,-0.26248398,-9.300924,0.4873538,1.0,0.99905777,0.2529297,0.0043341843,-15.854599,-15.866843,-3.3286078,211.8726,1.0327247,1.6248023e-07,1.3234333,-1.3006424,13.435039,0.99905777,0.20507812,0.0043585403,-15.587786,-15.59976,-3.3380928,432.28458,1.5328447,7.695575e-06,27.240776,-0.23121388,-9.37631,0.50620043,1.0,0.9990301,0.18945312,0.0047802213,-15.269659,-15.280888,-3.7836084,1346.1947,1.4397523,3.802475e-06,0.999032,0.17382812,0.004807666,-14.974768,-14.985675,-3.816235,247.24666,0.6635616,3.5110243e-06,0.02274152874946594,43705.2825717926,920000
21.599907,-0.22935782,-9.302721,0.4878031,1.0,0.999073,0.2705078,0.0042353263,-16.163488,-16.176155,-3.2060719,140.27502,1.1084418,3.6592309e-07,1.1578505,-1.2983186,18.631065,0.99906826,0.23535156,0.004253793,-15.964761,-15.977206,-3.2315345,193.3147,1.1909125,1.7404062e-05,19.49287,-0.29212826,-9.35339,0.5004705,1.0,0.999033,0.16992188,0.0048487205,-15.370772,-15.382056,-3.8277566,5017.682,3.5970592,7.1367567e-06,0.999032,0.16992188,0.004863277,-15.197428,-15.208517,-3.8533711,410.44366,1.1351918,3.616684e-06,0.022748692655563355,43819.02603673935,925000
22.074892,-0.22548485,-9.257908,0.47659978,1.0,0.99906826,0.265625,0.00431073,-15.940977,-15.953331,-3.3020384,585.64374,1.2450445,2.9691473e-06,1.2774398,-1.6325781,18.452597,0.99906445,0.23046875,0.004339587,-15.637945,-15.649969,-3.3379748,1676.3124,2.3434145,1.4152005e-07,29.862156,-0.1993778,-9.361437,0.50248206,1.0,0.999033,0.17871094,0.0048923558,-15.294928,-15.30608,-3.88653,501.15295,1.0005356,3.5032747e-06,0.9990263,0.16113281,0.0048827827,-15.10897,-15.119926,-3.9002056,182.57777,0.52505285,2.250298e-06,0.022722672176361085,43932.63940215111,930000
16.050411,-0.2908576,-9.296935,0.48635656,1.0,0.9990635,0.24707031,0.004270375,-16.04321,-16.055765,-3.200972,210.58217,1.005792,7.0770593e-06,0.61619145,-1.5192007,11.694176,0.9990587,0.22949219,0.0042966683,-15.70265,-15.71487,-3.1997395,373.31995,1.411779,2.2038112e-05,24.70516,-0.26467276,-9.341784,0.4975686,1.0,0.9990339,0.17089844,0.0048467116,-15.392721,-15.404083,-3.7705042,803.52954,2.0380008,3.5986842e-09,0.999033,0.14355469,0.004854658,-15.166294,-15.177393,-3.8123934,508.58737,1.7136158,4.0202952e-08,0.022704058170318602,44046.15969514847,935000
26.784807,-0.2119541,-9.312888,0.49034506,1.0,0.9990759,0.25878906,0.004301259,-15.980934,-15.993326,-3.3037496,317.17776,1.1652006,5.5739562e-08,1.9021316,-1.0798577,17.115807,0.99907494,0.23632812,0.0043004924,-15.787425,-15.799606,-3.3258672,107.47923,0.8208008,1.5862324e-06,31.022526,-0.21754816,-9.361271,0.5024407,1.0,0.9990196,0.17285156,0.004795269,-15.385193,-15.396588,-3.7274995,2647.2034,2.8920538,2.5958982e-06,0.9990225,0.16894531,0.004830584,-15.184231,-15.1953745,-3.7840219,391.12012,0.9178436,3.8682663e-07,0.02272304286956787,44159.774913311005,940000
24.314552,-0.21880287,-9.276147,0.4811597,1.0,0.999073,0.25976562,0.004295224,-15.995909,-16.008348,-3.2699666,153.93185,0.9470655,3.3192482e-06,0.7620654,-1.3248657,14.677082,0.99906635,0.23242188,0.004344845,-15.777355,-15.789542,-3.309726,381.71036,1.442247,1.827725e-06,28.749557,-0.25771978,-9.367919,0.5041027,1.0,0.9990177,0.17089844,0.004854698,-15.367502,-15.378841,-3.7669775,4001.5745,4.806772,1.9320222e-08,0.9990282,0.16308594,0.0048090783,-15.17291,-15.184066,-3.7603722,617.7504,1.7838763,8.791438e-08,0.022714415121078493,44273.34699344635,945000
24.068895,-0.21200798,-9.300232,0.48718098,1.0,0.999074,0.27734375,0.0042308564,-16.093079,-16.10569,-3.1904044,200.48305,1.206895,1.1882265e-05,0.92040205,-1.118999,16.553185,0.9990721,0.25585938,0.00424878,-15.886484,-15.89888,-3.205139,1578.8602,3.218552,2.7993223e-05,28.050264,-0.2083227,-9.366158,0.5036622,1.0,0.99902344,0.17285156,0.00490388,-15.377468,-15.388773,-3.81145,8413.813,8.724638,1.2163806e-06,0.99902534,0.15917969,0.0049376,-15.230832,-15.241962,-3.8442297,601.227,1.8977904,1.3669107e-08,0.02272301630973816,44386.96207809448,950000
19.360676,-0.2614319,-9.343147,0.49790967,1.0,0.9990568,0.24316406,0.0043580225,-15.798767,-15.810916,-3.3702784,276.3718,1.1279398,3.2870055e-05,0.60196424,-0.536125,11.173866,0.99905396,0.23339844,0.0043572746,-15.538218,-15.550122,-3.360197,172.09465,1.1546443,6.2970066e-06,25.672386,-0.26107934,-9.25972,0.4770528,1.0,0.9990206,0.16992188,0.004883373,-15.422529,-15.433884,-3.8061914,972.1776,2.2639966,2.6988334e-06,0.99902534,0.15820312,0.004857686,-15.18798,-15.199111,-3.8009524,220.65297,1.3380631,8.299985e-06,0.02273026776313782,44500.61342048645,955000
30.822191,-0.1729118,-9.329231,0.49443063,1.0,0.99906063,0.24804688,0.004258204,-15.923279,-15.935671,-3.2456455,662.8563,1.3886667,7.908952e-07,1.635745,-1.2372473,20.897087,0.9990568,0.23828125,0.004298925,-15.692999,-15.705135,-3.2764587,96.69344,0.79810226,1.2925258e-06,22.17766,-0.24292475,-9.343737,0.49805725,1.0,0.99903774,0.15625,0.0048361374,-15.327702,-15.338973,-3.7965927,464.88028,0.9849314,3.0395297e-06,0.9990339,0.1484375,0.0048686275,-15.140313,-15.151404,-3.793069,246.7953,1.3643321,1.920094e-06,0.022719911623001098,44614.212980270386,960000
20.414568,-0.20616135,-9.297117,0.48640215,1.0,0.9990616,0.25,0.0042846026,-15.988058,-16.000502,-3.2597144,135.25072,0.9593423,4.108963e-06,0.9458697,-1.652286,13.958975,0.99906254,0.24023438,0.004295286,-15.677809,-15.6899185,-3.290569,122.23932,0.91301894,6.8167765e-06,24.788567,-0.22152078,-9.353376,0.50046694,1.0,0.99902725,0.16113281,0.004862473,-15.325521,-15.336749,-3.8397837,1112.5745,1.6019733,1.1277813e-08,0.9990206,0.15917969,0.004868937,-15.082845,-15.093816,-3.8594608,889.3239,2.2257314,1.5515894e-07,0.02272627205848694,44727.84434604645,965000
17.685272,-0.19675991,-9.298571,0.48676544,1.0,0.99907684,0.25878906,0.004204352,-16.169048,-16.181734,-3.1928082,146.08185,0.84243804,6.550493e-06,0.66075987,-0.73455846,8.610378,0.99907494,0.2607422,0.0041872878,-15.94623,-15.958699,-3.1902034,283.69498,0.98172873,0.00022472741,23.15203,-0.2654714,-9.321425,0.49247944,1.0,0.9990339,0.16699219,0.004803803,-15.393619,-15.404942,-3.8100414,325.4875,1.1796519,8.9744873e-07,0.999033,0.14746094,0.0048205275,-15.141041,-15.152126,-3.8012302,292.93948,1.2594635,4.1140072e-05,0.02272170248031616,44841.45285987854,970000
23.089725,-0.21541375,-9.318527,0.49175492,1.0,0.9990597,0.2607422,0.0042902706,-15.9572315,-15.969598,-3.3081493,154.12627,0.8974726,0.00013449592,1.2522517,-0.80590886,14.578197,0.999053,0.22851562,0.0043157665,-15.786436,-15.798613,-3.3292346,86.80374,0.7222822,9.455519e-05,21.353184,-0.27554026,-9.357771,0.5015659,1.0,0.9990349,0.15527344,0.004807323,-15.3979435,-15.409223,-3.8590348,183.36003,0.6648123,3.6989043e-08,0.9990349,0.15722656,0.004831616,-15.14489,-15.1559305,-3.8505216,51377.336,54.291378,3.5210132e-06,0.022717814064025878,44955.04193496704,975000
22.516584,-0.20224585,-9.297159,0.48641253,1.0,0.9990597,0.26464844,0.004307708,-15.992939,-16.005344,-3.3019452,142.53146,0.9183016,8.6935825e-06,1.1579617,-0.97767144,15.834383,0.999053,0.22265625,0.0043207183,-15.828217,-15.840422,-3.341513,263.89996,1.3127754,2.7613132e-07,24.972912,-0.21526533,-9.320718,0.4923025,1.0,0.9990244,0.19238281,0.0047615394,-15.286909,-15.29819,-3.745912,265.4579,0.8142731,2.831242e-09,0.9990206,0.1875,0.004775041,-15.119645,-15.130729,-3.78095,96.816444,0.5093599,7.1357825e-08,0.024028837966918945,45075.18612623215,980000
20.220934,-0.21433936,-9.298635,0.48678148,1.0,0.99907684,0.2763672,0.004207975,-16.022278,-16.03484,-3.171155,258.7922,0.9801266,3.186671e-05,0.85073215,-0.8312615,14.918823,0.999074,0.25390625,0.0042178296,-15.84856,-15.860912,-3.2134633,96.0862,0.92608964,0.00011299153,28.131437,-0.20793545,-9.305609,0.4885252,1.0,0.99903774,0.17285156,0.004854402,-15.262939,-15.274087,-3.8603258,507.15634,1.1087365,2.02865e-08,0.99903965,0.16894531,0.0048603034,-15.063908,-15.0748625,-3.856942,3754.0369,4.939147,3.78973e-07,0.02925983910560608,45221.48532676697,985000
20.780346,-0.22836448,-9.285983,0.48361874,1.0,0.9990711,0.2783203,0.0042730523,-15.934021,-15.946453,-3.2158778,135.02145,0.90194297,1.3069994e-05,0.7344275,-0.7518374,13.105576,0.99906635,0.2548828,0.0042754333,-15.680809,-15.692999,-3.2105746,95.373085,1.0063288,1.8477192e-05,25.113537,-0.21978155,-9.307947,0.48910975,1.0,0.9990282,0.17773438,0.00479679,-15.399691,-15.411066,-3.762411,1098.026,1.4782029,5.7475318e-06,0.9990225,0.16894531,0.004789814,-15.199927,-15.211098,-3.7724738,2526.3716,4.1722617,1.5840662e-06,0.0248288330078125,45345.62949299812,990000
19.362286,-0.23263615,-9.298872,0.4868409,1.0,0.999073,0.28710938,0.0042454908,-16.088072,-16.10064,-3.231977,74.599144,0.910738,4.9543025e-05,1.9886732,-1.0011064,14.483855,0.99906826,0.24609375,0.0042600455,-15.733205,-15.745427,-3.2302322,104.47121,0.93805987,0.000104923995,35.385353,-0.20205623,-9.358656,0.501787,1.0,0.999032,0.16601562,0.0048082424,-15.4351425,-15.44654,-3.7759662,1470.4567,2.0574753,4.997773e-06,0.9990349,0.15136719,0.004811388,-15.137267,-15.148373,-3.77636,440.03653,1.4900107,5.208909e-06,0.022684389352798463,45459.05144381523,995000
17.503754,-0.20004544,-9.291632,0.48503104,1.0,0.9990597,0.2607422,0.004336672,-15.852152,-15.864362,-3.3610861,131.31303,0.73496324,2.2409006e-06,0.6293845,-0.52673614,10.21266,0.9990568,0.22949219,0.004384186,-15.615066,-15.627005,-3.3997786,121.012596,0.91658294,2.3689327e-05,24.717909,-0.26226878,-9.363863,0.5030887,1.0,0.99903774,0.17382812,0.004806799,-15.303787,-15.31503,-3.8028064,151.85359,0.9504362,1.320358e-07,0.99903774,0.16992188,0.0048417915,-15.080605,-15.091606,-3.8250852,850.088,2.0541162,1.2397093e-06,0.02266592516899109,45572.38107252121,1000000
