training/actor/actor_loss,training/actor/adv,training/actor/bc_log_prob,training/actor/mse,training/actor/std,training/critic/binary_accuracy,training/critic/categorical_accuracy,training/critic/contrastive_loss,training/critic/logits,training/critic/logits_neg,training/critic/logits_pos,training/critic/v_max,training/critic/v_mean,training/critic/v_min,training/grad/max,training/grad/min,training/grad/norm,training/value/binary_accuracy,training/value/categorical_accuracy,training/value/contrastive_loss,training/value/logits,training/value/logits_neg,training/value/logits_pos,training/value/v_max,training/value/v_mean,training/value/v_min,validation/actor/actor_loss,validation/actor/adv,validation/actor/bc_log_prob,validation/actor/mse,validation/actor/std,validation/critic/binary_accuracy,validation/critic/categorical_accuracy,validation/critic/contrastive_loss,validation/critic/logits,validation/critic/logits_neg,validation/critic/logits_pos,validation/critic/v_max,validation/critic/v_mean,validation/critic/v_min,validation/value/binary_accuracy,validation/value/categorical_accuracy,validation/value/contrastive_loss,validation/value/logits,validation/value/logits_neg,validation/value/logits_pos,validation/value/v_max,validation/value/v_mean,validation/value/v_min,time/epoch_time,time/total_time,step
194.37907,0.24635836,-9.437162,0.52141345,1.0,0.43750858,0.0009765625,0.8297185,0.08549318,0.085442156,0.13769437,21.196995,1.6512022,0.025488887,8.6502,-7.600709,182.8949,0.7418947,0.0,0.5335301,-0.56794965,-0.56793743,-0.58042705,8.939107,0.85737604,0.056839034,122.81875,0.13411568,-9.322458,0.49273747,1.0,0.9829445,0.0,0.061138887,-5.3647575,-5.3644924,-5.635708,8.286701,0.07702449,3.5095065e-05,0.98590183,0.0,0.044550937,-5.9457912,-5.945545,-6.196889,4.126333,0.05233717,2.6043006e-05,0.013416594409942627,67.08297491073608,1
17.02375,-0.23431247,-8.241216,0.222427,1.0,0.99902725,0.10253906,0.00593731,-9.625983,-9.630455,-5.052047,4.97414,0.06620461,1.9518511e-06,0.43879977,-0.3076931,8.548061,0.9990263,0.1015625,0.0058975955,-9.47938,-9.483749,-5.0092134,2.7410429,0.06545889,6.4218225e-06,14.794881,-0.27454782,-8.256126,0.2261547,1.0,0.99892426,0.06933594,0.0062824525,-9.614773,-9.619181,-5.105603,19.362347,0.15728834,3.73968e-06,0.9988861,0.0625,0.0062177777,-9.410722,-9.414984,-5.051405,7.657721,0.12296897,4.9213972e-06,0.23612006440162658,1247.683298587799,5000
24.429317,-0.20295058,-8.210884,0.214844,1.0,0.99905014,0.14257812,0.0056634964,-9.639441,-9.644302,-4.666892,13.121638,0.19685724,2.3926123e-06,0.47379267,-0.69031453,11.700139,0.99905014,0.119140625,0.0057072463,-9.467173,-9.471881,-4.6494493,18.885763,0.23035236,2.9352916e-06,23.544844,-0.26998234,-8.219044,0.21688375,1.0,0.99862957,0.08105469,0.006312998,-9.634762,-9.639677,-4.605982,23.185223,0.34491256,2.952548e-07,0.998579,0.076171875,0.006607048,-9.477272,-9.482088,-4.550708,19.947031,0.5196109,8.933853e-06,0.2561730360507965,2528.5484805107117,10000
33.34133,-0.13256687,-8.15431,0.20070061,1.0,0.9990444,0.16699219,0.005361402,-9.722517,-9.727717,-4.401225,32.976738,0.29987586,8.773021e-06,0.85298866,-0.66965663,14.84517,0.9990406,0.14355469,0.005429467,-9.5718565,-9.576868,-4.4459605,13.450589,0.25879303,1.1810412e-05,24.099209,-0.22190726,-8.182979,0.20786767,1.0,0.99858093,0.10253906,0.0062052263,-9.702154,-9.707396,-4.3395224,37.39269,0.41610616,7.885278e-06,0.99853134,0.08203125,0.006473562,-9.580229,-9.585343,-4.3481026,17.84404,0.5000268,1.49413545e-05,0.13237188582420348,3190.4079144001007,15000
30.528685,-0.16125399,-8.130089,0.1946452,1.0,0.9990587,0.16113281,0.0051783407,-10.011664,-10.017323,-4.223363,16.65817,0.2456632,6.420365e-06,0.60724664,-0.81060445,15.143631,0.9990549,0.16503906,0.0052513196,-9.802835,-9.808212,-4.3031783,12.7270155,0.24323449,2.946318e-05,33.04535,-0.18117757,-8.159269,0.20194028,1.0,0.99867916,0.10839844,0.0060576745,-9.790554,-9.795865,-4.357506,50.714485,0.5681462,8.828937e-06,0.99870014,0.10644531,0.0062318556,-9.616125,-9.621214,-4.4087877,55.49138,0.862985,1.1544463e-05,0.009908758211135864,3239.9517109394073,20000
39.30266,-0.1145799,-8.100954,0.1873615,1.0,0.9990473,0.16015625,0.0052441065,-9.832787,-9.838285,-4.2073684,30.771122,0.24331783,4.1308435e-06,0.6228036,-0.9139395,18.603203,0.9990454,0.15429688,0.005315695,-9.605058,-9.610208,-4.3356776,20.463406,0.2454289,1.2650838e-05,37.06154,-0.15037835,-8.114426,0.19072935,1.0,0.99863815,0.12109375,0.0060421047,-10.092247,-10.098104,-4.1004314,42.80495,0.6724247,7.46885e-06,0.9985819,0.11621094,0.0061425464,-9.841385,-9.846923,-4.1758904,27.135395,0.600808,8.160651e-06,0.16657140059471132,4072.808717727661,25000
33.575413,-0.17760943,-8.148387,0.19921985,1.0,0.9990568,0.15429688,0.005163577,-10.096214,-10.1019535,-4.225648,39.133266,0.24432716,4.9908763e-06,1.0514488,-1.2682788,20.505169,0.99905205,0.15625,0.005246711,-9.785204,-9.79053,-4.336627,7.3301454,0.17463037,4.2855e-06,40.266563,-0.19943261,-8.110458,0.18973754,1.0,0.9987078,0.13574219,0.0057037678,-10.132034,-10.137818,-4.2155633,245.66158,0.59096223,2.2684405e-06,0.9987316,0.11035156,0.005808972,-9.88907,-9.894547,-4.2848473,557.2047,0.9715107,3.9197007e-06,0.009933431243896484,4122.475875139236,30000
42.979202,-0.114521936,-8.097338,0.18645753,1.0,0.9990759,0.19335938,0.005068635,-10.253208,-10.259217,-4.10596,111.4681,0.43584573,4.7155113e-06,0.81360507,-0.932382,18.63314,0.99906826,0.19335938,0.0051462175,-10.013066,-10.018756,-4.192814,30.738857,0.3920331,1.0104024e-05,37.463303,-0.1754002,-8.116449,0.19123517,1.0,0.9986572,0.12011719,0.005881809,-10.186505,-10.192437,-4.11827,131.30864,0.8002493,1.0576708e-06,0.9986515,0.109375,0.0060895095,-10.026236,-10.031909,-4.223219,169.38908,1.3051544,1.864033e-06,0.16263405618667603,4935.646159410477,35000
31.905037,-0.17416304,-8.084709,0.18330029,1.0,0.99907017,0.20703125,0.005033147,-10.374844,-10.381035,-4.042281,141.12689,0.5238199,1.4572054e-05,0.7232125,-0.7287168,14.191819,0.99906826,0.1953125,0.00507401,-10.079019,-10.084847,-4.1157417,58.50269,0.45584506,8.799029e-06,37.420593,-0.19330832,-8.114951,0.19086075,1.0,0.9987736,0.12109375,0.005862291,-10.252846,-10.258821,-4.140853,68.42211,0.62882507,1.9537863e-06,0.9987316,0.119140625,0.006145199,-10.009106,-10.014775,-4.208762,58.79594,0.9208888,3.8063806e-07,0.016611487483978272,5018.70359992981,40000
32.295242,-0.24856396,-8.111933,0.19010602,1.0,0.99905586,0.20507812,0.0050902595,-10.322418,-10.328472,-4.129003,47.729984,0.421258,8.929806e-06,1.5336617,-0.95380425,20.357018,0.9990454,0.20214844,0.005128198,-10.022455,-10.028209,-4.1369314,32.37237,0.45393562,3.667336e-05,38.38111,-0.26189852,-8.0890255,0.18437946,1.0,0.99866295,0.12695312,0.005884826,-10.37609,-10.38215,-4.177774,105.51957,0.57357645,1.8692152e-06,0.9986267,0.12109375,0.0062288893,-10.077164,-10.082901,-4.208005,61.67035,0.9636102,1.2701634e-07,0.17236450157165528,5880.52611207962,45000
33.171757,-0.2329238,-8.086897,0.18384731,1.0,0.9990597,0.18945312,0.0049403985,-10.423646,-10.4299755,-3.9495466,50.881477,0.37187818,1.1038487e-05,0.7579219,-1.2857463,17.643204,0.99905777,0.18945312,0.0049854373,-10.12993,-10.135929,-3.992272,23.473864,0.3285105,4.096583e-06,50.467033,-0.19635844,-8.104089,0.18814522,1.0,0.9988508,0.12207031,0.005654858,-10.223312,-10.229096,-4.3063154,25.706589,0.31167474,5.2661267e-07,0.9988365,0.12109375,0.005810923,-9.98345,-9.988944,-4.36355,219.72546,0.69232345,9.257072e-07,0.023407122039794923,5997.561726808548,50000
40.070274,-0.16665009,-8.079935,0.18210682,1.0,0.99903584,0.17773438,0.00493819,-10.661773,-10.668341,-3.9428165,46.707943,0.3473521,3.1676113e-06,1.0238215,-1.6020694,21.748623,0.9990301,0.18066406,0.005025595,-10.388723,-10.3948965,-4.0730515,32.908432,0.28931794,1.0260497e-05,43.87828,-0.23527402,-8.055529,0.17600504,1.0,0.9988756,0.119140625,0.00557503,-10.373585,-10.379638,-4.181731,23.119766,0.31951135,9.046445e-07,0.9988661,0.11230469,0.005714884,-10.1272545,-10.133013,-4.2357073,40.930725,0.50934976,8.1479874e-07,0.1353159903049469,6674.141680240631,55000
40.2393,-0.21468258,-8.046394,0.17372152,1.0,0.99906635,0.20019531,0.004911104,-10.583746,-10.590254,-3.9259958,23.70302,0.36370832,8.546884e-06,0.58549535,-1.2398727,18.10062,0.9990692,0.19726562,0.0049696756,-10.267313,-10.273439,-3.999642,89.261345,0.38255686,2.4860034e-05,37.070427,-0.25641564,-8.094643,0.18578383,1.0,0.9988661,0.13574219,0.0057019163,-10.411228,-10.417285,-4.215314,80.01106,0.47650042,7.582004e-08,0.99879646,0.13769531,0.0058889827,-10.110184,-10.115914,-4.2479343,146.93863,0.8970889,2.2880674e-07,0.03146677861213684,6831.475576162338,60000
34.856445,-0.20874596,-8.033292,0.17044574,1.0,0.99906826,0.19726562,0.004924419,-10.68528,-10.69191,-3.903266,126.91279,0.57253253,1.02693175e-05,0.71361566,-0.7797679,16.255028,0.99906635,0.19726562,0.0049837823,-10.285255,-10.291443,-3.9551888,77.77484,0.49652573,1.62211e-05,48.469116,-0.23406368,-8.080267,0.18218988,1.0,0.99876976,0.13378906,0.0057783015,-10.545595,-10.551814,-4.1847153,83.690895,0.5159774,1.0336365e-05,0.99876976,0.12011719,0.0058701406,-10.260107,-10.266012,-4.218876,99.51775,0.70147735,1.2928858e-06,0.03144244303703308,6988.687796354294,65000
42.650665,-0.23686025,-8.096208,0.18617499,1.0,0.9990673,0.22460938,0.0049012005,-10.683067,-10.68967,-3.9284494,75.6442,0.43222493,2.684758e-06,2.0358386,-1.4247086,26.22173,0.9990654,0.19628906,0.004966999,-10.250988,-10.257077,-4.020966,52.10198,0.43794,1.5057076e-05,43.284748,-0.29158655,-8.074778,0.18081746,1.0,0.9987297,0.14453125,0.006017039,-10.489569,-10.495648,-4.270042,45.046764,0.62467694,4.6702309e-07,0.9987116,0.12207031,0.006343934,-10.152264,-10.158007,-4.2772617,196.18002,1.827668,1.432105e-07,0.03174287414550781,7147.4021689891815,70000
48.42017,-0.18526298,-8.063591,0.17802085,1.0,0.9990635,0.21386719,0.0049339887,-10.703781,-10.7103815,-3.952208,102.11324,0.4495163,1.2699854e-05,1.3183408,-1.0167211,22.001022,0.99906826,0.18847656,0.0050211083,-10.355011,-10.361172,-4.0519233,125.082886,0.5362709,1.7833801e-05,40.858078,-0.318289,-8.0891905,0.18442062,1.0,0.99883366,0.13183594,0.0056485403,-10.4995365,-10.505683,-4.2108483,190.10286,0.37904054,6.556261e-08,0.9988518,0.13378906,0.005765506,-10.200205,-10.206029,-4.2421722,223.01616,1.0484388,5.9336944e-08,0.030189070320129394,7298.347523927689,75000
41.699234,-0.25934866,-8.07142,0.17997795,1.0,0.9990778,0.21875,0.0049595907,-10.804087,-10.81077,-3.9659638,739.4865,0.7971834,8.399072e-06,0.800857,-1.1379501,19.650375,0.9990759,0.20410156,0.0050146403,-10.50169,-10.508062,-3.9829345,319.60596,0.70185995,1.8276945e-05,46.50277,-0.2803883,-8.044877,0.17334233,1.0,0.99871826,0.16601562,0.005723605,-10.706869,-10.713205,-4.22429,289.54883,0.7714082,1.0158163e-06,0.9987364,0.13964844,0.0057845116,-10.357575,-10.363577,-4.2173114,171.29199,1.0946488,3.6706338e-06,0.19023540811538697,8249.52456855774,80000
38.775467,-0.2426184,-8.055306,0.17594947,1.0,0.99905777,0.21679688,0.004890003,-10.945635,-10.952527,-3.8943925,89.938965,0.4306356,1.5178804e-05,0.9379232,-0.6294513,16.86948,0.99905205,0.20117188,0.0049507106,-10.612253,-10.618746,-3.9712868,324.29617,0.8071252,1.0215076e-05,39.358032,-0.38086408,-8.046421,0.17372833,1.0,0.99871254,0.13671875,0.0059049977,-10.667187,-10.673442,-4.2676644,152.99994,0.4913677,8.638581e-08,0.9987993,0.1328125,0.006169302,-10.344894,-10.350842,-4.2600107,87.05149,1.0140473,3.2410437e-08,0.029761186695098876,8398.330503463745,85000
36.180687,-0.2589821,-8.065106,0.17839956,1.0,0.99906445,0.2109375,0.004725522,-10.934248,-10.941338,-3.6808918,19.325972,0.39364472,7.4959303e-06,1.1293409,-0.63960516,15.598234,0.9990549,0.2109375,0.004803628,-10.537197,-10.543817,-3.7650075,31.705814,0.3404188,9.519837e-06,47.694595,-0.27040848,-8.054323,0.17570359,1.0,0.99876785,0.13476562,0.005657954,-10.679565,-10.686085,-4.0114183,50.76313,0.47491354,8.591611e-06,0.99876976,0.11816406,0.0058216397,-10.360949,-10.367128,-4.0395164,153.59085,1.0398571,7.87312e-06,0.02217102942466736,8509.185652017593,90000
37.214516,-0.27029622,-8.037288,0.17144483,1.0,0.99905014,0.21484375,0.0048095337,-10.833456,-10.8403225,-3.8076577,71.76761,0.51121104,9.668859e-06,1.5660284,-1.3909914,20.24083,0.999053,0.21386719,0.0048731198,-10.454442,-10.460901,-3.8462203,121.534195,0.5752815,7.3974097e-06,42.022346,-0.33629134,-8.098915,0.18685195,1.0,0.99880505,0.13574219,0.005751835,-10.666568,-10.672788,-4.304845,90.2914,0.4869202,7.245874e-08,0.99879074,0.11328125,0.005828735,-10.329033,-10.334874,-4.3536406,121.16572,0.7053646,3.3112506e-09,0.022674901151657104,8622.560159444809,95000
42.518814,-0.23893704,-8.047428,0.17398007,1.0,0.9990673,0.23828125,0.0046630814,-11.307454,-11.314894,-3.6967077,83.67178,0.47059724,1.8566216e-05,1.1362498,-0.824798,17.032661,0.99905586,0.2109375,0.004702744,-10.980047,-10.987094,-3.772295,166.03749,0.63417876,2.7006924e-06,49.806595,-0.24528341,-8.054987,0.17586969,1.0,0.99879646,0.14160156,0.0057891235,-10.767332,-10.773667,-4.2861967,43.247086,0.4406918,1.1868606e-07,0.9988241,0.13183594,0.005891708,-10.425636,-10.431588,-4.336519,54.723076,0.6797453,1.0359518e-07,0.020424693536758423,8724.683628559113,100000
49.82978,-0.18612224,-8.012571,0.16526577,1.0,0.99906063,0.24121094,0.0047826413,-10.920425,-10.927366,-3.821436,28.832813,0.36996853,4.1977378e-07,1.1441473,-1.6655083,22.015127,0.9990673,0.21484375,0.004871509,-10.519967,-10.526414,-3.924986,21.231636,0.3329235,1.8299392e-07,40.421078,-0.33877376,-8.075169,0.18091509,1.0,0.9988508,0.15039062,0.0055539734,-10.780636,-10.787106,-4.161862,138.31926,0.53645724,4.5110396e-06,0.99885654,0.13183594,0.0057153977,-10.438692,-10.444774,-4.2162285,113.632904,0.72677493,4.004549e-06,0.18741851782798766,9661.776221752167,105000
40.43399,-0.22723898,-8.038431,0.17173085,1.0,0.99906063,0.21484375,0.0048102876,-11.053774,-11.060937,-3.725779,251.82254,0.67220134,1.1685186e-06,0.8565311,-1.0489383,16.348671,0.9990587,0.20507812,0.004896553,-10.629947,-10.636566,-3.857647,79.00247,0.6679243,6.2372205e-06,51.01687,-0.30343366,-8.08191,0.18260047,1.0,0.99875736,0.12988281,0.0058687814,-10.767422,-10.773951,-4.088918,742.8482,1.1730957,3.9542893e-09,0.99878216,0.11230469,0.0059630224,-10.369726,-10.3758135,-4.1427393,622.1468,1.9776434,7.761021e-08,0.032693165588378904,9825.242052555084,110000
51.8069,-0.2134136,-8.045754,0.17356154,1.0,0.9990721,0.23339844,0.004796381,-11.024582,-11.031656,-3.7881496,42.367863,0.50171864,1.8008213e-05,2.461454,-1.012821,23.201904,0.9990635,0.21972656,0.0048623723,-10.599552,-10.606123,-3.878521,56.738724,0.4911203,4.6445784e-06,49.440704,-0.3080133,-8.042485,0.17274433,1.0,0.9988661,0.15527344,0.0055248747,-10.750305,-10.756768,-4.1384053,109.87038,0.54294705,1.5810386e-08,0.99888897,0.1328125,0.005537819,-10.383877,-10.389918,-4.203212,32.682827,0.44085726,9.197545e-08,0.037976329803466796,10015.123703718185,115000
45.3786,-0.26418996,-8.04624,0.17368281,1.0,0.99906826,0.234375,0.0047272593,-11.184818,-11.192126,-3.7083302,40.926197,0.42338383,1.6899581e-06,1.3500701,-2.281186,25.524612,0.9990616,0.22363281,0.0047862614,-10.779963,-10.78681,-3.7758327,29.336851,0.41316414,4.918319e-06,40.64878,-0.3926192,-8.033617,0.17052725,1.0,0.9985876,0.15625,0.005879817,-10.907875,-10.91458,-4.0490074,85.87365,0.5444917,7.352218e-09,0.9987726,0.15429688,0.005864879,-10.549927,-10.556277,-4.0536547,113.67892,1.3032746,1.3535747e-07,0.038027925968170166,10205.263337612152,120000
44.20735,-0.26261163,-8.023722,0.16805342,1.0,0.9990759,0.24804688,0.004763458,-11.0132475,-11.020313,-3.7852926,85.14535,0.49615484,2.3347836e-06,1.1987878,-1.6124456,22.699722,0.9990759,0.234375,0.0048056673,-10.615821,-10.622464,-3.8195195,68.63523,0.5281107,2.8544875e-07,48.672234,-0.30251682,-8.051085,0.17489429,1.0,0.99889374,0.12597656,0.005602723,-10.80307,-10.809432,-4.2949495,462.78006,0.61853576,5.5840225e-08,0.99889183,0.12792969,0.0056752544,-10.4514065,-10.457356,-4.3643656,81.54962,0.55765736,1.0552346e-06,0.03795317058563232,10395.02919459343,125000
42.8306,-0.27495003,-8.026014,0.16862658,1.0,0.99907017,0.22851562,0.004760326,-11.066687,-11.073809,-3.7812316,83.20604,0.5032116,7.5668675e-07,0.83824694,-1.3318145,19.117783,0.99907017,0.20605469,0.004847799,-10.551344,-10.557893,-3.8518634,28.771402,0.47333667,8.957536e-06,50.9606,-0.32871503,-8.098998,0.18687242,1.0,0.99866104,0.15039062,0.0058809454,-10.933303,-10.939878,-4.206562,83.959145,0.6476574,4.158228e-11,0.99880314,0.13085938,0.0058186613,-10.563869,-10.570074,-4.2174644,106.3052,0.7755017,1.2413935e-07,0.03153423371315003,10552.700367689133,130000
49.942345,-0.22849438,-8.03844,0.17173302,1.0,0.99905205,0.22070312,0.004825413,-11.094333,-11.101441,-3.8219712,22.052042,0.31457043,4.9799957e-07,1.0290031,-1.5087254,23.317047,0.9990473,0.21386719,0.0048915735,-10.645567,-10.652163,-3.8999605,36.83156,0.34802744,7.655099e-07,49.607143,-0.32333434,-8.0282135,0.16917628,1.0,0.99883366,0.15234375,0.005659775,-10.834585,-10.841047,-4.223077,113.14305,0.68277013,1.6527486e-07,0.9988861,0.12695312,0.0056146504,-10.437618,-10.443645,-4.2710857,65.427055,0.57320654,8.3580204e-07,0.024223608684539794,10673.81841635704,135000
45.636044,-0.26073933,-8.022143,0.1676589,1.0,0.99906635,0.23535156,0.004663667,-11.20158,-11.208944,-3.666428,65.33375,0.4409248,3.3622775e-06,1.0388573,-1.2622058,23.869259,0.9990635,0.22460938,0.004736544,-10.768329,-10.775211,-3.728402,52.91345,0.43213317,2.1916569e-05,52.198883,-0.31621408,-8.04232,0.17270306,1.0,0.99880886,0.14746094,0.0055016316,-10.882515,-10.889191,-4.054167,132.9083,0.47876263,7.2811886e-08,0.99884987,0.15429688,0.005487092,-10.491448,-10.497678,-4.1188536,73.69158,0.46794352,8.912374e-08,0.02308877387046814,10789.262287378311,140000
41.019867,-0.29430056,-8.029526,0.16950423,1.0,0.9990492,0.20507812,0.004910482,-11.043665,-11.05065,-3.899181,50.327175,0.38346383,1.2169892e-05,0.9567515,-1.2660115,18.47666,0.9990454,0.19140625,0.004981518,-10.652033,-10.658581,-3.9522178,30.76229,0.4497495,1.207271e-05,45.72068,-0.38335508,-8.046881,0.173843,1.0,0.99878407,0.140625,0.0056336005,-10.861321,-10.86786,-4.1725874,58.431267,0.44915095,6.663001e-08,0.9987774,0.13964844,0.005791138,-10.441797,-10.447906,-4.192997,108.54184,1.0081561,1.8096113e-09,0.023096631813049315,10904.745450019836,145000
46.37826,-0.27059564,-8.03885,0.17183538,1.0,0.99908257,0.23144531,0.0047729923,-11.167412,-11.174684,-3.727591,75.83612,0.5484609,7.970029e-06,0.9536489,-1.0673479,23.561285,0.99908066,0.22460938,0.004775506,-10.779747,-10.786644,-3.723658,67.03789,0.57496464,7.027465e-06,50.601166,-0.33799723,-8.045698,0.17354755,1.0,0.9987736,0.140625,0.0058343606,-10.959623,-10.966229,-4.201563,105.34326,0.8351233,1.8175605e-09,0.9987755,0.12695312,0.00593996,-10.558466,-10.56459,-4.2938743,307.34125,1.301276,3.452127e-08,0.0196610191822052,11003.050547361374,150000
39.4306,-0.28635824,-8.026052,0.1686362,1.0,0.9990635,0.24902344,0.0046703266,-11.397156,-11.404689,-3.6903052,49.634457,0.42765242,1.0978813e-05,0.856833,-0.80816925,19.757166,0.9990654,0.22167969,0.0047659194,-11.017567,-11.024646,-3.7760143,24.389795,0.4104948,2.446423e-05,39.302475,-0.40745035,-8.05813,0.17665565,1.0,0.9986992,0.15429688,0.005747954,-11.090507,-11.097287,-4.153982,446.4809,0.71604764,8.864848e-09,0.998827,0.1484375,0.005709973,-10.68067,-10.687044,-4.1601896,105.57348,0.9771939,7.1321057e-07,0.20925597414970398,12049.330422401428,155000
43.527596,-0.33070862,-8.035437,0.17098215,1.0,0.99906254,0.23632812,0.004725814,-11.317757,-11.325179,-3.7236416,21.032215,0.36306465,1.4100033e-05,0.97192615,-1.0473098,22.014301,0.99905205,0.234375,0.0047836127,-10.918752,-10.925729,-3.7819843,104.8473,0.4742764,7.236442e-06,40.350838,-0.4541808,-8.03354,0.17050797,1.0,0.9986172,0.16015625,0.005888696,-11.227672,-11.234608,-4.132123,84.355736,0.5288085,1.2759629e-09,0.9986353,0.14257812,0.005965212,-10.825598,-10.832184,-4.0877013,140.08398,1.1761203,3.8506465e-07,0.03151999340057373,12206.93039059639,160000
36.701553,-0.34676304,-8.036148,0.1711599,1.0,0.9990835,0.234375,0.0047922693,-11.206169,-11.213385,-3.824712,29.067045,0.37831593,1.4531918e-07,0.914566,-1.047416,18.119568,0.99907684,0.21582031,0.0048701623,-10.748381,-10.755103,-3.871746,25.098703,0.36190116,7.124696e-07,47.16181,-0.38750362,-8.050458,0.17473753,1.0,0.9986496,0.14941406,0.0058523314,-11.033219,-11.039977,-4.1201425,148.4167,0.7661904,1.511019e-08,0.99884987,0.13671875,0.005835279,-10.646932,-10.653295,-4.1384096,232.56331,1.5487226,1.113298e-07,0.026612931394577027,12339.995048999786,165000
43.896812,-0.25885636,-8.047342,0.17395842,1.0,0.9990654,0.2421875,0.0045623397,-11.443754,-11.4514675,-3.5527062,911.28357,1.2300907,2.3520814e-08,0.73676956,-1.371083,18.678349,0.9990778,0.22753906,0.004642697,-10.998989,-11.006193,-3.6277146,126.617935,0.7810961,2.5034817e-08,51.75437,-0.3843351,-8.0612335,0.17743129,1.0,0.99876976,0.15722656,0.005896082,-10.95986,-10.966396,-4.2741876,67.396545,0.73268133,1.8860855e-09,0.9988613,0.13183594,0.0058998764,-10.602146,-10.608302,-4.3047047,61.542686,0.89102817,3.9026413e-09,0.028736888551712036,12483.679493904114,170000
48.69359,-0.2878554,-7.997934,0.16160633,1.0,0.99909115,0.265625,0.0046707327,-11.229229,-11.236645,-3.6429582,164.4799,0.62844247,6.1073497e-06,0.6973449,-0.6587328,17.465908,0.9990959,0.23828125,0.004761979,-10.85651,-10.863474,-3.733442,61.726986,0.63817203,5.7393595e-06,46.414413,-0.33477098,-8.037722,0.17155349,1.0,0.9987049,0.14257812,0.0057748132,-11.111509,-11.118358,-4.1052704,60.558887,0.6822342,3.078253e-09,0.99875927,0.119140625,0.0058572427,-10.704861,-10.711245,-4.1731844,132.60475,0.8413694,5.113094e-09,0.024641941928863525,12606.889205217361,175000
50.213676,-0.25185364,-8.018173,0.16666622,1.0,0.9990883,0.24414062,0.0047795926,-11.479019,-11.486524,-3.8019783,155.918,0.7068699,3.2937255e-06,1.3613422,-1.6360896,23.938251,0.9990854,0.234375,0.004828628,-11.003265,-11.010256,-3.8528876,262.52765,0.68226546,1.0863123e-05,55.350056,-0.37738964,-8.018454,0.16673627,1.0,0.9986582,0.15429688,0.005866424,-11.325531,-11.332704,-3.9870822,103.79754,0.83487844,1.2628553e-08,0.9988365,0.13867188,0.0058953105,-10.92185,-10.928515,-4.103574,238.5882,1.7384851,3.9765276e-08,0.02309588804244995,12722.368648052216,180000
42.051857,-0.29521018,-8.041908,0.17259997,1.0,0.9990835,0.26367188,0.0047161765,-11.421221,-11.428756,-3.71279,631.2927,0.7955614,1.4993254e-05,1.2677207,-1.1673535,20.225021,0.9990778,0.24707031,0.0047478746,-10.994865,-11.001933,-3.764822,36.140125,0.44814602,1.2027781e-06,48.992172,-0.46011847,-8.043174,0.1729163,1.0,0.9987211,0.15429688,0.0058954977,-11.201694,-11.208597,-4.1391,420.6666,1.107718,4.777572e-11,0.9987631,0.13574219,0.00597944,-10.791491,-10.798006,-4.1248527,229.24615,1.6020062,3.3072456e-07,0.02312881546020508,12838.012729167938,185000
43.22638,-0.21328571,-8.013199,0.16542266,1.0,0.9990845,0.23925781,0.0046520685,-11.520653,-11.528314,-3.6832237,137.92935,0.5454331,8.4021116e-07,0.99622667,-1.2385261,18.813997,0.99907494,0.23828125,0.0047155074,-11.152895,-11.160112,-3.7693412,87.76831,0.6102467,1.0733969e-06,51.986347,-0.3480213,-8.066637,0.17878199,1.0,0.9987688,0.12890625,0.005845216,-11.064758,-11.071436,-4.2329683,139.21678,0.82192445,1.2298917e-08,0.99889374,0.111328125,0.0058091544,-10.70635,-10.712589,-4.324544,152.4475,1.2490537,7.6532416e-08,0.02313397283554077,12953.682594776154,190000
45.040405,-0.29835802,-8.00566,0.1635381,1.0,0.99907875,0.23242188,0.004695656,-11.499336,-11.506963,-3.6966684,29.45392,0.4045615,4.6435107e-06,1.2095222,-1.3757579,21.726252,0.9990654,0.21484375,0.004778075,-11.074398,-11.081519,-3.7894678,25.362207,0.3732865,2.3122461e-06,52.667034,-0.4256421,-8.053748,0.17555986,1.0,0.998579,0.15820312,0.0060843816,-11.256176,-11.263192,-4.076751,75.31699,0.6285493,5.7240535e-10,0.9987221,0.13867188,0.006217828,-10.807598,-10.814093,-4.1626606,44.128044,0.8136669,5.2586966e-08,0.02309099988937378,13069.13759970665,195000
38.65514,-0.28218436,-8.02191,0.16760045,1.0,0.9990673,0.25585938,0.004688684,-11.534475,-11.542184,-3.6482532,670.6925,0.8145927,4.4771107e-07,0.9447512,-0.8156863,16.763014,0.99906826,0.22265625,0.004715007,-11.1314535,-11.138721,-3.6960797,54.668907,0.5569882,1.1306245e-06,57.879578,-0.32810667,-8.032089,0.17014518,1.0,0.9989042,0.14355469,0.0056906072,-10.958623,-10.965059,-4.374998,44.911255,0.42385238,8.5741675e-08,0.9989147,0.13378906,0.0056975232,-10.583002,-10.589036,-4.4090586,146.6276,0.6289282,4.7449116e-09,0.019264616107940676,13165.460681676865,200000
42.502907,-0.2678581,-7.9961824,0.16116853,1.0,0.9990721,0.25390625,0.004690143,-11.631281,-11.639091,-3.641376,173.52464,0.7330495,1.2294994e-07,1.2040677,-0.8688419,18.648365,0.999074,0.234375,0.004812143,-11.212867,-11.220103,-3.8087344,35.392845,0.5344573,2.4426672e-05,54.96627,-0.40993455,-8.060915,0.1773517,1.0,0.9987793,0.14941406,0.0058046207,-11.232591,-11.239493,-4.1704226,121.17768,0.8268601,2.0276703e-09,0.99882984,0.13183594,0.005855244,-10.806725,-10.81314,-4.2436614,192.54672,1.0540184,5.791116e-07,0.2149630244731903,14240.275805234909,205000
45.917168,-0.29897898,-8.020939,0.16735786,1.0,0.99907875,0.24804688,0.0046399627,-11.411613,-11.419285,-3.564019,221.62709,0.86365247,4.633783e-06,1.3227444,-1.0202166,22.605808,0.999074,0.23339844,0.0046541737,-10.995008,-11.002228,-3.6096072,217.15346,0.7078035,4.4995595e-06,55.61422,-0.3456658,-8.046194,0.17367156,1.0,0.99869823,0.15527344,0.005933185,-11.236126,-11.243054,-4.1485453,399.9878,0.95505095,1.2694672e-07,0.99873066,0.12988281,0.006052383,-10.854837,-10.861315,-4.228164,87.07794,1.0257294,2.9321174e-09,0.03147530207633972,14397.652317285538,210000
43.181923,-0.2897258,-8.040529,0.17225507,1.0,0.9990854,0.2939453,0.004546658,-11.717228,-11.725213,-3.5485368,119.53114,0.60986924,1.3350369e-05,1.0852914,-0.9643294,19.451857,0.9990883,0.25976562,0.0046233544,-11.202553,-11.209967,-3.6171236,90.88291,0.70202565,3.0919167e-05,47.758495,-0.4147752,-8.036877,0.17134227,1.0,0.9987898,0.15527344,0.0057993843,-11.152212,-11.159026,-4.181096,330.50238,0.84614253,6.375281e-08,0.99890804,0.14746094,0.0057010697,-10.713425,-10.719772,-4.219019,579.83154,1.6900547,7.391309e-08,0.031461533641815184,14554.959987163544,215000
45.9506,-0.2851994,-8.024731,0.16830581,1.0,0.999073,0.25390625,0.0046711927,-11.417984,-11.42556,-3.668047,118.95442,0.50473344,1.2892278e-06,0.88246286,-0.97184503,16.906284,0.999074,0.2265625,0.0047291853,-10.996179,-11.003293,-3.7176766,43.526596,0.48002943,1.2733483e-05,51.168808,-0.41320103,-8.064222,0.17817843,1.0,0.9988842,0.15136719,0.0055985646,-10.999729,-11.006338,-4.238626,109.85681,0.5046936,1.3610862e-07,0.9988718,0.12988281,0.0056433575,-10.554916,-10.56107,-4.2602615,63.28977,0.5991236,1.8854697e-06,0.031457293796539304,14712.246459722519,220000
40.42623,-0.32908124,-7.9984694,0.16174027,1.0,0.9990883,0.26953125,0.004600862,-11.735345,-11.743294,-3.6032434,126.73475,0.6420219,9.323592e-07,1.2107848,-1.0405899,22.487162,0.999094,0.24023438,0.0046575693,-11.286415,-11.293865,-3.665117,57.07716,0.5554326,1.0679877e-05,61.404594,-0.3600276,-8.056051,0.17613572,1.0,0.9987383,0.15039062,0.005819182,-11.241067,-11.247885,-4.2672157,162.55444,0.64528054,2.6659706e-07,0.9987755,0.13964844,0.005826949,-10.83539,-10.841724,-4.354947,95.17502,0.7420013,2.1613131e-07,0.03141410927772522,14869.317007780075,225000
38.724205,-0.3579517,-8.005232,0.1634308,1.0,0.99910355,0.27148438,0.0046046874,-11.678499,-11.686416,-3.580505,81.6946,0.6082337,4.690059e-06,1.348042,-0.78493834,20.708647,0.9990921,0.25585938,0.0046445006,-11.1640835,-11.17145,-3.6293387,24.475698,0.5531521,1.9647647e-05,61.704834,-0.31882077,-8.043471,0.17299089,1.0,0.9987984,0.13964844,0.005809379,-11.228207,-11.235093,-4.183499,111.13947,0.5357612,2.0994864e-09,0.9988766,0.12695312,0.0057572126,-10.828245,-10.834653,-4.273796,85.36927,0.6112168,4.0741995e-08,0.03144108166694641,15026.522417783737,230000
53.269043,-0.24183089,-8.005673,0.16354132,1.0,0.9990835,0.2578125,0.004673177,-11.70935,-11.717209,-3.6691823,24.519814,0.44824517,3.1633517e-06,1.3553753,-1.3391454,23.712551,0.9990835,0.24023438,0.004743346,-11.185375,-11.192666,-3.727233,498.3553,0.92454755,1.988394e-06,47.184074,-0.4355358,-8.052915,0.1753516,1.0,0.9988079,0.14648438,0.005663831,-11.218445,-11.22531,-4.1946945,66.81303,0.480905,5.653014e-08,0.9988756,0.13671875,0.0055814,-10.822784,-10.829221,-4.2377415,21.486412,0.3646436,1.8346877e-06,0.03576168422698975,15205.33084321022,235000
51.605835,-0.2744019,-8.030205,0.16967404,1.0,0.99908257,0.23828125,0.004727989,-11.553003,-11.560643,-3.7370288,25.518818,0.43386948,2.5611996e-07,1.1133884,-1.0782845,24.201157,0.9990778,0.23046875,0.004770949,-11.09912,-11.106277,-3.7773857,64.44487,0.49779725,4.908774e-06,56.55946,-0.49432606,-8.055687,0.1760447,1.0,0.9988203,0.14941406,0.0057617333,-11.095844,-11.102529,-4.257765,60.86259,0.60122484,1.6953812e-09,0.9988632,0.12890625,0.0057343384,-10.6492,-10.65542,-4.2855234,81.48114,0.6361584,6.00333e-08,0.03791934723854065,15394.92758154869,240000
39.42199,-0.30618203,-8.010908,0.16484988,1.0,0.9990816,0.25390625,0.004590393,-11.72938,-11.737346,-3.5796492,251.76564,0.5974821,2.804997e-06,0.9274515,-1.5903544,19.145441,0.99906826,0.24414062,0.004651905,-11.244871,-11.252327,-3.6166258,40.325287,0.4235796,1.2783577e-05,43.10126,-0.41521147,-8.048587,0.1742696,1.0,0.9987545,0.13671875,0.005855796,-11.287338,-11.294267,-4.1992483,53.742943,0.51671016,1.1393399e-08,0.99888706,0.13574219,0.0057338905,-10.818846,-10.825284,-4.233031,43.947247,0.45440733,2.085259e-07,0.03427318258285522,15566.29349732399,245000
47.80576,-0.30411363,-8.009575,0.16451672,1.0,0.99907684,0.2529297,0.0046948604,-11.636154,-11.643943,-3.667016,62.965965,0.5302602,3.9292253e-08,1.3811332,-1.2860148,26.050774,0.9990721,0.22265625,0.004752459,-11.115258,-11.122483,-3.723083,29.242949,0.469394,2.0306536e-06,43.645958,-0.46335784,-8.031728,0.17005491,1.0,0.9988079,0.13378906,0.005773264,-11.148906,-11.155675,-4.2231092,98.29645,0.6141218,9.112333e-08,0.9988327,0.14355469,0.005817183,-10.658565,-10.664814,-4.265585,118.778885,0.58615535,1.8997957e-08,0.029608431720733644,15714.335657835007,250000
43.718033,-0.2828291,-7.993331,0.1604557,1.0,0.9990845,0.26464844,0.0045191,-11.769867,-11.777974,-3.4764109,214.10867,0.63960373,1.44132e-06,0.83189946,-1.1472993,20.139973,0.99908733,0.24511719,0.0045681316,-11.332843,-11.3404665,-3.535636,20.250935,0.52050984,2.9979261e-05,59.58634,-0.33161226,-8.037933,0.17160642,1.0,0.99876213,0.13378906,0.0058589056,-11.280573,-11.287508,-4.185566,45.71252,0.6103872,7.5454615e-08,0.99881554,0.12695312,0.0057587195,-10.834015,-10.840459,-4.2408924,52.161922,0.46680033,6.816041e-08,0.02965142469406128,15862.59278845787,255000
44.059494,-0.30985823,-8.019766,0.16706446,1.0,0.99908733,0.23046875,0.0047094217,-11.818848,-11.826795,-3.6891437,145.68951,0.70438075,1.6031736e-07,1.3527765,-0.8791791,20.496712,0.99908066,0.23046875,0.0047708973,-11.401108,-11.4085865,-3.7497935,196.76509,0.78304845,1.2112524e-06,47.15326,-0.42256153,-8.054432,0.17573088,1.0,0.99872303,0.13964844,0.00592816,-11.284423,-11.291354,-4.1928,1158.9517,1.5376512,2.6770673e-08,0.9987345,0.11328125,0.0058106976,-10.787037,-10.793417,-4.260934,223.95308,0.68316984,1.3798028e-09,0.029656951951980592,16010.87755060196,260000
50.79609,-0.2713921,-7.9966393,0.16128263,1.0,0.9990902,0.27441406,0.0045392476,-11.739596,-11.747646,-3.5060644,154.12802,0.6049295,2.1289752e-06,1.1713762,-1.1945558,24.514542,0.99909115,0.2421875,0.004613622,-11.309946,-11.317475,-3.6069918,39.984116,0.52635646,4.5105926e-06,55.103146,-0.39105934,-8.040642,0.17228338,1.0,0.9988537,0.15429688,0.0056745354,-11.2297,-11.236519,-4.2539787,437.06436,0.8220568,1.4783852e-09,0.998909,0.13964844,0.0056409827,-10.928843,-10.935278,-4.345706,108.698,0.49244434,1.1925773e-06,0.029652353143692016,16159.139322519302,265000
51.600483,-0.27555376,-8.01696,0.16636322,1.0,0.9990988,0.2548828,0.004622951,-11.926088,-11.934287,-3.5392804,567.0462,1.3921621,2.4890505e-06,1.9613969,-1.3806369,23.837011,0.9990883,0.21289062,0.004724008,-11.457066,-11.464645,-3.7039165,135.56541,0.8650134,4.2793413e-06,53.30062,-0.42070043,-8.058273,0.1766912,1.0,0.99877644,0.14746094,0.005870984,-11.244312,-11.251166,-4.2333946,969.9962,1.1157707,2.598288e-08,0.9988842,0.14648438,0.0056726593,-10.771774,-10.778079,-4.3227143,24.240181,0.32091403,1.6367277e-07,0.029668544769287108,16307.482048511505,270000
54.253056,-0.27289715,-8.027843,0.16908404,1.0,0.9990835,0.24511719,0.004694652,-11.750065,-11.757953,-3.6806412,42.147373,0.5067323,7.260941e-06,1.1977092,-1.792446,25.521317,0.99907017,0.23828125,0.0047320398,-11.356704,-11.364161,-3.7277594,21.352873,0.45939058,5.1701472e-06,63.547615,-0.35294163,-8.04722,0.17392805,1.0,0.9986801,0.14746094,0.006078709,-11.425228,-11.432176,-4.3178267,146.99442,0.96576625,4.993525e-09,0.9988203,0.13671875,0.0059303623,-11.0515,-11.057937,-4.4672604,140.92123,0.665803,1.0426076e-08,0.02918932876586914,16453.42869400978,275000
47.01257,-0.29409242,-7.9902363,0.15968207,1.0,0.99907684,0.24121094,0.0045557576,-11.863365,-11.871477,-3.5645986,63.320404,0.51428324,1.04214205e-05,1.0290011,-2.0940046,24.1106,0.9990711,0.22753906,0.004634549,-11.423078,-11.430673,-3.6538677,60.364082,0.4814688,8.5141755e-07,53.93977,-0.4140437,-8.037586,0.1715194,1.0,0.99885464,0.14160156,0.005684709,-11.381126,-11.388063,-4.2847376,51.950764,0.48041663,1.2739787e-09,0.99891376,0.13671875,0.0055780374,-10.968786,-10.975271,-4.3353567,55.557465,0.31765717,1.897753e-08,0.023125557708740235,16569.056485652924,280000
45.924706,-0.30080697,-8.017054,0.16638643,1.0,0.9990854,0.25585938,0.0045802696,-12.015305,-12.023567,-3.562686,70.94377,0.59411556,8.2833265e-07,0.9555682,-1.0733476,21.045326,0.9990835,0.24902344,0.0046289163,-11.508383,-11.516119,-3.592235,133.61516,0.7829293,2.890531e-06,47.5716,-0.4961355,-8.044376,0.17321706,1.0,0.9988651,0.15722656,0.00565985,-11.261719,-11.268597,-4.226319,103.08809,0.57168126,9.483454e-10,0.9988413,0.13769531,0.005718212,-10.76195,-10.768309,-4.25609,76.30382,0.5203259,2.1633289e-08,0.023125417518615722,16684.68357515335,285000
42.723846,-0.33780208,-8.014353,0.16571118,1.0,0.999094,0.26464844,0.0045752814,-11.795412,-11.803505,-3.5161781,583.7593,0.7766137,1.3907271e-05,1.0364845,-1.4638225,21.319073,0.9990778,0.24609375,0.004643777,-11.311034,-11.318579,-3.5931551,51.53221,0.5028596,5.889793e-06,56.451317,-0.3875745,-8.029329,0.16945535,1.0,0.998806,0.16113281,0.0056907856,-11.278332,-11.285282,-4.1678915,55.759274,0.38166055,2.4596425e-09,0.9988289,0.14257812,0.0056419238,-10.893799,-10.900269,-4.2752676,239.07985,0.5312498,9.705515e-10,0.023105974102020265,16800.213449716568,290000
49.405266,-0.2665258,-8.0061035,0.163649,1.0,0.9990711,0.2529297,0.004628825,-11.689348,-11.697306,-3.5485537,75.714386,0.5766394,2.5967204e-06,1.0891798,-1.6772119,21.21975,0.9990673,0.22363281,0.004705756,-11.260416,-11.267851,-3.6548448,25.255983,0.44263685,7.5658754e-06,60.388714,-0.45927286,-8.070473,0.17974108,1.0,0.99866104,0.15332031,0.005860321,-11.50178,-11.509075,-4.039217,80.44776,0.7778423,5.4311626e-09,0.9987192,0.13183594,0.005826528,-11.132329,-11.139168,-4.1350756,197.06706,0.7473968,8.6313506e-08,0.02308669123649597,16915.64690732956,295000
44.093815,-0.30613482,-7.969767,0.15456471,1.0,0.99907017,0.2607422,0.0045901295,-11.7769785,-11.784996,-3.5758061,69.52331,0.47693175,1.0961257e-07,1.1868719,-1.6602917,20.360844,0.99906254,0.234375,0.0046568373,-11.352149,-11.359685,-3.6428845,43.032608,0.4783856,1.7235074e-05,54.01598,-0.38378233,-8.07429,0.18069552,1.0,0.9985981,0.14453125,0.005944505,-11.52,-11.52728,-4.0726137,97.90487,0.71786,2.2745655e-07,0.9987469,0.1171875,0.0058657057,-11.208876,-11.215777,-4.149635,326.83905,0.8988076,1.3221636e-07,0.019183119916915892,17011.56251192093,300000
42.756783,-0.30342785,-8.030325,0.16970408,1.0,0.99908924,0.25195312,0.0045230654,-11.80916,-11.817265,-3.5170531,132.26987,0.57617176,1.8087724e-06,1.8556256,-1.8437904,22.745934,0.9990883,0.22265625,0.0046202433,-11.323198,-11.330746,-3.6020384,611.07214,1.5657628,2.1154394e-06,53.570152,-0.43411225,-8.018028,0.16663013,1.0,0.9986582,0.15917969,0.0057879095,-11.409466,-11.416648,-4.0617223,423.8818,1.049351,2.0507882e-10,0.9988117,0.13867188,0.0056862202,-10.928206,-10.934943,-4.03642,105.19173,0.8510084,2.867524e-07,0.32398618721961975,18631.493452072144,305000
45.62816,-0.3449332,-8.012175,0.16516653,1.0,0.9990978,0.24121094,0.004670643,-11.824609,-11.8325615,-3.6891263,96.87467,0.5833173,1.3749087e-05,1.2575353,-1.2673308,21.536991,0.99909115,0.23046875,0.004745382,-11.359537,-11.366949,-3.775761,53.575863,0.6085992,2.0812202e-05,53.886536,-0.45019335,-8.053275,0.17544173,1.0,0.9988165,0.14257812,0.005868172,-11.350561,-11.35738,-4.3742523,86.55728,0.599682,1.527516e-08,0.99884224,0.11816406,0.005805717,-10.912252,-10.918627,-4.391887,153.8259,0.62313163,1.5332693e-08,0.031472641944885256,18788.85666370392,310000
63.361893,-0.21308053,-8.022879,0.1678425,1.0,0.9990835,0.23535156,0.00469263,-11.737001,-11.744879,-3.6787286,80.92936,0.5723611,3.2728107e-07,1.7040658,-2.0066512,35.242558,0.99907684,0.23046875,0.0047833165,-11.173319,-11.180511,-3.815492,105.62509,0.69298726,1.39940685e-05,56.80812,-0.3538986,-8.042696,0.17279702,1.0,0.9987726,0.15136719,0.0056644287,-11.421713,-11.428812,-4.1587777,79.30382,0.6164478,1.5284157e-09,0.9988384,0.13769531,0.005577593,-10.969444,-10.9760475,-4.2143974,361.86823,0.72651196,8.530126e-08,0.025587468957901,18916.794013023376,315000
49.83092,-0.2951022,-8.001502,0.16249855,1.0,0.9990902,0.265625,0.004582637,-11.945219,-11.953396,-3.580048,120.65433,0.5780793,8.763755e-06,1.015908,-1.2974424,22.156658,0.99908924,0.24414062,0.0046133064,-11.502443,-11.510141,-3.6263614,44.80195,0.599972,7.0208393e-06,49.52028,-0.45116845,-8.015652,0.16603604,1.0,0.9988384,0.13476562,0.00574443,-11.314097,-11.3209715,-4.2816334,121.14954,0.5801381,3.827763e-09,0.9988718,0.12890625,0.005718282,-10.932951,-10.939414,-4.3202558,112.521576,0.563897,9.4326145e-07,0.02320066428184509,19032.79733633995,320000
36.75045,-0.36442244,-7.99423,0.16068041,1.0,0.9990835,0.26953125,0.004537233,-11.983881,-11.992182,-3.4922876,144.86134,0.78306985,1.2705087e-05,1.4251568,-1.6536338,19.47873,0.99908066,0.25195312,0.004603869,-11.494422,-11.502197,-3.5395572,47.558937,0.6590177,2.3261104e-07,61.565918,-0.412351,-8.034379,0.17071763,1.0,0.9988985,0.14746094,0.005617807,-11.351344,-11.358237,-4.299461,145.21982,0.5912181,3.6085083e-08,0.9988766,0.12695312,0.005799353,-10.850103,-10.85643,-4.3769655,152.02646,0.67277026,1.0876334e-06,0.028937935972213745,19177.487020015717,325000
48.636177,-0.354456,-7.981286,0.15744454,1.0,0.99908733,0.2607422,0.004675714,-11.820976,-11.828898,-3.7165325,44.247387,0.42591673,1.8318816e-06,1.5953453,-1.3200864,21.309208,0.9990835,0.24609375,0.004712959,-11.316701,-11.324108,-3.7398236,44.203335,0.44802418,1.8117547e-05,64.01781,-0.38230252,-8.041142,0.17240861,1.0,0.9988375,0.13867188,0.005667998,-11.416624,-11.423684,-4.193604,37.457233,0.45859984,5.722856e-09,0.99888897,0.123046875,0.005615118,-10.969933,-10.976448,-4.30418,47.928173,0.43246472,3.6369678e-07,0.029658967018127442,19325.781856775284,330000
57.539722,-0.2950364,-7.9957957,0.16107193,1.0,0.9990921,0.25683594,0.0046545896,-11.887651,-11.89576,-3.5926905,324.78735,1.0867605,1.0756774e-07,1.6141343,-2.119335,25.034966,0.9990902,0.2265625,0.0047199465,-11.437912,-11.445507,-3.6679814,56.590218,0.6656275,7.199737e-08,54.701035,-0.3879024,-8.044121,0.17315319,1.0,0.9987116,0.16308594,0.0058687693,-11.527832,-11.535042,-4.1523805,205.3814,0.901186,2.3187614e-09,0.9987316,0.14648438,0.005834963,-11.179707,-11.186481,-4.248923,103.88731,0.7422002,2.330487e-07,0.029726566314697264,19474.41469192505,335000
47.654167,-0.32046625,-8.000335,0.16220668,1.0,0.9990816,0.2607422,0.004597082,-11.853056,-11.861172,-3.551056,119.15641,0.56467336,1.1396122e-05,1.3278177,-1.939829,25.955114,0.9990864,0.25,0.0046870084,-11.380337,-11.387881,-3.662529,40.578873,0.483769,3.0710547e-05,65.32442,-0.4119841,-8.035421,0.17097813,1.0,0.9985666,0.140625,0.006042285,-11.529179,-11.536337,-4.206443,286.47464,0.8589887,1.1027511e-09,0.9988165,0.119140625,0.005717132,-11.087734,-11.09434,-4.331147,146.22743,0.50153834,1.15253215e-07,0.029717662572860716,19623.003005981445,340000
52.15368,-0.29213038,-7.9770203,0.15637806,1.0,0.9990797,0.24609375,0.0045821215,-11.915735,-11.923934,-3.5285711,314.06726,1.1176214,2.034286e-06,2.9094028,-1.378756,27.240314,0.9990587,0.22363281,0.004672437,-11.462271,-11.469916,-3.64157,91.50998,0.7540303,1.2474317e-07,51.086636,-0.5122234,-8.019311,0.16695075,1.0,0.99866295,0.14941406,0.005955313,-11.589295,-11.596509,-4.2100153,52.785263,0.5887878,5.41618e-10,0.9987602,0.13378906,0.005765005,-11.161316,-11.168107,-4.2137256,724.3472,1.1613746,4.8913966e-09,0.02972280263900757,19771.61702156067,345000
48.122833,-0.3250572,-7.9995956,0.1620219,1.0,0.9990778,0.26757812,0.0044965474,-12.08639,-12.094781,-3.5035548,71.20717,0.48541003,1.3610584e-06,0.85360503,-1.3127111,19.405159,0.99907875,0.24804688,0.0045431145,-11.582061,-11.589897,-3.5640535,39.666878,0.4997333,9.030438e-07,55.23867,-0.39111263,-8.07876,0.18181296,1.0,0.99878025,0.14257812,0.0056381393,-11.30447,-11.311423,-4.1916704,141.55255,0.47179362,1.9331512e-07,0.9989128,0.14648438,0.0055461656,-10.919183,-10.925742,-4.208797,1392.0385,1.7574193,1.0505009e-07,0.02970532913208008,19920.143669366837,350000
49.12552,-0.2968583,-7.999572,0.16201589,1.0,0.9990959,0.27734375,0.0045397943,-12.079943,-12.088343,-3.4863408,171.32884,0.8046,3.199122e-07,1.7476454,-0.8964273,24.655258,0.9990854,0.26464844,0.00460428,-11.606705,-11.614574,-3.5551977,105.53945,0.64095473,4.0531503e-07,49.39985,-0.46584314,-8.056454,0.17623648,1.0,0.9988184,0.13867188,0.005829499,-11.402079,-11.409043,-4.27794,182.46654,0.5289205,9.648468e-09,0.9987936,0.12207031,0.0058218166,-10.996508,-11.003095,-4.258116,81.24401,0.5471124,1.5839202e-09,0.029721819019317627,20068.752769947052,355000
46.244385,-0.2645978,-8.020218,0.16717723,1.0,0.999094,0.2578125,0.004603808,-11.802257,-11.810299,-3.5742807,71.01823,0.59096605,8.245492e-06,1.6016632,-1.3883085,28.52979,0.9990797,0.23632812,0.0046925647,-11.335445,-11.342933,-3.6753004,118.843475,0.604762,7.458418e-07,49.423122,-0.51813334,-8.060181,0.17716812,1.0,0.998786,0.14160156,0.0058707464,-11.430406,-11.4374485,-4.225375,129.13828,0.8141703,1.759387e-09,0.99876785,0.1328125,0.005918761,-11.024922,-11.031482,-4.3141866,448.0369,1.3326406,4.8780205e-08,0.029712546730041502,20217.31550526619,360000
45.108395,-0.34016055,-8.022587,0.16776954,1.0,0.9990845,0.24707031,0.004648264,-12.044681,-12.052891,-3.6453135,74.27051,0.50396836,4.828584e-06,2.0911486,-1.2367857,23.712984,0.99907494,0.22460938,0.004739133,-11.54114,-11.548767,-3.7387483,76.57401,0.55027294,2.2842563e-07,48.972183,-0.47989452,-8.02671,0.16880031,1.0,0.9987583,0.15234375,0.0057676267,-11.563213,-11.570387,-4.2254143,57.30162,0.39799613,1.8193953e-09,0.99876595,0.14160156,0.0058096647,-11.178843,-11.185604,-4.261159,24.633228,0.34329596,1.4396426e-08,0.027842747163772583,20356.529242515564,365000
53.002743,-0.25672808,-7.977565,0.15651411,1.0,0.99907684,0.25683594,0.0045647495,-11.962056,-11.970264,-3.564956,182.63968,0.6703838,1.946338e-06,1.1897309,-1.0239627,22.914257,0.99907017,0.23828125,0.004633842,-11.523293,-11.530999,-3.6390462,242.43187,0.8471732,4.3198943e-06,53.13103,-0.41009137,-8.0523405,0.17520809,1.0,0.9987364,0.13769531,0.005780331,-11.597994,-11.605216,-4.2102413,198.4243,0.7484865,1.9109734e-09,0.9988079,0.13378906,0.005646426,-11.21018,-11.21696,-4.2743363,26.087301,0.36170936,6.043803e-09,0.023121305084228515,20472.135769367218,370000
48.654305,-0.3075441,-7.9950457,0.16088445,1.0,0.9990797,0.2626953,0.0045629553,-11.984705,-11.992994,-3.5049438,67.01992,0.5654581,1.0021761e-05,2.7545114,-1.1813614,27.101748,0.9990711,0.234375,0.0046311496,-11.51539,-11.523129,-3.5974555,63.41816,0.5750895,1.1276756e-05,48.956963,-0.43061405,-8.022548,0.16775984,1.0,0.99884796,0.14941406,0.005638701,-11.365862,-11.372926,-4.140155,151.43274,0.67059684,1.9427522e-09,0.99884796,0.1328125,0.0055606575,-10.986711,-10.993392,-4.1518536,44.615948,0.38095438,6.4832655e-08,0.023114199686050416,20587.7067694664,375000
51.37178,-0.32169074,-8.00943,0.16448054,1.0,0.99908924,0.24804688,0.0047097774,-11.6977215,-11.70554,-3.6987786,58.39533,0.486322,4.477378e-06,1.4310215,-3.537881,28.760971,0.9990816,0.234375,0.0047762226,-11.164585,-11.171795,-3.789751,22.714674,0.42661497,1.2551776e-05,51.340157,-0.41100478,-8.046458,0.17373753,1.0,0.9988594,0.12695312,0.005735298,-11.3763275,-11.383248,-4.2954445,160.85149,0.55699944,1.7755508e-10,0.9988804,0.11621094,0.0056862095,-10.947084,-10.953526,-4.3584127,34.473774,0.34724995,1.3776689e-07,0.023119695091247557,20703.305246591568,380000
48.026283,-0.2925165,-7.9807324,0.15730597,1.0,0.9990902,0.2705078,0.0045694043,-11.949059,-11.957298,-3.5193868,59.880047,0.5926186,3.6363351e-06,1.3786353,-1.1157045,23.894894,0.99906826,0.24804688,0.0046563465,-11.445539,-11.453184,-3.625518,34.84488,0.47612286,3.0020215e-06,54.005783,-0.40348125,-8.001514,0.16250145,1.0,0.99876976,0.15332031,0.0058458997,-11.486943,-11.494085,-4.180694,240.17827,0.80218494,2.4078844e-10,0.9988289,0.13671875,0.0056316797,-11.080474,-11.087167,-4.233798,90.34136,0.6397799,1.4782843e-08,0.018358653736114502,20795.09851861,385000
51.276093,-0.3746341,-8.003569,0.16301513,1.0,0.99909306,0.2529297,0.0046580387,-11.78138,-11.789347,-3.6307762,154.03178,0.56817836,5.353392e-06,2.3332334,-1.0867625,23.474083,0.99907684,0.23632812,0.004711966,-11.366953,-11.374494,-3.6517856,87.47121,0.5478966,4.192283e-06,62.55819,-0.50685537,-8.035385,0.17096922,1.0,0.9988766,0.12988281,0.0055815643,-11.380483,-11.387471,-4.2316008,204.04767,0.4523238,2.0964003e-10,0.9988899,0.119140625,0.0054970644,-10.971711,-10.978275,-4.2559366,33.00781,0.24602087,3.9553907e-09,0.016519121837615967,20877.694129228592,390000
47.99445,-0.2892807,-7.9914722,0.15999097,1.0,0.99908924,0.2529297,0.004539378,-12.151179,-12.159645,-3.4903188,55.84762,0.64048934,5.667638e-06,3.033064,-1.255375,29.464369,0.99908924,0.23339844,0.004608545,-11.674505,-11.682442,-3.5553906,169.7637,0.7209073,1.9982972e-05,54.258022,-0.46233252,-8.072519,0.18025297,1.0,0.9988966,0.1484375,0.0058213174,-11.369461,-11.376279,-4.394775,40.58245,0.36660707,3.8863956e-09,0.9989195,0.1328125,0.0057166023,-10.915522,-10.921858,-4.4330854,10.457193,0.18836243,4.735373e-09,0.01651416873931885,20960.264974355698,395000
53.696304,-0.32213354,-8.016313,0.16620114,1.0,0.99908257,0.2578125,0.004613166,-12.100738,-12.109084,-3.5625134,162.41808,0.9096496,1.5377724e-06,0.88383025,-1.7905552,26.094378,0.9990816,0.24707031,0.004692083,-11.578621,-11.586369,-3.6525917,146.60774,0.98843586,1.22451465e-05,54.226105,-0.417231,-8.063387,0.1779697,1.0,0.99880505,0.15039062,0.0057078926,-11.407906,-11.4149475,-4.204238,70.71997,0.55888987,1.8047203e-09,0.9988632,0.13867188,0.0055823075,-10.953182,-10.9597,-4.285805,93.39886,0.42450374,5.97763e-09,0.016513071823120118,21042.83033823967,400000
54.351948,-0.33506536,-8.001781,0.16256842,1.0,0.9990797,0.2548828,0.0045703566,-12.057756,-12.066071,-3.5534701,232.56642,0.7677517,8.358216e-08,2.099798,-2.016117,27.784834,0.99907875,0.23730469,0.00462011,-11.5952425,-11.603064,-3.5946357,105.08704,0.58385533,1.5099893e-06,52.47739,-0.41240937,-8.02924,0.16943279,1.0,0.9988718,0.14257812,0.0056451764,-11.555761,-11.562913,-4.2381163,91.006424,0.6701127,1.6837508e-09,0.998827,0.12695312,0.005666632,-11.16267,-11.169395,-4.2818384,171.73772,0.6568872,4.4661638e-07,0.3304893349170685,22695.277016878128,405000
44.494236,-0.35654196,-7.9945006,0.1607481,1.0,0.9990778,0.27539062,0.0045835366,-12.055422,-12.063761,-3.5238025,174.97336,0.76907474,8.87728e-06,1.3100696,-1.5147834,22.88594,0.9990759,0.23632812,0.004664867,-11.552304,-11.560088,-3.5908399,204.47018,1.0781472,3.04292e-06,55.74446,-0.48820966,-8.053608,0.17552511,1.0,0.9987316,0.15039062,0.005928094,-11.631422,-11.638674,-4.2129774,214.25084,0.72517675,6.6374606e-10,0.9987049,0.12597656,0.0058355853,-11.156492,-11.16326,-4.2318964,63.07655,0.54819876,9.576597e-09,0.023106078147888183,22810.807411670685,410000
44.513237,-0.3906003,-7.9930615,0.16038832,1.0,0.99910545,0.27441406,0.004492824,-12.101482,-12.10992,-3.4715896,217.47438,0.8019208,5.9439333e-12,1.0479686,-1.2972355,18.36692,0.9990969,0.25585938,0.0045518354,-11.606399,-11.614348,-3.47374,40.5102,0.74129945,8.223703e-09,47.12394,-0.4548409,-8.076131,0.18115565,1.0,0.99878407,0.13867188,0.0057635573,-11.569954,-11.57717,-4.187612,227.2941,0.69324404,4.480028e-09,0.9988251,0.13769531,0.0057118386,-11.113521,-11.120273,-4.20593,509.6227,1.2900085,3.819415e-08,0.02310045771598816,22926.309705257416,415000
50.961105,-0.28673387,-8.012409,0.16522525,1.0,0.9990883,0.26171875,0.0045799497,-12.044359,-12.052697,-3.5146546,71.70833,0.6175923,1.0964456e-07,1.4979405,-1.7935358,25.306444,0.9990854,0.25683594,0.004637111,-11.602108,-11.609952,-3.5775905,22.875067,0.50686145,4.723759e-11,53.028522,-0.44165924,-8.022454,0.16773658,1.0,0.99881077,0.14550781,0.0057304525,-11.68127,-11.688571,-4.212253,75.21496,0.5805387,2.4650484e-09,0.998785,0.12988281,0.0057141436,-11.262875,-11.269723,-4.2558904,21.115631,0.35601395,7.524877e-09,0.025366038036346437,23053.139897108078,420000
50.865063,-0.34512898,-8.013632,0.16553095,1.0,0.9991064,0.2607422,0.004619833,-11.900993,-11.909083,-3.6242616,178.82335,0.6562401,2.124178e-05,2.353465,-1.9179351,26.50993,0.9990988,0.24316406,0.004668856,-11.45614,-11.463735,-3.6856093,136.13918,0.7493211,3.536298e-06,57.40353,-0.43960008,-8.071436,0.17998178,1.0,0.99882793,0.15039062,0.005781557,-11.6369295,-11.644063,-4.3396807,148.40779,0.63581586,3.6696444e-11,0.9988098,0.12695312,0.0057494426,-11.191791,-11.19846,-4.368987,45.018772,0.64716154,3.5666787e-08,0.02960632348060608,23201.17151784897,425000
39.222305,-0.3955344,-7.9811745,0.15741661,1.0,0.99909496,0.28125,0.0045784647,-12.084908,-12.093241,-3.5603418,393.69556,1.1373081,8.87911e-06,1.0634813,-0.8635019,19.357895,0.99909115,0.2578125,0.0046384316,-11.610516,-11.618343,-3.602203,501.66028,1.3426245,4.913406e-06,55.018265,-0.46993434,-8.064541,0.17825826,1.0,0.99880123,0.14941406,0.0058366694,-11.514454,-11.521441,-4.3671155,55.19239,0.5311829,9.436609e-11,0.9988785,0.12597656,0.0058257645,-11.118198,-11.124758,-4.408612,78.939735,0.54519,2.529149e-08,0.02962096862792969,23349.276362895966,430000
46.960052,-0.33383697,-7.992857,0.16033718,1.0,0.99909306,0.25976562,0.0045574135,-12.029976,-12.038285,-3.5294118,119.64005,0.66127324,1.3569856e-07,2.1285121,-1.208699,23.066101,0.99907684,0.24023438,0.0046253847,-11.591635,-11.599427,-3.6187592,56.83832,0.5346954,1.351474e-06,59.322334,-0.36668733,-8.036793,0.1713211,1.0,0.9988556,0.14746094,0.005639905,-11.459747,-11.466832,-4.212496,348.96243,0.77964616,2.1507711e-09,0.9988842,0.12402344,0.0056401663,-11.001791,-11.008338,-4.3055825,54.48759,0.35389337,3.43173e-08,0.02960748372077942,23497.313783168793,435000
45.90103,-0.32807726,-7.991433,0.15998119,1.0,0.99909496,0.28808594,0.004520039,-11.968186,-11.976511,-3.4522638,65.6301,0.7026632,6.7950094e-09,2.7600029,-2.956993,34.352028,0.9990759,0.25976562,0.004625728,-11.49151,-11.499241,-3.5832658,104.92372,0.69183314,1.0162208e-07,54.455376,-0.43620366,-8.074141,0.18065818,1.0,0.9987221,0.16015625,0.0057321433,-11.730436,-11.7379055,-4.0911508,575.56134,1.0066118,7.678822e-10,0.998806,0.15039062,0.0056342487,-11.277649,-11.284554,-4.214446,40.255367,0.4291315,3.874282e-08,0.02961717495918274,23645.399659395218,440000
49.201122,-0.3926106,-7.9925346,0.1602566,1.0,0.9990845,0.2998047,0.0044720443,-12.162257,-12.170794,-3.4290605,323.29523,0.9039818,5.1821676e-06,1.2708198,-3.0987916,27.044146,0.9990854,0.26757812,0.004525723,-11.687584,-11.695623,-3.4621837,86.55402,0.7852855,9.621028e-06,61.84656,-0.4114909,-8.046865,0.17383933,1.0,0.9986534,0.14550781,0.0059241913,-11.745877,-11.753278,-4.1750345,99.47614,0.729388,9.7165894e-14,0.9987459,0.12402344,0.005819847,-11.318805,-11.325758,-4.205205,610.4172,1.556877,9.340453e-10,0.02961545262336731,23793.476924180984,445000
54.9804,-0.24854842,-7.997451,0.16148573,1.0,0.99907494,0.23632812,0.0046943096,-11.71767,-11.725493,-3.7151709,68.83031,0.42860454,3.080567e-07,1.1794982,-1.4987515,24.46532,0.999073,0.21582031,0.004720486,-11.210194,-11.21749,-3.7455997,27.078793,0.40564948,1.0911721e-06,57.634636,-0.45364082,-8.050055,0.17463672,1.0,0.99876213,0.15429688,0.0058624465,-11.587967,-11.595126,-4.2623377,37.606823,0.45700473,3.6723138e-10,0.9987564,0.13769531,0.0058454582,-11.165159,-11.171862,-4.308217,26.734426,0.44316465,2.4619531e-08,0.029638241863250734,23941.668137550354,450000
47.118668,-0.40525463,-7.9727635,0.15531395,1.0,0.99909496,0.25976562,0.0045546815,-12.171487,-12.179966,-3.4981084,362.9286,0.87968636,5.6431626e-10,2.851566,-3.6728108,25.879688,0.99908066,0.25878906,0.0045786747,-11.6863365,-11.694337,-3.5017223,43.216145,0.67722255,5.806916e-07,50.558502,-0.4644651,-8.069803,0.17957371,1.0,0.99883556,0.13769531,0.0058002975,-11.626597,-11.6337385,-4.3214407,136.60587,0.78667974,2.6694251e-11,0.9988737,0.12890625,0.005845314,-11.194183,-11.200842,-4.3829074,81.06852,0.80742943,5.130495e-08,0.028147383069992066,24082.405054569244,455000
39.92926,-0.39166564,-7.9893994,0.1594728,1.0,0.999094,0.2861328,0.0044559147,-12.159573,-12.1681595,-3.3746724,57.162872,0.5875757,3.0480376e-06,0.8491119,-1.0657123,20.673386,0.9990845,0.25878906,0.0044969283,-11.70116,-11.709286,-3.388446,77.6864,0.6834841,4.9076275e-06,61.421165,-0.37715292,-8.042758,0.17281245,1.0,0.9987583,0.16015625,0.0058461577,-11.567881,-11.5750475,-4.2351656,216.26324,0.7370157,1.6551083e-07,0.9987745,0.14257812,0.0057137995,-11.20705,-11.213832,-4.2695785,145.15591,0.7132472,2.972381e-07,0.023056413650512694,24197.687130212784,460000
51.713436,-0.31402022,-7.996079,0.16114266,1.0,0.9990854,0.25585938,0.0045847124,-12.007749,-12.016008,-3.5587726,712.9952,0.94172853,9.332799e-09,1.9077308,-2.6675377,35.775143,0.999074,0.23242188,0.004671984,-11.462086,-11.469741,-3.6313171,26.24295,0.44725835,6.2366084e-08,54.733967,-0.44881916,-8.018276,0.16669178,1.0,0.9988575,0.15625,0.005643245,-11.617352,-11.624573,-4.23156,170.03242,0.5683092,2.8715122e-10,0.99889183,0.1484375,0.005592538,-11.1206875,-11.127359,-4.294914,151.42842,0.5200896,2.0998039e-08,0.023062592792510987,24313.000098466873,465000
45.16439,-0.39061263,-7.978321,0.15670323,1.0,0.99909115,0.29296875,0.00450109,-12.000687,-12.00904,-3.4568353,1497.9402,1.3275483,9.2649685e-07,1.8394895,-1.6863208,26.14722,0.99908257,0.26464844,0.0045395307,-11.470943,-11.478732,-3.5027585,40.73542,0.5267028,5.2257164e-06,46.427956,-0.5156615,-8.058594,0.1767715,1.0,0.9988756,0.13964844,0.00568516,-11.592257,-11.59941,-4.2745953,223.51823,0.6587385,3.7259937e-09,0.9988184,0.12597656,0.005802435,-11.053772,-11.060392,-4.281294,369.6671,1.1488621,1.5016356e-08,0.026887758302688598,24447.438892364502,470000
53.3182,-0.36941162,-8.017235,0.1664318,1.0,0.9990864,0.2783203,0.004489735,-12.0413265,-12.049678,-3.497804,132.74463,0.57733625,1.3445968e-05,1.2818912,-1.0853362,24.073399,0.999094,0.26171875,0.0045144386,-11.626753,-11.634688,-3.5080047,90.085754,0.6682343,1.4472406e-05,58.35767,-0.41576844,-8.03692,0.17135295,1.0,0.99857616,0.15820312,0.0060512396,-11.685624,-11.693007,-4.1327934,491.878,0.9592712,2.1769071e-10,0.99857616,0.12988281,0.005806801,-11.339504,-11.346578,-4.103299,137.66469,0.7121079,2.550775e-08,0.03130257902145386,24603.95179271698,475000
48.723614,-0.2799632,-8.00339,0.16297044,1.0,0.9990845,0.24902344,0.004505258,-12.144414,-12.152873,-3.4913619,280.29156,0.70605725,4.503745e-06,1.2379826,-1.627645,25.465601,0.99907875,0.23339844,0.0045838375,-11.68788,-11.695819,-3.5663514,464.26242,0.9794779,1.2749596e-05,56.16348,-0.37276858,-8.048034,0.17413124,1.0,0.9987812,0.16601562,0.005626728,-11.650026,-11.657329,-4.180591,94.958374,0.51306605,3.9448705e-10,0.99886227,0.1484375,0.0056229327,-11.249508,-11.256329,-4.2720823,65.26599,0.46285012,1.9795399e-09,0.03015962014198303,24754.749894618988,480000
45.878136,-0.31583887,-8.002583,0.1627686,1.0,0.99909306,0.3046875,0.0043828147,-12.373131,-12.381917,-3.385579,124.04074,0.68896914,6.4513665e-06,1.2774245,-1.4218483,21.115015,0.99908257,0.28027344,0.0044354554,-11.917324,-11.925623,-3.4278193,422.90588,1.078793,4.2069274e-05,39.732155,-0.49690574,-8.058811,0.17682588,1.0,0.9988146,0.13574219,0.005805661,-11.678954,-11.686076,-4.393529,117.30497,0.41213906,2.4094005e-10,0.9989052,0.12109375,0.0056844824,-11.223284,-11.229929,-4.423314,59.31105,0.37905335,3.8761446e-08,0.024759157466888428,24878.545686483383,485000
53.869465,-0.36689043,-8.000384,0.16221897,1.0,0.9990778,0.2548828,0.0045945346,-12.132442,-12.140894,-3.4866667,877.7768,1.0159595,5.178586e-06,2.711081,-1.7030609,30.41536,0.999074,0.23339844,0.0046427706,-11.69381,-11.701776,-3.5458803,220.53369,0.751994,1.5073583e-05,55.087475,-0.4117444,-8.044109,0.17315036,1.0,0.99861336,0.14355469,0.0059690103,-11.82242,-11.829878,-4.1929636,283.3475,0.81057304,8.4535384e-10,0.99871826,0.123046875,0.005927636,-11.416973,-11.42398,-4.2489347,68.09212,0.617695,9.927275e-08,0.02474046196937561,25002.247999191284,490000
46.919662,-0.3756675,-7.998045,0.1616342,1.0,0.99909496,0.2783203,0.004524855,-12.229105,-12.23766,-3.4769495,39.790977,0.548065,1.0568158e-06,1.623387,-1.1991475,24.204687,0.99909115,0.2607422,0.0045832805,-11.760192,-11.76822,-3.5479727,159.49817,0.6569506,2.0123976e-05,54.942276,-0.46828657,-8.032555,0.17026171,1.0,0.99880886,0.15039062,0.0057327724,-11.571083,-11.578214,-4.2767925,265.19574,0.58091366,1.3466306e-11,0.9988375,0.12890625,0.0057653487,-11.178213,-11.184857,-4.3798804,33.41816,0.39246863,2.7232941e-08,0.024741299104690553,25125.954496622086,495000
44.091236,-0.39544168,-7.9973044,0.16144891,1.0,0.9991121,0.2763672,0.0045485036,-12.0561905,-12.064524,-3.531281,133.85628,0.67265606,1.6001958e-06,1.3059208,-0.8910466,22.865917,0.99910164,0.26367188,0.0046327948,-11.613531,-11.621384,-3.5810726,52.91067,0.73741424,6.8230984e-06,57.121567,-0.3717359,-8.013729,0.16555534,1.0,0.9987879,0.14160156,0.00570478,-11.6060915,-11.613362,-4.1684875,297.39316,0.7677568,1.5550164e-08,0.99880886,0.12695312,0.0057575176,-11.194715,-11.201505,-4.2477875,329.0706,1.1272177,1.1365921e-08,0.02474269208908081,25249.667958498,500000
50.20529,-0.32711515,-7.9882774,0.1591924,1.0,0.99909115,0.27246094,0.004569589,-12.122808,-12.131238,-3.4991815,110.76601,0.82389593,3.3670315e-07,1.1304569,-2.164659,20.043255,0.99909115,0.2626953,0.0046074684,-11.699417,-11.707376,-3.5573573,261.32465,0.90958935,1.7145408e-06,58.967445,-0.46118012,-8.03516,0.1709128,1.0,0.9988632,0.15722656,0.005616106,-11.727473,-11.734847,-4.183422,162.27548,0.6509118,2.3510252e-10,0.99884605,0.13476562,0.0056797983,-11.25165,-11.258485,-4.260419,307.86313,0.8094435,3.383422e-07,0.26712161684036256,26585.276047468185,505000
57.652847,-0.28318653,-7.9791956,0.15692195,1.0,0.99909496,0.2783203,0.0045112795,-12.16809,-12.176588,-3.4745877,108.5231,0.62261415,2.6418379e-09,1.2343343,-1.1444272,24.666828,0.999094,0.24316406,0.0045919186,-11.716333,-11.724273,-3.5939765,61.80456,0.5126809,1.2060144e-05,59.814068,-0.45283777,-8.031757,0.17006235,1.0,0.9988756,0.14453125,0.0056250277,-11.61565,-11.622834,-4.266096,697.3084,0.7450639,2.8583556e-09,0.9988766,0.1171875,0.0056561287,-11.104906,-11.111549,-4.309714,51.8536,0.4124651,2.793933e-08,0.023186433458328246,26701.208216905594,510000
49.395603,-0.374185,-7.9963856,0.1612194,1.0,0.9990759,0.26757812,0.0045644017,-12.04755,-12.055915,-3.4897578,61.603752,0.6184626,7.652811e-06,1.0028707,-1.0513759,21.553179,0.99906826,0.22949219,0.0046772035,-11.510103,-11.517844,-3.589944,64.56221,0.6445802,7.84871e-06,52.0842,-0.47246692,-8.074869,0.18084005,1.0,0.9989233,0.14453125,0.005603007,-11.527419,-11.5344715,-4.312437,62.417,0.44478709,3.1062935e-08,0.99895096,0.14257812,0.005629178,-11.039685,-11.046175,-4.400529,100.47524,0.49992502,1.8269702e-08,0.02317082166671753,26817.062331676483,515000
49.934807,-0.30609697,-7.9997444,0.16205911,1.0,0.9990845,0.24804688,0.0046294965,-12.070984,-12.079243,-3.6224053,37.310635,0.45773715,4.2588867e-06,1.2749012,-1.559348,26.66214,0.99907875,0.23339844,0.004660805,-11.636496,-11.644251,-3.7037277,37.93041,0.39490867,2.2688333e-05,68.88222,-0.34006017,-8.028304,0.16919906,1.0,0.99875355,0.15722656,0.0056810705,-11.665043,-11.672378,-4.1616464,259.4759,0.7851711,3.1090984e-11,0.9988365,0.13574219,0.005690461,-11.349058,-11.355896,-4.3541822,260.04865,0.71298987,2.2907832e-11,0.025464411640167238,26944.384392261505,520000
53.7315,-0.37607193,-7.99439,0.16072059,1.0,0.9990978,0.27539062,0.0044280584,-12.302206,-12.3109455,-3.3609314,52.798798,0.716207,7.264539e-07,1.4442414,-1.2611909,29.917356,0.9990835,0.2626953,0.0044718105,-11.824972,-11.833184,-3.4237964,65.54394,0.6492707,6.4450633e-06,61.01514,-0.48488492,-8.044642,0.17328367,1.0,0.99865246,0.14941406,0.005842967,-11.808075,-11.815544,-4.1668425,293.47256,0.7160844,5.036874e-10,0.99872017,0.13085938,0.005786486,-11.360429,-11.367406,-4.222914,239.29712,0.76323545,1.0742063e-09,0.029672206020355224,27092.74542403221,525000
57.846794,-0.2522214,-7.9929495,0.16036046,1.0,0.9990978,0.28515625,0.004474182,-12.386231,-12.395,-3.4157033,155.8265,0.8719895,9.546639e-08,1.6208661,-1.784737,30.709923,0.99909115,0.25683594,0.0045532617,-11.919924,-11.928156,-3.4968302,48.25687,0.6978781,5.4601986e-07,72.57943,-0.4452144,-8.041045,0.17238435,1.0,0.9988375,0.15722656,0.0058372933,-11.65141,-11.658657,-4.237397,98.9892,0.85975266,2.4068803e-09,0.99869347,0.1328125,0.005876935,-11.242817,-11.24957,-4.334461,44.7355,0.6062516,2.6733321e-08,0.029674192094802855,27241.116385936737,530000
49.001434,-0.34269863,-8.030832,0.16983107,1.0,0.99909115,0.28125,0.004504142,-12.202551,-12.211068,-3.4881968,221.99432,0.68844354,1.20459135e-05,1.8577012,-4.1372538,33.72138,0.9990854,0.23730469,0.0045780847,-11.67276,-11.680684,-3.5676389,90.90146,0.6316502,1.6035177e-05,65.598816,-0.31463477,-8.038519,0.17175262,1.0,0.99890804,0.14648438,0.0054992274,-11.564009,-11.571158,-4.2498417,41.710957,0.3207146,1.1181451e-08,0.99893475,0.125,0.0055255205,-11.102199,-11.108834,-4.3120823,82.51492,0.3467216,3.0248526e-07,0.02967873911857605,27389.51008439064,535000
57.3608,-0.30804437,-8.0168915,0.16634582,1.0,0.99909306,0.25878906,0.004521531,-12.27186,-12.280457,-3.4770212,51.71833,0.58202547,9.264522e-06,1.7585615,-1.4334046,29.095484,0.999094,0.24902344,0.004612373,-11.759541,-11.767556,-3.558616,66.08504,0.60532165,9.3300905e-06,65.39735,-0.45070326,-8.021656,0.16753699,1.0,0.99886227,0.14355469,0.005738618,-11.75318,-11.760496,-4.2683787,182.50859,0.4675798,5.658062e-12,0.99876213,0.13476562,0.005890035,-11.331136,-11.337991,-4.318143,73.74839,0.57875687,4.001567e-08,0.03366171588897705,27557.818665266037,540000
60.518875,-0.3195886,-7.951297,0.14994717,1.0,0.99909973,0.26757812,0.004497366,-12.19206,-12.20058,-3.4769478,346.2666,0.9290092,8.727283e-06,2.8554373,-2.5143437,30.887432,0.9990864,0.2607422,0.0045620543,-11.746597,-11.754594,-3.5651696,46.008457,0.6483784,1.4589338e-05,60.304604,-0.45552456,-8.015669,0.16604035,1.0,0.99891186,0.140625,0.005629653,-11.590403,-11.597505,-4.3242836,78.03026,0.4207446,8.580069e-09,0.998909,0.12890625,0.0056787343,-11.183851,-11.190454,-4.4290905,121.31117,0.45439306,6.0895633e-10,0.037973139333724974,27747.684365034103,545000
43.921333,-0.38145882,-7.9861393,0.15865776,1.0,0.9990854,0.26660156,0.0045599514,-12.294756,-12.303314,-3.5396705,188.28918,0.7326236,1.4734883e-07,1.0684683,-1.0710349,20.702744,0.9990854,0.25195312,0.0045884605,-11.852238,-11.860322,-3.582038,54.558918,0.5961126,1.9344025e-06,73.652916,-0.34846303,-8.062161,0.17766345,1.0,0.9988527,0.14550781,0.0057528894,-11.513152,-11.520123,-4.383363,116.49449,0.42532152,5.596129e-10,0.99891186,0.14160156,0.0057466454,-11.068883,-11.075307,-4.4971924,118.43503,0.38126203,3.4985533e-08,0.03341672677993775,27914.768000364304,550000
58.062767,-0.31026646,-7.972089,0.15514523,1.0,0.9990978,0.30859375,0.004428585,-12.463684,-12.472564,-3.3791494,124.242714,0.83880615,6.1986e-06,1.192769,-2.4325662,28.597427,0.99908733,0.2607422,0.00453471,-11.894618,-11.902809,-3.5138211,23.686935,0.54197997,5.531334e-06,67.87646,-0.4098002,-8.050937,0.17485723,1.0,0.99888706,0.15625,0.00573129,-11.551536,-11.55859,-4.3341904,70.88141,0.4625262,9.234129e-11,0.99887276,0.13671875,0.0057219057,-11.087656,-11.094177,-4.4154515,58.776543,0.4164715,4.5095213e-08,0.031370167303085325,28071.618838071823,555000
46.22827,-0.34869534,-7.998229,0.16168031,1.0,0.99910355,0.2939453,0.0043881405,-12.175937,-12.184545,-3.370791,63.23827,0.5965629,3.6952515e-06,1.5320015,-1.6702172,21.055077,0.9990969,0.26171875,0.004503259,-11.676764,-11.684764,-3.4930336,29.798195,0.5305306,3.939339e-05,58.57779,-0.4592845,-8.037515,0.17150173,1.0,0.99881744,0.15722656,0.005776507,-11.778555,-11.785837,-4.3289423,65.07007,0.4379084,2.7759323e-11,0.998786,0.15039062,0.005667936,-11.27725,-11.283996,-4.376503,30.17345,0.25776297,9.63056e-09,0.031397011423110965,28228.603897094727,560000
47.11989,-0.32826513,-7.994219,0.1606776,1.0,0.9990978,0.2763672,0.004544052,-12.284267,-12.292852,-3.502161,167.44102,0.8088509,1.8285122e-05,2.8658297,-1.8988401,28.69197,0.9991007,0.26367188,0.004578445,-11.716277,-11.724264,-3.5465617,66.60995,0.7306119,2.1984499e-05,61.298367,-0.42950553,-8.054033,0.1756312,1.0,0.99870205,0.15625,0.0058798688,-11.781035,-11.788375,-4.272678,59.13004,0.6769171,2.2672614e-08,0.9987955,0.13476562,0.0058640614,-11.340561,-11.347418,-4.326536,214.74158,0.7064382,2.2061858e-08,0.03143044080734253,28385.75610613823,565000
57.710606,-0.2762118,-8.005083,0.16339372,1.0,0.9991121,0.29101562,0.0044574616,-12.322729,-12.33147,-3.3820162,75.176125,0.7081814,1.7475136e-06,1.5638385,-1.3104624,27.275402,0.9991045,0.26464844,0.0045071836,-11.7973995,-11.805569,-3.4399872,102.93249,0.75189155,1.08626054e-07,61.51585,-0.45867318,-8.068671,0.17929083,1.0,0.9987793,0.15527344,0.0056249583,-11.751618,-11.759166,-4.0300694,465.31717,1.1175544,7.335297e-09,0.9987383,0.1484375,0.0056868857,-11.268112,-11.275148,-4.071165,512.3847,1.0146884,1.4517401e-07,0.03142794914245606,28542.89585351944,570000
59.217262,-0.3276525,-7.9855833,0.15851872,1.0,0.9990864,0.2626953,0.004432831,-12.4158325,-12.424624,-3.4205456,39.577454,0.52125835,5.407603e-06,1.8754256,-1.9723754,26.073692,0.99908733,0.25976562,0.004475693,-11.9884615,-11.996774,-3.4860425,94.18271,0.5679789,2.592948e-05,67.828674,-0.4026111,-8.032815,0.17032665,1.0,0.9988308,0.15332031,0.005767773,-11.750401,-11.757772,-4.2081017,45.48718,0.50405157,6.355391e-09,0.99881744,0.14355469,0.0057304176,-11.410591,-11.417501,-4.342079,54.17871,0.34284073,1.419641e-07,0.03135843300819397,28699.688019514084,575000
59.5692,-0.32200447,-8.008612,0.16427587,1.0,0.99909115,0.2626953,0.004564884,-12.156953,-12.165391,-3.5244272,111.79313,0.8118751,4.219188e-06,1.424215,-1.6940877,30.12331,0.9990845,0.24121094,0.0046270173,-11.599342,-11.607171,-3.59294,75.973335,0.71176434,6.0198296e-08,62.01497,-0.43096867,-8.066326,0.17870454,1.0,0.99875355,0.16113281,0.0057798773,-11.765078,-11.772532,-4.138157,100.98704,0.74104583,1.5240376e-09,0.9987488,0.14941406,0.0058325483,-11.278327,-11.285251,-4.195551,731.193,1.3058711,6.8816133e-13,0.03135777587890625,28856.476900577545,580000
47.17571,-0.41454923,-7.9747667,0.15581454,1.0,0.9990959,0.2890625,0.004493339,-12.276009,-12.284617,-3.4695902,268.3589,0.7425532,7.199786e-06,1.1967505,-1.4701037,25.015112,0.99908924,0.2548828,0.0045661703,-11.78005,-11.788116,-3.5288937,52.470413,0.64094603,8.828718e-06,64.02432,-0.36690247,-8.061222,0.1774286,1.0,0.9989071,0.15820312,0.005605391,-11.554306,-11.561345,-4.3546305,72.5617,0.38518012,5.333176e-10,0.9989128,0.12988281,0.005636499,-11.124632,-11.131182,-4.423044,60.783096,0.3882763,7.857262e-10,0.031408779668807986,29013.520802259445,585000
48.657734,-0.3344468,-7.984665,0.15828925,1.0,0.9990969,0.26757812,0.0046354616,-12.238291,-12.246708,-3.6268868,321.9502,0.6970327,7.451909e-08,1.087429,-0.7275664,18.781345,0.99908733,0.24121094,0.004662214,-11.747717,-11.755604,-3.6799242,15.562037,0.48195457,3.6515578e-07,60.906883,-0.441827,-8.05492,0.17585316,1.0,0.99884415,0.15625,0.0056993505,-11.798244,-11.805677,-4.1937633,936.64044,1.4913058,2.8347363e-10,0.9988041,0.1328125,0.0056201788,-11.392543,-11.399526,-4.2493467,117.245476,0.49263424,3.4815938e-07,0.02581977572441101,29142.619684934616,590000
38.172485,-0.33234227,-8.0020895,0.16264537,1.0,0.99910545,0.27734375,0.004503883,-12.387423,-12.396161,-3.4485583,136.3957,0.7447959,1.0264899e-09,1.1326406,-0.9746619,20.260399,0.9991083,0.25683594,0.004529571,-11.867655,-11.875835,-3.4986103,39.20221,0.6415742,3.1717147e-07,60.9807,-0.4451815,-8.032802,0.17032324,1.0,0.99868965,0.16699219,0.0059417095,-11.862984,-11.870546,-4.1256213,70.73312,0.57813555,1.1084299e-09,0.99874496,0.14648438,0.005811611,-11.383013,-11.390056,-4.178018,53.86833,0.41696796,3.1245077e-07,0.024793733215332032,29266.588354349136,595000
45.596848,-0.3411871,-7.9686613,0.15428829,1.0,0.9990969,0.2548828,0.004554825,-12.216299,-12.224819,-3.500455,19.805704,0.54888725,8.029667e-06,1.0868326,-0.9816189,20.320585,0.9990902,0.24414062,0.0045928843,-11.647533,-11.655451,-3.5483878,227.42442,0.73854744,5.2082733e-06,51.30578,-0.44926548,-7.987233,0.15893126,1.0,0.99879456,0.15820312,0.005682963,-11.8163595,-11.823832,-4.1728997,113.57381,0.43887365,6.262516e-10,0.9988241,0.13964844,0.0056680813,-11.318916,-11.325805,-4.272043,1550.3385,1.9091084,3.6735488e-09,0.024786200714111327,29390.51936149597,600000
58.671246,-0.3414051,-8.000398,0.16222236,1.0,0.99909496,0.2783203,0.0044948407,-12.267666,-12.276237,-3.4997563,65.969955,0.56544507,1.7754197e-05,1.5713965,-1.4529645,29.194702,0.99908733,0.25097656,0.0045963945,-11.754032,-11.762003,-3.5982819,80.201515,0.665597,3.0499987e-07,61.22122,-0.42891032,-8.0564995,0.17624775,1.0,0.9987402,0.15820312,0.0057264543,-11.7136135,-11.7210045,-4.153065,51.369987,0.4231244,1.1376955e-09,0.9988375,0.13378906,0.0056309747,-11.204534,-11.2113495,-4.231082,83.166374,0.43447477,1.2120179e-09,0.21972523522377013,30489.145539045334,605000
40.357014,-0.35215807,-7.9885035,0.15924886,1.0,0.9991121,0.2685547,0.0044731284,-12.272876,-12.281515,-3.4344404,90.40289,0.7165394,9.141092e-06,1.3054414,-1.1548613,18.397366,0.9991007,0.25976562,0.0045292666,-11.747225,-11.755292,-3.4948149,37.1881,0.5580644,1.1572482e-05,61.78824,-0.46361744,-8.042442,0.17273352,1.0,0.99873257,0.14453125,0.0060605267,-11.877928,-11.885199,-4.4396505,195.02571,0.67141503,5.6409856e-11,0.99873734,0.13183594,0.006081756,-11.447835,-11.454644,-4.4831,83.592865,0.5619215,6.658719e-08,0.02310897960662842,30604.690443754196,610000
50.810204,-0.3349285,-8.004116,0.16315182,1.0,0.9991045,0.2529297,0.004566313,-12.2474165,-12.25593,-3.537991,194.62048,0.7057546,3.61371e-07,3.7596622,-1.0917099,31.608572,0.99909496,0.22851562,0.0046403063,-11.739794,-11.747753,-3.5977952,54.888657,0.6938666,3.4548311e-06,73.941475,-0.44529378,-8.038765,0.17181435,1.0,0.9987812,0.15917969,0.00573003,-11.776802,-11.784221,-4.1879325,301.5376,0.66528857,3.891759e-09,0.99889183,0.15234375,0.005588215,-11.257858,-11.264702,-4.257105,92.526085,0.47175327,2.983461e-08,0.027853002262115477,30743.955456733704,615000
49.434494,-0.38568732,-8.022947,0.16785987,1.0,0.9990959,0.2705078,0.004553845,-12.377674,-12.386326,-3.52654,79.86226,0.5754782,5.427729e-11,1.2854108,-1.6368358,23.852247,0.9990854,0.24414062,0.0045818044,-11.913984,-11.922173,-3.5364628,91.76648,0.70551443,1.4592822e-08,60.536667,-0.40434816,-8.035074,0.17089143,1.0,0.9988327,0.13964844,0.005709404,-11.654833,-11.662078,-4.242116,85.04857,0.48562425,5.7818916e-10,0.99883556,0.12988281,0.005655158,-11.195601,-11.202356,-4.2850113,65.66813,0.35041052,1.17207264e-07,0.03135488786697388,30900.72989988327,620000
55.4337,-0.30690068,-7.99305,0.1603854,1.0,0.99910164,0.28125,0.0045992993,-12.17885,-12.187302,-3.5335817,391.0731,0.95145303,4.783767e-06,1.4119966,-1.2356163,26.443302,0.9990864,0.25,0.004652517,-11.724847,-11.732775,-3.6153407,70.90548,0.70682275,3.934284e-06,64.438675,-0.42764425,-8.02286,0.16783792,1.0,0.9989042,0.15722656,0.0056717377,-11.428575,-11.435494,-4.350088,206.31544,0.63278043,1.982299e-08,0.9989548,0.14746094,0.005639433,-11.052574,-11.059001,-4.4777,42.40874,0.36516362,8.843974e-09,0.03269813370704651,31064.220570087433,625000
53.36126,-0.35889113,-8.005856,0.16358688,1.0,0.99908066,0.234375,0.0046957955,-12.091164,-12.099407,-3.6577685,124.136475,0.6093155,3.618761e-06,1.3982018,-1.5574205,27.888287,0.9990616,0.22460938,0.0047400864,-11.503321,-11.510957,-3.691328,406.96786,1.0027131,1.4599108e-05,63.48906,-0.48305506,-8.054332,0.17570585,1.0,0.99881077,0.1484375,0.005797058,-11.69815,-11.705431,-4.2484236,41.025215,0.48305488,6.2058123e-09,0.9989109,0.12695312,0.0057280115,-11.199863,-11.206619,-4.2889347,70.19335,0.5723307,2.0046569e-07,0.037811430168151854,31253.277724981308,630000
54.934998,-0.33233172,-7.965041,0.15338321,1.0,0.9991026,0.28027344,0.004476714,-12.458563,-12.467394,-3.4237409,233.99615,0.87282723,3.4036118e-06,1.6333308,-1.1052356,26.603386,0.9991007,0.26464844,0.004558271,-12.018532,-12.026843,-3.5151243,256.60007,1.0047505,8.515653e-07,61.88,-0.45590067,-8.010132,0.16465594,1.0,0.9988823,0.15429688,0.0055992156,-11.804307,-11.81166,-4.282617,306.90323,0.5772209,3.1804132e-11,0.99891186,0.12402344,0.005658594,-11.43317,-11.440097,-4.34719,200.27286,0.72560066,8.657253e-08,0.03788734250068664,31442.71444249153,635000
55.465355,-0.32729137,-7.9924774,0.16024233,1.0,0.99909973,0.27441406,0.0045368765,-12.341038,-12.349687,-3.4926417,84.41031,0.6998203,2.6808768e-06,1.9383175,-2.4321408,30.606628,0.99909306,0.2626953,0.0045983223,-11.893272,-11.901423,-3.5543685,39.101154,0.64537853,1.0807932e-05,68.60608,-0.44813007,-8.020342,0.16720839,1.0,0.9987354,0.15332031,0.0058381236,-11.719185,-11.726505,-4.2313538,133.9962,0.5433213,3.315921e-09,0.99877644,0.13085938,0.005804373,-11.313982,-11.320835,-4.304378,70.15752,0.46339217,9.996012e-09,0.03788669118881226,31632.147899866104,640000
55.146072,-0.33223677,-7.989346,0.15945947,1.0,0.9990902,0.28320312,0.004497835,-12.410631,-12.419375,-3.4645996,202.01897,0.7644531,4.9737564e-06,1.0713747,-1.4002981,23.68689,0.99908066,0.2548828,0.0045719766,-11.919637,-11.927805,-3.5640476,39.208744,0.6149751,3.0121505e-06,65.23729,-0.46710473,-8.0287695,0.16931528,1.0,0.9987078,0.14355469,0.00592079,-12.027609,-12.035187,-4.2763767,195.5332,0.6218579,1.1332032e-10,0.998806,0.13867188,0.005757963,-11.593996,-11.601139,-4.287659,38.16636,0.43254653,2.4132605e-09,0.03786862592697143,31821.49103164673,645000
63.738457,-0.25621176,-7.9922056,0.16017441,1.0,0.9991007,0.2734375,0.0044881897,-12.418254,-12.427046,-3.4238744,258.8644,1.1390111,1.3033373e-05,4.2859697,-4.556818,32.410805,0.9990988,0.265625,0.0045735454,-11.928997,-11.937187,-3.549907,117.629684,0.76768017,6.947713e-06,66.88106,-0.41155642,-8.021885,0.1675942,1.0,0.9987488,0.18261719,0.0056516044,-11.788576,-11.796176,-4.0151215,241.88779,0.8233295,8.0094364e-10,0.99879646,0.15820312,0.005596211,-11.396731,-11.403868,-4.0979075,121.38779,0.5828995,2.3363517e-08,0.03782451767921448,32010.613622426987,650000
53.474606,-0.364184,-7.9840674,0.15813974,1.0,0.99910164,0.28027344,0.004532002,-12.209072,-12.217564,-3.5224605,74.997505,0.5680473,2.1893193e-05,1.2440612,-1.3916951,27.18994,0.9990988,0.25878906,0.004598853,-11.684042,-11.691977,-3.568087,79.94143,0.6471224,1.799441e-05,75.32826,-0.45550784,-8.029977,0.16961715,1.0,0.9988127,0.16992188,0.005636297,-11.82255,-11.830069,-4.131299,65.911,0.50632095,1.896688e-09,0.9988079,0.1484375,0.0056247395,-11.371433,-11.378457,-4.1861944,52.360115,0.4671189,7.420744e-09,0.034508036994934085,32183.153812646866,655000
51.55136,-0.33451653,-7.9756155,0.15602681,1.0,0.99909115,0.27734375,0.004432155,-12.427213,-12.436053,-3.3849397,91.212524,0.6917766,4.0182867e-06,1.4929985,-1.3459787,24.69276,0.9990759,0.25195312,0.0045214253,-11.93594,-11.944188,-3.4985018,87.053696,0.62496233,9.606436e-09,66.376526,-0.4038675,-8.0322075,0.17017485,1.0,0.99889183,0.16113281,0.005591239,-11.7638855,-11.771258,-4.222457,264.3149,0.6115458,6.303212e-10,0.99889565,0.14257812,0.005520696,-11.353135,-11.360015,-4.3150187,366.5919,0.65807,1.1291035e-07,0.03132356429100037,32339.77163553238,660000
60.179443,-0.28968444,-7.989469,0.15949015,1.0,0.9990864,0.26953125,0.0044877403,-12.326384,-12.3350935,-3.415909,102.92277,0.72687393,3.1285706e-06,1.7128179,-1.5860977,29.358097,0.9990721,0.23925781,0.004567451,-11.882727,-11.890919,-3.5016308,38.094265,0.68331933,6.1038154e-06,62.6885,-0.3697735,-8.012375,0.16521688,1.0,0.998847,0.15917969,0.0056249825,-11.767376,-11.77475,-4.2232184,210.31384,0.53396744,2.699129e-12,0.9989023,0.14550781,0.0056742737,-11.303533,-11.310362,-4.3174067,69.54386,0.4006523,2.6417132e-08,0.03134204535484314,32496.48186802864,665000
41.59633,-0.40636316,-7.976132,0.15615597,1.0,0.99908924,0.2548828,0.004594204,-12.139229,-12.14763,-3.544035,45.852783,0.57181275,2.2715957e-07,1.3419734,-1.3672664,21.539616,0.99908733,0.23339844,0.0045984956,-11.781912,-11.789948,-3.5592313,30.586885,0.617379,1.4645901e-06,66.756256,-0.48055845,-8.032534,0.17025653,1.0,0.9988003,0.15820312,0.0057824566,-11.802843,-11.810254,-4.2230086,154.62395,0.5848239,4.4222948e-10,0.998765,0.13574219,0.0056990073,-11.421448,-11.42844,-4.268443,78.7572,0.35078853,2.3685224e-08,0.03133079195022583,32653.13582921028,670000
52.458595,-0.33405146,-8.010772,0.16481598,1.0,0.99908066,0.265625,0.0045181555,-12.325004,-12.333604,-3.5275059,109.78664,0.5175486,1.4740323e-07,1.035337,-1.300953,21.727272,0.99907875,0.23730469,0.0045652594,-11.821737,-11.829773,-3.6010728,14.611292,0.39451957,3.5361714e-07,70.60335,-0.39455387,-8.0341625,0.17066363,1.0,0.9988556,0.14257812,0.005685197,-11.755117,-11.762412,-4.293585,97.57309,0.6207475,1.7687593e-11,0.9988766,0.12988281,0.005650722,-11.278376,-11.285136,-4.361942,74.46405,0.3883031,2.4105614e-08,0.03131812472343445,32809.726455926895,675000
46.68641,-0.36877903,-8.011394,0.16497143,1.0,0.9990921,0.27734375,0.004366125,-12.48436,-12.493317,-3.3223677,104.920906,0.7782663,4.841472e-06,1.7213486,-1.1666566,26.73867,0.9990778,0.24414062,0.0044261473,-11.977316,-11.985759,-3.3405838,54.76257,0.74935746,4.2530442e-07,69.183655,-0.45640078,-8.04793,0.1741054,1.0,0.99886894,0.15234375,0.005587409,-11.708576,-11.715863,-4.2544537,44.341114,0.3854182,1.88969e-09,0.9988375,0.13769531,0.0055962545,-11.298541,-11.305391,-4.290401,37.144783,0.3640018,8.243294e-07,0.03126108870506287,32966.03190112114,680000
52.50467,-0.33475834,-7.959722,0.15205346,1.0,0.9991026,0.2861328,0.004540928,-12.4653635,-12.474088,-3.5396135,138.728,0.6996733,1.8003499e-06,1.1783745,-1.708873,26.19057,0.99910164,0.2578125,0.0045919437,-11.988037,-11.996244,-3.5907316,99.297905,0.78828764,2.424449e-05,75.25682,-0.42921945,-8.038769,0.17181535,1.0,0.99881935,0.15136719,0.005760465,-11.812494,-11.819859,-4.2804613,389.9564,0.6466107,1.7487338e-10,0.9988098,0.12695312,0.0057749944,-11.393669,-11.400568,-4.335635,108.930405,0.659533,7.927869e-09,0.026251118612289428,33097.287496089935,685000
50.52185,-0.32481077,-8.019502,0.16699848,1.0,0.9990835,0.25878906,0.00457853,-12.315952,-12.324514,-3.555707,225.91554,0.6836412,2.451333e-06,1.7179677,-1.6358355,27.12725,0.9990835,0.25976562,0.00461593,-11.822023,-11.830085,-3.575407,355.1162,0.9778517,2.368211e-06,69.400955,-0.43695506,-8.018732,0.16680588,1.0,0.9988661,0.15332031,0.0056304513,-11.804046,-11.811318,-4.3630667,79.09,0.44758418,1.9510284e-10,0.9989147,0.13085938,0.0055973306,-11.422,-11.428809,-4.455257,109.57523,0.4132362,1.823121e-11,0.019949147319793702,33197.03323483467,690000
45.885963,-0.36037573,-7.9889517,0.15936095,1.0,0.99910927,0.28125,0.0044386424,-12.347235,-12.355998,-3.3834288,55.817055,0.7584741,6.257866e-08,1.0030115,-0.926388,20.711922,0.9991131,0.2607422,0.004488308,-11.955437,-11.963786,-3.413223,85.074005,0.82856095,1.7158011e-07,57.182426,-0.4895633,-8.040148,0.17216003,1.0,0.9987707,0.14160156,0.005725733,-12.026293,-12.033944,-4.199416,215.00017,0.6565132,8.846888e-10,0.99883366,0.12695312,0.0057422454,-11.67128,-11.678563,-4.221736,71.03994,0.6199405,1.5499412e-08,0.016448228454589844,33279.274381399155,695000
62.250114,-0.29924977,-7.9874053,0.15897422,1.0,0.9991188,0.27734375,0.0043906323,-12.494503,-12.503445,-3.3468537,157.21777,0.9031563,3.3457982e-06,1.0954635,-2.002341,29.280886,0.9991045,0.26660156,0.0044577383,-11.9763,-11.984637,-3.4458835,146.91853,0.9491532,7.366785e-06,62.420586,-0.47383496,-8.038499,0.17174776,1.0,0.9988346,0.13671875,0.0055850577,-11.80775,-11.815212,-4.174199,43.928474,0.40225917,3.5660289e-10,0.9987917,0.12597656,0.005710795,-11.271101,-11.277997,-4.21763,31.386496,0.42166275,2.7997585e-08,0.016451352453231812,33361.531145334244,700000
45.65722,-0.36026946,-7.972015,0.15512654,1.0,0.9991102,0.28515625,0.004453212,-12.371407,-12.380197,-3.3790576,50.214706,0.6194798,1.5250584e-05,1.494969,-2.6686,26.93676,0.99910927,0.26660156,0.004527682,-12.018316,-12.026699,-3.4421496,40.18123,0.6203726,3.53801e-05,61.0122,-0.4609893,-8.055382,0.17596838,1.0,0.99888706,0.15527344,0.005648,-11.703565,-11.710824,-4.2775087,298.108,0.83768475,3.75004e-10,0.998888,0.14648438,0.0056427764,-11.27932,-11.286117,-4.325284,90.7594,0.45425218,8.094751e-10,0.2365979736804962,34544.5210185051,705000
60.996666,-0.2422734,-7.9676104,0.1540255,1.0,0.99909973,0.27734375,0.004557049,-12.3495865,-12.35823,-3.5093393,68.66358,0.56677616,3.1263214e-06,1.6698949,-4.4951663,27.69273,0.9990902,0.26464844,0.0046251034,-11.793112,-11.801115,-3.6053748,217.30624,0.7560847,1.1177283e-06,61.74509,-0.5443033,-8.059646,0.17703438,1.0,0.99889755,0.14160156,0.00563123,-11.774342,-11.78162,-4.329133,55.872124,0.34930545,1.06050795e-08,0.9988413,0.12109375,0.005706144,-11.293337,-11.300124,-4.3478756,103.28372,0.456285,2.150474e-07,0.03145719966888428,34701.80701804161,710000
54.27745,-0.3443579,-8.00067,0.16229053,1.0,0.9990988,0.2734375,0.004539726,-12.305941,-12.314553,-3.4956346,217.58838,0.80030787,2.887375e-07,1.8722353,-1.7573583,28.243288,0.9991045,0.26757812,0.004590881,-11.7958555,-11.803937,-3.5284739,169.29185,0.83788913,1.3102103e-05,69.87486,-0.4665537,-8.024167,0.1681647,1.0,0.99891853,0.16210938,0.0055447044,-11.589563,-11.596766,-4.220506,94.04305,0.57657486,3.0710339e-09,0.99897385,0.14550781,0.0054438612,-11.165791,-11.172481,-4.322498,82.78007,0.33202362,5.648051e-10,0.0314905960559845,34859.259999513626,715000
47.270447,-0.33709782,-8.011419,0.16497776,1.0,0.99910927,0.2734375,0.0044680936,-12.479011,-12.4878,-3.4884276,55.32807,0.62629277,3.6011788e-06,1.3646729,-2.047436,22.573109,0.99910164,0.26660156,0.004503253,-11.955893,-11.96415,-3.5084083,33.21259,0.5800736,7.226669e-06,61.49796,-0.51345277,-8.017966,0.16661444,1.0,0.9989586,0.15429688,0.005511605,-11.591224,-11.598372,-4.2781897,73.74924,0.4396324,1.1562857e-06,0.9988899,0.14941406,0.0055913404,-11.132695,-11.139394,-4.2802563,60.08068,0.34048623,1.3536042e-07,0.03147345848083496,35016.62729382515,720000
58.653816,-0.3635081,-7.990284,0.159694,1.0,0.99910164,0.2607422,0.004593071,-12.241548,-12.250006,-3.5877042,676.5145,1.678533,1.80095e-07,1.6492194,-1.2505858,29.713684,0.99908924,0.2421875,0.0046624024,-11.835167,-11.843142,-3.67727,333.1004,1.1352153,7.716298e-06,58.421036,-0.5200536,-8.040386,0.17221954,1.0,0.99887276,0.13964844,0.0057521993,-11.768347,-11.775533,-4.4167633,36.41043,0.3248035,1.517841e-09,0.9988289,0.119140625,0.005865911,-11.414767,-11.42157,-4.456582,34.423656,0.43081528,1.7692899e-10,0.03350239486694336,35184.13926959038,725000
58.231907,-0.29720116,-7.996057,0.1611372,1.0,0.99910927,0.28125,0.0044283615,-12.412262,-12.421071,-3.3999848,109.39309,0.99267435,1.0599261e-05,2.891436,-1.0235304,24.772112,0.99909306,0.27246094,0.0044877054,-11.960712,-11.969013,-3.4688344,60.41073,0.8601529,7.348079e-06,65.495544,-0.4926854,-8.043318,0.17295253,1.0,0.9987831,0.13574219,0.0057940134,-11.95459,-11.962191,-4.1785975,55.484978,0.5629277,2.6044975e-10,0.9986849,0.11425781,0.005946193,-11.585715,-11.592855,-4.2823005,38.552616,0.52311397,7.364846e-10,0.03792451057434082,35373.761825084686,730000
59.80105,-0.3287992,-7.9899187,0.15960263,1.0,0.9991026,0.27929688,0.004471849,-12.315273,-12.323936,-3.4532502,35.179832,0.48170248,5.442388e-07,1.6437118,-1.4461164,31.098232,0.99909115,0.25097656,0.0045511187,-11.732151,-11.740175,-3.5241065,89.57704,0.54884875,2.854648e-07,70.58771,-0.52191365,-8.035564,0.17101401,1.0,0.9988785,0.16210938,0.0056320084,-11.884824,-11.892286,-4.2506843,114.74607,0.53239787,1.0761627e-09,0.9989157,0.14355469,0.005577906,-11.391659,-11.398598,-4.2914443,33.103294,0.30328417,9.172786e-09,0.03797405247688294,35563.632091999054,735000
51.678467,-0.39018703,-8.00806,0.16413799,1.0,0.9990921,0.26757812,0.004619032,-12.298107,-12.306572,-3.638692,67.0887,0.5335984,1.4799617e-06,1.7700948,-1.1343976,26.216377,0.999074,0.23339844,0.004688015,-11.796341,-11.804251,-3.7046063,75.826,0.51974416,8.239337e-06,78.662766,-0.41361845,-8.059566,0.17701426,1.0,0.9988346,0.14550781,0.00569777,-11.765358,-11.77279,-4.161301,566.7083,1.1041821,6.6476148e-12,0.99888134,0.13964844,0.0056177173,-11.335184,-11.3421135,-4.24601,158.75911,0.70932496,5.6013143e-08,0.03795809383392334,35753.42256617546,740000
58.715504,-0.33250004,-7.978301,0.1566982,1.0,0.99910736,0.29003906,0.0043776017,-12.592819,-12.6018715,-3.3315372,167.43512,0.8102833,3.6475328e-06,3.0081701,-1.8032792,33.06952,0.9990969,0.26367188,0.004433822,-12.088544,-12.097075,-3.3607953,257.54346,0.9767129,1.4750449e-05,76.91934,-0.39853197,-8.055684,0.17604405,1.0,0.99885654,0.14160156,0.0056084716,-11.781637,-11.789026,-4.2239227,70.03591,0.4725396,1.27122e-11,0.99884415,0.13378906,0.005578961,-11.348108,-11.355074,-4.2219477,118.85696,0.48809385,2.8641132e-09,0.03793917517662048,35943.11844396591,745000
44.979904,-0.37115622,-8.00934,0.16445825,1.0,0.999094,0.2861328,0.004402158,-12.474438,-12.483335,-3.3728871,195.09557,0.79272234,7.493117e-07,1.3357058,-1.5390102,22.19786,0.9990883,0.26171875,0.0044802185,-11.936076,-11.944386,-3.4351735,198.98798,1.0949166,1.2072514e-05,69.53585,-0.3929555,-8.030327,0.1697048,1.0,0.9988775,0.15527344,0.0056935456,-11.659046,-11.666143,-4.3993735,838.944,0.97017574,4.18086e-08,0.9989519,0.1328125,0.005643684,-11.224985,-11.231542,-4.51735,135.14577,0.43757352,5.5347687e-08,0.03792908635139465,36132.763877630234,750000
47.94529,-0.390823,-7.993471,0.16049078,1.0,0.9990835,0.27148438,0.004541704,-12.291835,-12.300447,-3.482146,67.81255,0.5793614,3.6269265e-07,1.1603867,-4.2960377,27.515827,0.9990864,0.25,0.004585632,-11.870851,-11.879009,-3.5252976,50.88042,0.60204875,6.6480156e-06,67.8878,-0.4088087,-8.021316,0.16745193,1.0,0.99888706,0.13964844,0.0056491597,-11.610266,-11.617487,-4.2221103,67.055115,0.61089987,1.4670747e-11,0.9989557,0.13867188,0.005579085,-11.265467,-11.272203,-4.3737335,21.163548,0.28568307,8.28785e-10,0.03786080193519592,36322.06788921356,755000
51.69185,-0.32847834,-8.004349,0.16321018,1.0,0.9990969,0.28710938,0.0044513885,-12.377812,-12.386587,-3.4013138,43.30083,0.62075233,1.5296115e-07,1.1152627,-1.7660757,24.428352,0.9990902,0.28320312,0.0045121834,-11.953058,-11.961347,-3.4748967,24.199541,0.54593414,3.3593994e-06,63.633484,-0.45842928,-8.030851,0.16983567,1.0,0.99886036,0.15332031,0.00578992,-11.78765,-11.7949505,-4.3190956,751.26,1.0952593,4.7281146e-10,0.9988899,0.13867188,0.005742657,-11.39826,-11.40511,-4.390931,100.64543,0.58540595,1.3565015e-07,0.029554664754867555,36469.84121417999,760000
50.549385,-0.37050447,-7.992103,0.16014878,1.0,0.9990969,0.2734375,0.004385223,-12.612747,-12.621802,-3.3496091,73.66348,0.66444755,2.5477155e-07,1.1187023,-1.4996451,26.005554,0.9990797,0.24414062,0.0044283457,-12.16622,-12.174796,-3.390852,74.11492,0.6003537,2.1789076e-06,66.9778,-0.42796922,-8.03705,0.17138557,1.0,0.99881935,0.15332031,0.0058231326,-11.828242,-11.835575,-4.3276033,132.85905,0.5582403,6.781107e-12,0.9989128,0.13574219,0.0056570033,-11.414808,-11.4216795,-4.3862505,92.33824,0.36871943,5.692051e-08,0.02305811114311218,36585.131772994995,765000
51.578407,-0.3864159,-7.9729233,0.1553537,1.0,0.99908066,0.25683594,0.0044581434,-12.540688,-12.549605,-3.4197803,35.587418,0.5130452,7.065527e-06,1.2467688,-1.5737667,26.053535,0.9990759,0.2421875,0.004520236,-12.047667,-12.056037,-3.4839506,157.79141,0.77040005,2.6436112e-06,59.20189,-0.40883625,-8.040814,0.17232656,1.0,0.9988985,0.1484375,0.005656193,-11.74988,-11.757173,-4.288043,65.28339,0.44702822,1.9122641e-09,0.99889755,0.13574219,0.0056120753,-11.286661,-11.2934475,-4.342885,38.508553,0.3127852,4.3910635e-09,0.023097188043594362,36700.61771893501,770000
43.75555,-0.36694586,-7.9862013,0.1586732,1.0,0.9990902,0.2578125,0.0045119654,-12.2523365,-12.260878,-3.5151398,40.467266,0.48924387,6.0163925e-06,1.0554024,-1.5998031,20.782427,0.99907684,0.2578125,0.0045457194,-11.816222,-11.824295,-3.5582838,138.20613,0.54894024,3.340036e-05,59.01585,-0.43674967,-8.021788,0.16756998,1.0,0.99878407,0.140625,0.0058227684,-11.780066,-11.78737,-4.308137,103.56878,0.48332605,1.4848772e-08,0.9987869,0.12695312,0.005811545,-11.421315,-11.428175,-4.40254,45.766815,0.39432865,2.8572558e-08,0.023105711603164672,36816.146281957626,775000
52.69502,-0.33453888,-8.007533,0.16400613,1.0,0.9990988,0.24804688,0.0045125065,-12.477039,-12.485848,-3.4660192,185.28271,0.7351037,2.5874934e-07,1.8231614,-1.4275098,25.405811,0.9990921,0.22460938,0.004574974,-11.992741,-12.000992,-3.552062,79.66289,0.6281024,2.7124988e-06,66.31101,-0.42146742,-8.024837,0.16833216,1.0,0.9989433,0.14746094,0.0055084447,-11.675465,-11.682739,-4.233676,119.08592,0.48999447,2.5465836e-09,0.9989767,0.14355469,0.005509359,-11.2066,-11.213317,-4.335615,60.570843,0.38899538,1.6344169e-06,0.02311207752227783,36931.70667552948,780000
57.982433,-0.35781866,-7.947488,0.14899497,1.0,0.9990835,0.25585938,0.004556179,-12.260531,-12.269079,-3.5168185,255.69014,0.8185624,8.49069e-06,1.3355736,-1.3472556,24.417976,0.99906635,0.23632812,0.004615589,-11.838668,-11.846757,-3.5638533,61.959682,0.6649635,1.3497572e-06,77.48645,-0.44502318,-8.060957,0.17736226,1.0,0.9988079,0.14160156,0.005754171,-11.894592,-11.902009,-4.308268,67.155205,0.41649216,1.0243727e-11,0.998929,0.12890625,0.0056038825,-11.542578,-11.549558,-4.402905,78.8028,0.33185822,1.7987357e-07,0.016959258937835692,37016.50297498703,785000
48.342308,-0.3510412,-7.9642363,0.15318215,1.0,0.9991112,0.2783203,0.00449582,-12.606311,-12.6152525,-3.4592965,491.1613,1.1410369,1.1300213e-05,0.9532052,-0.9595631,19.94542,0.99908924,0.24804688,0.004546738,-12.165302,-12.1737385,-3.5357695,145.22162,0.77531385,3.5273183e-06,60.447662,-0.46969652,-8.043133,0.17290601,1.0,0.9988966,0.14648438,0.005618456,-11.747499,-11.754745,-4.3366256,118.3096,0.34805647,1.0289481e-09,0.9989176,0.12988281,0.005615018,-11.243629,-11.250333,-4.386297,49.938457,0.32992387,6.3924254e-08,0.01649743685722351,37098.99016046524,790000
48.017715,-0.320814,-7.988571,0.15926582,1.0,0.9991045,0.29003906,0.00449482,-12.408225,-12.416972,-3.4609559,88.99928,0.6516241,1.719527e-08,1.6736171,-1.5124319,25.190676,0.99908257,0.26464844,0.004551918,-11.982855,-11.991129,-3.5190208,341.55917,0.96435106,8.928666e-06,71.18762,-0.4735508,-8.026094,0.16864645,1.0,0.9988718,0.13769531,0.005742425,-11.906541,-11.913911,-4.3675385,93.68624,0.41577214,4.114314e-12,0.99890804,0.12695312,0.005703461,-11.458129,-11.465052,-4.375716,52.73395,0.3647802,4.47395e-08,0.016491769027709963,37181.449009656906,795000
66.1783,-0.28080338,-7.9782214,0.15667838,1.0,0.9990883,0.27148438,0.004480766,-12.2736225,-12.282275,-3.4227595,120.99996,0.736475,1.216865e-07,1.5578458,-4.118728,32.772972,0.99908733,0.23828125,0.0045822286,-11.754785,-11.762811,-3.5436776,51.70198,0.5664089,2.6889088e-08,78.58499,-0.4213733,-8.048386,0.17421958,1.0,0.9987745,0.13964844,0.0059517035,-11.9345455,-11.941994,-4.315322,1177.2975,1.6431401,2.0207698e-10,0.9988718,0.12890625,0.0058700154,-11.553076,-11.559987,-4.4816413,44.32851,0.4400418,1.885824e-08,0.016490411233901978,37263.901067495346,800000
51.1846,-0.40641326,-8.009003,0.16437359,1.0,0.99907494,0.2685547,0.004507525,-12.469014,-12.477821,-3.4591658,212.57643,0.6458859,3.515559e-07,1.2648941,-2.2382338,25.370733,0.999074,0.25878906,0.004583639,-11.920181,-11.928348,-3.5665827,54.298733,0.5206146,1.11543095e-05,70.51128,-0.44922537,-8.061726,0.17755444,1.0,0.99875927,0.16308594,0.005834178,-12.063234,-12.070876,-4.2462597,65.07627,0.5823551,1.1400496e-10,0.99879074,0.13964844,0.0057364632,-11.54558,-11.55263,-4.333333,47.446415,0.47928524,7.174325e-11,0.2555064181804657,38541.43316030502,805000
48.833214,-0.32929724,-7.9665146,0.15375166,1.0,0.9990721,0.25878906,0.0045627123,-12.502344,-12.511126,-3.5187535,579.5761,1.1154362,9.157889e-06,1.60891,-1.1543181,24.450665,0.9990692,0.22753906,0.0046333172,-12.03756,-12.0458145,-3.5931911,83.64581,0.6203884,1.439222e-05,70.444244,-0.47280777,-8.014642,0.16578338,1.0,0.99886036,0.13671875,0.0058081755,-11.7840605,-11.791278,-4.401371,27.91184,0.32423007,3.0066397e-10,0.9987898,0.12597656,0.005957193,-11.311806,-11.318485,-4.4785714,39.415432,0.3743527,1.45059e-09,0.03144628534317016,38698.664592027664,810000
44.317364,-0.38659236,-7.9891605,0.15941307,1.0,0.9990845,0.2783203,0.0045111584,-12.584375,-12.593294,-3.461584,53.006733,0.6757108,4.7339515e-07,0.97143584,-0.9413975,20.533463,0.9990864,0.2548828,0.0045040133,-12.170881,-12.179416,-3.4409025,147.0693,0.8327522,4.119802e-07,68.812454,-0.45489702,-8.065967,0.1786147,1.0,0.99891376,0.15429688,0.0054835426,-11.7794485,-11.786871,-4.185559,86.51639,0.6020912,2.0000424e-08,0.9988613,0.12890625,0.005514615,-11.33137,-11.338316,-4.2258253,730.1906,1.1393518,3.6603247e-08,0.03150691537857055,38856.19917058945,815000
53.21434,-0.31538168,-7.9742947,0.15569657,1.0,0.99910355,0.2890625,0.004392389,-12.613779,-12.622906,-3.2769766,164.4196,0.9984149,2.4882266e-10,1.1102934,-0.95491576,23.655746,0.99908733,0.26171875,0.004468304,-12.152536,-12.161114,-3.3771286,137.95337,0.7879139,6.663249e-06,70.71753,-0.46908572,-8.056214,0.17617652,1.0,0.99882317,0.15234375,0.00572619,-11.879911,-11.88737,-4.250189,184.00397,0.69277394,2.6912872e-10,0.9988289,0.1484375,0.0057448153,-11.441448,-11.448403,-4.32522,448.13452,0.82619584,3.973137e-09,0.03147554602622986,39013.57690238953,820000
49.56246,-0.3362927,-7.976836,0.15633205,1.0,0.9990759,0.2919922,0.004439241,-12.399434,-12.408172,-3.4610467,45.573654,0.49014497,3.8254e-08,1.0079486,-0.8687917,19.19976,0.99908066,0.25878906,0.004505423,-11.853388,-11.861516,-3.5380006,34.671997,0.5474209,4.567955e-06,67.018936,-0.4472115,-8.052656,0.1752871,1.0,0.9988594,0.14453125,0.005788234,-11.933837,-11.941134,-4.4688783,90.31875,0.47888342,2.8392386e-10,0.9989271,0.14160156,0.0057046646,-11.402262,-11.408978,-4.5308805,116.03103,0.44960245,5.226862e-10,0.031480763578414915,39170.98072195053,825000
52.93346,-0.33042353,-8.011032,0.16488104,1.0,0.9990902,0.2783203,0.004428688,-12.551408,-12.560357,-3.3965406,87.00191,0.67993057,3.8976162e-07,6.4660645,-2.0131724,39.55012,0.9990921,0.28222656,0.0044545587,-12.0581,-12.06651,-3.4539623,526.6106,1.0376194,9.185699e-07,72.34755,-0.39183688,-8.058098,0.17664742,1.0,0.99888897,0.12988281,0.0058726426,-11.661205,-11.66819,-4.5154037,529.99554,0.77886224,2.8074665e-10,0.9989443,0.12109375,0.0058048987,-11.115335,-11.121682,-4.622567,168.2561,0.38749376,3.875377e-11,0.03153636503219605,39328.662551403046,830000
57.632347,-0.28447273,-7.96644,0.15373294,1.0,0.9991026,0.28710938,0.0043927855,-12.629156,-12.638205,-3.371779,404.46854,0.9220308,1.6748842e-06,1.5008571,-1.1288272,20.98712,0.9990835,0.27148438,0.004466368,-12.126867,-12.1353445,-3.4559612,80.304344,0.721467,4.496428e-06,62.6932,-0.47964716,-8.005646,0.1635345,1.0,0.9988556,0.1328125,0.0057978174,-12.113853,-12.121498,-4.2927732,158.86961,0.5454902,2.1314941e-10,0.9988184,0.107421875,0.005681563,-11.630211,-11.637403,-4.2734175,140.94214,0.59571284,5.1581495e-10,0.037042080879211424,39513.87295770645,835000
41.115444,-0.38944802,-7.9659023,0.15359864,1.0,0.9991007,0.26367188,0.004557953,-12.554763,-12.563542,-3.5731292,123.96754,0.7046125,5.089516e-06,1.1466229,-1.2820418,23.26374,0.9990988,0.24511719,0.0046342737,-12.01125,-12.019417,-3.656067,176.68237,0.79806244,5.0973824e-07,70.66579,-0.39129063,-8.040649,0.17228545,1.0,0.99882984,0.14453125,0.005713259,-11.831951,-11.839325,-4.2876577,35.10235,0.36904314,3.8580805e-12,0.9989042,0.13378906,0.0056833886,-11.426205,-11.433065,-4.407217,26.68625,0.27380854,1.1791413e-09,0.03238775215148926,39675.81171989441,840000
43.17724,-0.3997621,-7.977496,0.15649703,1.0,0.9991045,0.27246094,0.004444166,-12.498724,-12.5076275,-3.3905356,122.55401,0.8587973,1.3660233e-06,1.2530825,-0.84927976,20.567095,0.99908733,0.23925781,0.004489066,-12.010986,-12.019371,-3.4345157,48.198196,0.6483658,3.5456624e-06,81.14115,-0.3674556,-8.06371,0.17805055,1.0,0.99879646,0.1484375,0.005730398,-11.803476,-11.810789,-4.3233986,100.23794,0.41767985,3.2956105e-10,0.9989643,0.1484375,0.005616392,-11.353209,-11.359952,-4.4538193,44.709694,0.3058061,4.4013376e-08,0.029693730926513673,39824.280378103256,845000
50.53529,-0.35000533,-7.9642115,0.15317571,1.0,0.9990988,0.26757812,0.0044992776,-12.570899,-12.57977,-3.4958963,54.77244,0.52884614,2.6319475e-07,1.1850886,-1.2913934,25.046162,0.9990902,0.24902344,0.0045156246,-12.078682,-12.0870905,-3.4758093,739.2267,1.2519515,5.4309166e-06,66.88862,-0.37919354,-8.025488,0.16849482,1.0,0.9988594,0.14355469,0.0057221344,-11.845368,-11.852798,-4.244425,164.00648,0.7012096,1.635353e-09,0.9988718,0.125,0.0057080216,-11.438769,-11.445692,-4.3565693,142.89233,0.62561077,1.0002549e-09,0.029694795751571655,39972.754358530045,850000
52.085533,-0.28775376,-7.9794226,0.15697853,1.0,0.99909496,0.26660156,0.004533005,-12.540202,-12.549033,-3.5057943,43.178562,0.5239929,1.1409976e-07,1.597361,-2.5249166,28.55087,0.99909306,0.26464844,0.004537418,-11.998049,-12.006343,-3.5124087,46.60395,0.603073,1.4771931e-05,65.86807,-0.45252597,-8.028616,0.16927676,1.0,0.99895,0.14355469,0.005642631,-11.864883,-11.87218,-4.401136,30.01235,0.33630452,5.538047e-10,0.99880695,0.125,0.0057612453,-11.410159,-11.416922,-4.4925413,39.32231,0.24165423,3.6384474e-08,0.02975382809638977,40121.52350473404,855000
51.814537,-0.3404124,-7.957988,0.15162005,1.0,0.99911404,0.2763672,0.0044748653,-12.63236,-12.641353,-3.4338632,300.59113,0.757359,6.563765e-07,1.6620524,-2.039289,25.534885,0.99909496,0.25976562,0.004494098,-12.112684,-12.121156,-3.4460955,251.73203,0.9492829,1.5422554e-05,81.68001,-0.36309093,-8.018231,0.1666809,1.0,0.99871635,0.140625,0.005925816,-12.027735,-12.0354185,-4.167899,125.43996,0.7463145,2.2268878e-09,0.9988241,0.13085938,0.005734309,-11.563484,-11.570566,-4.3172646,61.22729,0.39935076,1.3564905e-08,0.02970865616798401,40270.066788196564,860000
53.926758,-0.31475818,-7.975784,0.15606892,1.0,0.9990969,0.28125,0.004500649,-12.346256,-12.35492,-3.4811358,24.574165,0.5037416,5.356109e-06,1.448913,-2.0109034,24.827015,0.9990854,0.25683594,0.00457229,-11.857237,-11.865335,-3.5719779,86.22061,0.60914713,1.8014216e-06,67.39742,-0.43644506,-8.030058,0.16963735,1.0,0.9987993,0.140625,0.005731736,-11.846821,-11.854236,-4.261601,34.732475,0.4196539,5.1808427e-12,0.9987612,0.13671875,0.005781934,-11.421283,-11.428177,-4.3676305,187.1422,0.41798544,5.2263893e-08,0.0296410270690918,40418.27193427086,865000
54.791267,-0.41422033,-7.987316,0.1589521,1.0,0.99910355,0.2685547,0.004537834,-12.207474,-12.215998,-3.4880025,96.3263,0.68045473,9.830393e-07,2.1378021,-1.6688088,32.076508,0.99908257,0.24609375,0.0046486277,-11.703821,-11.711751,-3.5926218,66.97187,0.72297555,3.0311912e-05,66.92399,-0.5067238,-8.031897,0.17009708,1.0,0.9988165,0.14355469,0.0058116135,-11.866321,-11.87367,-4.3490953,97.980484,0.565784,7.194194e-11,0.9989052,0.14257812,0.0056361957,-11.487917,-11.494899,-4.3466063,111.19938,0.5471643,1.6326206e-08,0.02769215121269226,40556.73269200325,870000
49.731453,-0.31180775,-7.982328,0.1577049,1.0,0.9990959,0.29003906,0.004432196,-12.586083,-12.5951185,-3.3434763,58.92766,0.66701055,1.9303232e-05,0.8880129,-1.1975577,20.802612,0.9990778,0.27148438,0.004513613,-12.0979805,-12.106441,-3.443038,256.07132,0.89376867,2.095298e-05,70.44337,-0.5014932,-8.060841,0.17733309,1.0,0.99888706,0.15332031,0.005616473,-11.902941,-11.910443,-4.22785,229.74232,0.66328657,1.2247532e-12,0.9988861,0.15039062,0.0056001516,-11.425177,-11.432152,-4.289876,48.71723,0.3748654,5.171994e-09,0.023066593742370606,40672.065665483475,875000
48.357166,-0.3444593,-7.987268,0.15893997,1.0,0.9990978,0.28125,0.004466816,-12.381048,-12.389802,-3.4255195,94.77594,0.6353749,1.577112e-05,1.8007576,-1.991497,28.183088,0.9990835,0.25878906,0.00458353,-11.963937,-11.972146,-3.5652437,29.831135,0.5492207,1.0311029e-06,65.73892,-0.4910447,-8.0497,0.17454772,1.0,0.99876976,0.1484375,0.005898295,-11.945433,-11.9529505,-4.2548018,111.24869,0.67256,5.5575624e-09,0.99877644,0.12890625,0.005846807,-11.548267,-11.555274,-4.3805118,43.01074,0.39089972,1.3768899e-09,0.022223234415054322,40783.18183970451,880000
47.77014,-0.36560357,-7.9750733,0.1558913,1.0,0.9990835,0.2734375,0.0045422195,-12.545206,-12.554038,-3.5094168,144.23999,0.8241117,2.7456485e-06,4.5118494,-3.474683,28.490252,0.99907875,0.2548828,0.004604387,-12.036458,-12.044723,-3.5810366,61.398994,0.62238514,4.6996636e-08,71.25756,-0.47045028,-8.039048,0.17188497,1.0,0.9986191,0.16699219,0.0059390166,-12.170336,-12.178125,-4.200482,185.22087,0.6908639,6.81922e-10,0.9988003,0.13671875,0.0058326363,-11.707142,-11.714394,-4.2891235,47.578037,0.50967336,7.764957e-09,0.016535622596740723,40865.859959840775,885000
50.65591,-0.35017434,-7.9783587,0.15671268,1.0,0.99908924,0.26367188,0.0044849077,-12.583151,-12.59208,-3.4476397,339.21964,0.7327522,4.2173878e-07,1.0740495,-1.5244387,24.440247,0.9990864,0.25097656,0.004545221,-12.12382,-12.132266,-3.4833412,176.05986,0.6463402,3.032893e-06,71.93656,-0.50622016,-8.054779,0.17581785,1.0,0.9989519,0.13476562,0.0055898777,-11.678926,-11.686045,-4.3971305,133.76996,0.59019303,1.9106262e-10,0.99892235,0.13085938,0.005693781,-11.264755,-11.271402,-4.4658766,45.73354,0.35581592,8.07723e-10,0.01655619215965271,40948.64092183113,890000
52.165657,-0.38633195,-7.9739656,0.15561426,1.0,0.9990988,0.28320312,0.0044651534,-12.557805,-12.5667095,-3.4486232,81.61051,0.53937256,1.2626706e-05,1.5447571,-0.9177655,21.271202,0.9990959,0.2578125,0.004538581,-11.994261,-12.002528,-3.5372865,50.984814,0.54707307,4.580405e-06,57.323215,-0.5163403,-8.032205,0.17017415,1.0,0.9988661,0.14746094,0.0057605198,-11.914035,-11.921417,-4.3633537,228.78969,0.59352404,6.885188e-12,0.99884415,0.12695312,0.0058115115,-11.445228,-11.452088,-4.426834,54.26088,0.43017378,1.2124856e-08,0.0165409996509552,41031.345921278,895000
54.249794,-0.30635068,-7.958828,0.15182978,1.0,0.99908066,0.25195312,0.0046721096,-12.250596,-12.258992,-3.6618204,46.737385,0.43681088,7.0527125e-07,1.8014556,-1.2129056,24.623375,0.9990835,0.22167969,0.0047505936,-11.77455,-11.782386,-3.7583873,58.649216,0.46691316,3.9279594e-06,76.648895,-0.3730285,-8.011227,0.16492961,1.0,0.9988899,0.16503906,0.0056092665,-11.819147,-11.82649,-4.307207,81.114265,0.45371124,2.0267568e-10,0.99893093,0.13769531,0.005684685,-11.411819,-11.418652,-4.422762,79.776665,0.5857435,4.0880375e-09,0.016497186374664307,41113.83185529709,900000
53.745125,-0.365753,-7.98588,0.15859295,1.0,0.9991045,0.265625,0.0045859283,-12.255293,-12.263797,-3.5557132,493.62778,0.84679127,1.5656367e-06,1.3525726,-3.345516,29.68925,0.9991045,0.25,0.004649774,-11.744713,-11.752667,-3.6073005,108.97653,0.771449,5.9688323e-06,66.37068,-0.4586774,-8.026035,0.1686318,1.0,0.9989157,0.16113281,0.0055933734,-11.836122,-11.8434925,-4.2958593,324.04916,0.57124776,3.1842615e-11,0.9988947,0.14550781,0.005653486,-11.327549,-11.334427,-4.289821,118.19001,0.6096648,1.6829395e-08,0.16979738121032714,41962.818763017654,905000
52.14605,-0.3592993,-7.992825,0.16032934,1.0,0.9990921,0.2890625,0.0044197263,-12.376559,-12.385339,-3.39499,60.437325,0.71061385,3.6069223e-06,1.091531,-1.4750268,23.901789,0.99907875,0.24414062,0.004525115,-11.977182,-11.985467,-3.5017095,258.9964,0.785151,7.3234887e-06,69.07593,-0.47426358,-8.044611,0.17327547,1.0,0.9987755,0.16113281,0.005776679,-11.930854,-11.938364,-4.248621,59.858234,0.4812996,2.3557067e-10,0.9988899,0.13769531,0.0056710793,-11.599115,-11.606207,-4.343173,92.37747,0.40009958,1.1907362e-08,0.02250777282714844,42075.357632637024,910000
48.227386,-0.34528488,-8.001291,0.16244587,1.0,0.9990988,0.2841797,0.004427264,-12.676898,-12.685945,-3.4213114,92.68152,0.6609841,5.8157034e-06,1.6927133,-2.1194017,26.346735,0.999094,0.26367188,0.004445713,-12.156742,-12.165259,-3.4441319,31.45141,0.5478875,3.846514e-05,70.76552,-0.48229712,-8.04414,0.17315802,1.0,0.9989033,0.15234375,0.0055165035,-11.815542,-11.823014,-4.172684,400.5438,0.6006542,2.8600148e-08,0.9988718,0.12890625,0.005557849,-11.368965,-11.37597,-4.202636,49.72631,0.3252302,7.8197324e-11,0.022496216249465944,42187.838715553284,915000
66.07509,-0.2829661,-7.990806,0.15982449,1.0,0.9991112,0.28320312,0.0045564007,-12.454864,-12.463606,-3.5118594,46.729855,0.6979918,6.742352e-08,2.160192,-1.6458131,30.305729,0.99909306,0.25585938,0.0046371045,-11.99658,-12.004783,-3.6051192,193.64148,0.8610152,9.3752357e-07,60.00053,-0.51333374,-8.032364,0.17021385,1.0,0.998682,0.12988281,0.005908063,-12.111909,-12.119603,-4.2404547,121.35294,0.6003475,8.01428e-14,0.99871445,0.109375,0.0059383297,-11.85532,-11.86274,-4.2641845,66.23324,0.5488455,1.728414e-09,0.022512386751174927,42300.40065050125,920000
52.816395,-0.34128654,-7.967451,0.1539857,1.0,0.9990969,0.28125,0.004485461,-12.596027,-12.604996,-3.421403,127.780655,0.7138159,8.905535e-06,1.1948832,-1.4791268,25.425943,0.99909973,0.2578125,0.0045241453,-12.108707,-12.117142,-3.4811223,232.54402,0.8380692,1.1259556e-06,60.818523,-0.48846108,-8.038324,0.17170392,1.0,0.998785,0.14453125,0.0058137244,-11.81203,-11.819433,-4.238317,168.58153,0.67091286,4.0426016e-08,0.9988117,0.13183594,0.005789371,-11.45864,-11.465571,-4.3683577,32.20905,0.43723106,2.9957494e-08,0.022484380722045897,42412.82255578041,925000
61.679195,-0.25970256,-7.982076,0.15764196,1.0,0.99910736,0.29785156,0.0043699946,-12.707064,-12.7162075,-3.3518307,84.17758,0.748778,7.502188e-06,2.1754622,-1.2673966,29.796452,0.9991083,0.28222656,0.0044442774,-12.249105,-12.257675,-3.4817038,54.442932,0.67692316,2.199793e-06,68.05537,-0.5763554,-8.042875,0.1728419,1.0,0.9989395,0.1328125,0.00567435,-11.889891,-11.897166,-4.448341,330.85196,0.5771671,1.4022514e-12,0.9988508,0.13183594,0.0057639303,-11.415971,-11.422755,-4.4759064,187.19272,0.54751897,3.1093936e-08,0.022466177892684937,42525.153448820114,930000
45.49513,-0.40149772,-7.9964437,0.1612339,1.0,0.9991064,0.27539062,0.0044970685,-12.627071,-12.635989,-3.504283,40.403744,0.54750776,3.5321689e-06,1.5163267,-1.6913956,24.440758,0.99909973,0.2548828,0.004552747,-12.169056,-12.1774845,-3.5473475,55.08302,0.56953454,2.3338443e-06,75.57641,-0.43830696,-8.039716,0.17205197,1.0,0.9988413,0.15234375,0.0057329414,-12.054067,-12.061675,-4.2703056,373.37122,0.771663,8.740938e-09,0.9988222,0.1328125,0.0057077967,-11.621813,-11.628918,-4.3548374,56.894882,0.39100292,5.674003e-08,0.022480836963653564,42637.55763530731,935000
45.253994,-0.36293808,-7.9622965,0.15269724,1.0,0.99910927,0.296875,0.0043709767,-12.721859,-12.731078,-3.2913857,252.13338,0.98929286,2.5832745e-09,1.05966,-1.4324112,21.61121,0.9991102,0.27734375,0.0043967552,-12.218822,-12.227523,-3.3173852,132.3059,0.90304494,2.5235897e-07,70.43937,-0.47789538,-8.014984,0.16586888,1.0,0.99883556,0.1484375,0.005848624,-11.965811,-11.973273,-4.3332233,716.52167,1.1691525,1.3215066e-11,0.9988518,0.11425781,0.0057280515,-11.471864,-11.478792,-4.3840904,75.67912,0.42840475,5.3293384e-08,0.02716746621131897,42773.39496779442,940000
47.496407,-0.3724263,-7.978195,0.15667185,1.0,0.99909496,0.2939453,0.004380289,-12.666058,-12.675174,-3.3407407,140.891,0.8931159,1.02010866e-07,0.9128049,-1.231475,22.893772,0.9990816,0.25585938,0.0044383164,-12.270378,-12.279034,-3.4159548,38.16157,0.624321,2.2067325e-05,59.96156,-0.48167711,-8.055781,0.17606823,1.0,0.9988489,0.14746094,0.0057471753,-11.962374,-11.969832,-4.3319163,89.217606,0.57251054,1.9814512e-09,0.9988556,0.12109375,0.0057131774,-11.561346,-11.568314,-4.433221,36.11879,0.2970065,2.0182402e-07,0.029107237529754637,42918.9311568737,945000
54.7453,-0.37418702,-7.9478683,0.14909008,1.0,0.999094,0.26464844,0.0044690194,-12.640542,-12.649541,-3.4347177,103.486534,0.62793183,4.3737636e-08,1.1417103,-1.2308431,23.501259,0.9990854,0.27148438,0.004509873,-12.139033,-12.147516,-3.4615974,143.19026,0.75169134,6.126215e-06,59.694252,-0.45725653,-8.041309,0.1724501,1.0,0.9988966,0.16503906,0.0055814413,-11.827204,-11.834569,-4.294138,107.927216,0.5515248,2.6949531e-11,0.99890995,0.14355469,0.005619143,-11.463117,-11.470037,-4.3830295,668.66034,1.0430597,5.1269833e-08,0.02906405038833618,43064.251410245895,950000
53.35831,-0.3227415,-7.9737387,0.15555759,1.0,0.9990845,0.28808594,0.0045199245,-12.604296,-12.613226,-3.4680696,102.27376,0.70344305,5.4820116e-06,1.730957,-1.370004,24.426685,0.9990845,0.2578125,0.0045960704,-12.078396,-12.086752,-3.5304103,67.291725,0.67728853,2.5678997e-08,68.22865,-0.47577134,-8.041752,0.17256068,1.0,0.99888897,0.14453125,0.005731222,-12.0165615,-12.024073,-4.33277,556.0295,0.94332683,1.1044935e-10,0.99883175,0.12890625,0.00584854,-11.507997,-11.514975,-4.3696623,376.4778,1.1717247,4.026248e-09,0.028984305095672607,43209.17293858528,955000
47.93258,-0.331765,-7.970564,0.15476403,1.0,0.9991112,0.30566406,0.004280437,-12.911792,-12.921263,-3.222467,59.87148,0.84970236,9.903808e-07,1.3811371,-1.3673168,24.81496,0.9990988,0.2890625,0.004357679,-12.378622,-12.387492,-3.3059368,45.320816,0.96670413,1.0924715e-06,65.3958,-0.53636456,-8.029218,0.16942748,1.0,0.9988537,0.15234375,0.0057180766,-12.056093,-12.063746,-4.2263546,153.31644,0.65109044,1.1325809e-10,0.99879265,0.13085938,0.0057008136,-11.646275,-11.653524,-4.2288046,93.109505,0.527946,1.1360004e-08,0.029009659147262574,43354.22123885155,960000
51.754105,-0.36858326,-7.9862447,0.15868415,1.0,0.9990959,0.26660156,0.0044736452,-12.372871,-12.381614,-3.428916,62.822193,0.65941036,2.5952681e-07,1.2298851,-1.5544331,22.12952,0.9990959,0.25,0.004503497,-11.870914,-11.879158,-3.4380584,171.02438,0.75373733,7.902367e-06,63.16005,-0.62605727,-8.06625,0.17868525,1.0,0.99884224,0.1484375,0.0058304276,-11.886013,-11.893334,-4.396174,148.75082,0.64043134,5.4945937e-10,0.998847,0.12695312,0.0058674198,-11.4196205,-11.426438,-4.445301,125.610176,0.56585884,1.8927488e-09,0.029099185371398925,43499.71716713905,965000
56.95572,-0.31801078,-7.979867,0.1570897,1.0,0.9991169,0.2763672,0.0044273427,-12.586349,-12.59536,-3.3679829,116.21996,0.8001765,9.672524e-07,2.3105192,-1.4236808,28.801767,0.99909973,0.25878906,0.0044634417,-12.191753,-12.200312,-3.4370122,60.782543,0.70948005,1.3293045e-05,67.71942,-0.48967385,-8.045589,0.1735205,1.0,0.99880314,0.16308594,0.0056991037,-11.970318,-11.977904,-4.2093906,159.47968,0.62204003,1.8023957e-08,0.9988289,0.13378906,0.005680263,-11.573462,-11.580516,-4.3562603,61.981964,0.40651673,1.2467824e-07,0.029118088626861573,43645.30761671066,970000
60.807884,-0.33676052,-7.969987,0.15461966,1.0,0.9990969,0.26464844,0.0045420714,-12.405861,-12.4145355,-3.531081,318.21,0.9101829,9.457002e-06,1.2937604,-2.4250782,29.035284,0.99910355,0.234375,0.0046080593,-11.929853,-11.937984,-3.611743,62.561394,0.5408692,5.795661e-06,65.696304,-0.4321575,-8.071548,0.1800102,1.0,0.9987402,0.13085938,0.0060113226,-12.043722,-12.051377,-4.213152,153.30608,0.77387446,6.9088213e-10,0.9988365,0.12597656,0.0057503656,-11.613281,-11.620391,-4.3403263,34.96318,0.26993147,6.520438e-10,0.025335300445556642,43771.984120607376,975000
52.409843,-0.44893992,-7.9866414,0.15878332,1.0,0.9990959,0.28222656,0.0045092227,-12.506037,-12.514847,-3.4929948,117.26561,0.73332,5.4143325e-06,1.2934617,-1.6386962,26.090496,0.99909115,0.24609375,0.0045739235,-12.027103,-12.0353775,-3.5621378,138.2358,0.7268718,4.2157612e-06,75.40144,-0.45399377,-8.039896,0.17209719,1.0,0.9988861,0.15722656,0.0056512,-11.950801,-11.958255,-4.326025,913.1231,0.8383105,8.5254555e-12,0.998888,0.115234375,0.0057480913,-11.501943,-11.508912,-4.3720236,263.2582,1.2284131,1.0730095e-07,0.02255051689147949,43884.73670768738,980000
53.07199,-0.32753977,-7.992071,0.16014075,1.0,0.9991045,0.28222656,0.0044086636,-12.473848,-12.482817,-3.2977767,1765.7188,1.6687527,5.6113395e-06,2.5461717,-1.1635207,29.261257,0.9990902,0.2548828,0.004493125,-12.030876,-12.039288,-3.425832,90.47629,0.76523626,1.0404042e-05,60.321907,-0.5097246,-8.043317,0.17295225,1.0,0.9989071,0.16015625,0.0056911204,-11.7680855,-11.775348,-4.338858,120.762825,0.6615532,1.4674035e-09,0.99888325,0.14257812,0.005759134,-11.396086,-11.402942,-4.382494,77.081726,0.5858952,1.1101343e-07,0.022463256692886353,43997.0529923439,985000
62.917957,-0.24450673,-7.990728,0.15980501,1.0,0.9991007,0.29492188,0.00443343,-12.693728,-12.702815,-3.3987086,134.45761,0.8071199,2.2094457e-06,3.1233692,-2.4624376,37.124733,0.9990845,0.24804688,0.0045441436,-12.256706,-12.265215,-3.5537002,30.700771,0.50909376,1.2964565e-06,64.77704,-0.4773773,-8.052021,0.17512828,1.0,0.99891853,0.14550781,0.0057370723,-11.938936,-11.946289,-4.416197,141.22968,0.47398564,2.6566013e-10,0.9988537,0.12988281,0.0058336277,-11.535179,-11.542123,-4.431202,50.976246,0.47750443,1.1169861e-07,0.017046626710891723,44082.286127090454,990000
50.126366,-0.35805756,-7.9847765,0.15831713,1.0,0.9991083,0.2841797,0.0044341665,-12.584816,-12.593811,-3.382749,130.21815,0.8478051,1.8565241e-07,0.8363355,-1.0663455,22.414902,0.9991007,0.2626953,0.004518249,-12.036445,-12.044798,-3.4917665,87.94137,0.74390584,8.806249e-06,68.80597,-0.47438774,-8.05423,0.17568041,1.0,0.9987688,0.1796875,0.005796727,-12.140097,-12.147915,-4.141292,44.00209,0.5025309,5.3700322e-11,0.9987345,0.13476562,0.005888063,-11.6067505,-11.613958,-4.2334323,189.88379,0.97226536,1.7858302e-08,0.01579482135772705,44161.26023578644,995000
49.292274,-0.38718882,-7.976557,0.15626219,1.0,0.9990969,0.26660156,0.0044550025,-12.526855,-12.535779,-3.3978682,58.3769,0.5964179,5.4963866e-06,1.0003427,-2.3072672,24.530561,0.9990835,0.25097656,0.0044896333,-12.075184,-12.083609,-3.4581435,204.39085,0.8400798,1.8399294e-05,80.385254,-0.46035644,-8.06175,0.17756039,1.0,0.9986868,0.15820312,0.0059017716,-12.008581,-12.016265,-4.147045,344.34412,0.8869299,2.5068023e-12,0.9987793,0.12695312,0.0058556194,-11.609884,-11.617078,-4.250312,143.81981,0.6660633,5.5558456e-09,0.01579196243286133,44240.22004985809,1000000
