training/actor/actor_loss,training/actor/adv,training/actor/bc_log_prob,training/actor/mse,training/actor/std,training/critic/binary_accuracy,training/critic/categorical_accuracy,training/critic/contrastive_loss,training/critic/logits,training/critic/logits_neg,training/critic/logits_pos,training/critic/v_max,training/critic/v_mean,training/critic/v_min,training/grad/max,training/grad/min,training/grad/norm,training/value/binary_accuracy,training/value/categorical_accuracy,training/value/contrastive_loss,training/value/logits,training/value/logits_neg,training/value/logits_pos,training/value/v_max,training/value/v_mean,training/value/v_min,validation/actor/actor_loss,validation/actor/adv,validation/actor/bc_log_prob,validation/actor/mse,validation/actor/std,validation/critic/binary_accuracy,validation/critic/categorical_accuracy,validation/critic/contrastive_loss,validation/critic/logits,validation/critic/logits_neg,validation/critic/logits_pos,validation/critic/v_max,validation/critic/v_mean,validation/critic/v_min,validation/value/binary_accuracy,validation/value/categorical_accuracy,validation/value/contrastive_loss,validation/value/logits,validation/value/logits_neg,validation/value/logits_pos,validation/value/v_max,validation/value/v_mean,validation/value/v_min,time/epoch_time,time/total_time,step
261.51294,0.46867043,-9.769404,0.6044741,1.0,0.50417805,0.001953125,0.7653256,-0.0032261352,-0.0033477552,0.121190466,18.107746,1.463306,0.06979091,11.743306,-9.25179,222.91995,0.7923441,0.0009765625,0.48187315,-0.6975879,-0.6975237,-0.7632737,8.588565,0.7102692,0.059568513,95.15176,0.12625247,-9.749707,0.5995497,1.0,0.982317,0.0,0.070514515,-5.5169897,-5.516449,-6.069697,10.628349,0.12136264,1.3765527e-05,0.9807825,0.0,0.055118956,-6.163378,-6.162985,-6.5658216,5.085366,0.086288124,1.3351146e-05,0.010190027761459351,50.95014238357544,1
117.177765,0.268557,-9.33469,0.4957954,1.0,0.99902344,0.07910156,0.0047187665,-32.535007,-32.563065,-3.8293767,0.5130517,0.030610742,4.0222126e-08,1.8836036,-1.7675292,36.598537,0.99902344,0.0546875,0.0053193923,-23.222267,-23.240656,-4.4110575,0.055572614,0.014007799,0.00048019455,128.956,0.2710623,-9.321035,0.49238196,1.0,0.99902344,0.09765625,0.0047769914,-31.781208,-31.808502,-3.8594372,0.7963278,0.03144218,4.800999e-09,0.99902344,0.041992188,0.005370163,-22.439743,-22.45732,-4.457924,0.077162296,0.014115986,1.6760066e-07,0.1951463834285736,1026.6820616722107,5000
220.24782,0.44854558,-9.298153,0.48666126,1.0,0.9990282,0.16113281,0.0044314475,-33.282253,-33.311394,-3.470605,10.716077,0.08719738,3.2006342e-06,2.5711923,-2.340612,53.301666,0.99902344,0.068359375,0.005005841,-31.515865,-31.542496,-4.271795,0.16440363,0.016629763,3.7238892e-06,176.13768,0.23629007,-9.324911,0.4933508,1.0,0.9990196,0.140625,0.004522415,-32.831017,-32.859726,-3.458036,10.524195,0.10822801,1.0406204e-09,0.99902344,0.049804688,0.005010886,-30.911762,-30.937958,-4.1125464,0.11350119,0.019794695,1.8186419e-06,0.19863314046859742,2019.8477659225464,10000
339.35327,0.6721498,-9.287926,0.48410448,1.0,0.99905205,0.17871094,0.0043752193,-26.060894,-26.082954,-3.4914687,10.134701,0.13282782,7.9528245e-06,4.296032,-3.095247,75.887985,0.99902344,0.044921875,0.005430327,-16.991177,-17.003345,-4.5427217,0.04630591,0.01185826,0.0008057167,350.66504,0.69379103,-9.2563505,0.4762105,1.0,0.9990177,0.16894531,0.0044025243,-26.506353,-26.52902,-3.3193922,9.261092,0.17227381,3.4893671e-06,0.99902344,0.05078125,0.005439133,-16.690792,-16.702713,-4.496386,0.040353157,0.012239183,0.00016879577,0.10868082990646362,2563.2519187927246,15000
120.1026,0.22399518,-9.294065,0.4856395,1.0,0.99905205,0.19238281,0.0042352276,-21.562038,-21.579939,-3.2515776,14.981044,0.1768387,3.673092e-06,2.436229,-2.2667894,43.267277,0.9990244,0.08300781,0.004691983,-35.971436,-36.00294,-3.740325,1.1321048,0.03319664,1.0490197e-06,123.93511,0.14532652,-9.277802,0.48157364,1.0,0.99902534,0.18652344,0.004326566,-21.066494,-21.083809,-3.3528109,17.015604,0.1805931,2.270803e-05,0.9990244,0.0859375,0.004737278,-36.06257,-36.09414,-3.766595,1.8397577,0.032279402,7.835469e-05,0.005050429296493531,2588.504068136215,20000
118.70471,0.29773527,-9.326439,0.49373263,1.0,0.99904823,0.19042969,0.0043441253,-18.178356,-18.19288,-3.3220115,12.659456,0.17087471,1.6524974e-06,1.3374212,-1.869592,39.831177,0.99902344,0.10644531,0.004615511,-46.124344,-46.165672,-3.8435197,0.73794645,0.034480378,1.4151619e-08,98.35692,0.08628897,-9.29074,0.48480797,1.0,0.9989929,0.18847656,0.0043133507,-18.153648,-18.168259,-3.2057734,24.026388,0.2538336,4.439136e-07,0.9990244,0.115234375,0.0045203646,-44.646713,-44.686947,-3.4877799,1.7385807,0.04555333,7.177991e-08,0.11731595935821533,3175.083867073059,25000
225.95204,0.5915868,-9.321199,0.49242267,1.0,0.99905014,0.18066406,0.00424016,-16.337473,-16.350235,-3.2815554,24.213367,0.24120909,2.3684686e-06,3.2750096,-2.7975569,60.379036,0.99902344,0.07714844,0.004708196,-42.043427,-42.080524,-4.091642,1.6467173,0.024507686,1.2293377e-05,229.31114,0.47381508,-9.265831,0.47858047,1.0,0.99902916,0.19042969,0.0043299953,-16.482742,-16.495686,-3.2432284,47.356728,0.39995334,1.6824204e-07,0.99902344,0.08984375,0.004733533,-42.583454,-42.621136,-4.0357213,0.8888558,0.02465567,5.4106334e-07,0.0051325129508972165,3200.7464349269867,30000
139.67444,0.17846897,-9.30586,0.48858777,1.0,0.99905777,0.21484375,0.004154804,-15.505954,-15.517893,-3.291534,69.32789,0.48148805,1.7992025e-07,2.3050435,-2.949001,48.31755,0.99902344,0.099609375,0.004692669,-36.76144,-36.793674,-3.788278,0.90682393,0.028905582,2.3596283e-06,129.25955,0.12084511,-9.297681,0.48654324,1.0,0.9990244,0.18261719,0.0043968083,-15.355065,-15.366775,-3.3772202,61.58971,0.3326909,2.541895e-06,0.99902344,0.08496094,0.0047532525,-36.48307,-36.51503,-3.79502,0.3740469,0.02768227,3.7443173e-09,0.10514872841835023,3726.4900789260864,35000
100.02425,0.058102902,-9.296486,0.48624456,1.0,0.9990587,0.2109375,0.004150545,-15.137708,-15.149432,-3.1436172,173.51157,0.63079756,0.00011132307,1.9726528,-2.4342308,41.84697,0.9990301,0.12402344,0.004451286,-48.989185,-49.03375,-3.4027896,1.9907773,0.063107625,1.210559e-07,101.48715,0.06856497,-9.309818,0.48957735,1.0,0.9990158,0.19433594,0.0043398133,-15.237479,-15.24922,-3.225628,89.21968,0.53917456,3.6385554e-06,0.99902344,0.11328125,0.004524975,-49.046608,-49.09119,-3.4416308,3.8254752,0.059722733,9.170372e-09,0.005265439891815185,3752.8172800540924,40000
64.48786,-0.119035386,-9.295028,0.4858799,1.0,0.999053,0.20703125,0.004254545,-14.796131,-14.807417,-3.2514005,108.85552,0.4814009,4.5421843e-05,2.1509013,-1.597957,32.530617,0.999033,0.16796875,0.0045193937,-43.08593,-43.12481,-3.3103132,3.134798,0.08835808,6.4885294e-06,89.52206,0.106826894,-9.311897,0.49009708,1.0,0.9990301,0.18359375,0.0043679047,-14.82409,-14.83541,-3.2434702,78.56684,0.59004664,2.0535961e-05,0.9990282,0.15527344,0.0044399747,-43.839592,-43.879032,-3.4954798,2.719625,0.07589075,1.329198e-07,0.11747954926490783,4340.215028047562,45000
74.66583,0.060121525,-9.292963,0.4853638,1.0,0.99905586,0.203125,0.0041958876,-14.90064,-14.912031,-3.2464178,42.83276,0.35489878,1.38584555e-05,1.4363922,-2.5320537,33.08524,0.9990425,0.16796875,0.004338587,-39.78842,-39.823956,-3.4352243,4.3050575,0.10505711,9.541181e-07,85.754684,0.15442875,-9.278309,0.48170018,1.0,0.9990177,0.20214844,0.0042959447,-15.096018,-15.107563,-3.2858481,105.844864,0.5597095,4.666725e-06,0.9989929,0.16894531,0.0044105407,-40.15095,-40.186745,-3.5364275,4.6957264,0.123330556,6.318786e-07,0.00483750786781311,4364.402568817139,50000
68.00935,-0.030359041,-9.282532,0.48275608,1.0,0.99906063,0.24023438,0.004029041,-15.330987,-15.342959,-3.082557,319.5328,0.72482884,4.3295968e-05,2.7982044,-2.3297343,35.912384,0.9990387,0.203125,0.0042396877,-36.37509,-36.407505,-3.2181344,10.726035,0.14988282,4.0058476e-06,62.464737,-0.036648296,-9.274565,0.48076436,1.0,0.9990263,0.203125,0.004243772,-15.217754,-15.229522,-3.1800435,206.82626,0.70455027,5.221649e-07,0.99901295,0.16992188,0.0043613235,-36.412804,-36.445133,-3.3429146,19.122776,0.19485474,5.2393744e-08,0.13696520743370055,5049.2286076545715,55000
48.077152,-0.06633965,-9.291603,0.48502398,1.0,0.99906254,0.21582031,0.0040731607,-15.200445,-15.2122755,-3.0975628,53.49254,0.5301636,8.127027e-05,1.3731405,-1.1677186,25.259773,0.9990492,0.18457031,0.0042432784,-32.22213,-32.250443,-3.255324,8.917324,0.14869976,1.3690157e-05,68.5896,0.030153885,-9.344018,0.49812755,1.0,0.9990225,0.19238281,0.00431407,-15.149071,-15.160755,-3.1962974,51.09776,0.48645324,1.7066972e-06,0.99902916,0.17285156,0.0043942574,-32.754677,-32.783417,-3.3534276,16.266989,0.13090488,2.681243e-11,0.004771272325515747,5073.084972143173,60000
66.60821,0.014705471,-9.272596,0.48027217,1.0,0.99905586,0.22851562,0.004080972,-15.026542,-15.038243,-3.0553143,397.93134,1.0941219,5.6900084e-05,1.0869192,-1.2054833,25.280033,0.99904823,0.19042969,0.0042384076,-29.786968,-29.812878,-3.2811143,25.754015,0.24541162,5.766968e-06,72.26186,-0.032829076,-9.342904,0.49784905,1.0,0.99902344,0.2109375,0.0043048374,-15.030603,-15.04218,-3.1870039,96.53381,0.6622083,1.1348234e-06,0.9990196,0.19140625,0.004342506,-30.049736,-30.075811,-3.3737726,21.79334,0.19139479,2.8398009e-07,0.004784780406951904,5097.008875846863,65000
52.150555,-0.10390044,-9.276099,0.48114777,1.0,0.9990673,0.22167969,0.0041132285,-15.442867,-15.454877,-3.157731,141.02771,0.6342958,3.7208025e-05,0.9503972,-2.174053,24.388462,0.9990616,0.20996094,0.0042886217,-26.991566,-27.01477,-3.2539768,32.494366,0.26118398,4.7007616e-06,58.839195,-0.01644821,-9.327756,0.4940621,1.0,0.9990244,0.21289062,0.0043252604,-15.268235,-15.280043,-3.1891725,411.58273,1.148423,6.6906555e-06,0.9990158,0.17871094,0.0043969178,-27.220325,-27.243628,-3.384971,15.124165,0.24824965,1.964447e-06,0.004843411207199097,5121.22593331337,70000
53.336678,-0.08151679,-9.302776,0.4878171,1.0,0.9990587,0.21777344,0.0041130516,-15.292008,-15.303956,-3.0696898,177.92245,0.78830767,6.6378445e-05,1.64755,-1.6114234,25.979322,0.9990511,0.19238281,0.0042659,-23.75164,-23.771719,-3.2110295,21.507616,0.23270339,3.455958e-06,54.938488,-0.1238689,-9.303095,0.48789674,1.0,0.99902153,0.19238281,0.004335612,-15.310261,-15.322102,-3.1975894,288.56955,1.3039849,9.693686e-06,0.9990225,0.18066406,0.004376072,-24.050798,-24.071133,-3.2463048,9.857136,0.20700455,1.2369776e-08,0.004847557497024536,5145.46372294426,75000
48.73517,-0.07002754,-9.288687,0.48429435,1.0,0.999053,0.23144531,0.004108309,-15.3946905,-15.40664,-3.1702828,91.43583,0.42733377,4.7298836e-06,1.4047512,-1.033236,21.030842,0.9990511,0.203125,0.0043089413,-21.405888,-21.423498,-3.3904552,26.962896,0.22174114,4.855716e-07,48.913406,-0.14630309,-9.2700815,0.47964337,1.0,0.9990387,0.22460938,0.00419812,-15.780783,-15.793164,-3.1138005,169.98087,1.2253056,1.5349864e-05,0.9990225,0.20996094,0.0043067774,-22.08957,-22.108072,-3.1601057,67.99949,0.73756856,4.866606e-07,0.13823910536766051,5836.6592519283295,80000
44.59556,0.015273685,-9.296965,0.48636407,1.0,0.9990568,0.24023438,0.004025005,-15.4951,-15.50732,-2.992107,78.72375,0.38164768,1.7148508e-05,1.8231931,-1.8461827,23.850353,0.9990463,0.21972656,0.0041680187,-19.752785,-19.768906,-3.262709,15.192919,0.16760689,1.7055183e-05,48.89822,-0.045251474,-9.298759,0.4868129,1.0,0.9990196,0.20410156,0.004304758,-15.489313,-15.5013685,-3.1574259,209.2053,0.8911158,2.8155227e-05,0.9990177,0.19824219,0.004308016,-19.905943,-19.922178,-3.2952137,22.398458,0.22877276,1.8663784e-05,0.004882061243057251,5861.069561719894,85000
48.654037,-0.0023659207,-9.325816,0.49357703,1.0,0.9990635,0.23828125,0.004020988,-15.792783,-15.805305,-2.9843576,213.46451,1.1255921,2.9636321e-05,1.3448766,-1.54937,23.18832,0.99905396,0.20117188,0.0041481354,-18.343485,-18.35826,-3.228232,49.551655,0.42258093,3.7521746e-05,49.355392,-0.11105584,-9.27719,0.48142064,1.0,0.99902534,0.19824219,0.0042468663,-15.802818,-15.815206,-3.131173,1102.1595,1.679143,8.005279e-07,0.9990301,0.17285156,0.004240722,-18.618477,-18.633522,-3.2259865,52.0702,0.38287693,4.1273624e-06,0.0047234118938446045,5884.686623096466,90000
35.50203,-0.19741812,-9.319342,0.49195838,1.0,0.99905586,0.20800781,0.0040440303,-15.721764,-15.734146,-3.0543303,80.42076,0.56535673,6.2664835e-06,1.6572406,-1.3006048,21.481058,0.9990568,0.20117188,0.0041781804,-17.248833,-17.262611,-3.1517153,159.63185,0.6532439,1.130514e-05,29.45563,-0.23808032,-9.317363,0.49146366,1.0,0.99902153,0.21582031,0.004204695,-15.645177,-15.657459,-3.080217,293.1306,1.1950994,2.16414e-06,0.9990196,0.19042969,0.004289367,-17.249962,-17.263813,-3.0797439,180.67436,0.8218596,2.9877652e-05,0.004703016948699951,5908.201709747314,95000
42.483257,-0.07084038,-9.291187,0.48491997,1.0,0.99906063,0.24023438,0.0039642984,-15.826818,-15.839388,-2.9696271,253.41754,0.7496082,0.00014725774,2.3325408,-1.3462636,23.940369,0.999053,0.20996094,0.0041483063,-16.77047,-16.783731,-3.2031407,42.14888,0.3202183,6.668252e-08,40.53768,-0.0926981,-9.304432,0.488231,1.0,0.99901676,0.21582031,0.00426728,-15.759205,-15.771616,-3.0627556,2821.0442,4.550968,1.4388246e-06,0.99901485,0.20507812,0.0042860713,-17.057228,-17.070826,-3.1485047,111.46842,0.75715685,2.6713684e-07,0.004758990859985351,5931.996665477753,100000
45.544,-0.04355948,-9.323963,0.4931136,1.0,0.9990568,0.24511719,0.0039390596,-15.805695,-15.818281,-2.9302661,107.48123,0.66123545,3.8239472e-05,1.2550776,-1.1144838,22.26289,0.99904346,0.22070312,0.00414567,-16.28517,-16.29798,-3.183939,31.052742,0.36532402,6.4726582e-06,36.474777,-0.15040852,-9.295862,0.4860884,1.0,0.9990368,0.20117188,0.0042528985,-15.97571,-15.988264,-3.1322083,446.61588,1.5348649,2.669236e-06,0.99902534,0.18847656,0.0043022768,-16.610413,-16.62348,-3.2418323,82.592155,0.62110376,4.1360448e-07,0.1916847936630249,6890.420636177063,105000
38.9594,-0.075421564,-9.310883,0.48984376,1.0,0.99907684,0.2548828,0.003998195,-16.12785,-16.140734,-2.9487736,115.73512,1.1648546,3.0549767e-05,1.2767004,-1.3845019,20.16604,0.99906063,0.22070312,0.004140131,-16.334082,-16.346947,-3.1744838,28.09948,0.42900538,7.7419645e-06,32.521698,-0.16383815,-9.339591,0.49702066,1.0,0.9990387,0.20019531,0.004346639,-15.640282,-15.652381,-3.2636762,362.01218,1.0975586,1.263724e-06,0.99903107,0.16503906,0.0043671653,-15.806708,-15.818866,-3.370987,53.33182,0.3160537,1.7589333e-06,0.004938954448699951,6915.11541056633,110000
45.416683,-0.10905072,-9.286304,0.48369884,1.0,0.99905205,0.24121094,0.0039692908,-15.793133,-15.805728,-2.907734,135.83882,1.1159598,4.673497e-05,1.2341393,-1.2204106,21.537731,0.99905014,0.22753906,0.004142347,-15.666207,-15.678477,-3.1140194,108.51628,0.67436135,2.605637e-05,34.134914,-0.20491454,-9.318028,0.49163002,1.0,0.9990263,0.19238281,0.004228509,-15.758772,-15.7710905,-3.1567745,621.78674,1.0471518,6.827332e-05,0.99902534,0.18457031,0.00427077,-15.555924,-15.568039,-3.1621637,214.22375,0.9732088,0.00013456096,0.004951754760742187,6939.874186515808,115000
31.960499,-0.08739632,-9.317551,0.49151084,1.0,0.9990473,0.22851562,0.0040065357,-15.836745,-15.849321,-2.9720392,214.58926,0.8881503,9.605649e-05,0.9767488,-0.97266334,15.670328,0.9990425,0.20703125,0.0041471384,-15.31478,-15.326648,-3.1741655,33.900616,0.42416787,9.761737e-05,31.210287,-0.18930052,-9.325902,0.49359837,1.0,0.9990263,0.19628906,0.004269259,-16.095142,-16.10781,-3.137221,1177.9202,2.1931841,5.354765e-06,0.99901676,0.19335938,0.0043060197,-15.9309845,-15.943422,-3.2051613,96.95638,0.6987781,3.6196496e-07,0.00505120997428894,6965.130239248276,120000
31.56741,-0.15703371,-9.318907,0.49184945,1.0,0.99906063,0.21484375,0.0040460336,-15.919624,-15.932189,-3.0660448,330.74094,1.2296883,0.00017388823,1.5778657,-1.0403844,20.469341,0.99905205,0.20019531,0.0042210855,-15.446713,-15.458687,-3.1984909,134.18365,0.5919599,1.5317282e-05,28.937223,-0.3010044,-9.26211,0.47765034,1.0,0.99903107,0.20605469,0.0042962884,-15.838404,-15.850697,-3.2617192,169.40799,0.854874,1.2720363e-05,0.99902153,0.20019531,0.00429882,-15.501923,-15.513973,-3.1728778,79.53141,0.73786306,5.3459615e-05,0.005071312999725342,6990.486807346344,125000
30.942774,-0.0708271,-9.320702,0.49229842,1.0,0.99905777,0.21582031,0.0040212143,-15.962179,-15.974849,-2.9997973,217.94516,0.96436757,6.205138e-05,1.0977713,-1.5376887,18.524817,0.999053,0.18457031,0.004155308,-15.5307,-15.542725,-3.2283297,81.34503,0.51981133,4.5476023e-05,42.034203,-0.104495585,-9.293954,0.48561144,1.0,0.99901867,0.18847656,0.0042891908,-15.984086,-15.9966345,-3.1473293,1176.5588,1.9193066,9.475545e-06,0.9990158,0.18261719,0.0042803325,-15.608757,-15.620832,-3.255454,49.33015,0.5547588,4.3419996e-06,0.004854226541519165,7014.75794172287,130000
35.80082,-0.09549681,-9.321608,0.4925248,1.0,0.99905586,0.2265625,0.0040199794,-16.008652,-16.021385,-2.983178,59.33594,0.5857928,0.00012002654,1.5088814,-1.7579203,20.851456,0.99904156,0.19726562,0.0041762106,-15.29305,-15.304874,-3.1965127,89.34055,0.38144398,7.77327e-05,23.464588,-0.24297014,-9.341004,0.497374,1.0,0.999033,0.20898438,0.004201186,-16.199284,-16.212055,-3.1339438,197.57033,1.0133467,1.7838174e-05,0.9990244,0.20605469,0.004280976,-15.702678,-15.714931,-3.1680658,73.540436,0.7468434,1.7546185e-05,0.0048456013202667235,7038.985951423645,135000
27.39546,-0.17946467,-9.3133545,0.4904614,1.0,0.9990568,0.2109375,0.003995712,-16.194279,-16.20716,-3.016354,221.56053,0.98292917,1.485796e-05,0.67353535,-1.0194691,15.780755,0.9990492,0.20214844,0.0041124243,-15.687866,-15.700137,-3.1350908,44.73127,0.42367923,6.721959e-05,23.173428,-0.25762814,-9.33489,0.4958455,1.0,0.99903774,0.19824219,0.004229578,-16.115139,-16.127806,-3.1573272,142.18045,0.58391356,2.936353e-06,0.999032,0.16992188,0.0042500515,-15.708817,-15.7210655,-3.1777081,171.01949,0.47077918,8.177565e-06,0.005085955953598022,7064.415732860565,140000
30.616806,-0.13253,-9.297205,0.48642433,1.0,0.99907017,0.25976562,0.0039144666,-16.322315,-16.335423,-2.912616,204.79277,1.169951,7.031531e-05,1.6244643,-2.069005,23.741074,0.99906445,0.22363281,0.0040763346,-15.807468,-15.819908,-3.0829132,38.052437,0.54378515,7.044411e-05,27.330622,-0.21896163,-9.333899,0.49559757,1.0,0.99904156,0.23925781,0.0041682227,-16.141697,-16.15444,-3.1055822,232.54002,1.0656527,1.8805305e-05,0.9990349,0.21191406,0.0042127594,-15.659395,-15.671635,-3.1386085,39.154255,0.5194664,3.9431354e-05,0.005562121820449829,7092.226347208023,145000
32.877327,-0.1205791,-9.297783,0.48656857,1.0,0.99905777,0.23828125,0.0039801165,-16.170483,-16.18339,-2.968093,154.08665,0.82124805,5.3091364e-05,1.1656493,-1.1478741,20.974646,0.99905205,0.18847656,0.0041225282,-15.562859,-15.574962,-3.1808193,150.97087,0.5630318,5.1840336e-05,20.710674,-0.24414368,-9.315592,0.49102104,1.0,0.99901676,0.20214844,0.004304965,-16.145023,-16.15769,-3.186391,161.41692,1.014433,3.3728807e-07,0.9990206,0.1796875,0.0042986777,-15.709629,-15.721869,-3.1865053,49.75814,0.5759333,2.3315397e-06,0.005103613615036011,7117.744416952133,150000
31.841616,-0.13808444,-9.296307,0.4861995,1.0,0.9990616,0.2578125,0.003961309,-16.240456,-16.253479,-2.9199662,940.54535,1.9196321,3.8454377e-06,1.1248237,-1.7847465,19.85026,0.99905586,0.20703125,0.004095968,-15.786882,-15.79924,-3.1462505,304.94586,1.0018518,2.7455686e-05,24.03188,-0.21353564,-9.330517,0.4947523,1.0,0.9990349,0.20996094,0.0042541744,-16.091223,-16.103819,-3.2061124,2353.7102,2.3006525,3.554121e-05,0.99903107,0.18945312,0.00426927,-15.682738,-15.694923,-3.2172236,3390.539,4.7214713,4.0615818e-05,0.19088908009529112,8072.189820051193,155000
26.01563,-0.1557329,-9.301806,0.48757464,1.0,0.9990463,0.2265625,0.003990451,-16.079727,-16.092499,-3.014799,390.58,0.89299107,4.585902e-05,0.9874826,-0.7276646,13.888139,0.9990473,0.20800781,0.004145724,-15.563416,-15.575522,-3.1793838,32.84772,0.3448106,0.0001397214,27.177727,-0.2314472,-9.32545,0.49348533,1.0,0.9990177,0.20605469,0.004244025,-16.501368,-16.514465,-3.1013408,674.48755,1.4181255,6.45216e-06,0.9990177,0.19335938,0.0042855875,-16.211151,-16.22394,-3.1294792,224.98189,1.3684003,8.690432e-06,0.004655021810531616,8095.464930772781,160000
31.109026,-0.08492774,-9.3163395,0.49120772,1.0,0.9990511,0.20605469,0.0040412787,-16.25453,-16.267496,-2.9901724,481.8144,1.5470307,8.617636e-05,0.999447,-0.807093,15.704321,0.99904823,0.19628906,0.004200082,-15.651726,-15.6638365,-3.2626574,369.009,0.98810774,5.974029e-05,26.849113,-0.1987001,-9.368546,0.50425947,1.0,0.99902916,0.20800781,0.004353725,-16.280373,-16.293072,-3.2901373,308.82394,0.94591296,3.3105987e-06,0.99902344,0.18457031,0.0043534376,-15.730125,-15.742226,-3.351068,161.877,0.6029446,1.3085508e-05,0.00463355565071106,8118.632712125778,165000
24.772877,-0.15685943,-9.301118,0.4874025,1.0,0.99905586,0.25195312,0.0039600567,-16.16895,-16.181833,-2.9879942,54.346085,0.45366418,3.3763277e-05,0.9488674,-0.9292973,14.805441,0.999053,0.21679688,0.004093898,-15.759713,-15.772081,-3.108022,25.560856,0.27485418,3.456797e-05,18.960207,-0.26746422,-9.348234,0.49918145,1.0,0.9990387,0.2109375,0.004272456,-16.012089,-16.02453,-3.285732,107.067,0.36123613,1.06382595e-05,0.999033,0.18164062,0.004287715,-15.677018,-15.689151,-3.2662108,271.2338,0.5842903,4.8060752e-05,0.004645071744918823,8141.858072757721,170000
28.683079,-0.20720631,-9.282202,0.48267317,1.0,0.9990673,0.24804688,0.003966648,-16.428455,-16.441648,-2.9321647,93.32246,0.9857072,0.00013226537,2.160347,-1.2410343,17.236586,0.9990587,0.23339844,0.0040938724,-15.965871,-15.9784975,-3.0484111,206.44968,1.0965645,7.747501e-05,22.1322,-0.2791509,-9.351503,0.49999893,1.0,0.9990368,0.18847656,0.0042839586,-16.428112,-16.440983,-3.2600753,106.086845,0.7464331,2.8808205e-07,0.99903107,0.17382812,0.0042923857,-16.121498,-16.134108,-3.2230446,185.60742,0.8881853,4.4929322e-07,0.0047809947967529295,8165.7630496025085,175000
22.200731,-0.18839929,-9.302551,0.48776066,1.0,0.99906445,0.26660156,0.003888682,-16.377907,-16.391127,-2.853814,348.20532,1.1262265,5.6657336e-05,0.9793297,-1.1354092,14.796919,0.99906254,0.23144531,0.004055942,-15.871187,-15.88375,-3.019118,70.86597,0.66948676,0.00014053818,19.334877,-0.26685756,-9.348984,0.49936885,1.0,0.9990339,0.21777344,0.004197981,-16.370749,-16.383745,-3.074788,18627.951,11.548738,6.172285e-06,0.99902916,0.20507812,0.004218422,-16.043756,-16.056406,-3.1027927,191.24828,1.3323847,1.6674963e-05,0.005540681457519531,8193.466458320618,180000
31.981094,-0.16054751,-9.27722,0.4814278,1.0,0.9990673,0.25878906,0.003980753,-16.272284,-16.285337,-2.917611,336.9517,1.1150428,1.8900148e-05,1.5901344,-1.4660656,20.358658,0.9990635,0.22265625,0.0040922747,-16.04196,-16.054651,-3.058878,97.64043,0.69221073,5.1478775e-05,24.771343,-0.21333337,-9.363976,0.5031168,1.0,0.999032,0.22167969,0.004235979,-16.241686,-16.254501,-3.1327682,493.61084,1.1557431,3.0109213e-06,0.99902916,0.20117188,0.004258573,-16.10273,-16.115374,-3.1691308,117.043274,0.85674846,3.943224e-06,0.004885936450958252,8217.896142482758,185000
28.864395,-0.1271742,-9.279243,0.48193383,1.0,0.9990568,0.24023438,0.0039601764,-16.301765,-16.314844,-2.9240384,85.15185,0.55419195,3.1029347e-05,1.4518455,-1.0505573,15.976694,0.99905205,0.21875,0.00406811,-16.027798,-16.040417,-3.1204495,45.190125,0.39777547,5.253742e-05,26.565472,-0.21034785,-9.317021,0.4913782,1.0,0.9990158,0.20898438,0.0043561338,-16.21294,-16.225653,-3.2088895,128.26732,0.95903695,5.4304894e-07,0.99900913,0.19042969,0.0043147462,-16.004757,-16.017252,-3.2224584,162.75027,0.84462655,2.1413853e-05,0.004770874929428101,8241.750518798828,190000
27.116795,-0.14197281,-9.282635,0.4827817,1.0,0.9990492,0.24121094,0.0039726957,-16.282341,-16.295378,-2.9444852,449.65384,1.1711001,1.4944148e-05,1.7157202,-1.0237252,19.225159,0.99903965,0.20507812,0.004097132,-15.894132,-15.906625,-3.1129737,149.87311,0.941603,2.905468e-05,20.369293,-0.21275946,-9.28132,0.48245293,1.0,0.9990387,0.20996094,0.004265737,-16.415897,-16.428871,-3.1427164,216729.34,113.28118,7.7668565e-06,0.9990425,0.203125,0.004252751,-16.03193,-16.04448,-3.1953492,400.20074,1.4943776,1.9230654e-05,0.004769328355789184,8265.597163677216,195000
27.442354,-0.18267307,-9.278993,0.48187113,1.0,0.9990692,0.27734375,0.0037986308,-16.59306,-16.606615,-2.7254333,214.99916,1.1984076,0.00030264325,1.2465249,-1.1044368,16.725838,0.9990616,0.23144531,0.0039332584,-16.29781,-16.310928,-2.8796637,131.89696,1.030686,0.00015943754,23.249258,-0.22957037,-9.352425,0.50022894,1.0,0.99903584,0.19335938,0.0043419627,-16.306316,-16.319044,-3.2858584,935.10443,1.1880298,1.6476544e-05,0.9990368,0.17871094,0.0043576597,-15.958319,-15.970673,-3.3215818,85.26699,0.6310518,6.234548e-05,0.004704091835021972,8289.117624282837,200000
22.145912,-0.16565424,-9.322622,0.4927788,1.0,0.9990492,0.2529297,0.003977401,-16.242153,-16.255108,-2.9903498,289.55865,0.81078154,1.0261632e-05,1.1643723,-1.0537882,14.109657,0.9990454,0.20117188,0.004137513,-16.003077,-16.015625,-3.1651635,178.43214,0.8176869,3.6950667e-05,19.7385,-0.2653306,-9.32667,0.49379042,1.0,0.99903584,0.22753906,0.0042309267,-16.448353,-16.46135,-3.153253,438.37872,1.219317,1.1490766e-06,0.9990282,0.1953125,0.004271674,-16.45234,-16.465326,-3.1665068,620.4545,2.4491377,5.501744e-07,0.29084089727401735,9743.32211279869,205000
26.931908,-0.1472233,-9.3285265,0.49425447,1.0,0.9990587,0.23828125,0.003973185,-16.324186,-16.337257,-2.954309,283.09863,1.2113928,1.8617387e-05,0.7171565,-0.89268845,14.883141,0.9990492,0.19824219,0.0041157887,-15.850323,-15.862752,-3.1344676,205.25021,0.9175363,5.446615e-05,21.729038,-0.28630957,-9.337288,0.49644482,1.0,0.99902534,0.21777344,0.004334941,-16.574017,-16.587122,-3.1711926,471.29544,1.3045157,3.5363723e-08,0.9990139,0.19824219,0.004361487,-16.442627,-16.455612,-3.1600254,179.84807,1.0411887,7.508888e-06,0.005516398000717163,9770.904106140137,210000
25.188723,-0.16130564,-9.315463,0.4909887,1.0,0.99906635,0.25683594,0.0038900014,-16.487919,-16.501225,-2.8771484,177.33896,0.95149016,1.6775706e-05,2.2453864,-2.0373034,18.440554,0.9990587,0.22949219,0.0040193205,-16.064453,-16.07716,-3.0645795,258.27237,0.7226282,3.523343e-05,26.906345,-0.235317,-9.358502,0.50174856,1.0,0.9990387,0.20800781,0.00424489,-16.386763,-16.399656,-3.1981158,347.03256,1.4309714,1.0324623e-05,0.9990349,0.19238281,0.004253464,-16.083202,-16.095774,-3.2246008,772.2499,2.5272508,6.336908e-07,0.00549808840751648,9798.394551992416,215000
23.269527,-0.18081218,-9.335871,0.4960906,1.0,0.9990616,0.26660156,0.0039169146,-16.470602,-16.483883,-2.8841043,286.19568,0.9939395,4.246535e-05,1.5102798,-1.4307693,19.167135,0.9990549,0.23632812,0.004039027,-16.139881,-16.152737,-2.9860528,167.37581,0.778147,4.6179215e-05,21.547533,-0.25296253,-9.360319,0.5022026,1.0,0.99903965,0.21191406,0.004229401,-16.214895,-16.227623,-3.194777,861.53375,1.4249947,1.726858e-06,0.99903584,0.19433594,0.0042219935,-16.013111,-16.025675,-3.1605015,238.76848,1.0191066,1.3654417e-05,0.005430625915527344,9825.547683238983,220000
23.365772,-0.16599086,-9.301857,0.48758695,1.0,0.9990721,0.27441406,0.00384662,-16.62333,-16.636856,-2.784224,146.96968,0.89940834,0.00017445015,1.2965213,-1.3405039,15.427195,0.99906635,0.23632812,0.0039836187,-16.393108,-16.406223,-2.9787753,76.88343,0.72567433,9.807601e-05,18.813993,-0.27143827,-9.331208,0.49492493,1.0,0.99902153,0.17578125,0.0043742117,-16.3968,-16.409668,-3.2329552,814.9276,1.654959,7.282557e-06,0.9990101,0.16894531,0.0043677427,-16.171904,-16.184553,-3.229465,274.9354,1.2809646,1.0269415e-05,0.005220985984802246,9851.652614831924,225000
25.045197,-0.15750739,-9.317218,0.49142748,1.0,0.9990673,0.28320312,0.0038534687,-16.625164,-16.63867,-2.8104634,479.12057,1.7389268,2.767176e-05,1.0280522,-1.1818501,13.119942,0.9990616,0.22070312,0.0039936765,-16.316885,-16.329895,-3.0085769,105.45046,0.8332401,1.41247565e-05,28.330214,-0.2031178,-9.286311,0.48370087,1.0,0.99903584,0.21972656,0.004261774,-16.528511,-16.541601,-3.1392875,1088.6726,1.7777666,2.5051764e-05,0.99902725,0.20214844,0.0042398907,-16.403177,-16.416082,-3.200276,144.08505,0.70719254,2.9409448e-05,0.005187873125076294,9877.591983318329,230000
25.478237,-0.1742252,-9.308436,0.48923203,1.0,0.9990654,0.265625,0.003894675,-16.428873,-16.44218,-2.8141356,285.78125,1.0791471,9.858069e-05,1.3828692,-1.075128,15.680098,0.9990568,0.21972656,0.0040293867,-16.221794,-16.234726,-2.9910479,78.66693,0.5914551,1.5561194e-05,24.699001,-0.25960582,-9.344142,0.49815848,1.0,0.99902153,0.22070312,0.0042781904,-16.58083,-16.594004,-3.1020737,368.5602,1.5823829,1.108916e-06,0.9990349,0.19726562,0.0042529437,-16.656448,-16.669628,-3.1758125,300.37863,0.9236381,1.703744e-06,0.005191061067581177,9903.547290563583,235000
24.890532,-0.15972367,-9.301611,0.48752555,1.0,0.99905205,0.24121094,0.003968334,-16.201284,-16.214207,-2.9828172,188.61528,0.74781495,1.547561e-05,0.9114996,-1.21032,15.902259,0.99904823,0.21484375,0.004077642,-15.936647,-15.949202,-3.0934641,153.00797,0.70928395,7.3486885e-06,20.337688,-0.28329408,-9.345434,0.49848166,1.0,0.999032,0.2265625,0.00419257,-16.369526,-16.38247,-3.129042,2503.9243,3.6420965,8.03545e-06,0.9990263,0.21484375,0.00424898,-16.421955,-16.434977,-3.1029458,375.19876,2.330172,7.5376905e-05,0.005285601472854614,9929.975301027298,240000
31.498793,-0.124226525,-9.298159,0.48666263,1.0,0.9990587,0.2548828,0.003958123,-16.511192,-16.524466,-2.934799,180.53854,1.1163435,3.207624e-05,1.4284796,-1.9344723,20.923203,0.99905777,0.21875,0.0040797926,-16.372437,-16.385405,-3.1077611,165.6523,0.7837592,5.4164368e-05,22.489124,-0.25689393,-9.323574,0.4930166,1.0,0.999032,0.19238281,0.004336854,-16.491194,-16.504093,-3.295,1276.7035,2.3892548,8.102838e-06,0.9990368,0.19335938,0.004353019,-16.570786,-16.583763,-3.2946608,1600.4952,3.839476,1.023013e-05,0.005529811191558838,9957.624358654022,245000
21.492126,-0.17319658,-9.263643,0.4780336,1.0,0.9990673,0.25976562,0.0038965088,-16.54579,-16.55915,-2.8780975,761.9192,1.6300126,4.359287e-05,0.7960829,-1.0969352,12.95933,0.9990597,0.23828125,0.004030506,-16.352291,-16.365332,-3.013747,446.06168,1.1246356,1.18852e-05,27.237648,-0.23155066,-9.33947,0.4969902,1.0,0.9990177,0.19238281,0.0044485973,-16.592869,-16.605927,-3.2335305,6076.9395,5.209447,2.2732047e-06,0.9990225,0.18164062,0.0044099903,-16.653603,-16.666697,-3.2572472,176.679,1.0838048,1.3882412e-05,0.005859874725341797,9986.923736095428,250000
30.12473,-0.143736,-9.365206,0.5034244,1.0,0.99906635,0.2705078,0.0038706418,-16.608154,-16.621626,-2.82661,120.58479,0.9614197,0.0001119778,0.75384957,-1.2312143,16.327892,0.9990635,0.24511719,0.0039843316,-16.665617,-16.679,-2.973541,191.87187,0.9207395,2.4447414e-05,29.3171,-0.1830774,-9.329538,0.49450755,1.0,0.9990301,0.1875,0.0043708105,-16.48735,-16.500347,-3.1896725,677.07837,1.8285676,1.6522027e-06,0.9990263,0.17382812,0.004375936,-16.748798,-16.761986,-3.2595136,336.61703,1.0506768,8.209729e-06,0.005856234931945801,10016.204912185669,255000
27.019878,-0.16147266,-9.279115,0.48190162,1.0,0.9990692,0.26464844,0.0038940962,-16.510897,-16.524221,-2.8762488,590.2058,1.4001122,3.628051e-05,1.1546129,-0.8575784,15.392263,0.9990635,0.22753906,0.0040092953,-16.420414,-16.433506,-3.0260904,241.00302,0.9885808,2.6072878e-05,27.757238,-0.2473756,-9.341739,0.4975577,1.0,0.999032,0.2109375,0.0042849993,-16.531393,-16.544416,-3.2079606,1049.9113,2.225928,1.0292338e-05,0.9990301,0.19921875,0.004292664,-16.50568,-16.518658,-3.2301795,1486.3809,2.8409803,1.7256867e-05,0.005861235332489014,10045.511092424393,260000
20.833948,-0.20113185,-9.3642235,0.50317895,1.0,0.99905205,0.24707031,0.003978096,-16.604685,-16.61799,-2.9916863,75.70236,0.5339378,2.4231636e-05,1.3520418,-1.0640507,15.333499,0.9990492,0.21484375,0.004122384,-16.360863,-16.3738,-3.1277313,113.09332,0.54568434,3.3732602e-05,25.122845,-0.25293177,-9.331701,0.49504828,1.0,0.9990282,0.20800781,0.004288761,-16.532358,-16.545383,-3.2071285,1045.8645,1.2886323,1.8239334e-05,0.9990349,0.19726562,0.0042943745,-16.6537,-16.666862,-3.186581,532.04175,1.1662842,7.079334e-06,0.005791608476638794,10074.469136476517,265000
17.95943,-0.22432964,-9.3319,0.49509805,1.0,0.99906635,0.27441406,0.0038673377,-16.669765,-16.683279,-2.8444958,305.56097,1.717998,1.7733419e-05,1.0801991,-1.448778,12.6218605,0.99906635,0.23632812,0.0039892565,-16.276583,-16.289618,-2.9413905,550.8712,1.8344638,6.592042e-06,23.548855,-0.29825372,-9.30698,0.48886812,1.0,0.9990244,0.19628906,0.0043120184,-16.443424,-16.45642,-3.1526432,2521.3652,3.2494445,3.0278816e-06,0.99902916,0.17773438,0.004313409,-16.34465,-16.35752,-3.1786704,423.88486,1.7116847,1.6570559e-05,0.005614375019073486,10102.541014194489,270000
24.094921,-0.16631691,-9.3299885,0.49462023,1.0,0.9990654,0.2529297,0.0038670981,-16.502329,-16.51567,-2.8540134,146.99652,0.94383204,7.1256276e-05,1.1888186,-0.734205,14.116333,0.9990587,0.22070312,0.003988527,-16.432514,-16.445637,-3.0070133,172.43686,1.0162591,8.96642e-05,20.157219,-0.30184072,-9.350082,0.49964368,1.0,0.9990387,0.21777344,0.004162791,-16.694523,-16.707836,-3.0751796,286.59854,1.2776875,1.1801945e-05,0.9990349,0.21582031,0.004165436,-16.869246,-16.882713,-3.0913215,187.89017,1.2447176,2.5368347e-05,0.00555963773727417,10130.339204788208,275000
30.416267,-0.13036525,-9.313622,0.49052864,1.0,0.9990635,0.2763672,0.0038403044,-16.596151,-16.609665,-2.771802,158.35146,0.8916259,8.591542e-05,1.3007206,-1.4286879,20.34877,0.9990597,0.22363281,0.003958156,-16.402035,-16.415167,-2.9680867,58.382416,0.54484224,7.9573125e-05,20.650152,-0.26338738,-9.3254175,0.49347746,1.0,0.99903774,0.20996094,0.0041954354,-16.240578,-16.253353,-3.1749334,230.44714,0.79695505,2.0326752e-05,0.99903774,0.20117188,0.004199874,-16.1512,-16.163908,-3.1505804,99.68332,0.61868465,2.2648836e-05,0.0055022740364074705,10157.850578546524,280000
33.599842,-0.11551125,-9.265939,0.47860783,1.0,0.9990597,0.265625,0.0038644206,-16.763622,-16.77721,-2.8627195,481.8897,1.2482024,1.095805e-05,1.3450273,-1.4828442,21.796925,0.99905586,0.22949219,0.003989589,-16.660118,-16.67343,-3.045107,94.278366,0.59047437,3.3514523e-05,37.788322,-0.1955746,-9.330124,0.49465394,1.0,0.9990225,0.23242188,0.0042714826,-16.47837,-16.491375,-3.176127,1669.578,2.1202636,1.5287155e-06,0.9990282,0.20703125,0.0042629573,-16.61929,-16.63239,-3.2190368,283.09998,1.0893977,5.8049674e-05,0.005619510984420776,10185.948136091232,285000
31.883308,-0.1438357,-9.317369,0.49146518,1.0,0.99906826,0.27539062,0.0037948464,-16.634827,-16.64848,-2.6679962,117.47559,1.0544332,7.961992e-06,1.4671178,-1.002823,19.407215,0.99905777,0.24414062,0.0039162403,-16.576149,-16.589554,-2.8632655,133.29913,0.9976114,1.7362565e-05,26.162937,-0.20512792,-9.339436,0.49698183,1.0,0.9990206,0.20214844,0.0043212986,-16.434633,-16.447603,-3.16638,693.08954,1.6596351,3.0066317e-06,0.9990196,0.18457031,0.004350097,-16.49032,-16.503284,-3.231154,910.9816,2.6375136,4.8325924e-06,0.005582210159301758,10213.85919046402,290000
29.21011,-0.13914463,-9.307138,0.48890752,1.0,0.9990845,0.2734375,0.0038113296,-17.008812,-17.022732,-2.7708776,178.00902,1.1287575,2.3329087e-05,1.6191579,-1.3582433,18.324047,0.999074,0.234375,0.0039675604,-16.864647,-16.878258,-2.9411192,66.99778,0.8180994,1.0587774e-05,24.253326,-0.23208411,-9.319673,0.49204117,1.0,0.9990349,0.23242188,0.004235468,-16.662872,-16.676136,-3.095607,11662.878,10.624948,2.4113448e-05,0.999033,0.19628906,0.004261945,-16.751549,-16.764828,-3.168274,2232.6694,3.6229744,5.926959e-06,0.005723089504241943,10242.474642038345,295000
21.001102,-0.18471399,-9.30246,0.48773795,1.0,0.99906063,0.25976562,0.00391255,-16.639992,-16.653423,-2.8989797,35669.113,18.337059,2.100412e-05,0.87208515,-1.5994885,12.772272,0.99905586,0.20898438,0.0040472243,-16.349047,-16.36202,-3.075725,53.56331,0.57480574,5.3894087e-06,29.022295,-0.26784036,-9.350383,0.4997186,1.0,0.999032,0.20410156,0.004308993,-16.766365,-16.779558,-3.2683506,429.3435,1.1536975,2.0670248e-06,0.99902916,0.18847656,0.0042896443,-16.875423,-16.88875,-3.245105,569.68726,1.3006444,2.2775024e-05,0.005547718048095703,10270.213233947754,300000
28.836151,-0.1987406,-9.300835,0.48733163,1.0,0.9990587,0.2548828,0.0039307545,-16.7692,-16.782736,-2.920214,112.42928,1.0125697,2.5445108e-05,0.9722363,-1.419678,17.912624,0.9990597,0.20898438,0.0040733465,-16.591188,-16.604414,-3.0614977,877.3847,2.5707593,5.0545183e-05,26.435925,-0.2558176,-9.394455,0.5107367,1.0,0.99902916,0.203125,0.0043170583,-16.652645,-16.665857,-3.137052,32954.516,20.399971,7.8040175e-06,0.99902725,0.171875,0.004328916,-16.694794,-16.708065,-3.1198006,2152.161,5.876726,6.2361564e-06,0.29080356211662295,11724.231046199799,305000
28.831902,-0.14316437,-9.298721,0.48680317,1.0,0.9990616,0.25195312,0.0039005694,-16.804058,-16.817722,-2.8252802,414.05,1.7265127,1.8415321e-05,1.4280062,-1.2762817,18.533218,0.9990568,0.20507812,0.0040177386,-16.571917,-16.585201,-2.9830496,311.40256,1.4548948,3.425911e-05,28.792042,-0.21771558,-9.341875,0.4975918,1.0,0.9990339,0.20996094,0.0043153483,-16.636497,-16.649647,-3.1832187,779.3132,2.1341805,2.7491168e-08,0.99903774,0.18066406,0.0042968206,-16.657795,-16.670933,-3.2187033,628.93915,2.002761,2.3925213e-06,0.005343149137496948,11750.946793317795,310000
22.76524,-0.16901764,-9.292397,0.485222,1.0,0.99906254,0.25585938,0.0038665752,-16.839834,-16.853533,-2.8290668,272.5644,1.0397873,2.1901024e-05,1.3949085,-1.1439283,12.007683,0.99905777,0.22070312,0.0039851805,-16.68919,-16.70261,-2.9595957,288.30905,1.1125758,4.8894573e-05,20.480421,-0.24504542,-9.340758,0.49731264,1.0,0.9990444,0.22558594,0.004254451,-16.467173,-16.480139,-3.2034063,437.0323,0.841136,1.517656e-05,0.99904156,0.20507812,0.004274317,-16.388145,-16.401005,-3.2318456,798.10754,1.1973361,7.842859e-06,0.005312372970581055,11777.508659601212,315000
28.552605,-0.16113904,-9.325095,0.49339676,1.0,0.99906445,0.28808594,0.0038655552,-16.735579,-16.749174,-2.829479,219.73741,1.1372672,1.1283748e-05,2.102621,-2.311305,20.919014,0.9990549,0.23046875,0.003996564,-16.551237,-16.564486,-2.999424,164.0337,0.94238204,2.888868e-05,28.460121,-0.2254974,-9.342966,0.4978643,1.0,0.99901867,0.20996094,0.004288226,-16.602049,-16.615252,-3.0959911,645.0316,2.3722348,5.994171e-06,0.9990206,0.19628906,0.004321552,-16.788673,-16.80205,-3.1044455,1169.7548,2.4751859,3.9455895e-06,0.005206097841262817,11803.539150476456,320000
33.34813,-0.14520791,-9.286999,0.4838727,1.0,0.9990597,0.27734375,0.0038006534,-16.905718,-16.919558,-2.7515368,480.0646,1.7203101,7.851327e-05,1.4967827,-1.4390494,20.124348,0.9990549,0.24121094,0.003937257,-16.664959,-16.678362,-2.9516268,99.91869,0.91305006,5.9698712e-05,27.610338,-0.24344027,-9.343877,0.49809226,1.0,0.9990177,0.22070312,0.0042652856,-16.73964,-16.752953,-3.1215093,3826.0056,3.9379551,1.4178437e-06,0.99901867,0.20410156,0.004236513,-16.86915,-16.882572,-3.1377773,788.33856,2.2683263,1.2818241e-06,0.005277455854415893,11829.926431179047,325000
27.446438,-0.18614241,-9.314275,0.49069166,1.0,0.9990721,0.27929688,0.0038306587,-16.838827,-16.852587,-2.7648702,884.0996,1.991218,5.037156e-05,1.3769053,-2.465829,20.703583,0.9990654,0.25097656,0.003965092,-16.730202,-16.743732,-2.8899717,108.11707,0.96624416,1.0803984e-05,25.02846,-0.26060045,-9.3397,0.4970479,1.0,0.999033,0.22070312,0.004206394,-16.61018,-16.623426,-3.0598521,575.1701,2.1890824,2.1266813e-05,0.999033,0.20898438,0.004240326,-16.749855,-16.763224,-3.076251,273.92136,1.7613857,2.3100874e-05,0.005241403532028198,11856.133451223373,330000
31.580746,-0.12661538,-9.277884,0.48159373,1.0,0.99905205,0.27539062,0.0038921498,-16.647285,-16.66077,-2.8517008,282.0939,0.8286133,1.0076545e-06,1.4858676,-1.1608503,17.725338,0.9990454,0.2265625,0.0040587243,-16.41071,-16.423765,-3.0545602,106.70279,0.6828202,5.643168e-06,24.299202,-0.24835652,-9.336416,0.49622706,1.0,0.9990444,0.2265625,0.0042335386,-16.540215,-16.55332,-3.133961,38007.504,23.806173,3.061085e-06,0.9990406,0.19824219,0.0042686174,-16.762259,-16.775545,-3.1709929,351.73373,1.5455148,1.6962644e-05,0.004971948719024658,11880.993196725845,335000
22.959812,-0.18401356,-9.278163,0.48166382,1.0,0.999074,0.2861328,0.00377777,-16.938381,-16.95229,-2.7113132,289.9657,1.1760111,1.1781007e-05,1.2379849,-1.682198,11.212741,0.99907017,0.23925781,0.0039230017,-16.820766,-16.8344,-2.871446,240.55524,1.2042357,2.1509211e-05,25.849941,-0.26694807,-9.311195,0.48992187,1.0,0.9990349,0.2265625,0.004189902,-16.716724,-16.730068,-3.067552,390.47366,1.4170539,1.0523278e-05,0.9990301,0.21191406,0.0042437515,-16.92191,-16.935442,-3.080422,136.64528,1.3592355,1.8257851e-05,0.004827432060241699,11905.130358457565,340000
33.136257,-0.20381951,-9.302794,0.48782152,1.0,0.9990759,0.2890625,0.003822187,-17.212093,-17.226206,-2.7771523,731.98596,1.6990564,2.0228206e-05,4.035749,-1.5557524,26.879536,0.9990711,0.2421875,0.0039559095,-17.197918,-17.211853,-2.94105,139.50359,1.0748956,2.2413507e-05,18.12401,-0.2863925,-9.337275,0.4964416,1.0,0.99903584,0.21972656,0.0043105655,-16.683842,-16.696993,-3.231907,708.10846,1.6777093,8.927103e-07,0.99903774,0.20019531,0.004303067,-16.66462,-16.67775,-3.2329276,169.79568,1.0143874,4.9048385e-06,0.004740836954116821,11928.834545373917,345000
29.464334,-0.18360402,-9.2751045,0.4808992,1.0,0.9990721,0.27148438,0.0038728178,-16.971107,-16.984924,-2.8356755,258.14517,1.4553847,4.0664654e-05,1.2414113,-1.4273145,20.65559,0.99906826,0.22070312,0.004029069,-17.071365,-17.085117,-3.0037339,272.78595,1.1235775,4.9782266e-06,21.828953,-0.2621336,-9.376581,0.50626844,1.0,0.9990263,0.20507812,0.0043099322,-16.70193,-16.715229,-3.0977087,2037.3395,4.3546977,1.6373975e-05,0.99902534,0.18359375,0.00436533,-17.017174,-17.030792,-3.0855615,959.4751,3.60302,1.366418e-06,0.004832637023925781,11952.997733592987,350000
35.441406,-0.11447309,-9.2889185,0.48435262,1.0,0.9990654,0.24316406,0.00392614,-16.799511,-16.81312,-2.8761358,128.6012,1.0403903,1.7973522e-05,1.2120991,-2.4681318,23.490023,0.99905777,0.21777344,0.0040450916,-16.564316,-16.577538,-3.0390143,415.306,1.3791988,0.0001264919,25.452902,-0.26162195,-9.344345,0.49820942,1.0,0.99904346,0.20898438,0.004264312,-16.526793,-16.539843,-3.175344,1707.2975,1.9675044,2.473821e-07,0.9990406,0.19335938,0.004272782,-16.567038,-16.580107,-3.1980655,505.67252,1.3371696,3.207514e-05,0.004780549573898315,11976.900483131409,355000
27.808979,-0.1455802,-9.3164425,0.49123353,1.0,0.9990635,0.2763672,0.0038596313,-16.813385,-16.827116,-2.767523,246.50456,1.4623027,4.1304713e-05,0.9925619,-1.3415496,18.035297,0.99905586,0.2265625,0.004005758,-16.556023,-16.569296,-2.9785318,205.83994,1.1242411,4.3753513e-05,20.95847,-0.27625418,-9.294931,0.4858556,1.0,0.99902153,0.1875,0.0043774797,-16.691982,-16.705172,-3.199957,4306.0938,4.4101233,2.6098014e-06,0.99902534,0.17382812,0.004374668,-16.726795,-16.74,-3.2196183,270.3426,1.4554937,3.216003e-06,0.004645167636871338,12000.126322984695,360000
28.996593,-0.21514912,-9.282833,0.4828313,1.0,0.9990711,0.27148438,0.0037886281,-17.062506,-17.076487,-2.7594695,387.4486,1.564613,2.7614318e-05,1.1979735,-1.860362,19.714043,0.99906635,0.21777344,0.003934055,-16.877777,-16.89143,-2.9097762,266.91577,1.3358362,2.165551e-05,26.216297,-0.27000913,-9.335056,0.49588707,1.0,0.9990263,0.23535156,0.004204995,-16.80851,-16.821962,-3.0468647,871.0954,3.0468745,2.6591515e-06,0.9990244,0.20605469,0.0041915188,-16.98468,-16.9983,-3.0493956,484.53027,1.6616504,3.4166675e-05,0.00470318455696106,12023.64224743843,365000
31.41786,-0.16258377,-9.297938,0.48660755,1.0,0.9990778,0.30859375,0.0037228868,-17.129711,-17.14384,-2.675805,299.49103,1.4839164,4.3804786e-05,2.5597193,-1.2733288,24.17556,0.9990692,0.24609375,0.0038606115,-17.054605,-17.068516,-2.8255267,155.97592,1.3785888,1.7745413e-05,28.221966,-0.24861506,-9.334258,0.49568748,1.0,0.9990387,0.23046875,0.0042258753,-16.870636,-16.884066,-3.1330032,281.7002,1.5295429,1.0720214e-05,0.99903774,0.20410156,0.004251834,-17.01462,-17.028149,-3.1736224,307.5352,1.2521358,9.473693e-06,0.0049416099071502686,12048.350299596786,370000
29.858463,-0.17617348,-9.352365,0.50021416,1.0,0.9990692,0.2890625,0.003791845,-16.998222,-17.012173,-2.724671,1506.8069,2.0946934,1.6886654e-05,1.2066904,-1.3680505,18.840988,0.99906445,0.23632812,0.003924669,-16.857815,-16.871494,-2.8626657,346.1996,1.3696676,5.744491e-06,25.840849,-0.23726964,-9.323812,0.49307585,1.0,0.9990301,0.2109375,0.004286338,-16.561354,-16.574516,-3.097426,4363.506,4.840203,4.716721e-06,0.9990263,0.203125,0.004300222,-16.663475,-16.67669,-3.1452005,4310.2354,8.427183,4.4662025e-05,0.005022788667678833,12073.464245080948,375000
31.840178,-0.16596209,-9.30563,0.4885305,1.0,0.9990597,0.2841797,0.0037709407,-16.6409,-16.654472,-2.75637,387.74915,1.0626866,5.510597e-05,2.9536958,-1.9757481,23.522984,0.99905777,0.24902344,0.0039253663,-16.411919,-16.425093,-2.937566,506.1516,1.2244081,5.056596e-05,27.605268,-0.25211728,-9.323988,0.49312013,1.0,0.99901676,0.21582031,0.0043348176,-16.64403,-16.657217,-3.1517525,1412.9395,2.0837808,1.4183446e-07,0.99900913,0.20117188,0.0043379916,-16.7957,-16.80904,-3.1463802,768.79913,1.9980811,3.3133446e-07,0.00506389536857605,12098.783725261688,380000
28.76889,-0.16430146,-9.2885685,0.48426527,1.0,0.99905586,0.27441406,0.0039020777,-16.63116,-16.644592,-2.890994,747.81384,1.0119332,1.7107222e-06,1.9772215,-1.3507087,19.98914,0.99904823,0.21972656,0.0040339613,-16.402729,-16.415785,-3.0474443,79.19022,0.45653653,1.0841917e-05,28.148443,-0.22346568,-9.293994,0.4856214,1.0,0.99904156,0.20703125,0.0042671743,-16.638294,-16.651484,-3.146409,686.0631,1.4871545,5.878003e-08,0.9990425,0.18847656,0.004234401,-16.79251,-16.805872,-3.1229095,234.6395,1.184447,4.3873845e-07,0.005078027486801148,12124.173864364624,385000
31.882973,-0.13933617,-9.322573,0.4927662,1.0,0.99905396,0.2626953,0.003869602,-16.743563,-16.757187,-2.8076315,131.52779,0.68139935,6.872803e-06,2.2535522,-2.7009766,26.894892,0.99905586,0.22558594,0.0040299366,-16.573574,-16.586843,-2.9986377,95.539314,0.5800959,1.9064812e-05,28.924767,-0.26696163,-9.337404,0.49647403,1.0,0.99903584,0.20507812,0.004276827,-16.733261,-16.746578,-3.110258,24652.104,18.817158,1.2249795e-05,0.9990349,0.19824219,0.004294019,-17.000978,-17.014563,-3.1051679,2038.9197,5.4489684,1.7268521e-05,0.005082675933837891,12149.58724617958,390000
27.499126,-0.17066258,-9.288404,0.4842239,1.0,0.99906635,0.27148438,0.0038944525,-17.025398,-17.039211,-2.8977227,244.6567,1.1827809,3.7810336e-05,3.3140216,-3.2700796,22.183132,0.9990635,0.24121094,0.003994516,-16.754204,-16.767664,-2.9843044,82.46044,0.94583994,3.553714e-05,33.511932,-0.23422953,-9.322632,0.4927808,1.0,0.9990368,0.20214844,0.0043150224,-16.824081,-16.837387,-3.2131805,3695.5503,3.2749317,6.8698346e-06,0.9990349,0.18554688,0.004342257,-16.94567,-16.959078,-3.2273066,1967.7842,3.056723,7.4186646e-05,0.007808506727218628,12188.629782438278,395000
29.8052,-0.17860025,-9.312561,0.49026316,1.0,0.999074,0.2861328,0.0038184251,-17.149643,-17.163681,-2.789804,568.40436,1.5440117,2.2169776e-05,1.2009065,-1.8310169,19.533232,0.9990635,0.22460938,0.0039724875,-16.98579,-16.999502,-2.9575586,316.3422,1.2324685,3.3520595e-05,28.792353,-0.26860973,-9.366846,0.5038345,1.0,0.99903774,0.23046875,0.0041508945,-16.975914,-16.989521,-3.057909,394.75195,1.5710349,7.735455e-06,0.99903774,0.20703125,0.004183828,-17.167496,-17.18125,-3.0982528,619.9778,1.9457374,4.0404475e-06,0.011245571422576905,12244.857641220093,400000
31.755503,-0.1440372,-9.299566,0.48701438,1.0,0.9990692,0.26367188,0.0039057045,-16.947454,-16.96123,-2.853979,1715.3655,1.7252203,0.0001071422,0.88393927,-1.510062,21.35386,0.999053,0.21386719,0.0040098876,-16.75211,-16.765581,-2.9722283,1403.5043,2.149556,3.9715083e-05,32.1223,-0.23565474,-9.344051,0.4981357,1.0,0.9990263,0.20214844,0.0042899046,-16.911705,-16.925232,-3.074854,12265.972,14.158411,3.96491e-06,0.999032,0.19921875,0.0042858683,-17.199839,-17.213633,-3.0889158,1129.4426,3.0015361,2.9319948e-05,0.34849791531562807,13987.347223758698,405000
22.321611,-0.18101732,-9.3242,0.49317294,1.0,0.9990673,0.26464844,0.0039132256,-16.891895,-16.905663,-2.8085392,1226.8088,1.7387636,0.0001774258,1.0447812,-1.4322411,12.531862,0.99905777,0.23242188,0.0040197726,-16.729465,-16.742952,-2.9316597,307.86972,1.5469692,4.0457395e-05,23.880833,-0.23969245,-9.291195,0.48492157,1.0,0.9990101,0.20800781,0.0043589985,-16.705534,-16.718864,-3.0671394,3319.561,3.464832,5.0294348e-06,0.99901867,0.18652344,0.004362435,-16.813875,-16.82726,-3.1220078,9028.7705,10.821274,5.172663e-06,0.006017443895339966,14017.434446334839,410000
26.599125,-0.18409733,-9.286398,0.48372245,1.0,0.9990568,0.26660156,0.0038502556,-17.07623,-17.090233,-2.7499685,234.00864,1.1094282,1.1503009e-05,1.325487,-0.7961342,15.483343,0.999053,0.21875,0.0040102485,-16.91674,-16.930393,-2.9467568,84.799484,0.8731705,1.4956052e-05,28.587177,-0.23938738,-9.317206,0.49142456,1.0,0.9990349,0.21484375,0.004259539,-16.757063,-16.770336,-3.1788507,2389.31,2.087234,7.5606463e-06,0.9990368,0.19433594,0.0042969557,-16.992504,-17.005957,-3.231961,453.18936,0.98327863,5.550113e-06,0.006189409971237183,14048.381497859955,415000
30.986162,-0.16917318,-9.311577,0.4900173,1.0,0.99907017,0.25976562,0.0038659177,-17.104866,-17.11881,-2.840709,209.61551,1.5937276,8.579853e-06,1.4373772,-1.0345432,19.118984,0.99906063,0.22167969,0.0040095295,-16.969158,-16.982836,-2.9737449,199.37596,1.4388244,1.0850481e-05,30.2742,-0.26118726,-9.341391,0.4974705,1.0,0.9990406,0.22167969,0.004292374,-16.809128,-16.822369,-3.2621808,758.5333,2.0625267,7.1908657e-06,0.99903774,0.21972656,0.0043032984,-16.976639,-16.990042,-3.2650611,1561.1702,3.1805828,9.02229e-06,0.005904114151000977,14077.902070760727,420000
24.52327,-0.1682683,-9.305677,0.48854214,1.0,0.99906254,0.28515625,0.0037604207,-16.803417,-16.817188,-2.7142725,150.00845,0.95657015,5.933466e-05,2.1024516,-1.2708771,16.665144,0.99905586,0.23730469,0.0039253314,-16.5331,-16.546429,-2.900663,91.58358,0.7041109,0.00012714707,27.020988,-0.24991527,-9.328889,0.49434513,1.0,0.99902153,0.20019531,0.0043627108,-16.802319,-16.815565,-3.253648,2306.522,3.4111352,2.6095424e-08,0.9990196,0.18359375,0.004378751,-16.942509,-16.95587,-3.2729306,290.18216,1.3031878,3.1221367e-07,0.0059504578113555905,14107.65436220169,425000
29.47099,-0.14022824,-9.272955,0.48036176,1.0,0.9990721,0.3017578,0.003762545,-16.968594,-16.982504,-2.7378154,248.45071,1.1770065,1.7205668e-06,2.4026835,-1.9085981,25.036812,0.99906635,0.25097656,0.0039005356,-16.78973,-16.80329,-2.916976,225.887,0.9900844,7.6162076e-05,35.19193,-0.24519393,-9.297741,0.48655826,1.0,0.9990301,0.20703125,0.0043467227,-16.952467,-16.965889,-3.2224622,1444.5867,2.388131,2.9522807e-05,0.99903107,0.18554688,0.0043621473,-17.027157,-17.04064,-3.2357383,898.07874,2.6079311,1.9879019e-05,0.005953272485733032,14137.420727491379,430000
31.755959,-0.16172203,-9.315273,0.4909413,1.0,0.99906826,0.29003906,0.0038522948,-17.080215,-17.094189,-2.7848194,251.35649,1.2245767,8.128267e-05,1.671302,-1.0312582,18.73208,0.99905777,0.23339844,0.0039968244,-17.025972,-17.039698,-2.9825194,241.37161,1.1287049,5.5379613e-05,27.551022,-0.2747385,-9.371559,0.50501275,1.0,0.99902725,0.20800781,0.0042722253,-16.829609,-16.842962,-3.1687655,6074.8247,7.1179676,3.0537171e-06,0.99902916,0.19726562,0.0042907307,-17.139288,-17.152931,-3.178906,2002.7716,3.9169638,1.2038684e-06,0.005853482055664063,14166.688140392303,435000
34.191563,-0.15031576,-9.277893,0.48159635,1.0,0.99906063,0.28125,0.0038631633,-16.886467,-16.900278,-2.7579718,205.19365,0.9780349,5.4646534e-05,2.2885895,-2.2948031,24.829782,0.9990549,0.25,0.0040119514,-16.63218,-16.645536,-2.9704595,108.303406,0.8397267,2.1656648e-05,34.521667,-0.17464915,-9.332211,0.49517542,1.0,0.9990387,0.20507812,0.004288868,-16.755543,-16.768845,-3.148428,6189.3843,6.0341353,4.861577e-07,0.99904156,0.19726562,0.00429691,-17.03274,-17.046217,-3.2446883,1106.4813,2.5688548,2.2731367e-05,0.005761677265167236,14195.496529102325,440000
31.222013,-0.124779485,-9.315336,0.49095726,1.0,0.99907017,0.2890625,0.0038106977,-17.17561,-17.1897,-2.7619753,2091.2722,2.0199714,3.0510491e-05,1.8861574,-1.5828241,21.967064,0.9990635,0.24414062,0.0039523467,-16.949677,-16.963346,-2.9664567,242.79443,1.1573852,1.2394593e-05,27.041336,-0.24743503,-9.319966,0.4921144,1.0,0.99902344,0.2109375,0.0042500254,-16.883621,-16.897076,-3.1188862,492.1093,1.3050294,1.32561045e-05,0.9990158,0.20214844,0.0042395345,-16.961226,-16.974737,-3.1378891,158.61194,0.8507533,0.00010520464,0.00600230712890625,14225.508066415787,445000
26.566393,-0.16995178,-9.320997,0.4923721,1.0,0.999074,0.29589844,0.0036845445,-17.156532,-17.170717,-2.642774,320.9265,1.2788486,0.00010441929,1.8905327,-0.9691334,17.400658,0.9990635,0.24902344,0.0038600657,-16.85421,-16.867903,-2.84653,80.34326,0.9194015,0.00014203569,29.195236,-0.23861232,-9.356281,0.5011934,1.0,0.9990444,0.22949219,0.004291839,-16.622211,-16.635324,-3.2067943,391.1018,0.876438,4.6815867e-06,0.9990454,0.20117188,0.004296316,-16.622953,-16.636042,-3.233999,194.45528,0.9814273,7.728516e-06,0.005695203256607055,14253.984085798264,450000
28.409416,-0.17826974,-9.274088,0.4806451,1.0,0.9990673,0.26367188,0.0038561614,-16.93547,-16.949263,-2.8243825,255.17395,1.0056479,5.8391815e-05,1.762292,-1.2633318,21.00608,0.99906254,0.23242188,0.0039819805,-16.783855,-16.797354,-2.9735997,165.88863,0.98117065,0.0001111757,24.67103,-0.275169,-9.3046055,0.48827434,1.0,0.9990225,0.20898438,0.004257692,-16.778515,-16.791866,-3.1208398,585.8878,1.7969717,2.0470183e-05,0.99903107,0.20800781,0.004247062,-17.04752,-17.061121,-3.1309814,195.2386,0.8388885,6.3168977e-06,0.0057436898708343505,14282.702537536621,455000
29.485334,-0.21074969,-9.33205,0.4951356,1.0,0.9990816,0.2578125,0.0037721163,-17.393682,-17.408009,-2.7378223,291.9992,1.6302416,4.1279432e-05,1.5343988,-3.1681015,20.498352,0.9990797,0.23339844,0.00388765,-17.216137,-17.23015,-2.8794706,126.90758,1.1354052,0.000101191785,25.295418,-0.32317343,-9.359612,0.5020262,1.0,0.9990368,0.21875,0.0042814557,-16.770182,-16.783457,-3.1901844,208.36963,0.88563496,3.383988e-06,0.99902916,0.19726562,0.004327718,-16.936924,-16.950373,-3.1800733,521.8992,1.7730484,4.433701e-06,0.005481939840316773,14310.112238407135,460000
35.142128,-0.144103,-9.297003,0.4863735,1.0,0.9990711,0.2626953,0.003865101,-17.090618,-17.104546,-2.8440342,641.6259,1.6067169,7.3775314e-05,2.022058,-1.1683522,20.92287,0.9990597,0.22363281,0.0040203934,-17.017735,-17.031433,-3.0053525,966.93774,1.893213,0.00013532682,33.373535,-0.2350848,-9.305196,0.48842204,1.0,0.99902725,0.19726562,0.004363021,-16.942589,-16.955961,-3.2628279,523.5235,1.767606,1.1552535e-05,0.9990196,0.18945312,0.0043659196,-17.161247,-17.174818,-3.278488,265.37766,1.4589148,8.135118e-06,0.005306571912765503,14336.645099163055,465000
34.71956,-0.13283254,-9.26062,0.47727817,1.0,0.99907494,0.30859375,0.0037045586,-17.330433,-17.344738,-2.6958332,109.32859,1.0875024,7.390891e-05,2.7492523,-1.0650303,25.033344,0.99906445,0.265625,0.0038287784,-17.231209,-17.245285,-2.8338506,147.40285,0.83457637,6.525555e-05,18.328705,-0.2938082,-9.305874,0.48859143,1.0,0.9990339,0.20703125,0.004295867,-16.901789,-16.915155,-3.2295659,772.43475,1.5943475,2.329317e-06,0.9990301,0.20996094,0.0042976057,-17.039928,-17.053434,-3.2247815,1206.0337,2.0497193,4.9974105e-06,0.005237770700454712,14362.833955526352,470000
26.810528,-0.17743886,-9.306753,0.4888115,1.0,0.999073,0.29492188,0.003860015,-17.268997,-17.283115,-2.8275013,186.21014,1.1726398,3.853685e-05,0.95478356,-1.1312243,18.362988,0.9990635,0.2265625,0.0039837332,-17.124208,-17.138023,-2.9919703,94.63851,0.7740703,0.00013702181,24.468372,-0.25472653,-9.32874,0.49430817,1.0,0.9990387,0.22265625,0.004259991,-16.856247,-16.869629,-3.165697,826.9623,1.7478135,1.5810282e-06,0.99903965,0.21484375,0.0042633656,-17.07771,-17.091288,-3.1867871,1023.4465,1.8619715,2.8687755e-06,0.005280172109603882,14389.234817504883,475000
27.092426,-0.23708537,-9.295055,0.4858869,1.0,0.9990759,0.2734375,0.0038744407,-17.219408,-17.233469,-2.8355594,147.82828,1.0165074,8.996429e-06,2.0413775,-2.1763918,22.963657,0.9990711,0.23046875,0.004013521,-16.997871,-17.011587,-2.9657068,174.60255,1.1400162,8.7175595e-06,24.301197,-0.2650817,-9.339917,0.49710226,1.0,0.9990492,0.19140625,0.004245952,-17.06832,-17.081911,-3.164742,667.4244,1.5862615,5.084558e-06,0.9990492,0.19042969,0.004278163,-17.141161,-17.154797,-3.1903086,153.91924,0.8585022,8.393498e-06,0.00541331467628479,14416.301393032074,480000
35.16039,-0.15232101,-9.290747,0.48480958,1.0,0.99906635,0.30859375,0.0036895573,-17.323053,-17.33743,-2.6162245,151.88466,0.9785453,1.1325378e-06,1.5287559,-1.2036052,21.261232,0.9990654,0.24902344,0.003808054,-17.166328,-17.180378,-2.7939675,80.365944,0.81962335,7.282088e-05,28.434406,-0.23760936,-9.310427,0.48972958,1.0,0.9990263,0.2109375,0.0043014954,-16.914642,-16.928076,-3.1726904,2904.1416,3.6597166,3.0976144e-06,0.9990282,0.19335938,0.0043319007,-17.064503,-17.07801,-3.247297,309.812,2.0064359,8.9083205e-06,0.007163549900054932,14452.11914396286,485000
28.213188,-0.1729374,-9.316998,0.49137223,1.0,0.9990778,0.29589844,0.0037916778,-17.210438,-17.224577,-2.7450535,424.67612,1.5830586,2.6487505e-05,1.5739086,-2.0218377,20.358423,0.9990635,0.25,0.003918443,-17.072262,-17.086123,-2.8917425,1145.5724,2.1704283,9.12856e-05,26.561676,-0.25763583,-9.321988,0.49262,1.0,0.9990368,0.2109375,0.004217107,-17.165035,-17.178802,-3.081386,213.85583,1.2723498,3.876069e-07,0.9990339,0.19628906,0.004237746,-17.477087,-17.49112,-3.1214108,558.0878,1.473177,2.7883248e-06,0.011087775564193726,14507.558024644852,490000
28.130903,-0.16171461,-9.291038,0.48488235,1.0,0.99907875,0.28320312,0.0038247248,-17.433407,-17.447725,-2.7869246,115.537834,1.0628798,0.00010049607,1.2492822,-0.9905079,17.842213,0.9990721,0.24316406,0.0039618723,-17.138145,-17.152008,-2.9552069,189.83492,0.88181835,0.00022150239,28.87492,-0.25050157,-9.351442,0.49998376,1.0,0.99902725,0.21777344,0.00433584,-17.005352,-17.018885,-3.161666,1217.0337,2.629115,1.1831082e-06,0.9990177,0.20800781,0.004333112,-17.047981,-17.061516,-3.2022135,339.2544,1.6613479,7.2264484e-06,0.011550684356689453,14565.311448335648,495000
27.323204,-0.19881524,-9.298075,0.4866417,1.0,0.99909115,0.30664062,0.0037265825,-17.329624,-17.343945,-2.6818182,166.63306,1.1523557,2.1297785e-05,1.8710307,-1.6586851,17.2781,0.999074,0.25390625,0.003868719,-17.147774,-17.161757,-2.8431182,100.20029,1.0383279,1.8818384e-05,22.735231,-0.26626468,-9.309181,0.48941833,1.0,0.99903965,0.21191406,0.004275241,-16.773462,-16.786753,-3.177771,5606.92,4.7095246,2.5156169e-05,0.9990368,0.18945312,0.0043141134,-17.020061,-17.03355,-3.2206037,555.97034,1.9730811,5.0814582e-05,0.011921413040161134,14624.918516397476,500000
27.88089,-0.16492689,-9.337455,0.49648666,1.0,0.99907017,0.27539062,0.0037766064,-17.1544,-17.168528,-2.702187,412.80838,1.385956,9.727143e-06,1.2656894,-1.281409,17.724104,0.9990597,0.23925781,0.0038954874,-17.03929,-17.053194,-2.8163009,196.93771,1.340153,0.00038434213,27.742495,-0.22309856,-9.314058,0.49063757,1.0,0.99902344,0.20019531,0.004298727,-17.028378,-17.042036,-3.055788,2607.6714,4.3038626,1.5847545e-05,0.9990139,0.19335938,0.004308872,-17.389599,-17.40352,-3.1487687,337.02933,1.5426497,9.298769e-06,0.336783029794693,16308.833667993546,505000
28.22147,-0.17733495,-9.326718,0.49380246,1.0,0.99907017,0.27148438,0.003753575,-17.13284,-17.146921,-2.7248569,344.31323,1.0489814,2.3154007e-05,2.1882267,-2.4086096,22.14661,0.99906063,0.2421875,0.0038936622,-16.846798,-16.86046,-2.8721037,94.98333,0.8243011,1.28278225e-05,28.18071,-0.27215964,-9.331336,0.4949569,1.0,0.9990425,0.21972656,0.0042168763,-16.794357,-16.807762,-3.082201,861.4701,1.9450455,4.4987355e-06,0.99904156,0.20507812,0.004243893,-16.874556,-16.888014,-3.106634,737.8234,2.2840621,4.000701e-06,0.00585368218421936,16338.10208106041,510000
29.62609,-0.18714058,-9.283979,0.4831181,1.0,0.99907494,0.31835938,0.0036960717,-17.283348,-17.297676,-2.6256707,268.06845,1.3951321,4.3968852e-05,2.0208275,-1.2490021,23.315317,0.99905586,0.25976562,0.0038596783,-16.946375,-16.960175,-2.830285,174.09335,0.84625465,2.3857951e-06,29.632126,-0.26217455,-9.340966,0.49736443,1.0,0.9990263,0.203125,0.004309696,-16.857342,-16.870686,-3.2044442,1189.2743,1.570008,3.320122e-06,0.99902534,0.16992188,0.0043943617,-16.946444,-16.959784,-3.298962,341.00128,1.3752874,1.25974775e-05,0.005711849308013916,16366.661331415176,515000
27.234863,-0.19543248,-9.347754,0.4990614,1.0,0.9990759,0.2939453,0.0038004424,-17.2914,-17.305573,-2.7929757,244.38808,1.1632283,1.669803e-06,1.0140524,-1.3265067,16.605013,0.9990692,0.24511719,0.0039327815,-17.09499,-17.108866,-2.898182,132.00839,1.1399472,3.012544e-06,25.442692,-0.27627003,-9.335984,0.49611902,1.0,0.9990349,0.17871094,0.00434048,-16.76175,-16.77492,-3.288631,2971.3647,2.5805502,1.5179092e-05,0.99903107,0.16992188,0.0043862676,-16.914677,-16.927969,-3.3131957,190.50577,1.3149788,2.0401445e-05,0.005712269353866577,16395.22267985344,520000
31.212345,-0.16801444,-9.307121,0.4889032,1.0,0.99908066,0.2939453,0.0037878274,-17.489035,-17.503517,-2.6746438,466.8311,1.6382462,9.591657e-06,1.7156731,-1.8035419,20.90159,0.9990721,0.24609375,0.003939561,-17.425434,-17.43968,-2.851305,349.28473,1.9003394,2.7466107e-05,30.591768,-0.27744192,-9.335121,0.49590316,1.0,0.9990263,0.20507812,0.004276585,-17.141218,-17.154894,-3.1522977,346.45273,1.2554789,2.3286164e-05,0.99901867,0.20214844,0.0043177595,-17.334194,-17.348057,-3.1535242,645.5763,2.2463176,1.513759e-05,0.005605467033386231,16423.250018119812,525000
32.53861,-0.1471411,-9.285967,0.4836146,1.0,0.999074,0.28710938,0.0038540098,-17.200645,-17.21473,-2.7950797,264.70453,1.110786,2.7940092e-05,1.4106805,-1.250424,18.571505,0.9990616,0.21679688,0.004009685,-16.98928,-17.002977,-2.9795027,173.96223,1.012088,1.986365e-05,25.407028,-0.28123942,-9.299111,0.4869009,1.0,0.99903107,0.20800781,0.0042585908,-16.981052,-16.994581,-3.1416733,365.8567,1.3953847,1.03138955e-05,0.999032,0.20117188,0.004258732,-17.025452,-17.039055,-3.1112337,754.6468,1.8699803,1.01678215e-05,0.005439945745468139,16450.44974899292,530000
29.272196,-0.1649003,-9.298391,0.48672086,1.0,0.99907684,0.29882812,0.0037882235,-17.192444,-17.206577,-2.7328265,123.15194,1.1047614,2.9881641e-05,2.0629344,-1.5872889,22.195007,0.99907017,0.24023438,0.0039242413,-17.004662,-17.01844,-2.9103794,109.66044,1.026166,2.5654752e-05,27.552227,-0.25699228,-9.332205,0.49517405,1.0,0.9990368,0.20410156,0.004354188,-16.696152,-16.709272,-3.2735786,12034.842,7.8721924,2.5126034e-05,0.99903774,0.19726562,0.0043637836,-16.80809,-16.821285,-3.3088386,2689.0125,5.1415405,1.8052577e-05,0.005305809354782105,16476.978798389435,535000
23.955597,-0.16667563,-9.283622,0.48302853,1.0,0.9990711,0.28808594,0.0037950757,-17.232706,-17.246954,-2.6561615,246.72151,1.292238,5.132737e-06,1.3013444,-0.8769816,13.315792,0.99906063,0.23144531,0.003931202,-17.023832,-17.037718,-2.8167684,110.89168,1.0409853,7.601748e-06,28.351715,-0.2616734,-9.385397,0.50847226,1.0,0.9990387,0.21777344,0.0041815303,-16.940165,-16.953705,-3.0863662,589.0514,1.338764,2.1220105e-06,0.99903774,0.20214844,0.004191852,-17.230831,-17.244614,-3.1303098,763.0717,1.6221838,6.5145705e-06,0.0052438507080078125,16503.19805407524,540000
30.93752,-0.16511002,-9.303487,0.4879947,1.0,0.9990673,0.29296875,0.003798819,-17.285805,-17.30004,-2.7229655,276.04175,1.1577141,2.851133e-05,1.117958,-1.4389724,19.18061,0.9990511,0.24023438,0.003950272,-16.958076,-16.971828,-2.8905804,270.0218,0.98913056,8.157563e-06,30.15569,-0.22704603,-9.319425,0.4919791,1.0,0.99902916,0.20507812,0.0043544546,-16.709782,-16.722977,-3.2120209,392.3973,1.7561069,2.7426834e-06,0.99902344,0.20117188,0.0043968325,-16.816484,-16.82973,-3.2655237,922.6338,1.9860392,1.2754892e-06,0.005092151355743408,16528.65881371498,545000
26.884426,-0.23530337,-9.33086,0.494838,1.0,0.99907017,0.27246094,0.003781361,-17.252808,-17.266985,-2.7486773,121.60168,0.96785235,1.0484812e-05,1.25831,-1.813306,19.35399,0.9990597,0.23730469,0.003907133,-16.954803,-16.968582,-2.8580618,135.51398,0.9570637,5.323309e-06,25.819553,-0.27719018,-9.319187,0.4919197,1.0,0.9990425,0.22460938,0.0042810068,-16.862503,-16.875896,-3.1579828,3565.9436,5.0679836,1.4738657e-06,0.9990349,0.20117188,0.004320868,-16.974518,-16.987993,-3.1884031,371.09625,1.2653053,3.4367474e-06,0.005042549896240234,16553.871566057205,550000
28.061262,-0.16317081,-9.296181,0.48616803,1.0,0.9990711,0.2763672,0.0038071377,-17.3535,-17.367788,-2.7364187,404.99753,1.7774632,6.260644e-05,1.4298766,-1.0923027,19.418106,0.99906254,0.2265625,0.0039594565,-17.174192,-17.188145,-2.9013479,554.0329,1.2797192,0.00014327191,33.999126,-0.28203368,-9.306318,0.48870254,1.0,0.99902153,0.22558594,0.004273361,-17.167477,-17.1813,-3.026918,5503.9023,6.7498016,5.091628e-06,0.99901676,0.22167969,0.004287298,-17.422028,-17.436052,-3.0754228,1865.0917,4.180214,6.121586e-07,0.005120406246185303,16579.473600625992,555000
35.046524,-0.17331201,-9.319811,0.49207568,1.0,0.99907494,0.29785156,0.003747149,-17.348387,-17.362713,-2.692926,323.11383,1.6228004,7.0002454e-05,1.8816795,-2.2811964,24.381752,0.9990692,0.24902344,0.0039035915,-17.122017,-17.135918,-2.9022064,125.9756,0.8860216,8.474482e-05,30.189014,-0.22805914,-9.323911,0.49310067,1.0,0.99902344,0.21289062,0.004254331,-16.919334,-16.932858,-3.0853815,497.8057,2.0100708,6.2502736e-06,0.99902534,0.20019531,0.004304099,-17.053133,-17.066774,-3.098379,706.66614,3.7838998,6.2772738e-06,0.005204713439941406,16605.49716949463,560000
29.831217,-0.14476302,-9.311649,0.4900353,1.0,0.99907017,0.2890625,0.0037874307,-17.228672,-17.24282,-2.752769,1326.2615,1.7408066,4.850442e-06,2.3483505,-2.097738,22.876379,0.9990587,0.234375,0.003925386,-16.914238,-16.927887,-2.9498436,87.98062,0.62037027,4.1148646e-06,32.7532,-0.22928222,-9.309933,0.4896061,1.0,0.9990511,0.25097656,0.004219901,-16.888988,-16.902447,-3.118647,1014.2208,2.189575,2.1714357e-06,0.9990473,0.20996094,0.0042459248,-17.05379,-17.067352,-3.177011,212.1653,1.1530793,1.1946912e-06,0.005142188930511475,16631.208116292953,565000
32.123955,-0.17700958,-9.31978,0.49206787,1.0,0.9990692,0.29296875,0.0038367729,-17.365181,-17.37938,-2.8399868,424.97025,1.1655645,9.363299e-05,3.178921,-1.0705721,23.619673,0.9990587,0.23144531,0.003975277,-17.16739,-17.181252,-2.9898648,162.65376,0.8500131,3.375732e-05,35.364033,-0.21838734,-9.351349,0.49996018,1.0,0.999032,0.22460938,0.0042082304,-17.125914,-17.139694,-3.0280936,1851.3082,4.8438554,2.0979674e-05,0.99903107,0.2109375,0.004186727,-17.291473,-17.305365,-3.0802817,1467.2844,2.8887303,5.8279547e-05,0.009478572797775269,16678.600983142853,570000
21.398312,-0.26944304,-9.295937,0.48610717,1.0,0.999073,0.29882812,0.003718865,-17.376396,-17.390734,-2.708248,95.126465,0.8413572,3.656939e-05,1.0173522,-1.2543955,16.377007,0.9990654,0.23828125,0.003874926,-17.050148,-17.064028,-2.8507295,161.22499,0.7880931,0.00010868683,28.624317,-0.2864254,-9.273277,0.48044235,1.0,0.9990282,0.20410156,0.0043112054,-17.121075,-17.134687,-3.1935935,23677.598,15.051264,3.8306924e-05,0.99902916,0.18359375,0.0043185526,-17.200775,-17.214481,-3.180996,18392.643,20.011206,2.5966176e-05,0.011534999704360963,16736.27599287033,575000
30.18111,-0.20077434,-9.308423,0.48922873,1.0,0.9990845,0.3232422,0.0036785817,-17.454199,-17.468712,-2.604661,1903.3234,2.8514562,4.292333e-05,1.6318109,-1.4316435,20.100853,0.99907494,0.27734375,0.0038096895,-17.318758,-17.332977,-2.7699952,125.82562,1.4982016,8.6039145e-05,30.523895,-0.26532647,-9.298332,0.48670605,1.0,0.99901295,0.21191406,0.0042929538,-17.15377,-17.167545,-3.0621052,3019.5332,7.8752003,5.965261e-07,0.9990139,0.20019531,0.004320493,-17.388351,-17.4023,-3.1168864,14058.661,25.375334,3.5379222e-07,0.011531572771072387,16793.933859586716,580000
35.919167,-0.11795598,-9.268255,0.4791869,1.0,0.99907494,0.30273438,0.0037853983,-17.443909,-17.458246,-2.77732,174.47331,1.1574016,3.3914612e-06,1.8592068,-1.7570183,26.41713,0.99906826,0.24511719,0.0039049443,-17.348389,-17.362495,-2.9184337,514.98895,1.2604287,1.7081342e-05,29.160847,-0.2717281,-9.398037,0.5116322,1.0,0.9990301,0.20996094,0.004234122,-17.098843,-17.112547,-3.078712,1379.8522,2.6119938,7.977086e-06,0.9990263,0.19433594,0.004241755,-17.247322,-17.261147,-3.1064868,613.7722,2.9412842,1.8274854e-05,0.011533011865615844,16851.5989215374,585000
27.85323,-0.21004468,-9.289536,0.4845071,1.0,0.99906635,0.27539062,0.0037828786,-17.224216,-17.238352,-2.762772,536.7109,1.4344386,1.9980818e-05,1.5347666,-2.0548077,18.129066,0.99905396,0.24609375,0.0039066547,-16.964745,-16.978518,-2.876368,291.21555,1.155328,6.69422e-05,23.684141,-0.29882222,-9.329851,0.4945858,1.0,0.99902534,0.22070312,0.0042520985,-17.06213,-17.07575,-3.1315331,506.58353,1.489866,6.6094435e-07,0.9990244,0.20117188,0.004251899,-17.163645,-17.177404,-3.0876765,235.9252,1.0802124,7.037968e-06,0.011531140041351319,16909.25462412834,590000
27.111984,-0.1497328,-9.333503,0.4954986,1.0,0.99906635,0.28710938,0.003819765,-17.240639,-17.254778,-2.7758293,288.96237,0.90259004,4.170037e-06,1.4227397,-1.0208421,17.07275,0.99905014,0.24511719,0.003966513,-17.004818,-17.018538,-2.9668531,136.50482,0.6268747,1.2592806e-05,30.929882,-0.23469025,-9.338665,0.49678922,1.0,0.999033,0.1953125,0.004258535,-16.814884,-16.828224,-3.1684613,401.75345,1.2505105,6.61961e-06,0.99903584,0.18261719,0.0042618406,-16.87468,-16.888084,-3.1642528,298.07477,1.0699887,2.979283e-05,0.011530189323425293,16966.905574321747,595000
36.701965,-0.114373274,-9.337177,0.4964173,1.0,0.99908257,0.30566406,0.0037403374,-17.337326,-17.3517,-2.6328309,278.04883,1.3100528,2.4791847e-05,1.5189582,-1.2750819,22.788363,0.9990673,0.25683594,0.003893869,-17.04462,-17.05851,-2.8390906,890.77496,2.0744011,5.7306446e-05,29.975872,-0.2410986,-9.336205,0.4961741,1.0,0.99901867,0.21972656,0.0042230813,-16.93386,-16.947397,-3.0842476,491.70145,1.5575213,2.5420437e-07,0.99901676,0.2109375,0.0042396933,-17.079222,-17.09285,-3.1406045,602.63196,1.5842497,4.0753307e-06,0.011527810955047608,17024.54463171959,600000
26.916542,-0.15104498,-9.308753,0.48931122,1.0,0.999074,0.28710938,0.0037798411,-17.435686,-17.450054,-2.7374737,138.74228,0.85366166,3.3105355e-06,2.8957183,-1.139481,18.26342,0.9990597,0.21582031,0.003948651,-17.289555,-17.30355,-2.9703438,119.694275,0.6578268,2.6286077e-06,33.041744,-0.29062733,-9.327851,0.49408585,1.0,0.99903584,0.21875,0.0042267838,-16.8873,-16.900717,-3.1633925,4469.2627,3.6281786,2.6605554e-07,0.9990282,0.19042969,0.004242157,-17.149017,-17.16269,-3.1636488,812.5889,2.1177247,9.917646e-07,0.3093997467517853,18571.543368816376,605000
25.00783,-0.19775295,-9.268951,0.47936082,1.0,0.99908066,0.30273438,0.003766973,-17.370306,-17.38465,-2.6975486,194.92511,1.5159289,4.288382e-06,1.8618948,-2.1257367,21.017202,0.9990616,0.24316406,0.003945543,-17.16578,-17.179722,-2.9039702,483.84918,2.0660498,2.3793433e-05,32.185303,-0.20781559,-9.282389,0.4827201,1.0,0.9990387,0.21386719,0.004298716,-17.054611,-17.06818,-3.1754913,389.80096,1.6408544,6.1046944e-06,0.99903584,0.20507812,0.004321828,-17.258375,-17.272112,-3.2034888,875.97345,1.9099627,3.460473e-06,0.005416074895858765,18598.6237449646,610000
25.804565,-0.18507376,-9.334162,0.4956633,1.0,0.999074,0.28515625,0.0037944522,-17.240711,-17.254875,-2.7506056,2196.318,2.4189246,6.662554e-05,1.8476193,-1.1420699,16.745665,0.9990635,0.23925781,0.003892238,-17.078716,-17.092607,-2.8653355,166.9477,1.1369348,3.0963543e-05,31.17795,-0.2094655,-9.307527,0.48900458,1.0,0.99903107,0.203125,0.004296128,-16.873634,-16.886953,-3.2499473,667.5845,1.2644682,2.179183e-07,0.99902916,0.19042969,0.0043353867,-17.053612,-17.067059,-3.295474,193.94449,1.1254559,3.2009044e-07,0.005099741077423095,18624.122452497482,615000
29.792128,-0.14854439,-9.300734,0.4873066,1.0,0.999074,0.3076172,0.0037397423,-17.440672,-17.455114,-2.668404,2141.7107,3.2404668,6.19933e-05,3.9285753,-2.7993467,25.909973,0.9990673,0.24902344,0.0038710353,-17.187849,-17.201883,-2.8312278,196.9519,1.4635763,4.7313926e-05,35.625854,-0.23287006,-9.351436,0.49998185,1.0,0.99903584,0.22558594,0.0042126356,-17.161776,-17.175508,-3.1135664,714.1313,1.8556346,1.9024344e-07,0.9990301,0.20019531,0.004234745,-17.258965,-17.27275,-3.1552758,793.16644,1.9437047,7.836912e-07,0.00497646689414978,18649.00478863716,620000
27.323696,-0.20821121,-9.290834,0.4848318,1.0,0.99908257,0.2939453,0.0037868402,-17.43309,-17.447506,-2.6846743,316.94388,1.4778608,2.0024865e-05,1.3648057,-1.9426254,17.363071,0.9990692,0.23144531,0.0039159497,-17.061573,-17.075459,-2.8553529,228.98375,1.7353208,0.000189253,24.504536,-0.31358498,-9.349911,0.49960065,1.0,0.9990263,0.22753906,0.0042338623,-17.12191,-17.135633,-3.0826435,351.45294,2.0042853,6.5582312e-06,0.9990263,0.2109375,0.004276991,-17.294094,-17.307959,-3.1116295,298.91293,1.6648091,1.5333616e-06,0.004911785984039307,18673.56371998787,625000
29.856667,-0.20810243,-9.291384,0.48496917,1.0,0.9990902,0.3232422,0.003627531,-17.648571,-17.663345,-2.5355167,883.7047,2.5979548,0.00010800838,1.716256,-1.4079669,21.589783,0.99907017,0.27148438,0.0037871446,-17.425158,-17.43954,-2.7115655,927.53546,2.8312879,3.5602712e-05,25.38705,-0.27186763,-9.333836,0.49558187,1.0,0.9990301,0.22265625,0.004244701,-17.03307,-17.046713,-3.0772657,1084.6729,2.1826816,1.4903222e-06,0.99902725,0.20605469,0.0042753476,-17.118366,-17.132063,-3.106495,2060.0342,3.5216804,3.5308926e-06,0.004885206413269043,18697.98975419998,630000
30.327961,-0.14521198,-9.313011,0.49037576,1.0,0.99906635,0.29882812,0.0037685828,-17.480267,-17.494686,-2.729785,403.5927,1.1466744,2.0220289e-06,2.2977939,-2.738119,27.248695,0.9990597,0.2421875,0.0039338195,-17.243666,-17.257673,-2.9143758,251.87515,1.2250533,3.463704e-05,30.696304,-0.27761418,-9.330454,0.49473664,1.0,0.9990206,0.22460938,0.00424628,-17.1277,-17.141468,-3.0441852,985.5195,2.9928648,1.0455874e-07,0.9990177,0.17285156,0.0043326598,-17.192532,-17.206287,-3.1224637,386.0592,2.3848574,6.1580035e-06,0.0046326757907867435,18721.15313434601,635000
26.14014,-0.18721233,-9.282011,0.4826259,1.0,0.999073,0.2861328,0.0037472213,-17.304096,-17.318361,-2.7118962,298.2694,1.1784339,6.429939e-05,1.8630098,-1.9449425,18.918623,0.9990568,0.25585938,0.0038799928,-16.951,-16.964779,-2.8553119,110.35685,0.94078517,0.00011683727,34.46822,-0.24336454,-9.329648,0.49453503,1.0,0.9990301,0.22167969,0.0042569963,-17.022038,-17.035637,-3.110085,4204.298,3.7625694,6.4618615e-07,0.999032,0.18847656,0.004286182,-17.12355,-17.137196,-3.1622303,711.30853,1.809145,3.9854896e-07,0.004761606740951538,18744.961172103882,640000
28.640472,-0.2000495,-9.320747,0.49230972,1.0,0.9990692,0.27929688,0.003870923,-17.417612,-17.431906,-2.7955608,530.4087,1.3812983,5.197414e-05,3.097652,-1.8024886,21.547667,0.9990549,0.23242188,0.0040198164,-17.079979,-17.093763,-2.9785671,167.83975,1.296073,1.6274651e-05,31.345043,-0.25604156,-9.345681,0.49854326,1.0,0.9990387,0.21191406,0.004307301,-17.073692,-17.087273,-3.1811962,1383.5284,2.1819253,7.649068e-08,0.999033,0.20214844,0.00432066,-17.100098,-17.113705,-3.1795232,192.07088,1.4634936,9.953311e-07,0.004682128763198853,18768.371818304062,645000
23.422169,-0.18767896,-9.306206,0.48867458,1.0,0.99908257,0.2919922,0.00377462,-17.251053,-17.265255,-2.7216675,431.65143,1.5566804,5.9904138e-05,1.1283039,-2.5697918,14.527952,0.9990673,0.25585938,0.003894873,-17.040474,-17.054344,-2.8507817,806.59607,2.4328175,4.022725e-05,31.118896,-0.19914171,-9.3375225,0.49650356,1.0,0.99902916,0.20605469,0.0043108035,-16.97955,-16.993073,-3.1450224,791.7082,2.8650424,8.013223e-07,0.99902344,0.18945312,0.0043132943,-17.135607,-17.149216,-3.2122898,449.33087,2.0963788,3.5576645e-07,0.0071007060050964355,18803.875349760056,650000
28.32565,-0.17712577,-9.337251,0.4964356,1.0,0.9990673,0.32128906,0.003762963,-17.312119,-17.326422,-2.6812794,1575.7489,1.7592862,7.953871e-06,1.5020506,-2.0791886,19.920387,0.99905396,0.26171875,0.003902843,-16.986115,-16.999949,-2.8341382,220.90869,1.0823221,5.068212e-05,30.35505,-0.2659909,-9.359607,0.50202453,1.0,0.9990282,0.21484375,0.0042864527,-17.18863,-17.202354,-3.1465216,602.0796,2.3117285,1.1586303e-06,0.999032,0.21777344,0.004300919,-17.376787,-17.39069,-3.152904,38940.082,59.586018,4.6817877e-06,0.011535302734375,18861.551866054535,655000
37.456924,-0.17210999,-9.305088,0.48839486,1.0,0.9990587,0.28125,0.0037785973,-17.322327,-17.336542,-2.7790785,272.32004,0.9067527,2.8171558e-05,1.8806053,-3.1242561,26.875313,0.9990587,0.23828125,0.0039245817,-17.036354,-17.050129,-2.9434323,211.67873,0.78856224,7.471418e-05,32.181076,-0.24982904,-9.372989,0.5053701,1.0,0.9990406,0.21679688,0.0042049913,-17.145012,-17.158745,-3.0972137,5566.4336,6.0740414,2.7436304e-06,0.99903965,0.20605469,0.00424525,-17.321087,-17.33494,-3.1493325,4057.808,5.346993,1.6188276e-05,0.011533847093582154,18919.221103191376,660000
28.808147,-0.15819755,-9.274694,0.4807964,1.0,0.9990759,0.30859375,0.003761234,-17.404251,-17.418648,-2.6761084,762.90875,1.8774942,9.390989e-06,1.3147551,-1.1955498,17.121988,0.99906445,0.23339844,0.0039243004,-17.057104,-17.070969,-2.8728046,253.7209,1.577462,4.6278677e-05,36.554775,-0.21015164,-9.338189,0.49667022,1.0,0.99903774,0.21777344,0.0043130075,-16.814127,-16.827423,-3.2128263,1492.6304,2.886127,8.7338606e-08,0.9990368,0.19628906,0.0043300516,-16.830572,-16.843838,-3.257326,1336.7399,3.2035537,1.0029526e-05,0.011527448987960815,18976.858350515366,665000
29.85749,-0.1639941,-9.327444,0.4939841,1.0,0.99907494,0.29589844,0.0037561997,-17.54655,-17.561064,-2.6972327,336.27435,1.3886528,9.0708854e-05,1.8117502,-2.376464,21.619858,0.99906826,0.2548828,0.0039231814,-17.177156,-17.19114,-2.8732715,83.80335,0.8004823,5.2818807e-05,34.162354,-0.2218946,-9.374775,0.5058165,1.0,0.9990282,0.21777344,0.0043147095,-17.124134,-17.13783,-3.1106412,2814.953,6.087054,2.0477105e-06,0.9990339,0.20703125,0.0042976867,-17.278778,-17.292587,-3.1514215,6581.117,8.520237,3.6067918e-06,0.011534770631790162,19034.532205820084,670000
26.421164,-0.19987378,-9.304498,0.48824728,1.0,0.9990616,0.2939453,0.0038730302,-17.405247,-17.419464,-2.8618937,199.95872,1.0354517,5.9189693e-05,1.7828695,-0.88731796,18.380825,0.99905396,0.2265625,0.0040156646,-17.010338,-17.02401,-3.023217,87.10318,0.7948369,6.636275e-05,31.064735,-0.22452596,-9.332858,0.49533737,1.0,0.999032,0.21777344,0.0042441036,-16.947418,-16.96091,-3.1424422,371.0129,1.2241838,4.0299456e-06,0.99902344,0.19824219,0.0042807222,-16.96944,-16.982958,-3.1411195,1023.2385,1.8412585,9.393784e-06,0.01153359146118164,19092.200166463852,675000
29.797794,-0.17054248,-9.258537,0.47675705,1.0,0.99907875,0.28808594,0.0037612668,-17.652464,-17.667065,-2.7157435,213.46329,1.2175758,4.3746713e-05,2.6166978,-1.5990992,22.7549,0.99906445,0.24804688,0.003909834,-17.353914,-17.368053,-2.8889098,64.29373,0.70259035,2.0160012e-05,29.314379,-0.30759698,-9.306574,0.48876637,1.0,0.9990339,0.21582031,0.0042669056,-17.11609,-17.12972,-3.1721616,20474.729,12.387292,4.7318144e-06,0.9990349,0.20800781,0.004288963,-17.123621,-17.137276,-3.1547694,5098.3467,6.1052017,1.0754888e-05,0.011537382316589356,19149.887079954147,680000
24.889618,-0.16597492,-9.297536,0.48650694,1.0,0.9990711,0.3095703,0.003687881,-17.696838,-17.711555,-2.6406302,176.95825,1.1889905,4.7526475e-05,1.7050203,-1.4172279,18.911077,0.9990635,0.2685547,0.0038325975,-17.219322,-17.23339,-2.8255715,238.08339,1.217346,3.5995978e-05,35.28405,-0.22418465,-9.325502,0.49349862,1.0,0.9990244,0.20214844,0.0043650926,-17.19654,-17.210232,-3.1896617,687.72406,1.9061073,8.4152106e-08,0.9990158,0.1796875,0.004435056,-17.171375,-17.18503,-3.2033496,9857.753,20.889467,6.619748e-06,0.01154708251953125,19207.62249660492,685000
27.821007,-0.19196261,-9.296358,0.4862126,1.0,0.9990864,0.31933594,0.0037118164,-17.561726,-17.576305,-2.6458104,244.53099,1.6114914,6.8291e-06,1.1441554,-1.7988361,16.620947,0.9990673,0.26953125,0.0038469527,-17.30866,-17.322836,-2.8067145,276.90063,1.6696239,1.8235785e-05,28.700867,-0.22697161,-9.347422,0.4989782,1.0,0.99903965,0.20898438,0.0042487355,-16.908371,-16.921762,-3.2080274,147054.1,72.92905,1.1349701e-05,0.99903584,0.18847656,0.0042506815,-17.03609,-17.049582,-3.233226,34947.6,35.01372,1.8138924e-06,0.011538228797912598,19265.31364250183,690000
26.362633,-0.18661982,-9.284196,0.48317206,1.0,0.9990845,0.3173828,0.0036929506,-17.642738,-17.657461,-2.5807207,281.6712,1.9991156,3.599047e-06,1.8699113,-1.2437859,17.205761,0.99906254,0.26660156,0.0038431084,-17.389029,-17.40332,-2.769103,680.4548,2.0375342,9.426594e-06,30.58758,-0.2274889,-9.290298,0.48469752,1.0,0.99901676,0.21777344,0.0043718363,-17.188324,-17.202066,-3.1265106,1624.4419,4.24436,3.84077e-07,0.999012,0.19824219,0.0043683425,-17.388088,-17.401995,-3.1603653,13885.918,23.39425,1.477949e-06,0.011546701002120971,19323.047150850296,695000
31.195488,-0.1849486,-9.3097515,0.4895609,1.0,0.9990673,0.2626953,0.003834074,-17.573008,-17.587437,-2.8114119,334.0575,1.1251311,8.181696e-05,2.7360344,-1.838693,20.592638,0.99905777,0.23242188,0.003951798,-17.218136,-17.232096,-2.9369104,157.78314,0.80103886,5.3571384e-05,29.275618,-0.28407568,-9.278576,0.4817669,1.0,0.99904156,0.22167969,0.004199555,-17.18118,-17.194956,-3.086114,601.64795,1.6259356,3.1568717e-08,0.9990425,0.21484375,0.0042385547,-17.37925,-17.39322,-3.0839705,769.124,1.9130208,1.2353568e-06,0.01153409571647644,19380.71763253212,700000
34.521744,-0.17772764,-9.282131,0.48265582,1.0,0.999073,0.31445312,0.0037025851,-17.535858,-17.550419,-2.6398284,363.66827,2.0739942,2.8012541e-06,1.5410968,-2.6747522,24.909948,0.9990597,0.25390625,0.003841375,-17.162209,-17.176231,-2.8173456,1031.9241,2.0820858,2.9331917e-05,34.353577,-0.19241798,-9.306982,0.48886862,1.0,0.99903584,0.21484375,0.0042224713,-16.940899,-16.954441,-3.0871887,6707.3984,7.010628,1.1712392e-05,0.9990349,0.19921875,0.0042625787,-16.937658,-16.951132,-3.1552572,299.75793,1.4815378,1.6986749e-05,0.28153804249763487,20788.407848358154,705000
31.67651,-0.20850095,-9.33193,0.49510568,1.0,0.9990854,0.31054688,0.0036562346,-17.746645,-17.761425,-2.6280975,123.07457,0.95578,5.61739e-06,1.5969005,-2.192892,24.81283,0.99907017,0.2548828,0.0037929977,-17.503574,-17.51796,-2.7881522,120.39008,0.9138384,1.63135e-05,29.231054,-0.2563627,-9.361968,0.50261503,1.0,0.9990263,0.23144531,0.004235158,-17.254015,-17.267881,-3.0692496,528.55096,2.1731114,2.495694e-06,0.999033,0.21289062,0.0042625796,-17.367214,-17.381205,-3.052649,791.91473,3.1905258,6.1791293e-06,0.005337037754058838,20815.093039035797,710000
25.697258,-0.15055484,-9.320326,0.4922045,1.0,0.9990673,0.29296875,0.0037548053,-17.347736,-17.362082,-2.6746478,130.96353,0.953439,0.00011054105,1.4358267,-2.4136176,18.386833,0.99905777,0.25585938,0.0038979256,-17.163471,-17.177454,-2.8593748,69.02142,0.7563808,0.000104985345,29.074717,-0.2867927,-9.299055,0.48688668,1.0,0.9990282,0.21582031,0.0041987034,-16.94599,-16.959492,-3.1323614,259.68546,0.9762753,1.6824653e-07,0.9990301,0.20214844,0.0042209085,-17.123924,-17.137602,-3.1296296,810.2852,1.6399863,1.0241453e-05,0.005429207277297974,20842.23907828331,715000
21.04871,-0.21066374,-9.307802,0.48907366,1.0,0.99909115,0.31347656,0.0036981748,-18.007471,-18.02247,-2.6639235,301.44357,1.5971088,4.022909e-05,2.2525778,-2.017516,17.531158,0.9990711,0.24804688,0.0038417545,-17.593029,-17.607492,-2.7951574,92.9647,1.2691785,8.467357e-05,29.886791,-0.23937279,-9.326845,0.49383414,1.0,0.9990349,0.21972656,0.0042723073,-17.234303,-17.248081,-3.1379309,39880.9,21.044617,6.693945e-07,0.9990349,0.20605469,0.0043016514,-17.34306,-17.356901,-3.1827912,11159.659,12.81484,3.2162482e-06,0.005196028518676758,20868.219222545624,720000
37.423344,-0.1280342,-9.338549,0.49675995,1.0,0.99906826,0.29492188,0.0038306313,-17.42326,-17.437553,-2.7997708,296.45105,1.404223,7.504682e-05,1.5969806,-3.8553896,33.8581,0.9990587,0.24023438,0.0039701,-17.159954,-17.173819,-2.9789057,145.18755,0.9334216,0.0001318475,31.512947,-0.25410816,-9.3390465,0.4968844,1.0,0.99903774,0.22070312,0.004335298,-16.951702,-16.965105,-3.2399435,878.5255,2.6133323,3.573236e-08,0.99903965,0.20019531,0.0043595964,-17.155195,-17.168713,-3.3251352,5383.7104,7.2476673,3.6948902e-07,0.005226212310791015,20894.35028576851,725000
32.208694,-0.18873449,-9.290337,0.48470706,1.0,0.9990797,0.29589844,0.0037468276,-17.572924,-17.587452,-2.7111776,85.8046,0.947587,8.459071e-06,2.487193,-3.1979687,27.52924,0.9990587,0.23730469,0.003881592,-17.269573,-17.283659,-2.8579392,313.88922,1.6060598,0.00016365724,27.612972,-0.28916496,-9.389806,0.5095744,1.0,0.99903584,0.22949219,0.0041847914,-17.235691,-17.249582,-3.0277116,12986.93,8.139698,1.7831311e-06,0.9990282,0.22949219,0.0042336183,-17.331703,-17.345642,-3.073502,257.3878,1.7335916,1.6643213e-06,0.005211770296096802,20920.40913963318,730000
31.665436,-0.16727087,-9.324263,0.49318865,1.0,0.9990721,0.3017578,0.0037797964,-17.579075,-17.59359,-2.729294,230.90779,1.4731703,3.0368768e-05,1.7260795,-1.1415654,21.864077,0.9990635,0.2529297,0.0039167237,-17.550306,-17.564627,-2.8997202,159.6336,1.2524931,5.4624754e-05,26.38758,-0.3193165,-9.381205,0.507424,1.0,0.99903584,0.21289062,0.0043218844,-17.003672,-17.017136,-3.2298605,364.4175,1.324363,2.2058379e-07,0.99903774,0.20605469,0.0043854727,-17.151077,-17.164669,-3.245946,409.53085,1.9027807,2.9827e-07,0.0054863854885101315,20947.841069221497,735000
33.81357,-0.16143575,-9.264831,0.4783306,1.0,0.99906445,0.28710938,0.0037701125,-17.628212,-17.642797,-2.7067375,7038.967,5.0861683,1.2145521e-05,2.204919,-2.1137528,25.78608,0.99905777,0.24609375,0.0039193593,-17.393686,-17.407875,-2.8781974,857.9298,1.7955661,6.622707e-05,28.156717,-0.25099075,-9.3229475,0.49285984,1.0,0.999032,0.22851562,0.004194812,-17.258427,-17.272228,-3.1405988,116.49727,0.7551827,6.3495577e-07,0.99903107,0.20507812,0.0042065824,-17.428925,-17.4429,-3.1328032,396.51343,1.5050914,7.5566236e-06,0.010580275774002074,21000.742449998856,740000
31.90113,-0.15348607,-9.252493,0.4752462,1.0,0.999073,0.2998047,0.0037884626,-17.437532,-17.451899,-2.7420688,156.38657,0.9864371,7.3845035e-06,2.4352012,-1.5231327,21.301308,0.9990492,0.25097656,0.0039244145,-17.267178,-17.281218,-2.9059136,124.989456,0.9529319,5.1923585e-06,33.279808,-0.23708647,-9.407355,0.51396185,1.0,0.9990177,0.22265625,0.004304982,-17.201328,-17.215124,-3.0897875,621.8914,2.2198415,1.2110596e-06,0.99900913,0.19726562,0.004365813,-17.58434,-17.5985,-3.0956573,457.73236,2.3293598,1.3447263e-07,0.011550491046905517,21058.494906902313,745000
25.66849,-0.20365083,-9.307826,0.48907936,1.0,0.99907494,0.31054688,0.0037073712,-17.54313,-17.557674,-2.665317,224.96826,1.2057724,0.000116265604,1.627981,-1.6698623,22.233898,0.99905777,0.2529297,0.0038571437,-17.452824,-17.46713,-2.8167808,139.86946,1.1409819,3.8290706e-05,30.909485,-0.2937223,-9.327552,0.49401075,1.0,0.9990463,0.22363281,0.0042266427,-17.09076,-17.104422,-3.1127124,371.12173,1.5557401,7.4420873e-06,0.99904346,0.20605469,0.0042390265,-17.441027,-17.455057,-3.087196,374.65848,1.6434329,8.7507826e-05,0.011541638040542602,21116.203099012375,750000
30.515923,-0.16244698,-9.30888,0.4893432,1.0,0.99907494,0.3046875,0.003709395,-17.57559,-17.590149,-2.680098,155.10735,1.4316183,1.2941052e-05,2.2617154,-2.7202353,24.737885,0.99906445,0.24902344,0.003864511,-17.199606,-17.213633,-2.847875,196.83426,1.2537165,6.3559764e-06,34.42604,-0.19317718,-9.354066,0.5006393,1.0,0.9990387,0.20703125,0.0042336388,-17.228844,-17.242577,-3.1781206,969.6609,1.857121,2.3941234e-06,0.9990406,0.19433594,0.0042617647,-17.195015,-17.208694,-3.2009192,334.2554,1.3083524,3.6374865e-06,0.011539867973327636,21173.902441740036,755000
26.706184,-0.22759092,-9.279232,0.4819309,1.0,0.9990835,0.29589844,0.0038055193,-17.56072,-17.575163,-2.7861443,422.52393,1.8619962,1.3895366e-05,1.1153876,-1.7827238,20.05284,0.99906826,0.2578125,0.003915081,-17.328856,-17.34301,-2.8487945,1330.0289,2.4572804,7.88424e-06,30.992638,-0.29935563,-9.3561125,0.5011511,1.0,0.99902725,0.22167969,0.0042377426,-17.258913,-17.272734,-3.120813,1981.3574,2.6411083,5.9816593e-06,0.9990244,0.20214844,0.004227691,-17.463953,-17.478037,-3.0565376,51357.496,86.13584,2.885645e-06,0.011536669445037841,21231.58579134941,760000
25.858555,-0.20879483,-9.293003,0.48537385,1.0,0.99907684,0.2890625,0.003843577,-17.673008,-17.687546,-2.8029923,1078.5226,1.8228022,1.2161469e-05,1.5826534,-2.2429075,17.672724,0.9990616,0.25,0.003949328,-17.395622,-17.409771,-2.9236507,105.507805,1.0078044,2.038892e-05,34.37525,-0.2254015,-9.350861,0.49983793,1.0,0.9990425,0.21289062,0.0042389305,-17.094318,-17.107962,-3.136221,6675.0015,5.9900904,9.538912e-06,0.99903774,0.203125,0.004259513,-17.231253,-17.245016,-3.1503067,1503.4202,3.160871,7.576468e-06,0.011535555648803712,21289.26357102394,765000
30.056774,-0.17616618,-9.324578,0.49326771,1.0,0.9990692,0.3154297,0.0037382364,-17.673939,-17.688616,-2.6607661,521.5002,1.8266506,7.096063e-06,2.541228,-1.4376525,21.188435,0.9990673,0.26953125,0.0038648252,-17.324205,-17.338404,-2.7985463,73.36968,1.3279716,1.0836779e-05,29.648914,-0.21384214,-9.33699,0.4963705,1.0,0.99903774,0.21875,0.0042413445,-17.097506,-17.111113,-3.1779246,368.8132,1.2164414,3.214836e-07,0.9990444,0.20117188,0.004270831,-17.158432,-17.17207,-3.2086434,193.36588,0.8224847,4.5470597e-07,0.011541778087615967,21346.972463846207,770000
28.5904,-0.20384799,-9.296431,0.48623052,1.0,0.9990711,0.29003906,0.0037566945,-17.612524,-17.62714,-2.658741,276.69473,1.1109204,2.1001113e-05,1.6372136,-1.1448767,21.746132,0.9990616,0.24902344,0.0038882266,-17.274078,-17.28822,-2.8099115,107.163795,0.968203,1.6213615e-05,29.444721,-0.2383886,-9.3604355,0.5022319,1.0,0.9990072,0.20410156,0.0043663536,-17.169712,-17.183508,-3.0556571,2902.2202,6.448745,8.543925e-06,0.9990034,0.19628906,0.0043881945,-17.374321,-17.388273,-3.0989518,6338.9233,8.538475,1.9453071e-05,0.011550172138214111,21404.72332715988,775000
32.31614,-0.13730636,-9.2638235,0.4780789,1.0,0.9990883,0.3095703,0.003734725,-17.771606,-17.786394,-2.6465487,403.4088,1.7731274,2.1761241e-05,2.4994624,-1.8400091,22.221743,0.999074,0.25683594,0.0039030975,-17.506933,-17.52122,-2.8912637,81.608986,1.0498086,7.322912e-05,35.17833,-0.21983188,-9.320549,0.49226022,1.0,0.99903584,0.22265625,0.004122157,-17.293856,-17.307838,-2.9917188,3095.157,3.3039672,5.335207e-06,0.99902534,0.22167969,0.0041310443,-17.464252,-17.478354,-3.036901,1149.9695,2.536694,2.3281103e-05,0.01154912118911743,21462.468935489655,780000
30.122564,-0.23608616,-9.302431,0.4877306,1.0,0.9990721,0.28515625,0.003771271,-17.694645,-17.709295,-2.7084174,481.02377,1.8253658,1.6001446e-05,1.7228081,-1.5825577,21.990465,0.9990597,0.25585938,0.0038632057,-17.285168,-17.299295,-2.828275,95.10021,1.0590048,5.9834252e-05,35.653015,-0.2835698,-9.349671,0.49954075,1.0,0.99902153,0.21875,0.0043579107,-17.255795,-17.269508,-3.2259188,1237.4813,2.8023643,1.3342419e-06,0.9990139,0.19238281,0.0043832525,-17.306322,-17.320095,-3.2186255,2828.9502,5.4146767,3.6413512e-05,0.01153890962600708,21520.163486242294,785000
38.3779,-0.1501492,-9.291443,0.48498362,1.0,0.99907684,0.25976562,0.0038280957,-17.584707,-17.599222,-2.7343621,506.94238,1.4675369,8.284319e-06,2.575572,-2.323722,27.472872,0.99906063,0.21386719,0.0039513605,-17.290916,-17.304981,-2.9039044,164.0653,0.8529498,1.545362e-05,29.38487,-0.23067722,-9.361474,0.5024915,1.0,0.9990206,0.21191406,0.004295533,-17.30861,-17.322493,-3.1095226,634.0619,1.2913866,1.4759722e-07,0.99901867,0.19335938,0.0043344893,-17.39711,-17.411064,-3.1223967,1647.7429,4.479515,2.6615047e-07,0.011534251165390015,21577.83474445343,790000
24.950726,-0.24425884,-9.28759,0.4840204,1.0,0.99907875,0.3076172,0.0037185904,-17.725327,-17.740036,-2.6768188,707.64905,2.40983,4.3000437e-05,1.2875639,-1.5788194,18.823727,0.99907494,0.25097656,0.0038560396,-17.567469,-17.581932,-2.7739098,390.24658,2.110089,6.438039e-05,33.7476,-0.23359893,-9.335186,0.49591938,1.0,0.99902725,0.22167969,0.0042591877,-17.160654,-17.174404,-3.093049,7718.9614,6.6730123,3.365351e-06,0.99902344,0.19726562,0.004300018,-17.335423,-17.349339,-3.0985413,2220.7725,5.044772,1.7319486e-05,0.01154289493560791,21635.54922246933,795000
31.375927,-0.17002958,-9.29601,0.48612538,1.0,0.9990797,0.2939453,0.0037756115,-17.655346,-17.66993,-2.73808,219.31178,1.2913975,0.00011240664,3.005079,-1.7419928,21.852673,0.99906826,0.23144531,0.003901274,-17.36695,-17.38108,-2.908152,358.40012,1.1489165,0.00010752473,32.346756,-0.23150599,-9.324151,0.49316078,1.0,0.9990263,0.21289062,0.0042449385,-17.19643,-17.210188,-3.1231837,4664.642,3.8020992,5.314432e-06,0.99903584,0.20800781,0.004235732,-17.160816,-17.17453,-3.132126,10309.095,11.115173,2.003264e-05,0.01152822823524475,21693.190366506577,800000
26.063423,-0.22306052,-9.314566,0.4907644,1.0,0.9990778,0.28125,0.0037658461,-17.672703,-17.687355,-2.6833653,6036.368,4.7477326,2.1262169e-05,1.7496545,-1.018517,18.274128,0.99906063,0.265625,0.0039073844,-17.431187,-17.445478,-2.8108702,252.75102,1.7414956,1.9856472e-05,30.520638,-0.28201276,-9.313747,0.49056005,1.0,0.9990454,0.23730469,0.0041814717,-17.208776,-17.222599,-3.0689166,402.9964,1.3659444,1.4204244e-08,0.9990425,0.21191406,0.004182994,-17.419046,-17.433052,-3.0896878,965.08093,1.9151802,3.6109816e-07,0.2661503827571869,23023.94228219986,805000
37.93541,-0.14963044,-9.295989,0.48612034,1.0,0.99908924,0.2998047,0.003712592,-17.883152,-17.898058,-2.6331549,350.26025,1.4071331,5.2270996e-05,1.8885126,-1.6780307,28.911335,0.9990711,0.26757812,0.0038583793,-17.70584,-17.72037,-2.8433821,90.31457,0.8763001,6.195677e-05,34.63179,-0.23702143,-9.354277,0.50069237,1.0,0.9990444,0.22851562,0.0042637093,-17.198051,-17.21178,-3.1531544,413.6119,1.2531908,3.9312212e-07,0.99904346,0.19433594,0.0042730775,-17.442852,-17.456776,-3.1968932,178.79301,0.95556694,3.4659553e-08,0.005361485385894775,23050.7497112751,810000
31.090836,-0.19800508,-9.288485,0.484244,1.0,0.9990673,0.29296875,0.0037342787,-17.719294,-17.73402,-2.6559544,325.8554,1.4339567,9.445925e-06,2.8933234,-3.5290523,29.750416,0.99906063,0.24902344,0.0038397736,-17.33379,-17.348024,-2.7731233,330.77435,1.6546161,4.6866728e-05,31.454487,-0.2732291,-9.366133,0.50365597,1.0,0.99903965,0.23339844,0.004270721,-17.258646,-17.272451,-3.135802,1615.1425,2.4975953,1.7243057e-06,0.9990349,0.19726562,0.004285865,-17.453669,-17.46767,-3.1292815,11193.907,12.78676,4.2658457e-06,0.005528202724456787,23078.390726566315,815000
28.721724,-0.20143166,-9.271588,0.4800201,1.0,0.9990778,0.28710938,0.0037638047,-17.698807,-17.713417,-2.753819,155.81349,0.8711215,2.438287e-05,1.513405,-2.2950795,23.510612,0.9990654,0.24804688,0.0038792829,-17.532642,-17.546984,-2.8633733,121.26272,0.9608277,7.285562e-05,31.180534,-0.25329491,-9.377994,0.50662136,1.0,0.9990101,0.24609375,0.004179174,-17.385239,-17.399315,-2.98801,3357.362,3.3781505,2.8579198e-05,0.99900436,0.20898438,0.004224402,-17.581875,-17.59613,-2.9980063,58435.203,59.6324,2.8836328e-05,0.007879404926300048,23117.787754058838,820000
31.283638,-0.14913943,-9.282211,0.48267567,1.0,0.9990711,0.29003906,0.00382133,-17.69231,-17.70689,-2.7754068,684.6438,1.6691997,7.6146017e-07,1.416367,-1.8274575,18.112602,0.9990635,0.22753906,0.003971197,-17.426392,-17.440536,-2.9587686,152.642,0.9715682,7.990345e-05,32.150352,-0.24374965,-9.316597,0.4912725,1.0,0.999033,0.19824219,0.0042870026,-17.351974,-17.365767,-3.2439594,395.96436,1.1342454,1.7095838e-06,0.9990263,0.18652344,0.004317535,-17.484337,-17.498253,-3.2484477,1098.7823,2.5391665,4.2155662e-07,0.011531935596466064,23175.44743514061,825000
31.168926,-0.18081209,-9.294594,0.4857715,1.0,0.9990711,0.29589844,0.0037437095,-17.778173,-17.792933,-2.6792011,295.14975,1.582416,2.1174024e-05,2.0874343,-3.683469,25.272728,0.99906635,0.24804688,0.003880132,-17.595936,-17.610352,-2.8466966,430.4568,1.9310216,1.1522992e-05,34.523613,-0.26503065,-9.378439,0.5067328,1.0,0.9990339,0.20800781,0.0042848885,-17.202099,-17.215826,-3.1577547,506.0647,1.8372035,4.2426367e-07,0.999033,0.19726562,0.0043025035,-17.30795,-17.321775,-3.1661263,587.9247,1.8477685,1.5883426e-06,0.011547767543792725,23233.18627500534,830000
32.10208,-0.15831894,-9.28849,0.4842454,1.0,0.9990835,0.29785156,0.003728672,-17.716248,-17.73096,-2.6627183,334.0599,1.4724802,2.643348e-05,2.1098115,-1.7317388,20.580086,0.99907017,0.26171875,0.0038419666,-17.537647,-17.552042,-2.8155594,135.25813,1.0553672,9.197841e-05,27.154465,-0.28115377,-9.364062,0.50313854,1.0,0.9990034,0.20898438,0.004297262,-17.3971,-17.411087,-3.0878224,324.67093,1.5177578,6.097758e-06,0.99900913,0.18359375,0.00429939,-17.576363,-17.5905,-3.1104584,227.21974,1.6053317,3.4153643e-05,0.011552133655548096,23290.946945667267,835000
34.729416,-0.12388675,-9.330636,0.49478197,1.0,0.9990654,0.3076172,0.0037289024,-17.66204,-17.67667,-2.6967583,969.024,1.4745717,6.669057e-05,5.4359045,-3.964116,37.851013,0.99906254,0.2548828,0.0038412367,-17.307117,-17.321218,-2.8807716,154.8967,1.0049522,8.9529545e-05,33.952335,-0.2019105,-9.334153,0.4956612,1.0,0.9990387,0.22949219,0.0042553525,-17.23155,-17.245234,-3.2345662,341.96234,0.90354335,2.9136463e-06,0.9990368,0.20507812,0.004297225,-17.359413,-17.373152,-3.305893,132.85634,0.9310179,4.344582e-07,0.01153975944519043,23348.645745277405,840000
31.88434,-0.19850814,-9.319433,0.49198145,1.0,0.99908066,0.29101562,0.0037795894,-17.625103,-17.639627,-2.7684796,837.9276,1.54243,7.481015e-05,1.5523691,-1.2523589,20.671787,0.9990654,0.25878906,0.003910558,-17.346344,-17.360456,-2.9100485,1075.2542,2.7164059,9.130998e-05,26.66157,-0.29723573,-9.352411,0.50022566,1.0,0.99901867,0.22753906,0.004301628,-17.3162,-17.330029,-3.1683626,815.3364,2.5356665,6.425201e-07,0.99900913,0.21484375,0.0043522865,-17.465378,-17.479355,-3.1678362,120061.88,122.09932,9.2401905e-07,0.011535491943359375,23406.323208093643,845000
32.69338,-0.15582456,-9.302585,0.4877692,1.0,0.999073,0.29101562,0.0037395456,-17.739414,-17.754183,-2.631649,455.7872,1.927624,2.2507284e-05,2.2952192,-2.1088095,27.924553,0.9990597,0.24414062,0.0038924078,-17.393953,-17.408186,-2.8346715,2383.2634,3.3958728,0.000120835895,31.45644,-0.2503929,-9.340719,0.49730283,1.0,0.9990387,0.21289062,0.004232437,-17.123995,-17.13765,-3.1545813,532.26733,1.2599258,1.1760128e-05,0.999032,0.20214844,0.004301403,-17.249039,-17.262741,-3.2334847,128.42747,0.89055526,1.6630622e-05,0.011545843696594239,23464.05246067047,850000
23.95428,-0.22907421,-9.267693,0.47904605,1.0,0.9990797,0.3125,0.0036908588,-17.774006,-17.788761,-2.6793818,137.93903,0.82020426,5.3919994e-06,1.3137089,-1.161624,15.711481,0.9990673,0.2685547,0.0038114423,-17.36166,-17.375898,-2.7936435,75.947395,0.7066821,1.787881e-05,31.97837,-0.2826808,-9.313551,0.4905107,1.0,0.9990339,0.22949219,0.0042641554,-17.398521,-17.412472,-3.1268,725.9987,1.6516569,1.6123217e-06,0.9990263,0.21484375,0.0042762887,-17.525883,-17.540007,-3.0754423,1891.4857,3.3293817,1.0729194e-05,0.011542670154571534,23521.765813589096,855000
25.490072,-0.22512533,-9.294557,0.48576224,1.0,0.9990797,0.3076172,0.0037536558,-17.706093,-17.720747,-2.715263,207.27362,1.0340987,1.0347265e-05,1.1667902,-1.009506,17.749804,0.9990616,0.23242188,0.003909209,-17.446568,-17.460808,-2.8782275,252.9104,1.0569923,9.113285e-05,31.488838,-0.30672666,-9.305298,0.4884473,1.0,0.99904346,0.2109375,0.004264629,-17.594603,-17.608776,-3.0973666,1171.6416,3.271888,3.0957228e-05,0.9990339,0.21191406,0.0042760475,-17.873062,-17.887495,-3.1080353,815.89966,3.2020743,5.9589045e-05,0.011543610334396362,23579.483867168427,860000
30.078129,-0.18054786,-9.268148,0.47916013,1.0,0.99906635,0.30566406,0.0037285015,-17.79766,-17.812458,-2.6598172,298.13232,1.1759888,2.4665806e-06,2.0809941,-1.5692077,24.720516,0.99905777,0.26757812,0.003836351,-17.410412,-17.42469,-2.8034751,218.20035,1.2288321,6.648925e-05,35.923508,-0.27268654,-9.324141,0.4931581,1.0,0.9989853,0.22558594,0.0043468885,-17.533329,-17.547405,-3.1337948,317.15674,1.3432753,3.6374917e-07,0.9990034,0.19628906,0.0043106666,-17.733719,-17.748003,-3.1236424,7842.836,8.778861,2.0232885e-06,0.011537062978744506,23637.16918516159,865000
28.8208,-0.22167462,-9.281915,0.48260146,1.0,0.99908733,0.30566406,0.0037134206,-18.064062,-18.079056,-2.725965,176.67006,1.1647489,1.9481515e-05,2.7533326,-1.7005112,28.417746,0.99907494,0.26757812,0.0038438463,-17.728935,-17.743483,-2.8493009,91.79177,0.85208315,0.00023081506,28.50825,-0.34642947,-9.329811,0.49457586,1.0,0.9990301,0.21289062,0.0043151793,-17.425442,-17.439306,-3.2405198,316.68054,1.2158992,5.598497e-07,0.99902725,0.19921875,0.004318098,-17.526068,-17.540089,-3.1840436,129.7887,1.0344597,1.5687305e-06,0.011542599630355834,23694.882185697556,870000
34.14523,-0.14027548,-9.293594,0.48552173,1.0,0.9990854,0.2998047,0.0037519946,-17.712452,-17.727118,-2.7089205,176.94518,1.2102301,3.556732e-05,1.9775305,-1.6120472,23.661758,0.9990654,0.24316406,0.0038776528,-17.365772,-17.379906,-2.909472,101.244995,0.9402464,2.3705168e-05,31.5691,-0.2567557,-9.354363,0.50071365,1.0,0.99902916,0.22753906,0.0042384868,-17.431683,-17.445694,-3.0999756,371.6121,1.6522207,4.223995e-06,0.99903584,0.21679688,0.004285144,-17.41969,-17.433687,-3.100794,6909.9214,13.299843,2.1299745e-06,0.011538493728637696,23752.574657917023,875000
28.744492,-0.19246235,-9.32087,0.4923408,1.0,0.99907875,0.31347656,0.0036952654,-17.940933,-17.9559,-2.6294885,96.92222,1.1546481,2.685648e-05,2.401896,-2.3037019,20.819607,0.99907017,0.25390625,0.0038298704,-17.569859,-17.584284,-2.8124623,557.6683,1.8826432,4.3084423e-05,32.94502,-0.27921844,-9.35438,0.50071776,1.0,0.9990406,0.21875,0.0042666625,-17.319366,-17.333189,-3.1804278,736.6064,1.5032539,8.24035e-08,0.9990368,0.19921875,0.0043199314,-17.41225,-17.426142,-3.2007637,401.5543,1.7091153,9.303004e-07,0.011536573076248169,23810.257526159286,880000
27.112122,-0.16026798,-9.272718,0.48030263,1.0,0.9990778,0.31933594,0.0036908516,-17.587784,-17.602407,-2.6271977,205.81638,1.1860553,9.969536e-07,2.3718774,-1.5715653,19.050358,0.9990635,0.25585938,0.0038512873,-17.248726,-17.26285,-2.801989,432.26688,1.7995456,7.197744e-05,36.399002,-0.24179357,-9.366859,0.5038378,1.0,0.99902534,0.21679688,0.0042876625,-17.144161,-17.157812,-3.1807933,854.68774,1.1402998,2.8401092e-07,0.999033,0.20214844,0.0042956234,-17.307377,-17.321156,-3.2120216,1002.6324,1.6045673,1.2693998e-06,0.011542513275146484,23867.970094680786,885000
25.015553,-0.15717506,-9.275371,0.48096567,1.0,0.99906826,0.2939453,0.0037782004,-17.533627,-17.548113,-2.7134385,959.24365,1.6701651,4.1285773e-05,1.2161998,-1.6786903,19.455458,0.9990549,0.24804688,0.0039165444,-17.214417,-17.228415,-2.8937626,237.51337,1.4413139,3.772778e-05,27.499378,-0.23231183,-9.316753,0.49131134,1.0,0.999032,0.20898438,0.0043102494,-17.114376,-17.127964,-3.2154856,4251.026,3.8949761,1.7703812e-07,0.9990339,0.20703125,0.004301143,-17.21672,-17.230413,-3.209285,7633.385,8.505514,1.694957e-06,0.011538307571411133,23925.661634206772,890000
34.05847,-0.103907086,-9.298664,0.48678905,1.0,0.99909115,0.30566406,0.00369999,-17.999035,-18.01409,-2.5978508,225.22447,1.4534923,1.4023333e-06,1.2719687,-1.1342682,22.593777,0.99906635,0.25976562,0.0038176607,-17.89744,-17.9122,-2.7972007,59.486996,0.8270106,6.7207566e-06,35.11409,-0.22211146,-9.310598,0.48977268,1.0,0.9990244,0.21289062,0.0043253545,-17.255695,-17.26948,-3.1559024,343.53915,1.9457741,4.1536865e-07,0.9990263,0.19335938,0.0042911973,-17.503662,-17.517664,-3.1807532,11815.457,12.702906,3.977806e-06,0.0115370521068573,23983.34689640999,895000
35.134,-0.15820268,-9.280494,0.48224622,1.0,0.99907494,0.33398438,0.0036996636,-17.69939,-17.714153,-2.6007938,1652.0156,2.5259075,3.5297635e-05,2.0317779,-2.3049765,27.412647,0.99906635,0.27539062,0.0038155552,-17.427135,-17.441483,-2.7482405,215.50702,1.2020963,0.00011791927,35.88069,-0.2513013,-9.3673935,0.5039714,1.0,0.999032,0.23339844,0.0043460648,-17.26793,-17.281754,-3.1258585,3807.816,3.6152549,3.8093185e-07,0.99902916,0.20410156,0.0043643047,-17.436504,-17.450476,-3.1414392,548.079,2.9253836,7.4601085e-06,0.011533503532409667,24041.014416456223,900000
25.691051,-0.23529886,-9.302269,0.4876901,1.0,0.99907684,0.29296875,0.003721884,-17.761414,-17.776169,-2.6673443,248.36838,1.3075058,2.9951141e-05,1.4985617,-1.2501026,19.565334,0.9990654,0.2529297,0.0038593062,-17.370087,-17.384329,-2.8021023,149.97083,1.0471351,5.7486202e-05,25.778236,-0.31532517,-9.327116,0.49390197,1.0,0.99902916,0.20117188,0.0043795165,-17.172161,-17.185762,-3.258635,760.8263,2.0604973,3.7672623e-07,0.999032,0.17871094,0.004409693,-17.039423,-17.052896,-3.2556658,3695.0466,6.20055,5.894836e-07,0.24132269020080566,25247.627868890762,905000
30.049397,-0.20269275,-9.291824,0.48507905,1.0,0.9990854,0.2919922,0.0037084152,-17.87547,-17.890335,-2.6661003,310.2298,1.3025262,9.306381e-06,1.5395948,-2.8447142,25.68559,0.9990673,0.24707031,0.0038517895,-17.580738,-17.595163,-2.8234048,109.031265,0.9322715,1.745336e-05,30.348797,-0.2840137,-9.374647,0.5057849,1.0,0.9990063,0.23339844,0.0042564953,-17.371086,-17.385035,-3.099715,847.1942,1.3241075,5.0567115e-07,0.99901485,0.19628906,0.00427639,-17.504196,-17.51826,-3.1171384,487.9727,1.7081563,1.673626e-06,0.00437960638999939,25269.525902748108,910000
29.070889,-0.19274607,-9.259329,0.47695512,1.0,0.9990635,0.2861328,0.0037941954,-17.781261,-17.795965,-2.7383842,144.43166,1.2569087,9.891251e-06,1.5105475,-1.517062,22.069662,0.9990587,0.23925781,0.0039167665,-17.425983,-17.440187,-2.8947675,147.15228,1.079117,3.6911853e-05,28.378357,-0.26981068,-9.339024,0.496879,1.0,0.9990339,0.20898438,0.004283362,-17.063007,-17.076546,-3.2132492,868.0619,2.1113615,1.5578025e-06,0.99903107,0.20410156,0.0043291803,-17.206734,-17.220392,-3.2353284,1114.3378,3.056912,3.217905e-06,0.00427666072845459,25290.90920972824,915000
31.521835,-0.19709231,-9.310143,0.48965904,1.0,0.999073,0.31445312,0.0037365106,-17.69054,-17.705206,-2.6855996,195.30042,0.92141736,3.542507e-05,3.487455,-2.147606,27.305695,0.9990597,0.2607422,0.0038524666,-17.34364,-17.357851,-2.803832,62.888607,0.70577914,8.650003e-05,28.8758,-0.29012245,-9.343149,0.49791017,1.0,0.9990282,0.234375,0.0041387235,-17.32267,-17.336689,-2.9830685,676.00665,1.833415,1.0806998e-06,0.99902344,0.21191406,0.00419446,-17.481401,-17.495514,-3.0443387,1457.5519,4.672953,8.909778e-05,0.004319119596481323,25312.504809379578,920000
25.155548,-0.22965819,-9.3279505,0.4941104,1.0,0.999073,0.27929688,0.0038054916,-17.780956,-17.795597,-2.8008823,765.8347,1.5518327,5.473416e-05,2.2351482,-4.151857,29.813786,0.99906826,0.23632812,0.003923677,-17.533983,-17.548271,-2.9188223,601.5556,1.5462339,4.0174647e-05,35.24039,-0.22053832,-9.352785,0.5003192,1.0,0.9990206,0.23242188,0.004394065,-17.382717,-17.396591,-3.190011,1529.0979,3.391686,1.954657e-09,0.999012,0.20117188,0.0044228644,-17.5483,-17.562315,-3.21247,1750.1709,4.172766,7.4300425e-07,0.004520735263824463,25335.10848760605,925000
28.784838,-0.20393579,-9.296745,0.48630923,1.0,0.9990864,0.28808594,0.0037677023,-17.900795,-17.91568,-2.6721222,223.91357,1.5063822,7.028302e-08,1.0344462,-1.5379122,17.82372,0.9990616,0.25,0.0038605542,-17.641275,-17.655748,-2.8339086,265.4036,1.8138199,0.00020098362,31.80258,-0.28502437,-9.360487,0.5022448,1.0,0.99902153,0.22070312,0.00426801,-17.296822,-17.31066,-3.143129,1543.3102,3.2335863,3.8925901e-07,0.9990206,0.1953125,0.00429848,-17.218767,-17.232462,-3.2089305,11496.054,12.7916155,1.3163831e-06,0.004431368112564087,25357.265330553055,930000
27.020042,-0.2052141,-9.343733,0.49805608,1.0,0.99907875,0.29296875,0.0037697852,-18.045761,-18.06072,-2.7398849,126.528244,1.0750206,1.3150536e-05,1.9761481,-1.4516748,21.27278,0.9990587,0.23339844,0.0039361934,-17.737083,-17.751568,-2.918801,136.54062,0.8808049,1.33168105e-05,34.898552,-0.28896877,-9.383563,0.5080137,1.0,0.99904346,0.20605469,0.0043273196,-17.231064,-17.244738,-3.2426627,376.71558,1.9703236,7.939801e-07,0.9990349,0.19042969,0.0043785973,-17.40326,-17.41706,-3.2844589,545.0771,2.6132221,2.3947446e-06,0.004550798892974854,25380.019326925278,935000
33.956573,-0.17960408,-9.286653,0.4837861,1.0,0.999074,0.29492188,0.0037382406,-18.115326,-18.130373,-2.7247467,553.99274,1.5428402,2.9847917e-05,2.7843184,-2.169388,30.637135,0.99906063,0.24609375,0.0038696826,-17.714602,-17.729105,-2.877889,84.58545,0.81747425,4.687415e-05,36.376633,-0.27723455,-9.356478,0.5012425,1.0,0.99903584,0.2265625,0.0042518433,-17.480125,-17.494131,-3.1523678,766.72705,2.6658216,3.9156928e-11,0.99902916,0.20800781,0.0042614313,-17.590973,-17.605091,-3.1510906,4800.9414,6.3957634,6.147386e-07,0.0046974307060241695,25403.506482362747,940000
25.285845,-0.19347468,-9.33514,0.49590808,1.0,0.99908257,0.32617188,0.003674675,-17.95089,-17.965887,-2.6072414,151.06046,1.290439,1.7889992e-06,1.470249,-1.7020068,19.978973,0.99906826,0.28808594,0.00376451,-17.695644,-17.710266,-2.7383146,79.81148,0.86654323,4.0054296e-05,32.411804,-0.20227109,-9.371507,0.50499964,1.0,0.99902725,0.22070312,0.0042672763,-17.636072,-17.650274,-3.1050751,959.1083,2.7300906,8.3165406e-07,0.9990349,0.19238281,0.0042382497,-17.864145,-17.878553,-3.1259797,185.52795,1.8701239,2.4602516e-06,0.004597490072250366,25426.493933916092,945000
35.770996,-0.16173482,-9.291408,0.48497492,1.0,0.9990711,0.29492188,0.0037603644,-17.781635,-17.796347,-2.7335792,164.95596,0.9992058,0.000100209065,3.0138385,-1.8598666,25.175,0.99905396,0.265625,0.0039148396,-17.573387,-17.587732,-2.8961952,138.56339,0.9334092,8.75691e-05,27.729034,-0.33770204,-9.338261,0.49668822,1.0,0.9990349,0.20800781,0.004266539,-17.361515,-17.37537,-3.1881096,640.9749,1.6363984,1.1730617e-06,0.99902344,0.19824219,0.004277998,-17.468876,-17.482824,-3.1992073,3796.9736,5.182489,1.2550023e-06,0.004685556745529174,25449.921719312668,950000
26.528275,-0.21414015,-9.339827,0.49707943,1.0,0.9990835,0.3173828,0.003745434,-17.839628,-17.854445,-2.6821885,318.64334,1.5027132,6.9213354e-05,2.5058334,-2.600887,24.798828,0.9990616,0.2529297,0.0038616373,-17.50927,-17.523619,-2.8290484,112.191185,1.2250339,0.00012572316,34.20418,-0.24402818,-9.338344,0.4967087,1.0,0.99903107,0.2109375,0.00429178,-17.181114,-17.194843,-3.1364822,24308.059,15.946599,8.04003e-07,0.99902725,0.18066406,0.0043474147,-17.260632,-17.274418,-3.156494,15073.266,25.19641,9.00199e-06,0.004459678459167481,25472.220113754272,955000
35.050606,-0.14013311,-9.290105,0.48464918,1.0,0.99907875,0.30078125,0.0037649742,-17.732273,-17.746971,-2.6958487,220.88383,1.3596839,1.010851e-06,3.1310544,-2.1153126,34.217545,0.9990568,0.25,0.0039072116,-17.358198,-17.372332,-2.8976533,292.56842,1.2739968,2.2397739e-05,36.079185,-0.2810636,-9.294432,0.48573098,1.0,0.9990349,0.21972656,0.0042476812,-17.424381,-17.43834,-3.144934,1691.3783,3.8417156,4.2946212e-07,0.99903584,0.20410156,0.0042584273,-17.485788,-17.49976,-3.1927738,227.55804,1.3086445,9.793959e-06,0.004504573154449463,25494.74298095703,960000
27.45187,-0.14736582,-9.317564,0.49151385,1.0,0.9990721,0.3046875,0.0037775952,-17.731613,-17.74629,-2.7176545,2339.1816,2.7649217,4.5942015e-05,1.7098771,-1.1430752,17.860228,0.9990597,0.25585938,0.0038888082,-17.310738,-17.32486,-2.865541,239.89418,1.232692,2.5372992e-05,28.949234,-0.2603398,-9.312885,0.4903443,1.0,0.99903107,0.21386719,0.0042600995,-17.315233,-17.32913,-3.100908,595.3047,2.386051,1.2758687e-08,0.9990349,0.19824219,0.0042737336,-17.424608,-17.43856,-3.1543248,9359.472,11.637985,1.533801e-07,0.004390182399749756,25516.69389486313,965000
35.13733,-0.12658498,-9.25831,0.4767006,1.0,0.9990616,0.2705078,0.0038998346,-17.516624,-17.530981,-2.830942,193.27608,0.9650845,1.0285719e-06,2.084866,-2.9430149,25.106125,0.99906254,0.22460938,0.003996849,-17.286863,-17.300861,-2.966033,250.33128,0.9322876,3.7153577e-06,38.71295,-0.2358976,-9.344986,0.49836957,1.0,0.999032,0.21777344,0.0043592765,-17.338861,-17.352665,-3.219371,5170.132,4.9329653,4.9724594e-07,0.9990244,0.20019531,0.0043796278,-17.542044,-17.555983,-3.2835612,774.6619,1.5329199,5.578977e-06,0.004570474720001221,25539.546271324158,970000
27.792885,-0.2046607,-9.326867,0.4938398,1.0,0.9990921,0.31835938,0.003673823,-17.955624,-17.97063,-2.6016588,396.22028,1.5885808,2.1732123e-05,1.2028444,-2.3038118,20.08603,0.9990759,0.2783203,0.0037888114,-17.596235,-17.610743,-2.7566326,539.9838,2.0281024,1.1510756e-05,32.221733,-0.23977739,-9.348951,0.49936095,1.0,0.9990349,0.20800781,0.004260423,-17.335567,-17.349455,-3.1306214,471.85983,2.2311049,1.651319e-06,0.9990387,0.19726562,0.00426562,-17.305359,-17.319193,-3.1553755,4633.23,5.992195,6.6359553e-06,0.004746285915374756,25563.277703762054,975000
26.732618,-0.19475041,-9.291992,0.48512113,1.0,0.9990854,0.31835938,0.0037253646,-17.986908,-18.001863,-2.6876647,1245.4006,1.7527826,3.2859087e-05,2.619151,-1.7739505,21.216248,0.99906635,0.26367188,0.0038390076,-17.84449,-17.859167,-2.8308873,507.4793,1.5029168,6.1473984e-05,32.79426,-0.2826572,-9.345159,0.49841273,1.0,0.9990225,0.21191406,0.004360499,-17.412468,-17.426376,-3.183738,343.6537,2.0355825,1.7228534e-07,0.99901867,0.20507812,0.0043857624,-17.49252,-17.506477,-3.2118115,39515.445,41.522697,4.8766765e-06,0.005217253017425537,25589.363973140717,980000
27.53816,-0.25919104,-9.268379,0.4792179,1.0,0.9990721,0.2763672,0.003780597,-17.936373,-17.951212,-2.7556882,385.15128,1.4197869,1.2644299e-05,1.6952093,-1.2379649,24.36713,0.99906254,0.22851562,0.0038682874,-17.731895,-17.746498,-2.7941744,229.9454,1.689141,1.2368757e-05,23.150959,-0.29391897,-9.351351,0.49996042,1.0,0.9990244,0.20800781,0.0043979166,-17.416634,-17.430485,-3.2442524,997.0728,2.2703905,8.312904e-08,0.9990263,0.19238281,0.004403572,-17.435524,-17.44943,-3.2064216,2249.3792,5.229035,7.882428e-08,0.0049228414058685305,25613.97818350792,985000
26.16248,-0.19995914,-9.28295,0.48286077,1.0,0.99908257,0.31054688,0.0037758378,-17.847315,-17.862177,-2.6408105,242.51535,1.4854352,0.00011174172,0.9678997,-1.4912521,19.166744,0.9990616,0.2578125,0.0038957587,-17.64635,-17.660862,-2.8028622,163.69272,1.1558886,0.00021960831,32.567413,-0.23639518,-9.344284,0.49819404,1.0,0.9990158,0.19824219,0.004392828,-17.265032,-17.278835,-3.1444879,1727.5767,4.135591,8.66564e-09,0.9990158,0.19238281,0.0043637785,-17.349567,-17.363407,-3.1918616,679.9867,1.9551002,2.5229809e-05,0.004817663621902466,25638.066503047943,990000
25.203545,-0.17286393,-9.302301,0.48769826,1.0,0.9990711,0.28027344,0.003800389,-17.798262,-17.812946,-2.7755866,244.48282,1.2863486,1.6652064e-05,1.1748177,-1.4308457,17.232197,0.99905777,0.22851562,0.003929907,-17.530975,-17.545267,-2.9096913,84.02058,0.94789803,2.5801308e-05,35.994194,-0.26545876,-9.326651,0.49378568,1.0,0.9990034,0.22070312,0.004329841,-17.632565,-17.646803,-3.0664892,4554.522,4.95383,5.587347e-06,0.99900246,0.19238281,0.004312786,-17.943962,-17.958496,-3.0749457,3985.7495,6.3531866,6.45573e-06,0.0047041881084442135,25661.587445259094,995000
33.363487,-0.18224049,-9.310284,0.4896939,1.0,0.9990692,0.31152344,0.0037733433,-17.754726,-17.769447,-2.6958208,212.23917,0.8382879,3.5004647e-05,1.5586919,-2.8873541,27.161839,0.9990473,0.25097656,0.003917604,-17.603374,-17.617762,-2.8854542,147.53308,0.70924056,1.4027766e-05,32.071007,-0.26112086,-9.320963,0.49236378,1.0,0.9990368,0.20117188,0.0042700004,-17.351728,-17.365623,-3.137625,759.0681,2.1374862,1.4208593e-06,0.9990301,0.18164062,0.0043048803,-17.684582,-17.698751,-3.1886377,7854.4375,9.866893,3.347541e-06,0.0045507984161376955,25684.34143924713,1000000
