training/actor/actor_loss,training/actor/adv,training/actor/bc_log_prob,training/actor/mse,training/actor/std,training/critic/binary_accuracy,training/critic/categorical_accuracy,training/critic/contrastive_loss,training/critic/logits,training/critic/logits_neg,training/critic/logits_pos,training/critic/v_max,training/critic/v_mean,training/critic/v_min,training/grad/max,training/grad/min,training/grad/norm,training/value/binary_accuracy,training/value/categorical_accuracy,training/value/contrastive_loss,training/value/logits,training/value/logits_neg,training/value/logits_pos,training/value/v_max,training/value/v_mean,training/value/v_min,validation/actor/actor_loss,validation/actor/adv,validation/actor/bc_log_prob,validation/actor/mse,validation/actor/std,validation/critic/binary_accuracy,validation/critic/categorical_accuracy,validation/critic/contrastive_loss,validation/critic/logits,validation/critic/logits_neg,validation/critic/logits_pos,validation/critic/v_max,validation/critic/v_mean,validation/critic/v_min,validation/value/binary_accuracy,validation/value/categorical_accuracy,validation/value/contrastive_loss,validation/value/logits,validation/value/logits_neg,validation/value/logits_pos,validation/value/v_max,validation/value/v_mean,validation/value/v_min,time/epoch_time,time/total_time,step
82.83859,-0.10793207,-5.0979257,0.20129322,1.0,0.39592648,0.0009765625,0.9081223,0.19524617,0.19532017,0.119541265,39.60426,2.0202472,0.06906089,0.4951554,-3.365487,88.014915,0.65794754,0.0,0.6277555,-0.37534246,-0.37531257,-0.40590763,10.72788,1.0333362,0.026655503,74.50218,0.04644712,-5.068203,0.18940407,1.0,0.99902344,0.0009765625,0.014243913,-5.282666,-5.28264,-5.3095713,0.69495845,0.011066178,0.00012778526,0.99902344,0.0009765625,0.010996014,-5.8746967,-5.8747,-5.8708487,0.1613455,0.0060586026,0.00010002364,0.011645884656906127,58.22942495346069,1
7.883234,-0.20918909,-4.6510134,0.022528468,1.0,0.9990301,0.3154297,0.00449236,-15.764194,-15.77615,-3.533475,6.710356,0.13031437,2.690379e-06,0.04649171,-0.065694325,1.079155,0.99903107,0.3095703,0.004485256,-15.547565,-15.5593,-3.543198,3.6251316,0.12325891,6.3988664e-06,5.8352647,-0.29458582,-4.652814,0.023248611,1.0,0.9990158,0.2529297,0.004669031,-15.875048,-15.887124,-3.5203924,2.5679445,0.11228477,6.1661367e-06,0.9990139,0.23339844,0.004669127,-15.592655,-15.604503,-3.4734168,1.6595823,0.11455342,2.6792386e-06,0.10474465975761414,581.95272564888,5000
16.23359,-0.22394812,-4.65038,0.022275051,1.0,0.9990587,0.3876953,0.004036878,-14.775272,-14.786696,-3.0900378,18.008106,0.2727574,7.3827787e-06,0.10495248,-0.19200772,1.993171,0.99905396,0.38476562,0.004030358,-14.518933,-14.530034,-3.1629958,27.831787,0.28652576,1.1839361e-05,15.011887,-0.28105643,-4.6548166,0.024049519,1.0,0.99899006,0.27148438,0.0046583675,-14.600874,-14.611894,-3.3285089,9.144777,0.25259387,1.07555024e-07,0.99895954,0.2548828,0.0047106417,-14.23391,-14.244561,-3.3367214,5.9507055,0.2599998,1.2966915e-06,0.11363231902122498,1150.1143219470978,10000
25.518948,-0.40982413,-4.642839,0.019258613,1.0,0.9991064,0.3935547,0.0038161394,-14.564434,-14.575964,-2.7696352,28.2982,0.5355749,6.541915e-06,0.35569382,-0.31293643,3.6217136,0.99910355,0.38964844,0.003773252,-14.490027,-14.501497,-2.756824,22.748384,0.49705797,1.867233e-05,30.868023,-0.3517685,-4.644784,0.020036656,1.0,0.9989166,0.27148438,0.00493365,-14.429904,-14.440673,-3.412798,109.93206,0.6296892,3.6695258e-07,0.99890995,0.25,0.0049793064,-14.273672,-14.2842455,-3.4560044,33.761288,0.51230454,2.0334545e-07,0.09263176102638244,1613.27312874794,15000
38.239395,-0.49636424,-4.641412,0.018687531,1.0,0.9991436,0.44726562,0.0034071044,-15.11368,-15.126212,-2.2927802,45.76183,0.7672744,3.9542556e-07,0.77185905,-0.36335367,4.498948,0.9991169,0.43554688,0.0033976662,-15.082077,-15.094558,-2.31498,29.618414,0.7247826,7.4211624e-07,53.423203,-0.5038433,-4.6412697,0.018630808,1.0,0.9988766,0.296875,0.0051265033,-15.060821,-15.072199,-3.4205294,128.12843,0.9948535,1.3037489e-07,0.9988251,0.26464844,0.005285844,-14.982534,-14.993646,-3.6151214,1309.2515,2.6311393,5.6055146e-08,0.032417360258102414,1775.3599317073822,20000
39.249985,-0.6842849,-4.6425924,0.019159837,1.0,0.9992056,0.5517578,0.0029481659,-16.011189,-16.025064,-1.815039,247.39397,1.3528197,9.235909e-07,0.34549236,-0.4774009,3.4834695,0.99918556,0.5332031,0.0029098506,-16.137154,-16.151236,-1.7321802,23.40867,1.1256447,1.5935584e-05,66.92857,-0.512753,-4.645157,0.020185709,1.0,0.9988041,0.2734375,0.0058793733,-15.781977,-15.793421,-4.0748444,264.22253,1.3513424,7.5729275e-08,0.99873257,0.25390625,0.0060342094,-15.913709,-15.925149,-4.209428,186.0078,1.4344127,3.3207456e-08,0.09153147954940796,2233.017331838608,25000
45.76109,-0.8253058,-4.6366925,0.016799996,1.0,0.99921036,0.6035156,0.0026938114,-16.747948,-16.762903,-1.4504426,255.00623,1.5524298,2.1879625e-07,0.3044658,-0.82628685,4.607819,0.99919796,0.5722656,0.0026855764,-16.73531,-16.75032,-1.3777682,114.80764,1.8253553,1.2304021e-06,71.75372,-0.87991714,-4.6407404,0.018419223,1.0,0.9987936,0.2626953,0.006113155,-16.72681,-16.738956,-4.298612,273.58643,1.4891133,6.2227263e-09,0.9987011,0.24707031,0.0062097064,-16.680988,-16.693085,-4.3067923,92.98558,1.662037,7.826813e-09,0.031695619106292726,2391.4954290390015,30000
53.53907,-0.7613667,-4.639797,0.018041695,1.0,0.9992504,0.64453125,0.0025216471,-17.192915,-17.20857,-1.177726,697.4714,2.0844045,8.4712815e-09,0.40394512,-0.3445704,4.49512,0.9992199,0.6044922,0.0024594297,-17.069225,-17.084948,-0.9829103,245.77008,2.2198994,9.162003e-08,76.177216,-0.93231237,-4.63515,0.016182989,1.0,0.99875546,0.26953125,0.0062923534,-17.27702,-17.28956,-4.4479585,689.2871,2.5087793,2.7677657e-10,0.99866104,0.24316406,0.0064972113,-17.157803,-17.170229,-4.444347,445.5294,3.068063,4.1745207e-10,0.09598863096237183,2871.4385857582092,35000
51.53992,-0.850025,-4.64202,0.01893117,1.0,0.99926853,0.6777344,0.002354917,-17.75569,-17.772036,-1.0335122,79.76186,1.9032861,1.8144434e-07,0.64997804,-0.4827991,4.817745,0.9992409,0.6425781,0.002360243,-17.832653,-17.849096,-1.0115693,165.24,2.389732,2.1158722e-07,94.6937,-0.9404238,-4.633161,0.015387348,1.0,0.99875164,0.27148438,0.0065730168,-17.613949,-17.626657,-4.613575,20384.889,14.83991,7.084054e-10,0.99864197,0.25,0.0068684835,-17.829174,-17.841913,-4.797548,388.0486,2.618507,1.0231079e-10,0.026722976350784303,3005.053469181061,40000
63.434395,-0.78733796,-4.6394687,0.017910494,1.0,0.9993143,0.71875,0.0021918006,-18.216528,-18.233717,-0.6328604,335.51675,2.742625,3.1276482e-08,0.61992913,-0.5388491,6.0530815,0.9992647,0.66796875,0.002195875,-18.249302,-18.266514,-0.6395374,108.64168,2.8430495,2.1739426e-08,86.1944,-1.2527483,-4.634657,0.015985822,1.0,0.9987297,0.2626953,0.0069931317,-18.17875,-18.191463,-5.1726747,2645.603,4.8281937,6.315746e-12,0.9986973,0.23632812,0.006887369,-18.141373,-18.154081,-5.141613,225.80269,1.8591895,9.280708e-11,0.09552894911766052,3482.698219060898,45000
67.891235,-0.6561856,-4.6375976,0.01716186,1.0,0.9993267,0.73535156,0.0020600474,-18.4713,-18.488804,-0.5666943,552.1864,3.0552034,8.6548e-10,0.39031073,-0.9919326,5.3351593,0.99927616,0.68652344,0.002059943,-18.502886,-18.520386,-0.59909886,55.750504,2.647228,3.0784147e-07,85.10734,-1.1989971,-4.6437187,0.019610412,1.0,0.9987116,0.26464844,0.0071830587,-18.624313,-18.637281,-5.356933,960.74426,2.682764,7.9622905e-11,0.9986086,0.23046875,0.0073870225,-18.488077,-18.500793,-5.478341,397.90744,2.6986666,1.6755692e-12,0.029338114547729492,3629.3887934684753,50000
61.800606,-0.8159898,-4.635331,0.016255356,1.0,0.9993553,0.7265625,0.0020274813,-18.671253,-18.689077,-0.43777552,213.32796,3.3030572,2.1030552e-11,0.7650218,-1.0181752,6.4765134,0.99932003,0.6904297,0.002029477,-18.756357,-18.774162,-0.54058963,44.869793,2.5892272,3.707258e-07,82.11686,-1.2075815,-4.6358004,0.016443018,1.0,0.9987755,0.24511719,0.0073582046,-18.715721,-18.728436,-5.706717,778.44666,3.4994283,2.0735883e-11,0.9986563,0.21386719,0.00744869,-18.621225,-18.633932,-5.6236277,433.97528,2.9516842,2.7358198e-12,0.12290036449432373,4243.890617609024,55000
62.95299,-0.85679007,-4.6352215,0.01621153,1.0,0.9993553,0.7363281,0.0020293286,-19.016933,-19.034927,-0.60681176,92.37699,2.5893717,2.0149353e-06,0.16168776,-0.9715355,6.6835427,0.9993191,0.6796875,0.002056823,-18.908606,-18.926495,-0.6073383,239.7135,3.0755453,2.2731937e-08,77.22663,-1.3599137,-4.6357446,0.01642079,1.0,0.99874973,0.26660156,0.007254388,-18.94836,-18.961573,-5.4306107,734.3972,3.0640867,1.5788084e-12,0.998682,0.24023438,0.0072870348,-18.796202,-18.809301,-5.393209,1034.8679,4.9839697,7.447451e-11,0.03972302350997925,4442.505737066269,60000
63.098,-0.7734866,-4.6405287,0.018334318,1.0,0.9993954,0.7363281,0.0019115435,-19.02877,-19.047106,-0.27213746,70.298965,3.48848,1.0112352e-09,0.8257929,-0.45662004,4.656088,0.99932384,0.71191406,0.001935704,-19.17961,-19.198,-0.36416352,564.2433,3.9184866,1.9427143e-06,88.1913,-1.3174125,-4.636878,0.016874323,1.0,0.99872684,0.2529297,0.0075719706,-19.061333,-19.074389,-5.7046247,793.4448,4.544343,1.7234675e-11,0.9986534,0.23535156,0.0077082245,-19.008297,-19.021194,-5.8140163,171.97554,3.3077312,3.7473816e-13,0.0380362895488739,4632.68718624115,65000
60.76829,-0.75949335,-4.6354446,0.016300907,1.0,0.9993963,0.75390625,0.0018846411,-19.522243,-19.541082,-0.25115943,127.87037,3.4234805,2.568146e-07,0.19626392,-0.622825,5.9971113,0.9993124,0.6933594,0.0019277022,-19.479156,-19.497862,-0.3433491,510.09753,3.85965,1.9202412e-07,99.58415,-1.1899254,-4.636945,0.016900806,1.0,0.99876404,0.24609375,0.007817019,-19.39725,-19.410273,-6.073581,473.2842,2.718038,8.833335e-13,0.99867725,0.21484375,0.007970324,-19.311686,-19.324558,-6.14186,970.1928,3.2830467,1.4624593e-11,0.0331081223487854,4798.227800130844,70000
53.26641,-0.8706831,-4.6357584,0.01642651,1.0,0.99939346,0.76464844,0.0017925464,-19.357597,-19.37642,-0.10340759,123.57447,3.9750552,1.1960871e-07,0.596609,-0.91878325,5.10818,0.9993572,0.7294922,0.0017944084,-19.244396,-19.263126,-0.082957685,311.57782,4.5014544,4.033369e-07,77.58455,-1.509151,-4.635472,0.01631164,1.0,0.99869156,0.25683594,0.00744909,-19.361336,-19.374966,-5.4146533,8476.876,7.992089,2.1764826e-11,0.9986057,0.23730469,0.0075712055,-19.235977,-19.249514,-5.388695,3454.7615,6.988598,6.167221e-11,0.032941011333465574,4962.932860136032,75000
59.84474,-0.8064437,-4.6400776,0.018153895,1.0,0.9994259,0.78515625,0.001734481,-19.714296,-19.733408,-0.16385548,156.54953,3.5392022,1.2046935e-07,0.37387633,-0.3253604,5.1440687,0.9993706,0.74316406,0.0018049716,-19.697195,-19.716208,-0.24838617,538.8688,3.848043,8.3618906e-10,89.84111,-1.3891782,-4.638382,0.0174758,1.0,0.9987755,0.26953125,0.0076293303,-19.624767,-19.638285,-5.7973204,815.4866,4.635215,1.0303919e-12,0.99868107,0.25,0.007721659,-19.497248,-19.510714,-5.719137,1122.9972,5.3584514,1.1866222e-10,0.11894923310279847,5557.679027557373,80000
58.484024,-0.8481113,-4.642098,0.018962225,1.0,0.9994192,0.7998047,0.0017367792,-19.828022,-19.847292,-0.11666925,178.0248,3.6884763,5.686113e-07,0.34266508,-0.29286608,4.682049,0.9993706,0.7373047,0.0017855709,-19.753445,-19.772587,-0.17083767,179.87166,3.787619,3.600746e-08,90.748886,-1.436305,-4.633706,0.015605298,1.0,0.998765,0.2607422,0.007673735,-19.855522,-19.869276,-5.787924,2702.1848,7.82601,5.7022074e-13,0.9986601,0.234375,0.007712967,-19.786251,-19.799908,-5.8151407,657.4195,4.175827,8.694352e-12,0.039844397258758546,5756.901016235352,85000
62.671432,-0.7344627,-4.6345615,0.015947675,1.0,0.9994669,0.7841797,0.0016817938,-19.958233,-19.97768,-0.06696022,95.70611,3.7985387,2.0553788e-09,0.47089624,-0.5155422,4.5074944,0.9993954,0.7470703,0.001671912,-19.874786,-19.8942,-0.015483119,265.28262,4.3557596,3.2523373e-09,89.51661,-1.3645518,-4.637865,0.017269257,1.0,0.9986906,0.2705078,0.0077824625,-19.819382,-19.833006,-5.88229,4284.5713,6.162968,5.3701596e-13,0.99862385,0.23046875,0.007922696,-19.574186,-19.587511,-5.943969,5165.903,9.017906,8.854396e-11,0.035442845964431764,5934.115249633789,90000
60.42991,-0.8585822,-4.6377897,0.017238779,1.0,0.99942493,0.78808594,0.0017270214,-19.87547,-19.894943,0.04593383,307.80106,4.4312243,5.4763547e-07,0.7060977,-0.7582412,4.5766277,0.99935055,0.7265625,0.0018250945,-19.86248,-19.881897,0.0012325197,105.9158,4.47954,2.017942e-07,94.286705,-1.3827524,-4.6385665,0.017549608,1.0,0.9987068,0.25390625,0.008110905,-20.018106,-20.031628,-6.1857595,928.57666,4.545149,6.2112624e-12,0.99863434,0.22753906,0.0081986645,-19.88213,-19.895441,-6.2627716,415.89258,3.3845525,1.2307392e-11,0.03891302256584168,6128.680364608765,95000
59.29734,-0.9001008,-4.639637,0.017977789,1.0,0.9994917,0.81933594,0.0015419099,-19.83519,-19.854778,0.20128405,106.12368,4.3821917,5.150691e-07,0.7296126,-0.34550723,5.810183,0.9994116,0.7607422,0.0015985828,-19.755608,-19.775038,0.12211894,81.58471,4.060705,2.381402e-07,94.22473,-1.4566362,-4.633087,0.015357909,1.0,0.9987278,0.23632812,0.008110692,-20.039284,-20.052725,-6.2878647,925.56006,4.0579033,2.0554188e-12,0.99864864,0.22265625,0.008178728,-19.745327,-19.758411,-6.359054,2421.963,7.8413534,4.963636e-11,0.034021060276031495,6298.785667657852,100000
64.087875,-0.7736008,-4.633477,0.015513688,1.0,0.99940777,0.7714844,0.0017394094,-20.019289,-20.038933,0.076910794,276.65527,4.328168,1.4329152e-07,1.2326137,-0.52457017,5.7498937,0.99935055,0.75,0.0017345855,-19.984121,-20.003654,-0.00011835992,179.64006,4.4662924,1.377007e-07,74.34205,-1.7642252,-4.640367,0.018269828,1.0,0.99866295,0.23242188,0.008232826,-20.16749,-20.181057,-6.2881293,1424.9966,5.24319,2.7321227e-12,0.9985781,0.20703125,0.008332167,-19.981365,-19.994781,-6.2545824,971.04395,5.152892,7.768925e-13,0.1345013991832733,6971.2926659584045,105000
60.391106,-0.8514272,-4.634323,0.015852055,1.0,0.9994583,0.80078125,0.0016853426,-20.200592,-20.2203,-0.03774686,227.27101,4.367939,2.3358895e-07,0.5517134,-0.3331613,5.0724683,0.9994068,0.7714844,0.0016832221,-20.156061,-20.175709,-0.058583662,325.7462,4.6339607,8.854068e-09,91.04933,-1.5205576,-4.6354265,0.016293673,1.0,0.9986706,0.24316406,0.0083782915,-20.193764,-20.207218,-6.4306326,2323.7366,7.2668076,7.991468e-12,0.9986067,0.21289062,0.008547964,-20.004736,-20.01798,-6.4538946,6218.529,11.363588,5.6360142e-12,0.048445651578903196,7213.520927906036,110000
65.19332,-0.7482438,-4.6339574,0.015705792,1.0,0.9994869,0.8417969,0.0014490848,-20.23552,-20.255592,0.2975502,252.0121,5.0588408,2.1891365e-06,0.31924906,-0.6297359,4.7002206,0.99947166,0.8017578,0.0014637802,-20.157164,-20.177128,0.26540476,258.58054,4.865159,7.025425e-07,103.86741,-1.2522681,-4.638484,0.017516656,1.0,0.9987259,0.24511719,0.008193219,-20.085556,-20.098944,-6.394126,102915.17,58.05987,1.0171404e-10,0.9986248,0.20605469,0.008270426,-19.966255,-19.979445,-6.473294,142.41855,2.5610523,4.9172652e-11,0.04839974522590637,7455.51965546608,115000
53.93315,-0.8431418,-4.6391935,0.017800516,1.0,0.999444,0.81347656,0.0015119636,-20.493267,-20.513462,0.16750461,117.500465,4.137283,1.3497868e-06,0.4386617,-0.6898817,4.845833,0.9994211,0.7675781,0.0015338648,-20.313526,-20.33358,0.19849332,146.56873,4.4624443,1.0239734e-05,95.86373,-1.4193661,-4.6411533,0.01858442,1.0,0.9987478,0.25097656,0.008244623,-20.443157,-20.456818,-6.4703474,1188.173,5.51223,4.9228464e-12,0.9986601,0.22460938,0.00837333,-20.175148,-20.188488,-6.529248,301.56924,3.4950728,4.8238197e-12,0.04504394106864929,7680.739363193512,120000
53.635452,-0.8244763,-4.630435,0.014296985,1.0,0.9994478,0.8066406,0.0015570124,-20.52398,-20.544249,0.2105419,241.65999,4.8030963,2.8534108e-08,0.6275342,-0.65357363,5.64254,0.9993849,0.7558594,0.0015924094,-20.418106,-20.438261,0.20339227,122.66346,4.453315,1.5590048e-08,100.26453,-1.2846968,-4.6353664,0.016269634,1.0,0.9988146,0.2685547,0.0077147987,-20.400097,-20.41409,-6.0853024,1562.4756,4.9316354,7.996831e-13,0.99873257,0.25097656,0.007873798,-20.306442,-20.320248,-6.184403,1597.3313,4.589864,2.519607e-11,0.03973707156181335,7879.424722671509,125000
52.38859,-0.9080647,-4.634222,0.015811596,1.0,0.99948597,0.8076172,0.0015694585,-20.452637,-20.472828,0.20130327,390.33386,4.7969117,2.0868417e-06,0.385197,-0.4220113,3.035996,0.99942684,0.7763672,0.001580335,-20.379524,-20.399614,0.17101458,140.19992,4.3542013,5.3316057e-08,89.73489,-1.4988668,-4.6353006,0.016243218,1.0,0.99876595,0.25683594,0.00797965,-20.385006,-20.398804,-6.2684565,520.816,4.5680084,1.7700061e-13,0.9986954,0.2265625,0.008052301,-20.200756,-20.214281,-6.365673,728.94867,4.769246,3.454005e-11,0.03984224696159363,8078.635959148407,130000
57.067345,-0.8893523,-4.6383686,0.017470524,1.0,0.9994879,0.8251953,0.0015166549,-20.578133,-20.598434,0.19054401,651.7139,4.9914627,1.9769648e-07,0.684975,-0.9437929,5.9408965,0.99942493,0.77441406,0.0015574591,-20.38768,-20.407713,0.103223786,149.0292,4.198426,2.9943342e-07,96.31281,-1.4561635,-4.6365194,0.016730791,1.0,0.9986906,0.23535156,0.008390786,-20.565004,-20.578724,-6.528714,738.0268,4.172543,6.6826736e-13,0.99865437,0.21484375,0.008533304,-20.365013,-20.378368,-6.7051897,5127.97,12.223084,2.6990413e-12,0.03984734191894531,8277.87267112732,135000
57.621017,-0.88458717,-4.632638,0.015178296,1.0,0.99945927,0.79785156,0.0015540908,-20.51355,-20.533773,0.17617148,398.02643,4.6514845,1.5783367e-07,0.44970188,-0.3879224,4.5942955,0.99940205,0.76464844,0.0015851755,-20.193867,-20.213806,0.20588699,197.24426,5.2956495,2.2376475e-05,95.07654,-1.4149678,-4.6399717,0.018111689,1.0,0.9987135,0.24707031,0.008155575,-20.639225,-20.653202,-6.33786,8148.278,8.562047,3.7363033e-14,0.99861526,0.2265625,0.008295777,-20.290583,-20.304337,-6.221179,3403.5688,8.026997,2.9631863e-12,0.038897209930419924,8472.358722448349,140000
52.53104,-0.87893677,-4.6363935,0.01668039,1.0,0.99945927,0.8105469,0.0015252791,-20.55728,-20.577583,0.2125236,207.51482,4.497569,2.5456745e-06,0.6224527,-0.47773194,6.708392,0.999403,0.765625,0.0015838924,-20.544487,-20.564676,0.1099271,91.48572,4.1088715,1.1339104e-06,91.51239,-1.471782,-4.6441813,0.019795429,1.0,0.99881744,0.25390625,0.008241911,-20.888334,-20.902267,-6.6343803,1597.1508,3.9151826,1.9035893e-12,0.9987135,0.23730469,0.008541387,-20.760773,-20.77445,-6.7720385,877.2747,5.095178,4.495091e-17,0.03979754276275635,8671.346438646317,145000
57.37456,-0.67427695,-4.629919,0.014090741,1.0,0.99948406,0.7988281,0.0015154746,-20.644413,-20.664791,0.20522183,164.60144,4.5638084,1.3198154e-05,0.38371542,-0.5107273,3.4157372,0.9994278,0.7763672,0.0015005141,-20.69825,-20.718658,0.17966115,435.1471,5.089985,7.0016968e-06,99.308044,-1.3529186,-4.6371555,0.016985172,1.0,0.99874115,0.24316406,0.008017172,-20.68176,-20.695799,-6.321928,2318.645,4.73819,8.2820854e-13,0.99866295,0.23242188,0.008187835,-20.680958,-20.69498,-6.333783,472.43127,3.6981082,8.08314e-12,0.034387669563293456,8843.284788131714,150000
58.328568,-0.78157,-4.635453,0.016304472,1.0,0.99952316,0.8300781,0.0013759565,-20.775043,-20.795704,0.36047852,300.23944,4.906081,2.785292e-08,0.74967796,-0.75355643,4.8240385,0.9994526,0.7949219,0.0014173621,-20.62719,-20.647625,0.2802006,121.25531,4.6654625,2.17051e-06,106.42781,-1.3179269,-4.644148,0.01978227,1.0,0.998765,0.23535156,0.008340611,-20.596039,-20.609684,-6.6366777,800.88324,5.6122403,2.1885652e-13,0.99865913,0.20410156,0.008590406,-20.493649,-20.507017,-6.8177576,346.06128,3.7859936,2.7507047e-13,0.13626900405883788,9524.629809617996,155000
54.91337,-0.9004924,-4.632734,0.0152165,1.0,0.9994869,0.83203125,0.0014949297,-20.943668,-20.96437,0.2357249,529.1312,5.0938463,6.029462e-07,0.3880288,-0.6944405,5.738785,0.9994192,0.79589844,0.0015415696,-20.809887,-20.830542,0.32161924,104.51291,4.887701,3.4598231e-06,100.37777,-1.3177917,-4.6372213,0.017011432,1.0,0.998724,0.23925781,0.008731118,-20.8824,-20.89593,-7.041897,3201.018,8.950209,9.904345e-13,0.998662,0.20898438,0.008895626,-20.68139,-20.694664,-7.1032853,4051.4978,11.312549,7.372733e-13,0.048399143075942994,9766.625528097153,160000
57.183006,-0.95534766,-4.634405,0.015885003,1.0,0.99950504,0.83203125,0.0014876026,-20.868668,-20.889454,0.39808986,2063.4685,6.953848,1.055591e-06,0.4608426,-0.89992523,5.3684144,0.99945736,0.78515625,0.0014807534,-20.669611,-20.690203,0.39547217,244.32234,5.522572,1.1673807e-07,90.3461,-1.7348475,-4.633767,0.015629742,1.0,0.99871445,0.26171875,0.00868709,-20.906603,-20.920282,-6.9129696,2067.9265,6.2984886,1.4096843e-13,0.9986439,0.2265625,0.008703131,-20.530792,-20.544222,-6.790831,9709.31,13.298851,2.6543245e-12,0.048366783952713016,10008.45945072174,165000
58.56038,-0.86083364,-4.631647,0.014781999,1.0,0.9994812,0.81152344,0.0014463228,-20.948687,-20.96951,0.35221946,171.74377,5.0828233,0.00023624406,0.4797957,-0.3788469,4.5420227,0.99944687,0.80078125,0.0014696603,-21.004269,-21.025103,0.30864978,273.63364,5.2557564,1.4125753e-05,108.451706,-1.3252697,-4.640076,0.018153517,1.0,0.99870586,0.2421875,0.008761328,-21.029663,-21.043457,-6.9202166,1100.2703,5.205662,3.364561e-14,0.99858856,0.21777344,0.008902078,-20.843937,-20.85752,-6.9508257,246.02217,3.8611171,1.0857812e-12,0.040090057563781735,10208.909740686417,170000
61.280685,-0.8422096,-4.6322136,0.0150085045,1.0,0.99950314,0.8173828,0.0014962904,-20.827263,-20.84794,0.32416046,522.046,5.425762,2.3853295e-07,0.47642756,-0.6343679,4.963913,0.9994421,0.7871094,0.0014998488,-20.712776,-20.733295,0.27812788,87.20217,4.9359083,1.4635165e-06,106.57457,-1.3503398,-4.638921,0.017691296,1.0,0.9986992,0.265625,0.008436808,-20.992321,-21.00647,-6.5178595,958.6346,5.570853,7.7239945e-13,0.9986849,0.24121094,0.008442498,-20.82711,-20.841116,-6.4977646,966.2242,7.161723,2.1438451e-13,0.03974736886024475,10407.64658665657,175000
63.670177,-0.76878,-4.6339955,0.015721148,1.0,0.9994869,0.81933594,0.0014782832,-20.985067,-21.00601,0.4410658,683.233,6.088127,9.795916e-07,0.41015446,-0.5613996,4.539635,0.9994488,0.7783203,0.0014993787,-20.80682,-20.827501,0.35099658,1155.1625,6.037861,1.5316049e-06,98.84986,-1.4835994,-4.64248,0.019114917,1.0,0.99872684,0.25195312,0.008511797,-20.96649,-20.980507,-6.6272945,4843.5264,8.3505,1.8876266e-12,0.9986181,0.23046875,0.008509611,-20.739555,-20.753475,-6.4992065,864.3874,4.712035,3.7833771e-13,0.03979913053512573,10606.64224100113,180000
54.881493,-0.918383,-4.634388,0.015878152,1.0,0.9995117,0.83496094,0.0013827579,-21.004612,-21.025581,0.44962525,213.29744,5.4425373,3.8501247e-09,0.5928474,-0.5826917,5.22008,0.9994602,0.80859375,0.0013741369,-20.975029,-20.996021,0.49868298,303.51477,6.198251,1.8778137e-05,101.87228,-1.4769747,-4.637677,0.017193962,1.0,0.99873924,0.265625,0.008379189,-21.051224,-21.065437,-6.5082607,2717.2205,8.60222,3.3303723e-13,0.99867535,0.25097656,0.008422267,-20.946152,-20.960217,-6.5609274,1111.311,5.7312803,2.282333e-13,0.04096566443443298,10811.470565080643,185000
60.999863,-0.903532,-4.6306534,0.014384416,1.0,0.9994631,0.8173828,0.0015249671,-20.928797,-20.949585,0.33613747,516.9,4.9507117,1.0758328e-08,0.5378995,-0.999892,5.5695295,0.9994192,0.7705078,0.0015697414,-20.894688,-20.915426,0.32200265,75.84197,4.831297,1.442636e-08,97.65856,-1.4588046,-4.638176,0.017393282,1.0,0.99874115,0.22363281,0.008535851,-21.113966,-21.12794,-6.82043,3969.3093,5.040382,4.52414e-12,0.99869156,0.19824219,0.008605049,-20.981548,-20.995277,-6.9366364,3023.6306,6.8939514,1.3033825e-12,0.042674182081222534,11024.841476917267,190000
59.74098,-0.8193153,-4.6339884,0.015718346,1.0,0.99947834,0.8310547,0.0014533701,-20.989532,-21.010298,0.25347674,162.06377,4.6810946,3.6349118e-07,0.47261274,-0.32221684,4.7606735,0.99944973,0.79296875,0.0014551063,-21.050446,-21.07129,0.27292353,418.13876,5.3902187,3.3736785e-07,111.16641,-1.2719748,-4.6438556,0.019665241,1.0,0.99869823,0.21777344,0.008734441,-21.228483,-21.24243,-6.9623117,5243.0728,8.269682,4.1604293e-13,0.9986305,0.19628906,0.008916682,-21.044533,-21.058134,-7.129355,1466.5333,7.595106,7.11238e-13,0.03988471179008484,11224.265037536621,195000
73.808685,-0.6938761,-4.6313877,0.014677921,1.0,0.9995117,0.8417969,0.0013694688,-21.158247,-21.179337,0.41569036,170.44408,4.9933767,1.5440561e-06,0.79751885,-0.5757136,5.3990555,0.99946976,0.8125,0.0013718926,-21.155132,-21.176159,0.35538512,127.349075,4.4555664,5.147308e-05,102.28382,-1.407087,-4.6351614,0.016187463,1.0,0.9987459,0.265625,0.008485388,-21.114918,-21.1291,-6.6063967,2417.1228,7.0085354,1.0414145e-13,0.99867153,0.2421875,0.008591283,-20.9992,-21.01312,-6.759451,5440.812,9.531225,6.513374e-11,0.032736919307708744,11387.949636220932,200000
51.45756,-0.8907795,-4.634882,0.016075764,1.0,0.9995308,0.82714844,0.001414542,-21.200392,-21.221468,0.36153692,236.42896,5.190246,3.229329e-06,0.5945624,-0.39613467,5.2163177,0.9994755,0.7890625,0.0014579606,-21.093784,-21.114777,0.3788877,143.1973,5.0525684,1.227996e-07,102.88124,-1.5839789,-4.633567,0.015549515,1.0,0.9987259,0.25878906,0.008587621,-21.230251,-21.24445,-6.7044315,581.5392,5.1163335,3.3969094e-15,0.99865055,0.22949219,0.008602273,-21.053831,-21.067892,-6.669632,3596.895,7.64505,1.6462539e-12,0.13370766172409057,12056.487948179245,205000
50.505547,-0.92211556,-4.6310873,0.014557871,1.0,0.9995079,0.82910156,0.0014561792,-21.09481,-21.115759,0.33476555,107.69079,4.7803535,2.3550824e-06,0.4433295,-0.59170306,4.2768993,0.9994488,0.7919922,0.0014534234,-21.067383,-21.088366,0.39856547,173.64922,4.974334,1.1899864e-05,96.48307,-1.5877192,-4.637007,0.016925875,1.0,0.9987116,0.25195312,0.008658912,-21.169954,-21.183975,-6.825653,728.2524,4.668844,1.9964993e-14,0.99861336,0.22460938,0.008646218,-21.133242,-21.147326,-6.726461,475.57068,4.2468777,2.4683554e-13,0.048590320920944216,12299.43955540657,210000
61.64924,-0.8649223,-4.6328573,0.0152659165,1.0,0.9994831,0.82128906,0.0013934763,-21.23154,-21.252548,0.26006198,138.28793,4.4182014,1.466742e-05,0.4830965,-1.5025676,4.591549,0.9994488,0.7871094,0.0014141685,-21.063957,-21.084827,0.29021004,139.54929,4.4141607,1.6130485e-05,107.42206,-1.4575531,-4.643283,0.019436134,1.0,0.9987669,0.24804688,0.008620204,-21.344574,-21.358624,-6.972355,1579.4543,5.99119,4.3904913e-14,0.9986744,0.22460938,0.00891008,-21.19099,-21.20473,-7.137084,3275.6409,9.322758,3.4865572e-11,0.04849827637672424,12541.930939674377,215000
67.04825,-0.7939351,-4.6346684,0.015990285,1.0,0.9994917,0.83496094,0.0013888705,-21.253534,-21.274729,0.4276573,180.19289,5.12663,2.0969782e-08,1.1902423,-0.97305804,9.269386,0.99945545,0.796875,0.0013980035,-21.25627,-21.277351,0.30996478,182.20685,4.3773665,1.3117068e-07,100.32399,-1.6179221,-4.6339874,0.015717955,1.0,0.99875736,0.25097656,0.008497363,-21.30422,-21.318424,-6.771637,1453.5846,5.9353423,1.0294058e-12,0.9987154,0.22265625,0.0084741,-21.145348,-21.159279,-6.8945656,3408.5972,8.619755,1.4879361e-12,0.04849080123901367,12784.384948015213,220000
55.051567,-0.8096273,-4.6349645,0.016108703,1.0,0.99952793,0.83984375,0.0013503751,-21.28539,-21.306599,0.40999472,147.5136,4.8589153,1.6148975e-10,0.46586686,-0.5865373,4.9874363,0.99948597,0.8066406,0.0013910305,-21.125597,-21.146696,0.4582274,257.49103,5.7048073,2.919852e-08,96.05652,-1.586098,-4.6421156,0.018969037,1.0,0.9987354,0.24707031,0.00883688,-21.396957,-21.410986,-7.0449915,5115.9443,9.088367,6.208165e-14,0.99862957,0.21679688,0.009012882,-21.283915,-21.297674,-7.2056007,11974.805,16.088058,1.1963825e-11,0.0484683403968811,13026.72665143013,225000
61.254513,-0.8356734,-4.6332583,0.015426422,1.0,0.9995403,0.8417969,0.0013492282,-21.234447,-21.255728,0.5378767,170.94603,5.60541,6.672457e-06,0.89359164,-0.35788265,4.92301,0.9994707,0.8105469,0.0013773888,-21.168758,-21.190012,0.5741323,188.32869,6.2177076,1.2606035e-05,95.024414,-1.5322493,-4.6438866,0.019677648,1.0,0.99874115,0.23925781,0.008695093,-21.186398,-21.200294,-6.97007,3503.3743,6.874714,8.646665e-14,0.99863434,0.21582031,0.008822518,-20.971958,-20.985617,-7.001073,60057.37,62.157185,4.4552047e-13,0.048615052032470706,13269.80191397667,230000
61.515083,-0.77367294,-4.6320343,0.014936558,1.0,0.9995146,0.82128906,0.0013866943,-21.263317,-21.284512,0.41769034,135.37105,4.5189857,4.7226018e-07,0.4213187,-0.6658833,4.87903,0.999444,0.78808594,0.0013973352,-21.289186,-21.31039,0.39976174,185.7056,5.0398893,3.0617608e-07,110.25017,-1.3051201,-4.6381435,0.017380308,1.0,0.9987364,0.25683594,0.008658909,-21.434769,-21.449007,-6.872386,1515.6719,6.8965826,6.8944226e-13,0.99864674,0.22558594,0.00885356,-21.356934,-21.371002,-6.965472,517.03613,4.532134,3.1058828e-13,0.04861913723945618,13512.897603750229,235000
64.01076,-0.73769087,-4.6307697,0.014430717,1.0,0.9995308,0.8232422,0.0013742866,-21.248255,-21.269558,0.5470581,188.39049,6.099163,9.991238e-07,1.1367943,-0.55982345,6.2914476,0.9994726,0.7998047,0.0013984286,-21.188969,-21.210165,0.49258494,240.08655,5.8122053,1.3083804e-06,108.13118,-1.3507903,-4.639921,0.018091433,1.0,0.9987335,0.26953125,0.008739732,-21.384851,-21.399117,-6.790441,3776.3281,10.586806,2.6148135e-12,0.998683,0.23144531,0.008677175,-21.182533,-21.196623,-6.768904,1055.6145,7.7592115,1.6083034e-11,0.048561589002609255,13755.705550909042,240000
59.811207,-0.79802656,-4.6301365,0.014177612,1.0,0.9995127,0.8310547,0.0013998725,-21.20688,-21.228075,0.47661936,293.0191,5.4642553,1.7709807e-07,0.68612766,-0.6576049,5.1867046,0.9994688,0.8095703,0.0014059225,-21.132492,-21.153643,0.5031359,146.61192,5.4342804,9.984309e-06,105.516525,-1.3982471,-4.641979,0.0189145,1.0,0.9987316,0.23046875,0.00872371,-21.304306,-21.318295,-6.9943857,2557.5562,7.5312896,5.214984e-13,0.9986696,0.21875,0.00893738,-21.230799,-21.244585,-7.128215,5016.4478,14.821529,4.956614e-12,0.048624628114700315,13998.828693389893,245000
68.19468,-0.68493265,-4.63301,0.015326929,1.0,0.9995241,0.82714844,0.001350762,-21.440382,-21.46176,0.42953277,1353.5938,5.6884127,2.1348553e-06,0.53618133,-0.53030443,6.3346868,0.99947166,0.81347656,0.0013419196,-21.359856,-21.381105,0.38229936,135.58844,4.945571,6.206204e-05,99.447845,-1.6078259,-4.6390476,0.017741954,1.0,0.9987793,0.25195312,0.008698228,-21.438396,-21.452377,-7.136798,628.44696,3.6356587,2.338896e-13,0.99872303,0.22167969,0.008923058,-21.243134,-21.25664,-7.4250164,117702.19,119.429016,4.039023e-13,0.048556733179092405,14241.612361192703,250000
63.12198,-0.758278,-4.631357,0.014665931,1.0,0.9994879,0.82910156,0.0014253755,-21.320055,-21.341288,0.40156406,402.3637,5.594318,3.443683e-08,0.44167584,-0.8172756,5.7762413,0.9994564,0.7998047,0.0014456034,-21.32219,-21.343407,0.38516465,138.93971,4.9578047,3.0558041e-07,101.635605,-1.658474,-4.635844,0.016460871,1.0,0.99868107,0.23730469,0.008944228,-21.356419,-21.37035,-7.105644,1579.8009,6.4047766,5.3592525e-13,0.99863815,0.21289062,0.008925936,-21.220907,-21.23468,-7.1309376,715.2351,4.463181,3.0769332e-12,0.04842064204216003,14483.715573310852,255000
49.373653,-0.82707536,-4.6328115,0.0152477985,1.0,0.9995432,0.8417969,0.0013774605,-21.402641,-21.424028,0.47485098,139.92503,5.560569,8.976388e-07,0.30254665,-0.3023553,4.9915185,0.99948406,0.8154297,0.0013935459,-21.246735,-21.267889,0.3957465,159.62614,5.2435026,1.0025311e-06,94.64403,-1.4331748,-4.643875,0.019673053,1.0,0.9987507,0.25097656,0.008838469,-21.448051,-21.462128,-7.049228,13362.822,15.873086,1.4963338e-13,0.9986267,0.21386719,0.00909974,-21.181171,-21.194908,-7.12753,4496.8003,13.302531,2.6447935e-12,0.04838697619438172,14725.65045619011,260000
62.787712,-0.7793177,-4.631808,0.014845982,1.0,0.9995117,0.8466797,0.0012968424,-21.430178,-21.451757,0.64589024,410.28946,5.9390726,1.6549144e-05,0.5657888,-0.48003906,4.397763,0.99948215,0.81640625,0.0013226001,-21.357626,-21.379105,0.61579394,168.18184,5.8191423,1.4688619e-06,95.728485,-1.6431537,-4.643434,0.01949642,1.0,0.9987364,0.25878906,0.008594913,-21.480644,-21.495064,-6.730653,5605.2144,12.602639,8.869988e-13,0.99865055,0.23144531,0.0087279845,-21.28872,-21.30286,-6.8208256,5543.902,9.993245,7.60556e-14,0.04371796407699585,14944.240278959274,265000
58.260635,-0.7949184,-4.6329513,0.015303488,1.0,0.99954796,0.8417969,0.0013503486,-21.492018,-21.513561,0.5467974,219.07286,5.4126687,8.359455e-09,0.3574282,-0.44452262,5.4053254,0.9994898,0.8183594,0.0013446268,-21.45733,-21.478823,0.5295563,194.66754,5.958871,1.4298641e-09,100.34505,-1.3795651,-4.6398067,0.018045647,1.0,0.99874496,0.24804688,0.00876304,-21.548458,-21.562729,-6.9495664,47137.324,33.379723,6.1939596e-14,0.998641,0.21972656,0.009023562,-21.45368,-21.467773,-7.035124,32230.812,37.022213,7.869515e-14,0.03996361994743347,15144.058380126953,270000
54.758934,-0.9105077,-4.6310453,0.014541159,1.0,0.99957466,0.85839844,0.001260987,-21.482996,-21.504642,0.6598464,176.3182,6.1578493,8.830288e-09,0.7551801,-0.464445,5.0089054,0.99951744,0.8173828,0.0012994531,-21.391598,-21.413105,0.609144,221.87305,5.9278793,6.0977754e-08,98.68458,-1.5834352,-4.6417885,0.018838126,1.0,0.9987612,0.2548828,0.008678645,-21.544273,-21.558554,-6.934975,3184.1143,6.505142,9.6966e-13,0.9986725,0.24121094,0.008786966,-21.192535,-21.206593,-6.81114,412.89896,4.5944443,1.2631442e-12,0.039893841218948366,15343.527587890625,275000
61.77095,-0.7447585,-4.6293683,0.013870326,1.0,0.99952793,0.8417969,0.001331182,-21.490978,-21.512478,0.50188804,385.28226,5.3651843,8.011114e-07,0.8256703,-0.8540543,6.826386,0.9994688,0.8183594,0.0013596459,-21.493893,-21.51532,0.4238561,116.19641,5.065286,2.151787e-05,102.03325,-1.6025134,-4.6481037,0.021364525,1.0,0.998724,0.22265625,0.008963138,-21.612888,-21.627016,-7.1591578,763.1146,5.185998,4.6743852e-14,0.99858093,0.21484375,0.009089602,-21.455723,-21.469719,-7.136286,414430.25,420.5695,3.0229617e-12,0.03985460410118103,15542.80061006546,280000
58.218338,-0.7223643,-4.6329694,0.015310745,1.0,0.9995537,0.87109375,0.0012082295,-21.540867,-21.56248,0.57092893,219.44714,5.5862417,2.6258053e-07,0.61190975,-0.8360302,4.6015606,0.9995136,0.8232422,0.0012593236,-21.567558,-21.589144,0.5137723,231.80382,5.365695,7.975184e-06,106.64285,-1.4655362,-4.639127,0.017773595,1.0,0.99876785,0.25878906,0.008721838,-21.634464,-21.648802,-6.967637,5180.6646,7.843355,1.5596382e-12,0.9986887,0.22949219,0.0087218005,-21.599735,-21.613894,-7.1166573,59086.133,61.289925,1.7584541e-13,0.0456073739528656,15770.837482213974,285000
60.5213,-0.8405765,-4.6268787,0.012874568,1.0,0.99948597,0.8232422,0.001400399,-21.597569,-21.619165,0.49509376,488.47275,5.9200764,5.9158705e-09,0.46843213,-1.1056002,6.0991135,0.99947166,0.7949219,0.0013883731,-21.528225,-21.54981,0.55295706,164.2318,5.9214926,8.669012e-09,95.40935,-1.7252998,-4.6440287,0.01973447,1.0,0.99876213,0.265625,0.00858344,-21.731964,-21.74646,-6.9016256,3304.2485,5.9820986,4.893428e-14,0.99867725,0.23046875,0.00870099,-21.531185,-21.545507,-6.8815374,2695.7922,11.686522,1.3439434e-12,0.04367189316749573,15989.196949243546,290000
58.169098,-0.7850485,-4.631967,0.01490995,1.0,0.9994898,0.8310547,0.0013626746,-21.651344,-21.673048,0.5487305,249.50043,5.3793845,4.4154053e-08,0.58178204,-0.29665118,5.5849185,0.99945736,0.8154297,0.0013770312,-21.593801,-21.61548,0.5835847,317.37338,5.921501,2.9527128e-10,98.6272,-1.6003125,-4.651166,0.022589264,1.0,0.9987612,0.26953125,0.008657722,-21.723307,-21.7378,-6.8978634,13100.252,13.709192,1.9241154e-12,0.9986572,0.23144531,0.008658832,-21.529966,-21.544346,-6.819963,34734.617,40.83104,9.513827e-12,0.040100107765197755,16189.697489738464,295000
58.237244,-0.81879663,-4.630846,0.014461516,1.0,0.99953175,0.85058594,0.0012778954,-21.649628,-21.671345,0.5660284,352.62967,5.223565,1.0281477e-09,0.4347988,-0.8769159,4.9578285,0.9994831,0.8027344,0.0013060695,-21.660622,-21.682299,0.51641256,184.02205,5.4875913,1.3479503e-07,105.66537,-1.4737082,-4.6431856,0.019397294,1.0,0.998724,0.26953125,0.00867188,-21.618805,-21.63341,-6.6781034,6955.4814,9.9009695,1.931565e-12,0.99863434,0.23925781,0.008848464,-21.535095,-21.549421,-6.8797436,202165.45,201.46492,7.7755966e-13,0.03433907127380371,16361.392848014832,300000
55.84526,-0.6985193,-4.630331,0.01425528,1.0,0.99950695,0.8378906,0.0013485727,-21.652534,-21.674284,0.59706026,353.9035,6.0766916,1.4126756e-06,0.3832428,-0.8406351,5.37675,0.9994526,0.7998047,0.0013687713,-21.482567,-21.504126,0.5704578,185.8623,5.7445984,2.6646208e-07,104.039444,-1.4542704,-4.636007,0.016525645,1.0,0.9987879,0.25683594,0.008795796,-21.714619,-21.728872,-7.133066,39167.984,25.778084,2.2932378e-13,0.99870014,0.22753906,0.008943803,-21.500603,-21.514633,-7.146836,2609.5308,7.3904467,1.8204644e-13,0.13489825854301452,17035.88414311409,305000
53.95995,-0.8490717,-4.6318545,0.014864651,1.0,0.99954987,0.84765625,0.0012979935,-21.619576,-21.641335,0.63822925,218.7722,5.984725,2.5534205e-10,0.58819073,-0.70720255,4.6550665,0.99951077,0.8154297,0.0013199328,-21.526005,-21.547653,0.62158513,88.10934,5.7250414,6.0728986e-09,108.36212,-1.4087827,-4.635669,0.01639061,1.0,0.99873257,0.26953125,0.008665299,-21.816133,-21.83098,-6.627468,6462.3384,15.2541895,1.1802377e-12,0.99868107,0.2421875,0.0086287055,-21.591156,-21.60574,-6.6707726,11073.448,18.789324,3.4426511e-12,0.04853844995498657,17278.576394557953,310000
57.199295,-0.78176194,-4.629541,0.013939395,1.0,0.9995451,0.8388672,0.00131038,-21.581646,-21.603422,0.6957947,233.66791,5.850668,7.556324e-07,0.4895972,-1.0988381,5.443384,0.9994774,0.8173828,0.0013211523,-21.571228,-21.592905,0.603261,315.43677,5.7530117,1.083294e-06,115.362305,-1.2654647,-4.6395273,0.017933762,1.0,0.99879646,0.26367188,0.008470808,-21.772243,-21.786915,-6.7641973,3228.2231,9.266387,3.926713e-13,0.9987192,0.25097656,0.008679051,-21.567484,-21.58184,-6.878357,82833.5,86.670525,1.963955e-13,0.04851480760574341,17521.150435447693,315000
53.887558,-0.8759015,-4.6343145,0.01584879,1.0,0.99953365,0.8300781,0.001386479,-21.71805,-21.73974,0.4724366,228.16837,5.8908463,3.035979e-09,0.5606127,-0.40192923,4.3658876,0.99948025,0.8232422,0.001352699,-21.809834,-21.831654,0.51306,307.31384,5.538517,7.1897506e-07,99.733025,-1.5612799,-4.643537,0.019537767,1.0,0.9987736,0.24121094,0.008966471,-21.746883,-21.760956,-7.3501363,8836.348,11.275072,4.002511e-13,0.9986839,0.2265625,0.00908921,-21.61624,-21.63013,-7.406825,3311.337,10.378587,5.8235085e-13,0.04859709315299988,17764.13590312004,320000
56.76588,-0.77753943,-4.6283255,0.0134531455,1.0,0.9995327,0.8623047,0.0012781755,-21.73767,-21.759443,0.5361254,561.0658,5.815831,3.151223e-08,0.496272,-0.42369074,4.1539288,0.9995327,0.8388672,0.0012561886,-21.659496,-21.681175,0.5161788,105.22212,5.060521,6.5647946e-08,105.698814,-1.5404139,-4.640152,0.018183654,1.0,0.9987669,0.2607422,0.008719991,-21.755276,-21.76957,-7.131535,955.1832,6.1172833,3.8763047e-13,0.9986696,0.2265625,0.009035598,-21.505356,-21.519274,-7.2660556,245514.86,254.4225,4.979261e-12,0.04861344432830811,18007.20312690735,325000
52.125233,-0.80214596,-4.6316776,0.01479383,1.0,0.99954224,0.8203125,0.0013373224,-21.736021,-21.757868,0.6126846,956.3655,6.2660227,3.2834575e-06,0.27187783,-0.5826857,4.2538176,0.9994955,0.8144531,0.0013293063,-21.672295,-21.694113,0.64910483,297.35544,6.441716,2.3500927e-06,109.56258,-1.4912114,-4.645726,0.020413449,1.0,0.9987211,0.2763672,0.008526177,-21.901169,-21.916023,-6.7050705,5675.843,9.329722,1.3794928e-12,0.9987078,0.24316406,0.008771714,-21.775148,-21.78972,-6.8663044,3419.9514,11.540426,4.93456e-12,0.04849552879333496,18249.68077325821,330000
55.56932,-0.8830929,-4.6318526,0.014864069,1.0,0.99952316,0.85839844,0.0012620108,-21.718065,-21.740007,0.7285209,214.87318,6.0492067,1.1646197e-05,0.60416377,-0.85350305,7.906561,0.9994936,0.82714844,0.0012732082,-21.652363,-21.674242,0.7306998,238.40181,6.4439287,1.2285617e-05,94.588684,-1.64594,-4.6414356,0.018697288,1.0,0.9987507,0.2626953,0.008551431,-21.78785,-21.802496,-6.805922,18538.965,19.459423,3.645447e-13,0.99864674,0.23632812,0.008881994,-21.671062,-21.68545,-6.951686,3219.3994,10.74476,6.5459113e-13,0.0484354022026062,18491.85778594017,335000
54.780907,-0.72177595,-4.631219,0.014610633,1.0,0.9995451,0.8339844,0.0012898867,-21.75608,-21.777977,0.64497375,618.2788,6.1939464,3.102837e-07,0.50126296,-0.73001754,3.9586122,0.9995022,0.82910156,0.0013065395,-21.658936,-21.68075,0.65654474,188.45561,5.8462396,1.4620712e-06,104.81554,-1.4603657,-4.644231,0.019815316,1.0,0.99871826,0.24121094,0.00879852,-21.889162,-21.903624,-7.095317,8948.33,11.383978,2.458949e-16,0.9986391,0.22070312,0.008944597,-21.804707,-21.819033,-7.149329,744.0925,7.4546657,2.674371e-13,0.048297362995147704,18733.34460377693,340000
52.670654,-0.80435896,-4.6298866,0.014077634,1.0,0.9995613,0.83496094,0.0012477254,-21.855343,-21.877398,0.7086098,183.39449,6.011181,4.608315e-08,0.4926188,-0.46444735,5.556448,0.99952126,0.80859375,0.0012475363,-21.89027,-21.912302,0.65017796,180.92195,5.3240623,4.3556943e-06,101.59625,-1.5671437,-4.6382103,0.017407028,1.0,0.9987526,0.25195312,0.008983364,-21.924694,-21.939087,-7.1993976,3069.527,9.763298,1.5476196e-15,0.9986782,0.2265625,0.008969946,-21.852993,-21.86724,-7.2759767,1605.3802,6.521302,1.8142181e-13,0.048334559440612795,18975.017402648926,345000
56.498993,-0.7984415,-4.634218,0.01581038,1.0,0.9995289,0.85058594,0.0012586438,-21.923761,-21.945702,0.521393,512.4294,5.547499,2.4733502e-06,0.49527413,-0.5999412,4.938958,0.9995012,0.8203125,0.0012692669,-21.922825,-21.944777,0.53505087,623.8671,5.8570967,0.00021015048,101.391815,-1.61975,-4.6409945,0.018520838,1.0,0.9987421,0.24902344,0.008960482,-21.884594,-21.898823,-7.3299456,1571.1571,7.9393973,1.5286043e-14,0.99870586,0.22558594,0.009069215,-21.80226,-21.816284,-7.455103,1923.1228,5.310315,1.326169e-13,0.04832559661865234,19216.645388126373,350000
61.050556,-0.8576518,-4.632844,0.015260502,1.0,0.99955463,0.8486328,0.0012351947,-21.96196,-21.984024,0.6091813,194.28548,4.9986086,5.225604e-07,0.48266095,-0.7199857,5.25863,0.9994898,0.82714844,0.0012755517,-21.836115,-21.857996,0.5490157,128.11902,4.695585,1.8461154e-06,103.72769,-1.6068258,-4.6501803,0.022195226,1.0,0.9987173,0.25195312,0.009134308,-22.20867,-22.223122,-7.424104,21078.943,18.291674,1.0506145e-12,0.99868965,0.22949219,0.0091654565,-22.001223,-22.015415,-7.4839807,15186.475,23.191198,4.5737472e-14,0.04840780220031738,19458.684401273727,355000
60.5904,-0.6526978,-4.6311517,0.01458363,1.0,0.99952316,0.8417969,0.0013210945,-21.83928,-21.861149,0.5325659,232.94455,5.415166,2.0289352e-09,0.65647364,-0.4937756,6.421443,0.99947166,0.81933594,0.001342226,-21.801151,-21.822975,0.5236232,423.2676,5.601571,2.664706e-06,112.14099,-1.5940671,-4.6386166,0.017569697,1.0,0.9987116,0.21289062,0.009382963,-21.96867,-21.982676,-7.639971,3339.4827,10.332554,1.8026768e-13,0.9986763,0.20703125,0.009492427,-21.757887,-21.771551,-7.77874,346469.62,349.16498,2.932829e-12,0.04811621446609497,19699.26547574997,360000
66.515625,-0.7151287,-4.6259575,0.012505877,1.0,0.99953365,0.8486328,0.001278409,-21.910746,-21.932823,0.671684,1815.5846,6.93995,1.414716e-09,0.5079863,-0.49838266,6.573664,0.99948597,0.8203125,0.0012591699,-21.965105,-21.987215,0.65453076,715.9718,6.7799873,4.93804e-06,106.12464,-1.624449,-4.638076,0.017353196,1.0,0.9988136,0.26464844,0.008746268,-22.010208,-22.02478,-7.1030893,19350.322,28.068571,2.6709212e-12,0.9986973,0.23632812,0.009041028,-22.005548,-22.019932,-7.2916546,16122.408,20.569214,3.1473424e-12,0.03971929297447205,19897.86194252968,365000
53.62683,-0.7262507,-4.63125,0.014622867,1.0,0.9995661,0.86816406,0.0012047193,-21.930851,-21.95301,0.73832566,155.21019,6.16337,7.927189e-07,0.6151885,-0.27246314,4.2725163,0.9995012,0.82714844,0.0012335577,-21.806694,-21.828663,0.6658384,170.34828,6.0564156,3.8226855e-05,103.89623,-1.6111127,-4.63918,0.017794909,1.0,0.99875164,0.24414062,0.009001633,-22.107193,-22.121738,-7.2256017,3339.8362,8.470085,6.0332056e-13,0.9987068,0.2109375,0.009124681,-21.879883,-21.893944,-7.497872,758.3778,5.8059554,9.99673e-14,0.039790598917007446,20096.814938783646,370000
58.134148,-0.68921036,-4.6305475,0.014342112,1.0,0.9996004,0.875,0.0011809114,-21.981928,-22.00411,0.7113757,228.19893,5.847448,3.3261955e-09,0.5663528,-0.2927979,4.103996,0.9995308,0.828125,0.0012187794,-21.889801,-21.911798,0.6126332,97.04616,5.6489205,3.1426205e-07,99.703415,-1.4822574,-4.6457925,0.020439979,1.0,0.9987993,0.2705078,0.008490246,-22.097942,-22.112854,-6.843754,1833.554,7.9228573,4.83654e-13,0.99873257,0.25585938,0.0085569415,-21.959127,-21.97383,-6.92271,7866.2065,12.612316,3.152413e-12,0.03986039800643921,20296.116930007935,375000
60.913334,-0.79980683,-4.628297,0.013441602,1.0,0.9995432,0.8515625,0.0012245955,-21.892904,-21.914917,0.6271242,786.15155,5.8461637,3.4929496e-06,0.62303776,-0.46817923,3.8774302,0.99950314,0.82421875,0.0012312349,-21.936323,-21.95837,0.61702275,374.972,5.608087,3.0545485e-05,113.73327,-1.3622861,-4.641093,0.018560076,1.0,0.9987669,0.2578125,0.008942891,-21.97416,-21.988537,-7.2669964,5745.333,8.071501,2.9794843e-13,0.9987097,0.23730469,0.0089277085,-21.932886,-21.947079,-7.413909,1210.8325,4.9736943,8.190067e-12,0.04106765718460083,20501.455218315125,380000
48.75632,-0.84072816,-4.628545,0.013540856,1.0,0.99954224,0.8457031,0.0012860701,-22.05962,-22.081804,0.63359773,840.8519,6.5805507,8.6225555e-06,0.2869103,-0.6220672,4.2555056,0.99949646,0.8222656,0.0012916296,-22.057938,-22.080046,0.55915475,189.64275,5.612632,7.4083314e-06,109.43031,-1.6210102,-4.6445036,0.019924445,1.0,0.9987316,0.24316406,0.009109701,-22.18629,-22.200834,-7.3097363,16131.128,23.495895,1.9368543e-13,0.99866486,0.21777344,0.009161379,-22.017965,-22.032255,-7.399811,649015.06,663.8089,4.4165118e-14,0.048508801460266114,20743.999227762222,385000
58.33841,-0.7541955,-4.6289577,0.013706106,1.0,0.99959564,0.86035156,0.0011896328,-22.073189,-22.095583,0.83480656,1065.2552,6.866547,2.3295195e-06,0.6946516,-0.5797417,5.303308,0.99955654,0.8388672,0.0011805986,-22.060848,-22.083254,0.85851777,514.40454,7.556554,2.2667437e-07,100.5276,-1.7107669,-4.6430435,0.019340426,1.0,0.99875736,0.27148438,0.008850149,-22.150602,-22.165281,-7.1328955,5284.5625,10.901045,8.066206e-14,0.99873257,0.25,0.008777052,-21.959023,-21.97354,-7.107114,1259.9885,6.388882,4.4123123e-13,0.042511602210998534,20956.557240724564,390000
62.005558,-0.6972401,-4.6278925,0.013279984,1.0,0.99954987,0.8466797,0.0012627633,-22.075191,-22.097431,0.6786618,814.17334,6.068127,8.502382e-08,0.45719466,-0.41721535,3.376089,0.99947643,0.8076172,0.0013075385,-22.019667,-22.041777,0.60033816,233.80197,5.868355,3.529356e-05,98.75352,-1.6019287,-4.6504774,0.022313759,1.0,0.998786,0.2685547,0.008569461,-22.119526,-22.13449,-6.811018,28976.445,32.025738,3.54329e-13,0.9987049,0.24511719,0.008814629,-21.820198,-21.834616,-7.069889,2813.7397,8.413191,5.2319182e-14,0.03983767585754395,21155.745621681213,395000
62.657623,-0.83518434,-4.6309667,0.014509546,1.0,0.99953175,0.8417969,0.001292123,-22.006092,-22.0282,0.6139995,148.7828,5.7306843,1.9131783e-05,0.71217185,-0.78520715,6.120856,0.9994755,0.81347656,0.0013462373,-21.842915,-21.86487,0.6152545,148.35245,6.368307,2.6823818e-05,105.203156,-1.4791749,-4.649417,0.021889761,1.0,0.9987364,0.22851562,0.009355126,-22.07149,-22.085608,-7.628813,4755.659,7.354992,4.887945e-13,0.9986658,0.21777344,0.009392734,-21.771555,-21.785322,-7.6894293,8495.224,11.313456,4.2136964e-13,0.033507772445678714,21323.284486293793,400000
55.07663,-0.73740005,-4.6351776,0.016194142,1.0,0.99957275,0.85546875,0.0012663666,-22.134335,-22.156609,0.6529506,257.66434,6.4364004,9.5347744e-08,0.5036705,-0.4473156,4.751057,0.99951935,0.82128906,0.0012726653,-22.09539,-22.1176,0.62358904,141.368,5.9847116,8.083045e-07,94.884796,-1.6632185,-4.648406,0.021485334,1.0,0.9987488,0.2705078,0.008854426,-22.276108,-22.291044,-6.9976335,2134.3948,9.531179,3.3409813e-15,0.99870396,0.234375,0.009109389,-22.087706,-22.102211,-7.248929,1143.7247,6.806077,4.514484e-13,0.13859341154098512,22016.251545906067,405000
52.245842,-0.8672567,-4.6282616,0.0134276,1.0,0.99955463,0.85546875,0.0012349159,-21.946999,-21.969093,0.6563214,158.17697,5.575138,4.308674e-08,0.77966094,-0.29132435,4.113739,0.99949837,0.82714844,0.0012913931,-21.906479,-21.928518,0.64015794,1966.9595,8.040514,1.7785175e-07,104.56988,-1.6535702,-4.6341276,0.01577389,1.0,0.99871063,0.23535156,0.009288905,-22.133213,-22.147383,-7.6387224,1866.4982,5.984254,5.433141e-13,0.9986553,0.21289062,0.009387906,-21.918331,-21.932138,-7.7913737,1730.6783,8.804133,7.759911e-12,0.04833769993782044,22257.940048217773,410000
64.61342,-0.68652844,-4.627874,0.013272474,1.0,0.9995737,0.8730469,0.0011875208,-22.007952,-22.030138,0.6897017,150.27284,5.900855,1.1009712e-05,0.5368902,-1.0515052,7.222517,0.9995661,0.84277344,0.0011624077,-21.941168,-21.963327,0.7309414,158.00179,5.9165473,9.570472e-05,104.457504,-1.551774,-4.638038,0.017338213,1.0,0.9987278,0.27148438,0.009070788,-22.23328,-22.247993,-7.181078,1802.1652,9.521653,1.110905e-15,0.9986677,0.23144531,0.009031126,-22.051653,-22.066267,-7.1004314,64749.82,68.66313,7.915655e-14,0.04834731178283692,22499.676609277725,415000
58.108986,-0.8130746,-4.627141,0.01297945,1.0,0.9995346,0.8535156,0.0012438425,-22.106758,-22.129015,0.6633185,204.88753,6.0339594,6.727853e-05,0.99890727,-0.33927634,5.051753,0.999485,0.8330078,0.0012213903,-22.10503,-22.127237,0.61424446,1117.7985,6.526683,1.9369609e-06,107.51369,-1.5733724,-4.647463,0.021108005,1.0,0.99878025,0.2626953,0.008444859,-22.081541,-22.096457,-6.821394,2830.4668,7.6158395,7.015752e-12,0.9987135,0.23242188,0.008723574,-21.92119,-21.935774,-7.000572,753.4872,5.348422,2.8473144e-13,0.04836778106689453,22741.515516757965,420000
55.86844,-0.7328551,-4.6304703,0.0143112345,1.0,0.9995527,0.86035156,0.0012791452,-22.017488,-22.03972,0.72666645,161.34103,6.2005987,4.926494e-07,0.5009577,-0.5334654,6.1180134,0.99948597,0.8222656,0.0013124628,-22.035093,-22.057238,0.6186087,250.96257,5.7448773,4.3950146e-07,106.526794,-1.5234187,-4.649051,0.021743437,1.0,0.9987564,0.26953125,0.008841186,-22.181152,-22.195896,-7.097728,2352.237,7.573779,4.1249176e-14,0.9987221,0.24707031,0.009090586,-22.09572,-22.110153,-7.3324776,11746.664,26.142326,1.2150674e-11,0.048335829544067385,22983.19466662407,425000
59.167145,-0.77948344,-4.6298094,0.014046731,1.0,0.99954605,0.8466797,0.0012346198,-22.119755,-22.14208,0.7188386,359.3915,5.9665976,5.887835e-11,0.54706186,-0.9307977,5.5347505,0.9995003,0.8232422,0.0012704789,-21.99908,-22.021265,0.6974876,232.02432,5.737755,8.65095e-11,111.852486,-1.5435297,-4.6445684,0.019950286,1.0,0.9987869,0.24414062,0.009183424,-22.189419,-22.203619,-7.661214,5343.684,9.510776,1.3006054e-13,0.99874973,0.22363281,0.009434236,-21.995726,-22.009443,-7.962433,4194.4536,7.7268457,1.0616371e-12,0.048319679832458495,23224.793068170547,430000
58.88499,-0.74364865,-4.629399,0.01388249,1.0,0.9995718,0.8623047,0.0012064689,-22.020475,-22.042715,0.7303667,175.93129,6.1681576,2.246085e-06,0.5497328,-0.5378866,5.3608146,0.99952984,0.83203125,0.0012469647,-22.033783,-22.055948,0.63998353,123.39848,6.0939355,1.0833885e-05,100.701294,-1.6431893,-4.635871,0.016471231,1.0,0.99876404,0.24511719,0.008927051,-22.184517,-22.199085,-7.2807097,2542.007,8.408138,1.0374613e-13,0.9987078,0.22167969,0.00916449,-21.99036,-22.004524,-7.498813,25022.414,55.030632,1.0087625e-11,0.0483848774433136,23466.717457532883,435000
52.632854,-0.8861865,-4.630188,0.014198178,1.0,0.99954414,0.8574219,0.0012170703,-22.221073,-22.243464,0.6842332,246.95328,5.495384,1.494642e-06,0.3855219,-0.454901,3.9214005,0.99949455,0.83496094,0.0012529194,-22.12959,-22.151905,0.6966916,208.38771,5.9647374,2.4065592e-05,109.976654,-1.4968164,-4.638689,0.01759868,1.0,0.9987736,0.27539062,0.008532951,-22.208567,-22.223528,-6.902109,4013.782,6.690471,5.789674e-13,0.9986782,0.24316406,0.008597032,-22.01966,-22.034431,-6.907217,634.3679,4.8190403,1.2480074e-11,0.04859283590316772,23709.68163919449,440000
43.92524,-0.7978241,-4.629245,0.013820842,1.0,0.9995651,0.8564453,0.001187431,-22.092793,-22.115097,0.72662115,250.93124,6.041446,6.967532e-06,0.28284526,-0.7777917,4.3242097,0.99953175,0.83691406,0.0012136778,-22.089804,-22.11203,0.64856315,625.69073,5.8011446,2.568565e-05,117.16322,-1.5133257,-4.6423273,0.019053956,1.0,0.998785,0.24414062,0.008855015,-22.154507,-22.169079,-7.248279,1862.6769,6.329885,1.4483395e-13,0.9987564,0.22460938,0.009108173,-22.040379,-22.054552,-7.539624,3702.4119,9.125307,2.8942888e-13,0.04862887272834778,23952.826004743576,445000
61.971962,-0.7032385,-4.6289577,0.013706035,1.0,0.9995804,0.86328125,0.0012094454,-22.116156,-22.138447,0.6871843,445.92215,5.7857065,3.623141e-07,0.4000635,-0.7502661,7.259508,0.99951553,0.82910156,0.0012130949,-22.040813,-22.06299,0.6450348,163.52974,5.4607315,3.6814086e-05,99.14563,-1.6499922,-4.6406727,0.018391944,1.0,0.9987564,0.27734375,0.008921189,-22.355854,-22.370808,-7.059729,72119.86,44.44026,1.0104696e-13,0.99870205,0.23046875,0.0090089515,-22.22779,-22.242466,-7.212118,647.0179,6.0853176,3.7086575e-13,0.04864158477783203,24196.03393125534,450000
54.991707,-0.77712846,-4.6282225,0.01341207,1.0,0.99956894,0.84765625,0.0012121262,-22.26196,-22.284412,0.70664155,620.9568,5.966095,1.6572573e-06,0.4873551,-0.32532975,4.9189024,0.99952793,0.82910156,0.0012325542,-22.147238,-22.16951,0.6367458,439.77936,6.0461063,3.0459674e-05,92.013794,-1.8647096,-4.645753,0.02042435,1.0,0.998786,0.2734375,0.008606577,-22.384441,-22.3996,-6.877208,5173.614,10.439611,1.5528933e-13,0.9987154,0.25097656,0.008702148,-22.160286,-22.17521,-6.894396,446.654,5.2076826,9.477255e-13,0.04853133316040039,24438.69059896469,455000
47.763607,-0.9501139,-4.6272144,0.013008768,1.0,0.99952984,0.8496094,0.0012782246,-22.209007,-22.231314,0.611635,345.70303,5.9594,4.418794e-07,0.96276605,-0.27774647,6.33601,0.9995079,0.8144531,0.0013053167,-22.104301,-22.126463,0.5655283,227.95988,5.8827324,3.5907638e-06,102.8011,-1.608737,-4.633965,0.015708892,1.0,0.9987335,0.26757812,0.008889021,-22.317905,-22.332783,-7.098498,1193.2568,7.2322764,6.1489035e-13,0.99867535,0.24316406,0.008898633,-22.077328,-22.091925,-7.143284,523.6713,4.9494267,3.1248618e-13,0.0419975860118866,24648.678530693054,460000
55.313187,-0.8543792,-4.628777,0.013633755,1.0,0.9995737,0.86816406,0.0011884657,-22.254255,-22.276674,0.6795121,712.4014,6.0140314,2.0676243e-06,0.8542557,-0.70888877,5.2304745,0.999547,0.8466797,0.0011722331,-22.180702,-22.203058,0.6901976,228.97763,5.7065325,3.868179e-06,95.472755,-1.7318211,-4.638835,0.017656911,1.0,0.99872303,0.25976562,0.009185877,-22.39288,-22.407461,-7.4773874,1187.1185,5.966871,1.2063637e-15,0.9986744,0.21972656,0.009243142,-22.24453,-22.259066,-7.3733244,5095.965,10.595701,2.2632722e-13,0.039593439626693726,24846.64573073387,465000
56.57908,-0.7643176,-4.626049,0.012542667,1.0,0.99954414,0.83691406,0.0013145569,-22.104597,-22.12683,0.6369966,177.62077,5.3430867,6.2297663e-06,0.3804248,-0.5854247,4.5046635,0.99949455,0.8144531,0.0013128789,-22.085098,-22.107336,0.6621107,100.73079,5.552761,3.3338192e-06,97.27521,-1.5857075,-4.644733,0.020016236,1.0,0.99875546,0.25,0.008950343,-22.31936,-22.33402,-7.3202004,1740.2671,6.3008833,7.017762e-15,0.99871254,0.22753906,0.009013835,-22.202007,-22.216623,-7.2509203,78812.28,83.403946,8.929651e-14,0.039711140298843386,25045.2014336586,470000
69.71564,-0.61782724,-4.6292634,0.013828437,1.0,0.9995699,0.8515625,0.0012249318,-22.213902,-22.236364,0.76691574,211.25037,6.4149303,5.404796e-05,0.5071869,-0.46618086,6.6011744,0.9995203,0.8173828,0.0012212871,-22.14548,-22.167904,0.79493046,541.55524,6.445902,6.788093e-05,110.50792,-1.5562032,-4.644101,0.019763308,1.0,0.99881935,0.265625,0.008657662,-22.4469,-22.461868,-7.134037,1621.9596,4.621621,9.119151e-15,0.998724,0.23242188,0.008701003,-22.306389,-22.32126,-7.0916243,3057.4988,6.859164,1.2822401e-13,0.039800520038604736,25244.204035758972,475000
61.747345,-0.74507946,-4.6249704,0.0121110175,1.0,0.9995632,0.8515625,0.0012366176,-22.302483,-22.325035,0.7691848,410.69815,6.3762493,3.5275436e-06,0.9460467,-0.42950547,6.0792794,0.99949455,0.82714844,0.0012572581,-22.347912,-22.37041,0.6660569,370.86542,5.607997,8.084337e-06,103.93428,-1.5044978,-4.638995,0.017721051,1.0,0.99877644,0.25585938,0.009254932,-22.385973,-22.400473,-7.5530863,5041.473,7.2044744,1.3569237e-14,0.9986963,0.22363281,0.00935233,-22.275404,-22.289715,-7.6354575,351.08646,4.6777644,6.480217e-14,0.04507956938743591,25469.6018846035,480000
51.74008,-0.7782341,-4.629652,0.013983778,1.0,0.9995661,0.8642578,0.0012164095,-21.99307,-22.015287,0.7346204,615.9356,6.591804,2.5563497e-06,0.5185812,-0.80124235,5.048831,0.9995308,0.8417969,0.0011863627,-21.993725,-22.015968,0.76126695,175.66856,5.721594,2.0930373e-05,98.927505,-1.5738373,-4.6433005,0.019443095,1.0,0.99880123,0.24023438,0.008909017,-22.145641,-22.160152,-7.300497,8174.086,10.718517,4.1792806e-12,0.9987192,0.23046875,0.00906918,-22.071491,-22.085703,-7.53428,176.58482,3.2507102,1.4744152e-12,0.0484970796585083,25712.08728504181,485000
51.87719,-0.841816,-4.627167,0.012989843,1.0,0.99954414,0.8378906,0.0012710111,-22.303024,-22.32556,0.74924326,201.39445,6.1638374,9.94884e-09,0.5801733,-0.6670341,4.3352547,0.9995146,0.8300781,0.001280048,-22.27156,-22.294035,0.71812665,138.0291,5.755014,4.3875602e-07,104.62781,-1.5533297,-4.6478786,0.021274433,1.0,0.99878025,0.26757812,0.0088520665,-22.346214,-22.360975,-7.246196,1613.3243,5.393132,3.315299e-14,0.9987087,0.23046875,0.009123038,-22.21775,-22.232317,-7.318528,117723.516,175.49942,1.5809771e-13,0.04076408534049988,25915.907713890076,490000
62.017178,-0.79133,-4.6262913,0.012639472,1.0,0.99955463,0.859375,0.0012024,-22.4683,-22.490904,0.6556024,153.89435,5.652672,4.338796e-06,0.5472522,-0.5006208,4.6354556,0.99950886,0.83984375,0.0011939676,-22.37133,-22.39378,0.59382635,83.58852,4.722293,8.581338e-07,112.17874,-1.4140055,-4.6473393,0.021058742,1.0,0.99880886,0.24511719,0.008923156,-22.5302,-22.544924,-7.465933,2209.4072,5.572891,4.5776246e-13,0.9987364,0.23144531,0.00923636,-22.503426,-22.517876,-7.722599,16515.227,23.174528,9.88516e-15,0.03978445429801941,26114.82998728752,495000
62.693214,-0.68786967,-4.6305265,0.014333478,1.0,0.9995289,0.84472656,0.0012616802,-22.304707,-22.32722,0.7282456,240.17448,5.9601064,9.022531e-06,0.6036549,-0.50184745,6.3650446,0.9994993,0.81933594,0.0013204614,-22.341372,-22.363752,0.5558798,124.77218,4.942295,8.41239e-07,100.62833,-1.6713196,-4.641444,0.018700732,1.0,0.99875164,0.24316406,0.009115407,-22.37059,-22.38519,-7.436143,6967.046,15.29325,4.237523e-12,0.9986725,0.22265625,0.009295639,-22.191967,-22.206196,-7.6365886,853.97485,4.804041,6.237333e-12,0.033131312704086306,26280.48655295372,500000
50.131645,-0.9144354,-4.628721,0.013611518,1.0,0.99958897,0.8642578,0.0011716704,-22.419518,-22.442125,0.7069644,205.55786,5.8305106,4.0022158e-08,0.40489036,-0.5914602,4.496464,0.99952984,0.84375,0.0011753417,-22.333183,-22.355755,0.7551481,158.00238,6.2061663,7.221798e-06,93.77121,-1.7672875,-4.6389847,0.017716829,1.0,0.9987402,0.26953125,0.008994845,-22.639004,-22.654009,-7.2897835,2573.62,7.1598864,1.826632e-12,0.99863434,0.23828125,0.009261367,-22.374088,-22.388725,-7.401308,303.15286,4.2944098,2.1068913e-13,0.14383008551597595,26999.636982679367,505000
58.38771,-0.73053944,-4.629582,0.013955735,1.0,0.99958324,0.8671875,0.0011129883,-22.331387,-22.354046,0.8502539,266.33527,6.2690926,0.0002540104,0.5805737,-0.51075923,5.209729,0.9995327,0.8378906,0.0011547275,-22.440666,-22.463411,0.82658327,161.9919,5.942554,0.0001856141,107.06157,-1.4571171,-4.6390896,0.0177589,1.0,0.99873066,0.24707031,0.008966056,-22.21936,-22.234144,-7.0969267,5793.8413,14.369696,9.6365575e-15,0.9986658,0.22558594,0.009101683,-22.215458,-22.230116,-7.2204742,591.78534,4.9909835,2.6996666e-14,0.048296108961105345,27241.117529153824,510000
52.16185,-0.7668074,-4.6305947,0.01436083,1.0,0.99954987,0.84375,0.0012408148,-22.38109,-22.403662,0.70859045,648.2776,6.2360826,7.623124e-07,0.4068211,-0.44878742,4.847651,0.99951744,0.8310547,0.0012517693,-22.190773,-22.213243,0.7967336,169.15387,6.144276,3.4964023e-06,99.553085,-1.6560336,-4.6396046,0.017964864,1.0,0.99870586,0.24316406,0.00936144,-22.461258,-22.475784,-7.6031837,382021.56,209.2603,8.0476885e-14,0.99865913,0.20507812,0.009486393,-22.155718,-22.169832,-7.715329,8914.472,28.966553,1.6062302e-12,0.04828565073013306,27482.545784711838,515000
58.84813,-0.656616,-4.625757,0.01242573,1.0,0.99958515,0.86328125,0.0011800601,-22.363777,-22.386408,0.78807914,262.84317,6.1923256,5.012202e-08,1.2426639,-0.2725872,4.905744,0.9995241,0.81933594,0.0012506495,-22.28315,-22.305584,0.6693095,403.79468,5.9584265,3.6465867e-06,108.605034,-1.5670445,-4.64682,0.020850973,1.0,0.9987707,0.2265625,0.008861177,-22.406662,-22.421501,-7.2246428,15422.949,17.601036,2.2281154e-13,0.9987545,0.21289062,0.008989379,-22.262781,-22.277348,-7.361665,3120.9917,10.049438,1.0834658e-13,0.04831377758979798,27724.114674806595,520000
53.0374,-0.8797788,-4.6279793,0.01331487,1.0,0.9995632,0.8574219,0.0012423536,-22.330433,-22.352962,0.71652615,295.32614,5.989378,9.466914e-07,0.24973264,-0.9229699,4.6528406,0.99948883,0.8310547,0.0012648891,-22.284773,-22.307234,0.6943883,114.02077,5.792776,9.986699e-08,104.20685,-1.837394,-4.6391573,0.017785793,1.0,0.99872875,0.25878906,0.009107135,-22.523243,-22.538132,-7.293392,1268.7601,5.1441126,1.5846482e-13,0.9987192,0.24902344,0.009147037,-22.266367,-22.281027,-7.2697773,1721.2542,8.0498295,1.4192888e-13,0.0484098256111145,27966.163805246353,525000
55.806335,-0.82216704,-4.629895,0.01408106,1.0,0.9995556,0.84375,0.0013030815,-22.35646,-22.378872,0.56996495,191.1646,5.2191844,1.5010907e-09,0.40713343,-0.6463804,3.9622517,0.9995117,0.80371094,0.001311148,-22.301838,-22.324184,0.55825776,252.203,5.425355,1.8509122e-06,107.06795,-1.683633,-4.643281,0.019435372,1.0,0.99874306,0.27441406,0.008899241,-22.603071,-22.618183,-7.144029,2016.2863,6.5492268,4.3662404e-14,0.99869156,0.24121094,0.009190905,-22.286379,-22.300953,-7.3782635,1482.3818,8.91367,8.5282116e-14,0.04847635521888733,28208.545583963394,530000
58.272053,-0.78073907,-4.626694,0.0128005445,1.0,0.9995756,0.85058594,0.001214397,-22.483519,-22.50617,0.68950987,259.7922,5.785685,9.635531e-07,0.6384356,-0.48020536,4.006669,0.9995127,0.83984375,0.0012169393,-22.42514,-22.447777,0.73153096,144.95264,5.913404,6.083919e-07,101.63512,-1.7480894,-4.6466837,0.020796334,1.0,0.998765,0.26171875,0.009006959,-22.543232,-22.558033,-7.4011245,725.6007,5.0224533,1.9918373e-13,0.99872017,0.23046875,0.008884211,-22.32893,-22.343521,-7.400628,8325.454,13.15633,9.9696764e-17,0.048615761756896976,28451.624394655228,535000
52.802208,-0.73401135,-4.627164,0.012988499,1.0,0.9995756,0.8691406,0.0011310211,-22.414665,-22.437368,0.8072417,167.64738,6.0342407,4.505425e-06,0.77365947,-0.8203241,5.525094,0.99954605,0.85253906,0.0011507339,-22.516953,-22.539686,0.7412725,124.2452,5.4094887,2.5888214e-05,108.420555,-1.6103983,-4.640668,0.018390182,1.0,0.9987774,0.26464844,0.008649588,-22.518112,-22.533318,-6.9632382,8241.151,10.569414,4.1380307e-14,0.9986954,0.234375,0.009007482,-22.414518,-22.429304,-7.289338,9544.553,17.233156,2.911074e-14,0.04863827433586121,28694.8157684803,540000
58.776924,-0.8101329,-4.6260786,0.012554473,1.0,0.9995632,0.84375,0.0012264234,-22.476528,-22.499111,0.6263766,367.79514,5.6858606,1.1198495e-06,0.39000648,-0.87650824,4.6818295,0.9995136,0.8300781,0.0012507649,-22.312508,-22.334993,0.689206,123.6336,5.965884,7.377447e-07,104.289375,-1.5622315,-4.6412916,0.018639658,1.0,0.99873924,0.2548828,0.009355583,-22.539787,-22.554354,-7.63869,14374.193,13.427422,6.574687e-14,0.9986906,0.23046875,0.009427677,-22.341236,-22.355574,-7.6726437,974.8794,5.5443873,2.4501312e-14,0.04863472514152527,28937.989396095276,545000
50.158524,-0.82622755,-4.625485,0.0123169515,1.0,0.9995899,0.86035156,0.0011687406,-22.397667,-22.420395,0.8529796,537.80524,6.70245,1.2513666e-06,0.4576558,-0.4846229,5.2068443,0.9995403,0.8359375,0.0012049263,-22.356998,-22.379566,0.728992,259.7969,5.910693,6.273685e-09,105.270615,-1.6884527,-4.647427,0.02109384,1.0,0.9988346,0.26171875,0.008802749,-22.462742,-22.477644,-7.218333,861.1777,6.0851574,3.7670675e-13,0.99868774,0.23339844,0.009083471,-22.284967,-22.29957,-7.3452315,3396.7659,10.516731,6.203554e-12,0.04863046908378601,29181.14174389839,550000
59.387375,-0.69385695,-4.6253624,0.012267977,1.0,0.9996042,0.8857422,0.0011482575,-22.410904,-22.433537,0.743715,406.31754,5.810417,6.7451697e-06,0.50588185,-0.33713588,4.2841873,0.99955845,0.8378906,0.0011712874,-22.353031,-22.37558,0.71446514,188.50874,5.949017,1.7957827e-05,108.6895,-1.4738882,-4.64061,0.018367074,1.0,0.9987755,0.23535156,0.009416733,-22.426638,-22.44088,-7.8557196,2561.005,7.0731683,3.3727785e-14,0.9986801,0.21191406,0.009540524,-22.269915,-22.283888,-7.9764433,1076.4967,5.4560146,7.1239984e-14,0.046899760389328006,29415.64054775238,555000
60.929756,-0.711493,-4.6279736,0.013312479,1.0,0.9996195,0.8925781,0.0010814861,-22.414675,-22.437374,0.80663,163.11536,6.1807795,9.237688e-07,0.8231289,-0.5082085,6.3437366,0.99958324,0.8574219,0.0010971744,-22.549957,-22.57271,0.72814167,133.66136,5.7415867,2.7915947e-08,97.30203,-1.7614366,-4.6464276,0.020693999,1.0,0.99872017,0.2529297,0.009008493,-22.48382,-22.498785,-7.1737185,3925.6516,9.507962,5.4651182e-14,0.9986973,0.22558594,0.009192374,-22.385292,-22.399904,-7.43875,1410611.1,1388.7678,6.200287e-13,0.03975140814781189,29614.397590875626,560000
52.815605,-0.7545833,-4.623596,0.0115613965,1.0,0.99954605,0.859375,0.0012065126,-22.342194,-22.364794,0.7776959,604.24445,6.4202356,7.540016e-10,0.56247246,-0.32907963,4.1036654,0.99950886,0.8173828,0.0012301984,-22.269012,-22.291452,0.6894312,172.71764,5.992697,1.8818428e-08,109.10021,-1.7148421,-4.6465225,0.020731999,1.0,0.9987612,0.27148438,0.008790024,-22.565968,-22.581177,-7.0096216,2407.5386,7.94864,9.152123e-14,0.99867153,0.2265625,0.008916553,-22.37283,-22.3878,-7.057761,1505.5236,8.2809925,3.3417637e-12,0.039705697631835936,29812.926080942154,565000
50.816532,-0.9691595,-4.629203,0.013804053,1.0,0.9995737,0.86328125,0.001180751,-22.431103,-22.453613,0.5980789,1251.7329,5.7088223,7.6475544e-07,0.6105052,-0.5817708,5.32038,0.999526,0.8388672,0.0012138842,-22.456198,-22.478785,0.6493346,243.49054,5.347879,3.1176455e-06,105.50235,-1.7333891,-4.6447697,0.02003072,1.0,0.9987879,0.25195312,0.009133371,-22.606974,-22.621529,-7.7174807,6636.517,8.389351,1.6194062e-15,0.9986763,0.22363281,0.009567235,-22.447357,-22.461605,-7.8730183,507.89957,4.910071,2.0029072e-14,0.03969671468734741,30011.40965628624,570000
57.01565,-0.6455231,-4.6270638,0.012948443,1.0,0.99959564,0.8691406,0.0011002695,-22.547104,-22.569883,0.75608206,116.515274,5.753968,3.391267e-06,0.70715326,-0.3313071,5.140188,0.99953556,0.8515625,0.001134993,-22.602367,-22.625023,0.5748625,144.52383,4.879859,1.1252896e-05,115.161194,-1.7007885,-4.6473565,0.02106568,1.0,0.9987831,0.24023438,0.009310125,-22.392372,-22.406631,-7.8048,1563.8263,6.1617775,1.9642697e-13,0.9987421,0.20214844,0.009469064,-22.244827,-22.258772,-7.9788227,588.91626,4.3148546,6.547697e-13,0.0427144082069397,30224.981699466705,575000
56.031204,-0.7446076,-4.626857,0.012865707,1.0,0.99958324,0.87109375,0.0011721028,-22.731337,-22.754295,0.7572549,126.61044,5.644495,1.013622e-05,0.5791815,-0.33287165,4.4175205,0.99950886,0.82421875,0.0011926575,-22.582836,-22.605642,0.7479217,148.35812,5.746764,0.00038438963,97.32853,-1.8386432,-4.640925,0.018492924,1.0,0.9987736,0.25878906,0.008991789,-22.826721,-22.841927,-7.271478,5439.8003,8.0340395,3.0941504e-14,0.9987154,0.24414062,0.008907912,-22.652122,-22.667145,-7.2861357,3704.4673,10.4291725,2.49668e-13,0.04836879844665527,30466.825694084167,580000
55.125984,-0.76449716,-4.6273713,0.013071497,1.0,0.99958515,0.8623047,0.0011418256,-22.486065,-22.508835,0.8075348,206.21806,5.9696803,1.1756797e-07,0.27498016,-0.6571792,4.8954,0.9995346,0.84472656,0.0011498714,-22.456505,-22.47925,0.81143177,162.28006,6.1320148,8.4960635e-07,109.56441,-1.5340775,-4.6503706,0.022271177,1.0,0.99875546,0.25683594,0.009091077,-22.619148,-22.634087,-7.339592,1470.4496,8.226877,8.4252104e-13,0.9986744,0.24511719,0.009324281,-22.508667,-22.523308,-7.5299063,634.47925,6.3081546,5.518518e-14,0.047273712825775145,30703.194260120392,585000
56.180744,-0.8299948,-4.626376,0.012673551,1.0,0.9995413,0.85253906,0.0012297942,-22.502768,-22.525518,0.772421,405.89093,6.4865417,2.6413607e-06,0.42695704,-0.4633947,4.812289,0.99953556,0.8222656,0.001218169,-22.476068,-22.498816,0.79340667,430.45065,7.258423,6.1908336e-09,107.511795,-1.7246225,-4.6420245,0.018932834,1.0,0.99873924,0.2685547,0.008983176,-22.713905,-22.729147,-7.1202683,44670.023,42.2598,4.2689783e-14,0.9986496,0.24414062,0.009275509,-22.466057,-22.480865,-7.3163214,1207.1595,5.823474,9.0640337e-13,0.03971131830215454,30901.750853538513,590000
61.620434,-0.7841051,-4.628889,0.013678804,1.0,0.9995594,0.8671875,0.0012179015,-22.63552,-22.658195,0.56063735,268.71024,5.4349585,9.894916e-07,0.5502147,-0.7275855,4.78262,0.99952793,0.8251953,0.0012259588,-22.529308,-22.55187,0.5520411,93.467064,4.7423453,4.3723417e-06,115.94214,-1.1653371,-4.644248,0.01982202,1.0,0.9987259,0.23242188,0.0096505005,-22.772438,-22.786875,-8.001877,4243.751,10.029866,6.212556e-15,0.99870396,0.2109375,0.009984525,-22.57721,-22.591,-8.469465,1334.3651,5.694439,1.762449e-14,0.039756600713729856,31100.533858537674,595000
53.064835,-0.84039724,-4.626951,0.012903622,1.0,0.9995699,0.85253906,0.0012068604,-22.480412,-22.503162,0.79231554,255.72392,6.6909413,7.299871e-06,0.5363324,-0.33896628,4.4795237,0.99952316,0.8339844,0.001242977,-22.518343,-22.541067,0.730288,126.679596,6.528868,2.532719e-06,100.05939,-1.7918413,-4.6474133,0.021088107,1.0,0.998744,0.25585938,0.009138217,-22.624,-22.638977,-7.3025484,4458.2754,13.464153,2.4539114e-13,0.99868107,0.22070312,0.009305444,-22.362627,-22.377169,-7.487029,3650.685,13.995132,5.6086364e-12,0.030594280719757082,31253.505264520645,600000
62.452312,-0.7186787,-4.626426,0.012693574,1.0,0.9995823,0.86328125,0.0011243802,-22.611582,-22.634516,0.8495772,218.42363,6.217148,2.3730707e-05,0.52133346,-0.26076317,4.488097,0.99952126,0.84277344,0.0011723044,-22.560501,-22.583328,0.79096806,171.53885,6.3586183,3.4318623e-07,104.03243,-1.6921082,-4.6443725,0.019871937,1.0,0.9987345,0.2578125,0.008999705,-22.67566,-22.690712,-7.276436,4171.0703,10.803935,1.000779e-14,0.99870586,0.23828125,0.009064495,-22.530287,-22.54506,-7.417467,1433.8363,6.6798496,3.6721143e-12,0.14223777627944947,31964.694147586823,605000
59.925957,-0.78439224,-4.6264563,0.012705505,1.0,0.9995432,0.8359375,0.0012265891,-22.591757,-22.614592,0.7684078,230.3664,5.8067503,1.2775841e-10,0.57582253,-0.44488057,5.491929,0.99949455,0.8183594,0.0012461138,-22.576344,-22.599089,0.6934846,126.020294,5.3447905,3.9278e-09,110.08148,-1.4714785,-4.6370173,0.016929917,1.0,0.9987726,0.22851562,0.009670321,-22.624466,-22.638597,-8.168951,32387.277,19.912418,5.236066e-16,0.9986954,0.20703125,0.009826481,-22.516056,-22.530039,-8.210406,4989.6997,13.721184,1.5285468e-13,0.04855288138389587,32207.45855641365,610000
60.527016,-0.78721184,-4.6295433,0.013940203,1.0,0.9995699,0.8544922,0.0011744007,-22.686108,-22.709003,0.73500407,1168.7317,6.5387144,1.9767403e-09,1.0904756,-0.39126372,7.281805,0.9995394,0.8339844,0.0011888013,-22.468296,-22.491045,0.80529606,107.48887,6.046066,4.170097e-06,110.16272,-1.5683633,-4.6437726,0.019631967,1.0,0.99878025,0.24511719,0.009280924,-22.688482,-22.703236,-7.5944595,1667.2821,6.4941225,5.4446217e-14,0.99867153,0.21484375,0.009276413,-22.394924,-22.409462,-7.522792,7101.2275,13.027978,3.066361e-14,0.04854111471176147,32450.16413283348,615000
50.767666,-0.87247956,-4.6291914,0.013799545,1.0,0.9996052,0.8701172,0.0010997481,-22.697971,-22.72093,0.7864243,208.4707,6.039612,3.5195612e-07,0.4101478,-0.4280412,4.286601,0.9995699,0.8544922,0.0010985467,-22.624931,-22.647823,0.7942095,627.4534,6.436803,9.166312e-06,112.340225,-1.5291147,-4.6428356,0.01925735,1.0,0.99880314,0.2578125,0.008975928,-22.780548,-22.795525,-7.4595966,2072.3396,6.8658953,3.5387584e-13,0.9987488,0.23632812,0.009208025,-22.528263,-22.542824,-7.6330466,597.7555,5.235354,4.3386312e-13,0.0484940544128418,32692.634407281876,620000
56.064884,-0.7595241,-4.6290464,0.013741441,1.0,0.9995928,0.87402344,0.0011761175,-22.413807,-22.436558,0.85856307,5231.5396,9.177526,1.0983091e-06,0.60174185,-0.37492225,7.2256126,0.99954224,0.828125,0.0011789775,-22.402718,-22.425503,0.9048733,247.46216,6.905165,5.6540985e-06,111.93061,-1.4988894,-4.643532,0.019535521,1.0,0.99871635,0.24316406,0.0090780165,-22.63454,-22.649508,-7.323285,1565.6594,8.634933,9.657392e-14,0.9986458,0.21972656,0.009155785,-22.38916,-22.403807,-7.406235,3101.2227,7.479873,5.6034046e-13,0.04849918899536133,32935.13035392761,625000
53.49849,-0.84417635,-4.6277843,0.013236589,1.0,0.9995537,0.8642578,0.0011818261,-22.5791,-22.60188,0.72649133,665.98425,6.090087,2.3530968e-07,0.38644323,-0.4781344,4.0492926,0.999506,0.8388672,0.0011970174,-22.45686,-22.479553,0.75812626,230.3744,6.9325175,5.2011605e-06,102.6004,-1.6374266,-4.6453424,0.020259807,1.0,0.9987631,0.27441406,0.008870858,-22.90551,-22.920853,-7.2088895,775.6122,5.8347297,6.53429e-15,0.9987154,0.2421875,0.009079555,-22.557543,-22.572336,-7.4216013,1256.393,6.521529,1.941374e-13,0.04858660798072815,33178.06339550018,630000
52.4077,-0.7785672,-4.6244545,0.011904758,1.0,0.9995632,0.8623047,0.001144049,-22.7462,-22.769148,0.7301213,137.8053,5.7467866,3.453581e-07,0.5576279,-1.2067653,4.808954,0.99950504,0.83496094,0.0011797794,-22.76617,-22.789093,0.6854203,619.8755,6.1487837,1.0324135e-06,118.24502,-1.3699303,-4.6428785,0.019274402,1.0,0.99876404,0.22167969,0.009157141,-22.899822,-22.914791,-7.5869026,10681.311,12.023277,2.1600373e-13,0.99870205,0.21484375,0.009490827,-22.631834,-22.646318,-7.8135824,12784.83,17.310238,2.8464741e-12,0.04851903524398804,33420.65857338905,635000
55.76326,-0.7785521,-4.6267786,0.012834487,1.0,0.999568,0.8574219,0.001159098,-22.582493,-22.60545,0.90093756,242.39258,6.6777554,6.094645e-07,0.2475614,-0.498287,4.480196,0.99953556,0.8388672,0.0011668544,-22.529037,-22.551985,0.943635,595.05664,7.7331657,1.1370968e-05,102.61943,-1.738328,-4.6403966,0.0182816,1.0,0.99871254,0.24902344,0.00925945,-22.73629,-22.751112,-7.5757937,1080.0177,5.2482214,5.4238162e-15,0.99862003,0.20996094,0.009513494,-22.455397,-22.469809,-7.710938,1319.2715,7.1345215,3.192931e-13,0.048657537889480594,33663.946264743805,640000
55.289803,-0.7799792,-4.625818,0.012450016,1.0,0.9995403,0.83691406,0.0012806733,-22.673653,-22.696531,0.7287811,1457.524,7.2355537,7.4745503e-06,0.5027173,-0.540123,4.9885273,0.999485,0.81347656,0.0012730407,-22.53042,-22.553198,0.77263224,636.71533,6.967544,1.4798552e-05,104.99776,-1.5536497,-4.647805,0.021245051,1.0,0.9987774,0.25390625,0.009236155,-22.76302,-22.777954,-7.4796095,2682.7866,12.331451,2.4419946e-14,0.99867916,0.21875,0.00931649,-22.60038,-22.615013,-7.6316476,972928.5,957.8167,5.5694577e-13,0.04897255272865295,33908.80903053284,645000
52.577633,-0.8321625,-4.625589,0.012358563,1.0,0.99956036,0.8574219,0.0011818612,-22.61248,-22.63521,0.641637,125.762886,5.140387,1.4932252e-07,0.28135446,-1.0704378,5.44234,0.99952507,0.84375,0.0012177192,-22.533367,-22.555998,0.62036186,474.87204,5.763707,1.5762157e-07,109.822556,-1.520361,-4.638112,0.017367905,1.0,0.99870586,0.26367188,0.009225185,-22.698967,-22.713987,-7.332982,7362.521,13.029449,4.4600483e-14,0.9986181,0.24511719,0.009380961,-22.435322,-22.4501,-7.3179197,13850.341,19.132238,3.684124e-12,0.048986607360839846,34153.74206876755,650000
48.075798,-0.9232864,-4.6267757,0.012833376,1.0,0.9995651,0.8623047,0.0012062208,-22.593498,-22.616377,0.81106836,224.41724,6.53525,4.3549505e-08,0.2843601,-0.6142804,3.5800943,0.9995346,0.8359375,0.0011879266,-22.409935,-22.432636,0.81342435,406.9366,6.222103,1.3755114e-06,102.92659,-1.6982352,-4.645655,0.02038516,1.0,0.9987936,0.27148438,0.008881049,-22.76025,-22.77534,-7.323201,10439.97,12.09962,8.7990314e-13,0.99868774,0.23730469,0.0091130445,-22.45102,-22.465765,-7.3665643,2342.3872,8.154427,1.0468952e-13,0.04073958010673523,34357.43997144699,655000
44.993515,-0.9500822,-4.6287317,0.0136157675,1.0,0.99959755,0.8779297,0.001110765,-22.74599,-22.768911,0.7023625,117.5583,5.454438,6.517248e-12,0.4131292,-0.35114408,4.082161,0.9995651,0.84472656,0.0010981082,-22.611485,-22.634268,0.6952549,223.8458,5.489018,4.457048e-06,108.53563,-1.5729771,-4.6454234,0.020292323,1.0,0.998744,0.22363281,0.009481272,-22.735256,-22.749668,-7.9893274,1036.8604,5.050152,1.9942777e-13,0.99869823,0.20605469,0.009750752,-22.60416,-22.618195,-8.249527,4696.7817,11.552757,2.800408e-13,0.03981613712310791,34556.52065849304,660000
58.695847,-0.7393957,-4.6249027,0.012084066,1.0,0.9995699,0.86328125,0.0011983562,-22.597343,-22.620193,0.7786931,262.6209,6.358672,7.999571e-07,0.66021544,-0.67171264,4.631052,0.9995003,0.8330078,0.0012136757,-22.529926,-22.552622,0.6878551,563.5944,6.4606314,5.7019747e-07,107.03878,-1.5371213,-4.643559,0.019546509,1.0,0.9987507,0.25390625,0.009053723,-22.841518,-22.856703,-7.3086863,1228.8363,5.773076,3.49896e-12,0.998683,0.23144531,0.009285392,-22.61407,-22.628864,-7.4824815,174194.6,174.15544,1.8884253e-13,0.03993354468345642,34756.18838405609,665000
61.336037,-0.6890539,-4.627157,0.012985992,1.0,0.9995899,0.8652344,0.0011313178,-22.5944,-22.617262,0.7917801,146.16136,5.7888927,4.5537476e-05,0.81270343,-0.41993856,5.5252714,0.9995556,0.8330078,0.0011567037,-22.545937,-22.56872,0.76177526,247.55858,6.719755,5.4965672e-05,108.873055,-1.7625015,-4.6454253,0.020293115,1.0,0.9987955,0.25195312,0.009196058,-22.814663,-22.829569,-7.566715,2522.9634,8.147441,1.0784449e-14,0.9987478,0.22753906,0.009418867,-22.545643,-22.560133,-7.7232375,7969.853,11.950818,4.5073686e-13,0.040066273021698,34956.5197532177,670000
50.489162,-0.7830303,-4.625287,0.012237804,1.0,0.99958324,0.8652344,0.0011356437,-22.72927,-22.752329,0.8587079,137.31879,5.955227,1.3204424e-07,0.3266159,-0.61089927,3.7387674,0.999526,0.8408203,0.0011618643,-22.659454,-22.68241,0.8240259,213.42218,5.8912234,1.0033132e-05,101.30737,-1.6977786,-4.661749,0.026822705,1.0,0.99882793,0.28808594,0.008832916,-22.853497,-22.86878,-7.216538,1023.93506,7.5379267,3.3805345e-13,0.9987974,0.25195312,0.0089707915,-22.595432,-22.610275,-7.411315,1360.8804,7.9869843,3.4092328e-13,0.048457437562942504,35198.80694270134,675000
51.043217,-0.7453636,-4.6259537,0.012504478,1.0,0.99957275,0.8564453,0.0011636567,-22.731102,-22.753996,0.68984574,255.58044,5.744517,6.8119177e-09,0.48240155,-0.44724643,4.048789,0.9995365,0.83496094,0.0011967386,-22.81662,-22.839497,0.5848261,98.278824,5.137935,1.6982674e-06,113.84564,-1.4434205,-4.6441984,0.019802472,1.0,0.9987669,0.25195312,0.00923532,-22.90399,-22.918884,-7.664474,7166.3823,10.605415,2.4713253e-15,0.9986849,0.23632812,0.009446647,-22.795153,-22.809837,-7.773628,239775.16,241.81827,2.457818e-13,0.04846242198944092,35441.11905527115,680000
53.457977,-0.83746314,-4.62395,0.011702848,1.0,0.9996052,0.8720703,0.001127082,-22.473991,-22.496723,0.7816274,348.5302,6.2533026,1.9890794e-07,0.5519352,-0.7511513,5.294418,0.99954414,0.85058594,0.0011479193,-22.45166,-22.474424,0.83580637,375.8803,6.894606,2.0430075e-06,106.45555,-1.7046344,-4.644082,0.019755904,1.0,0.99878407,0.24121094,0.009223292,-22.808151,-22.82295,-7.6698384,1244.7297,5.503747,9.461532e-15,0.9987049,0.22265625,0.009528553,-22.543268,-22.557547,-7.936875,144232.9,156.97821,3.1525797e-13,0.043992298269271854,35661.08054852486,685000
61.67186,-0.74778414,-4.6257343,0.012416556,1.0,0.99958706,0.8779297,0.0011232593,-22.772522,-22.79556,0.79652023,111.335464,5.9647355,4.819482e-07,0.36897242,-1.1113201,5.4070535,0.9995537,0.84472656,0.0011507024,-22.71934,-22.742306,0.7755389,151.05946,6.2165055,2.1756735e-07,119.029106,-1.4672427,-4.648133,0.021376077,1.0,0.9987583,0.2626953,0.009094862,-22.841053,-22.856178,-7.3654575,2578.6455,8.185996,2.3816447e-13,0.9986992,0.23339844,0.009383388,-22.588821,-22.603456,-7.6188846,255.04987,4.371483,3.2301878e-12,0.0396388587474823,35859.27484345436,690000
49.36554,-0.8014457,-4.6262426,0.012620023,1.0,0.9996033,0.87597656,0.0010978291,-22.762018,-22.78518,0.9328785,171.1101,6.569495,9.0833375e-08,0.72718793,-0.45385918,3.6660607,0.9995508,0.8544922,0.001161676,-22.72765,-22.750696,0.84995013,526.4549,6.6657834,3.640756e-06,105.793945,-1.5907686,-4.6535463,0.023541419,1.0,0.998765,0.25195312,0.009429832,-22.877724,-22.89247,-7.794021,12308.156,14.715992,8.0220796e-14,0.99872684,0.22265625,0.009501111,-22.759668,-22.774105,-7.9899797,178.17503,3.3035166,2.5668955e-12,0.03962710795402527,36057.41038441658,695000
55.033646,-0.7744285,-4.625227,0.012213858,1.0,0.9995928,0.8769531,0.0011401052,-22.645948,-22.668882,0.81610096,544.8081,6.3332243,1.706362e-06,0.6422552,-0.4048601,4.16861,0.9995136,0.84765625,0.0011665188,-22.538582,-22.561464,0.87174666,129.89629,6.3487515,2.6954882e-07,97.667694,-1.8018712,-4.644192,0.019799782,1.0,0.99873734,0.23828125,0.009369941,-22.784733,-22.799578,-7.595603,1509.7881,7.2757225,2.5532087e-12,0.9986677,0.21191406,0.009494843,-22.523987,-22.538391,-7.7906747,494.27008,4.679902,4.783403e-13,0.03291866345405579,36222.00370311737,700000
48.44845,-0.8103973,-4.6251054,0.012165092,1.0,0.99958897,0.8701172,0.0011196146,-22.742876,-22.76585,0.7604632,421.93683,5.8214617,3.3783147e-07,0.7430676,-0.3813771,3.8881707,0.999547,0.8457031,0.0011411912,-22.730911,-22.753832,0.71784747,232.67067,5.677286,7.828168e-06,108.62328,-1.6522651,-4.6460137,0.020528492,1.0,0.99878025,0.25,0.009072924,-22.797203,-22.812244,-7.4099174,2414.2732,6.58937,4.5303854e-15,0.99868965,0.21972656,0.009443711,-22.68903,-22.703701,-7.6810126,1351.7329,7.44041,7.0650446e-13,0.13900385942459106,36917.023003578186,705000
61.172108,-0.5971649,-4.624106,0.01176538,1.0,0.9996023,0.8544922,0.0011497559,-22.505913,-22.528795,0.9024657,253.9602,6.6488276,7.503601e-07,0.6983154,-0.59015274,5.321972,0.9995594,0.8408203,0.0011282742,-22.649841,-22.67278,0.8168725,156.11568,6.070339,6.148189e-05,117.64952,-1.2561092,-4.6394005,0.017883187,1.0,0.99873924,0.23925781,0.009606809,-22.714142,-22.728704,-7.8188725,3739.6865,9.406452,2.9638676e-14,0.99870205,0.21582031,0.009793349,-22.598564,-22.612696,-8.143801,2078.083,6.8934116,1.492506e-13,0.04856964902877808,37159.87125086784,710000
47.621666,-0.8104174,-4.6265955,0.012761074,1.0,0.9996052,0.8691406,0.0011248458,-22.702776,-22.726006,1.0600343,320.13968,7.317078,1.0357468e-06,0.4638378,-0.4969427,4.299391,0.9995451,0.8535156,0.0011493174,-22.580517,-22.603607,1.0395119,329.73657,7.1302395,7.3310875e-05,111.11363,-1.5145972,-4.644999,0.02012263,1.0,0.998826,0.26464844,0.009131953,-22.732613,-22.747498,-7.508504,1302.9313,6.8520317,1.1639006e-12,0.9987097,0.22265625,0.009348285,-22.443613,-22.458168,-7.5538664,4848.203,13.79875,2.9030448e-14,0.04856450190544129,37402.69376206398,715000
48.831673,-0.84730005,-4.624875,0.012073195,1.0,0.9995365,0.83203125,0.001245585,-22.677979,-22.700909,0.78086555,163.6867,5.779294,2.2100648e-08,0.54893714,-0.73752064,4.260429,0.9994974,0.8154297,0.0012561765,-22.603231,-22.626127,0.8175428,504.84872,6.597968,1.3689387e-05,108.36913,-1.490911,-4.6431284,0.019374354,1.0,0.9988365,0.2763672,0.008747414,-22.735157,-22.750326,-7.2184496,4710.6787,12.296373,1.8984723e-13,0.99873257,0.2421875,0.008882391,-22.486021,-22.500786,-7.382451,2466.2686,6.119105,3.1174338e-12,0.0485072009563446,37645.22976851463,720000
57.539772,-0.6652336,-4.625761,0.012427275,1.0,0.9995489,0.8535156,0.0012059647,-22.883373,-22.906487,0.7621026,151.60658,5.8786163,1.8358068e-09,0.41153753,-0.46457377,4.889123,0.9995136,0.8330078,0.0012489761,-22.886995,-22.910038,0.68665385,181.67928,5.5909634,5.3087857e-11,119.25206,-1.3087715,-4.643136,0.019377274,1.0,0.9987974,0.2734375,0.009123035,-22.980772,-22.99593,-7.4734335,7177.8257,14.619257,3.42708e-15,0.99875736,0.25097656,0.0091624,-22.802378,-22.817299,-7.5364156,9195.983,14.289466,3.8643608e-13,0.04946260261535645,37892.5427839756,725000
56.055336,-0.68881536,-4.6241145,0.01176889,1.0,0.99960804,0.88671875,0.0010932884,-22.70573,-22.728691,0.78094864,163.87517,6.0853376,4.768489e-10,0.40330634,-0.412122,3.6783042,0.99957466,0.8515625,0.0010962593,-22.693016,-22.716032,0.85258734,648.3067,6.8158026,2.4942087e-10,114.38103,-1.5904835,-4.649105,0.021764947,1.0,0.9988003,0.25097656,0.009017754,-22.783234,-22.79828,-7.3911247,4516.9756,13.1381645,5.592487e-15,0.9986868,0.21484375,0.009172818,-22.587406,-22.602161,-7.491172,6985.495,20.67928,1.1979693e-11,0.050188797092437745,38143.486771821976,730000
60.601326,-0.7218293,-4.625857,0.012465683,1.0,0.9996042,0.8798828,0.0010682149,-22.857405,-22.880663,0.9383515,11063.705,12.824335,1.8437339e-07,0.50774455,-0.40577233,4.507151,0.9995413,0.83203125,0.0011391058,-22.805836,-22.828949,0.84091854,607.731,6.946873,3.7680962e-05,115.46171,-1.5351393,-4.644273,0.019832108,1.0,0.9987602,0.26757812,0.009187015,-22.964703,-22.980019,-7.2974844,2868.128,10.816141,6.90367e-14,0.9986229,0.234375,0.009563473,-22.731804,-22.746616,-7.577071,11665.582,22.331638,1.3283354e-14,0.04857268042564392,38386.35017633438,735000
51.486008,-0.7382492,-4.625343,0.012260064,1.0,0.9995842,0.8671875,0.0010914318,-22.81462,-22.837662,0.75703907,244.13649,5.458473,0.000654649,0.36333963,-0.8400922,5.158821,0.9995098,0.8330078,0.001148858,-22.7559,-22.7788,0.6708667,1058.1055,6.2414355,0.00027389845,109.011284,-1.6687285,-4.6356955,0.016401183,1.0,0.9988022,0.24707031,0.009006357,-22.909977,-22.925068,-7.4723983,4315.047,8.307293,3.629341e-15,0.99873734,0.23242188,0.009211916,-22.671267,-22.685997,-7.6026344,449.3107,5.182406,8.054126e-13,0.048675576305389406,38629.72806072235,740000
52.16813,-0.84502995,-4.626033,0.012536131,1.0,0.9995661,0.85546875,0.0012193224,-22.675423,-22.69843,0.8610003,189.99538,6.572569,2.77193e-07,0.5699852,-0.43547094,4.3970127,0.9995184,0.828125,0.0012316002,-22.61025,-22.633175,0.84392273,5266.2246,11.834478,1.194964e-07,102.12912,-1.6960946,-4.64528,0.020234933,1.0,0.9987955,0.25390625,0.009014798,-22.988413,-23.003613,-7.439581,2286.0713,8.315375,7.231052e-14,0.9987221,0.22851562,0.0091886185,-22.884687,-22.899725,-7.500884,3834.2239,13.627196,2.6036406e-12,0.049827978467941285,38878.867955207825,745000
54.27368,-0.79641896,-4.623188,0.011398155,1.0,0.9995661,0.8701172,0.0011703022,-22.838737,-22.861856,0.81185126,757.97217,7.2783785,2.2187467e-06,0.53516006,-0.49948984,4.3309326,0.9995203,0.8486328,0.0011862349,-22.868658,-22.891771,0.77479345,2376.3572,8.153585,2.1476744e-05,105.44551,-1.620301,-4.639488,0.017918346,1.0,0.9987955,0.26171875,0.0088182315,-22.914669,-22.929998,-7.229596,18892.125,18.213085,1.1419194e-13,0.99874973,0.24121094,0.009070676,-22.747192,-22.762089,-7.5072126,828.6447,6.1307173,7.458904e-12,0.047610688638687136,39116.92140007019,750000
63.84945,-0.7036429,-4.6236644,0.011588739,1.0,0.9995909,0.8720703,0.0011398196,-22.83368,-22.856749,0.7666538,173.62544,5.8145695,2.8583488e-06,0.68345886,-1.0818952,5.0876083,0.99954796,0.86035156,0.0011453215,-22.921175,-22.944286,0.72399354,197.64667,5.5960245,2.0248935e-05,107.662994,-1.5092204,-4.6514177,0.022690054,1.0,0.9987898,0.2529297,0.009169484,-22.894135,-22.908993,-7.693692,9392.985,8.924433,2.6266825e-14,0.9987564,0.22851562,0.009430777,-22.82619,-22.840656,-8.026329,1599.7773,4.7168646,1.3405718e-12,0.040822433042526245,39321.033566474915,755000
61.27746,-0.7277225,-4.625931,0.012495184,1.0,0.99960136,0.86816406,0.0011293554,-22.80474,-22.827839,0.8264475,455.71222,6.4782333,4.922843e-06,0.655318,-0.54027843,6.552255,0.9995451,0.8564453,0.0011454041,-22.812658,-22.835716,0.7754783,1262.9888,7.3021464,3.162747e-05,101.24423,-1.546956,-4.65087,0.022470951,1.0,0.99871445,0.24023438,0.00947489,-23.022152,-23.037092,-7.7362833,3736.0007,7.3813887,1.251558e-13,0.9986677,0.20703125,0.00966217,-22.842438,-22.857042,-7.9043417,3162.1055,7.40691,1.965794e-14,0.04088391461372375,39525.453140974045,760000
52.93422,-0.7893039,-4.6275525,0.013143948,1.0,0.9996214,0.8769531,0.0011034529,-22.847113,-22.870373,0.9477152,106.90859,6.6051264,1.0229227e-06,0.7842115,-0.6765826,6.2977905,0.9995861,0.8544922,0.0011214395,-22.755913,-22.779016,0.8786771,94.43152,6.076828,3.482328e-05,99.08381,-1.7084453,-4.6426506,0.019183211,1.0,0.99872875,0.25976562,0.009239128,-22.779312,-22.794352,-7.394068,4142.2515,8.4872875,3.6253576e-14,0.99864864,0.22167969,0.009313766,-22.673855,-22.688715,-7.4708166,507899.88,499.99347,5.0702937e-13,0.0408460834980011,39729.68356180191,765000
55.76014,-0.7406633,-4.6252294,0.01221473,1.0,0.99960136,0.8808594,0.0010960428,-22.900284,-22.923471,0.81838965,207.61795,5.9211645,0.000108017346,0.8502939,-0.2672238,4.896509,0.9995346,0.8496094,0.0011479922,-22.806126,-22.829119,0.71795654,127.23133,5.4212904,0.00018818592,106.53941,-1.573077,-4.6416473,0.01878198,1.0,0.9987831,0.26660156,0.009180863,-23.029638,-23.04475,-7.571577,834.0629,6.239279,4.7007693e-14,0.9986963,0.23046875,0.009430657,-22.69775,-22.712404,-7.706517,798.7365,4.9612975,3.7702448e-13,0.04290832934379578,39944.22521042824,770000
60.210716,-0.73453915,-4.625174,0.012192587,1.0,0.99958706,0.87402344,0.0011290585,-22.871975,-22.89512,0.8074429,920.5306,6.2730017,1.1722029e-06,0.5056749,-0.35327768,4.533696,0.99955845,0.8564453,0.0011444755,-22.694286,-22.717308,0.8549142,76.26617,5.967264,2.856297e-06,94.67258,-1.9028038,-4.643043,0.019340167,1.0,0.99878216,0.23339844,0.009378547,-22.986927,-23.00175,-7.824211,1340.0004,4.593642,1.7604131e-14,0.99869156,0.21484375,0.009556812,-22.632023,-22.646399,-7.928487,1932.5103,5.724497,4.2479132e-12,0.04839634690284729,40186.20694756508,775000
61.825153,-0.5361632,-4.6246004,0.011963287,1.0,0.99958706,0.8691406,0.0011064608,-22.699806,-22.72278,0.80362356,165.2129,5.571906,5.45521e-08,0.47811884,-0.6770529,5.3001604,0.9995384,0.8203125,0.001159631,-22.816563,-22.839527,0.6742257,118.51298,5.3165655,2.1689252e-06,110.94725,-1.6240305,-4.655382,0.024275875,1.0,0.9987745,0.25097656,0.009180361,-23.005268,-23.020374,-7.549048,9981.136,12.520674,4.0367124e-13,0.99873734,0.23339844,0.009223192,-22.888588,-22.903437,-7.7008095,2995.132,7.300909,1.3273666e-12,0.04859883704185486,40429.2011346817,780000
59.28401,-0.7271968,-4.626815,0.012848916,1.0,0.99960613,0.86035156,0.0011586235,-22.784433,-22.807455,0.76800734,142.50584,5.809904,1.4869662e-06,0.7085728,-0.6548354,6.0641346,0.99954796,0.8378906,0.0011657409,-22.815035,-22.838026,0.70480007,136.22723,5.698893,3.5988066e-06,103.06323,-1.6454206,-4.6458893,0.020478753,1.0,0.99877644,0.27929688,0.008949602,-22.9538,-22.969177,-7.2233467,7651.4673,12.70775,6.580768e-15,0.99873734,0.25683594,0.009079506,-22.811733,-22.826805,-7.392432,1491.1906,8.413317,4.981493e-12,0.0437427209854126,40647.91474080086,785000
63.945503,-0.6283331,-4.6236434,0.011580273,1.0,0.9995947,0.8701172,0.0011271692,-22.910843,-22.93414,0.9242165,380.94394,6.715534,1.229825e-06,0.7126725,-0.63303065,6.0271196,0.99954796,0.84375,0.0011417301,-22.900251,-22.92349,0.8729446,660.5539,7.0604076,1.2151105e-05,120.41424,-1.4481041,-4.649784,0.022036472,1.0,0.9988117,0.2529297,0.009306634,-22.973867,-22.988808,-7.690501,1461.8171,5.4179316,1.3002185e-13,0.9987097,0.22265625,0.009526748,-22.763798,-22.778368,-7.8606267,86828.05,90.09196,7.636668e-14,0.04088196811676025,40852.32458305359,790000
55.91516,-0.75529253,-4.624778,0.012034089,1.0,0.9995556,0.8701172,0.0011532167,-22.813932,-22.837063,0.84944284,537.2911,6.3560534,4.2821397e-05,0.60166454,-0.365157,4.7396617,0.99953365,0.83203125,0.0011615296,-22.748528,-22.771599,0.8497553,259.0306,6.2694645,0.0003662628,106.207085,-1.5788325,-4.6525736,0.023152372,1.0,0.9987745,0.26464844,0.009299517,-23.083363,-23.098372,-7.7287683,3178.1982,9.429826,2.754863e-13,0.9987087,0.23144531,0.009457595,-22.941858,-22.95653,-7.934985,812.76025,4.3821716,3.5409072e-12,0.04090706777572632,41056.85992360115,795000
44.306244,-0.810696,-4.624008,0.011726257,1.0,0.9995804,0.86035156,0.0011230655,-22.688286,-22.711323,0.8748008,151.08841,5.963962,2.6807822e-06,0.4200027,-0.581901,5.2072954,0.9995518,0.8486328,0.0011308754,-22.747305,-22.77039,0.86755276,120.35054,5.617011,1.0938528e-08,108.96417,-1.6023221,-4.643507,0.019525839,1.0,0.99877834,0.25390625,0.009073952,-22.821095,-22.836067,-7.5047565,621.8994,4.867999,1.9208903e-14,0.9987068,0.20605469,0.009360265,-22.700764,-22.715336,-7.7937036,1301.2301,4.4228716,6.406962e-12,0.03412683415412903,41227.494096279144,800000
60.20128,-0.6009556,-4.6256332,0.012376251,1.0,0.9996023,0.88183594,0.00110861,-22.83305,-22.856163,0.8129487,178.22456,5.8860035,1.4611909e-05,0.48979926,-0.3549052,5.344187,0.9995394,0.8535156,0.0011318682,-22.861744,-22.88482,0.74642235,359.4753,6.0029583,7.2771036e-05,113.673065,-1.4398103,-4.6433687,0.0194704,1.0,0.9987755,0.26464844,0.008900352,-22.952078,-22.96736,-7.318014,622.4827,5.040006,2.1799715e-12,0.9987354,0.2265625,0.009265291,-22.874401,-22.88922,-7.715352,1370.4556,6.4573584,1.8315422e-14,0.14301091537475585,41942.54867577553,805000
55.563923,-0.7401924,-4.6252327,0.012216168,1.0,0.99954796,0.8496094,0.0012195511,-22.709381,-22.732347,0.7864276,318.03162,6.526124,8.984245e-08,0.30595863,-0.40904143,3.9095345,0.99951935,0.83691406,0.0012186486,-22.610283,-22.633114,0.7435738,643.49774,6.6766644,2.1358082e-06,103.83549,-1.6040103,-4.651085,0.022556975,1.0,0.9987793,0.24609375,0.009234561,-22.86279,-22.877739,-7.567042,2088.4968,6.5850368,5.302142e-13,0.99870396,0.21777344,0.0094089005,-22.704422,-22.71896,-7.8311343,656.9707,4.5948935,1.1210642e-12,0.04857871146202088,42185.44223713875,810000
58.986965,-0.6805293,-4.626499,0.012722728,1.0,0.9996319,0.87890625,0.0011249459,-22.847036,-22.870111,0.7611731,431.74118,6.5735927,9.208245e-06,0.39659357,-0.44123787,6.7903314,0.99957275,0.8388672,0.0011119053,-22.767582,-22.790565,0.7448217,119.91661,5.6089087,1.36642e-05,111.85717,-1.6282191,-4.6503687,0.02227043,1.0,0.998765,0.23730469,0.00954059,-23.042213,-23.056925,-7.995006,1031.683,5.0043025,6.353096e-14,0.9986906,0.20996094,0.009609742,-22.8834,-22.897858,-8.092613,381.26358,3.2972314,6.03699e-14,0.04857678294181824,42428.32615399361,815000
46.41622,-0.8560989,-4.623374,0.011472707,1.0,0.99958324,0.875,0.0011235061,-22.965214,-22.98848,0.8370713,612.61316,6.4325504,5.4864786e-06,0.4654262,-0.37520233,5.1742916,0.9995613,0.86035156,0.0011240628,-22.92805,-22.95136,0.91816866,233.8149,6.590432,1.9168938e-06,114.023544,-1.503087,-4.646806,0.020845344,1.0,0.99876595,0.24707031,0.009292649,-22.983822,-22.998808,-7.6540375,3922.5945,9.22214,2.5121124e-14,0.99867535,0.21875,0.009515695,-22.971188,-22.986065,-7.7517805,2540.2078,7.632035,1.0302853e-13,0.04855016627311706,42671.07698893547,820000
49.573128,-0.8262062,-4.623931,0.011695306,1.0,0.9996004,0.8769531,0.0011181885,-22.699707,-22.722755,0.87718576,116.439735,5.9367104,2.4341316e-06,0.2221348,-0.30597326,2.9538074,0.99954987,0.8652344,0.0011067891,-22.627224,-22.650202,0.87700343,182.38287,5.9123735,2.7177748e-05,103.57709,-1.5395849,-4.6409907,0.018519262,1.0,0.99875546,0.2607422,0.009336287,-22.837112,-22.852009,-7.5973682,4078.0083,9.267998,1.0734094e-13,0.998683,0.23925781,0.009466896,-22.685596,-22.70025,-7.698285,1534.1906,8.607817,4.5651017e-14,0.04842790541648865,42913.216517686844,825000
53.258194,-0.63917196,-4.624359,0.011866729,1.0,0.9996071,0.8730469,0.0010861909,-22.90724,-22.930517,0.90432787,611.67413,6.756115,3.274934e-05,0.37325382,-0.37623116,4.4195337,0.9995432,0.85839844,0.0010848085,-22.88178,-22.904947,0.8175819,520.9213,6.252488,1.5881315e-05,109.931656,-1.601653,-4.645814,0.020448525,1.0,0.99882126,0.23730469,0.009304148,-23.060219,-23.075102,-7.8345256,1943.6665,5.997857,5.1097855e-14,0.9987459,0.22460938,0.009419112,-22.985346,-23.000036,-7.9568796,5231.675,11.350149,2.2725291e-13,0.048363100290298465,43155.032020807266,830000
55.3629,-0.79307854,-4.6269794,0.012914613,1.0,0.99963,0.8808594,0.0010591354,-22.998394,-23.021753,0.8995927,487.88498,6.4065104,5.547054e-10,0.6187633,-0.46648458,5.179945,0.99960613,0.86621094,0.001045147,-22.965631,-22.988932,0.8717623,479.4471,6.3275833,3.541247e-07,124.19655,-1.4000707,-4.642833,0.019256195,1.0,0.9988136,0.2607422,0.009135712,-23.009888,-23.024982,-7.569504,2097.535,8.404926,4.4322646e-15,0.99872684,0.23339844,0.00942653,-22.950775,-22.965647,-7.7364454,1282.6113,7.3802857,4.4841687e-15,0.04834018807411194,43396.732962846756,835000
63.16805,-0.6519349,-4.628191,0.013399506,1.0,0.99961567,0.88671875,0.0010472808,-22.953573,-22.976925,0.9344631,465.558,6.8161383,6.2388955e-07,0.5536549,-0.7190206,5.097557,0.9995785,0.86621094,0.0010841182,-22.94596,-22.96922,0.84831893,284.32266,6.2683945,2.307793e-05,97.28952,-1.9296446,-4.6416173,0.018769914,1.0,0.9988451,0.24316406,0.00920468,-23.186203,-23.201296,-7.7476892,5609.0645,8.375114,1.02192445e-13,0.9987211,0.20996094,0.009494799,-23.009094,-23.02381,-7.9553776,5583.756,11.092484,1.6793309e-13,0.049008302021026615,43641.77447485924,840000
52.403477,-0.8254149,-4.6233997,0.011482983,1.0,0.9995899,0.8779297,0.0011248437,-22.84603,-22.86932,0.97872007,149.7633,6.9398966,7.9019037e-07,0.5509739,-0.6948901,5.404853,0.99955463,0.8515625,0.0011366887,-22.840973,-22.864248,0.97027296,160.64769,6.780957,7.8856615e-08,102.18127,-1.6383506,-4.6499686,0.022110466,1.0,0.9988251,0.27539062,0.008984899,-23.12064,-23.135994,-7.4146113,6045.4478,10.040898,2.0685514e-15,0.9987011,0.2421875,0.009236335,-22.978096,-22.993114,-7.6129704,843.6415,5.071848,5.2056525e-13,0.04987177629470825,43891.133358478546,845000
49.937386,-0.7357803,-4.622802,0.011243812,1.0,0.9995861,0.8701172,0.0011476686,-22.85493,-22.878035,0.7787055,341.15027,6.383791,1.7928573e-06,0.7616233,-0.54340374,4.294278,0.9995346,0.85058594,0.0011735552,-22.838993,-22.86199,0.6861094,139.0311,5.330105,2.2704944e-08,108.396736,-1.6080787,-4.642205,0.01900511,1.0,0.9987736,0.24609375,0.009002889,-22.996277,-23.011398,-7.5260196,2995.6433,6.7636824,1.9402403e-14,0.998703,0.22363281,0.009226548,-22.933659,-22.948606,-7.6429367,1077.041,4.438741,2.345398e-15,0.04523615655899048,44117.31414294243,850000
59.11042,-0.7700107,-4.625644,0.012380498,1.0,0.99956894,0.85546875,0.001198225,-22.86112,-22.884333,0.8850974,253.00375,6.4934864,1.4710159e-07,1.2271731,-0.887416,6.459819,0.9995394,0.84472656,0.0011838276,-22.808258,-22.83139,0.8545183,129.79121,6.302215,1.0984404e-07,120.2783,-1.4039692,-4.646187,0.02059759,1.0,0.9987459,0.25,0.0093084145,-23.023937,-23.039078,-7.5334263,1846.2743,7.6029043,6.5119236e-14,0.9986963,0.23828125,0.009396648,-22.799454,-22.814259,-7.6552563,2292.7512,7.54611,9.982825e-13,0.03966069221496582,44315.617606163025,855000
51.457603,-0.8292564,-4.627082,0.012955745,1.0,0.999609,0.8701172,0.0011276554,-22.84473,-22.86781,0.76425785,798.7151,6.395472,2.7817668e-08,0.37485915,-0.2897676,4.0513096,0.9995594,0.8310547,0.0011558019,-22.788645,-22.811674,0.7688621,123.11948,5.7547274,9.882491e-06,102.239655,-1.5585613,-4.644924,0.020092651,1.0,0.99879456,0.24707031,0.009174261,-23.0504,-23.065546,-7.5576096,1196.5895,5.6154976,1.1973948e-13,0.998703,0.23339844,0.00923927,-22.887611,-22.902575,-7.5824547,881.60486,5.878946,3.7383562e-14,0.039688259506225586,44514.058906555176,860000
62.654217,-0.5901508,-4.6263933,0.012680301,1.0,0.99957085,0.86621094,0.001149295,-23.032043,-23.055187,0.64322656,258.30872,5.0878,1.4991739e-05,0.47468406,-0.76855135,5.3932347,0.99949455,0.8310547,0.001215534,-23.007809,-23.030834,0.5459549,103.12122,4.558292,0.00011398443,107.02771,-1.7045783,-4.6376114,0.017167393,1.0,0.99884415,0.2861328,0.009029028,-23.09069,-23.10585,-7.581599,6153.1475,9.531784,1.6990794e-15,0.99884605,0.25,0.008665587,-22.939632,-22.95469,-7.5332747,1009.5531,4.4503326,8.8588255e-14,0.039650367832183835,44712.310747385025,865000
62.843464,-0.6106323,-4.624899,0.012082591,1.0,0.99959946,0.8876953,0.0010704976,-23.009329,-23.03264,0.8381369,193.65883,5.436734,6.2305744e-06,0.50785524,-0.42839232,5.1376386,0.99956226,0.86816406,0.0010757346,-22.99279,-23.016045,0.7972289,99.78937,5.4391217,2.0651116e-06,111.666855,-1.5197797,-4.6490283,0.02173437,1.0,0.99875355,0.2421875,0.009280284,-23.141981,-23.157103,-7.671084,3717.6965,8.6447315,1.1917869e-14,0.9986696,0.21777344,0.009279514,-22.909344,-22.924364,-7.541002,6975.3896,16.378801,4.8086484e-14,0.045090614080429074,44937.76381921768,870000
53.05442,-0.7320102,-4.624386,0.011877418,1.0,0.99960613,0.8671875,0.0010916844,-23.00858,-23.031914,0.86240345,443.37238,6.428274,3.7782937e-09,0.4423242,-0.2977473,4.0527053,0.99954987,0.8574219,0.0010921311,-22.841585,-22.864832,0.93913054,240.56177,6.6009192,1.6419057e-07,90.17343,-1.9585413,-4.652718,0.02321037,1.0,0.99878407,0.25195312,0.009222882,-23.090649,-23.105728,-7.6626997,7133.87,7.637574,1.299994e-15,0.99867344,0.23046875,0.009344919,-22.805363,-22.820272,-7.552248,1859.4076,6.5225234,1.6553703e-11,0.048469545698165896,45180.11154913902,875000
55.787224,-0.82608336,-4.6220603,0.010947096,1.0,0.99958324,0.85839844,0.0011350827,-22.870518,-22.893696,0.84178734,200.28345,6.003208,1.520188e-05,0.45345494,-0.35524476,4.170391,0.9995632,0.8359375,0.0011430427,-22.793201,-22.81632,0.8555776,72.91016,5.925947,1.2193825e-05,108.120995,-1.6280072,-4.6413927,0.018679999,1.0,0.99875927,0.25683594,0.009485748,-23.127474,-23.142326,-7.935323,6811.089,10.378187,2.5034548e-14,0.9987087,0.22070312,0.00958872,-22.915615,-22.93008,-8.117876,772.385,4.409087,1.8602643e-14,0.050542710304260254,45432.82510256767,880000
56.978493,-0.66510755,-4.6275797,0.013154909,1.0,0.9995899,0.85546875,0.0011744448,-23.018421,-23.041632,0.7276859,499.1715,5.7420235,1.5656224e-07,0.6863322,-0.79569936,5.8177366,0.99953175,0.8388672,0.0011778341,-23.004438,-23.027555,0.6447661,140.2062,4.7922125,2.7903568e-10,110.476425,-1.514494,-4.6452394,0.020218551,1.0,0.99877167,0.2578125,0.009298752,-23.280087,-23.295122,-7.9000416,2090.008,6.99509,1.1700566e-13,0.99873734,0.21582031,0.009557009,-23.06667,-23.08129,-8.111339,10770.405,15.095333,8.375334e-13,0.04258416361808777,45645.7459230423,885000
51.834927,-0.75228584,-4.6249523,0.012103884,1.0,0.9995556,0.84277344,0.001144956,-22.952736,-22.975945,0.7898921,276.28986,5.8608828,9.823696e-06,0.55592173,-0.32231146,3.4076552,0.99952316,0.8310547,0.0011787182,-22.939564,-22.962782,0.81499666,309.43613,6.2956076,2.0687592e-07,99.062874,-1.9052126,-4.648535,0.021536862,1.0,0.99880695,0.24316406,0.009313603,-23.13671,-23.151638,-7.86631,1386.8639,4.6132965,6.919617e-15,0.99877644,0.23046875,0.009420671,-23.036076,-23.050852,-7.9192767,12856.65,16.970615,3.4235666e-14,0.04144191079139709,45852.95547890663,890000
54.10656,-0.77553546,-4.62609,0.012558791,1.0,0.9996176,0.8808594,0.001094405,-22.902029,-22.925167,0.7666744,802.76746,6.253558,4.8859374e-07,0.4009779,-0.5268032,4.313155,0.99956703,0.8544922,0.0011140398,-22.859583,-22.88266,0.74778044,187.3883,5.6365395,7.259009e-06,106.68866,-1.3746135,-4.6405797,0.018354906,1.0,0.9987669,0.2548828,0.009240024,-23.073719,-23.088854,-7.5899973,3667.4106,7.6517572,1.114943e-14,0.998724,0.22753906,0.009402104,-22.829891,-22.844501,-7.8852167,204.87434,3.1332207,9.572756e-14,0.041396193075180054,46059.93644571304,895000
52.718678,-0.69244623,-4.625872,0.01247185,1.0,0.9996195,0.88378906,0.0010807295,-23.068705,-23.092129,0.89360476,210.28947,6.3882675,1.4629631e-05,0.71705014,-0.5556764,5.035072,0.9995785,0.86035156,0.0010569508,-22.866245,-22.889462,0.88299817,286.5216,6.2258744,1.2588699e-05,110.64078,-1.7228286,-4.644557,0.019945836,1.0,0.9987488,0.24121094,0.009194554,-23.123951,-23.13933,-7.3903494,4363.4097,11.199309,7.154186e-14,0.998683,0.2265625,0.009267829,-22.8511,-22.866076,-7.531164,44510.64,48.239616,2.0482882e-12,0.03353723835945129,46227.62263941765,900000
55.345795,-0.73004943,-4.623787,0.011637677,1.0,0.9996023,0.86816406,0.0010894319,-22.930456,-22.953815,0.96807814,116.41498,6.3838406,1.9934394e-07,0.7150333,-0.6995864,5.606659,0.9995794,0.85253906,0.0011214713,-22.89552,-22.918884,1.008404,183.60553,7.225608,8.5607884e-05,100.323845,-1.8435035,-4.6556425,0.024379812,1.0,0.99882793,0.25683594,0.008964522,-22.99319,-23.008526,-7.305147,2977.5684,8.675985,5.064869e-14,0.99871254,0.22070312,0.009289684,-22.852432,-22.86746,-7.478201,637.57574,6.883094,1.880393e-12,0.14429491114616394,46949.09719705582,905000
54.25658,-0.806738,-4.6230364,0.011337387,1.0,0.99958706,0.87597656,0.0011102397,-22.816792,-22.83995,0.8739954,1438.1399,7.3861465,1.8455054e-07,0.9241638,-0.34417397,4.096696,0.9995289,0.8388672,0.0011573166,-22.829788,-22.85289,0.80286944,234.93527,6.4804106,8.936763e-05,106.4246,-1.6333778,-4.645022,0.020131662,1.0,0.9987898,0.25585938,0.009316006,-22.951134,-22.966099,-7.643067,3712.2654,8.669127,2.2555409e-13,0.99869156,0.23828125,0.009393593,-22.867702,-22.882494,-7.7374325,1521.53,5.6241755,1.2204688e-13,0.05013829374313355,47199.78866815567,910000
53.447914,-0.84763,-4.624381,0.01187537,1.0,0.9995518,0.8339844,0.001248023,-22.853111,-22.876202,0.7669289,504.06796,6.357622,6.680043e-07,0.41815767,-0.54439455,4.785704,0.9995098,0.81640625,0.0012379895,-22.767687,-22.790653,0.72691286,130.78949,5.6169977,3.0476062e-05,114.30737,-1.568928,-4.6548595,0.024066884,1.0,0.99880505,0.2421875,0.009456601,-23.074306,-23.08916,-7.879241,11876.213,16.622673,4.3235198e-14,0.9987545,0.2109375,0.009343272,-22.794044,-22.808575,-7.929261,739.11816,5.0155764,1.6698392e-12,0.050521579122543334,47452.39656686783,915000
51.557808,-0.8080636,-4.6236267,0.011573619,1.0,0.99955463,0.8623047,0.0011635957,-23.241768,-23.265182,0.71018815,254.36972,5.1213055,7.993138e-10,0.2956191,-0.6973725,4.3372416,0.99951935,0.83691406,0.0011890093,-23.13218,-23.155487,0.708643,112.26792,5.227307,3.412283e-06,107.74542,-1.7228214,-4.63917,0.017790949,1.0,0.998786,0.27441406,0.008824617,-23.237663,-23.253351,-7.188386,1116.6488,5.484209,3.8006324e-14,0.99874496,0.25097656,0.009179475,-23.142431,-23.157658,-7.567196,396.32288,4.654916,7.7826105e-14,0.05041199722290039,47704.45655465126,920000
55.36524,-0.72353715,-4.623657,0.011585743,1.0,0.9995394,0.8457031,0.0011959978,-23.024776,-23.048138,0.8714888,137.11111,6.383466,1.8573443e-05,0.47893593,-0.628604,4.184918,0.9995136,0.8203125,0.0011981477,-23.024902,-23.048244,0.8526394,179.87775,6.3640633,9.360978e-05,108.26158,-1.7586209,-4.6493683,0.021870194,1.0,0.9988222,0.2626953,0.009239349,-23.220602,-23.23564,-7.8357744,11636.492,11.188961,8.301344e-14,0.9987564,0.23046875,0.009245975,-23.021688,-23.036552,-7.8164997,1083.9144,5.7485733,1.0851545e-11,0.050369677925109865,47956.30494618416,925000
47.28308,-0.75308466,-4.625044,0.01214046,1.0,0.99959373,0.87597656,0.0010629977,-23.01752,-23.040758,0.7525462,447.58698,5.520795,2.049368e-07,0.3000716,-0.64811397,4.4266796,0.99955654,0.8623047,0.0010700247,-22.952724,-22.975883,0.7378904,382.73083,5.8451166,2.41895e-05,104.709625,-1.6900381,-4.6552362,0.024217486,1.0,0.9988661,0.2890625,0.008753864,-23.277409,-23.292881,-7.447641,826.88464,3.9447937,3.677874e-13,0.99879265,0.265625,0.008895773,-23.024387,-23.039568,-7.4938374,236.03818,3.404015,2.1333425e-12,0.05036196818351746,48208.11478996277,930000
56.037846,-0.7723404,-4.6220837,0.010956536,1.0,0.99958515,0.8642578,0.0011315984,-23.111816,-23.135195,0.8058647,211.38701,6.0097127,5.7224497e-06,0.58429873,-0.7705406,5.8132677,0.99953747,0.84375,0.0011557858,-23.123653,-23.147009,0.7699406,102.12936,5.716589,4.113807e-07,117.43712,-1.3984848,-4.652336,0.023057295,1.0,0.99880123,0.25,0.009161418,-23.200136,-23.215298,-7.690993,915.3334,5.5443277,1.1998302e-12,0.9987087,0.22167969,0.00972386,-23.094755,-23.109396,-8.115395,4077.884,11.224578,6.7127196e-13,0.05034187512397766,48459.82416701317,935000
55.71692,-0.68115616,-4.626189,0.012598631,1.0,0.99958706,0.85546875,0.0011515112,-22.807026,-22.830175,0.8725104,420.92825,6.7662354,6.1014263e-05,0.45858255,-0.28830564,5.1922245,0.9995384,0.8330078,0.0011550119,-22.856396,-22.879559,0.83881575,203.93825,5.936755,0.00015737294,113.71574,-1.4396712,-4.6471715,0.020991597,1.0,0.99873257,0.23925781,0.009620457,-22.928385,-22.942991,-7.9861746,2814.5786,8.693781,2.3903812e-14,0.99869347,0.21582031,0.009851762,-22.7552,-22.769491,-8.135184,1977.7064,8.696315,3.2487286e-13,0.04990026550292969,48709.325496673584,940000
54.26674,-0.7508029,-4.623464,0.0115087265,1.0,0.99960995,0.8652344,0.0011200573,-23.032148,-23.055536,0.89464813,705.2052,6.903461,1.763048e-06,0.21386546,-0.51738113,3.4695997,0.999547,0.85058594,0.0011584132,-22.843029,-22.866217,0.8790251,336.877,7.1202936,9.232765e-09,114.7041,-1.5668379,-4.651417,0.022689521,1.0,0.9988222,0.27441406,0.009145261,-23.108126,-23.123411,-7.47079,3882.9294,10.296745,2.8070019e-13,0.99872494,0.24511719,0.00907205,-22.843798,-22.858828,-7.467858,921.3061,5.4667897,1.8445654e-15,0.04833963418006897,48951.02366900444,945000
49.61113,-0.713858,-4.622285,0.011036906,1.0,0.9996023,0.87109375,0.0010572681,-23.079527,-23.102934,0.866361,158.74799,6.127932,0.0001047765,0.82259166,-0.45106128,5.1477985,0.99957275,0.8574219,0.0010660305,-23.043533,-23.066881,0.8394809,131.84596,5.948923,0.00015100355,100.413994,-1.8303809,-4.648294,0.02144061,1.0,0.99882126,0.2626953,0.009185854,-23.1862,-23.201357,-7.6805277,1009.8526,5.0579805,1.1703511e-13,0.9986763,0.21386719,0.009386143,-23.063934,-23.078808,-7.846037,975.9938,5.745702,6.0963875e-13,0.041242791652679446,49157.23762869835,950000
58.674427,-0.6964823,-4.6254854,0.012317195,1.0,0.9995527,0.8642578,0.0011513564,-23.172169,-23.195591,0.79014623,323.40005,5.7488246,3.6780747e-07,0.74806535,-0.4156419,5.0271535,0.99950314,0.8408203,0.0011469126,-23.22638,-23.249813,0.7477624,261.4296,5.700893,5.232199e-06,109.42959,-1.614765,-4.6422663,0.01902957,1.0,0.9988308,0.24902344,0.009277474,-23.312254,-23.327332,-7.8876305,1908.3862,6.6859293,4.9490048e-14,0.99874306,0.22949219,0.009555456,-23.14809,-23.162813,-8.087366,100490.41,102.25627,9.842088e-13,0.0401068585395813,49357.771923065186,955000
57.80323,-0.6802946,-4.6237764,0.011633461,1.0,0.99960136,0.88964844,0.0011052818,-22.970972,-22.994284,0.87652135,738.3161,6.803761,1.1339818e-06,0.4701966,-0.3527078,5.255463,0.99955463,0.859375,0.001115515,-23.005785,-23.029093,0.8377054,403.64392,6.7080536,1.181897e-06,104.58588,-1.7616174,-4.6493325,0.021856064,1.0,0.99875736,0.2763672,0.009000487,-22.977968,-22.993414,-7.1757765,5449.7705,13.156001,8.260873e-15,0.9987068,0.25,0.009232727,-22.810951,-22.82615,-7.26213,14881.823,41.699924,1.5983233e-13,0.03990634570121765,49557.303653240204,960000
55.72483,-0.75438094,-4.62379,0.011638938,1.0,0.99957466,0.86328125,0.0011355078,-23.04918,-23.072578,0.88635254,273.89877,6.3649173,1.9424197e-06,0.5950092,-0.7823297,5.7224054,0.9995394,0.8408203,0.0011617318,-22.962936,-22.986225,0.8620999,167.6976,6.356378,2.7408603e-08,114.696594,-1.5430369,-4.645645,0.02038087,1.0,0.998786,0.2705078,0.009326238,-23.088593,-23.103662,-7.673586,2355.5337,8.323748,6.9559315e-14,0.9987316,0.234375,0.00952914,-22.905434,-22.9202,-7.7977448,5906.3853,15.370312,1.4172139e-13,0.03961079359054565,49755.357622385025,965000
51.725384,-1.0780323,-4.624744,0.012020542,1.0,0.99958706,0.8623047,0.0011382414,-23.024052,-23.047344,0.8047285,528.15265,6.1829853,3.363655e-07,0.5026511,-0.72196007,5.6952367,0.99954605,0.8457031,0.001139798,-22.83078,-22.853912,0.8316426,166.9645,6.390985,4.6843465e-06,114.80284,-1.6992561,-4.6387715,0.017631555,1.0,0.9987831,0.23925781,0.009572275,-23.15585,-23.170713,-7.9477415,1354.5281,8.623471,1.8557387e-14,0.9987173,0.21875,0.009607138,-22.82916,-22.843685,-7.972396,4765.92,12.250038,1.2219508e-12,0.038797598171234134,49949.34561467171,970000
52.353344,-0.7659073,-4.621951,0.010903529,1.0,0.99963284,0.875,0.0010465118,-23.17773,-23.201292,0.92714727,195.57533,6.268052,9.129339e-06,0.42994076,-0.34154564,4.2655363,0.9995718,0.84765625,0.0010947622,-23.211746,-23.23529,0.8739407,119.37656,5.935441,6.180523e-05,107.8684,-1.653399,-4.645876,0.020473376,1.0,0.9988003,0.27148438,0.009228853,-23.220024,-23.235352,-7.540081,31913.541,35.447918,8.57038e-14,0.99873066,0.23339844,0.009526096,-23.130302,-23.145164,-7.9250793,650.7357,6.3205137,6.557245e-13,0.038764807081222534,50143.16965126991,975000
49.186794,-0.70995754,-4.6243563,0.011865343,1.0,0.999609,0.8886719,0.0010558331,-23.143326,-23.166784,0.85588616,98.37091,5.6856775,5.817631e-07,0.4297259,-0.504738,3.8523188,0.99957085,0.85253906,0.0010806058,-23.07537,-23.09871,0.8004693,156.49466,5.6824408,2.9207156e-06,113.183334,-1.4792719,-4.642199,0.019002536,1.0,0.99880505,0.23925781,0.0093205925,-23.241392,-23.25633,-7.957338,367.87598,3.6180878,2.4872926e-13,0.9987068,0.20996094,0.009749008,-23.16829,-23.1829,-8.2242775,234.0708,3.3897347,9.709587e-14,0.037545354175567626,50330.89642357826,980000
56.61767,-0.5917235,-4.623549,0.011542564,1.0,0.99958706,0.875,0.0010693038,-23.06908,-23.092484,0.87241113,176.77414,6.0833898,3.9140523e-06,0.52797824,-0.6058876,4.9407125,0.9995632,0.86621094,0.0010751141,-22.924202,-22.94742,0.8289101,165.88277,5.8313985,1.4872342e-06,104.24808,-1.6667445,-4.6455297,0.020334918,1.0,0.9987974,0.27246094,0.009038392,-23.192127,-23.207542,-7.421006,825.9361,7.0043163,5.782524e-16,0.99871826,0.24121094,0.009231523,-22.949066,-22.964136,-7.531261,517682.75,517.3846,1.2929928e-12,0.030097374534606935,50481.383298158646,985000
51.33118,-0.7261419,-4.624231,0.011815239,1.0,0.99961185,0.8779297,0.0010876583,-23.041557,-23.06505,0.9906066,983.5806,7.440359,5.057917e-07,0.70105433,-0.6223986,8.215514,0.999568,0.86035156,0.0010943183,-23.05829,-23.081764,0.953213,157.90063,6.801896,9.486503e-08,111.48958,-1.7304941,-4.6493673,0.021869866,1.0,0.9988022,0.22949219,0.009612342,-23.044827,-23.059446,-8.088045,2113.3804,8.023081,3.3217917e-15,0.998724,0.22558594,0.009627232,-22.753563,-22.767857,-8.129459,661.07477,4.193964,3.2095878e-13,0.030094509649276735,50631.85584783554,990000
53.22577,-0.68500763,-4.6260905,0.012559165,1.0,0.99958706,0.86035156,0.0010915945,-23.07198,-23.09544,0.92924255,516.1397,6.411929,1.3410054e-06,0.38993412,-1.1808428,6.0291986,0.99954796,0.8515625,0.0011009173,-22.93212,-22.955492,0.97832483,105.2301,6.300462,2.1286576e-07,112.2866,-1.6107839,-4.645952,0.020503882,1.0,0.99880695,0.24707031,0.009415713,-23.122515,-23.137367,-7.9266605,3161.4934,6.2103195,4.0210246e-15,0.9986658,0.22363281,0.009660079,-22.921497,-22.936167,-7.9138184,1940.2866,7.2931023,1.870529e-14,0.03007378177642822,50782.22475862503,995000
49.206955,-0.747226,-4.624037,0.011737773,1.0,0.99957085,0.8642578,0.0010856321,-23.141396,-23.164846,0.8483168,158.48448,5.519848,0.00011986262,0.44544768,-0.40540826,5.149794,0.9995537,0.8691406,0.0010609209,-23.125011,-23.148422,0.821395,124.32082,5.418051,0.00046036334,115.18384,-1.6057836,-4.651519,0.022730568,1.0,0.998847,0.2578125,0.008766556,-23.219397,-23.234947,-7.309535,5879.292,10.407869,1.071078e-13,0.9987993,0.23632812,0.008943272,-23.104612,-23.11994,-7.424135,2093.3862,6.810009,4.8288365e-12,0.022981744623184204,50897.1334836483,1000000
