training/actor/actor_loss,training/actor/adv,training/actor/bc_log_prob,training/actor/mse,training/actor/std,training/critic/binary_accuracy,training/critic/categorical_accuracy,training/critic/contrastive_loss,training/critic/logits,training/critic/logits_neg,training/critic/logits_pos,training/critic/v_max,training/critic/v_mean,training/critic/v_min,training/grad/max,training/grad/min,training/grad/norm,training/value/binary_accuracy,training/value/categorical_accuracy,training/value/contrastive_loss,training/value/logits,training/value/logits_neg,training/value/logits_pos,training/value/v_max,training/value/v_mean,training/value/v_min,validation/actor/actor_loss,validation/actor/adv,validation/actor/bc_log_prob,validation/actor/mse,validation/actor/std,validation/critic/binary_accuracy,validation/critic/categorical_accuracy,validation/critic/contrastive_loss,validation/critic/logits,validation/critic/logits_neg,validation/critic/logits_pos,validation/critic/v_max,validation/critic/v_mean,validation/critic/v_min,validation/value/binary_accuracy,validation/value/categorical_accuracy,validation/value/contrastive_loss,validation/value/logits,validation/value/logits_neg,validation/value/logits_pos,validation/value/v_max,validation/value/v_mean,validation/value/v_min,time/epoch_time,time/total_time,step
188.79958,0.19116229,-9.73918,0.5969179,1.0,0.19174957,0.00390625,1.1203647,0.52438617,0.5242756,0.6375251,81.974976,4.133189,0.04547789,3.9816399,-4.569706,142.53743,0.6992855,0.0,0.59656423,-0.393138,-0.39310595,-0.42589867,9.138592,0.93509334,0.084798425,95.1616,-0.16253921,-9.5988455,0.56183434,1.0,0.9811516,0.001953125,0.09339673,-4.473499,-4.473122,-4.8588266,8.812892,0.13727997,1.997556e-05,0.9732332,0.0,0.07467121,-5.058078,-5.0576468,-5.499215,9.090669,0.12105734,4.3261465e-05,0.014436206245422363,72.18103265762329,1
25.621635,-0.18404067,-8.995848,0.41108477,1.0,0.99903774,0.12695312,0.0053842887,-11.658686,-11.665845,-4.3350353,8.578827,0.10737191,1.0728478e-07,0.5251595,-0.3845211,11.499834,0.9990368,0.1171875,0.005355872,-11.3209915,-11.32776,-4.3977604,15.904606,0.11749083,2.6446185e-07,26.378178,-0.19401112,-8.984426,0.4082294,1.0,0.9990101,0.09375,0.005523044,-11.52202,-11.528791,-4.5952363,11.756682,0.07797247,2.1014115e-07,0.9990082,0.08105469,0.0054789307,-11.19094,-11.197365,-4.617753,8.196385,0.081828974,3.5082746e-07,0.26357838549613954,1390.0729620456696,5000
22.756018,-0.14556068,-8.912558,0.39026237,1.0,0.9990511,0.12988281,0.005049967,-11.533087,-11.540336,-4.1168814,18.261974,0.11750449,8.006772e-08,0.45441407,-0.2957413,8.946916,0.9990492,0.12988281,0.005071924,-11.2627325,-11.269707,-4.128229,6.2529335,0.10695197,7.2513046e-07,26.818005,-0.09700084,-8.9384775,0.39674228,1.0,0.9989996,0.14257812,0.0050875572,-11.766497,-11.773961,-4.1301312,16.93522,0.13570206,2.8790535e-06,0.9989891,0.14160156,0.005109783,-11.467115,-11.474224,-4.1950073,9.6663885,0.14254098,1.8965264e-06,0.2631492691993713,2705.819310426712,10000
34.77748,-0.02386323,-8.905503,0.38849872,1.0,0.9990492,0.15722656,0.004895841,-11.270124,-11.277334,-3.8944776,25.226404,0.21085928,9.4043435e-06,0.69193435,-0.75748974,14.956734,0.99904823,0.16113281,0.0049302415,-10.9924965,-10.999334,-3.996427,24.675957,0.19637972,1.19974975e-05,30.382833,-0.08598094,-8.913043,0.39038372,1.0,0.9989624,0.13867188,0.0050625103,-11.336615,-11.343967,-3.8140254,39.134956,0.29418707,1.2634066e-05,0.99895954,0.13574219,0.005104668,-10.99556,-11.002511,-3.8855424,24.905077,0.31261724,6.7850347e-06,0.16484713368415832,3530.0549805164337,15000
38.372314,-0.052328326,-8.878449,0.38173538,1.0,0.9990597,0.17089844,0.0047861347,-11.600704,-11.608285,-3.8457546,30.213251,0.307014,1.0870046e-05,0.9108654,-0.6527808,17.58432,0.99905586,0.16796875,0.0048742127,-11.270675,-11.277802,-3.9781673,25.267426,0.27240673,1.597842e-05,34.816406,-0.089133725,-8.933876,0.39559197,1.0,0.9990301,0.14746094,0.0048907874,-11.564155,-11.571698,-3.8462179,88.03933,0.49281123,1.0814015e-05,0.9990282,0.14746094,0.004965376,-11.234537,-11.241677,-3.9293218,39.981216,0.3390259,2.0087737e-05,0.010169614839553833,3580.9030561447144,20000
24.855812,-0.10433093,-8.887335,0.38395658,1.0,0.9990511,0.18164062,0.004677615,-11.92183,-11.929806,-3.7619388,57.43207,0.43973708,3.4470215e-06,0.47665143,-0.6596138,9.807861,0.9990473,0.18261719,0.0047362223,-11.613861,-11.621464,-3.8367162,50.65263,0.37066048,1.2299499e-05,36.351273,-0.07656611,-8.857406,0.37647432,1.0,0.99899673,0.15820312,0.004901501,-11.819147,-11.82703,-3.754406,85.812744,0.51926523,6.5579525e-07,0.99898815,0.15625,0.0049264035,-11.462906,-11.470341,-3.8565774,117.296974,0.42661268,2.1960411e-06,0.16892988543510437,4425.552486419678,25000
28.109507,-0.17266354,-8.913607,0.3905247,1.0,0.9990597,0.18066406,0.004584452,-12.006585,-12.014808,-3.594861,40.204727,0.43949658,6.9134226e-06,0.6000409,-0.64845425,12.314423,0.99906063,0.17285156,0.0046665845,-11.5840435,-11.591797,-3.6518545,57.29517,0.5382031,3.0640716e-05,33.497307,-0.15880507,-8.907736,0.38905695,1.0,0.9990015,0.14941406,0.004884214,-11.777222,-11.785003,-3.8176727,42.816414,0.32053196,3.1140007e-07,0.99899673,0.15136719,0.004969923,-11.362208,-11.369551,-3.8508496,54.992085,0.44607696,1.8754772e-06,0.010108876657485963,4476.096871376038,30000
32.496166,-0.13011308,-8.89516,0.38591295,1.0,0.9990654,0.19042969,0.0045811045,-12.094372,-12.1027,-3.5734823,24.618916,0.34499207,9.405653e-06,0.54651225,-1.1600504,14.957323,0.9990616,0.17089844,0.0046478743,-11.715773,-11.72368,-3.6273713,38.95499,0.4107387,1.6381504e-05,31.48669,-0.15948524,-8.879618,0.3820274,1.0,0.99901867,0.18652344,0.004763311,-11.98325,-11.991385,-3.660071,149.16414,0.81307435,4.5872944e-06,0.9990158,0.16796875,0.004874862,-11.596467,-11.604147,-3.7403402,171.7098,0.8548297,1.18438675e-05,0.16410661296844484,5296.629939556122,35000
35.46589,-0.08824138,-8.891296,0.38494706,1.0,0.99906826,0.1953125,0.004595869,-12.091032,-12.099318,-3.6168847,95.21877,0.59203786,6.279633e-06,0.50860596,-0.7739334,15.297029,0.99906254,0.19042969,0.0046814317,-11.693369,-11.701153,-3.7303286,60.46788,0.6499373,1.1102349e-05,41.61544,-0.118508585,-8.90318,0.38791803,1.0,0.99899006,0.18164062,0.0047505554,-12.111424,-12.119829,-3.514689,411.38022,0.9276017,9.640325e-06,0.9989748,0.16992188,0.004855984,-11.696456,-11.704371,-3.598999,54.320526,0.8472486,4.3354477e-05,0.010137550354003906,5347.317692756653,40000
35.87986,-0.10108136,-8.9059515,0.38861072,1.0,0.9990549,0.203125,0.0046207644,-12.275767,-12.284247,-3.600667,57.634068,0.523065,1.2025081e-05,0.7267362,-1.2296121,17.881655,0.9990616,0.18457031,0.004727738,-11.867849,-11.875811,-3.722651,36.345184,0.48397836,1.2550771e-05,29.983377,-0.18913922,-8.8833275,0.38295484,1.0,0.99900913,0.16308594,0.004768914,-12.338683,-12.347183,-3.6438646,55.869194,0.59753746,1.2975042e-06,0.9990082,0.16308594,0.0048306976,-11.984001,-11.992094,-3.704307,84.08567,0.7507985,1.9345382e-05,0.15932890915870668,6143.962243318558,45000
26.643291,-0.20795211,-8.858947,0.3768596,1.0,0.99906254,0.22167969,0.004493469,-12.416314,-12.425068,-3.4608517,188.65144,0.7469288,1.1842455e-05,1.3916758,-1.0337934,14.866587,0.99906254,0.20605469,0.0045675375,-11.989875,-11.998195,-3.478459,900.6054,1.799283,1.40310185e-05,33.2918,-0.18192169,-8.8856535,0.38353616,1.0,0.99893284,0.17089844,0.0048425845,-12.548242,-12.557028,-3.5586538,246.38235,0.92642725,5.1762454e-06,0.9989414,0.17382812,0.004936342,-12.083853,-12.092165,-3.5812263,57.492355,1.0008061,4.9263513e-06,0.0101907066822052,6194.915778875351,50000
35.946873,-0.11677107,-8.873153,0.38041115,1.0,0.99906445,0.2265625,0.0045447177,-12.488141,-12.496897,-3.5312965,55.685543,0.5149715,2.3367698e-05,0.8890983,-0.7284175,17.225046,0.9990587,0.19824219,0.0046276962,-12.18789,-12.196239,-3.6466236,107.75732,0.6287357,3.8519986e-05,42.94357,-0.06444768,-8.877144,0.38140887,1.0,0.99901867,0.16015625,0.004773292,-12.275546,-12.283963,-3.66511,184.49014,0.64494216,3.51598e-06,0.99901295,0.15429688,0.004869113,-11.948377,-11.956365,-3.7765343,213.65005,0.8413132,4.88159e-06,0.19896906986236573,7189.761133670807,55000
33.41229,-0.17490195,-8.875492,0.38099584,1.0,0.99906445,0.17285156,0.004537303,-12.482981,-12.491753,-3.5110624,135.17761,0.80078393,4.882344e-06,0.76309586,-0.91406864,16.659103,0.99906445,0.16894531,0.004591638,-12.066094,-12.074409,-3.5597203,88.85757,0.6981778,2.083637e-05,39.161186,-0.19024645,-8.869499,0.37949783,1.0,0.9990196,0.171875,0.0048379097,-12.542595,-12.551172,-3.7680807,402.1997,1.0460663,1.0388926e-06,0.99901485,0.16503906,0.004902435,-12.106673,-12.114834,-3.7581234,177.7415,1.0695939,3.9557926e-06,0.016986561918258668,7274.693945169449,60000
25.15419,-0.17782918,-8.832026,0.3701293,1.0,0.9990692,0.24121094,0.004423159,-12.68405,-12.693073,-3.4523416,141.21829,0.6779178,4.5252596e-06,0.4781046,-0.52454686,9.729179,0.99906635,0.23535156,0.004478767,-12.26992,-12.278467,-3.5279105,48.54756,0.6714813,1.6803246e-05,42.57344,-0.16320372,-8.821407,0.36747497,1.0,0.99900055,0.17871094,0.0048728716,-12.4556675,-12.464196,-3.729002,220.6395,0.95961714,1.1814174e-05,0.9990015,0.16113281,0.0049354094,-12.087611,-12.095728,-3.7841802,263.85266,0.86929685,5.02919e-06,0.011622929763793945,7332.808595657349,65000
36.981144,-0.15225452,-8.853216,0.37542707,1.0,0.9990654,0.23242188,0.00442289,-12.665626,-12.674588,-3.4975016,52.59013,0.5045347,9.578604e-06,2.109486,-0.91944045,20.850664,0.99906254,0.21191406,0.0044781994,-12.248352,-12.256843,-3.5627275,48.04062,0.49556983,4.4924014e-05,37.893948,-0.17911798,-8.904952,0.38836092,1.0,0.999012,0.18554688,0.0046942057,-12.488342,-12.496996,-3.6365805,88.647415,0.4880544,3.899291e-06,0.9990101,0.15722656,0.004754639,-12.14396,-12.152214,-3.6997275,81.76885,0.60533834,5.054785e-06,0.010199748468399049,7383.807338953018,70000
32.654217,-0.13050696,-8.8939,0.38559806,1.0,0.9990587,0.20214844,0.0045657065,-12.677312,-12.686261,-3.5228524,115.787674,0.68634844,3.5541054e-06,1.0706329,-0.55390745,15.0374565,0.9990587,0.18945312,0.0046515353,-12.283148,-12.2915945,-3.6422172,84.81793,0.7514852,6.3867283e-06,44.481667,-0.13921642,-8.914782,0.39081848,1.0,0.9990034,0.171875,0.0048106844,-12.802597,-12.8115425,-3.6505823,109.515274,0.7706307,9.638453e-07,0.9989958,0.16210938,0.00494124,-12.463406,-12.471927,-3.746881,217.17801,1.0253546,1.8843158e-06,0.010215633821487427,7434.88551235199,75000
36.29039,-0.18301848,-8.866538,0.3787574,1.0,0.99906635,0.22460938,0.0044511086,-12.809349,-12.818491,-3.457315,64.16516,0.7538292,7.4910563e-06,1.0811695,-0.9809592,17.372017,0.99906445,0.19824219,0.00451902,-12.403701,-12.412415,-3.4896896,160.84421,1.0717535,1.8060222e-05,34.667686,-0.19501153,-8.882906,0.38284963,1.0,0.9990158,0.1796875,0.004708903,-12.745279,-12.754262,-3.5557945,126.36322,0.88789594,1.3031633e-05,0.999012,0.16992188,0.0048020505,-12.3392725,-12.347775,-3.6401787,200.05428,1.1708895,1.7331926e-05,0.2196891611099243,8533.331320285797,80000
29.247478,-0.1932489,-8.875704,0.38104898,1.0,0.9990635,0.22167969,0.0044532637,-12.738114,-12.747193,-3.4499638,103.90951,0.73614043,6.7968863e-06,0.9748371,-1.758995,16.43813,0.99906254,0.20117188,0.004519854,-12.389152,-12.397827,-3.5131168,72.02981,0.6241227,1.0556147e-05,36.452656,-0.23552822,-8.884775,0.38331684,1.0,0.9990225,0.16601562,0.0046871863,-12.679867,-12.688727,-3.6155062,274.36414,0.77211416,3.4756354e-07,0.9990225,0.15917969,0.004787109,-12.409445,-12.417946,-3.7122803,107.92819,0.84085476,4.0906957e-06,0.015105539274215698,8608.859018325806,85000
36.42633,-0.111195736,-8.828907,0.36934963,1.0,0.99906063,0.20410156,0.0045109964,-12.881842,-12.89101,-3.5015118,86.71893,0.43638846,4.364164e-06,0.88712066,-0.75805,15.145886,0.99905777,0.17382812,0.0045970795,-12.511351,-12.520014,-3.6497145,24.118923,0.307652,1.6131278e-06,45.667732,-0.17345294,-8.893518,0.3855026,1.0,0.9989929,0.17089844,0.0048817643,-12.884201,-12.893177,-3.70185,187.56119,0.8465262,4.356637e-08,0.99899197,0.15820312,0.004956454,-12.495031,-12.503507,-3.8247967,123.50008,0.7998745,1.1709599e-07,0.010131651639938354,8659.517280340195,90000
33.679604,-0.1975321,-8.897709,0.38655025,1.0,0.99906445,0.20800781,0.0044249054,-12.845379,-12.85465,-3.3611312,681.1842,1.0841641,1.2142798e-05,0.93378735,-0.7196362,15.757227,0.9990568,0.19140625,0.0045253756,-12.4477215,-12.456531,-3.436432,60.856033,0.7063573,1.7163364e-05,35.092243,-0.19957627,-8.863798,0.37807244,1.0,0.9990158,0.16894531,0.0047937585,-12.839279,-12.848248,-3.665965,654.8714,1.3288641,4.3015343e-06,0.9990158,0.16308594,0.0048536956,-12.431259,-12.439814,-3.6790326,139.57352,1.4048746,7.2572234e-06,0.010183700132369996,8710.43578505516,95000
31.478601,-0.17842178,-8.865511,0.3785006,1.0,0.999053,0.20507812,0.0045081126,-12.837938,-12.847043,-3.52315,117.98162,0.71218294,7.5455555e-06,0.46970665,-0.73345786,12.556507,0.99905586,0.19042969,0.0045750276,-12.506663,-12.515347,-3.6233187,62.040096,0.55556726,2.7469396e-06,39.98655,-0.16696374,-8.846376,0.37371704,1.0,0.99901485,0.19726562,0.0046797018,-12.826092,-12.835095,-3.6139345,100.0021,0.690622,1.2505196e-06,0.9990101,0.16699219,0.0047593396,-12.426494,-12.435039,-3.6851668,182.42253,0.9229753,2.4186662e-05,0.01019563946723938,8761.413985967636,100000
34.328896,-0.21593043,-8.88451,0.38325036,1.0,0.99907017,0.23242188,0.0043465327,-13.050556,-13.060068,-3.3191457,117.07264,0.92898643,4.7327712e-06,0.9249852,-1.1372076,18.652374,0.999073,0.21289062,0.004417072,-12.642244,-12.651282,-3.395412,220.75548,1.2854213,4.8756603e-05,40.705338,-0.17179647,-8.873825,0.380579,1.0,0.99902153,0.18066406,0.0047457768,-12.78212,-12.791065,-3.6307676,215.54073,0.93379265,4.8653046e-06,0.99902153,0.16503906,0.0048115905,-12.428795,-12.437272,-3.7566538,446.4883,1.4448552,5.950792e-06,0.2917736400127411,10220.282189846039,105000
37.22768,-0.17466798,-8.86518,0.37841815,1.0,0.99907494,0.22558594,0.0043661045,-13.086393,-13.095923,-3.336831,120.466576,0.9090862,9.387354e-06,1.0957198,-1.1876994,19.916492,0.9990711,0.20703125,0.0044347034,-12.751854,-12.76098,-3.4171648,150.24554,1.0245396,3.4152129e-06,41.415627,-0.22272012,-8.848671,0.37429065,1.0,0.99901676,0.17773438,0.004788978,-12.77499,-12.783857,-3.703174,354.36755,0.9150366,1.0922007e-06,0.9990158,0.16894531,0.0048412615,-12.485974,-12.494519,-3.7444391,252.8219,0.8736445,1.1372638e-05,0.017250542736053465,10306.534906864166,110000
41.24089,-0.1731874,-8.8392515,0.37193578,1.0,0.9990654,0.21679688,0.0044646477,-13.024355,-13.033727,-3.437664,355.51065,1.0576355,5.3072804e-06,1.282235,-0.90580165,18.156143,0.99906254,0.203125,0.0045495806,-12.570532,-12.579358,-3.5415668,68.44603,0.7476369,1.0006518e-05,36.84311,-0.20813257,-8.871956,0.38011175,1.0,0.9989815,0.18554688,0.004787529,-13.039142,-13.048345,-3.6236277,192.46208,0.79217666,2.3722298e-06,0.9989681,0.171875,0.004865565,-12.626368,-12.635121,-3.670503,181.46445,1.1325366,4.4571625e-06,0.017276843070983885,10392.919123649597,115000
39.80633,-0.19465783,-8.83865,0.37178543,1.0,0.9990711,0.21777344,0.004453725,-13.166861,-13.176333,-3.4757223,159.0001,0.8907514,1.4554339e-06,1.0559376,-0.7259351,20.085178,0.9990692,0.20019531,0.0045116707,-12.727093,-12.736061,-3.55339,88.93599,0.85290366,2.7694256e-05,42.11221,-0.22020969,-8.842155,0.3726619,1.0,0.99900913,0.1796875,0.004645576,-13.064948,-13.074234,-3.5656931,180.76466,0.78211427,4.9541623e-06,0.9989996,0.17675781,0.0046743727,-12.617055,-12.625865,-3.605762,157.87,0.8075306,2.322979e-06,0.01725118718147278,10479.175063610077,120000
36.762203,-0.21902063,-8.870801,0.37982315,1.0,0.999073,0.25976562,0.004266347,-13.186425,-13.196121,-3.2673633,178.82848,1.1045105,6.516795e-06,0.75484693,-0.7840053,14.88546,0.9990692,0.22558594,0.0043354607,-12.730764,-12.739954,-3.3308485,106.183,0.8301829,7.14031e-06,39.369442,-0.23061202,-8.905773,0.38856614,1.0,0.9990158,0.171875,0.004781211,-13.045151,-13.054313,-3.6735191,204.38411,1.0474398,5.7618504e-06,0.9990139,0.15429688,0.004859579,-12.551014,-12.55965,-3.7154922,85.98588,0.95244735,8.283734e-06,0.014582036209106445,10552.085246562958,125000
38.894375,-0.19900513,-8.865248,0.3784349,1.0,0.99906445,0.21875,0.004473536,-12.954697,-12.963993,-3.4436269,61.01951,0.5256169,1.8991554e-05,0.7463529,-1.2253436,18.101616,0.99906254,0.2109375,0.004531119,-12.600354,-12.609233,-3.5180588,107.65978,0.6533439,3.9067712e-05,37.593735,-0.24636343,-8.8643875,0.37821978,1.0,0.9989948,0.18261719,0.0047298986,-12.927235,-12.93638,-3.5705516,158.04872,0.4682727,7.9267426e-07,0.9989929,0.14648438,0.004768053,-12.653568,-12.662416,-3.6023886,565.7466,0.97942483,4.3329052e-07,0.010201064777374268,10603.090574264526,130000
35.699757,-0.17760915,-8.843971,0.3731157,1.0,0.99907494,0.23144531,0.0043598735,-13.206062,-13.215747,-3.2992325,199.9223,1.1638322,3.602388e-06,0.9233338,-1.082922,17.918034,0.99906445,0.20703125,0.004434334,-12.858557,-12.867801,-3.4031467,596.97925,1.6830747,3.001525e-05,43.44632,-0.23238882,-8.828947,0.36935976,1.0,0.99900436,0.17871094,0.0047512325,-13.158914,-13.168295,-3.5611649,233.92386,1.0662991,2.2516933e-06,0.9989996,0.16210938,0.004834384,-12.833707,-12.842738,-3.5955145,321.22122,1.7055608,1.7623126e-05,0.01021423077583313,10654.161729335785,135000
37.871666,-0.21654907,-8.828615,0.36927652,1.0,0.9990759,0.23242188,0.004318306,-13.197226,-13.206885,-3.3152804,400.98923,1.0200006,1.5059115e-05,1.0083333,-1.4600383,18.571074,0.999074,0.22851562,0.0043912656,-12.846218,-12.855466,-3.3865776,62.948822,0.7174592,3.1600018e-06,38.327385,-0.20411435,-8.858067,0.3766395,1.0,0.9989805,0.19238281,0.0047564046,-13.1328535,-13.142173,-3.59994,109.630424,0.83218324,4.3625455e-06,0.99897575,0.17675781,0.0048270663,-12.841341,-12.850305,-3.6733432,82.86111,0.63731873,2.3225052e-06,0.014480752515792847,10726.56549668312,140000
34.99927,-0.21395311,-8.854427,0.37572956,1.0,0.99906826,0.23925781,0.0043934593,-13.244907,-13.254569,-3.3615859,118.91058,0.84071124,6.878829e-06,1.0470331,-0.830295,17.800964,0.99906254,0.21679688,0.0044631124,-12.798026,-12.807199,-3.4143078,120.450386,0.84651715,1.6231041e-06,37.111946,-0.24832766,-8.83721,0.3714254,1.0,0.99902534,0.17382812,0.0047607627,-13.055895,-13.065034,-3.7075295,139.60248,0.6384657,1.1452176e-05,0.99902534,0.15039062,0.004856408,-12.657703,-12.666412,-3.7461667,115.48584,0.78372025,9.973155e-06,0.01691056995391846,10811.118348121643,145000
38.564495,-0.20555066,-8.857079,0.37639236,1.0,0.9990711,0.22851562,0.004377613,-13.063198,-13.0727005,-3.3411932,280.9404,1.1199346,3.5303203e-06,1.49825,-1.9698831,21.331814,0.99906635,0.22753906,0.004441454,-12.667379,-12.6764145,-3.4250658,189.91713,1.0014842,9.732367e-06,39.16754,-0.2667906,-8.858017,0.37662715,1.0,0.99899673,0.20117188,0.004803783,-13.125582,-13.134851,-3.6437507,136.42537,1.0413419,3.92255e-06,0.998991,0.171875,0.004921663,-12.780935,-12.789815,-3.696774,354.556,1.5195974,8.429721e-07,0.016852662181854248,10895.381660223007,150000
36.34334,-0.19827965,-8.864225,0.37817928,1.0,0.999073,0.22753906,0.004378751,-13.106165,-13.115652,-3.3999836,91.613014,0.73188066,5.0368267e-06,1.6930144,-1.2784296,19.934536,0.9990759,0.21386719,0.0044262377,-12.806339,-12.815488,-3.4474783,98.43871,0.8144953,1.2300132e-05,42.927155,-0.27067852,-8.901297,0.3874471,1.0,0.99897003,0.18652344,0.0047318134,-13.153416,-13.162896,-3.455328,1948.7213,2.4277024,4.7884364e-06,0.99896145,0.16992188,0.004864511,-12.849535,-12.858644,-3.5320745,323.24728,1.844159,5.3094877e-06,0.3059036961078644,12424.900143623352,155000
32.676918,-0.18346083,-8.836728,0.37130493,1.0,0.9990692,0.2626953,0.004286657,-13.322239,-13.332077,-3.2578645,72.85295,0.71852314,3.8085723e-06,1.981407,-0.831936,16.875687,0.99906826,0.2421875,0.0043650577,-12.877989,-12.887311,-3.3406942,52.690144,0.56794363,2.7183942e-05,38.968025,-0.29297453,-8.8805485,0.38226008,1.0,0.99902344,0.20019531,0.004677745,-13.15066,-13.159996,-3.5993838,877.93677,1.3920119,1.308731e-08,0.9990139,0.17871094,0.004743098,-12.718237,-12.727174,-3.575831,153.70367,1.0031118,1.5267493e-07,0.017267623376846314,12511.238267660141,160000
33.85928,-0.24350816,-8.801977,0.36261696,1.0,0.9990778,0.25195312,0.00431174,-13.30992,-13.319687,-3.3186684,183.18027,1.2346567,1.0116095e-05,0.99883085,-0.62567425,16.896263,0.99907684,0.22949219,0.0043663336,-12.954636,-12.964004,-3.37094,288.6919,1.1437624,2.4254457e-05,43.069164,-0.23772627,-8.870577,0.379767,1.0,0.99898815,0.16894531,0.0048456574,-13.367254,-13.3766775,-3.728381,277.20776,1.0514028,2.6521602e-07,0.99897003,0.15234375,0.0049468167,-12.956434,-12.965419,-3.7650104,150.94957,0.85815,6.500728e-07,0.01728336386680603,12597.65508890152,165000
32.59523,-0.23392984,-8.876402,0.38122356,1.0,0.99907494,0.24023438,0.0044024624,-13.249113,-13.258717,-3.425291,178.74033,0.8851783,3.401952e-05,0.64809334,-0.8122124,14.591591,0.999073,0.21191406,0.0044684894,-12.803764,-12.812888,-3.4699025,221.17284,1.0457258,3.9813604e-05,38.085648,-0.2519637,-8.839595,0.3720217,1.0,0.9990139,0.17675781,0.0048253075,-13.018546,-13.027613,-3.7430124,193.03322,0.8305694,1.16810675e-07,0.9990139,0.16113281,0.004885124,-12.705097,-12.713791,-3.8116627,133.08188,0.72775376,1.7023788e-07,0.017277151727676392,12684.04084944725,170000
33.578144,-0.18016845,-8.85747,0.37649047,1.0,0.99906826,0.22070312,0.004355845,-13.365306,-13.375152,-3.2928648,179.08849,0.933169,4.3239584e-06,0.62490726,-1.5810893,17.819635,0.9990654,0.21484375,0.004419836,-12.958206,-12.967552,-3.3975723,50.912067,0.6468593,2.6425338e-05,41.15599,-0.24505642,-8.870783,0.37981874,1.0,0.9990101,0.18457031,0.004675552,-13.275039,-13.284539,-3.554946,300.9676,1.297808,3.5665002e-07,0.9990101,0.16308594,0.004761151,-12.885244,-12.894271,-3.6509154,848.83636,2.764184,7.636579e-07,0.011071368885040284,12739.397695541382,175000
33.657314,-0.23239276,-8.822168,0.36766517,1.0,0.99906826,0.21972656,0.004353342,-13.292919,-13.302601,-3.3890777,238.22115,0.9088666,1.9671214e-05,0.6962089,-1.4979779,14.720753,0.99906635,0.22070312,0.004409875,-12.958827,-12.968127,-3.4452338,57.757294,0.7465657,1.4029626e-05,32.803375,-0.26865587,-8.870014,0.37962663,1.0,0.9990063,0.18457031,0.004717777,-13.192516,-13.201873,-3.6210318,606.95544,1.1859407,3.3803078e-06,0.9990082,0.1875,0.004757401,-12.916717,-12.925758,-3.6673079,431.57773,1.3110902,3.810572e-05,0.010216550970077514,12790.480451583862,180000
38.70373,-0.23325449,-8.848667,0.3742898,1.0,0.999074,0.25,0.0043130293,-13.436903,-13.446838,-3.2734485,528.7375,1.6429272,6.5294926e-06,0.9241593,-0.9455551,19.52375,0.9990711,0.2109375,0.004364947,-13.084276,-13.093813,-3.3297868,389.58838,1.6876242,3.6222573e-05,45.678303,-0.21529779,-8.87038,0.3797179,1.0,0.99900246,0.19726562,0.0046872008,-13.158866,-13.168276,-3.532117,331.72556,1.3654923,5.4620405e-06,0.999012,0.17871094,0.004738016,-12.82766,-12.836656,-3.6238627,106.85371,0.81505024,5.148911e-06,0.010951397705078124,12845.237442016602,185000
32.052452,-0.20013803,-8.820284,0.36719367,1.0,0.99906254,0.24707031,0.0042968728,-13.438969,-13.44891,-3.2698178,97.19333,0.7514979,1.1510492e-05,0.8511958,-1.5321375,15.873546,0.99906063,0.21386719,0.0044037183,-13.014158,-13.023581,-3.3762121,125.15657,0.85078293,5.0466547e-06,32.977165,-0.2508165,-8.831465,0.36998904,1.0,0.99902344,0.19238281,0.0046939095,-13.396341,-13.405882,-3.6371133,238.65012,0.73554134,1.866634e-06,0.9990177,0.17285156,0.004757581,-13.018106,-13.027237,-3.6784053,172.01277,0.9782473,2.2865852e-06,0.01684432501792908,12929.459070444107,190000
47.38507,-0.13328043,-8.891256,0.38493717,1.0,0.99907494,0.25097656,0.004337256,-13.477871,-13.487786,-3.3337815,126.87709,0.7555564,1.0062981e-05,1.2228614,-1.7044277,23.005169,0.99907494,0.23339844,0.004412337,-13.096046,-13.105482,-3.4436693,97.37156,0.74892384,8.858971e-06,37.691246,-0.25469765,-8.81667,0.3662905,1.0,0.999012,0.16894531,0.004821475,-13.283841,-13.293206,-3.7030747,122.71657,0.78426915,1.3914296e-06,0.9989786,0.16210938,0.004940088,-12.900711,-12.909646,-3.7582328,372.06528,1.2641835,7.0810927e-07,0.01682929563522339,13013.605550050735,195000
34.533813,-0.22117606,-8.825392,0.36847103,1.0,0.99906063,0.22851562,0.0044263955,-13.286936,-13.296578,-3.4231877,188.24556,0.7154521,4.8200222e-06,1.3446326,-0.87914556,17.275925,0.99905777,0.20996094,0.004494558,-12.830694,-12.839815,-3.5002613,299.66473,0.779628,2.6423928e-05,44.788185,-0.235198,-8.86087,0.37734053,1.0,0.99902725,0.19140625,0.0047370074,-13.345654,-13.355066,-3.717026,372.42242,0.6177746,9.085329e-08,0.99901485,0.17773438,0.0048201205,-12.978672,-12.987649,-3.7952883,275.62558,0.67339915,1.9469644e-07,0.016858504152297973,13097.898072242737,200000
43.846703,-0.2150095,-8.850566,0.37476435,1.0,0.99906063,0.21972656,0.0043679103,-13.430083,-13.439886,-3.4017336,421.34933,1.0688504,4.590109e-06,0.90719795,-1.0811225,19.606201,0.9990597,0.19628906,0.004433114,-12.937337,-12.946581,-3.4799876,387.9824,1.1558591,2.974057e-05,46.294228,-0.20740736,-8.867122,0.37890327,1.0,0.9990139,0.16796875,0.0047572553,-13.4544525,-13.464037,-3.6482594,239.28525,0.797556,2.8758772e-05,0.9990053,0.15136719,0.00482006,-12.970607,-12.979634,-3.7351737,58.011665,0.48897356,2.1414324e-05,0.4204823781967163,15200.30996632576,205000
42.472717,-0.2175405,-8.84999,0.37462035,1.0,0.99907017,0.26660156,0.0042771576,-13.591961,-13.602043,-3.2772288,70.65607,0.74111414,2.1534024e-05,0.85979897,-1.1439598,19.319935,0.99907017,0.23730469,0.004313267,-13.125967,-13.135547,-3.3263707,86.85144,0.70839256,9.975857e-06,46.117477,-0.24218662,-8.901554,0.38751158,1.0,0.99899673,0.18652344,0.0046906015,-13.46413,-13.473796,-3.5767083,94.26403,0.70666957,2.1469873e-06,0.99900246,0.17382812,0.0047617643,-13.074392,-13.083656,-3.5974596,124.25492,0.8505465,7.276402e-07,0.02466495838165283,15323.634759902954,210000
41.04175,-0.21318266,-8.840683,0.37229377,1.0,0.999074,0.22363281,0.0043541146,-13.534676,-13.544656,-3.325007,94.5086,0.9096838,6.449183e-06,1.0447863,-1.0751088,21.753208,0.9990692,0.20800781,0.004422237,-13.113855,-13.123336,-3.414277,188.36768,0.81458026,3.963086e-05,44.42328,-0.26085734,-8.901392,0.38747102,1.0,0.99901485,0.203125,0.004609023,-13.527472,-13.537301,-3.4719503,241.65675,1.652979,6.374096e-06,0.9989834,0.17578125,0.0047133868,-13.074545,-13.08386,-3.5437984,757.5541,1.7284366,2.664518e-06,0.024647113704681395,15446.870333909988,215000
34.459637,-0.20644487,-8.84616,0.37366295,1.0,0.9990587,0.23828125,0.0042723203,-13.475149,-13.485189,-3.2029142,178.5817,1.0518055,2.538403e-05,1.2785861,-0.62838876,17.005598,0.9990597,0.234375,0.004322324,-12.987337,-12.9968405,-3.2655106,166.82481,0.8424238,6.625139e-05,49.07871,-0.21445638,-8.8639145,0.37810174,1.0,0.99901295,0.18359375,0.004774293,-13.390766,-13.400212,-3.7276974,104.051216,0.49794224,1.5173086e-07,0.9990101,0.15722656,0.0048233867,-12.884022,-12.892946,-3.754997,242.07668,1.1056917,5.972112e-06,0.024708086347579955,15570.410767793655,220000
36.44243,-0.2469386,-8.823181,0.36791822,1.0,0.99906635,0.22167969,0.0043887096,-13.502193,-13.512102,-3.365337,273.78595,1.0269442,6.815122e-05,1.0342088,-0.8603007,18.066084,0.999073,0.21582031,0.0044337558,-12.986522,-12.995897,-3.3960688,823.19366,1.6437625,3.6848753e-05,44.10647,-0.23233834,-8.870924,0.37985384,1.0,0.99901867,0.18359375,0.0046564075,-13.42146,-13.431079,-3.5814247,882.2765,1.8117251,4.0155014e-06,0.99901867,0.16601562,0.0047819,-12.9981365,-13.00723,-3.6947286,433.43967,1.3740841,4.0874e-08,0.020783555698394775,15674.328552007675,225000
38.245205,-0.16959964,-8.810724,0.3648041,1.0,0.9990759,0.24804688,0.004226649,-13.629551,-13.639733,-3.2116175,362.34045,1.1265755,5.0833364e-06,2.020066,-0.88554114,18.15168,0.999073,0.22753906,0.0042977007,-13.2297,-13.239374,-3.3321154,52.632904,0.77046144,2.5159554e-05,52.7573,-0.24474485,-8.879848,0.38208482,1.0,0.9990139,0.19140625,0.004747201,-13.559257,-13.568986,-3.6057425,365.2456,1.2118347,4.706059e-08,0.99901104,0.16113281,0.0047962773,-13.20031,-13.209664,-3.6314433,105.08569,0.98274773,7.461268e-08,0.017280646562576295,15760.73178601265,230000
38.496597,-0.21149185,-8.833391,0.37047094,1.0,0.9990778,0.25585938,0.004235847,-13.56283,-13.57297,-3.1889958,417.5267,1.172011,3.084936e-05,1.1112794,-1.0559089,19.36611,0.9990673,0.22753906,0.0042893416,-13.080814,-13.090439,-3.2358274,177.40984,1.1580226,1.792012e-05,38.792675,-0.23939079,-8.850983,0.3748687,1.0,0.999012,0.18652344,0.00474339,-13.5183,-13.528002,-3.5931907,263.82324,0.7651815,1.0539785e-06,0.99897766,0.16796875,0.004846874,-13.007774,-13.016917,-3.655144,278.0097,1.150664,2.193726e-06,0.017249239778518676,15846.977988481522,235000
35.69488,-0.2216621,-8.82398,0.36811808,1.0,0.99907684,0.24609375,0.0042904383,-13.668917,-13.679044,-3.3093183,183.9308,1.1075583,5.1489205e-06,0.77714396,-0.8308633,16.036623,0.99907875,0.234375,0.0043304837,-13.198492,-13.208117,-3.3516579,111.74197,0.82942295,9.783643e-06,41.258125,-0.2705813,-8.857824,0.37657923,1.0,0.99901104,0.18164062,0.004734733,-13.527565,-13.537223,-3.6462798,263.2311,1.1541016,8.821581e-06,0.99899006,0.16992188,0.004835747,-13.03908,-13.048236,-3.6725152,757.17816,2.2569997,1.6531926e-06,0.023803211212158202,15965.994046211243,240000
31.77975,-0.23479816,-8.850208,0.37467512,1.0,0.99906635,0.234375,0.004244684,-13.696035,-13.706225,-3.2709846,290.01093,1.2449514,9.023272e-06,1.1998562,-1.2452096,18.058228,0.99906635,0.22851562,0.004284489,-13.19985,-13.209526,-3.301115,78.23331,0.74444133,4.578811e-06,41.566944,-0.28320348,-8.841043,0.37238383,1.0,0.99897575,0.18945312,0.0048240963,-13.599785,-13.609547,-3.6132834,226.59296,1.0355844,1.6289222e-08,0.9989548,0.17382812,0.0048711845,-13.132317,-13.141586,-3.6501553,120.70278,0.9800152,2.8919055e-07,0.02388207173347473,16085.404408693314,245000
36.84253,-0.17977947,-8.820259,0.36718798,1.0,0.9990587,0.22851562,0.0043451376,-13.549591,-13.559569,-3.3411348,282.43338,0.8735144,6.2256568e-06,1.3131391,-0.8405829,17.425552,0.9990587,0.20507812,0.004392314,-13.144393,-13.153915,-3.4036965,89.479965,0.6652601,1.5420408e-05,51.404125,-0.22290191,-8.907858,0.38908732,1.0,0.9990063,0.16796875,0.0048773065,-13.510477,-13.520049,-3.7187564,289.16623,1.1347055,9.04043e-06,0.99900913,0.15234375,0.004950484,-13.010143,-13.0191555,-3.7921267,240.76881,1.1733564,3.6568952e-06,0.023873566913604736,16204.772244691849,250000
34.3279,-0.2097938,-8.788413,0.35922617,1.0,0.99906826,0.2421875,0.0042970525,-13.833356,-13.843672,-3.2795544,218.02063,1.0833249,2.030033e-05,1.3112148,-0.886299,18.303272,0.9990692,0.23828125,0.0043101995,-13.351388,-13.361219,-3.292906,223.83278,0.9722785,3.9646737e-05,46.863293,-0.23938948,-8.876738,0.38130748,1.0,0.9989462,0.17285156,0.0047800615,-13.687049,-13.696987,-3.520178,866.7284,1.1051202,6.344255e-07,0.9989376,0.16015625,0.0049328315,-13.155434,-13.164809,-3.5639923,83.44213,0.85263205,7.583208e-07,0.02389238109588623,16324.234154462814,255000
37.780502,-0.2140428,-8.854719,0.3758029,1.0,0.9990616,0.24414062,0.004370111,-13.711329,-13.721503,-3.303332,466.19354,1.4525243,1.3772985e-05,1.5242217,-1.7400143,19.562489,0.9990511,0.22460938,0.0044126017,-13.198729,-13.208356,-3.3501396,356.48212,1.0968561,1.4860127e-05,34.034904,-0.34285164,-8.887572,0.38401616,1.0,0.9990015,0.20898438,0.0046675,-13.751929,-13.76191,-3.5412016,276.63892,1.522554,2.4533142e-06,0.99899864,0.1875,0.0047183847,-13.185728,-13.195166,-3.5307655,134.68341,1.2694542,3.2177806e-07,0.017783385515213013,16413.151082992554,260000
38.3204,-0.21455184,-8.851449,0.37498522,1.0,0.9990711,0.23828125,0.0042978255,-13.688828,-13.69902,-3.2620916,429.78452,1.195583,4.890779e-06,1.9179478,-1.0383093,17.725128,0.99907017,0.22363281,0.0043301266,-13.201481,-13.21115,-3.3092632,215.1693,1.2958161,1.3140733e-05,37.734528,-0.22126359,-8.868145,0.37915933,1.0,0.99900055,0.19140625,0.0047272267,-13.479339,-13.488989,-3.6077673,1272.8351,1.9182718,3.179995e-07,0.9989958,0.18066406,0.004875278,-12.94438,-12.9534645,-3.6495082,177.58232,1.9167173,1.2209814e-05,0.016858610200881956,16497.444136619568,265000
36.48484,-0.22340594,-8.830308,0.36969987,1.0,0.99907684,0.24121094,0.0042567393,-13.762305,-13.772601,-3.229589,190.59027,1.0236692,3.317908e-05,1.0113579,-0.9165021,17.670238,0.999074,0.24023438,0.00429511,-13.331354,-13.341203,-3.255511,135.24014,0.9019519,1.5898422e-05,40.456367,-0.3297444,-8.874003,0.3806238,1.0,0.9990206,0.18164062,0.004736904,-13.531856,-13.541554,-3.611526,509.56903,1.0831833,1.1146019e-08,0.99899197,0.16210938,0.004860909,-13.150589,-13.159885,-3.6415155,2293.7224,4.0986395,1.6366802e-06,0.016866163110733034,16581.774953842163,270000
36.558,-0.20333423,-8.827133,0.36890644,1.0,0.99907017,0.24707031,0.004350419,-13.586235,-13.596225,-3.3665166,104.24558,0.86626434,7.452581e-07,1.003189,-1.4897043,18.993343,0.99906635,0.22753906,0.0043935506,-13.142593,-13.152124,-3.3932006,155.9267,0.85838044,2.547824e-06,41.166157,-0.26895612,-8.899319,0.38695252,1.0,0.99898434,0.19140625,0.0048423554,-13.595003,-13.604735,-3.638887,942.1532,1.3637055,1.0935551e-07,0.99897003,0.16113281,0.004939675,-13.134361,-13.143587,-3.6964822,58.41065,0.581097,3.5135383e-07,0.016863636016845703,16666.093135118484,275000
47.87932,-0.15976506,-8.801576,0.36251688,1.0,0.9990616,0.22949219,0.004391745,-13.611597,-13.621625,-3.3550947,598.50385,1.094311,6.069758e-06,3.1793318,-1.2020636,23.909645,0.99906063,0.20703125,0.0044732788,-13.215574,-13.2251,-3.4703145,414.8118,1.0892622,2.8537474e-05,41.556858,-0.3151583,-8.857969,0.37661523,1.0,0.9990349,0.17675781,0.0047856392,-13.418925,-13.428386,-3.7412732,212.55798,0.6196615,1.3774252e-06,0.9990406,0.17480469,0.0047990563,-12.962726,-12.971743,-3.7382913,92.60668,0.6954489,9.109701e-06,0.016850149059295653,16750.34388422966,280000
41.5642,-0.18617657,-8.812775,0.36531675,1.0,0.9990673,0.20703125,0.0043937787,-13.689003,-13.699053,-3.4084945,419.5416,0.86528546,2.9111205e-05,1.1884341,-1.5489563,20.96592,0.99905777,0.21582031,0.004437695,-13.325415,-13.335072,-3.446464,262.55466,0.96424174,3.0740113e-05,39.95322,-0.27283573,-8.851595,0.37502176,1.0,0.9990263,0.17089844,0.004746382,-13.510476,-13.520044,-3.7225308,105.29561,0.5682528,4.464226e-07,0.99901104,0.15820312,0.0048243916,-13.09773,-13.106881,-3.7356396,219.90573,1.2247591,8.1083876e-08,0.016850045108795165,16834.594111442566,285000
33.073124,-0.23952152,-8.827157,0.36891225,1.0,0.9990711,0.23144531,0.004285496,-13.72773,-13.737968,-3.2554884,101.270294,0.92144334,8.969452e-06,0.76377153,-1.7594893,18.036003,0.99907494,0.20996094,0.004378413,-13.346586,-13.35637,-3.3375452,155.7814,1.0728483,2.0021753e-05,52.557552,-0.21218611,-8.846958,0.37386265,1.0,0.9990158,0.18261719,0.004726959,-13.42416,-13.433783,-3.580142,274.50677,1.075666,3.675566e-06,0.99901295,0.15527344,0.004800385,-13.026012,-13.03518,-3.6478055,131.76657,0.806153,2.9057576e-06,0.016876558876037596,16918.976907014847,290000
41.308746,-0.2599578,-8.817031,0.36638057,1.0,0.9990673,0.23046875,0.0043716705,-13.708741,-13.718864,-3.3521917,235.49046,1.1598961,1.2948731e-05,0.98190504,-1.0228543,20.03314,0.99906445,0.21386719,0.004405273,-13.204058,-13.213685,-3.355524,99.496735,1.0344093,7.801031e-05,36.57708,-0.31937867,-8.827696,0.36904687,1.0,0.99902534,0.19140625,0.0046179276,-13.467131,-13.476833,-3.540659,101.026146,0.6264163,4.8640195e-06,0.9990139,0.17773438,0.0046657464,-13.092493,-13.101833,-3.53766,98.94951,0.92389536,1.4912712e-05,0.01686388521194458,17003.296334266663,295000
45.863613,-0.18198466,-8.839714,0.37205154,1.0,0.9990568,0.23925781,0.004355354,-13.664396,-13.674485,-3.344155,410.25638,0.942682,4.1259104e-06,2.408376,-1.3727537,26.776266,0.99906063,0.21972656,0.0044496413,-13.134512,-13.143986,-3.4428923,83.495865,0.63420594,6.190371e-06,37.652008,-0.34139943,-8.862053,0.3776364,1.0,0.99902153,0.16894531,0.0047137635,-13.682856,-13.692655,-3.6588461,369.6574,1.4152982,1.6339321e-08,0.9990225,0.16015625,0.0048212786,-13.162162,-13.1714115,-3.7001166,200.10915,1.2495283,1.992626e-07,0.016865013360977173,17087.62140226364,300000
34.50394,-0.25370777,-8.815962,0.36611348,1.0,0.9990616,0.24511719,0.0043680044,-13.732662,-13.742824,-3.3389082,508.55096,1.192397,2.6539174e-06,1.2249031,-0.84576213,18.29391,0.99905777,0.22558594,0.004433696,-13.210152,-13.219756,-3.3845944,609.81726,1.6875967,5.4583065e-06,44.358418,-0.30339804,-8.839891,0.37209567,1.0,0.99901295,0.16308594,0.004771204,-13.737089,-13.746911,-3.688941,543.0688,1.5657632,2.98242e-08,0.9989958,0.15527344,0.0048605204,-13.233773,-13.243081,-3.7115834,1143.3044,2.6418145,2.7557634e-08,0.43716746301651,19273.45872068405,305000
41.64052,-0.1966635,-8.8332,0.37042302,1.0,0.9990692,0.24023438,0.0042945375,-13.648823,-13.65894,-3.2996368,106.8746,0.7343938,2.4419476e-05,3.9207807,-1.6459318,25.924314,0.99906445,0.203125,0.004376731,-13.193156,-13.20274,-3.3903837,117.59844,0.825917,8.093255e-06,40.367165,-0.24815741,-8.883748,0.3830601,1.0,0.99901485,0.19628906,0.0046953936,-13.531557,-13.541261,-3.6037312,140.92702,0.84246075,1.2156669e-07,0.9990139,0.17675781,0.0047504823,-13.06815,-13.077367,-3.6380591,313.9771,0.959226,1.1886244e-05,0.02430699954032898,19394.993720769882,310000
35.761833,-0.24280038,-8.803898,0.36309743,1.0,0.9990616,0.24609375,0.0043264716,-13.977335,-13.987774,-3.297412,53.525978,0.6593175,5.1385376e-07,1.8779496,-0.9169245,22.726414,0.99906445,0.21777344,0.0043866034,-13.414755,-13.424588,-3.3554668,75.72771,0.80451286,3.107867e-06,49.38036,-0.2515788,-8.844576,0.37326702,1.0,0.9989929,0.19433594,0.0046872925,-13.771919,-13.781936,-3.525956,326.08966,0.9098373,9.947873e-07,0.9989557,0.1796875,0.004775463,-13.279836,-13.289344,-3.5531454,253.07954,0.88128895,2.6122664e-06,0.02096087832450867,19499.798114299774,315000
36.048782,-0.23335645,-8.823991,0.36812073,1.0,0.9990883,0.24804688,0.0042344606,-13.941895,-13.952426,-3.16672,216.71446,1.2430478,4.840147e-06,2.7205353,-1.9135786,22.453293,0.9990835,0.23046875,0.0042653643,-13.461883,-13.471905,-3.2086525,54.822662,1.0731506,1.5731193e-05,41.27755,-0.31159097,-8.866836,0.3788318,1.0,0.99900436,0.18359375,0.0047575887,-13.618606,-13.628341,-3.660273,284.89606,0.60345984,2.1837805e-07,0.9989939,0.18164062,0.0048782956,-13.222028,-13.231356,-3.6795278,548.0753,1.8416011,3.6415267e-06,0.017210912942886354,19585.852680921555,320000
35.470856,-0.21016571,-8.84078,0.37231773,1.0,0.99906635,0.24121094,0.0042913957,-13.674114,-13.684281,-3.273593,256.50418,0.86471057,2.2917233e-05,1.1572378,-3.1569111,24.14412,0.99906063,0.22265625,0.004370512,-13.223043,-13.232667,-3.3779535,66.31259,0.6555736,7.86019e-05,50.39994,-0.18764922,-8.832634,0.37028158,1.0,0.99902153,0.20410156,0.004649804,-13.571611,-13.581414,-3.5430722,1628.0214,1.8725789,2.0380345e-07,0.9990072,0.18847656,0.0047187624,-13.08572,-13.094964,-3.628674,133.76318,0.70637274,1.6989802e-06,0.017244456338882445,19672.07496547699,325000
38.66488,-0.21334624,-8.835719,0.37105274,1.0,0.9990673,0.2421875,0.0043640686,-13.713436,-13.723592,-3.3227396,103.033195,0.64426374,1.210286e-06,2.6335435,-1.2656763,22.875526,0.9990549,0.20800781,0.0044440115,-13.336899,-13.346611,-3.4008584,97.58099,0.7838169,1.1461147e-05,44.638435,-0.27841327,-8.893383,0.3854686,1.0,0.99900055,0.16894531,0.004788108,-13.628777,-13.63851,-3.67248,135.33034,0.8008353,6.170782e-07,0.9989939,0.171875,0.0049166754,-13.202701,-13.211967,-3.722527,224.60342,1.3807044,1.6916505e-07,0.01945422463417053,19769.346090316772,330000
33.74142,-0.2235898,-8.844248,0.3731848,1.0,0.9990711,0.234375,0.004244188,-13.955791,-13.966321,-3.184294,189.33788,1.041045,5.4999917e-05,1.2524403,-1.8335602,19.592464,0.99906826,0.21875,0.004310918,-13.502734,-13.512746,-3.2608914,195.79285,0.9097833,5.618362e-05,42.874554,-0.28830844,-8.824078,0.36814225,1.0,0.9990158,0.16699219,0.004763355,-13.6196785,-13.629416,-3.6587286,132.97556,0.5881182,5.538246e-07,0.9989872,0.16796875,0.0049190586,-13.202605,-13.211899,-3.694943,402.80756,1.1391075,5.5984945e-08,0.02383477187156677,19888.519953489304,335000
34.28331,-0.2574799,-8.852375,0.3752166,1.0,0.9990673,0.24902344,0.0042608473,-13.973045,-13.983495,-3.2839236,124.81823,0.7704301,4.5409174e-06,1.0507666,-0.79400784,16.776752,0.9990673,0.21582031,0.0043588653,-13.35553,-13.365303,-3.3579872,219.10951,0.97289336,2.5175862e-06,43.84908,-0.3694982,-8.847946,0.37410957,1.0,0.9989996,0.1875,0.0046863193,-13.747473,-13.757401,-3.590136,329.47223,0.8885514,2.9972884e-07,0.9989824,0.18164062,0.0048021954,-13.2,-13.209422,-3.5609965,335.41663,1.5837693,7.070795e-07,0.023853229999542237,20007.786104917526,340000
39.283226,-0.22576399,-8.808985,0.36436933,1.0,0.9990721,0.23535156,0.0043832385,-13.758543,-13.768661,-3.407782,211.35829,0.77536243,6.882097e-06,0.89803267,-0.78911114,17.889177,0.9990711,0.22265625,0.0044293436,-13.31333,-13.322961,-3.4612288,61.344067,0.66820145,2.1588105e-05,40.48742,-0.26096782,-8.875832,0.38108107,1.0,0.9989996,0.203125,0.0047416575,-13.792358,-13.802386,-3.5339046,2920.6985,3.013358,6.506369e-08,0.9990053,0.18945312,0.004720106,-13.381305,-13.39089,-3.5759401,308.60184,1.3640785,1.05362865e-08,0.023831101179122925,20126.941614151,345000
41.49418,-0.21159211,-8.870348,0.3797099,1.0,0.9990778,0.2578125,0.004166012,-13.866941,-13.877432,-3.133652,810.65967,1.7095574,6.3509656e-06,1.1549535,-0.77704805,19.180996,0.9990797,0.2529297,0.004181862,-13.358563,-13.368516,-3.176396,60.630863,0.95296943,1.5741609e-05,41.06473,-0.33344778,-8.898008,0.38662502,1.0,0.99897385,0.19433594,0.004712583,-13.7945385,-13.804574,-3.529008,278.913,1.0999136,3.5090625e-06,0.9989586,0.1953125,0.0047673616,-13.285396,-13.294949,-3.5128534,699.1303,1.7606555,5.397288e-06,0.023783807706832884,20245.86065387726,350000
35.660507,-0.2425003,-8.836956,0.3713618,1.0,0.99906635,0.23925781,0.0043022567,-13.859823,-13.870181,-3.2643323,79.66334,0.8073801,2.2981952e-05,1.093296,-1.581729,21.4292,0.9990616,0.22460938,0.004349158,-13.418476,-13.428353,-3.3149765,325.70923,1.0679982,6.238545e-05,44.889023,-0.24218754,-8.861616,0.37752697,1.0,0.9990244,0.19726562,0.004623955,-13.621321,-13.631173,-3.5413492,107.02877,0.70343286,2.5451572e-08,0.99901867,0.18066406,0.004688061,-13.215624,-13.225031,-3.5922623,57.220497,0.5656215,2.8246843e-06,0.019778380584716797,20344.752559661865,355000
42.235554,-0.21257241,-8.811387,0.36496973,1.0,0.99906445,0.24316406,0.0043142796,-13.765461,-13.775715,-3.2749076,176.69392,0.8983537,1.6559026e-05,4.594749,-9.596962,46.59304,0.9990616,0.22167969,0.00439651,-13.388342,-13.398138,-3.3663673,111.63725,1.0057318,3.4755034e-05,50.02255,-0.24678111,-8.852464,0.37523893,1.0,0.99902916,0.1953125,0.0046556173,-13.615778,-13.625596,-3.5726411,292.64404,0.89944315,8.556535e-09,0.9990282,0.17285156,0.004734652,-13.220264,-13.229651,-3.6179245,862.98303,1.9599317,2.5302458e-07,0.01684286971092224,20428.966909646988,360000
32.933117,-0.22150674,-8.854607,0.3757745,1.0,0.9990635,0.23730469,0.004276575,-13.9252825,-13.93566,-3.3087115,144.64365,0.61579597,2.6419562e-07,0.63269603,-1.0058141,14.726646,0.9990635,0.21972656,0.0043105837,-13.522251,-13.532207,-3.3370469,93.03104,0.6311266,4.296078e-06,45.26859,-0.27854472,-8.836462,0.37123847,1.0,0.9990368,0.20214844,0.004650579,-13.625933,-13.635735,-3.599853,1659.9729,1.707377,1.2453902e-06,0.999033,0.18164062,0.0047112927,-13.216344,-13.225696,-3.6502337,137.2189,0.91515434,1.2713905e-06,0.01686309766769409,20513.28239917755,365000
33.917656,-0.23687233,-8.832208,0.37017485,1.0,0.999073,0.22460938,0.0043153334,-14.0366955,-14.047171,-3.3202477,92.53504,0.69770586,1.9584397e-05,0.9069687,-0.80356884,18.008059,0.99907494,0.2109375,0.0043694885,-13.544317,-13.554247,-3.386436,176.62366,0.8846205,5.3850467e-06,43.30693,-0.30157793,-8.835212,0.37092584,1.0,0.999032,0.19140625,0.004692969,-13.86319,-13.873179,-3.6430225,223.96645,0.9301989,1.7218094e-06,0.99901104,0.16210938,0.0047815354,-13.379017,-13.3885,-3.677185,550.4939,2.6804385,9.845025e-06,0.016851942253112793,20597.542114257812,370000
35.50379,-0.23132747,-8.799921,0.36210328,1.0,0.9990673,0.24609375,0.0042793807,-13.876345,-13.886714,-3.2688706,180.14418,0.79893947,3.058653e-05,1.0042787,-0.87808114,17.175154,0.9990711,0.23535156,0.004326392,-13.413386,-13.423261,-3.310566,1189.5425,1.9448407,3.689262e-06,35.887917,-0.266348,-8.826685,0.36879432,1.0,0.99900436,0.19335938,0.0046660984,-13.719986,-13.729951,-3.5256028,1421.9368,1.6772659,3.888867e-08,0.9989824,0.17773438,0.004773304,-13.247558,-13.2570095,-3.5780444,109.72964,1.0115271,6.2869407e-07,0.016837881898880004,20681.731525182724,375000
39.57733,-0.19640613,-8.822218,0.3676774,1.0,0.9990721,0.23339844,0.0042647063,-13.842779,-13.853157,-3.22535,69.35752,0.72986126,2.9503162e-05,0.9787386,-0.9563723,19.322456,0.9990692,0.23925781,0.004326793,-13.346348,-13.356164,-3.3040376,98.00959,0.86598986,3.9127463e-06,39.232742,-0.30654597,-8.85609,0.37614536,1.0,0.9990206,0.17578125,0.0047446713,-13.650286,-13.6600685,-3.6422613,800.3285,1.3805746,4.4052243e-07,0.99901485,0.15625,0.0048105377,-13.109947,-13.119156,-3.6891527,91.777374,0.82709515,1.1234158e-06,0.016849525547027587,20765.979154348373,380000
51.16439,-0.16509892,-8.804374,0.3632163,1.0,0.9990797,0.27441406,0.004182775,-14.012269,-14.02294,-3.095962,170.41823,1.5210847,1.275982e-06,2.4553857,-2.8807075,25.632195,0.99907494,0.2607422,0.0042404453,-13.661691,-13.671932,-3.185551,213.18303,1.5887218,3.2656866e-05,43.43226,-0.27683598,-8.842279,0.37269288,1.0,0.99899006,0.18945312,0.004732875,-13.635876,-13.645764,-3.5199475,588.76465,1.6647434,3.2318585e-08,0.9989872,0.17675781,0.0047865785,-13.253587,-13.263093,-3.5279393,173.4067,1.1944082,3.6759654e-06,0.022481178092956543,20878.385046958923,385000
41.083633,-0.2483765,-8.81436,0.36571306,1.0,0.999074,0.25097656,0.0042012203,-14.001282,-14.011872,-3.1668642,79.79641,0.792259,4.2239226e-06,0.9981077,-0.8570173,20.737106,0.99906445,0.23730469,0.0042334525,-13.603655,-13.613813,-3.2119968,373.89746,1.106796,3.0042396e-05,48.569565,-0.23686521,-8.869745,0.3795593,1.0,0.99901867,0.17871094,0.004772015,-13.7072525,-13.717074,-3.6591544,342.04764,1.2595543,2.465448e-09,0.99901104,0.15625,0.004852259,-13.156918,-13.166103,-3.7599936,328.99323,1.2055767,7.808167e-07,0.02490234227180481,21002.896761655807,390000
40.189075,-0.22363713,-8.802589,0.36277053,1.0,0.9990635,0.22265625,0.004427322,-13.915909,-13.926181,-3.4066482,276.7714,1.1954122,1.3505638e-05,1.0400904,-1.2343076,19.432999,0.9990673,0.2109375,0.004462623,-13.432106,-13.441869,-3.444325,490.82697,1.3341062,1.7214066e-05,44.542618,-0.25120384,-8.840132,0.372156,1.0,0.9989996,0.18261719,0.0047522397,-13.720182,-13.730076,-3.600242,559.47577,1.355686,2.5242237e-08,0.99900913,0.17480469,0.0047913096,-13.302197,-13.311633,-3.650507,78.19821,0.85497165,8.054654e-08,0.024919088220596314,21127.4922041893,395000
37.803352,-0.2212162,-8.833186,0.37041953,1.0,0.99907684,0.26464844,0.0041831015,-13.878558,-13.889057,-3.1370654,316.25803,1.3648608,9.4468294e-07,1.5468227,-1.663583,19.677933,0.999074,0.22363281,0.004238843,-13.481505,-13.491546,-3.2104797,125.63977,1.1998599,2.7836873e-05,45.40033,-0.24841449,-8.842175,0.37266654,1.0,0.99902153,0.19824219,0.0046636728,-13.711035,-13.720939,-3.5795624,255.65273,1.0145843,2.5269094e-06,0.9990053,0.18945312,0.0047334544,-13.303438,-13.3129,-3.6243,91.44939,0.707383,9.596433e-06,0.024929989576339722,21252.14215373993,400000
45.230255,-0.21171832,-8.833842,0.37058365,1.0,0.999073,0.23925781,0.0042244866,-13.881405,-13.891823,-3.2238493,802.75134,1.0676147,5.8139594e-05,1.603528,-1.3628699,25.413647,0.99907017,0.23632812,0.0042831968,-13.390564,-13.400424,-3.30329,179.7451,0.675588,7.2983225e-05,41.13768,-0.31009868,-8.827484,0.36899394,1.0,0.9990339,0.19335938,0.004654615,-13.731657,-13.741562,-3.5980847,1085.613,1.4239197,5.3868293e-06,0.99903584,0.17480469,0.004710382,-13.218529,-13.227888,-3.6427474,323.57175,1.0117527,1.283623e-05,0.4300386783599853,23402.335548877716,405000
36.90823,-0.26941314,-8.828563,0.36926353,1.0,0.9990635,0.23828125,0.004273766,-14.005846,-14.016347,-3.264212,219.87859,0.90216,9.659259e-07,1.2661808,-2.027767,22.621777,0.9990616,0.22460938,0.004316346,-13.585175,-13.595223,-3.3050547,111.17435,0.93599004,7.2162698e-06,43.393993,-0.3315618,-8.860846,0.37733442,1.0,0.9990196,0.18945312,0.004660948,-13.758785,-13.768668,-3.6477952,82.30014,0.60666275,1.5218133e-08,0.9990015,0.17480469,0.004768024,-13.283761,-13.293186,-3.6418576,205.6253,0.89032054,7.1681296e-07,0.017241288709640503,23488.541994333267,410000
32.674572,-0.2509868,-8.854246,0.37568438,1.0,0.99907684,0.27539062,0.004140323,-14.163431,-14.174277,-3.066557,4341.5063,3.4657836,3.1279737e-06,1.8466698,-1.2462193,19.273197,0.99907875,0.26953125,0.004179011,-13.570793,-13.581016,-3.1123796,258.60645,1.5215349,4.9027526e-06,35.243942,-0.31580734,-8.86031,0.3772003,1.0,0.9990368,0.18945312,0.004712401,-13.7462435,-13.7560625,-3.7020507,428.0934,0.9724302,1.3018808e-06,0.99902725,0.18164062,0.00475719,-13.217056,-13.226323,-3.7375429,232.5908,0.78110784,2.4099998e-05,0.017177055740356446,23574.427274942398,415000
43.936733,-0.19689791,-8.850899,0.37484762,1.0,0.9990616,0.24121094,0.004309684,-14.051947,-14.0624695,-3.2878551,168.60678,1.1989354,4.7733993e-06,1.021335,-1.2943447,20.897171,0.99906826,0.22753906,0.0043725558,-13.586904,-13.5969095,-3.3508377,1143.3376,2.1522422,8.869157e-06,34.657303,-0.3608649,-8.878349,0.3817102,1.0,0.9990072,0.19335938,0.0046918076,-13.817833,-13.827787,-3.6340477,374.88422,1.1535181,1.1221127e-06,0.9990034,0.1796875,0.004823396,-13.389627,-13.399137,-3.6623106,124.69765,1.1901618,6.3931266e-06,0.01717839331626892,23660.319243192673,420000
46.806858,-0.18542215,-8.848366,0.37421423,1.0,0.99907494,0.23925781,0.00430752,-13.985615,-13.996125,-3.2327476,232.15634,1.1671723,5.1056977e-05,2.0033002,-1.3714186,23.279099,0.99907017,0.21191406,0.004402552,-13.402277,-13.41212,-3.3326535,1818.5963,2.7994182,1.855595e-05,45.54637,-0.2946227,-8.866733,0.3788061,1.0,0.9990282,0.20605469,0.0045875916,-13.864371,-13.874611,-3.3908305,631.433,1.7784938,9.964261e-07,0.9990244,0.1796875,0.004687563,-13.264048,-13.273632,-3.45764,371.47476,1.8535221,3.3777399e-06,0.017208833169937134,23746.363412857056,425000
41.771088,-0.20533904,-8.8249855,0.36836937,1.0,0.999074,0.2578125,0.004215969,-13.926807,-13.937295,-3.1988068,450.49063,1.3453541,1.2404148e-05,1.1267028,-1.2701035,21.129223,0.99907017,0.24414062,0.0043078484,-13.45931,-13.469219,-3.3208575,96.22434,0.8091065,2.0024188e-06,51.24985,-0.2455833,-8.83886,0.371838,1.0,0.99902344,0.19042969,0.004765248,-13.610445,-13.620149,-3.6831985,457.812,1.1689155,2.8174243e-09,0.9990158,0.18457031,0.0048416033,-13.221666,-13.230915,-3.7595599,67.92129,0.60972714,3.0924915e-07,0.02355255184173584,23864.126173734665,430000
38.072105,-0.23449683,-8.829949,0.36961046,1.0,0.99908257,0.26171875,0.0042626606,-14.022687,-14.033227,-3.2406235,463.46152,1.4381421,1.01024725e-05,2.5531204,-1.4565032,19.911495,0.9990797,0.22949219,0.0043111816,-13.563566,-13.573587,-3.3115988,160.30838,0.99705976,8.207098e-06,44.932922,-0.2685682,-8.896499,0.38624763,1.0,0.9989929,0.1875,0.004740309,-13.733858,-13.743758,-3.6062999,208.86522,0.8701578,1.18867185e-07,0.9989891,0.16992188,0.00475739,-13.240836,-13.250223,-3.6380086,194.06566,1.1211972,1.6028197e-06,0.023892282247543334,23983.58758854866,435000
37.86278,-0.25288677,-8.820221,0.36717838,1.0,0.9990797,0.2626953,0.0041560703,-14.068014,-14.078722,-3.113471,336.29233,1.1607802,4.618408e-06,0.85811985,-0.75152755,19.74575,0.99907875,0.23535156,0.0042094802,-13.579098,-13.589263,-3.1796834,476.0308,1.6550193,8.437704e-06,44.014874,-0.26056302,-8.844423,0.37322885,1.0,0.9989815,0.20703125,0.0046337424,-13.774012,-13.78405,-3.503963,240.31895,0.7724205,1.4318967e-06,0.9989557,0.17871094,0.004812469,-13.301917,-13.311435,-3.5654845,639.46344,1.9698231,2.5504357e-07,0.023808134269714357,24102.628261327744,440000
32.902493,-0.23101097,-8.845699,0.3735477,1.0,0.99906254,0.22558594,0.004351308,-13.9374485,-13.947795,-3.3524175,874.5023,1.2332428,1.3076875e-05,0.8847707,-1.1173474,18.565128,0.9990635,0.21972656,0.0043774284,-13.474243,-13.484095,-3.397097,135.38661,0.73008627,4.4282333e-06,40.055904,-0.31100634,-8.844001,0.37312323,1.0,0.99903107,0.18261719,0.004785803,-13.868997,-13.878993,-3.6426444,415.92154,1.4668059,3.1898408e-06,0.9990225,0.16699219,0.0048924373,-13.4129505,-13.422414,-3.7338455,579.6568,2.0286074,9.248544e-06,0.017815193271636963,24191.7042324543,445000
32.975883,-0.2657302,-8.804676,0.36329192,1.0,0.9990673,0.23339844,0.0043823877,-13.904806,-13.915101,-3.373824,101.70165,0.6868744,2.3808855e-06,0.9839966,-1.0245574,18.748985,0.9990616,0.21191406,0.0044551715,-13.424847,-13.434604,-3.442933,84.66728,0.7060437,6.596104e-06,44.21537,-0.31219482,-8.869946,0.3796094,1.0,0.999012,0.18066406,0.0048240907,-13.736874,-13.746672,-3.7139907,210.03773,0.8858096,1.970871e-09,0.99900913,0.16699219,0.0048738765,-13.340448,-13.349829,-3.7447586,347.05292,1.1389227,8.616431e-08,0.016846159172058107,24275.935029268265,450000
39.41105,-0.22354358,-8.841116,0.3724019,1.0,0.9990711,0.2578125,0.0042426074,-14.1913185,-14.202075,-3.1871676,135.46553,1.1817257,4.6331825e-06,1.0964985,-1.315808,22.079147,0.9990721,0.22949219,0.004322662,-13.674765,-13.68495,-3.25391,214.74557,1.5543338,2.8112354e-05,42.111343,-0.34143543,-8.868659,0.37928775,1.0,0.9989872,0.20117188,0.0047522187,-13.968093,-13.978273,-3.5528476,445.45206,1.2227652,8.086129e-07,0.9989891,0.19335938,0.004780575,-13.497158,-13.506854,-3.5779266,129.61855,1.1290281,3.0380545e-06,0.02214401903152466,24386.655126094818,455000
37.354393,-0.25037014,-8.83731,0.37145033,1.0,0.99907017,0.2626953,0.0042070025,-13.899199,-13.909707,-3.1487756,226.22612,1.228339,3.9449333e-05,1.1946732,-1.2557684,24.03717,0.9990673,0.23242188,0.0042702937,-13.3454,-13.35531,-3.2073288,385.73392,1.2405167,2.4770767e-05,36.376385,-0.34044114,-8.801277,0.3624424,1.0,0.9990072,0.17382812,0.0047684144,-13.674341,-13.684131,-3.659957,1028.3197,1.4447818,1.8616364e-08,0.99898624,0.17578125,0.004876328,-13.146428,-13.155695,-3.6661212,133.411,0.7690541,1.9641097e-06,0.024854312753677367,24510.926693201065,460000
40.687313,-0.22480685,-8.828964,0.3693639,1.0,0.99907684,0.27441406,0.0041036173,-14.196518,-14.20741,-3.0541124,215.29657,1.0660257,1.4761199e-05,1.2594591,-1.2282013,23.312233,0.999073,0.25097656,0.004165016,-13.671635,-13.681938,-3.130454,86.98734,1.0188504,6.612357e-05,36.344597,-0.3207494,-8.861126,0.37740457,1.0,0.9990072,0.17480469,0.004720255,-13.813798,-13.823731,-3.6503654,232.04622,0.6095903,5.46104e-08,0.9989939,0.16503906,0.004780463,-13.3586445,-13.36815,-3.6354773,60.256958,0.55924666,4.9584965e-08,0.02488673996925354,24635.360394477844,465000
45.896336,-0.22389823,-8.865189,0.37842023,1.0,0.9990845,0.25390625,0.0041632536,-14.328251,-14.339186,-3.1425836,201.2112,1.4973111,1.8587867e-05,1.3426046,-1.7798697,25.858059,0.99907875,0.22753906,0.004233266,-13.812378,-13.822761,-3.190014,311.14682,2.006171,2.3499874e-06,53.7693,-0.26517743,-8.835861,0.37108836,1.0,0.99897003,0.20117188,0.004739725,-13.944914,-13.955125,-3.4988775,609.2195,1.5099471,1.0863884e-08,0.99896336,0.17578125,0.0048627066,-13.508497,-13.518252,-3.5282826,137.2744,1.1977956,8.219736e-07,0.024902612257003784,24759.873461961746,470000
40.191334,-0.22039717,-8.807718,0.36405239,1.0,0.99907684,0.28320312,0.004216552,-14.109372,-14.120061,-3.1745293,154.61769,0.894373,3.5782045e-06,3.0188103,-1.8647056,26.38853,0.999073,0.24804688,0.004294271,-13.741528,-13.751762,-3.2721336,143.25487,0.8000466,3.4038128e-06,47.17827,-0.2562886,-8.826321,0.3687029,1.0,0.99902153,0.16699219,0.004758788,-13.757654,-13.767539,-3.646509,652.4785,1.5541327,2.417498e-06,0.99901867,0.16601562,0.0048461296,-13.388856,-13.398323,-3.7043142,135.60156,1.0600271,2.1010178e-06,0.0249226966381073,24884.486946582794,475000
38.796974,-0.20530283,-8.865781,0.37856805,1.0,0.9990673,0.2421875,0.004299472,-13.938244,-13.9486685,-3.2731993,167.474,0.82783854,3.950552e-06,1.2481194,-1.0957881,19.901903,0.99906254,0.22070312,0.0043506213,-13.53739,-13.547335,-3.3630862,60.74398,0.5602596,1.2426062e-07,39.499702,-0.3148247,-8.8207445,0.36730903,1.0,0.9990244,0.17578125,0.00473291,-13.751152,-13.761042,-3.6334028,837.92804,2.2177,3.283069e-06,0.99899864,0.17578125,0.0047923797,-13.3859005,-13.395382,-3.6872816,422.19183,1.2441784,1.1587248e-05,0.024932609128952028,25009.149995326996,480000
38.634018,-0.1851966,-8.852863,0.3753388,1.0,0.999073,0.26953125,0.0041462146,-14.022261,-14.03293,-3.1072154,149.15839,1.3702376,7.3898937e-06,1.2117293,-1.4724144,21.736975,0.9990721,0.22753906,0.004204762,-13.520773,-13.53088,-3.1808305,367.2058,1.2905234,7.6126744e-06,35.864586,-0.33860233,-8.82118,0.36741823,1.0,0.9989939,0.17382812,0.0047227303,-13.967123,-13.977266,-3.5900283,147.09644,0.72926414,6.6589894e-07,0.9989691,0.16992188,0.0048390636,-13.370625,-13.380183,-3.5914884,132.87148,1.1277236,4.0848616e-07,0.02490487666130066,25133.67438006401,485000
41.221443,-0.20118894,-8.8119335,0.36510623,1.0,0.9990759,0.25097656,0.0042358497,-14.029831,-14.040404,-3.2137556,210.55978,1.1261241,3.4814115e-05,1.4206613,-1.2208592,23.28236,0.9990759,0.24121094,0.0042710085,-13.672586,-13.68278,-3.2452588,106.458084,1.0092045,8.5319033e-07,38.52133,-0.3027445,-8.889961,0.38461336,1.0,0.999012,0.18164062,0.0046794503,-13.844669,-13.854715,-3.5685267,147.07574,0.7696011,7.74446e-08,0.99900055,0.18066406,0.0047769756,-13.382738,-13.392307,-3.592908,112.37375,0.8818674,1.7084909e-07,0.02490430989265442,25258.195932388306,490000
38.594303,-0.17137733,-8.821175,0.3674164,1.0,0.99907875,0.27734375,0.0041624913,-14.284666,-14.29559,-3.1091335,191.52791,1.1414726,2.6826685e-05,1.4170656,-0.87353086,20.124037,0.9990721,0.265625,0.004196209,-13.778289,-13.78867,-3.1581883,144.20299,0.9494314,4.245488e-06,39.038826,-0.29401305,-8.860835,0.3773317,1.0,0.9990225,0.19726562,0.004639401,-13.962504,-13.972648,-3.5866013,688.6163,1.29065,9.860457e-07,0.9990158,0.19628906,0.00468511,-13.484602,-13.494249,-3.616362,68.18595,0.7685707,6.171588e-07,0.024921024465560913,25382.801055908203,495000
49.463734,-0.19772813,-8.810217,0.36467737,1.0,0.99906635,0.22753906,0.0043917145,-14.086489,-14.09695,-3.3852103,233.40475,0.90715307,1.27664225e-05,1.695918,-1.4061143,27.53883,0.9990635,0.21289062,0.004440842,-13.468365,-13.478156,-3.45332,180.66652,0.85713285,1.588604e-05,47.75694,-0.27358156,-8.909647,0.38953477,1.0,0.9990196,0.18847656,0.0046581947,-13.894387,-13.904484,-3.5653038,599.7423,1.6467996,6.3757795e-08,0.998991,0.17382812,0.00478443,-13.405317,-13.414911,-3.590362,292.32523,1.5394998,2.778302e-06,0.024918956327438353,25507.395840883255,500000
43.986374,-0.21252356,-8.858441,0.37673336,1.0,0.99907494,0.24023438,0.0043137055,-14.031376,-14.041877,-3.2889767,223.4997,1.0022287,2.0606389e-05,1.2741311,-1.540291,20.033901,0.9990711,0.23535156,0.0043349843,-13.533648,-13.543645,-3.3056312,185.87675,1.1999476,1.6761122e-05,43.37999,-0.3108244,-8.861482,0.37749326,1.0,0.99899197,0.16699219,0.0048915725,-13.817155,-13.827058,-3.6864967,256.76544,1.4641459,1.3072566e-08,0.99899673,0.15039062,0.0049566654,-13.386858,-13.39628,-3.7467704,623.1096,1.881876,2.1820986e-07,0.3821509455680847,27418.15057182312,505000
42.90901,-0.2277146,-8.792231,0.36018053,1.0,0.999074,0.2685547,0.0042542918,-14.208885,-14.219663,-3.183433,123.688255,0.93143404,1.1273659e-05,2.318971,-2.0704656,30.256313,0.9990673,0.22363281,0.0043514194,-13.653698,-13.663824,-3.2951293,414.40866,1.4245714,1.7767901e-05,42.309097,-0.3008887,-8.820652,0.3672859,1.0,0.9990406,0.20410156,0.0046403375,-13.883006,-13.893035,-3.6239753,125.7232,0.5667799,1.1006347e-06,0.999033,0.1953125,0.004696946,-13.352341,-13.361822,-3.6530101,315.70657,0.7458662,6.330004e-07,0.017202161693572998,27504.161381721497,510000
32.388504,-0.24811143,-8.835509,0.37100017,1.0,0.9990759,0.25195312,0.004238773,-14.172684,-14.183413,-3.1966226,303.5304,0.8971102,3.8801296e-05,1.3330834,-1.4216708,21.12133,0.9990692,0.23144531,0.0043046167,-13.576643,-13.58672,-3.2681088,196.91762,1.0072768,9.783047e-06,40.653717,-0.26467326,-8.865178,0.3784176,1.0,0.9990015,0.19726562,0.0046928334,-13.9093,-13.919391,-3.586322,1252.4739,1.9090359,1.2270834e-06,0.9990072,0.1875,0.004799053,-13.348748,-13.358216,-3.6634927,159.3547,0.886317,3.1395605e-06,0.0171240198135376,27589.781482458115,515000
35.938072,-0.22146568,-8.805039,0.36338285,1.0,0.99906826,0.24414062,0.0042103725,-14.032492,-14.043103,-3.1768475,98.06606,0.71083856,0.000104053164,1.9179488,-0.86622584,19.107786,0.99906445,0.24707031,0.0042512766,-13.488693,-13.498721,-3.2301874,150.95822,0.66632587,6.1916435e-05,43.094414,-0.31449503,-8.891985,0.38511902,1.0,0.9990072,0.18164062,0.0046527237,-13.848187,-13.858239,-3.565206,970.2978,1.6628994,6.5148442e-06,0.99897194,0.17089844,0.004849419,-13.3157215,-13.325217,-3.60078,107.769745,1.0919378,2.2384755e-05,0.017134919357299806,27675.456081867218,520000
39.9655,-0.22002164,-8.8466835,0.3737938,1.0,0.99908066,0.25,0.0042226855,-14.205278,-14.216075,-3.1599822,898.963,1.797457,3.2027365e-05,1.3433353,-0.8693159,21.938118,0.999073,0.24707031,0.004291474,-13.680202,-13.690402,-3.2447257,187.03523,1.3086874,2.9759069e-05,42.867744,-0.23883936,-8.832336,0.37020716,1.0,0.99898624,0.18945312,0.0046827556,-13.802544,-13.812612,-3.5031934,1163.6908,1.5123929,7.5634983e-07,0.9989605,0.17382812,0.0048130136,-13.266919,-13.276389,-3.579808,287.7104,0.99307543,5.112809e-06,0.017151797676086426,27761.215071439743,525000
41.121635,-0.18463783,-8.8339815,0.37061825,1.0,0.99907017,0.25585938,0.004219389,-14.153334,-14.164087,-3.1532695,646.6521,1.4355648,5.966035e-07,1.2440578,-1.2831252,23.376072,0.999074,0.24707031,0.004284127,-13.692207,-13.702439,-3.224788,1036.2317,1.9301972,3.5806366e-05,44.03917,-0.3200185,-8.8811,0.3823979,1.0,0.9990196,0.18457031,0.0046424964,-13.867266,-13.877396,-3.5029738,556.35754,2.060404,1.6633992e-08,0.9990196,0.17480469,0.004736673,-13.395348,-13.404944,-3.5797417,192.00752,1.1558703,2.4174772e-08,0.017222527647018433,27847.327711105347,530000
50.866333,-0.17100906,-8.792362,0.36021358,1.0,0.9990692,0.25,0.0042913677,-14.065131,-14.075722,-3.2306342,96.402756,0.9676943,5.158903e-06,1.1562394,-1.2189702,27.179283,0.99907017,0.22753906,0.004376887,-13.606302,-13.616327,-3.3498757,86.08019,0.85576916,2.5232457e-05,41.802814,-0.3213428,-8.856472,0.3762411,1.0,0.99902344,0.17578125,0.0047049965,-13.908499,-13.918527,-3.6500964,795.2379,1.3147514,4.89555e-09,0.9989958,0.16308594,0.004820534,-13.478342,-13.487917,-3.682899,73.19548,0.8019271,5.806141e-07,0.01929067826271057,27943.78110408783,535000
41.786114,-0.2055181,-8.834173,0.3706662,1.0,0.9990816,0.26464844,0.0042170514,-14.1944065,-14.20517,-3.1834593,92.69354,0.9288377,2.1131844e-05,1.7607291,-1.4045278,23.64973,0.9990778,0.24804688,0.0042871535,-13.717161,-13.727372,-3.2703106,113.19669,1.0552623,1.248326e-06,38.299255,-0.34322497,-8.8920555,0.38513666,1.0,0.9990139,0.20019531,0.0046139834,-13.920556,-13.9307165,-3.526699,323.67267,0.70054626,1.8148585e-09,0.99899006,0.17089844,0.0046999715,-13.444496,-13.4541855,-3.5332475,190.27953,1.1313947,2.2881448e-08,0.023888679075241087,28063.22450184822,540000
31.853031,-0.24468312,-8.816483,0.36624357,1.0,0.99907017,0.2548828,0.0041743154,-14.001707,-14.012326,-3.1388962,149.01733,1.0483143,1.1261688e-05,1.5477276,-1.3315372,20.54622,0.9990711,0.22070312,0.00423153,-13.533101,-13.543225,-3.1757493,302.46988,0.94674075,5.7386974e-06,50.059586,-0.27052397,-8.855838,0.37608248,1.0,0.99902916,0.20703125,0.0046077752,-13.900919,-13.911054,-3.5335202,193.0797,0.85173213,2.9897032e-07,0.9990034,0.1875,0.0046871114,-13.355247,-13.364821,-3.5607195,37.89921,0.46837175,1.3348936e-06,0.023833761072158812,28182.393308401108,545000
36.438286,-0.20092186,-8.832954,0.37036157,1.0,0.99907684,0.2578125,0.004213784,-14.257613,-14.268455,-3.1672301,262.59262,1.385154,1.2962891e-05,1.591889,-0.8110627,18.407997,0.99906254,0.23632812,0.004283213,-13.790075,-13.800364,-3.2652917,218.78264,1.1559563,6.965543e-05,34.184757,-0.3578238,-8.861479,0.37749285,1.0,0.9989977,0.17871094,0.004710329,-13.950793,-13.960972,-3.5377753,931.497,2.0162823,5.0164576e-08,0.998991,0.171875,0.0047855857,-13.449664,-13.459313,-3.5778723,392.74512,1.7770356,3.0132853e-08,0.02394394373893738,28302.113030433655,550000
36.448574,-0.23717017,-8.8384,0.37172282,1.0,0.999073,0.24609375,0.0042562624,-14.133604,-14.144251,-3.2418723,373.7055,1.0474252,1.8615327e-05,0.8361439,-1.2596383,20.531826,0.999073,0.25097656,0.004288919,-13.646403,-13.656544,-3.272846,746.28253,1.4958186,3.765736e-05,43.12033,-0.3040598,-8.86525,0.37843513,1.0,0.9990063,0.21289062,0.004714936,-14.06081,-14.071032,-3.6046262,206.22563,1.1835333,8.190599e-08,0.99899864,0.1875,0.004737952,-13.503988,-13.513649,-3.620672,488.92743,1.2970599,1.6299379e-07,0.0240141074180603,28422.183568954468,555000
41.59597,-0.20207879,-8.850869,0.37484023,1.0,0.999073,0.23828125,0.004290198,-14.0694065,-14.079996,-3.2356868,233.01564,1.111439,1.258709e-05,1.660571,-0.96023566,22.544163,0.9990816,0.21972656,0.004345603,-13.599975,-13.610038,-3.3048682,91.88348,0.8718109,2.1363105e-05,50.53162,-0.23061636,-8.830432,0.36973083,1.0,0.99899864,0.16503906,0.0047935992,-13.880676,-13.89069,-3.6374319,487.8936,1.6222274,2.3063329e-08,0.99898434,0.15820312,0.004869351,-13.432144,-13.44166,-3.6970198,279.2445,1.2224942,5.018867e-09,0.02378806824684143,28541.123913526535,560000
33.973755,-0.257139,-8.81016,0.36466274,1.0,0.999074,0.24316406,0.004229008,-14.24178,-14.2525835,-3.1915298,213.68356,1.0107149,3.7025181e-06,0.8498277,-1.1410462,17.746042,0.9990587,0.22753906,0.004341292,-13.679875,-13.690036,-3.2860327,91.89355,1.035986,4.882546e-07,42.44214,-0.33736986,-8.829248,0.3694353,1.0,0.9990158,0.18261719,0.0046788063,-13.994126,-14.004364,-3.5209053,120.3611,0.9095652,4.7742617e-07,0.9989958,0.18261719,0.0048194537,-13.475601,-13.485328,-3.5246997,215.67448,1.2922525,1.2075145e-06,0.023801373624801635,28660.130786657333,565000
40.289005,-0.21235186,-8.877598,0.38152242,1.0,0.9990797,0.26171875,0.004238708,-14.22212,-14.232904,-3.1893642,850.4781,1.5090001,3.1003674e-05,1.0145072,-0.96285814,22.767662,0.99907494,0.2529297,0.0042908415,-13.578028,-13.588104,-3.2701862,225.3693,0.9394742,3.695345e-05,40.85112,-0.38020897,-8.882179,0.3826676,1.0,0.9990082,0.20996094,0.0046813763,-13.941273,-13.951395,-3.5870492,753.66437,1.1385821,1.02667116e-07,0.9989891,0.18652344,0.004808536,-13.345299,-13.354799,-3.6266127,291.67444,1.1539673,2.3388666e-06,0.023835867023468016,28779.310122966766,570000
36.161686,-0.24566762,-8.841831,0.37258065,1.0,0.999074,0.25976562,0.0042790007,-14.1674,-14.178055,-3.266781,138.42966,0.84213305,1.1131207e-05,1.621527,-1.103534,20.789696,0.99907494,0.24902344,0.0043259272,-13.696653,-13.706818,-3.299952,103.99472,0.8982543,9.130454e-06,42.187523,-0.29177427,-8.885595,0.38352194,1.0,0.99902344,0.18945312,0.004732416,-13.779159,-13.789101,-3.6085825,437.17236,1.4791087,4.0038042e-08,0.99901104,0.18164062,0.0047987895,-13.334631,-13.34412,-3.627837,200.61464,0.8859557,5.872742e-06,0.023803741931915284,28898.32883644104,575000
39.077827,-0.25931007,-8.855047,0.3758849,1.0,0.9990759,0.2548828,0.0042443248,-14.21377,-14.224552,-3.1842854,178.53323,1.0379522,7.27786e-05,1.6955796,-2.5641563,25.989304,0.9990654,0.22363281,0.0042962506,-13.773142,-13.78343,-3.249912,88.00358,0.8223618,3.0366234e-06,55.416843,-0.30684263,-8.900906,0.38734925,1.0,0.99901104,0.20605469,0.0046604564,-13.97541,-13.9856,-3.5509536,585.92694,1.147604,2.8854674e-07,0.99899673,0.16894531,0.0047844173,-13.533352,-13.543114,-3.5463576,356.04602,1.4693224,4.510831e-07,0.02372231059074402,29016.940392255783,580000
42.47934,-0.24370919,-8.818684,0.36679375,1.0,0.9990692,0.25195312,0.0042937724,-14.268416,-14.279158,-3.2806852,211.76433,0.9692296,4.9623427e-06,1.4861653,-1.5816538,22.897808,0.99906445,0.22460938,0.004331318,-13.81097,-13.82124,-3.305171,118.5815,1.0089029,1.6272648e-07,42.113396,-0.3588747,-8.86053,0.3772555,1.0,0.9989958,0.16796875,0.0048520723,-14.022583,-14.032642,-3.7309442,611.81793,1.08316,1.2003036e-09,0.9989948,0.15527344,0.004892901,-13.513784,-13.523313,-3.7668543,228.39423,1.0454161,1.6393535e-07,0.02372302222251892,29135.55550813675,585000
36.381367,-0.21110886,-8.847368,0.37396485,1.0,0.9990711,0.24707031,0.004269293,-14.33079,-14.341627,-3.243071,169.69305,0.917666,8.117294e-06,1.6031204,-1.4752591,22.784111,0.99906826,0.23925781,0.0043384503,-13.759434,-13.769648,-3.3103933,106.86925,0.751184,1.9485416e-05,45.912365,-0.28094023,-8.843981,0.3731181,1.0,0.999033,0.18066406,0.004648853,-13.96989,-13.980041,-3.5860558,446.1055,0.8924495,4.4150684e-06,0.99901485,0.16992188,0.0047168517,-13.495052,-13.504725,-3.59869,1557.9093,2.1743696,2.7965484e-06,0.02370535888671875,29254.082304239273,590000
40.24361,-0.23735596,-8.82613,0.36865556,1.0,0.999073,0.24414062,0.0042370427,-14.257662,-14.268455,-3.216607,152.66725,0.7605411,3.6995357e-06,1.6833589,-1.9915774,28.309809,0.99906445,0.22949219,0.004319205,-13.94055,-13.950968,-3.2833552,105.45755,0.771615,2.7319045e-06,42.303898,-0.3162198,-8.859436,0.37698203,1.0,0.99903584,0.19238281,0.0046966923,-13.845339,-13.855309,-3.6462417,852.44556,1.0410196,4.1925965e-09,0.9990196,0.18066406,0.0047669606,-13.506754,-13.516393,-3.6461291,195.27194,1.3662474,1.333906e-06,0.02371199254989624,29372.642269849777,595000
35.401703,-0.24095842,-8.822503,0.3677487,1.0,0.99907494,0.23242188,0.004204559,-14.367561,-14.378492,-3.184696,270.2571,1.1498365,1.6158976e-06,0.8092247,-1.0197718,18.021343,0.9990654,0.23535156,0.0042230827,-13.810709,-13.821057,-3.2246284,149.43233,0.9012856,2.7399682e-07,45.980698,-0.30268157,-8.840821,0.37232834,1.0,0.99899673,0.1953125,0.0046334276,-14.107153,-14.117552,-3.4680705,754.3108,1.7947875,5.229899e-08,0.9989672,0.18066406,0.004737134,-13.557768,-13.567615,-3.4839578,649.67944,2.0171318,4.3583286e-06,0.024062532329559325,29492.954935073853,600000
39.100334,-0.25626457,-8.867303,0.37894872,1.0,0.999074,0.30566406,0.004131941,-14.176189,-14.187015,-3.1009293,218.07158,1.1675793,3.4504137e-05,1.1108394,-0.88083494,20.862434,0.99907494,0.2734375,0.0041613933,-13.711838,-13.722185,-3.1284766,894.7152,1.8544672,5.8483878e-05,46.109917,-0.34180278,-8.861907,0.37759978,1.0,0.9989929,0.17382812,0.0048615923,-13.858258,-13.868234,-3.6542153,234.98782,1.339973,1.1838586e-08,0.9989548,0.15917969,0.0050107213,-13.407463,-13.416956,-3.696115,235.1433,1.5245788,2.9886497e-08,0.3943030261993408,31464.470068216324,605000
41.390972,-0.24783069,-8.7743435,0.35570875,1.0,0.9990635,0.24804688,0.0043092803,-14.313782,-14.324577,-3.269412,138.94368,0.9959093,2.4471801e-06,1.3801982,-1.09044,21.717617,0.9990587,0.23242188,0.004363948,-13.863561,-13.873848,-3.340176,80.70508,0.6674702,2.0628127e-06,46.840717,-0.2944104,-8.847906,0.37409976,1.0,0.9990368,0.19140625,0.0046612755,-13.9756,-13.985742,-3.6003242,675.1601,1.1026165,7.2749238e-09,0.99901295,0.17578125,0.0047503444,-13.430937,-13.440499,-3.647803,92.48669,0.7468906,1.162237e-06,0.017172278833389284,31550.331464529037,610000
45.156414,-0.19354334,-8.814743,0.36580884,1.0,0.99907684,0.2783203,0.004192243,-14.084478,-14.095166,-3.1498032,331.3044,1.6274401,1.2628765e-05,0.96740115,-1.3104957,22.218323,0.9990759,0.23925781,0.0042363815,-13.6721115,-13.682315,-3.2335851,134.38446,1.191978,2.448275e-06,50.61345,-0.26322666,-8.880226,0.38217938,1.0,0.9990082,0.1953125,0.0046472787,-13.727171,-13.737157,-3.5121658,282.76578,1.1576364,3.2870637e-06,0.9990034,0.18261719,0.0047022733,-13.354338,-13.363885,-3.5883043,168.45857,0.981249,2.3172e-06,0.017141340112686157,31636.038166046143,615000
32.906647,-0.23110287,-8.825536,0.36850694,1.0,0.9990635,0.24511719,0.004173686,-14.204712,-14.2155285,-3.1396089,239.45134,0.83421004,1.9965275e-05,1.0834482,-0.90449774,19.116516,0.99906445,0.24121094,0.0042112796,-13.711033,-13.721332,-3.1755176,102.49145,0.8672812,6.1111394e-05,38.58981,-0.34025872,-8.840557,0.37226227,1.0,0.9990349,0.18457031,0.0047235824,-13.861214,-13.871141,-3.704598,472.17136,1.1262406,7.899616e-08,0.9990244,0.16992188,0.0048028515,-13.389293,-13.398728,-3.736281,154.63303,0.9209204,1.6618293e-08,0.022384117984771728,31747.958757400513,620000
35.46301,-0.21261296,-8.800795,0.3623215,1.0,0.9990816,0.28027344,0.004147911,-14.447286,-14.458369,-3.1080132,996.9335,1.8336909,2.1980139e-05,2.5973854,-1.0717698,22.49951,0.9990835,0.26171875,0.004199072,-13.934217,-13.944722,-3.187253,114.12216,1.138231,2.302699e-05,53.951996,-0.21038008,-8.859564,0.37701377,1.0,0.9989939,0.20117188,0.004649834,-14.068909,-14.0792055,-3.5364132,560.3931,0.91001594,8.408043e-07,0.99897957,0.18652344,0.00477921,-13.646641,-13.656455,-3.6069899,86.85931,0.7119342,8.981243e-07,0.024166089534759523,31868.78920674324,625000
45.643276,-0.15873328,-8.814565,0.36576426,1.0,0.99907494,0.24804688,0.004205539,-14.224768,-14.235591,-3.152262,1615.939,1.8774283,2.3211469e-05,2.0877244,-2.0106666,26.362896,0.99907684,0.234375,0.0042726854,-13.751928,-13.762202,-3.2411885,88.69138,0.79638857,9.0477915e-05,44.818542,-0.29847646,-8.854796,0.37582225,1.0,0.99902534,0.20703125,0.0046659675,-14.006418,-14.016621,-3.5693944,1623.4236,2.258071,2.1134299e-07,0.99901295,0.18554688,0.0047472157,-13.416825,-13.426408,-3.614516,161.80484,0.9504359,3.0330995e-07,0.02227694206237793,31980.17392015457,630000
31.49255,-0.28046843,-8.827392,0.36897093,1.0,0.9990673,0.23925781,0.004296768,-14.3541765,-14.364994,-3.2879748,1363.9974,1.7243278,9.26393e-06,1.0335939,-0.8548414,17.092937,0.99906635,0.23632812,0.0043096794,-13.873198,-13.883525,-3.309013,422.19785,1.2351065,3.2997825e-05,43.712784,-0.34582245,-8.865157,0.3784123,1.0,0.9989805,0.20214844,0.004598866,-14.207537,-14.218045,-3.4567058,286.9307,1.0671196,2.5557208e-06,0.99894714,0.19824219,0.004694549,-13.770008,-13.780103,-3.4431229,554.5039,1.3824611,1.3549262e-06,0.02393923363685608,32099.870090007782,635000
36.711975,-0.21954042,-8.820675,0.3672915,1.0,0.99907494,0.24511719,0.004305347,-14.167459,-14.178074,-3.307139,69.62562,0.7125802,6.9838907e-06,0.8417525,-1.0964024,18.446098,0.99906635,0.22265625,0.004333255,-13.752297,-13.7625,-3.3163424,173.49121,0.9636333,4.690113e-06,45.401352,-0.30627435,-8.825708,0.36854994,1.0,0.9990101,0.18652344,0.0047776904,-13.957211,-13.967222,-3.7143872,428.0222,0.99529636,5.14359e-10,0.9990063,0.16992188,0.004888409,-13.43813,-13.447565,-3.7864552,58.75805,0.61544615,4.9985974e-08,0.02398921890258789,32219.81618642807,640000
43.1137,-0.22603002,-8.835446,0.37098458,1.0,0.99908257,0.27441406,0.004136798,-14.263686,-14.274608,-3.0913887,91.58139,0.7078428,1.9421226e-05,1.461974,-1.8628384,25.261066,0.9990759,0.26757812,0.0042035226,-13.734937,-13.745273,-3.1616988,56.305527,0.65948236,1.1443442e-05,47.885487,-0.27020723,-8.839032,0.371881,1.0,0.99901485,0.18945312,0.0048713856,-14.007977,-14.018,-3.754548,868.17737,1.302007,2.7273875e-10,0.99900055,0.17871094,0.0049505252,-13.590197,-13.599802,-3.7628937,135.505,1.1250043,6.438173e-09,0.023892808961868284,32339.280232429504,645000
36.11006,-0.21113943,-8.845136,0.37340695,1.0,0.9990778,0.2529297,0.004184978,-14.335192,-14.34614,-3.134644,201.37871,1.0242078,1.1690252e-05,1.4182299,-0.8413512,20.794304,0.99907684,0.21875,0.004263424,-13.834382,-13.844754,-3.2242517,123.46563,0.9440999,3.2212134e-05,46.20449,-0.2558086,-8.88375,0.3830604,1.0,0.9989872,0.18554688,0.0047700573,-13.945096,-13.955236,-3.5709345,721.9218,1.4972323,6.210564e-08,0.9989691,0.15917969,0.0049629933,-13.43265,-13.442222,-3.6402636,510.99634,2.8279412,2.63052e-07,0.02377325716018677,32458.146522045135,650000
34.085716,-0.23467273,-8.808168,0.3641649,1.0,0.999073,0.2421875,0.004261257,-14.412069,-14.42301,-3.2200952,163.26578,0.95026964,6.2983366e-07,1.5565345,-1.1721011,23.764606,0.9990635,0.22265625,0.004290134,-13.955028,-13.965501,-3.2416987,569.50824,1.418256,2.4782274e-05,53.39843,-0.29093602,-8.8535795,0.3755179,1.0,0.99902916,0.18261719,0.004728546,-14.125013,-14.135241,-3.6621914,820.96246,1.4140432,2.2048596e-09,0.99901676,0.17382812,0.0048307735,-13.616158,-13.625847,-3.7044184,110.37042,1.1106918,3.6019756e-08,0.023713776016235352,32576.71540403366,655000
41.05414,-0.24290365,-8.85022,0.37467778,1.0,0.9990959,0.26757812,0.004101165,-14.567825,-14.579102,-3.0330362,304.22766,1.1968118,8.01108e-06,1.0732869,-1.5227433,22.608158,0.9990864,0.24902344,0.0042000413,-14.0664215,-14.0771,-3.1431456,78.22346,1.021514,2.9931823e-06,46.545307,-0.28580868,-8.860127,0.3771548,1.0,0.99900436,0.18847656,0.0047579454,-14.009895,-14.0200615,-3.6105223,214.5727,0.87347716,2.6611632e-08,0.9989939,0.15820312,0.00483171,-13.494476,-13.5041065,-3.6424975,83.50351,0.73964,1.2963439e-08,0.023752396488189696,32695.477391719818,660000
37.654495,-0.23606782,-8.834373,0.37071645,1.0,0.9990854,0.25878906,0.0041584973,-14.415702,-14.42675,-3.1132178,198.84209,1.2334242,3.869277e-05,1.6442829,-2.5969033,25.438671,0.9990835,0.24707031,0.0042309207,-13.9632845,-13.973808,-3.1973157,123.82262,1.3525858,9.549399e-06,45.915234,-0.25725433,-8.868271,0.37919086,1.0,0.9990177,0.1875,0.004700782,-13.981312,-13.991435,-3.6248994,112.71125,0.55976355,2.0567141e-07,0.99897766,0.15917969,0.0048398264,-13.503981,-13.513581,-3.6821856,83.376816,0.7303617,6.827843e-08,0.024239618349075318,32816.675484895706,665000
38.905125,-0.21280596,-8.839321,0.37195337,1.0,0.9990835,0.25976562,0.004228241,-14.269386,-14.280179,-3.2275085,244.38968,0.9963958,1.3484931e-05,1.7350087,-1.4382043,22.701653,0.9990816,0.2421875,0.004260639,-13.78054,-13.790839,-3.2439666,133.32552,1.1137843,4.54814e-05,42.71676,-0.27086347,-8.878292,0.38169593,1.0,0.99899673,0.18652344,0.004824276,-13.91272,-13.922679,-3.7246802,852.42236,0.9277678,7.234547e-09,0.9989872,0.16992188,0.004874754,-13.445047,-13.454539,-3.7345295,57.49677,0.7195877,2.6737911e-08,0.02475153136253357,32940.43314409256,670000
43.235836,-0.17177045,-8.841318,0.37245244,1.0,0.99907684,0.25683594,0.004180976,-14.424066,-14.435063,-3.1732035,140.78691,0.97880936,1.1603349e-05,2.560312,-1.9431946,26.58679,0.99907494,0.22460938,0.004280116,-13.843271,-13.8535595,-3.3194277,85.809105,0.7675662,4.2185948e-05,50.271408,-0.28495735,-8.859945,0.3771096,1.0,0.9989786,0.1796875,0.0048483503,-14.208966,-14.219277,-3.6607232,2082.0325,2.0823834,1.72183e-05,0.99897385,0.16894531,0.0048816586,-13.755725,-13.765567,-3.6874332,55.90037,0.7890822,1.803339e-05,0.02468125410079956,33063.83941602707,675000
32.21604,-0.26306137,-8.803818,0.36307728,1.0,0.99907494,0.23828125,0.0042870864,-14.314457,-14.325286,-3.236193,479.1265,1.1462412,2.2089716e-06,0.96863157,-0.9762349,19.016798,0.99906445,0.21582031,0.0043491167,-13.820061,-13.83035,-3.2937722,705.7445,1.7642692,5.9934277e-06,46.903137,-0.31214964,-8.881548,0.38250983,1.0,0.99897003,0.18359375,0.004776422,-14.137537,-14.147835,-3.6031847,112.95417,0.84779084,7.058031e-08,0.99894714,0.17285156,0.0049041864,-13.676931,-13.686774,-3.6072845,113.38956,0.85906965,9.1795116e-08,0.024787802028656006,33187.77842783928,680000
32.958984,-0.25209972,-8.808539,0.36425775,1.0,0.9990835,0.2705078,0.004164689,-14.38928,-14.400297,-3.1186752,205.6965,1.2693627,3.685128e-05,0.9180787,-1.5148164,18.850256,0.9990778,0.2548828,0.004214886,-13.765722,-13.776071,-3.179191,112.46242,1.0975232,2.448197e-05,51.817867,-0.29231414,-8.850914,0.37485123,1.0,0.9989958,0.18359375,0.0046869093,-14.083775,-14.094068,-3.553681,149.68263,0.6313081,2.8529428e-08,0.99899197,0.17773438,0.004711224,-13.456348,-13.465987,-3.5970256,81.14784,0.5327576,9.099529e-09,0.03133550901412964,33344.45597410202,685000
42.43157,-0.21102172,-8.816234,0.3661815,1.0,0.9990835,0.2578125,0.004144516,-14.508392,-14.519516,-3.1296337,250.67996,1.4250927,1.3346193e-05,1.2919036,-1.0954486,22.656212,0.99908257,0.21289062,0.004251302,-13.848841,-13.859213,-3.2390928,97.91107,0.95535827,2.47689e-05,53.287823,-0.32782352,-8.871168,0.379915,1.0,0.9990072,0.18359375,0.0047285035,-14.140041,-14.150356,-3.5872405,559.84534,1.6608224,1.1267617e-09,0.9989948,0.15722656,0.0047953892,-13.507977,-13.5176735,-3.5889592,297.1237,1.3604844,9.623546e-07,0.03203303689956665,33504.6211605072,690000
40.715958,-0.26404405,-8.855207,0.37592474,1.0,0.99907684,0.24414062,0.004245772,-14.232954,-14.2437315,-3.2077165,120.51829,0.7815298,2.7320582e-06,1.7993299,-1.6553516,26.426477,0.999074,0.23242188,0.004315368,-13.701559,-13.711768,-3.256628,146.53491,0.8693818,2.9302378e-06,42.534058,-0.31667978,-8.876306,0.3811993,1.0,0.99902344,0.1875,0.004733446,-14.023691,-14.03386,-3.6204913,932.211,1.5526505,2.85144e-09,0.9989853,0.17382812,0.004824556,-13.49112,-13.500748,-3.6420636,85.65473,0.86730194,5.0738165e-09,0.03201359443664551,33664.68913650513,695000
32.95111,-0.30214804,-8.819005,0.36687422,1.0,0.9990654,0.28515625,0.0042176917,-14.239035,-14.249865,-3.160132,230.60434,1.2670411,1.5514104e-05,1.0509329,-1.4324949,23.17562,0.9990721,0.24804688,0.004270576,-13.742554,-13.7528515,-3.2084515,97.28574,1.1844324,2.6236903e-05,51.076088,-0.25983852,-8.868191,0.37917072,1.0,0.9989948,0.19042969,0.004745059,-13.9550495,-13.965158,-3.614423,227.8094,0.84779775,2.9305978e-08,0.9989805,0.1796875,0.0048598386,-13.502111,-13.511691,-3.7016118,73.091484,0.7416495,3.5980324e-07,0.032000743532180784,33824.69285750389,700000
28.99978,-0.25531173,-8.786788,0.3588199,1.0,0.999074,0.2685547,0.0041773138,-14.460846,-14.471924,-3.1272333,142.27167,1.1330285,4.345753e-06,1.2439973,-1.90012,17.96954,0.9990692,0.234375,0.004287877,-13.875853,-13.886237,-3.2511601,312.51285,1.1079147,8.721779e-07,48.533157,-0.31765974,-8.820316,0.36720216,1.0,0.99896526,0.18554688,0.0048605753,-14.22414,-14.234529,-3.5962014,1256.505,2.2542956,3.2232276e-08,0.99895954,0.17285156,0.0048161256,-13.70978,-13.719663,-3.60019,246.04445,1.4986323,1.4073471e-07,0.33693544130325315,35509.37006735802,705000
45.062374,-0.21051088,-8.839808,0.37207502,1.0,0.99908257,0.26367188,0.0041960496,-14.357967,-14.368895,-3.1803021,316.69232,1.5480182,2.180474e-05,1.3838714,-1.443455,24.71654,0.99907684,0.25390625,0.0042671743,-13.784408,-13.794703,-3.2520103,269.07312,1.4968174,2.4785559e-05,50.54924,-0.28722695,-8.841273,0.37244147,1.0,0.9990082,0.19042969,0.004712954,-14.00647,-14.016644,-3.598475,177.17609,1.0916802,1.3968939e-08,0.9989929,0.1875,0.004851926,-13.395123,-13.404606,-3.6938858,194.1062,1.0507271,3.015677e-08,0.024989723777770995,35634.31869149208,710000
38.777103,-0.24700776,-8.800005,0.3621242,1.0,0.999073,0.2578125,0.0042578606,-14.213674,-14.224416,-3.2240736,256.55237,0.9113817,8.558453e-07,1.7905147,-1.5762794,22.665413,0.9990711,0.24023438,0.0043296204,-13.680362,-13.690502,-3.3068123,87.17416,0.9626386,2.2840909e-07,44.8955,-0.29352584,-8.873184,0.3804188,1.0,0.99901485,0.17480469,0.004740316,-13.907955,-13.918007,-3.6244953,198.87793,0.8514808,3.142688e-08,0.99899864,0.16699219,0.004839966,-13.420716,-13.430238,-3.6808424,207.47307,0.96613324,2.3130644e-08,0.025001220989227295,35759.32479786873,715000
37.5744,-0.20501763,-8.836739,0.37130764,1.0,0.9990778,0.28027344,0.004141746,-14.3839855,-14.395012,-3.1040277,444.55066,1.0666002,8.0744474e-05,1.3296092,-1.1261857,20.80083,0.999073,0.2578125,0.0041735824,-13.8714905,-13.881949,-3.1728432,150.20786,0.690854,8.359265e-05,44.76481,-0.29387167,-8.847548,0.3740098,1.0,0.9989824,0.19628906,0.0047260216,-14.155662,-14.166,-3.5790524,510.54968,1.6555946,8.659081e-09,0.99896526,0.18261719,0.0047977706,-13.755524,-13.7654295,-3.622227,310.89395,1.5231187,2.549941e-06,0.024989606380462645,35884.27283287048,720000
43.026405,-0.19497168,-8.807191,0.3639207,1.0,0.99907017,0.24804688,0.004259616,-14.142606,-14.153279,-3.2241187,279.26727,1.0017315,5.0908297e-05,1.3865428,-1.4547361,24.251972,0.99906826,0.23242188,0.0043232744,-13.658155,-13.668274,-3.3066359,97.58509,1.015945,3.5021443e-05,42.30686,-0.33498192,-8.852367,0.37521473,1.0,0.999033,0.18652344,0.0047565144,-13.994268,-14.004267,-3.7645278,314.2996,0.89307976,2.0796982e-09,0.9990225,0.17675781,0.0048212446,-13.613031,-13.622647,-3.7755806,272.50046,1.4426132,6.7479584e-07,0.02186746039390564,35993.61013674736,725000
37.250946,-0.26609215,-8.79336,0.36046278,1.0,0.9990864,0.265625,0.0042077955,-14.538146,-14.549288,-3.1389651,285.12546,1.7222793,5.0540555e-05,1.0773579,-4.1444736,22.460485,0.99907875,0.265625,0.0042717867,-13.9745865,-13.985095,-3.2236683,85.29102,0.985767,7.477067e-06,40.82493,-0.3459818,-8.863199,0.3779227,1.0,0.9989815,0.19042969,0.0047007482,-14.139486,-14.149948,-3.4373088,846.4283,2.1394606,1.1113392e-08,0.99897194,0.17285156,0.004756087,-13.5905075,-13.600389,-3.4832153,1122.3201,2.5571685,6.2239855e-07,0.022341578817367553,36105.31803512573,730000
34.454132,-0.22024678,-8.820936,0.3673569,1.0,0.999074,0.25683594,0.0041763904,-14.418932,-14.429945,-3.1532755,368.4355,1.3525994,3.5922865e-05,0.8074664,-0.5855175,14.390341,0.99907684,0.23144531,0.0042509576,-13.876188,-13.886591,-3.2333002,108.395676,0.9184184,3.8549388e-05,38.1138,-0.37694907,-8.851169,0.37491524,1.0,0.9990158,0.16992188,0.00479644,-14.096302,-14.106441,-3.725296,396.01688,0.8530825,3.404686e-08,0.9989948,0.16308594,0.004892443,-13.582121,-13.5917635,-3.718154,497.7592,1.1964189,5.0083507e-08,0.02492524833679199,36229.94427847862,735000
35.846554,-0.25458765,-8.8445835,0.3732689,1.0,0.999073,0.2607422,0.00417462,-14.223408,-14.234234,-3.1484244,204.05954,1.0613332,6.5371314e-06,1.2229056,-1.4854679,22.824226,0.9990711,0.23339844,0.0042106505,-13.688843,-13.699121,-3.1741426,82.29162,0.8997842,0.00010320021,35.092022,-0.34608713,-8.871189,0.37992024,1.0,0.9990282,0.19042969,0.00473125,-14.009352,-14.019471,-3.6569972,950.5283,1.1055409,1.5545916e-09,0.9990015,0.17382812,0.004859329,-13.464671,-13.474264,-3.6502116,293.12027,1.6610968,1.853742e-08,0.02493802032470703,36354.63438129425,740000
36.763878,-0.22823295,-8.833666,0.37053913,1.0,0.9990635,0.25390625,0.004289083,-14.231415,-14.242159,-3.2416136,244.58554,0.8213763,9.365965e-06,1.7157516,-1.1891125,22.741539,0.99906826,0.22851562,0.004343644,-13.663787,-13.673907,-3.3112197,40.62647,0.58556616,1.7133614e-05,49.784336,-0.24242347,-8.854931,0.37585562,1.0,0.99901295,0.21386719,0.0046197963,-13.996463,-14.006704,-3.520197,146.52316,0.9316285,1.5900946e-06,0.9990158,0.20019531,0.004655632,-13.564974,-13.574752,-3.5633454,363.32785,1.277986,1.3116092e-07,0.024927809143066405,36479.273428201675,745000
31.868076,-0.2684401,-8.825724,0.368554,1.0,0.99908257,0.25390625,0.0041527627,-14.409428,-14.420431,-3.1531408,466.24066,1.3149631,0.00012640074,0.8208975,-0.8345683,18.5888,0.9990797,0.24609375,0.0041831927,-13.870906,-13.881359,-3.1777027,167.11249,1.0191147,0.00010808298,41.07682,-0.30256286,-8.857877,0.3765921,1.0,0.99900436,0.17089844,0.0047156326,-13.904363,-13.914442,-3.5931587,46785.44,28.323277,2.95136e-07,0.9989834,0.16503906,0.0048412085,-13.373907,-13.383375,-3.6893883,160.66621,1.092148,5.9538515e-08,0.02496469020843506,36604.09688329697,750000
43.38776,-0.18386902,-8.838425,0.3717293,1.0,0.999074,0.234375,0.0042485925,-14.319738,-14.33061,-3.1985211,262.9777,1.3016595,5.7794555e-06,2.3095233,-2.3376257,27.756744,0.99907017,0.21972656,0.004327783,-13.765673,-13.775894,-3.3101664,179.14084,1.0839692,3.3583314e-05,45.226902,-0.33101207,-8.82733,0.3689555,1.0,0.999033,0.1953125,0.004522566,-14.220903,-14.231448,-3.433094,388.34552,1.0337542,1.2660907e-06,0.99902153,0.17480469,0.004632433,-13.646763,-13.656707,-3.4742365,346.10483,1.824261,7.6544575e-07,0.024967122077941894,36728.932495594025,755000
33.788223,-0.26278841,-8.837016,0.37137705,1.0,0.99909115,0.27246094,0.004112865,-14.436743,-14.447877,-3.046968,133.60007,1.3538461,3.22425e-05,3.5243294,-1.7285109,21.466137,0.99908733,0.24804688,0.004174694,-13.896944,-13.907496,-3.1012452,140.00758,1.3574321,1.4847831e-05,46.30834,-0.29907733,-8.864876,0.37834173,1.0,0.9990015,0.20214844,0.0046719788,-14.068771,-14.079083,-3.521091,1800.8398,2.540276,1.541335e-07,0.9989996,0.18457031,0.0047578863,-13.541867,-13.551576,-3.6110446,516.6039,1.3714979,5.9927413e-10,0.025041109561920166,36854.13804650307,760000
39.184425,-0.21994409,-8.874652,0.38078588,1.0,0.99906063,0.23925781,0.004338498,-14.268534,-14.279219,-3.3368113,199.66385,0.7817488,1.7427861e-05,0.889407,-1.2315716,21.00233,0.9990673,0.2109375,0.004337918,-13.685127,-13.69524,-3.341024,94.38033,0.7336729,2.0461322e-05,40.836655,-0.34201166,-8.877856,0.38158703,1.0,0.9990063,0.19628906,0.004749563,-14.098295,-14.108518,-3.6401577,170.12465,0.93686664,1.4716776e-06,0.9990034,0.17578125,0.00478656,-13.503878,-13.513525,-3.6358404,342.2132,1.3437817,4.3648276e-07,0.02633154821395874,36985.79578900337,765000
37.32563,-0.19840777,-8.832201,0.37017334,1.0,0.999074,0.26367188,0.0041937437,-14.271112,-14.282007,-3.127339,133.80165,0.8949038,4.17484e-06,1.7910146,-1.2734758,23.352758,0.99906445,0.23730469,0.0042405557,-13.725456,-13.735764,-3.180809,234.52371,1.0567608,1.1448719e-06,42.98149,-0.34113315,-8.884643,0.3832837,1.0,0.99901676,0.1953125,0.0046239034,-14.114921,-14.125278,-3.517729,164.04004,0.80977404,2.1413107e-06,0.99901104,0.16210938,0.004729173,-13.66272,-13.672564,-3.5923903,920.05927,1.5100027,1.239506e-06,0.03224690828323364,37147.03033399582,770000
42.456573,-0.24599649,-8.866958,0.37886232,1.0,0.9990778,0.24414062,0.0043155868,-14.511341,-14.522294,-3.3056002,297.8034,1.2925849,1.0916707e-06,1.1323318,-1.9421879,26.309872,0.99907494,0.21679688,0.0043670656,-13.930506,-13.9408245,-3.3725266,130.83783,1.028228,8.735268e-06,39.118782,-0.36419165,-8.888447,0.38423485,1.0,0.9990206,0.19824219,0.0046915514,-14.226458,-14.236847,-3.5986857,549.7625,1.2854328,5.9061466e-07,0.9990053,0.1875,0.004724592,-13.69274,-13.702632,-3.573037,147.61,1.194597,1.8430482e-07,0.03236165852546692,37308.83863091469,775000
38.70343,-0.19848233,-8.817389,0.36647025,1.0,0.999073,0.25976562,0.004173125,-14.3920145,-14.402999,-3.1551259,238.88704,0.90441245,6.7651727e-06,2.5451806,-2.6766055,26.766205,0.999074,0.24121094,0.0042295307,-13.898798,-13.909238,-3.2186356,281.91507,0.93662703,1.7574e-05,43.26421,-0.30051,-8.834581,0.37076855,1.0,0.99898624,0.19726562,0.0047910577,-14.021096,-14.031239,-3.645798,134.01965,0.564561,2.8098657e-07,0.99897766,0.17480469,0.004937813,-13.474184,-13.483757,-3.6816344,198.43018,1.0541247,1.0273876e-08,0.03190598421096802,37468.36855554581,780000
42.555832,-0.19671951,-8.799072,0.36189094,1.0,0.9990864,0.2607422,0.0042143464,-14.4893055,-14.500378,-3.1622972,410.44324,1.4881942,1.807336e-06,1.4177485,-1.4649968,24.859894,0.99908066,0.24414062,0.004258668,-14.000604,-14.011153,-3.2083683,276.02252,1.5270244,1.145057e-05,36.366573,-0.33001116,-8.844969,0.37336528,1.0,0.99901867,0.20214844,0.004648385,-14.025248,-14.035455,-3.582715,474.68573,1.039431,1.6138755e-06,0.9990206,0.1875,0.0047142003,-13.488623,-13.498287,-3.6002603,637.52527,1.5334828,1.6330926e-06,0.024362736701965333,37590.18224024773,785000
46.4026,-0.15945162,-8.814882,0.3658437,1.0,0.9990854,0.2578125,0.004292359,-14.295909,-14.306707,-3.2484941,134.91437,0.98220265,9.177647e-06,1.4203023,-1.359603,23.86794,0.99908066,0.23925781,0.004342983,-13.7127285,-13.722908,-3.2986507,270.39078,1.4078223,6.7753e-05,44.97248,-0.27426264,-8.853179,0.37541783,1.0,0.9990349,0.19433594,0.004633104,-14.057701,-14.067978,-3.5440295,299.80667,1.3513129,4.3877068e-07,0.99902344,0.17871094,0.004726312,-13.543263,-13.552948,-3.6353245,650.3871,1.9449996,3.698786e-07,0.024363479375839235,37711.99964094162,790000
43.79177,-0.20768684,-8.804346,0.36320937,1.0,0.999073,0.24804688,0.0042385794,-14.385664,-14.396593,-3.205327,465.5207,1.4963567,1.380055e-06,1.5698467,-2.4979005,30.6614,0.999074,0.24609375,0.004268905,-13.902266,-13.912652,-3.275764,448.39404,1.5122502,7.6707016e-07,51.372665,-0.28193396,-8.932647,0.39528462,1.0,0.99903584,0.1953125,0.0046951696,-13.998234,-14.008377,-3.622957,132.25473,0.5661092,2.3850328e-06,0.99900913,0.1875,0.0048073893,-13.595791,-13.605501,-3.6613264,250.78362,1.076868,5.586196e-06,0.024758001947402953,37835.78965187073,795000
33.08495,-0.27024308,-8.802026,0.3626294,1.0,0.99906635,0.2529297,0.004255605,-14.410767,-14.42169,-3.2359538,206.12056,1.0429522,3.1093286e-06,0.9686285,-1.0217094,19.54153,0.9990654,0.24414062,0.004324961,-13.992637,-14.003089,-3.3008962,137.30307,0.8495517,1.1993207e-05,40.80703,-0.2980129,-8.858287,0.37669477,1.0,0.99901295,0.18945312,0.004708631,-14.131147,-14.141454,-3.5879312,275.91315,0.9896431,7.0686815e-06,0.9990015,0.17480469,0.0047627757,-13.565662,-13.575397,-3.607986,256.42517,0.9141083,4.655383e-07,0.02477450017929077,37959.66215610504,800000
36.168396,-0.25999954,-8.83234,0.37020802,1.0,0.9990721,0.2421875,0.004219019,-14.480902,-14.491968,-3.1615262,1172.6136,1.9729385,4.468026e-05,1.2763401,-2.1384864,20.528824,0.99906826,0.22363281,0.0042759,-14.044781,-14.05537,-3.2128046,115.521194,1.3342755,3.83753e-05,53.287537,-0.2749458,-8.863728,0.37805483,1.0,0.9990196,0.19628906,0.004695972,-14.129549,-14.139792,-3.650721,563.2054,1.2216071,2.253689e-08,0.9990101,0.18164062,0.004788571,-13.61047,-13.620176,-3.680902,98.790535,0.937503,1.0289682e-08,0.3831824065685272,39875.57419204712,805000
38.50527,-0.23232499,-8.797016,0.361377,1.0,0.99907875,0.2421875,0.0042625237,-14.574889,-14.586008,-3.199792,166.10376,1.1624563,1.8609745e-06,1.1589564,-1.3404957,21.856272,0.999074,0.23339844,0.0043286136,-13.941025,-13.951461,-3.2655745,158.2251,1.1699164,2.193474e-05,51.223186,-0.29613876,-8.832079,0.37014264,1.0,0.9990263,0.18457031,0.00485716,-14.313227,-14.323571,-3.7303832,482.2504,1.2123549,1.8115964e-10,0.999012,0.17480469,0.0048952606,-13.720412,-13.730166,-3.7422202,206.80408,1.1827606,7.242368e-07,0.018568467473983764,39968.41653084755,810000
39.353558,-0.20892346,-8.807222,0.36392862,1.0,0.99906826,0.23144531,0.004339306,-14.192619,-14.203243,-3.3251033,80.35069,0.5902915,5.9453095e-07,1.632203,-2.906432,25.396458,0.99905586,0.22070312,0.0043582465,-13.65324,-13.663277,-3.384966,139.1268,0.6891641,1.5046152e-05,47.33341,-0.2959428,-8.878178,0.38166732,1.0,0.999012,0.1953125,0.004651905,-14.224666,-14.2350645,-3.5855703,3890.2092,2.4832823,4.322999e-07,0.9989853,0.19140625,0.004728209,-13.699934,-13.709775,-3.6345296,225.89885,0.9084513,3.1004322e-07,0.01851652684211731,40060.99916934967,815000
40.84001,-0.21074532,-8.831226,0.36992973,1.0,0.999074,0.26464844,0.004232005,-14.460664,-14.47167,-3.2012835,302.76282,1.1062055,5.2612028e-05,1.5160322,-1.9946809,26.324747,0.99907494,0.24316406,0.0043011657,-14.019351,-14.029843,-3.2855864,80.68141,0.81956196,1.0078887e-05,43.578636,-0.31328768,-8.878134,0.3816563,1.0,0.99901485,0.2109375,0.004752202,-14.010006,-14.0201025,-3.6815112,110.50482,0.38239115,9.541951e-10,0.9990072,0.17578125,0.0048239734,-13.488177,-13.49774,-3.7060237,86.75554,0.5100144,2.9447727e-07,0.018416261291503908,40153.08047747612,820000
32.0961,-0.2502347,-8.8264675,0.36873978,1.0,0.999074,0.26757812,0.004245991,-14.281526,-14.292331,-3.2276433,162.75168,0.7987835,3.2080527e-05,2.764722,-3.927197,24.043734,0.99906826,0.23242188,0.00430848,-13.7879505,-13.798213,-3.2880144,94.36076,0.8117607,3.2241765e-05,54.095177,-0.28109747,-8.844582,0.3732681,1.0,0.999012,0.19238281,0.004772567,-14.052595,-14.062746,-3.66844,240.40239,0.94832385,9.133166e-07,0.9990034,0.17773438,0.0048717572,-13.607579,-13.617201,-3.7644978,100.434006,0.7130891,1.9151999e-08,0.01845891671180725,40245.375064373016,825000
27.988287,-0.28980017,-8.867101,0.37889808,1.0,0.9990711,0.25390625,0.0042025526,-14.55146,-14.562587,-3.1701336,187.50844,0.79119,1.7035107e-05,1.2383277,-0.7786509,20.163902,0.9990711,0.22753906,0.0042720134,-13.847141,-13.8575115,-3.2401147,79.55773,0.7099175,1.1885008e-05,52.70611,-0.2828173,-8.852158,0.3751624,1.0,0.9990225,0.18359375,0.0047785323,-14.235365,-14.245707,-3.6572762,1147.1401,1.8723905,4.160039e-10,0.9990206,0.15917969,0.004851315,-13.575813,-13.585448,-3.7179317,229.2161,1.303881,3.716111e-07,0.0231663724899292,40361.20692849159,830000
31.765337,-0.28117096,-8.851133,0.37490627,1.0,0.9990854,0.28222656,0.004158723,-14.509291,-14.520443,-3.100235,488.89362,1.7251301,1.5897967e-05,0.97148263,-1.0931909,17.34592,0.99907494,0.26953125,0.004204002,-13.978056,-13.988678,-3.1111689,245.04596,1.9162416,2.3654322e-06,40.573708,-0.39430287,-8.863869,0.3780902,1.0,0.9990263,0.16992188,0.0047938824,-14.148777,-14.158959,-3.7328243,469.28458,0.7599516,8.3727e-09,0.9990206,0.16210938,0.0048541296,-13.5239105,-13.5335,-3.7140677,260.1026,1.395962,1.3253152e-06,0.024931689071655272,40485.86537528038,835000
37.665115,-0.2020047,-8.846206,0.37367442,1.0,0.9990778,0.25195312,0.004158891,-14.492467,-14.503571,-3.1343439,60.117336,0.7242112,2.0854104e-05,2.707922,-3.0411644,25.290268,0.999074,0.26660156,0.0042171106,-13.925837,-13.936318,-3.202744,48.296883,0.6813562,2.7559188e-06,42.67806,-0.33383942,-8.878057,0.38163722,1.0,0.99903107,0.17675781,0.0047782892,-14.319363,-14.32972,-3.7231681,107.970604,0.67310965,8.6732427e-10,0.9990196,0.16113281,0.004844493,-13.71955,-13.729318,-3.727943,741.7687,1.4873056,3.892659e-08,0.024924531412124633,40610.488033771515,840000
38.943665,-0.25419155,-8.878107,0.3816498,1.0,0.9990759,0.27246094,0.0041131647,-14.648975,-14.660328,-3.0345564,286.42477,1.3735456,2.9966226e-05,1.7304363,-1.5893326,27.970253,0.9990778,0.2685547,0.0041447054,-14.173493,-14.184388,-3.0288658,640.24695,1.9562443,3.0861513e-05,47.73944,-0.34394708,-8.814006,0.36562443,1.0,0.99901485,0.19824219,0.0046479087,-14.113867,-14.124176,-3.5680237,449.73727,0.9923139,7.4153995e-08,0.99899197,0.17480469,0.004818106,-13.712776,-13.722676,-3.5850627,343.81677,2.265702,8.521653e-08,0.02493644733428955,40735.170273303986,845000
37.10338,-0.2836931,-8.8105345,0.36475658,1.0,0.99908257,0.2861328,0.004114573,-14.571445,-14.582719,-3.0392125,192.2999,1.057466,3.5489168e-06,1.1301782,-1.6245844,21.141384,0.99907684,0.2626953,0.004164289,-14.009542,-14.020215,-3.0925975,326.31393,1.4131675,8.502147e-06,46.679432,-0.32129773,-8.825487,0.3684947,1.0,0.99899006,0.20410156,0.0047783973,-14.164598,-14.174835,-3.6926913,457.6981,0.9086802,9.1946945e-10,0.9989586,0.18652344,0.0049502733,-13.710326,-13.720079,-3.7321703,600.336,1.4473653,5.9594186e-08,0.03007337145805359,40885.53713226318,850000
34.745533,-0.2612183,-8.849134,0.3744064,1.0,0.999073,0.25683594,0.004107541,-14.5775795,-14.5888,-3.098208,88.82419,0.84113765,3.8345814e-05,1.1027344,-0.9566566,22.629925,0.99907017,0.25976562,0.004163351,-13.957127,-13.967685,-3.1557164,95.63732,0.72498834,1.5480333e-05,48.41871,-0.27534896,-8.859064,0.3768891,1.0,0.9990139,0.18847656,0.004695795,-14.06986,-14.080055,-3.640726,658.32294,1.3879507,1.6857368e-07,0.9990063,0.16894531,0.0047896216,-13.461668,-13.471225,-3.6853943,124.82501,0.89411217,1.8626702e-06,0.027828355741500853,41024.67891216278,855000
39.62992,-0.20711347,-8.822421,0.36772832,1.0,0.9990759,0.27246094,0.0042008325,-14.460975,-14.472048,-3.1327193,192.65857,0.9400972,4.014493e-05,0.95973814,-2.0018296,21.039042,0.9990692,0.2265625,0.0042600697,-13.971764,-13.982297,-3.196224,243.16519,1.2742767,4.4593585e-07,46.592854,-0.3394416,-8.863371,0.37796563,1.0,0.9990349,0.18847656,0.004755168,-14.149067,-14.159267,-3.7148666,1113.1503,1.2415912,1.9197852e-09,0.99902916,0.17578125,0.0047533726,-13.612028,-13.621734,-3.6830368,94.555565,0.79924035,4.7396227e-08,0.02467734899520874,41148.065658807755,860000
34.82016,-0.25059453,-8.825673,0.36854127,1.0,0.9990816,0.26171875,0.0041252524,-14.749033,-14.760447,-3.0723138,280.70728,1.2492428,2.5651165e-10,1.0187595,-2.10371,22.652775,0.99908733,0.24804688,0.0041684425,-14.183563,-14.194393,-3.1041222,90.557434,1.0832217,1.2024646e-05,49.880775,-0.3183813,-8.835397,0.37097225,1.0,0.9989891,0.19335938,0.0048061507,-14.365717,-14.376182,-3.6613111,508.90808,1.23951,1.9006428e-09,0.9989548,0.1796875,0.004977489,-13.786343,-13.796275,-3.6248326,466.98892,1.980972,3.2742205e-06,0.024696306467056273,41271.547194719315,865000
31.969154,-0.26760325,-8.804722,0.36330342,1.0,0.9990778,0.26171875,0.0041945484,-14.623504,-14.634675,-3.1954834,152.2462,0.8301693,2.1404972e-05,0.67979515,-1.0171186,16.973385,0.9990759,0.25,0.0042390088,-13.963816,-13.974312,-3.2253985,154.847,0.80700994,8.375628e-06,38.862312,-0.37557334,-8.879606,0.38202453,1.0,0.9990053,0.19335938,0.0047190473,-14.28641,-14.296843,-3.6137085,561.47504,1.773335,6.194468e-10,0.9989853,0.16992188,0.0048249494,-13.741242,-13.751153,-3.6022518,840.3472,2.66766,1.0063609e-06,0.024669662952423097,41394.8955116272,870000
41.166862,-0.20247355,-8.84145,0.37248564,1.0,0.9990883,0.2861328,0.004020961,-14.592424,-14.603779,-2.97645,229.85649,1.6123517,2.6303995e-05,1.691358,-1.7825779,26.669071,0.9990883,0.25195312,0.004090729,-14.137308,-14.14814,-3.056901,540.9711,1.4809611,4.2641557e-05,47.44716,-0.27845648,-8.846508,0.37375003,1.0,0.9990158,0.19921875,0.0046290755,-14.3111925,-14.321718,-3.5427964,1389.8973,2.2796612,2.1096201e-07,0.9990082,0.18359375,0.004727464,-13.855742,-13.865745,-3.6245298,505.78632,1.8276913,4.909441e-07,0.02469915146827698,41518.39127135277,875000
36.60656,-0.31068,-8.826818,0.36882764,1.0,0.9990845,0.2734375,0.0042314767,-14.595554,-14.606648,-3.2452142,328.4421,1.1762333,3.4705502e-06,1.6842605,-0.9143025,21.005716,0.99908066,0.24414062,0.0042966027,-13.967312,-13.977757,-3.2806165,188.89944,1.445685,8.154055e-06,41.25099,-0.34928855,-8.859678,0.37704268,1.0,0.9990053,0.1875,0.0046889507,-14.206939,-14.217303,-3.6038265,376.075,0.7716556,1.5545724e-07,0.9989996,0.17578125,0.004729397,-13.6785965,-13.688436,-3.6136267,103.47982,0.8120692,8.888611e-07,0.02475162215232849,41642.14938497543,880000
37.33194,-0.23161379,-8.819006,0.36687452,1.0,0.99907017,0.2529297,0.0042255474,-14.32427,-14.335149,-3.1953216,154.42339,0.94320005,1.4268151e-06,2.520018,-1.5383483,24.994926,0.99906445,0.22167969,0.004307353,-13.831547,-13.841869,-3.2706492,203.73587,1.0900822,3.8094222e-06,38.7435,-0.3517933,-8.857155,0.3764117,1.0,0.99902153,0.16894531,0.0047564628,-14.102985,-14.113149,-3.7062361,228.30624,0.7202774,6.667107e-08,0.9990072,0.16015625,0.00485095,-13.619976,-13.629673,-3.699839,156.64406,1.0342215,2.6963495e-05,0.025078411722183228,41767.54144692421,885000
39.340027,-0.22456656,-8.85862,0.37677807,1.0,0.99907017,0.25878906,0.004208652,-14.497929,-14.5089445,-3.2280293,302.12424,0.8694054,2.3289263e-06,1.0273728,-1.5835083,23.106209,0.9990711,0.23144531,0.0042439993,-13.925459,-13.935887,-3.2550383,64.69972,0.6469785,4.4579854e-05,41.351597,-0.3726133,-8.899127,0.38690463,1.0,0.9990263,0.171875,0.004691418,-14.128227,-14.138514,-3.6062698,10761.113,8.567665,1.2422383e-08,0.9989996,0.16503906,0.004817332,-13.598082,-13.607842,-3.6127572,529.76135,1.7039267,2.2832045e-07,0.02471435012817383,41891.11319947243,890000
43.41381,-0.20247309,-8.833675,0.37054202,1.0,0.99908733,0.25,0.0041810703,-14.70141,-14.712688,-3.165123,280.51312,1.4899082,2.2763037e-07,1.7309656,-1.3822207,27.835506,0.9990864,0.23730469,0.004256108,-14.085905,-14.096509,-3.2385833,219.3444,1.5563786,1.5403139e-05,44.112854,-0.391169,-8.828391,0.3692207,1.0,0.9990101,0.17675781,0.0047371173,-14.228865,-14.239186,-3.6699848,214.77599,0.8910093,1.250723e-09,0.99897766,0.17480469,0.004899734,-13.7351265,-13.744953,-3.6831174,84.78857,1.272174,1.1811752e-07,0.02478951816558838,42015.060792684555,895000
40.20089,-0.24444488,-8.852588,0.37526983,1.0,0.9990835,0.2529297,0.0041839173,-14.628729,-14.640005,-3.0929482,655.47437,1.7552857,2.972533e-06,1.4103175,-3.0212884,24.632036,0.9990797,0.23828125,0.004232822,-14.02447,-14.035076,-3.1753323,274.9,1.3280319,3.6040306e-06,53.82527,-0.3446805,-8.886011,0.38362575,1.0,0.9989729,0.18945312,0.004714745,-14.108766,-14.119074,-3.5627418,486.00885,1.207673,1.4852567e-08,0.9989357,0.16601562,0.004859562,-13.621095,-13.6309,-3.5906506,134.52174,0.83796996,3.5134542e-07,0.02484334444999695,42139.27751636505,900000
39.728516,-0.2329318,-8.832626,0.37027955,1.0,0.9990864,0.27734375,0.004150786,-14.713165,-14.724538,-3.0795183,786.81866,1.8433063,1.7782193e-05,1.8668375,-1.2786801,24.598635,0.9990845,0.25585938,0.0041903253,-14.085449,-14.096158,-3.129242,161.22008,1.4336262,6.055365e-05,44.452286,-0.2835111,-8.8808775,0.3823423,1.0,0.99902344,0.19238281,0.004629078,-14.151355,-14.161745,-3.5233006,938.60675,1.9322677,2.0415769e-07,0.99901867,0.17871094,0.0046999347,-13.607288,-13.617092,-3.5767035,163.26164,0.90062433,4.961822e-06,0.2825945080280304,43552.250059604645,905000
33.564537,-0.23803791,-8.815472,0.36599082,1.0,0.99909115,0.28808594,0.003976067,-14.811287,-14.822917,-2.914009,122.00347,1.1044223,1.3676371e-06,1.1339252,-1.1906742,20.292446,0.9990835,0.25683594,0.004041918,-14.390724,-14.40188,-2.9787889,170.97041,1.4788744,8.0399805e-06,50.840603,-0.24608639,-8.851034,0.37488168,1.0,0.99903107,0.1796875,0.004772057,-14.20405,-14.214299,-3.719387,436.9929,1.4733444,2.1571378e-10,0.99902534,0.15332031,0.004868527,-13.766477,-13.776221,-3.7978237,124.173065,0.69728386,2.9821354e-08,0.01666601676940918,43635.58014464378,910000
41.185104,-0.18403189,-8.837003,0.37137362,1.0,0.999074,0.2578125,0.004188349,-14.577071,-14.588245,-3.145003,227.36119,1.3446233,1.51365e-06,1.5852356,-1.8617686,24.952625,0.9990673,0.24316406,0.004292275,-13.961733,-13.972185,-3.270523,476.13248,1.6763797,1.4608384e-05,42.513687,-0.3432396,-8.857132,0.37640607,1.0,0.99901867,0.18164062,0.004769611,-14.078814,-14.088964,-3.6941762,3857.4697,2.8018112,1.978748e-08,0.9990063,0.17675781,0.0048897746,-13.463663,-13.473214,-3.6934228,226.83134,1.6225002,1.3429347e-07,0.011239218950271607,43691.776242733,915000
49.2446,-0.1724138,-8.816639,0.36628285,1.0,0.9990711,0.27539062,0.0042298296,-14.541616,-14.552691,-3.212041,253.02077,1.3972963,2.036628e-05,1.9929818,-1.550982,26.603611,0.99906445,0.23339844,0.0043095243,-14.049118,-14.059583,-3.344324,120.21656,0.86193466,5.6003796e-06,42.935413,-0.33400315,-8.882718,0.38280258,1.0,0.9989929,0.20898438,0.0047544995,-14.516787,-14.5274315,-3.627619,511.11383,1.8209386,3.7772847e-09,0.99897194,0.19335938,0.004827042,-13.939377,-13.949457,-3.6275449,1112.5491,2.9333987,1.3682447e-10,0.009721799850463867,43740.385243177414,920000
36.980766,-0.24337348,-8.8217535,0.36756155,1.0,0.9990778,0.25585938,0.0041796546,-14.542717,-14.553874,-3.1285217,662.8285,1.7079647,4.027039e-05,1.4499283,-3.2594707,24.009838,0.9990673,0.22265625,0.0042533632,-14.018387,-14.028943,-3.2188287,254.31622,1.1996527,2.591074e-05,37.373817,-0.34557956,-8.8356,0.37102306,1.0,0.999012,0.21972656,0.0046071135,-14.235031,-14.245564,-3.4584117,1035.9282,1.9855468,1.7674662e-05,0.99901104,0.17578125,0.004663187,-13.68654,-13.696512,-3.4840138,583.6919,1.5524683,9.741877e-06,0.009710340023040772,43788.9369456768,925000
31.847988,-0.27425483,-8.811707,0.3650497,1.0,0.9990835,0.28125,0.004172194,-14.815156,-14.826578,-3.1306186,408.87585,1.588485,1.478467e-07,1.893361,-0.91981125,21.093412,0.9990778,0.2529297,0.004231077,-14.311085,-14.32194,-3.20535,63.041397,0.9213786,1.1623305e-07,52.2793,-0.26590714,-8.88274,0.3828078,1.0,0.9989939,0.1796875,0.004686638,-14.272907,-14.283377,-3.5628872,288.30447,1.085057,1.3589384e-07,0.9989977,0.17285156,0.0047708848,-13.696878,-13.706777,-3.5715604,2265.9502,3.4034145,1.6451752e-07,0.009772456979751588,43837.799231529236,930000
39.825546,-0.24436098,-8.843807,0.37307468,1.0,0.9990778,0.28222656,0.004078284,-14.737874,-14.74932,-3.0283182,212.45605,1.499318,2.0577954e-05,1.2810879,-1.1045915,24.589554,0.99906826,0.2578125,0.004137966,-14.180006,-14.19084,-3.096692,131.45009,1.1801062,1.653258e-05,44.372833,-0.3195302,-8.852922,0.37535346,1.0,0.9990063,0.18945312,0.0046541295,-14.28299,-14.293485,-3.547178,10520.898,6.0813465,6.771779e-07,0.99897957,0.16894531,0.004779432,-13.694727,-13.704607,-3.58756,372.57056,1.5196321,2.8320386e-07,0.009547652387619019,43885.53749489784,935000
35.201134,-0.26387247,-8.791828,0.36008,1.0,0.9990835,0.24707031,0.00418496,-14.48321,-14.494327,-3.109897,967.8058,1.841635,1.15513004e-07,1.3194151,-0.82852304,17.581728,0.99908257,0.24414062,0.004227966,-13.981775,-13.99234,-3.1741223,87.62658,1.2614731,1.034908e-05,42.630524,-0.3039382,-8.858894,0.37684667,1.0,0.9990053,0.17871094,0.0047617853,-14.131539,-14.141772,-3.6630065,352.90857,1.2082255,6.0034445e-08,0.9989958,0.16894531,0.0047964305,-13.590617,-13.600316,-3.6691513,237.90613,1.0315777,3.1814938e-07,0.014334971618652343,43957.2123568058,940000
40.12903,-0.24237934,-8.825669,0.36854017,1.0,0.99908257,0.26660156,0.004123125,-14.699887,-14.711224,-3.1038396,792.3453,1.8450406,1.1496078e-05,1.6067306,-1.4888678,24.952023,0.9990845,0.25585938,0.0041681645,-14.256076,-14.266909,-3.173758,276.89905,1.2546475,9.603556e-06,47.496094,-0.31040326,-8.8084345,0.3642316,1.0,0.99902344,0.18554688,0.0047129663,-14.035316,-14.045449,-3.6702628,2559.2932,2.0970206,1.5471663e-06,0.99899864,0.18164062,0.0047695413,-13.623767,-13.633489,-3.679198,333.29727,1.0528738,1.5880373e-07,0.015786005783081054,44036.14238667488,945000
35.89328,-0.28423616,-8.821186,0.36741933,1.0,0.999074,0.25195312,0.004273963,-14.589181,-14.600265,-3.2506044,397.6933,1.1391451,9.889147e-06,1.8746412,-1.0282528,21.396824,0.999073,0.24121094,0.004346139,-14.000948,-14.011372,-3.3378048,77.56118,0.79224074,3.24767e-05,43.6935,-0.31912637,-8.870159,0.3796627,1.0,0.99901676,0.18066406,0.0046553314,-14.314403,-14.324917,-3.5576727,114.11313,0.9458235,2.2089926e-06,0.9989939,0.18164062,0.004781194,-13.807871,-13.817847,-3.600092,211.8404,1.4095724,2.6659603e-07,0.01577148995399475,44114.99983906746,950000
31.631115,-0.2690258,-8.816673,0.36629128,1.0,0.99907494,0.25683594,0.004265647,-14.620644,-14.631794,-3.2136598,1254.1143,1.970724,3.0684182e-06,1.3751671,-1.0607777,21.364302,0.9990711,0.25390625,0.0043022884,-14.047757,-14.05828,-3.282824,107.22497,0.880394,5.3556028e-06,47.855263,-0.2781511,-8.89253,0.38525563,1.0,0.9990339,0.19433594,0.00466429,-14.127009,-14.137301,-3.5991468,1345.4855,1.645732,2.3779432e-07,0.999032,0.16601562,0.0047628633,-13.595804,-13.605513,-3.6661606,3059.0388,5.0087495,1.0948663e-06,0.01578363823890686,44193.91803216934,955000
45.0857,-0.21183157,-8.842662,0.3727886,1.0,0.9990902,0.27148438,0.004101055,-14.670295,-14.681635,-3.0691705,246.0834,1.5071518,5.7391164e-05,2.2293856,-1.9580734,26.925041,0.9990864,0.26367188,0.0041706776,-14.099292,-14.109991,-3.154962,113.38837,1.3079724,4.918441e-06,41.95777,-0.33144236,-8.819775,0.36706668,1.0,0.9990225,0.18261719,0.0046251602,-14.225641,-14.236052,-3.57551,341.4963,1.0208575,4.678634e-09,0.99901295,0.17480469,0.004732223,-13.730898,-13.740825,-3.57715,483.3732,1.9856693,2.1837474e-07,0.0157557035446167,44272.69655132294,960000
42.575577,-0.23693094,-8.844868,0.37334,1.0,0.9990816,0.2763672,0.0041470835,-14.607086,-14.618326,-3.1078312,346.65662,1.3018534,5.5536343e-06,2.0011935,-1.6649463,32.69003,0.99909306,0.24902344,0.004177652,-14.000731,-14.011353,-3.1360393,193.02124,1.1758242,1.2110256e-05,51.78852,-0.2757469,-8.833389,0.37047035,1.0,0.9990072,0.19824219,0.0046673566,-14.398556,-14.409207,-3.5023108,268.7255,1.0619605,3.4430855e-08,0.9990139,0.19335938,0.004730326,-13.767544,-13.777479,-3.6038907,82.690674,0.97121453,1.6584484e-07,0.015733488702774048,44351.363998413086,965000
41.437233,-0.25369412,-8.8433485,0.37296015,1.0,0.9990797,0.27246094,0.0041568717,-14.661041,-14.672287,-3.157215,217.73618,0.842379,3.3835448e-05,1.794563,-1.3189137,24.779491,0.99907875,0.25097656,0.0042201923,-14.137728,-14.148439,-3.1789045,38.51777,0.75580907,2.0542375e-06,47.91497,-0.3437255,-8.854172,0.37566596,1.0,0.99901295,0.18359375,0.00479762,-14.245525,-14.255821,-3.7129343,250.06023,0.7400838,1.5842392e-07,0.9989462,0.15625,0.0049578287,-13.78043,-13.790278,-3.7048945,215.94234,0.8834251,1.8738449e-06,0.015788885402679444,44430.30842709541,970000
35.85261,-0.23182547,-8.818628,0.36678,1.0,0.9990854,0.27734375,0.0041589714,-14.60129,-14.612514,-3.1191926,309.8785,1.062201,2.6525197e-05,1.1435634,-2.2729409,25.75713,0.9990797,0.24316406,0.004212247,-14.069464,-14.08012,-3.1665778,244.39015,1.035097,2.0296748e-05,39.894875,-0.37321842,-8.841312,0.3724509,1.0,0.9990301,0.18652344,0.004633609,-14.117977,-14.12827,-3.587047,682.92255,1.0517771,7.637062e-10,0.9990177,0.17871094,0.0047258083,-13.594338,-13.604083,-3.626466,141.4767,0.9606841,1.2467881e-09,0.015776561880111693,44509.19123983383,975000
38.41588,-0.23465341,-8.837821,0.3715782,1.0,0.99909306,0.28222656,0.004083059,-14.882878,-14.8944645,-3.0292728,104.12432,1.0425379,2.7281737e-06,3.6115813,-1.8793857,27.62548,0.99909115,0.26757812,0.0041077263,-14.256996,-14.267896,-3.106932,132.80922,0.8543299,4.1493727e-06,34.89351,-0.36833543,-8.827528,0.369005,1.0,0.999012,0.17480469,0.004690718,-14.363092,-14.373633,-3.5794768,304.24625,1.1039876,2.6549971e-09,0.9990034,0.17480469,0.0047359713,-13.697211,-13.707108,-3.572962,105.24907,0.90402305,9.847184e-08,0.015735970640182496,44587.871094465256,980000
40.86869,-0.20771283,-8.827274,0.36894146,1.0,0.99906635,0.26367188,0.004263919,-14.496183,-14.507227,-3.1983314,144.21432,0.97965443,4.4138014e-06,1.309119,-1.3470471,23.24685,0.9990654,0.21972656,0.0043149344,-13.962771,-13.973222,-3.2725613,463.94708,1.1823938,5.125207e-05,50.023216,-0.30399528,-8.881407,0.38247454,1.0,0.9990072,0.19238281,0.004704291,-14.106401,-14.116698,-3.5724192,1765.4628,1.891474,1.1088952e-09,0.9990015,0.18164062,0.004795888,-13.583503,-13.593234,-3.628559,188.49832,0.884408,7.456132e-08,0.015808253288269042,44666.91236424446,985000
40.719566,-0.26094222,-8.839762,0.37206328,1.0,0.9990883,0.2607422,0.004213077,-14.640783,-14.651974,-3.192927,342.63382,1.273911,2.5832364e-06,1.1230551,-1.6989379,24.97787,0.9990778,0.25585938,0.00425083,-14.127424,-14.138056,-3.2518382,469.0752,1.178741,3.4297504e-06,46.11947,-0.2875728,-8.894163,0.38566348,1.0,0.99901676,0.1796875,0.0048463726,-14.4549,-14.465351,-3.764267,137.63712,0.8435595,4.9480544e-09,0.99898815,0.17578125,0.0049211425,-13.938017,-13.947949,-3.7777405,469.00763,1.2962064,2.0627369e-05,0.015732131910324097,44745.573024988174,990000
37.6848,-0.22764751,-8.8585205,0.37675312,1.0,0.999073,0.27539062,0.004165337,-14.65923,-14.670476,-3.1561804,107.82429,0.9509766,1.10787205e-05,1.604987,-1.2658534,26.403711,0.99906826,0.25390625,0.004231683,-14.086065,-14.096698,-3.209054,340.87286,1.7018789,2.296841e-05,54.337807,-0.2360856,-8.846172,0.37366593,1.0,0.9990225,0.18945312,0.004709509,-14.180929,-14.191266,-3.6050742,783.314,1.8286828,3.8360824e-08,0.9990263,0.16503906,0.0047411094,-13.740357,-13.750259,-3.6100106,748.18665,2.079849,1.9446848e-06,0.015731503009796144,44824.23054242134,995000
33.652332,-0.26303226,-8.819431,0.36698073,1.0,0.99908257,0.26953125,0.004127873,-14.815616,-14.827142,-3.0232508,303.1114,1.4464047,4.079003e-07,1.4402207,-2.8068569,21.760048,0.99908066,0.25585938,0.00416594,-14.291061,-14.302029,-3.0713801,171.84717,1.0482788,1.2449941e-05,45.57248,-0.3167529,-8.925278,0.39344266,1.0,0.999032,0.20019531,0.0047099916,-14.18729,-14.1976385,-3.600291,582.6897,1.5992752,1.3013606e-08,0.99902534,0.17480469,0.004740094,-13.641703,-13.651526,-3.5917096,256.8699,1.4206698,6.858055e-07,0.015738145065307615,44902.92127275467,1000000
