agent,configuration,seed,phase,actor,alpha,has_real_alpha,ess_mean,ess_std,saturation_mass_mean,saturation_mass_std,fraction_clipped_mean,fraction_clipped_std,top5_mass_mean,top5_mass_std,entropy_mean,entropy_std
CRL,0,0,926500,actor,18.649499779567122,True,0.279514,0.027188,0.929018,0.020644,0.25,0.023219,0.175666,0.018248,4.301744,0.099635
CRL,0,1,926500,actor,18.649499779567122,True,0.480155,0.045032,0.988176,0.007159,0.471875,0.045733,0.098991,0.009553,4.813316,0.094601
CRL,0,2,926500,actor,18.649499779567122,True,0.270562,0.029839,0.924381,0.023708,0.241016,0.026368,0.181659,0.01965,4.267266,0.112312
CRL,0,3,926500,actor,18.649499779567122,True,0.319075,0.013225,0.943004,0.014216,0.292578,0.009993,0.15126,0.006219,4.429801,0.043291
CRL,0,4,926500,actor,18.649499779567122,True,0.319386,0.020501,0.944805,0.017659,0.29375,0.022158,0.151467,0.010754,4.430077,0.063484
CRL,1,0,926500,actor,11.976409675553441,True,0.267221,0.024368,0.900256,0.031036,0.228516,0.022116,0.186166,0.01818,4.272792,0.088931
CRL,1,1,926500,actor,11.976409675553441,True,0.265199,0.026119,0.902805,0.026017,0.227734,0.027869,0.188028,0.020429,4.264494,0.092474
CRL,1,2,926500,actor,11.976409675553441,True,0.264445,0.023778,0.902854,0.026447,0.227734,0.028351,0.187964,0.019373,4.259613,0.083315
CRL,1,3,926500,actor,11.976409675553441,True,0.260124,0.021354,0.890485,0.017182,0.219531,0.019986,0.19144,0.016233,4.248311,0.080677
CRL,1,4,926500,actor,11.976409675553441,True,0.264913,0.017469,0.910466,0.025457,0.230078,0.020707,0.186582,0.01395,4.265772,0.058215
CRL,2,0,926500,actor,3.6428943648934364,True,0.135144,0.014855,0.680007,0.082068,0.075391,0.018602,0.434078,0.056981,3.774448,0.08101
CRL,2,1,926500,actor,3.6428943648934364,True,0.133394,0.016812,0.644298,0.136781,0.068359,0.020024,0.45182,0.063169,3.764109,0.127229
CRL,2,2,926500,actor,3.6428943648934364,True,0.128055,0.01297,0.673327,0.064721,0.070312,0.013021,0.456593,0.056104,3.725045,0.079093
CRL,2,3,926500,actor,3.6428943648934364,True,0.134855,0.016845,0.660326,0.094133,0.073047,0.022101,0.442365,0.072214,3.781315,0.097062
CRL,2,4,926500,actor,3.6428943648934364,True,0.132496,0.011054,0.624187,0.07252,0.065625,0.013755,0.455227,0.05529,3.769866,0.069128
CRL,3,0,926500,actor,26.953439209610224,True,0.301533,0.029559,0.964288,0.008577,0.285547,0.027771,0.159631,0.01531,4.361973,0.095697
CRL,3,1,926500,actor,26.953439209610224,True,0.303364,0.029368,0.964046,0.011249,0.287109,0.030383,0.158872,0.015685,4.368009,0.094094
CRL,3,2,926500,actor,26.953439209610224,True,0.29963,0.029677,0.964083,0.015746,0.283594,0.030157,0.160867,0.01608,4.35703,0.095221
CRL,3,3,926500,actor,26.953439209610224,True,0.299475,0.032973,0.964051,0.013751,0.283203,0.030772,0.161257,0.017446,4.355949,0.10332
CRL,3,4,926500,actor,26.953439209610224,True,0.301138,0.03083,0.964415,0.011893,0.284375,0.028634,0.160439,0.01643,4.362368,0.099688
CRL,4,0,926500,actor,22.570297541096807,True,0.282644,0.027539,0.952001,0.022354,0.262109,0.023398,0.17152,0.016242,4.303806,0.090299
CRL,4,1,926500,actor,22.570297541096807,True,0.278601,0.032639,0.948713,0.020397,0.258203,0.033372,0.174564,0.020605,4.288244,0.110057
CRL,4,2,926500,actor,22.570297541096807,True,0.274039,0.017855,0.952602,0.015639,0.254688,0.014937,0.175896,0.011184,4.272927,0.065418
CRL,4,3,926500,actor,22.570297541096807,True,0.302598,0.030022,0.94668,0.01805,0.279297,0.033716,0.160639,0.016339,4.371786,0.095044
CRL,4,4,926500,actor,22.570297541096807,True,0.293633,0.026007,0.94403,0.03142,0.269531,0.027001,0.165452,0.014865,4.344176,0.089187
CRL,5,0,926500,actor,6.745249098166823,True,0.219748,0.020637,0.84708,0.043087,0.171484,0.022055,0.234168,0.024793,4.114947,0.086987
CRL,5,1,926500,actor,6.745249098166823,True,0.220149,0.019857,0.850401,0.03975,0.172266,0.020707,0.233707,0.023548,4.117888,0.083864
CRL,5,2,926500,actor,6.745249098166823,True,0.220414,0.021645,0.844036,0.037081,0.170703,0.017474,0.233818,0.024523,4.115376,0.090131
CRL,5,3,926500,actor,6.745249098166823,True,0.219976,0.020733,0.852068,0.031138,0.172656,0.020898,0.233795,0.023874,4.114914,0.086113
CRL,5,4,926500,actor,6.745249098166823,True,0.221738,0.019885,0.845018,0.029515,0.172656,0.020489,0.23179,0.023131,4.121259,0.082391
CRL,6,0,926500,actor,7.578683886677027,True,0.219765,0.018959,0.808571,0.037121,0.160547,0.018364,0.237992,0.019925,4.123152,0.077584
CRL,6,1,926500,actor,7.578683886677027,True,0.194096,0.018833,0.819846,0.047835,0.143359,0.016372,0.270473,0.026596,4.00716,0.094186
CRL,6,2,926500,actor,7.578683886677027,True,0.240726,0.017953,0.859655,0.038721,0.190625,0.009709,0.211815,0.013148,4.201908,0.075694
CRL,6,3,926500,actor,7.578683886677027,True,0.235444,0.027183,0.829098,0.030035,0.178125,0.022189,0.221232,0.028127,4.182694,0.106929
CRL,6,4,926500,actor,7.578683886677027,True,0.234334,0.016026,0.861594,0.034131,0.186328,0.019922,0.218327,0.017347,4.178337,0.059642
CRL,7,0,926500,actor,21.766338385641575,True,0.297349,0.028271,0.959804,0.018818,0.279297,0.029362,0.162551,0.015669,4.351633,0.092067
CRL,7,1,926500,actor,21.766338385641575,True,0.29704,0.02621,0.957662,0.014855,0.277734,0.026586,0.16289,0.014798,4.353668,0.086243
CRL,7,2,926500,actor,21.766338385641575,True,0.296654,0.026141,0.956333,0.016057,0.277344,0.028168,0.162943,0.014523,4.351571,0.084345
CRL,7,3,926500,actor,21.766338385641575,True,0.295584,0.031023,0.95452,0.012843,0.275391,0.029706,0.164139,0.017335,4.347068,0.101726
CRL,7,4,926500,actor,21.766338385641575,True,0.29813,0.021231,0.941728,0.02072,0.272656,0.021928,0.162746,0.012195,4.361861,0.070894
CRL,8,0,926500,actor,19.270585030317307,True,0.280862,0.024441,0.93208,0.028537,0.253516,0.020041,0.17336,0.01545,4.301171,0.090699
CRL,8,1,926500,actor,19.270585030317307,True,0.289239,0.03535,0.946381,0.005833,0.266406,0.033187,0.169012,0.022421,4.326588,0.123559
CRL,8,2,926500,actor,19.270585030317307,True,0.274092,0.026095,0.945697,0.024994,0.252344,0.024924,0.1772,0.017981,4.274015,0.097548
CRL,8,3,926500,actor,19.270585030317307,True,0.289167,0.029229,0.938074,0.036117,0.263281,0.031799,0.168902,0.018558,4.330757,0.097792
CRL,8,4,926500,actor,19.270585030317307,True,0.286784,0.024221,0.935894,0.019168,0.260156,0.023953,0.169955,0.016547,4.323866,0.080589
CRL,9,0,926500,actor,10.945854987949133,True,0.258275,0.020592,0.905599,0.0261,0.223047,0.019871,0.191449,0.014846,4.238479,0.081268
CRL,9,1,926500,actor,10.945854987949133,True,0.258248,0.02094,0.909791,0.023285,0.223438,0.018579,0.19193,0.014883,4.240141,0.082983
CRL,9,2,926500,actor,10.945854987949133,True,0.256936,0.020667,0.912661,0.022707,0.223828,0.019229,0.192253,0.015063,4.233325,0.082276
CRL,9,3,926500,actor,10.945854987949133,True,0.257615,0.021091,0.900195,0.025747,0.220703,0.018529,0.192245,0.014681,4.235871,0.082738
CRL,9,4,926500,actor,10.945854987949133,True,0.257482,0.020414,0.914543,0.020175,0.224609,0.017877,0.191871,0.014701,4.236169,0.081761
CRL,10,0,926500,actor,4.2495601158589125,True,1.0,0.0,0.0,0.0,0.0,0.0,0.046875,0.0,5.545177,0.0
CRL,10,1,926500,actor,4.2495601158589125,True,1.0,0.0,0.0,0.0,0.0,0.0,0.046875,0.0,5.545177,0.0
CRL,10,2,926500,actor,4.2495601158589125,True,1.0,0.0,1.0,0.0,1.0,0.0,0.046875,0.0,5.545177,0.0
CRL,10,3,926500,actor,4.2495601158589125,True,1.0,0.0,0.0,0.0,0.0,0.0,0.046875,0.0,5.545177,0.0
CRL,10,4,926500,actor,4.2495601158589125,True,1.0,0.0,0.0,0.0,0.0,0.0,0.046875,0.0,5.545177,0.0
CRL,11,0,926500,actor,25.937761897221208,True,0.293952,0.027874,0.962117,0.017666,0.276953,0.02453,0.164047,0.015625,4.337291,0.097499
CRL,11,1,926500,actor,25.937761897221208,True,0.303339,0.034484,0.953011,0.015502,0.283594,0.035286,0.159764,0.020227,4.36602,0.115148
CRL,11,2,926500,actor,25.937761897221208,True,0.286688,0.027536,0.962955,0.015868,0.270312,0.024965,0.168372,0.01706,4.312622,0.099031
CRL,11,3,926500,actor,25.937761897221208,True,0.30194,0.027889,0.96021,0.012269,0.283984,0.029177,0.159919,0.015517,4.36673,0.088158
CRL,11,4,926500,actor,25.937761897221208,True,0.299814,0.021224,0.962627,0.017551,0.282812,0.02294,0.160476,0.01293,4.361378,0.067539
CRL,12,0,926500,actor,29.507834818214178,True,0.30268,0.031486,0.967756,0.01529,0.287891,0.028885,0.158939,0.015351,4.362448,0.100887
CRL,12,1,926500,actor,29.507834818214178,True,0.316367,0.029814,0.959719,0.010898,0.297266,0.029431,0.15268,0.015349,4.410143,0.095046
CRL,12,2,926500,actor,29.507834818214178,True,0.310227,0.021549,0.960093,0.013894,0.292188,0.022235,0.154766,0.011069,4.39291,0.068289
CRL,12,3,926500,actor,29.507834818214178,True,0.311523,0.02533,0.96207,0.015297,0.294141,0.025386,0.154262,0.012387,4.395059,0.08219
CRL,12,4,926500,actor,29.507834818214178,True,0.326353,0.01781,0.964477,0.010751,0.309766,0.018873,0.146403,0.00839,4.439794,0.055107
CRL,13,0,926500,actor,0.33436909317970276,True,0.514002,0.120186,0.0,0.0,0.0,0.0,0.19267,0.036828,5.275901,0.074628
CRL,13,1,926500,actor,0.33436909317970276,True,0.52425,0.118768,0.0,0.0,0.0,0.0,0.186827,0.033631,5.284931,0.066674
CRL,13,2,926500,actor,0.33436909317970276,True,0.538748,0.11883,0.0,0.0,0.0,0.0,0.182978,0.033479,5.291444,0.068563
CRL,13,3,926500,actor,0.33436909317970276,True,0.515767,0.110113,0.0,0.0,0.0,0.0,0.192078,0.034288,5.277741,0.06822
CRL,13,4,926500,actor,0.33436909317970276,True,0.498005,0.115212,0.0,0.0,0.0,0.0,0.196108,0.035585,5.266986,0.072935
CRL,14,0,926500,actor,14.530640775337815,True,0.273122,0.028767,0.907616,0.023732,0.237109,0.027869,0.181653,0.021555,4.286049,0.104512
CRL,14,1,926500,actor,14.530640775337815,True,0.289388,0.02467,0.925578,0.018894,0.257422,0.025346,0.169845,0.015232,4.343226,0.086226
CRL,14,2,926500,actor,14.530640775337815,True,0.26602,0.022276,0.911109,0.024308,0.231641,0.019141,0.185397,0.014602,4.261971,0.084077
CRL,14,3,926500,actor,14.530640775337815,True,0.292589,0.02908,0.928203,0.019639,0.261328,0.02665,0.167975,0.016652,4.353929,0.094174
CRL,14,4,926500,actor,14.530640775337815,True,0.269879,0.024969,0.922961,0.01927,0.239062,0.023567,0.18258,0.018376,4.273902,0.092054
CRL,15,0,926500,actor,15.340581117197871,True,0.280525,0.025545,0.933364,0.022908,0.253125,0.02122,0.173947,0.01536,4.303467,0.090725
CRL,15,1,926500,actor,15.340581117197871,True,0.281661,0.025546,0.935289,0.020252,0.254688,0.021928,0.173266,0.015014,4.308941,0.089397
CRL,15,2,926500,actor,15.340581117197871,True,0.276731,0.024428,0.945038,0.024088,0.253125,0.021538,0.176045,0.014313,4.292963,0.086943
CRL,15,3,926500,actor,15.340581117197871,True,0.276621,0.027946,0.939206,0.031958,0.250781,0.020239,0.176616,0.015759,4.291573,0.099489
CRL,15,4,926500,actor,15.340581117197871,True,0.278571,0.02399,0.933348,0.020895,0.251172,0.015953,0.174954,0.013741,4.299852,0.087961
CRL,16,0,926500,actor,16.65442083030939,True,0.286497,0.022254,0.930834,0.030608,0.257422,0.026071,0.17069,0.013672,4.327941,0.072098
CRL,16,1,926500,actor,16.65442083030939,True,0.285152,0.023605,0.9303,0.025588,0.255469,0.023452,0.171789,0.013822,4.322891,0.082174
CRL,16,2,926500,actor,16.65442083030939,True,0.251437,0.023545,0.91995,0.022918,0.222656,0.023725,0.195337,0.017783,4.198894,0.085845
CRL,16,3,926500,actor,16.65442083030939,True,0.300664,0.0281,0.940316,0.022741,0.274219,0.029738,0.162168,0.01487,4.371732,0.087246
CRL,16,4,926500,actor,16.65442083030939,True,0.288042,0.026378,0.930536,0.018296,0.257812,0.02202,0.170368,0.015754,4.335642,0.092983
CRL,17,0,926500,actor,13.949222657829523,True,0.275218,0.024882,0.926261,0.023743,0.245703,0.022132,0.177908,0.015261,4.288526,0.090639
CRL,17,1,926500,actor,13.949222657829523,True,0.276666,0.02467,0.914453,0.024774,0.243359,0.022406,0.177383,0.015733,4.29523,0.087782
CRL,17,2,926500,actor,13.949222657829523,True,0.272121,0.023507,0.927407,0.031504,0.243359,0.024294,0.179893,0.014859,4.279951,0.084985
CRL,17,3,926500,actor,13.949222657829523,True,0.271712,0.026333,0.933703,0.029813,0.244141,0.017494,0.180188,0.01516,4.277654,0.096626
CRL,17,4,926500,actor,13.949222657829523,True,0.273358,0.02149,0.929279,0.024393,0.244531,0.019066,0.179031,0.013358,4.285945,0.081668
CRL,18,0,926500,actor,1.6609118040651083,True,0.072005,0.012054,0.422474,0.205131,0.018359,0.010425,0.69183,0.053249,3.611086,0.164759
CRL,18,1,926500,actor,1.6609118040651083,True,0.065981,0.004603,0.435891,0.120205,0.016406,0.00732,0.683202,0.061973,3.61522,0.15023
CRL,18,2,926500,actor,1.6609118040651083,True,0.074898,0.014718,0.407566,0.18131,0.017188,0.009244,0.671286,0.07398,3.67081,0.206671
CRL,18,3,926500,actor,1.6609118040651083,True,0.083674,0.011141,0.474621,0.07171,0.025,0.006163,0.675907,0.044486,3.64329,0.091918
CRL,18,4,926500,actor,1.6609118040651083,True,0.07797,0.01481,0.324014,0.135987,0.012891,0.006652,0.660652,0.064746,3.707721,0.189519
CRL,19,0,926500,actor,28.97230756469071,True,0.307228,0.028659,0.958246,0.022123,0.289062,0.03037,0.156746,0.01465,4.378596,0.091334
CRL,19,1,926500,actor,28.97230756469071,True,0.308181,0.027211,0.960867,0.012254,0.290625,0.026506,0.156097,0.013821,4.383987,0.088087
CRL,19,2,926500,actor,28.97230756469071,True,0.307236,0.027022,0.965199,0.013648,0.291406,0.026378,0.156349,0.013648,4.380218,0.084151
CRL,19,3,926500,actor,28.97230756469071,True,0.304532,0.033058,0.963617,0.012098,0.288281,0.033084,0.158444,0.0173,4.371285,0.104314
CRL,19,4,926500,actor,28.97230756469071,True,0.309303,0.024921,0.962031,0.010661,0.291406,0.025595,0.155781,0.013149,4.390575,0.078975
CRL,20,0,926500,actor,24.567157421261072,True,1.0,0.0,0.0,0.0,0.0,0.0,0.046875,0.0,5.545177,0.0
CRL,20,1,926500,actor,24.567157421261072,True,1.0,0.0,0.0,0.0,0.0,0.0,0.046875,0.0,5.545177,0.0
CRL,20,2,926500,actor,24.567157421261072,True,1.0,0.0,0.0,0.0,0.0,0.0,0.046875,0.0,5.545177,0.0
CRL,20,3,926500,actor,24.567157421261072,True,1.0,0.0,0.0,0.0,0.0,0.0,0.046875,0.0,5.545177,0.0
CRL,20,4,926500,actor,24.567157421261072,True,1.0,0.0,1.0,0.0,1.0,0.0,0.046875,0.0,5.545177,0.0
CRL,21,0,926500,actor,4.7705549374222755,True,0.174724,0.017684,0.777371,0.047308,0.118359,0.017279,0.3123,0.037254,3.954205,0.089874
CRL,21,1,926500,actor,4.7705549374222755,True,0.180038,0.018991,0.763257,0.033707,0.119141,0.014411,0.30363,0.0339,3.974999,0.10026
CRL,21,2,926500,actor,4.7705549374222755,True,0.175776,0.015304,0.769813,0.063931,0.117969,0.018117,0.309555,0.031289,3.955975,0.078842
CRL,21,3,926500,actor,4.7705549374222755,True,0.173268,0.016249,0.750767,0.048417,0.112109,0.016882,0.318325,0.035375,3.948237,0.080937
CRL,21,4,926500,actor,4.7705549374222755,True,0.18074,0.021333,0.76769,0.052318,0.120703,0.0197,0.303607,0.042162,3.980698,0.098974
CRL,22,0,926500,actor,9.55888551659882,True,0.232347,0.0219,0.861521,0.021156,0.185938,0.017682,0.219097,0.023019,4.154522,0.094074
CRL,22,1,926500,actor,9.55888551659882,True,0.231071,0.030164,0.860162,0.039383,0.184766,0.029866,0.223093,0.035303,4.145581,0.128937
CRL,22,2,926500,actor,9.55888551659882,True,0.217923,0.019652,0.875173,0.041805,0.178516,0.023441,0.232278,0.022394,4.08749,0.084089
CRL,22,3,926500,actor,9.55888551659882,True,0.240505,0.024251,0.860635,0.025351,0.191406,0.020588,0.212961,0.023576,4.191804,0.095858
CRL,22,4,926500,actor,9.55888551659882,True,0.238771,0.021233,0.872977,0.029258,0.195312,0.018688,0.211036,0.019456,4.174632,0.088283
CRL,23,0,926500,actor,19.749351209029555,True,0.289891,0.028693,0.946975,0.01821,0.267188,0.025661,0.16752,0.016497,4.32992,0.096382
CRL,23,1,926500,actor,19.749351209029555,True,0.290971,0.02901,0.950284,0.014709,0.269531,0.026429,0.16669,0.016515,4.33317,0.096894
CRL,23,2,926500,actor,19.749351209029555,True,0.287656,0.028874,0.955796,0.016013,0.267969,0.026761,0.168674,0.016867,4.323172,0.097632
CRL,23,3,926500,actor,19.749351209029555,True,0.287954,0.029337,0.953355,0.018463,0.267578,0.026188,0.168446,0.016774,4.323838,0.098758
CRL,23,4,926500,actor,19.749351209029555,True,0.289071,0.028962,0.954972,0.014289,0.269141,0.02633,0.167762,0.016669,4.327378,0.0976
CRL,24,0,926500,actor,21.245461581274867,True,0.289178,0.02557,0.94466,0.0189,0.265234,0.023542,0.16814,0.015448,4.327596,0.088985
CRL,24,1,926500,actor,21.245461581274867,True,0.275681,0.031502,0.943231,0.020947,0.253516,0.032549,0.176851,0.0216,4.275999,0.111529
CRL,24,2,926500,actor,21.245461581274867,True,0.307114,0.029335,0.949491,0.011384,0.284375,0.028752,0.158203,0.018833,4.386363,0.102577
CRL,24,3,926500,actor,21.245461581274867,True,0.298788,0.023677,0.940147,0.016398,0.272266,0.02108,0.162791,0.01367,4.365209,0.077872
CRL,24,4,926500,actor,21.245461581274867,True,0.315611,0.02666,0.945629,0.025727,0.289844,0.031884,0.154338,0.014546,4.416742,0.078657
CRL,25,0,926500,actor,8.949170345440507,True,0.244279,0.023331,0.879874,0.029615,0.201562,0.02294,0.206768,0.021761,4.198599,0.093822
CRL,25,1,926500,actor,8.949170345440507,True,0.242265,0.02116,0.875752,0.040919,0.198438,0.02114,0.208553,0.019348,4.193089,0.086216
CRL,25,2,926500,actor,8.949170345440507,True,0.241726,0.0238,0.880229,0.0351,0.200391,0.02598,0.208466,0.022666,4.188768,0.093744
CRL,25,3,926500,actor,8.949170345440507,True,0.240762,0.022267,0.871707,0.023817,0.196094,0.01903,0.210034,0.019768,4.186252,0.088574
CRL,25,4,926500,actor,8.949170345440507,True,0.243516,0.018718,0.893798,0.026472,0.205469,0.021252,0.205608,0.018932,4.197294,0.070037
CRL,26,0,926500,actor,6.266372054815292,True,0.190865,0.015227,0.80233,0.048725,0.136719,0.018869,0.278194,0.026387,4.010724,0.066966
CRL,26,1,926500,actor,6.266372054815292,True,0.189908,0.027172,0.826644,0.039139,0.141406,0.02106,0.279097,0.039622,3.993066,0.127783
CRL,26,2,926500,actor,6.266372054815292,True,0.190594,0.01515,0.816488,0.03362,0.139844,0.014593,0.275712,0.023086,3.998047,0.072398
CRL,26,3,926500,actor,6.266372054815292,True,0.203222,0.026742,0.789904,0.053358,0.144141,0.025479,0.262158,0.035882,4.058419,0.114642
CRL,26,4,926500,actor,6.266372054815292,True,0.194377,0.015797,0.807655,0.055549,0.139844,0.015274,0.27226,0.020484,4.02254,0.077256
CRL,27,0,926500,actor,23.9573778770864,True,0.297919,0.02866,0.966705,0.008178,0.282422,0.02598,0.161691,0.015086,4.35192,0.094635
CRL,27,1,926500,actor,23.9573778770864,True,0.300547,0.028947,0.960582,0.01569,0.282812,0.027817,0.160567,0.015684,4.360628,0.094293
CRL,27,2,926500,actor,23.9573778770864,True,0.29627,0.029127,0.95647,0.009459,0.276953,0.027216,0.163275,0.015929,4.347962,0.093935
CRL,27,3,926500,actor,23.9573778770864,True,0.295684,0.033128,0.967433,0.008971,0.280469,0.032827,0.163541,0.017854,4.345202,0.105841
CRL,27,4,926500,actor,23.9573778770864,True,0.296814,0.030009,0.960459,0.011482,0.278516,0.028351,0.163136,0.01644,4.351653,0.098202
CRL,28,0,926500,actor,27.53473930992186,True,0.297402,0.025367,0.954844,0.018735,0.277344,0.023654,0.162446,0.01417,4.351852,0.087354
CRL,28,1,926500,actor,27.53473930992186,True,0.288665,0.037862,0.95777,0.014383,0.271094,0.035382,0.16836,0.023571,4.31382,0.13118
CRL,28,2,926500,actor,27.53473930992186,True,0.281129,0.026621,0.964675,0.006702,0.265625,0.024429,0.171748,0.018406,4.292519,0.097648
CRL,28,3,926500,actor,27.53473930992186,True,0.298273,0.026248,0.960897,0.016334,0.280859,0.026458,0.161646,0.015417,4.352393,0.085444
CRL,28,4,926500,actor,27.53473930992186,True,0.290762,0.022849,0.95897,0.013654,0.272656,0.022911,0.165859,0.013382,4.328901,0.077587
CRL,29,0,926500,actor,2.329172668978572,True,0.109241,0.012987,0.617777,0.084138,0.051562,0.012187,0.566267,0.074889,3.678594,0.074481
CRL,29,1,926500,actor,2.329172668978572,True,0.109911,0.012752,0.58035,0.078576,0.048438,0.011962,0.563443,0.071565,3.684953,0.070977
CRL,29,2,926500,actor,2.329172668978572,True,0.110243,0.012524,0.591268,0.079347,0.049609,0.011941,0.560961,0.071459,3.683747,0.069822
CRL,29,3,926500,actor,2.329172668978572,True,0.109902,0.012672,0.607496,0.092646,0.050781,0.013021,0.564937,0.074916,3.684603,0.070296
CRL,29,4,926500,actor,2.329172668978572,True,0.110207,0.012864,0.584691,0.089779,0.048828,0.012791,0.563166,0.073343,3.686174,0.068164
CRL,30,0,926500,actor,12.512047793716192,True,1.0,0.0,0.0,0.0,0.0,0.0,0.046875,0.0,5.545177,0.0
CRL,30,1,926500,actor,12.512047793716192,True,1.0,0.0,1.0,0.0,1.0,0.0,0.046875,0.0,5.545177,0.0
CRL,30,2,926500,actor,12.512047793716192,True,1.0,0.0,1.0,0.0,1.0,0.0,0.046875,0.0,5.545177,0.0
CRL,30,3,926500,actor,12.512047793716192,True,1.0,0.0,1.0,0.0,1.0,0.0,0.046875,0.0,5.545177,0.0
CRL,30,4,926500,actor,12.512047793716192,True,1.0,0.0,1.0,0.0,1.0,0.0,0.046875,0.0,5.545177,0.0
CRL,31,0,926500,actor,17.322846204042435,True,0.290169,0.027614,0.940935,0.019819,0.264453,0.024846,0.168113,0.0161,4.336089,0.091704
CRL,31,1,926500,actor,17.322846204042435,True,0.289502,0.025381,0.941949,0.014955,0.264844,0.025569,0.167998,0.014838,4.333448,0.087245
CRL,31,2,926500,actor,17.322846204042435,True,0.288994,0.023274,0.936753,0.024321,0.262109,0.023252,0.168587,0.01375,4.331826,0.078467
CRL,31,3,926500,actor,17.322846204042435,True,0.285378,0.022936,0.927662,0.024002,0.256641,0.025386,0.170691,0.014681,4.320586,0.07923
CRL,31,4,926500,actor,17.322846204042435,True,0.288486,0.015404,0.93786,0.020831,0.2625,0.018211,0.168037,0.009431,4.333284,0.05387
CRL,32,0,926500,actor,17.355791945010424,True,0.272184,0.020554,0.921532,0.024679,0.240625,0.019066,0.180431,0.013789,4.281206,0.078295
CRL,32,1,926500,actor,17.355791945010424,True,0.265706,0.033995,0.927748,0.02337,0.237109,0.032056,0.186451,0.025993,4.249451,0.129513
CRL,32,2,926500,actor,17.355791945010424,True,0.262797,0.025565,0.938981,0.015435,0.239062,0.022762,0.185798,0.020096,4.235827,0.100429
CRL,32,3,926500,actor,17.355791945010424,True,0.277363,0.0244,0.933352,0.022522,0.25,0.026365,0.176591,0.017181,4.294595,0.085434
CRL,32,4,926500,actor,17.355791945010424,True,0.26984,0.022246,0.943001,0.019289,0.246484,0.022885,0.180633,0.015936,4.266588,0.079563
CRL,33,0,926500,actor,12.77934517711401,True,0.268383,0.022263,0.923881,0.031516,0.237891,0.019265,0.182977,0.014061,4.268953,0.085075
CRL,33,1,926500,actor,12.77934517711401,True,0.269281,0.023209,0.924673,0.029742,0.238281,0.016263,0.182728,0.014598,4.272689,0.086841
CRL,33,2,926500,actor,12.77934517711401,True,0.266553,0.02317,0.926013,0.030882,0.237109,0.018327,0.184012,0.014821,4.261829,0.087241
CRL,33,3,926500,actor,12.77934517711401,True,0.267451,0.023727,0.924729,0.026108,0.238281,0.019313,0.182914,0.014759,4.264129,0.088663
CRL,33,4,926500,actor,12.77934517711401,True,0.268047,0.022308,0.919997,0.017987,0.236328,0.017002,0.183355,0.01399,4.267735,0.08568
CRL,34,0,926500,actor,2.362168477848172,True,0.089287,0.008898,0.601241,0.087007,0.039062,0.011201,0.667074,0.048468,3.567834,0.063764
CRL,34,1,926500,actor,2.362168477848172,True,0.09057,0.012737,0.502401,0.119633,0.03125,0.014024,0.652306,0.060233,3.615029,0.125862
CRL,34,2,926500,actor,2.362168477848172,True,1.0,0.0,0.0,0.0,0.0,0.0,0.046875,0.0,5.545177,0.0
CRL,34,3,926500,actor,2.362168477848172,True,0.120763,0.012216,0.5439,0.096348,0.045703,0.011507,0.550408,0.054507,3.850644,0.077607
CRL,34,4,926500,actor,2.362168477848172,True,0.111895,0.01522,0.583451,0.102212,0.048047,0.016475,0.560377,0.075175,3.763184,0.09403
CRL,35,0,926500,actor,27.80208676122129,True,0.30986,0.028608,0.961339,0.014047,0.291797,0.028171,0.155657,0.014203,4.391569,0.090282
CRL,35,1,926500,actor,27.80208676122129,True,0.30932,0.028833,0.962827,0.00743,0.292188,0.026736,0.155648,0.014464,4.386588,0.09001
CRL,35,2,926500,actor,27.80208676122129,True,0.308892,0.025108,0.962658,0.021844,0.292188,0.023711,0.155315,0.012715,4.384887,0.08135
CRL,35,3,926500,actor,27.80208676122129,True,0.305303,0.025484,0.95974,0.016567,0.2875,0.023161,0.157417,0.013267,4.374981,0.083308
CRL,35,4,926500,actor,27.80208676122129,True,0.309534,0.015271,0.962182,0.015207,0.291797,0.015078,0.154904,0.007622,4.391794,0.05084
CRL,36,0,926500,actor,23.865815363824368,True,0.260597,0.038192,0.935557,0.027149,0.236719,0.037431,0.189095,0.027767,4.218761,0.143603
CRL,36,1,926500,actor,23.865815363824368,True,0.296781,0.033066,0.949522,0.017164,0.274609,0.032109,0.163907,0.017614,4.350145,0.110994
CRL,36,2,926500,actor,23.865815363824368,True,0.318391,0.025153,0.957011,0.013702,0.297656,0.024276,0.151594,0.012296,4.422245,0.078527
CRL,36,3,926500,actor,23.865815363824368,True,0.27415,0.032259,0.958526,0.019847,0.25625,0.032484,0.177611,0.0203,4.27395,0.112887
CRL,36,4,926500,actor,23.865815363824368,True,0.297473,0.027939,0.959804,0.01491,0.278906,0.029474,0.162807,0.015978,4.354704,0.087349
CRL,37,0,926500,actor,5.940404254943132,True,0.207253,0.020912,0.824605,0.050869,0.154688,0.019154,0.252561,0.028276,4.07335,0.095356
CRL,37,1,926500,actor,5.940404254943132,True,0.205388,0.01771,0.825691,0.055762,0.154297,0.021807,0.253782,0.025635,4.067686,0.081533
CRL,37,2,926500,actor,5.940404254943132,True,0.206643,0.022394,0.817951,0.049832,0.153125,0.020239,0.253629,0.03143,4.068597,0.09897
CRL,37,3,926500,actor,5.940404254943132,True,0.202809,0.020379,0.834033,0.036137,0.153125,0.01973,0.258534,0.029056,4.0571,0.090116
CRL,37,4,926500,actor,5.940404254943132,True,0.209323,0.019742,0.836515,0.031667,0.159375,0.018579,0.248579,0.025598,4.080999,0.083356
CRL,38,0,926500,actor,8.857657900080085,True,0.223126,0.016773,0.850957,0.0478,0.174609,0.019837,0.23005,0.018331,4.126308,0.068634
CRL,38,1,926500,actor,8.857657900080085,True,0.223449,0.030957,0.875712,0.023107,0.182812,0.031021,0.229567,0.03342,4.117058,0.119751
CRL,38,2,926500,actor,8.857657900080085,True,0.218997,0.017978,0.878638,0.022618,0.179297,0.015346,0.231115,0.019226,4.099431,0.073512
CRL,38,3,926500,actor,8.857657900080085,True,0.235593,0.028516,0.865095,0.04269,0.189062,0.030492,0.218364,0.027402,4.174732,0.110183
CRL,38,4,926500,actor,8.857657900080085,True,0.226544,0.0179,0.863294,0.042679,0.181641,0.020608,0.224546,0.019069,4.136189,0.078328
CRL,39,0,926500,actor,20.91954384930432,True,0.293156,0.028077,0.958697,0.013884,0.275,0.025595,0.164705,0.015584,4.338557,0.094457
CRL,39,1,926500,actor,20.91954384930432,True,0.294909,0.028726,0.957973,0.01286,0.276172,0.027191,0.16397,0.015856,4.344669,0.095134
CRL,39,2,926500,actor,20.91954384930432,True,0.290281,0.028191,0.953542,0.010847,0.269922,0.025612,0.166921,0.015766,4.331145,0.094117
CRL,39,3,926500,actor,20.91954384930432,True,0.290838,0.031876,0.953969,0.018777,0.270703,0.026045,0.166651,0.017239,4.33113,0.104403
CRL,39,4,926500,actor,20.91954384930432,True,0.291533,0.02915,0.958102,0.014282,0.272266,0.025386,0.166293,0.016234,4.335971,0.097824
CRL,40,0,926500,actor,20.543986866250634,True,1.0,0.0,0.0,0.0,0.0,0.0,0.046875,0.0,5.545177,0.0
CRL,40,1,926500,actor,20.543986866250634,True,1.0,0.0,0.0,0.0,0.0,0.0,0.046875,0.0,5.545177,0.0
CRL,40,2,926500,actor,20.543986866250634,True,1.0,0.0,1.0,0.0,1.0,0.0,0.046875,0.0,5.545177,0.0
CRL,40,3,926500,actor,20.543986866250634,True,1.0,0.0,0.0,0.0,0.0,0.0,0.046875,0.0,5.545177,0.0
CRL,40,4,926500,actor,20.543986866250634,True,1.0,0.0,1.0,0.0,1.0,0.0,0.046875,0.0,5.545177,0.0
CRL,41,0,926500,actor,10.119180036708713,True,0.241946,0.021402,0.876602,0.028175,0.198828,0.020707,0.208598,0.021533,4.187861,0.085272
CRL,41,1,926500,actor,10.119180036708713,True,0.250407,0.031304,0.882317,0.03651,0.208594,0.029761,0.201847,0.028834,4.213474,0.121598
CRL,41,2,926500,actor,10.119180036708713,True,0.242649,0.019498,0.879971,0.02107,0.200781,0.017294,0.206706,0.017322,4.185566,0.082708
CRL,41,3,926500,actor,10.119180036708713,True,0.24569,0.022544,0.889821,0.013176,0.205469,0.019243,0.204644,0.019635,4.204135,0.085137
CRL,41,4,926500,actor,10.119180036708713,True,0.248984,0.020555,0.891147,0.031864,0.209766,0.024777,0.201192,0.019898,4.213176,0.074342
CRL,42,0,926500,actor,5.565240662544966,True,0.177179,0.01762,0.79456,0.019969,0.123828,0.014505,0.304147,0.033155,3.953357,0.094548
CRL,42,1,926500,actor,5.565240662544966,True,0.186365,0.02532,0.77317,0.031819,0.126172,0.015846,0.291767,0.042444,3.992095,0.131871
CRL,42,2,926500,actor,5.565240662544966,True,0.173458,0.017754,0.797331,0.038188,0.121875,0.012995,0.30944,0.032261,3.927673,0.090968
CRL,42,3,926500,actor,5.565240662544966,True,0.18247,0.019184,0.785521,0.042521,0.126172,0.018602,0.296066,0.033896,3.983218,0.096389
CRL,42,4,926500,actor,5.565240662544966,True,0.190268,0.019757,0.785197,0.045881,0.131641,0.017953,0.283297,0.033676,4.011786,0.091467
CRL,43,0,926500,actor,25.127502009272575,True,0.299393,0.029232,0.958704,0.017419,0.281641,0.029258,0.161047,0.016075,4.35589,0.095013
CRL,43,1,926500,actor,25.127502009272575,True,0.300167,0.029906,0.961941,0.011305,0.282812,0.028835,0.160901,0.016089,4.358844,0.096462
CRL,43,2,926500,actor,25.127502009272575,True,0.29707,0.030246,0.959672,0.012869,0.278906,0.029069,0.162837,0.016634,4.349842,0.098021
CRL,43,3,926500,actor,25.127502009272575,True,0.297811,0.030721,0.957111,0.015634,0.278906,0.029185,0.162414,0.016745,4.351504,0.099184
CRL,43,4,926500,actor,25.127502009272575,True,0.298322,0.030055,0.961452,0.019327,0.280859,0.029431,0.161973,0.016326,4.353461,0.098451
CRL,44,0,926500,actor,28.236184967681766,True,0.325414,0.017541,0.96096,0.017325,0.307031,0.02002,0.147189,0.008446,4.439211,0.052426
CRL,44,1,926500,actor,28.236184967681766,True,0.340391,0.019639,0.964623,0.01264,0.322656,0.018524,0.140563,0.008422,4.482761,0.058248
CRL,44,2,926500,actor,28.236184967681766,True,0.29888,0.027422,0.960458,0.018013,0.280859,0.022736,0.161303,0.014154,4.354498,0.091704
CRL,44,3,926500,actor,28.236184967681766,True,0.315996,0.027649,0.962749,0.012445,0.298438,0.029301,0.152368,0.013174,4.409472,0.084502
CRL,44,4,926500,actor,28.236184967681766,True,0.310546,0.031851,0.966662,0.011066,0.294922,0.033261,0.155256,0.016016,4.390004,0.098595
CRL,45,0,926500,actor,1.1591911409050226,True,0.063677,0.005077,0.428155,0.164573,0.016016,0.00791,0.692912,0.051132,3.626954,0.152169
CRL,45,1,926500,actor,1.1591911409050226,True,0.063065,0.00622,0.411,0.154063,0.014844,0.007084,0.681213,0.046213,3.642852,0.135153
CRL,45,2,926500,actor,1.1591911409050226,True,0.062557,0.005339,0.393064,0.156649,0.014062,0.006939,0.681467,0.039373,3.635691,0.119036
CRL,45,3,926500,actor,1.1591911409050226,True,0.064129,0.006104,0.416806,0.151139,0.015625,0.007132,0.695863,0.044313,3.618149,0.131272
CRL,45,4,926500,actor,1.1591911409050226,True,0.063182,0.005732,0.450709,0.139913,0.016797,0.006902,0.695563,0.044153,3.609309,0.141383
CRL,46,0,926500,actor,13.21315012872219,True,0.258239,0.034236,0.892306,0.025036,0.219141,0.031971,0.194284,0.026896,4.233812,0.133549
CRL,46,1,926500,actor,13.21315012872219,True,0.256409,0.013726,0.9025,0.025219,0.219922,0.009216,0.192704,0.010508,4.235382,0.052643
CRL,46,2,926500,actor,13.21315012872219,True,0.280657,0.02733,0.903826,0.021902,0.241016,0.024571,0.177357,0.01775,4.320144,0.091028
CRL,46,3,926500,actor,13.21315012872219,True,0.275056,0.020498,0.918571,0.026894,0.242578,0.025875,0.178839,0.014253,4.297887,0.06955
CRL,46,4,926500,actor,13.21315012872219,True,0.263637,0.023108,0.912488,0.030298,0.229297,0.025252,0.188271,0.017921,4.258532,0.081728
CRL,47,0,926500,actor,16.152750235050917,True,0.282438,0.026583,0.951366,0.014194,0.260938,0.022837,0.172131,0.015791,4.309399,0.093198
CRL,47,1,926500,actor,16.152750235050917,True,0.284667,0.025103,0.944275,0.019614,0.260938,0.024829,0.170891,0.015236,4.317736,0.08809
CRL,47,2,926500,actor,16.152750235050917,True,0.280444,0.025149,0.939116,0.024726,0.254297,0.023033,0.174261,0.014862,4.306243,0.086809
CRL,47,3,926500,actor,16.152750235050917,True,0.280832,0.029224,0.939779,0.029017,0.255078,0.021714,0.173875,0.016165,4.303905,0.10233
CRL,47,4,926500,actor,16.152750235050917,True,0.28174,0.023423,0.933919,0.022717,0.253906,0.016776,0.1732,0.01371,4.311724,0.083519
CRL,48,0,926500,actor,15.600631283596158,True,0.28863,0.027217,0.923324,0.01785,0.255078,0.025914,0.171193,0.016884,4.34292,0.093422
CRL,48,1,926500,actor,15.600631283596158,True,0.266421,0.022479,0.916215,0.027547,0.234375,0.022477,0.184548,0.015927,4.260536,0.088646
CRL,48,2,926500,actor,15.600631283596158,True,0.268855,0.023266,0.926682,0.027382,0.239453,0.020176,0.182527,0.016088,4.267337,0.090368
CRL,48,3,926500,actor,15.600631283596158,True,0.292835,0.029769,0.935499,0.017677,0.264062,0.0283,0.167742,0.017597,4.350658,0.10033
CRL,48,4,926500,actor,15.600631283596158,True,0.279717,0.023839,0.919664,0.035078,0.246875,0.025569,0.175954,0.01483,4.307157,0.083037
CRL,49,0,926500,actor,14.556285431608558,True,0.278049,0.026514,0.930924,0.025849,0.25,0.027126,0.176204,0.017336,4.297551,0.093074
CRL,49,1,926500,actor,14.556285431608558,True,0.278781,0.024799,0.924584,0.021284,0.248438,0.021648,0.175699,0.016281,4.301712,0.087985
CRL,49,2,926500,actor,14.556285431608558,True,0.276334,0.026357,0.920218,0.015796,0.244141,0.024168,0.178166,0.016959,4.294502,0.090242
CRL,49,3,926500,actor,14.556285431608558,True,0.276152,0.026218,0.931243,0.032484,0.247656,0.021569,0.177391,0.015734,4.292259,0.095415
CRL,49,4,926500,actor,14.556285431608558,True,0.276308,0.020641,0.929005,0.014662,0.247266,0.018327,0.17697,0.013064,4.297572,0.074492
CRL,50,0,926500,actor,0.5943691916763783,True,0.301743,0.154222,0.025385,0.080273,0.000391,0.001235,0.288038,0.084399,4.962499,0.288399
CRL,50,1,926500,actor,0.5943691916763783,True,0.043119,0.004567,0.372867,0.101335,0.007031,0.003081,0.552771,0.082112,3.924458,0.270605
CRL,50,2,926500,actor,0.5943691916763783,True,0.355483,0.167306,0.0,0.0,0.0,0.0,0.255456,0.059662,5.045681,0.195576
CRL,50,3,926500,actor,0.5943691916763783,True,0.195168,0.079683,0.022947,0.072566,0.000391,0.001235,0.356038,0.078209,4.794536,0.263832
CRL,50,4,926500,actor,0.5943691916763783,True,0.046676,0.005458,0.340399,0.11509,0.00625,0.002731,0.543881,0.051943,3.997958,0.201654
CRL,51,0,926500,actor,29.53342940658331,True,0.305402,0.030439,0.963944,0.016031,0.289453,0.028849,0.157436,0.015147,4.372282,0.096731
CRL,51,1,926500,actor,29.53342940658331,True,0.307861,0.027822,0.970252,0.013444,0.29375,0.027975,0.156044,0.014331,4.382677,0.08976
CRL,51,2,926500,actor,29.53342940658331,True,0.305726,0.028816,0.958628,0.016852,0.287891,0.030092,0.15744,0.014776,4.375328,0.089552
CRL,51,3,926500,actor,29.53342940658331,True,0.303713,0.034107,0.959281,0.009732,0.285547,0.03322,0.159296,0.017677,4.368437,0.107538
CRL,51,4,926500,actor,29.53342940658331,True,0.30804,0.028143,0.96095,0.017113,0.289453,0.027832,0.156858,0.014639,4.385713,0.090146
CRL,52,0,926500,actor,25.6191950943321,True,0.296654,0.026064,0.960344,0.009617,0.279297,0.024447,0.16233,0.014783,4.346467,0.088057
CRL,52,1,926500,actor,25.6191950943321,True,0.288233,0.033582,0.952794,0.017884,0.268359,0.033403,0.168786,0.021271,4.31755,0.11885
CRL,52,2,926500,actor,25.6191950943321,True,0.270656,0.021759,0.965779,0.019361,0.25625,0.018061,0.177597,0.015191,4.257103,0.085849
CRL,52,3,926500,actor,25.6191950943321,True,0.303829,0.025666,0.961021,0.016312,0.286328,0.025651,0.158426,0.014052,4.37073,0.084073
CRL,52,4,926500,actor,25.6191950943321,True,0.283093,0.022557,0.959514,0.016527,0.265625,0.02225,0.170396,0.014614,4.303973,0.080085
CRL,53,0,926500,actor,4.16534517891705,True,0.168042,0.016421,0.746699,0.063366,0.107031,0.015538,0.330981,0.034599,3.930626,0.087627
CRL,53,1,926500,actor,4.16534517891705,True,0.168531,0.016025,0.753987,0.051212,0.108203,0.01236,0.329454,0.032833,3.933053,0.086098
CRL,53,2,926500,actor,4.16534517891705,True,0.168588,0.016294,0.753249,0.062164,0.108203,0.01415,0.329563,0.033887,3.932191,0.088553
CRL,53,3,926500,actor,4.16534517891705,True,0.168779,0.016495,0.747357,0.055457,0.107422,0.014411,0.3297,0.033798,3.933472,0.087065
CRL,53,4,926500,actor,4.16534517891705,True,0.168751,0.015951,0.754436,0.054653,0.108594,0.013253,0.328704,0.032409,3.934028,0.085202
CRL,54,0,926500,actor,10.627238117158413,True,1.0,0.0,1.0,0.0,1.0,0.0,0.046875,0.0,5.545177,0.0
CRL,54,1,926500,actor,10.627238117158413,True,1.0,0.0,0.0,0.0,0.0,0.0,0.046875,0.0,5.545177,0.0
CRL,54,2,926500,actor,10.627238117158413,True,1.0,0.0,0.0,0.0,0.0,0.0,0.046875,0.0,5.545177,0.0
CRL,54,3,926500,actor,10.627238117158413,True,1.0,0.0,1.0,0.0,1.0,0.0,0.046875,0.0,5.545177,0.0
CRL,54,4,926500,actor,10.627238117158413,True,1.0,0.0,0.0,0.0,0.0,0.0,0.046875,0.0,5.545177,0.0
CRL,55,0,926500,actor,19.186320025473833,True,0.293851,0.026201,0.948131,0.018122,0.270703,0.02464,0.165355,0.014758,4.347853,0.087014
CRL,55,1,926500,actor,19.186320025473833,True,0.294362,0.027846,0.945302,0.020626,0.271094,0.028952,0.16502,0.016755,4.34515,0.092361
CRL,55,2,926500,actor,19.186320025473833,True,0.290901,0.022241,0.944011,0.011315,0.266797,0.020592,0.166736,0.012831,4.335509,0.077238
CRL,55,3,926500,actor,19.186320025473833,True,0.28914,0.025108,0.941379,0.019588,0.264844,0.026159,0.167912,0.014854,4.330606,0.083858
CRL,55,4,926500,actor,19.186320025473833,True,0.293415,0.013663,0.940886,0.022974,0.267578,0.018159,0.165304,0.008156,4.348759,0.046314
CRL,56,0,926500,actor,22.31932846829295,True,0.28585,0.016246,0.945317,0.013901,0.2625,0.012462,0.169161,0.008586,4.319215,0.058384
CRL,56,1,926500,actor,22.31932846829295,True,0.277026,0.02852,0.953907,0.011592,0.257031,0.027548,0.175731,0.018534,4.28504,0.100076
CRL,56,2,926500,actor,22.31932846829295,True,0.283098,0.02308,0.941112,0.018157,0.259375,0.026185,0.171514,0.016085,4.308378,0.077497
CRL,56,3,926500,actor,22.31932846829295,True,0.291574,0.029333,0.936899,0.028308,0.264844,0.033238,0.167847,0.018418,4.338196,0.100933
CRL,56,4,926500,actor,22.31932846829295,True,0.287891,0.025589,0.954732,0.019504,0.26875,0.023567,0.167712,0.015357,4.319909,0.087819
CRL,57,0,926500,actor,8.366075679659843,True,0.237962,0.021543,0.88351,0.034235,0.197266,0.023956,0.212216,0.021348,4.176091,0.086094
CRL,57,1,926500,actor,8.366075679659843,True,0.239144,0.020037,0.87418,0.038934,0.195703,0.022436,0.211264,0.019574,4.181445,0.0822
CRL,57,2,926500,actor,8.366075679659843,True,0.23833,0.022139,0.88421,0.028364,0.198828,0.02446,0.21088,0.022223,4.17405,0.086144
CRL,57,3,926500,actor,8.366075679659843,True,0.237938,0.021073,0.887758,0.027522,0.198438,0.023495,0.211834,0.020294,4.174196,0.083981
CRL,57,4,926500,actor,8.366075679659843,True,0.239356,0.01941,0.898534,0.028862,0.203516,0.023179,0.20883,0.018878,4.17903,0.078459
CRL,58,0,926500,actor,7.298189112916589,True,0.211591,0.018376,0.835183,0.050399,0.161328,0.020343,0.24504,0.023254,4.081427,0.087475
CRL,58,1,926500,actor,7.298189112916589,True,0.210337,0.019439,0.839698,0.036275,0.161328,0.018419,0.246541,0.027247,4.08249,0.082728
CRL,58,2,926500,actor,7.298189112916589,True,0.207152,0.02271,0.844598,0.03218,0.159766,0.020293,0.250709,0.027038,4.062182,0.101491
CRL,58,3,926500,actor,7.298189112916589,True,0.229292,0.024018,0.833208,0.051181,0.173828,0.027698,0.228552,0.027734,4.173067,0.095728
CRL,58,4,926500,actor,7.298189112916589,True,0.2123,0.011154,0.829081,0.039043,0.159766,0.01065,0.243687,0.010827,4.09336,0.05932
CRL,59,0,926500,actor,23.357639266178012,True,0.301929,0.029015,0.957746,0.019043,0.283203,0.02913,0.159902,0.015074,4.365839,0.092412
CRL,59,1,926500,actor,23.357639266178012,True,0.300711,0.027568,0.96131,0.014185,0.282812,0.027325,0.160614,0.015047,4.363645,0.089765
CRL,59,2,926500,actor,23.357639266178012,True,0.299751,0.024226,0.957845,0.021075,0.280859,0.028849,0.161121,0.013853,4.361078,0.077828
CRL,59,3,926500,actor,23.357639266178012,True,0.299589,0.027456,0.951721,0.014675,0.278516,0.0238,0.161308,0.014892,4.358638,0.090998
CRL,59,4,926500,actor,23.357639266178012,True,0.302939,0.016933,0.952511,0.015741,0.28125,0.019313,0.159339,0.009805,4.3752,0.057519
CRL,60,0,926500,actor,26.459062322974205,True,1.0,0.0,0.0,0.0,0.0,0.0,0.046875,0.0,5.545177,0.0
CRL,60,1,926500,actor,26.459062322974205,True,1.0,0.0,0.0,0.0,0.0,0.0,0.046875,0.0,5.545177,0.0
CRL,60,2,926500,actor,26.459062322974205,True,1.0,0.0,0.0,0.0,0.0,0.0,0.046875,0.0,5.545177,0.0
CRL,60,3,926500,actor,26.459062322974205,True,1.0,0.0,0.0,0.0,0.0,0.0,0.046875,0.0,5.545177,0.0
CRL,60,4,926500,actor,26.459062322974205,True,1.0,0.0,0.0,0.0,0.0,0.0,0.046875,0.0,5.545177,0.0
CRL,61,0,926500,actor,2.9141765646636486,True,0.13035,0.01415,0.689405,0.066754,0.072266,0.014293,0.457422,0.066265,3.775639,0.081233
CRL,61,1,926500,actor,2.9141765646636486,True,0.129258,0.013712,0.68451,0.035293,0.071094,0.011171,0.460101,0.066006,3.766836,0.078415
CRL,61,2,926500,actor,2.9141765646636486,True,0.129413,0.014132,0.67717,0.068979,0.069531,0.012325,0.465006,0.064568,3.770245,0.082847
CRL,61,3,926500,actor,2.9141765646636486,True,0.127082,0.014907,0.674831,0.057495,0.068359,0.011536,0.472466,0.073605,3.755053,0.081829
CRL,61,4,926500,actor,2.9141765646636486,True,0.130172,0.014918,0.692154,0.055002,0.073047,0.013663,0.454742,0.070325,3.770744,0.077085
CRL,62,0,926500,actor,11.481982721015811,True,0.246442,0.018666,0.894352,0.02089,0.207812,0.019295,0.20308,0.016617,4.203667,0.072157
CRL,62,1,926500,actor,11.481982721015811,True,0.236513,0.028828,0.897511,0.020483,0.201562,0.028893,0.212392,0.028636,4.15532,0.119591
CRL,62,2,926500,actor,11.481982721015811,True,0.240841,0.023273,0.88724,0.027447,0.201562,0.021332,0.208326,0.022527,4.173361,0.0954
CRL,62,3,926500,actor,11.481982721015811,True,0.246311,0.026427,0.890535,0.041095,0.206641,0.030838,0.205014,0.022839,4.20001,0.100726
CRL,62,4,926500,actor,11.481982721015811,True,0.253031,0.020064,0.90734,0.024934,0.217969,0.016957,0.196112,0.015143,4.218998,0.078356
CRL,63,0,926500,actor,17.920731911435723,True,0.285887,0.027646,0.947677,0.023451,0.263281,0.024023,0.169988,0.016108,4.318605,0.094978
CRL,63,1,926500,actor,17.920731911435723,True,0.286967,0.02771,0.947391,0.018524,0.264453,0.023441,0.169147,0.015726,4.321783,0.094762
CRL,63,2,926500,actor,17.920731911435723,True,0.283687,0.027835,0.949117,0.02575,0.262109,0.026071,0.17115,0.016649,4.311205,0.095788
CRL,63,3,926500,actor,17.920731911435723,True,0.283858,0.028471,0.947662,0.022887,0.261328,0.023106,0.171217,0.016118,4.311992,0.098048
CRL,63,4,926500,actor,17.920731911435723,True,0.28485,0.028037,0.950898,0.020615,0.263672,0.023671,0.17033,0.016237,4.315318,0.096516
GCIQL,0,0,626296,actor,0.18812930211424828,True,0.933621,0.054603,0.0,0.0,0.0,0.0,0.071872,0.010224,5.520053,0.013262
GCIQL,0,1,626296,actor,0.18812930211424828,True,0.939819,0.046021,0.0,0.0,0.0,0.0,0.071673,0.008944,5.521434,0.011107
GCIQL,0,2,626296,actor,0.18812930211424828,True,0.952674,0.028555,0.0,0.0,0.0,0.0,0.06985,0.007846,5.52469,0.007506
GCIQL,0,3,626296,actor,0.18812930211424828,True,0.966252,0.010305,0.0,0.0,0.0,0.0,0.066705,0.005287,5.528635,0.003138
GCIQL,0,4,626296,actor,0.18812930211424828,True,0.951618,0.030587,0.0,0.0,0.0,0.0,0.069686,0.00807,5.524653,0.007893
GCIQL,1,0,626296,actor,29.413702553138137,True,0.19555,0.024322,0.943338,0.021932,0.179688,0.025846,0.250438,0.033824,3.937053,0.119148
GCIQL,1,1,626296,actor,29.413702553138137,True,0.234046,0.015007,0.916365,0.029408,0.20625,0.014358,0.209,0.012921,4.129485,0.068247
GCIQL,1,2,626296,actor,29.413702553138137,True,0.1514,0.026404,0.90897,0.027357,0.131641,0.025252,0.334087,0.062615,3.694084,0.16546
GCIQL,1,3,626296,actor,29.413702553138137,True,0.202775,0.021567,0.892012,0.038053,0.171875,0.024842,0.246933,0.028895,3.996,0.100933
GCIQL,1,4,626296,actor,29.413702553138137,True,0.248487,0.020322,0.92079,0.020647,0.219531,0.021459,0.198046,0.016597,4.189825,0.080083
GCIQL,2,0,626296,actor,15.248810173943639,True,0.117947,0.022229,0.82272,0.041523,0.0875,0.019935,0.45808,0.086634,3.521757,0.166827
GCIQL,2,1,626296,actor,15.248810173943639,True,0.10688,0.019129,0.810763,0.062647,0.077734,0.021112,0.51272,0.100479,3.429432,0.161365
GCIQL,2,2,626296,actor,15.248810173943639,True,0.118005,0.019887,0.792346,0.061563,0.083594,0.019331,0.460798,0.082659,3.534776,0.148015
GCIQL,2,3,626296,actor,15.248810173943639,True,0.117429,0.023511,0.805779,0.049001,0.085156,0.021772,0.465568,0.099343,3.516022,0.179888
GCIQL,2,4,626296,actor,15.248810173943639,True,0.110707,0.018613,0.817628,0.030137,0.080078,0.014293,0.491845,0.085011,3.473278,0.158049
GCIQL,3,0,626296,actor,14.235662519931793,True,0.142276,0.015535,0.814911,0.040086,0.104297,0.012222,0.370602,0.044997,3.697061,0.105369
GCIQL,3,1,626296,actor,14.235662519931793,True,0.168793,0.017084,0.813917,0.04849,0.123828,0.019922,0.313518,0.038603,3.869393,0.084782
GCIQL,3,2,626296,actor,14.235662519931793,True,0.097663,0.016071,0.736716,0.046182,0.062109,0.014897,0.569198,0.107292,3.366705,0.132169
GCIQL,3,3,626296,actor,14.235662519931793,True,0.331156,0.023844,0.881627,0.028178,0.275,0.026697,0.151264,0.011677,4.497177,0.069291
GCIQL,3,4,626296,actor,14.235662519931793,True,0.080448,0.019285,0.848606,0.08918,0.062891,0.020293,0.662704,0.147051,3.10983,0.207916
GCIQL,4,0,626296,actor,8.20920355618,True,0.082268,0.019965,0.697276,0.18744,0.049219,0.021881,0.675914,0.131884,3.297484,0.171346
GCIQL,4,1,626296,actor,8.20920355618,True,0.076967,0.019441,0.677197,0.17542,0.044531,0.021332,0.708493,0.12707,3.234061,0.178982
GCIQL,4,2,626296,actor,8.20920355618,True,0.080494,0.019099,0.687066,0.174782,0.047266,0.022055,0.688825,0.127645,3.286783,0.167595
GCIQL,4,3,626296,actor,8.20920355618,True,0.080852,0.020132,0.685092,0.154403,0.046875,0.021632,0.678781,0.127382,3.288218,0.175249
GCIQL,4,4,626296,actor,8.20920355618,True,0.077513,0.018787,0.683298,0.151696,0.044141,0.018693,0.706133,0.115791,3.260011,0.168405
GCIQL,5,0,626296,actor,22.19628875143826,True,0.29325,0.008371,0.92553,0.024285,0.260938,0.010052,0.166397,0.005308,4.359335,0.02617
GCIQL,5,1,626296,actor,22.19628875143826,True,0.099737,0.017732,0.864956,0.032876,0.080078,0.014411,0.521776,0.099376,3.307176,0.172188
GCIQL,5,2,626296,actor,22.19628875143826,True,0.10509,0.019916,0.907559,0.041356,0.090234,0.015674,0.484333,0.088519,3.332295,0.18489
GCIQL,5,3,626296,actor,22.19628875143826,True,0.267508,0.022094,0.929274,0.016935,0.238672,0.022885,0.183894,0.016345,4.267526,0.078804
GCIQL,5,4,626296,actor,22.19628875143826,True,0.122886,0.024721,0.897159,0.039131,0.103906,0.021092,0.421,0.093394,3.496359,0.198385
GCIQL,6,0,626296,actor,23.148290505632758,True,0.105971,0.017598,0.89,0.038608,0.088672,0.018141,0.48556,0.084439,3.372645,0.146644
GCIQL,6,1,626296,actor,23.148290505632758,True,0.077612,0.020703,0.851028,0.059507,0.061719,0.022082,0.68162,0.159341,3.041597,0.252464
GCIQL,6,2,626296,actor,23.148290505632758,True,0.167392,0.017877,0.832899,0.036691,0.127344,0.016695,0.310816,0.038322,3.841854,0.099108
GCIQL,6,3,626296,actor,23.148290505632758,True,0.148611,0.012367,0.886123,0.013496,0.122656,0.011079,0.340951,0.029042,3.717482,0.078042
GCIQL,6,4,626296,actor,23.148290505632758,True,0.116965,0.022036,0.881467,0.053331,0.097656,0.023073,0.442194,0.093592,3.45757,0.170732
GCIQL,7,0,626296,actor,7.374560963362455,True,0.077887,0.010794,0.679294,0.112215,0.042969,0.012758,0.715221,0.061693,3.252076,0.108403
GCIQL,7,1,626296,actor,7.374560963362455,True,0.110914,0.014185,0.529663,0.073192,0.042578,0.012684,0.575458,0.065517,3.662325,0.091631
GCIQL,7,2,626296,actor,7.374560963362455,True,0.071629,0.016867,0.641009,0.085709,0.036328,0.010586,0.755023,0.084049,3.174632,0.209611
GCIQL,7,3,626296,actor,7.374560963362455,True,0.070752,0.01189,0.619592,0.126186,0.035156,0.011646,0.778588,0.084966,3.176729,0.169299
GCIQL,7,4,626296,actor,7.374560963362455,True,0.070047,0.014834,0.699749,0.07093,0.040625,0.013431,0.762653,0.100105,3.139605,0.181086
GCIQL,8,0,626296,actor,3.7747031170874834,True,0.05322,0.012792,0.553158,0.157061,0.021484,0.013437,0.764919,0.085547,3.283893,0.210539
GCIQL,8,1,626296,actor,3.7747031170874834,True,0.048843,0.012868,0.551789,0.162299,0.019922,0.011712,0.791047,0.077472,3.173123,0.194155
GCIQL,8,2,626296,actor,3.7747031170874834,True,0.050288,0.012055,0.562545,0.147923,0.020312,0.010706,0.776295,0.07681,3.243082,0.199141
GCIQL,8,3,626296,actor,3.7747031170874834,True,0.049828,0.015302,0.566609,0.129416,0.020703,0.012222,0.784976,0.077674,3.173914,0.196525
GCIQL,8,4,626296,actor,3.7747031170874834,True,0.048161,0.013301,0.545323,0.155328,0.019141,0.012414,0.781095,0.082186,3.193158,0.207606
GCIQL,9,0,626296,actor,25.700786858797073,True,0.131249,0.019233,0.87616,0.054985,0.108203,0.019837,0.389634,0.06322,3.566135,0.138985
GCIQL,9,1,626296,actor,25.700786858797073,True,0.089507,0.013745,0.89891,0.052503,0.076562,0.014523,0.564979,0.091508,3.172258,0.152484
GCIQL,9,2,626296,actor,25.700786858797073,True,0.219712,0.01821,0.928288,0.022496,0.196875,0.016695,0.22241,0.019262,4.062583,0.084323
GCIQL,9,3,626296,actor,25.700786858797073,True,0.303811,0.018339,0.919815,0.022276,0.267188,0.014048,0.161751,0.008953,4.396311,0.059932
GCIQL,9,4,626296,actor,25.700786858797073,True,0.158701,0.024034,0.883808,0.049696,0.133203,0.026713,0.320365,0.054353,3.750538,0.146832
GCIQL,10,0,626296,actor,19.182371702045202,True,0.1395,0.021136,0.852268,0.041276,0.109766,0.018178,0.37208,0.056873,3.661002,0.137468
GCIQL,10,1,626296,actor,19.182371702045202,True,0.116648,0.018568,0.829897,0.0355,0.087891,0.016902,0.456019,0.080318,3.486137,0.144682
GCIQL,10,2,626296,actor,19.182371702045202,True,0.116093,0.021168,0.828759,0.070253,0.088672,0.020674,0.453384,0.078575,3.477624,0.159756
GCIQL,10,3,626296,actor,19.182371702045202,True,0.127187,0.022376,0.836093,0.044001,0.096875,0.019986,0.416986,0.069765,3.575515,0.157357
GCIQL,10,4,626296,actor,19.182371702045202,True,0.11302,0.013181,0.847457,0.072035,0.0875,0.017585,0.464534,0.062652,3.466888,0.110137
GCIQL,11,0,626296,actor,10.410134112462401,True,0.094228,0.017502,0.757034,0.061078,0.063281,0.016756,0.584731,0.128632,3.319537,0.148877
GCIQL,11,1,626296,actor,10.410134112462401,True,0.205934,0.025629,0.7519,0.039442,0.135547,0.023296,0.265604,0.037125,4.088804,0.102227
GCIQL,11,2,626296,actor,10.410134112462401,True,0.142874,0.020589,0.730852,0.07798,0.090625,0.0213,0.390754,0.063464,3.737726,0.129821
GCIQL,11,3,626296,actor,10.410134112462401,True,0.120978,0.029294,0.766608,0.073595,0.080859,0.022706,0.47458,0.133089,3.566786,0.237009
GCIQL,11,4,626296,actor,10.410134112462401,True,0.193867,0.018559,0.831143,0.042866,0.146875,0.019418,0.268208,0.025616,3.994826,0.087275
GCIQL,12,0,626296,actor,12.144599100574851,True,0.073628,0.013142,0.800657,0.063551,0.052734,0.013183,0.728264,0.124912,3.07979,0.156534
GCIQL,12,1,626296,actor,12.144599100574851,True,0.063217,0.015667,0.770937,0.092342,0.042578,0.015346,0.806468,0.128059,2.963994,0.205841
GCIQL,12,2,626296,actor,12.144599100574851,True,0.089557,0.011589,0.775449,0.07196,0.060938,0.014639,0.613232,0.094565,3.315522,0.091143
GCIQL,12,3,626296,actor,12.144599100574851,True,0.08026,0.01405,0.799987,0.059439,0.057812,0.014,0.672024,0.120894,3.151142,0.147625
GCIQL,12,4,626296,actor,12.144599100574851,True,0.143482,0.025528,0.752789,0.060439,0.093359,0.021823,0.393671,0.080726,3.753018,0.162731
GCIQL,13,0,626296,actor,18.372586648911238,True,0.096779,0.009718,0.884334,0.03374,0.080078,0.008286,0.521851,0.048654,3.2818,0.100175
GCIQL,13,1,626296,actor,18.372586648911238,True,0.172679,0.019779,0.828305,0.041596,0.131641,0.02116,0.301093,0.043253,3.869046,0.108782
GCIQL,13,2,626296,actor,18.372586648911238,True,0.143831,0.027055,0.837907,0.051924,0.110938,0.023668,0.369398,0.081437,3.680562,0.178211
GCIQL,13,3,626296,actor,18.372586648911238,True,0.087942,0.013092,0.858351,0.050101,0.069141,0.011359,0.59486,0.097357,3.203694,0.147581
GCIQL,13,4,626296,actor,18.372586648911238,True,0.176139,0.037998,0.873874,0.040767,0.144922,0.03816,0.29658,0.059894,3.865193,0.186224
GCIQL,14,0,626296,actor,26.73670493066311,True,0.145257,0.024503,0.881481,0.05924,0.119531,0.023014,0.355367,0.059489,3.672868,0.167086
GCIQL,14,1,626296,actor,26.73670493066311,True,0.14279,0.02318,0.890614,0.037988,0.119922,0.02233,0.357538,0.058864,3.654807,0.162487
GCIQL,14,2,626296,actor,26.73670493066311,True,0.144382,0.022219,0.887296,0.045367,0.120703,0.020951,0.352832,0.05531,3.666513,0.151266
GCIQL,14,3,626296,actor,26.73670493066311,True,0.146209,0.023925,0.87204,0.058397,0.120703,0.024941,0.349084,0.05967,3.675548,0.163121
GCIQL,14,4,626296,actor,26.73670493066311,True,0.144831,0.024924,0.878107,0.040399,0.119922,0.024154,0.354169,0.062749,3.666468,0.169575
GCIQL,15,0,626296,actor,3.663464980199933,True,0.060489,0.007851,0.27355,0.131172,0.008594,0.007084,0.689654,0.04575,3.541103,0.11436
GCIQL,15,1,626296,actor,3.663464980199933,True,0.04369,0.009264,0.352782,0.184619,0.008203,0.005353,0.716192,0.056618,3.3322,0.199886
GCIQL,15,2,626296,actor,3.663464980199933,True,0.024551,0.003854,0.466226,0.132433,0.007031,0.00359,0.858258,0.032726,2.618015,0.139814
GCIQL,15,3,626296,actor,3.663464980199933,True,0.057175,0.009898,0.442442,0.120596,0.015234,0.006231,0.746473,0.03299,3.309584,0.116354
GCIQL,15,4,626296,actor,3.663464980199933,True,0.049325,0.008739,0.306337,0.174941,0.007422,0.006231,0.688097,0.059344,3.47034,0.195572
GCIQL,16,0,626296,actor,2.0249173510819674,True,0.096011,0.114007,0.315913,0.252603,0.007422,0.006753,0.625777,0.192924,3.755332,0.68303
GCIQL,16,1,626296,actor,2.0249173510819674,True,0.090755,0.102659,0.304974,0.23555,0.007031,0.006052,0.628053,0.187735,3.747037,0.669739
GCIQL,16,2,626296,actor,2.0249173510819674,True,0.092802,0.113845,0.337376,0.250725,0.007812,0.006639,0.627464,0.188146,3.742177,0.672163
GCIQL,16,3,626296,actor,2.0249173510819674,True,0.09648,0.116718,0.336595,0.247275,0.007812,0.006639,0.623208,0.191182,3.758852,0.679588
GCIQL,16,4,626296,actor,2.0249173510819674,True,0.095726,0.115319,0.305185,0.23452,0.007031,0.006052,0.625073,0.190121,3.755052,0.680791
GCIQL,17,0,626296,actor,27.43775524199009,True,0.153508,0.024628,0.915226,0.02761,0.134766,0.024585,0.325636,0.045648,3.701844,0.141801
GCIQL,17,1,626296,actor,27.43775524199009,True,0.272082,0.01784,0.947385,0.01453,0.250781,0.016137,0.177745,0.011772,4.267833,0.064857
GCIQL,17,2,626296,actor,27.43775524199009,True,0.069451,0.011338,0.916944,0.082383,0.061719,0.014358,0.712952,0.116842,2.907479,0.156877
GCIQL,17,3,626296,actor,27.43775524199009,True,0.192813,0.014224,0.898008,0.023277,0.163672,0.015123,0.258804,0.020191,3.951269,0.063449
GCIQL,17,4,626296,actor,27.43775524199009,True,0.146207,0.028975,0.885717,0.042331,0.121094,0.02351,0.354797,0.06958,3.673065,0.190835
GCIQL,18,0,626296,actor,17.198207806795835,True,0.071295,0.012525,0.871559,0.079188,0.058203,0.013957,0.717021,0.13085,2.974463,0.163563
GCIQL,18,1,626296,actor,17.198207806795835,True,0.106345,0.021856,0.809449,0.049064,0.077734,0.018456,0.515583,0.13809,3.398212,0.215229
GCIQL,18,2,626296,actor,17.198207806795835,True,0.103938,0.017472,0.844398,0.051908,0.080078,0.016801,0.514103,0.109976,3.385108,0.159994
GCIQL,18,3,626296,actor,17.198207806795835,True,0.084024,0.011626,0.846968,0.054534,0.064453,0.009253,0.625359,0.081621,3.169098,0.129744
GCIQL,18,4,626296,actor,17.198207806795835,True,0.183217,0.036088,0.844823,0.048031,0.141406,0.031777,0.291663,0.06057,3.931584,0.179652
GCIQL,19,0,626296,actor,12.381480624899268,True,0.148437,0.019195,0.815638,0.045191,0.108984,0.015995,0.357337,0.05332,3.739235,0.120284
GCIQL,19,1,626296,actor,12.381480624899268,True,0.127903,0.016395,0.754701,0.084208,0.085156,0.022082,0.434196,0.081324,3.63656,0.101561
GCIQL,19,2,626296,actor,12.381480624899268,True,0.131442,0.03014,0.768922,0.053872,0.088672,0.022178,0.431075,0.120136,3.630255,0.212053
GCIQL,19,3,626296,actor,12.381480624899268,True,0.069194,0.008496,0.799918,0.058343,0.048828,0.009068,0.766141,0.091082,3.041321,0.093736
GCIQL,19,4,626296,actor,12.381480624899268,True,0.132011,0.030254,0.807247,0.051642,0.095703,0.024654,0.41752,0.096658,3.611014,0.216814
GCIQL,20,0,626296,actor,10.173685317859054,True,0.10052,0.018,0.754316,0.081446,0.064844,0.018433,0.571345,0.111387,3.443341,0.143673
GCIQL,20,1,626296,actor,10.173685317859054,True,0.086082,0.01718,0.787039,0.082418,0.059766,0.019317,0.651675,0.134753,3.275787,0.155803
GCIQL,20,2,626296,actor,10.173685317859054,True,0.084255,0.019963,0.790635,0.118278,0.058984,0.021431,0.66327,0.149623,3.259211,0.174647
GCIQL,20,3,626296,actor,10.173685317859054,True,0.092166,0.019341,0.724019,0.107462,0.057422,0.018873,0.618719,0.129408,3.352694,0.165871
GCIQL,20,4,626296,actor,10.173685317859054,True,0.08138,0.016388,0.759598,0.099642,0.053906,0.019901,0.687057,0.131854,3.236654,0.136602
GCIQL,21,0,626296,actor,20.356317814439535,True,0.146784,0.026547,0.88956,0.034719,0.123828,0.024571,0.350676,0.079922,3.66963,0.181896
GCIQL,21,1,626296,actor,20.356317814439535,True,0.10694,0.02337,0.877388,0.047008,0.088281,0.024924,0.48974,0.098642,3.370634,0.189049
GCIQL,21,2,626296,actor,20.356317814439535,True,0.089411,0.014782,0.815948,0.070646,0.066016,0.013208,0.594625,0.09421,3.218099,0.154905
GCIQL,21,3,626296,actor,20.356317814439535,True,0.325948,0.034207,0.909487,0.02314,0.282422,0.031897,0.152631,0.016898,4.466499,0.103175
GCIQL,21,4,626296,actor,20.356317814439535,True,0.156421,0.031513,0.861349,0.031326,0.124609,0.025479,0.339172,0.087122,3.747833,0.21742
GCIQL,22,0,626296,actor,25.00016212463379,True,0.149325,0.027337,0.893881,0.044389,0.125391,0.023686,0.343887,0.061141,3.701096,0.167035
GCIQL,22,1,626296,actor,25.00016212463379,True,0.137138,0.022472,0.899102,0.018072,0.115625,0.019418,0.373378,0.060181,3.623321,0.154508
GCIQL,22,2,626296,actor,25.00016212463379,True,0.154125,0.02605,0.86754,0.03706,0.125391,0.027216,0.335361,0.05769,3.74153,0.152278
GCIQL,22,3,626296,actor,25.00016212463379,True,0.136614,0.025012,0.865374,0.04985,0.110547,0.025184,0.380632,0.069499,3.612746,0.172119
GCIQL,22,4,626296,actor,25.00016212463379,True,0.140641,0.02303,0.866307,0.062216,0.113672,0.021901,0.367307,0.062283,3.648872,0.15479
GCIQL,23,0,626296,actor,5.412825169041753,True,0.039834,0.0091,0.652493,0.097871,0.020703,0.006902,0.907109,0.032741,2.626966,0.212951
GCIQL,23,1,626296,actor,5.412825169041753,True,0.046721,0.007851,0.559011,0.134381,0.019531,0.007812,0.866227,0.036022,2.83705,0.171965
GCIQL,23,2,626296,actor,5.412825169041753,True,0.052181,0.010059,0.5168,0.18652,0.017969,0.007412,0.807623,0.04025,3.060618,0.173141
GCIQL,23,3,626296,actor,5.412825169041753,True,0.177567,0.016752,0.558672,0.084184,0.075,0.020323,0.360136,0.050263,4.091138,0.062421
GCIQL,23,4,626296,actor,5.412825169041753,True,0.105719,0.010001,0.544464,0.109252,0.041016,0.012923,0.595942,0.044727,3.676557,0.071821
GCIQL,24,0,626296,actor,5.731402616947889,True,0.053609,0.010361,0.651388,0.089057,0.026953,0.00947,0.827446,0.044444,3.038489,0.11075
GCIQL,24,1,626296,actor,5.731402616947889,True,0.038588,0.011156,0.691241,0.080798,0.021484,0.0056,0.904721,0.033708,2.629299,0.212954
GCIQL,24,2,626296,actor,5.731402616947889,True,0.070176,0.011876,0.607812,0.125077,0.031641,0.009822,0.757369,0.067617,3.327763,0.133158
GCIQL,24,3,626296,actor,5.731402616947889,True,0.079635,0.009202,0.562159,0.154842,0.032031,0.015603,0.693449,0.045522,3.493022,0.076313
GCIQL,24,4,626296,actor,5.731402616947889,True,0.063877,0.013571,0.580799,0.093727,0.028516,0.01236,0.778918,0.053583,3.193839,0.137456
GCIQL,25,0,626296,actor,23.853949746116996,True,0.17135,0.025376,0.893792,0.023712,0.145703,0.023003,0.294328,0.048701,3.820305,0.153664
GCIQL,25,1,626296,actor,23.853949746116996,True,0.204514,0.020673,0.88578,0.042738,0.171484,0.024599,0.24631,0.03418,4.013,0.106017
GCIQL,25,2,626296,actor,23.853949746116996,True,0.157618,0.029615,0.89797,0.037315,0.133594,0.027732,0.327259,0.067403,3.745046,0.182851
GCIQL,25,3,626296,actor,23.853949746116996,True,0.105115,0.011507,0.860614,0.033179,0.083984,0.008286,0.485311,0.058861,3.359613,0.103249
GCIQL,25,4,626296,actor,23.853949746116996,True,0.152148,0.037019,0.928367,0.03586,0.135938,0.036262,0.341025,0.090432,3.681595,0.244959
GCIQL,26,0,626296,actor,21.02646161802113,True,0.134078,0.023588,0.868659,0.041908,0.108203,0.02315,0.388593,0.066761,3.613581,0.164986
GCIQL,26,1,626296,actor,21.02646161802113,True,0.125939,0.021396,0.852851,0.029311,0.099219,0.018524,0.414577,0.071714,3.548898,0.15912
GCIQL,26,2,626296,actor,21.02646161802113,True,0.135174,0.020701,0.867593,0.042703,0.108984,0.022284,0.384182,0.062119,3.62455,0.146296
GCIQL,26,3,626296,actor,21.02646161802113,True,0.132549,0.024434,0.862214,0.051461,0.10625,0.024897,0.395744,0.076267,3.595952,0.172146
GCIQL,26,4,626296,actor,21.02646161802113,True,0.129882,0.023797,0.861915,0.053712,0.103516,0.022647,0.404905,0.078235,3.582567,0.170247
GCIQL,27,0,626296,actor,8.441531583666801,True,0.153372,0.020845,0.762159,0.042442,0.100781,0.016654,0.361576,0.049752,3.829412,0.116216
GCIQL,27,1,626296,actor,8.441531583666801,True,0.101731,0.012004,0.650355,0.0728,0.051953,0.010586,0.593984,0.072641,3.532006,0.094877
GCIQL,27,2,626296,actor,8.441531583666801,True,0.075319,0.021666,0.710858,0.103518,0.045312,0.015755,0.732185,0.146925,3.121454,0.224771
GCIQL,27,3,626296,actor,8.441531583666801,True,0.037488,0.010057,0.739885,0.128535,0.022656,0.007084,0.927615,0.016294,2.522444,0.2139
GCIQL,27,4,626296,actor,8.441531583666801,True,0.058179,0.007167,0.792501,0.095626,0.040625,0.010449,0.854097,0.052959,2.884925,0.111925
GCIQL,28,0,626296,actor,14.003817290067673,True,0.114128,0.021929,0.818581,0.049824,0.083203,0.018511,0.478388,0.090923,3.501117,0.167801
GCIQL,28,1,626296,actor,14.003817290067673,True,0.103275,0.018804,0.77896,0.061737,0.071094,0.01947,0.537966,0.105581,3.40989,0.161476
GCIQL,28,2,626296,actor,14.003817290067673,True,0.113303,0.019517,0.787424,0.065017,0.079297,0.020756,0.486581,0.092251,3.507953,0.148912
GCIQL,28,3,626296,actor,14.003817290067673,True,0.111865,0.02302,0.780192,0.067598,0.077344,0.022235,0.498721,0.108006,3.484616,0.181657
GCIQL,28,4,626296,actor,14.003817290067673,True,0.105227,0.017792,0.798626,0.060102,0.074219,0.016053,0.520296,0.090598,3.4362,0.158449
GCIQL,29,0,626296,actor,16.418154509738088,True,0.191552,0.023061,0.845807,0.034523,0.150781,0.022643,0.267716,0.037348,3.958287,0.110911
GCIQL,29,1,626296,actor,16.418154509738088,True,0.077258,0.015713,0.821164,0.039031,0.057422,0.013285,0.69297,0.138239,3.086513,0.188016
GCIQL,29,2,626296,actor,16.418154509738088,True,0.070967,0.012181,0.820737,0.090912,0.052734,0.012658,0.741163,0.115045,3.011553,0.165777
GCIQL,29,3,626296,actor,16.418154509738088,True,0.217087,0.03008,0.860751,0.034767,0.173438,0.028835,0.238287,0.03895,4.087664,0.124908
GCIQL,29,4,626296,actor,16.418154509738088,True,0.074487,0.02017,0.842784,0.068085,0.057812,0.017156,0.712379,0.163978,3.017494,0.233725
GCIQL,30,0,626296,actor,28.708533262833953,True,0.177116,0.013207,0.891327,0.036033,0.15,0.017777,0.281091,0.024218,3.868156,0.075526
GCIQL,30,1,626296,actor,28.708533262833953,True,0.131081,0.018069,0.882665,0.038716,0.108594,0.017057,0.387979,0.052037,3.574302,0.12496
GCIQL,30,2,626296,actor,28.708533262833953,True,0.138175,0.017698,0.8804,0.024627,0.113672,0.015995,0.368528,0.044471,3.630737,0.127124
GCIQL,30,3,626296,actor,28.708533262833953,True,0.170356,0.013791,0.881643,0.042711,0.141016,0.017022,0.295484,0.023253,3.839695,0.074053
GCIQL,30,4,626296,actor,28.708533262833953,True,0.124876,0.013762,0.906845,0.0401,0.107031,0.01238,0.401478,0.044642,3.525817,0.108334
GCIQL,31,0,626296,actor,1.8307976983487606,True,0.112393,0.084158,0.097525,0.128176,0.001562,0.002017,0.496988,0.143938,4.165993,0.548743
GCIQL,31,1,626296,actor,1.8307976983487606,True,0.142023,0.096391,0.071955,0.1178,0.001172,0.001887,0.398792,0.092963,4.482212,0.351021
GCIQL,31,2,626296,actor,1.8307976983487606,True,0.12246,0.119518,0.101628,0.163958,0.001172,0.001887,0.450709,0.130576,4.275701,0.528889
GCIQL,31,3,626296,actor,1.8307976983487606,True,0.082245,0.076754,0.129277,0.167801,0.001562,0.002017,0.514032,0.08515,4.120679,0.354412
GCIQL,31,4,626296,actor,1.8307976983487606,True,0.085456,0.106295,0.26123,0.201586,0.003906,0.003683,0.54362,0.142172,3.902866,0.554301
GCIQL,32,0,626296,actor,1.36062853038311,True,0.173467,0.217421,0.159443,0.182244,0.002734,0.003216,0.485535,0.19662,4.221591,0.67544
GCIQL,32,1,626296,actor,1.36062853038311,True,0.166774,0.204417,0.145661,0.162071,0.002344,0.002731,0.474592,0.187711,4.259312,0.648805
GCIQL,32,2,626296,actor,1.36062853038311,True,0.17606,0.214297,0.166784,0.187091,0.002734,0.003216,0.464714,0.181468,4.304665,0.633706
GCIQL,32,3,626296,actor,1.36062853038311,True,0.171408,0.212647,0.143707,0.169321,0.002344,0.002731,0.474469,0.189887,4.256084,0.665528
GCIQL,32,4,626296,actor,1.36062853038311,True,0.174865,0.220908,0.173476,0.196809,0.002734,0.003216,0.46957,0.183604,4.26843,0.645507
GCIQL,33,0,626296,actor,28.239257829263806,True,0.153989,0.016628,0.933508,0.023882,0.138281,0.016997,0.320323,0.035651,3.71633,0.099305
GCIQL,33,1,626296,actor,28.239257829263806,True,0.293868,0.03437,0.943818,0.024335,0.270312,0.035981,0.165946,0.019574,4.340364,0.112061
GCIQL,33,2,626296,actor,28.239257829263806,True,0.139075,0.011753,0.879013,0.042569,0.114844,0.011962,0.361328,0.030128,3.626622,0.084137
GCIQL,33,3,626296,actor,28.239257829263806,True,0.213706,0.026596,0.903859,0.021004,0.184375,0.0273,0.234047,0.032537,4.044056,0.114428
GCIQL,33,4,626296,actor,28.239257829263806,True,0.139514,0.027549,0.895618,0.040221,0.118359,0.02598,0.369205,0.078192,3.616839,0.193483
GCIQL,34,0,626296,actor,15.94901486299932,True,0.12625,0.014942,0.802456,0.053705,0.091406,0.018155,0.422018,0.059547,3.589177,0.100293
GCIQL,34,1,626296,actor,15.94901486299932,True,0.073901,0.016736,0.84507,0.064519,0.057422,0.018693,0.723351,0.152159,3.050442,0.189317
GCIQL,34,2,626296,actor,15.94901486299932,True,0.117042,0.01304,0.787808,0.058245,0.081641,0.013712,0.460072,0.0558,3.538586,0.10309
GCIQL,34,3,626296,actor,15.94901486299932,True,0.197862,0.009833,0.788083,0.029362,0.1375,0.010384,0.269584,0.01543,4.049811,0.043632
GCIQL,34,4,626296,actor,15.94901486299932,True,0.130016,0.018613,0.82937,0.053092,0.097266,0.017416,0.408755,0.060206,3.616005,0.136948
GCIQL,35,0,626296,actor,13.53374121710658,True,0.104837,0.018981,0.849391,0.054223,0.081641,0.018178,0.508753,0.114416,3.378859,0.16885
GCIQL,35,1,626296,actor,13.53374121710658,True,0.164177,0.027845,0.809553,0.018906,0.120312,0.022985,0.325926,0.063255,3.827863,0.158141
GCIQL,35,2,626296,actor,13.53374121710658,True,0.131698,0.023928,0.817202,0.056985,0.096875,0.022688,0.414368,0.098,3.623958,0.191931
GCIQL,35,3,626296,actor,13.53374121710658,True,0.15192,0.021056,0.802475,0.045185,0.108984,0.019352,0.354514,0.061903,3.770228,0.123114
GCIQL,35,4,626296,actor,13.53374121710658,True,0.201576,0.031685,0.819751,0.022492,0.150391,0.026381,0.262953,0.048601,4.028326,0.155101
GCIQL,36,0,626296,actor,8.911700751632452,True,0.064475,0.013345,0.718617,0.094307,0.038672,0.011269,0.805116,0.103623,3.038563,0.163847
GCIQL,36,1,626296,actor,8.911700751632452,True,0.047552,0.015454,0.745248,0.093222,0.030078,0.011359,0.881522,0.099785,2.704083,0.240836
GCIQL,36,2,626296,actor,8.911700751632452,True,0.08927,0.013987,0.687127,0.073944,0.049219,0.012242,0.657668,0.102131,3.410058,0.114175
GCIQL,36,3,626296,actor,8.911700751632452,True,0.084289,0.011125,0.714306,0.082114,0.050391,0.013712,0.66862,0.094546,3.317822,0.087811
GCIQL,36,4,626296,actor,8.911700751632452,True,0.074292,0.016276,0.708157,0.115592,0.045312,0.018248,0.714708,0.115607,3.162503,0.174394
GCIQL,37,0,626296,actor,21.495737051591277,True,0.161252,0.021634,0.918939,0.021266,0.141797,0.02116,0.311113,0.056616,3.764862,0.137967
GCIQL,37,1,626296,actor,21.495737051591277,True,0.223909,0.02175,0.882422,0.030755,0.185156,0.019243,0.225467,0.023227,4.111125,0.090882
GCIQL,37,2,626296,actor,21.495737051591277,True,0.166304,0.030113,0.847958,0.040906,0.131641,0.029922,0.312886,0.054188,3.814145,0.160342
GCIQL,37,3,626296,actor,21.495737051591277,True,0.17949,0.021745,0.882977,0.039219,0.149609,0.022254,0.281568,0.037743,3.879952,0.112007
GCIQL,37,4,626296,actor,21.495737051591277,True,0.151208,0.031154,0.878641,0.042431,0.124219,0.023782,0.342452,0.067566,3.704195,0.203444
GCIQL,38,0,626296,actor,24.323089392855763,True,0.141089,0.023899,0.88647,0.049413,0.116406,0.02138,0.366548,0.060974,3.652406,0.164804
GCIQL,38,1,626296,actor,24.323089392855763,True,0.134487,0.021976,0.881386,0.051208,0.110938,0.022643,0.383685,0.064972,3.602369,0.158362
GCIQL,38,2,626296,actor,24.323089392855763,True,0.141442,0.021081,0.860751,0.06921,0.114062,0.022911,0.363025,0.056085,3.652687,0.146965
GCIQL,38,3,626296,actor,24.323089392855763,True,0.141602,0.024297,0.866508,0.039039,0.114844,0.022718,0.365011,0.065943,3.650661,0.166171
GCIQL,38,4,626296,actor,24.323089392855763,True,0.138963,0.02449,0.874695,0.055668,0.113672,0.0239,0.37325,0.068513,3.634329,0.169864
GCIQL,39,0,626296,actor,6.201478689908981,True,0.183846,0.021357,0.615855,0.057851,0.088281,0.013304,0.331116,0.040149,4.065881,0.094643
GCIQL,39,1,626296,actor,6.201478689908981,True,0.079715,0.009339,0.566197,0.094938,0.033203,0.008079,0.722955,0.049976,3.37332,0.107043
GCIQL,39,2,626296,actor,6.201478689908981,True,0.131198,0.02877,0.685353,0.078323,0.076172,0.026953,0.454658,0.108742,3.682962,0.189852
GCIQL,39,3,626296,actor,6.201478689908981,True,0.080046,0.009836,0.538606,0.106785,0.03125,0.011049,0.703576,0.041617,3.36916,0.101508
GCIQL,39,4,626296,actor,6.201478689908981,True,0.044373,0.01314,0.641777,0.148474,0.022266,0.010425,0.874138,0.050616,2.788784,0.209587
GCIQL,40,0,626296,actor,4.945381572470069,True,0.061677,0.014381,0.577673,0.157782,0.027734,0.015782,0.772292,0.088921,3.244037,0.166526
GCIQL,40,1,626296,actor,4.945381572470069,True,0.056058,0.015194,0.605621,0.175668,0.027344,0.016263,0.802662,0.091608,3.114015,0.17186
GCIQL,40,2,626296,actor,4.945381572470069,True,0.056894,0.015817,0.569484,0.148902,0.025,0.01238,0.794568,0.068464,3.156958,0.15393
GCIQL,40,3,626296,actor,4.945381572470069,True,0.059434,0.01667,0.650262,0.184331,0.031641,0.018178,0.778606,0.088079,3.172381,0.192282
GCIQL,40,4,626296,actor,4.945381572470069,True,0.056678,0.014962,0.616312,0.159159,0.027344,0.015841,0.788775,0.092076,3.163235,0.184458
GCIQL,41,0,626296,actor,24.53182501718402,True,0.17031,0.026283,0.903974,0.03205,0.146875,0.023307,0.294839,0.045683,3.814724,0.152461
GCIQL,41,1,626296,actor,24.53182501718402,True,0.163778,0.020163,0.891166,0.065912,0.138672,0.021651,0.305644,0.037511,3.781901,0.125138
GCIQL,41,2,626296,actor,24.53182501718402,True,0.14163,0.014417,0.893174,0.034079,0.119922,0.016268,0.354078,0.042281,3.640484,0.093172
GCIQL,41,3,626296,actor,24.53182501718402,True,0.139997,0.016953,0.903119,0.034444,0.120312,0.016654,0.358301,0.053816,3.629131,0.122946
GCIQL,41,4,626296,actor,24.53182501718402,True,0.225408,0.033673,0.907877,0.011278,0.195312,0.029806,0.223243,0.039579,4.091337,0.155908
GCIQL,42,0,626296,actor,19.888073578476906,True,0.137148,0.021491,0.850859,0.053137,0.107812,0.021959,0.380255,0.060601,3.641764,0.1462
GCIQL,42,1,626296,actor,19.888073578476906,True,0.124134,0.018623,0.83025,0.047146,0.094531,0.018303,0.42263,0.067282,3.542486,0.140222
GCIQL,42,2,626296,actor,19.888073578476906,True,0.128822,0.024627,0.854248,0.034624,0.100391,0.019751,0.411444,0.073681,3.58449,0.167379
GCIQL,42,3,626296,actor,19.888073578476906,True,0.121695,0.021934,0.843484,0.034157,0.094141,0.020293,0.434669,0.07769,3.526036,0.164161
GCIQL,42,4,626296,actor,19.888073578476906,True,0.126021,0.019441,0.835246,0.050944,0.095703,0.016598,0.418592,0.064859,3.565364,0.144774
GCIQL,43,0,626296,actor,9.706377731636167,True,0.100554,0.016945,0.78805,0.062661,0.071094,0.016346,0.540773,0.107115,3.362845,0.146003
GCIQL,43,1,626296,actor,9.706377731636167,True,0.073208,0.017845,0.69828,0.080668,0.043359,0.015456,0.73411,0.12193,3.131948,0.197936
GCIQL,43,2,626296,actor,9.706377731636167,True,0.034722,0.013203,0.717947,0.11408,0.021484,0.011239,0.936742,0.02801,2.409205,0.275284
GCIQL,43,3,626296,actor,9.706377731636167,True,0.389628,0.021306,0.886852,0.02408,0.326172,0.023383,0.127887,0.007246,4.65746,0.051786
GCIQL,43,4,626296,actor,9.706377731636167,True,0.086333,0.018961,0.741735,0.076011,0.055078,0.018819,0.655039,0.143516,3.265472,0.184648
GCIQL,44,0,626296,actor,12.848924221470952,True,0.104225,0.021413,0.788063,0.056907,0.073047,0.02108,0.534799,0.114319,3.4312,0.173559
GCIQL,44,1,626296,actor,12.848924221470952,True,0.101548,0.020298,0.788043,0.07029,0.071094,0.0213,0.550134,0.11979,3.407084,0.171106
GCIQL,44,2,626296,actor,12.848924221470952,True,0.105124,0.021241,0.769853,0.056692,0.071094,0.020817,0.537751,0.119744,3.4395,0.168495
GCIQL,44,3,626296,actor,12.848924221470952,True,0.104677,0.022546,0.780389,0.065951,0.072266,0.021573,0.537675,0.122103,3.431155,0.183314
GCIQL,44,4,626296,actor,12.848924221470952,True,0.101718,0.020406,0.780004,0.079588,0.069922,0.02151,0.55236,0.113158,3.411063,0.174322
GCIQL,45,0,626296,actor,17.666544914245605,True,0.302087,0.025212,0.898779,0.028289,0.256641,0.024013,0.16527,0.014037,4.402598,0.079246
GCIQL,45,1,626296,actor,17.666544914245605,True,0.186582,0.022793,0.842763,0.033932,0.145312,0.024276,0.276965,0.035279,3.939162,0.100767
GCIQL,45,2,626296,actor,17.666544914245605,True,0.069675,0.024195,0.858659,0.079455,0.055859,0.022024,0.758563,0.205442,2.914749,0.310829
GCIQL,45,3,626296,actor,17.666544914245605,True,0.107124,0.018234,0.852459,0.041046,0.085156,0.017352,0.484188,0.085171,3.374845,0.167344
GCIQL,45,4,626296,actor,17.666544914245605,True,0.118785,0.023107,0.867446,0.044334,0.096094,0.021881,0.447393,0.129098,3.477211,0.199649
GCIQL,46,0,626296,actor,27.90599947795272,True,0.106948,0.016666,0.897645,0.045307,0.091406,0.016074,0.471931,0.07525,3.358569,0.145363
GCIQL,46,1,626296,actor,27.90599947795272,True,0.092893,0.017756,0.865001,0.066848,0.074219,0.017372,0.570389,0.129501,3.235025,0.207768
GCIQL,46,2,626296,actor,27.90599947795272,True,0.132442,0.008857,0.874038,0.041942,0.107422,0.009068,0.382946,0.024363,3.600954,0.074195
GCIQL,46,3,626296,actor,27.90599947795272,True,0.112697,0.013648,0.904415,0.047506,0.096875,0.016552,0.446347,0.058359,3.41757,0.117333
GCIQL,46,4,626296,actor,27.90599947795272,True,0.193149,0.028376,0.902115,0.023444,0.164453,0.027649,0.263508,0.042914,3.954254,0.142335
GCIQL,47,0,626296,actor,2.4922249373048544,True,0.037711,0.005792,0.399154,0.102096,0.008203,0.004299,0.731686,0.074371,3.284864,0.22106
GCIQL,47,1,626296,actor,2.4922249373048544,True,0.054813,0.019402,0.341981,0.181634,0.007812,0.004872,0.618444,0.110092,3.730831,0.357222
GCIQL,47,2,626296,actor,2.4922249373048544,True,0.06064,0.038456,0.302216,0.202291,0.007031,0.005143,0.666957,0.127459,3.587471,0.484573
GCIQL,47,3,626296,actor,2.4922249373048544,True,0.030596,0.004049,0.461853,0.085808,0.007812,0.002604,0.74849,0.053814,3.143602,0.198852
GCIQL,47,4,626296,actor,2.4922249373048544,True,0.050267,0.013223,0.398553,0.178941,0.011328,0.007,0.705322,0.07614,3.457448,0.256441
GCIQL,48,0,626296,actor,3.194190775975585,True,0.030174,0.006762,0.554547,0.152521,0.012109,0.007469,0.852013,0.049254,2.757107,0.169075
GCIQL,48,1,626296,actor,3.194190775975585,True,0.035014,0.005545,0.484631,0.122074,0.010547,0.004138,0.777607,0.050033,3.074567,0.172935
GCIQL,48,2,626296,actor,3.194190775975585,True,0.035868,0.007725,0.526942,0.133031,0.013281,0.007412,0.800892,0.066227,3.024174,0.150859
GCIQL,48,3,626296,actor,3.194190775975585,True,0.033493,0.006603,0.506881,0.104611,0.010938,0.004802,0.80451,0.061704,2.977944,0.176061
GCIQL,48,4,626296,actor,3.194190775975585,True,0.052343,0.009849,0.4971,0.150441,0.016016,0.007,0.739753,0.057287,3.375501,0.179226
GCIQL,49,0,626296,actor,26.266536321491003,True,0.219557,0.023319,0.926181,0.018824,0.195312,0.019661,0.224311,0.022717,4.064123,0.105953
GCIQL,49,1,626296,actor,26.266536321491003,True,0.237119,0.024712,0.915829,0.021431,0.207031,0.02429,0.209788,0.023719,4.151212,0.103574
GCIQL,49,2,626296,actor,26.266536321491003,True,0.169715,0.033738,0.91378,0.038769,0.148828,0.035442,0.301906,0.068118,3.80717,0.197133
GCIQL,49,3,626296,actor,26.266536321491003,True,0.096304,0.011663,0.909454,0.034206,0.083203,0.012082,0.520545,0.063621,3.259765,0.121445
GCIQL,49,4,626296,actor,26.266536321491003,True,0.21303,0.036095,0.92962,0.010624,0.190234,0.034403,0.235411,0.039468,4.026682,0.165847
GCIQL,50,0,626296,actor,17.902510911226273,True,0.124278,0.022027,0.826786,0.052072,0.09375,0.022097,0.428914,0.077277,3.555555,0.165055
GCIQL,50,1,626296,actor,17.902510911226273,True,0.122489,0.02237,0.82823,0.031013,0.092578,0.019751,0.434346,0.079825,3.537607,0.168574
GCIQL,50,2,626296,actor,17.902510911226273,True,0.124082,0.022048,0.822664,0.0548,0.093359,0.022436,0.429934,0.080173,3.551253,0.161084
GCIQL,50,3,626296,actor,17.902510911226273,True,0.124843,0.023528,0.81883,0.039723,0.092969,0.02114,0.429625,0.085557,3.557224,0.171797
GCIQL,50,4,626296,actor,17.902510911226273,True,0.124252,0.023225,0.822086,0.051926,0.092969,0.020489,0.429714,0.081303,3.554114,0.173707
GCIQL,51,0,626296,actor,11.6754609066993,True,0.143697,0.01571,0.784025,0.073898,0.100391,0.018327,0.372125,0.042033,3.717811,0.102389
GCIQL,51,1,626296,actor,11.6754609066993,True,0.105179,0.017903,0.744458,0.084174,0.068359,0.019854,0.538122,0.113313,3.448648,0.140815
GCIQL,51,2,626296,actor,11.6754609066993,True,0.068588,0.012905,0.78714,0.104163,0.047656,0.013507,0.765229,0.11247,3.023045,0.171377
GCIQL,51,3,626296,actor,11.6754609066993,True,0.162861,0.018718,0.747719,0.049995,0.104297,0.017953,0.341501,0.038744,3.881913,0.101671
GCIQL,51,4,626296,actor,11.6754609066993,True,0.061195,0.012955,0.747651,0.122118,0.040234,0.011941,0.823516,0.104264,2.886655,0.182599
GCIQL,52,0,626296,actor,10.87940831668675,True,0.100572,0.019609,0.758868,0.08433,0.066016,0.018547,0.565414,0.113683,3.424238,0.163144
GCIQL,52,1,626296,actor,10.87940831668675,True,0.089489,0.01862,0.772251,0.111513,0.060156,0.020768,0.635026,0.137621,3.320831,0.163892
GCIQL,52,2,626296,actor,10.87940831668675,True,0.099258,0.019346,0.7419,0.076487,0.063281,0.02106,0.580178,0.127051,3.427581,0.152541
GCIQL,52,3,626296,actor,10.87940831668675,True,0.094577,0.022055,0.760989,0.090583,0.0625,0.020003,0.606539,0.1475,3.360747,0.189867
GCIQL,52,4,626296,actor,10.87940831668675,True,0.093272,0.01619,0.737274,0.126306,0.059375,0.020817,0.605803,0.108625,3.363583,0.145849
GCIQL,53,0,626296,actor,19.652540311217308,True,0.085053,0.019745,0.900754,0.042783,0.072656,0.018061,0.607974,0.125992,3.125246,0.215305
GCIQL,53,1,626296,actor,19.652540311217308,True,0.167261,0.025132,0.863061,0.020166,0.133984,0.021478,0.308474,0.04616,3.820819,0.138998
GCIQL,53,2,626296,actor,19.652540311217308,True,0.068056,0.021124,0.846484,0.107909,0.053906,0.020489,0.760452,0.186569,2.921491,0.275183
GCIQL,53,3,626296,actor,19.652540311217308,True,0.291646,0.030142,0.894279,0.019635,0.246875,0.030692,0.171864,0.018705,4.365582,0.089666
GCIQL,53,4,626296,actor,19.652540311217308,True,0.110765,0.021649,0.855875,0.04739,0.088672,0.020674,0.478062,0.130161,3.401695,0.207408
GCIQL,54,0,626296,actor,26.17086259648204,True,0.174796,0.021524,0.874838,0.036189,0.144141,0.021667,0.289178,0.037057,3.858544,0.116564
GCIQL,54,1,626296,actor,26.17086259648204,True,0.140301,0.019849,0.884128,0.03572,0.116797,0.018178,0.361839,0.052109,3.639712,0.133598
GCIQL,54,2,626296,actor,26.17086259648204,True,0.138994,0.021652,0.886533,0.029075,0.116016,0.019141,0.365713,0.051305,3.632719,0.143575
GCIQL,54,3,626296,actor,26.17086259648204,True,0.141328,0.022486,0.889934,0.036141,0.118359,0.022024,0.361658,0.057777,3.650938,0.137992
GCIQL,54,4,626296,actor,26.17086259648204,True,0.111039,0.012857,0.873426,0.046528,0.090234,0.013079,0.460202,0.053764,3.415051,0.109812
GCIQL,55,0,626296,actor,4.243841310963035,True,0.066157,0.014421,0.527809,0.106746,0.025391,0.011683,0.760191,0.044614,3.218524,0.125613
GCIQL,55,1,626296,actor,4.243841310963035,True,0.042371,0.010029,0.33618,0.207791,0.007422,0.005026,0.757851,0.065699,3.148799,0.241803
GCIQL,55,2,626296,actor,4.243841310963035,True,0.048318,0.005391,0.456042,0.081408,0.013281,0.003774,0.770028,0.030022,3.183946,0.068694
GCIQL,55,3,626296,actor,4.243841310963035,True,0.080907,0.01607,0.405987,0.190157,0.020703,0.012897,0.682129,0.052573,3.56385,0.135853
GCIQL,55,4,626296,actor,4.243841310963035,True,0.081838,0.008809,0.451211,0.136213,0.023828,0.011566,0.680219,0.031054,3.55585,0.089542
GCIQL,56,0,626296,actor,6.906222403049469,True,0.075096,0.017944,0.654613,0.183599,0.040625,0.018248,0.720639,0.112152,3.265032,0.172963
GCIQL,56,1,626296,actor,6.906222403049469,True,0.068439,0.017897,0.668309,0.154712,0.0375,0.018248,0.756748,0.109382,3.186539,0.176911
GCIQL,56,2,626296,actor,6.906222403049469,True,0.071985,0.018374,0.655489,0.120765,0.039062,0.018414,0.731008,0.109153,3.243951,0.158423
GCIQL,56,3,626296,actor,6.906222403049469,True,0.071945,0.019383,0.660452,0.139472,0.038672,0.018271,0.730216,0.107094,3.238153,0.178885
GCIQL,56,4,626296,actor,6.906222403049469,True,0.069308,0.016541,0.66206,0.186885,0.0375,0.017585,0.75253,0.096575,3.215185,0.164542
GCIQL,57,0,626296,actor,22.680846573784947,True,0.122727,0.02047,0.887894,0.039738,0.102734,0.020509,0.417828,0.072298,3.496695,0.1575
GCIQL,57,1,626296,actor,22.680846573784947,True,0.131947,0.027338,0.926306,0.016217,0.117578,0.026265,0.384065,0.075369,3.550382,0.198641
GCIQL,57,2,626296,actor,22.680846573784947,True,0.084508,0.016946,0.866963,0.056494,0.06875,0.020104,0.625637,0.138335,3.142455,0.162209
GCIQL,57,3,626296,actor,22.680846573784947,True,0.312547,0.024675,0.929348,0.016415,0.280859,0.026136,0.156146,0.012601,4.412332,0.075324
GCIQL,57,4,626296,actor,22.680846573784947,True,0.120134,0.020576,0.896217,0.037911,0.101953,0.019614,0.424261,0.071573,3.475928,0.161254
GCIQL,58,0,626296,actor,21.72898060642183,True,0.125737,0.015828,0.847892,0.045186,0.098438,0.016552,0.411712,0.055317,3.54942,0.113477
GCIQL,58,1,626296,actor,21.72898060642183,True,0.077206,0.017765,0.875514,0.050132,0.063281,0.019207,0.683265,0.152566,3.052161,0.205527
GCIQL,58,2,626296,actor,21.72898060642183,True,0.16112,0.020833,0.830153,0.061928,0.121484,0.015995,0.324243,0.040925,3.807586,0.127805
GCIQL,58,3,626296,actor,21.72898060642183,True,0.211459,0.010146,0.857253,0.037962,0.167188,0.015926,0.241629,0.015561,4.076822,0.04331
GCIQL,58,4,626296,actor,21.72898060642183,True,0.151651,0.022671,0.854974,0.038904,0.120312,0.02138,0.341675,0.056107,3.728726,0.144825
GCIQL,59,0,626296,actor,7.7409580908715725,True,0.120744,0.015476,0.722827,0.071084,0.073047,0.012222,0.472014,0.066996,3.615571,0.110594
GCIQL,59,1,626296,actor,7.7409580908715725,True,0.115379,0.012019,0.592714,0.075415,0.052734,0.012658,0.536693,0.072141,3.652659,0.084982
GCIQL,59,2,626296,actor,7.7409580908715725,True,0.090242,0.020761,0.636001,0.058073,0.045312,0.012103,0.658968,0.118351,3.395252,0.20076
GCIQL,59,3,626296,actor,7.7409580908715725,True,0.073307,0.010269,0.629078,0.09254,0.035938,0.008793,0.754992,0.054454,3.206827,0.117409
GCIQL,59,4,626296,actor,7.7409580908715725,True,0.078913,0.021929,0.672652,0.110116,0.04375,0.017547,0.715734,0.134004,3.225015,0.231688
GCIQL,60,0,626296,actor,14.70400108024478,True,0.136677,0.020178,0.772876,0.025875,0.092969,0.01645,0.399187,0.060603,3.682968,0.122002
GCIQL,60,1,626296,actor,14.70400108024478,True,0.108937,0.016559,0.811575,0.06058,0.078906,0.016346,0.49617,0.080303,3.459646,0.131649
GCIQL,60,2,626296,actor,14.70400108024478,True,0.110296,0.019005,0.817485,0.045032,0.080859,0.019405,0.492806,0.091087,3.472323,0.138449
GCIQL,60,3,626296,actor,14.70400108024478,True,0.11108,0.016432,0.789364,0.04227,0.077734,0.016101,0.489813,0.078062,3.484721,0.127638
GCIQL,60,4,626296,actor,14.70400108024478,True,0.087002,0.012743,0.856061,0.064585,0.068359,0.015867,0.60496,0.095299,3.227059,0.11247
GCIQL,61,0,626296,actor,15.71625410579145,True,0.15442,0.015967,0.873497,0.039335,0.125781,0.019295,0.331284,0.042579,3.752761,0.087287
GCIQL,61,1,626296,actor,15.71625410579145,True,0.326707,0.026506,0.898781,0.026902,0.278125,0.024692,0.152494,0.013548,4.476455,0.080913
GCIQL,61,2,626296,actor,15.71625410579145,True,0.134353,0.024801,0.833177,0.052323,0.101953,0.024111,0.399345,0.077906,3.631987,0.165433
GCIQL,61,3,626296,actor,15.71625410579145,True,0.166021,0.022565,0.841269,0.029275,0.127344,0.018887,0.315337,0.043695,3.83677,0.124536
GCIQL,61,4,626296,actor,15.71625410579145,True,0.174071,0.021657,0.842771,0.043798,0.135156,0.023088,0.299116,0.047307,3.87326,0.11888
GCIQL,62,0,626296,actor,29.88101069815457,True,0.155725,0.029307,0.893673,0.034836,0.131641,0.026624,0.32861,0.060646,3.730457,0.1755
GCIQL,62,1,626296,actor,29.88101069815457,True,0.143987,0.024675,0.890708,0.038071,0.121094,0.02225,0.354352,0.060603,3.653967,0.164267
GCIQL,62,2,626296,actor,29.88101069815457,True,0.161035,0.025033,0.889995,0.038726,0.135156,0.024719,0.316424,0.049091,3.773659,0.148287
GCIQL,62,3,626296,actor,29.88101069815457,True,0.152699,0.027063,0.900639,0.044952,0.130469,0.025595,0.333407,0.058784,3.708414,0.173715
GCIQL,62,4,626296,actor,29.88101069815457,True,0.147671,0.024019,0.889294,0.053424,0.123828,0.022406,0.345271,0.05521,3.684734,0.15343
GCIQL,63,0,626296,actor,0.6563747674226761,True,0.636048,0.17143,0.0,0.0,0.0,0.0,0.159417,0.057947,5.350323,0.134307
GCIQL,63,1,626296,actor,0.6563747674226761,True,0.537023,0.279014,0.03428,0.108404,0.000391,0.001235,0.193371,0.103947,5.190731,0.39135
GCIQL,63,2,626296,actor,0.6563747674226761,True,0.7502,0.083047,0.0,0.0,0.0,0.0,0.124289,0.020353,5.413442,0.034758
GCIQL,63,3,626296,actor,0.6563747674226761,True,0.469765,0.201911,0.0,0.0,0.0,0.0,0.195831,0.071399,5.235159,0.248737
GCIQL,63,4,626296,actor,0.6563747674226761,True,0.714078,0.152826,0.0,0.0,0.0,0.0,0.12983,0.030035,5.387355,0.065994
GCIVL,0,0,42964,actor,6.991138877347112,True,0.349113,0.030558,0.723798,0.032803,0.216406,0.027325,0.158469,0.015438,4.630358,0.075269
GCIVL,0,1,42964,actor,6.991138877347112,True,0.348343,0.03092,0.730273,0.033122,0.21875,0.02756,0.158207,0.016118,4.625378,0.076096
GCIVL,0,2,42964,actor,6.991138877347112,True,0.347719,0.032716,0.723567,0.033654,0.214844,0.025846,0.159471,0.015856,4.627007,0.082531
GCIVL,0,3,42964,actor,6.991138877347112,True,0.349118,0.033423,0.723955,0.031256,0.216406,0.026761,0.158561,0.016802,4.629445,0.081045
GCIVL,0,4,42964,actor,6.991138877347112,True,0.346375,0.031973,0.728925,0.032782,0.214844,0.023796,0.160487,0.015902,4.625986,0.080368
GCIVL,1,0,42964,actor,24.389093779027462,True,0.549273,0.037307,0.94869,0.011752,0.508594,0.038264,0.087834,0.005965,4.969103,0.063485
GCIVL,1,1,42964,actor,24.389093779027462,True,0.539792,0.034922,0.943079,0.015055,0.495312,0.038309,0.089678,0.006269,4.953741,0.061008
GCIVL,1,2,42964,actor,24.389093779027462,True,0.550369,0.034852,0.952947,0.01372,0.5125,0.039486,0.087555,0.005719,4.971175,0.059683
GCIVL,1,3,42964,actor,24.389093779027462,True,0.551003,0.036784,0.947012,0.012482,0.507422,0.035728,0.087848,0.005862,4.974944,0.061173
GCIVL,1,4,42964,actor,24.389093779027462,True,0.547692,0.041473,0.947946,0.01009,0.507422,0.041928,0.088088,0.00701,4.963227,0.073577
GCIVL,2,0,42964,actor,16.67136532254517,True,0.512546,0.031514,0.918174,0.017356,0.451953,0.036692,0.095676,0.006213,4.914083,0.057122
GCIVL,2,1,42964,actor,16.67136532254517,True,0.510058,0.03597,0.920238,0.00941,0.450391,0.037288,0.096314,0.007293,4.910117,0.064126
GCIVL,2,2,42964,actor,16.67136532254517,True,0.512799,0.037244,0.920231,0.017676,0.453125,0.041093,0.095788,0.007364,4.915043,0.066748
GCIVL,2,3,42964,actor,16.67136532254517,True,0.510994,0.035478,0.919542,0.011554,0.450781,0.038897,0.09618,0.007284,4.911395,0.063084
GCIVL,2,4,42964,actor,16.67136532254517,True,0.512953,0.035086,0.916329,0.015362,0.451172,0.039974,0.095756,0.006994,4.915289,0.062277
GCIVL,3,0,42964,actor,11.948344968259335,True,0.463687,0.036886,0.876549,0.031944,0.382422,0.045942,0.108526,0.010354,4.835137,0.068342
GCIVL,3,1,42964,actor,11.948344968259335,True,0.458516,0.037531,0.870419,0.024946,0.372656,0.038722,0.110409,0.010296,4.827681,0.074194
GCIVL,3,2,42964,actor,11.948344968259335,True,0.450715,0.029231,0.873079,0.02498,0.367578,0.034324,0.112014,0.008292,4.814268,0.057521
GCIVL,3,3,42964,actor,11.948344968259335,True,0.45324,0.033345,0.868419,0.019122,0.367969,0.030581,0.11127,0.008864,4.814162,0.06953
GCIVL,3,4,42964,actor,11.948344968259335,True,0.459501,0.030888,0.867556,0.029511,0.372266,0.033199,0.109861,0.008318,4.828623,0.060463
GCIVL,4,0,42964,actor,10.640251049771905,True,0.440187,0.032429,0.846731,0.035306,0.345312,0.039201,0.115893,0.009748,4.794956,0.065891
GCIVL,4,1,42964,actor,10.640251049771905,True,0.440471,0.034101,0.841569,0.041129,0.342969,0.041291,0.116071,0.010237,4.795075,0.069562
GCIVL,4,2,42964,actor,10.640251049771905,True,0.441274,0.033671,0.840342,0.033164,0.343359,0.038426,0.115687,0.009907,4.796805,0.069043
GCIVL,4,3,42964,actor,10.640251049771905,True,0.441169,0.033951,0.846228,0.041869,0.345703,0.041432,0.115799,0.010248,4.796461,0.06904
GCIVL,4,4,42964,actor,10.640251049771905,True,0.441419,0.034063,0.846881,0.0356,0.346094,0.039331,0.115671,0.009975,4.797005,0.068934
GCIVL,5,0,42964,actor,20.79955503344536,True,0.520431,0.024643,0.947957,0.007586,0.480078,0.024041,0.092758,0.004494,4.918934,0.046244
GCIVL,5,1,42964,actor,20.79955503344536,True,0.504161,0.038223,0.937303,0.015659,0.458203,0.035471,0.096366,0.006984,4.889197,0.072135
GCIVL,5,2,42964,actor,20.79955503344536,True,0.515383,0.028826,0.950096,0.014526,0.477344,0.032096,0.093621,0.005441,4.909477,0.054298
GCIVL,5,3,42964,actor,20.79955503344536,True,0.52377,0.031057,0.948043,0.017184,0.483594,0.037639,0.092313,0.00606,4.926155,0.056653
GCIVL,5,4,42964,actor,20.79955503344536,True,0.522019,0.023879,0.939073,0.011706,0.475,0.027013,0.092912,0.004798,4.925065,0.042643
GCIVL,6,0,42964,actor,28.022798309102654,True,0.561685,0.029889,0.959348,0.012305,0.528516,0.033097,0.085344,0.004668,4.986916,0.051385
GCIVL,6,1,42964,actor,28.022798309102654,True,0.559993,0.032236,0.956697,0.013258,0.524609,0.036877,0.085798,0.005032,4.985152,0.056169
GCIVL,6,2,42964,actor,28.022798309102654,True,0.564483,0.035087,0.955009,0.009523,0.527344,0.036505,0.085222,0.005394,4.991934,0.059278
GCIVL,6,3,42964,actor,28.022798309102654,True,0.558148,0.031491,0.957512,0.010751,0.523438,0.036365,0.086059,0.005019,4.98213,0.054298
GCIVL,6,4,42964,actor,28.022798309102654,True,0.563858,0.031781,0.956327,0.015145,0.528906,0.038371,0.085078,0.005027,4.990725,0.05402
GCIVL,7,0,42964,actor,0.5374525487422943,True,0.839895,0.030112,0.0,0.0,0.0,0.0,0.105051,0.010801,5.463226,0.010066
GCIVL,7,1,42964,actor,0.5374525487422943,True,0.850588,0.029977,0.0,0.0,0.0,0.0,0.103171,0.011024,5.468864,0.010383
GCIVL,7,2,42964,actor,0.5374525487422943,True,0.852762,0.03399,0.0,0.0,0.0,0.0,0.100562,0.008813,5.46953,0.010407
GCIVL,7,3,42964,actor,0.5374525487422943,True,0.834091,0.045708,0.0,0.0,0.0,0.0,0.105858,0.011164,5.462014,0.01445
GCIVL,7,4,42964,actor,0.5374525487422943,True,0.837281,0.059732,0.0,0.0,0.0,0.0,0.104315,0.013953,5.465159,0.018662
GCIVL,8,0,42964,actor,3.452520305290818,True,0.183624,0.017253,0.316609,0.099431,0.032031,0.012047,0.429408,0.032096,4.328668,0.083154
GCIVL,8,1,42964,actor,3.452520305290818,True,0.184056,0.017898,0.324049,0.109891,0.033594,0.013557,0.426644,0.034113,4.322212,0.084831
GCIVL,8,2,42964,actor,3.452520305290818,True,0.183475,0.017573,0.305586,0.100858,0.030859,0.011418,0.42999,0.032991,4.326967,0.08625
GCIVL,8,3,42964,actor,3.452520305290818,True,0.183692,0.017546,0.303534,0.100088,0.030859,0.012138,0.429647,0.033026,4.327676,0.084075
GCIVL,8,4,42964,actor,3.452520305290818,True,0.184096,0.017601,0.303113,0.099595,0.030469,0.011617,0.430208,0.033635,4.331999,0.0825
GCIVL,9,0,42964,actor,28.916267082095146,True,0.548908,0.033751,0.968699,0.009294,0.522656,0.035459,0.087212,0.0055,4.962905,0.058716
GCIVL,9,1,42964,actor,28.916267082095146,True,0.548576,0.03002,0.970474,0.010568,0.523047,0.030171,0.08722,0.004865,4.964443,0.053612
GCIVL,9,2,42964,actor,28.916267082095146,True,0.556637,0.024853,0.958602,0.007954,0.522656,0.025701,0.086142,0.003873,4.980007,0.043318
GCIVL,9,3,42964,actor,28.916267082095146,True,0.540486,0.033468,0.961026,0.007696,0.509375,0.032796,0.088751,0.005466,4.948975,0.059108
GCIVL,9,4,42964,actor,28.916267082095146,True,0.55377,0.03097,0.956777,0.008456,0.51875,0.032254,0.086738,0.005086,4.973839,0.054034
GCIVL,10,0,42964,actor,19.759544664993882,True,0.532923,0.035725,0.932828,0.016321,0.480859,0.039685,0.09139,0.006245,4.945465,0.062141
GCIVL,10,1,42964,actor,19.759544664993882,True,0.518184,0.034689,0.939194,0.011264,0.471484,0.035851,0.093825,0.00667,4.920062,0.062806
GCIVL,10,2,42964,actor,19.759544664993882,True,0.526496,0.038891,0.933915,0.01125,0.475781,0.040293,0.092549,0.007111,4.933746,0.068597
GCIVL,10,3,42964,actor,19.759544664993882,True,0.524747,0.038941,0.944843,0.014585,0.480859,0.043477,0.092682,0.007191,4.931453,0.067454
GCIVL,10,4,42964,actor,19.759544664993882,True,0.527695,0.037883,0.938799,0.011942,0.480078,0.041969,0.092186,0.006641,4.936638,0.066599
GCIVL,11,0,42964,actor,7.871610447764397,True,0.381802,0.027017,0.764706,0.024242,0.256641,0.023513,0.140536,0.011015,4.695259,0.064309
GCIVL,11,1,42964,actor,7.871610447764397,True,0.378868,0.030135,0.770648,0.038946,0.258984,0.034304,0.141006,0.013263,4.682623,0.070084
GCIVL,11,2,42964,actor,7.871610447764397,True,0.381668,0.037812,0.76671,0.025415,0.257812,0.033804,0.141164,0.015478,4.691884,0.086275
GCIVL,11,3,42964,actor,7.871610447764397,True,0.382801,0.031772,0.771106,0.018215,0.261328,0.026713,0.13947,0.012914,4.692336,0.073818
GCIVL,11,4,42964,actor,7.871610447764397,True,0.377358,0.032755,0.759904,0.030091,0.251563,0.023452,0.142511,0.012269,4.682812,0.078625
GCIVL,12,0,42964,actor,14.541204320266843,True,0.495329,0.034371,0.893246,0.03574,0.421094,0.048152,0.100242,0.008088,4.887172,0.061251
GCIVL,12,1,42964,actor,14.541204320266843,True,0.491477,0.037535,0.902064,0.011349,0.422266,0.038865,0.100805,0.00812,4.879999,0.06916
GCIVL,12,2,42964,actor,14.541204320266843,True,0.494443,0.041042,0.895789,0.023645,0.421875,0.048685,0.10049,0.009311,4.885645,0.073139
GCIVL,12,3,42964,actor,14.541204320266843,True,0.49315,0.037354,0.904014,0.016936,0.425391,0.038646,0.100266,0.00805,4.881774,0.068697
GCIVL,12,4,42964,actor,14.541204320266843,True,0.495989,0.038876,0.901798,0.01998,0.426562,0.045211,0.099905,0.008515,4.887978,0.069684
GCIVL,13,0,42964,actor,17.769969440996647,True,0.523979,0.035901,0.922345,0.023416,0.465234,0.03816,0.093373,0.006328,4.93363,0.064613
GCIVL,13,1,42964,actor,17.769969440996647,True,0.513076,0.037066,0.92304,0.016786,0.45625,0.038836,0.09539,0.007461,4.912606,0.065479
GCIVL,13,2,42964,actor,17.769969440996647,True,0.517512,0.038698,0.928394,0.016253,0.463672,0.042872,0.094452,0.007291,4.920916,0.068825
GCIVL,13,3,42964,actor,17.769969440996647,True,0.522023,0.037308,0.929356,0.012717,0.467578,0.037605,0.09367,0.00706,4.929925,0.06832
GCIVL,13,4,42964,actor,17.769969440996647,True,0.508148,0.038422,0.922375,0.014607,0.449609,0.030893,0.096626,0.007641,4.903852,0.074369
GCIVL,14,0,42964,actor,23.67140625603497,True,0.545454,0.032935,0.94842,0.008786,0.504297,0.032757,0.08847,0.005424,4.962308,0.058188
GCIVL,14,1,42964,actor,23.67140625603497,True,0.545427,0.03372,0.947745,0.009478,0.503906,0.03599,0.088522,0.005628,4.962486,0.05929
GCIVL,14,2,42964,actor,23.67140625603497,True,0.546368,0.033975,0.944774,0.012062,0.502734,0.033301,0.088416,0.005571,4.96375,0.059733
GCIVL,14,3,42964,actor,23.67140625603497,True,0.546349,0.033752,0.946255,0.012133,0.503516,0.032705,0.088407,0.005502,4.963845,0.059204
GCIVL,14,4,42964,actor,23.67140625603497,True,0.54651,0.033486,0.947009,0.014864,0.503906,0.032992,0.088403,0.005436,4.964196,0.059066
GCIVL,15,0,42964,actor,4.017477370798588,True,0.222032,0.016932,0.509888,0.06631,0.080859,0.019317,0.302352,0.033679,4.346933,0.054653
GCIVL,15,1,42964,actor,4.017477370798588,True,0.22641,0.025346,0.527992,0.033647,0.085156,0.012597,0.29516,0.038836,4.363044,0.083449
GCIVL,15,2,42964,actor,4.017477370798588,True,0.231062,0.030478,0.51852,0.067116,0.086328,0.02347,0.292111,0.047371,4.369321,0.095604
GCIVL,15,3,42964,actor,4.017477370798588,True,0.210059,0.023897,0.510094,0.075217,0.075391,0.019317,0.327121,0.056807,4.312798,0.076007
GCIVL,15,4,42964,actor,4.017477370798588,True,0.221377,0.022426,0.521226,0.031854,0.083203,0.012082,0.298184,0.038868,4.337485,0.079032
GCIVL,16,0,42964,actor,5.33909129910171,True,0.277362,0.026602,0.573571,0.044914,0.122656,0.020356,0.222853,0.026164,4.487052,0.07727
GCIVL,16,1,42964,actor,5.33909129910171,True,0.278003,0.02695,0.571623,0.052104,0.123047,0.021256,0.221651,0.027069,4.48713,0.078273
GCIVL,16,2,42964,actor,5.33909129910171,True,0.27765,0.026699,0.571305,0.046843,0.122656,0.020604,0.222027,0.02605,4.48723,0.078222
GCIVL,16,3,42964,actor,5.33909129910171,True,0.277676,0.026678,0.577753,0.05482,0.123828,0.02187,0.222614,0.026404,4.487796,0.078122
GCIVL,16,4,42964,actor,5.33909129910171,True,0.277513,0.026543,0.580992,0.047941,0.124219,0.02106,0.222997,0.025945,4.487582,0.078354
GCIVL,17,0,42964,actor,23.22957096621394,True,0.46747,0.039922,0.947152,0.015321,0.429688,0.039322,0.104107,0.009618,4.81955,0.079409
GCIVL,17,1,42964,actor,23.22957096621394,True,0.494497,0.034918,0.941711,0.012149,0.451172,0.03456,0.098354,0.007591,4.872819,0.067434
GCIVL,17,2,42964,actor,23.22957096621394,True,0.492576,0.035456,0.948816,0.012357,0.455078,0.040354,0.098356,0.007897,4.86597,0.068959
GCIVL,17,3,42964,actor,23.22957096621394,True,0.500364,0.0306,0.929269,0.014631,0.449609,0.027216,0.097188,0.005771,4.882993,0.059605
GCIVL,17,4,42964,actor,23.22957096621394,True,0.50399,0.035811,0.938518,0.015381,0.459375,0.037837,0.096299,0.007307,4.887148,0.06879
GCIVL,18,0,42964,actor,17.858353732153773,True,0.51707,0.032496,0.922014,0.01977,0.459375,0.040562,0.094584,0.006361,4.920624,0.057262
GCIVL,18,1,42964,actor,17.858353732153773,True,0.512971,0.03621,0.923284,0.014913,0.45625,0.040251,0.09542,0.007153,4.912987,0.06443
GCIVL,18,2,42964,actor,17.858353732153773,True,0.516717,0.038302,0.930826,0.016797,0.464062,0.043099,0.094634,0.007375,4.91927,0.067163
GCIVL,18,3,42964,actor,17.858353732153773,True,0.516543,0.037604,0.931811,0.016312,0.465234,0.041685,0.094461,0.007249,4.918268,0.065504
GCIVL,18,4,42964,actor,17.858353732153773,True,0.518168,0.039227,0.928028,0.018346,0.463672,0.0435,0.094442,0.007544,4.92292,0.066961
GCIVL,19,0,42964,actor,13.572926502674818,True,0.484299,0.034531,0.89725,0.022352,0.412109,0.034658,0.102582,0.007171,4.86942,0.064574
GCIVL,19,1,42964,actor,13.572926502674818,True,0.476111,0.032103,0.900512,0.020299,0.406641,0.033271,0.104343,0.007516,4.854415,0.061354
GCIVL,19,2,42964,actor,13.572926502674818,True,0.487045,0.038115,0.886411,0.025048,0.408203,0.036237,0.102412,0.008295,4.874774,0.070364
GCIVL,19,3,42964,actor,13.572926502674818,True,0.487649,0.031101,0.894997,0.016917,0.413281,0.026223,0.101857,0.00634,4.876091,0.061063
GCIVL,19,4,42964,actor,13.572926502674818,True,0.476792,0.034066,0.885823,0.022474,0.398828,0.031329,0.104636,0.00795,4.855378,0.068025
GCIVL,20,0,42964,actor,9.01472537778318,True,0.411743,0.032979,0.804628,0.019509,0.298828,0.024307,0.126953,0.010517,4.746416,0.071461
GCIVL,20,1,42964,actor,9.01472537778318,True,0.406626,0.033925,0.806395,0.021175,0.296484,0.030506,0.128522,0.011347,4.733554,0.074479
GCIVL,20,2,42964,actor,9.01472537778318,True,0.40962,0.037837,0.804525,0.017287,0.296875,0.033146,0.128244,0.012456,4.741976,0.082168
GCIVL,20,3,42964,actor,9.01472537778318,True,0.408948,0.035367,0.813559,0.023766,0.300391,0.033066,0.128079,0.011648,4.740693,0.076976
GCIVL,20,4,42964,actor,9.01472537778318,True,0.406108,0.035549,0.802849,0.026769,0.294141,0.029695,0.128924,0.011491,4.735864,0.078186
GCIVL,21,0,42964,actor,19.611679706722498,True,0.53429,0.032206,0.936684,0.017187,0.485156,0.037458,0.090895,0.005736,4.947224,0.056511
GCIVL,21,1,42964,actor,19.611679706722498,True,0.526281,0.035632,0.935918,0.010297,0.477344,0.036075,0.092347,0.006555,4.932956,0.065571
GCIVL,21,2,42964,actor,19.611679706722498,True,0.532631,0.040435,0.941008,0.01229,0.487109,0.044234,0.091131,0.007159,4.943151,0.071562
GCIVL,21,3,42964,actor,19.611679706722498,True,0.531799,0.038359,0.930195,0.009255,0.478125,0.039331,0.091689,0.006704,4.944191,0.066669
GCIVL,21,4,42964,actor,19.611679706722498,True,0.52322,0.038866,0.931344,0.021796,0.472266,0.045683,0.093075,0.007387,4.928293,0.070615
GCIVL,22,0,42964,actor,29.183208039030433,True,0.563173,0.030535,0.961607,0.008521,0.530859,0.031274,0.085154,0.004642,4.988731,0.053461
GCIVL,22,1,42964,actor,29.183208039030433,True,0.563113,0.031592,0.959182,0.008021,0.529297,0.03212,0.085206,0.00478,4.988603,0.054537
GCIVL,22,2,42964,actor,29.183208039030433,True,0.565494,0.033554,0.9574,0.009022,0.530078,0.035756,0.084976,0.005209,4.992766,0.057214
GCIVL,22,3,42964,actor,29.183208039030433,True,0.563562,0.030814,0.955327,0.013732,0.527734,0.034423,0.085131,0.00478,4.989462,0.053283
GCIVL,22,4,42964,actor,29.183208039030433,True,0.564277,0.031439,0.959659,0.009241,0.53125,0.031574,0.084925,0.004737,4.990213,0.054553
GCIVL,23,0,42964,actor,2.190444264560938,True,0.155512,0.023541,0.130931,0.063036,0.005859,0.00332,0.433084,0.062428,4.492556,0.150784
GCIVL,23,1,42964,actor,2.190444264560938,True,0.15762,0.044407,0.152588,0.111294,0.007031,0.005463,0.436611,0.048999,4.482454,0.141602
GCIVL,23,2,42964,actor,2.190444264560938,True,0.128155,0.011237,0.181914,0.066399,0.008203,0.00342,0.478096,0.029902,4.378323,0.080318
GCIVL,23,3,42964,actor,2.190444264560938,True,0.143372,0.033244,0.160606,0.107873,0.007031,0.004802,0.445381,0.045734,4.451578,0.119095
GCIVL,23,4,42964,actor,2.190444264560938,True,0.128854,0.021465,0.246914,0.089392,0.011719,0.005524,0.479334,0.046818,4.351934,0.10713
GCIVL,24,0,42964,actor,1.3262150343507528,True,0.289593,0.180148,0.015191,0.048037,0.000391,0.001235,0.294519,0.090236,4.932401,0.250423
GCIVL,24,1,42964,actor,1.3262150343507528,True,0.25559,0.190363,0.060941,0.104134,0.001562,0.002731,0.318242,0.099864,4.850212,0.288122
GCIVL,24,2,42964,actor,1.3262150343507528,True,0.274422,0.182563,0.015122,0.047821,0.000391,0.001235,0.302039,0.092497,4.905521,0.258108
GCIVL,24,3,42964,actor,1.3262150343507528,True,0.279193,0.19017,0.015327,0.048467,0.000391,0.001235,0.302286,0.09531,4.90479,0.265835
GCIVL,24,4,42964,actor,1.3262150343507528,True,0.279206,0.191024,0.014943,0.047254,0.000391,0.001235,0.302752,0.096618,4.903945,0.269367
GCIVL,25,0,42964,actor,26.355973798781633,True,0.557956,0.036013,0.953894,0.013379,0.521094,0.041307,0.086233,0.006072,4.982701,0.060431
GCIVL,25,1,42964,actor,26.355973798781633,True,0.549013,0.037836,0.950795,0.015174,0.509375,0.044431,0.087993,0.006378,4.968762,0.064513
GCIVL,25,2,42964,actor,26.355973798781633,True,0.559203,0.0294,0.948933,0.015058,0.517578,0.036002,0.086247,0.004994,4.98688,0.049182
GCIVL,25,3,42964,actor,26.355973798781633,True,0.54538,0.035606,0.95424,0.01383,0.508594,0.033794,0.088305,0.006063,4.959706,0.065058
GCIVL,25,4,42964,actor,26.355973798781633,True,0.551868,0.025543,0.952757,0.015784,0.514844,0.032827,0.086996,0.004428,4.971951,0.044997
GCIVL,26,0,42964,actor,22.350966101512313,True,0.540946,0.032195,0.94374,0.009228,0.496875,0.033744,0.089362,0.005469,4.955742,0.057194
GCIVL,26,1,42964,actor,22.350966101512313,True,0.540714,0.033695,0.938086,0.011742,0.492969,0.035171,0.089569,0.005843,4.955737,0.059238
GCIVL,26,2,42964,actor,22.350966101512313,True,0.542076,0.033838,0.93855,0.012848,0.494531,0.033613,0.089301,0.005677,4.957715,0.059675
GCIVL,26,3,42964,actor,22.350966101512313,True,0.541581,0.033291,0.94046,0.012557,0.495312,0.035267,0.089355,0.0056,4.956888,0.058783
GCIVL,26,4,42964,actor,22.350966101512313,True,0.542185,0.032654,0.940104,0.010283,0.495312,0.031884,0.089274,0.005372,4.957983,0.058209
GCIVL,27,0,42964,actor,9.96678801253438,True,0.435163,0.035082,0.846254,0.031458,0.340625,0.038397,0.117458,0.010358,4.784593,0.067868
GCIVL,27,1,42964,actor,9.96678801253438,True,0.429438,0.028281,0.843226,0.029104,0.334766,0.028649,0.118678,0.008313,4.772012,0.058975
GCIVL,27,2,42964,actor,9.96678801253438,True,0.425238,0.028063,0.834097,0.02222,0.325391,0.030871,0.120938,0.009406,4.768226,0.059805
GCIVL,27,3,42964,actor,9.96678801253438,True,0.42539,0.037318,0.84767,0.038483,0.333984,0.043116,0.120296,0.011874,4.760591,0.080095
GCIVL,27,4,42964,actor,9.96678801253438,True,0.432775,0.02966,0.844345,0.030821,0.337109,0.033907,0.118192,0.009162,4.780753,0.06266
GCIVL,28,0,42964,actor,12.445082617923617,True,0.469453,0.033809,0.882152,0.023521,0.389453,0.038187,0.106885,0.008216,4.845199,0.064898
GCIVL,28,1,42964,actor,12.445082617923617,True,0.469037,0.035658,0.884393,0.018004,0.390625,0.036365,0.106852,0.008785,4.843337,0.069141
GCIVL,28,2,42964,actor,12.445082617923617,True,0.470045,0.037403,0.875097,0.015679,0.386328,0.036246,0.106926,0.008984,4.846068,0.072066
GCIVL,28,3,42964,actor,12.445082617923617,True,0.470865,0.03548,0.877936,0.019594,0.389062,0.035905,0.106473,0.008584,4.846768,0.068525
GCIVL,28,4,42964,actor,12.445082617923617,True,0.470597,0.03632,0.879741,0.016865,0.389844,0.037549,0.106533,0.008864,4.846513,0.068712
GCIVL,29,0,42964,actor,15.177661087363958,True,0.498391,0.044988,0.90585,0.020026,0.430469,0.047764,0.099583,0.009668,4.893274,0.083915
GCIVL,29,1,42964,actor,15.177661087363958,True,0.495546,0.036261,0.911426,0.018757,0.43125,0.035953,0.099618,0.007587,4.885511,0.067704
GCIVL,29,2,42964,actor,15.177661087363958,True,0.495705,0.030246,0.897159,0.027117,0.423438,0.035382,0.099801,0.006878,4.888342,0.057939
GCIVL,29,3,42964,actor,15.177661087363958,True,0.492813,0.034061,0.90615,0.01894,0.426172,0.036246,0.100243,0.007622,4.880478,0.064831
GCIVL,29,4,42964,actor,15.177661087363958,True,0.492365,0.032489,0.911449,0.021257,0.427734,0.039548,0.10053,0.007889,4.882512,0.061072
GCIVL,30,0,42964,actor,26.23258645646274,True,0.552513,0.032091,0.944904,0.014357,0.508984,0.035709,0.087341,0.005156,4.974124,0.055355
GCIVL,30,1,42964,actor,26.23258645646274,True,0.545807,0.034602,0.950209,0.016242,0.505469,0.037476,0.088493,0.005776,4.963719,0.060034
GCIVL,30,2,42964,actor,26.23258645646274,True,0.550267,0.035497,0.950288,0.014931,0.510547,0.039582,0.08765,0.005825,4.970051,0.060056
GCIVL,30,3,42964,actor,26.23258645646274,True,0.551026,0.033844,0.95543,0.015541,0.514844,0.038176,0.087343,0.005371,4.971154,0.057621
GCIVL,30,4,42964,actor,26.23258645646274,True,0.554317,0.035156,0.947496,0.011261,0.512109,0.037982,0.087095,0.005618,4.977423,0.059213
GCIVL,31,0,42964,actor,6.144726779311895,True,0.320103,0.022976,0.663692,0.030687,0.174609,0.018873,0.179466,0.014304,4.577397,0.062904
GCIVL,31,1,42964,actor,6.144726779311895,True,0.320831,0.027302,0.671933,0.036006,0.177734,0.026445,0.179795,0.020026,4.575728,0.06925
GCIVL,31,2,42964,actor,6.144726779311895,True,0.316472,0.033664,0.681176,0.027553,0.176562,0.023058,0.183007,0.019789,4.569247,0.088446
GCIVL,31,3,42964,actor,6.144726779311895,True,0.325422,0.021984,0.655788,0.046648,0.174609,0.024982,0.17781,0.014849,4.590579,0.062558
GCIVL,31,4,42964,actor,6.144726779311895,True,0.314074,0.024537,0.642258,0.043764,0.163672,0.020625,0.185352,0.014662,4.563882,0.071584
GCIVL,32,0,42964,actor,5.7382584270089865,True,0.29614,0.029416,0.638361,0.038777,0.151562,0.023567,0.2005,0.02324,4.524834,0.08141
GCIVL,32,1,42964,actor,5.7382584270089865,True,0.298152,0.029905,0.652605,0.037927,0.156641,0.0239,0.198422,0.023896,4.527154,0.081654
GCIVL,32,2,42964,actor,5.7382584270089865,True,0.296703,0.029458,0.642665,0.038162,0.153125,0.022985,0.199601,0.02285,4.52495,0.082496
GCIVL,32,3,42964,actor,5.7382584270089865,True,0.297235,0.029501,0.637137,0.030367,0.151953,0.020789,0.199169,0.022665,4.525956,0.082063
GCIVL,32,4,42964,actor,5.7382584270089865,True,0.297617,0.02879,0.640906,0.03349,0.152344,0.019488,0.199533,0.022034,4.52849,0.080727
GCIVL,33,0,42964,actor,25.69416644051671,True,0.554349,0.02951,0.95492,0.01848,0.517188,0.036838,0.086864,0.005038,4.978922,0.048383
GCIVL,33,1,42964,actor,25.69416644051671,True,0.547119,0.039698,0.952667,0.012599,0.508594,0.036028,0.088208,0.006483,4.964235,0.072201
GCIVL,33,2,42964,actor,25.69416644051671,True,0.543794,0.037572,0.95403,0.009599,0.506641,0.039539,0.088694,0.006141,4.959646,0.064259
GCIVL,33,3,42964,actor,25.69416644051671,True,0.542357,0.027137,0.950658,0.016909,0.503906,0.033502,0.088712,0.004718,4.955607,0.048736
GCIVL,33,4,42964,actor,25.69416644051671,True,0.548992,0.026366,0.945608,0.009447,0.505469,0.029243,0.087942,0.004871,4.970179,0.046215
GCIVL,34,0,42964,actor,15.598836606368423,True,0.500533,0.03477,0.918744,0.01698,0.440625,0.042023,0.098377,0.007462,4.894656,0.061732
GCIVL,34,1,42964,actor,15.598836606368423,True,0.496917,0.036988,0.91443,0.014111,0.435156,0.036047,0.099066,0.007681,4.887319,0.067464
GCIVL,34,2,42964,actor,15.598836606368423,True,0.501345,0.039511,0.909126,0.024495,0.437109,0.047251,0.0983,0.008364,4.894638,0.070652
GCIVL,34,3,42964,actor,15.598836606368423,True,0.501719,0.037768,0.919727,0.008942,0.442969,0.03806,0.097916,0.007654,4.894694,0.067986
GCIVL,34,4,42964,actor,15.598836606368423,True,0.502328,0.040621,0.91111,0.013936,0.438281,0.042704,0.098168,0.008318,4.89762,0.071097
GCIVL,35,0,42964,actor,12.96868147328496,True,0.479162,0.031776,0.881871,0.030326,0.398438,0.033043,0.104242,0.007139,4.862076,0.061233
GCIVL,35,1,42964,actor,12.96868147328496,True,0.473687,0.032756,0.886186,0.015497,0.396484,0.027079,0.105206,0.007264,4.84903,0.066713
GCIVL,35,2,42964,actor,12.96868147328496,True,0.481379,0.037993,0.882401,0.019256,0.401172,0.036877,0.103769,0.008243,4.865547,0.071622
GCIVL,35,3,42964,actor,12.96868147328496,True,0.480178,0.032329,0.888905,0.015893,0.401562,0.022462,0.104084,0.006579,4.864619,0.062294
GCIVL,35,4,42964,actor,12.96868147328496,True,0.475484,0.035626,0.890417,0.027422,0.4,0.032641,0.104868,0.007883,4.85344,0.070997
GCIVL,36,0,42964,actor,9.560367716476321,True,0.421878,0.036085,0.806177,0.027114,0.308594,0.037331,0.123674,0.01152,4.765448,0.074343
GCIVL,36,1,42964,actor,9.560367716476321,True,0.420219,0.035873,0.811962,0.02373,0.309766,0.033352,0.123941,0.011456,4.761262,0.076225
GCIVL,36,2,42964,actor,9.560367716476321,True,0.419918,0.037485,0.810161,0.033718,0.308594,0.036084,0.124168,0.011309,4.762234,0.081055
GCIVL,36,3,42964,actor,9.560367716476321,True,0.421497,0.03566,0.806749,0.031432,0.308203,0.03587,0.123832,0.011352,4.764143,0.075722
GCIVL,36,4,42964,actor,9.560367716476321,True,0.422136,0.037199,0.81235,0.019109,0.310547,0.030606,0.123586,0.011282,4.766467,0.078341
GCIVL,37,0,42964,actor,21.81259771808982,True,0.542096,0.038731,0.94782,0.017079,0.5,0.040595,0.089327,0.00657,4.958954,0.0677
GCIVL,37,1,42964,actor,21.81259771808982,True,0.5323,0.031319,0.939293,0.016952,0.484375,0.034646,0.091252,0.005668,4.944349,0.054238
GCIVL,37,2,42964,actor,21.81259771808982,True,0.5354,0.039591,0.942974,0.013126,0.490234,0.038943,0.090645,0.006932,4.949087,0.069494
GCIVL,37,3,42964,actor,21.81259771808982,True,0.53803,0.034833,0.945641,0.012444,0.495312,0.033135,0.089874,0.006501,4.95154,0.063512
GCIVL,37,4,42964,actor,21.81259771808982,True,0.53462,0.029319,0.946787,0.014738,0.492578,0.032077,0.090406,0.005422,4.945216,0.052011
GCIVL,38,0,42964,actor,26.777211679145694,True,0.555118,0.032954,0.957126,0.009453,0.519531,0.033146,0.086652,0.0052,4.976503,0.057537
GCIVL,38,1,42964,actor,26.777211679145694,True,0.555896,0.033775,0.952946,0.011072,0.517578,0.03456,0.086624,0.005383,4.977796,0.058233
GCIVL,38,2,42964,actor,26.777211679145694,True,0.55677,0.034281,0.956719,0.008591,0.521094,0.033663,0.086371,0.005392,4.97887,0.059188
GCIVL,38,3,42964,actor,26.777211679145694,True,0.556578,0.033872,0.956161,0.014303,0.520703,0.035471,0.086397,0.005395,4.978666,0.058387
GCIVL,38,4,42964,actor,26.777211679145694,True,0.557054,0.033499,0.952088,0.008895,0.51875,0.033492,0.086333,0.00525,4.979201,0.058188
GCIVL,39,0,42964,actor,1.849879827350378,True,0.142202,0.031308,0.125436,0.080723,0.004297,0.002882,0.41824,0.036656,4.53753,0.103265
GCIVL,39,1,42964,actor,1.849879827350378,True,0.153206,0.04609,0.102878,0.108739,0.003906,0.004118,0.427434,0.050313,4.519022,0.145119
GCIVL,39,2,42964,actor,1.849879827350378,True,0.152872,0.053751,0.125443,0.102478,0.004688,0.004034,0.425103,0.056841,4.518921,0.163682
GCIVL,39,3,42964,actor,1.849879827350378,True,0.164492,0.066526,0.138304,0.130486,0.005469,0.005585,0.422028,0.079402,4.546732,0.216946
GCIVL,39,4,42964,actor,1.849879827350378,True,0.141652,0.031657,0.107437,0.102738,0.003906,0.004118,0.423127,0.073265,4.529925,0.179175
GCIVL,40,0,42964,actor,2.596978722140193,True,0.149305,0.023332,0.274405,0.105006,0.017188,0.007637,0.476877,0.052766,4.347839,0.131729
GCIVL,40,1,42964,actor,2.596978722140193,True,0.14763,0.025791,0.262073,0.120839,0.016797,0.009753,0.481614,0.065412,4.3298,0.149051
GCIVL,40,2,42964,actor,2.596978722140193,True,0.147499,0.022075,0.263851,0.116172,0.016016,0.008327,0.470098,0.054658,4.360568,0.134635
GCIVL,40,3,42964,actor,2.596978722140193,True,0.147182,0.02426,0.266352,0.095943,0.016406,0.007548,0.478561,0.053708,4.344497,0.137602
GCIVL,40,4,42964,actor,2.596978722140193,True,0.144731,0.026893,0.253592,0.11573,0.015625,0.008235,0.48452,0.055575,4.330824,0.135492
GCIVL,41,0,42964,actor,29.721461813896894,True,0.566367,0.033065,0.963462,0.007733,0.536328,0.034156,0.08448,0.004807,4.993585,0.055731
GCIVL,41,1,42964,actor,29.721461813896894,True,0.554541,0.035587,0.9542,0.015449,0.517578,0.036748,0.08678,0.005807,4.975273,0.062415
GCIVL,41,2,42964,actor,29.721461813896894,True,0.562492,0.039034,0.962735,0.012873,0.53125,0.038845,0.085324,0.005858,4.987735,0.067273
GCIVL,41,3,42964,actor,29.721461813896894,True,0.562376,0.035783,0.958776,0.012525,0.528125,0.038573,0.085451,0.005425,4.988684,0.06147
GCIVL,41,4,42964,actor,29.721461813896894,True,0.56088,0.0367,0.957869,0.010694,0.525781,0.037926,0.085752,0.005523,4.986478,0.062979
GCIVL,42,0,42964,actor,19.190555987879634,True,0.526737,0.032051,0.935885,0.011591,0.476562,0.034054,0.092425,0.005886,4.93501,0.05753
GCIVL,42,1,42964,actor,19.190555987879634,True,0.525413,0.03416,0.931058,0.010691,0.472266,0.037982,0.092881,0.006496,4.933275,0.060724
GCIVL,42,2,42964,actor,19.190555987879634,True,0.527503,0.035268,0.928737,0.01418,0.472656,0.039708,0.092593,0.006512,4.936927,0.062526
GCIVL,42,3,42964,actor,19.190555987879634,True,0.527268,0.03381,0.930133,0.013917,0.474219,0.037067,0.092383,0.006363,4.935687,0.059828
GCIVL,42,4,42964,actor,19.190555987879634,True,0.527224,0.032088,0.931758,0.013575,0.474609,0.036516,0.092432,0.005918,4.936237,0.057698
GCIVL,43,0,42964,actor,8.490945976227522,True,0.396426,0.031315,0.805438,0.017807,0.288281,0.026481,0.131861,0.011106,4.709576,0.068655
GCIVL,43,1,42964,actor,8.490945976227522,True,0.408822,0.028091,0.793777,0.044613,0.292578,0.037488,0.128432,0.011561,4.740799,0.060621
GCIVL,43,2,42964,actor,8.490945976227522,True,0.389095,0.035951,0.782385,0.02923,0.269922,0.030058,0.137262,0.014864,4.705023,0.080925
GCIVL,43,3,42964,actor,8.490945976227522,True,0.392621,0.044993,0.807836,0.01687,0.287109,0.036886,0.133948,0.017979,4.698981,0.102292
GCIVL,43,4,42964,actor,8.490945976227522,True,0.403549,0.023586,0.816576,0.043335,0.299609,0.032736,0.128592,0.009176,4.725754,0.051218
GCIVL,44,0,42964,actor,13.97950946353376,True,0.483952,0.032403,0.902402,0.012925,0.413672,0.031598,0.102746,0.007264,4.868455,0.061736
GCIVL,44,1,42964,actor,13.97950946353376,True,0.483955,0.034537,0.898633,0.014436,0.412109,0.032953,0.102748,0.007617,4.867958,0.065762
GCIVL,44,2,42964,actor,13.97950946353376,True,0.484956,0.033877,0.900456,0.013175,0.413672,0.032497,0.102554,0.007495,4.869941,0.064583
GCIVL,44,3,42964,actor,13.97950946353376,True,0.484624,0.034278,0.899956,0.011168,0.413281,0.03293,0.102616,0.007659,4.869181,0.064881
GCIVL,44,4,42964,actor,13.97950946353376,True,0.484548,0.03409,0.898247,0.015729,0.4125,0.033105,0.102615,0.007705,4.869423,0.064135
GCIVL,45,0,42964,actor,18.396659586578608,True,0.484197,0.027143,0.930394,0.019163,0.434766,0.027563,0.100614,0.005655,4.855953,0.052747
GCIVL,45,1,42964,actor,18.396659586578608,True,0.512177,0.035955,0.937724,0.024015,0.465625,0.045547,0.095071,0.007713,4.907739,0.066439
GCIVL,45,2,42964,actor,18.396659586578608,True,0.492891,0.017218,0.940316,0.015344,0.448438,0.013878,0.098365,0.003112,4.871548,0.037214
GCIVL,45,3,42964,actor,18.396659586578608,True,0.465121,0.031278,0.917194,0.017653,0.409375,0.035074,0.105619,0.007941,4.818404,0.063254
GCIVL,45,4,42964,actor,18.396659586578608,True,0.501859,0.031212,0.933964,0.010574,0.453125,0.031681,0.096999,0.006146,4.890087,0.05749
GCIVL,46,0,42964,actor,22.80851005576551,True,0.543429,0.028705,0.951952,0.010173,0.503906,0.02952,0.088799,0.004733,4.960961,0.050941
GCIVL,46,1,42964,actor,22.80851005576551,True,0.540638,0.034267,0.941937,0.016924,0.495312,0.039657,0.089571,0.00603,4.956343,0.059573
GCIVL,46,2,42964,actor,22.80851005576551,True,0.545227,0.035619,0.937775,0.016201,0.496875,0.038264,0.088869,0.005944,4.963996,0.061201
GCIVL,46,3,42964,actor,22.80851005576551,True,0.539958,0.034119,0.952822,0.014454,0.501172,0.040388,0.089544,0.0059,4.955248,0.058893
GCIVL,46,4,42964,actor,22.80851005576551,True,0.545237,0.034505,0.94152,0.022042,0.498828,0.043344,0.088934,0.006056,4.964525,0.058432
GCIVL,47,0,42964,actor,4.8153782822191715,True,0.259215,0.019961,0.536639,0.071234,0.102344,0.019119,0.248814,0.022106,4.453225,0.072563
GCIVL,47,1,42964,actor,4.8153782822191715,True,0.25244,0.023736,0.513313,0.05405,0.092969,0.01645,0.262703,0.030903,4.435594,0.075156
GCIVL,47,2,42964,actor,4.8153782822191715,True,0.252993,0.025446,0.550286,0.064394,0.101953,0.014897,0.255045,0.02391,4.437653,0.0863
GCIVL,47,3,42964,actor,4.8153782822191715,True,0.254756,0.016076,0.514489,0.058805,0.095312,0.014168,0.254819,0.019522,4.44572,0.059867
GCIVL,47,4,42964,actor,4.8153782822191715,True,0.253934,0.021289,0.525086,0.069656,0.097656,0.023219,0.258054,0.030213,4.440419,0.064291
GCIVL,48,0,42964,actor,4.548523658886552,True,0.23993,0.02418,0.496301,0.062406,0.083594,0.013927,0.281654,0.031584,4.411592,0.077473
GCIVL,48,1,42964,actor,4.548523658886552,True,0.241592,0.025093,0.509285,0.065054,0.0875,0.013557,0.275774,0.032804,4.409019,0.07883
GCIVL,48,2,42964,actor,4.548523658886552,True,0.241153,0.02411,0.484309,0.06652,0.082031,0.014499,0.27992,0.030099,4.41194,0.080069
GCIVL,48,3,42964,actor,4.548523658886552,True,0.241475,0.023351,0.488587,0.074673,0.082812,0.014476,0.27868,0.028105,4.413308,0.080409
GCIVL,48,4,42964,actor,4.548523658886552,True,0.238953,0.021827,0.491077,0.054106,0.082031,0.012758,0.283537,0.028475,4.410744,0.075093
GCIVL,49,0,42964,actor,24.070499762892723,True,0.546819,0.036112,0.950533,0.0147,0.507031,0.041699,0.088322,0.006092,4.965453,0.061397
GCIVL,49,1,42964,actor,24.070499762892723,True,0.546353,0.030684,0.951818,0.006838,0.507812,0.030202,0.088132,0.005104,4.963451,0.052765
GCIVL,49,2,42964,actor,24.070499762892723,True,0.551298,0.03806,0.946085,0.013118,0.508594,0.041414,0.087664,0.006476,4.972664,0.063226
GCIVL,49,3,42964,actor,24.070499762892723,True,0.551392,0.035552,0.945148,0.015764,0.507422,0.036059,0.087658,0.005612,4.973589,0.061429
GCIVL,49,4,42964,actor,24.070499762892723,True,0.540311,0.036496,0.947794,0.008636,0.498047,0.033005,0.089565,0.006119,4.95429,0.065168
GCIVL,50,0,42964,actor,17.253630990162492,True,0.511995,0.032249,0.917855,0.016722,0.451172,0.033565,0.095759,0.006084,4.912388,0.059833
GCIVL,50,1,42964,actor,17.253630990162492,True,0.511765,0.034532,0.920864,0.011697,0.452344,0.033844,0.09586,0.006597,4.911887,0.063339
GCIVL,50,2,42964,actor,17.253630990162492,True,0.51251,0.033421,0.918788,0.014324,0.452344,0.033944,0.095632,0.006357,4.913146,0.061571
GCIVL,50,3,42964,actor,17.253630990162492,True,0.511895,0.033658,0.919597,0.011734,0.451953,0.033706,0.095801,0.006409,4.912314,0.061698
GCIVL,50,4,42964,actor,17.253630990162492,True,0.511993,0.033078,0.919978,0.016019,0.451953,0.035898,0.095866,0.006408,4.912714,0.061005
GCIVL,51,0,42964,actor,14.127288088202477,True,0.441338,0.037286,0.918736,0.016762,0.389062,0.039028,0.111567,0.009846,4.776972,0.079165
GCIVL,51,1,42964,actor,14.127288088202477,True,0.463555,0.029675,0.905924,0.019036,0.400391,0.032225,0.106564,0.007331,4.824952,0.0572
GCIVL,51,2,42964,actor,14.127288088202477,True,0.461375,0.032417,0.925065,0.023013,0.409766,0.038205,0.106479,0.008049,4.816066,0.063842
GCIVL,51,3,42964,actor,14.127288088202477,True,0.424012,0.040633,0.904825,0.023185,0.364062,0.036356,0.117473,0.011276,4.741246,0.0916
GCIVL,51,4,42964,actor,14.127288088202477,True,0.45654,0.027183,0.916852,0.031711,0.402734,0.036152,0.107255,0.007066,4.803559,0.052385
GCIVL,52,0,42964,actor,8.402705239132047,True,0.391948,0.03397,0.784299,0.030966,0.273828,0.037352,0.135872,0.013688,4.71069,0.073907
GCIVL,52,1,42964,actor,8.402705239132047,True,0.391787,0.035163,0.790791,0.031019,0.275781,0.033156,0.135787,0.013518,4.70983,0.07771
GCIVL,52,2,42964,actor,8.402705239132047,True,0.392119,0.034633,0.786484,0.031825,0.274609,0.034844,0.135727,0.013724,4.711395,0.076607
GCIVL,52,3,42964,actor,8.402705239132047,True,0.392386,0.034985,0.784648,0.036418,0.274609,0.038408,0.135624,0.014081,4.711609,0.076516
GCIVL,52,4,42964,actor,8.402705239132047,True,0.392979,0.034749,0.781566,0.030217,0.273438,0.033299,0.135411,0.01373,4.712765,0.07583
GCIVL,53,0,42964,actor,20.158690251410007,True,0.5261,0.034508,0.932226,0.012414,0.474219,0.037204,0.092622,0.006794,4.934459,0.061317
GCIVL,53,1,42964,actor,20.158690251410007,True,0.526388,0.027864,0.938701,0.024314,0.479297,0.030484,0.092073,0.00509,4.932879,0.051048
GCIVL,53,2,42964,actor,20.158690251410007,True,0.525681,0.035056,0.932404,0.021199,0.473438,0.037774,0.092761,0.006408,4.933676,0.062133
GCIVL,53,3,42964,actor,20.158690251410007,True,0.522808,0.036663,0.932109,0.016741,0.472656,0.04191,0.093061,0.007937,4.92676,0.065969
GCIVL,53,4,42964,actor,20.158690251410007,True,0.521601,0.028597,0.93683,0.020117,0.473047,0.036479,0.093218,0.005737,4.927369,0.049247
GCIVL,54,0,42964,actor,28.399991439655423,True,0.561074,0.033089,0.957274,0.012096,0.526562,0.034734,0.085506,0.004924,4.985755,0.056995
GCIVL,54,1,42964,actor,28.399991439655423,True,0.549882,0.033216,0.951362,0.013279,0.510938,0.03444,0.087599,0.005366,4.969013,0.059165
GCIVL,54,2,42964,actor,28.399991439655423,True,0.555435,0.035377,0.958057,0.013457,0.520703,0.039021,0.086616,0.005585,4.977243,0.060719
GCIVL,54,3,42964,actor,28.399991439655423,True,0.554723,0.035371,0.952205,0.015775,0.515234,0.038205,0.08699,0.005541,4.977828,0.060031
GCIVL,54,4,42964,actor,28.399991439655423,True,0.557552,0.037474,0.95819,0.011205,0.522266,0.03747,0.086362,0.005718,4.982206,0.063489
GCIVL,55,0,42964,actor,3.0386704578995705,True,0.167051,0.016782,0.276366,0.108267,0.022656,0.009709,0.468024,0.035052,4.333042,0.079361
GCIVL,55,1,42964,actor,3.0386704578995705,True,0.166687,0.021281,0.299399,0.113112,0.024609,0.010902,0.463543,0.04358,4.324008,0.108361
GCIVL,55,2,42964,actor,3.0386704578995705,True,0.170753,0.017119,0.271592,0.10473,0.021484,0.009613,0.453909,0.03661,4.360819,0.103136
GCIVL,55,3,42964,actor,3.0386704578995705,True,0.170547,0.016645,0.269014,0.09469,0.021484,0.009068,0.45353,0.039028,4.358375,0.100895
GCIVL,55,4,42964,actor,3.0386704578995705,True,0.161389,0.014873,0.280036,0.09699,0.022656,0.009882,0.471887,0.028232,4.311053,0.085037
GCIVL,56,0,42964,actor,0.006472589448094368,True,0.999968,1.5e-05,0.0,0.0,0.0,0.0,0.047345,6.4e-05,5.545162,8e-06
GCIVL,56,1,42964,actor,0.006472589448094368,True,0.999968,1.5e-05,0.0,0.0,0.0,0.0,0.047356,6.5e-05,5.545161,8e-06
GCIVL,56,2,42964,actor,0.006472589448094368,True,0.999968,1.5e-05,0.0,0.0,0.0,0.0,0.047347,6.1e-05,5.545161,7e-06
GCIVL,56,3,42964,actor,0.006472589448094368,True,0.999968,1.5e-05,0.0,0.0,0.0,0.0,0.047348,6.3e-05,5.545161,8e-06
GCIVL,56,4,42964,actor,0.006472589448094368,True,0.999969,1.5e-05,0.0,0.0,0.0,0.0,0.047345,6.3e-05,5.545162,7e-06
GCIVL,57,0,42964,actor,27.623538337647915,True,0.546511,0.035517,0.956864,0.01519,0.510938,0.033542,0.088121,0.005823,4.962019,0.062164
GCIVL,57,1,42964,actor,27.623538337647915,True,0.54547,0.029496,0.963005,0.010616,0.515234,0.029083,0.087851,0.00482,4.958435,0.052826
GCIVL,57,2,42964,actor,27.623538337647915,True,0.550845,0.031537,0.95251,0.013154,0.512109,0.026966,0.087417,0.005061,4.969315,0.055774
GCIVL,57,3,42964,actor,27.623538337647915,True,0.557098,0.035103,0.956083,0.017286,0.521875,0.041348,0.086273,0.005701,4.977815,0.060263
GCIVL,57,4,42964,actor,27.623538337647915,True,0.543268,0.039183,0.95767,0.013878,0.509766,0.041717,0.088565,0.0069,4.954176,0.068685
GCIVL,58,0,42964,actor,21.31594550795853,True,0.539612,0.029556,0.941428,0.010075,0.493359,0.031035,0.089727,0.005002,4.955066,0.052677
GCIVL,58,1,42964,actor,21.31594550795853,True,0.537705,0.032911,0.933917,0.018266,0.486719,0.039717,0.090375,0.005961,4.952476,0.057937
GCIVL,58,2,42964,actor,21.31594550795853,True,0.541131,0.035506,0.938186,0.01488,0.491797,0.039813,0.08986,0.006095,4.958468,0.061518
GCIVL,58,3,42964,actor,21.31594550795853,True,0.537477,0.033099,0.937515,0.01551,0.489453,0.038496,0.090198,0.005864,4.951278,0.057308
GCIVL,58,4,42964,actor,21.31594550795853,True,0.541587,0.033808,0.934983,0.014094,0.491797,0.039513,0.089545,0.005955,4.958231,0.058038
GCIVL,59,0,42964,actor,11.053986512124538,True,0.451077,0.037268,0.852748,0.020392,0.356641,0.039753,0.113037,0.00984,4.816776,0.073919
GCIVL,59,1,42964,actor,11.053986512124538,True,0.441916,0.037838,0.845973,0.025764,0.344922,0.040008,0.11606,0.010883,4.800594,0.075681
GCIVL,59,2,42964,actor,11.053986512124538,True,0.438419,0.040138,0.849743,0.032799,0.343359,0.037443,0.117027,0.010983,4.793136,0.081227
GCIVL,59,3,42964,actor,11.053986512124538,True,0.447508,0.031232,0.852953,0.034142,0.35625,0.035459,0.112974,0.008774,4.803668,0.066298
GCIVL,59,4,42964,actor,11.053986512124538,True,0.44949,0.030871,0.862484,0.024696,0.360156,0.029681,0.112858,0.008814,4.813122,0.061941
GCIVL,60,0,42964,actor,11.417413065209985,True,0.455572,0.035199,0.869965,0.029629,0.370703,0.040236,0.110875,0.009058,4.820811,0.069465
GCIVL,60,1,42964,actor,11.417413065209985,True,0.451366,0.036362,0.862859,0.017755,0.364453,0.038716,0.111895,0.009741,4.810659,0.07168
GCIVL,60,2,42964,actor,11.417413065209985,True,0.456823,0.040062,0.856755,0.014648,0.365625,0.03806,0.110787,0.010288,4.820951,0.078938
GCIVL,60,3,42964,actor,11.417413065209985,True,0.455932,0.03825,0.857456,0.02889,0.364844,0.035905,0.110978,0.009651,4.820448,0.075424
GCIVL,60,4,42964,actor,11.417413065209985,True,0.452879,0.038725,0.85673,0.019958,0.360156,0.033694,0.112318,0.009968,4.817202,0.076208
GCIVL,61,0,42964,actor,16.272156983613968,True,0.511051,0.03543,0.92241,0.006715,0.453125,0.034252,0.095876,0.006737,4.91119,0.063707
GCIVL,61,1,42964,actor,16.272156983613968,True,0.50285,0.034024,0.921261,0.01549,0.444922,0.032912,0.097484,0.006668,4.896349,0.064095
GCIVL,61,2,42964,actor,16.272156983613968,True,0.508258,0.040185,0.915114,0.015571,0.445703,0.03977,0.096849,0.007736,4.907054,0.072709
GCIVL,61,3,42964,actor,16.272156983613968,True,0.512048,0.03507,0.915087,0.017828,0.450391,0.042114,0.095834,0.007155,4.913829,0.061971
GCIVL,61,4,42964,actor,16.272156983613968,True,0.508281,0.037125,0.922775,0.016239,0.451172,0.042122,0.096531,0.007951,4.904464,0.068729
GCIVL,62,0,42964,actor,24.90554661490023,True,0.551686,0.030011,0.954714,0.011945,0.514062,0.031799,0.087324,0.004905,4.972441,0.052892
GCIVL,62,1,42964,actor,24.90554661490023,True,0.551751,0.031277,0.950163,0.015929,0.511719,0.037467,0.087378,0.005198,4.972667,0.054694
GCIVL,62,2,42964,actor,24.90554661490023,True,0.553929,0.034485,0.948427,0.006605,0.512109,0.035538,0.087163,0.00566,4.976506,0.059332
GCIVL,62,3,42964,actor,24.90554661490023,True,0.55157,0.030894,0.952993,0.007306,0.5125,0.032359,0.087451,0.005097,4.972767,0.053718
GCIVL,62,4,42964,actor,24.90554661490023,True,0.553384,0.031232,0.949895,0.015257,0.513281,0.036234,0.087067,0.00515,4.974856,0.054612
GCIVL,63,0,42964,actor,7.404940277338028,True,0.367644,0.031314,0.73509,0.053125,0.234766,0.03213,0.148328,0.013604,4.663421,0.071286
GCIVL,63,1,42964,actor,7.404940277338028,True,0.360626,0.039188,0.731848,0.026296,0.229297,0.032267,0.15189,0.018973,4.64992,0.089274
GCIVL,63,2,42964,actor,7.404940277338028,True,0.356862,0.034324,0.738026,0.061745,0.229297,0.039753,0.153249,0.017339,4.643441,0.081155
GCIVL,63,3,42964,actor,7.404940277338028,True,0.356211,0.025651,0.77123,0.043123,0.240234,0.023885,0.151407,0.012468,4.638444,0.066307
GCIVL,63,4,42964,actor,7.404940277338028,True,0.361338,0.037006,0.750498,0.038146,0.236328,0.030716,0.150714,0.017444,4.645835,0.091888
QRL,0,0,402222,actor,5.730237616226077,True,0.54846,0.03127,0.877158,0.016923,0.453125,0.029057,0.091042,0.005488,4.995848,0.053493
QRL,0,1,402222,actor,5.730237616226077,True,0.547922,0.031041,0.878119,0.01773,0.453516,0.029603,0.091059,0.005379,4.994438,0.053057
QRL,0,2,402222,actor,5.730237616226077,True,0.548183,0.031407,0.882899,0.020162,0.45625,0.027486,0.090982,0.005447,4.995147,0.053687
QRL,0,3,402222,actor,5.730237616226077,True,0.547707,0.031122,0.87977,0.016859,0.454297,0.031844,0.091112,0.005534,4.994644,0.052778
QRL,0,4,402222,actor,5.730237616226077,True,0.547461,0.031909,0.876818,0.023544,0.451953,0.027316,0.091214,0.005599,4.994064,0.054701
QRL,1,0,402222,actor,16.232634745538235,True,0.607974,0.033291,0.961829,0.017366,0.574219,0.03518,0.078759,0.004599,5.066222,0.052633
QRL,1,1,402222,actor,16.232634745538235,True,0.58375,0.031124,0.960944,0.012743,0.55,0.031021,0.082122,0.004554,5.02899,0.053005
QRL,1,2,402222,actor,16.232634745538235,True,0.591132,0.037908,0.956448,0.009712,0.553125,0.039374,0.081382,0.005184,5.041881,0.061293
QRL,1,3,402222,actor,16.232634745538235,True,0.603585,0.035504,0.969177,0.006467,0.575391,0.034746,0.079193,0.004411,5.058576,0.056166
QRL,1,4,402222,actor,16.232634745538235,True,0.598807,0.030857,0.965507,0.005548,0.567578,0.030092,0.079936,0.004163,5.05344,0.049239
QRL,2,0,402222,actor,27.666648030281067,True,0.678853,0.030708,0.986148,0.004708,0.664453,0.031598,0.069705,0.003192,5.166379,0.043595
QRL,2,1,402222,actor,27.666648030281067,True,0.679073,0.0314,0.98729,0.004754,0.665625,0.032641,0.069671,0.003281,5.166426,0.045275
QRL,2,2,402222,actor,27.666648030281067,True,0.675137,0.034805,0.986494,0.005567,0.660938,0.036865,0.07015,0.003724,5.160937,0.048744
QRL,2,3,402222,actor,27.666648030281067,True,0.67665,0.034502,0.989412,0.004905,0.665234,0.03747,0.069904,0.003701,5.162715,0.047791
QRL,2,4,402222,actor,27.666648030281067,True,0.674614,0.033999,0.986025,0.006112,0.660156,0.034548,0.070179,0.003548,5.160332,0.048807
QRL,3,0,402222,actor,10.133016323670745,True,0.607134,0.038421,0.946787,0.011464,0.560156,0.037113,0.07953,0.005133,5.071103,0.061424
QRL,3,1,402222,actor,10.133016323670745,True,0.606751,0.04018,0.950688,0.017335,0.5625,0.045814,0.079623,0.005548,5.07009,0.062336
QRL,3,2,402222,actor,10.133016323670745,True,0.544253,0.033421,0.894209,0.023503,0.462109,0.036274,0.091112,0.006011,4.983633,0.058993
QRL,3,3,402222,actor,10.133016323670745,True,0.608891,0.040735,0.954841,0.009242,0.568359,0.043508,0.079139,0.005717,5.072731,0.061858
QRL,3,4,402222,actor,10.133016323670745,True,0.598066,0.044149,0.953351,0.011409,0.55625,0.045562,0.080785,0.006128,5.055931,0.069297
QRL,4,0,402222,actor,11.547679714858532,True,0.635841,0.032766,0.958789,0.013913,0.596875,0.037819,0.075527,0.004109,5.112982,0.049067
QRL,4,1,402222,actor,11.547679714858532,True,0.63561,0.035211,0.956778,0.004244,0.594922,0.03325,0.075595,0.004167,5.112518,0.053131
QRL,4,2,402222,actor,11.547679714858532,True,0.63467,0.034628,0.957618,0.007228,0.595312,0.034213,0.075618,0.004187,5.110735,0.052563
QRL,4,3,402222,actor,11.547679714858532,True,0.636836,0.036367,0.955616,0.006579,0.594922,0.03765,0.075545,0.004421,5.114035,0.053635
QRL,4,4,402222,actor,11.547679714858532,True,0.635514,0.032461,0.956093,0.006635,0.594922,0.03065,0.075512,0.003936,5.112123,0.049076
QRL,5,0,402222,actor,25.420111818239093,True,0.676299,0.03226,0.98474,0.008018,0.661328,0.036877,0.069973,0.003498,5.162158,0.045454
QRL,5,1,402222,actor,25.420111818239093,True,0.677419,0.033505,0.985401,0.006135,0.6625,0.034014,0.069881,0.003464,5.163919,0.047525
QRL,5,2,402222,actor,25.420111818239093,True,0.679668,0.031023,0.982678,0.009386,0.662891,0.032003,0.069628,0.003275,5.167389,0.044331
QRL,5,3,402222,actor,25.420111818239093,True,0.678521,0.03306,0.984927,0.006829,0.662891,0.035993,0.069821,0.003591,5.165843,0.046191
QRL,5,4,402222,actor,25.420111818239093,True,0.674019,0.031463,0.980918,0.004448,0.653906,0.031905,0.070461,0.003294,5.161478,0.045022
QRL,6,0,402222,actor,22.32105857692659,True,0.665638,0.033981,0.982572,0.006951,0.648047,0.034472,0.071247,0.003705,5.148202,0.049498
QRL,6,1,402222,actor,22.32105857692659,True,0.667829,0.036261,0.980899,0.009248,0.648438,0.037693,0.071109,0.003918,5.151597,0.052334
QRL,6,2,402222,actor,22.32105857692659,True,0.667533,0.036069,0.981055,0.007168,0.648438,0.035564,0.071105,0.00379,5.150943,0.05223
QRL,6,3,402222,actor,22.32105857692659,True,0.668119,0.036215,0.981502,0.006276,0.649219,0.036122,0.071057,0.003853,5.152099,0.052815
QRL,6,4,402222,actor,22.32105857692659,True,0.66982,0.031553,0.981035,0.008326,0.650781,0.033309,0.070818,0.003403,5.154551,0.045801
QRL,7,0,402222,actor,0.47986283898353577,True,0.879786,0.018282,0.0,0.0,0.0,0.0,0.08069,0.004013,5.474619,0.009853
QRL,7,1,402222,actor,0.47986283898353577,True,0.880762,0.01961,0.0,0.0,0.0,0.0,0.082244,0.005743,5.476808,0.009473
QRL,7,2,402222,actor,0.47986283898353577,True,0.898061,0.01457,0.0,0.0,0.0,0.0,0.080318,0.003524,5.489349,0.005617
QRL,7,3,402222,actor,0.47986283898353577,True,0.887573,0.008725,0.0,0.0,0.0,0.0,0.07951,0.00223,5.47963,0.005863
QRL,7,4,402222,actor,0.47986283898353577,True,0.885337,0.011024,0.0,0.0,0.0,0.0,0.079925,0.003367,5.478861,0.006385
QRL,8,0,402222,actor,3.086032848805189,True,0.368974,0.02133,0.241182,0.071048,0.054297,0.019786,0.212208,0.02233,4.776714,0.04433
QRL,8,1,402222,actor,3.086032848805189,True,0.36661,0.021071,0.250602,0.051279,0.056641,0.01608,0.211784,0.022131,4.772131,0.044416
QRL,8,2,402222,actor,3.086032848805189,True,0.368067,0.021839,0.237362,0.055068,0.053516,0.016475,0.21246,0.02148,4.773736,0.045623
QRL,8,3,402222,actor,3.086032848805189,True,0.368226,0.019622,0.24326,0.059132,0.054688,0.017469,0.212877,0.021011,4.775435,0.039877
QRL,8,4,402222,actor,3.086032848805189,True,0.367714,0.020952,0.229686,0.060205,0.051953,0.017763,0.212189,0.022812,4.772827,0.044171
QRL,9,0,402222,actor,18.77418433316052,True,0.640107,0.028136,0.976367,0.008881,0.617188,0.031304,0.074308,0.003424,5.113828,0.042484
QRL,9,1,402222,actor,18.77418433316052,True,0.618443,0.04067,0.971924,0.008091,0.591797,0.04288,0.07732,0.005171,5.081076,0.063175
QRL,9,2,402222,actor,18.77418433316052,True,0.632886,0.032729,0.977569,0.008777,0.612109,0.037785,0.075093,0.004188,5.100054,0.049422
QRL,9,3,402222,actor,18.77418433316052,True,0.630504,0.034394,0.974385,0.00897,0.60625,0.037458,0.075571,0.004188,5.097814,0.053958
QRL,9,4,402222,actor,18.77418433316052,True,0.63584,0.031948,0.973379,0.007485,0.610156,0.033844,0.074974,0.003941,5.107708,0.049486
QRL,10,0,402222,actor,23.279500985518098,True,0.670483,0.034669,0.981864,0.005538,0.652344,0.037331,0.070744,0.003743,5.155299,0.050101
QRL,10,1,402222,actor,23.279500985518098,True,0.667867,0.035626,0.983185,0.005762,0.65,0.036653,0.071096,0.003861,5.152032,0.05165
QRL,10,2,402222,actor,23.279500985518098,True,0.669197,0.032978,0.97888,0.004794,0.648047,0.032757,0.070965,0.003549,5.154336,0.047576
QRL,10,3,402222,actor,23.279500985518098,True,0.669207,0.034119,0.978383,0.007508,0.648438,0.034793,0.0709,0.003644,5.153138,0.049517
QRL,10,4,402222,actor,23.279500985518098,True,0.670313,0.033756,0.979584,0.006683,0.650391,0.034314,0.070771,0.003628,5.154846,0.048826
QRL,11,0,402222,actor,14.62258631363511,True,0.595377,0.031269,0.95187,0.011672,0.553516,0.03325,0.08084,0.004353,5.050065,0.048979
QRL,11,1,402222,actor,14.62258631363511,True,0.586676,0.038627,0.951081,0.014469,0.544922,0.037343,0.082133,0.005324,5.035601,0.063602
QRL,11,2,402222,actor,14.62258631363511,True,0.583173,0.035028,0.954005,0.009347,0.54375,0.038441,0.082569,0.00515,5.02942,0.057411
QRL,11,3,402222,actor,14.62258631363511,True,0.598741,0.034059,0.962699,0.014588,0.565625,0.038529,0.080062,0.004654,5.052904,0.054166
QRL,11,4,402222,actor,14.62258631363511,True,0.592069,0.037006,0.957179,0.009691,0.554688,0.03669,0.081196,0.005285,5.04293,0.060628
QRL,12,0,402222,actor,8.464116649702191,True,0.603933,0.032284,0.941633,0.018983,0.551562,0.035507,0.080273,0.004476,5.070875,0.050402
QRL,12,1,402222,actor,8.464116649702191,True,0.602906,0.032597,0.943059,0.019954,0.551953,0.037243,0.080359,0.004653,5.069303,0.051446
QRL,12,2,402222,actor,8.464116649702191,True,0.604068,0.032414,0.939689,0.017729,0.550391,0.034521,0.080278,0.004571,5.070584,0.05088
QRL,12,3,402222,actor,8.464116649702191,True,0.603548,0.034259,0.942871,0.016049,0.551953,0.035661,0.080342,0.004759,5.069831,0.054252
QRL,12,4,402222,actor,8.464116649702191,True,0.602964,0.031988,0.942039,0.016196,0.550781,0.03294,0.080403,0.004465,5.069123,0.050811
QRL,13,0,402222,actor,28.401252161711454,True,0.619009,0.023989,0.97446,0.007027,0.594922,0.025914,0.076898,0.003053,5.081244,0.038017
QRL,13,1,402222,actor,28.401252161711454,True,0.607632,0.036169,0.967415,0.010753,0.578125,0.04101,0.078751,0.004948,5.063659,0.056807
QRL,13,2,402222,actor,28.401252161711454,True,0.631392,0.030416,0.977553,0.007135,0.609766,0.029489,0.075309,0.003738,5.098158,0.046916
QRL,13,3,402222,actor,28.401252161711454,True,0.635135,0.034362,0.984417,0.005206,0.619141,0.035241,0.074739,0.004097,5.10311,0.053111
QRL,13,4,402222,actor,28.401252161711454,True,0.623799,0.032526,0.978989,0.004666,0.603516,0.032435,0.076226,0.003917,5.086743,0.051355
QRL,14,0,402222,actor,17.435973677784204,True,0.66435,0.03321,0.976249,0.005864,0.640234,0.034423,0.071651,0.003635,5.148574,0.047684
QRL,14,1,402222,actor,17.435973677784204,True,0.659737,0.033749,0.975557,0.010529,0.635547,0.036368,0.072141,0.00373,5.141806,0.049076
QRL,14,2,402222,actor,17.435973677784204,True,0.66344,0.033325,0.976425,0.009282,0.639844,0.034243,0.071703,0.003597,5.147301,0.048499
QRL,14,3,402222,actor,17.435973677784204,True,0.662544,0.034901,0.975769,0.008052,0.639062,0.036421,0.071767,0.003847,5.145171,0.049766
QRL,14,4,402222,actor,17.435973677784204,True,0.658336,0.031625,0.976737,0.008154,0.635156,0.034558,0.072259,0.003611,5.139919,0.046293
QRL,15,0,402222,actor,5.467603141441941,True,0.536615,0.025999,0.842548,0.025808,0.420312,0.023596,0.094155,0.00453,4.979588,0.047095
QRL,15,1,402222,actor,5.467603141441941,True,0.536989,0.034751,0.835172,0.025695,0.416797,0.033857,0.094347,0.006125,4.979663,0.060932
QRL,15,2,402222,actor,5.467603141441941,True,0.536007,0.028775,0.843787,0.028463,0.420312,0.031638,0.094425,0.005276,4.979946,0.049522
QRL,15,3,402222,actor,5.467603141441941,True,0.535872,0.031643,0.838994,0.03191,0.41875,0.036356,0.094335,0.00579,4.978675,0.055094
QRL,15,4,402222,actor,5.467603141441941,True,0.535879,0.033557,0.847908,0.024483,0.424609,0.031737,0.093982,0.006073,4.976833,0.060261
QRL,16,0,402222,actor,3.8756399787962437,True,0.445472,0.024322,0.576486,0.049824,0.209766,0.032267,0.130116,0.009758,4.859833,0.049487
QRL,16,1,402222,actor,3.8756399787962437,True,0.443893,0.024391,0.564208,0.049523,0.204297,0.032424,0.130831,0.010036,4.856677,0.048988
QRL,16,2,402222,actor,3.8756399787962437,True,0.445287,0.025514,0.570651,0.061833,0.208203,0.036692,0.129987,0.010239,4.858989,0.050093
QRL,16,3,402222,actor,3.8756399787962437,True,0.444702,0.026242,0.570082,0.049656,0.207812,0.03262,0.12991,0.010011,4.857015,0.051701
QRL,16,4,402222,actor,3.8756399787962437,True,0.443963,0.024411,0.577696,0.057378,0.210156,0.035026,0.130272,0.010066,4.856001,0.048653
QRL,17,0,402222,actor,18.21677782572806,True,0.663719,0.030538,0.975613,0.009416,0.640234,0.031329,0.071574,0.003356,5.147339,0.044666
QRL,17,1,402222,actor,18.21677782572806,True,0.659954,0.033957,0.978065,0.006625,0.637891,0.032476,0.072041,0.003708,5.142342,0.049108
QRL,17,2,402222,actor,18.21677782572806,True,0.662476,0.028849,0.971559,0.006085,0.634766,0.029706,0.071881,0.00323,5.147089,0.041366
QRL,17,3,402222,actor,18.21677782572806,True,0.66419,0.031582,0.976785,0.010966,0.642188,0.038238,0.07149,0.003598,5.147093,0.04453
QRL,17,4,402222,actor,18.21677782572806,True,0.657642,0.030775,0.97892,0.006518,0.636719,0.031681,0.072221,0.003462,5.138228,0.045602
QRL,18,0,402222,actor,29.75150023587048,True,0.679552,0.035388,0.987386,0.006243,0.666406,0.036047,0.069629,0.00365,5.16661,0.050274
QRL,18,1,402222,actor,29.75150023587048,True,0.679563,0.035082,0.983503,0.006189,0.662891,0.035375,0.069722,0.003695,5.166941,0.050083
QRL,18,2,402222,actor,29.75150023587048,True,0.676569,0.033897,0.986894,0.005416,0.662891,0.033756,0.069947,0.003541,5.162393,0.048691
QRL,18,3,402222,actor,29.75150023587048,True,0.67872,0.033566,0.987468,0.008025,0.665625,0.035716,0.069709,0.003542,5.165478,0.048216
QRL,18,4,402222,actor,29.75150023587048,True,0.67834,0.035703,0.986358,0.006161,0.664062,0.037286,0.069811,0.003708,5.16518,0.051316
QRL,19,0,402222,actor,8.379125576466322,True,0.558594,0.033701,0.927642,0.013591,0.500391,0.035964,0.087247,0.005482,4.997286,0.05776
QRL,19,1,402222,actor,8.379125576466322,True,0.555212,0.030493,0.927559,0.007201,0.497266,0.029866,0.0877,0.004904,4.991977,0.052703
QRL,19,2,402222,actor,8.379125576466322,True,0.565717,0.036467,0.933782,0.018235,0.511328,0.035154,0.085931,0.005524,5.007212,0.061346
QRL,19,3,402222,actor,8.379125576466322,True,0.555744,0.035855,0.926853,0.015959,0.495703,0.028256,0.087927,0.005659,4.993895,0.062082
QRL,19,4,402222,actor,8.379125576466322,True,0.549755,0.033566,0.926613,0.010849,0.490625,0.029817,0.088822,0.005458,4.983135,0.060037
QRL,20,0,402222,actor,13.53417151607573,True,0.645158,0.033406,0.966424,0.011646,0.613281,0.029463,0.074025,0.003748,5.123497,0.049652
QRL,20,1,402222,actor,13.53417151607573,True,0.644839,0.033868,0.965322,0.009666,0.612109,0.031144,0.074093,0.003774,5.122718,0.0511
QRL,20,2,402222,actor,13.53417151607573,True,0.64441,0.031501,0.963363,0.007343,0.610547,0.030484,0.074123,0.003591,5.122358,0.047325
QRL,20,3,402222,actor,13.53417151607573,True,0.64409,0.033513,0.965294,0.012244,0.611328,0.031155,0.074183,0.003755,5.121733,0.05017
QRL,20,4,402222,actor,13.53417151607573,True,0.646027,0.033637,0.96579,0.009801,0.614062,0.034734,0.07392,0.003894,5.124078,0.050366
QRL,21,0,402222,actor,23.56774667277932,True,0.604481,0.044634,0.976476,0.011255,0.582422,0.048735,0.079029,0.005881,5.056867,0.068908
QRL,21,1,402222,actor,23.56774667277932,True,0.591,0.033468,0.967593,0.006624,0.561328,0.03026,0.081022,0.00458,5.039207,0.055134
QRL,21,2,402222,actor,23.56774667277932,True,0.616158,0.030947,0.972927,0.012093,0.591406,0.033105,0.077313,0.004055,5.075512,0.049366
QRL,21,3,402222,actor,23.56774667277932,True,0.614764,0.042339,0.974128,0.009407,0.591016,0.041953,0.077608,0.005478,5.072804,0.067725
QRL,21,4,402222,actor,23.56774667277932,True,0.606266,0.02601,0.973112,0.011519,0.582031,0.029174,0.078523,0.003433,5.060257,0.042357
QRL,22,0,402222,actor,20.57306421920657,True,0.66531,0.036076,0.978262,0.007785,0.643359,0.036134,0.07147,0.003889,5.148921,0.052314
QRL,22,1,402222,actor,20.57306421920657,True,0.668362,0.034132,0.98063,0.007565,0.648438,0.035468,0.071071,0.003738,5.153382,0.049118
QRL,22,2,402222,actor,20.57306421920657,True,0.664728,0.033569,0.981997,0.005876,0.646484,0.035432,0.071381,0.003636,5.147832,0.048529
QRL,22,3,402222,actor,20.57306421920657,True,0.668212,0.0342,0.978862,0.007216,0.647266,0.035135,0.071068,0.0037,5.152992,0.048922
QRL,22,4,402222,actor,20.57306421920657,True,0.667502,0.034875,0.978061,0.006391,0.645703,0.036368,0.071191,0.00373,5.151858,0.050537
QRL,23,0,402222,actor,2.5707240868359804,True,0.33677,0.016998,0.024758,0.017681,0.002734,0.001887,0.260812,0.014459,4.775585,0.038309
QRL,23,1,402222,actor,2.5707240868359804,True,0.31916,0.019219,0.056188,0.020602,0.00625,0.002017,0.276204,0.012626,4.750786,0.046024
QRL,23,2,402222,actor,2.5707240868359804,True,0.315909,0.02254,0.075153,0.046667,0.008594,0.005463,0.275246,0.019845,4.74025,0.042425
QRL,23,3,402222,actor,2.5707240868359804,True,0.282007,0.031252,0.074012,0.043467,0.006641,0.003706,0.301738,0.029464,4.692252,0.061972
QRL,23,4,402222,actor,2.5707240868359804,True,0.324629,0.019935,0.06059,0.031115,0.007031,0.00359,0.270504,0.015529,4.754138,0.041061
QRL,24,0,402222,actor,1.3632657285779715,True,0.343746,0.182163,0.066345,0.057367,0.002344,0.002017,0.210252,0.054949,5.025398,0.131358
QRL,24,1,402222,actor,1.3632657285779715,True,0.354094,0.177185,0.056028,0.059273,0.001953,0.002059,0.207328,0.050406,5.036682,0.119208
QRL,24,2,402222,actor,1.3632657285779715,True,0.338928,0.18367,0.065917,0.056988,0.002344,0.002017,0.213777,0.058411,5.01681,0.140315
QRL,24,3,402222,actor,1.3632657285779715,True,0.34362,0.183445,0.066064,0.057147,0.002344,0.002017,0.212465,0.056833,5.020646,0.136089
QRL,24,4,402222,actor,1.3632657285779715,True,0.330477,0.182198,0.066394,0.057412,0.002344,0.002017,0.214188,0.053408,5.015222,0.128116
QRL,25,0,402222,actor,20.831578373908997,True,0.612864,0.043618,0.970456,0.008643,0.585938,0.040595,0.077979,0.00559,5.071165,0.069603
QRL,25,1,402222,actor,20.831578373908997,True,0.618819,0.033366,0.976654,0.005474,0.596484,0.035898,0.076991,0.004444,5.080505,0.052443
QRL,25,2,402222,actor,20.831578373908997,True,0.619108,0.03563,0.974705,0.010031,0.595703,0.040772,0.076982,0.004626,5.08008,0.054372
QRL,25,3,402222,actor,20.831578373908997,True,0.579636,0.035141,0.962152,0.006777,0.546875,0.036736,0.082779,0.005134,5.020358,0.057689
QRL,25,4,402222,actor,20.831578373908997,True,0.610524,0.030962,0.976126,0.006435,0.587891,0.028601,0.078,0.003904,5.06754,0.05065
QRL,26,0,402222,actor,25.232526026666164,True,0.680156,0.03383,0.983199,0.007125,0.662891,0.036646,0.069702,0.003604,5.167828,0.048025
QRL,26,1,402222,actor,25.232526026666164,True,0.677849,0.034864,0.98562,0.007076,0.662891,0.037379,0.069884,0.003714,5.164748,0.049225
QRL,26,2,402222,actor,25.232526026666164,True,0.678248,0.034027,0.984191,0.005474,0.661719,0.036375,0.069898,0.003647,5.166093,0.047917
QRL,26,3,402222,actor,25.232526026666164,True,0.676627,0.034534,0.986183,0.006607,0.6625,0.037431,0.069963,0.003688,5.163008,0.047935
QRL,26,4,402222,actor,25.232526026666164,True,0.676186,0.030726,0.984582,0.005346,0.660156,0.031032,0.070044,0.003155,5.163476,0.044674
QRL,27,0,402222,actor,12.795447958633304,True,0.644752,0.032917,0.96465,0.010225,0.610938,0.034607,0.074209,0.00389,5.123964,0.048927
QRL,27,1,402222,actor,12.795447958633304,True,0.64324,0.034446,0.961716,0.007928,0.607422,0.037388,0.074443,0.004131,5.121158,0.051291
QRL,27,2,402222,actor,12.795447958633304,True,0.645057,0.030213,0.963324,0.013387,0.610156,0.033289,0.074178,0.003603,5.124989,0.044466
QRL,27,3,402222,actor,12.795447958633304,True,0.646871,0.034473,0.960456,0.008566,0.609766,0.034423,0.074035,0.004016,5.126281,0.050941
QRL,27,4,402222,actor,12.795447958633304,True,0.640919,0.033227,0.960586,0.011229,0.603516,0.034017,0.074806,0.003965,5.118771,0.049459
QRL,28,0,402222,actor,10.523855835199356,True,0.627193,0.033115,0.947716,0.014268,0.579688,0.031799,0.076831,0.00412,5.101089,0.050077
QRL,28,1,402222,actor,10.523855835199356,True,0.625452,0.032632,0.951635,0.011544,0.580859,0.034452,0.077015,0.004155,5.099351,0.049648
QRL,28,2,402222,actor,10.523855835199356,True,0.627221,0.031543,0.95221,0.014166,0.583203,0.035183,0.076744,0.003928,5.101155,0.048237
QRL,28,3,402222,actor,10.523855835199356,True,0.626344,0.03308,0.946655,0.009772,0.578125,0.034793,0.076984,0.004254,5.10015,0.050459
QRL,28,4,402222,actor,10.523855835199356,True,0.625861,0.031827,0.945369,0.013849,0.577344,0.037322,0.076998,0.004243,5.099375,0.048148
QRL,29,0,402222,actor,26.680713957175612,True,0.67173,0.032125,0.982887,0.004163,0.654297,0.032591,0.070567,0.003371,5.156525,0.046025
QRL,29,1,402222,actor,26.680713957175612,True,0.670431,0.040672,0.986372,0.004531,0.65625,0.041175,0.070699,0.004322,5.153435,0.058539
QRL,29,2,402222,actor,26.680713957175612,True,0.66375,0.030399,0.982338,0.007011,0.646094,0.029417,0.0714,0.0032,5.145258,0.043929
QRL,29,3,402222,actor,26.680713957175612,True,0.664326,0.031787,0.979706,0.007266,0.644141,0.032861,0.071451,0.003455,5.146401,0.046012
QRL,29,4,402222,actor,26.680713957175612,True,0.668387,0.032045,0.984288,0.005189,0.652734,0.030562,0.070828,0.003427,5.150927,0.048425
QRL,30,0,402222,actor,15.614728135988116,True,0.650802,0.033272,0.974327,0.005156,0.625781,0.033289,0.07316,0.003715,5.130283,0.04966
QRL,30,1,402222,actor,15.614728135988116,True,0.651229,0.033219,0.973675,0.006047,0.625391,0.031166,0.073146,0.003733,5.13087,0.049671
QRL,30,2,402222,actor,15.614728135988116,True,0.649982,0.032801,0.973081,0.008047,0.623828,0.029922,0.073275,0.003683,5.12924,0.047998
QRL,30,3,402222,actor,15.614728135988116,True,0.651091,0.033512,0.974113,0.00936,0.625391,0.028849,0.073163,0.00369,5.130897,0.050068
QRL,30,4,402222,actor,15.614728135988116,True,0.651856,0.033296,0.976872,0.007709,0.628516,0.030893,0.073016,0.003693,5.131395,0.049402
QRL,31,0,402222,actor,7.426633648574352,True,0.512597,0.032239,0.875921,0.022969,0.423438,0.037926,0.097506,0.006972,4.929279,0.056702
QRL,31,1,402222,actor,7.426633648574352,True,0.509271,0.033425,0.891721,0.017763,0.430078,0.033169,0.097648,0.006881,4.921005,0.061686
QRL,31,2,402222,actor,7.426633648574352,True,0.525301,0.035306,0.885564,0.020893,0.441016,0.034374,0.094566,0.006664,4.948326,0.064287
QRL,31,3,402222,actor,7.426633648574352,True,0.523789,0.03089,0.890501,0.019034,0.442188,0.03262,0.094774,0.005833,4.946884,0.057266
QRL,31,4,402222,actor,7.426633648574352,True,0.51476,0.036742,0.88336,0.019318,0.430859,0.038891,0.096695,0.007425,4.929719,0.066418
QRL,32,0,402222,actor,6.585141811519861,True,0.572809,0.032324,0.912446,0.017521,0.500391,0.031274,0.085738,0.004913,5.028314,0.053492
QRL,32,1,402222,actor,6.585141811519861,True,0.573818,0.032055,0.908336,0.01344,0.498047,0.028483,0.085734,0.004913,5.030004,0.052581
QRL,32,2,402222,actor,6.585141811519861,True,0.572603,0.031123,0.905722,0.016755,0.494922,0.031844,0.086052,0.004848,5.028914,0.051382
QRL,32,3,402222,actor,6.585141811519861,True,0.571539,0.031578,0.907773,0.01684,0.494922,0.029293,0.086218,0.004787,5.027293,0.05302
QRL,32,4,402222,actor,6.585141811519861,True,0.570477,0.031239,0.91216,0.016768,0.496875,0.028811,0.086293,0.004828,5.025577,0.052166
QRL,33,0,402222,actor,15.271068150177598,True,0.632194,0.035692,0.970421,0.015756,0.604297,0.041013,0.075543,0.004513,5.102719,0.05417
QRL,33,1,402222,actor,15.271068150177598,True,0.626724,0.040868,0.968775,0.009561,0.596875,0.041455,0.076412,0.005364,5.094886,0.064337
QRL,33,2,402222,actor,15.271068150177598,True,0.634663,0.035936,0.973378,0.010135,0.608594,0.036865,0.075208,0.004408,5.106229,0.054629
QRL,33,3,402222,actor,15.271068150177598,True,0.628248,0.040556,0.967248,0.009422,0.597656,0.044804,0.076211,0.005183,5.09713,0.061292
QRL,33,4,402222,actor,15.271068150177598,True,0.624617,0.038908,0.967858,0.010714,0.595312,0.041348,0.076516,0.004959,5.090559,0.060128
QRL,34,0,402222,actor,26.807620720937848,True,0.677989,0.035753,0.98085,0.008861,0.658984,0.035566,0.069949,0.00375,5.16515,0.051127
QRL,34,1,402222,actor,26.807620720937848,True,0.67551,0.033899,0.982731,0.004902,0.658203,0.035623,0.07016,0.003596,5.16202,0.048305
QRL,34,2,402222,actor,26.807620720937848,True,0.673942,0.0325,0.98249,0.007268,0.656641,0.034668,0.070298,0.003438,5.159429,0.047541
QRL,34,3,402222,actor,26.807620720937848,True,0.674501,0.033409,0.984888,0.00629,0.658203,0.033867,0.070302,0.003531,5.160817,0.048996
QRL,34,4,402222,actor,26.807620720937848,True,0.674865,0.034038,0.986106,0.003983,0.660547,0.035823,0.070154,0.003631,5.160254,0.048943
QRL,35,0,402222,actor,11.090459357947111,True,0.566329,0.03478,0.937322,0.010238,0.515234,0.036293,0.085621,0.005549,5.006327,0.058373
QRL,35,1,402222,actor,11.090459357947111,True,0.571409,0.031763,0.944948,0.012723,0.525,0.031905,0.084626,0.004795,5.014714,0.054083
QRL,35,2,402222,actor,11.090459357947111,True,0.568817,0.03289,0.946478,0.015547,0.523828,0.034619,0.084991,0.005145,5.009939,0.055477
QRL,35,3,402222,actor,11.090459357947111,True,0.576384,0.036553,0.9516,0.013362,0.534766,0.03634,0.08375,0.005627,5.019531,0.060881
QRL,35,4,402222,actor,11.090459357947111,True,0.562821,0.032525,0.944056,0.01521,0.516016,0.038337,0.086115,0.005408,5.00124,0.053224
QRL,36,0,402222,actor,12.465293789282441,True,0.639342,0.032497,0.964894,0.009497,0.605469,0.032264,0.074881,0.003806,5.116408,0.049366
QRL,36,1,402222,actor,12.465293789282441,True,0.638506,0.032734,0.962472,0.009089,0.603125,0.031585,0.074976,0.003719,5.114844,0.050843
QRL,36,2,402222,actor,12.465293789282441,True,0.639586,0.034769,0.961337,0.011907,0.603516,0.035337,0.074882,0.004148,5.115533,0.052816
QRL,36,3,402222,actor,12.465293789282441,True,0.638844,0.031829,0.959766,0.009307,0.601562,0.03294,0.074967,0.003677,5.115102,0.049168
QRL,36,4,402222,actor,12.465293789282441,True,0.641732,0.032433,0.960073,0.012207,0.604688,0.034044,0.074612,0.003779,5.11928,0.049151
QRL,37,0,402222,actor,24.404082242399454,True,0.621174,0.033173,0.972299,0.014454,0.596094,0.035763,0.076681,0.004225,5.083061,0.051982
QRL,37,1,402222,actor,24.404082242399454,True,0.617789,0.028521,0.979421,0.008939,0.598047,0.028554,0.076924,0.003699,5.077129,0.045424
QRL,37,2,402222,actor,24.404082242399454,True,0.621279,0.031226,0.975598,0.010264,0.598828,0.034156,0.076569,0.003958,5.082893,0.049347
QRL,37,3,402222,actor,24.404082242399454,True,0.623063,0.034429,0.977148,0.007526,0.601562,0.035325,0.076361,0.00418,5.085817,0.055831
QRL,37,4,402222,actor,24.404082242399454,True,0.605829,0.038771,0.97586,0.008168,0.583203,0.037014,0.078727,0.005154,5.058927,0.062997
QRL,38,0,402222,actor,21.407567840069532,True,0.670008,0.032116,0.982844,0.005639,0.652344,0.031948,0.070773,0.003423,5.154637,0.046601
QRL,38,1,402222,actor,21.407567840069532,True,0.670471,0.035339,0.983283,0.007511,0.653906,0.037612,0.070686,0.003882,5.155097,0.050288
QRL,38,2,402222,actor,21.407567840069532,True,0.670643,0.034441,0.979345,0.008589,0.650391,0.037343,0.070776,0.003752,5.156131,0.04892
QRL,38,3,402222,actor,21.407567840069532,True,0.670763,0.03504,0.983372,0.008206,0.654297,0.040689,0.070665,0.003847,5.155239,0.04838
QRL,38,4,402222,actor,21.407567840069532,True,0.666932,0.03085,0.983068,0.006612,0.649219,0.033238,0.071133,0.003375,5.151755,0.044314
QRL,39,0,402222,actor,1.5000161994248629,True,0.340307,0.156823,0.068752,0.047858,0.002734,0.001887,0.218513,0.055369,5.002472,0.113556
QRL,39,1,402222,actor,1.5000161994248629,True,0.337945,0.156781,0.058251,0.050518,0.002344,0.002017,0.220499,0.059865,4.998888,0.122643
QRL,39,2,402222,actor,1.5000161994248629,True,0.320882,0.14398,0.066594,0.062398,0.002734,0.002637,0.226382,0.060304,4.977609,0.135081
QRL,39,3,402222,actor,1.5000161994248629,True,0.327247,0.165683,0.057236,0.049605,0.002344,0.002017,0.229098,0.062718,4.974242,0.144441
QRL,39,4,402222,actor,1.5000161994248629,True,0.328693,0.151392,0.069095,0.048077,0.002734,0.001887,0.225005,0.050378,4.989436,0.113844
QRL,40,0,402222,actor,2.1684724744409323,True,0.36222,0.050743,0.042589,0.034716,0.003516,0.002882,0.243667,0.031551,4.880608,0.056358
QRL,40,1,402222,actor,2.1684724744409323,True,0.361341,0.049715,0.042667,0.034888,0.003516,0.002882,0.243534,0.030294,4.87954,0.055953
QRL,40,2,402222,actor,2.1684724744409323,True,0.361428,0.048407,0.042585,0.034563,0.003516,0.002882,0.243597,0.030468,4.880904,0.055435
QRL,40,3,402222,actor,2.1684724744409323,True,0.362135,0.049904,0.042619,0.034634,0.003516,0.002882,0.243036,0.030579,4.881066,0.054731
QRL,40,4,402222,actor,2.1684724744409323,True,0.360325,0.04976,0.042607,0.034701,0.003516,0.002882,0.244723,0.031337,4.878903,0.056337
QRL,41,0,402222,actor,19.79016736149788,True,0.616449,0.034356,0.975269,0.008251,0.592969,0.033894,0.07732,0.004415,5.07719,0.05587
QRL,41,1,402222,actor,19.79016736149788,True,0.589526,0.038121,0.966516,0.008341,0.559375,0.037458,0.081311,0.005338,5.036594,0.062302
QRL,41,2,402222,actor,19.79016736149788,True,0.616378,0.036518,0.967692,0.009799,0.586719,0.037819,0.077594,0.004926,5.077417,0.056734
QRL,41,3,402222,actor,19.79016736149788,True,0.61392,0.037121,0.977918,0.009875,0.593359,0.03977,0.077538,0.004736,5.07155,0.05718
QRL,41,4,402222,actor,19.79016736149788,True,0.610502,0.038843,0.973154,0.006789,0.585547,0.03587,0.078188,0.005189,5.067831,0.062405
QRL,42,0,402222,actor,24.192945174872875,True,0.672153,0.034269,0.981999,0.003063,0.653906,0.033258,0.07056,0.003644,5.157695,0.049364
QRL,42,1,402222,actor,24.192945174872875,True,0.673916,0.033521,0.983874,0.006107,0.657422,0.033656,0.070312,0.003518,5.159575,0.04877
QRL,42,2,402222,actor,24.192945174872875,True,0.671549,0.035999,0.980884,0.005228,0.652734,0.034619,0.070623,0.003855,5.156345,0.051775
QRL,42,3,402222,actor,24.192945174872875,True,0.672803,0.034705,0.983778,0.004867,0.656641,0.035154,0.070405,0.003701,5.157553,0.049399
QRL,42,4,402222,actor,24.192945174872875,True,0.669995,0.034449,0.983976,0.005299,0.653516,0.03284,0.070737,0.003544,5.154193,0.048909
QRL,43,0,402222,actor,13.602486653253436,True,0.610479,0.038667,0.965094,0.010955,0.578516,0.04011,0.078519,0.005183,5.069639,0.061446
QRL,43,1,402222,actor,13.602486653253436,True,0.619307,0.033993,0.963696,0.01202,0.587109,0.037197,0.077194,0.004475,5.08312,0.052944
QRL,43,2,402222,actor,13.602486653253436,True,0.596364,0.033654,0.961885,0.010341,0.561719,0.028752,0.080472,0.004495,5.04995,0.057016
QRL,43,3,402222,actor,13.602486653253436,True,0.614704,0.034092,0.966191,0.009467,0.583984,0.038768,0.077829,0.004618,5.076423,0.054092
QRL,43,4,402222,actor,13.602486653253436,True,0.604765,0.038263,0.962302,0.009626,0.570703,0.035823,0.079324,0.005121,5.061251,0.062422
QRL,44,0,402222,actor,7.609273195266724,True,0.59342,0.031945,0.926981,0.011191,0.530859,0.030506,0.082081,0.004536,5.057161,0.050382
QRL,44,1,402222,actor,7.609273195266724,True,0.592098,0.033084,0.926715,0.018021,0.529297,0.031641,0.082307,0.004622,5.054478,0.052697
QRL,44,2,402222,actor,7.609273195266724,True,0.592948,0.031043,0.923183,0.016142,0.526953,0.029489,0.082332,0.004418,5.057467,0.049906
QRL,44,3,402222,actor,7.609273195266724,True,0.592923,0.034673,0.923787,0.020741,0.527734,0.031652,0.082292,0.004749,5.056799,0.055837
QRL,44,4,402222,actor,7.609273195266724,True,0.590466,0.028504,0.920322,0.021641,0.523047,0.031491,0.082683,0.00411,5.053205,0.046467
QRL,45,0,402222,actor,29.3627508636564,True,0.676115,0.036178,0.982247,0.005278,0.657812,0.035953,0.070174,0.003703,5.163232,0.051944
QRL,45,1,402222,actor,29.3627508636564,True,0.673915,0.032644,0.983866,0.006907,0.657812,0.036188,0.070281,0.003489,5.158831,0.045838
QRL,45,2,402222,actor,29.3627508636564,True,0.675089,0.029806,0.984195,0.008075,0.658594,0.031043,0.070179,0.003114,5.161415,0.043123
QRL,45,3,402222,actor,29.3627508636564,True,0.673775,0.031232,0.983449,0.008102,0.657422,0.034304,0.070273,0.003268,5.158712,0.044995
QRL,45,4,402222,actor,29.3627508636564,True,0.674297,0.029285,0.983785,0.005661,0.657812,0.031152,0.070236,0.003149,5.16008,0.041393
QRL,46,0,402222,actor,18.294933093711734,True,0.661189,0.033255,0.976581,0.008631,0.637891,0.033857,0.071934,0.003629,5.143744,0.048946
QRL,46,1,402222,actor,18.294933093711734,True,0.662497,0.034158,0.978681,0.004415,0.640625,0.035896,0.071799,0.003747,5.146144,0.049637
QRL,46,2,402222,actor,18.294933093711734,True,0.660873,0.0347,0.977651,0.006065,0.638672,0.033716,0.071935,0.003838,5.142852,0.05168
QRL,46,3,402222,actor,18.294933093711734,True,0.658966,0.034469,0.978236,0.006405,0.637109,0.034176,0.072156,0.003814,5.140109,0.050208
QRL,46,4,402222,actor,18.294933093711734,True,0.659927,0.033158,0.976063,0.008373,0.636328,0.034324,0.072077,0.003663,5.142117,0.049019
QRL,47,1,402222,actor,4.5102208480238914,True,0.434757,0.027771,0.687609,0.037166,0.257422,0.032549,0.126316,0.010098,4.817762,0.055902
QRL,47,2,402222,actor,4.5102208480238914,True,0.41114,0.030962,0.679306,0.040684,0.236719,0.030325,0.135813,0.012159,4.778266,0.063592
QRL,47,3,402222,actor,4.5102208480238914,True,0.424547,0.039855,0.707546,0.052734,0.260938,0.045844,0.129354,0.014904,4.797576,0.080975
QRL,48,0,402222,actor,4.8957357835024595,True,0.516152,0.029069,0.801141,0.022086,0.378906,0.022553,0.09937,0.00547,4.950794,0.052861
QRL,48,1,402222,actor,4.8957357835024595,True,0.516106,0.029476,0.80352,0.027486,0.379297,0.021667,0.099536,0.005526,4.951572,0.053153
QRL,48,2,402222,actor,4.8957357835024595,True,0.515867,0.028891,0.79438,0.020817,0.375,0.02408,0.099588,0.005503,4.950742,0.0528
QRL,48,3,402222,actor,4.8957357835024595,True,0.5151,0.02903,0.800539,0.025328,0.377734,0.024083,0.099619,0.005539,4.94925,0.05325
QRL,48,4,402222,actor,4.8957357835024595,True,0.514869,0.029395,0.799737,0.02327,0.376562,0.023452,0.099834,0.005639,4.949451,0.053671
QRL,49,0,402222,actor,17.303344421088696,True,0.608924,0.033421,0.968943,0.010284,0.580078,0.032799,0.078515,0.004357,5.067394,0.054259
QRL,49,2,402222,actor,17.303344421088696,True,0.621668,0.041399,0.977428,0.009729,0.599609,0.040312,0.076729,0.005311,5.08399,0.065075
QRL,49,3,402222,actor,17.303344421088696,True,0.599883,0.03778,0.959271,0.009772,0.564453,0.037704,0.079973,0.005247,5.053487,0.062004
QRL,49,4,402222,actor,17.303344421088696,True,0.614022,0.031428,0.969127,0.011734,0.585547,0.029431,0.077755,0.003948,5.074065,0.050796
QRL,50,0,402222,actor,28.7355275452137,True,0.680861,0.03492,0.982886,0.003643,0.663281,0.035744,0.069639,0.003674,5.169431,0.048676
QRL,50,1,402222,actor,28.7355275452137,True,0.678255,0.034061,0.985657,0.005796,0.663672,0.036293,0.069792,0.003574,5.165386,0.047785
QRL,50,2,402222,actor,28.7355275452137,True,0.680473,0.033163,0.986853,0.004235,0.666797,0.035423,0.069544,0.003542,5.168064,0.047345
QRL,50,3,402222,actor,28.7355275452137,True,0.678442,0.031319,0.9873,0.007175,0.665234,0.035135,0.069726,0.00333,5.165053,0.044309
QRL,50,4,402222,actor,28.7355275452137,True,0.677512,0.032591,0.988031,0.003648,0.664062,0.032369,0.069889,0.003342,5.164817,0.046702
QRL,51,0,402222,actor,9.296682542189956,True,0.613971,0.032945,0.943158,0.013411,0.563281,0.036681,0.078738,0.004376,5.083315,0.050263
QRL,51,1,402222,actor,9.296682542189956,True,0.609452,0.034807,0.944867,0.011688,0.559766,0.03195,0.079354,0.004579,5.076948,0.054681
QRL,51,2,402222,actor,9.296682542189956,True,0.612526,0.028212,0.946273,0.012433,0.564453,0.030159,0.078754,0.003655,5.081741,0.044071
QRL,51,3,402222,actor,9.296682542189956,True,0.616539,0.033737,0.945847,0.013348,0.566406,0.031141,0.078479,0.004258,5.088182,0.051447
QRL,51,4,402222,actor,9.296682542189956,True,0.611132,0.032655,0.944332,0.014566,0.561328,0.0366,0.079111,0.004428,5.079558,0.050359
QRL,52,0,402222,actor,14.491557441651821,True,0.649523,0.034799,0.9691,0.011987,0.620312,0.037639,0.073446,0.003992,5.128612,0.051652
QRL,52,1,402222,actor,14.491557441651821,True,0.649294,0.033045,0.970671,0.009116,0.620312,0.032043,0.073519,0.003693,5.129318,0.049225
QRL,52,2,402222,actor,14.491557441651821,True,0.649404,0.034369,0.972554,0.008103,0.622656,0.033663,0.073403,0.003893,5.128185,0.050899
QRL,52,3,402222,actor,14.491557441651821,True,0.651022,0.034434,0.96706,0.009791,0.619531,0.033764,0.073357,0.003876,5.131798,0.050709
QRL,52,4,402222,actor,14.491557441651821,True,0.64926,0.033256,0.96475,0.014405,0.616797,0.034815,0.073505,0.003841,5.128322,0.04999
QRL,53,0,402222,actor,22.70877624861896,True,0.637345,0.028655,0.977623,0.006651,0.615625,0.031098,0.074595,0.00348,5.108538,0.04248
QRL,53,1,402222,actor,22.70877624861896,True,0.611604,0.027332,0.968104,0.008733,0.583203,0.024154,0.077934,0.003377,5.069534,0.044539
QRL,53,2,402222,actor,22.70877624861896,True,0.635252,0.036902,0.982892,0.007211,0.619141,0.03633,0.074646,0.004418,5.101875,0.057745
QRL,53,3,402222,actor,22.70877624861896,True,0.633048,0.041048,0.977624,0.006535,0.611328,0.04048,0.075261,0.00505,5.100169,0.063225
QRL,53,4,402222,actor,22.70877624861896,True,0.63239,0.03369,0.974083,0.007217,0.608594,0.033033,0.075221,0.004048,5.099757,0.053045
QRL,54,0,402222,actor,19.611554956063628,True,0.66208,0.033669,0.978741,0.009371,0.640625,0.033653,0.071785,0.003675,5.144647,0.049682
QRL,54,1,402222,actor,19.611554956063628,True,0.661862,0.035641,0.978156,0.008809,0.640234,0.037033,0.071817,0.003923,5.143931,0.052194
QRL,54,2,402222,actor,19.611554956063628,True,0.661413,0.034213,0.979465,0.007044,0.640234,0.033575,0.071887,0.003753,5.14353,0.050288
QRL,54,3,402222,actor,19.611554956063628,True,0.662455,0.034521,0.978453,0.008819,0.641406,0.036402,0.071699,0.003818,5.144662,0.050081
QRL,54,4,402222,actor,19.611554956063628,True,0.664011,0.031817,0.974235,0.00823,0.639062,0.033053,0.071621,0.003503,5.147711,0.047062
QRL,55,0,402222,actor,3.4255707263946533,True,0.335469,0.030878,0.402652,0.046207,0.095312,0.019764,0.202147,0.025122,4.668442,0.074125
QRL,55,1,402222,actor,3.4255707263946533,True,0.323243,0.026708,0.338087,0.052012,0.073438,0.020239,0.223028,0.030713,4.651065,0.060078
QRL,55,2,402222,actor,3.4255707263946533,True,0.345711,0.027296,0.395763,0.047538,0.096484,0.018511,0.195564,0.022739,4.688629,0.060024
QRL,55,3,402222,actor,3.4255707263946533,True,0.33763,0.025884,0.405769,0.06532,0.096094,0.023161,0.202688,0.025289,4.67486,0.05998
QRL,55,4,402222,actor,3.4255707263946533,True,0.325554,0.024574,0.373804,0.0656,0.083984,0.021807,0.213645,0.023678,4.652729,0.058197
QRL,56,0,402222,actor,0.4058261029422283,True,0.743832,0.285892,0.0,0.0,0.0,0.0,0.101089,0.048309,5.416359,0.137069
QRL,56,1,402222,actor,0.4058261029422283,True,0.740665,0.259742,0.0,0.0,0.0,0.0,0.097602,0.037227,5.430995,0.091679
QRL,56,2,402222,actor,0.4058261029422283,True,0.751517,0.270526,0.0,0.0,0.0,0.0,0.0996,0.048294,5.420628,0.135486
QRL,56,3,402222,actor,0.4058261029422283,True,0.727968,0.313778,0.0,0.0,0.0,0.0,0.108977,0.06454,5.385897,0.204631
QRL,56,4,402222,actor,0.4058261029422283,True,0.775749,0.246988,0.0,0.0,0.0,0.0,0.0959,0.042187,5.433656,0.11768
QRL,57,0,402222,actor,21.690595345571637,True,0.673183,0.032026,0.984033,0.005877,0.657031,0.031777,0.070348,0.003322,5.158754,0.046143
QRL,57,1,402222,actor,21.690595345571637,True,0.667577,0.032926,0.980508,0.007498,0.648047,0.035298,0.071096,0.00355,5.152256,0.047761
QRL,57,2,402222,actor,21.690595345571637,True,0.669253,0.030874,0.980731,0.005447,0.65,0.031477,0.07087,0.003351,5.154016,0.044843
QRL,57,3,402222,actor,21.690595345571637,True,0.668867,0.033699,0.984442,0.005871,0.653125,0.034391,0.07082,0.003524,5.152808,0.047565
QRL,57,4,402222,actor,21.690595345571637,True,0.663908,0.03382,0.981216,0.007496,0.645312,0.035219,0.071458,0.00376,5.145853,0.050028
QRL,58,0,402222,actor,26.194081837311387,True,0.674213,0.033306,0.98163,0.007253,0.65625,0.034153,0.070278,0.003505,5.160088,0.048003
QRL,58,1,402222,actor,26.194081837311387,True,0.675307,0.037961,0.984323,0.006744,0.658984,0.038452,0.070226,0.004037,5.161121,0.054588
QRL,58,2,402222,actor,26.194081837311387,True,0.674677,0.03552,0.981351,0.005844,0.65625,0.036131,0.070282,0.00379,5.160806,0.050782
QRL,58,3,402222,actor,26.194081837311387,True,0.674948,0.033693,0.986427,0.00561,0.660938,0.035122,0.070128,0.003576,5.160696,0.048772
QRL,58,4,402222,actor,26.194081837311387,True,0.67523,0.033629,0.983276,0.007845,0.658594,0.036094,0.070158,0.003594,5.161164,0.048287
QRL,59,0,402222,actor,11.940547619014978,True,0.587816,0.026839,0.948155,0.014196,0.544141,0.030761,0.081871,0.003922,5.039248,0.045563
QRL,59,1,402222,actor,11.940547619014978,True,0.57049,0.039599,0.946307,0.013743,0.525781,0.041918,0.084818,0.006413,5.010876,0.067579
QRL,59,2,402222,actor,11.940547619014978,True,0.575108,0.032629,0.948277,0.008247,0.530859,0.033726,0.084017,0.005015,5.019447,0.053235
QRL,59,3,402222,actor,11.940547619014978,True,0.530595,0.039272,0.912085,0.013823,0.464453,0.038027,0.092563,0.007075,4.949451,0.070862
QRL,59,4,402222,actor,11.940547619014978,True,0.572473,0.030371,0.947841,0.013038,0.528125,0.033441,0.084396,0.00482,5.015227,0.051478
QRL,60,0,402222,actor,9.503699289634824,True,0.616668,0.032589,0.948109,0.016042,0.569531,0.038661,0.078305,0.004533,5.087485,0.050058
QRL,60,1,402222,actor,9.503699289634824,True,0.615073,0.03357,0.946731,0.016854,0.566797,0.036526,0.078549,0.004512,5.084832,0.052111
QRL,60,2,402222,actor,9.503699289634824,True,0.616366,0.033218,0.948069,0.015779,0.569141,0.034941,0.078322,0.004458,5.086457,0.051682
QRL,60,3,402222,actor,9.503699289634824,True,0.615236,0.034675,0.944579,0.015194,0.565625,0.036449,0.078544,0.004701,5.085583,0.053751
QRL,60,4,402222,actor,9.503699289634824,True,0.614745,0.033726,0.943582,0.016306,0.564453,0.035861,0.078611,0.004568,5.084151,0.051799
QRL,61,0,402222,actor,27.594215255230665,True,0.629945,0.036732,0.982069,0.006174,0.612109,0.038009,0.075457,0.004509,5.094646,0.056605
QRL,61,1,402222,actor,27.594215255230665,True,0.614637,0.033729,0.978703,0.006332,0.595312,0.036884,0.0773,0.004249,5.070866,0.052573
QRL,61,2,402222,actor,27.594215255230665,True,0.592803,0.035287,0.970152,0.009002,0.566016,0.034423,0.080597,0.004675,5.038744,0.058474
QRL,61,3,402222,actor,27.594215255230665,True,0.631252,0.037054,0.977821,0.009579,0.609766,0.035728,0.075401,0.004453,5.097856,0.057042
QRL,61,4,402222,actor,27.594215255230665,True,0.620016,0.03677,0.977161,0.010596,0.598438,0.035074,0.076776,0.004528,5.080818,0.060071
QRL,62,0,402222,actor,16.630768720060587,True,0.657655,0.03294,0.973575,0.006856,0.631641,0.0346,0.07243,0.003684,5.13978,0.047528
QRL,62,1,402222,actor,16.630768720060587,True,0.659102,0.036688,0.972921,0.009568,0.632422,0.036941,0.072323,0.004067,5.141997,0.052814
QRL,62,2,402222,actor,16.630768720060587,True,0.656837,0.034219,0.976485,0.008368,0.633203,0.034324,0.072469,0.003783,5.137976,0.049938
QRL,62,3,402222,actor,16.630768720060587,True,0.65874,0.033537,0.97512,0.008142,0.633984,0.032685,0.072266,0.003685,5.14072,0.048931
QRL,62,4,402222,actor,16.630768720060587,True,0.654403,0.032944,0.976653,0.006854,0.63125,0.03543,0.072712,0.003767,5.134788,0.048405
QRL,63,0,402222,actor,6.509015941992402,True,0.550821,0.032404,0.894593,0.019451,0.468359,0.031383,0.089844,0.005448,4.993998,0.054327
QRL,63,1,402222,actor,6.509015941992402,True,0.554197,0.028579,0.889594,0.025201,0.46875,0.035943,0.089288,0.005073,4.999732,0.049079
QRL,63,2,402222,actor,6.509015941992402,True,0.559208,0.035004,0.896074,0.017982,0.476562,0.032526,0.088468,0.005594,5.007795,0.058494
QRL,63,3,402222,actor,6.509015941992402,True,0.561406,0.037023,0.896745,0.024174,0.478516,0.030772,0.088144,0.005654,5.011084,0.063085
QRL,63,4,402222,actor,6.509015941992402,True,0.554013,0.03518,0.90165,0.01549,0.477344,0.033744,0.088908,0.005967,4.996601,0.060037
