training/actor/actor_loss,training/actor/adv,training/actor/bc_log_prob,training/actor/mse,training/actor/std,training/critic/binary_accuracy,training/critic/categorical_accuracy,training/critic/contrastive_loss,training/critic/logits,training/critic/logits_neg,training/critic/logits_pos,training/critic/v_max,training/critic/v_mean,training/critic/v_min,training/grad/max,training/grad/min,training/grad/norm,training/value/binary_accuracy,training/value/categorical_accuracy,training/value/contrastive_loss,training/value/logits,training/value/logits_neg,training/value/logits_pos,training/value/v_max,training/value/v_mean,training/value/v_min,validation/actor/actor_loss,validation/actor/adv,validation/actor/bc_log_prob,validation/actor/mse,validation/actor/std,validation/critic/binary_accuracy,validation/critic/categorical_accuracy,validation/critic/contrastive_loss,validation/critic/logits,validation/critic/logits_neg,validation/critic/logits_pos,validation/critic/v_max,validation/critic/v_mean,validation/critic/v_min,validation/value/binary_accuracy,validation/value/categorical_accuracy,validation/value/contrastive_loss,validation/value/logits,validation/value/logits_neg,validation/value/logits_pos,validation/value/v_max,validation/value/v_mean,validation/value/v_min,time/epoch_time,time/total_time,step
181.513,0.18017688,-9.783062,0.6078886,1.0,0.2151041,0.0,1.0870607,0.47835052,0.47823408,0.5975103,85.90273,3.90911,0.045752496,4.3126183,-3.4421961,134.94627,0.66744614,0.001953125,0.6263591,-0.3304678,-0.33043543,-0.36357763,23.666298,1.0578617,0.020442657,95.4975,-0.18482369,-9.738176,0.59666705,1.0,0.9731455,0.0,0.11272751,-4.164889,-4.164451,-4.612878,7.57482,0.15762281,4.0898944e-05,0.9684725,0.0,0.08617399,-4.755143,-4.7546854,-5.223281,12.709213,0.18111846,6.803037e-05,0.012499002838134765,62.4950156211853,1
14.133913,-0.035168327,-9.390692,0.5097959,1.0,0.99902344,0.060546875,0.005257968,-25.046486,-25.066708,-4.3568754,0.9632563,0.023452852,2.1530349e-07,0.08380317,-0.19753976,2.7639642,0.99902344,0.0703125,0.005236354,-24.889084,-24.909054,-4.4588776,4.966895,0.032330003,2.006677e-07,7.559643,-0.31322622,-9.390525,0.5097541,1.0,0.9990139,0.06542969,0.0052574337,-25.238585,-25.258898,-4.4576178,3.3161023,0.026968114,5.0090216e-07,0.99901867,0.072265625,0.0052180765,-24.810007,-24.830051,-4.302647,3.365119,0.031323314,4.996812e-07,0.24027971353530883,1263.8935844898224,5000
9.495113,-0.084450364,-9.337469,0.4964903,1.0,0.9990368,0.14160156,0.004909439,-20.185593,-20.201536,-3.873601,18.277409,0.09687288,3.9232496e-06,0.05741723,-0.07765271,1.6555145,0.99903774,0.1328125,0.004910058,-19.504705,-19.519974,-3.8842025,9.673725,0.0984786,6.9052785e-06,8.391546,-0.12992626,-9.347422,0.49897847,1.0,0.9989977,0.103515625,0.004911923,-20.080475,-20.096262,-3.9279761,8.719665,0.11923514,2.284253e-06,0.9990034,0.11230469,0.0048924685,-19.447609,-19.462816,-3.8890877,8.387911,0.13237238,9.4415515e-07,0.24825079855918886,2505.1475830078125,10000
9.764607,-0.06725432,-9.309802,0.48957354,1.0,0.99903584,0.14257812,0.004863574,-15.709392,-15.72088,-3.9564295,7.03197,0.11912887,6.2937795e-07,0.063879795,-0.08081422,1.6794775,0.99903965,0.13964844,0.004866572,-14.933982,-14.944694,-3.976925,7.3813124,0.12003024,1.7318404e-06,9.549743,-0.09480323,-9.297347,0.48645976,1.0,0.9990196,0.13769531,0.004930735,-15.306626,-15.317821,-3.8546882,16.076185,0.14443289,3.3907025e-07,0.99901676,0.12890625,0.004920014,-14.56244,-14.572923,-3.8382292,22.529097,0.16189045,6.785264e-07,0.1407387927532196,3208.841551542282,15000
8.720608,-0.12194745,-9.328136,0.49415708,1.0,0.9990368,0.14160156,0.004810201,-13.589409,-13.598849,-3.9323153,18.833569,0.09677856,6.8390723e-06,0.05836349,-0.06380845,1.5871024,0.99903965,0.14160156,0.0048240097,-13.261121,-13.270267,-3.9048166,8.535038,0.1060449,4.4862595e-06,10.555721,-0.07028131,-9.335886,0.4960945,1.0,0.9990196,0.15234375,0.004868125,-13.592948,-13.602458,-3.8638206,16.13021,0.15150881,6.2207005e-06,0.99902153,0.13867188,0.0048823766,-13.324427,-13.333646,-3.8937006,17.437532,0.15801333,1.1178589e-05,0.020241076946258544,3310.046937227249,20000
10.149065,-0.085020564,-9.343325,0.4979541,1.0,0.9990463,0.16699219,0.0047612246,-13.147419,-13.15653,-3.8256536,37.463863,0.3003345,2.5565375e-06,0.08717996,-0.077539414,2.0834346,0.99905014,0.15820312,0.0047601326,-13.011129,-13.020087,-3.8467216,41.05743,0.33023363,5.997453e-06,10.094092,-0.08748071,-9.3169365,0.49135697,1.0,0.99900913,0.14550781,0.004865811,-13.274111,-13.283367,-3.805009,38.84557,0.3142008,3.2727206e-05,0.9990082,0.14746094,0.0048606344,-13.13426,-13.143374,-3.8108468,46.352715,0.38673517,3.945302e-05,0.1471735270023346,4045.914573431015,25000
9.768487,-0.10184396,-9.272704,0.4802991,1.0,0.9990406,0.15722656,0.004799458,-12.905837,-12.914702,-3.8368404,53.005077,0.20327008,5.083712e-05,0.082800545,-0.1257589,2.069264,0.9990425,0.15136719,0.0048090033,-12.815147,-12.823912,-3.8512902,53.518642,0.2438304,2.6480486e-05,12.901602,-0.074748024,-9.352501,0.500248,1.0,0.9990263,0.14257812,0.0048943292,-13.061928,-13.070892,-3.8919709,33.094284,0.2951867,3.6616533e-05,0.99902916,0.13964844,0.0048890198,-13.032286,-13.041208,-3.9045339,26.148207,0.28450158,5.4712236e-05,0.022597586250305175,4158.902511358261,30000
12.563764,-0.11418726,-9.313616,0.49052697,1.0,0.99904156,0.1640625,0.0047040125,-13.208494,-13.217771,-3.7184277,52.003246,0.3474694,2.602183e-05,0.23414308,-0.14543761,4.4878616,0.99904156,0.15136719,0.0047196127,-13.187844,-13.197102,-3.7186737,98.769905,0.43175903,8.437382e-06,12.578426,-0.1179378,-9.321214,0.49242646,1.0,0.9990282,0.15039062,0.0048462413,-13.103186,-13.1123085,-3.771162,79.310776,0.48423386,7.446475e-06,0.999033,0.14453125,0.0048451605,-13.051076,-13.060139,-3.780706,122.01068,0.56134814,1.5668025e-05,0.1510477761745453,4914.141393661499,35000
11.172916,-0.1395174,-9.319887,0.49209478,1.0,0.9990454,0.16503906,0.0047050333,-13.467531,-13.476991,-3.7892811,46.2085,0.2756245,6.91638e-05,0.11862362,-0.18806602,2.8220248,0.9990425,0.15917969,0.004701699,-13.372881,-13.382267,-3.769092,66.673416,0.36574858,7.269113e-05,10.900055,-0.1484757,-9.342492,0.49774593,1.0,0.9990263,0.15527344,0.0048459955,-13.372477,-13.381824,-3.810438,141.9523,0.47043866,3.06217e-05,0.9990196,0.15527344,0.004869874,-13.282785,-13.292038,-3.8171086,95.43505,0.56886446,3.8996724e-05,0.021222730731964113,5020.25504899025,40000
11.359511,-0.16650108,-9.326294,0.49369636,1.0,0.99905205,0.20410156,0.004594174,-13.514926,-13.5245905,-3.6286244,97.266914,0.4755268,9.825093e-06,0.2446233,-0.20050785,4.289149,0.9990473,0.19433594,0.0045918683,-13.466799,-13.476442,-3.601301,180.3048,0.7776479,6.291934e-06,15.778144,-0.12068214,-9.32432,0.4932028,1.0,0.999032,0.1953125,0.0047667827,-13.414364,-13.423765,-3.7968483,118.97093,0.5435273,2.7455346e-05,0.9990368,0.16992188,0.0047552744,-13.370979,-13.380309,-3.8271344,43.319477,0.2653351,2.361336e-05,0.15313218936920167,5785.915998220444,45000
12.258538,-0.13462156,-9.319157,0.49191225,1.0,0.9990473,0.18164062,0.0047279224,-13.628713,-13.638333,-3.7875118,162.2026,0.5250549,2.4425695e-05,0.15710329,-0.12335274,3.1919494,0.9990444,0.16308594,0.0047515994,-13.653198,-13.662824,-3.8063798,61.185764,0.4734428,9.923309e-06,13.847857,-0.18100645,-9.361317,0.5024521,1.0,0.9990244,0.1484375,0.004862156,-13.544465,-13.553941,-3.851005,90.11582,0.64948606,1.9812462e-06,0.99902344,0.14355469,0.0048704348,-13.502123,-13.511571,-3.838204,136.49336,0.8255383,8.400148e-07,0.016397662448883056,5867.904314041138,50000
12.745354,-0.14464399,-9.321452,0.49248594,1.0,0.9990444,0.16113281,0.0046993783,-13.458286,-13.4677725,-3.7542033,97.093506,0.35475102,3.634132e-05,0.20074646,-0.25794673,4.503813,0.9990444,0.15820312,0.004705212,-13.371056,-13.380449,-3.761956,92.7144,0.36936283,5.186556e-05,15.595139,-0.15010463,-9.337968,0.49661496,1.0,0.9990263,0.15429688,0.004863716,-13.597364,-13.606879,-3.8646808,342.1463,1.0621514,1.7998425e-05,0.99902534,0.14648438,0.004867101,-13.537773,-13.54722,-3.8728442,528.819,1.0994251,1.670543e-05,0.14757753834724427,6605.792006969452,55000
14.621937,-0.14817123,-9.348074,0.49914148,1.0,0.99905014,0.17773438,0.004758078,-13.667511,-13.677218,-3.7362428,94.188866,0.44168013,1.7354877e-06,0.4456155,-0.35749024,5.882107,0.9990492,0.14257812,0.004768207,-13.59048,-13.600082,-3.766638,147.20892,0.48743206,1.8257633e-06,12.835136,-0.20137334,-9.329653,0.49453628,1.0,0.9990196,0.15136719,0.004876219,-13.706213,-13.715848,-3.8496227,193.85156,0.5549904,5.004746e-06,0.9990196,0.13769531,0.0048871376,-13.633289,-13.642857,-3.8458986,78.59333,0.5674788,3.4100187e-06,0.011328167009353638,6662.432843446732,60000
18.332245,-0.13319094,-9.299635,0.4870317,1.0,0.9990492,0.18652344,0.004638434,-13.800856,-13.810741,-3.6874106,279.8773,0.67306566,5.3932417e-05,0.3434952,-0.31745526,7.0598907,0.9990492,0.17578125,0.004677131,-13.802935,-13.812756,-3.756508,135.67743,0.65502584,5.6293626e-05,18.987549,-0.1528224,-9.282026,0.48262972,1.0,0.9989958,0.17480469,0.0048435275,-13.801235,-13.811128,-3.6819062,364.6103,1.4133372,7.9608535e-06,0.9989996,0.15625,0.004861661,-13.779004,-13.788845,-3.7117352,152.6497,0.9618357,1.2458137e-05,0.013783829593658448,6731.351992607117,65000
16.815977,-0.1422785,-9.286,0.4836231,1.0,0.9990454,0.19335938,0.004578664,-13.86747,-13.877477,-3.630846,55.564194,0.374619,7.8082417e-07,0.32424325,-0.30341816,7.0124907,0.9990444,0.16601562,0.004604274,-13.746279,-13.756105,-3.6930637,68.026306,0.413301,1.3986697e-06,16.896343,-0.19794944,-9.307235,0.48893166,1.0,0.99902916,0.15722656,0.0049236584,-13.824445,-13.8341465,-3.9004974,150.27248,0.54660517,2.1744008e-06,0.999032,0.14453125,0.0049045375,-13.733845,-13.743442,-3.9159203,40.946476,0.41618884,1.3872261e-05,0.016212233352661132,6812.413160800934,70000
18.51098,-0.13849272,-9.339687,0.49704462,1.0,0.9990473,0.17871094,0.0045730453,-13.996711,-14.00686,-3.6145744,104.43315,0.35687786,3.074423e-06,0.51862437,-0.5356293,9.055183,0.9990444,0.16308594,0.004592657,-14.037138,-14.047288,-3.6539218,120.56657,0.3362823,4.0897985e-06,15.392695,-0.18486145,-9.368886,0.5043445,1.0,0.99901676,0.1796875,0.0047807633,-14.079662,-14.089786,-3.7226882,365.9902,1.318254,4.4776166e-06,0.99901867,0.16796875,0.0047993106,-14.158811,-14.168966,-3.769492,224.09355,1.3476987,1.9816111e-06,0.024394886064529418,6934.387592077255,75000
16.614473,-0.19561218,-9.353374,0.50046617,1.0,0.99904823,0.17773438,0.004683312,-14.055622,-14.065727,-3.718471,83.982445,0.37947154,4.7158846e-06,0.40302628,-0.3639244,6.3274755,0.99904823,0.16699219,0.004684475,-13.954346,-13.964375,-3.6958067,47.229202,0.48336446,6.0075745e-06,17.588926,-0.1804017,-9.312232,0.49018085,1.0,0.9990425,0.171875,0.0048679113,-13.916013,-13.925846,-3.856354,522.64557,0.9372947,8.3844425e-06,0.9990425,0.15136719,0.0049029808,-13.875119,-13.884893,-3.8756423,450.81317,1.3624554,1.6129008e-05,0.21426370611190795,8005.706125974655,80000
15.236495,-0.20635776,-9.279322,0.48195314,1.0,0.9990492,0.19628906,0.004593056,-14.160143,-14.170412,-3.6537905,123.87217,0.3535707,2.7879381e-05,0.38529986,-0.39521444,6.0028996,0.9990511,0.17675781,0.004605646,-14.139318,-14.149564,-3.6579556,52.440544,0.3728223,3.957685e-05,20.165352,-0.19019273,-9.274338,0.48070747,1.0,0.99903107,0.15625,0.0048375414,-14.180796,-14.190962,-3.7806432,179.38643,0.547106,7.4476825e-06,0.9990301,0.140625,0.0048427423,-14.141537,-14.151635,-3.8108444,93.87607,0.56546736,5.063702e-06,0.008775507020950318,8049.5836622715,85000
14.79483,-0.23879974,-9.312694,0.49029636,1.0,0.9990492,0.17089844,0.004644458,-14.20635,-14.2166,-3.7200546,121.555756,0.7142826,7.623732e-06,0.2447474,-0.39011303,6.071952,0.99905014,0.16601562,0.0046355454,-14.070574,-14.080723,-3.689017,72.88735,0.53588355,3.1935408e-05,18.7358,-0.22579351,-9.291942,0.48510844,1.0,0.9990263,0.16210938,0.004851376,-14.014005,-14.023912,-3.8783941,162.67859,0.51817656,3.3689348e-06,0.9990263,0.15429688,0.004863482,-13.82074,-13.8304615,-3.875235,157.52327,0.46672875,1.8761222e-05,0.01040510950088501,8101.609211444855,90000
18.002449,-0.19301966,-9.328542,0.4942583,1.0,0.9990454,0.18261719,0.0046266867,-14.153713,-14.163986,-3.6442916,352.9732,0.69681907,2.1441749e-05,0.3334046,-0.39223108,6.7599907,0.9990425,0.16601562,0.0046392474,-14.086266,-14.096454,-3.664667,75.41331,0.55853766,8.677517e-05,16.218435,-0.23398957,-9.327345,0.49395904,1.0,0.9990339,0.16503906,0.0048221154,-14.300071,-14.310286,-3.8509488,218.66415,0.7967346,2.1252012e-05,0.99903774,0.16015625,0.0048165023,-14.196943,-14.207087,-3.819491,710.9999,1.7273631,3.0121635e-05,0.01377616639137268,8170.490047693253,95000
19.021248,-0.17596634,-9.322859,0.49283785,1.0,0.99905396,0.19726562,0.004596438,-14.243726,-14.254086,-3.6455286,255.3938,0.62218285,5.265397e-06,0.49878126,-0.4891941,8.028948,0.9990492,0.19042969,0.0046229186,-14.192629,-14.202909,-3.6748748,133.72997,0.62186646,1.934479e-05,21.14256,-0.19344375,-9.315976,0.49111697,1.0,0.999033,0.16601562,0.00478879,-14.217173,-14.227389,-3.764705,242.64178,0.92321,2.5691809e-06,0.9990282,0.13671875,0.0047858916,-14.1790085,-14.189177,-3.776713,1241.9669,2.077827,9.433105e-06,0.014843729877471923,8244.708698272705,100000
19.44279,-0.18640834,-9.337044,0.496384,1.0,0.999053,0.18945312,0.0045320187,-14.258246,-14.268699,-3.5648522,169.34459,0.66717935,4.326309e-06,0.35389364,-0.47383267,8.287311,0.9990568,0.16308594,0.0045696013,-14.191036,-14.201359,-3.6300554,88.527824,0.5988983,9.782813e-06,15.941761,-0.2129352,-9.340461,0.4972381,1.0,0.99902916,0.16503906,0.004833149,-14.057472,-14.067468,-3.832615,1770.1335,1.6834861,3.0346462e-06,0.999033,0.14355469,0.0048417943,-13.983322,-13.993226,-3.8508272,171.51726,0.66227233,5.5928112e-06,0.2284474956512451,9386.946179151535,105000
19.563301,-0.20176281,-9.2885275,0.48425493,1.0,0.99905205,0.16503906,0.0046173865,-14.35508,-14.365574,-3.6181295,417.8009,0.9594807,1.4099239e-05,0.48559988,-0.36998263,6.8655987,0.9990492,0.15332031,0.004633818,-14.273415,-14.283823,-3.6258826,441.47348,1.6235521,1.49300595e-05,20.92373,-0.21476993,-9.341248,0.4974347,1.0,0.999033,0.16015625,0.004766722,-14.397518,-14.407917,-3.7598839,145.54536,0.6561786,1.5166743e-06,0.99902916,0.15429688,0.0047824876,-14.284748,-14.295025,-3.7702775,411.1351,1.2322018,1.2541145e-06,0.008820293807983399,9431.047649145126,110000
15.717937,-0.2051324,-9.300335,0.48720667,1.0,0.9990597,0.18359375,0.0045538684,-14.392199,-14.402784,-3.5630841,180.98088,0.868629,1.9238836e-05,0.48289078,-0.2686684,7.1159067,0.99905586,0.18457031,0.004570593,-14.34492,-14.355445,-3.5786881,905.2886,1.6980672,3.5568468e-05,22.053717,-0.21595262,-9.338629,0.49678013,1.0,0.9990244,0.18457031,0.004752307,-14.303047,-14.313436,-3.6750557,1432.712,2.335177,4.6366386e-06,0.9990263,0.15234375,0.0047645234,-14.258364,-14.268662,-3.721838,629.6894,1.9786286,1.2268478e-05,0.008821094369888306,9475.15312242508,115000
20.632221,-0.23803309,-9.308018,0.48912734,1.0,0.99905014,0.16992188,0.0047057644,-14.294859,-14.3051815,-3.7351096,304.11005,0.71231645,2.024188e-06,0.6677046,-0.5418058,10.481302,0.9990511,0.15820312,0.004725633,-14.2045555,-14.214785,-3.7402864,211.62997,0.7539141,2.7234607e-06,23.485384,-0.20796078,-9.332497,0.4952473,1.0,0.99903107,0.17480469,0.0048111575,-14.1878395,-14.198048,-3.7462373,292.2012,0.9674177,5.833067e-06,0.99903107,0.16308594,0.004805782,-14.104848,-14.114979,-3.7420764,420.33917,1.1672622,2.0928157e-05,0.008939211320877076,9519.849180936813,120000
15.681393,-0.2712506,-9.335398,0.4959724,1.0,0.99905396,0.20898438,0.004473754,-14.430727,-14.441448,-3.464037,1023.3274,1.2624016,1.4271478e-05,0.3013117,-0.32789367,7.046932,0.99905205,0.203125,0.004489882,-14.258799,-14.269344,-3.471301,152.17789,0.73403263,4.2893047e-05,23.179237,-0.19867925,-9.321086,0.49239436,1.0,0.9990368,0.16894531,0.004773092,-14.431087,-14.441561,-3.7168403,141.4589,0.84856606,4.912366e-06,0.9990301,0.15527344,0.00479272,-14.245396,-14.255663,-3.7414775,137.955,0.76314074,1.1958037e-06,0.013776056385040283,9588.729464054108,125000
16.428253,-0.21810788,-9.3165,0.4912477,1.0,0.99905205,0.19433594,0.004540664,-14.593818,-14.604592,-3.5707107,121.91583,0.72827053,2.2625218e-05,0.39218056,-0.2496567,6.0986986,0.9990511,0.18359375,0.0045546414,-14.517163,-14.527833,-3.60099,137.77692,0.59182274,7.0562994e-05,23.144388,-0.21231224,-9.328584,0.49426898,1.0,0.9990387,0.16113281,0.0048178984,-14.552391,-14.562845,-3.8583603,419.8818,1.1640115,1.2551059e-05,0.99903584,0.15917969,0.004820464,-14.445416,-14.455745,-3.880498,63.0881,0.56035346,1.0797218e-05,0.013773125886917115,9657.595094680786,130000
18.778385,-0.21256155,-9.31575,0.4910606,1.0,0.9990587,0.2109375,0.004469065,-14.565258,-14.57609,-3.4842374,158.5522,0.7518501,5.465534e-07,0.9257885,-1.2760913,10.547331,0.9990549,0.20214844,0.004508407,-14.422012,-14.432673,-3.516859,302.67706,1.0364971,1.5827072e-06,18.66528,-0.22650796,-9.282038,0.48263222,1.0,0.9990406,0.16601562,0.0047692494,-14.355451,-14.3658,-3.7677147,1026.0695,2.0160651,1.5849782e-05,0.99903965,0.14746094,0.004782679,-14.1553755,-14.165507,-3.7896056,415.6487,1.3258024,1.3497411e-05,0.016567507600784303,9740.432635068893,135000
24.088633,-0.21683374,-9.310811,0.48982573,1.0,0.9990511,0.19335938,0.004547238,-14.64143,-14.652241,-3.5823116,263.27405,0.73339826,4.2169457e-05,0.52155584,-0.5173577,9.634247,0.99905777,0.17578125,0.0045495597,-14.594828,-14.605598,-3.5780401,563.5326,1.4644551,3.451059e-05,27.028889,-0.21315958,-9.346374,0.49871647,1.0,0.999012,0.15820312,0.004989138,-14.563918,-14.574362,-3.8798895,458.15512,1.3150587,9.886742e-06,0.9990072,0.15332031,0.0050053215,-14.472376,-14.482719,-3.8901148,351.7631,1.6875455,5.8325886e-06,0.023525513076782228,9858.060201406479,140000
23.033724,-0.22409934,-9.324034,0.49313134,1.0,0.9990511,0.18261719,0.0045844233,-14.547249,-14.557955,-3.5937424,738.508,1.223367,5.3572326e-06,0.47466856,-0.60229164,12.1901655,0.99905014,0.16210938,0.0045888075,-14.437309,-14.447898,-3.6055484,567.5266,1.3627155,4.83136e-05,20.597713,-0.24896543,-9.377068,0.50638986,1.0,0.9990368,0.15722656,0.004796069,-14.342058,-14.352389,-3.7736082,905.76746,1.1009002,2.7402008e-05,0.9990406,0.14746094,0.0048160655,-14.144451,-14.154585,-3.7757974,2910.3135,3.8260221,9.191627e-06,0.02367924680709839,9976.456436872482,145000
21.13044,-0.24506277,-9.323651,0.49303582,1.0,0.99905586,0.20898438,0.0044423398,-14.473346,-14.484121,-3.450551,196.08669,0.75756717,3.085354e-05,0.8712629,-0.6651798,10.754066,0.9990549,0.19140625,0.0044729523,-14.361079,-14.371703,-3.4932656,112.94404,0.73002607,3.5173936e-05,24.425577,-0.23901483,-9.338011,0.49662578,1.0,0.9990387,0.1796875,0.004769756,-14.563452,-14.574036,-3.735825,516.93384,1.6530168,1.869421e-05,0.9990368,0.1640625,0.0047917143,-14.4724655,-14.482982,-3.715219,476.45114,2.2711482,8.901417e-06,0.023673915672302245,10094.826016664505,150000
17.979214,-0.18482868,-9.315035,0.49088174,1.0,0.9990492,0.21875,0.0044297236,-14.43627,-14.447002,-3.4563212,88.59041,0.6002852,5.7078314e-06,0.2629642,-0.3718232,5.6454315,0.9990549,0.22265625,0.004430188,-14.391006,-14.401698,-3.4533179,177.38597,0.86063457,1.8626071e-05,27.564087,-0.19910932,-9.32765,0.4940356,1.0,0.99903774,0.20117188,0.0047650146,-14.619213,-14.629915,-3.6703746,1513.4374,3.338883,4.3972855e-06,0.9990301,0.18261719,0.0047479942,-14.57588,-14.586532,-3.6793005,665.5153,2.667173,2.2098491e-05,0.3054189188957214,11621.920614480972,155000
21.20382,-0.24282649,-9.314037,0.4906324,1.0,0.9990511,0.21191406,0.0044953693,-14.628854,-14.639705,-3.5283146,150.40561,0.7686419,3.2190314e-06,0.49594957,-0.7019542,10.401815,0.9990568,0.18652344,0.004510143,-14.4295435,-14.440204,-3.5250294,106.99682,0.7609943,1.4259683e-05,17.835327,-0.26493806,-9.34129,0.49744564,1.0,0.99904156,0.16796875,0.004778374,-14.539478,-14.55001,-3.7646375,207.59212,0.91786045,1.912889e-06,0.9990368,0.16601562,0.0047762273,-14.319717,-14.330055,-3.7438097,4833.831,6.0267863,9.8658e-07,0.008823950624465943,11666.040368795395,160000
22.272554,-0.20093267,-9.321048,0.4923849,1.0,0.9990597,0.20214844,0.0044536684,-14.695876,-14.706862,-3.4573088,283.76614,1.1154218,4.616933e-06,0.64001656,-0.55628324,9.123121,0.999053,0.20996094,0.004454963,-14.613804,-14.624691,-3.4766397,143.38321,0.9659078,8.509495e-06,25.34021,-0.2436648,-9.372408,0.50522494,1.0,0.9990349,0.18554688,0.0047456017,-14.732312,-14.743124,-3.6714797,2809.5315,3.5582504,8.9422065e-06,0.99902916,0.1796875,0.0047610253,-14.683672,-14.694409,-3.6986694,1316.2686,3.3516006,1.4377418e-05,0.008824896812438966,11710.164854764938,165000
19.73882,-0.2504121,-9.316013,0.49112642,1.0,0.9990568,0.21191406,0.004440357,-14.953247,-14.964486,-3.4566512,281.20602,1.2444464,2.7501533e-06,0.32743144,-0.47638723,8.751339,0.9990568,0.20214844,0.0044574426,-14.89126,-14.902447,-3.4473715,159.72482,0.861967,1.5854794e-06,23.472954,-0.28598142,-9.281145,0.48240918,1.0,0.999032,0.171875,0.0048265476,-14.592968,-14.603522,-3.7966142,134.05582,0.6287024,1.3190925e-06,0.99903107,0.16113281,0.0048188753,-14.524458,-14.5349655,-3.7756722,442.3465,0.9015252,1.5232262e-06,0.008824542284011841,11754.287567853928,170000
22.142382,-0.24776405,-9.328964,0.49436408,1.0,0.99905777,0.21875,0.004491474,-14.732256,-14.743221,-3.5149696,76.870056,0.4437936,5.0395365e-06,0.42834884,-0.54773515,9.956361,0.9990597,0.18359375,0.0044896426,-14.6375885,-14.648471,-3.5045404,30.364141,0.33161563,3.2168697e-05,26.885275,-0.21616913,-9.268419,0.47922784,1.0,0.9990206,0.16210938,0.0049080346,-14.654503,-14.665119,-3.792935,917.18756,2.6707108,1.8986916e-07,0.99902153,0.14257812,0.0048955483,-14.504063,-14.514495,-3.833273,242.3586,0.91958714,9.771284e-07,0.00881800093650818,11798.377573728561,175000
21.345924,-0.21671303,-9.296604,0.4862741,1.0,0.9990549,0.23046875,0.004430704,-14.765446,-14.776502,-3.455809,94.19699,0.75295645,1.4368521e-05,0.45283103,-0.60844946,10.173046,0.9990549,0.19433594,0.004456659,-14.697207,-14.708175,-3.4773462,158.23967,1.0066295,4.464576e-05,18.108654,-0.24086244,-9.333716,0.495552,1.0,0.999032,0.17578125,0.0047915443,-14.3039465,-14.314249,-3.764487,5258.546,3.9191904,8.552355e-06,0.99903107,0.16113281,0.004769138,-14.178496,-14.188708,-3.7308378,369.14676,1.0909557,7.80972e-06,0.008817616558074951,11842.465658187866,180000
22.280994,-0.20152372,-9.315845,0.49108404,1.0,0.99906063,0.22753906,0.0044500083,-14.757447,-14.768483,-3.4679942,373.56622,0.9182756,1.6870687e-05,0.4407963,-0.45325115,8.863606,0.99906063,0.203125,0.0044578067,-14.674837,-14.6857815,-3.478434,770.75336,1.3712354,3.633806e-05,21.795889,-0.25830746,-9.307383,0.4889685,1.0,0.99904156,0.1796875,0.00484658,-14.547043,-14.557478,-3.8724062,324.6282,0.6481004,1.4993147e-06,0.99904346,0.16210938,0.004836971,-14.474345,-14.484697,-3.8840861,162.1171,0.5819475,1.4486595e-06,0.008845383739471436,11886.692581176758,185000
22.443642,-0.20384228,-9.324333,0.49320647,1.0,0.99906635,0.21777344,0.0044435835,-14.855625,-14.866797,-3.426591,171.96405,0.7128847,6.804163e-06,0.6027555,-0.7428326,12.007329,0.9990597,0.20410156,0.0044558095,-14.719011,-14.730044,-3.4331546,90.41927,0.90144426,6.2070444e-07,25.807953,-0.20753264,-9.345984,0.49861902,1.0,0.9990282,0.16992188,0.004818836,-14.550219,-14.560717,-3.811609,97.11763,0.3816402,2.8715262e-06,0.99901676,0.1640625,0.004859023,-14.404966,-14.41533,-3.8017893,734.51215,1.1984448,5.697162e-06,0.01377988657951355,11955.592015743256,190000
18.677835,-0.22602752,-9.352417,0.50022715,1.0,0.99905777,0.21679688,0.0044750413,-14.7493305,-14.760314,-3.5143929,1248.9075,1.4399731,4.1551702e-06,0.39847195,-0.40551054,8.125607,0.99906063,0.20019531,0.0044944873,-14.684068,-14.694978,-3.5234582,143.61798,0.71184886,2.7995745e-06,32.18231,-0.2281304,-9.29907,0.48689035,1.0,0.99902344,0.19726562,0.0046096486,-14.806777,-14.8178,-3.5305364,3126.2764,3.1304235,2.249311e-06,0.9990196,0.17089844,0.004639493,-14.707119,-14.718007,-3.5683646,165.97685,0.99251294,2.2300164e-05,0.013779581594467164,12024.489925146103,195000
20.39256,-0.23497027,-9.289795,0.48457187,1.0,0.99905586,0.21679688,0.0044424003,-14.747356,-14.758363,-3.4881444,166.62646,0.6934887,6.0187995e-05,0.56550264,-0.44675297,9.137318,0.99905396,0.19042969,0.00444996,-14.566618,-14.577422,-3.5133495,171.05496,0.6381506,0.00010981133,20.5775,-0.25793093,-9.351239,0.49993283,1.0,0.999033,0.17773438,0.0047556963,-14.689577,-14.700238,-3.7833269,100.183754,0.5272198,2.9322715e-05,0.99903107,0.15136719,0.0047687422,-14.501112,-14.511576,-3.7985928,128.44345,0.6894227,3.5032797e-05,0.015811748838424684,12103.548673152924,200000
20.974545,-0.25625676,-9.289188,0.48442,1.0,0.99905014,0.19921875,0.004560396,-14.752237,-14.763152,-3.5852563,789.60864,1.3419032,5.1187733e-05,0.97985846,-0.7783325,12.190124,0.9990454,0.1953125,0.0045760004,-14.603739,-14.614516,-3.5779862,463.70602,1.2251315,2.108508e-05,21.738842,-0.26916462,-9.282513,0.482751,1.0,0.9990206,0.18652344,0.0047397073,-14.710718,-14.721494,-3.688497,672.5099,1.5211045,6.4254404e-05,0.99901485,0.16308594,0.0047737844,-14.575895,-14.586547,-3.678125,1529.2546,2.640528,3.0946983e-05,0.34731170883178714,13840.107218503952,205000
26.03548,-0.18949226,-9.32962,0.49452806,1.0,0.99906826,0.21289062,0.004426726,-14.875376,-14.88652,-3.4740996,162.49709,0.8726804,3.5130357e-05,0.6736091,-0.62212664,11.935625,0.99906445,0.20117188,0.0044202833,-14.787358,-14.798411,-3.4803147,111.8153,0.93099266,0.0001483701,24.225185,-0.23774208,-9.311505,0.48999918,1.0,0.9990263,0.16308594,0.0049243635,-14.739679,-14.750307,-3.866694,332.26553,1.8302988,6.1801745e-07,0.99902916,0.15332031,0.0049228733,-14.6096325,-14.620121,-3.8804393,463.79248,1.8155152,4.8798865e-06,0.008818363189697266,13884.199037075043,210000
20.323391,-0.20746994,-9.336651,0.49628568,1.0,0.99904823,0.19238281,0.004562284,-14.740886,-14.751785,-3.5907664,212.21477,0.5732061,2.4677749e-05,0.66882277,-0.56864506,11.089777,0.9990463,0.16894531,0.004604413,-14.6425495,-14.653293,-3.6523206,120.211395,0.5277451,3.4985587e-05,25.119118,-0.22848895,-9.350205,0.49967438,1.0,0.99904346,0.16699219,0.0048080753,-14.676493,-14.687126,-3.798867,389.45633,1.0755491,7.93761e-06,0.99903965,0.14550781,0.00484394,-14.585714,-14.596221,-3.8373215,170.4817,1.1406989,3.7563116e-06,0.00881790418624878,13928.288559675217,215000
20.903038,-0.2637773,-9.342554,0.49776158,1.0,0.9990568,0.22949219,0.0044056233,-14.840575,-14.85173,-3.4271264,157.75598,0.7897701,2.5382771e-05,0.83202815,-0.73991114,12.462187,0.99905586,0.22851562,0.0044012796,-14.691676,-14.702698,-3.4174652,186.09111,1.0174179,1.8202409e-05,20.818932,-0.26937145,-9.378491,0.5067458,1.0,0.999033,0.17675781,0.0047360845,-14.738525,-14.749282,-3.7342577,779.19904,1.7203909,4.548476e-06,0.99902725,0.17382812,0.004753626,-14.562921,-14.573529,-3.7094235,1338.9465,4.1568093,5.1187126e-06,0.008814609527587891,13972.361609697342,220000
22.867626,-0.23034313,-9.302338,0.48770726,1.0,0.99906254,0.21777344,0.004401557,-14.904575,-14.915792,-3.429586,625.23346,1.8082595,3.9984393e-06,0.61602557,-0.5655649,10.750198,0.99906254,0.22460938,0.0043879766,-14.825454,-14.836615,-3.4081106,161.67273,1.1981628,6.0623015e-06,19.227505,-0.2874409,-9.337293,0.49644622,1.0,0.99902153,0.15722656,0.004888287,-14.704013,-14.71461,-3.8636632,1272.7301,1.5621302,3.659908e-07,0.9990101,0.15234375,0.004908682,-14.596184,-14.606682,-3.8551636,1902.6472,3.7435865,4.1408816e-06,0.008801298379898072,14016.368105888367,225000
22.374218,-0.22888234,-9.337611,0.49652565,1.0,0.9990587,0.21191406,0.0044275434,-14.995102,-15.006378,-3.4616008,230.90692,0.7618029,5.980131e-06,0.68384725,-0.86472917,13.51713,0.9990568,0.20214844,0.00445919,-14.9374,-14.948619,-3.45939,181.78032,1.0426553,1.526108e-06,21.775116,-0.26767552,-9.299935,0.48710668,1.0,0.99903584,0.13671875,0.004916247,-14.783365,-14.793979,-3.9269986,1369.573,1.888627,8.966398e-06,0.99902916,0.13183594,0.004920124,-14.651493,-14.661984,-3.9191818,415.5526,1.2746,2.1028129e-05,0.00881356201171875,14060.435917377472,230000
23.006657,-0.19698709,-9.300579,0.48726776,1.0,0.9990473,0.18847656,0.004562114,-14.7490635,-14.759954,-3.6082702,75.34236,0.45872325,1.0286186e-05,0.5439441,-0.6191138,11.180241,0.99905205,0.17675781,0.0045441464,-14.655457,-14.666267,-3.5958815,575.62854,1.0449632,1.708328e-05,24.609304,-0.23720723,-9.336842,0.49633336,1.0,0.99904346,0.15722656,0.0048273886,-14.664531,-14.675117,-3.8349514,324.56104,0.91418475,1.7013806e-05,0.9990425,0.14355469,0.0048282323,-14.544638,-14.555096,-3.8454068,417.60315,1.0855825,2.8591518e-05,0.008821917724609375,14104.545507669449,235000
20.03621,-0.251154,-9.34983,0.49958038,1.0,0.99906445,0.21386719,0.004424952,-15.076542,-15.087918,-3.439101,749.75555,1.5829607,1.2628975e-06,0.5033878,-0.5142105,9.982151,0.99906254,0.20410156,0.0044672396,-14.9105215,-14.921726,-3.4480004,385.5125,1.4198326,6.2438477e-07,23.202078,-0.24589066,-9.307662,0.4890384,1.0,0.99901676,0.16308594,0.0048571173,-14.70348,-14.71424,-3.695602,476.19925,1.6065161,3.9086865e-07,0.9990158,0.16210938,0.0048902687,-14.58721,-14.597849,-3.703586,2109.3997,5.600464,7.633161e-06,0.008760853815078736,14148.349779605865,240000
22.360603,-0.22148575,-9.310772,0.48981604,1.0,0.9990511,0.20117188,0.0044845752,-14.835762,-14.846865,-3.4772716,148.56532,0.88779736,8.186976e-06,0.58848894,-0.81958973,11.326527,0.9990511,0.20605469,0.0044683823,-14.706996,-14.717949,-3.5023408,47.23054,0.5502331,6.8383943e-06,23.466389,-0.24246368,-9.358009,0.50162524,1.0,0.99902725,0.17480469,0.0048631006,-14.514393,-14.524842,-3.8233514,1499.6876,1.7209265,1.29864375e-05,0.99903107,0.15429688,0.0048648454,-14.378838,-14.389134,-3.845776,206.0269,0.77175283,8.208703e-06,0.00882133092880249,14192.45643568039,245000
24.520546,-0.20859914,-9.291925,0.4851043,1.0,0.99906254,0.23925781,0.0044173733,-14.94348,-14.954708,-3.4569542,104.01545,0.839819,2.573655e-07,0.6606412,-0.7242528,10.81745,0.99906445,0.22851562,0.0044230255,-14.815968,-14.827052,-3.4766693,265.50952,1.034806,3.2304074e-06,23.6959,-0.2919897,-9.330584,0.4947688,1.0,0.99903584,0.15820312,0.0048320494,-14.659072,-14.669629,-3.859099,3151.0515,3.4795938,1.6361611e-05,0.9990368,0.15039062,0.0048533985,-14.468525,-14.478876,-3.8794086,974.0764,3.1406364,9.642183e-06,0.008814437675476074,14236.528625249863,250000
25.863153,-0.21064223,-9.286451,0.48373565,1.0,0.9990597,0.22167969,0.0044769347,-14.984273,-14.9954815,-3.5174599,339.03787,0.8554627,3.7381593e-05,1.1383989,-1.0457015,13.794351,0.9990568,0.19238281,0.0044754646,-14.869989,-14.881096,-3.5076265,133.45164,0.8544508,9.191983e-05,31.455397,-0.17858264,-9.322073,0.4926411,1.0,0.99903584,0.18164062,0.0047482587,-14.70374,-14.714497,-3.7011187,3812.5178,3.550383,2.206786e-06,0.9990368,0.17285156,0.0047487807,-14.625505,-14.636163,-3.7237082,703.5856,2.3177533,1.859017e-05,0.012785300970077514,14300.455132007599,255000
24.162415,-0.21690062,-9.32896,0.49436313,1.0,0.99905777,0.2265625,0.0043952335,-15.049396,-15.060768,-3.4144306,161.11856,0.7132381,1.733363e-05,0.7747365,-0.70855665,12.322514,0.9990568,0.20214844,0.0044018207,-14.931282,-14.942555,-3.399277,110.246605,0.9233532,5.6945195e-05,28.70814,-0.23899846,-9.278059,0.4816378,1.0,0.9990406,0.17480469,0.0048146397,-14.819794,-14.8306,-3.7664044,248.48187,0.91766196,9.85664e-07,0.9990406,0.16308594,0.004814229,-14.715033,-14.725733,-3.7684307,600.1654,1.7640795,1.2230668e-06,0.013788574028015137,14369.398003578186,260000
17.117085,-0.28145626,-9.3444805,0.49824315,1.0,0.99905205,0.19042969,0.004499656,-14.932708,-14.943855,-3.5283325,93.67484,0.6068111,1.9639161e-05,0.44017476,-0.719102,8.326297,0.99905205,0.20507812,0.0044988226,-14.632784,-14.643672,-3.4955013,429.15744,1.1780807,4.596708e-05,21.118805,-0.34032893,-9.325933,0.49360615,1.0,0.9990177,0.17578125,0.0048600473,-14.854792,-14.865616,-3.7815948,9141.831,9.776585,2.2503569e-07,0.99901295,0.15722656,0.0049006343,-14.593206,-14.603838,-3.7172709,5614.373,9.531156,2.9634484e-07,0.014669956731796264,14442.74778842926,265000
21.986975,-0.2074115,-9.324039,0.49313274,1.0,0.9990549,0.21484375,0.0044588093,-14.996098,-15.007335,-3.4996853,173.454,0.81188804,6.954066e-07,0.9903958,-1.1474173,12.6252365,0.99905205,0.20800781,0.004470274,-14.854925,-14.866026,-3.498973,393.72183,1.5913545,1.0848757e-06,24.62082,-0.24285202,-9.299767,0.48706484,1.0,0.9990368,0.18945312,0.00477439,-14.945021,-14.955946,-3.7675567,793.2538,2.007444,2.0938798e-05,0.9990368,0.16308594,0.0048121354,-14.763123,-14.773845,-3.7955217,419.15405,1.9255488,1.0409957e-05,0.021018254566192628,14547.839063882828,270000
20.522396,-0.23565063,-9.307793,0.4890712,1.0,0.9990511,0.19335938,0.0045133205,-15.093808,-15.105146,-3.4951005,551.4439,1.9410048,4.4259405e-06,0.79896975,-0.9023345,10.296827,0.9990511,0.18164062,0.004521799,-14.925688,-14.9368515,-3.504412,338.60538,1.1253026,3.7917055e-06,24.01764,-0.23858792,-9.362783,0.5028186,1.0,0.9990406,0.171875,0.0048414953,-14.82276,-14.833477,-3.8580518,202.15436,0.7645246,3.6321796e-06,0.99903584,0.16015625,0.004855345,-14.642832,-14.653374,-3.8589516,259.07608,1.0662806,1.4099104e-05,0.023755077695846557,14666.614454507828,275000
25.026396,-0.20234942,-9.302051,0.48763567,1.0,0.9990568,0.22167969,0.0044305343,-15.1140585,-15.1254425,-3.4674528,45.122856,0.61017436,1.46835855e-05,0.6879286,-0.9335281,14.857737,0.9990597,0.18066406,0.0044393744,-14.921883,-14.9330635,-3.4836464,43.003662,0.50509083,8.293224e-05,21.64415,-0.2714575,-9.366042,0.5036335,1.0,0.9990349,0.15332031,0.0048793973,-14.843855,-14.854585,-3.8671498,442.15335,1.7808899,9.796262e-07,0.999033,0.15234375,0.0048808586,-14.648827,-14.659354,-3.8778663,980.0614,3.0706594,7.5653124e-06,0.02369267563819885,14785.077834129333,280000
26.697609,-0.1851151,-9.277483,0.4814936,1.0,0.99905586,0.21484375,0.0044970424,-14.819087,-14.830154,-3.4968266,500.51007,1.1919651,8.282795e-06,0.8066698,-0.9742863,14.392061,0.9990587,0.20800781,0.0044865157,-14.712806,-14.723762,-3.5048141,115.65166,0.6363378,1.0492213e-05,23.197237,-0.23569193,-9.294373,0.48571607,1.0,0.99903107,0.15820312,0.0048864936,-14.606058,-14.616527,-3.896689,332.14468,0.9635803,5.110664e-06,0.9990349,0.15722656,0.0048796,-14.457409,-14.467736,-3.892502,95.578415,0.54041886,3.366481e-06,0.023694669771194457,14903.551186800003,285000
23.480062,-0.22946918,-9.3009205,0.48735315,1.0,0.99905586,0.23535156,0.0044105714,-14.98728,-14.998607,-3.4012442,216.80344,0.8744319,2.537943e-05,0.8136081,-0.6191443,11.00361,0.9990568,0.20410156,0.004429209,-14.910142,-14.921391,-3.403131,216.40889,0.93645287,1.476641e-05,26.24577,-0.21710661,-9.279426,0.48197955,1.0,0.999012,0.15625,0.0049084695,-14.808125,-14.8188925,-3.7923229,1084.162,1.8438095,2.4861586e-06,0.999012,0.15429688,0.0048663663,-14.71219,-14.722883,-3.7723446,658.90955,2.4171948,3.0083268e-06,0.023705948257446288,15022.080929756165,290000
21.348898,-0.21088967,-9.316054,0.49113652,1.0,0.9990549,0.23242188,0.004396858,-14.945787,-14.957106,-3.3667247,118.2054,0.61862016,9.380325e-05,0.44747815,-0.5235387,11.180824,0.99904156,0.20410156,0.004434922,-14.83573,-14.846896,-3.410961,133.14737,0.6700971,9.1784925e-05,25.515764,-0.2693522,-9.361182,0.50241834,1.0,0.99903584,0.17578125,0.0047832844,-14.854828,-14.865695,-3.7366986,1090.4125,1.7037013,6.537053e-07,0.9990263,0.16308594,0.0048355386,-14.76416,-14.774926,-3.7516031,1541.7383,2.5881307,2.5014792e-06,0.023697523927688598,15140.56855416298,295000
20.022812,-0.2027182,-9.306536,0.48875707,1.0,0.9990587,0.21582031,0.004449798,-15.048593,-15.059937,-3.4439123,1323.5051,1.4625795,8.636304e-05,0.6389273,-0.8764345,10.20355,0.99905777,0.19238281,0.0044835797,-14.8280735,-14.839147,-3.4992938,233.55884,1.104841,4.331034e-05,25.371475,-0.24763139,-9.347672,0.49904117,1.0,0.99902344,0.16992188,0.004848243,-14.89119,-14.901999,-3.8329954,421.7421,0.9799193,5.3348225e-07,0.99902344,0.16601562,0.004845537,-14.657059,-14.667639,-3.8344004,809.21564,1.4483414,8.4325e-06,0.02369964838027954,15259.06679725647,300000
19.695257,-0.25760335,-9.2861595,0.48366272,1.0,0.99906445,0.23144531,0.004288924,-15.162658,-15.174256,-3.2968726,112.09771,0.8561925,2.8258848e-05,0.7398332,-0.6157553,11.491978,0.9990654,0.21679688,0.004331502,-14.989622,-15.001028,-3.3209047,523.6539,1.4731517,3.2404958e-05,25.716755,-0.21590923,-9.3022785,0.4876926,1.0,0.9990368,0.16503906,0.004792936,-14.786856,-14.797628,-3.7664266,25226.027,15.762369,1.6103004e-05,0.999033,0.16015625,0.004809836,-14.609506,-14.62008,-3.7920408,1708.6788,3.7707448,1.6060283e-06,0.4877040521621704,17697.587061166763,305000
21.030083,-0.23041226,-9.334478,0.49574244,1.0,0.9990549,0.23242188,0.004442393,-15.187296,-15.198755,-3.4647353,317.30515,1.1211418,1.0450442e-05,0.59606314,-1.093073,12.76446,0.99905396,0.20019531,0.0044613862,-14.993611,-15.004844,-3.502334,233.51251,0.9491893,1.5325422e-05,25.382877,-0.23531929,-9.32849,0.49424568,1.0,0.9990263,0.16699219,0.0048079267,-14.927979,-14.938874,-3.7824497,154.84862,0.67744595,3.7506736e-06,0.99902344,0.14257812,0.004852825,-14.77646,-14.787188,-3.8030493,539.28955,1.849997,8.857066e-07,0.013748175144195556,17766.32794046402,310000
20.550104,-0.22616535,-9.317353,0.49146128,1.0,0.99905777,0.22460938,0.004421467,-15.109159,-15.120601,-3.4039822,1072.7366,1.4442044,7.077464e-06,0.65803343,-0.343647,9.645771,0.9990454,0.20507812,0.0043989024,-15.051206,-15.062586,-3.4093509,99.172935,0.69502634,1.6301702e-06,25.308706,-0.24365479,-9.365809,0.5035752,1.0,0.99903965,0.16503906,0.004812289,-14.87249,-14.8834095,-3.7016616,5508.975,4.5568376,2.1159853e-05,0.9990406,0.16992188,0.0048001204,-14.79364,-14.80449,-3.6942277,530.3733,2.2548747,2.1063757e-05,0.013741503858566284,17835.035461187363,315000
20.359941,-0.25328732,-9.308368,0.48921493,1.0,0.9990568,0.22558594,0.0044479733,-15.252926,-15.26448,-3.4323552,396.92657,1.197201,8.234506e-06,0.7753269,-0.63038456,13.914727,0.99905777,0.20703125,0.0044524902,-15.023712,-15.035036,-3.4393983,107.18567,0.96389097,1.698239e-05,29.91854,-0.2309646,-9.306544,0.4887591,1.0,0.99902916,0.16308594,0.004858565,-15.017663,-15.028654,-3.774063,426.99255,1.5153487,1.619341e-06,0.9990263,0.15917969,0.004892865,-14.767241,-14.777959,-3.8013024,148.8963,1.0147274,1.3761608e-08,0.013745591688156127,17903.763421535492,320000
18.214014,-0.26858723,-9.299597,0.4870222,1.0,0.9990568,0.22363281,0.0043733884,-15.164733,-15.1762705,-3.361186,1333.7607,1.3268596,4.6148925e-05,0.6663308,-0.47817418,8.7948675,0.9990454,0.203125,0.0044082403,-14.969519,-14.980883,-3.344079,722.36115,1.7269225,4.1947646e-05,20.805895,-0.3115309,-9.289192,0.48442107,1.0,0.9990339,0.17285156,0.004774286,-14.862558,-14.873454,-3.7152538,7185.4556,4.3853765,5.8310648e-06,0.99902725,0.1484375,0.0047948025,-14.667143,-14.677841,-3.7217636,1084.9708,1.7913845,8.504157e-06,0.013734699058532715,17972.436918497086,325000
22.430265,-0.205299,-9.313307,0.4904496,1.0,0.9990597,0.23535156,0.0044141035,-15.138412,-15.149832,-3.4559135,141.84958,0.7509683,1.7179986e-05,0.7300831,-0.70579875,13.347291,0.99906254,0.21972656,0.0044103437,-14.91939,-14.930614,-3.4370546,154.1198,1.0192267,1.5849842e-05,23.344193,-0.26658365,-9.345753,0.4985612,1.0,0.99903774,0.15820312,0.004910838,-14.788652,-14.799302,-3.893292,2412.0156,2.781427,1.3842974e-07,0.9990368,0.13867188,0.004898427,-14.536457,-14.54685,-3.9050243,690.7405,1.253619,6.508243e-08,0.009658652305603027,18020.730184078217,330000
20.876942,-0.24856552,-9.338583,0.496769,1.0,0.9990587,0.23242188,0.004380856,-15.264517,-15.276168,-3.3458009,217.86879,1.3080642,6.8846048e-06,0.53174144,-0.5675862,10.01326,0.99905586,0.22460938,0.0044209613,-15.032652,-15.044043,-3.3809905,467.82315,1.7342024,1.5110747e-05,27.720612,-0.22748809,-9.34645,0.49873546,1.0,0.9990225,0.16308594,0.0048518684,-14.897521,-14.908412,-3.7547522,572.1859,1.5952356,7.7391775e-07,0.99901104,0.15917969,0.004893556,-14.702511,-14.71321,-3.7569418,848.1093,2.4325314,4.0797054e-06,0.00883695421218872,18064.91495680809,335000
21.98652,-0.2041448,-9.3055935,0.48852134,1.0,0.9990654,0.2421875,0.004323896,-15.284281,-15.296039,-3.2563872,581.5511,2.2246652,6.404871e-05,0.6476035,-0.58041936,10.413902,0.99906445,0.23144531,0.0043321317,-15.096426,-15.1079855,-3.270976,195.27826,1.6840751,6.455807e-05,22.66317,-0.261598,-9.32066,0.49228778,1.0,0.9990301,0.17089844,0.004843449,-15.137855,-15.148999,-3.736907,15046.925,8.99242,4.069167e-08,0.9990282,0.15722656,0.004858799,-14.920351,-14.931259,-3.7630494,2040.6158,4.6173153,5.871549e-06,0.008821633672714234,18109.023126602173,340000
18.276146,-0.25359124,-9.302637,0.48778218,1.0,0.9990673,0.23144531,0.0043600304,-15.412753,-15.4245205,-3.375012,172.56262,1.1483026,1.10452265e-05,0.7815525,-0.34562236,9.023094,0.99906254,0.21386719,0.0043875477,-15.161007,-15.1724825,-3.4209313,1553.088,2.5558796,3.0569777e-06,29.684772,-0.24357182,-9.357368,0.50146496,1.0,0.9990063,0.17089844,0.0049589076,-14.973419,-14.984331,-3.8099442,331.79547,1.1393929,3.1070315e-06,0.9989948,0.15136719,0.0050989958,-14.706415,-14.717033,-3.8424225,7839.1416,13.949415,5.78769e-06,0.008847537183761597,18153.26081776619,345000
25.56208,-0.20337248,-9.312357,0.49021226,1.0,0.99905396,0.22753906,0.004405937,-15.108892,-15.120311,-3.427629,109.920525,0.5581168,1.0379365e-05,0.96997297,-0.677546,13.114584,0.999053,0.22460938,0.004421482,-14.892881,-14.904056,-3.4619262,117.70038,0.4542396,2.3772203e-05,29.143955,-0.25298196,-9.33214,0.4951577,1.0,0.9990368,0.17675781,0.0048878524,-14.739393,-14.749953,-3.9368262,1229668.2,601.0638,1.6285543e-06,0.99903107,0.15722656,0.004887783,-14.494822,-14.505155,-3.9235048,537.2683,1.564131,4.4446597e-07,0.008848489427566528,18197.503266572952,350000
17.677761,-0.2491262,-9.312321,0.4902031,1.0,0.99905586,0.21679688,0.004413112,-15.154328,-15.165789,-3.4299178,115.582695,0.6038578,2.1773738e-05,0.39365146,-0.5764473,8.178085,0.9990549,0.20800781,0.004404051,-14.949793,-14.9610615,-3.4221864,214.52971,0.7674335,4.2484713e-05,26.884361,-0.25396943,-9.281077,0.48239213,1.0,0.99903584,0.16503906,0.0047642933,-14.909284,-14.920166,-3.7757454,355.07135,0.7519406,4.3113578e-06,0.9990301,0.1640625,0.004778834,-14.733742,-14.744448,-3.7807965,973.4328,1.4362515,3.08443e-05,0.008848258590698242,18241.744562625885,355000
21.005238,-0.19544086,-9.239368,0.47196501,1.0,0.99905205,0.22167969,0.0044064904,-15.352705,-15.364407,-3.3815856,213.69478,1.1179286,1.352803e-05,0.9031011,-0.6986899,10.835097,0.99905586,0.20605469,0.004419478,-15.171301,-15.182812,-3.3946152,121.23964,1.0837226,1.4265055e-05,25.055912,-0.2599305,-9.338404,0.496724,1.0,0.9990263,0.16113281,0.004838472,-15.037245,-15.048249,-3.77839,6478.3013,7.0439577,2.3610363e-07,0.99902725,0.15429688,0.0049051065,-14.848121,-14.858896,-3.8254452,768.36884,4.1721134,3.531982e-07,0.008847907543182373,18285.98410177231,360000
24.354206,-0.2046839,-9.295939,0.48610783,1.0,0.99905777,0.23828125,0.004318781,-15.404919,-15.416734,-3.3174324,336.1349,1.484417,3.2169048e-06,0.84865475,-0.6533668,14.441292,0.999053,0.22460938,0.0043305703,-15.2614,-15.27305,-3.3430905,163.05975,1.0250671,8.76389e-06,23.37413,-0.23358282,-9.318551,0.4917606,1.0,0.9990406,0.16992188,0.0046884804,-14.888975,-14.89991,-3.702365,276.0528,0.75084496,3.449932e-06,0.99903774,0.16796875,0.004707007,-14.7539625,-14.764745,-3.7231762,1871.937,2.47041,1.2891061e-06,0.008849249792099,18330.230352401733,365000
23.196482,-0.23180884,-9.303589,0.48802006,1.0,0.99906063,0.23535156,0.004389617,-15.27,-15.281608,-3.3956418,90.236046,0.57626945,1.2238403e-06,1.4532695,-1.1892257,13.967184,0.99905777,0.21582031,0.004415705,-15.1191225,-15.130531,-3.4477048,119.860245,0.6588025,6.1473834e-06,24.994751,-0.24825984,-9.308864,0.48933882,1.0,0.99903584,0.16992188,0.0048456737,-14.971303,-14.982166,-3.8592432,1248.2079,1.8122995,4.4673584e-08,0.99903584,0.1640625,0.004828245,-14.829105,-14.839858,-3.8283446,801.88324,2.1423736,6.4472694e-08,0.00884786992073059,18374.469703674316,370000
23.835178,-0.2515542,-9.327843,0.49408373,1.0,0.99906635,0.25,0.0043621827,-15.410152,-15.421922,-3.370806,475.3573,1.452165,1.6865346e-05,0.7996943,-0.6952116,16.181004,0.9990692,0.23632812,0.0043743625,-15.3124485,-15.32412,-3.3734012,107.97508,1.0694935,6.897338e-05,31.337614,-0.20860842,-9.325081,0.4933933,1.0,0.9990158,0.16699219,0.004856152,-14.955805,-14.966725,-3.7847183,2281.638,4.6816945,7.3275264e-06,0.9990101,0.15820312,0.004911944,-14.86812,-14.878923,-3.8167877,6124.163,8.121016,2.3110371e-05,0.008847922325134277,18418.70931649208,375000
19.587238,-0.22670643,-9.254949,0.4758601,1.0,0.9990635,0.23535156,0.004378598,-15.473911,-15.485709,-3.404182,399.73,1.0157112,3.7368206e-06,0.69247556,-0.44235745,9.842887,0.99906063,0.21484375,0.0043996912,-15.355743,-15.367398,-3.431623,184.95204,1.0217156,1.4339386e-06,29.475395,-0.22633085,-9.297565,0.4865143,1.0,0.9990349,0.16796875,0.004823732,-15.072363,-15.083384,-3.7984853,1336.6373,2.2505245,5.174604e-07,0.9990282,0.14746094,0.004837008,-14.922846,-14.933688,-3.8319368,378.77454,1.2005416,1.0410504e-05,0.00885642008781433,18462.99142217636,380000
20.43618,-0.22040349,-9.300568,0.4872648,1.0,0.9990616,0.22167969,0.0043819956,-15.296347,-15.307975,-3.3995757,129.20628,0.86168325,3.4003444e-06,0.45023596,-0.73069495,9.553201,0.9990549,0.20507812,0.0044024177,-15.070675,-15.082068,-3.4154625,110.02121,0.9511385,1.2169347e-05,23.327333,-0.26134908,-9.311745,0.49005932,1.0,0.99902534,0.17578125,0.0048541725,-15.152618,-15.163686,-3.8306985,1026.4556,1.6546109,1.2233066e-05,0.9990196,0.15917969,0.0048603946,-14.979137,-14.990021,-3.8448877,241.94499,1.2034442,5.2879004e-06,0.010043146848678589,18513.207158327103,385000
18.548,-0.24028534,-9.32966,0.494538,1.0,0.999053,0.23339844,0.0044387206,-15.136914,-15.148324,-3.465592,172.86974,0.6634263,2.072784e-05,0.50837815,-0.6031352,8.799152,0.9990511,0.19921875,0.004482574,-14.979951,-14.991159,-3.5140224,68.713104,0.4975142,1.5516975e-05,24.30975,-0.24588247,-9.381062,0.5073883,1.0,0.9990206,0.171875,0.004837893,-14.961436,-14.97241,-3.735974,1974.2749,2.7229686,6.6121015e-06,0.9990206,0.15917969,0.0048937686,-14.840959,-14.85178,-3.7697403,2802.1514,4.8494225,3.6224244e-06,0.013802135181427002,18582.21783733368,390000
22.098251,-0.22410929,-9.293583,0.48551863,1.0,0.99905586,0.20800781,0.004446849,-15.233992,-15.245473,-3.4886782,75.5262,0.47994465,2.5894338e-05,1.1328398,-0.8000151,10.857502,0.9990473,0.20117188,0.0044602845,-15.034458,-15.045748,-3.486197,97.518524,0.5094807,3.3574346e-05,32.087864,-0.21110831,-9.336847,0.4963347,1.0,0.9990225,0.18847656,0.0047770403,-15.055567,-15.066612,-3.7546697,50300.504,27.821339,7.339563e-06,0.9990196,0.17871094,0.0047377376,-14.839147,-14.849974,-3.763174,150.63924,0.507784,2.9733339e-05,0.013808002424240112,18651.25785112381,395000
24.113237,-0.21039519,-9.26621,0.47867548,1.0,0.9990654,0.26367188,0.0042973775,-15.182056,-15.193633,-3.3395877,406.0582,1.1412296,2.6651776e-05,1.0513816,-0.9139829,15.702843,0.9990587,0.20898438,0.0043588183,-15.034414,-15.0457945,-3.3929439,735.53937,1.6231941,3.8671413e-05,21.296597,-0.2307586,-9.336998,0.49637246,1.0,0.99903584,0.16992188,0.004778848,-14.886702,-14.897566,-3.7716622,776.0454,1.5801742,3.7581103e-06,0.99902725,0.14550781,0.004822661,-14.787997,-14.79874,-3.7985456,1324.2866,4.1716685,7.7708464e-05,0.016481791925430297,18733.666812181473,400000
24.707714,-0.1966543,-9.328299,0.49419755,1.0,0.99905777,0.24707031,0.00431805,-15.304638,-15.316348,-3.3250656,95.66131,0.6486104,6.3514744e-06,0.8895636,-0.70153576,13.861132,0.99905777,0.21484375,0.004332616,-15.21937,-15.230985,-3.3375683,90.98489,0.74938667,1.321619e-05,21.354584,-0.292064,-9.311514,0.49000144,1.0,0.99903107,0.15527344,0.0048489906,-14.874377,-14.885159,-3.8441775,173.02725,0.6899593,5.5666252e-08,0.99902534,0.15234375,0.004849357,-14.808594,-14.819348,-3.8069634,592.137,1.3444817,5.7976006e-08,0.5534969419956207,21501.151525974274,405000
20.587912,-0.2246547,-9.279955,0.48211157,1.0,0.9990635,0.25390625,0.0043680742,-15.31288,-15.324564,-3.3597841,208.4052,1.090872,6.1194355e-06,0.57991546,-0.5988877,10.895569,0.9990635,0.2265625,0.00437878,-15.137737,-15.149234,-3.3779655,140.7296,0.9678166,2.3652021e-06,24.719667,-0.24472284,-9.338291,0.4966957,1.0,0.9990301,0.16796875,0.0048797242,-14.847768,-14.858575,-3.792904,2361.1,5.0812993,1.2105544e-07,0.99902534,0.16796875,0.00488346,-14.638933,-14.649499,-3.830628,7823.57,13.276361,8.3364e-07,0.013738654327392578,21569.844799041748,410000
14.590691,-0.286345,-9.312454,0.49023643,1.0,0.99906445,0.26757812,0.0042541055,-15.422744,-15.434626,-3.267541,735.14215,1.2599083,1.5663332e-05,0.6327276,-0.55449915,8.326623,0.9990568,0.24121094,0.0042512855,-15.337896,-15.349745,-3.217586,237.03659,1.1697745,1.1172621e-05,32.130028,-0.23198909,-9.329828,0.49458003,1.0,0.9990282,0.18164062,0.0048726336,-15.090269,-15.101309,-3.7968013,2302.288,3.9723036,3.2757164e-06,0.9990263,0.171875,0.004914726,-15.067698,-15.078718,-3.7943969,3706.2412,8.558994,3.3138556e-06,0.013738344621658325,21638.536526679993,415000
19.105753,-0.24644035,-9.312073,0.49014103,1.0,0.99906826,0.24511719,0.0043169796,-15.345099,-15.356841,-3.333323,296.99182,1.1143667,5.5358933e-06,0.9688756,-1.2388535,13.370866,0.9990673,0.22460938,0.004331164,-15.187239,-15.198841,-3.3184268,330.09402,1.349648,1.7101618e-05,32.14457,-0.2119104,-9.347563,0.4990138,1.0,0.9990349,0.171875,0.0048020463,-15.023523,-15.03457,-3.7227628,17009.633,11.831192,2.3860238e-07,0.999033,0.16796875,0.004786241,-14.902588,-14.913529,-3.7096584,1053.4236,3.0166104,2.9352218e-06,0.013730413770675659,21707.18859744072,420000
25.36733,-0.2002807,-9.318232,0.49168107,1.0,0.99906445,0.23925781,0.004324388,-15.4651375,-15.477005,-3.3237808,139.70163,0.96782446,1.6518577e-06,0.82558906,-1.206438,15.149027,0.9990587,0.22363281,0.0043300167,-15.337679,-15.349416,-3.3318264,230.85649,1.1713935,4.901584e-06,31.70396,-0.20556366,-9.344669,0.49829015,1.0,0.99903107,0.16601562,0.004868599,-15.025463,-15.036361,-3.8774405,196.12129,0.7419082,4.2918247e-09,0.99902534,0.16308594,0.0048611546,-14.863771,-14.874497,-3.8922305,167.97939,0.70369256,4.658261e-09,0.013739319562911988,21775.88519883156,425000
26.527863,-0.20755559,-9.353837,0.5005823,1.0,0.99905586,0.23925781,0.0043525267,-15.48431,-15.496143,-3.3790631,123.85291,0.76263607,5.2461146e-06,1.3423047,-0.8535545,16.023252,0.99905396,0.22949219,0.004396811,-15.332961,-15.344598,-3.4284086,116.40498,0.782123,9.766817e-06,22.165058,-0.237809,-9.333173,0.49541622,1.0,0.99903965,0.18554688,0.0048647174,-14.96489,-14.975714,-3.8907754,3926.8647,3.1235263,1.9418735e-06,0.99903965,0.15429688,0.0048760595,-14.75388,-14.764495,-3.8937864,280.7469,1.0737433,7.80427e-06,0.013730315446853637,21844.53677868843,430000
22.873337,-0.18363096,-9.26988,0.4795932,1.0,0.9990616,0.24121094,0.004332632,-15.380531,-15.392352,-3.2876935,209.50519,1.0414298,1.8606948e-05,0.5801496,-0.7370893,11.607246,0.9990587,0.22460938,0.0043587377,-15.191276,-15.202871,-3.3287637,146.81943,1.113604,6.9225564e-07,23.45888,-0.25811547,-9.294487,0.48574474,1.0,0.9990244,0.18261719,0.0048079267,-14.965551,-14.976516,-3.7493582,431.7208,0.8190886,5.549846e-07,0.99901485,0.17773438,0.0048856116,-14.820636,-14.831441,-3.7677994,2703.48,6.476609,7.878745e-06,0.013735595035552979,21913.214755535126,435000
20.032827,-0.23826918,-9.310608,0.489775,1.0,0.9990654,0.24804688,0.004282794,-15.578844,-15.59087,-3.2768686,1136.6179,1.8977913,3.509998e-07,1.2281511,-1.2214353,13.340826,0.9990635,0.23535156,0.0042643365,-15.466239,-15.478164,-3.267884,93.56802,0.9081174,1.1476995e-05,29.16867,-0.21739721,-9.33436,0.49571294,1.0,0.9990206,0.17871094,0.004772688,-15.166641,-15.177829,-3.7216008,497.11115,1.4264064,3.057766e-07,0.99902534,0.15625,0.0047751563,-15.031033,-15.042052,-3.7587311,394.8252,1.488908,4.909661e-07,0.013744157695770264,21981.93554544449,440000
21.127495,-0.25341472,-9.2971525,0.4864111,1.0,0.99906063,0.23730469,0.0043721744,-15.45842,-15.470258,-3.348929,199.12361,0.8812603,1.962686e-05,1.2910916,-0.829396,14.965005,0.9990616,0.22265625,0.0043511465,-15.213785,-15.225397,-3.3348546,124.34821,1.1597009,0.00010054602,24.554504,-0.21630551,-9.319639,0.49203262,1.0,0.9990349,0.18066406,0.0047630994,-14.827105,-14.837956,-3.7249947,818.55963,1.6904216,2.8113682e-06,0.9990368,0.16503906,0.0047590053,-14.692176,-14.702899,-3.7228622,1410.6143,2.5781906,4.671454e-06,0.013745410394668579,22050.662598848343,445000
23.817127,-0.21106233,-9.291061,0.4848882,1.0,0.99905777,0.24414062,0.0043716594,-15.447513,-15.45934,-3.3478851,226.42717,1.0145965,2.8950474e-06,0.9849102,-0.5777212,13.112785,0.9990549,0.23144531,0.004377352,-15.19697,-15.208532,-3.3680458,122.807304,0.82508105,4.4726917e-06,25.245335,-0.21214142,-9.341351,0.49746048,1.0,0.9990339,0.16113281,0.0048638196,-14.963279,-14.974188,-3.8034685,2603.257,4.176126,6.607439e-09,0.9990301,0.15917969,0.004856894,-14.803326,-14.814051,-3.8329215,193.11975,0.8923167,4.557047e-06,0.013740285921096801,22119.36403155327,450000
22.147213,-0.22612983,-9.280119,0.48215267,1.0,0.9990568,0.2421875,0.0043915166,-15.449106,-15.460897,-3.38552,93.93871,0.5930801,6.871728e-06,1.210497,-0.8729413,13.066236,0.99905396,0.22558594,0.0044201566,-15.330685,-15.342322,-3.4249773,143.98717,0.6660944,4.653002e-06,24.48899,-0.2624795,-9.334002,0.49562347,1.0,0.9990339,0.18945312,0.004669045,-14.963527,-14.974573,-3.6622605,17895.951,9.891064,1.4939374e-07,0.9990368,0.18164062,0.0046735248,-14.8109,-14.821819,-3.6403403,817.39923,1.9848499,1.1537412e-06,0.013733225011825561,22188.030158519745,455000
26.049953,-0.16351318,-9.316664,0.49128902,1.0,0.9990463,0.2421875,0.004334191,-15.25203,-15.263695,-3.3199983,216.68913,0.7731234,4.861872e-06,1.1789982,-0.69216126,13.451741,0.99905014,0.22558594,0.004361946,-15.03411,-15.045507,-3.3750098,96.05862,0.5012708,1.4767846e-05,24.688332,-0.23520069,-9.336636,0.4962818,1.0,0.9990349,0.15722656,0.004789263,-14.938357,-14.94927,-3.7745588,114078.484,56.793587,5.491472e-06,0.999032,0.14453125,0.0047966507,-14.752433,-14.763177,-3.7607424,14292.478,17.260595,1.1750643e-05,0.012740690040588379,22251.7336101532,460000
25.459133,-0.21404116,-9.288839,0.4843328,1.0,0.9990711,0.2529297,0.0042769746,-15.58666,-15.598771,-3.1970963,215.30653,1.6138147,1.6653796e-05,0.92197865,-0.7175498,13.265493,0.9990673,0.234375,0.004279528,-15.519762,-15.531789,-3.2180586,146.89534,1.6925458,2.9992616e-05,30.38109,-0.20820883,-9.338924,0.49685407,1.0,0.9990349,0.15625,0.0047965185,-14.9792595,-14.990253,-3.7326646,165057.39,82.39755,9.401057e-07,0.9990349,0.16699219,0.0048003728,-14.896915,-14.907825,-3.7361028,1902.2809,4.7562995,1.2571153e-06,0.008839074087142944,22295.928983449936,465000
24.897951,-0.21174791,-9.254395,0.4757216,1.0,0.9990692,0.23828125,0.004311786,-15.553293,-15.565303,-3.26853,491.307,1.2199899,2.979529e-06,0.69946116,-1.2539575,15.854578,0.9990654,0.20605469,0.004338245,-15.365748,-15.377547,-3.2957304,118.389175,0.9815783,9.625203e-06,27.178127,-0.21985316,-9.342462,0.4977383,1.0,0.99902725,0.16113281,0.0048730196,-15.073328,-15.084332,-3.8160095,3731.5461,3.0089567,1.5316216e-07,0.9990301,0.16796875,0.004898825,-14.905949,-14.91677,-3.8369246,3730.4998,4.7906804,7.0434976e-07,0.00884031367301941,22340.130553245544,470000
19.280277,-0.2578656,-9.317842,0.4915836,1.0,0.9990673,0.24023438,0.004326961,-15.48706,-15.498929,-3.3444123,192.72813,0.8744157,2.1120168e-06,0.56642675,-0.78784984,11.590031,0.9990549,0.22460938,0.0043573454,-15.336549,-15.348244,-3.3731325,95.804825,0.91163355,9.842108e-07,23.758022,-0.24040857,-9.330529,0.4947553,1.0,0.9990206,0.17089844,0.00480113,-15.253224,-15.264523,-3.6958857,711.2437,1.8409206,3.351553e-06,0.9990063,0.16699219,0.0048204362,-15.050784,-15.061883,-3.6962569,1885.0486,3.6349535,6.0194106e-06,0.00884137053489685,22384.337409734726,475000
22.6979,-0.23102729,-9.293882,0.4855935,1.0,0.9990549,0.24414062,0.004366287,-15.592748,-15.60469,-3.375652,669.65045,1.700257,2.680437e-06,1.1594841,-0.9927559,15.67168,0.9990511,0.21875,0.0043864176,-15.471887,-15.483726,-3.3603892,150.95152,0.8591926,2.2643144e-06,24.642876,-0.28616378,-9.332321,0.49520344,1.0,0.9990158,0.15625,0.0049002105,-14.987496,-14.99841,-3.8227482,18592.738,10.016491,4.0530053e-06,0.9990177,0.15136719,0.0049234354,-14.844805,-14.855562,-3.8398952,711.9403,1.8672128,1.2152054e-07,0.00884791865348816,22428.57700443268,480000
20.395092,-0.23380688,-9.312423,0.4902287,1.0,0.999053,0.22851562,0.004486862,-15.268158,-15.279656,-3.5049744,207.0792,0.8410413,1.2281846e-05,0.49812874,-0.51399404,9.886959,0.99905205,0.20800781,0.0045203846,-15.112621,-15.12394,-3.5328345,123.714325,0.6395209,1.7115748e-05,25.204994,-0.26739857,-9.30099,0.48737055,1.0,0.9990225,0.18945312,0.0048589073,-15.106623,-15.1177225,-3.7520664,215390.02,126.09353,2.2147956e-06,0.9990206,0.17578125,0.004914836,-15.005596,-15.016587,-3.7619896,21640.396,29.811,2.9574474e-06,0.00884916844367981,22472.822848320007,485000
20.129253,-0.20556653,-9.301195,0.48742175,1.0,0.99906445,0.24414062,0.0043957615,-15.500479,-15.512311,-3.3961296,360.6285,0.85866946,1.758327e-05,0.57208675,-0.90046376,9.956076,0.99906254,0.23144531,0.004406262,-15.447712,-15.459489,-3.4004002,433.62366,1.4739993,5.3405955e-05,21.663637,-0.25320303,-9.354111,0.50065076,1.0,0.99903107,0.16210938,0.0048774392,-14.910421,-14.921247,-3.836863,4327.014,4.5128355,5.3017666e-06,0.99903107,0.16308594,0.0048654038,-14.804963,-14.815663,-3.8588898,177.15512,0.90490776,4.05105e-06,0.00884995641708374,22517.072632074356,490000
19.459047,-0.24151923,-9.280678,0.48229247,1.0,0.9990654,0.24121094,0.004299365,-15.687823,-15.699956,-3.2749386,1417.0702,1.755072,2.037001e-05,0.90154177,-0.8241976,10.30491,0.9990635,0.23144531,0.004330484,-15.460228,-15.472094,-3.3221092,98.821396,0.8924902,1.81534e-05,19.82139,-0.25811687,-9.306276,0.48869205,1.0,0.9990263,0.18847656,0.0047517535,-15.097234,-15.108365,-3.7107084,1689.8643,1.682324,4.0325253e-06,0.9990282,0.16601562,0.0047871633,-14.957963,-14.968947,-3.7208848,551.538,1.4089428,1.7341905e-06,0.008847346925735473,22561.3093688488,495000
29.770287,-0.20276912,-9.274248,0.48068482,1.0,0.999074,0.2763672,0.0042321626,-15.730536,-15.742768,-3.2178202,150.37068,0.7987909,6.200891e-05,1.0793189,-1.393649,19.802805,0.999074,0.24121094,0.00427932,-15.60367,-15.615741,-3.255663,78.44825,0.8156285,3.379227e-05,22.656519,-0.24226986,-9.335907,0.4960996,1.0,0.9990492,0.19140625,0.0047362256,-15.050017,-15.061091,-3.721701,4726.0996,3.5769331,2.918669e-06,0.9990406,0.16210938,0.004755901,-14.836237,-14.847075,-3.7471943,352.0769,1.2184994,1.145854e-06,0.008850107336044312,22605.55990767479,500000
18.652916,-0.2315863,-9.363249,0.5029352,1.0,0.9990635,0.25683594,0.0042973123,-15.584594,-15.596624,-3.2775748,1079.4235,1.8870074,1.6984196e-06,0.63919264,-0.4911791,10.854515,0.9990673,0.24023438,0.0042819963,-15.531198,-15.543164,-3.2885778,486.44406,1.5688099,1.7656434e-05,27.624954,-0.25921506,-9.320888,0.49234483,1.0,0.99903774,0.16699219,0.0047952775,-15.091964,-15.1030035,-3.7964907,1000.0578,1.5056367,1.0059517e-05,0.9990368,0.16113281,0.0048299166,-15.059343,-15.070338,-3.8124535,825.81287,2.2040718,3.977042e-05,0.5420067607879638,25315.59371304512,505000
25.929659,-0.22426717,-9.285622,0.4835283,1.0,0.9990635,0.22265625,0.004370504,-15.445176,-15.457031,-3.3182406,442.10062,1.4607186,2.6526168e-06,1.5135839,-1.2725978,17.244324,0.99906063,0.21484375,0.0043679513,-15.235912,-15.247567,-3.3136625,325.14096,1.4806885,4.1159186e-05,26.71207,-0.25192398,-9.379171,0.50691557,1.0,0.9990387,0.18847656,0.0047276784,-15.014435,-15.025512,-3.6822326,587.9788,1.2267692,7.064355e-06,0.99903584,0.16894531,0.004747131,-14.866938,-14.877862,-3.6928792,2823.8245,3.8016176,4.7422723e-06,0.013765548276901246,25384.421457529068,510000
19.674301,-0.22836775,-9.30823,0.48918065,1.0,0.9990635,0.22851562,0.0044092303,-15.512291,-15.524142,-3.3890438,306.35654,1.113915,1.6080405e-06,0.6569345,-0.6464862,10.881344,0.9990597,0.22070312,0.00443018,-15.313154,-15.324783,-3.4174118,120.66608,0.90035266,2.1900637e-06,28.930492,-0.25897345,-9.35081,0.49982542,1.0,0.99901676,0.18847656,0.004790636,-15.310534,-15.321873,-3.7115426,934.4011,1.7800289,4.581427e-08,0.9990244,0.17480469,0.004823643,-15.251388,-15.262654,-3.724511,772.83746,2.7233205,5.5514365e-06,0.013748682880401611,25453.16487455368,515000
22.094614,-0.26697016,-9.296864,0.48633888,1.0,0.99906063,0.23632812,0.0043317406,-15.510693,-15.522592,-3.338604,322.28918,1.1649978,5.1954144e-06,1.2121845,-1.3359492,16.322224,0.9990587,0.22167969,0.004365428,-15.294076,-15.305786,-3.3148785,1627.8855,3.026064,5.0764695e-05,18.59207,-0.2951494,-9.309984,0.48961893,1.0,0.99902725,0.18457031,0.0047844006,-15.054966,-15.066018,-3.7486575,1113.1779,1.9576716,1.5609963e-05,0.99901867,0.16796875,0.004806661,-14.945604,-14.956618,-3.6782165,3855.6199,8.171297,1.6480364e-05,0.013746343183517456,25521.89659190178,520000
21.565126,-0.24372017,-9.331734,0.49505618,1.0,0.99906063,0.24414062,0.004401248,-15.562565,-15.574488,-3.3665364,193.02309,0.8395349,4.3417513e-06,0.7415328,-0.7052705,13.19133,0.9990616,0.22265625,0.0044146096,-15.420955,-15.432755,-3.3486478,186.5225,0.8979789,9.922362e-06,18.882252,-0.31890896,-9.322798,0.4928223,1.0,0.99903965,0.1796875,0.0047879056,-14.963548,-14.974525,-3.7335238,27717.977,14.492602,9.4954045e-09,0.99903584,0.17382812,0.0047988435,-14.846222,-14.857119,-3.69864,416.55786,1.9614003,1.35608955e-08,0.013751105308532715,25590.652119874954,525000
16.981838,-0.2657845,-9.3399105,0.49710044,1.0,0.9990597,0.24316406,0.0043612844,-15.670485,-15.682539,-3.3386354,287.67514,1.4934442,5.9977936e-07,0.6733604,-0.7383965,11.848108,0.9990587,0.20898438,0.0043974267,-15.347315,-15.359039,-3.3548713,411.6459,1.4916204,1.6984472e-06,23.342037,-0.27174857,-9.404556,0.513262,1.0,0.9990282,0.15332031,0.00493693,-15.1100025,-15.12096,-3.900238,468.0822,1.4660386,8.0844177e-07,0.9990244,0.13964844,0.0049561444,-14.994812,-15.005657,-3.9006379,220.09877,1.295993,4.596276e-06,0.01375006742477417,25659.402458429337,530000
22.648687,-0.22093266,-9.32132,0.49245298,1.0,0.99905586,0.24511719,0.0044103228,-15.493792,-15.505604,-3.4107,167.5856,0.9145522,2.258708e-05,0.68016344,-0.7496159,14.875238,0.99906635,0.20605469,0.0044261385,-15.281887,-15.293479,-3.4239893,159.70813,1.1598493,2.2360367e-05,28.10297,-0.26505286,-9.337906,0.49659938,1.0,0.99903107,0.16699219,0.0048347563,-15.066605,-15.077588,-3.8296967,8533.281,5.802278,1.5207331e-07,0.9990301,0.14746094,0.004826097,-14.872662,-14.883464,-3.8213105,1249.4478,2.90588,1.0775137e-06,0.013748673582077027,25728.145827770233,535000
21.28489,-0.22765005,-9.381489,0.5074949,1.0,0.9990654,0.23632812,0.0043442156,-15.558593,-15.570566,-3.3085833,336.96472,1.2480628,9.551265e-06,0.717034,-0.605115,11.285306,0.9990616,0.23144531,0.0043550255,-15.38236,-15.394136,-3.3355193,385.18765,1.4074819,2.1319956e-05,28.721869,-0.22701049,-9.333675,0.4955417,1.0,0.999033,0.19335938,0.0046809134,-15.037249,-15.04846,-3.5679498,16912.035,10.445785,4.2244727e-05,0.999033,0.18066406,0.0047041057,-14.884293,-14.895323,-3.6003113,897.3424,3.301405,1.8457677e-05,0.0137419029712677,25796.855344057083,540000
16.788591,-0.21937856,-9.310158,0.48966223,1.0,0.99906445,0.22949219,0.0043922225,-15.591478,-15.60335,-3.4479134,147.7886,0.7684407,2.9527805e-06,0.35814846,-0.60192823,8.326502,0.9990616,0.20507812,0.004416411,-15.39337,-15.405043,-3.4526424,157.50764,0.8715699,1.5094544e-05,22.19754,-0.30781382,-9.379269,0.50694007,1.0,0.99903774,0.15625,0.0048530046,-15.168197,-15.179253,-3.858706,19082.107,12.34046,1.4804502e-06,0.99903584,0.14746094,0.0048742457,-14.951109,-14.961947,-3.862777,1775.5812,3.0190382,2.2499073e-06,0.013737249040603638,25865.541591882706,545000
22.40506,-0.2547794,-9.338987,0.49686986,1.0,0.99905777,0.25390625,0.0042594187,-15.838573,-15.850872,-3.2565222,111.57978,0.6791883,2.377438e-05,0.7265465,-1.0175537,14.808454,0.9990654,0.24511719,0.004293076,-15.625752,-15.637818,-3.2821608,100.02852,0.7310549,6.516581e-05,24.601559,-0.25099105,-9.350779,0.49981773,1.0,0.9990339,0.16308594,0.0048097256,-15.107491,-15.118573,-3.7696116,59149.223,29.982738,1.639837e-05,0.99902916,0.15527344,0.0048465994,-14.950304,-14.961196,-3.8079638,275.3203,1.1596988,9.932549e-06,0.013737112998962402,25934.227157831192,550000
18.552622,-0.22207993,-9.289688,0.4845451,1.0,0.9990587,0.22949219,0.0043311766,-15.746735,-15.758901,-3.2995272,449.15005,1.0060539,5.7153404e-05,0.47450277,-0.6543713,11.126781,0.9990454,0.21582031,0.0043793274,-15.502975,-15.514858,-3.347261,200.04112,0.8461194,2.2619079e-06,25.30407,-0.2818138,-9.34067,0.49729055,1.0,0.99902916,0.17773438,0.0047715036,-15.08214,-15.093259,-3.70712,4112.463,5.2509885,5.835846e-07,0.99902916,0.15917969,0.0047969897,-14.872413,-14.883297,-3.7369785,324.5375,0.9801191,1.04965275e-05,0.01373481183052063,26002.901218652725,555000
22.943104,-0.16181275,-9.274792,0.48082113,1.0,0.99905777,0.27539062,0.00423811,-15.714314,-15.72652,-3.2287664,367.19653,0.9688029,5.1270254e-05,0.865416,-1.2366443,18.747501,0.99906254,0.22949219,0.004263358,-15.572182,-15.584174,-3.3040214,41.979813,0.6791079,9.037081e-05,22.90576,-0.22741167,-9.366671,0.50379044,1.0,0.99902534,0.17382812,0.004854938,-14.95906,-14.969893,-3.8764856,424.23367,1.0532794,3.6282552e-07,0.9990244,0.16015625,0.004846438,-14.844746,-14.855484,-3.8601217,1378.4238,2.8222828,1.998968e-07,0.013733499097824097,26071.56871533394,560000
23.070454,-0.21912552,-9.28092,0.48235276,1.0,0.9990463,0.20117188,0.0044024102,-15.482813,-15.494641,-3.3817348,122.72214,0.663454,6.185756e-06,0.66087526,-0.97343576,15.063917,0.9990473,0.19335938,0.004407533,-15.287373,-15.298994,-3.3979926,135.98172,0.64996284,4.000589e-05,28.246548,-0.25246638,-9.349359,0.49946266,1.0,0.9990206,0.17871094,0.004813778,-15.152051,-15.163225,-3.7217245,150.2318,1.2235342,2.2751785e-06,0.99902153,0.15722656,0.004859209,-15.023635,-15.034654,-3.75082,714.6208,2.5392933,5.0941776e-06,0.013733987283706665,26140.238652944565,565000
28.158733,-0.17227235,-9.28422,0.4831777,1.0,0.9990673,0.2578125,0.0043000774,-15.693545,-15.70568,-3.2790504,153.59714,0.9307827,1.9189909e-07,1.4361756,-1.5290644,17.683237,0.9990587,0.24316406,0.004329263,-15.522431,-15.534389,-3.289792,374.11133,1.1314293,2.1295834e-07,24.034405,-0.2868688,-9.384819,0.5083277,1.0,0.99902916,0.171875,0.004812848,-15.381393,-15.392836,-3.6743002,851.3029,2.8604684,1.7643162e-06,0.9990263,0.16601562,0.004813282,-15.243836,-15.255153,-3.666124,1315.6993,4.2639456,2.6587371e-05,0.01374730453491211,26208.975180625916,570000
21.455532,-0.227303,-9.3269,0.4938479,1.0,0.99905586,0.2421875,0.0043835677,-15.642733,-15.654722,-3.378193,163.3744,0.7900944,2.79329e-05,0.9081009,-0.61113274,11.260521,0.999053,0.22753906,0.0043998575,-15.474727,-15.486532,-3.3977823,129.02768,0.9605043,2.155264e-05,25.612963,-0.21392645,-9.304364,0.48821408,1.0,0.9990206,0.16210938,0.0048810733,-15.09417,-15.105159,-3.8511486,25031.506,13.674291,4.4752946e-06,0.9990206,0.14453125,0.0049127648,-14.906226,-14.917031,-3.8521993,324.7793,1.783546,7.081184e-06,0.013748352670669556,26277.716945648193,575000
19.77525,-0.25338423,-9.278227,0.48167962,1.0,0.9990616,0.2421875,0.0043383846,-15.634248,-15.64632,-3.2846687,113.55555,0.8960762,1.4196574e-05,1.1474556,-0.94895864,14.009413,0.9990568,0.22460938,0.0043254592,-15.403521,-15.415367,-3.2850044,271.3449,1.0389183,6.384174e-05,21.46477,-0.31182152,-9.348442,0.49923348,1.0,0.99902534,0.16503906,0.004893314,-15.420232,-15.431569,-3.8218215,7669.417,4.872265,2.2534118e-06,0.9990244,0.15429688,0.004946274,-15.213021,-15.224157,-3.820684,2617.5803,6.2730703,9.1419115e-06,0.01375149998664856,26346.474447965622,580000
25.597134,-0.20384991,-9.320501,0.4922484,1.0,0.9990711,0.24121094,0.00433276,-15.649081,-15.661127,-3.3262286,339.49197,1.5112015,2.0814683e-05,1.0830935,-1.3422799,16.175293,0.9990673,0.2265625,0.0043636803,-15.35442,-15.366145,-3.3604703,270.27466,1.0899645,1.5493759e-05,26.78389,-0.25943977,-9.361481,0.50249314,1.0,0.99902344,0.19042969,0.00483544,-15.192881,-15.204078,-3.7383327,2798.2378,2.7817864,2.2658178e-08,0.9990196,0.17675781,0.004821454,-14.978637,-14.989634,-3.7286406,401.59778,1.5413313,1.7396918e-06,0.01375614767074585,26415.255190372467,585000
20.98259,-0.18726219,-9.299164,0.486914,1.0,0.999074,0.23632812,0.00429744,-15.75729,-15.769453,-3.3144388,4516.045,4.4943075,1.0282852e-05,0.5502031,-0.48348778,11.950117,0.999073,0.22167969,0.0043045273,-15.407625,-15.419438,-3.322853,2154.5369,3.5849793,2.6093025e-05,22.322395,-0.27028432,-9.339745,0.49705908,1.0,0.9990339,0.17480469,0.004777261,-15.284838,-15.296113,-3.750033,1471.5201,1.6716743,6.6654415e-08,0.9990263,0.1875,0.0047721798,-15.055624,-15.066706,-3.7182665,1035.3832,2.2158618,2.475866e-06,0.013753882694244384,26484.0246052742,590000
22.573915,-0.22272916,-9.292967,0.4853648,1.0,0.9990587,0.25,0.004315784,-15.628747,-15.640849,-3.2478366,2171.0603,1.9871955,3.4054054e-05,1.3459862,-0.96189266,15.159254,0.9990587,0.21972656,0.0043503987,-15.439932,-15.4518,-3.2988539,317.48767,1.2171409,1.0544265e-05,25.978783,-0.2290146,-9.364283,0.5031936,1.0,0.99902153,0.14453125,0.0048813717,-15.158571,-15.16963,-3.8466997,1125.511,1.4553744,9.095698e-06,0.99901676,0.15234375,0.004937754,-14.95121,-14.96206,-3.8521814,178.69788,0.77937186,2.301112e-05,0.011119999647140503,26539.62460541725,595000
22.852253,-0.20044394,-9.292942,0.48535866,1.0,0.9990654,0.2841797,0.0042229756,-15.79641,-15.808704,-3.2177916,150.91806,0.87715256,2.9970124e-08,1.5139773,-0.8861074,13.779232,0.9990635,0.25976562,0.0042764572,-15.675335,-15.687444,-3.2876961,122.957726,0.75871754,1.8811423e-05,26.579538,-0.22936897,-9.310159,0.48966256,1.0,0.99903965,0.17578125,0.004740875,-15.319882,-15.331199,-3.7430906,346.98672,0.79261243,2.2086933e-06,0.9990339,0.171875,0.004765946,-15.154562,-15.165696,-3.7645106,604.7907,1.3936841,1.8793338e-06,0.008852810049057008,26583.888657093048,600000
23.717897,-0.21778968,-9.2601795,0.47716793,1.0,0.99906445,0.26757812,0.0042820303,-15.6570635,-15.669142,-3.301206,393.31332,1.2538397,3.8614e-05,1.1160884,-0.980126,16.800255,0.99905396,0.2265625,0.004319338,-15.537947,-15.549905,-3.3034692,247.01286,1.5278268,7.436146e-05,25.18552,-0.31577682,-9.334624,0.49577898,1.0,0.99903965,0.1875,0.004734,-15.183945,-15.195185,-3.6858468,374.6292,1.4122422,1.3642877e-08,0.999032,0.16992188,0.004769126,-15.010298,-15.021361,-3.6929603,1268.6348,3.8544338,2.1950038e-05,0.45650692167282103,28866.423266887665,605000
22.035658,-0.24231333,-9.334094,0.49564654,1.0,0.9990635,0.23046875,0.004364705,-15.635043,-15.647059,-3.342947,140.68672,0.8712491,2.2011445e-06,0.79995567,-1.2641003,16.021404,0.9990597,0.203125,0.0043822816,-15.340393,-15.3520975,-3.366826,219.58636,1.3504374,1.4488681e-06,26.448597,-0.2877248,-9.32688,0.49384308,1.0,0.999032,0.15234375,0.0048015895,-15.303936,-15.315272,-3.7071226,389048.75,195.65187,1.0585568e-06,0.9990282,0.1640625,0.0047907038,-15.047516,-15.058607,-3.7010155,1158.6488,4.552987,2.878363e-05,0.02859380655288696,29009.392303466797,610000
18.70755,-0.18905203,-9.267416,0.4789769,1.0,0.9990692,0.24804688,0.0043177754,-15.610262,-15.622285,-3.3111258,130.77016,0.83532566,1.1027871e-05,1.4905837,-0.5019998,11.026292,0.9990568,0.2109375,0.004342095,-15.3800125,-15.39178,-3.342071,172.70782,0.7403053,2.4083523e-05,22.466225,-0.26246303,-9.3456,0.4985229,1.0,0.99903107,0.18359375,0.0048449324,-15.175489,-15.18662,-3.7893672,24172.2,13.610929,3.4181453e-06,0.99902534,0.16210938,0.004859131,-14.956802,-14.967725,-3.783146,2280.9634,6.6819534,9.301838e-06,0.027142770862579345,29145.106159210205,615000
18.61639,-0.24971288,-9.324284,0.49319392,1.0,0.9990587,0.25585938,0.0043343864,-15.629575,-15.641586,-3.3420088,830.218,1.392911,1.3552422e-05,0.44043213,-0.7420523,10.993462,0.999053,0.24121094,0.004344763,-15.49914,-15.511023,-3.3428464,119.53884,0.60810876,8.344517e-06,22.834259,-0.2678414,-9.312799,0.4903229,1.0,0.99901104,0.16894531,0.0049083345,-15.171921,-15.183007,-3.8310988,785.7138,1.7403817,4.6180313e-07,0.99902153,0.15234375,0.004895391,-15.038485,-15.049476,-3.795158,1128.2487,3.439124,2.900107e-06,0.023638970613479613,29263.301014900208,620000
24.745846,-0.19445199,-9.336785,0.49631917,1.0,0.99906635,0.22851562,0.0043730456,-15.434174,-15.445979,-3.3579662,345.6895,1.459013,5.4084485e-06,0.73342276,-0.6585367,13.959371,0.99906254,0.203125,0.004388641,-15.378848,-15.390562,-3.3962135,246.9023,1.0347898,2.4129768e-06,26.513853,-0.20210704,-9.365221,0.5034281,1.0,0.9990301,0.17285156,0.00478186,-15.133392,-15.144595,-3.672635,950.4816,3.2625866,1.0619426e-05,0.9990225,0.16503906,0.0048129037,-14.989003,-15.00005,-3.6889272,4655.0293,6.9801054,3.1567593e-05,0.023648922777175903,29381.54562997818,625000
22.056137,-0.24115263,-9.323214,0.49292618,1.0,0.9990597,0.24316406,0.0042618318,-15.666561,-15.678683,-3.2661958,238.29237,1.0198689,3.368422e-05,0.7740036,-0.87968755,13.840212,0.99905205,0.23828125,0.004257396,-15.478167,-15.490107,-3.263292,87.46062,0.89796376,4.298297e-05,25.894855,-0.24952257,-9.350713,0.4998012,1.0,0.99904156,0.16699219,0.0047906153,-15.070694,-15.081648,-3.8657842,120.48973,0.32332572,7.348205e-06,0.99904346,0.17089844,0.0048035495,-14.854306,-14.865036,-3.8775246,75.66321,0.43533766,2.3276473e-06,0.021964046239852906,29491.36586380005,630000
27.2566,-0.1786842,-9.322439,0.4927327,1.0,0.99906635,0.2578125,0.0042938124,-15.675585,-15.687713,-3.2691483,395.20532,1.2915325,7.062422e-08,0.8575285,-0.91206384,18.549028,0.99906826,0.21875,0.0043067685,-15.566355,-15.578351,-3.2938547,284.4774,0.9387207,4.341581e-06,26.37855,-0.29058585,-9.31742,0.491478,1.0,0.99901676,0.15722656,0.004895932,-15.304436,-15.315705,-3.7757595,1135.149,2.0890589,5.8058006e-08,0.9990177,0.15429688,0.004907362,-15.182132,-15.193264,-3.794353,4597.726,6.071155,6.4617543e-06,0.01634333872795105,29573.082558870316,635000
20.793016,-0.2344846,-9.326643,0.4937836,1.0,0.99905586,0.24707031,0.0043638563,-15.551321,-15.563235,-3.3629718,174.64069,0.80216056,3.5605495e-05,1.0053396,-1.1463016,14.969861,0.9990463,0.22949219,0.0043776073,-15.399258,-15.411,-3.386595,177.30962,0.71451145,6.9836374e-06,23.027285,-0.27209184,-9.356648,0.50128496,1.0,0.9990082,0.16113281,0.004880137,-15.2866955,-15.297935,-3.7888541,2572.3848,3.0061078,6.062585e-06,0.9990034,0.14746094,0.004948107,-15.139259,-15.150379,-3.7634444,176.41078,1.5888929,5.2601017e-06,0.013738555335998536,29641.775337696075,640000
20.956852,-0.20313835,-9.269936,0.47960687,1.0,0.9990635,0.25195312,0.0043567717,-15.659819,-15.671854,-3.348051,252.13255,1.0405413,2.4291146e-05,0.8302344,-0.6533886,13.9474,0.99905014,0.22265625,0.0043832436,-15.5106125,-15.522483,-3.3686452,323.62915,1.1818135,5.363907e-05,32.59104,-0.21792671,-9.297049,0.4863851,1.0,0.99901867,0.18652344,0.0047099674,-15.297466,-15.308865,-3.6375031,572.0983,1.4836891,1.8570785e-05,0.99902725,0.17480469,0.004735999,-15.172987,-15.184203,-3.6983423,166.9914,0.87923217,2.5245814e-05,0.013736249351501464,29710.456585645676,645000
22.128613,-0.24249122,-9.296576,0.48626667,1.0,0.9990635,0.24414062,0.004336057,-15.893545,-15.905857,-3.298098,161.99792,0.9961318,1.9010952e-06,1.3705659,-0.9576709,15.568416,0.99905777,0.21386719,0.0043500913,-15.742125,-15.754281,-3.3055494,98.63257,0.83895,1.3875052e-05,17.454617,-0.32708076,-9.325354,0.49346137,1.0,0.99904156,0.18945312,0.0047265114,-15.416435,-15.42784,-3.7493489,224.91336,0.5941076,5.4871083e-07,0.99902916,0.16601562,0.0047375155,-15.24897,-15.260229,-3.7292392,1421.1831,2.4844167,5.3454487e-06,0.013733690929412842,29779.125041484833,650000
24.54493,-0.1979176,-9.370285,0.50469416,1.0,0.9990616,0.24414062,0.0043878607,-15.592387,-15.604335,-3.370432,494.4089,1.2428708,6.753248e-06,1.2556579,-1.0428542,14.510385,0.99905777,0.21582031,0.0043815225,-15.405964,-15.417732,-3.3677092,86.72948,0.8858897,3.5473957e-05,30.899078,-0.19860017,-9.35005,0.4996354,1.0,0.9990368,0.15625,0.0047892258,-15.235869,-15.247092,-3.755571,740.31213,2.0391018,8.6570503e-07,0.9990368,0.15332031,0.0047801333,-15.033031,-15.044003,-3.8092978,134.77715,0.55537057,1.8241908e-05,0.01373067979812622,29847.77844309807,655000
26.877378,-0.20459567,-9.291136,0.48490685,1.0,0.99906445,0.25097656,0.004344953,-15.760563,-15.772687,-3.3571362,163.68117,0.62659836,4.0515715e-06,1.0505184,-0.9711591,16.210026,0.9990549,0.22070312,0.0043770326,-15.616377,-15.628325,-3.3929038,150.64363,0.7715913,9.119889e-06,24.55997,-0.2832126,-9.374332,0.5057063,1.0,0.9990387,0.171875,0.0048354166,-15.302786,-15.314039,-3.7912652,1147.1259,1.7051337,1.7116181e-06,0.9990349,0.16894531,0.00486887,-15.207378,-15.21854,-3.788449,1045.1332,2.6805773,5.5340587e-07,0.013728084421157838,29916.418866872787,660000
22.445818,-0.21784937,-9.348446,0.49923426,1.0,0.9990692,0.24902344,0.004362099,-15.817745,-15.829925,-3.3588715,1445.288,2.369254,3.7665438e-07,0.7801825,-2.3981304,18.23191,0.99906254,0.22167969,0.0043792385,-15.62992,-15.64187,-3.4050064,1203.0728,2.8260283,2.5130106e-05,29.772095,-0.20690325,-9.316573,0.49126607,1.0,0.9990244,0.16796875,0.004833758,-15.265566,-15.27677,-3.803557,633.88715,1.3637702,1.0037883e-06,0.9990158,0.14746094,0.00482744,-15.139664,-15.150727,-3.8210602,9907.544,10.531849,3.1796557e-07,0.013726739263534547,29985.052564382553,665000
25.707384,-0.2116602,-9.29611,0.48615044,1.0,0.9990654,0.22363281,0.0043790927,-15.646891,-15.658898,-3.3642588,700.62476,1.3804048,5.138068e-05,2.1358423,-1.7001354,19.319965,0.9990549,0.21972656,0.00438984,-15.478325,-15.490152,-3.3791244,638.80634,1.6081568,1.6831955e-05,25.04107,-0.22894391,-9.322617,0.4927769,1.0,0.9990339,0.16699219,0.0047543608,-15.230005,-15.241286,-3.6896186,21437.98,15.810042,1.1666234e-06,0.9990282,0.17285156,0.0047970577,-15.064201,-15.075308,-3.702961,1551.6321,4.0057983,5.522144e-09,0.013726342296600342,30053.684278964996,670000
24.106829,-0.22545032,-9.29657,0.4862656,1.0,0.99906063,0.24511719,0.004304403,-15.836532,-15.848805,-3.2801602,265.8459,1.0649903,1.577309e-05,0.98218995,-0.925931,16.157137,0.9990568,0.2265625,0.0043641264,-15.638512,-15.650532,-3.3420577,193.75055,1.1062913,2.5353182e-05,21.591343,-0.27081156,-9.375724,0.50605404,1.0,0.999032,0.19042969,0.0047485945,-15.254509,-15.265777,-3.725812,3860.4878,5.1688333,1.0455675e-07,0.99903965,0.17871094,0.0047676554,-15.090641,-15.101741,-3.7357907,403.25015,2.3946195,4.6425743e-07,0.01372481050491333,30122.308332681656,675000
23.878872,-0.1983146,-9.334513,0.4957512,1.0,0.99907875,0.2705078,0.004217926,-15.881025,-15.893443,-3.1779299,208.7746,1.2731007,2.900078e-05,1.4639009,-1.3986365,20.273897,0.9990778,0.25976562,0.004211857,-15.742766,-15.755036,-3.1905155,233.44684,1.4438686,7.157931e-05,22.81999,-0.26059258,-9.314903,0.49084875,1.0,0.9990196,0.16796875,0.0048228945,-15.33327,-15.34459,-3.7530684,10078.759,8.398975,3.4333945e-07,0.99902534,0.1640625,0.004848986,-15.238321,-15.249544,-3.7583747,1749.9314,5.4651103,4.597567e-07,0.013725284814834595,30190.93476009369,680000
23.56814,-0.23025413,-9.289006,0.48437458,1.0,0.9990549,0.2265625,0.0043947324,-15.7104845,-15.722534,-3.3832557,369.6354,0.8647677,7.480968e-06,0.9435356,-0.6085661,14.8981285,0.9990492,0.20117188,0.0044393283,-15.559038,-15.570913,-3.4109848,68.996284,0.59947515,2.6823589e-05,30.138086,-0.240738,-9.326174,0.49366653,1.0,0.9990139,0.17675781,0.0047674323,-15.3232765,-15.334682,-3.6555507,8732.835,11.362307,5.0208257e-07,0.99901295,0.15527344,0.004801217,-15.190512,-15.201788,-3.6542175,546.76184,2.2113256,4.943374e-06,0.013696197891235351,30259.415752649307,685000
21.290195,-0.2423307,-9.30829,0.48919523,1.0,0.99906826,0.23632812,0.004359766,-15.739253,-15.751327,-3.3878698,335.81815,0.8245842,1.5230381e-05,1.0638984,-0.5545925,11.468508,0.9990587,0.22265625,0.004373505,-15.648484,-15.660424,-3.4331903,148.87259,0.6144842,4.433357e-05,28.27953,-0.2607414,-9.2995405,0.48700804,1.0,0.9990101,0.18359375,0.0048069293,-15.367173,-15.378632,-3.6459427,1366.1963,3.540391,4.2736048e-07,0.9990101,0.15820312,0.004855301,-15.261347,-15.272647,-3.7008545,1839.1869,3.9242237,6.516289e-09,0.013734775829315185,30328.089633226395,690000
19.63956,-0.23862079,-9.355357,0.5009622,1.0,0.9990692,0.26171875,0.004250445,-15.792586,-15.804859,-3.23838,240.39862,1.0008428,1.7866436e-05,1.0754248,-0.6278293,11.063896,0.99906445,0.24121094,0.0042562126,-15.689302,-15.701464,-3.2485452,231.97255,1.0777991,3.6927856e-06,27.761698,-0.25336355,-9.361748,0.5025599,1.0,0.99902534,0.19238281,0.004735688,-15.189192,-15.2005,-3.6210384,7763.967,5.660168,2.0010393e-07,0.99901867,0.18066406,0.004776726,-15.041159,-15.052282,-3.6623132,417.25897,1.8520954,2.4623254e-05,0.013775590133666991,30396.96758699417,695000
22.395847,-0.20333761,-9.313015,0.49037695,1.0,0.9990797,0.26171875,0.0042319307,-15.845292,-15.857653,-3.2004557,442.07785,1.3312317,1.4998317e-05,0.75516045,-1.1985095,14.801586,0.99907684,0.234375,0.0042494964,-15.743654,-15.755874,-3.2418265,121.466354,1.111649,7.71695e-05,25.932804,-0.24143417,-9.323742,0.4930586,1.0,0.9990368,0.16796875,0.0048503024,-15.130282,-15.141372,-3.7863355,343.56882,1.2104104,1.5576608e-05,0.9990339,0.15722656,0.0048753186,-15.008301,-15.019281,-3.7762241,1821.2961,3.2840347,1.3991279e-05,0.013760387182235718,30465.76952457428,700000
19.652042,-0.2302622,-9.272636,0.48028225,1.0,0.9990711,0.26367188,0.0042033456,-15.98413,-15.996629,-3.1977847,851.34186,2.0232825,6.3983265e-05,1.0198215,-1.3317596,13.755326,0.999073,0.23535156,0.0041894186,-15.862905,-15.875286,-3.1973877,460.47162,2.110209,0.00013146167,23.211914,-0.2478269,-9.35643,0.50123036,1.0,0.9990387,0.17480469,0.004788408,-14.969503,-14.980437,-3.7838502,1918.5814,2.276164,1.3394289e-05,0.9990368,0.16015625,0.004804194,-14.790088,-14.800858,-3.7727728,235.56233,1.0866482,2.4835565e-06,0.37942627568244935,32362.900906085968,705000
26.250576,-0.21479711,-9.27074,0.47980782,1.0,0.9990568,0.24804688,0.0043150326,-15.896772,-15.909048,-3.3388891,221.5636,0.916615,2.1261723e-05,0.8669086,-1.3192365,16.540672,0.9990587,0.23242188,0.0043147756,-15.712269,-15.724351,-3.3525405,167.13025,0.9614962,1.4191579e-05,25.736843,-0.2739008,-9.346931,0.49885583,1.0,0.99902725,0.18457031,0.004820503,-15.292284,-15.303502,-3.817018,1092.0574,1.0567608,6.1734977e-06,0.9990244,0.17773438,0.0048377765,-15.076134,-15.087153,-3.801486,432.4013,1.2951382,1.0325746e-05,0.02372366065979004,32481.51921081543,710000
18.67034,-0.24155629,-9.313805,0.49057406,1.0,0.99906445,0.24902344,0.0043405606,-15.677453,-15.689507,-3.3467414,1584.8018,2.1644373,1.262012e-05,0.48849642,-0.48216817,9.19116,0.99905777,0.234375,0.004369422,-15.473026,-15.484863,-3.3634634,216.89236,1.1059589,4.6658595e-05,28.060902,-0.27259386,-9.330575,0.4947667,1.0,0.9990339,0.17675781,0.0048287604,-15.310854,-15.322126,-3.779448,2872.32,3.0329945,8.1459984e-07,0.999032,0.15917969,0.004833881,-15.12528,-15.1363945,-3.756178,1262.8041,2.9383602,3.3780457e-06,0.023722575807571412,32600.13209414482,715000
20.429802,-0.23157252,-9.2985935,0.4867712,1.0,0.9990635,0.24609375,0.0043998677,-15.751916,-15.764013,-3.375987,153.35236,0.86014307,9.201617e-06,1.0412248,-1.4409127,15.322092,0.9990597,0.23046875,0.00441167,-15.685055,-15.697098,-3.3636796,851.9022,1.6715331,6.93446e-06,25.325584,-0.23965816,-9.314416,0.49072686,1.0,0.99903965,0.17089844,0.0048231706,-15.215469,-15.226661,-3.7667656,574.1094,1.5368898,3.8609244e-07,0.9990387,0.1640625,0.0048190076,-15.171324,-15.182502,-3.7353947,1015.96533,2.2004218,2.3736882e-07,0.02373046522140503,32718.78442454338,720000
24.66072,-0.20269583,-9.301901,0.48759812,1.0,0.999073,0.25683594,0.004280259,-15.799593,-15.811845,-3.265612,266.54312,1.2532116,1.8521774e-05,0.9859119,-1.4588696,19.175762,0.9990673,0.23242188,0.004277567,-15.606957,-15.619038,-3.2490726,215.29175,1.5416193,4.8161557e-05,22.415264,-0.24706393,-9.350948,0.4998602,1.0,0.99903107,0.17675781,0.004789276,-15.415796,-15.427229,-3.719942,371.02316,1.5588282,1.4363254e-06,0.9990263,0.15917969,0.0048182206,-15.28666,-15.297993,-3.6936152,8215.585,15.182188,1.09513e-05,0.023755219173431395,32837.56052350998,725000
21.088505,-0.20835145,-9.307573,0.4890163,1.0,0.99906254,0.23828125,0.0042590587,-15.806204,-15.818472,-3.2541838,314.70526,0.95920694,4.522056e-05,0.87014157,-0.6391541,12.701134,0.9990568,0.22753906,0.004267144,-15.671167,-15.683298,-3.2629929,137.39502,0.9697662,7.781748e-05,33.998787,-0.22490898,-9.352164,0.50016403,1.0,0.999033,0.17382812,0.0048071016,-15.407833,-15.4191675,-3.8133357,351.525,0.9846336,7.728464e-08,0.999033,0.15917969,0.00481127,-15.293749,-15.304956,-3.828244,404.5291,1.1627685,5.014932e-06,0.027056512212753295,32972.843086242676,730000
24.861046,-0.22330502,-9.338181,0.49666813,1.0,0.9990635,0.24902344,0.0042788647,-15.887737,-15.900087,-3.2538843,211.18944,0.9184278,2.4887463e-08,1.1204447,-1.101796,16.79502,0.9990597,0.24511719,0.0042870594,-15.645962,-15.658083,-3.24665,125.63881,0.9241897,7.243625e-07,28.488594,-0.27675033,-9.305573,0.4885162,1.0,0.9990225,0.18359375,0.0048195384,-15.444924,-15.456371,-3.7347,13311.971,9.986748,1.3389557e-06,0.9990225,0.171875,0.004837069,-15.227774,-15.238986,-3.7584682,311.84314,1.3795404,6.217723e-08,0.028606149053573608,33115.873834848404,735000
24.82346,-0.21834157,-9.290669,0.48479024,1.0,0.99907017,0.25097656,0.0042661335,-15.850673,-15.862993,-3.247416,168.68799,0.9734627,2.771049e-06,1.341764,-0.82073164,16.842018,0.9990597,0.24414062,0.0043007955,-15.692163,-15.704291,-3.286107,163.19821,0.89876723,8.626561e-06,23.544363,-0.27735135,-9.343942,0.49810827,1.0,0.999033,0.17578125,0.0047796993,-15.280245,-15.291499,-3.7660651,400.0311,0.9547684,2.7237916e-09,0.9990368,0.16210938,0.0047747404,-15.087888,-15.098933,-3.7877507,75.610985,0.391178,6.290775e-08,0.02861784267425537,33258.96304965019,740000
23.362408,-0.23997794,-9.279708,0.48205006,1.0,0.9990721,0.25390625,0.0042721108,-15.848241,-15.860562,-3.2435608,738.00464,1.8125113,1.0674236e-05,1.1570832,-0.86765754,16.315939,0.9990721,0.22753906,0.0043052835,-15.637096,-15.649203,-3.2517824,313.09668,1.7151088,1.8777904e-05,20.333197,-0.2362478,-9.361877,0.5025923,1.0,0.99902916,0.16015625,0.00490274,-15.158514,-15.169548,-3.8707044,269.36606,1.2197571,1.9780368e-06,0.99902344,0.14453125,0.0049367035,-15.0109625,-15.021843,-3.8786993,1246.7214,2.4544284,2.0381929e-06,0.028021562671661376,33399.07086443901,745000
19.69014,-0.24712658,-9.326887,0.4938448,1.0,0.999073,0.22753906,0.0043888246,-15.712193,-15.724247,-3.3808913,169.32787,0.85860366,2.9855446e-06,1.4326308,-0.9534417,15.7726755,0.99906445,0.21777344,0.004434537,-15.619104,-15.631008,-3.441854,95.615616,0.8764007,9.993406e-06,25.474842,-0.24686024,-9.344948,0.49835992,1.0,0.9990368,0.19140625,0.004774607,-15.232065,-15.243281,-3.7569184,3113.2034,4.749348,8.572217e-07,0.999032,0.171875,0.004807514,-15.124381,-15.135474,-3.7757204,808.1602,3.0168319,2.1139047e-06,0.023820767641067504,33518.17470407486,750000
21.335526,-0.25151163,-9.315772,0.49106592,1.0,0.9990721,0.25585938,0.0042445073,-16.05035,-16.062881,-3.2284412,967.1305,1.9307821,2.0427591e-05,0.82276446,-1.0658944,14.599798,0.99907494,0.25,0.004277938,-15.757341,-15.769566,-3.2521756,470.14734,1.7071247,2.679365e-05,24.073334,-0.31742847,-9.362086,0.50264454,1.0,0.999033,0.17675781,0.0047850665,-15.384068,-15.39544,-3.7516313,279.1042,0.9566684,6.806344e-06,0.999033,0.16894531,0.0048225345,-15.116276,-15.1273775,-3.759388,838.40125,2.7992184,9.321179e-06,0.023717497301101686,33636.76219201088,755000
22.96204,-0.24346289,-9.301038,0.48738235,1.0,0.99906826,0.2607422,0.004202554,-15.860611,-15.872995,-3.1924698,243.26424,1.0200626,6.6041484e-06,1.6276524,-1.6921482,18.242245,0.99905396,0.23339844,0.0042410935,-15.732254,-15.744501,-3.2030523,782.6581,1.831121,3.3612519e-06,26.252552,-0.21944368,-9.349095,0.49939668,1.0,0.99903584,0.14355469,0.004882969,-15.146622,-15.157617,-3.8981318,884.8474,1.4326332,2.9705447e-07,0.99902916,0.15527344,0.004892479,-14.996777,-15.00763,-3.8927875,278.95624,1.343435,5.1197767e-06,0.02258106164932251,33749.66750383377,760000
22.39486,-0.22036614,-9.314745,0.4908093,1.0,0.9990711,0.24707031,0.0043460634,-15.784633,-15.796802,-3.3362117,339.0605,1.0628887,1.6192631e-05,1.029209,-0.7959039,12.2088375,0.9990587,0.20996094,0.004372874,-15.561853,-15.573753,-3.3888042,791.33716,1.7084299,4.0266747e-05,22.831844,-0.26455438,-9.326649,0.49378523,1.0,0.9990225,0.16015625,0.0049339216,-15.272921,-15.284099,-3.8383596,2835.1702,3.6699286,3.700273e-08,0.99902534,0.15136719,0.004930812,-15.060097,-15.0710745,-3.8289664,565.78864,3.1732428,3.0540386e-07,0.017362022304534912,33836.477617025375,765000
21.951206,-0.21097305,-9.316249,0.49118516,1.0,0.99907684,0.25976562,0.0042404253,-15.917181,-15.929592,-3.2207775,269.7043,0.9065841,3.3809883e-06,1.8121188,-1.2476017,16.776676,0.99906445,0.234375,0.0043103974,-15.760433,-15.772614,-3.3010862,174.5894,0.8085804,1.2233468e-06,31.463509,-0.2054233,-9.354225,0.500679,1.0,0.99903774,0.17480469,0.00480746,-15.199373,-15.210499,-3.8191068,38152.77,20.486595,1.8761884e-07,0.99903774,0.16210938,0.0048352825,-15.088366,-15.099347,-3.8544774,11210.701,12.868057,1.1268407e-06,0.01377063570022583,33905.33079767227,770000
22.904617,-0.22552095,-9.31192,0.49010313,1.0,0.99906254,0.25195312,0.0043084654,-16.029259,-16.04172,-3.2813292,2077.6975,2.5211487,4.7172365e-05,0.8172772,-0.76256937,15.678997,0.9990597,0.23242188,0.004339009,-15.783625,-15.795804,-3.323547,173.28915,0.9960531,1.06099305e-05,25.812737,-0.2739584,-9.359297,0.5019473,1.0,0.99902725,0.16601562,0.0047403807,-15.446131,-15.457599,-3.7140872,764.8275,1.5413557,4.2723698e-07,0.99902725,0.15527344,0.0047679497,-15.24786,-15.259124,-3.7244637,1121.7294,3.0232992,6.769868e-07,0.013812601613998414,33974.393807411194,775000
22.019142,-0.23953427,-9.322809,0.49282518,1.0,0.9990721,0.26171875,0.0043469705,-16.068314,-16.080795,-3.299049,466.19043,1.3628764,4.7253657e-06,0.9903685,-0.89430285,18.491951,0.9990711,0.22753906,0.0043911254,-15.906651,-15.918974,-3.300005,102.41099,1.1212661,2.0504061e-05,19.164679,-0.32478592,-9.323931,0.4931058,1.0,0.9990282,0.171875,0.0049146162,-15.282405,-15.293614,-3.8150668,4766.9883,4.6567163,8.2052543e-07,0.9990301,0.15136719,0.0049338248,-15.100915,-15.111965,-3.7966003,457.4862,1.8445289,1.0162335e-05,0.013801768636703491,34043.40265226364,780000
20.969585,-0.22095963,-9.283667,0.48303968,1.0,0.9990721,0.2705078,0.004283338,-16.000008,-16.012447,-3.27324,228.05045,0.9818198,4.3315418e-07,0.74388313,-1.8769307,12.766459,0.9990692,0.2626953,0.004300586,-15.830021,-15.842275,-3.2947073,84.51812,0.8343226,2.9201028e-06,21.290504,-0.2902631,-9.328283,0.4941938,1.0,0.99902725,0.18359375,0.004793022,-15.233824,-15.24509,-3.7095406,2856.081,2.841527,2.1654496e-09,0.9990282,0.15332031,0.0048079127,-15.054417,-15.06552,-3.6963286,380.28278,1.1644702,1.5411293e-07,0.013820126962661744,34112.503293037415,785000
25.65387,-0.17680356,-9.313918,0.49060264,1.0,0.99907684,0.25097656,0.0043084915,-15.906803,-15.919155,-3.2707126,144.37624,1.0572278,3.333436e-05,0.99491966,-1.5105963,20.275482,0.99906826,0.22363281,0.0043361844,-15.789891,-15.802077,-3.323406,293.01395,1.2346466,2.0959556e-05,30.094326,-0.2297892,-9.362656,0.5027869,1.0,0.99903584,0.18554688,0.004780596,-15.287913,-15.299227,-3.7145452,4791.2354,4.3873014,1.9357642e-06,0.999032,0.18164062,0.004799341,-15.217974,-15.22919,-3.7442117,1042.8506,2.7266188,4.5779293e-06,0.013777794647216797,34181.39226770401,790000
24.369682,-0.21741125,-9.318182,0.4916683,1.0,0.9990616,0.24121094,0.0043074666,-15.888785,-15.901101,-3.2902987,117.96597,0.84244186,9.609455e-06,1.3291191,-1.5345371,19.121027,0.99905586,0.22753906,0.0043107634,-15.696848,-15.70899,-3.2751331,153.31491,0.88447994,1.7657865e-05,24.100573,-0.24283384,-9.328207,0.49417466,1.0,0.999032,0.1796875,0.0048977593,-15.245447,-15.256604,-3.8326402,14644.941,16.776905,2.3764153e-07,0.99902916,0.1640625,0.004914524,-15.063568,-15.074541,-3.8366451,83671.04,89.37269,1.0748946e-06,0.01379369821548462,34250.360759973526,795000
18.973816,-0.23988678,-9.251867,0.47508976,1.0,0.9990864,0.26757812,0.004273895,-16.107603,-16.120178,-3.2446108,343.38065,1.5383637,5.2063484e-07,3.1245341,-1.4078954,13.52134,0.9990854,0.234375,0.0042743073,-15.933999,-15.946395,-3.253532,251.19351,1.8741418,8.995841e-07,23.464134,-0.25702268,-9.2983265,0.48670465,1.0,0.99902725,0.17480469,0.004856674,-15.373031,-15.384341,-3.8035572,2076.615,3.5161946,1.4440187e-07,0.9990301,0.16894531,0.0048660347,-15.22543,-15.236595,-3.8024898,683.30237,2.3452423,3.5171036e-06,0.013788431787490845,34319.302921295166,800000
22.549702,-0.2537458,-9.269802,0.47957355,1.0,0.9990692,0.24121094,0.004351382,-15.836369,-15.848632,-3.2898195,588.07355,1.1583384,5.298448e-07,1.7118139,-1.0479505,16.895557,0.99906254,0.21679688,0.0043782806,-15.505453,-15.517378,-3.305993,182.15637,1.169904,1.1598038e-05,26.070099,-0.22371496,-9.30857,0.48926544,1.0,0.9990368,0.17285156,0.0047312584,-15.196205,-15.207468,-3.6732366,475.44415,0.9794855,4.9598543e-06,0.99903584,0.14746094,0.0047695516,-14.937268,-14.948245,-3.7087986,208.1448,0.84351236,8.33879e-06,0.3186868570327759,35912.737209796906,805000
18.635592,-0.25354132,-9.276519,0.48125264,1.0,0.99906635,0.25,0.0043645967,-15.998196,-16.010557,-3.3521104,211.51407,1.0736872,1.3927252e-06,1.2653021,-1.1081295,15.420033,0.9990568,0.234375,0.004392569,-15.73637,-15.748438,-3.3902392,125.95577,0.8519584,1.123681e-05,27.872921,-0.27423975,-9.339561,0.4970135,1.0,0.9990158,0.14746094,0.004899719,-15.293427,-15.304738,-3.7224855,261111.31,133.58308,1.1847369e-05,0.9990158,0.13671875,0.004908351,-15.064013,-15.07511,-3.7121282,1638.1296,4.7885885,4.3298074e-05,0.023799099683761597,36031.73270988464,810000
19.556654,-0.24302632,-9.3059225,0.48860347,1.0,0.99906826,0.25390625,0.004397561,-15.747106,-15.759215,-3.359429,138.79417,0.81418824,1.4503328e-05,0.8507713,-0.52137375,13.630644,0.99906063,0.23144531,0.0044103204,-15.48236,-15.494207,-3.3613906,121.27289,0.90585434,6.0097776e-05,31.162315,-0.25396526,-9.31171,0.49005067,1.0,0.99902725,0.17285156,0.004871441,-15.267864,-15.279056,-3.819351,256.9979,0.82593644,2.226252e-06,0.99902534,0.1640625,0.0048855417,-15.037863,-15.048828,-3.8212137,63.736168,0.5022012,1.8247781e-06,0.02379949264526367,36150.73017454147,815000
19.23797,-0.23039076,-9.306717,0.4888023,1.0,0.9990711,0.2607422,0.004289889,-15.791033,-15.803263,-3.2799382,196.0839,0.6695876,5.997493e-06,0.6206446,-0.9633944,10.409788,0.99907017,0.23242188,0.004312822,-15.518035,-15.529952,-3.326834,472.95914,1.1986896,0.000120152974,29.035652,-0.25865012,-9.355893,0.50109625,1.0,0.99902534,0.16796875,0.004846349,-15.451429,-15.462818,-3.8011708,1630.2446,2.4066572,2.035064e-06,0.9990206,0.15332031,0.004845854,-15.257729,-15.268933,-3.7947755,2569.7292,4.3134723,5.0587516e-07,0.02379780263900757,36269.71919131279,820000
22.962618,-0.20160142,-9.30847,0.48924044,1.0,0.99905396,0.24511719,0.0043678684,-15.774008,-15.786128,-3.3732297,174.64502,0.95150256,2.3124107e-05,0.8350035,-0.6902731,13.878845,0.9990492,0.21484375,0.004374046,-15.650902,-15.662887,-3.3897898,147.5266,0.79686975,2.0092411e-05,25.168995,-0.25002715,-9.313247,0.49043465,1.0,0.99902725,0.17382812,0.0048495126,-15.185317,-15.1963825,-3.86535,318.24564,1.0201937,7.814291e-07,0.99902725,0.15625,0.0048373877,-15.04746,-15.058411,-3.8440561,2954.511,4.3270807,2.1550984e-06,0.02378428444862366,36388.64061522484,825000
22.936083,-0.2199612,-9.297417,0.4864772,1.0,0.99906063,0.24511719,0.00431432,-15.973988,-15.986436,-3.2395465,115.98378,0.9313137,8.0804324e-07,0.86826265,-0.81414163,14.148083,0.99905396,0.22851562,0.004349338,-15.87806,-15.89037,-3.2848544,294.72134,1.2254109,2.3617016e-08,20.154795,-0.25403345,-9.328812,0.49432588,1.0,0.99903584,0.17773438,0.0048096757,-15.110771,-15.1217985,-3.8308427,1378.0282,1.9167486,7.3075154e-07,0.99903774,0.17089844,0.004791586,-14.996659,-15.007587,-3.8170834,6597.2476,7.487898,5.5271153e-06,0.023778400802612305,36507.5326230526,830000
23.57536,-0.20232406,-9.254742,0.47580832,1.0,0.99907017,0.23925781,0.0043262434,-15.835415,-15.847657,-3.31133,223.68872,1.1171186,2.6660955e-05,1.2273929,-1.9225981,16.731571,0.9990635,0.22363281,0.0043425956,-15.83125,-15.843464,-3.337626,1383.0614,2.7790549,7.178234e-05,29.19668,-0.21360257,-9.311081,0.48989326,1.0,0.99903584,0.15527344,0.004887306,-15.190108,-15.201172,-3.872472,822.16907,1.8512663,1.1137116e-06,0.9990349,0.15527344,0.0048900987,-15.085626,-15.096564,-3.8958242,120.18326,0.78419197,2.3259518e-06,0.023753753900527953,36626.30139398575,835000
27.667393,-0.21422946,-9.268442,0.4792335,1.0,0.9990692,0.24609375,0.0043415767,-15.998783,-16.011164,-3.3327808,270.10114,1.0845317,4.1448187e-05,1.8395938,-1.4086629,19.250145,0.99905777,0.22265625,0.004354916,-15.804732,-15.816907,-3.350153,216.08553,1.2216003,1.4742742e-05,28.251675,-0.25852174,-9.325459,0.4934876,1.0,0.99902916,0.16503906,0.0048580915,-15.48127,-15.492616,-3.8749645,7449.2935,4.4447994,1.4303614e-06,0.9990349,0.16601562,0.004856863,-15.32226,-15.333428,-3.8951182,128.93867,0.6205195,2.0325174e-06,0.023782872819900512,36745.215762615204,840000
22.92664,-0.19489384,-9.301022,0.4873781,1.0,0.99906445,0.24023438,0.00432867,-16.052532,-16.064966,-3.3337307,125.85107,0.9333819,2.8316297e-06,1.7382771,-1.274712,16.957426,0.9990616,0.22851562,0.0043376475,-15.84786,-15.86007,-3.3579543,81.81386,0.7122429,8.4995156e-07,23.923891,-0.25852266,-9.341213,0.49742633,1.0,0.999033,0.18261719,0.0047986433,-15.461697,-15.473115,-3.781149,221.7457,0.69308156,6.00617e-08,0.99903107,0.15917969,0.004788025,-15.319647,-15.330974,-3.7334657,163.01295,0.9858862,7.0208866e-06,0.023803349161148072,36864.232509851456,845000
23.797756,-0.21679023,-9.327912,0.4941011,1.0,0.99905396,0.2421875,0.0043432885,-15.932243,-15.944541,-3.35255,495.58694,1.1978441,8.996223e-06,1.540153,-1.9567704,18.486721,0.9990492,0.21582031,0.004382512,-15.725646,-15.737717,-3.3764806,1715.6069,2.73685,2.5631655e-06,28.049683,-0.24159701,-9.338894,0.49684662,1.0,0.9990425,0.1640625,0.004786664,-15.187998,-15.199102,-3.8284101,496.18686,0.92741793,9.458211e-06,0.9990368,0.15722656,0.004808297,-15.016095,-15.027018,-3.8429701,14377.236,14.80355,1.4817609e-06,0.023807535123825073,36983.27018904686,850000
19.623848,-0.25512567,-9.295013,0.48587626,1.0,0.9990635,0.24707031,0.0042810147,-15.837795,-15.85009,-3.258257,80.0897,0.75462884,2.7643644e-05,1.4749846,-1.3951321,13.89789,0.9990597,0.22363281,0.00430995,-15.59799,-15.610023,-3.2897887,273.89172,1.028621,6.3048275e-05,29.803024,-0.27739042,-9.310193,0.4896714,1.0,0.99902534,0.16503906,0.004830173,-15.318439,-15.329737,-3.759307,42669.414,23.982971,2.045896e-07,0.99901676,0.15625,0.004886048,-15.116152,-15.127277,-3.7345037,5783.165,13.947298,1.6137625e-05,0.023827590370178224,37102.4081428051,855000
20.530842,-0.21039927,-9.377882,0.50659347,1.0,0.999053,0.23535156,0.0043606274,-15.731382,-15.7435,-3.3355021,132.0614,0.68986297,3.4303084e-05,1.2750363,-1.6472759,19.140379,0.99903774,0.21582031,0.0043859687,-15.502602,-15.514464,-3.3676002,91.91629,0.6036377,4.7293805e-05,26.900639,-0.2410206,-9.296701,0.48629832,1.0,0.9990244,0.16113281,0.0048666275,-15.214784,-15.225957,-3.7836084,143739.39,93.53154,2.1160731e-06,0.99902916,0.16210938,0.0048893485,-15.040722,-15.0516615,-3.8495417,3011.6904,3.6402168,6.0501753e-07,0.02378892240524292,37221.35275888443,860000
26.11169,-0.22072412,-9.318381,0.4917183,1.0,0.9990778,0.2626953,0.004252948,-16.029549,-16.04206,-3.230043,251.50694,1.4043543,6.925228e-06,1.3572807,-1.0683188,18.75077,0.99906635,0.24609375,0.0042814063,-15.874124,-15.88646,-3.2536883,179.45718,1.4524721,4.9015e-06,24.978407,-0.23982747,-9.337003,0.4963738,1.0,0.9990244,0.16894531,0.0048650373,-15.37789,-15.389155,-3.851869,27225.266,14.247187,4.0120088e-07,0.99902534,0.15332031,0.0048683733,-15.143715,-15.154756,-3.8478832,773.1379,2.5587628,3.1503683e-07,0.028547307062149047,37364.089295864105,865000
25.3549,-0.20535703,-9.285748,0.48355997,1.0,0.9990635,0.25976562,0.0042617633,-16.16581,-16.178453,-3.2285147,286.6036,1.3696083,8.87806e-06,1.38037,-1.7817706,22.888546,0.99906063,0.2265625,0.0042774607,-15.986008,-15.998463,-3.2444344,149.30525,1.2293775,5.4512453e-05,33.314392,-0.23537168,-9.332585,0.49526906,1.0,0.999033,0.16113281,0.004879207,-15.618431,-15.629939,-3.845558,301.00507,1.5832286,1.8006606e-08,0.99902916,0.15039062,0.0049039936,-15.482525,-15.493902,-3.8434105,909.9379,3.9520311,6.3358385e-07,0.028636967420578002,37507.27413606644,870000
20.868744,-0.22491416,-9.29178,0.485068,1.0,0.9990597,0.24804688,0.004374668,-15.990461,-16.002766,-3.4045568,350.6879,0.7496,2.662279e-05,1.26191,-1.4641503,16.008244,0.99906063,0.22265625,0.004394863,-15.882308,-15.894485,-3.4245892,159.48082,0.77097845,3.397034e-05,25.578482,-0.31213886,-9.348382,0.49921852,1.0,0.99902916,0.1953125,0.0047659585,-15.551181,-15.56278,-3.6840641,1747.3982,2.7930045,1.2178223e-06,0.99902344,0.171875,0.0048087155,-15.472502,-15.484062,-3.6477854,2425.6926,9.298085,1.8344358e-06,0.027113639974594116,37642.84234046936,875000
21.591925,-0.21105325,-9.296785,0.48631915,1.0,0.999073,0.27246094,0.0042562718,-15.946066,-15.958487,-3.2389436,618.7161,1.4750912,1.8651579e-05,0.73255783,-0.64931875,11.27773,0.99906063,0.23828125,0.004319462,-15.7331295,-15.745257,-3.3271446,154.24265,1.138165,3.3250573e-05,27.702526,-0.28974712,-9.32112,0.49240288,1.0,0.99902916,0.16210938,0.0047793295,-15.306371,-15.317655,-3.7627544,27464.033,15.223154,8.142616e-06,0.9990244,0.14941406,0.0048003476,-15.089241,-15.100336,-3.7384818,501.63205,2.3553276,1.0655013e-05,0.023705347299575807,37761.36907863617,880000
23.2291,-0.23558892,-9.32793,0.49410555,1.0,0.99906826,0.24414062,0.0043673655,-16.100723,-16.113167,-3.3706214,175.71037,0.7592863,1.0096598e-05,1.2862064,-1.509781,20.921719,0.9990587,0.21484375,0.004369367,-15.977325,-15.989643,-3.3770187,112.068146,0.77699596,2.9781368e-06,26.261871,-0.23230371,-9.309324,0.48945415,1.0,0.9990349,0.14941406,0.0049193427,-15.246698,-15.257834,-3.853458,7900.1426,6.6674194,5.2954823e-09,0.9990349,0.13769531,0.004934464,-15.175589,-15.186654,-3.8552241,3420.2969,9.5629635,4.3645264e-06,0.02372329707145691,37879.985567092896,885000
23.651934,-0.2419819,-9.290287,0.48469454,1.0,0.9990692,0.2685547,0.0042624045,-16.07315,-16.085686,-3.2523088,216.01823,1.1185384,2.602225e-05,1.3524331,-2.843317,21.640797,0.99906635,0.2529297,0.004280022,-15.959712,-15.972114,-3.2728665,408.57043,1.4735944,5.4140044e-05,29.698364,-0.25048304,-9.332205,0.49517414,1.0,0.99902916,0.17089844,0.004855537,-15.3321295,-15.343403,-3.7998624,427.60236,1.5654178,3.7245995e-06,0.99902534,0.17675781,0.0048363963,-15.115534,-15.126646,-3.7480593,2110.0676,6.1909842,1.5032047e-06,0.02372303566932678,37998.60074687004,890000
20.934628,-0.24320275,-9.270409,0.47972512,1.0,0.99905777,0.2685547,0.004337445,-15.859272,-15.871506,-3.3445697,119.170334,0.77531284,6.62937e-06,0.96513253,-0.9077403,15.7012825,0.9990511,0.24511719,0.0043568085,-15.629911,-15.641919,-3.3454294,139.03316,0.8109447,5.202021e-05,19.997742,-0.27086115,-9.329277,0.49444205,1.0,0.9990387,0.16894531,0.0048556337,-15.291214,-15.302445,-3.8017821,4502.5376,7.833845,5.7096037e-07,0.9990282,0.16015625,0.004883869,-15.109316,-15.120346,-3.825001,1088.0546,3.0864797,4.954292e-07,0.019457195472717286,38095.886726379395,895000
22.681824,-0.24530175,-9.297651,0.48653573,1.0,0.99906635,0.27539062,0.0043055518,-15.994352,-16.006788,-3.2719893,613.64435,1.5553424,4.678802e-06,0.8086569,-0.99878716,13.618128,0.99906254,0.24511719,0.0043023373,-15.867665,-15.879983,-3.2657661,182.10704,1.3069834,4.468058e-06,24.698261,-0.26798666,-9.332842,0.4953333,1.0,0.99902153,0.17089844,0.0048149377,-15.3910885,-15.402466,-3.7525864,263.26486,0.92572045,1.6380424e-07,0.99902153,0.15625,0.0048419377,-15.285112,-15.296395,-3.741765,829.236,1.7425917,9.833439e-09,0.014384813833236695,38167.81079721451,900000
18.55558,-0.24437213,-9.289995,0.48462158,1.0,0.9990597,0.24707031,0.0043869587,-15.7534275,-15.76554,-3.3621073,542.0771,1.0993443,3.4036588e-05,1.0962871,-0.7921815,11.808043,0.9990549,0.23632812,0.0044188863,-15.587858,-15.5997715,-3.4003398,94.21195,0.6534862,3.293171e-05,19.84625,-0.22675131,-9.350931,0.49985582,1.0,0.9990425,0.18066406,0.004750397,-15.250969,-15.262196,-3.7662864,1056.6494,1.1240239,3.898299e-06,0.99903965,0.16992188,0.0047366414,-15.102102,-15.113202,-3.747581,741.71454,1.0935016,1.0015618e-05,0.25792728357315065,39457.44721746445,905000
23.95279,-0.2110604,-9.3136215,0.49052852,1.0,0.99906635,0.265625,0.00425379,-15.969907,-15.982328,-3.262128,818.036,1.3096726,4.467989e-06,1.3138434,-2.3782291,20.229143,0.99906254,0.23242188,0.004307284,-15.7593975,-15.771559,-3.3195834,125.78982,0.9157402,7.552928e-06,24.43967,-0.27731144,-9.295366,0.48596454,1.0,0.99902153,0.17675781,0.0049091056,-15.520213,-15.531618,-3.851489,8843.59,5.4102783,1.7093669e-08,0.99902534,0.15820312,0.0049058683,-15.305825,-15.31701,-3.8655753,433.543,1.1641726,9.831832e-08,0.023817820596694947,39576.53632211685,910000
21.122185,-0.23160261,-9.297098,0.48639748,1.0,0.9990692,0.24902344,0.00427997,-16.10099,-16.113514,-3.2879314,441.94464,1.0610516,1.9752206e-06,1.2567513,-0.88870424,16.590424,0.9990635,0.22753906,0.004300652,-15.906546,-15.9188795,-3.288693,149.73567,1.1006079,8.045362e-05,21.878887,-0.25669464,-9.364068,0.50313985,1.0,0.99902916,0.18066406,0.004767479,-15.362265,-15.37362,-3.745575,599.6145,1.2324419,9.352969e-06,0.9990225,0.15527344,0.0047987867,-15.289898,-15.301175,-3.752859,385.04422,1.5689003,2.0347768e-06,0.023816724395751953,39695.61994552612,915000
18.061062,-0.2504298,-9.27569,0.48104554,1.0,0.99905586,0.27441406,0.0042770705,-15.924326,-15.936722,-3.2436452,215.59654,0.99399424,2.0658887e-05,0.69675225,-1.0384403,12.952227,0.99905014,0.24902344,0.004271718,-15.719656,-15.731835,-3.2586217,216.49394,0.97851765,1.1456305e-05,26.874159,-0.22358778,-9.325989,0.49362022,1.0,0.99902916,0.17675781,0.0047184047,-15.529327,-15.540852,-3.7394557,12051.175,7.905316,4.6882906e-07,0.9990282,0.17285156,0.004727731,-15.355264,-15.366618,-3.7394884,76804.0,79.53071,1.989325e-08,0.023807364654541016,39814.65677142143,920000
26.563082,-0.19360782,-9.300274,0.4871916,1.0,0.999074,0.25878906,0.0042952388,-16.019436,-16.03191,-3.2574909,3778.3381,3.5687742,1.138698e-06,1.1263624,-1.4968246,20.707031,0.9990673,0.24121094,0.004288884,-15.939326,-15.951696,-3.2849402,488.57153,1.443861,1.6038985e-05,25.797852,-0.2558762,-9.335909,0.49610028,1.0,0.99902534,0.19335938,0.0048170732,-15.41741,-15.42883,-3.7341013,603.0709,2.0423443,1.3505754e-05,0.99902725,0.17382812,0.0048378995,-15.273657,-15.284929,-3.7431407,714.9811,2.937943,9.50263e-06,0.02380909914970398,39933.702268600464,925000
24.27369,-0.23648849,-9.254761,0.47581303,1.0,0.99906063,0.2548828,0.004295684,-15.962854,-15.975245,-3.2870135,57.19246,0.48703906,1.8888579e-05,1.2361641,-1.8846381,19.762787,0.9990549,0.21484375,0.004358787,-15.772621,-15.784771,-3.344048,39.410892,0.52136993,3.5367484e-05,24.781157,-0.264866,-9.375328,0.50595486,1.0,0.9990301,0.171875,0.0048198495,-15.420134,-15.431574,-3.7170694,23215.713,30.350164,2.1319708e-09,0.9990339,0.15527344,0.0048536793,-15.217533,-15.228773,-3.7191296,2061.5054,7.1254234,1.5060042e-06,0.023811519813537598,40052.75987005234,930000
19.240143,-0.22047456,-9.284491,0.48324555,1.0,0.9990711,0.24707031,0.0043290257,-15.934761,-15.947079,-3.3347294,128.67322,0.7236235,4.2898813e-05,1.0219791,-0.6472227,13.529205,0.99906445,0.23632812,0.004321443,-15.810427,-15.822643,-3.3129678,239.84018,1.3723431,2.8939585e-05,24.867378,-0.25793687,-9.323598,0.49302232,1.0,0.9990349,0.18066406,0.0048099086,-15.231756,-15.242978,-3.751586,243.78377,0.7912059,7.075709e-06,0.99903584,0.17089844,0.0048180535,-15.102182,-15.113262,-3.7676692,286.90005,0.96145123,5.8994506e-06,0.023794433498382568,40171.73203873634,935000
23.670742,-0.19801228,-9.2904215,0.48472822,1.0,0.9990797,0.24511719,0.004347213,-15.9366455,-15.948992,-3.3071952,822.8424,1.8172878,1.4463549e-05,1.1605384,-1.328057,18.162056,0.99906635,0.22753906,0.004353506,-15.727978,-15.740068,-3.3586926,150.95425,0.92495716,7.945005e-05,23.21202,-0.27669168,-9.323077,0.49289227,1.0,0.9990263,0.16992188,0.004811492,-15.389473,-15.400877,-3.722292,723.1639,1.8896757,1.0211711e-08,0.9990263,0.16210938,0.0048298966,-15.189365,-15.20058,-3.7168853,28187.086,29.346258,2.8822237e-06,0.02379911503791809,40290.72761774063,940000
19.293104,-0.24462362,-9.310114,0.48965138,1.0,0.9990673,0.25390625,0.0043489235,-16.017605,-16.03005,-3.284492,309.43082,1.5330615,3.556159e-05,0.89152855,-0.72482836,10.880533,0.9990549,0.22949219,0.0043927543,-15.820841,-15.833082,-3.2978692,216.1354,1.6000246,3.386014e-05,26.48148,-0.2510699,-9.314766,0.49081448,1.0,0.99902916,0.16503906,0.004883574,-15.47253,-15.483944,-3.7970579,2734.7947,3.146144,1.7052183e-06,0.99902725,0.15625,0.004921585,-15.282958,-15.294169,-3.8133945,939.00696,3.27255,5.6452245e-06,0.023824245166778564,40409.848845243454,945000
31.481657,-0.17366567,-9.308705,0.48929936,1.0,0.999073,0.27246094,0.0042452337,-16.199188,-16.211891,-3.2058702,388.43073,1.7777172,3.8126585e-05,0.8600186,-0.9755278,21.43375,0.99907684,0.2421875,0.0042918506,-16.028751,-16.041246,-3.2466557,420.05945,2.119308,2.1139826e-05,29.206099,-0.21472341,-9.33063,0.49478054,1.0,0.99903584,0.16113281,0.004818827,-15.232244,-15.243424,-3.794053,1491.6329,2.0257864,4.634968e-06,0.9990349,0.16210938,0.004830054,-15.11133,-15.122387,-3.8004642,278.93762,1.1691854,1.5362986e-05,0.023813055086135865,40528.91412305832,950000
23.619368,-0.17343917,-9.346991,0.4988707,1.0,0.999074,0.265625,0.0042875586,-16.08866,-16.10119,-3.2679768,639.9018,1.3926721,9.586051e-06,1.3235149,-1.0588797,17.334137,0.99906254,0.24609375,0.0043220697,-15.788949,-15.801136,-3.3220196,131.6797,1.0834523,7.709774e-06,27.689571,-0.23689577,-9.323149,0.49291015,1.0,0.9990406,0.17773438,0.004759322,-15.505413,-15.516915,-3.7390885,859.34735,1.572241,7.6878024e-07,0.9990282,0.16210938,0.0047917226,-15.241615,-15.2528715,-3.7258766,1060.6241,3.5243993,8.125325e-08,0.023769771337509155,40647.76298165321,955000
23.13649,-0.21892107,-9.290606,0.48477444,1.0,0.99907494,0.2783203,0.0041584466,-16.056387,-16.069029,-3.1237798,191.65489,1.1164262,7.4769678e-06,1.3253331,-1.0383182,19.16966,0.9990711,0.24511719,0.0041954527,-15.890484,-15.90293,-3.1588068,307.9433,0.91927576,3.0625466e-05,22.540224,-0.27789748,-9.335217,0.49592727,1.0,0.9990454,0.17578125,0.004771148,-15.507212,-15.518697,-3.7570236,798.9795,1.3164281,1.1066425e-06,0.9990406,0.17285156,0.0047760354,-15.253274,-15.2645035,-3.766374,57.121864,0.6261922,3.116669e-05,0.023796067190170286,40766.74331903458,960000
28.464357,-0.15611838,-9.302942,0.48785853,1.0,0.9990654,0.25,0.0043189377,-15.841762,-15.854042,-3.2789814,208.40181,0.94235784,8.425691e-06,1.4491249,-1.2673283,23.014572,0.9990587,0.2265625,0.0043519316,-15.685386,-15.697465,-3.3282256,175.7796,0.87454903,1.8573992e-05,27.07037,-0.2275053,-9.371315,0.5049516,1.0,0.99903774,0.16113281,0.0049281367,-15.285042,-15.29618,-3.8908389,163.99695,0.7425037,5.6816706e-08,0.99903965,0.15625,0.004943436,-15.13982,-15.150802,-3.9058723,258.90158,0.8011267,7.5452346e-07,0.02379822883605957,40885.73446440697,965000
21.194244,-0.20689406,-9.294912,0.4858511,1.0,0.9990692,0.2548828,0.004357452,-15.942308,-15.954628,-3.33975,702.7912,1.0287778,5.1033244e-06,0.87921655,-0.8106885,15.436965,0.9990568,0.23535156,0.0043758946,-15.868565,-15.88078,-3.3726857,199.78279,1.1340464,1.297842e-06,30.09391,-0.22734478,-9.313532,0.4905058,1.0,0.99902916,0.16699219,0.0047975425,-15.363322,-15.3746605,-3.764585,458.95822,1.0783302,6.2694367e-06,0.9990263,0.14355469,0.0048005814,-15.326466,-15.337736,-3.7969837,9141.648,9.522901,1.4015772e-05,0.023786116456985473,41004.66504788399,970000
21.71516,-0.23296915,-9.312777,0.49031734,1.0,0.9990711,0.2548828,0.0043439195,-16.18821,-16.200758,-3.3519034,159.55385,0.8914268,1.5801652e-05,1.0073273,-1.9470578,16.813084,0.9990692,0.21972656,0.0043518394,-16.069683,-16.082092,-3.3738294,197.23055,0.99060357,9.026301e-06,29.115223,-0.24794014,-9.32386,0.4930879,1.0,0.9990263,0.17578125,0.004815453,-15.551305,-15.562905,-3.6839833,11003.391,7.1307178,1.1368913e-06,0.99902344,0.17089844,0.0048235236,-15.381302,-15.392683,-3.7368445,790.73975,2.4156892,1.1214846e-06,0.023811669921875,41123.72339940071,975000
23.147476,-0.22675109,-9.286516,0.48375195,1.0,0.99906826,0.27148438,0.0042863935,-16.090786,-16.103289,-3.300979,224.92215,1.1695442,5.2616265e-06,0.7593907,-1.0756711,16.817959,0.99906063,0.2421875,0.0042818175,-16.071228,-16.083727,-3.2867517,611.60034,2.0325232,2.5446563e-05,25.739115,-0.21583398,-9.308972,0.48936623,1.0,0.9990463,0.16796875,0.0048487303,-15.434021,-15.445314,-3.8803494,4018.7954,4.211436,5.071352e-08,0.99903965,0.16699219,0.004861198,-15.319437,-15.330628,-3.8707252,335.73666,1.1209164,5.468993e-08,0.023819209575653075,41242.819449424744,980000
25.391449,-0.19852363,-9.3230715,0.49289086,1.0,0.99906635,0.25976562,0.0043158885,-16.0658,-16.078232,-3.3480005,266.53168,0.7102505,6.9180054e-08,1.4342184,-1.7090693,21.891582,0.9990597,0.23339844,0.0043195477,-15.733592,-15.745701,-3.347519,89.684235,0.66458195,4.075148e-06,29.551674,-0.21086797,-9.323843,0.49308383,1.0,0.999032,0.18359375,0.004791986,-15.239506,-15.250667,-3.820972,1458.4236,2.1408587,4.8343576e-08,0.99902534,0.15625,0.0047859526,-15.015659,-15.026616,-3.8063574,469.48868,0.9171059,1.2516215e-05,0.023804709482192994,41361.84300136566,985000
18.47293,-0.2631685,-9.2714,0.479973,1.0,0.9990673,0.265625,0.0042506307,-15.951338,-15.963792,-3.2119203,178.84732,1.0410748,6.1158215e-05,1.1626863,-1.3222629,20.137756,0.9990692,0.24804688,0.0042835707,-15.717568,-15.729737,-3.2679687,112.233185,0.87978315,4.1856416e-05,29.822376,-0.21163961,-9.32428,0.4931929,1.0,0.9990349,0.16015625,0.0048532765,-15.300951,-15.312188,-3.8055792,760.08514,1.1659789,1.9707707e-06,0.99902534,0.140625,0.0048771314,-15.121772,-15.132803,-3.8371358,1139.029,2.1878285,6.006434e-06,0.023825582027435302,41480.97091269493,990000
18.371891,-0.2150554,-9.295224,0.4859289,1.0,0.99905586,0.2529297,0.0042549707,-16.048523,-16.061058,-3.2240014,466.3314,1.0961549,2.8646748e-06,0.8405314,-0.8207837,11.66718,0.9990549,0.2265625,0.004247372,-15.805168,-15.817466,-3.226344,183.55772,1.2552311,2.7475566e-05,28.222767,-0.23204309,-9.338924,0.4968542,1.0,0.99902916,0.1953125,0.0047456985,-15.575783,-15.587401,-3.6901722,979.40125,1.476185,2.0663438e-07,0.9990263,0.1796875,0.004740955,-15.335477,-15.3468485,-3.702734,201.25583,0.91197,4.7321006e-07,0.02381556649208069,41600.04874634743,995000
23.514656,-0.18515588,-9.268121,0.47915322,1.0,0.99907684,0.28808594,0.0041398006,-16.173473,-16.186275,-3.0768166,317.43436,1.4785893,2.5372121e-05,1.7093762,-1.2678638,17.390232,0.999074,0.2529297,0.004172243,-16.039185,-16.051796,-3.1391892,182.42236,1.0712016,1.1228625e-05,24.548376,-0.23751515,-9.364548,0.5032598,1.0,0.9990349,0.17382812,0.004832223,-15.23348,-15.2446165,-3.841968,160.00084,0.6045893,6.5172614e-08,0.999032,0.17382812,0.0048288777,-15.168215,-15.179317,-3.8106465,236.86395,1.208299,9.5142e-06,0.028736914157867433,41743.73331832886,1000000
