training/actor/actor_loss,training/actor/adv,training/actor/bc_log_prob,training/actor/mse,training/actor/std,training/critic/binary_accuracy,training/critic/categorical_accuracy,training/critic/contrastive_loss,training/critic/logits,training/critic/logits_neg,training/critic/logits_pos,training/critic/v_max,training/critic/v_mean,training/critic/v_min,training/grad/max,training/grad/min,training/grad/norm,training/value/binary_accuracy,training/value/categorical_accuracy,training/value/contrastive_loss,training/value/logits,training/value/logits_neg,training/value/logits_pos,training/value/v_max,training/value/v_mean,training/value/v_min,validation/actor/actor_loss,validation/actor/adv,validation/actor/bc_log_prob,validation/actor/mse,validation/actor/std,validation/critic/binary_accuracy,validation/critic/categorical_accuracy,validation/critic/contrastive_loss,validation/critic/logits,validation/critic/logits_neg,validation/critic/logits_pos,validation/critic/v_max,validation/critic/v_mean,validation/critic/v_min,validation/value/binary_accuracy,validation/value/categorical_accuracy,validation/value/contrastive_loss,validation/value/logits,validation/value/logits_neg,validation/value/logits_pos,validation/value/v_max,validation/value/v_mean,validation/value/v_min,time/epoch_time,time/total_time,step
51.193176,-1.3267791,-9.736827,0.5963298,1.0,0.5113478,0.0029296875,0.7950291,-0.03475746,-0.0346158,-0.17967737,33.12856,1.4283719,0.00989572,2.8878345,-2.340222,120.876785,0.37558556,0.0,0.9557955,0.29843807,0.29819664,0.5454386,25.638456,2.6703558,0.12495429,40.72544,-1.0049857,-9.694954,0.5858613,1.0,0.98086166,0.0,0.081741914,-5.1198683,-5.11935,-5.649837,6.645029,0.115402386,8.862622e-06,0.9851694,0.0,0.05726085,-4.9244394,-4.9242215,-5.147482,4.1027474,0.08822259,7.351938e-05,0.012889296770095825,64.44648575782776,1
10.922905,-0.30944103,-9.131932,0.44510597,1.0,0.99902344,0.08300781,0.0053139394,-15.639313,-15.65024,-4.4599667,4.749565,0.033284843,1.69569e-07,0.78606826,-0.4579465,9.712432,0.9990244,0.08105469,0.0053165643,-15.563202,-15.57416,-4.3539896,13.431412,0.050062813,5.5876985e-08,11.470053,-0.26416525,-9.1625805,0.45276797,1.0,0.99902534,0.07324219,0.0053479862,-15.434488,-15.445202,-4.472932,7.1023,0.034762524,6.518542e-08,0.9990244,0.061523438,0.00536895,-15.436354,-15.447123,-4.419758,13.377009,0.048630998,5.7045067e-08,0.24726905946731567,1300.791784286499,5000
17.880455,-0.13248436,-9.129282,0.4444434,1.0,0.9990368,0.15722656,0.0048414096,-13.696932,-13.706444,-3.966034,12.590059,0.11582792,9.856494e-06,0.42466423,-0.2814258,7.1791406,0.9990349,0.140625,0.004884565,-13.621911,-13.631313,-4.0033894,15.340888,0.12728503,1.259199e-05,18.101494,-0.12797087,-9.134781,0.44581798,1.0,0.9990368,0.13867188,0.004978241,-13.567074,-13.576365,-4.062052,12.230536,0.094000936,3.303419e-07,0.9990263,0.13769531,0.0050346805,-13.51035,-13.519547,-4.101671,9.6978,0.10393816,5.778885e-07,0.25937788405418394,2597.681206226349,10000
20.460545,-0.13882732,-9.087364,0.4339638,1.0,0.99903965,0.15332031,0.0047832434,-12.86607,-12.874844,-3.8913507,10.447342,0.10097191,5.446524e-06,0.2947629,-0.19838974,6.0096836,0.9990387,0.13085938,0.004864618,-12.603233,-12.6117115,-3.930658,20.311047,0.09636667,1.9442314e-05,25.904285,-0.10559309,-9.091774,0.43506655,1.0,0.9990349,0.15234375,0.0048136497,-13.08251,-13.091444,-3.9431038,24.175482,0.14874452,1.38092855e-05,0.9990339,0.13476562,0.0048937877,-12.843289,-12.851936,-3.9980044,47.882637,0.14910214,2.4557778e-05,0.13581282639503478,3276.745339870453,15000
35.193695,-0.073865525,-9.078372,0.43171597,1.0,0.9990425,0.16210938,0.004606493,-12.875735,-12.884752,-3.6520228,20.24479,0.16190454,1.3614434e-05,0.5999345,-0.8105105,18.479877,0.9990454,0.15625,0.0047001503,-12.643618,-12.652276,-3.7860484,9.892423,0.13765714,1.176107e-05,30.26207,-0.071390085,-9.0554085,0.425975,1.0,0.999032,0.12890625,0.0047432603,-12.847691,-12.85659,-3.7432194,14.742963,0.15492773,2.1040205e-05,0.99903107,0.123046875,0.0047940984,-12.59392,-12.60249,-3.8254478,18.574472,0.17511706,3.6006553e-05,0.009069716501235963,3322.0939276218414,20000
32.539513,-0.10396049,-9.044832,0.42333114,1.0,0.99905205,0.17871094,0.0045558424,-13.121957,-13.131258,-3.6069858,81.37817,0.34074128,5.931692e-06,0.5217821,-0.58382964,15.029947,0.9990511,0.16210938,0.004608943,-12.939216,-12.948253,-3.6938338,64.51482,0.37805405,1.2390741e-05,42.694786,-0.056449566,-9.023685,0.41804427,1.0,0.99902153,0.17578125,0.004627675,-13.006216,-13.01542,-3.5899186,47.434856,0.29713038,2.2172293e-05,0.9990196,0.15136719,0.004711927,-12.874624,-12.883555,-3.7378736,30.650528,0.24617897,1.3908769e-05,0.16493786554336548,4146.78325676918,25000
33.490143,-0.10471238,-9.031284,0.41994414,1.0,0.9990444,0.17871094,0.004458309,-13.149988,-13.159501,-3.4179416,27.360592,0.28859895,9.49944e-06,0.8450976,-0.8959685,16.613974,0.9990454,0.17871094,0.004508282,-12.858214,-12.867358,-3.5041063,49.137493,0.3422225,3.3182212e-05,30.820732,-0.15061136,-9.067892,0.42909616,1.0,0.9990368,0.17675781,0.004651566,-12.939697,-12.948939,-3.485714,100.797585,0.5440066,3.5775476e-05,0.9990349,0.17089844,0.004716957,-12.642044,-12.650954,-3.5282407,389.31058,0.99047625,2.1352227e-05,0.009046413087844849,4192.015323638916,30000
39.414078,-0.12326935,-9.027662,0.41903865,1.0,0.99904823,0.19140625,0.004436694,-13.51308,-13.522865,-3.5028336,64.213524,0.39582613,2.0813452e-05,0.73713887,-0.7072904,16.131483,0.9990473,0.19042969,0.0045168567,-13.181276,-13.190631,-3.6125565,25.93258,0.35297805,9.2853e-06,40.63452,-0.09289968,-9.036096,0.421147,1.0,0.99903584,0.17089844,0.0046306606,-13.323,-13.332417,-3.6891096,33.098953,0.2330049,1.1182956e-06,0.9990339,0.15722656,0.004709157,-13.017066,-13.026091,-3.784459,26.138594,0.22231823,1.8684908e-05,0.15954735455513,4989.752099752426,35000
25.317417,-0.16543663,-9.0228195,0.41782802,1.0,0.9990473,0.19433594,0.004485742,-13.394833,-13.404537,-3.4673605,36.401943,0.28551236,8.548653e-06,0.72014177,-0.6599746,10.052862,0.99904346,0.18457031,0.004547897,-13.149194,-13.158612,-3.5126138,95.42486,0.36554912,9.4572015e-06,27.540083,-0.15036047,-9.030633,0.41978127,1.0,0.99904156,0.17089844,0.004642916,-13.421645,-13.431179,-3.6696377,218.43217,0.5407961,5.442993e-06,0.9990339,0.15820312,0.0047149276,-13.198005,-13.207239,-3.7508473,90.97218,0.31185487,1.6452262e-06,0.00897144742012024,5034.609338283539,40000
31.904144,-0.1383557,-9.050835,0.42483178,1.0,0.9990511,0.19335938,0.0044193333,-13.651413,-13.661384,-3.450901,190.17285,0.82696533,3.2631433e-05,0.7024835,-0.67432487,15.519738,0.9990463,0.17382812,0.0044962126,-13.394006,-13.403651,-3.5268068,169.67451,0.66845095,7.9614794e-05,34.223656,-0.15554343,-9.051816,0.42507705,1.0,0.99902916,0.1796875,0.0045885947,-13.541534,-13.55131,-3.5421731,183.27367,0.7991816,4.440527e-06,0.9990282,0.15625,0.004620664,-13.311492,-13.321008,-3.5779598,600.6825,1.218576,1.4682744e-05,0.160820498418808,5838.711833715439,45000
35.246788,-0.09633999,-9.041351,0.4224608,1.0,0.9990473,0.20410156,0.004366479,-13.717302,-13.727366,-3.421784,71.242935,0.4381359,2.7015953e-05,0.8583079,-0.73103917,15.030942,0.9990406,0.16894531,0.004443979,-13.427413,-13.437069,-3.549417,58.85765,0.44711068,3.938402e-06,34.97686,-0.15148473,-9.045149,0.42341012,1.0,0.99900913,0.16113281,0.0046226396,-13.676196,-13.686031,-3.6143622,97.42998,0.3649466,1.107194e-05,0.9990072,0.15234375,0.0046643335,-13.338589,-13.348076,-3.6322875,72.51023,0.43294895,9.146285e-05,0.008962584114074707,5883.524756908417,50000
23.791477,-0.20734413,-9.015135,0.41590685,1.0,0.9990463,0.20703125,0.0043786634,-13.672314,-13.682455,-3.297728,193.57925,0.95899725,6.729408e-06,0.7442702,-1.3437707,14.701226,0.9990492,0.19921875,0.0044250097,-13.469836,-13.479728,-3.3513618,102.01469,0.7460729,1.840814e-05,30.558277,-0.14257652,-9.02472,0.41830313,1.0,0.99902153,0.19726562,0.0045607327,-13.686697,-13.696689,-3.4639785,340.0989,0.9528122,7.8389485e-06,0.9990158,0.17773438,0.004582745,-13.479344,-13.489079,-3.520455,126.50436,0.6715462,3.5844616e-06,0.15275234456062317,6647.286482810974,55000
34.313328,-0.15086535,-9.060576,0.42726701,1.0,0.999053,0.1953125,0.004394659,-13.863983,-13.874198,-3.4142876,55.61133,0.46467665,2.6854816e-05,0.645219,-0.6489227,14.937767,0.99905586,0.16796875,0.0044523524,-13.636158,-13.646062,-3.50555,146.20004,0.56471825,2.5414938e-05,41.148636,-0.16731945,-9.020544,0.41725913,1.0,0.9990301,0.18945312,0.004531447,-13.784861,-13.794878,-3.536756,616.69293,1.0925559,2.0392983e-05,0.99903584,0.17578125,0.0046043415,-13.594271,-13.604013,-3.6267967,109.615166,0.45214456,3.531403e-05,0.008958755588531495,6692.080262184143,60000
25.779442,-0.22930998,-9.021496,0.4174968,1.0,0.9990549,0.203125,0.004359019,-14.073111,-14.083564,-3.3801384,102.303314,0.75413895,1.4053623e-05,0.7404934,-1.0033696,14.902266,0.9990597,0.19238281,0.004429409,-13.785551,-13.795651,-3.4532804,89.48346,0.6702852,4.175493e-06,33.31838,-0.20132461,-8.9998045,0.41207397,1.0,0.999033,0.17773438,0.004533183,-14.042375,-14.052642,-3.5387487,74.98617,0.3196875,9.831129e-06,0.99903584,0.17578125,0.0045708623,-13.777597,-13.787558,-3.5886896,46.025192,0.3548418,1.5466447e-05,0.008970439910888672,6736.932463169098,65000
34.087128,-0.16606623,-9.039768,0.42206487,1.0,0.9990587,0.22558594,0.0042516626,-14.083763,-14.094348,-3.2562833,121.49295,0.5646887,4.055778e-06,1.1377302,-0.8058865,15.97785,0.99905396,0.203125,0.004323012,-13.780146,-13.790368,-3.3222618,100.50525,0.57690257,1.184764e-05,32.573856,-0.21521154,-9.0293665,0.4194646,1.0,0.9990072,0.17089844,0.00461316,-13.939318,-13.949533,-3.4877145,258.7858,0.7483044,2.2754184e-05,0.9990196,0.17578125,0.004613163,-13.605881,-13.615762,-3.4978814,74.531876,0.5498907,5.965002e-06,0.012733503675460816,6800.599982976913,70000
25.9096,-0.21021912,-9.015112,0.41590086,1.0,0.9990568,0.203125,0.004358626,-14.095568,-14.106007,-3.4170792,205.55315,0.7136109,1.558701e-05,0.4551852,-0.58698004,11.274263,0.99905014,0.17578125,0.0044235857,-13.883587,-13.893739,-3.4973905,88.43045,0.63199776,7.673732e-05,42.489204,-0.14618418,-9.009534,0.41450632,1.0,0.9990406,0.17480469,0.004612754,-13.821242,-13.831214,-3.6209254,220.8909,0.70451486,1.5205164e-06,0.999032,0.15429688,0.004705035,-13.580711,-13.590362,-3.7097356,188.27301,0.76669973,4.73989e-06,0.014078972482681274,6870.994846582413,75000
33.747772,-0.20638917,-9.031719,0.4200529,1.0,0.9990635,0.23730469,0.0041959784,-14.597179,-14.608346,-3.173815,80.498024,0.62005186,5.484765e-05,1.3519218,-0.88174915,17.36821,0.99907017,0.21777344,0.004255709,-14.139578,-14.150225,-3.2470222,70.90947,0.6790856,3.411445e-05,33.951378,-0.19066408,-8.996396,0.41122192,1.0,0.99903774,0.17089844,0.0045778644,-13.974836,-13.984993,-3.5857077,155.00658,0.5560509,2.116405e-05,0.99903107,0.18164062,0.0046286327,-13.632151,-13.641902,-3.6545086,598.97156,0.9533838,3.1214076e-05,0.2130359035015106,7936.174365520477,80000
44.537506,-0.13532214,-9.029219,0.4194277,1.0,0.9990568,0.20703125,0.0042793015,-14.4301,-14.440968,-3.3127725,249.87929,0.66759455,4.239769e-05,1.3730321,-1.0200157,21.397469,0.9990635,0.19433594,0.0043463716,-14.222979,-14.233533,-3.4258657,133.34027,0.5581238,8.4690764e-05,42.603443,-0.19012585,-9.009722,0.41455373,1.0,0.9990263,0.17871094,0.004575127,-14.022941,-14.033167,-3.5621133,93.34609,0.4473457,4.434509e-06,0.99902916,0.16503906,0.0046013445,-13.79846,-13.808414,-3.6164837,109.282036,0.46233863,1.0077214e-05,0.008958982372283935,7980.969278335571,85000
41.57026,-0.1748653,-8.98985,0.40958536,1.0,0.9990597,0.21484375,0.0042700875,-14.4004135,-14.411267,-3.2977667,164.64925,0.6733571,2.0265752e-06,0.8070984,-1.2134738,18.915804,0.9990568,0.1953125,0.00435883,-14.160028,-14.170583,-3.3633838,107.25887,0.78604865,2.6288297e-05,40.89795,-0.14589243,-9.014992,0.41587076,1.0,0.99903107,0.17089844,0.0046511875,-14.099916,-14.110166,-3.614224,309.03934,0.96591717,4.4997482e-06,0.9990196,0.15429688,0.0046837237,-13.933506,-13.943505,-3.7040925,203.01845,0.66944265,7.389005e-06,0.00894665002822876,8025.702530145645,90000
30.739893,-0.18062282,-8.973079,0.4053925,1.0,0.99905396,0.20019531,0.0043478757,-14.368921,-14.379681,-3.3622904,561.03345,0.9032398,7.177495e-05,0.53542674,-0.58571184,13.457489,0.99905014,0.19726562,0.004371867,-14.05225,-14.062658,-3.4034677,400.54953,0.98658544,8.660718e-05,41.355698,-0.16194159,-8.969563,0.40451366,1.0,0.99903107,0.17089844,0.0045121554,-14.227932,-14.2384405,-3.4779162,535.2515,1.3423668,4.0104555e-07,0.99902916,0.16308594,0.004548682,-13.93757,-13.947719,-3.5546489,225.0394,1.0315441,2.9053335e-06,0.008938251781463622,8070.393790483475,95000
34.350212,-0.21139476,-9.024294,0.41819656,1.0,0.99905586,0.21582031,0.0043201083,-14.399044,-14.409837,-3.3581548,91.73292,0.55200374,9.57013e-06,0.7055899,-0.7110174,15.166176,0.99904346,0.18847656,0.004408859,-14.067449,-14.077852,-3.425213,52.08123,0.46542755,2.892976e-05,36.764763,-0.18307576,-9.0168915,0.41634586,1.0,0.999033,0.17773438,0.0045155454,-14.310017,-14.320536,-3.549393,110.74314,0.564159,1.588813e-05,0.999032,0.15917969,0.0045972504,-14.036888,-14.04707,-3.6225758,82.50052,0.5597972,6.3650965e-05,0.008960290479660035,8115.195244073868,100000
40.68614,-0.17768928,-8.983787,0.40806967,1.0,0.9990473,0.19921875,0.0043616965,-14.371471,-14.382201,-3.393986,232.16333,0.62589777,1.3307949e-05,0.98746634,-1.1153691,21.108837,0.99904823,0.1953125,0.004403401,-14.029024,-14.039372,-3.4425745,41.525604,0.52894807,1.2122753e-06,41.786922,-0.16413015,-9.014795,0.4158218,1.0,0.99903107,0.18554688,0.004573838,-14.250677,-14.261121,-3.566521,649.05054,1.2360339,4.3539667e-06,0.9990301,0.16210938,0.004650899,-13.902073,-13.912086,-3.6593084,337.46432,0.73535097,5.881284e-06,0.22563493099212648,9243.369902133942,105000
34.802494,-0.19931579,-9.03314,0.42040777,1.0,0.99905205,0.22753906,0.0043398524,-14.325401,-14.336118,-3.3620338,1160.82,1.412981,1.4343981e-06,1.1750925,-0.7063693,17.785528,0.9990511,0.21875,0.0044235513,-14.023943,-14.034282,-3.4473205,249.24478,1.0217358,1.4297388e-05,42.8075,-0.1833803,-8.998714,0.41180184,1.0,0.99902344,0.16992188,0.004672041,-14.402689,-14.41319,-3.6602278,213.80138,0.931418,2.382054e-05,0.99903107,0.16015625,0.0047076372,-14.091902,-14.102028,-3.733274,122.41646,0.7023102,2.6472508e-05,0.008961272287368774,9288.176265478134,110000
39.32939,-0.19105904,-9.02943,0.4194806,1.0,0.99905205,0.22363281,0.004290877,-14.2357,-14.246413,-3.2756186,150.341,0.59701455,4.700555e-06,0.77577806,-0.8901805,17.764797,0.9990511,0.1953125,0.0043382356,-14.0161295,-14.026547,-3.3584704,61.97682,0.46827704,1.8303685e-05,32.702194,-0.24806681,-8.995354,0.4109612,1.0,0.9990282,0.18945312,0.004543647,-14.486635,-14.497355,-3.5205493,767.6613,1.662863,4.0987793e-06,0.9990206,0.17480469,0.004602356,-14.197676,-14.208076,-3.559399,342.99805,1.4325376,3.3838252e-05,0.008961229324340821,9332.98241353035,115000
33.141357,-0.2719863,-9.006999,0.41387272,1.0,0.999053,0.23144531,0.004301999,-14.45041,-14.461292,-3.3181987,93.972946,0.4627332,2.7815244e-05,1.3925056,-1.0162045,18.94499,0.9990454,0.20898438,0.0043424102,-14.185431,-14.1960335,-3.33965,67.73919,0.4682118,1.0384336e-05,37.8126,-0.22717473,-8.982677,0.4077922,1.0,0.9990244,0.17578125,0.00462028,-14.261731,-14.272185,-3.5671663,388.02472,1.1352048,1.0251806e-06,0.99903107,0.16894531,0.004654763,-13.955486,-13.965592,-3.6165402,301.41687,0.9402654,1.4313644e-06,0.008962314558029174,9377.793987751007,120000
36.284996,-0.19556955,-9.016674,0.4162916,1.0,0.99905014,0.24023438,0.0041810106,-14.618173,-14.629314,-3.2204204,220.4971,0.8310299,0.00014182656,0.9581066,-0.7992008,17.293884,0.9990473,0.21875,0.0042256084,-14.2988615,-14.309656,-3.256367,162.54265,0.8406025,4.033881e-05,46.109657,-0.19188699,-9.047497,0.42399698,1.0,0.9990196,0.18066406,0.0046038264,-14.614085,-14.624939,-3.5103164,516.1242,1.3598287,1.1657254e-05,0.9990196,0.17675781,0.004629507,-14.315655,-14.326174,-3.5541472,97.56652,0.7411226,3.1232e-05,0.008961653709411621,9422.602257728577,125000
37.474655,-0.20309582,-8.960894,0.40234628,1.0,0.9990635,0.23144531,0.004176815,-14.856371,-14.867764,-3.2017055,77.82908,0.5747665,1.0986783e-05,0.97936547,-0.7796226,16.114277,0.9990597,0.22851562,0.0042351615,-14.543024,-14.554057,-3.256524,322.75226,0.8743665,1.1070905e-05,43.52188,-0.2152189,-9.034039,0.42063266,1.0,0.99903107,0.19921875,0.0045627463,-14.549258,-14.559993,-3.567098,200.79323,0.50380766,5.962989e-06,0.99902916,0.17089844,0.0045946417,-14.257926,-14.26833,-3.6155744,83.99843,0.44048196,5.877437e-06,0.00896190824508667,9467.411802053452,130000
32.364723,-0.2603498,-8.990346,0.40970948,1.0,0.99906254,0.22851562,0.0042162137,-14.781651,-14.7929325,-3.2395825,804.2253,1.4084113,3.8261504e-05,1.1222785,-1.0312736,18.496326,0.9990673,0.22070312,0.004243189,-14.504236,-14.515213,-3.2763038,192.57556,1.1097839,2.4759102e-05,38.55856,-0.23809886,-9.024644,0.41828388,1.0,0.999033,0.19042969,0.004561817,-14.697193,-14.70808,-3.5591908,472.81256,1.1635015,6.394255e-06,0.99902725,0.18457031,0.0045975237,-14.394839,-14.405412,-3.578505,126.9088,0.7992059,2.5468828e-05,0.00896144232749939,9512.21901679039,135000
41.78653,-0.18839176,-9.017462,0.41648835,1.0,0.999053,0.25,0.0041949297,-14.64493,-14.656086,-3.2332587,131.59622,0.6362344,5.651845e-06,1.4235129,-1.1346049,21.04258,0.999053,0.20800781,0.004247978,-14.413685,-14.424533,-3.316869,125.00544,0.7372705,7.537313e-06,39.042908,-0.22672653,-9.050726,0.42480454,1.0,0.99902916,0.18066406,0.0046426468,-14.4415245,-14.452082,-3.6427417,80.805504,0.35949042,1.967731e-05,0.9990206,0.15625,0.004684831,-14.257635,-14.267963,-3.6920347,108.01675,0.4621415,3.6697464e-05,0.008960918807983399,9557.0236120224,140000
34.473244,-0.22888741,-9.022848,0.417835,1.0,0.99906063,0.2421875,0.0041960934,-14.839384,-14.850765,-3.1962397,204.95876,1.0406744,5.4287917e-05,1.1486758,-0.78149545,19.185837,0.99905777,0.21484375,0.00423574,-14.460157,-14.471114,-3.2516577,156.39165,0.8137054,7.0266105e-05,50.317635,-0.13883212,-8.977632,0.406531,1.0,0.9990225,0.19824219,0.004510509,-14.799561,-14.8107195,-3.3842804,392.5219,1.6548625,1.0734589e-05,0.9990206,0.17382812,0.00455093,-14.456774,-14.467502,-3.4828093,93.152054,0.7457604,4.1689735e-05,0.011241658544540406,9613.231908082962,145000
39.422935,-0.2133009,-9.038433,0.4217314,1.0,0.99905586,0.22265625,0.0041799485,-14.746979,-14.758282,-3.1829982,622.4827,1.275631,2.7365657e-05,1.0497384,-0.8504295,18.744997,0.9990511,0.21875,0.0042491388,-14.42313,-14.434034,-3.267405,146.58969,0.88742536,4.1269555e-05,43.025707,-0.24871156,-9.002354,0.41271147,1.0,0.99902344,0.18164062,0.0045428677,-14.711306,-14.72222,-3.5466566,602.8984,1.0669878,6.9188245e-06,0.9990263,0.15234375,0.0045986054,-14.410435,-14.420987,-3.6159887,159.14278,0.59865415,7.142694e-06,0.015441491556167603,9690.439367294312,150000
43.74279,-0.17352545,-9.040489,0.4222452,1.0,0.9990597,0.23144531,0.0041881725,-14.756217,-14.7675295,-3.1841073,329.11514,1.2994993,1.7616589e-05,1.1907597,-1.2105176,19.79093,0.99905777,0.22363281,0.0042614145,-14.470446,-14.481384,-3.2801123,93.970345,0.725454,2.5474486e-05,49.49718,-0.16565254,-9.007923,0.4141037,1.0,0.99903774,0.21972656,0.004426036,-14.747032,-14.758141,-3.382546,278.97098,0.95894283,1.3770818e-05,0.9990349,0.18066406,0.0044824365,-14.446636,-14.45739,-3.4458413,748.97363,1.5737103,7.1722848e-06,0.3376602192401886,11378.740467071533,155000
37.583454,-0.19894156,-9.014813,0.41582632,1.0,0.9990568,0.22070312,0.0042232173,-14.912261,-14.923637,-3.2740586,240.85837,1.0280209,2.9033322e-07,0.8251474,-0.6872653,16.312141,0.9990549,0.19433594,0.0042829798,-14.621967,-14.633001,-3.33398,253.28865,1.0696753,5.013094e-05,41.06546,-0.23886591,-9.001208,0.41242498,1.0,0.9990339,0.20605469,0.0045529576,-14.732948,-14.743866,-3.5648522,195.02367,0.7739824,3.0332618e-05,0.9990339,0.18554688,0.0045925267,-14.443386,-14.454011,-3.5746632,935.78156,1.8703618,2.6635389e-05,0.008974370145797729,11423.6123213768,160000
37.095165,-0.20066777,-8.99099,0.40987027,1.0,0.99906635,0.22363281,0.0041858,-14.858988,-14.870402,-3.1818419,497.4085,1.1683321,1.0615072e-05,1.2072561,-1.6763159,18.855036,0.9990635,0.21679688,0.0042315023,-14.592744,-14.603835,-3.2459054,183.40427,0.94752264,5.406654e-06,38.91098,-0.1977669,-9.006162,0.4136635,1.0,0.999032,0.18359375,0.004535664,-14.682106,-14.693012,-3.5261946,277.72247,0.7704191,9.614296e-06,0.99902725,0.16992188,0.004586047,-14.331543,-14.342056,-3.576819,188.49184,0.8776206,1.2186477e-05,0.00897372350692749,11468.48094010353,165000
37.736664,-0.23196498,-9.023841,0.4180833,1.0,0.9990549,0.21582031,0.0042326297,-14.7702875,-14.781542,-3.2570858,310.18912,0.9839835,1.8519037e-05,1.5308708,-2.1559935,21.523201,0.99904823,0.20117188,0.004277368,-14.504227,-14.515173,-3.3062959,216.91368,0.77234244,2.2556964e-05,41.265373,-0.23201582,-9.024266,0.41818947,1.0,0.999032,0.19726562,0.004544329,-14.690945,-14.701835,-3.5498772,1878.0076,2.354839,2.1161186e-05,0.9990301,0.17089844,0.004631023,-14.401494,-14.411995,-3.658269,263.67645,0.93243927,8.933402e-06,0.008973882341384888,11513.350355863571,170000
42.16346,-0.20609443,-8.969069,0.40438992,1.0,0.9990492,0.21777344,0.0041908915,-14.824663,-14.836016,-3.2105575,178.1628,0.66337043,1.97114e-05,1.0593879,-0.7255132,16.654411,0.99904823,0.22363281,0.0042266278,-14.431217,-14.442157,-3.2399163,148.53053,0.8232974,4.393e-05,45.09779,-0.18942462,-9.010845,0.41483432,1.0,0.9990263,0.20214844,0.0045653842,-14.86308,-14.874175,-3.512506,99.12509,0.7750411,2.360542e-06,0.99902916,0.17871094,0.0045974334,-14.580524,-14.59126,-3.5990176,268.766,0.7859964,9.6784715e-06,0.008973843765258789,11558.219575881958,175000
41.05066,-0.19151123,-8.992262,0.41018844,1.0,0.9990511,0.20996094,0.0042757727,-14.899769,-14.911111,-3.296661,311.7691,0.8941726,7.0885417e-06,2.642199,-1.4396791,23.075497,0.9990454,0.20898438,0.004317758,-14.514162,-14.525087,-3.3380232,103.559845,0.6065066,4.364691e-05,40.90631,-0.21137902,-8.978308,0.4067,1.0,0.99903965,0.17285156,0.0046959873,-14.661036,-14.671774,-3.6758766,442.35492,0.9496866,1.8335492e-06,0.99903107,0.16503906,0.004715565,-14.278745,-14.289093,-3.6926816,749.5103,1.6671412,9.095117e-06,0.008973483991622925,11603.086996793747,180000
36.029736,-0.19338499,-9.038903,0.42184883,1.0,0.99905586,0.22265625,0.0042047766,-14.931231,-14.942661,-3.2362566,165.70972,0.51159096,2.8802277e-05,1.1866813,-0.9635136,15.561499,0.99904823,0.21679688,0.0042658197,-14.573604,-14.584618,-3.3065062,41.27928,0.3519564,5.6996832e-06,46.227783,-0.20044227,-9.016737,0.41630712,1.0,0.9990263,0.16699219,0.0046163723,-14.98846,-14.999601,-3.591073,1214.4192,1.5411355,4.291062e-06,0.99901485,0.15332031,0.0047174953,-14.676388,-14.687166,-3.6493926,874.60486,2.4937818,9.621716e-06,0.008962235784530639,11647.898176908493,185000
41.687435,-0.17062905,-8.995586,0.41101962,1.0,0.9990635,0.23730469,0.004201818,-14.905262,-14.916674,-3.2318103,295.98465,0.7861012,1.0868855e-05,1.7190665,-0.8440132,20.214472,0.9990568,0.20410156,0.0042917505,-14.619051,-14.630086,-3.329854,106.86292,0.53094125,2.3270293e-05,42.84813,-0.23032275,-9.020226,0.41717935,1.0,0.9990225,0.1953125,0.0046075406,-14.906395,-14.917454,-3.593067,111.73695,0.5134897,9.67753e-06,0.9990301,0.17773438,0.004628091,-14.649733,-14.66049,-3.64502,76.187515,0.4443174,1.11762865e-05,0.008974125671386718,11692.76880812645,190000
36.729797,-0.20615156,-8.975223,0.40592867,1.0,0.9990673,0.265625,0.004033399,-15.170647,-15.18249,-3.0537078,209.91849,0.79960895,1.4275589e-05,1.7719731,-0.8791035,19.429104,0.99905777,0.22851562,0.0040551797,-14.930069,-14.941652,-3.079258,425.2897,1.0867138,9.1651105e-05,48.671898,-0.2036863,-9.0763645,0.43121415,1.0,0.99902534,0.20507812,0.004451244,-15.028639,-15.040016,-3.3898802,367.14258,0.93264157,1.8808883e-08,0.9990225,0.18847656,0.0045479275,-14.760094,-14.771086,-3.514398,103.280914,0.53911346,9.873763e-07,0.008965925312042237,11737.598441839218,195000
40.283405,-0.18215793,-8.950815,0.3998268,1.0,0.9990454,0.22851562,0.0042213034,-14.874168,-14.885589,-3.1919208,195.35315,0.75107765,7.647734e-06,0.7528683,-0.98651624,17.86396,0.99904156,0.1953125,0.0042650085,-14.55665,-14.567675,-3.2776248,64.52276,0.51743925,4.1955485e-05,46.337593,-0.19137603,-8.999334,0.4119567,1.0,0.99903584,0.19335938,0.0044809664,-14.796903,-14.808011,-3.432616,737.03436,0.99256074,9.197204e-06,0.9990225,0.18554688,0.004513696,-14.502867,-14.513626,-3.4949174,899.2254,1.9015813,7.9742824e-07,0.008983534574508668,11782.516115903854,200000
34.42199,-0.22669658,-8.973509,0.40550005,1.0,0.99906826,0.2421875,0.0041307514,-15.1252,-15.136952,-3.102094,281.4271,1.1368545,1.722027e-05,1.0643059,-1.6418675,19.060204,0.99906254,0.21484375,0.0041892617,-14.825929,-14.837352,-3.1397746,129.14093,1.0879948,1.1784669e-05,41.838623,-0.24882817,-9.021997,0.41762227,1.0,0.999033,0.18164062,0.0045641717,-14.886654,-14.89772,-3.5660062,65.725235,0.46375602,1.8378627e-06,0.99903107,0.1640625,0.0046517807,-14.5413475,-14.55202,-3.6230118,305.2227,1.12757,1.2060954e-06,0.35486871342659,13556.859684467316,205000
37.422905,-0.22232084,-9.013857,0.41558722,1.0,0.9990568,0.2529297,0.004159833,-15.084174,-15.095863,-3.1266835,153.52846,0.8186836,3.630668e-05,1.7598877,-1.2280673,21.980473,0.99905014,0.22363281,0.0042077885,-14.7564945,-14.767807,-3.1850443,131.44452,0.85737985,2.6627058e-05,44.804646,-0.24604833,-8.981461,0.40748802,1.0,0.9990339,0.21582031,0.004452118,-14.928391,-14.939632,-3.4272242,131.7346,0.49833804,1.779651e-05,0.99903107,0.21386719,0.0044475123,-14.641851,-14.652777,-3.464284,89.83519,0.4798855,3.0240912e-05,0.008951626968383789,13601.617820501328,210000
42.581276,-0.20541248,-8.989702,0.40954852,1.0,0.99905586,0.25195312,0.004113105,-15.117481,-15.12924,-3.088577,361.199,1.0228405,6.803839e-06,1.2270281,-1.0782646,17.670946,0.9990492,0.22949219,0.0041993447,-14.758957,-14.770247,-3.2094193,104.14796,0.7330293,6.5162735e-06,43.767002,-0.23253247,-9.016888,0.41634485,1.0,0.9990225,0.19433594,0.0045695016,-15.006887,-15.018126,-3.51082,626.2781,1.1468726,5.1672735e-08,0.9990225,0.18066406,0.0045915106,-14.688716,-14.699566,-3.589682,165.23245,0.8445089,5.1175066e-06,0.008931398582458496,13646.274814605713,215000
38.304974,-0.23398487,-8.954161,0.40066314,1.0,0.99906635,0.25,0.0041357195,-15.101122,-15.112849,-3.1040912,454.9974,1.5288651,6.370611e-05,1.4991821,-1.5710843,23.32408,0.9990587,0.22167969,0.004173951,-14.921677,-14.933177,-3.1567516,128.33638,0.9199408,6.2830266e-05,39.99903,-0.2701497,-9.0160055,0.41612437,1.0,0.9990339,0.17382812,0.0045695603,-14.757265,-14.768196,-3.5745976,124.7805,0.48536712,1.6185744e-05,0.99903584,0.16503906,0.00461147,-14.572729,-14.583459,-3.595409,455.52405,1.0689709,2.2353652e-05,0.008939568042755128,13690.972658634186,220000
34.444992,-0.25512463,-8.968288,0.40419483,1.0,0.999053,0.24707031,0.0041687316,-14.991334,-15.002918,-3.1405978,318.23987,1.0003848,2.2453944e-05,0.94777256,-1.1862557,21.048256,0.9990492,0.24316406,0.004177895,-14.691261,-14.702559,-3.1324492,353.78812,1.2863615,6.357078e-05,42.455494,-0.2724139,-8.966578,0.40376717,1.0,0.9990406,0.18164062,0.004540366,-15.0099,-15.021139,-3.5118334,235.52325,0.78764194,3.2200232e-06,0.99903774,0.18066406,0.0045736344,-14.658825,-14.669673,-3.5616987,153.51155,1.0863972,3.2975286e-06,0.00893618402481079,13735.6535820961,225000
34.37125,-0.25310975,-8.979177,0.4069172,1.0,0.9990635,0.24121094,0.0041061025,-15.159004,-15.170801,-3.09072,375.46365,1.40336,3.052615e-05,1.029228,-0.9034318,15.805046,0.99905777,0.23046875,0.004150859,-14.798584,-14.8099985,-3.120769,104.56684,0.8405831,1.9607101e-05,42.596764,-0.21960147,-8.998898,0.41184723,1.0,0.9990349,0.18652344,0.004518831,-14.997297,-15.008519,-3.5174954,325.88275,0.98257667,4.05702e-06,0.99903774,0.16210938,0.004559868,-14.624565,-14.635381,-3.5603247,89.60878,0.65167594,6.2121517e-06,0.008956512022018432,13780.436143875122,230000
40.41709,-0.2616632,-9.016095,0.41614676,1.0,0.9990673,0.23242188,0.004217518,-15.063839,-15.075464,-3.1712778,277.18054,0.81539273,6.400673e-06,0.9461328,-2.5056133,21.440704,0.99905777,0.20605469,0.004276764,-14.735425,-14.746682,-3.2193098,290.06802,0.941012,3.785845e-06,48.04357,-0.2115138,-9.008747,0.41430986,1.0,0.99903584,0.19335938,0.004526766,-14.995697,-15.006923,-3.5111647,13786.65,7.500574,1.1588801e-06,0.999033,0.16894531,0.0045800153,-14.667581,-14.678447,-3.5520926,54.340706,0.5634923,1.1110563e-06,0.008958834075927735,13825.230317115784,235000
37.52255,-0.23088111,-9.010534,0.41475657,1.0,0.99905014,0.2421875,0.0042048637,-14.982852,-14.994387,-3.182363,303.08536,0.73770034,6.6649272e-06,3.1552339,-0.9529931,24.310661,0.9990425,0.20800781,0.0042518657,-14.681998,-14.693188,-3.2358308,102.43194,0.5783829,1.5983907e-05,44.35685,-0.23797959,-8.993805,0.41057447,1.0,0.9990349,0.1953125,0.00460837,-14.809726,-14.820745,-3.5353315,783.33307,1.419482,1.2315937e-06,0.999032,0.17578125,0.0046518072,-14.51679,-14.527478,-3.5827062,307.39108,1.1361718,1.8829003e-06,0.00893485403060913,13869.904589891434,240000
39.888756,-0.2505559,-8.979481,0.4069932,1.0,0.9990587,0.25390625,0.004197376,-15.027008,-15.038539,-3.2308278,804.46075,1.1133168,9.0152635e-06,0.8428155,-0.83793914,18.19051,0.99905777,0.234375,0.00424804,-14.692113,-14.7033,-3.2468724,270.8679,1.259132,4.6247e-05,37.12645,-0.27981958,-9.012748,0.41530988,1.0,0.99903965,0.18847656,0.004578254,-14.801842,-14.81278,-3.6096811,7184.1943,4.7026706,5.1139256e-08,0.999032,0.15527344,0.004624716,-14.432874,-14.443399,-3.6659024,442.026,0.87093484,8.630157e-06,0.008936508893966674,13914.58713555336,245000
35.06452,-0.26003584,-8.937416,0.39647707,1.0,0.99905777,0.24414062,0.004143092,-15.242554,-15.25442,-3.1036205,354.48807,1.1069933,4.5713175e-05,1.1035104,-0.9338315,16.380178,0.99904823,0.20996094,0.0042179683,-14.960556,-14.972062,-3.1893938,95.586525,0.96234226,8.129279e-06,34.520935,-0.26980135,-8.996583,0.41126865,1.0,0.99902153,0.1953125,0.004534961,-15.002022,-15.013215,-3.5525718,778.7006,0.8556361,2.1344287e-05,0.99902725,0.16894531,0.0045895455,-14.71603,-14.7269,-3.5951593,136.10945,0.6507389,2.4223365e-05,0.00959169044494629,13962.545589208603,250000
35.41799,-0.21920583,-8.97071,0.40480042,1.0,0.9990711,0.2421875,0.0041951276,-15.317211,-15.32911,-3.1449845,441.85297,1.7285185,4.722816e-06,1.2365028,-1.5548582,23.173145,0.9990597,0.21875,0.0042214957,-15.104233,-15.115869,-3.2014804,709.6031,1.8569565,1.5055065e-05,42.238167,-0.24127308,-8.977744,0.40655917,1.0,0.9990339,0.18457031,0.0045646382,-15.07169,-15.083005,-3.4957268,529.3505,1.5739436,6.8666773e-06,0.99902153,0.16894531,0.00463677,-14.733784,-14.74469,-3.5780137,188.97647,0.88571703,1.0826583e-05,0.015191804218292236,14038.504611492157,255000
37.811085,-0.2157079,-8.988808,0.40932482,1.0,0.9990587,0.26171875,0.004120014,-15.171072,-15.182864,-3.1079974,304.68265,1.4411474,6.3712185e-05,1.8103518,-0.9847771,18.850836,0.9990587,0.23339844,0.0041624564,-14.869808,-14.881243,-3.1715107,341.36996,1.5529996,1.9233314e-05,37.593994,-0.29255348,-9.023976,0.41811705,1.0,0.99903107,0.1875,0.0045463694,-15.133211,-15.144581,-3.501214,350.81,1.1416234,3.2195857e-07,0.99902725,0.171875,0.004608185,-14.763137,-14.774083,-3.5652375,378.7164,1.3597108,2.062308e-07,0.015192221546173095,14114.465720415115,260000
39.60944,-0.24840243,-9.009007,0.41437477,1.0,0.99905586,0.24609375,0.004213267,-15.220203,-15.231921,-3.2329016,458.16953,1.1952341,1.1513391e-05,1.1498913,-1.0787375,21.61956,0.9990444,0.203125,0.0042762295,-14.931274,-14.942665,-3.2786603,749.5428,1.8481884,1.2756857e-05,44.45353,-0.2550219,-9.003004,0.41287416,1.0,0.99904346,0.21289062,0.004526013,-15.032793,-15.044061,-3.5060496,233.80109,0.895126,3.4931895e-06,0.9990387,0.1796875,0.0045887902,-14.718733,-14.729613,-3.5873263,377.80533,1.0147703,6.6821876e-06,0.017698753690719604,14202.959490776062,265000
40.73082,-0.20685655,-9.021101,0.41739827,1.0,0.9990597,0.23925781,0.0041477,-15.243602,-15.255462,-3.1105106,124.72066,0.9917615,2.3374394e-06,0.7631553,-1.8177036,21.376705,0.9990568,0.23242188,0.0042031957,-14.847843,-14.859259,-3.169557,109.47027,0.90993476,5.773052e-07,44.297134,-0.22731745,-9.030096,0.4196471,1.0,0.99902153,0.16894531,0.0045149536,-15.076394,-15.087746,-3.4643698,190.28705,0.5397016,1.4255591e-05,0.9990196,0.15429688,0.0045858044,-14.661426,-14.672312,-3.5242093,73.94449,0.4982188,2.535121e-06,0.020136506605148315,14303.642027378082,270000
38.876648,-0.20990613,-9.010139,0.41465795,1.0,0.999053,0.24414062,0.0041659405,-15.176155,-15.187893,-3.1675968,636.59814,1.1280417,2.3709941e-05,1.0530236,-1.570895,19.014194,0.9990463,0.20214844,0.0042423876,-14.8710985,-14.882462,-3.2473927,162.85919,1.0293669,8.234467e-06,40.037346,-0.26055485,-9.040651,0.4222858,1.0,0.9990349,0.16894531,0.0045943847,-15.003693,-15.01481,-3.6311178,636.3999,1.087481,3.7871591e-06,0.9990349,0.15039062,0.0046377014,-14.68217,-14.692934,-3.6703587,145.78069,0.68198943,1.2662405e-06,0.020155132865905763,14404.417693138123,275000
38.17801,-0.22123168,-9.005831,0.41358075,1.0,0.99906254,0.25683594,0.0041237017,-15.330014,-15.341984,-3.0852344,268.95792,1.1609871,3.4063472e-05,1.176942,-1.9290506,21.55243,0.99906063,0.21386719,0.0041711642,-15.014982,-15.026588,-3.1415794,243.32062,1.1254804,1.0666562e-05,35.26474,-0.31052655,-9.033771,0.4205655,1.0,0.99903965,0.18457031,0.00454308,-14.949589,-14.960784,-3.4967222,607.85504,1.2974241,4.241037e-06,0.9990301,0.17382812,0.0045961887,-14.642036,-14.652883,-3.5472476,181.84793,1.007446,2.3814362e-05,0.020148170471191405,14505.15854716301,280000
42.107193,-0.18308657,-8.958687,0.40179467,1.0,0.9990549,0.25097656,0.004152604,-15.286764,-15.298642,-3.1356587,739.65686,1.4183667,2.4994823e-05,1.0935215,-1.1415672,20.135998,0.99905205,0.21777344,0.004185461,-14.996409,-15.007932,-3.2086372,316.1401,1.1382277,2.2417036e-05,48.00538,-0.18291216,-9.018831,0.4168309,1.0,0.99904156,0.17578125,0.0046080467,-15.2241745,-15.235521,-3.6164093,388.38385,0.9871298,3.5374953e-06,0.9990349,0.16503906,0.004676749,-14.884674,-14.895608,-3.700094,372.25604,1.1995499,1.2147073e-05,0.020162795639038087,14605.97252702713,285000
32.649982,-0.3047422,-8.964036,0.40313196,1.0,0.99906635,0.2626953,0.0041564535,-15.332781,-15.344676,-3.163841,399.68393,1.224118,2.3419612e-05,0.86985356,-1.2854702,18.788927,0.9990654,0.23339844,0.004180736,-15.039953,-15.0515375,-3.1885536,64.96252,0.6439069,4.127597e-05,45.485573,-0.26552752,-9.049494,0.4244966,1.0,0.9990368,0.203125,0.004522926,-15.201482,-15.212947,-3.4727566,28525.36,16.514471,3.462749e-07,0.99903107,0.17480469,0.004569517,-14.8269825,-14.838066,-3.4882176,287.96982,1.6413574,1.8340318e-06,0.020116826677322387,14706.556661844254,290000
35.87673,-0.24228802,-8.997413,0.4114762,1.0,0.9990587,0.234375,0.0041192556,-15.441264,-15.453362,-3.0643759,207.59962,1.2440308,1.2789992e-05,1.2437781,-0.97140723,18.429106,0.9990587,0.21289062,0.0041907104,-15.187372,-15.199118,-3.1718144,221.37825,1.1280193,5.8197484e-06,51.44485,-0.207163,-9.001405,0.41247424,1.0,0.999032,0.18554688,0.004524002,-15.246784,-15.258363,-3.4009576,583.407,1.3674986,2.0481139e-05,0.99902916,0.171875,0.004565534,-14.860861,-14.871988,-3.4774704,388.252,1.3015845,2.4553387e-06,0.02011629409790039,14807.138135194778,295000
33.830746,-0.27917203,-9.078215,0.4316765,1.0,0.99905396,0.23828125,0.0041075936,-15.18671,-15.198559,-3.0654907,517.63184,1.8460552,3.8121896e-05,0.8050803,-0.7470195,17.318398,0.99904823,0.21191406,0.004182944,-14.961595,-14.973148,-3.141108,817.5181,2.9690957,0.00014481306,38.18631,-0.24134888,-9.027018,0.4188772,1.0,0.9990244,0.18554688,0.0045734057,-15.047113,-15.0583725,-3.5296106,121.58984,0.8183821,6.3453444e-07,0.9990177,0.1484375,0.004668854,-14.7212105,-14.732079,-3.603417,208.3132,1.091987,5.3785543e-06,0.02013608341217041,14907.818553447723,300000
37.035282,-0.2217223,-8.991181,0.40991822,1.0,0.9990492,0.26464844,0.0041001528,-15.343062,-15.35504,-3.091874,171.19353,0.8294426,3.0487033e-06,0.95089734,-2.4908643,24.205654,0.999053,0.23535156,0.0041467967,-15.008936,-15.020547,-3.1310048,176.05229,0.8354145,1.5170988e-05,46.81981,-0.22160658,-9.023168,0.41791487,1.0,0.9990368,0.20214844,0.004492864,-15.32653,-15.338088,-3.503106,534.6082,1.2118413,1.229442e-05,0.9990339,0.17773438,0.004562412,-15.010035,-15.02122,-3.5677314,699.8321,2.2214727,6.9900045e-05,0.45119666147232057,17163.801864147186,305000
36.547432,-0.24565169,-9.009214,0.4144265,1.0,0.9990549,0.27246094,0.0041306904,-15.3655815,-15.377578,-3.0927074,391.10144,1.350134,1.1280886e-05,0.96920156,-1.9832051,20.234665,0.9990511,0.23535156,0.0041771675,-15.013093,-15.024704,-3.13565,496.19327,1.5531821,3.4813584e-05,41.0168,-0.26159173,-8.996533,0.4112563,1.0,0.99901676,0.20703125,0.0045529436,-15.285619,-15.29715,-3.489322,635.9125,1.0320423,1.6970175e-06,0.9990158,0.19335938,0.0045833327,-14.917948,-14.929109,-3.4995294,1297.923,2.7297807,2.340395e-06,0.019363855409622193,17260.62114262581,310000
42.506386,-0.21432146,-9.01529,0.4159457,1.0,0.99905586,0.24023438,0.0041640736,-15.430071,-15.442101,-3.1237118,275.91962,1.0575886,2.7214759e-05,1.5312706,-1.344992,25.915703,0.999053,0.22363281,0.0042493497,-15.00209,-15.013627,-3.2000089,202.69788,0.98231035,7.158034e-05,40.8191,-0.25330615,-9.011309,0.41495025,1.0,0.99903584,0.18359375,0.0045512067,-14.987133,-14.998343,-3.5183744,68912.22,36.067074,9.851232e-06,0.99902534,0.17675781,0.004564942,-14.669031,-14.679899,-3.5506425,484.004,1.2827992,2.847337e-05,0.01975709247589111,17359.406606197357,315000
40.369717,-0.21765693,-8.991577,0.41001725,1.0,0.9990616,0.23144531,0.004137486,-15.387815,-15.399787,-3.1405742,172.24916,0.85699147,1.5948277e-05,1.0762902,-1.3171704,21.044155,0.9990616,0.21972656,0.0041843182,-15.060743,-15.072348,-3.1883416,754.8487,1.5304666,0.000106934574,43.994507,-0.2580011,-8.997013,0.41137636,1.0,0.99902916,0.19140625,0.0044983793,-15.14562,-15.157052,-3.4514632,335.11496,0.92935705,1.011119e-06,0.9990244,0.16796875,0.0045526456,-14.843107,-14.85418,-3.5154824,112.27445,0.6788491,7.088373e-06,0.016366534519195557,17441.239280223846,320000
34.269463,-0.20025426,-8.954234,0.4006815,1.0,0.9990692,0.26171875,0.0040124687,-15.545435,-15.557705,-2.9936926,596.1791,1.3403376,3.3782795e-05,0.86329526,-0.6151075,14.683027,0.99906826,0.2548828,0.004056847,-15.251136,-15.26303,-3.083129,405.7487,1.3129308,3.681121e-05,52.276756,-0.18907112,-9.002889,0.4128452,1.0,0.9990368,0.18945312,0.0045072874,-15.200363,-15.211832,-3.4667366,293.59772,1.2590704,1.6008033e-06,0.99903584,0.17382812,0.004579671,-14.835326,-14.846337,-3.5708475,670.50287,1.2847937,9.172792e-06,0.014263637924194337,17512.55747294426,325000
36.088997,-0.25985104,-8.985991,0.40862048,1.0,0.99905396,0.2607422,0.0041222726,-15.431464,-15.443503,-3.1150696,188.9598,0.8805387,3.8074318e-06,1.0473759,-0.75360966,16.973019,0.9990511,0.24902344,0.0041884286,-15.048588,-15.060194,-3.1756606,124.851456,0.80360836,8.451814e-06,44.652206,-0.2936228,-9.016024,0.41612875,1.0,0.999033,0.19921875,0.0044748695,-15.346956,-15.35856,-3.4760041,1294.2642,1.3039427,1.1899444e-05,0.99903584,0.16503906,0.0044919215,-14.992392,-15.00363,-3.495317,354.41284,0.9747526,1.916884e-05,0.014320006561279297,17584.15750694275,330000
41.02058,-0.20371497,-8.990587,0.4097696,1.0,0.9990444,0.2421875,0.00422358,-15.349302,-15.361128,-3.252116,111.24498,0.7661101,9.008165e-06,1.1013435,-1.834417,20.196152,0.9990473,0.21484375,0.0042705685,-14.922054,-14.933396,-3.319395,361.18216,0.81361735,5.4910294e-07,45.23969,-0.25897318,-9.02489,0.41834533,1.0,0.99903107,0.18847656,0.004525923,-15.407364,-15.418998,-3.5067563,73515.44,36.441658,6.110076e-06,0.99902534,0.18457031,0.004604599,-15.043565,-15.05477,-3.5797186,256.21628,0.9029399,1.419658e-06,0.014291900253295898,17655.617010831833,335000
40.08328,-0.25773746,-8.99386,0.4105881,1.0,0.999053,0.27929688,0.0041166185,-15.346888,-15.358866,-3.0938034,387.7462,0.8933316,4.1258492e-05,1.1132191,-1.3022659,21.331196,0.9990549,0.23535156,0.00416636,-15.010385,-15.022,-3.1266177,104.23793,0.8728333,3.4698038e-05,47.486237,-0.27718422,-9.004368,0.41321486,1.0,0.9990244,0.21582031,0.0045412723,-15.186303,-15.197702,-3.52528,263.5647,0.79528916,1.9437966e-06,0.99903107,0.19335938,0.004578097,-14.843665,-14.854707,-3.5487156,230.11388,0.70416534,4.3895275e-07,0.013937019443511963,17725.302109479904,340000
41.812866,-0.26167873,-8.976061,0.40613824,1.0,0.9990511,0.23730469,0.0041406066,-15.497338,-15.509407,-3.1507573,271.87643,0.8928893,3.1474058e-06,1.6869398,-1.6180122,21.342974,0.9990511,0.22949219,0.0041911863,-15.127773,-15.139482,-3.150782,193.84666,1.014435,2.8285272e-05,39.256393,-0.27918756,-9.016802,0.41632342,1.0,0.99903965,0.18652344,0.0045220843,-15.404207,-15.415895,-3.4470725,28726.969,15.326962,2.0821542e-06,0.99903965,0.16503906,0.004573657,-15.029169,-15.040418,-3.5207224,565.76196,2.8302724,7.0447973e-06,0.008959813165664673,17770.10117673874,345000
36.41963,-0.2181358,-8.984842,0.40833348,1.0,0.99906826,0.25585938,0.0041001155,-15.379059,-15.391069,-3.0926273,217.75122,0.6147871,8.870972e-05,0.84930485,-1.8793179,19.379734,0.99906445,0.234375,0.0041620806,-15.113916,-15.125594,-3.168612,80.354866,0.51220953,1.0309185e-05,43.73365,-0.25687668,-9.037603,0.42152378,1.0,0.99902534,0.20898438,0.0045174696,-15.348475,-15.360066,-3.491664,155.07755,0.7982527,7.377732e-06,0.9990349,0.18554688,0.0045554126,-15.014781,-15.025994,-3.5440102,62.4919,0.59639573,7.640713e-06,0.008958453464508057,17814.893445253372,350000
41.38737,-0.24622193,-8.999394,0.4119716,1.0,0.99906826,0.27539062,0.0040750653,-15.523996,-15.536166,-3.0739174,276.5297,1.1742237,4.2681654e-06,0.6290236,-1.3604288,18.641808,0.99906635,0.24316406,0.0041099875,-15.218008,-15.229861,-3.0906649,187.45033,1.1694206,1.2932626e-05,37.026512,-0.27994913,-8.990694,0.40979642,1.0,0.99903107,0.21582031,0.004589875,-15.170947,-15.182286,-3.5706983,245.10461,0.78422534,3.6196218e-07,0.99902725,0.18847656,0.0046336353,-14.845987,-14.856989,-3.59158,2664.3499,3.4581928,6.818008e-07,0.00896696639060974,17859.728278398514,355000
38.609,-0.24326698,-8.975971,0.4061159,1.0,0.9990673,0.2626953,0.0040552886,-15.452371,-15.464504,-3.0402083,426.67624,1.2969954,3.498976e-05,0.8547806,-0.9481337,15.987339,0.99905586,0.23339844,0.004121108,-15.079645,-15.091352,-3.1042686,218.32907,1.3423083,6.18156e-05,48.16374,-0.21446975,-9.018097,0.41664702,1.0,0.9990349,0.21191406,0.004478299,-15.349333,-15.360958,-3.4578214,433.83273,1.143657,1.6101867e-05,0.99903107,0.19238281,0.0045296876,-14.93792,-14.949087,-3.513455,119.35032,0.87748265,1.8706667e-06,0.008968741130828857,17904.571986436844,360000
30.858154,-0.25065535,-9.021014,0.41737652,1.0,0.9990616,0.24707031,0.004173045,-15.348235,-15.360123,-3.1872032,631.58777,1.2116935,5.2359155e-05,0.76906395,-2.8307836,17.063177,0.9990587,0.22851562,0.0042116726,-15.0874605,-15.099056,-3.225116,1521.877,2.0931234,2.943459e-05,40.45745,-0.2088965,-8.959686,0.4020444,1.0,0.99903584,0.17382812,0.004596377,-15.3305855,-15.342098,-3.5531917,6273.5684,5.386635,9.331101e-07,0.99902534,0.14941406,0.004667631,-15.0708685,-15.08206,-3.6214757,157.77194,0.85342574,1.8357247e-05,0.010369286108016967,17956.41841840744,365000
39.02932,-0.23507366,-8.966949,0.40386033,1.0,0.9990616,0.24902344,0.004106704,-15.5304985,-15.542627,-3.122155,256.46198,1.0270207,1.2940127e-05,1.1452142,-1.0393943,17.521458,0.9990616,0.23730469,0.004157435,-15.161003,-15.172709,-3.1855314,125.46574,0.71597785,0.000103845385,38.486267,-0.24019362,-9.015345,0.41595912,1.0,0.99903584,0.19628906,0.0045466605,-15.264099,-15.275577,-3.5220146,132.88834,0.7103991,9.626236e-07,0.9990368,0.17773438,0.0045767594,-14.9095955,-14.9207,-3.5494905,703.8708,1.903674,2.3562338e-07,0.015246298456192017,18032.649911880493,370000
42.86217,-0.22072698,-8.992228,0.41017973,1.0,0.99906254,0.26953125,0.0041425293,-15.543966,-15.556075,-3.155561,184.7458,0.69279623,1.1343478e-05,1.6910517,-1.2568617,18.461273,0.99905586,0.21386719,0.00424672,-15.342623,-15.354411,-3.28393,74.140335,0.7210349,3.8403563e-05,39.356964,-0.25140792,-9.027723,0.4190536,1.0,0.999033,0.18554688,0.0045906,-15.204645,-15.215987,-3.6004558,922.1323,1.254163,2.5718175e-05,0.9990301,0.16113281,0.0046438957,-14.926537,-14.937567,-3.643117,718.587,1.3361536,6.689252e-06,0.015269837760925293,18108.9991042614,375000
33.62323,-0.23795111,-8.9950695,0.41089028,1.0,0.9990616,0.24414062,0.0041379854,-15.45373,-15.465819,-3.0856633,1056.0328,1.5583613,4.2600586e-05,0.71011233,-0.69813246,15.601974,0.999053,0.21875,0.004217155,-15.072159,-15.083784,-3.1801062,151.45456,0.88715565,7.917639e-05,36.91647,-0.25489727,-8.999485,0.41199416,1.0,0.99903965,0.21289062,0.004520718,-15.217644,-15.229104,-3.4938288,573.9115,1.1596432,3.982551e-06,0.99902916,0.18457031,0.0045930487,-14.867895,-14.878926,-3.5831723,431.65594,1.2346361,1.1320097e-06,0.015225103092193604,18185.124621152878,380000
43.717083,-0.228667,-9.014384,0.41571906,1.0,0.9990549,0.23828125,0.004115562,-15.52173,-15.53384,-3.1343677,234.18646,1.0143188,5.557743e-07,1.0510653,-1.3818743,19.001686,0.9990568,0.21386719,0.0042038625,-15.117166,-15.128816,-3.1997237,207.22667,0.74994874,2.4349896e-05,39.59529,-0.2897747,-8.987419,0.40897775,1.0,0.99902916,0.19824219,0.00456304,-15.243166,-15.25463,-3.5151699,56513.996,28.166988,3.0612746e-08,0.9990282,0.16308594,0.004621322,-14.8899555,-14.901032,-3.5598338,116.75693,0.6116256,1.0764559e-06,0.015407979440689086,18262.164521455765,385000
33.799557,-0.2694267,-9.005716,0.41355217,1.0,0.9990616,0.24707031,0.0041678245,-15.590338,-15.602468,-3.1807678,269.58102,1.2298,2.8814226e-05,1.2198719,-1.258672,17.795422,0.9990549,0.23632812,0.0041801855,-15.189238,-15.200968,-3.1902068,1452.7018,2.1445105,8.4734675e-06,45.745018,-0.26117188,-8.971128,0.40490493,1.0,0.9990425,0.21386719,0.0044487263,-15.509327,-15.521162,-3.4029636,1985.1051,3.45408,3.912638e-06,0.9990406,0.20117188,0.004520201,-15.107403,-15.118779,-3.4701142,2923.2815,4.7087393,5.980239e-06,0.015410890817642213,18339.21897673607,390000
36.47048,-0.28189838,-8.966801,0.40382326,1.0,0.999074,0.25,0.004094744,-15.377319,-15.389352,-3.0688076,188.42282,0.8736763,2.4256424e-05,1.5669867,-1.2039036,21.033136,0.9990587,0.23828125,0.004171083,-15.003691,-15.015306,-3.1203322,104.55991,0.8259057,5.136767e-06,35.484818,-0.26595736,-8.980518,0.40725273,1.0,0.99903584,0.20996094,0.0045005498,-15.225503,-15.236976,-3.4893131,354.6517,1.4028757,1.3798977e-05,0.9990349,0.18066406,0.0045480747,-14.877001,-14.888103,-3.51995,534.66583,2.2413654,2.8220562e-08,0.015425109958648682,18416.344527959824,395000
43.37479,-0.21900514,-8.983699,0.4080477,1.0,0.99906826,0.26953125,0.004063661,-15.524237,-15.5364275,-3.0525851,207.29912,1.0681121,3.1238717e-06,3.6588933,-1.6630542,28.210123,0.9990635,0.23046875,0.004090325,-15.1411705,-15.152926,-3.1144466,166.8086,1.0074158,3.150221e-05,38.351807,-0.2531842,-9.026634,0.41878152,1.0,0.9990444,0.19628906,0.0044868975,-15.2783165,-15.289897,-3.4307575,321.511,1.0695593,7.8954745e-06,0.99903774,0.1640625,0.004567323,-14.85561,-14.866677,-3.532102,82.83539,0.65844584,2.6866508e-06,0.01956875367164612,18514.188299894333,400000
39.05038,-0.23192339,-8.972307,0.40519977,1.0,0.99905777,0.26171875,0.0040743463,-15.65199,-15.664319,-3.0394793,169.55046,0.8997753,3.06024e-05,1.0326558,-0.74900603,17.181458,0.999053,0.22265625,0.004159222,-15.282735,-15.294605,-3.1391656,225.29312,1.0856738,1.0115902e-05,39.205936,-0.29572886,-8.990641,0.40978295,1.0,0.9990282,0.19921875,0.0045111375,-15.349407,-15.361105,-3.3834581,2379.555,3.2376175,4.6857676e-06,0.9990387,0.18261719,0.0045529935,-15.033651,-15.0449505,-3.4737124,620.8653,1.8528382,1.5922806e-05,0.4827683371067047,20928.029989004135,405000
43.8219,-0.22000419,-9.022985,0.4178694,1.0,0.9990654,0.27246094,0.0040657097,-15.491043,-15.503192,-3.0609806,181.90378,1.0433822,2.7938906e-06,2.8703535,-1.0679784,24.541971,0.999053,0.26367188,0.004121845,-15.096618,-15.10835,-3.0954485,286.13007,1.3298804,2.6446778e-06,38.444115,-0.24806209,-9.013305,0.41544914,1.0,0.9990425,0.18261719,0.0045587206,-15.411601,-15.423203,-3.541529,3980.868,2.7870197,7.344338e-06,0.99903584,0.16601562,0.0046212077,-15.038292,-15.049446,-3.628046,735.23047,1.4797134,1.4481996e-06,0.019219200229644774,21024.125991106033,410000
43.60563,-0.21147591,-8.985079,0.40839267,1.0,0.9990673,0.2578125,0.003999044,-15.7686615,-15.781191,-2.9515,458.72018,1.3261791,6.274102e-06,1.1657373,-1.4279714,19.073067,0.9990616,0.24414062,0.0040419432,-15.333244,-15.345279,-3.021989,378.43497,1.6168139,7.728823e-05,44.63781,-0.22645551,-9.001401,0.41247326,1.0,0.9990339,0.19238281,0.004569889,-15.342869,-15.354383,-3.5628295,452.3802,0.89739174,1.01915125e-08,0.9990368,0.17089844,0.004623714,-14.985331,-14.996439,-3.6219966,278.10516,1.1675804,2.9148916e-06,0.019352843570709228,21120.89021039009,415000
37.442787,-0.20186213,-8.977776,0.4065668,1.0,0.9990711,0.2763672,0.0040047416,-15.778705,-15.791165,-3.0314481,377.6636,1.1285154,3.3712486e-06,2.107809,-3.0879443,21.494686,0.99906635,0.24902344,0.0040600365,-15.418651,-15.430737,-3.0540333,159.68134,1.3621972,3.1632717e-05,41.70894,-0.2608837,-8.984585,0.4082694,1.0,0.9990349,0.20703125,0.004530876,-15.36203,-15.373615,-3.5101666,757.17896,1.5314835,1.7365812e-05,0.9990339,0.171875,0.0046059825,-14.971319,-14.982441,-3.5945654,1637.857,2.1444461,1.0678512e-05,0.019159355020523072,21216.68698835373,420000
37.814053,-0.2742135,-8.967052,0.40388623,1.0,0.99906826,0.25,0.0040983087,-15.75054,-15.762913,-3.0922523,291.61462,1.0319866,3.785468e-05,0.9416821,-1.6427486,21.029839,0.99906063,0.21582031,0.004152212,-15.420676,-15.432683,-3.1373444,157.86209,0.8589764,5.000307e-05,40.362633,-0.26469755,-9.014079,0.41564277,1.0,0.9990349,0.19140625,0.004549737,-15.313986,-15.3255005,-3.5329347,260.15927,0.77356386,1.1842754e-06,0.99903107,0.17773438,0.0046032127,-14.927565,-14.938682,-3.554407,236.29031,0.82858086,5.850979e-06,0.01925209879875183,21312.94748353958,425000
46.37688,-0.21220714,-8.984151,0.40816057,1.0,0.9990692,0.2734375,0.0040740725,-15.742737,-15.755137,-3.0564446,297.209,1.3724008,9.288333e-07,1.366603,-1.0407829,20.630589,0.9990673,0.234375,0.0041121184,-15.40011,-15.4121,-3.1347933,244.0408,1.2265182,4.219687e-06,42.32465,-0.2792192,-9.007975,0.41411668,1.0,0.9990387,0.17480469,0.0045699477,-15.385277,-15.3968525,-3.5423331,15728.8955,9.533718,2.3075409e-06,0.999033,0.16210938,0.004623291,-15.135431,-15.146666,-3.6436787,235.59583,1.1801732,2.2918116e-06,0.019272378063201905,21409.309374809265,430000
41.46347,-0.24240014,-8.978016,0.4066269,1.0,0.9990616,0.2705078,0.004014818,-15.734013,-15.746474,-2.9849286,399.7283,1.2619164,2.9838071e-05,1.1958544,-1.3930893,24.10097,0.99905777,0.24414062,0.0041093794,-15.351582,-15.363562,-3.0970511,587.07245,1.3820126,1.0750345e-05,52.66819,-0.22245732,-9.021381,0.4174684,1.0,0.9990387,0.1875,0.00465845,-15.192347,-15.203639,-3.640284,1041.1855,1.4951029,8.458983e-08,0.999032,0.1640625,0.004720483,-14.88151,-14.892405,-3.736718,29.314066,0.2820163,1.5322565e-06,0.019158315801620484,21505.10095500946,435000
38.44291,-0.20777054,-9.001367,0.4124648,1.0,0.99905396,0.2529297,0.0041449293,-15.517025,-15.52911,-3.1535902,731.9584,1.2971134,2.247751e-05,1.5426378,-0.826313,20.631798,0.99905205,0.20214844,0.004241811,-15.091755,-15.103342,-3.2389786,422.32953,1.5957268,4.8146358e-05,47.723648,-0.15711242,-9.00692,0.41385293,1.0,0.999032,0.18554688,0.004592788,-15.236681,-15.248079,-3.5768342,317.5661,0.84678537,2.2016484e-06,0.999033,0.16894531,0.00466129,-14.8607025,-14.871652,-3.6589546,1372.4417,1.9945077,2.9739206e-07,0.015313853836059571,21581.67022562027,440000
39.060837,-0.2530601,-9.017338,0.4164573,1.0,0.99906445,0.27734375,0.0040593524,-15.762951,-15.775394,-3.0333447,342.4994,1.2414701,1.8152119e-05,1.3776734,-2.665696,21.855543,0.99906254,0.2265625,0.0041034166,-15.375536,-15.387556,-3.0781713,229.60936,1.4693043,1.2054843e-05,46.187073,-0.21803823,-9.0105295,0.41475537,1.0,0.99903965,0.17480469,0.0045024343,-15.171677,-15.183088,-3.4978416,613.13776,0.8796101,1.0297698e-07,0.9990387,0.16503906,0.0045520747,-14.894804,-14.905878,-3.5668192,82.10845,0.51535326,1.5070106e-07,0.01409257173538208,21652.133085489273,445000
42.213165,-0.20442492,-8.94147,0.39749038,1.0,0.99906826,0.265625,0.0040647658,-15.847618,-15.860141,-3.0378392,1013.29224,2.2404966,3.3594956e-06,0.98792005,-1.4306961,18.988705,0.9990673,0.2265625,0.0041449144,-15.493374,-15.505446,-3.1434,457.29517,1.4202151,4.621065e-06,46.986435,-0.20909905,-9.058637,0.426782,1.0,0.99902916,0.17675781,0.0046312646,-15.371687,-15.383183,-3.6114144,662.3451,0.9758643,7.153772e-06,0.9990244,0.16796875,0.0046523986,-15.066508,-15.077673,-3.6452477,345.84515,1.1513975,4.7619847e-05,0.013931309461593627,21721.78963446617,450000
49.985012,-0.19213586,-8.97113,0.4049054,1.0,0.99906635,0.24804688,0.0041251257,-15.579794,-15.591996,-3.0979414,175.53728,0.7432667,8.807248e-06,2.28703,-1.3613309,28.468258,0.9990549,0.2265625,0.0041817646,-15.189409,-15.201159,-3.1692123,66.78777,0.6245018,1.02107715e-05,43.74884,-0.34645256,-9.01873,0.4168054,1.0,0.9990406,0.20507812,0.0045446022,-15.522778,-15.534499,-3.530038,337450.03,168.14566,3.5825751e-06,0.9990339,0.17285156,0.004619345,-15.13294,-15.144243,-3.569476,1358.1251,2.201456,7.865503e-06,0.008972144651412963,21766.65035867691,455000
41.213333,-0.2776907,-8.988384,0.40921918,1.0,0.9990673,0.26757812,0.004026902,-15.553614,-15.565862,-3.0232065,115.82594,0.8062907,1.4554485e-05,1.6068391,-2.5783095,21.867607,0.99905586,0.24316406,0.0040957034,-15.240417,-15.252298,-3.0850892,459.24432,1.3142537,3.1028874e-05,44.969826,-0.24320123,-9.022955,0.4178617,1.0,0.9990349,0.19140625,0.00449811,-15.303745,-15.3153105,-3.4725275,744.66437,1.631138,1.4176712e-05,0.9990301,0.17871094,0.004569334,-15.0168705,-15.02805,-3.5806787,4209.5215,5.18509,3.110066e-05,0.008974451637268066,21811.52261853218,460000
34.057556,-0.24357092,-8.957775,0.4015668,1.0,0.999073,0.2548828,0.0040702894,-15.680596,-15.692987,-3.0048463,115.83483,1.032479,1.1094178e-05,1.2238163,-0.7654938,17.477036,0.99905586,0.22558594,0.0040995814,-15.360498,-15.3724985,-3.084754,92.4829,0.82248247,1.1734092e-05,49.515583,-0.23990288,-9.011175,0.41491663,1.0,0.9990339,0.20898438,0.004519865,-15.371569,-15.383181,-3.4923136,879.59106,1.2775598,2.2499e-05,0.9990244,0.18554688,0.0045684115,-15.075023,-15.086293,-3.5445933,1040.0006,1.6154568,3.9744427e-06,0.013327121353149413,21878.158228635788,465000
35.393867,-0.23972476,-8.970321,0.40470314,1.0,0.9990616,0.25683594,0.0041080834,-15.761208,-15.773577,-3.1059432,196.9935,0.8922411,4.864655e-06,1.6986377,-2.259591,22.838839,0.9990511,0.21972656,0.004166822,-15.282075,-15.293929,-3.1553526,224.18184,1.2165604,7.0725255e-06,44.219193,-0.26652324,-8.998609,0.41177505,1.0,0.9990349,0.17773438,0.0045687137,-15.415226,-15.426785,-3.5912428,245.37675,0.8408862,1.1276949e-05,0.99903107,0.17871094,0.004676185,-14.995174,-15.006224,-3.691213,143.28766,0.7770532,1.2348061e-05,0.015288722848892211,21954.601845741272,470000
38.975845,-0.24058843,-8.964733,0.4033062,1.0,0.99905777,0.2607422,0.004120772,-15.440615,-15.452652,-3.1274788,530.68945,1.1344066,1.4220177e-05,1.385308,-0.7701896,19.664698,0.99904823,0.23242188,0.0041986583,-14.955401,-14.966904,-3.188793,252.86157,0.8809329,1.8078264e-05,36.946083,-0.29062614,-9.018192,0.4166709,1.0,0.99904156,0.21484375,0.0043643755,-15.496216,-15.508109,-3.3287666,605.08374,1.5518875,2.9941616e-06,0.9990425,0.18847656,0.004406983,-15.103809,-15.11525,-3.401123,380.83478,1.8382163,1.0005259e-05,0.015239525842666626,22030.799476385117,475000
30.452515,-0.32779735,-9.038427,0.42172974,1.0,0.9990721,0.2685547,0.0040071094,-15.710633,-15.723134,-2.9216917,1004.12415,3.0602577,1.6259883e-05,0.73455644,-0.7965976,15.757226,0.9990692,0.24902344,0.0040237354,-15.315038,-15.327125,-2.9501526,2002.9932,3.6480062,2.3816907e-05,42.995518,-0.2516642,-8.983032,0.40788102,1.0,0.9990349,0.17675781,0.00469278,-15.194489,-15.205751,-3.672253,322.64087,0.9763918,4.8931536e-08,0.99903107,0.140625,0.004742614,-14.786451,-14.79727,-3.7179983,239.46582,1.1434357,2.8930795e-06,0.015277768087387084,22107.18832039833,480000
44.05613,-0.2196069,-8.999302,0.41194856,1.0,0.99906445,0.27929688,0.0040189456,-15.75974,-15.772192,-3.0222826,463.26,1.2804186,3.623143e-06,1.6282089,-0.9914222,22.488487,0.9990616,0.22851562,0.004082023,-15.437478,-15.449536,-3.1014132,214.04845,1.1831931,1.8458549e-06,39.65867,-0.28943646,-9.018511,0.4167509,1.0,0.9990339,0.1953125,0.004570933,-15.364792,-15.376352,-3.5380514,3568.4407,2.6053126,4.102862e-06,0.9990301,0.1875,0.004673821,-15.096069,-15.10729,-3.6181333,1485.0356,3.2599645,3.1644472e-06,0.015264758110046387,22183.512112617493,485000
40.839745,-0.22080392,-9.004113,0.41315126,1.0,0.9990568,0.25390625,0.004126655,-15.709914,-15.722244,-3.0965514,454.33832,0.9367507,3.422283e-05,1.1603014,-0.90553725,19.227337,0.99905396,0.24316406,0.0041722623,-15.396845,-15.408808,-3.1590462,127.33572,0.6564774,2.8020146e-05,38.563156,-0.26950973,-8.997751,0.4115609,1.0,0.99902916,0.17382812,0.004619808,-15.299824,-15.311299,-3.5607023,92391.234,47.60006,8.4445907e-07,0.99903107,0.16503906,0.004667783,-15.018574,-15.02974,-3.595324,3843.4058,5.8115673,2.1513786e-05,0.015315051364898682,22260.087372779846,490000
30.758856,-0.24484229,-8.974102,0.40564847,1.0,0.9990635,0.265625,0.0041256235,-15.744368,-15.756707,-3.1208115,788.3607,1.1622336,5.642275e-06,1.3722658,-1.0641739,15.251094,0.99905396,0.22949219,0.0041818414,-15.292725,-15.304549,-3.1959844,1426.4678,2.0350802,9.114211e-06,42.344135,-0.26123232,-9.028111,0.4191508,1.0,0.9990425,0.203125,0.0044629676,-15.491144,-15.502914,-3.4503026,18810.414,14.475667,1.1130295e-05,0.9990387,0.19335938,0.0044801817,-15.123064,-15.134458,-3.4679222,1149.9304,3.4894533,7.86742e-05,0.015295660495758057,22336.565676689148,495000
37.363243,-0.2596872,-9.003931,0.41310585,1.0,0.99906063,0.26757812,0.004070147,-15.690392,-15.702726,-3.0725057,230.30455,1.0048497,2.153155e-06,0.86949944,-1.1365722,19.23165,0.99904156,0.23828125,0.004126259,-15.422998,-15.435048,-3.0964527,180.15294,0.98230696,1.7578349e-06,48.521538,-0.2536633,-8.991457,0.4099872,1.0,0.99903584,0.21777344,0.004539471,-15.245226,-15.256711,-3.4959784,2828.2512,3.0733087,6.604123e-06,0.9990349,0.17578125,0.0045931702,-14.985598,-14.996764,-3.5631146,455.54514,1.2355098,2.5340044e-06,0.015284657192230225,22412.988964557648,500000
42.262825,-0.24669999,-8.956803,0.4013237,1.0,0.9990759,0.27734375,0.004043415,-15.8353195,-15.847858,-3.0088005,168.9066,1.0357171,6.202116e-05,0.98132163,-2.0972655,23.988167,0.99906826,0.22949219,0.004094018,-15.509127,-15.521297,-3.0584595,151.99992,1.049968,4.1406307e-05,35.22178,-0.24631774,-8.997503,0.4114989,1.0,0.9990225,0.20703125,0.0044756196,-15.405906,-15.4176655,-3.3760457,15040.412,8.219416,9.8585815e-06,0.9990263,0.18164062,0.004506615,-15.125187,-15.136634,-3.4160633,396.90918,0.95807993,5.6574154e-06,0.4119906085014343,24472.94201016426,505000
41.23888,-0.2423621,-9.008314,0.41420138,1.0,0.9990759,0.2626953,0.0040362617,-15.770517,-15.782993,-3.0078619,683.87054,1.1046015,3.1362255e-05,2.976928,-1.4206195,21.523735,0.9990654,0.2265625,0.004091262,-15.379553,-15.391559,-3.097089,435.51492,0.961252,3.8083017e-05,49.034466,-0.20507509,-9.016121,0.41615313,1.0,0.999032,0.19824219,0.004519173,-15.410304,-15.422014,-3.4298482,405.73148,1.3576651,5.331618e-07,0.9990339,0.18261719,0.004532693,-15.048341,-15.0596075,-3.5236197,124.321,0.675763,6.2359363e-06,0.024336109685897826,24594.622561454773,510000
37.80786,-0.22686377,-8.971088,0.40489525,1.0,0.99906445,0.27246094,0.004058143,-15.70207,-15.714512,-2.9745593,207.77254,1.1385711,1.8939129e-06,3.267175,-0.99635386,23.377808,0.9990654,0.2529297,0.0041121715,-15.316275,-15.328262,-3.052528,296.32953,1.1958499,6.4566907e-06,41.173706,-0.24283797,-9.041687,0.42254472,1.0,0.9990406,0.20996094,0.0045663826,-15.444363,-15.456038,-3.499625,991.93,1.6491209,1.8772345e-06,0.99903774,0.17382812,0.004585552,-15.054438,-15.06569,-3.543589,1024.568,1.9661956,2.1329422e-06,0.024588826942443846,24717.566699028015,515000
35.13275,-0.25458097,-8.961073,0.40239108,1.0,0.99905777,0.2607422,0.004098084,-15.725964,-15.738349,-3.0557003,1721.4463,1.9882064,3.2068045e-05,1.3117399,-0.6581307,17.187447,0.99904346,0.21777344,0.0041602887,-15.424652,-15.436673,-3.1271765,379.89166,1.2461703,4.2389e-05,46.396137,-0.2360079,-9.009683,0.4145435,1.0,0.9990301,0.19335938,0.0045552207,-15.309716,-15.321227,-3.534256,125.77332,0.41580033,8.08296e-07,0.99902534,0.18457031,0.0046035415,-14.942531,-14.95362,-3.5981805,704.7188,1.3971055,2.1648355e-06,0.02104785680770874,24822.80598473549,520000
46.707,-0.21831238,-8.98354,0.40800768,1.0,0.99907017,0.2734375,0.0040449053,-15.613781,-15.626103,-3.0078135,858.1074,1.5072819,5.371063e-05,3.340415,-1.2893579,29.39409,0.99905205,0.22851562,0.004139987,-15.244499,-15.256364,-3.108551,365.71786,1.1371437,1.4246076e-05,44.47067,-0.22279304,-9.046103,0.42364848,1.0,0.9990244,0.18164062,0.0046416093,-15.258744,-15.270196,-3.544569,25337.78,13.938378,3.980345e-06,0.9990225,0.15722656,0.0046814894,-14.910845,-14.921864,-3.6376762,417.7533,0.82026196,8.986832e-08,0.019446104383468627,24920.036507844925,525000
31.036083,-0.22726497,-8.993958,0.41061255,1.0,0.9990692,0.25390625,0.0040547405,-15.960197,-15.972813,-3.054554,262.44092,1.1580526,4.141964e-06,1.2088706,-1.3488522,17.8935,0.99906635,0.22558594,0.0041397735,-15.548157,-15.560309,-3.1152027,718.02765,1.9288765,4.615735e-06,49.000603,-0.20862432,-8.988407,0.40922463,1.0,0.99904156,0.20703125,0.0044503314,-15.518262,-15.530057,-3.4528036,1484.9138,2.319498,1.2451052e-06,0.999032,0.18359375,0.0044983276,-15.097794,-15.109142,-3.4878964,1307.8406,3.2783945,3.4606016e-06,0.019254396867752075,25016.30849647522,530000
32.17995,-0.26539552,-8.997583,0.41151893,1.0,0.9990635,0.26464844,0.0041267965,-15.798366,-15.810787,-3.0908344,417.48746,1.1328521,7.409222e-06,5.3309464,-1.5199531,30.423931,0.99905586,0.23535156,0.004182572,-15.427387,-15.439396,-3.142254,154.8786,0.8688726,1.21854655e-05,48.265152,-0.18268111,-8.970575,0.40476668,1.0,0.9990349,0.171875,0.004616251,-15.438818,-15.450377,-3.6137223,118528.2,59.915855,1.0075555e-06,0.9990244,0.14746094,0.0046829553,-15.095284,-15.106456,-3.6672924,178.71033,0.59932536,5.6374665e-06,0.019051405811309815,25111.565526485443,535000
33.520267,-0.22143498,-8.998162,0.41166362,1.0,0.9990692,0.28125,0.004054956,-15.782283,-15.794769,-3.0087438,129.6573,0.85834026,3.1901527e-05,2.0784714,-1.0160118,18.312893,0.99905586,0.24902344,0.004122166,-15.504118,-15.516257,-3.0856428,104.823,0.7654745,2.82117e-05,44.058228,-0.2252123,-8.985816,0.40857708,1.0,0.9990368,0.2109375,0.0045245476,-15.43432,-15.446004,-3.4822829,2281.5347,2.324966,2.147102e-06,0.99903584,0.19921875,0.004537993,-15.067133,-15.07844,-3.4994388,375.84338,0.9808127,1.2393247e-05,0.019485073614120482,25208.990898132324,540000
36.99373,-0.28254265,-8.988876,0.40934187,1.0,0.99907017,0.25585938,0.0041487003,-15.872246,-15.884679,-3.1537366,447.70074,1.3346915,2.3511375e-06,1.626692,-1.799845,22.808216,0.9990635,0.23535156,0.004161964,-15.426361,-15.438384,-3.1271727,818.3934,1.9132096,6.19772e-06,49.429108,-0.22884086,-8.9896145,0.4095267,1.0,0.9990339,0.20214844,0.0045125214,-15.518571,-15.530356,-3.46213,88070.586,44.549767,4.464305e-06,0.99903107,0.18652344,0.0045729503,-15.120555,-15.131875,-3.540462,335.90927,1.2928396,6.515565e-06,0.01959113869667053,25306.94659256935,545000
36.566975,-0.24918292,-8.987274,0.40894145,1.0,0.9990616,0.25585938,0.0041139447,-15.762289,-15.774657,-3.1087782,463.92874,1.2100857,5.4475627e-06,3.5453532,-2.619318,26.314785,0.9990549,0.22753906,0.0041650794,-15.409563,-15.421537,-3.1591115,328.7265,1.2015327,9.855178e-06,46.408283,-0.28618178,-9.042995,0.42287183,1.0,0.9990244,0.19824219,0.0045627216,-15.57203,-15.583868,-3.46204,3493.0457,4.31662,2.123394e-05,0.99902725,0.1640625,0.004686064,-15.16257,-15.173923,-3.548849,13515.454,17.721846,8.2579055e-09,0.019150613594055177,25402.699664592743,550000
37.770786,-0.23172367,-8.984367,0.4082147,1.0,0.9990635,0.27441406,0.0040283985,-15.867176,-15.879722,-3.0335386,77.3981,0.87165815,4.3787953e-05,1.6105894,-2.004115,22.248072,0.99906254,0.25878906,0.0041062552,-15.581094,-15.593276,-3.117704,330.5845,1.1761954,6.0827882e-05,53.473194,-0.23632807,-8.988409,0.40922517,1.0,0.9990301,0.18847656,0.004626878,-15.287994,-15.299363,-3.6581914,586.74786,0.9282603,1.9227994e-07,0.99902725,0.17675781,0.0046992227,-14.963808,-14.974791,-3.729061,554.7752,1.0464615,1.3886384e-07,0.019355521154403685,25499.47727203369,555000
34.79089,-0.2682371,-9.003435,0.41298172,1.0,0.9990673,0.28125,0.0040217363,-16.07384,-16.086584,-3.0338418,353.184,0.94754493,1.5086168e-05,0.96926004,-0.9667262,16.649725,0.9990616,0.24414062,0.0040766024,-15.717058,-15.729411,-3.0795538,175.21448,0.8404982,9.306097e-06,37.86515,-0.30675626,-9.029313,0.41945112,1.0,0.99904346,0.18261719,0.0045462023,-15.436022,-15.44762,-3.5709376,629.947,0.91691947,8.876718e-07,0.99903965,0.16601562,0.004571613,-15.044244,-15.055442,-3.5892954,110.9332,0.74617374,5.917036e-06,0.019524028444290163,25597.097417593002,560000
37.381683,-0.26730293,-8.990244,0.40968382,1.0,0.99907494,0.27539062,0.0040112287,-15.981038,-15.993754,-2.9740844,1084.5385,1.697844,5.9947483e-06,1.4420881,-0.7469697,18.801928,0.99906254,0.22851562,0.004077583,-15.615171,-15.627455,-3.049144,254.8641,1.4447908,2.3256092e-05,47.10504,-0.24293497,-9.007534,0.4140064,1.0,0.99904156,0.19921875,0.0045692357,-15.422018,-15.433646,-3.525482,1137.0559,1.8101602,1.8096101e-05,0.9990339,0.16894531,0.0046267062,-15.053387,-15.064592,-3.5901477,372.83072,1.386421,4.6852874e-05,0.017791908740997314,25686.05696249008,565000
36.501747,-0.21220388,-9.002432,0.412731,1.0,0.99905396,0.25878906,0.0040856763,-15.658063,-15.670366,-3.070885,710.6488,0.9688075,6.196605e-05,1.1391555,-1.027167,18.776924,0.99905014,0.22851562,0.004113652,-15.338328,-15.350279,-3.113134,446.95633,1.2147735,1.1823462e-05,53.316982,-0.21503028,-9.032224,0.42017877,1.0,0.9990406,0.21582031,0.0044447337,-15.569536,-15.581416,-3.4154553,859.3043,1.4698553,2.7988574e-07,0.99903774,0.18261719,0.004512966,-15.1757965,-15.187218,-3.4931798,346.28128,1.3237104,1.6585908e-07,0.014066342401504516,25756.38867545128,570000
42.05683,-0.23689231,-8.978701,0.40679798,1.0,0.99906445,0.2705078,0.0040925248,-15.8148,-15.827254,-3.0736256,379.3135,1.3110873,6.1814217e-06,1.4192531,-2.111622,24.406012,0.9990587,0.24316406,0.0041443426,-15.424316,-15.43633,-3.1350434,205.69374,1.3058479,4.849545e-06,43.990063,-0.30317295,-8.960117,0.40215227,1.0,0.9990282,0.19726562,0.0045592487,-15.557289,-15.56907,-3.5059972,211.2953,0.9848274,1.068083e-06,0.9990082,0.17578125,0.004654252,-15.151943,-15.163315,-3.5191236,399.60883,1.957644,1.0401363e-05,0.012990875434875489,25821.343054294586,575000
37.348976,-0.20859788,-8.980312,0.40720105,1.0,0.9990721,0.2685547,0.00397785,-16.103832,-16.11668,-2.962657,320.68558,1.3433092,4.0901964e-06,0.775432,-0.7914743,17.295364,0.9990635,0.25585938,0.0040400485,-15.70183,-15.714221,-3.0253754,176.28853,1.2624109,1.357761e-05,47.908382,-0.28179097,-8.991346,0.40995944,1.0,0.99903584,0.20214844,0.004530916,-15.489937,-15.501682,-3.474912,1428.0706,2.5590215,4.084433e-07,0.99902725,0.18652344,0.004573732,-15.094626,-15.105957,-3.502756,1319.6761,2.7013874,5.644942e-07,0.008971129369735717,25866.198702812195,580000
34.30629,-0.21723412,-8.97055,0.40476027,1.0,0.9990835,0.26757812,0.0040201186,-15.896324,-15.908922,-3.0094657,374.532,1.9209212,1.6659102e-05,1.6675766,-1.1369785,16.6946,0.99906635,0.24023438,0.004065909,-15.544088,-15.556292,-3.060617,628.7674,3.050603,4.4292236e-05,48.866405,-0.21336502,-9.015261,0.41593814,1.0,0.99903584,0.20800781,0.0045029987,-15.5556345,-15.567425,-3.4931965,974.00586,1.8411971,5.843242e-07,0.99903584,0.19140625,0.0045793327,-15.206951,-15.21833,-3.566241,4633.4995,5.829532,3.7121723e-07,0.009248555326461792,25912.44148516655,585000
46.249607,-0.20503956,-8.951941,0.40010798,1.0,0.999073,0.28808594,0.0039606253,-16.042349,-16.05517,-2.9253,181.48065,1.2018107,1.2356355e-05,1.0847232,-2.2785702,22.01178,0.99905777,0.25585938,0.0040135616,-15.724455,-15.736876,-3.019744,357.47244,1.1331604,2.607765e-05,46.683075,-0.22860031,-9.024172,0.4181658,1.0,0.9990349,0.18554688,0.004500254,-15.521336,-15.533176,-3.4074068,596.7257,2.018167,1.6751069e-07,0.999032,0.15917969,0.004587342,-15.244526,-15.255962,-3.5441709,93.113235,0.78897125,9.137256e-08,0.015234996318817138,25988.616468429565,590000
37.60525,-0.2920925,-8.996591,0.41127074,1.0,0.99906826,0.27734375,0.004063838,-16.029018,-16.041739,-3.0162253,260.50278,1.14726,3.8458977e-05,1.5963616,-1.4646841,21.891823,0.99906445,0.24023438,0.004087596,-15.62771,-15.64001,-3.0440576,272.97177,1.2643535,1.9538244e-05,42.548317,-0.27065745,-9.036381,0.4212181,1.0,0.9990301,0.16699219,0.0046365736,-15.752246,-15.764252,-3.4707742,288720.28,370.32724,5.8002695e-07,0.99902725,0.16699219,0.0046785693,-15.303295,-15.3148,-3.5337653,1079.0848,2.8210542,3.7513084e-07,0.015274344635009766,26064.988195180893,595000
45.880493,-0.2180146,-9.003172,0.4129157,1.0,0.9990587,0.2685547,0.0040843403,-15.97742,-15.990015,-3.0939984,68.47064,0.6641155,4.8915143e-05,1.7079579,-1.2234567,22.674023,0.9990635,0.24804688,0.004098983,-15.6355715,-15.647819,-3.1061096,511.2832,1.017957,4.9300335e-05,43.411053,-0.24540347,-9.023977,0.41811717,1.0,0.9990301,0.18652344,0.0045063347,-15.566982,-15.578808,-3.469851,347.6598,0.9240804,1.0636073e-06,0.9990206,0.17480469,0.0045685666,-15.230436,-15.24187,-3.5346818,157.3395,0.9914572,6.3361317e-06,0.01526392045021057,26141.307799100876,600000
42.165512,-0.2309472,-8.992435,0.41023153,1.0,0.9990759,0.26367188,0.004097866,-15.936,-15.948568,-3.0776443,263.8276,1.390037,5.4716493e-06,1.3312894,-2.8108199,24.052933,0.9990597,0.25097656,0.0041257422,-15.614138,-15.626349,-3.121152,272.52164,1.4332817,7.6634424e-05,50.559944,-0.2434564,-9.013552,0.41551074,1.0,0.99902916,0.19433594,0.004650933,-15.467794,-15.479445,-3.5483842,1416.1779,1.9283332,4.5099646e-06,0.9990244,0.17675781,0.004729643,-15.204721,-15.216034,-3.6327002,260.86575,1.286736,2.3552084e-06,0.37320001411437986,28007.307873010635,605000
33.152107,-0.25253698,-8.993126,0.41040453,1.0,0.99905396,0.24707031,0.00411324,-15.831166,-15.843666,-3.043982,151.08942,1.0132809,4.324288e-06,2.2204013,-1.0315326,20.493477,0.99905205,0.22949219,0.004154207,-15.520071,-15.532226,-3.0868034,117.334015,1.0414609,4.3574455e-05,45.699417,-0.28270727,-9.009535,0.41450676,1.0,0.9990339,0.20605469,0.004484945,-15.6772175,-15.689202,-3.4177594,686.34125,1.4150419,4.8782254e-06,0.99901676,0.18164062,0.0045610564,-15.374718,-15.386353,-3.4720883,1571.6562,3.1214316,5.5113037e-06,0.02466129288673401,28130.614340543747,610000
40.96428,-0.21174991,-8.945408,0.39847493,1.0,0.99909115,0.29003906,0.003922393,-16.009409,-16.022215,-2.9074876,313.91107,1.735234,1.0524785e-05,1.6103033,-1.305232,22.556986,0.99908066,0.2705078,0.0039664474,-15.678758,-15.691156,-2.9947813,155.04855,1.1139328,3.414218e-05,51.890877,-0.2253798,-8.977678,0.40654233,1.0,0.9990244,0.17578125,0.004550787,-15.4517145,-15.46345,-3.4465332,2848.8926,2.391562,6.0771954e-06,0.9990301,0.15917969,0.0046072165,-15.215405,-15.226816,-3.5419326,261.6099,1.0775167,2.697835e-06,0.024423819589614867,28252.733443260193,615000
40.14383,-0.22506478,-8.995035,0.41088194,1.0,0.99907017,0.26953125,0.0040945928,-15.841348,-15.853836,-3.0648358,312.46994,1.1493927,2.4760077e-06,2.3652978,-2.0805767,21.60033,0.999053,0.22949219,0.0041528414,-15.359432,-15.371381,-3.1365724,152.34851,1.0627925,2.2812435e-05,39.886124,-0.26713735,-9.030399,0.41972286,1.0,0.9990339,0.17871094,0.0045151277,-15.4485855,-15.460291,-3.472482,255.99269,1.0514976,8.769131e-08,0.9990339,0.15625,0.0045663966,-15.016994,-15.028211,-3.5420227,784.84204,1.5277828,6.0859503e-07,0.024479656839370728,28375.131729364395,620000
40.81153,-0.2376804,-8.965467,0.4034899,1.0,0.9990635,0.27734375,0.004033735,-15.982299,-15.995025,-2.963561,320.8604,1.352049,3.0851214e-05,1.5681341,-1.0893644,22.280766,0.99905205,0.25976562,0.00412698,-15.665629,-15.677977,-3.0337996,304.56805,1.4609945,2.3639857e-05,41.771664,-0.27626324,-8.973613,0.405526,1.0,0.99903774,0.19140625,0.0046020355,-15.294451,-15.30592,-3.5617762,106.80883,0.5031064,4.010974e-06,0.9990387,0.18066406,0.004656786,-14.945436,-14.956519,-3.6071708,113.441475,0.76717633,5.6231515e-06,0.024371041011810302,28496.986937761307,625000
33.11248,-0.28461534,-8.994218,0.4106773,1.0,0.999074,0.27441406,0.004027091,-15.890772,-15.903342,-3.0316606,209.07097,0.80892134,2.7430873e-05,1.0289391,-0.9662386,18.434118,0.99905777,0.24023438,0.004104168,-15.6371155,-15.649383,-3.087962,108.578804,0.69883573,5.279853e-06,54.919304,-0.21214357,-8.979759,0.4070627,1.0,0.99902725,0.203125,0.004487576,-15.518551,-15.530354,-3.4442592,284.36322,0.93299663,2.2661873e-06,0.9990225,0.18359375,0.004548793,-15.259865,-15.27137,-3.4910674,199.88017,0.98562306,3.568751e-06,0.024392783975601195,28618.950860500336,630000
38.61769,-0.25472423,-9.002391,0.41272074,1.0,0.99906445,0.2705078,0.003991628,-16.080448,-16.093267,-2.9665813,892.19354,1.6151699,5.709601e-06,2.131279,-3.5761223,27.231564,0.99905014,0.23242188,0.0040889364,-15.7524,-15.764831,-3.0363026,220.44221,1.1504402,8.179577e-06,36.482807,-0.26917052,-9.000948,0.41236007,1.0,0.999033,0.18457031,0.004611209,-15.435287,-15.446915,-3.5414433,216794.06,107.41651,2.616293e-06,0.9990244,0.15917969,0.004655627,-15.034331,-15.045543,-3.5643983,6302.3403,7.098445,2.0092966e-05,0.02443157868385315,28741.108758211136,635000
31.566406,-0.20009834,-8.966691,0.40379584,1.0,0.9990568,0.26171875,0.004039839,-15.993832,-16.00655,-2.9834812,582.1387,1.9174492,1.9485017e-06,2.9126282,-2.8720295,20.69426,0.99905205,0.23925781,0.0040774406,-15.577095,-15.589345,-3.044726,768.4487,2.2175927,2.9304461e-05,47.35251,-0.2268182,-9.023474,0.41799158,1.0,0.999033,0.1875,0.004525511,-15.616328,-15.628252,-3.4173043,12130.644,7.6552496,9.33439e-06,0.9990263,0.17285156,0.0046200696,-15.297297,-15.308816,-3.5125728,1377.2529,3.5811286,1.2213376e-05,0.024462993049621583,28863.423724889755,640000
41.214825,-0.20479244,-8.953756,0.40056205,1.0,0.99906635,0.27148438,0.0040284176,-15.858307,-15.870884,-2.993229,312.10468,1.258575,4.188926e-06,2.1520855,-1.4617879,25.064472,0.99905777,0.24804688,0.004100028,-15.622116,-15.634372,-3.084475,749.1898,1.3547369,1.1694427e-06,40.244247,-0.24108966,-8.978231,0.4066809,1.0,0.9990387,0.18261719,0.004572913,-15.442118,-15.453734,-3.5588923,2566.8428,2.6185668,9.049879e-07,0.99902916,0.17089844,0.004628679,-15.095083,-15.10629,-3.6314378,2909.381,4.0081606,2.5608432e-07,0.02444876117706299,28985.667534589767,645000
40.53317,-0.21964487,-9.002716,0.41280198,1.0,0.9990721,0.27148438,0.0040062224,-16.128517,-16.141405,-2.942752,532.75336,2.3552213,1.1288312e-05,3.197226,-1.3131346,25.661951,0.99906826,0.24609375,0.0040237852,-15.717204,-15.729695,-2.9397087,663.1282,2.199769,1.3688682e-05,50.420494,-0.22757909,-8.979982,0.40711862,1.0,0.9990425,0.19824219,0.0045029623,-15.51442,-15.526206,-3.4572036,172757.27,85.66314,2.746688e-06,0.9990339,0.18457031,0.0045869257,-15.13825,-15.149573,-3.554722,242.19907,1.1500399,2.0570937e-08,0.024503052616119386,29108.182799100876,650000
35.545425,-0.23049541,-8.983582,0.40801832,1.0,0.9990711,0.26367188,0.0040604565,-15.86182,-15.874362,-3.0307705,444.2633,1.3988724,1.798206e-05,3.9261055,-1.764586,23.142004,0.9990587,0.23828125,0.0041078636,-15.552599,-15.564802,-3.0683684,162.47237,1.2468945,1.8377217e-05,45.26567,-0.24674112,-9.008609,0.41427505,1.0,0.9990492,0.19433594,0.004499271,-15.66414,-15.676031,-3.4988546,594.6887,1.2915447,1.1186855e-05,0.9990387,0.16113281,0.004548117,-15.327162,-15.338703,-3.518985,1976.5383,3.874939,9.326888e-06,0.024560186290740967,29230.98373222351,655000
36.4378,-0.23857513,-9.019404,0.4169741,1.0,0.9990673,0.28222656,0.004071922,-15.726574,-15.738981,-3.0342605,194.82373,0.82994306,1.848798e-05,1.9849596,-1.2348224,19.526375,0.9990511,0.23144531,0.004155831,-15.365882,-15.377869,-3.1039696,347.18088,0.82772356,2.082489e-05,33.280228,-0.279342,-8.961033,0.4023813,1.0,0.99903107,0.17675781,0.004588538,-15.549299,-15.560966,-3.6143286,340.27264,0.7201171,1.8877369e-06,0.99902534,0.15722656,0.0046646874,-15.221607,-15.232868,-3.700759,255.71404,0.5678498,3.5376384e-09,0.02372548575401306,29349.611162424088,660000
33.65983,-0.26529133,-8.993266,0.41043937,1.0,0.9990711,0.28515625,0.003987872,-16.033953,-16.04674,-2.952879,319.41278,1.504515,8.6082066e-05,1.7875729,-1.1419246,18.115704,0.99906635,0.2529297,0.004076186,-15.641387,-15.653701,-3.0430446,199.2886,0.907769,6.3518295e-05,46.692173,-0.26948243,-8.990493,0.40974608,1.0,0.9990339,0.17382812,0.004699612,-15.610924,-15.622669,-3.5965474,36579.074,37.061012,1.1075651e-06,0.99903774,0.16894531,0.004672798,-15.2653675,-15.276757,-3.6127357,609.331,1.534189,9.0550594e-07,0.019669072818756104,29447.956530094147,665000
38.290436,-0.23095608,-8.980346,0.4072095,1.0,0.99906254,0.27246094,0.0040558684,-16.072687,-16.085407,-3.0617356,502.43018,1.0990641,3.762448e-05,3.5004737,-3.1532402,25.880152,0.999053,0.25390625,0.004115198,-15.707237,-15.719556,-3.1056094,238.82518,1.1519278,4.2767282e-05,49.33229,-0.2891696,-8.997996,0.41162202,1.0,0.9990101,0.1953125,0.0045152903,-15.841309,-15.853475,-3.395438,591.4657,1.9708494,7.1455514e-07,0.9990158,0.17480469,0.0045978753,-15.3840475,-15.395687,-3.476457,586.83014,2.0419755,8.031152e-06,0.019459904193878174,29545.25605249405,670000
36.82013,-0.27346674,-9.003525,0.413004,1.0,0.9990635,0.2861328,0.004053771,-15.823814,-15.836347,-3.0024023,558.54333,1.6588726,4.808741e-06,3.2897663,-3.4946454,26.66011,0.99906445,0.23730469,0.004120554,-15.349102,-15.361127,-3.048307,1691.801,2.4479678,2.9155337e-06,40.71319,-0.26241413,-9.025118,0.41840214,1.0,0.99903107,0.20410156,0.004516449,-15.482258,-15.4940195,-3.4489598,18288.482,19.822418,4.3041937e-06,0.9990282,0.17578125,0.004591035,-15.065878,-15.077158,-3.5258982,308.10413,1.124172,2.0604728e-06,0.019647305345535278,29643.49258375168,675000
40.716297,-0.26620096,-9.004878,0.41334254,1.0,0.99907494,0.28222656,0.004012568,-16.13695,-16.149805,-2.9854872,180.98279,1.2397723,3.3174652e-05,1.4091499,-0.75294554,21.303555,0.9990587,0.23632812,0.0041196444,-15.718601,-15.730908,-3.1288009,117.61588,0.999849,4.233789e-05,46.00399,-0.22790745,-9.008344,0.4142089,1.0,0.9990282,0.18945312,0.0045885565,-15.709999,-15.72186,-3.5757108,12991.551,7.390888,4.433097e-06,0.9990225,0.1796875,0.0046180286,-15.258644,-15.270042,-3.598695,371.54474,1.253435,8.097465e-07,0.019549670124053956,29741.240937948227,680000
47.55165,-0.18265338,-8.980412,0.40722603,1.0,0.9990597,0.28710938,0.003950426,-15.93628,-15.949051,-2.872463,4295.4663,4.451371,1.4632003e-05,0.9570325,-1.2498877,22.492111,0.99905205,0.2548828,0.00403905,-15.512856,-15.525107,-2.979622,165.22379,1.3807884,5.834786e-06,43.00878,-0.25783557,-9.00344,0.41298294,1.0,0.9990387,0.22167969,0.0045507,-15.567943,-15.57977,-3.4689279,426.32336,1.4047511,1.9789047e-06,0.999032,0.19335938,0.004601745,-15.226526,-15.237939,-3.5512068,2130.2341,3.7276378,1.1853088e-05,0.012085271739959717,29801.66729950905,685000
34.58538,-0.26805258,-9.012676,0.415292,1.0,0.9990597,0.2685547,0.0040542693,-16.113605,-16.126421,-3.001141,380.14264,1.3929491,9.292245e-06,1.1966126,-1.1568534,18.398664,0.99905586,0.23144531,0.004071113,-15.660522,-15.67287,-3.0302773,370.99277,1.5280343,1.2487993e-05,42.369766,-0.2675981,-8.981482,0.4074935,1.0,0.99902916,0.18945312,0.0045845616,-15.505941,-15.517605,-3.573987,98906.31,48.94338,3.6205765e-06,0.999033,0.17382812,0.004630934,-15.12878,-15.140019,-3.6301694,1157.9352,1.8693947,1.69499e-07,0.008993532133102417,29846.634961605072,690000
39.82386,-0.20661387,-8.955893,0.40109593,1.0,0.9990616,0.27929688,0.004003805,-16.11026,-16.123112,-2.9652162,425.0511,0.9342591,9.503527e-06,2.3943653,-1.292798,23.74309,0.99905396,0.2548828,0.0040594013,-15.666229,-15.6785555,-3.0562508,64.91186,0.64481074,6.0447856e-06,40.718773,-0.3013451,-8.975109,0.4059003,1.0,0.99903965,0.1796875,0.0045213765,-15.510439,-15.522218,-3.4621735,581.1225,1.2132791,1.1412621e-05,0.99903965,0.17871094,0.004550922,-15.110742,-15.122067,-3.5235925,1359.6946,1.9235783,7.067819e-06,0.008992524671554565,29891.597586393356,695000
34.574566,-0.24540758,-9.012336,0.41520685,1.0,0.99907494,0.26953125,0.0040616523,-16.090912,-16.103699,-3.010138,221.49101,1.2184267,5.215535e-06,1.3038412,-2.2515993,22.44347,0.99906254,0.24511719,0.0041073235,-15.728107,-15.740515,-3.0338762,358.39328,1.5997102,1.2201409e-05,42.818344,-0.24862075,-9.04044,0.42223278,1.0,0.99903107,0.20117188,0.0044429414,-15.572838,-15.584777,-3.3585744,351.07706,0.95596945,7.71763e-06,0.99903107,0.19433594,0.0044896314,-15.169868,-15.181349,-3.4257057,469.70053,0.9973192,1.0694002e-05,0.008978914070129395,29936.492159843445,700000
45.837822,-0.18994507,-8.986237,0.4086821,1.0,0.99907684,0.28222656,0.0039347596,-16.229385,-16.242393,-2.921695,533.11035,1.7850051,6.9866287e-06,1.2604903,-1.1189691,22.396564,0.9990797,0.26171875,0.003972636,-15.882707,-15.89535,-2.9484577,216.6945,1.8031652,6.0295574e-06,40.88893,-0.28533193,-8.9938755,0.41059196,1.0,0.99903965,0.20898438,0.004522888,-15.660257,-15.67216,-3.4825215,1045.5249,2.071477,1.8150543e-07,0.9990263,0.17773438,0.0046086516,-15.166695,-15.178037,-3.5631614,427.65045,1.1555784,4.596201e-08,0.3399160816192627,31636.072571992874,705000
39.511417,-0.23135644,-9.028418,0.41922742,1.0,0.9990673,0.26464844,0.0040640687,-16.090797,-16.103563,-3.032092,59636.74,33.768456,1.9101682e-05,1.9396187,-1.062284,23.49419,0.99906063,0.24707031,0.0040905466,-15.67557,-15.68788,-3.0817504,189.03117,1.1537548,1.8994378e-05,51.966118,-0.24563463,-9.034197,0.42067227,1.0,0.9990339,0.19628906,0.004501473,-15.648241,-15.660194,-3.421011,6625.185,7.605672,1.6429481e-06,0.9990263,0.16699219,0.004565458,-15.196971,-15.208426,-3.4780152,69.29332,0.6922854,5.1564098e-06,0.025027390336990356,31761.209525108337,710000
41.141426,-0.18893513,-9.011047,0.4148847,1.0,0.9990473,0.26660156,0.004150481,-15.885117,-15.897641,-3.0725775,566.23047,1.5033484,2.030517e-05,1.093039,-1.0533615,20.689762,0.9990473,0.24121094,0.0041647274,-15.470694,-15.482775,-3.1117015,239.60585,0.92313504,1.0507695e-05,44.943176,-0.22593904,-9.007868,0.4140899,1.0,0.9990368,0.19921875,0.0044733174,-15.495859,-15.507682,-3.4015086,1674.028,2.7650518,8.066808e-06,0.9990263,0.17675781,0.0045183683,-15.099452,-15.110799,-3.490541,405.40234,1.0202816,2.0669705e-07,0.025345397090911864,31887.93651366234,715000
38.548367,-0.19502829,-8.941111,0.3974007,1.0,0.9990597,0.26953125,0.0041377847,-15.851639,-15.864072,-3.131494,130.71892,0.51910996,3.0235935e-06,0.91966844,-1.1492755,19.864317,0.99904156,0.23144531,0.0041684494,-15.396076,-15.408036,-3.1611056,298.03043,0.8069751,1.3469481e-05,56.193382,-0.20433097,-9.00461,0.4132755,1.0,0.9990339,0.20507812,0.004519743,-15.87887,-15.891041,-3.427051,5290.5376,8.06053,3.4554276e-08,0.999032,0.17675781,0.004610693,-15.4175,-15.429107,-3.5436666,396.14413,2.0335188,1.3027358e-07,0.025130691385269164,32013.589972496033,720000
39.54501,-0.25153658,-8.982103,0.4076486,1.0,0.9990635,0.26464844,0.004010194,-16.053791,-16.06658,-2.970368,636.90027,1.5594134,1.7869792e-05,1.1725789,-1.9500719,24.715847,0.9990511,0.23925781,0.004059499,-15.67733,-15.689711,-3.0098593,236.57283,1.0102551,4.4013785e-05,42.51397,-0.223388,-9.016022,0.41612837,1.0,0.9990387,0.18457031,0.004565983,-15.428039,-15.439648,-3.552457,356.57715,1.2026554,8.281653e-07,0.9990406,0.17382812,0.004620582,-15.079653,-15.090882,-3.5923488,850.7088,1.3106805,2.4021543e-07,0.025400421714782715,32140.592082500458,725000
39.135223,-0.22730392,-9.018393,0.41672105,1.0,0.99906445,0.25878906,0.0040360717,-15.9983425,-16.011097,-2.9527235,323.42905,1.4830089,3.872245e-05,1.42494,-2.0788774,20.437374,0.9990568,0.24902344,0.0040835496,-15.555618,-15.567888,-3.0036826,881.1375,1.9310942,2.9231387e-05,56.20542,-0.18994017,-9.020937,0.41735703,1.0,0.99902534,0.19140625,0.004604616,-15.564943,-15.576681,-3.557497,724.66095,0.90555644,4.086763e-07,0.99902344,0.15429688,0.004652228,-15.1762705,-15.187571,-3.61587,130.56847,0.63675296,2.5116088e-07,0.026384456491470337,32272.514367580414,730000
33.063004,-0.23619747,-9.0025625,0.41276366,1.0,0.999053,0.26757812,0.004036925,-15.84882,-15.861345,-3.0344882,125.11397,0.6522355,1.2919768e-05,0.6970478,-1.9582807,18.785759,0.9990463,0.25,0.00410048,-15.469058,-15.481136,-3.1137657,72.26178,0.389981,2.4372479e-05,40.588287,-0.28643876,-9.017438,0.41648263,1.0,0.9990177,0.19726562,0.0045816293,-15.829431,-15.841484,-3.4987307,304.9197,1.2258139,2.537689e-07,0.99900246,0.17285156,0.0046127527,-15.39905,-15.410614,-3.5682287,784.43353,2.502242,1.07161256e-07,0.02492784390449524,32397.15359044075,735000
36.675507,-0.25684267,-8.97057,0.4047653,1.0,0.99908066,0.29589844,0.003987701,-16.094187,-16.107027,-2.9580894,2682.4016,3.5073915,1.890159e-05,1.5551221,-1.387368,20.05996,0.99905586,0.25976562,0.004036577,-15.709612,-15.7220335,-3.0024285,3207.7534,4.228182,2.8946264e-05,54.780106,-0.1903992,-9.013041,0.41538322,1.0,0.9990263,0.1953125,0.0045441557,-15.670299,-15.682226,-3.4690497,1485.2622,1.9741501,9.194485e-06,0.99902916,0.17871094,0.0045527667,-15.300973,-15.312489,-3.5212648,57.776405,0.5602665,2.3672297e-05,0.02502170548439026,32522.26212000847,740000
42.49585,-0.21449408,-8.984079,0.40814263,1.0,0.999073,0.29296875,0.0040262644,-16.136005,-16.14888,-2.9636307,499.9099,1.1889851,2.8319887e-06,1.2798058,-2.1499565,26.316946,0.99906254,0.2626953,0.0040868465,-15.711327,-15.7237215,-3.032368,109.45179,0.7984197,0.00018121893,37.152725,-0.26841605,-9.012337,0.41520712,1.0,0.9990301,0.19140625,0.0045985198,-15.54294,-15.554688,-3.5248868,535.7809,0.9545667,1.38219e-06,0.999032,0.16894531,0.004677261,-15.184505,-15.19579,-3.6388464,261.42422,0.9307142,2.8333272e-07,0.024632390308380128,32645.424073696136,745000
42.743805,-0.22685543,-9.02557,0.4185154,1.0,0.99906826,0.2705078,0.0040589236,-16.092026,-16.10476,-3.0672119,128.76529,0.693923,7.76659e-06,1.1728265,-2.1955261,24.23835,0.999053,0.23535156,0.00412332,-15.643801,-15.656055,-3.1079197,98.345024,0.71716404,2.7862396e-05,45.93727,-0.22760126,-9.00102,0.41237807,1.0,0.99904156,0.203125,0.004533245,-15.579981,-15.591745,-3.5435417,384.3717,0.9572537,6.8312497e-06,0.999033,0.15917969,0.004629582,-15.154961,-15.166194,-3.6631238,69.97382,0.3183549,2.0211219e-05,0.024807036018371583,32769.45925664902,750000
40.31829,-0.23124777,-8.978438,0.40673256,1.0,0.999073,0.2939453,0.003962783,-16.242031,-16.255018,-2.9578323,171.23206,0.82167596,7.761833e-05,1.1837838,-1.1172271,20.861301,0.99905586,0.2734375,0.0040445086,-15.770792,-15.783245,-3.031468,465.03833,1.4380677,0.00012647452,40.77393,-0.32586455,-9.019022,0.4168785,1.0,0.99904346,0.20507812,0.004489959,-15.684771,-15.696727,-3.4535875,2444.56,3.1720552,1.2062795e-06,0.9990349,0.18554688,0.0045343325,-15.184172,-15.195589,-3.5037897,103.18536,0.6975683,2.59377e-06,0.024658568811416627,32892.75210213661,755000
32.735756,-0.25289664,-8.996569,0.4112653,1.0,0.9990654,0.2783203,0.004049887,-16.015625,-16.028358,-2.9914927,482.2617,1.5042825,2.460281e-05,0.9660846,-1.2322474,19.765783,0.9990692,0.25,0.0041083577,-15.60404,-15.616336,-3.0271745,1121.6406,2.3492517,2.7151298e-05,48.190273,-0.24089527,-9.015137,0.41590714,1.0,0.99901485,0.18945312,0.004593916,-15.607453,-15.6192665,-3.522427,1020.2559,1.635876,3.1327086e-06,0.9990101,0.18261719,0.004635236,-15.234652,-15.246029,-3.59668,45.65367,0.38833836,2.9839707e-06,0.024596393013000487,33015.73406839371,760000
37.29557,-0.31121814,-8.993055,0.41038692,1.0,0.9990721,0.2890625,0.003959902,-16.321285,-16.334375,-2.9283502,713.2288,1.8060379,2.1063935e-05,0.93622017,-0.80069506,18.003468,0.9990654,0.2548828,0.0040606437,-15.953819,-15.9664545,-3.0290549,227.12627,1.0543723,2.3342529e-05,48.042786,-0.22892357,-9.012214,0.4151762,1.0,0.9990368,0.19921875,0.0045386357,-15.810979,-15.822961,-3.553811,86732.22,43.072662,2.971804e-10,0.9990454,0.18457031,0.0045864997,-15.433044,-15.444598,-3.6127157,194.82141,0.5510656,3.084202e-08,0.024354323291778564,33137.505689144135,765000
30.24841,-0.29704973,-9.004876,0.41334203,1.0,0.9990635,0.30566406,0.003968429,-16.155043,-16.167994,-2.9065235,321.54367,1.1294606,1.5793554e-06,0.89636993,-1.0876491,17.74607,0.99905586,0.27148438,0.0040272414,-15.69311,-15.705532,-2.984938,233.02098,0.86358535,1.3601735e-06,36.689903,-0.28763688,-8.981715,0.4075517,1.0,0.99903107,0.19238281,0.0045190738,-15.557982,-15.569806,-3.462595,4851.6997,4.00852,7.107631e-06,0.99902916,0.17578125,0.0045706797,-15.195674,-15.207079,-3.5294309,841.905,1.6742778,1.8827745e-06,0.024508991336822508,33260.050647735596,770000
40.964775,-0.20344841,-9.023203,0.41792396,1.0,0.99907017,0.26660156,0.0041379575,-16.085552,-16.098232,-3.1117985,1348.1809,1.8129745,4.791739e-06,1.0633066,-1.0300012,19.237175,0.9990568,0.21777344,0.0042087436,-15.672754,-15.684934,-3.2125897,240.87537,0.9692597,1.2587162e-05,48.265175,-0.22869582,-8.996793,0.41132116,1.0,0.9990406,0.18359375,0.0045995624,-15.537487,-15.549195,-3.5595949,2212.3948,1.8715583,2.213312e-07,0.99903107,0.1796875,0.0046673943,-15.144188,-15.155436,-3.638406,243.4715,0.93274075,2.409788e-07,0.024512909126281738,33382.6151945591,775000
36.667477,-0.21875748,-8.951078,0.3998926,1.0,0.99907494,0.28710938,0.003951517,-16.204483,-16.2175,-2.8865018,281.62445,1.7725524,4.298084e-05,1.5130103,-1.0610342,21.711662,0.9990635,0.265625,0.004005282,-15.887012,-15.899653,-2.9539843,166.93527,1.4122682,1.4429106e-05,41.58454,-0.23094374,-8.985262,0.40843838,1.0,0.9990444,0.19921875,0.0044445237,-15.712458,-15.724503,-3.3904579,553.07263,1.113562,2.2645886e-06,0.9990368,0.18945312,0.0044652075,-15.410194,-15.421894,-3.4420118,205.85977,0.8713045,6.977693e-06,0.022899711894989013,33497.11375784874,780000
40.527405,-0.19178799,-8.919315,0.39195192,1.0,0.99906826,0.28222656,0.0040741935,-16.238144,-16.25105,-3.0349784,526.8216,1.4317544,7.4858144e-06,0.9876796,-1.730603,19.453526,0.99905586,0.24511719,0.004129175,-15.818798,-15.831198,-3.1336899,314.8735,1.142959,1.0675335e-05,49.793694,-0.20985779,-9.009422,0.41447848,1.0,0.99903107,0.18261719,0.0044539133,-15.785173,-15.797258,-3.4222693,4052.6416,2.971474,1.3592029e-05,0.99903107,0.17382812,0.0045407354,-15.473055,-15.48473,-3.5282626,181.31804,0.84492886,4.3097856e-07,0.019450527954101564,33594.36640048027,785000
43.74863,-0.21506536,-8.937681,0.39654315,1.0,0.99907494,0.28808594,0.0040117004,-16.119974,-16.132843,-2.9543574,155.22263,1.2335827,5.902183e-07,1.2142389,-0.9974161,19.40389,0.9990673,0.24902344,0.0040630335,-15.753398,-15.76584,-3.0255578,140.51006,1.2374895,5.946594e-06,43.930435,-0.30653363,-9.052372,0.42521578,1.0,0.999033,0.18554688,0.0045358483,-15.787138,-15.799184,-3.4633465,35213.87,20.214207,3.1120908e-06,0.9990196,0.1875,0.0045653824,-15.410765,-15.422412,-3.4959354,494.96207,1.1224797,2.355879e-05,0.019488286066055297,33691.80783224106,790000
43.892513,-0.20487663,-8.952572,0.400266,1.0,0.99907017,0.28808594,0.0039815223,-16.180603,-16.193552,-2.9337974,324.5409,1.0614364,2.1237423e-05,1.641763,-0.9887301,20.8168,0.9990492,0.24707031,0.0040397216,-15.932034,-15.944703,-2.970632,452.56702,1.5659069,4.7871188e-05,43.71443,-0.2346288,-9.055443,0.4259836,1.0,0.9990282,0.19238281,0.004593798,-15.6330185,-15.644768,-3.6123753,238.30237,0.45806414,5.0063736e-06,0.99901676,0.16894531,0.0046538347,-15.249746,-15.261048,-3.6884308,393.6518,0.7644943,1.8108486e-06,0.016242871618270874,33773.02219390869,795000
33.07054,-0.29252177,-8.968351,0.4042109,1.0,0.9990721,0.27246094,0.004052164,-16.081726,-16.094543,-2.9652498,762.697,1.9453605,1.1776979e-06,1.2147652,-1.0267148,19.761328,0.99906254,0.24804688,0.004098364,-15.699932,-15.712353,-2.992573,79.92957,1.1429994,1.4552208e-05,53.96943,-0.23106417,-9.03783,0.4215806,1.0,0.9990368,0.17382812,0.004563868,-15.62075,-15.632629,-3.4689994,379.59,1.1892941,5.999315e-07,0.99902916,0.17089844,0.00463969,-15.199655,-15.211043,-3.5489402,148.39363,0.6752407,4.2043163e-07,0.014232707452774048,33844.18573331833,800000
38.54889,-0.18082118,-8.991987,0.4101196,1.0,0.9990654,0.25585938,0.0040188143,-16.043476,-16.05625,-2.9769988,754.595,1.6097968,4.862561e-05,1.6903013,-1.6632804,24.019726,0.99905777,0.23925781,0.0041014003,-15.727428,-15.739771,-3.1018739,203.37257,1.2736481,2.4198107e-05,52.15602,-0.19403501,-9.068754,0.4293114,1.0,0.99903774,0.20019531,0.0045685405,-15.54917,-15.560912,-3.5359328,6892.257,4.911379,6.3126336e-06,0.9990349,0.17382812,0.0046053017,-15.225534,-15.236892,-3.6081314,219.99403,0.82623535,1.4178538e-05,0.29053842334747315,35296.87785458565,805000
40.45414,-0.24570476,-8.98748,0.4089931,1.0,0.9990654,0.2919922,0.00397855,-16.319166,-16.33223,-2.9555025,421.29288,1.0455335,1.0732729e-08,4.418317,-2.028504,29.275341,0.99905586,0.25390625,0.0040425365,-16.088877,-16.101635,-3.0374851,303.3572,0.82040036,8.116621e-06,42.497986,-0.2636838,-9.000181,0.4121684,1.0,0.9990349,0.19042969,0.004604893,-15.726229,-15.738123,-3.5584216,54789.508,27.662558,1.0118125e-08,0.9990349,0.18359375,0.0046341904,-15.4615555,-15.473142,-3.6075351,159.09657,0.77517134,2.3604047e-08,0.024628139495849608,35420.01855301857,810000
40.339966,-0.25555342,-8.935216,0.3959269,1.0,0.9990721,0.2861328,0.003993573,-16.348001,-16.361095,-2.954205,511.8787,1.9759363,3.1924566e-05,1.04916,-1.4136995,23.068851,0.99906254,0.25195312,0.004050758,-15.961231,-15.973885,-3.0167394,83.0292,0.99942976,2.8382008e-05,51.470993,-0.24270928,-8.948309,0.39920014,1.0,0.99903107,0.18554688,0.004562886,-15.749611,-15.761491,-3.5967815,160.75243,0.63537294,1.7260818e-05,0.99903774,0.171875,0.004629063,-15.315645,-15.327072,-3.6246276,1905.0321,3.6387277,6.4023124e-07,0.024741292667388916,35543.72502017021,815000
37.162556,-0.2530467,-8.987382,0.4089685,1.0,0.99907494,0.28320312,0.0039803,-16.372776,-16.385866,-2.9829144,176.7481,0.954417,4.077809e-05,1.2702829,-1.4726052,22.275097,0.99905777,0.26171875,0.004036052,-15.896522,-15.909083,-3.0467217,128.15549,0.95881677,1.4315234e-05,40.319923,-0.25479156,-8.996601,0.41127318,1.0,0.9990406,0.20507812,0.0045084273,-15.670317,-15.682192,-3.5218735,298.79352,0.7235325,1.9630284e-05,0.9990349,0.16210938,0.004566381,-15.307129,-15.31858,-3.5935512,68.41451,0.5006497,3.4775225e-05,0.024590348052978515,35666.676762104034,820000
39.12552,-0.25115225,-9.008841,0.41433308,1.0,0.9990711,0.25878906,0.0040640943,-16.172935,-16.185743,-3.0685496,350.8784,1.3677597,7.178618e-05,1.4674485,-1.5864666,22.00359,0.99906826,0.24121094,0.0041103857,-15.885807,-15.898283,-3.1233592,113.26057,0.842127,3.1014613e-05,44.75711,-0.24874283,-9.012981,0.41536832,1.0,0.99902534,0.19824219,0.00451885,-15.669047,-15.680917,-3.5267968,677.42456,1.1383396,6.480054e-07,0.9990301,0.17089844,0.004532715,-15.386393,-15.397938,-3.5757198,275.92407,0.945468,1.3797817e-09,0.024618951272964477,35789.77152180672,825000
34.782528,-0.25841326,-9.021175,0.41741666,1.0,0.9990759,0.2763672,0.0039654425,-16.181118,-16.194086,-2.914394,289.42886,1.1915205,1.6831827e-05,1.7659602,-0.94258523,17.95941,0.99906063,0.2626953,0.004010431,-15.815732,-15.82828,-2.9777188,333.9793,1.0205528,2.729445e-05,36.6221,-0.27681303,-8.999934,0.41210657,1.0,0.9990368,0.1953125,0.0045067244,-15.775597,-15.787609,-3.4864619,397.17422,1.1560194,7.1001723e-06,0.9990463,0.18847656,0.004546888,-15.330702,-15.342229,-3.5373461,198.33226,0.87896466,2.8243314e-06,0.024559773921966552,35912.57039523125,830000
35.66128,-0.254504,-9.004597,0.41327217,1.0,0.9990759,0.2939453,0.003954866,-16.181381,-16.194345,-2.9161606,596.5789,2.137881,6.407712e-07,2.1855688,-3.549201,26.806608,0.9990673,0.25683594,0.004039567,-15.750218,-15.762694,-2.9872422,369.88962,1.7811606,1.9988594e-05,42.418457,-0.23043647,-8.977587,0.4065197,1.0,0.99905014,0.20214844,0.0044417996,-15.828786,-15.840894,-3.4426427,865.7288,2.2248342,2.0164471e-07,0.99904156,0.18261719,0.0045094145,-15.397645,-15.409259,-3.5170813,271.0578,1.3627027,5.7624165e-06,0.024513861227035524,36035.139703035355,835000
39.402084,-0.25329003,-8.987652,0.40903604,1.0,0.9990673,0.265625,0.0041011926,-16.108408,-16.12114,-3.0824752,95.33572,0.70402676,2.2148897e-05,1.6320515,-2.508727,25.976871,0.9990635,0.24414062,0.0041855252,-15.62378,-15.635962,-3.1615481,215.4767,1.0680604,5.268564e-05,43.09685,-0.26264793,-8.999342,0.41195852,1.0,0.99903584,0.18359375,0.0044552037,-15.702665,-15.71464,-3.4532971,294.66064,0.70081687,4.3579145e-09,0.99903107,0.17675781,0.0045089866,-15.287815,-15.299332,-3.5068645,169.40556,0.70653623,2.0394643e-06,0.024682293510437013,36158.55117201805,840000
38.62918,-0.28603882,-9.009345,0.4144591,1.0,0.99908066,0.2685547,0.004016773,-16.288975,-16.301939,-3.0266018,244.34355,1.1026237,1.2878767e-05,1.2789843,-1.7712396,22.03529,0.9990692,0.24316406,0.0040802695,-15.796913,-15.809315,-3.1106796,690.4141,1.7763174,3.2708078e-05,34.90589,-0.3075369,-9.039389,0.4219702,1.0,0.99903107,0.19726562,0.0045900773,-15.6502285,-15.662027,-3.5809593,1025.1677,1.5936325,2.56129e-05,0.99902344,0.18554688,0.004597824,-15.175049,-15.186362,-3.601225,5577.4966,5.671701,3.026838e-05,0.024742631340026855,36282.264332294464,845000
33.105022,-0.24801995,-9.020349,0.41721007,1.0,0.99908066,0.296875,0.0039523114,-16.10099,-16.113876,-2.9189172,400.08527,1.345996,1.1262526e-05,0.96758366,-1.2013838,19.504599,0.99906445,0.27246094,0.004017205,-15.740185,-15.752661,-2.9781604,274.5311,1.2776157,2.5643158e-07,37.286926,-0.28746426,-9.035616,0.42102683,1.0,0.999032,0.19921875,0.0045622587,-15.607721,-15.61948,-3.5771937,204.98349,0.9276123,8.8545147e-07,0.9990301,0.171875,0.0046407264,-15.212072,-15.223352,-3.6725528,562.6758,1.1765083,7.471781e-07,0.024772028303146364,36406.12447667122,850000
45.498787,-0.20172821,-9.033476,0.42049187,1.0,0.9990711,0.29101562,0.0040059234,-16.299536,-16.312569,-2.9677277,1203.207,1.7993616,9.655663e-06,2.8251245,-3.720821,28.95708,0.99906254,0.24511719,0.0040682377,-15.920651,-15.933239,-3.0436532,110.20802,1.0794532,5.6037775e-06,42.45884,-0.27552277,-8.991307,0.40994957,1.0,0.99902916,0.18164062,0.0046096435,-15.661179,-15.673074,-3.491631,6331.208,6.1848683,1.8425052e-07,0.9990301,0.16796875,0.00462153,-15.266527,-15.277989,-3.541471,1247.977,2.44731,2.6331238e-06,0.02466684045791626,36529.45868062973,855000
42.275475,-0.19865301,-8.988809,0.40932512,1.0,0.9990654,0.28027344,0.0040440806,-16.176891,-16.189703,-3.0712667,539.5985,0.9660444,1.4447543e-05,2.3598878,-1.4231558,24.48452,0.9990597,0.23730469,0.004121077,-15.801102,-15.813451,-3.1691616,143.66327,0.8794875,1.3478848e-05,40.56086,-0.3002672,-9.029085,0.41939408,1.0,0.99904156,0.20800781,0.004475705,-15.7100525,-15.721993,-3.4948196,370.56543,1.2958971,2.6149731e-08,0.99903774,0.17578125,0.004544136,-15.337627,-15.349128,-3.572897,625.5007,1.5088093,1.0300881e-05,0.02472214016914368,36653.06938290596,860000
42.10148,-0.21710595,-9.005585,0.41351908,1.0,0.99905586,0.26367188,0.0040854085,-16.016285,-16.02897,-3.0387604,248.71385,1.0172193,3.804971e-06,2.161223,-1.5538323,25.036228,0.99904823,0.22265625,0.0041471673,-15.639639,-15.651884,-3.1123688,519.0691,1.2985957,1.3369697e-05,45.849277,-0.29053783,-9.009974,0.4146164,1.0,0.99902916,0.18164062,0.00457389,-15.704399,-15.716208,-3.6229699,114.70509,0.44761026,1.1960684e-06,0.9990301,0.16308594,0.004665074,-15.292119,-15.30344,-3.711312,264.52814,0.515057,8.843685e-06,0.024965408515930175,36777.896430015564,865000
33.963337,-0.24670324,-8.978722,0.40680325,1.0,0.9990692,0.26953125,0.004030449,-16.194134,-16.207014,-3.019064,1585.91,2.3836327,3.037468e-05,2.5456257,-1.0223284,20.93748,0.9990692,0.27441406,0.004067464,-15.724877,-15.7372675,-3.049705,611.6464,2.1274252,1.4308327e-05,42.369602,-0.2502818,-9.031897,0.42009723,1.0,0.99901867,0.18847656,0.0046463623,-15.705052,-15.716895,-3.5900056,1384.9027,2.2267575,1.1929555e-07,0.9990282,0.17773438,0.004692594,-15.248972,-15.260345,-3.6141207,184.85542,0.8733729,2.804435e-08,0.024803137588500977,36901.912119627,870000
38.61301,-0.25263786,-9.019608,0.41702473,1.0,0.9990587,0.29296875,0.004067934,-16.227837,-16.240725,-3.0421042,225.43239,1.0715687,1.0423577e-05,1.1406348,-1.1836061,22.861057,0.99905014,0.25390625,0.0041305544,-15.766249,-15.778652,-3.0775132,335.7522,1.56709,1.6266242e-05,42.409435,-0.252962,-9.023005,0.41787398,1.0,0.99903107,0.19238281,0.004608951,-15.783009,-15.794984,-3.5314374,449.15753,1.124867,1.4386161e-08,0.99902916,0.17480469,0.004644658,-15.363009,-15.374561,-3.5451639,3295.2048,5.014322,2.4222497e-06,0.024848115873336792,37026.152703762054,875000
37.90613,-0.20863229,-8.952425,0.40022933,1.0,0.9990692,0.28808594,0.0039702645,-16.161224,-16.174137,-2.952045,398.77206,1.3429801,1.2052578e-05,1.5138104,-1.8596673,23.338062,0.9990587,0.24804688,0.0040326044,-15.570021,-15.582283,-3.0254297,551.38763,1.7467889,6.0730963e-05,41.463528,-0.2839104,-9.034911,0.42085075,1.0,0.99903774,0.17285156,0.0046074362,-15.91798,-15.930031,-3.5902233,4995.937,3.5628996,5.0676244e-06,0.99903584,0.16015625,0.004614487,-15.454717,-15.466296,-3.6084166,100.19852,0.8039037,7.95897e-06,0.0247233913898468,37149.7696621418,880000
46.182068,-0.18924285,-8.958126,0.4016545,1.0,0.99906445,0.2890625,0.0039623436,-16.46968,-16.482893,-2.9515352,334.34866,1.269989,9.8593055e-06,3.3205438,-2.3470917,26.741192,0.99905777,0.22460938,0.004085504,-16.027414,-16.040026,-3.1244493,86.19085,0.7048461,8.801149e-05,47.05473,-0.21213195,-9.0413885,0.4224702,1.0,0.9990282,0.18847656,0.0045710877,-15.756737,-15.768668,-3.5506117,299.4268,0.8191561,1.5239556e-06,0.99902344,0.15527344,0.0046489276,-15.278057,-15.28944,-3.6334176,2926.1182,5.2489595,1.0168709e-06,0.02479854049682617,37273.762367486954,885000
42.62221,-0.22204769,-8.9741955,0.4056718,1.0,0.999074,0.29492188,0.0039931843,-16.183996,-16.196947,-2.9350438,201.34068,1.3342899,3.8287057e-05,1.8298708,-1.7318455,24.915665,0.9990692,0.24707031,0.0040251305,-15.837893,-15.850465,-2.977139,208.5549,1.4976232,4.1851785e-05,51.990936,-0.21367908,-8.975145,0.40590945,1.0,0.999033,0.18457031,0.0045409556,-15.682106,-15.694051,-3.4610775,17126.93,9.919644,7.055928e-09,0.9990339,0.17480469,0.004585782,-15.3300495,-15.341588,-3.527512,232.9581,1.1901366,2.0228417e-09,0.022852131128311158,37388.02302455902,890000
42.02628,-0.1925548,-8.989035,0.4093816,1.0,0.9990797,0.3046875,0.003957509,-16.448763,-16.462044,-2.861431,258.52594,1.5367745,7.264189e-06,1.4458969,-1.611346,21.10753,0.999073,0.2626953,0.0040452424,-15.948495,-15.961178,-2.974122,266.17682,1.8013189,3.2223412e-05,42.72969,-0.24697492,-9.0156765,0.41604206,1.0,0.99903107,0.20507812,0.0045569064,-15.692744,-15.704626,-3.5379958,402.21158,1.2075154,1.125157e-06,0.9990282,0.18457031,0.0045781387,-15.296392,-15.307836,-3.588611,1239.3899,1.6822679,1.7767012e-06,0.01960363326072693,37486.0411939621,895000
37.821945,-0.25422606,-8.980886,0.40734458,1.0,0.99906254,0.28515625,0.0039667897,-16.266682,-16.279722,-2.9235752,1455.5579,2.3048384,2.0067115e-05,0.8835043,-1.1807566,20.09687,0.99906826,0.2578125,0.003993024,-15.868473,-15.881121,-2.9300964,403.58734,1.5868509,9.044177e-05,47.475937,-0.26290572,-8.996638,0.4112825,1.0,0.99901295,0.20996094,0.004589498,-15.715529,-15.727452,-3.5183487,206.67229,0.81438756,3.2661413e-07,0.9990139,0.171875,0.004650014,-15.3392105,-15.350689,-3.5972583,144.27754,0.5939786,3.3822653e-06,0.01978687629699707,37584.975576877594,900000
46.35107,-0.19419308,-9.007819,0.41407782,1.0,0.999074,0.27929688,0.0039608935,-16.247757,-16.26081,-2.894691,263.6547,1.318912,6.1438254e-06,1.3870437,-1.2028373,25.80296,0.99905396,0.25195312,0.0040402208,-15.874683,-15.887275,-2.9949896,43.428017,0.7977152,4.2767442e-05,41.422672,-0.26296902,-8.994394,0.41072166,1.0,0.99902916,0.1875,0.004531136,-15.927002,-15.939273,-3.3747616,983.93475,2.7551143,2.5513762e-06,0.99902153,0.18261719,0.004550373,-15.501859,-15.51367,-3.4181488,2179.984,4.0687056,3.9043593e-06,0.2648473191738129,38909.21217632294,905000
33.52036,-0.19721276,-8.959097,0.40189713,1.0,0.9990721,0.27148438,0.0040082536,-16.204496,-16.21746,-2.9396925,528.72516,1.762408,2.045231e-05,1.5069178,-1.0257838,21.355303,0.9990597,0.24707031,0.004074874,-15.810663,-15.823182,-3.0038447,1438.279,2.7026937,3.7366197e-05,46.960342,-0.24599123,-8.987815,0.40907678,1.0,0.9990263,0.19042969,0.0044619925,-15.648814,-15.660798,-3.3893638,46372.812,23.845076,1.0102736e-08,0.99902725,0.16699219,0.00460223,-15.169752,-15.181146,-3.514018,477.1336,2.089384,8.368972e-07,0.018873798656463624,39003.58117103577,910000
38.69214,-0.23667863,-8.992641,0.41028333,1.0,0.99906635,0.28515625,0.004020749,-16.258585,-16.271582,-2.961688,348.04877,1.8207438,3.4595607e-05,2.3241422,-1.876367,27.078827,0.9990549,0.2607422,0.0040888125,-15.857675,-15.870202,-3.0420463,175.26353,1.4232996,6.5896156e-06,43.402626,-0.24338311,-9.015453,0.41598618,1.0,0.999032,0.20605469,0.004509816,-15.894664,-15.906844,-3.433923,5796.7817,6.811694,3.5434393e-09,0.9990282,0.18359375,0.004576171,-15.409847,-15.421488,-3.5018778,1132.9935,4.626689,8.681191e-09,0.019549146270751952,39101.32690548897,915000
37.91163,-0.2503546,-8.990074,0.40964133,1.0,0.99906826,0.28027344,0.004060562,-16.212708,-16.225632,-2.9912329,278.7278,1.3036572,9.618335e-07,1.671802,-1.9811645,23.343472,0.9990721,0.25195312,0.0040818276,-15.718689,-15.7311125,-3.0099993,92.15235,0.9979883,4.0567276e-05,44.400814,-0.285256,-9.010421,0.4147281,1.0,0.99903107,0.17480469,0.004606953,-15.674591,-15.686421,-3.5714135,45241.258,23.072563,2.6513082e-05,0.999032,0.16113281,0.004679103,-15.289127,-15.300533,-3.6216097,642.9812,1.4566551,4.260548e-06,0.019606391525268555,39199.35886454582,920000
34.70179,-0.2685575,-9.019453,0.416986,1.0,0.9990711,0.2919922,0.003940216,-16.452438,-16.465656,-2.9291573,402.2697,1.2421782,6.8616237e-06,0.9466196,-1.8455951,19.891518,0.9990597,0.25097656,0.0040113153,-15.979648,-15.992359,-2.9741893,135.94113,0.98188245,1.01017495e-05,47.79289,-0.24113697,-9.025799,0.41857266,1.0,0.999032,0.2109375,0.0044723167,-15.821705,-15.833821,-3.4264703,1027.6173,1.538179,2.4737562e-06,0.99902725,0.18457031,0.0045233546,-15.40276,-15.414405,-3.489425,910.3594,1.4367065,3.0481931e-05,0.019592821407318117,39297.32297539711,925000
32.711205,-0.2514218,-9.043848,0.42308497,1.0,0.9990797,0.2919922,0.0039429525,-16.353245,-16.366436,-2.8614745,255.49478,1.2138307,2.5373525e-05,1.0049037,-0.88975245,17.985493,0.99906635,0.27246094,0.003980794,-15.942014,-15.954752,-2.911377,262.35556,1.3716079,4.0906743e-05,52.736404,-0.21409899,-9.070302,0.4296985,1.0,0.9990387,0.20019531,0.0045416066,-15.785952,-15.797962,-3.498863,332.36728,1.1015799,2.4441713e-06,0.9990301,0.18457031,0.004583885,-15.33889,-15.350368,-3.5976055,1209.711,1.6694338,1.6731249e-06,0.022234749364852906,39408.496723890305,930000
50.87274,-0.18240134,-8.965733,0.4035559,1.0,0.99907017,0.2783203,0.0039304635,-16.29887,-16.312,-2.8665335,381.63467,1.3300548,1.6839887e-05,2.6431947,-2.629009,28.82055,0.99906063,0.24609375,0.0040070703,-15.928516,-15.941192,-2.9618607,137.03528,1.093062,5.6513004e-06,38.683685,-0.25854355,-8.995398,0.4109724,1.0,0.9990387,0.19433594,0.004503644,-15.825363,-15.837479,-3.43161,284.54688,1.1604046,5.2416755e-07,0.99902916,0.1796875,0.004570407,-15.464532,-15.476215,-3.511353,4397.88,5.415188,2.8404236e-07,0.02423968505859375,39529.69515323639,935000
33.50567,-0.22974807,-8.953012,0.40037614,1.0,0.999073,0.29296875,0.0039337277,-16.320263,-16.333368,-2.9140086,479.36322,0.95903385,1.1428812e-06,1.2415274,-1.1544702,20.22402,0.9990635,0.2685547,0.0039911596,-15.942906,-15.955579,-2.9777856,112.36019,0.6731417,3.0654603e-05,40.9113,-0.27810866,-9.008156,0.41416204,1.0,0.9990444,0.19628906,0.004440926,-15.882036,-15.894243,-3.39505,3376.5088,3.397558,2.0898709e-08,0.9990387,0.18359375,0.0044854623,-15.524517,-15.536323,-3.446959,386.5684,1.8472656,1.0364933e-07,0.024700834274291993,39653.19932603836,940000
43.863464,-0.18802787,-9.027597,0.41902247,1.0,0.9990711,0.2919922,0.003939737,-16.341312,-16.354467,-2.88446,331.63318,1.3336067,5.9268714e-05,1.2873547,-0.79376364,22.701677,0.99906445,0.2626953,0.0040162867,-15.9338,-15.946436,-3.0064023,191.09085,1.0622271,1.7579012e-05,36.80413,-0.24318348,-9.011854,0.4150863,1.0,0.9990425,0.19921875,0.0045225658,-15.732855,-15.744802,-3.5097318,2405.4849,3.5115259,3.041491e-05,0.9990368,0.17578125,0.00457518,-15.352659,-15.364151,-3.5966203,2601.176,3.716394,2.81904e-05,0.02514796385765076,39778.939146757126,945000
48.497375,-0.24192367,-8.985496,0.40849686,1.0,0.9990673,0.28125,0.0039852993,-16.349518,-16.362644,-2.9197955,208.74503,1.3174603,5.9048685e-05,2.3777137,-2.3241038,29.910435,0.9990568,0.25195312,0.0040449332,-15.961966,-15.974655,-2.9806886,136.32977,1.1749759,1.3508188e-05,49.744705,-0.25893295,-9.011646,0.4150344,1.0,0.9990444,0.22265625,0.004489643,-15.697615,-15.709594,-3.4439974,7740.5386,10.534682,6.287333e-08,0.99904346,0.19921875,0.0045627044,-15.283083,-15.294552,-3.5510533,1207.9779,1.5652541,2.3436246e-06,0.02495894536972046,39903.73387718201,950000
40.847183,-0.2510965,-8.987615,0.4090266,1.0,0.9990711,0.2861328,0.0039998544,-16.231604,-16.244558,-2.9794521,377.30685,1.6380272,4.0865023e-05,1.1731719,-2.2193637,26.199976,0.9990711,0.24707031,0.0040528905,-15.745054,-15.757491,-3.0228329,206.92107,1.4550521,1.3652074e-05,45.859398,-0.23401716,-9.056652,0.42628583,1.0,0.9990387,0.21582031,0.0044420445,-15.895954,-15.908117,-3.4523451,593.8432,1.0296569,2.6976625e-06,0.9990425,0.20019531,0.0044600554,-15.3501425,-15.361765,-3.460277,350.27277,1.1934309,1.4786159e-06,0.025038957977294923,40028.9286711216,955000
38.25009,-0.2036902,-9.005296,0.41344684,1.0,0.9990673,0.2919922,0.003986217,-16.371777,-16.384893,-2.9512057,613.27167,1.1783626,5.5755547e-05,1.5897344,-2.6141577,21.55188,0.99906635,0.25195312,0.0040586214,-15.928177,-15.940779,-3.037064,376.12848,1.2428539,8.7197426e-05,36.508904,-0.29889512,-9.00724,0.41393316,1.0,0.9990425,0.19042969,0.0045111235,-15.715261,-15.727223,-3.4787712,206.39879,0.72763103,4.5808815e-06,0.99904156,0.18554688,0.00453744,-15.317001,-15.3285675,-3.4856083,387.70554,1.0655957,1.3504274e-05,0.02511044306755066,40154.48088812828,960000
34.21115,-0.22982132,-9.006074,0.41364145,1.0,0.99907017,0.27441406,0.003985958,-16.185436,-16.198397,-2.9269714,323.4616,1.3155807,7.1442946e-06,1.2568517,-1.4966425,19.32309,0.9990597,0.22460938,0.0040521803,-15.879913,-15.89249,-3.0126123,138.77351,0.9030564,1.2121545e-05,48.020763,-0.22639449,-9.026717,0.41880232,1.0,0.99903965,0.19824219,0.0044382084,-15.872133,-15.884369,-3.356464,1411.182,1.6693631,5.6823995e-07,0.999032,0.18847656,0.004503136,-15.5406475,-15.552473,-3.443694,250.85011,0.8425307,4.7648962e-07,0.02502847499847412,40279.62326788902,965000
45.594917,-0.21651465,-9.016523,0.41625392,1.0,0.99906826,0.28808594,0.00396655,-16.21378,-16.226807,-2.8878174,102.45035,0.89240944,9.190049e-06,1.7721208,-1.7495961,24.614872,0.9990511,0.25097656,0.0040482935,-15.830151,-15.842712,-2.980253,313.50644,1.0429113,5.635709e-06,40.212566,-0.22900464,-9.019787,0.41706985,1.0,0.99903774,0.21582031,0.004433302,-15.752945,-15.765077,-3.3424697,5842.4585,4.081667,1.6848745e-06,0.99903774,0.18457031,0.0044998974,-15.38307,-15.394766,-3.4168031,6758.111,8.529573,1.1342586e-06,0.025268819856643678,40405.96737122536,970000
33.11002,-0.25607488,-8.970798,0.40482232,1.0,0.9990778,0.29003906,0.0039881067,-16.228024,-16.241014,-2.9392412,741.65515,2.9304538,9.214113e-06,1.2056733,-1.0999331,17.315342,0.99906445,0.24609375,0.0040674442,-15.874601,-15.887173,-3.012619,609.76434,2.2220583,1.188145e-05,46.31259,-0.27146173,-8.974254,0.40568644,1.0,0.9990425,0.20996094,0.0045301006,-15.756125,-15.768087,-3.5196667,3779.2212,2.8906217,3.6827798e-06,0.99903965,0.16015625,0.0046008285,-15.472553,-15.484192,-3.5656323,270.5791,0.8559109,5.8086416e-06,0.02430067262649536,40527.47073721886,975000
37.99732,-0.23320156,-8.97555,0.4060104,1.0,0.99907494,0.27929688,0.0040259934,-16.428425,-16.44151,-3.0430956,203.93056,0.97019637,4.336241e-07,1.2154479,-1.0914487,18.411274,0.9990597,0.2548828,0.0040769614,-16.092499,-16.105202,-3.0980067,189.48465,1.0069447,5.0610706e-06,52.942818,-0.23885389,-8.979918,0.4071024,1.0,0.99903107,0.1640625,0.0046253875,-15.815456,-15.827367,-3.6312313,805.01184,1.4694436,8.882849e-07,0.99902534,0.15136719,0.004661554,-15.494373,-15.505926,-3.6750715,231.03181,1.055284,1.0325076e-05,0.024673871994018555,40650.840099811554,980000
33.54517,-0.24273562,-8.991023,0.4098786,1.0,0.99906063,0.2763672,0.0040053963,-16.22864,-16.241589,-2.9806433,330.57205,0.85998976,1.6881751e-06,1.1696631,-1.2080696,19.303642,0.99905205,0.24609375,0.0041007847,-15.731438,-15.743814,-3.0699282,1249.8964,1.7552164,4.7441226e-06,33.443893,-0.3229335,-9.043007,0.42287457,1.0,0.9990368,0.16699219,0.0045903055,-15.797918,-15.809833,-3.608727,40.158585,0.2890999,7.772644e-06,0.99902916,0.15820312,0.0046057375,-15.2725,-15.2839155,-3.595232,287.23517,0.7182025,7.7998695e-05,0.025794869709014893,40779.81445288658,985000
34.467724,-0.21779326,-8.964432,0.40323085,1.0,0.99906635,0.2861328,0.003926485,-16.37099,-16.384153,-2.9042916,292.84616,1.4930727,7.796805e-07,0.99161136,-2.1929553,22.65593,0.9990587,0.2626953,0.0039465427,-15.977749,-15.990494,-2.941279,354.70312,1.8028362,3.3147057e-06,40.863426,-0.26898038,-9.0266,0.41877308,1.0,0.999032,0.1875,0.0045548715,-15.741188,-15.753123,-3.5314999,691.0076,1.6088288,1.2137942e-06,0.99902725,0.16015625,0.004585281,-15.336556,-15.348066,-3.5611825,290.09238,1.0447693,4.59433e-06,0.025068941068649292,40905.15915989876,990000
40.651237,-0.21946615,-9.003947,0.41310978,1.0,0.9990721,0.30664062,0.003961661,-16.454987,-16.46825,-2.8885179,218.79202,1.7924385,5.0498737e-05,1.5159856,-2.3221762,25.134094,0.9990635,0.26757812,0.0039898474,-16.010212,-16.02298,-2.948368,143.66551,1.3477776,5.7558914e-06,47.909786,-0.272551,-9.048458,0.4242375,1.0,0.999032,0.20117188,0.00452659,-15.774551,-15.786557,-3.4917927,943.56537,1.9083146,2.1592232e-06,0.9990244,0.17578125,0.004582349,-15.298417,-15.309907,-3.5433378,152.18137,0.8991738,1.6975071e-05,0.025054320907592773,41030.43076848984,995000
33.80517,-0.24680527,-8.946732,0.39880583,1.0,0.9990864,0.3017578,0.0039227987,-16.576828,-16.590195,-2.9013398,207.95709,1.3312278,7.2395655e-05,1.0421497,-1.6738379,19.505148,0.9990778,0.27929688,0.0039761127,-16.17789,-16.190794,-2.979746,552.7902,1.5300689,2.3830378e-05,37.944977,-0.29064983,-8.990407,0.40972483,1.0,0.9990177,0.22558594,0.0044713663,-16.068148,-16.080526,-3.4067073,4198.504,5.8560905,1.3233891e-06,0.99901104,0.19238281,0.0045171482,-15.653557,-15.665473,-3.4612546,578.413,1.2195835,1.0833018e-07,0.0253924711227417,41157.39312529564,1000000
