training/actor/actor_loss,training/actor/adv,training/actor/bc_log_prob,training/actor/mse,training/actor/std,training/critic/binary_accuracy,training/critic/categorical_accuracy,training/critic/contrastive_loss,training/critic/logits,training/critic/logits_neg,training/critic/logits_pos,training/critic/v_max,training/critic/v_mean,training/critic/v_min,training/grad/max,training/grad/min,training/grad/norm,training/value/binary_accuracy,training/value/categorical_accuracy,training/value/contrastive_loss,training/value/logits,training/value/logits_neg,training/value/logits_pos,training/value/v_max,training/value/v_mean,training/value/v_min,validation/actor/actor_loss,validation/actor/adv,validation/actor/bc_log_prob,validation/actor/mse,validation/actor/std,validation/critic/binary_accuracy,validation/critic/categorical_accuracy,validation/critic/contrastive_loss,validation/critic/logits,validation/critic/logits_neg,validation/critic/logits_pos,validation/critic/v_max,validation/critic/v_mean,validation/critic/v_min,validation/value/binary_accuracy,validation/value/categorical_accuracy,validation/value/contrastive_loss,validation/value/logits,validation/value/logits_neg,validation/value/logits_pos,validation/value/v_max,validation/value/v_mean,validation/value/v_min,time/epoch_time,time/total_time,step
120.188995,0.068835944,-9.778909,0.60685015,1.0,0.3840418,0.005859375,0.8739166,0.13301885,0.13276088,0.39693666,22.856403,2.4368453,0.09571938,4.086833,-1.3805938,132.11421,0.6964073,0.0009765625,0.60146993,-0.35775587,-0.35771912,-0.39533883,9.843603,0.8238926,0.09032295,91.0946,0.06261365,-9.773288,0.6054448,1.0,0.98759174,0.001953125,0.0642652,-5.2371616,-5.2367997,-5.607373,7.615691,0.09614306,3.0567808e-05,0.98095226,0.001953125,0.05941899,-5.805434,-5.8050036,-6.2454276,12.431886,0.112715244,2.3028595e-05,0.016374756813049316,81.87378692626953,1
8.071342,-0.600076,-9.403251,0.51293576,1.0,0.99902344,0.087890625,0.0048417654,-32.88785,-32.91603,-4.0571785,0.8740217,0.02570872,1.0429324e-07,0.27220705,-0.17115666,3.629702,0.99902344,0.103515625,0.0046657487,-33.614307,-33.64356,-3.6888216,0.88913053,0.03850479,2.1555854e-06,27.668968,-0.3022567,-9.433781,0.5205681,1.0,0.99902344,0.08691406,0.0048628394,-32.566727,-32.59478,-3.8621202,0.97832257,0.031788006,1.7452194e-05,0.99902344,0.09277344,0.00468848,-32.98384,-33.012287,-3.8781943,0.61688,0.03173439,1.0809849e-05,0.22688880043029785,1216.3177905082703,5000
44.60756,-0.4058271,-9.411093,0.5148964,1.0,0.9990263,0.13378906,0.0047008293,-35.31626,-35.347122,-3.7450109,9.285087,0.06631317,9.7380855e-08,1.026321,-0.87667984,18.967918,0.99903774,0.12792969,0.0044601755,-30.276112,-30.302122,-3.669672,6.9017463,0.08558397,2.7690092e-08,8.142288,-0.69350934,-9.42024,0.51718307,1.0,0.9990206,0.1328125,0.0046961787,-34.911255,-34.94166,-3.8060145,8.142619,0.07218708,2.6863626e-07,0.99901867,0.14160156,0.004389217,-30.205864,-30.232065,-3.3995948,6.50791,0.11048374,1.5967292e-06,0.24102883048057555,2421.461946964264,10000
6.641365,-0.5560207,-9.357552,0.50151086,1.0,0.99902344,0.15820312,0.0045868345,-30.941965,-30.968578,-3.7177644,4.476164,0.058848206,1.8586915e-08,0.16267425,-0.09634024,2.050937,0.9990444,0.16308594,0.0043462487,-25.392204,-25.413624,-3.4803352,4.6657624,0.10431199,2.649349e-07,10.811565,-0.58297336,-9.342741,0.49780816,1.0,0.99902344,0.16796875,0.004597876,-30.898878,-30.925463,-3.7018251,5.876617,0.07263898,2.6801533e-06,0.9990282,0.16015625,0.0043961275,-25.639042,-25.660662,-3.5203907,8.448417,0.1377458,1.7540119e-06,0.1303196138381958,3073.0600204467773,15000
5.7260027,-0.4727713,-9.394289,0.5106954,1.0,0.9990282,0.17578125,0.004395295,-35.768074,-35.799713,-3.4026904,18.785498,0.118410006,9.372357e-07,0.119373165,-0.07562679,1.4153776,0.9990444,0.18261719,0.0042414777,-20.786295,-20.80345,-3.2371945,24.537392,0.2314077,2.0230782e-06,9.317007,-0.33508807,-9.349212,0.49942607,1.0,0.99902725,0.17871094,0.004489898,-34.718494,-34.74916,-3.3480783,13.760627,0.11204137,3.8142113e-07,0.99901485,0.17578125,0.004331959,-20.435621,-20.452366,-3.3069818,23.135878,0.20781824,1.676583e-06,0.008047588348388672,3113.2979669570923,20000
7.274298,-0.37546128,-9.312713,0.49030113,1.0,0.9990301,0.19726562,0.004356061,-33.13649,-33.165577,-3.378384,10.050093,0.10388537,4.3285336e-08,0.067119256,-0.07396188,1.3018544,0.9990463,0.20605469,0.004246686,-18.024174,-18.03854,-3.329163,11.6903715,0.16953804,3.0621698e-07,10.996159,-0.39003795,-9.332001,0.4951233,1.0,0.9990225,0.18261719,0.0044909474,-32.73703,-32.76564,-3.468717,16.747536,0.1520463,1.6750604e-09,0.99901485,0.17285156,0.0044135493,-17.667374,-17.68131,-3.4116945,29.29446,0.24233067,3.1132822e-07,0.13748662943840026,3800.731118917465,25000
6.5665693,-0.48059532,-9.329931,0.49460584,1.0,0.9990425,0.2109375,0.004378961,-29.706911,-29.732586,-3.4399343,105.27291,0.35842147,3.5824092e-07,0.1722415,-0.14274077,2.1788912,0.9990492,0.20703125,0.004304055,-16.180325,-16.192972,-3.24209,168.55388,0.7203077,1.05022555e-05,8.798337,-0.37228855,-9.347134,0.49890634,1.0,0.99902344,0.17480469,0.0044186814,-29.36933,-29.394672,-3.4439416,59.266014,0.22857472,4.7511494e-06,0.99902153,0.16015625,0.0044033187,-16.119667,-16.132097,-3.4056456,51.724888,0.30134976,3.6527526e-05,0.007912645196914673,3840.2943687438965,30000
9.19897,-0.25371224,-9.365498,0.5034975,1.0,0.9990444,0.22851562,0.004238926,-25.812603,-25.834658,-3.2517452,38.371307,0.17769971,3.063299e-06,0.27215195,-0.22317173,3.3262734,0.9990444,0.21191406,0.004199423,-15.244217,-15.255969,-3.220969,61.140324,0.32737544,3.4831384e-05,10.501408,-0.23809785,-9.303401,0.48797315,1.0,0.9990301,0.16601562,0.0043700333,-25.549923,-25.571627,-3.3486376,8.172447,0.101124726,9.23225e-06,0.99902725,0.16894531,0.0043375404,-14.994215,-15.005617,-3.3310082,24.30138,0.16891211,1.4651678e-05,0.12887802958488465,4484.684520244598,35000
8.398133,-0.29893398,-9.307278,0.4889422,1.0,0.9990473,0.20996094,0.004244075,-23.253788,-23.273254,-3.341805,33.120396,0.2220745,5.0072904e-06,0.14171502,-0.15734614,2.5090141,0.9990511,0.20605469,0.004181294,-14.827337,-14.838653,-3.2515345,109.2314,0.41619164,8.426611e-05,9.228863,-0.39681685,-9.310662,0.4897886,1.0,0.9990177,0.21875,0.0042980453,-23.44712,-23.466894,-3.2182312,36.75092,0.27105126,1.9729002e-07,0.9990158,0.20214844,0.004280069,-14.862463,-14.873933,-3.127771,47.23612,0.5049318,1.2014368e-06,0.007949109268188476,4524.430074453354,40000
12.077265,-0.24588507,-9.35005,0.49963528,1.0,0.99905777,0.21289062,0.0042272443,-20.8932,-20.910503,-3.1918035,52.47587,0.42830062,2.1122705e-06,0.4061263,-0.32546347,7.1934175,0.9990587,0.20898438,0.0041611474,-14.690106,-14.701362,-3.1751635,62.68317,0.5430649,1.5005141e-05,9.796623,-0.29184264,-9.320169,0.4921652,1.0,0.9990244,0.19433594,0.0042678486,-20.860744,-20.878023,-3.1869047,95.29485,0.4641801,1.9783274e-06,0.99902344,0.19726562,0.0042611845,-14.677647,-14.688899,-3.1663828,46.16769,0.5405115,1.3321568e-06,0.1522080870628357,5285.470512628555,45000
9.032998,-0.2823634,-9.316536,0.4912572,1.0,0.99905205,0.234375,0.0040989914,-18.77059,-18.786013,-2.992993,100.43477,0.33637577,6.0018392e-05,0.14488848,-0.15813845,2.646466,0.9990587,0.23046875,0.004030165,-14.51811,-14.529454,-2.9148805,81.10436,0.4956237,0.00012976342,9.167893,-0.35598844,-9.327728,0.494055,1.0,0.9990196,0.19140625,0.0043415604,-18.887257,-18.902569,-3.2220006,121.28775,0.5350678,3.947466e-07,0.99902534,0.1796875,0.0043080216,-14.602791,-14.6139965,-3.1387808,148.57233,0.8537457,1.3110615e-05,0.007945936393737793,5325.200197696686,50000
10.167921,-0.29866916,-9.293961,0.485613,1.0,0.99906063,0.22070312,0.00413269,-17.966461,-17.980867,-3.229364,85.93337,0.50397944,9.219365e-07,0.29412723,-0.2852637,4.114,0.9990654,0.2109375,0.004093698,-14.989267,-15.000812,-3.17845,68.427895,0.54983133,5.629067e-05,13.662426,-0.25507122,-9.3132,0.49042284,1.0,0.99902725,0.19433594,0.0042782305,-17.885778,-17.900122,-3.2135935,76.08782,0.5583963,3.7492592e-07,0.99902534,0.18652344,0.004271627,-14.778967,-14.790288,-3.197514,161.23329,0.7523829,2.9705805e-06,0.15505506258010865,6100.475515842438,55000
10.313372,-0.27607867,-9.303761,0.48806298,1.0,0.9990635,0.23828125,0.0040426594,-17.259304,-17.273205,-3.0397916,153.3152,0.68805754,4.4137693e-07,0.3173756,-0.4474632,5.685744,0.9990654,0.23925781,0.003981866,-14.958324,-14.970035,-2.977088,126.27762,0.74819356,1.0426639e-05,13.379684,-0.25354165,-9.30633,0.48870546,1.0,0.99902916,0.19726562,0.004280818,-17.091839,-17.105385,-3.2330842,282.27866,0.78692055,1.3559571e-05,0.9990244,0.19140625,0.004266677,-14.7550125,-14.766311,-3.197701,82.69493,0.6513361,3.434135e-05,0.011414114332199096,6157.546090126038,60000
11.540675,-0.29956543,-9.331623,0.49502873,1.0,0.99905205,0.19628906,0.0041479096,-16.611986,-16.62516,-3.1363318,82.58586,0.41067737,1.4689838e-06,0.33087367,-0.44087225,5.988101,0.99905205,0.20214844,0.004087264,-15.013834,-15.025553,-3.0252938,148.50497,0.7034004,4.618461e-06,12.390826,-0.30204993,-9.34667,0.49879065,1.0,0.9990244,0.19238281,0.004297069,-16.72905,-16.74223,-3.2438998,110.940704,0.61037374,1.6277344e-06,0.999032,0.19238281,0.0042887866,-15.076309,-15.08792,-3.197364,273.319,1.1518507,8.824829e-06,0.011459299564361572,6214.8425924777985,65000
12.445461,-0.29279444,-9.330449,0.49473515,1.0,0.9990568,0.21972656,0.004106681,-16.323627,-16.336475,-3.178329,156.99948,0.70905954,1.6877058e-05,0.3491038,-0.3070274,5.5341315,0.99905586,0.21777344,0.0040609185,-15.083559,-15.095263,-3.1117103,133.49098,0.76954794,0.00016327032,13.65258,-0.2772233,-9.355042,0.5008836,1.0,0.9990444,0.203125,0.004271876,-16.437918,-16.450842,-3.218224,115.810814,0.5969869,2.6633914e-05,0.9990387,0.18652344,0.004274894,-15.136034,-15.147719,-3.1826367,239.72232,0.8729964,2.4401108e-05,0.014565157604217529,6287.6683831214905,70000
13.6574,-0.23002735,-9.360692,0.502296,1.0,0.99905396,0.21386719,0.0041397708,-16.12145,-16.134138,-3.143846,327.164,0.5028569,2.1923256e-07,0.360847,-0.4002581,5.793892,0.99905777,0.22558594,0.004091476,-15.198122,-15.209954,-3.0928197,225.14867,0.5576828,3.169639e-06,16.70628,-0.24347346,-9.305758,0.48856264,1.0,0.999032,0.20800781,0.004224308,-16.180914,-16.193686,-3.115553,379.40485,0.78189445,1.9384828e-05,0.9990387,0.18066406,0.0042140447,-15.170485,-15.182279,-3.1047258,69.688065,0.7093983,3.3234057e-05,0.014969610166549683,6362.516438007355,75000
12.297784,-0.25300848,-9.337994,0.49662152,1.0,0.9990549,0.24121094,0.0040527447,-15.861995,-15.874473,-3.0974023,446.05292,0.6905657,4.5497995e-06,0.40637854,-0.39833707,5.2490807,0.99905586,0.23144531,0.0039969333,-15.193838,-15.205736,-3.0230432,307.8966,1.1421313,4.4992572e-05,11.750549,-0.3018726,-9.327926,0.49410436,1.0,0.99901867,0.21582031,0.0042733,-16.153631,-16.1663,-3.1930695,108.4331,0.8423272,7.379428e-06,0.9990177,0.21875,0.004269378,-15.381902,-15.393855,-3.152677,141.235,1.253526,1.6790304e-05,0.19061812024116517,7315.607044935226,80000
14.423407,-0.2227913,-9.316086,0.49114442,1.0,0.9990635,0.22265625,0.004065213,-15.89971,-15.912239,-3.0818496,388.15244,0.86660886,1.6587097e-05,0.55789745,-0.61738396,7.0267124,0.99906254,0.22460938,0.0040290635,-15.298357,-15.310335,-3.0452545,108.46641,0.67505556,2.2474125e-05,18.159018,-0.18929335,-9.298693,0.48679626,1.0,0.99903965,0.20800781,0.004259987,-16.032824,-16.045446,-3.1206098,225.30064,1.156354,7.820117e-06,0.9990339,0.19726562,0.0042588487,-15.315935,-15.327803,-3.1755304,214.4119,1.1470196,4.395101e-06,0.01499781060218811,7390.596100330353,85000
13.075203,-0.25350553,-9.298611,0.4867756,1.0,0.9990635,0.22265625,0.0040583815,-15.905797,-15.918378,-3.034964,113.65339,0.73379755,7.661414e-06,0.55161804,-0.4139724,6.0512233,0.99906445,0.21582031,0.004015359,-15.554781,-15.567093,-2.959025,86.29431,0.77804315,2.7822434e-05,16.409801,-0.23502307,-9.322985,0.49286932,1.0,0.99900436,0.21582031,0.004325981,-16.116186,-16.128967,-3.0413294,766.29205,2.5946152,2.226077e-05,0.99900246,0.20898438,0.004308103,-15.633662,-15.64597,-3.042563,693.31396,2.511805,1.6510583e-05,0.014989743232727051,7465.544835567474,90000
13.246307,-0.27200013,-9.361187,0.5024198,1.0,0.99905205,0.21679688,0.0041443994,-15.759611,-15.771885,-3.2028394,202.35168,0.6287286,1.0499234e-08,0.30645007,-0.48192245,5.5671377,0.99905205,0.21289062,0.004096521,-15.381456,-15.393439,-3.122026,210.21068,0.7983791,2.1712224e-06,17.504078,-0.22913617,-9.305512,0.48850098,1.0,0.9990225,0.20410156,0.00426267,-15.586737,-15.598784,-3.2624598,137.51247,0.50718987,1.3363081e-05,0.9990244,0.19140625,0.0042694504,-15.190845,-15.202485,-3.2828426,914.7844,1.2787228,6.0085367e-06,0.014974336671829224,7540.4165234565735,95000
13.451529,-0.22913146,-9.282132,0.482656,1.0,0.9990673,0.23730469,0.0040258244,-15.936989,-15.949621,-3.0134501,114.05329,0.8851987,2.9936176e-05,0.34722695,-0.30361763,5.9830236,0.9990673,0.22167969,0.003984769,-15.638804,-15.651185,-2.9741678,98.79247,1.105223,4.794612e-05,16.93563,-0.20362742,-9.320142,0.49215835,1.0,0.999032,0.203125,0.0042851875,-15.720993,-15.733247,-3.1854784,222.17934,0.9747985,9.298734e-06,0.9990339,0.18847656,0.004280101,-15.39261,-15.404546,-3.1819491,548.33124,1.271424,1.1413524e-05,0.014996941900253295,7615.401237487793,100000
19.746067,-0.2253607,-9.300133,0.48715636,1.0,0.999053,0.23242188,0.004027074,-15.69614,-15.7085285,-3.0223248,240.06606,0.7930088,3.4184144e-05,0.717114,-1.1114445,12.246582,0.99905205,0.21582031,0.003980222,-15.568675,-15.5809965,-2.9637418,132.29276,0.6498358,3.936838e-05,20.986626,-0.21860795,-9.289109,0.4844004,1.0,0.9990301,0.20703125,0.004301972,-15.885021,-15.897449,-3.1710324,1774.821,2.0034113,9.6493295e-06,0.999033,0.20507812,0.0042830505,-15.563228,-15.575331,-3.1821136,259.99432,1.1644157,5.050545e-06,0.1879248778820038,8555.025631189346,105000
17.95606,-0.22569612,-9.333158,0.49541238,1.0,0.9990568,0.23535156,0.004048277,-15.913391,-15.925976,-3.038375,88.81974,0.6011408,4.935213e-05,0.5939009,-0.54902583,8.619896,0.9990587,0.22363281,0.0039837556,-15.568016,-15.580345,-2.9564304,877.5885,1.6120965,5.931961e-05,22.788025,-0.1794785,-9.293951,0.48561066,1.0,0.9990339,0.20507812,0.0043137344,-16.1277,-16.1403,-3.2378638,217.97302,0.8064246,1.738428e-06,0.99903965,0.18261719,0.0043319366,-15.7100525,-15.722208,-3.2752166,83.365135,0.70814,9.820358e-07,0.014964790487289428,8629.849589586258,110000
16.917362,-0.24232255,-9.296391,0.4862206,1.0,0.9990587,0.23339844,0.004021,-15.870403,-15.882991,-2.9919858,42.27567,0.5342716,7.218979e-05,0.9608712,-0.84212005,11.026758,0.9990568,0.24023438,0.0039703688,-15.510569,-15.522882,-2.9133606,170.84074,0.56961226,2.4133898e-05,19.47862,-0.21616828,-9.333714,0.4955515,1.0,0.99901104,0.20898438,0.0042883703,-16.372643,-16.385616,-3.0999763,352.1481,1.4113317,9.546858e-06,0.9990072,0.20117188,0.004317526,-15.915352,-15.927849,-3.131155,211.22449,0.9928267,1.4966689e-06,0.014975942134857178,8704.729304075241,115000
16.5517,-0.23159757,-9.319795,0.49207163,1.0,0.999053,0.21972656,0.0041451585,-15.840816,-15.85322,-3.1525733,271.2802,0.77662086,3.025372e-05,0.54692376,-0.5289211,9.544382,0.9990549,0.22070312,0.0041123256,-15.606322,-15.618515,-3.1323643,67.27918,0.5918136,4.5146317e-05,24.251747,-0.18013608,-9.309805,0.4895743,1.0,0.9990339,0.21582031,0.004325644,-15.837746,-15.850037,-3.2634044,181.9227,0.9362455,2.642235e-06,0.99902725,0.20214844,0.004302632,-15.554593,-15.566616,-3.2552319,139.05583,1.074307,1.0526963e-05,0.014964086484909057,8779.549741268158,120000
16.949863,-0.2413508,-9.274181,0.4806682,1.0,0.99906063,0.21875,0.0041020103,-15.954254,-15.966862,-3.0553637,119.55058,0.8385649,3.2960368e-05,0.57715243,-0.38894856,7.834135,0.99906063,0.22949219,0.004028025,-15.645176,-15.657546,-2.9902437,246.67976,1.1376384,0.000102925485,20.817898,-0.23617858,-9.353799,0.50057244,1.0,0.9990339,0.18554688,0.0042977436,-15.91864,-15.931001,-3.273991,222.60829,1.0516765,4.338146e-06,0.99903774,0.18261719,0.004285602,-15.660774,-15.672863,-3.2934847,173.07841,0.75460815,2.9583362e-06,0.014962730503082276,8854.363399744034,125000
19.556261,-0.20170839,-9.339248,0.49693483,1.0,0.9990692,0.23535156,0.003954611,-16.228655,-16.24165,-2.9338107,434.86667,1.5545232,4.4697434e-05,0.5478824,-0.9170146,10.99622,0.99906826,0.24902344,0.0039050798,-16.014961,-16.027798,-2.8829887,191.79604,1.7325509,5.4934702e-05,20.983292,-0.19608924,-9.337534,0.49650618,1.0,0.999032,0.20703125,0.004249094,-16.120165,-16.13284,-3.1557367,237.70723,0.87896407,6.9419175e-06,0.9990368,0.20507812,0.004264384,-15.889036,-15.901468,-3.1725454,103.76562,0.7943007,1.5194517e-05,0.014967433071136474,8929.20056772232,130000
16.27354,-0.2582583,-9.302286,0.48769444,1.0,0.99906445,0.24414062,0.004027343,-16.36164,-16.374708,-2.9908023,207.91168,1.1006889,1.6312488e-07,0.37074387,-0.5217321,7.3175983,0.9990654,0.22851562,0.0040025357,-16.064499,-16.077335,-2.9335432,209.86633,1.6850946,1.5668367e-07,20.539997,-0.2610157,-9.28647,0.4837408,1.0,0.9990349,0.20898438,0.004255546,-16.312172,-16.325087,-3.0970469,2686.0457,2.9228277,2.2275792e-06,0.99902916,0.20117188,0.0042898636,-15.982339,-15.994964,-3.068408,430.70688,2.4040158,7.075571e-07,0.014968975257873536,9004.045449495316,135000
17.040726,-0.288266,-9.367256,0.503937,1.0,0.9990635,0.24316406,0.003968238,-16.310297,-16.323332,-2.9772644,345.22565,0.83429945,9.643957e-06,0.4028126,-0.6012994,8.394565,0.9990616,0.23535156,0.003932465,-16.008501,-16.021296,-2.919306,118.16657,0.88191044,3.3657634e-05,18.856783,-0.23846558,-9.30154,0.48750812,1.0,0.99901867,0.18847656,0.004368401,-16.160854,-16.173473,-3.2527475,143.01381,0.8452571,4.3347939e-07,0.99902534,0.18261719,0.004394694,-15.756377,-15.768601,-3.2510607,509.2144,1.5732586,1.382966e-05,0.014963645505905152,9078.863681554794,140000
19.94768,-0.27926832,-9.281168,0.48241514,1.0,0.999053,0.22070312,0.004047894,-16.191486,-16.204325,-3.058918,76.11094,0.60549784,1.1847527e-05,1.0465287,-0.8155387,10.627241,0.99905014,0.21386719,0.0040022233,-15.825491,-15.838056,-2.972289,218.23332,0.8935052,4.484534e-05,24.488396,-0.20071226,-9.281708,0.4825499,1.0,0.99903107,0.21289062,0.0042219562,-16.401018,-16.41401,-3.11066,126.760376,0.7525226,3.4881164e-06,0.999032,0.20019531,0.004240008,-16.023336,-16.035892,-3.1779437,156.69604,0.63662446,1.908655e-05,0.014954397249221802,9153.635672569275,145000
18.182762,-0.23175192,-9.32547,0.49349037,1.0,0.99906063,0.23730469,0.003988575,-16.197824,-16.21074,-2.9854867,296.7785,0.9331165,3.6171184e-06,0.6246428,-0.37322146,9.125348,0.9990635,0.23046875,0.003947787,-15.82364,-15.8362255,-2.9474936,170.78511,0.996614,1.3394231e-06,24.766476,-0.20497823,-9.310343,0.48970863,1.0,0.99899673,0.21972656,0.0044015017,-16.340904,-16.353807,-3.137805,2111.1907,3.2755613,1.7216857e-05,0.99899006,0.18554688,0.0044601746,-15.952331,-15.964817,-3.1789725,1549.4613,4.210928,3.0705363e-05,0.014968744039535523,9228.479398965836,150000
15.5408325,-0.22141239,-9.313858,0.49058753,1.0,0.9990492,0.22851562,0.003979411,-16.059603,-16.072435,-2.9335916,113.71779,0.71940476,1.0507715e-05,0.35230854,-0.40811563,6.6468143,0.999053,0.23046875,0.00394782,-15.928705,-15.9414425,-2.8973541,52.112885,0.6363299,3.9549497e-05,20.089176,-0.25596723,-9.324631,0.4932808,1.0,0.99901676,0.2265625,0.0042409264,-16.385326,-16.398354,-3.0608625,2712.647,2.6824067,8.8703155e-06,0.9990339,0.21289062,0.0041894065,-16.145905,-16.158678,-3.0799932,1168.7775,2.1571968,3.3916194e-06,0.22557141060829164,10356.33645606041,155000
18.42593,-0.24649003,-9.291603,0.4850238,1.0,0.999073,0.24121094,0.0039791907,-16.277954,-16.290966,-2.9662201,229.4196,1.0070529,4.2404104e-06,0.52125937,-0.6679002,8.682916,0.999073,0.24902344,0.0039286385,-15.99014,-16.002922,-2.9137244,430.86774,1.3831924,1.6966495e-05,19.771122,-0.21324918,-9.338324,0.49670392,1.0,0.999033,0.21972656,0.0042726025,-16.077888,-16.090454,-3.2238545,118.00063,0.5435684,7.7655415e-07,0.99903584,0.20019531,0.0042600874,-15.801311,-15.813611,-3.2176824,201.45804,0.74625653,1.7279757e-05,0.014457420682907104,10428.62356209755,160000
16.726501,-0.2720012,-9.330718,0.49480236,1.0,0.9990597,0.24023438,0.004003318,-16.22172,-16.234612,-3.0362954,332.29562,0.90558004,1.3242875e-05,0.68555546,-0.6606144,10.084705,0.9990587,0.24707031,0.0039937887,-15.986937,-15.999609,-3.0234003,135.06235,0.86183095,3.0158053e-05,25.953665,-0.20420322,-9.3701105,0.5046504,1.0,0.99903774,0.20410156,0.004264217,-16.509308,-16.522358,-3.1581974,300.3311,1.2820836,3.219225e-06,0.999033,0.19238281,0.0042799013,-16.136463,-16.149117,-3.1916366,677.15295,1.8103702,9.9764375e-06,0.014981353282928466,10503.530335903168,165000
20.421364,-0.22773173,-9.255429,0.4759802,1.0,0.99905777,0.22753906,0.0040445304,-16.31284,-16.32577,-3.0829089,199.23141,0.7352024,5.355046e-06,0.51402307,-0.8090291,10.705189,0.9990597,0.22949219,0.0039961473,-15.878088,-15.890685,-2.9912682,128.9211,0.85376906,4.075729e-05,20.541908,-0.27305087,-9.321009,0.49237514,1.0,0.9990244,0.2265625,0.004239926,-16.769497,-16.782816,-3.1474538,897.7426,1.7278764,4.3182877e-06,0.99901867,0.20800781,0.0042518727,-16.249565,-16.262375,-3.1427636,320.92972,1.3338633,1.4468777e-05,0.014978999662399291,10578.425338506699,170000
16.49519,-0.26606458,-9.310442,0.4897334,1.0,0.9990673,0.2685547,0.0039417055,-16.674736,-16.688148,-2.953065,378.37686,1.2979674,1.6467873e-05,0.6711303,-0.30645525,7.096817,0.9990654,0.25195312,0.003918937,-16.232954,-16.245983,-2.9052467,541.232,1.7176918,0.00015695581,24.730555,-0.25327086,-9.328236,0.49418202,1.0,0.9990301,0.234375,0.0041938648,-16.903694,-16.917267,-3.0225346,3100.2676,4.8176575,2.2667903e-06,0.999033,0.23339844,0.0042242818,-16.301367,-16.314346,-3.0233417,6312.2114,9.519055,8.189092e-06,0.014982717990875244,10653.338931560516,175000
21.23125,-0.19958453,-9.286441,0.48373312,1.0,0.9990387,0.22265625,0.0040895874,-16.159088,-16.171839,-3.115063,992.7996,0.99949527,8.47685e-07,0.6865768,-0.9936031,10.0531845,0.9990425,0.22167969,0.0040707933,-15.800949,-15.813348,-3.1174955,90.80975,0.58495474,1.1228802e-06,28.329666,-0.1921781,-9.25806,0.4766383,1.0,0.99902534,0.19335938,0.0042859316,-16.413994,-16.426931,-3.1780362,501.86914,1.4194151,2.7372025e-05,0.999033,0.19042969,0.004276201,-16.034826,-16.047382,-3.1885576,1434.5537,2.597252,4.6978195e-05,0.014981162738800048,10728.244750499725,180000
17.731918,-0.23774637,-9.30764,0.4890329,1.0,0.99905777,0.22558594,0.0039999294,-16.807156,-16.820686,-2.9643617,1029.2585,1.3870293,4.4463177e-05,0.5774073,-0.5257197,8.901434,0.9990587,0.22070312,0.003960275,-16.208,-16.220987,-2.920725,97.02145,0.8804791,0.00013367039,22.658377,-0.23604842,-9.292704,0.4852988,1.0,0.9990244,0.1953125,0.00433431,-16.545345,-16.558327,-3.2673838,125.50864,0.80841845,3.858909e-06,0.99901867,0.18554688,0.0043541184,-15.957001,-15.969417,-3.2565532,473.17792,1.1706522,8.4853145e-06,0.014987271261215209,10803.181109666824,185000
18.936985,-0.2375651,-9.330902,0.49484837,1.0,0.9990597,0.23730469,0.0040036547,-16.501389,-16.514658,-2.9269223,176.68523,0.86712134,0.00013618129,0.72783303,-0.69251245,10.80721,0.99906254,0.22363281,0.0039685844,-16.122438,-16.135393,-2.8698525,80.39465,0.9400352,2.479634e-05,22.692493,-0.2857386,-9.330838,0.49483243,1.0,0.99902153,0.20800781,0.0043269116,-16.534449,-16.547499,-3.1840482,25447.527,14.042095,8.3411317e-07,0.99902344,0.18945312,0.004327232,-16.08508,-16.097752,-3.1221116,372.9246,1.6409299,2.5796594e-06,0.014990515518188476,10878.133696556091,190000
19.987818,-0.2400969,-9.27307,0.4803906,1.0,0.9990673,0.265625,0.003860474,-16.600613,-16.614048,-2.854652,585.6172,1.335923,4.231876e-05,0.8666838,-0.8082077,11.790415,0.9990654,0.25195312,0.0038294627,-16.140163,-16.153196,-2.8058577,404.07837,2.2521133,8.5482745e-05,25.61905,-0.23729135,-9.323908,0.49309996,1.0,0.99902534,0.19042969,0.0043494445,-16.547901,-16.560911,-3.238852,197.44452,0.8732606,4.2758734e-06,0.9990301,0.18554688,0.0043253554,-16.08234,-16.094904,-3.2321033,120.75851,0.99763554,3.1818624e-06,0.014986828184127807,10953.067843914032,195000
19.322567,-0.22884306,-9.317316,0.49145213,1.0,0.999053,0.23925781,0.003988007,-16.488504,-16.501701,-2.9864626,187.69414,0.91204095,5.039323e-05,0.5413505,-0.803111,9.871799,0.9990492,0.23144531,0.0039400333,-16.129196,-16.142092,-2.937849,347.88846,1.4709642,2.8370805e-05,24.849808,-0.22699454,-9.298267,0.48669004,1.0,0.99899673,0.21582031,0.0043077385,-16.88642,-16.899914,-3.0813763,229.13731,1.4475284,9.562265e-06,0.99899864,0.1875,0.004310799,-16.39003,-16.403023,-3.0966363,212.95718,1.4041061,4.152605e-05,0.014962045240402221,11027.87807559967,200000
25.786871,-0.21129405,-9.338337,0.49670708,1.0,0.9990616,0.23046875,0.0039874297,-16.561535,-16.574799,-2.9931579,72.12275,0.68362534,2.34731e-05,1.409955,-1.6519518,16.017185,0.9990597,0.22851562,0.003967757,-16.063938,-16.07672,-2.9901204,64.82667,0.6770037,2.952326e-05,27.800083,-0.21580815,-9.3195715,0.49201596,1.0,0.9990158,0.20117188,0.004365541,-16.614408,-16.627495,-3.2248278,524.69214,1.3700473,4.615733e-07,0.9990196,0.19238281,0.0043142694,-16.0726,-16.085146,-3.2389827,2892.0527,4.4153595,2.33606e-06,0.23234737582206727,12189.61495923996,205000
20.842186,-0.24228099,-9.297543,0.48650867,1.0,0.9990587,0.2607422,0.003949494,-16.699,-16.712448,-2.9409623,215.01218,0.8232096,2.905299e-05,1.0960026,-1.8066523,14.193649,0.9990616,0.24414062,0.003929849,-16.210403,-16.223408,-2.9073646,348.07202,1.1798284,1.2257238e-05,22.668762,-0.2761261,-9.301302,0.4874484,1.0,0.9990444,0.18652344,0.004307473,-16.612339,-16.625381,-3.2707856,553.27893,0.88786733,5.0618237e-08,0.9990387,0.18066406,0.004320043,-16.13282,-16.145393,-3.2698948,126.89718,0.8674352,3.1989086e-07,0.011278214740753174,12246.00603890419,210000
24.196917,-0.23764884,-9.289316,0.4844519,1.0,0.9990587,0.25976562,0.0039775255,-16.845041,-16.8586,-2.975074,278.70547,1.1487252,1.2473782e-05,0.6679332,-0.92567194,13.183831,0.99906254,0.25097656,0.0039302707,-16.302485,-16.315533,-2.953422,473.63055,1.2401035,4.6646182e-05,31.436338,-0.19442883,-9.316736,0.49130723,1.0,0.99903107,0.20507812,0.0042342395,-16.718851,-16.73209,-3.1754837,476.76636,1.0212088,1.10685305e-05,0.99902534,0.18945312,0.0042784093,-16.127825,-16.140442,-3.2221437,1473.5647,2.1552036,1.9121503e-06,0.007969793319702148,12285.855011701584,215000
24.30213,-0.2653274,-9.305376,0.4884669,1.0,0.99905777,0.24121094,0.004018487,-16.756739,-16.770199,-2.9861174,166.82211,0.8528656,1.2854115e-05,0.9156733,-0.97361726,14.404686,0.9990597,0.23144531,0.003985311,-16.268242,-16.281279,-2.93124,200.34822,1.1849916,2.9371806e-05,23.945967,-0.27338564,-9.317329,0.49145538,1.0,0.9990339,0.20507812,0.004286309,-16.77581,-16.789124,-3.1569357,304.16803,1.6118863,2.1829915e-07,0.99902725,0.18554688,0.004295268,-16.22036,-16.233147,-3.1383052,1048.9115,4.349348,4.003203e-07,0.007925659656524657,12325.483313798904,220000
20.139095,-0.2696932,-9.307064,0.48888904,1.0,0.99905014,0.23828125,0.0039963396,-16.406734,-16.419878,-2.961372,1260.0984,1.4413495,3.444884e-05,0.9799166,-1.3985128,15.590728,0.99905396,0.23535156,0.0039537176,-16.098883,-16.11177,-2.9147353,131.84558,1.0319657,3.171972e-05,26.220434,-0.2135293,-9.337696,0.49654698,1.0,0.9990425,0.20410156,0.004306745,-16.666649,-16.679764,-3.248621,1928.0884,1.8928852,2.7423773e-06,0.99904156,0.18945312,0.004318659,-16.213003,-16.225662,-3.2648816,339.462,1.5315142,6.0721786e-06,0.008612975692749023,12368.548196315765,225000
17.151905,-0.3148629,-9.325165,0.49341404,1.0,0.9990721,0.2734375,0.003867881,-17.023758,-17.0376,-2.8631015,2001.2202,2.5170398,2.7722108e-05,0.693077,-1.3239628,10.375705,0.9990711,0.2578125,0.003833612,-16.44164,-16.454979,-2.7969892,464.28302,2.346084,0.00016850658,25.878666,-0.25857392,-9.314713,0.4908009,1.0,0.99902725,0.1953125,0.004338842,-16.768057,-16.781288,-3.2331343,342.78268,1.2490964,6.208773e-07,0.9990225,0.19238281,0.0043441346,-16.269615,-16.282377,-3.2139177,729.8843,1.9504538,2.5961383e-06,0.01145794563293457,12425.837929010391,230000
19.480923,-0.25655884,-9.311418,0.4899773,1.0,0.9990454,0.24804688,0.0039820536,-16.836533,-16.850088,-2.9677935,471.59442,1.0171807,1.4819497e-05,0.5748318,-0.64540553,9.263025,0.99905205,0.23828125,0.003931186,-16.383694,-16.396872,-2.9044302,351.51025,1.2182071,9.071815e-06,24.514992,-0.26627737,-9.358108,0.50164986,1.0,0.9990339,0.19921875,0.0043584956,-16.737072,-16.750202,-3.3056154,711.8117,0.95430624,4.419479e-06,0.999033,0.18359375,0.004364081,-16.164043,-16.176634,-3.2821672,681.95807,1.1668578,1.5039969e-05,0.014300018072128296,12497.338037252426,235000
16.889507,-0.2969488,-9.297066,0.48638946,1.0,0.9990616,0.2421875,0.003963623,-16.670193,-16.683628,-2.9244642,1405.8453,1.7455931,7.496234e-05,0.81536365,-0.45340353,8.518178,0.9990597,0.22753906,0.0039402177,-16.228617,-16.241686,-2.8593984,182.8278,1.2669919,8.80397e-05,24.066006,-0.26693583,-9.296623,0.48627883,1.0,0.99902916,0.22949219,0.004214343,-16.802784,-16.816204,-3.0754342,295.5056,1.3710661,1.9076315e-06,0.99902725,0.20703125,0.0042333603,-16.263435,-16.276316,-3.085076,157.46619,1.5096216,1.9360165e-05,0.015003007459640503,12572.353079080582,240000
26.433949,-0.2088262,-9.289502,0.4844984,1.0,0.99906826,0.25097656,0.0039616004,-16.731375,-16.744852,-2.9429097,154.71887,1.0393045,2.7495802e-05,1.4359813,-1.307483,16.307018,0.9990654,0.23339844,0.003953625,-16.341595,-16.354712,-2.923689,225.81108,1.2455465,4.588601e-05,32.052753,-0.19099298,-9.32576,0.49356276,1.0,0.99903584,0.21386719,0.004358636,-16.923843,-16.937302,-3.1593366,186.98058,1.225096,4.763474e-07,0.9990349,0.20703125,0.0043570474,-16.303976,-16.316813,-3.1712227,419.22522,1.6029868,2.5725792e-06,0.014977958965301514,12647.24287891388,245000
21.949697,-0.21578279,-9.320963,0.49236363,1.0,0.9990587,0.26367188,0.0039115828,-16.88363,-16.89735,-2.8484015,90.08721,1.0100594,0.00016877486,0.7832817,-0.97645086,10.932865,0.99906445,0.26953125,0.0038427846,-16.401014,-16.41431,-2.7978241,155.16875,1.0150988,0.0002076784,26.623528,-0.23314832,-9.298168,0.48666504,1.0,0.99901485,0.21679688,0.004342397,-17.12859,-17.142246,-3.1577072,2420.642,2.5462384,3.1985348e-06,0.99901485,0.19824219,0.0043622693,-16.514782,-16.52782,-3.1766279,484.68347,2.1843061,1.3503796e-05,0.014978405475616454,12722.13491153717,250000
16.529518,-0.2824242,-9.287458,0.48398775,1.0,0.99906445,0.25,0.0039288797,-16.965225,-16.97893,-2.9461045,179.05765,0.9269205,2.748597e-05,0.7056397,-0.6180437,8.134703,0.9990654,0.25,0.0038632473,-16.482857,-16.496193,-2.8402185,357.0948,1.2347877,0.00012068768,23.511389,-0.26740897,-9.302063,0.48763856,1.0,0.99903584,0.22167969,0.0042086057,-16.661827,-16.675087,-3.0986419,556.76965,1.5798843,2.2139488e-06,0.9990339,0.21972656,0.004221763,-16.108967,-16.121702,-3.0794172,150.14177,1.3659031,1.5680484e-06,0.014991058826446533,12797.090208053589,255000
15.843283,-0.2631181,-9.322754,0.49281156,1.0,0.99906063,0.2685547,0.0038734768,-16.931938,-16.945705,-2.8461623,329.07843,0.8890545,3.3768072e-05,0.5757143,-0.5732918,7.6616983,0.9990597,0.25097656,0.0038876391,-16.457169,-16.470484,-2.8365226,219.24799,1.0744027,3.2068045e-05,24.007889,-0.2682354,-9.3024025,0.4877236,1.0,0.9990387,0.21289062,0.004217471,-17.066349,-17.079954,-3.1492126,566.65076,1.5566697,7.1936915e-06,0.9990425,0.20117188,0.0042151483,-16.463278,-16.476288,-3.1559052,141.09283,1.0720441,1.4581166e-06,0.014973181104660034,12871.956119537354,260000
18.55001,-0.2467514,-9.259562,0.47701335,1.0,0.99905777,0.2763672,0.0038312068,-16.94165,-16.955444,-2.8304474,249.16446,0.8346875,6.2044965e-06,0.56663454,-0.73321027,9.377699,0.99906635,0.26367188,0.0037968357,-16.48682,-16.500214,-2.7861376,100.18241,0.7922368,1.1989765e-05,27.502752,-0.22473556,-9.339486,0.4969945,1.0,0.9990349,0.21679688,0.004203012,-16.86761,-16.881063,-3.1083682,422.42743,1.3155739,9.1475147e-07,0.99903107,0.21679688,0.0042492663,-16.344467,-16.3574,-3.1117184,1045.165,2.7253532,3.983854e-06,0.014968874406814575,12946.800515174866,265000
16.83305,-0.24264936,-9.374924,0.5058539,1.0,0.999053,0.24121094,0.0039522965,-16.591148,-16.604467,-2.9653945,143.06415,0.79484856,2.5893376e-05,0.52870435,-0.6105823,9.277789,0.999053,0.23828125,0.0038998406,-16.193768,-16.206753,-2.9074883,338.8769,1.288549,6.497934e-05,27.489262,-0.23881689,-9.323017,0.49287724,1.0,0.99903584,0.17773438,0.004328791,-16.619396,-16.63244,-3.2768884,380.3412,1.2563078,5.5279725e-05,0.99902916,0.18359375,0.0043492513,-16.120987,-16.133545,-3.2762892,251.83131,1.2101569,3.3001634e-05,0.014973535776138306,13021.66819691658,270000
20.460049,-0.264537,-9.311029,0.48988032,1.0,0.99906254,0.25683594,0.0039488645,-17.076881,-17.09076,-2.8797472,215.97736,1.0346365,8.642956e-06,1.2179788,-1.3920921,14.370811,0.99905586,0.24511719,0.0039010653,-16.551954,-16.565403,-2.7915566,607.0958,1.6701452,4.495279e-06,26.214746,-0.2630574,-9.338263,0.49668878,1.0,0.9990082,0.1953125,0.0044091647,-17.089687,-17.103247,-3.218382,482.02167,1.7936624,2.8828008e-06,0.9990063,0.18847656,0.004452292,-16.511757,-16.524748,-3.223287,841.51337,3.1436753,7.2512006e-07,0.014984694623947144,13096.591675758362,275000
26.311836,-0.2024113,-9.325351,0.4934607,1.0,0.99906254,0.25195312,0.0039485907,-17.005545,-17.019258,-2.9767008,156.81863,0.8825742,4.0571456e-05,1.3011013,-1.4627843,16.49316,0.99906254,0.24609375,0.003933573,-16.59158,-16.604889,-2.97553,177.21884,0.9129843,5.8615653e-05,24.593834,-0.20017007,-9.333248,0.49543506,1.0,0.9990282,0.21582031,0.0042866543,-16.96016,-16.973625,-3.1824288,1225.578,2.982494,6.8711715e-06,0.9990225,0.203125,0.0042955913,-16.501686,-16.514639,-3.2494862,152.29767,1.1194012,2.2236878e-05,0.014977499198913575,13171.479176044464,280000
20.046782,-0.2619121,-9.32499,0.4933706,1.0,0.99907017,0.28027344,0.0038795965,-16.985212,-16.99908,-2.7982378,463.2649,1.7558784,2.7920063e-05,1.0343773,-1.1502223,12.149681,0.99906635,0.25878906,0.003853321,-16.53634,-16.54979,-2.7770586,145.10602,1.3797994,7.93934e-05,28.760275,-0.22412686,-9.300312,0.48720086,1.0,0.99902534,0.2109375,0.0042908704,-16.76469,-16.778032,-3.1147704,784.8923,2.4069138,1.0070047e-05,0.9990282,0.20214844,0.004279997,-16.22347,-16.23625,-3.1506064,163.04514,1.5573504,2.6431688e-05,0.014986641693115234,13246.41238951683,285000
17.871939,-0.27612615,-9.2728,0.48032296,1.0,0.9990673,0.2626953,0.0038597886,-16.970177,-16.983997,-2.8298583,173.9936,0.9680846,2.7105194e-05,0.8081507,-0.84534484,11.339527,0.9990692,0.2763672,0.0037982794,-16.485722,-16.499126,-2.7714334,75.62942,0.6814527,0.00012707457,24.443201,-0.268875,-9.328642,0.4942834,1.0,0.9990406,0.2109375,0.004267214,-16.868977,-16.882298,-3.243926,239.8322,0.5617863,7.692104e-06,0.9990406,0.1953125,0.004268476,-16.326172,-16.338987,-3.218346,740.2147,1.336396,5.5238165e-06,0.014987924718856812,13321.352019786835,290000
19.595844,-0.26910698,-9.310797,0.48982197,1.0,0.99906063,0.2626953,0.0038690765,-17.080482,-17.094456,-2.7859676,440.52908,0.97215325,7.342017e-05,1.0376889,-0.91286653,14.728175,0.9990568,0.25097656,0.0038432304,-16.663872,-16.67747,-2.7515862,245.31322,1.2423296,3.954388e-05,26.206795,-0.31035715,-9.322139,0.49265766,1.0,0.99902344,0.23339844,0.004285882,-17.132881,-17.14659,-3.1085668,1439.4282,2.3679304,3.990824e-06,0.9990244,0.22070312,0.0042969086,-16.596123,-16.609335,-3.078545,1256.9244,2.31077,4.7405138e-06,0.014983860778808594,13396.271327018738,295000
16.149948,-0.27834374,-9.298921,0.48685312,1.0,0.99905777,0.26953125,0.003895179,-17.176363,-17.190355,-2.861023,393.21527,1.2778718,6.6049674e-06,0.7964332,-0.43326876,7.7492523,0.9990587,0.26757812,0.0038408865,-16.668297,-16.681887,-2.7641485,168.89871,1.1693394,2.8480104e-05,25.02694,-0.2532503,-9.345865,0.49858928,1.0,0.999012,0.18164062,0.004358614,-17.283997,-17.297768,-3.195891,2087.0493,2.4025602,4.809291e-06,0.9990177,0.17675781,0.0043526683,-16.74509,-16.758358,-3.1721005,470.31912,1.9775307,9.2071905e-06,0.014981953525543212,13471.181100606918,300000
19.024273,-0.2361894,-9.323038,0.49288246,1.0,0.9990635,0.26660156,0.003948584,-16.92783,-16.941523,-2.9205136,137.61125,0.75677544,3.7262747e-05,0.85581535,-0.6525777,10.547036,0.99906826,0.24511719,0.0039277356,-16.417397,-16.4306,-2.9086351,635.35876,1.7908332,2.9453067e-05,27.767563,-0.25037736,-9.39061,0.50977546,1.0,0.99902153,0.21484375,0.00431046,-17.145433,-17.159143,-3.1182017,845.1216,2.115034,3.5600064e-05,0.9990282,0.20410156,0.0043033957,-16.53025,-16.54327,-3.2137842,123.32442,1.2306353,2.8169825e-06,0.24095265250205994,14675.94436621666,305000
22.829882,-0.22175863,-9.2217245,0.46755397,1.0,0.9990597,0.24804688,0.0039701406,-16.91276,-16.926395,-2.9640927,68.45442,0.6549803,1.24626995e-05,0.824503,-1.3053157,14.888674,0.9990616,0.2529297,0.0039480412,-16.433136,-16.446297,-2.9673526,363.71323,1.1389446,7.016061e-06,29.405525,-0.20969078,-9.325824,0.49357903,1.0,0.9990244,0.20507812,0.0042126486,-16.761608,-16.774942,-3.1222649,145.67542,0.6304743,4.8008505e-06,0.9990225,0.19042969,0.0042430796,-16.233627,-16.246408,-3.158095,1393.5945,2.097375,1.3956124e-05,0.013822306060791016,14745.055899143219,310000
21.29677,-0.2623212,-9.3070965,0.4888969,1.0,0.9990635,0.23632812,0.0039612576,-16.874622,-16.888279,-2.9034567,1290.3998,2.2292976,1.6892637e-06,1.0611638,-1.1550936,15.342112,0.99906445,0.24121094,0.0038940222,-16.548052,-16.561457,-2.831832,932.9346,2.7553248,2.6358437e-05,24.651306,-0.26480436,-9.325249,0.49343506,1.0,0.99903774,0.22070312,0.0042974665,-17.114353,-17.128023,-3.1304798,442.26254,2.7721062,5.144837e-06,0.999032,0.21386719,0.0042925067,-16.599043,-16.612223,-3.1159844,577.16,3.234871,3.888849e-06,0.015031763553619385,14820.214724063873,315000
22.83234,-0.24843769,-9.318554,0.4917615,1.0,0.9990597,0.26757812,0.003915212,-16.862808,-16.876467,-2.8873265,304.4455,0.71792835,2.0331465e-05,2.0915246,-1.2317162,14.522255,0.99905586,0.25097656,0.003878242,-16.45203,-16.46532,-2.85458,196.08875,0.73332226,7.051946e-05,28.878292,-0.26600528,-9.31345,0.49048537,1.0,0.99902344,0.20214844,0.004378108,-17.083836,-17.097397,-3.209017,519.9029,1.4571025,1.2238119e-05,0.99902344,0.19921875,0.0043311184,-16.560585,-16.573639,-3.2086034,265.90103,0.931156,2.7514112e-05,0.015008360147476196,14895.256528139114,320000
19.528336,-0.30595654,-9.302658,0.48778754,1.0,0.9990549,0.27929688,0.0038895248,-16.988432,-17.00222,-2.882608,357.11722,1.1834024,8.277922e-06,0.88588065,-0.7855299,14.065116,0.99905777,0.25390625,0.0038567865,-16.487139,-16.5005,-2.8179083,738.84576,1.6436471,9.1935035e-06,23.438356,-0.30064082,-9.350311,0.49970078,1.0,0.9990301,0.22558594,0.004294102,-17.1434,-17.157019,-3.21029,528.83154,1.7098559,1.4649505e-06,0.9990368,0.20507812,0.00430725,-16.577728,-16.590794,-3.2132783,130.81001,1.199083,1.3292158e-05,0.01499526343345642,14970.232852935791,325000
18.917273,-0.25301105,-9.307008,0.48887497,1.0,0.9990654,0.2578125,0.0039012444,-17.265102,-17.279211,-2.8350887,240.82002,1.1470304,1.2067863e-05,0.8171363,-0.8384672,11.38909,0.9990597,0.2421875,0.0038839749,-16.800957,-16.814627,-2.8161926,173.33147,1.2896774,3.6237166e-06,29.969751,-0.2646528,-9.305613,0.48852608,1.0,0.99905014,0.20800781,0.004229567,-17.398033,-17.411938,-3.1728053,565.1604,2.005413,5.9193866e-07,0.99904823,0.20410156,0.004224019,-16.743187,-16.756487,-3.1349452,4343.2783,5.4777756,4.7335539e-07,0.015000082349777222,15045.233268499374,330000
23.30532,-0.23377064,-9.254711,0.47580087,1.0,0.99905586,0.2734375,0.0039376784,-16.931494,-16.945173,-2.9366918,164.82498,0.6961969,2.4383244e-05,1.064106,-1.5849601,15.128639,0.9990587,0.2578125,0.003909162,-16.510647,-16.523956,-2.8943167,265.41116,1.1262196,2.8878407e-05,25.15632,-0.31424263,-9.282928,0.482855,1.0,0.99903965,0.19726562,0.004276233,-16.950676,-16.964094,-3.2246308,1067.8943,1.747088,2.0019756e-06,0.9990349,0.17675781,0.0042957217,-16.459885,-16.472881,-3.1662173,1079.3514,3.7146537,7.8875864e-08,0.015005081653594972,15120.258682012558,335000
21.90815,-0.25402147,-9.320646,0.49228454,1.0,0.9990616,0.24023438,0.0038757375,-17.16202,-17.17604,-2.8196995,113.32631,0.95380116,2.462363e-05,0.9451951,-0.86511123,12.200844,0.9990711,0.2529297,0.0038378953,-16.733738,-16.7474,-2.760294,514.6335,1.476673,2.5236727e-06,21.849285,-0.25984284,-9.330207,0.49467468,1.0,0.99902153,0.21484375,0.0043348717,-17.101723,-17.115385,-3.123859,800.4335,1.9027731,1.4518406e-06,0.9990206,0.203125,0.004338266,-16.53031,-16.54338,-3.1577015,1814.5944,3.5535767,2.8489517e-06,0.015000282430648803,15195.260099887848,340000
23.875134,-0.23919082,-9.263117,0.4779023,1.0,0.9990597,0.24804688,0.003963909,-17.167274,-17.181208,-2.9152188,274.63248,1.216738,1.9449251e-05,1.1190135,-1.0659031,15.117586,0.99906635,0.25976562,0.0039411318,-16.752153,-16.765705,-2.8889909,188.29843,1.5281852,3.146045e-05,30.591278,-0.31903732,-9.313166,0.49041426,1.0,0.9990473,0.21875,0.0042822557,-17.369556,-17.383415,-3.1918416,190.0869,1.2908399,4.0578144e-07,0.99903965,0.20410156,0.0043065567,-16.665743,-16.678944,-3.1630294,214.1148,1.9697448,4.0273653e-07,0.014999524688720704,15270.257726192474,345000
23.920187,-0.2767273,-9.316983,0.49136865,1.0,0.9990568,0.26757812,0.003952186,-17.207088,-17.221052,-2.9243445,90.85726,0.6973999,1.4267723e-05,0.95611984,-0.62852806,13.431015,0.9990616,0.25195312,0.0038712043,-16.706947,-16.720503,-2.8375416,51.045982,0.66083306,2.0381589e-05,27.05124,-0.28958154,-9.3281975,0.49417236,1.0,0.99903965,0.22070312,0.0043008914,-17.044916,-17.058456,-3.195016,2148.2014,2.5236707,7.0450324e-06,0.99903584,0.203125,0.004296722,-16.466833,-16.479786,-3.2169104,192.85095,1.1185839,1.32784235e-05,0.014998778104782104,15345.25162410736,350000
18.813282,-0.25657523,-9.280237,0.48218232,1.0,0.99905396,0.25390625,0.0039650593,-17.12308,-17.136951,-2.932675,243.25171,0.8425068,8.543131e-05,1.2572187,-1.0411282,12.744887,0.99906063,0.2421875,0.00392376,-16.642492,-16.655937,-2.8874865,118.35306,1.0250663,0.00010291783,27.509361,-0.28488314,-9.275108,0.48090017,1.0,0.99903774,0.18554688,0.0043422543,-16.89338,-16.906734,-3.2328043,3491.5732,3.1450577,3.8165126e-06,0.999033,0.1796875,0.004322284,-16.47834,-16.491295,-3.2262976,982.199,1.8487421,6.256571e-06,0.015003422212600709,15420.268738508224,355000
20.01355,-0.2943817,-9.277882,0.48159343,1.0,0.9990587,0.25976562,0.0039809262,-17.172743,-17.18663,-2.9671118,133.82782,0.97580254,1.8738441e-05,0.93747574,-0.9814897,13.173822,0.9990587,0.25683594,0.003949887,-16.74258,-16.756115,-2.8961177,154.3441,1.2354678,2.2709417e-05,28.174755,-0.25443643,-9.340128,0.4971549,1.0,0.9990368,0.20996094,0.004219152,-17.025139,-17.038694,-3.1604455,285.7814,1.0107176,2.177407e-05,0.999033,0.19238281,0.004240903,-16.461115,-16.47411,-3.165767,182.42409,1.2313628,6.479702e-05,0.015003291320800782,15495.285200119019,360000
22.934246,-0.26563436,-9.276409,0.48122525,1.0,0.9990654,0.25976562,0.0039559226,-17.171383,-17.18532,-2.915349,212.80219,1.2818077,1.6039367e-05,1.7412393,-0.957936,16.114529,0.99907017,0.25878906,0.0039008816,-16.704248,-16.717793,-2.8492932,122.93022,1.212929,4.2753334e-05,26.05835,-0.25599945,-9.3553295,0.50095534,1.0,0.9990406,0.20410156,0.004358044,-17.194426,-17.208155,-3.1533136,1247.0514,4.4766808,6.508063e-06,0.9990301,0.19628906,0.004365651,-16.64056,-16.653738,-3.161081,694.99475,3.0993545,1.729034e-05,0.015007943201065063,15570.324921369553,365000
24.50277,-0.24896842,-9.314461,0.49073818,1.0,0.9990654,0.2685547,0.0038851507,-17.253561,-17.26762,-2.870772,257.17102,1.251642,5.8283993e-05,0.9657468,-2.872918,19.556747,0.9990587,0.2578125,0.0038533816,-16.816595,-16.830263,-2.8322825,333.2105,2.181218,7.3967225e-05,29.019718,-0.21874338,-9.302497,0.48774713,1.0,0.999033,0.1875,0.004355391,-17.017109,-17.030512,-3.3073227,790.3379,2.0813866,1.2772505e-06,0.99903965,0.19042969,0.00434942,-16.537525,-16.550423,-3.3425398,656.48224,1.6953683,1.1568814e-06,0.015002986764907836,15645.339857816696,370000
21.232082,-0.25942057,-9.321118,0.4924024,1.0,0.9990711,0.265625,0.0039361706,-17.283876,-17.297907,-2.9314551,253.7934,1.268956,3.0285921e-06,0.9268573,-1.0338337,13.429029,0.9990654,0.25683594,0.0039200024,-16.797337,-16.810938,-2.8864663,174.6218,0.99971807,1.1336612e-05,30.017826,-0.24703601,-9.344032,0.49813122,1.0,0.99903584,0.21484375,0.004224343,-17.242832,-17.25663,-3.1285698,1380.7906,1.8338119,8.370205e-06,0.99904156,0.19433594,0.0042293714,-16.69986,-16.713106,-3.1480014,6776.5107,9.705223,1.575245e-05,0.014998448038101197,15720.332104444504,375000
16.590796,-0.29345,-9.307358,0.48896244,1.0,0.99906254,0.2861328,0.0038351724,-17.184141,-17.19818,-2.822074,545.68976,1.6620545,4.8560636e-05,1.0133299,-1.0308472,11.095058,0.9990692,0.28027344,0.00380047,-16.701794,-16.715378,-2.804387,111.494255,0.93612134,7.68279e-05,28.091005,-0.23820044,-9.346146,0.49865958,1.0,0.9990196,0.20800781,0.0043031396,-17.177828,-17.191542,-3.1491427,662.32074,1.8749818,1.526023e-05,0.99901295,0.18847656,0.0043546967,-16.57207,-16.585121,-3.2214866,500.1999,1.6646278,7.5741996e-06,0.014996194648742675,15795.313079357147,380000
23.894196,-0.1952588,-9.304179,0.48816767,1.0,0.9990616,0.29101562,0.003746016,-17.180641,-17.194778,-2.7185435,109.84183,0.8206526,8.663423e-06,0.75976616,-0.9842745,13.619383,0.99905777,0.2861328,0.0036979946,-16.750578,-16.764318,-2.694394,69.93656,0.723316,8.7920555e-05,34.43805,-0.19768146,-9.349243,0.49943382,1.0,0.99903107,0.19726562,0.00434017,-17.106464,-17.120096,-3.161775,428.32703,2.1737347,5.596546e-06,0.9990301,0.1953125,0.0043316563,-16.596695,-16.609772,-3.2174907,1846.2628,2.8744793,5.178769e-06,0.012905520868301391,15859.840690135956,385000
19.356186,-0.2581362,-9.305157,0.48841238,1.0,0.9990492,0.23730469,0.0039554755,-16.937035,-16.950712,-2.9474707,228.28046,0.7227242,0.00011704715,1.0964173,-0.9509984,11.366398,0.999053,0.23730469,0.0039148214,-16.586952,-16.600294,-2.9342787,209.69598,0.76963294,0.00019316851,31.233097,-0.23608057,-9.353472,0.50049084,1.0,0.99903107,0.21679688,0.004296936,-17.17339,-17.187075,-3.173726,248.73994,1.2068835,1.9468309e-05,0.9990339,0.20214844,0.0042835698,-16.643198,-16.656342,-3.1974869,101.404144,0.9766937,4.785857e-06,0.008727211332321167,15903.47675204277,390000
16.964308,-0.25008285,-9.297748,0.48656,1.0,0.99905777,0.26171875,0.0038849034,-17.182331,-17.19634,-2.850418,473.74396,1.3091149,2.2419279e-05,1.0818607,-0.51060474,9.063372,0.99906063,0.2607422,0.0038459192,-16.776287,-16.789936,-2.8112054,153.6093,0.9370173,3.5662386e-05,28.890602,-0.25536045,-9.313719,0.49055272,1.0,0.99902534,0.23046875,0.004251442,-17.18681,-17.200602,-3.0776787,7424.8247,5.553561,6.711114e-07,0.99902344,0.21289062,0.004273181,-16.70855,-16.721863,-3.089311,378.06055,2.644071,1.4676144e-06,0.00795195426940918,15943.236528396606,395000
21.679993,-0.23387866,-9.278916,0.48185217,1.0,0.9990616,0.26367188,0.0039309543,-17.22293,-17.236973,-2.8561478,278.32367,0.96053183,7.954027e-05,1.3349687,-0.51002824,11.97062,0.99905396,0.26464844,0.00388737,-16.756002,-16.769611,-2.8363829,414.68402,1.252954,2.3616558e-05,24.816578,-0.2934623,-9.326778,0.49381763,1.0,0.9990225,0.20898438,0.004357808,-17.422058,-17.435984,-3.176559,423.00632,1.638171,2.2570682e-06,0.9990244,0.20214844,0.0043394277,-16.752266,-16.765545,-3.1672606,2777.5435,4.585418,4.053102e-06,0.008022633266448975,15983.349699735641,400000
26.324883,-0.23625961,-9.318141,0.49165815,1.0,0.99907684,0.2734375,0.0038681854,-17.518902,-17.533215,-2.8772407,999.3523,1.7527184,5.1957118e-06,1.3352642,-2.1566894,21.98862,0.9990711,0.25585938,0.0038388928,-17.022991,-17.036844,-2.8488748,301.8515,1.5501273,6.73311e-05,28.403725,-0.28292322,-9.379809,0.5070752,1.0,0.99902916,0.24511719,0.004201037,-17.192698,-17.206497,-3.0759053,606.9505,1.6550765,2.2317704e-06,0.9990206,0.21484375,0.0042339335,-16.670557,-16.683826,-3.096077,1733.7611,2.9051602,3.0192803e-06,0.2506987596988678,17236.84350323677,405000
19.233767,-0.25850326,-9.332947,0.49535972,1.0,0.99907017,0.25683594,0.0038442255,-17.440144,-17.454428,-2.8279376,185.45499,1.064354,2.4268269e-05,0.8962814,-1.0993832,13.175138,0.99906826,0.26757812,0.0038136803,-16.969803,-16.983673,-2.7819362,70.326256,1.0368494,3.4001743e-05,26.974527,-0.27828795,-9.37102,0.5048779,1.0,0.999033,0.19726562,0.004336493,-17.025307,-17.038729,-3.295504,525.53296,1.3945696,1.8381519e-06,0.999032,0.18554688,0.00434275,-16.444279,-16.457134,-3.2931352,1427.6313,2.312983,3.1629156e-07,0.012005578422546386,17296.8713991642,410000
25.942331,-0.23179996,-9.314627,0.49077943,1.0,0.9990616,0.2626953,0.0039634462,-17.369709,-17.383844,-2.9102356,276.57535,1.2825545,6.4226583e-07,1.7369698,-0.9842691,17.085695,0.99906445,0.26757812,0.0039092093,-16.928568,-16.942312,-2.8673198,1137.4573,2.2400517,4.573356e-06,21.916134,-0.27522367,-9.298374,0.48671636,1.0,0.99901295,0.20214844,0.00425973,-17.376038,-17.389938,-3.1539516,200.0129,1.0149785,1.6424514e-06,0.9990177,0.20019531,0.0042585684,-16.750172,-16.76348,-3.1364331,237.20857,1.3002728,1.839453e-06,0.014980288553237915,17371.772849321365,415000
23.708282,-0.24928798,-9.359115,0.50190175,1.0,0.9990425,0.27441406,0.0039532986,-17.260538,-17.274641,-2.8330534,290.41553,1.1978683,4.690659e-06,1.289453,-1.4443339,17.5488,0.9990425,0.25976562,0.0039138244,-16.784073,-16.797733,-2.807271,237.82922,1.191211,1.2994032e-05,28.871166,-0.25017327,-9.297426,0.48647958,1.0,0.9990349,0.20507812,0.004325316,-17.394672,-17.408558,-3.1895947,2658.6794,2.9532542,1.1477679e-06,0.9990349,0.18652344,0.004320978,-16.8266,-16.839886,-3.2338266,481.21536,1.8450495,1.9177971e-06,0.01497583441734314,17446.652023792267,420000
23.747894,-0.268567,-9.255482,0.47599334,1.0,0.99906826,0.2939453,0.0038151285,-17.406647,-17.420952,-2.7759995,403.3124,1.1732934,2.0599886e-05,3.7742968,-2.423838,24.65272,0.99907494,0.2783203,0.0037636762,-16.876774,-16.890617,-2.7159653,144.5978,0.98277295,2.0388745e-05,27.653,-0.30117965,-9.327694,0.49404633,1.0,0.9990196,0.22363281,0.0041884296,-17.614014,-17.628315,-2.9849017,4986.8926,6.597142,1.7728843e-06,0.9990301,0.20898438,0.0041983086,-16.919395,-16.93306,-2.9415646,1475.8424,6.8318615,4.0152394e-05,0.014978645133972167,17521.545254707336,425000
21.372845,-0.28732672,-9.309163,0.48941383,1.0,0.99906063,0.28320312,0.0038618208,-17.300148,-17.314291,-2.8298004,799.9039,1.2147214,1.5337644e-05,1.8248206,-2.1533432,16.843937,0.9990654,0.26757812,0.0038324087,-16.800219,-16.81392,-2.7856607,384.4606,1.3408093,4.438514e-05,33.791107,-0.26390886,-9.303478,0.4879926,1.0,0.9990444,0.203125,0.004261696,-17.36613,-17.379992,-3.188418,327.43433,1.3642874,1.0444214e-05,0.9990406,0.17773438,0.0042640376,-16.79691,-16.810202,-3.1955416,1000.7237,1.8368622,4.1595194e-06,0.014980450582504273,17596.447512626648,430000
22.216331,-0.23597398,-9.327051,0.49388576,1.0,0.999073,0.2783203,0.003747514,-17.53257,-17.54707,-2.6986868,1846.9991,2.2594354,9.77705e-06,1.7273736,-1.9390398,14.8108835,0.99907494,0.2861328,0.0037097023,-17.04262,-17.056686,-2.6512988,421.30054,1.8410897,4.9093804e-05,28.044804,-0.26069906,-9.321978,0.49261755,1.0,0.99903584,0.21386719,0.0043456564,-17.23756,-17.251242,-3.242849,554.10925,1.8576167,2.4367853e-05,0.9990368,0.20117188,0.004343641,-16.65634,-16.669426,-3.2709198,526.8251,1.7742517,1.2214309e-05,0.014979792499542236,17671.346477508545,435000
13.029015,-0.311431,-9.286713,0.48380107,1.0,0.99906445,0.26953125,0.0038714327,-17.354555,-17.368734,-2.8509567,226.67813,0.89540255,8.577583e-05,0.53733003,-0.56030303,6.5951138,0.99905586,0.27148438,0.0038466607,-16.789028,-16.802685,-2.8184361,144.86473,0.75022095,9.36772e-05,26.417421,-0.29919362,-9.339186,0.49691945,1.0,0.99903107,0.20703125,0.0042926343,-17.413647,-17.427553,-3.1877067,360.6624,1.315746,2.381646e-06,0.99903584,0.19921875,0.00425403,-16.758131,-16.77144,-3.1432939,232.11064,1.1995816,5.8657843e-06,0.01499115982055664,17746.302282094955,440000
24.968666,-0.24926037,-9.298641,0.4867832,1.0,0.9990654,0.28808594,0.0039198976,-17.465569,-17.47984,-2.8675137,259.25858,1.3819959,3.3153112e-05,1.8650386,-2.1324131,23.387196,0.9990616,0.2783203,0.0039054663,-16.829254,-16.842932,-2.835534,337.98447,1.5692627,8.4186024e-05,23.89532,-0.27906185,-9.328286,0.49419463,1.0,0.9990339,0.21777344,0.0042496216,-17.632996,-17.64726,-3.0383615,763.4211,2.3664713,9.808367e-07,0.99902534,0.23242188,0.0042491667,-16.923855,-16.937412,-3.0543761,553.2596,2.882396,6.1575806e-06,0.014993656015396118,17821.270565509796,445000
24.887997,-0.23079288,-9.3104925,0.48974615,1.0,0.999074,0.26757812,0.0038499874,-17.706636,-17.721193,-2.8160937,187.11089,0.9707358,2.1033706e-05,1.6167669,-1.7089127,17.573753,0.9990721,0.27441406,0.0038304077,-17.186756,-17.200817,-2.8005447,70.90751,0.94694066,0.00011952018,36.823174,-0.236954,-9.2837515,0.4830609,1.0,0.9990387,0.20410156,0.0043226965,-17.431854,-17.44569,-3.2748044,426.98602,1.2780638,1.6670472e-06,0.99904156,0.1953125,0.004329411,-16.806076,-16.819275,-3.303386,406.62415,1.2692472,8.717613e-07,0.011203369665145874,17877.287419080734,450000
23.289196,-0.2655074,-9.290033,0.48463133,1.0,0.999053,0.26171875,0.0038892997,-17.133976,-17.147993,-2.7960825,604.6477,1.7234769,8.168738e-05,0.7918703,-1.1769629,15.605866,0.99906063,0.25390625,0.0038650366,-16.665833,-16.679432,-2.7531178,193.33553,1.3954666,0.00012984996,28.860405,-0.28975004,-9.298147,0.48665974,1.0,0.9990349,0.22265625,0.0041999696,-17.468636,-17.48269,-3.0901608,1971.1115,2.545853,1.3620031e-05,0.999033,0.20996094,0.004218747,-16.829721,-16.84317,-3.0725155,2557.2747,6.9703617,0.00010012958,0.007953538751602172,17917.055118322372,455000
24.319727,-0.2744339,-9.284023,0.48312902,1.0,0.9990692,0.26953125,0.0038697654,-17.591434,-17.605843,-2.8510716,306.9341,1.173452,3.557495e-05,1.1407106,-1.131348,16.61069,0.99907017,0.25,0.0038319994,-17.051077,-17.065004,-2.8034286,251.73381,1.1625543,0.00021624628,28.208263,-0.27198726,-9.277176,0.48141682,1.0,0.9990511,0.2265625,0.0041775582,-17.277092,-17.290892,-3.1603045,168.60057,0.5776884,2.6565103e-06,0.99904346,0.20996094,0.0041613737,-16.650818,-16.664055,-3.1090374,197.59634,0.97844285,7.667868e-06,0.007941105079650878,17956.760645389557,460000
15.221199,-0.26903862,-9.342612,0.49777603,1.0,0.9990616,0.26367188,0.0038796652,-17.426815,-17.441061,-2.8542094,200.99364,0.838355,1.9943276e-05,0.86785746,-0.702877,7.678483,0.99906826,0.26171875,0.0038445466,-16.935091,-16.948893,-2.8157277,337.98495,1.2900653,1.2627055e-05,26.55072,-0.2770278,-9.306099,0.4886477,1.0,0.99903107,0.20800781,0.004255281,-17.411524,-17.42546,-3.1529086,230.21596,0.9118125,1.745817e-07,0.99902153,0.18359375,0.0042791404,-16.824795,-16.838182,-3.1295125,237.66666,1.2472795,1.6876245e-06,0.007927745866775512,17996.399379968643,465000
22.58709,-0.28171983,-9.320162,0.49216324,1.0,0.99906445,0.27734375,0.003928569,-17.687233,-17.701704,-2.8845859,643.9323,1.8832648,2.2175465e-05,1.4594226,-1.3458331,15.569471,0.99906635,0.25,0.0038873598,-17.23256,-17.246616,-2.8535283,290.98123,2.0581641,0.000120216355,27.507824,-0.2838761,-9.340496,0.49724704,1.0,0.99901295,0.19335938,0.00438368,-17.557983,-17.571976,-3.2437162,797.4145,1.4118581,5.6437225e-06,0.99901485,0.18554688,0.004368474,-16.994305,-17.00773,-3.258552,302.02426,1.5225627,8.7771305e-06,0.007937195587158203,18036.085364103317,470000
22.954033,-0.2661594,-9.328887,0.49434474,1.0,0.9990654,0.27441406,0.0038254196,-17.7344,-17.749077,-2.719481,220.70094,1.2693081,1.7541031e-05,1.3359956,-0.890775,13.285198,0.99906063,0.265625,0.0038114137,-17.185703,-17.199844,-2.7203374,340.93854,1.601076,2.3169094e-05,28.464783,-0.25471678,-9.323745,0.4930591,1.0,0.99902916,0.20605469,0.0043055974,-17.378305,-17.392242,-3.1199856,330.0364,1.5801959,1.6770852e-06,0.99902725,0.21289062,0.0043104994,-16.711195,-16.724459,-3.1434216,140.33362,1.1566628,1.2126845e-06,0.007921025323867797,18075.69049358368,475000
23.061455,-0.27057955,-9.274826,0.48082942,1.0,0.99906063,0.27929688,0.003796638,-17.6347,-17.649267,-2.734335,281.74615,1.3880326,5.3676118e-05,1.2894948,-1.0695053,14.825235,0.9990654,0.27148438,0.003773635,-17.09899,-17.113054,-2.710171,177.02255,1.3310273,8.185466e-05,25.531649,-0.29213256,-9.300378,0.4872174,1.0,0.99901104,0.20507812,0.0043047694,-17.56095,-17.57504,-3.1464593,3515.614,3.1430888,2.8636023e-07,0.99901104,0.19335938,0.0043168887,-16.906555,-16.920008,-3.1457696,109.44261,1.0571865,2.0777556e-07,0.007927892303466797,18115.329959869385,480000
17.8877,-0.28020936,-9.351252,0.49993598,1.0,0.9990711,0.28222656,0.0038464451,-17.75142,-17.766037,-2.7970512,682.19385,1.7063849,3.9327683e-06,1.7275449,-2.0369587,15.933737,0.9990721,0.27929688,0.0037657912,-17.15913,-17.173258,-2.7077882,144.07454,1.3552854,1.2329939e-05,24.694046,-0.3043456,-9.31538,0.490968,1.0,0.99903584,0.2109375,0.004243373,-17.656116,-17.670378,-3.0665112,337.8214,1.6483417,1.9098277e-05,0.999032,0.203125,0.0042781755,-16.947088,-16.960659,-3.0642972,456.4747,2.5837789,1.3402505e-05,0.007927379989624023,18154.966863393784,485000
19.944452,-0.24888146,-9.291541,0.4850082,1.0,0.9990492,0.2763672,0.0039007743,-17.60336,-17.61779,-2.8432505,120.8905,0.96013397,1.0439972e-05,1.083712,-1.1335821,14.791542,0.99904823,0.27246094,0.0038456593,-17.092525,-17.10654,-2.753471,80.09028,0.9470154,8.838865e-05,36.653107,-0.24467768,-9.338361,0.49671322,1.0,0.99901485,0.22460938,0.004247714,-17.699823,-17.71413,-3.0629065,5107.1353,5.2863083,2.5486025e-07,0.99901485,0.20410156,0.004208406,-17.07217,-17.085857,-3.0722604,406.3398,1.2311175,1.7047679e-06,0.007987617874145508,18194.90495800972,490000
21.089218,-0.25485387,-9.2930155,0.48537683,1.0,0.9990492,0.25097656,0.0039826855,-17.178349,-17.192244,-2.9657507,771.8604,1.430157,2.4307601e-05,2.1271248,-2.1085606,17.515738,0.99905777,0.23925781,0.0039296984,-16.800213,-16.813787,-2.9130363,155.61429,0.95731306,4.303145e-05,33.45868,-0.23134181,-9.342875,0.49784184,1.0,0.99901676,0.19238281,0.0043042586,-17.45618,-17.470118,-3.19828,2135.264,3.5063305,4.79295e-06,0.9990196,0.17773438,0.004327958,-16.868639,-16.881989,-3.213605,2076.9963,3.3823614,5.7383086e-06,0.008019648361206055,18235.003205776215,495000
17.468065,-0.28617126,-9.290167,0.48466468,1.0,0.99907494,0.2890625,0.0038549742,-17.708473,-17.723022,-2.8256938,226.9049,1.2865211,5.8520727e-06,2.6232576,-0.87041694,12.436177,0.9990845,0.28808594,0.0037943167,-17.177303,-17.191418,-2.7381158,207.12157,1.7204118,1.9543779e-05,24.804684,-0.3369451,-9.31844,0.49173295,1.0,0.9990263,0.20507812,0.0043245335,-17.329819,-17.34357,-3.2623687,388.41812,1.4138544,1.1994563e-06,0.9990225,0.17578125,0.0043664444,-16.735611,-16.748781,-3.2609668,681.1011,1.6274445,1.6881468e-07,0.007909476184844971,18274.550589323044,500000
16.225645,-0.26070467,-9.286963,0.48386383,1.0,0.9990654,0.2763672,0.003842378,-17.463564,-17.477846,-2.8535614,134.45453,0.80005455,1.488035e-05,1.1275452,-0.82630336,8.820926,0.99906254,0.27929688,0.0037864598,-17.003796,-17.017693,-2.78757,92.25203,0.76697105,6.0659768e-05,27.931908,-0.27403986,-9.29663,0.48628044,1.0,0.99904346,0.22851562,0.0042238478,-17.393429,-17.407347,-3.1566007,1958.0143,1.7847586,2.245011e-07,0.99904156,0.21191406,0.004253365,-16.735489,-16.748762,-3.1561677,367.31735,1.7499139,9.80818e-07,0.2941646875858307,19745.37403035164,505000
21.76288,-0.22687653,-9.328881,0.49434343,1.0,0.99906063,0.30078125,0.003843392,-17.393251,-17.407503,-2.813057,267.292,1.0931234,1.7763632e-05,1.6994112,-1.9566779,17.363546,0.99905396,0.28320312,0.0037922515,-16.993732,-17.00764,-2.7653282,165.4701,1.2378218,2.557136e-05,23.012058,-0.27092168,-9.315794,0.4910714,1.0,0.99902725,0.21386719,0.0042307395,-17.273115,-17.286905,-3.1678784,796.5571,1.1891253,1.3259543e-05,0.99902534,0.21289062,0.004240801,-16.752148,-16.765432,-3.1624193,184.27386,0.8736991,3.0064237e-05,0.010804094648361205,19799.394505739212,510000
19.981546,-0.2753975,-9.315836,0.49108195,1.0,0.9990597,0.27441406,0.0039059888,-17.644043,-17.658482,-2.874633,211.73071,0.8725771,2.2749193e-05,1.025471,-0.62583286,11.497413,0.9990673,0.25195312,0.003860198,-17.095793,-17.109787,-2.778739,154.48216,0.98301893,2.1513397e-05,24.586819,-0.28737625,-9.2938595,0.48558787,1.0,0.9990444,0.20507812,0.0043045287,-17.574295,-17.588367,-3.1781354,417.27792,1.6181567,1.938661e-06,0.99903965,0.1796875,0.004324513,-16.907408,-16.920847,-3.1583781,169.14001,1.0402534,8.405225e-06,0.006957037019729614,19834.17969584465,515000
20.643618,-0.2632359,-9.325451,0.49348575,1.0,0.9990568,0.26757812,0.003894546,-17.406578,-17.420767,-2.890513,489.49377,1.1393172,5.701363e-06,0.4600431,-0.6537881,10.081262,0.9990616,0.24707031,0.0038487683,-16.92862,-16.942421,-2.8112273,87.75303,0.8886442,6.02866e-06,23.939407,-0.31649774,-9.2706785,0.4797926,1.0,0.9990282,0.21875,0.0042589772,-17.312843,-17.326723,-3.1124055,730.70404,1.9066713,5.846007e-07,0.9990244,0.20410156,0.004309,-16.756168,-16.769485,-3.1336548,802.7999,3.5924923,1.5042172e-06,0.007930969285964967,19873.83454465866,520000
21.612473,-0.25831318,-9.277464,0.481489,1.0,0.99907017,0.28222656,0.0038584494,-17.704662,-17.71922,-2.8134406,357.48438,1.1394857,3.6996237e-08,1.4587364,-0.9904313,13.172747,0.99906254,0.2783203,0.0038128686,-17.151794,-17.165829,-2.7944002,108.94536,0.7585637,6.543363e-06,33.880493,-0.2543887,-9.3617735,0.50256634,1.0,0.9990282,0.21289062,0.004198113,-17.565933,-17.580145,-3.026556,410.46555,1.3798614,9.120028e-06,0.99901676,0.20019531,0.004230559,-17.011595,-17.025213,-3.0793328,265.83636,1.3307564,1.8564482e-05,0.007946836328506469,19913.56873202324,525000
18.65341,-0.2596849,-9.2948475,0.48583487,1.0,0.9990654,0.27148438,0.0038537923,-17.578533,-17.593002,-2.7797446,453.2335,1.6042107,2.2807735e-05,0.75414217,-0.5947027,9.742386,0.9990654,0.24804688,0.003793655,-17.131153,-17.145254,-2.705883,454.01392,2.401348,5.758398e-05,36.47596,-0.21297005,-9.356762,0.50131345,1.0,0.99902725,0.18945312,0.0043601347,-17.66266,-17.676819,-3.1791313,917.898,2.200117,3.3766478e-06,0.9990263,0.19238281,0.0043704202,-17.005848,-17.019333,-3.212079,324.6621,1.7705768,1.778895e-06,0.007928830432891845,19953.212889671326,530000
19.110094,-0.2714312,-9.321068,0.49239013,1.0,0.99905777,0.2763672,0.0038667372,-17.696598,-17.711098,-2.8623116,159.52669,0.8328111,6.4064356e-05,0.8060562,-0.95059854,11.70041,0.99906063,0.26464844,0.0038173252,-17.117575,-17.131565,-2.8060975,115.22275,0.8911997,0.00017946708,21.838045,-0.28042874,-9.348253,0.49918634,1.0,0.99901485,0.21679688,0.0043613026,-17.449528,-17.46342,-3.23569,1043.6744,1.3995948,1.5951326e-08,0.99901676,0.19921875,0.0043763164,-16.756628,-16.769867,-3.2155364,322.0844,1.6326221,1.6535795e-07,0.007918228006362915,19992.80403280258,535000
22.854431,-0.25445738,-9.276167,0.48116463,1.0,0.999074,0.28710938,0.0038447855,-17.726246,-17.740889,-2.747136,915.006,2.6170146,7.856918e-06,1.5991418,-1.4800196,16.660986,0.99907017,0.25976562,0.003809738,-17.164616,-17.17875,-2.7070265,256.82593,1.6579783,8.4996616e-05,33.551487,-0.2640018,-9.300145,0.48715904,1.0,0.999033,0.18359375,0.004354311,-17.346931,-17.360754,-3.2074194,692.16046,2.8267748,2.795771e-05,0.9990301,0.18164062,0.0043604705,-16.704939,-16.718143,-3.1976166,7156.343,13.329189,4.271099e-05,0.007916507625579834,20032.386577367783,540000
17.512297,-0.27961838,-9.337779,0.49656782,1.0,0.99907875,0.29492188,0.0037876,-17.770353,-17.78503,-2.757411,168.62953,1.0864103,2.6999815e-06,0.80270433,-0.8451507,9.358368,0.9990759,0.26757812,0.0037644655,-17.187243,-17.201365,-2.7406394,114.432976,1.0195692,1.9480065e-05,25.742031,-0.2757486,-9.34931,0.49945056,1.0,0.9990158,0.20605469,0.004237474,-17.5285,-17.542618,-3.0837731,902.29895,1.3098633,2.8880897e-06,0.99901867,0.19238281,0.0042535514,-16.865189,-16.878666,-3.077551,548.30115,2.3466516,1.3932314e-06,0.007926055669784545,20072.016861200333,545000
17.903038,-0.2734659,-9.270553,0.47976094,1.0,0.9990616,0.25390625,0.0038961815,-17.470888,-17.485119,-2.9087567,1331.35,1.5671624,3.4928646e-05,1.197934,-0.8733006,13.06129,0.99906635,0.25585938,0.0038569905,-16.929287,-16.943037,-2.8660977,296.21228,1.2039754,5.0005838e-05,34.34353,-0.25183547,-9.354551,0.5007607,1.0,0.9990225,0.21289062,0.004293453,-17.436214,-17.450085,-3.2460318,434.59277,1.0969269,2.651771e-05,0.9990282,0.2109375,0.004305976,-16.806135,-16.819363,-3.2752566,150.6161,0.7623036,3.842844e-05,0.00793142409324646,20111.673984766006,550000
22.99524,-0.24276096,-9.249561,0.47451302,1.0,0.99906254,0.27148438,0.0038860317,-17.560007,-17.574396,-2.8404417,91.95895,0.88224924,4.5524666e-05,1.0252193,-1.16332,15.425453,0.9990654,0.2626953,0.0038556787,-17.035185,-17.04913,-2.7682166,122.22929,1.145561,5.5922435e-05,32.5472,-0.30339235,-9.30358,0.48801798,1.0,0.99904156,0.23144531,0.004208375,-17.608324,-17.62253,-3.0779781,1823.7809,2.548697,3.3276362e-07,0.99904156,0.21679688,0.0042603933,-16.94326,-16.956802,-3.090326,131.30525,1.698235,1.139279e-08,0.007932020139694214,20151.33408999443,555000
20.24125,-0.2905519,-9.2635145,0.47800153,1.0,0.9990711,0.30371094,0.003786977,-17.888973,-17.903755,-2.7673159,205.64296,1.5147741,7.294516e-05,1.0038817,-1.0110002,16.365326,0.9990711,0.29589844,0.0037333155,-17.369728,-17.384096,-2.6737452,416.49408,2.5047877,0.00012835991,32.497875,-0.30280656,-9.359358,0.5019625,1.0,0.9990177,0.21289062,0.004294458,-17.855766,-17.870176,-3.1143727,1867.0092,2.924321,3.8948517e-07,0.99901104,0.1953125,0.004311966,-17.114908,-17.12861,-3.0969186,345.20456,2.162177,2.070278e-06,0.007936054039001465,20191.01436495781,560000
18.612282,-0.27688676,-9.314706,0.49079925,1.0,0.9990587,0.27539062,0.0038902725,-17.599483,-17.61391,-2.8409367,359.10934,1.1295657,1.8055418e-05,0.6826438,-0.98143524,12.205431,0.99905014,0.25585938,0.003842885,-17.092384,-17.106342,-2.8116958,359.9144,1.586554,6.750955e-06,26.594337,-0.27295786,-9.342686,0.49779463,1.0,0.99903107,0.21386719,0.004320487,-17.51238,-17.52636,-3.210574,485.79178,0.94129837,6.1030296e-06,0.9990177,0.21679688,0.004339155,-16.924124,-16.937527,-3.211832,241.17787,1.0346748,1.19870665e-05,0.007907236099243164,20230.550548791885,565000
21.122671,-0.25295737,-9.292522,0.48525378,1.0,0.99906635,0.28808594,0.0038030446,-17.582767,-17.5973,-2.7163162,316.83267,1.5163426,2.4799345e-05,0.69146574,-1.308399,14.026263,0.99906826,0.265625,0.0037438395,-16.9004,-16.914345,-2.6335778,359.87494,1.4629031,8.693032e-05,25.700104,-0.24901235,-9.306376,0.48871714,1.0,0.9990406,0.21582031,0.0042401655,-17.076181,-17.08981,-3.136489,1073.9937,1.6161971,2.9995475e-05,0.99904156,0.19824219,0.004262319,-16.423698,-16.436699,-3.1251993,504.7806,1.8196619,2.3217048e-05,0.007929816484451294,20270.199639320374,570000
24.518255,-0.2761684,-9.350671,0.4997908,1.0,0.99907494,0.27441406,0.0038183918,-17.924503,-17.939257,-2.8313982,835.18835,1.2970142,6.904119e-06,1.7533118,-1.2040433,18.42335,0.99907494,0.265625,0.00379707,-17.428528,-17.442835,-2.7915273,265.49182,1.230451,6.331239e-06,27.638454,-0.2997575,-9.295883,0.48609394,1.0,0.9990196,0.20703125,0.0043529,-17.798603,-17.81293,-3.1442819,471.39206,2.303297,7.0383844e-06,0.9990158,0.19433594,0.0043371534,-17.095324,-17.108976,-3.129212,1040.2571,2.409943,6.5406293e-06,0.007928625345230103,20309.842771053314,575000
27.347874,-0.23514074,-9.28957,0.4845153,1.0,0.9990616,0.28027344,0.0038126973,-17.720356,-17.734955,-2.7872894,320.03418,0.8320226,1.6809208e-05,2.3248453,-1.4814423,21.258497,0.9990711,0.26660156,0.0037866205,-17.219961,-17.234112,-2.7457519,234.40811,1.3365902,2.5560537e-05,27.119316,-0.30406737,-9.34162,0.49752808,1.0,0.9990444,0.21191406,0.0043220706,-17.490978,-17.504908,-3.242194,1076.9619,2.6050482,9.514782e-06,0.9990444,0.19726562,0.0043231733,-16.893301,-16.906631,-3.2558355,719.5957,2.267483,1.5407201e-06,0.007924763202667237,20349.466588974,580000
22.271198,-0.22671865,-9.297707,0.4865498,1.0,0.9990616,0.25878906,0.003856754,-17.781603,-17.7962,-2.8500152,222.47267,1.0050282,6.3138046e-05,1.3586565,-2.0258179,17.074331,0.99906635,0.25390625,0.0038047393,-17.145445,-17.159462,-2.8070898,110.82819,0.75957334,0.00012331216,27.112364,-0.24989079,-9.352363,0.50021374,1.0,0.999033,0.21289062,0.004252446,-17.500484,-17.5145,-3.1628056,234.97371,0.9807769,5.0943577e-06,0.999032,0.20117188,0.0042612795,-16.806675,-16.81998,-3.1940079,259.27008,0.89466095,3.5088285e-06,0.007918359184265136,20389.058391094208,585000
27.942726,-0.25423986,-9.315262,0.49093843,1.0,0.9990654,0.25683594,0.0039051604,-17.51745,-17.531761,-2.8766942,102.899796,0.7423946,4.3645032e-05,2.0295606,-1.1023067,21.686478,0.9990654,0.2421875,0.0038793874,-17.098183,-17.11215,-2.8118787,165.7509,1.0783421,0.00013445373,30.50975,-0.3230135,-9.375548,0.5060102,1.0,0.9990225,0.21679688,0.0042758426,-17.51418,-17.528223,-3.146081,640.25793,1.8832009,7.741115e-06,0.99902344,0.203125,0.0042881705,-16.94656,-16.960117,-3.0790458,404.35904,2.1505713,4.855126e-06,0.007916191053390503,20428.639350175858,590000
26.080048,-0.25421,-9.288965,0.48436424,1.0,0.9990635,0.2763672,0.0038862233,-17.483871,-17.498178,-2.8475711,202.44684,0.818375,1.884094e-05,2.174828,-1.6937315,22.83075,0.99907017,0.2529297,0.0038741187,-16.908148,-16.921862,-2.8783286,149.11671,0.701875,2.3842165e-06,25.385862,-0.3157484,-9.286869,0.48384014,1.0,0.9990444,0.21191406,0.0042589363,-17.70921,-17.72346,-3.1298542,1094.9617,1.5888798,8.419008e-06,0.9990425,0.20605469,0.0042715603,-16.983406,-16.996937,-3.1395667,190.61299,1.6181928,4.7100416e-06,0.007880687427520752,20468.042791366577,595000
19.986002,-0.29644412,-9.27845,0.48173562,1.0,0.99906635,0.28320312,0.003882829,-17.755266,-17.769817,-2.868316,278.8969,1.3204907,1.7706353e-06,1.7694352,-1.4402254,16.644535,0.9990654,0.26953125,0.0038699512,-17.158272,-17.172272,-2.8385382,480.91415,1.5767357,2.7122194e-06,24.955778,-0.27577436,-9.3363495,0.4962104,1.0,0.99903584,0.19824219,0.0043026973,-17.27882,-17.292542,-3.2416632,547.5275,1.7126726,5.3214484e-07,0.9990263,0.19238281,0.004312356,-16.653183,-16.666323,-3.2113986,1364.8276,2.661173,1.0157335e-05,0.007917826223373413,20507.63192844391,600000
22.434187,-0.23965357,-9.316437,0.49123204,1.0,0.999074,0.27441406,0.0037934817,-17.786999,-17.80177,-2.6778474,125.60821,1.0758916,2.1792766e-05,1.1738132,-1.3703989,12.250548,0.999073,0.28320312,0.003757683,-17.336372,-17.350739,-2.6421976,349.8518,2.073074,8.044641e-05,36.699413,-0.27678406,-9.341853,0.49758637,1.0,0.99903965,0.21875,0.0042083785,-17.457626,-17.47161,-3.152749,774.591,1.3859593,1.1792512e-06,0.99903584,0.19921875,0.0042206813,-16.999865,-17.013397,-3.1556346,88.98813,0.7083144,4.9180753e-06,0.30515060029029845,22033.384932518005,605000
20.503708,-0.2202398,-9.306982,0.48886847,1.0,0.9990635,0.27441406,0.0038475979,-17.673847,-17.68837,-2.8168,107.71221,0.8888997,0.00011743592,1.1542683,-0.8366889,12.089865,0.99907017,0.2626953,0.0038037673,-17.13385,-17.147867,-2.795028,88.964325,0.8815763,0.00019046939,22.715477,-0.30438492,-9.312441,0.490233,1.0,0.9990339,0.21777344,0.0043766135,-17.375898,-17.389673,-3.2850702,14236.418,8.236361,1.0141519e-05,0.99903965,0.20117188,0.0043645324,-16.650684,-16.663763,-3.2717226,736.64856,1.9408209,1.9211573e-05,0.005006497144699097,22058.417420625687,610000
18.664082,-0.28349835,-9.276177,0.4811674,1.0,0.9990635,0.3017578,0.0038364246,-17.807755,-17.8224,-2.8251472,194.41347,0.9130919,6.343944e-06,2.4190946,-0.9939638,13.889971,0.9990721,0.26464844,0.0038144551,-17.318,-17.33221,-2.7830715,214.53453,1.0666369,2.4232655e-05,23.606281,-0.28919154,-9.350172,0.49966598,1.0,0.9990263,0.20117188,0.0043922574,-17.473465,-17.487335,-3.286893,467.107,1.112112,4.3025332e-07,0.99902344,0.18457031,0.004430622,-16.885033,-16.898323,-3.287714,219.92314,1.3996716,8.298611e-09,0.00499400691986084,22083.387458086014,615000
20.205124,-0.2969796,-9.264079,0.4781426,1.0,0.99906063,0.2861328,0.003842243,-17.900558,-17.915295,-2.826722,207.327,1.2316437,5.2234423e-05,1.005279,-1.2511759,16.613897,0.99906826,0.27929688,0.0038215509,-17.373886,-17.388147,-2.7863555,139.86873,1.3462667,8.177328e-05,27.925064,-0.3066857,-9.359617,0.5020272,1.0,0.9990406,0.22949219,0.004240594,-17.63604,-17.650215,-3.1333396,822.1091,2.1750631,5.1625207e-06,0.9990387,0.21972656,0.004269604,-16.984718,-16.998293,-3.0969973,228.3705,1.8204434,2.1654819e-06,0.004989589834213257,22108.33541202545,620000
18.55024,-0.2593711,-9.294502,0.48574865,1.0,0.999074,0.27734375,0.0039001699,-17.656404,-17.670885,-2.8423004,228.8307,1.1922235,4.6609653e-06,0.86013603,-0.7672846,10.627738,0.9990797,0.27246094,0.003871506,-17.323338,-17.337519,-2.8169456,202.12679,1.4235911,2.3386992e-06,26.717155,-0.2771607,-9.344072,0.49814078,1.0,0.99902916,0.20117188,0.0043288595,-17.541813,-17.55585,-3.185814,1449.1428,2.8024435,7.516421e-07,0.99901867,0.19238281,0.0043477844,-17.001305,-17.014805,-3.1897311,380.0819,2.318107,6.375941e-07,0.007849420833587646,22147.582518815994,625000
22.623966,-0.2781773,-9.275829,0.48108035,1.0,0.9990616,0.25097656,0.0039104517,-17.771341,-17.785896,-2.8803554,212.82623,1.0253592,3.0676445e-05,1.2956173,-1.1917365,16.209492,0.99906063,0.23828125,0.003881977,-17.276958,-17.29109,-2.8209562,769.4769,1.8612041,2.9351602e-06,30.50307,-0.25546372,-9.342434,0.4977315,1.0,0.9990387,0.2109375,0.004196847,-17.513235,-17.527302,-3.1210582,911.27356,1.2229109,1.1606171e-05,0.99903774,0.20507812,0.004209405,-16.986048,-16.9996,-3.1228833,170.10866,0.9693586,9.785874e-06,0.007899739408493043,22187.081220388412,630000
18.999855,-0.2832389,-9.292856,0.4853371,1.0,0.99907494,0.2763672,0.0038571018,-17.714346,-17.72893,-2.796269,643.8043,2.2488074,6.658222e-05,0.8764922,-0.77018857,11.481363,0.99908257,0.26367188,0.003825949,-17.131346,-17.145382,-2.7713993,218.10153,1.6404004,3.4975314e-05,24.102867,-0.31220353,-9.297981,0.48661837,1.0,0.9990301,0.21289062,0.0042857323,-17.575989,-17.590082,-3.1571293,1164.9233,2.1465333,2.0360978e-05,0.99902916,0.21191406,0.0042491304,-16.912758,-16.926235,-3.1248357,532.8349,1.5746167,3.4345245e-05,0.007909109878540039,22226.62677168846,635000
24.926113,-0.26013976,-9.306118,0.4886525,1.0,0.9990778,0.28125,0.0038693552,-17.826447,-17.841148,-2.7854104,415.37314,1.7353609,3.4060582e-07,2.73693,-1.2871047,16.388521,0.9990778,0.2734375,0.0038259763,-17.340841,-17.355108,-2.745442,199.60054,1.7307783,9.355435e-07,29.779863,-0.31871167,-9.405035,0.5133817,1.0,0.9990368,0.20410156,0.0042900816,-17.458027,-17.472057,-3.1051168,918.0294,2.1879582,7.8479395e-08,0.9990368,0.18359375,0.0043226923,-16.8363,-16.849705,-3.12186,2662.1565,5.1722164,4.5159015e-07,0.007914885902404785,22266.201205968857,640000
24.783401,-0.21834412,-9.311685,0.49004406,1.0,0.99906445,0.28027344,0.0038495855,-17.708244,-17.722822,-2.7955894,524.45624,1.520871,4.3437372e-05,1.0645392,-1.05882,14.11832,0.999074,0.2763672,0.003796964,-17.249817,-17.263983,-2.7573853,201.05977,1.3463043,5.202393e-05,29.338034,-0.23895977,-9.296095,0.4861468,1.0,0.99900055,0.22070312,0.0042598234,-17.764048,-17.778418,-3.064404,732.06555,1.8074473,6.206497e-06,0.9990063,0.21191406,0.0042849677,-17.168789,-17.182543,-3.0975542,110.68317,1.083695,1.8760846e-05,0.007911991310119628,22305.76116514206,645000
20.982353,-0.2921939,-9.312237,0.49018225,1.0,0.99907017,0.2841797,0.0038266964,-18.036043,-18.050972,-2.765744,132.37354,0.9666902,1.881807e-06,1.4013168,-1.3673711,15.973637,0.9990673,0.28515625,0.0037661695,-17.407383,-17.421795,-2.6655087,319.52292,1.8086278,2.3837754e-06,25.171112,-0.28739762,-9.336199,0.49617264,1.0,0.9990387,0.22265625,0.0043183174,-17.714373,-17.728582,-3.1793098,2330.7178,3.3069232,2.3765445e-07,0.9990349,0.19824219,0.004285411,-17.036446,-17.050018,-3.1552656,108.328445,1.221477,4.7432334e-07,0.007909847164154053,22345.310405015945,650000
21.679562,-0.260124,-9.335012,0.495876,1.0,0.99907494,0.3046875,0.0037165543,-17.946327,-17.961287,-2.644525,494.00195,1.5593522,2.2380814e-06,2.6549485,-1.8304707,21.152622,0.9990816,0.30371094,0.0036769803,-17.420778,-17.435282,-2.5827303,167.16835,1.4114232,1.4579685e-05,24.315756,-0.30971676,-9.35568,0.50104284,1.0,0.9990339,0.19921875,0.004330578,-17.548574,-17.56262,-3.1786613,1542.7164,1.6943808,1.0435487e-06,0.99902916,0.19726562,0.0043533905,-16.965477,-16.978985,-3.1450088,1782.035,3.992189,4.9738655e-06,0.0079112069606781,22384.86644411087,655000
23.00362,-0.25566497,-9.284302,0.4831983,1.0,0.999074,0.30859375,0.0037909623,-17.898928,-17.913715,-2.7698016,129.07849,1.3118525,1.813007e-06,1.0705965,-2.1727607,18.798676,0.9990797,0.2919922,0.0037643728,-17.482012,-17.496418,-2.7447634,202.76247,1.4318283,1.1265013e-06,32.385536,-0.24709791,-9.32784,0.494083,1.0,0.9990387,0.2109375,0.00429309,-17.68245,-17.696653,-3.1525626,529.3139,1.6786318,2.3355675e-08,0.99903107,0.20605469,0.004320183,-17.157269,-17.170948,-3.164867,351.13885,1.5357589,4.2440692e-07,0.0079045419216156,22424.389157533646,660000
22.377857,-0.2820656,-9.327918,0.49410257,1.0,0.99906254,0.29882812,0.0037640505,-17.747602,-17.762297,-2.7156444,215.34688,1.2779573,4.183311e-05,1.7510612,-2.1350772,21.823696,0.9990654,0.29492188,0.0037176772,-17.293737,-17.308033,-2.6707416,863.8147,2.1463675,5.3283202e-05,22.717281,-0.27661073,-9.336062,0.49613863,1.0,0.99903584,0.20605469,0.004322224,-17.366896,-17.380716,-3.229771,4206.5796,4.715617,9.0904e-06,0.9990368,0.20117188,0.004328176,-16.854767,-16.868063,-3.251995,536.84753,1.2990162,7.527831e-06,0.007913473892211914,22463.956529140472,665000
23.24601,-0.2582894,-9.294249,0.48568508,1.0,0.99906826,0.2734375,0.003809481,-17.717264,-17.731932,-2.7117558,240.61617,1.2582215,5.1198354e-06,1.9334804,-2.5070615,18.094456,0.99907494,0.27148438,0.0037756916,-17.135159,-17.149292,-2.6752524,281.5616,1.1547558,5.297359e-06,31.460236,-0.23926437,-9.347136,0.498907,1.0,0.9990244,0.203125,0.004337289,-17.48509,-17.49905,-3.205612,1064.2859,1.5224916,5.81412e-07,0.9990263,0.19140625,0.0043186164,-16.891138,-16.904497,-3.2249277,966.4482,1.8416408,5.403139e-06,0.007917870140075684,22503.545885562897,670000
16.481878,-0.2931942,-9.277716,0.48155195,1.0,0.9990635,0.3173828,0.003752642,-18.020332,-18.035275,-2.7349427,160.37964,0.8340776,0.00012804741,1.1153497,-1.0485313,13.965591,0.9990654,0.2919922,0.0037360229,-17.512506,-17.526974,-2.7143202,1026.3759,2.0635128,0.00019661564,25.193867,-0.28945178,-9.381737,0.50755703,1.0,0.99902344,0.23730469,0.0042464975,-17.81496,-17.829348,-3.098179,322.7021,1.4145105,7.4380146e-06,0.99903107,0.20898438,0.004233506,-17.229528,-17.243359,-3.082133,127.12319,1.083293,2.4988532e-05,0.00791792106628418,22543.135493278503,675000
19.474306,-0.3130969,-9.328163,0.4941637,1.0,0.999073,0.27148438,0.003789015,-17.99372,-18.008636,-2.7338443,274.01297,1.2730145,8.989735e-05,1.4326565,-1.6525539,15.858321,0.9990692,0.2734375,0.0037675751,-17.402023,-17.4164,-2.6938615,201.96552,1.0504696,8.476632e-05,25.437407,-0.35242787,-9.353431,0.50048065,1.0,0.9990196,0.22363281,0.004290769,-17.672832,-17.687115,-3.0635176,583.82385,2.7147558,8.66591e-08,0.99902916,0.20703125,0.0042838464,-16.980762,-16.994383,-3.0466833,3080.5212,4.0788374,4.8991325e-07,0.007914811182022094,22582.70955467224,680000
20.732718,-0.27443928,-9.255424,0.47597873,1.0,0.99907684,0.28320312,0.0037335195,-18.093561,-18.108599,-2.7106566,65.858284,0.98193556,0.00011728079,0.9644047,-1.3124691,11.987319,0.99908257,0.28222656,0.003699609,-17.572273,-17.586851,-2.6575565,335.78885,1.2613593,0.00016731297,27.740261,-0.3157255,-9.362622,0.5027786,1.0,0.999033,0.2265625,0.004227557,-17.678694,-17.692923,-3.1249838,2122.4817,3.7818892,7.625484e-08,0.999033,0.22949219,0.0042123375,-17.13888,-17.152603,-3.1011093,1011.0532,3.072958,2.039876e-07,0.007930381155014038,22622.361466169357,685000
22.052612,-0.25847358,-9.308941,0.48935837,1.0,0.999074,0.28125,0.0037722057,-17.963026,-17.977898,-2.7497025,239.10252,1.3223243,5.237124e-05,1.7990602,-1.1591371,14.760778,0.9990778,0.28320312,0.0037404667,-17.405472,-17.419851,-2.6942248,129.3823,1.127796,6.176917e-05,32.48515,-0.24641535,-9.360733,0.502306,1.0,0.9990244,0.18847656,0.0042453287,-17.592407,-17.60652,-3.1561422,1655.1088,2.4303217,7.0557806e-05,0.9990244,0.19824219,0.004263106,-16.938555,-16.95202,-3.1617844,913.1009,1.8602582,8.701218e-05,0.007925569534301758,22661.989319324493,690000
24.806004,-0.2125026,-9.298845,0.48683423,1.0,0.99906254,0.2529297,0.0039017964,-17.756828,-17.771362,-2.8892841,806.6622,1.537807,9.773694e-06,2.3358803,-1.1582568,16.029379,0.99906254,0.24511719,0.0038686704,-17.233612,-17.24765,-2.872805,327.82816,1.5611167,0.00010334154,25.63884,-0.2838517,-9.320145,0.49215925,1.0,0.9990349,0.22070312,0.0042622993,-17.743368,-17.757668,-3.1155005,3638.0515,2.930961,1.0278227e-08,0.9990301,0.19042969,0.0043009105,-17.139797,-17.153484,-3.1386871,3077.162,4.967199,2.6411075e-07,0.007926385641098023,22701.62124967575,695000
20.444283,-0.27986446,-9.269093,0.4793961,1.0,0.999074,0.2939453,0.003769749,-18.30157,-18.31677,-2.751605,193.2432,1.1627865,4.387444e-05,1.3326293,-1.6772662,15.9023,0.9990797,0.28515625,0.003718603,-17.726921,-17.741644,-2.6666093,142.48804,1.4711552,5.8349506e-05,29.54634,-0.30531824,-9.314291,0.49069571,1.0,0.99903107,0.22070312,0.004318011,-17.52657,-17.54055,-3.2244344,155.09943,0.6999608,5.57982e-07,0.9990158,0.19726562,0.0043716514,-16.982273,-16.9957,-3.24473,1449.5645,2.2450624,9.768646e-09,0.00792959861755371,22741.26924610138,700000
21.894665,-0.22595534,-9.27227,0.4801903,1.0,0.9990568,0.2548828,0.0038730316,-17.702566,-17.71708,-2.8565242,100.33167,0.8409022,2.779374e-05,1.2523838,-1.1074885,13.578472,0.99905586,0.2626953,0.0038045342,-17.220764,-17.234863,-2.7953877,103.925964,0.8017331,0.00017875836,26.672977,-0.27132744,-9.302929,0.48785514,1.0,0.99903774,0.20800781,0.0042995936,-17.481066,-17.494982,-3.244646,184.5184,0.94071937,5.690336e-08,0.9990349,0.19921875,0.0043003294,-16.97168,-16.985117,-3.2250652,286.16483,1.3426528,9.841832e-06,0.30959001803398134,24289.21933913231,705000
22.641466,-0.23282757,-9.317231,0.4914307,1.0,0.99905014,0.25195312,0.0039364533,-17.405436,-17.419584,-2.9305532,410.96146,0.88440645,1.6088229e-06,2.0765772,-1.7106804,19.750275,0.9990463,0.22265625,0.0039331596,-16.885399,-16.89903,-2.9385026,71.31652,0.5281105,2.0981165e-06,23.311197,-0.3046294,-9.3201,0.49214786,1.0,0.9990454,0.22265625,0.004225861,-17.723688,-17.73798,-3.1047616,1388.015,2.065099,5.5503197e-08,0.99904156,0.19335938,0.0042490787,-17.06842,-17.08207,-3.1056824,1422.5593,4.136026,3.204881e-07,0.004748263788223267,24312.960659742355,710000
21.328321,-0.27837306,-9.279207,0.48192465,1.0,0.9990673,0.2890625,0.0037953553,-17.868,-17.882805,-2.722002,263.34775,1.4945059,7.009571e-05,1.3103545,-1.161029,14.43201,0.99906635,0.2783203,0.003755666,-17.465586,-17.48004,-2.6797202,353.02707,1.5407662,2.05379e-05,27.548325,-0.2684685,-9.332703,0.49529856,1.0,0.9990339,0.20507812,0.004387131,-17.536043,-17.549961,-3.2990437,4245.9775,3.539577,1.7501121e-06,0.99902725,0.19433594,0.0044123344,-17.05014,-17.063562,-3.3204,332.35474,1.3752539,1.2404301e-07,0.004815879964828491,24337.040064573288,715000
24.49632,-0.23803516,-9.33045,0.49473548,1.0,0.99907017,0.28125,0.003870261,-18.079372,-18.094326,-2.781161,375.64417,1.2083929,3.0771265e-05,1.8846326,-1.122574,16.706692,0.999074,0.25976562,0.003839775,-17.498695,-17.513111,-2.751761,911.0598,2.1752355,6.101572e-05,24.8071,-0.2808235,-9.341877,0.4975924,1.0,0.9990263,0.20703125,0.0043245684,-17.667492,-17.681635,-3.200098,2883.6528,2.8951325,8.4854236e-07,0.9990282,0.19628906,0.0043471763,-17.081673,-17.095217,-3.2281957,538.4683,1.5465837,1.1367817e-06,0.0048671061038970944,24361.375596761703,720000
21.375387,-0.29887718,-9.271383,0.4799686,1.0,0.9990692,0.3076172,0.0037911334,-18.067104,-18.08205,-2.7762575,249.65515,1.2120383,6.517936e-05,1.1990612,-1.5463942,17.1316,0.9990692,0.3076172,0.0037504723,-17.475288,-17.489717,-2.7147074,217.19354,1.2031393,0.00011988983,20.086502,-0.30335444,-9.332344,0.49520892,1.0,0.99903774,0.22070312,0.0041909004,-17.868563,-17.883026,-3.0705252,1230.0393,2.7743833,5.190947e-06,0.99902344,0.20898438,0.004236484,-17.226196,-17.240026,-3.076025,262.1475,2.6737528,1.56999e-05,0.004982681131362915,24386.289004325867,725000
22.758982,-0.27489644,-9.26255,0.47776037,1.0,0.9990635,0.28710938,0.0038653836,-17.988466,-18.003296,-2.8193746,193.91302,1.2648838,4.4002114e-05,1.5696338,-1.1818589,18.49926,0.99907017,0.28808594,0.0038139618,-17.456488,-17.470873,-2.7414498,622.5171,2.5413282,2.6789205e-05,34.29729,-0.23596129,-9.333326,0.49545443,1.0,0.99901676,0.21679688,0.00422769,-17.894608,-17.909052,-3.1199768,5235.468,4.3929095,4.865388e-06,0.99901485,0.22070312,0.0042409194,-17.30555,-17.319357,-3.1830516,728.46844,2.56008,9.142836e-06,0.004991140460968018,24411.244712352753,730000
26.646223,-0.22748113,-9.314173,0.49066642,1.0,0.9990778,0.27539062,0.0038390965,-17.872871,-17.887596,-2.8109047,100.043495,0.83243823,4.0102645e-05,2.3253982,-1.5529457,19.275927,0.99906635,0.27148438,0.0038305903,-17.27658,-17.290731,-2.8009288,127.11265,1.110463,2.375473e-05,28.33545,-0.2666074,-9.343197,0.49792212,1.0,0.99902725,0.20410156,0.0042938464,-17.630686,-17.644733,-3.259881,185.38823,1.0260549,5.574496e-07,0.9990244,0.20605469,0.004276764,-16.976974,-16.990396,-3.2465928,848.37555,2.4410987,2.5755937e-06,0.0070669560909271244,24446.57949590683,735000
24.367851,-0.23986593,-9.297146,0.48640954,1.0,0.99908257,0.32617188,0.0036933986,-18.078514,-18.093628,-2.6170146,325.0807,2.0624943,5.2814426e-05,1.5876416,-1.1977082,17.297504,0.99909115,0.31152344,0.0036442105,-17.696522,-17.711294,-2.5829968,185.62051,1.7273865,2.83806e-05,23.452211,-0.29544443,-9.373491,0.5054959,1.0,0.99903107,0.20214844,0.004297587,-17.62218,-17.636324,-3.1560674,1153.8512,2.2523916,5.2641862e-08,0.9990339,0.20605469,0.004323739,-17.104626,-17.118267,-3.1515791,3093.8289,5.4550586,3.2216786e-08,0.00790557599067688,24486.107382535934,740000
22.20161,-0.2827972,-9.315928,0.49110514,1.0,0.99907017,0.28320312,0.0038353433,-17.832478,-17.847187,-2.7863672,386.65137,1.4091496,1.4947753e-07,1.5237752,-1.2732681,16.503765,0.99906445,0.26367188,0.0037978848,-17.299828,-17.314058,-2.7438748,94.46949,1.0395572,1.5975647e-05,22.844498,-0.34638265,-9.360541,0.5022582,1.0,0.99902534,0.19628906,0.004305542,-17.670069,-17.684217,-3.1956677,20480.725,17.150032,1.4897225e-08,0.99902344,0.19628906,0.004328765,-17.021301,-17.034824,-3.1869895,285.94388,2.2227278,9.395298e-08,0.007908749341964722,24525.651131868362,745000
20.899124,-0.25889894,-9.308413,0.48922598,1.0,0.99907017,0.2763672,0.0037800763,-18.020458,-18.035387,-2.7481737,347.9887,1.1881617,7.839763e-06,0.67764294,-0.7517275,11.997419,0.99906826,0.28222656,0.0037264435,-17.508257,-17.522743,-2.6891782,91.71713,1.247441,4.2435473e-05,35.22902,-0.27095464,-9.34112,0.49740294,1.0,0.9990349,0.20800781,0.0043116147,-17.521536,-17.5355,-3.2357416,804.78687,1.1830328,1.1113579e-05,0.9990282,0.19140625,0.0043138955,-17.058626,-17.072168,-3.2049317,163.7733,1.1629474,5.687835e-06,0.007926278114318848,24565.282529830933,750000
22.789463,-0.24579775,-9.2842245,0.48317906,1.0,0.9990778,0.30664062,0.003789677,-17.95899,-17.973906,-2.7010756,346.94687,1.4860616,2.2963286e-05,1.0089006,-1.2788419,15.253287,0.9990778,0.29296875,0.003758644,-17.491764,-17.506214,-2.708241,249.6973,1.3464177,2.8863347e-05,32.273643,-0.2716778,-9.317761,0.4915633,1.0,0.99903774,0.21777344,0.004327506,-17.612022,-17.62607,-3.2405922,2883.0146,4.2198043,9.376089e-08,0.9990406,0.20410156,0.004328015,-17.017406,-17.03088,-3.2345047,424.891,1.8286536,6.587221e-08,0.007911547756195068,24604.840270757675,755000
18.963186,-0.3182378,-9.305859,0.48858774,1.0,0.9990692,0.28808594,0.0037813254,-18.01802,-18.032915,-2.7821445,300.24475,1.1250482,1.126433e-05,1.7707814,-1.459256,17.415054,0.9990721,0.2734375,0.003771116,-17.501486,-17.515903,-2.7521722,168.30554,1.3264184,5.849894e-05,23.196358,-0.29433405,-9.302185,0.48766896,1.0,0.9990139,0.21972656,0.0043345112,-17.770365,-17.78469,-3.1151686,687.56177,2.3019814,6.365637e-07,0.9990082,0.21191406,0.0043697376,-17.256561,-17.27035,-3.1487758,839.61664,2.7950232,5.616283e-07,0.007914455413818359,24644.41255402565,760000
22.352814,-0.2514085,-9.303115,0.48790184,1.0,0.99906826,0.2763672,0.0038279179,-18.12912,-18.144115,-2.790116,389.19696,1.2848945,6.140601e-05,1.920835,-1.343948,17.989502,0.99906635,0.28222656,0.0037776257,-17.567154,-17.581646,-2.7431803,128.32481,1.3268569,0.00017183616,28.395973,-0.31753135,-9.3346195,0.4957781,1.0,0.99903107,0.21679688,0.0042768973,-17.83839,-17.852777,-3.1212232,498.42276,1.6771458,8.5293897e-07,0.9990244,0.20605469,0.0043008653,-17.247517,-17.26133,-3.1156886,459.72504,2.7781281,1.1351373e-06,0.007915050411224365,24683.98780822754,765000
18.93328,-0.24832906,-9.298893,0.48684615,1.0,0.9990673,0.29492188,0.003849642,-17.823257,-17.837961,-2.780921,166.32727,1.0913355,0.00010207525,2.0135818,-1.3557533,15.910507,0.9990673,0.2578125,0.0038760095,-17.312534,-17.32672,-2.7999105,97.42761,1.2334206,8.2295755e-06,30.217949,-0.30621332,-9.312866,0.49033976,1.0,0.9990387,0.21875,0.0042954586,-17.772938,-17.787241,-3.1409624,1971.289,3.197617,4.585165e-06,0.99902534,0.20800781,0.004313597,-17.154648,-17.168344,-3.1428914,518.89215,2.4659204,5.3598183e-06,0.007912786293029786,24723.551745414734,770000
19.47423,-0.29367715,-9.287325,0.483954,1.0,0.99906445,0.2998047,0.0037440048,-18.166843,-18.181988,-2.6744819,200.28145,1.0269282,4.357059e-05,2.2038007,-1.2505682,17.484812,0.9990635,0.2890625,0.0037252787,-17.514576,-17.52913,-2.623424,164.72763,1.2846291,7.213728e-05,25.064316,-0.2975538,-9.362632,0.502781,1.0,0.9990444,0.20605469,0.004276078,-17.705492,-17.719666,-3.2027946,7939.9175,6.1235623,1.2541103e-05,0.9990406,0.19726562,0.004292074,-17.1194,-17.133003,-3.2044005,957.3254,2.7015355,3.4952438e-05,0.00791399245262146,24763.12170934677,775000
22.279957,-0.26486024,-9.308317,0.48920214,1.0,0.9990568,0.2919922,0.0038864817,-17.869503,-17.88418,-2.8547072,6046.9526,4.0501647,5.766809e-06,2.5697994,-0.8906716,16.895405,0.9990692,0.29003906,0.0038411715,-17.467464,-17.481825,-2.77885,115.021286,0.9080615,2.6630623e-06,25.44907,-0.2747231,-9.334412,0.495726,1.0,0.9990225,0.21582031,0.0043032095,-17.667673,-17.681932,-3.0801158,570.4489,2.115613,1.8341839e-06,0.9990196,0.20800781,0.004317156,-17.102367,-17.116072,-3.0806158,367.13562,2.0522656,1.6178445e-05,0.007911176013946534,24802.677596330643,780000
22.24698,-0.2598431,-9.246015,0.47362667,1.0,0.9990711,0.3046875,0.0037797943,-18.115993,-18.131056,-2.7078538,454.1581,2.1872597,3.8680857e-05,1.466772,-1.3664691,20.07565,0.9990721,0.28320312,0.0037476164,-17.540894,-17.5554,-2.699944,144.77179,1.3499612,4.2158357e-05,31.397026,-0.27038613,-9.353134,0.50040656,1.0,0.9990282,0.20117188,0.004323406,-17.6118,-17.62591,-3.1751914,1092.7224,2.965209,6.165814e-06,0.99902916,0.19628906,0.0043147863,-16.922207,-16.935652,-3.1669478,484.42374,1.9169863,4.811489e-06,0.00792335925102234,24842.29439473152,785000
22.807493,-0.24296129,-9.298065,0.48663932,1.0,0.9990759,0.296875,0.003797154,-18.08801,-18.103016,-2.7385726,283.66302,1.0673757,4.0730247e-05,0.9026711,-1.9559418,14.282566,0.9990778,0.27539062,0.003791327,-17.56238,-17.57686,-2.748687,97.09323,0.93266845,2.4446761e-05,33.716305,-0.27026588,-9.326242,0.49368346,1.0,0.9990206,0.21777344,0.0042195125,-18.055283,-18.070023,-2.9747915,351.09915,1.6288345,7.3638597e-07,0.9990177,0.20605469,0.004255116,-17.389343,-17.40343,-2.977888,1063.8456,3.3018935,2.454333e-07,0.007919009304046631,24881.889448404312,790000
18.53286,-0.27625123,-9.330177,0.4946675,1.0,0.9990692,0.31152344,0.003796068,-17.992386,-18.007263,-2.7737687,137.60017,1.0956798,2.4162731e-05,1.7860202,-1.8784914,19.967892,0.999073,0.28710938,0.0037874368,-17.528246,-17.542711,-2.7294028,141.42665,1.3797064,3.2040072e-05,26.4797,-0.27910417,-9.350854,0.49983644,1.0,0.99904823,0.21875,0.0042718677,-17.581184,-17.595268,-3.1747622,372.10287,1.7876635,1.1201329e-11,0.99905205,0.21386719,0.0042684833,-17.07191,-17.085484,-3.189329,1016.9681,1.9479795,2.3190202e-07,0.007910689210891724,24921.442896604538,795000
23.860447,-0.22212343,-9.30114,0.4874081,1.0,0.9990635,0.28320312,0.0037678438,-17.895084,-17.90993,-2.709301,202.20004,0.9689539,8.635933e-05,0.9441202,-1.2608414,13.965705,0.99906445,0.2607422,0.0037187878,-17.457783,-17.472252,-2.655926,117.53286,0.81352735,1.4718115e-05,34.828403,-0.25204575,-9.354729,0.5008054,1.0,0.99903965,0.19824219,0.0042593395,-17.749197,-17.763453,-3.1645086,949.5481,1.9109126,1.9366857e-08,0.9990444,0.19042969,0.0042527653,-17.246166,-17.259909,-3.1868029,446.37314,1.5303124,9.3838406e-07,0.007908256626129151,24960.98418521881,800000
14.299168,-0.3324446,-9.303603,0.48802376,1.0,0.9990692,0.30078125,0.003754686,-18.043468,-18.058403,-2.7642775,541.80786,1.1520964,0.00012187274,0.85695606,-1.117115,11.006096,0.9990711,0.2939453,0.003732727,-17.461853,-17.476274,-2.7100039,89.61319,0.9340949,2.1300648e-05,22.475994,-0.28923175,-9.362358,0.5027125,1.0,0.99901485,0.23730469,0.0042916546,-17.621742,-17.635849,-3.1903253,296.01416,1.125479,7.3018346e-06,0.9990082,0.20605469,0.0043147122,-17.013058,-17.026562,-3.2013469,374.2007,1.5304004,2.5930776e-06,0.17794043278694152,25850.686353206635,805000
21.521008,-0.25158617,-9.267462,0.47898853,1.0,0.999074,0.2734375,0.0038282797,-18.144112,-18.15912,-2.788593,387.021,1.6394935,5.297511e-06,2.3213599,-1.9292322,15.998903,0.9990816,0.27441406,0.0037987074,-17.5988,-17.613316,-2.749318,259.1753,1.6303148,3.8251615e-05,23.573805,-0.30024213,-9.387384,0.50896925,1.0,0.99903584,0.22265625,0.0042290157,-17.945797,-17.9603,-3.1077862,1110.7574,2.3104396,3.4618675e-05,0.99902916,0.20117188,0.004253661,-17.388702,-17.402664,-3.1037276,447.00024,2.1932044,1.7676113e-05,0.004924321746826172,25875.30796599388,810000
16.347229,-0.30535716,-9.30215,0.48766053,1.0,0.99907684,0.29003906,0.003741162,-18.119614,-18.134684,-2.702875,264.35562,1.1249158,7.9706566e-05,1.1774845,-1.4589351,14.484734,0.9990721,0.2734375,0.0036822455,-17.511183,-17.52574,-2.6199625,170.6613,1.0755386,6.142271e-05,23.040363,-0.34240592,-9.348383,0.49921852,1.0,0.99901485,0.2109375,0.004262427,-17.891182,-17.90562,-3.1213388,1170.9697,1.807966,1.8556604e-07,0.99901676,0.19238281,0.0042896196,-17.13234,-17.146078,-3.0768523,2886.151,4.05664,2.5267468e-07,0.004709779977798462,25898.856870174408,815000
20.350294,-0.26144898,-9.341574,0.49751619,1.0,0.99906063,0.26464844,0.003905207,-17.818573,-17.833155,-2.9018836,176.1377,0.67090225,1.0782874e-05,0.92314434,-1.509186,14.490047,0.9990587,0.2578125,0.0038584773,-17.233303,-17.247358,-2.853717,98.591705,0.67607737,7.446806e-05,31.38464,-0.2309308,-9.32012,0.492153,1.0,0.9990339,0.20898438,0.0042482717,-17.619978,-17.634136,-3.1365514,277.75952,0.99055505,7.794552e-07,0.99903965,0.20117188,0.0042499774,-17.028591,-17.042141,-3.1697946,483.62427,1.486847,1.9097063e-08,0.004872043323516846,25923.217089176178,820000
17.835217,-0.30639076,-9.274879,0.48084274,1.0,0.9990673,0.29296875,0.0037895455,-18.113697,-18.12867,-2.7965147,114.2036,1.0146174,2.5905601e-05,0.8134454,-1.106723,10.84511,0.99906635,0.2861328,0.0037526733,-17.555416,-17.569904,-2.7333503,119.77695,1.3499869,1.2835007e-05,31.515236,-0.2882383,-9.3000345,0.48713163,1.0,0.99903107,0.21582031,0.004298033,-17.692627,-17.706738,-3.2574701,354.896,1.2406875,1.325135e-07,0.9990301,0.19042969,0.00432026,-17.047737,-17.061258,-3.2140837,1124.0215,3.0175438,2.8717288e-08,0.004889360904693604,25947.663899421692,825000
23.431168,-0.2826083,-9.328285,0.4941943,1.0,0.99908066,0.29785156,0.0037410469,-18.160545,-18.17568,-2.6762576,996.69867,2.1419816,1.411646e-05,2.697263,-1.6943902,21.447014,0.9990864,0.2890625,0.003715776,-17.509602,-17.524117,-2.6612148,768.97,1.8939664,1.7244562e-05,30.972752,-0.25367692,-9.321571,0.49251574,1.0,0.99902344,0.21875,0.0043663834,-17.932846,-17.947315,-3.130856,4145.314,4.6568766,2.4591136e-08,0.9990177,0.20410156,0.004389804,-17.239037,-17.2528,-3.1572106,292.46463,2.0596151,2.5952867e-08,0.004987060260772705,25972.599206209183,830000
22.275152,-0.24277669,-9.316208,0.4911751,1.0,0.99906826,0.30566406,0.0037462525,-18.155752,-18.170866,-2.6956444,125.46705,0.8877789,2.9931494e-05,1.3834809,-1.2520051,18.259819,0.9990759,0.29101562,0.003700615,-17.615711,-17.630325,-2.665945,108.02751,0.9442391,3.559409e-05,32.77606,-0.26662603,-9.339169,0.49691513,1.0,0.9990196,0.21875,0.004323282,-17.790714,-17.805065,-3.1100407,2020.1337,3.6341562,2.0544205e-07,0.9990301,0.20214844,0.004313144,-17.235611,-17.249393,-3.1371377,3791.3506,6.1100616,8.673421e-07,0.004986345386505127,25997.53093481064,835000
26.833933,-0.22197558,-9.292783,0.48531875,1.0,0.999073,0.29101562,0.0037777703,-18.174076,-18.189219,-2.6834052,407.75397,1.3165503,8.6982145e-05,3.0658221,-2.2364614,27.347197,0.9990797,0.28808594,0.003755813,-17.752705,-17.76742,-2.6976209,64.493324,0.9326509,6.603579e-05,39.77219,-0.20979372,-9.350723,0.49980378,1.0,0.9990454,0.19140625,0.004358868,-17.545652,-17.559578,-3.299595,630.01465,1.5625559,8.556674e-07,0.9990463,0.20410156,0.004369609,-17.066242,-17.079676,-3.323989,1917.869,2.977745,1.0287563e-08,0.005049658870697022,26022.779233694077,840000
22.756493,-0.26422876,-9.342596,0.49777204,1.0,0.999074,0.25390625,0.0038609637,-18.152042,-18.167011,-2.8386612,235.26431,1.4695846,2.8764696e-05,1.1369452,-1.2256727,17.372343,0.999074,0.2578125,0.0038381992,-17.603298,-17.617779,-2.7878394,265.2482,1.3843513,6.552727e-05,30.390419,-0.26180315,-9.322353,0.49271145,1.0,0.9990339,0.19140625,0.0042394195,-17.577082,-17.59118,-3.1562307,352.99695,1.0354856,1.6842182e-07,0.9990349,0.19335938,0.0042565465,-17.03381,-17.047401,-3.1282637,458.73877,1.661176,1.1807084e-06,0.0050243308544158935,26047.900889873505,845000
27.117403,-0.2328853,-9.326259,0.4936876,1.0,0.99907017,0.2890625,0.003791667,-18.23472,-18.249886,-2.722756,209.17407,1.4260311,4.883869e-07,0.953086,-1.3091251,18.683796,0.9990797,0.28320312,0.003744347,-17.713259,-17.72796,-2.6740546,239.93492,1.2844704,1.7058022e-06,31.504082,-0.21943083,-9.361766,0.5025646,1.0,0.9990425,0.20410156,0.0043153074,-17.51352,-17.527431,-3.283144,2319.1316,3.8910742,1.0265558e-05,0.9990406,0.19335938,0.004308646,-17.03291,-17.046387,-3.2448838,861.4713,3.4967067,1.3220779e-05,0.007477433061599732,26085.288059711456,850000
19.388912,-0.28271562,-9.336643,0.49628365,1.0,0.9990711,0.30664062,0.0037002538,-18.212952,-18.228193,-2.62093,671.7164,2.0068793,3.9487615e-05,1.0757359,-1.6998545,14.363017,0.999073,0.3154297,0.003655984,-17.72392,-17.73877,-2.5346782,292.07776,2.156291,8.5352396e-05,26.102692,-0.28199536,-9.322744,0.49280888,1.0,0.9990206,0.20996094,0.004293559,-17.63459,-17.648746,-3.152265,300.27136,1.1007806,1.5146759e-07,0.99901676,0.18847656,0.004327599,-17.072119,-17.08572,-3.1609023,1057.0449,2.1445582,7.4280906e-06,0.007566298055648804,26123.119552135468,855000
20.682903,-0.25035897,-9.289478,0.4844924,1.0,0.9990711,0.28320312,0.0038466037,-18.015205,-18.030127,-2.749343,170.16122,1.45808,0.00017485957,2.5101962,-2.4488864,20.403275,0.99907017,0.28710938,0.0038039833,-17.583164,-17.597698,-2.7135801,356.77444,1.6323305,9.646399e-05,33.352097,-0.22679746,-9.353033,0.50038123,1.0,0.9990301,0.2109375,0.004266754,-17.921806,-17.936243,-3.1521068,742.2212,2.3002424,1.8738181e-06,0.99902725,0.20703125,0.0042722328,-17.325827,-17.339682,-3.1509864,326.92508,2.0597794,7.6372197e-07,0.007554669189453125,26160.892903327942,860000
25.889078,-0.21746428,-9.28412,0.4831528,1.0,0.9990597,0.2861328,0.0038065512,-18.03536,-18.050283,-2.7688544,964.9589,1.5650461,5.561837e-05,1.4174742,-0.88922566,16.315445,0.99906826,0.27734375,0.0037657795,-17.508566,-17.522991,-2.7495842,124.33659,0.9100665,1.2616703e-05,32.922382,-0.26923114,-9.357473,0.5014913,1.0,0.99899864,0.234375,0.0043083285,-17.88571,-17.900202,-3.0586352,336.0578,2.0829945,2.0560277e-07,0.9989996,0.22265625,0.004305409,-17.285341,-17.299229,-3.0780017,328.84583,2.1727722,3.6143324e-06,0.007557023048400879,26198.67802143097,865000
23.457375,-0.2271674,-9.313359,0.49046284,1.0,0.99906063,0.27539062,0.003815395,-18.061136,-18.07612,-2.731515,129.65607,1.159736,7.933224e-05,1.3013808,-1.1158085,14.923355,0.9990673,0.2626953,0.0037773591,-17.599785,-17.614355,-2.6963446,281.36673,2.0368538,8.839422e-05,26.922956,-0.28211582,-9.33626,0.4961879,1.0,0.99903107,0.19335938,0.004325511,-17.56232,-17.576391,-3.1663244,619.3263,1.2328316,1.4163894e-06,0.99902344,0.19042969,0.0043193037,-17.02687,-17.040443,-3.141605,4115.5073,5.6153812,4.600159e-07,0.007542634630203247,26236.391199827194,870000
18.081907,-0.30905032,-9.307577,0.48901707,1.0,0.9990759,0.2783203,0.0037877625,-18.327963,-18.343195,-2.7465832,167.8011,1.2907507,1.4047901e-05,2.3337371,-1.867041,18.112242,0.9990797,0.26953125,0.0037500095,-17.661972,-17.676601,-2.695047,255.75623,1.8568919,0.0001282816,23.550552,-0.35124135,-9.365383,0.5034689,1.0,0.99903584,0.21875,0.004274291,-17.799652,-17.81391,-3.2160912,654.8315,1.8925512,4.3718665e-06,0.999032,0.2109375,0.0042988774,-17.13101,-17.144646,-3.181748,605.0489,2.993738,1.3864205e-07,0.007548981046676635,26274.136106729507,875000
21.729774,-0.27841493,-9.298124,0.48665416,1.0,0.99907494,0.3076172,0.0037499913,-18.154924,-18.170034,-2.698826,434.86313,1.6305323,5.259959e-05,0.97249067,-1.2737337,14.447836,0.99907017,0.29589844,0.0037479077,-17.571041,-17.585571,-2.7061315,98.364716,1.2053976,0.00011096554,30.87591,-0.23841262,-9.341389,0.49747032,1.0,0.99904346,0.21582031,0.004253394,-17.820778,-17.835117,-3.1546903,207.5559,0.92475295,4.0959812e-06,0.9990349,0.17871094,0.0042818575,-17.193491,-17.207184,-3.1858068,195.98096,0.9962945,3.5953283e-06,0.007541463756561279,26311.843430519104,880000
21.961048,-0.23336592,-9.302626,0.4877793,1.0,0.99906826,0.28515625,0.0037810204,-18.258297,-18.273457,-2.750204,188.50676,0.9793531,7.34187e-05,1.1201402,-1.1703111,16.047655,0.99905396,0.2861328,0.0037554316,-17.726631,-17.741299,-2.7234752,117.15595,1.0144904,7.133521e-05,32.380367,-0.2605608,-9.32481,0.49332565,1.0,0.9990225,0.20703125,0.004338588,-17.956774,-17.971205,-3.192924,503.6367,1.9416423,1.7120303e-07,0.9990301,0.19140625,0.0043522553,-17.38977,-17.403643,-3.1998487,501.71243,2.8553634,7.7398863e-07,0.007543289041519165,26349.55987763405,885000
20.56382,-0.26961738,-9.259275,0.47694182,1.0,0.99908257,0.30566406,0.0036571906,-18.515446,-18.53102,-2.583694,266.01328,1.2383146,0.00012106971,0.9916091,-0.7946854,12.135073,0.99907684,0.30078125,0.003632985,-17.95894,-17.97402,-2.5331426,163.9008,1.5737412,0.00012100137,31.511278,-0.27441236,-9.412266,0.51518935,1.0,0.999033,0.22949219,0.004161417,-17.712032,-17.726377,-3.0363207,2247.085,2.0897784,1.9568957e-05,0.9990282,0.22070312,0.0041968385,-17.150925,-17.16476,-2.9948838,944.8084,4.330905,6.2928135e-05,0.007540625095367431,26387.26300907135,890000
20.733307,-0.2670732,-9.335037,0.49588215,1.0,0.99906445,0.28320312,0.0038428507,-18.09369,-18.108585,-2.8579323,1126.5875,1.5547657,6.118184e-05,1.4098947,-1.5205698,20.306854,0.99907017,0.28222656,0.0037913779,-17.498442,-17.512777,-2.8332443,1186.4128,2.433138,2.8854154e-05,30.226805,-0.26066574,-9.322791,0.4928208,1.0,0.99904346,0.22167969,0.0042339475,-17.865717,-17.880095,-3.1597717,1082.7319,2.3312564,4.6216573e-07,0.99904156,0.21191406,0.004249879,-17.308245,-17.322044,-3.1916833,754.54315,1.9390141,8.684351e-06,0.007540594291687012,26424.965982675552,895000
22.50277,-0.26904982,-9.300364,0.4872139,1.0,0.9990692,0.3017578,0.0038209646,-18.237572,-18.252672,-2.790439,1511.4426,1.766464,3.3191583e-05,2.1590638,-2.4531035,26.589432,0.9990711,0.28320312,0.003811127,-17.615728,-17.630232,-2.7785466,490.21252,1.5130436,7.531956e-05,29.206112,-0.26253474,-9.337509,0.4965002,1.0,0.9990387,0.21972656,0.004195521,-17.68708,-17.701246,-3.1945999,3157.3052,2.4211652,5.27752e-05,0.9990387,0.21875,0.004216386,-16.996037,-17.00955,-3.173516,1271.8188,2.5378022,1.5964575e-05,0.00754357647895813,26462.68386888504,900000
22.842888,-0.23834127,-9.302099,0.4876477,1.0,0.9990673,0.28320312,0.0038027621,-18.186546,-18.201637,-2.7506275,111.765144,0.9938603,5.5562117e-07,1.0808378,-1.1713295,16.787128,0.99906826,0.26464844,0.0037892112,-17.716,-17.730656,-2.723228,139.81178,1.2275963,2.3801374e-05,26.156614,-0.25640965,-9.293613,0.48552644,1.0,0.99902916,0.21582031,0.0042812787,-17.770937,-17.785248,-3.1294994,942.2592,2.023364,2.9631485e-07,0.99903584,0.20410156,0.0043132515,-17.217184,-17.230902,-3.180842,1055.7076,2.4031887,4.7200732e-08,0.1303353683948517,27114.360714435577,905000
19.895515,-0.29615074,-9.2891445,0.48440927,1.0,0.9990845,0.30859375,0.0037376722,-18.605198,-18.620789,-2.6567612,334.7738,1.882071,1.429233e-05,1.432379,-1.1370245,14.429799,0.99908257,0.2705078,0.0037198185,-17.80169,-17.816532,-2.617049,312.57858,2.241837,1.8857369e-05,22.913712,-0.309164,-9.329857,0.49458706,1.0,0.99904156,0.22949219,0.004242497,-17.948174,-17.96263,-3.1623545,425.1502,1.1621112,3.9598726e-06,0.9990444,0.21875,0.0042319056,-17.232166,-17.245914,-3.1664395,334.0341,1.7642003,6.1927685e-06,0.004630754375457764,27137.514491558075,910000
21.678238,-0.24133396,-9.295676,0.48604202,1.0,0.9990692,0.29003906,0.0038292701,-18.10472,-18.11972,-2.756999,171.15532,1.1095127,5.3528434e-05,1.5787803,-2.3908353,21.159044,0.9990711,0.25195312,0.0038069016,-17.462145,-17.476543,-2.731907,104.9072,0.95634174,5.5233246e-05,32.67698,-0.28369907,-9.323677,0.49304223,1.0,0.99903965,0.21777344,0.0042489357,-17.761082,-17.7754,-3.1145,1108.3004,2.7601357,2.1208886e-07,0.9990301,0.1796875,0.0042335885,-17.15316,-17.16688,-3.11719,254.009,1.0553166,1.5820493e-06,0.004578143119812012,27160.405210018158,915000
22.544264,-0.23871183,-9.302317,0.48770198,1.0,0.99906063,0.2890625,0.0038082618,-18.091682,-18.10668,-2.7497087,176.31694,1.0554779,2.1156182e-05,1.9182976,-1.2695333,18.19574,0.99905777,0.2783203,0.003794894,-17.63086,-17.645409,-2.7459233,208.87259,0.80997455,3.1472275e-05,25.187054,-0.24757004,-9.278764,0.48181394,1.0,0.999032,0.21289062,0.0043234825,-17.904593,-17.918966,-3.199951,1380.7379,3.0509453,1.1643571e-06,0.9990368,0.19433594,0.0043142596,-17.318378,-17.33218,-3.1970057,362.70523,1.7237848,9.081627e-07,0.004514191722869873,27182.976172447205,920000
19.509365,-0.27757338,-9.274399,0.48072278,1.0,0.99907017,0.28515625,0.0038429224,-18.235863,-18.25095,-2.7976656,259.58765,1.5964562,4.3294294e-06,0.9566713,-0.9320041,14.801712,0.9990673,0.28125,0.003808415,-17.532076,-17.546518,-2.7566066,185.39372,1.3116038,5.0785224e-05,30.231503,-0.25733444,-9.297602,0.4865233,1.0,0.9990425,0.19921875,0.004353611,-17.73066,-17.74472,-3.3441606,512.74713,1.0891895,6.808222e-11,0.9990387,0.18945312,0.0043558204,-17.001747,-17.0151,-3.3410447,71.24429,0.5594543,5.2307695e-07,0.00456416277885437,27205.796988010406,925000
25.182993,-0.2587182,-9.275526,0.48100454,1.0,0.9990797,0.29785156,0.0037324147,-18.500404,-18.515865,-2.6841893,163.35175,1.0308447,1.5197083e-05,2.920743,-1.4036825,20.118134,0.99909115,0.2705078,0.0037097707,-17.882769,-17.897686,-2.6235664,78.89045,1.1069833,0.00041227404,27.59433,-0.26401854,-9.295507,0.48599976,1.0,0.99903584,0.23535156,0.004258458,-17.72956,-17.743841,-3.1181297,785.83673,2.1693077,1.0376248e-05,0.999033,0.19921875,0.004280609,-17.143934,-17.157637,-3.126752,347.64835,1.8364763,2.3048018e-05,0.004603850650787353,27228.81624507904,930000
22.146748,-0.23823658,-9.26958,0.47951788,1.0,0.99906826,0.29785156,0.003736171,-18.226269,-18.241486,-2.660702,377.11115,1.5028732,9.9687284e-05,2.4973896,-1.4178542,20.38464,0.9990654,0.29296875,0.0037499478,-17.609674,-17.624264,-2.684853,532.9769,2.0987306,7.063739e-05,31.016617,-0.22810659,-9.3405485,0.49726018,1.0,0.99902344,0.21679688,0.0043741283,-17.577778,-17.591799,-3.2353659,880.0924,1.601943,3.7973957e-09,0.9990225,0.18652344,0.004352956,-16.894575,-16.907907,-3.2574763,125.00186,0.60772943,2.5977233e-08,0.004648632144927978,27252.059411287308,935000
17.866314,-0.32383436,-9.31848,0.49174288,1.0,0.999073,0.28222656,0.003805811,-18.138847,-18.153843,-2.7982063,321.21555,1.0246909,8.43962e-06,1.9207069,-1.4504458,15.477001,0.9990673,0.27539062,0.003774661,-17.473927,-17.48831,-2.7602634,73.60527,0.7780681,9.061712e-05,36.179993,-0.31514338,-9.343439,0.4979826,1.0,0.99903584,0.22070312,0.00426975,-17.749884,-17.764105,-3.200683,376.90298,1.312068,2.1199724e-09,0.999032,0.19042969,0.004301057,-17.061201,-17.074745,-3.206861,360.5771,1.5888172,1.1515218e-08,0.004727195692062378,27275.695391893387,940000
23.941217,-0.20678028,-9.301424,0.48747885,1.0,0.99907494,0.31445312,0.003799316,-18.201515,-18.216623,-2.747044,353.75012,1.3335016,2.8192791e-05,1.2476246,-1.3175957,17.066074,0.99908066,0.30273438,0.0037814814,-17.650944,-17.66553,-2.7313044,101.520454,0.92046136,2.5668509e-05,29.281223,-0.30668217,-9.343809,0.49807513,1.0,0.99902725,0.22070312,0.004310076,-17.887634,-17.902056,-3.134221,26888.432,14.976647,1.5480421e-07,0.9990177,0.2109375,0.0043350346,-17.247646,-17.261427,-3.1494327,718.0657,2.4942107,3.6601452e-07,0.006444429731369019,27307.91756105423,945000
28.075827,-0.2721281,-9.320246,0.49218452,1.0,0.9990692,0.31152344,0.0038024858,-18.186855,-18.201935,-2.7580514,111.03496,0.8477477,4.373445e-05,2.2103212,-1.2929966,18.469402,0.99908257,0.27734375,0.0037912782,-17.654842,-17.669443,-2.716198,214.81818,1.098996,1.7350532e-05,30.727581,-0.25663176,-9.325251,0.49343562,1.0,0.99902725,0.20996094,0.004223625,-17.96978,-17.984348,-3.0645733,5156.9937,8.274707,3.5699748e-07,0.9990196,0.203125,0.004264294,-17.43025,-17.444267,-3.089694,942.1896,4.0581107,2.6389245e-07,0.007361482954025268,27344.724977970123,950000
19.951962,-0.29947573,-9.340307,0.49719983,1.0,0.99906445,0.26464844,0.003878118,-18.006046,-18.020893,-2.8183284,186.88458,1.2203625,9.8022565e-06,1.3792672,-1.3243163,17.051163,0.9990616,0.2626953,0.003810851,-17.500175,-17.514593,-2.7482886,353.23383,1.0737021,6.489223e-06,35.957985,-0.21581286,-9.327309,0.49394995,1.0,0.9990368,0.2109375,0.0042918026,-17.907623,-17.922028,-3.171754,951.9998,2.0689297,7.1283694e-08,0.99903965,0.19824219,0.0042877905,-17.364017,-17.377874,-3.1867683,259.68497,1.4379679,2.5187015e-07,0.007362456703186035,27381.537266254425,955000
20.181858,-0.24643353,-9.305309,0.48845035,1.0,0.9990721,0.2919922,0.0038118516,-18.362255,-18.377512,-2.7539892,269.8525,1.2583104,4.1730127e-06,1.8236356,-1.5883726,19.796692,0.99906635,0.2734375,0.0037714224,-17.728878,-17.743536,-2.7314773,182.30896,1.1573699,4.3256183e-05,22.736416,-0.34497496,-9.341942,0.49760848,1.0,0.9990263,0.20898438,0.0042633605,-18.1348,-18.14947,-3.125933,1998.7579,2.8646758,3.3650636e-07,0.9990196,0.20507812,0.0043389723,-17.453999,-17.468006,-3.1241221,486.0992,2.6082222,2.5929648e-07,0.00736240029335022,27418.349270105362,960000
20.26307,-0.24949753,-9.348298,0.49919748,1.0,0.9990721,0.28125,0.0038973605,-18.117853,-18.132772,-2.8552403,157.28654,1.1493165,9.213954e-06,1.4630572,-0.98228997,13.14193,0.99907494,0.26660156,0.003877922,-17.563187,-17.577595,-2.8236485,204.87932,1.3134637,4.809507e-06,27.04794,-0.26660103,-9.291727,0.4850548,1.0,0.99902153,0.20410156,0.0043097637,-17.803854,-17.818186,-3.1417303,1152.0193,2.871816,1.3976741e-09,0.99901867,0.19140625,0.004298312,-17.141058,-17.154745,-3.1391854,545.0472,2.5910048,8.829842e-07,0.007397774171829224,27455.33814716339,965000
19.241865,-0.25073278,-9.295588,0.48601988,1.0,0.9990635,0.27246094,0.0038433897,-18.183838,-18.198902,-2.7731707,282.7047,1.2973185,8.6041524e-05,0.90792257,-0.7748382,11.362736,0.99906826,0.26953125,0.0037995237,-17.785233,-17.799929,-2.7529764,238.90834,1.1844621,3.6070614e-05,30.924412,-0.26182687,-9.3427305,0.49780566,1.0,0.99902153,0.20507812,0.004306343,-17.847746,-17.862082,-3.1807184,769.35034,1.1812205,5.0204187e-07,0.9990177,0.18847656,0.0043658065,-17.362995,-17.37681,-3.2321014,1019.44965,1.9887981,2.773489e-06,0.007380721235275269,27492.241755247116,970000
18.431017,-0.2731006,-9.310699,0.48979777,1.0,0.99906063,0.27734375,0.0038513974,-18.245937,-18.261017,-2.819343,82.61603,0.76272386,4.1388583e-05,0.8504799,-1.1796947,14.455635,0.9990616,0.25195312,0.0038452381,-17.557903,-17.572351,-2.7751422,223.45206,0.86313474,8.519618e-05,28.927414,-0.32601428,-9.389421,0.5094783,1.0,0.99901867,0.22167969,0.004294642,-17.934086,-17.948582,-3.1051216,1120.298,2.2181678,5.865079e-08,0.9990263,0.19042969,0.00428747,-17.336761,-17.350677,-3.101235,769.77527,2.766939,1.2334984e-07,0.0073654953956604,27529.069236040115,975000
25.98752,-0.2377013,-9.290295,0.48469636,1.0,0.9990759,0.2919922,0.0038367473,-18.688744,-18.704294,-2.7833104,253.6909,1.9542477,1.9122974e-05,1.5894573,-3.4727435,21.232822,0.9990759,0.2861328,0.0037945358,-18.08473,-18.099718,-2.7502863,2157.0977,3.7504203,0.0001358443,31.654833,-0.2448862,-9.324125,0.4931543,1.0,0.9990225,0.22949219,0.0042439736,-18.099873,-18.114458,-3.1784582,403.4719,1.1962785,1.3783365e-07,0.99901867,0.21191406,0.004270187,-17.484264,-17.498266,-3.1605947,1772.999,3.5211535,3.0589579e-06,0.007366409301757812,27565.90128517151,980000
20.709175,-0.2726294,-9.308436,0.48923203,1.0,0.9990616,0.2890625,0.0038712486,-18.164932,-18.179909,-2.8443513,134.5986,0.97002566,1.2390084e-06,1.0966035,-1.4641521,16.43351,0.9990692,0.29101562,0.0038630771,-17.50879,-17.523146,-2.8235955,313.57715,1.3504019,9.4013257e-07,24.222317,-0.29829037,-9.334151,0.4956609,1.0,0.99903965,0.21484375,0.004212148,-17.783466,-17.79776,-3.160376,1723.2646,2.1832528,2.4885496e-06,0.9990368,0.20117188,0.0042290576,-17.087915,-17.101517,-3.1744118,291.46893,1.1721501,9.594996e-08,0.007371042823791504,27602.756504058838,985000
17.638418,-0.29184115,-9.325489,0.4934951,1.0,0.99907875,0.3154297,0.0037791163,-18.26067,-18.275831,-2.749422,2299.9663,2.361249,8.87914e-05,0.85491127,-1.215399,14.221596,0.9990854,0.28515625,0.0037533913,-17.67978,-17.694447,-2.675126,268.57318,1.3488002,0.00019192153,28.975801,-0.24784835,-9.388088,0.50914514,1.0,0.9990225,0.19628906,0.004316194,-17.753119,-17.7674,-3.1433666,4383.9355,4.8992457,8.514212e-06,0.9990263,0.18554688,0.004306676,-17.187113,-17.200804,-3.180987,247.90433,1.2219079,2.2218479e-05,0.00743783073425293,27639.945660352707,990000
20.45123,-0.28715795,-9.301003,0.48737374,1.0,0.99908066,0.2841797,0.0037943455,-18.36567,-18.380945,-2.7391102,351.73224,1.3663021,6.454404e-05,1.1294069,-1.2019818,16.545135,0.9990778,0.26660156,0.003779151,-17.624859,-17.639444,-2.7043457,204.98984,1.5847765,0.00014851918,27.396708,-0.25764906,-9.333779,0.49556774,1.0,0.99904346,0.21386719,0.004353586,-17.782074,-17.796268,-3.259808,1652.8374,2.154805,2.287355e-06,0.99904156,0.19726562,0.004381954,-17.149324,-17.162867,-3.2942548,1130.276,2.5383558,1.2506431e-05,0.0073715553760528565,27676.80344080925,995000
23.83705,-0.25164163,-9.279247,0.48193485,1.0,0.9990711,0.30273438,0.0037841066,-18.24364,-18.258795,-2.7378662,290.47287,1.1657919,7.555756e-05,1.6240184,-1.3336614,18.066963,0.9990692,0.29492188,0.003737057,-17.635761,-17.650385,-2.6777415,455.6792,1.7677386,9.3791175e-05,29.087982,-0.25368923,-9.382863,0.5078387,1.0,0.9990282,0.19140625,0.004365947,-17.641613,-17.65569,-3.2424645,814.85486,1.615031,1.7355248e-07,0.99902534,0.19628906,0.0043820282,-17.103653,-17.117176,-3.2708232,397.57516,1.4036404,2.835242e-08,0.007372680902481079,27713.66684770584,1000000
