agent,configuration,seed,phase,actor,alpha,has_real_alpha,ess_mean,ess_std,saturation_mass_mean,saturation_mass_std,fraction_clipped_mean,fraction_clipped_std,top5_mass_mean,top5_mass_std,entropy_mean,entropy_std
CRL,0,0,53000,actor,21.177382841706276,True,0.318092,0.022901,0.96975,0.016426,0.304297,0.02397,0.15015,0.01105,4.410386,0.074482
CRL,0,1,53000,actor,21.177382841706276,True,0.323868,0.028178,0.971492,0.008354,0.310156,0.02612,0.14782,0.013231,4.426707,0.087592
CRL,0,2,53000,actor,21.177382841706276,True,0.328814,0.030146,0.978447,0.009539,0.318359,0.031534,0.145291,0.013885,4.441125,0.09213
CRL,0,3,53000,actor,21.177382841706276,True,0.3167,0.04098,0.978654,0.012389,0.306641,0.042041,0.15218,0.020945,4.399687,0.129458
CRL,0,4,53000,actor,21.177382841706276,True,0.330948,0.02213,0.977948,0.008142,0.319531,0.022837,0.144112,0.010176,4.450603,0.067049
CRL,1,0,53000,actor,6.465855035930872,True,1.0,0.0,0.0,0.0,0.0,0.0,0.046875,0.0,5.545177,0.0
CRL,1,1,53000,actor,6.465855035930872,True,1.0,0.0,0.0,0.0,0.0,0.0,0.046875,0.0,5.545177,0.0
CRL,1,2,53000,actor,6.465855035930872,True,1.0,0.0,0.0,0.0,0.0,0.0,0.046875,0.0,5.545177,0.0
CRL,1,3,53000,actor,6.465855035930872,True,1.0,0.0,0.0,0.0,0.0,0.0,0.046875,0.0,5.545177,0.0
CRL,1,4,53000,actor,6.465855035930872,True,0.050564,0.016029,0.0,0.0,0.0,0.0,0.668861,0.054904,3.440047,0.227941
CRL,2,0,53000,actor,9.244783725589514,True,0.296895,0.015536,0.920311,0.023129,0.262891,0.019317,0.164696,0.009449,4.366829,0.049259
CRL,2,1,53000,actor,9.244783725589514,True,0.293056,0.013979,0.92827,0.023409,0.2625,0.017352,0.166228,0.008333,4.353395,0.046283
CRL,2,2,53000,actor,9.244783725589514,True,0.295828,0.016738,0.9246,0.023974,0.263281,0.020439,0.165307,0.01027,4.364635,0.056132
CRL,2,3,53000,actor,9.244783725589514,True,0.296554,0.016924,0.924401,0.029196,0.264062,0.02149,0.164793,0.010295,4.363737,0.053998
CRL,2,4,53000,actor,9.244783725589514,True,0.297504,0.012566,0.923879,0.020585,0.264453,0.016372,0.164186,0.008217,4.370327,0.04164
CRL,3,0,53000,actor,24.07921861857176,True,0.287315,0.04045,0.978237,0.013754,0.277734,0.037533,0.168159,0.02541,4.300056,0.146739
CRL,3,1,53000,actor,24.07921861857176,True,0.308052,0.025295,0.975199,0.013124,0.296484,0.022208,0.155073,0.013365,4.377268,0.085736
CRL,3,2,53000,actor,24.07921861857176,True,0.292451,0.031112,0.975204,0.010373,0.281641,0.030838,0.163988,0.01729,4.323186,0.105674
CRL,3,3,53000,actor,24.07921861857176,True,0.297458,0.035612,0.974386,0.012887,0.286328,0.034255,0.161716,0.020804,4.337805,0.123073
CRL,3,4,53000,actor,24.07921861857176,True,0.313062,0.023083,0.980244,0.007165,0.303516,0.022178,0.152142,0.011556,4.393084,0.07663
CRL,4,0,53000,actor,26.912137996405363,True,0.34058,0.012574,0.97851,0.010968,0.329688,0.012651,0.13929,0.005032,4.477501,0.038789
CRL,4,1,53000,actor,26.912137996405363,True,0.339472,0.012413,0.969578,0.011263,0.325,0.011762,0.140002,0.005126,4.474821,0.038478
CRL,4,2,53000,actor,26.912137996405363,True,0.339986,0.012038,0.978489,0.008023,0.328906,0.009353,0.139565,0.004566,4.476922,0.03794
CRL,4,3,53000,actor,26.912137996405363,True,0.337425,0.009386,0.979177,0.011613,0.326953,0.008449,0.140461,0.003708,4.469803,0.030944
CRL,4,4,53000,actor,26.912137996405363,True,0.343602,0.012822,0.979909,0.010456,0.333594,0.011079,0.137826,0.004746,4.48498,0.040037
CRL,5,0,53000,actor,11.980656422674656,True,0.259228,0.037694,0.946434,0.01797,0.239062,0.037998,0.190116,0.032542,4.209777,0.149378
CRL,5,1,53000,actor,11.980656422674656,True,0.29202,0.03421,0.959045,0.012811,0.274219,0.035363,0.166474,0.022081,4.330725,0.115285
CRL,5,2,53000,actor,11.980656422674656,True,0.271421,0.038063,0.958526,0.021621,0.254297,0.03847,0.179975,0.025118,4.25653,0.135289
CRL,5,3,53000,actor,11.980656422674656,True,0.286801,0.038067,0.955935,0.010625,0.267188,0.036188,0.170686,0.025025,4.315236,0.13303
CRL,5,4,53000,actor,11.980656422674656,True,0.278162,0.022253,0.94408,0.018743,0.25625,0.024443,0.173905,0.014459,4.287395,0.076393
CRL,6,0,53000,actor,3.744187206029892,True,0.216881,0.015092,0.808543,0.03746,0.158594,0.018248,0.240918,0.019875,4.117728,0.064258
CRL,6,1,53000,actor,3.744187206029892,True,0.220055,0.01534,0.802499,0.046526,0.158984,0.019141,0.238342,0.0181,4.134263,0.060531
CRL,6,2,53000,actor,3.744187206029892,True,0.224473,0.018094,0.823671,0.03009,0.167578,0.020041,0.232533,0.020817,4.151847,0.071011
CRL,6,3,53000,actor,3.744187206029892,True,0.22112,0.018047,0.803408,0.048228,0.160156,0.021788,0.237682,0.022062,4.137641,0.071627
CRL,6,4,53000,actor,3.744187206029892,True,0.219783,0.016832,0.82201,0.033904,0.1625,0.015862,0.238546,0.018086,4.13553,0.069459
CRL,7,0,53000,actor,18.32937167957425,True,1.0,0.0,0.0,0.0,0.0,0.0,0.046875,0.0,5.545177,0.0
CRL,7,1,53000,actor,18.32937167957425,True,1.0,0.0,0.0,0.0,0.0,0.0,0.046875,0.0,5.545177,0.0
CRL,7,2,53000,actor,18.32937167957425,True,1.0,0.0,0.0,0.0,0.0,0.0,0.046875,0.0,5.545177,0.0
CRL,7,3,53000,actor,18.32937167957425,True,1.0,0.0,0.0,0.0,0.0,0.0,0.046875,0.0,5.545177,0.0
CRL,7,4,53000,actor,18.32937167957425,True,1.0,0.0,0.0,0.0,0.0,0.0,0.046875,0.0,5.545177,0.0
CRL,8,0,53000,actor,15.16501072794199,True,0.323402,0.01461,0.955939,0.013478,0.302344,0.015207,0.148506,0.006978,4.436806,0.044646
CRL,8,1,53000,actor,15.16501072794199,True,0.31819,0.012968,0.949734,0.01881,0.294922,0.017299,0.151302,0.006857,4.422172,0.041672
CRL,8,2,53000,actor,15.16501072794199,True,0.321883,0.016086,0.954874,0.014354,0.300391,0.016413,0.149375,0.007783,4.432578,0.051361
CRL,8,3,53000,actor,15.16501072794199,True,0.320099,0.01324,0.960637,0.013389,0.301172,0.015995,0.149824,0.006611,4.426179,0.042051
CRL,8,4,53000,actor,15.16501072794199,True,0.325828,0.012181,0.959595,0.013335,0.30625,0.012651,0.147086,0.005914,4.443176,0.039038
CRL,9,0,53000,actor,0.3452296368777752,True,0.458454,0.090748,0.0,0.0,0.0,0.0,0.222285,0.033645,5.165925,0.07804
CRL,9,1,53000,actor,0.3452296368777752,True,0.464724,0.118555,0.0,0.0,0.0,0.0,0.212792,0.035418,5.177517,0.085245
CRL,9,2,53000,actor,0.3452296368777752,True,0.455607,0.083351,0.0,0.0,0.0,0.0,0.219301,0.030651,5.166428,0.075799
CRL,9,3,53000,actor,0.3452296368777752,True,0.462637,0.120724,0.0,0.0,0.0,0.0,0.220069,0.041754,5.162457,0.101039
CRL,9,4,53000,actor,0.3452296368777752,True,0.463012,0.104915,0.0,0.0,0.0,0.0,0.223413,0.041054,5.165332,0.102591
CRL,10,0,53000,actor,14.442106951028109,True,0.305558,0.02316,0.960869,0.021518,0.288281,0.027176,0.157322,0.013017,4.378257,0.074864
CRL,10,1,53000,actor,14.442106951028109,True,0.318363,0.020176,0.957001,0.016082,0.298438,0.017777,0.150796,0.009425,4.417966,0.061699
CRL,10,2,53000,actor,14.442106951028109,True,0.314741,0.025018,0.968837,0.010466,0.3,0.025502,0.152381,0.013182,4.405018,0.076645
CRL,10,3,53000,actor,14.442106951028109,True,0.319692,0.035767,0.961491,0.014962,0.301172,0.031971,0.151233,0.016858,4.417169,0.11031
CRL,10,4,53000,actor,14.442106951028109,True,0.327109,0.027033,0.966433,0.012045,0.310156,0.023014,0.146854,0.012069,4.443859,0.084455
CRL,11,0,53000,actor,29.138977378606796,True,1.0,0.0,0.0,0.0,0.0,0.0,0.046875,0.0,5.545177,0.0
CRL,11,1,53000,actor,29.138977378606796,True,1.0,0.0,0.0,0.0,0.0,0.0,0.046875,0.0,5.545177,0.0
CRL,11,2,53000,actor,29.138977378606796,True,0.083344,0.018741,0.748814,0.045731,0.055078,0.015235,0.647209,0.133651,3.163039,0.22393
CRL,11,3,53000,actor,29.138977378606796,True,0.022024,0.012951,0.0,0.0,0.0,0.0,0.894821,0.073249,2.147536,0.800576
CRL,11,4,53000,actor,29.138977378606796,True,1.0,0.0,0.0,0.0,0.0,0.0,0.046875,0.0,5.545177,0.0
CRL,12,0,53000,actor,24.430268201977015,True,0.32554,0.024453,0.971437,0.013786,0.312109,0.026071,0.146756,0.011503,4.433129,0.07455
CRL,12,1,53000,actor,24.430268201977015,True,0.330165,0.016049,0.975538,0.011006,0.317969,0.015318,0.144123,0.007361,4.448675,0.050041
CRL,12,2,53000,actor,24.430268201977015,True,0.336627,0.021921,0.97863,0.012843,0.326562,0.025661,0.141186,0.010157,4.465343,0.063492
CRL,12,3,53000,actor,24.430268201977015,True,0.336692,0.030376,0.976598,0.007546,0.325,0.029046,0.141894,0.012969,4.463858,0.086978
CRL,12,4,53000,actor,24.430268201977015,True,0.342895,0.027462,0.97991,0.007365,0.332422,0.027029,0.139057,0.012142,4.483018,0.079935
CRL,13,0,53000,actor,9.830444231629372,True,1.0,0.0,1.0,0.0,1.0,0.0,0.046875,0.0,5.545177,0.0
CRL,13,1,53000,actor,9.830444231629372,True,1.0,0.0,0.0,0.0,0.0,0.0,0.046875,0.0,5.545177,0.0
CRL,13,2,53000,actor,9.830444231629372,True,1.0,0.0,0.0,0.0,0.0,0.0,0.046875,0.0,5.545177,0.0
CRL,13,3,53000,actor,9.830444231629372,True,1.0,0.0,0.0,0.0,0.0,0.0,0.046875,0.0,5.545177,0.0
CRL,13,4,53000,actor,9.830444231629372,True,1.0,0.0,1.0,0.0,1.0,0.0,0.046875,0.0,5.545177,0.0
CRL,14,0,53000,actor,4.942715875804424,True,0.24539,0.014323,0.85426,0.03192,0.19375,0.011675,0.207177,0.011815,4.217329,0.053563
CRL,14,1,53000,actor,4.942715875804424,True,0.244942,0.015179,0.859103,0.030153,0.194922,0.016822,0.207574,0.013449,4.214475,0.055146
CRL,14,2,53000,actor,4.942715875804424,True,0.243608,0.015405,0.859522,0.025507,0.194531,0.016137,0.208094,0.013895,4.209698,0.05625
CRL,14,3,53000,actor,4.942715875804424,True,0.244844,0.015765,0.863155,0.026189,0.196094,0.013125,0.207055,0.013176,4.214264,0.056693
CRL,14,4,53000,actor,4.942715875804424,True,0.24706,0.01432,0.865413,0.022926,0.198047,0.012496,0.205445,0.012126,4.223501,0.052914
CRL,15,0,53000,actor,19.8888405226171,True,1.0,0.0,0.0,0.0,0.0,0.0,0.046875,0.0,5.545177,0.0
CRL,15,1,53000,actor,19.8888405226171,True,0.060943,0.024572,0.0,0.0,0.0,0.0,0.689869,0.104114,3.270648,0.88492
CRL,15,2,53000,actor,19.8888405226171,True,0.145542,0.021653,0.620385,0.114126,0.071875,0.023161,0.424957,0.078866,3.850077,0.119777
CRL,15,3,53000,actor,19.8888405226171,True,0.032191,0.021853,0.0,0.0,0.0,0.0,0.845088,0.095207,2.448031,0.933586
CRL,15,4,53000,actor,19.8888405226171,True,0.709817,0.028026,0.996942,0.002036,0.70625,0.027176,0.066254,0.002468,5.203633,0.038798
CRL,16,0,53000,actor,18.777060694992542,True,0.331586,0.013641,0.9626,0.011767,0.313281,0.013878,0.144254,0.00587,4.457007,0.04207
CRL,16,1,53000,actor,18.777060694992542,True,0.328769,0.01384,0.957017,0.018532,0.308594,0.01289,0.145578,0.006196,4.448807,0.043234
CRL,16,2,53000,actor,18.777060694992542,True,0.329739,0.014886,0.968728,0.019479,0.314062,0.013304,0.1448,0.006263,4.451758,0.047481
CRL,16,3,53000,actor,18.777060694992542,True,0.327335,0.012132,0.974102,0.014185,0.313672,0.011653,0.145735,0.005407,4.445121,0.038647
CRL,16,4,53000,actor,18.777060694992542,True,0.334279,0.012321,0.966463,0.015943,0.317969,0.011675,0.14263,0.005188,4.463435,0.039462
CRL,17,0,53000,actor,4.175404887646437,True,1.0,0.0,0.0,0.0,0.0,0.0,0.046875,0.0,5.545177,0.0
CRL,17,1,53000,actor,4.175404887646437,True,0.128591,0.026781,0.06384,0.07399,0.002344,0.002731,0.506492,0.044025,4.163845,0.124908
CRL,17,2,53000,actor,4.175404887646437,True,0.209012,0.0353,0.946402,0.00939,0.191797,0.033977,0.239592,0.053543,3.997685,0.182939
CRL,17,3,53000,actor,4.175404887646437,True,0.076518,0.029553,0.055623,0.09041,0.001172,0.001887,0.587857,0.06873,3.798448,0.233924
CRL,17,4,53000,actor,4.175404887646437,True,0.580265,0.098871,0.0,0.0,0.0,0.0,0.168801,0.022276,5.275755,0.051808
CRL,18,0,53000,actor,10.597297567874193,True,0.296045,0.020718,0.936804,0.013839,0.267969,0.019935,0.164668,0.012153,4.359228,0.067644
CRL,18,1,53000,actor,10.597297567874193,True,0.304342,0.015937,0.949678,0.012493,0.28125,0.015516,0.158697,0.008609,4.382608,0.051761
CRL,18,2,53000,actor,10.597297567874193,True,0.309807,0.01997,0.94285,0.021217,0.283594,0.022493,0.156622,0.011468,4.40367,0.063245
CRL,18,3,53000,actor,10.597297567874193,True,0.304506,0.023353,0.942917,0.014104,0.278516,0.018602,0.159417,0.012171,4.383457,0.076524
CRL,18,4,53000,actor,10.597297567874193,True,0.309965,0.021394,0.941768,0.011766,0.282812,0.018616,0.156764,0.011541,4.401973,0.073206
CRL,19,0,53000,actor,25.54159015417099,True,1.0,0.0,0.0,0.0,0.0,0.0,0.046875,0.0,5.545177,0.0
CRL,19,1,53000,actor,25.54159015417099,True,1.0,0.0,0.0,0.0,0.0,0.0,0.046875,0.0,5.545177,0.0
CRL,19,2,53000,actor,25.54159015417099,True,1.0,0.0,0.0,0.0,0.0,0.0,0.046875,0.0,5.545177,0.0
CRL,19,3,53000,actor,25.54159015417099,True,1.0,0.0,1.0,0.0,1.0,0.0,0.046875,0.0,5.545177,0.0
CRL,19,4,53000,actor,25.54159015417099,True,1.0,0.0,0.0,0.0,0.0,0.0,0.046875,0.0,5.545177,0.0
CRL,20,0,53000,actor,28.2622610963881,True,0.325648,0.024738,0.976477,0.01132,0.314062,0.025727,0.146598,0.011733,4.432145,0.0759
CRL,20,1,53000,actor,28.2622610963881,True,0.335099,0.016953,0.979016,0.009639,0.324609,0.018271,0.141754,0.007662,4.461446,0.049931
CRL,20,2,53000,actor,28.2622610963881,True,0.338132,0.021064,0.978841,0.010748,0.327734,0.022736,0.140569,0.009166,4.469049,0.062113
CRL,20,3,53000,actor,28.2622610963881,True,0.338343,0.029557,0.980713,0.010134,0.328906,0.029336,0.140757,0.012427,4.467079,0.086403
CRL,20,4,53000,actor,28.2622610963881,True,0.343122,0.026715,0.980404,0.009731,0.332812,0.024897,0.138838,0.011288,4.483587,0.079391
CRL,21,0,53000,actor,13.440647944808006,True,1.0,0.0,0.0,0.0,0.0,0.0,0.046875,0.0,5.545177,0.0
CRL,21,1,53000,actor,13.440647944808006,True,0.268086,0.039321,0.979767,0.015467,0.260938,0.041373,0.180787,0.033856,4.225709,0.160952
CRL,21,2,53000,actor,13.440647944808006,True,1.0,0.0,0.0,0.0,0.0,0.0,0.046875,0.0,5.545177,0.0
CRL,21,3,53000,actor,13.440647944808006,True,0.086738,0.065922,0.0,0.0,0.0,0.0,0.56488,0.117641,3.805564,0.575397
CRL,21,4,53000,actor,13.440647944808006,True,1.0,0.0,1.0,0.0,1.0,0.0,0.046875,0.0,5.545177,0.0
CRL,22,0,53000,actor,1.3471462950110435,True,0.101432,0.009069,0.434221,0.112708,0.028516,0.012764,0.614193,0.033027,3.746424,0.064939
CRL,22,1,53000,actor,1.3471462950110435,True,0.100867,0.009249,0.413452,0.143092,0.026953,0.013588,0.613783,0.031481,3.744188,0.074172
CRL,22,2,53000,actor,1.3471462950110435,True,0.10175,0.009152,0.395148,0.166456,0.026562,0.013755,0.614666,0.033106,3.746541,0.082418
CRL,22,3,53000,actor,1.3471462950110435,True,0.102094,0.009296,0.419589,0.12322,0.027734,0.01255,0.611384,0.033285,3.750791,0.080478
CRL,22,4,53000,actor,1.3471462950110435,True,0.101546,0.008771,0.429115,0.111672,0.028125,0.012325,0.608482,0.032434,3.752859,0.075265
CRL,23,0,53000,actor,16.04218488559127,True,0.280375,0.028346,0.963839,0.014209,0.266016,0.030171,0.171735,0.018774,4.285028,0.102811
CRL,23,1,53000,actor,16.04218488559127,True,0.310607,0.024179,0.96236,0.016347,0.29375,0.022911,0.154353,0.01158,4.387789,0.07862
CRL,23,2,53000,actor,16.04218488559127,True,0.30959,0.031036,0.959075,0.018706,0.291406,0.030988,0.155872,0.016928,4.384573,0.101379
CRL,23,3,53000,actor,16.04218488559127,True,0.302041,0.040879,0.968905,0.008697,0.288281,0.03888,0.160226,0.022355,4.356693,0.136801
CRL,23,4,53000,actor,16.04218488559127,True,0.308387,0.025042,0.965677,0.012502,0.292969,0.021632,0.155291,0.011941,4.381933,0.080961
CRL,24,0,53000,actor,17.566150054335594,True,0.323132,0.017406,0.964543,0.019171,0.30625,0.020272,0.148123,0.008482,4.431766,0.0539
CRL,24,1,53000,actor,17.566150054335594,True,0.323392,0.017401,0.964668,0.012601,0.30625,0.017585,0.148073,0.008398,4.433433,0.053448
CRL,24,2,53000,actor,17.566150054335594,True,0.33154,0.019175,0.957594,0.01993,0.310938,0.020356,0.144842,0.008532,4.458804,0.058559
CRL,24,3,53000,actor,17.566150054335594,True,0.32623,0.021714,0.960593,0.014122,0.306641,0.026252,0.147689,0.011098,4.443861,0.064138
CRL,24,4,53000,actor,17.566150054335594,True,0.329297,0.021191,0.961614,0.013937,0.310547,0.018345,0.145664,0.009926,4.450133,0.068078
CRL,25,0,53000,actor,2.6365005411207676,True,0.006879,0.005929,0.0,0.0,0.0,0.0,0.998862,0.00266,0.536426,0.666898
CRL,25,1,53000,actor,2.6365005411207676,True,1.0,0.0,0.0,0.0,0.0,0.0,0.046875,0.0,5.545177,0.0
CRL,25,2,53000,actor,2.6365005411207676,True,1.0,0.0,1.0,0.0,1.0,0.0,0.046875,0.0,5.545177,0.0
CRL,25,3,53000,actor,2.6365005411207676,True,1.0,0.0,0.0,0.0,0.0,0.0,0.046875,0.0,5.545177,0.0
CRL,25,4,53000,actor,2.6365005411207676,True,1.0,0.0,1.0,0.0,1.0,0.0,0.046875,0.0,5.545177,0.0
CRL,26,0,53000,actor,13.088800963014364,True,0.315307,0.012183,0.947373,0.015514,0.291016,0.014174,0.152859,0.006339,4.415976,0.038235
CRL,26,1,53000,actor,13.088800963014364,True,0.313239,0.012743,0.942956,0.017648,0.287109,0.014645,0.154245,0.006868,4.410344,0.039754
CRL,26,2,53000,actor,13.088800963014364,True,0.312967,0.013032,0.947507,0.01749,0.288281,0.015603,0.154389,0.007059,4.409997,0.04023
CRL,26,3,53000,actor,13.088800963014364,True,0.314314,0.010755,0.950817,0.019186,0.291797,0.015078,0.152996,0.005885,4.41161,0.033434
CRL,26,4,53000,actor,13.088800963014364,True,0.317194,0.011895,0.939633,0.017212,0.289453,0.013208,0.1524,0.006273,4.422505,0.037016
CRL,27,0,53000,actor,27.675817273557186,True,0.285437,0.023956,0.970884,0.014183,0.273828,0.026777,0.167565,0.015607,4.299973,0.082867
CRL,27,1,53000,actor,27.675817273557186,True,0.346059,0.02635,0.976352,0.011746,0.333984,0.028063,0.137835,0.010742,4.492859,0.074743
CRL,27,2,53000,actor,27.675817273557186,True,0.288797,0.032951,0.982146,0.009185,0.280859,0.031971,0.166014,0.020639,4.307397,0.118807
CRL,27,3,53000,actor,27.675817273557186,True,0.307221,0.041261,0.983629,0.013263,0.3,0.041291,0.1562,0.020389,4.364928,0.13174
CRL,27,4,53000,actor,27.675817273557186,True,0.289217,0.023814,0.976364,0.013577,0.278906,0.023953,0.165125,0.01346,4.312813,0.078823
CRL,28,0,53000,actor,23.08093724772334,True,0.333355,0.01461,0.974749,0.011783,0.320703,0.015456,0.142735,0.006237,4.458558,0.046278
CRL,28,1,53000,actor,23.08093724772334,True,0.331728,0.017352,0.970565,0.011657,0.316797,0.017121,0.143982,0.007896,4.454859,0.052737
CRL,28,2,53000,actor,23.08093724772334,True,0.340181,0.02049,0.965265,0.019602,0.323047,0.016475,0.140423,0.008287,4.478999,0.060612
CRL,28,3,53000,actor,23.08093724772334,True,0.334647,0.019915,0.967721,0.012261,0.318359,0.019159,0.142956,0.008855,4.46447,0.058522
CRL,28,4,53000,actor,23.08093724772334,True,0.338182,0.021516,0.976207,0.011915,0.325781,0.017967,0.140905,0.009094,4.472413,0.065802
CRL,29,0,53000,actor,8.3712412789464,True,0.241976,0.038134,0.919771,0.024739,0.214062,0.040461,0.207693,0.038324,4.153725,0.156515
CRL,29,1,53000,actor,8.3712412789464,True,0.275324,0.031638,0.932638,0.017851,0.248047,0.031046,0.178768,0.022875,4.28241,0.114921
CRL,29,2,53000,actor,8.3712412789464,True,0.258819,0.035223,0.927113,0.033338,0.231641,0.034892,0.191064,0.026912,4.220136,0.131996
CRL,29,3,53000,actor,8.3712412789464,True,0.269181,0.03683,0.923206,0.020288,0.240234,0.036516,0.184123,0.029564,4.25873,0.137725
CRL,29,4,53000,actor,8.3712412789464,True,0.265804,0.024806,0.938459,0.022267,0.242188,0.025248,0.183218,0.01738,4.248326,0.091311
CRL,30,0,53000,actor,7.338939607143402,True,0.275077,0.020371,0.917072,0.017229,0.241797,0.018271,0.178675,0.013528,4.294166,0.073718
CRL,30,1,53000,actor,7.338939607143402,True,0.273015,0.017574,0.925175,0.028787,0.241797,0.011269,0.179745,0.010936,4.289551,0.067957
CRL,30,2,53000,actor,7.338939607143402,True,0.287703,0.026386,0.934456,0.012983,0.259766,0.022572,0.16983,0.015616,4.332806,0.091611
CRL,30,3,53000,actor,7.338939607143402,True,0.284607,0.032815,0.932303,0.019078,0.255859,0.028303,0.172668,0.019233,4.318998,0.116724
CRL,30,4,53000,actor,7.338939607143402,True,0.290999,0.019032,0.927919,0.017532,0.259766,0.02036,0.168204,0.011129,4.349114,0.066488
CRL,31,0,53000,actor,22.175206560641527,True,0.270697,0.034392,0.933494,0.01293,0.244141,0.03321,0.182275,0.025334,4.275059,0.129303
CRL,31,1,53000,actor,22.175206560641527,True,1.0,0.0,1.0,0.0,1.0,0.0,0.046875,0.0,5.545177,0.0
CRL,31,2,53000,actor,22.175206560641527,True,1.0,0.0,0.0,0.0,0.0,0.0,0.046875,0.0,5.545177,0.0
CRL,31,3,53000,actor,22.175206560641527,True,1.0,0.0,0.0,0.0,0.0,0.0,0.046875,0.0,5.545177,0.0
CRL,31,4,53000,actor,22.175206560641527,True,1.0,0.0,1.0,0.0,1.0,0.0,0.046875,0.0,5.545177,0.0
CRL,32,0,53000,actor,21.802464528009295,True,0.33434,0.013012,0.969875,0.015965,0.319141,0.01427,0.142661,0.005541,4.463616,0.041699
CRL,32,1,53000,actor,21.802464528009295,True,0.328689,0.016187,0.973755,0.012482,0.315625,0.014937,0.144915,0.007295,4.446388,0.050196
CRL,32,2,53000,actor,21.802464528009295,True,0.337833,0.019206,0.96007,0.021333,0.318359,0.01608,0.141672,0.00757,4.473618,0.059465
CRL,32,3,53000,actor,21.802464528009295,True,0.331424,0.016941,0.971852,0.013054,0.317969,0.017391,0.143629,0.007544,4.453895,0.05156
CRL,32,4,53000,actor,21.802464528009295,True,0.336387,0.016838,0.971997,0.009762,0.321875,0.014639,0.141841,0.007192,4.469989,0.051955
CRL,33,0,53000,actor,6.7485366482287645,True,0.241012,0.032796,0.89205,0.049316,0.205078,0.035048,0.208179,0.030272,4.159494,0.135974
CRL,33,1,53000,actor,6.7485366482287645,True,0.25974,0.02486,0.920967,0.023709,0.229297,0.023296,0.190046,0.020398,4.236264,0.096524
CRL,33,2,53000,actor,6.7485366482287645,True,0.249298,0.028349,0.931169,0.019803,0.223828,0.027378,0.197442,0.022415,4.191481,0.109704
CRL,33,3,53000,actor,6.7485366482287645,True,0.250572,0.031479,0.922104,0.026321,0.221875,0.032096,0.198226,0.027017,4.197364,0.126488
CRL,33,4,53000,actor,6.7485366482287645,True,0.266634,0.019703,0.920624,0.027181,0.235547,0.023003,0.184479,0.015103,4.263252,0.070464
CRL,34,0,53000,actor,7.54076742567122,True,0.272714,0.02242,0.929022,0.016657,0.24375,0.019154,0.179665,0.014578,4.282764,0.079959
CRL,34,1,53000,actor,7.54076742567122,True,0.2803,0.022171,0.920045,0.023018,0.246875,0.016857,0.175477,0.013557,4.311125,0.081927
CRL,34,2,53000,actor,7.54076742567122,True,0.286703,0.029048,0.927195,0.017049,0.25625,0.028952,0.171497,0.018685,4.328706,0.098876
CRL,34,3,53000,actor,7.54076742567122,True,0.276939,0.034529,0.93829,0.017546,0.251172,0.031844,0.177566,0.022089,4.288852,0.125948
CRL,34,4,53000,actor,7.54076742567122,True,0.287819,0.022809,0.924124,0.013505,0.255469,0.023307,0.170695,0.013907,4.337182,0.074283
CRL,35,0,53000,actor,22.94099106453359,True,1.0,0.0,1.0,0.0,1.0,0.0,0.046875,0.0,5.545177,0.0
CRL,35,1,53000,actor,22.94099106453359,True,1.0,0.0,1.0,0.0,1.0,0.0,0.046875,0.0,5.545177,0.0
CRL,35,2,53000,actor,22.94099106453359,True,1.0,0.0,0.0,0.0,0.0,0.0,0.046875,0.0,5.545177,0.0
CRL,35,3,53000,actor,22.94099106453359,True,1.0,0.0,1.0,0.0,1.0,0.0,0.046875,0.0,5.545177,0.0
CRL,35,4,53000,actor,22.94099106453359,True,1.0,0.0,0.0,0.0,0.0,0.0,0.046875,0.0,5.545177,0.0
CRL,36,0,53000,actor,27.55231157876551,True,0.330708,0.02202,0.98016,0.006047,0.320703,0.019956,0.143821,0.010007,4.448857,0.067811
CRL,36,1,53000,actor,27.55231157876551,True,0.336973,0.01933,0.98155,0.009218,0.327734,0.017896,0.140786,0.008221,4.465654,0.057785
CRL,36,2,53000,actor,27.55231157876551,True,0.347323,0.019836,0.979894,0.008213,0.336719,0.02138,0.136879,0.008214,4.497664,0.056169
CRL,36,3,53000,actor,27.55231157876551,True,0.339472,0.024957,0.970996,0.014025,0.325391,0.027747,0.140716,0.011047,4.473647,0.071879
CRL,36,4,53000,actor,27.55231157876551,True,0.345797,0.026843,0.979357,0.007266,0.335156,0.026417,0.137776,0.011468,4.49015,0.078447
CRL,37,0,53000,actor,12.249133056029677,True,1.0,0.0,1.0,0.0,1.0,0.0,0.046875,0.0,5.545177,0.0
CRL,37,1,53000,actor,12.249133056029677,True,1.0,0.0,0.0,0.0,0.0,0.0,0.046875,0.0,5.545177,0.0
CRL,37,2,53000,actor,12.249133056029677,True,1.0,0.0,0.0,0.0,0.0,0.0,0.046875,0.0,5.545177,0.0
CRL,37,3,53000,actor,12.249133056029677,True,1.0,0.0,1.0,0.0,1.0,0.0,0.046875,0.0,5.545177,0.0
CRL,37,4,53000,actor,12.249133056029677,True,1.0,0.0,0.0,0.0,0.0,0.0,0.046875,0.0,5.545177,0.0
CRL,38,0,53000,actor,2.025965927168727,True,0.141016,0.01348,0.66794,0.069101,0.075,0.016137,0.427736,0.057051,3.847841,0.060448
CRL,38,1,53000,actor,2.025965927168727,True,0.140965,0.013252,0.656063,0.072419,0.073438,0.01645,0.430087,0.058989,3.847582,0.058805
CRL,38,2,53000,actor,2.025965927168727,True,0.140629,0.013241,0.646128,0.077331,0.072656,0.017097,0.428256,0.055551,3.844012,0.060474
CRL,38,3,53000,actor,2.025965927168727,True,0.141684,0.013193,0.646635,0.086979,0.073047,0.017279,0.425839,0.056223,3.849653,0.060305
CRL,38,4,53000,actor,2.025965927168727,True,0.141753,0.013567,0.6523,0.067803,0.073438,0.015494,0.426648,0.057445,3.852777,0.060183
CRL,39,0,53000,actor,17.206236021593213,True,0.264658,0.029038,0.966838,0.011242,0.251172,0.026688,0.182348,0.020241,4.228601,0.112105
CRL,39,1,53000,actor,17.206236021593213,True,0.304965,0.023794,0.96616,0.014984,0.289844,0.0213,0.157056,0.012453,4.371449,0.080088
CRL,39,2,53000,actor,17.206236021593213,True,0.272561,0.035543,0.972627,0.017728,0.260938,0.035507,0.177504,0.023178,4.256001,0.12907
CRL,39,3,53000,actor,17.206236021593213,True,0.302951,0.040509,0.965516,0.020788,0.287891,0.041219,0.160114,0.023146,4.358401,0.135931
CRL,39,4,53000,actor,17.206236021593213,True,0.281655,0.023614,0.963884,0.02066,0.266797,0.025117,0.170629,0.015474,4.292732,0.081274
CRL,40,0,53000,actor,16.854400103911757,True,0.310626,0.022795,0.969406,0.010733,0.296094,0.023639,0.154327,0.012053,4.392051,0.073271
CRL,40,1,53000,actor,16.854400103911757,True,0.324674,0.020506,0.963483,0.015084,0.307422,0.020343,0.147468,0.00969,4.434559,0.060085
CRL,40,2,53000,actor,16.854400103911757,True,0.319031,0.023842,0.975195,0.011222,0.306641,0.026381,0.150019,0.012258,4.416648,0.072166
CRL,40,3,53000,actor,16.854400103911757,True,0.325452,0.036067,0.968049,0.017299,0.310547,0.035192,0.147794,0.016596,4.431431,0.10858
CRL,40,4,53000,actor,16.854400103911757,True,0.332484,0.027388,0.96564,0.011001,0.315234,0.024709,0.14444,0.012129,4.457666,0.08415
CRL,41,0,53000,actor,1.4395190868526697,True,0.454517,0.131698,0.0,0.0,0.0,0.0,0.219908,0.0442,5.149628,0.105439
CRL,41,1,53000,actor,1.4395190868526697,True,1.0,0.0,0.0,0.0,0.0,0.0,0.046875,0.0,5.545177,0.0
CRL,41,2,53000,actor,1.4395190868526697,True,1.0,0.0,1.0,0.0,1.0,0.0,0.046875,0.0,5.545177,0.0
CRL,41,3,53000,actor,1.4395190868526697,True,1.0,0.0,0.0,0.0,0.0,0.0,0.046875,0.0,5.545177,0.0
CRL,41,4,53000,actor,1.4395190868526697,True,0.680429,0.075771,0.0,0.0,0.0,0.0,0.146799,0.021817,5.369382,0.035572
CRL,42,0,53000,actor,13.773087160661817,True,0.318531,0.014313,0.952225,0.014877,0.295703,0.014505,0.151235,0.006898,4.424593,0.044326
CRL,42,1,53000,actor,13.773087160661817,True,0.313724,0.013346,0.949039,0.013632,0.290234,0.016475,0.153651,0.007544,4.411062,0.042172
CRL,42,2,53000,actor,13.773087160661817,True,0.317125,0.015094,0.945537,0.013667,0.291797,0.015302,0.152235,0.007525,4.420929,0.048904
CRL,42,3,53000,actor,13.773087160661817,True,0.316082,0.012877,0.963115,0.017207,0.298047,0.015522,0.151772,0.006796,4.415725,0.040547
CRL,42,4,53000,actor,13.773087160661817,True,0.322384,0.012204,0.950731,0.015222,0.299219,0.012651,0.14916,0.006265,4.4349,0.038998
CRL,43,0,53000,actor,28.841668842360377,True,0.30523,0.028723,0.981677,0.011804,0.296875,0.02894,0.156303,0.014944,4.364538,0.094178
CRL,43,1,53000,actor,28.841668842360377,True,0.329051,0.028701,0.98758,0.010867,0.322266,0.025466,0.144534,0.012526,4.437714,0.088698
CRL,43,2,53000,actor,28.841668842360377,True,0.328199,0.030297,0.983544,0.00859,0.319922,0.03045,0.145291,0.013897,4.437552,0.094466
CRL,43,3,53000,actor,28.841668842360377,True,0.308765,0.038014,0.984039,0.010216,0.301172,0.040152,0.155593,0.020479,4.373736,0.123405
CRL,43,4,53000,actor,28.841668842360377,True,0.32518,0.027076,0.982557,0.010122,0.317188,0.028515,0.146197,0.012289,4.427778,0.084236
CRL,44,0,53000,actor,26.10453707166016,True,0.341274,0.013951,0.97826,0.010697,0.330469,0.012784,0.138949,0.005641,4.479026,0.041955
CRL,44,1,53000,actor,26.10453707166016,True,0.338993,0.013382,0.974181,0.011191,0.326172,0.012923,0.140189,0.005501,4.473017,0.040947
CRL,44,2,53000,actor,26.10453707166016,True,0.339318,0.014672,0.972964,0.014193,0.325781,0.013047,0.140189,0.005755,4.475104,0.045478
CRL,44,3,53000,actor,26.10453707166016,True,0.336926,0.011128,0.976444,0.015413,0.325,0.012597,0.140987,0.0048,4.469081,0.035219
CRL,44,4,53000,actor,26.10453707166016,True,0.342836,0.013763,0.977997,0.009193,0.332031,0.010894,0.138221,0.005236,4.483363,0.042388
CRL,45,0,53000,actor,10.938910050317645,True,0.261899,0.032261,0.93372,0.015729,0.236719,0.033156,0.188205,0.026565,4.230757,0.12004
CRL,45,1,53000,actor,10.938910050317645,True,0.278881,0.02595,0.946327,0.018379,0.257422,0.025211,0.17388,0.017997,4.291232,0.091192
CRL,45,2,53000,actor,10.938910050317645,True,0.247212,0.032482,0.929543,0.01729,0.222266,0.027154,0.198954,0.027136,4.173788,0.132583
CRL,45,3,53000,actor,10.938910050317645,True,0.304724,0.03902,0.954504,0.017646,0.284766,0.038777,0.159652,0.021066,4.372008,0.127007
CRL,45,4,53000,actor,10.938910050317645,True,0.255823,0.025662,0.941574,0.027817,0.233984,0.022811,0.190179,0.018535,4.206291,0.102834
CRL,46,0,53000,actor,4.287872454151511,True,0.233908,0.016602,0.834766,0.034283,0.180078,0.019614,0.218936,0.017271,4.172706,0.06841
CRL,46,1,53000,actor,4.287872454151511,True,0.237161,0.014861,0.831878,0.027722,0.18125,0.014754,0.216118,0.015066,4.187197,0.055739
CRL,46,2,53000,actor,4.287872454151511,True,0.241027,0.018231,0.846988,0.03762,0.188672,0.02132,0.212139,0.017568,4.203135,0.067093
CRL,46,3,53000,actor,4.287872454151511,True,0.236019,0.019341,0.839872,0.064524,0.182422,0.028826,0.218425,0.019959,4.183599,0.076412
CRL,46,4,53000,actor,4.287872454151511,True,0.240133,0.018331,0.82864,0.044107,0.18125,0.01834,0.215571,0.017164,4.204242,0.071794
CRL,47,0,53000,actor,19.57641148008406,True,1.0,0.0,0.0,0.0,0.0,0.0,0.046875,0.0,5.545177,0.0
CRL,47,1,53000,actor,19.57641148008406,True,1.0,0.0,0.0,0.0,0.0,0.0,0.046875,0.0,5.545177,0.0
CRL,47,2,53000,actor,19.57641148008406,True,1.0,0.0,0.0,0.0,0.0,0.0,0.046875,0.0,5.545177,0.0
CRL,47,3,53000,actor,19.57641148008406,True,1.0,0.0,0.0,0.0,0.0,0.0,0.046875,0.0,5.545177,0.0
CRL,47,4,53000,actor,19.57641148008406,True,1.0,0.0,0.0,0.0,0.0,0.0,0.046875,0.0,5.545177,0.0
CRL,48,0,53000,actor,20.449952697381377,True,0.323887,0.021537,0.972582,0.008409,0.310156,0.022189,0.147667,0.010623,4.432504,0.066178
CRL,48,1,53000,actor,20.449952697381377,True,0.329844,0.018808,0.968683,0.014318,0.315234,0.018783,0.14451,0.009038,4.447152,0.05832
CRL,48,2,53000,actor,20.449952697381377,True,0.335792,0.019707,0.972887,0.012974,0.321875,0.020272,0.14217,0.008817,4.467856,0.058146
CRL,48,3,53000,actor,20.449952697381377,True,0.328474,0.027881,0.972568,0.007582,0.314844,0.027201,0.145762,0.012536,4.444679,0.082595
CRL,48,4,53000,actor,20.449952697381377,True,0.339041,0.027153,0.973549,0.007373,0.325391,0.027254,0.141179,0.012454,4.474421,0.081233
CRL,49,0,53000,actor,5.286155948415399,True,1.0,0.0,1.0,0.0,1.0,0.0,0.046875,0.0,5.545177,0.0
CRL,49,1,53000,actor,5.286155948415399,True,1.0,0.0,0.0,0.0,0.0,0.0,0.046875,0.0,5.545177,0.0
CRL,49,2,53000,actor,5.286155948415399,True,1.0,0.0,0.0,0.0,0.0,0.0,0.046875,0.0,5.545177,0.0
CRL,49,3,53000,actor,5.286155948415399,True,1.0,0.0,1.0,0.0,1.0,0.0,0.046875,0.0,5.545177,0.0
CRL,49,4,53000,actor,5.286155948415399,True,1.0,0.0,0.0,0.0,0.0,0.0,0.046875,0.0,5.545177,0.0
CRL,50,0,53000,actor,9.941084431484342,True,0.300631,0.013999,0.930861,0.023363,0.270312,0.017547,0.161866,0.008153,4.377481,0.044301
CRL,50,1,53000,actor,9.941084431484342,True,0.297973,0.014516,0.933684,0.018204,0.269141,0.01722,0.163099,0.008801,4.368435,0.045432
CRL,50,2,53000,actor,9.941084431484342,True,0.298416,0.014739,0.926734,0.02939,0.266797,0.017763,0.163284,0.008695,4.371511,0.047511
CRL,50,3,53000,actor,9.941084431484342,True,0.300997,0.014029,0.932758,0.019964,0.271484,0.015543,0.161446,0.008244,4.376265,0.043133
CRL,50,4,53000,actor,9.941084431484342,True,0.302481,0.011938,0.927847,0.024289,0.269922,0.018999,0.161606,0.007796,4.385569,0.03843
CRL,51,0,53000,actor,25.23145350627601,True,0.206979,0.014525,0.704076,0.047189,0.121875,0.01424,0.272728,0.022307,4.121544,0.059298
CRL,51,1,53000,actor,25.23145350627601,True,0.006806,0.003666,0.098583,0.311748,0.000391,0.001235,0.996441,0.003946,0.698828,0.482556
CRL,51,2,53000,actor,25.23145350627601,True,0.131527,0.023487,0.710733,0.074068,0.080078,0.02069,0.435712,0.089923,3.675908,0.135293
CRL,51,3,53000,actor,25.23145350627601,True,0.139585,0.019155,0.870636,0.03498,0.112891,0.016206,0.367596,0.048483,3.638596,0.120425
CRL,51,4,53000,actor,25.23145350627601,True,0.036262,0.006741,0.742256,0.126275,0.023047,0.007469,0.960127,0.017978,2.405782,0.180638
CRL,52,0,53000,actor,29.949358077719808,True,0.34387,0.014855,0.980161,0.011485,0.333594,0.012916,0.137921,0.005795,4.486419,0.044528
CRL,52,1,53000,actor,29.949358077719808,True,0.336436,0.015182,0.980991,0.010808,0.326562,0.014406,0.141058,0.006378,4.467085,0.046671
CRL,52,2,53000,actor,29.949358077719808,True,0.345374,0.022737,0.977699,0.007845,0.333984,0.020854,0.137707,0.008702,4.490434,0.06602
CRL,52,3,53000,actor,29.949358077719808,True,0.338658,0.01804,0.985205,0.006673,0.330469,0.016695,0.140088,0.0076,4.47173,0.052687
CRL,52,4,53000,actor,29.949358077719808,True,0.343457,0.015736,0.978728,0.008141,0.332422,0.013835,0.138245,0.00636,4.486655,0.047302
CRL,53,0,53000,actor,14.53630710951984,True,0.27354,0.033406,0.953218,0.016699,0.255078,0.032109,0.177885,0.024428,4.261296,0.12441
CRL,53,1,53000,actor,14.53630710951984,True,0.303867,0.02626,0.962046,0.016819,0.287109,0.026953,0.158257,0.014284,4.367719,0.084016
CRL,53,2,53000,actor,14.53630710951984,True,0.29861,0.031063,0.963051,0.009759,0.282422,0.02793,0.16136,0.017139,4.349973,0.106341
CRL,53,3,53000,actor,14.53630710951984,True,0.297908,0.041139,0.95741,0.015416,0.279297,0.039889,0.163609,0.023384,4.346066,0.138517
CRL,53,4,53000,actor,14.53630710951984,True,0.302083,0.021284,0.967779,0.014572,0.287109,0.018066,0.158605,0.010856,4.365245,0.073896
CRL,54,0,53000,actor,0.6758412625640631,True,0.116666,0.085137,0.100073,0.11177,0.002344,0.002731,0.509113,0.113518,4.182916,0.363916
CRL,54,1,53000,actor,0.6758412625640631,True,0.109982,0.060816,0.096339,0.11031,0.002344,0.002731,0.505472,0.10261,4.201226,0.33128
CRL,54,2,53000,actor,0.6758412625640631,True,0.111891,0.06009,0.110007,0.130303,0.002734,0.003216,0.505908,0.102579,4.205489,0.321444
CRL,54,3,53000,actor,0.6758412625640631,True,0.108902,0.067812,0.08007,0.109117,0.001953,0.002762,0.5133,0.107365,4.171374,0.343431
CRL,54,4,53000,actor,0.6758412625640631,True,0.121148,0.070804,0.076526,0.106277,0.001953,0.002762,0.498286,0.113172,4.22431,0.359581
CRL,55,0,53000,actor,15.746253216639161,True,1.0,0.0,0.0,0.0,0.0,0.0,0.046875,0.0,5.545177,0.0
CRL,55,1,53000,actor,15.746253216639161,True,1.0,0.0,1.0,0.0,1.0,0.0,0.046875,0.0,5.545177,0.0
CRL,55,2,53000,actor,15.746253216639161,True,0.404967,0.025678,0.884257,0.023856,0.338672,0.02744,0.122933,0.007911,4.693958,0.056706
CRL,55,3,53000,actor,15.746253216639161,True,1.0,0.0,1.0,0.0,1.0,0.0,0.046875,0.0,5.545177,0.0
CRL,55,4,53000,actor,15.746253216639161,True,1.0,0.0,0.0,0.0,0.0,0.0,0.046875,0.0,5.545177,0.0
CRL,56,0,53000,actor,18.20769335143268,True,0.32941,0.012241,0.961959,0.016593,0.310938,0.012516,0.145196,0.005351,4.451395,0.038315
CRL,56,1,53000,actor,18.20769335143268,True,0.32833,0.012487,0.964501,0.020019,0.311328,0.01563,0.145471,0.006024,4.447616,0.038502
CRL,56,2,53000,actor,18.20769335143268,True,0.327313,0.012016,0.963368,0.018484,0.309375,0.013755,0.146162,0.005438,4.44651,0.038272
CRL,56,3,53000,actor,18.20769335143268,True,0.326593,0.010053,0.963324,0.019081,0.308984,0.013079,0.146304,0.004771,4.443237,0.031953
CRL,56,4,53000,actor,18.20769335143268,True,0.332173,0.011296,0.961067,0.022189,0.313281,0.014476,0.143984,0.004958,4.459278,0.036502
CRL,57,0,53000,actor,2.9026847798377275,True,0.158099,0.017063,0.753213,0.055294,0.103516,0.020608,0.348816,0.045365,3.845131,0.09894
CRL,57,1,53000,actor,2.9026847798377275,True,0.187488,0.015688,0.779631,0.062981,0.129297,0.022055,0.286715,0.028751,3.997512,0.07114
CRL,57,2,53000,actor,2.9026847798377275,True,0.169319,0.024169,0.785712,0.047163,0.117969,0.020489,0.31907,0.047085,3.891327,0.131821
CRL,57,3,53000,actor,2.9026847798377275,True,0.183823,0.033242,0.777222,0.026446,0.125391,0.02151,0.298671,0.054217,3.969045,0.162418
CRL,57,4,53000,actor,2.9026847798377275,True,0.169685,0.01977,0.785952,0.05035,0.117578,0.017318,0.317889,0.037675,3.903834,0.093295
CRL,58,0,53000,actor,11.37195655144751,True,0.305011,0.018813,0.93791,0.023945,0.277734,0.022736,0.15906,0.010826,4.386023,0.057641
CRL,58,1,53000,actor,11.37195655144751,True,0.30448,0.015078,0.950954,0.019474,0.282031,0.015712,0.158416,0.007821,4.383423,0.049638
CRL,58,2,53000,actor,11.37195655144751,True,0.308146,0.019932,0.940688,0.015029,0.28125,0.021156,0.157538,0.011476,4.397879,0.062676
CRL,58,3,53000,actor,11.37195655144751,True,0.306324,0.021301,0.945436,0.020539,0.281641,0.019956,0.158032,0.011273,4.389976,0.0671
CRL,58,4,53000,actor,11.37195655144751,True,0.309744,0.015676,0.940741,0.020088,0.282422,0.014622,0.156486,0.008188,4.401837,0.054213
CRL,59,0,53000,actor,26.55039637349546,True,1.0,0.0,0.0,0.0,0.0,0.0,0.046875,0.0,5.545177,0.0
CRL,59,1,53000,actor,26.55039637349546,True,1.0,0.0,0.0,0.0,0.0,0.0,0.046875,0.0,5.545177,0.0
CRL,59,2,53000,actor,26.55039637349546,True,1.0,0.0,1.0,0.0,1.0,0.0,0.046875,0.0,5.545177,0.0
CRL,59,3,53000,actor,26.55039637349546,True,1.0,0.0,0.0,0.0,0.0,0.0,0.046875,0.0,5.545177,0.0
CRL,59,4,53000,actor,26.55039637349546,True,1.0,0.0,1.0,0.0,1.0,0.0,0.046875,0.0,5.545177,0.0
CRL,60,0,53000,actor,23.70830417610705,True,0.324111,0.020821,0.975686,0.011955,0.3125,0.020339,0.146922,0.009877,4.4288,0.06635
CRL,60,1,53000,actor,23.70830417610705,True,0.324397,0.021936,0.979468,0.009447,0.313672,0.018234,0.146884,0.009879,4.430674,0.070272
CRL,60,2,53000,actor,23.70830417610705,True,0.333026,0.026272,0.974078,0.010078,0.319922,0.026458,0.143596,0.011874,4.455496,0.079054
CRL,60,3,53000,actor,23.70830417610705,True,0.329499,0.039826,0.982918,0.006422,0.321094,0.039528,0.145464,0.017932,4.438557,0.118872
CRL,60,4,53000,actor,23.70830417610705,True,0.340969,0.030137,0.982362,0.009598,0.332031,0.027001,0.139554,0.011913,4.475195,0.089765
CRL,61,0,53000,actor,8.65254602394998,True,0.264689,0.017315,0.8046,0.04726,0.189453,0.017686,0.200045,0.014377,4.337611,0.059851
CRL,61,1,53000,actor,8.65254602394998,True,1.0,0.0,0.0,0.0,0.0,0.0,0.046875,0.0,5.545177,0.0
CRL,61,2,53000,actor,8.65254602394998,True,1.0,0.0,0.0,0.0,0.0,0.0,0.046875,0.0,5.545177,0.0
CRL,61,3,53000,actor,8.65254602394998,True,1.0,0.0,0.0,0.0,0.0,0.0,0.046875,0.0,5.545177,0.0
CRL,61,4,53000,actor,8.65254602394998,True,1.0,0.0,0.0,0.0,0.0,0.0,0.046875,0.0,5.545177,0.0
CRL,62,0,53000,actor,5.63721570186317,True,0.257878,0.016781,0.888309,0.025128,0.215234,0.015011,0.194189,0.012655,4.25428,0.060687
CRL,62,1,53000,actor,5.63721570186317,True,0.257149,0.015648,0.894086,0.018569,0.216797,0.018437,0.194289,0.012983,4.249418,0.054215
CRL,62,2,53000,actor,5.63721570186317,True,0.2587,0.017127,0.889257,0.024494,0.216406,0.018524,0.193603,0.013549,4.257073,0.063076
CRL,62,3,53000,actor,5.63721570186317,True,0.257541,0.019357,0.891109,0.022145,0.215234,0.017121,0.195068,0.014803,4.252379,0.068176
CRL,62,4,53000,actor,5.63721570186317,True,0.261211,0.016504,0.883972,0.014269,0.217188,0.017967,0.191795,0.013808,4.265401,0.055818
CRL,63,0,53000,actor,21.03560929186642,True,0.275861,0.036277,0.976377,0.013473,0.266016,0.036059,0.175144,0.02552,4.263224,0.135461
CRL,63,1,53000,actor,21.03560929186642,True,0.304441,0.03295,0.975069,0.015749,0.29375,0.03488,0.157621,0.019248,4.362722,0.110865
CRL,63,2,53000,actor,21.03560929186642,True,0.290123,0.033349,0.974487,0.012513,0.278906,0.03336,0.165842,0.01939,4.316253,0.112534
CRL,63,3,53000,actor,21.03560929186642,True,0.297094,0.036263,0.975979,0.010217,0.285938,0.036635,0.162659,0.023251,4.338731,0.125974
CRL,63,4,53000,actor,21.03560929186642,True,0.298849,0.026667,0.976764,0.009932,0.288672,0.025412,0.159745,0.01459,4.345765,0.09081
GCIQL,0,0,845714,actor,2.5038345716893673,True,0.101993,0.11456,0.165063,0.181634,0.002344,0.002731,0.529167,0.142844,4.002269,0.589967
GCIQL,0,1,845714,actor,2.5038345716893673,True,0.082168,0.090659,0.238911,0.224708,0.003516,0.003884,0.544574,0.139495,3.9321,0.578773
GCIQL,0,2,845714,actor,2.5038345716893673,True,0.08144,0.070831,0.186892,0.167174,0.002734,0.002637,0.529051,0.122855,4.022971,0.488015
GCIQL,0,3,845714,actor,2.5038345716893673,True,0.081805,0.097947,0.174718,0.155236,0.002344,0.002017,0.535771,0.120613,3.987802,0.473277
GCIQL,0,4,845714,actor,2.5038345716893673,True,0.085061,0.085225,0.152415,0.165591,0.001953,0.002059,0.532188,0.126739,4.009818,0.509406
GCIQL,1,0,845714,actor,27.306789346039295,True,0.221102,0.019934,0.892507,0.0247,0.185938,0.019154,0.226896,0.021491,4.088802,0.087108
GCIQL,1,1,845714,actor,27.306789346039295,True,0.200983,0.02236,0.882498,0.03151,0.167188,0.02106,0.250473,0.028721,3.994239,0.108729
GCIQL,1,2,845714,actor,27.306789346039295,True,0.186978,0.01836,0.901931,0.014501,0.158984,0.01668,0.26847,0.027564,3.930125,0.082995
GCIQL,1,3,845714,actor,27.306789346039295,True,0.214828,0.030914,0.883325,0.035113,0.177734,0.027204,0.237825,0.037083,4.06492,0.141149
GCIQL,1,4,845714,actor,27.306789346039295,True,0.165631,0.020912,0.876243,0.066348,0.136328,0.020293,0.305951,0.040234,3.803269,0.124407
GCIQL,2,0,845714,actor,17.588115110993385,True,0.099378,0.017577,0.76501,0.091467,0.067188,0.020323,0.555683,0.1091,3.385512,0.130837
GCIQL,2,1,845714,actor,17.588115110993385,True,0.101166,0.017397,0.772372,0.097428,0.069531,0.021694,0.544057,0.107688,3.400628,0.127583
GCIQL,2,2,845714,actor,17.588115110993385,True,0.099806,0.018918,0.766667,0.099677,0.067969,0.022493,0.552924,0.115684,3.386645,0.14023
GCIQL,2,3,845714,actor,17.588115110993385,True,0.099067,0.018699,0.761524,0.093944,0.066797,0.021352,0.559318,0.116628,3.383413,0.142323
GCIQL,2,4,845714,actor,17.588115110993385,True,0.098417,0.018373,0.755384,0.088994,0.066016,0.021032,0.558084,0.112463,3.378426,0.137685
GCIQL,3,0,845714,actor,12.457094807177782,True,0.040206,0.012817,0.795695,0.086631,0.028125,0.00917,0.945985,0.043967,2.442704,0.340796
GCIQL,3,1,845714,actor,12.457094807177782,True,0.176562,0.023051,0.767524,0.063016,0.119141,0.023956,0.310434,0.049524,3.94222,0.116268
GCIQL,3,2,845714,actor,12.457094807177782,True,0.11027,0.011932,0.744796,0.056779,0.070312,0.013021,0.506888,0.068358,3.504906,0.099503
GCIQL,3,3,845714,actor,12.457094807177782,True,0.059607,0.017953,0.719203,0.094491,0.0375,0.014982,0.836113,0.132622,2.865733,0.232261
GCIQL,3,4,845714,actor,12.457094807177782,True,0.121312,0.021028,0.745871,0.068519,0.078516,0.020951,0.46641,0.093913,3.584672,0.157719
GCIQL,4,0,845714,actor,7.593718282878399,True,0.055698,0.011175,0.57976,0.076192,0.023438,0.007592,0.809471,0.038015,3.10623,0.112012
GCIQL,4,1,845714,actor,7.593718282878399,True,0.054891,0.010417,0.580375,0.092287,0.023047,0.00791,0.81286,0.039459,3.099869,0.110561
GCIQL,4,2,845714,actor,7.593718282878399,True,0.05389,0.010494,0.565961,0.103957,0.021875,0.007412,0.815127,0.038071,3.082768,0.121218
GCIQL,4,3,845714,actor,7.593718282878399,True,0.054743,0.011302,0.576933,0.092638,0.022656,0.00732,0.812348,0.037419,3.091918,0.124503
GCIQL,4,4,845714,actor,7.593718282878399,True,0.053919,0.010934,0.569242,0.089912,0.022266,0.007377,0.821236,0.039894,3.072205,0.127503
GCIQL,5,0,845714,actor,22.099731545895338,True,0.071301,0.014897,0.857867,0.056865,0.05625,0.010286,0.725315,0.133268,2.96745,0.220952
GCIQL,5,1,845714,actor,22.099731545895338,True,0.143102,0.025871,0.849868,0.034171,0.112109,0.023003,0.367344,0.066205,3.677019,0.154638
GCIQL,5,2,845714,actor,22.099731545895338,True,0.109165,0.019076,0.832364,0.05454,0.082812,0.02122,0.49451,0.107269,3.429322,0.158564
GCIQL,5,3,845714,actor,22.099731545895338,True,0.149594,0.01696,0.837996,0.050067,0.114453,0.01403,0.34669,0.035964,3.729079,0.113208
GCIQL,5,4,845714,actor,22.099731545895338,True,0.167792,0.020205,0.865379,0.016955,0.135156,0.014406,0.303349,0.03415,3.825296,0.111297
GCIQL,6,0,845714,actor,22.9123810864985,True,0.092639,0.012005,0.810522,0.087248,0.067969,0.013304,0.571073,0.084488,3.263258,0.137388
GCIQL,6,1,845714,actor,22.9123810864985,True,0.129388,0.017447,0.825358,0.044401,0.096484,0.014965,0.408869,0.059992,3.59987,0.128589
GCIQL,6,2,845714,actor,22.9123810864985,True,0.097239,0.014013,0.809565,0.050945,0.070312,0.012075,0.553248,0.097703,3.321529,0.141402
GCIQL,6,3,845714,actor,22.9123810864985,True,0.133202,0.013562,0.803688,0.066505,0.096484,0.01668,0.39721,0.046393,3.633067,0.098455
GCIQL,6,4,845714,actor,22.9123810864985,True,0.115647,0.01545,0.839803,0.065997,0.087891,0.010933,0.453284,0.061099,3.48415,0.128344
GCIQL,7,0,845714,actor,7.484433352947235,True,0.061061,0.006594,0.594227,0.104402,0.026953,0.008327,0.794285,0.019596,3.196982,0.037791
GCIQL,7,1,845714,actor,7.484433352947235,True,0.054835,0.007531,0.559804,0.097621,0.021875,0.005273,0.821897,0.035838,3.07428,0.118784
GCIQL,7,2,845714,actor,7.484433352947235,True,0.04908,0.006306,0.52729,0.100879,0.017578,0.0056,0.8174,0.036795,3.023512,0.117185
GCIQL,7,3,845714,actor,7.484433352947235,True,0.063896,0.00659,0.492097,0.134492,0.021094,0.008276,0.766192,0.044561,3.275685,0.105971
GCIQL,7,4,845714,actor,7.484433352947235,True,0.05651,0.008288,0.578704,0.06115,0.023828,0.007,0.812074,0.029411,3.107288,0.102759
GCIQL,8,0,845714,actor,5.261983489617705,True,0.043419,0.005537,0.469017,0.181618,0.013281,0.007412,0.784075,0.050469,3.14863,0.131104
GCIQL,8,1,845714,actor,5.261983489617705,True,0.043582,0.00572,0.465272,0.18005,0.013281,0.007412,0.784456,0.052944,3.150071,0.137668
GCIQL,8,2,845714,actor,5.261983489617705,True,0.042806,0.005545,0.475944,0.185433,0.013281,0.007412,0.785526,0.050214,3.137424,0.135151
GCIQL,8,3,845714,actor,5.261983489617705,True,0.043808,0.005784,0.471223,0.186019,0.013281,0.007412,0.781456,0.050834,3.161418,0.14094
GCIQL,8,4,845714,actor,5.261983489617705,True,0.043217,0.005748,0.462722,0.172558,0.012891,0.006902,0.786533,0.050609,3.14264,0.131549
GCIQL,9,0,845714,actor,24.46282052434981,True,0.069528,0.019653,0.875391,0.06168,0.05625,0.017195,0.76283,0.178995,2.933548,0.269232
GCIQL,9,1,845714,actor,24.46282052434981,True,0.203823,0.02394,0.884544,0.040104,0.170312,0.026442,0.248915,0.039815,4.011985,0.109973
GCIQL,9,2,845714,actor,24.46282052434981,True,0.198787,0.019163,0.873296,0.02634,0.163672,0.01672,0.252355,0.025798,3.980874,0.098725
GCIQL,9,3,845714,actor,24.46282052434981,True,0.158228,0.015714,0.879668,0.045653,0.129297,0.01631,0.323212,0.040535,3.775519,0.104223
GCIQL,9,4,845714,actor,24.46282052434981,True,0.145066,0.025002,0.900224,0.028389,0.123828,0.023077,0.349854,0.055538,3.662845,0.159669
GCIQL,10,0,845714,actor,20.58774475939572,True,0.111247,0.012083,0.811697,0.028897,0.08125,0.010706,0.474559,0.054683,3.462173,0.102982
GCIQL,10,1,845714,actor,20.58774475939572,True,0.107376,0.013996,0.811904,0.074618,0.078906,0.015712,0.495648,0.083311,3.4245,0.115257
GCIQL,10,2,845714,actor,20.58774475939572,True,0.108901,0.016172,0.816489,0.029624,0.080078,0.015324,0.493464,0.096366,3.441848,0.131102
GCIQL,10,3,845714,actor,20.58774475939572,True,0.110775,0.014752,0.795879,0.057436,0.078906,0.01745,0.488373,0.086106,3.466012,0.120134
GCIQL,10,4,845714,actor,20.58774475939572,True,0.107418,0.015434,0.775304,0.110181,0.075,0.019383,0.50277,0.088326,3.432686,0.129761
GCIQL,11,0,845714,actor,9.83997325412929,True,0.146795,0.010238,0.642595,0.068746,0.075781,0.011529,0.401027,0.035407,3.82297,0.059465
GCIQL,11,1,845714,actor,9.83997325412929,True,0.070026,0.014082,0.662513,0.113551,0.037109,0.013183,0.759739,0.078272,3.179747,0.141331
GCIQL,11,2,845714,actor,9.83997325412929,True,0.086968,0.012453,0.645166,0.099613,0.04375,0.009709,0.667812,0.060159,3.371864,0.101739
GCIQL,11,3,845714,actor,9.83997325412929,True,0.102479,0.017992,0.617524,0.05554,0.048438,0.010119,0.602348,0.093368,3.535845,0.14404
GCIQL,11,4,845714,actor,9.83997325412929,True,0.119627,0.01826,0.645832,0.058783,0.060938,0.010769,0.507787,0.080947,3.671819,0.127402
GCIQL,12,0,845714,actor,14.234598884359002,True,0.066659,0.012529,0.754356,0.056628,0.042969,0.0115,0.784182,0.093714,3.026762,0.14486
GCIQL,12,1,845714,actor,14.234598884359002,True,0.098946,0.012504,0.707887,0.091894,0.058984,0.01065,0.569075,0.07643,3.41754,0.119154
GCIQL,12,2,845714,actor,14.234598884359002,True,0.083687,0.011963,0.740416,0.049855,0.051953,0.009398,0.66674,0.08354,3.263469,0.13103
GCIQL,12,3,845714,actor,14.234598884359002,True,0.096676,0.012094,0.727999,0.070003,0.059766,0.013157,0.580909,0.084701,3.406917,0.101061
GCIQL,12,4,845714,actor,14.234598884359002,True,0.095185,0.01255,0.704063,0.050895,0.055859,0.011056,0.597809,0.086385,3.389503,0.118655
GCIQL,13,0,845714,actor,15.607377430424094,True,0.138671,0.011627,0.760354,0.045955,0.091797,0.014411,0.395009,0.049487,3.706489,0.0651
GCIQL,13,1,845714,actor,15.607377430424094,True,0.169381,0.018265,0.769036,0.056157,0.112891,0.017513,0.32414,0.038823,3.917165,0.104617
GCIQL,13,2,845714,actor,15.607377430424094,True,0.091952,0.010548,0.74531,0.041328,0.058984,0.006231,0.597159,0.058716,3.31241,0.117396
GCIQL,13,3,845714,actor,15.607377430424094,True,0.107449,0.015111,0.771657,0.05616,0.072656,0.012784,0.509195,0.08043,3.456378,0.123474
GCIQL,13,4,845714,actor,15.607377430424094,True,0.111843,0.013288,0.757714,0.072963,0.073438,0.015162,0.496761,0.074587,3.520562,0.109002
GCIQL,14,0,845714,actor,29.325977889820933,True,0.130925,0.015243,0.86797,0.048283,0.105859,0.016101,0.390966,0.054336,3.58648,0.111016
GCIQL,14,1,845714,actor,29.325977889820933,True,0.12544,0.016973,0.864777,0.042711,0.100781,0.018211,0.412552,0.064348,3.55009,0.124535
GCIQL,14,2,845714,actor,29.325977889820933,True,0.122851,0.016881,0.848166,0.0616,0.096875,0.019383,0.421617,0.065128,3.526826,0.127312
GCIQL,14,3,845714,actor,29.325977889820933,True,0.126204,0.016695,0.874116,0.050203,0.102344,0.015384,0.407757,0.061183,3.552092,0.12788
GCIQL,14,4,845714,actor,29.325977889820933,True,0.125333,0.01677,0.854721,0.041298,0.099219,0.01834,0.414402,0.066083,3.547928,0.124923
GCIQL,15,0,845714,actor,0.7501338142901659,True,0.710517,0.094958,0.0,0.0,0.0,0.0,0.125874,0.019549,5.388057,0.034765
GCIQL,15,1,845714,actor,0.7501338142901659,True,0.757173,0.088411,0.0,0.0,0.0,0.0,0.119511,0.015914,5.411853,0.027342
GCIQL,15,2,845714,actor,0.7501338142901659,True,0.606372,0.334615,0.0,0.0,0.0,0.0,0.151715,0.076844,5.289389,0.239618
GCIQL,15,3,845714,actor,0.7501338142901659,True,0.705321,0.156273,0.0,0.0,0.0,0.0,0.130313,0.032157,5.395252,0.058572
GCIQL,15,4,845714,actor,0.7501338142901659,True,0.709058,0.24408,0.032908,0.104065,0.000391,0.001235,0.14338,0.088876,5.308042,0.362612
GCIQL,16,0,845714,actor,1.4433530252426863,True,0.305315,0.233385,0.070199,0.148101,0.000781,0.001647,0.289554,0.109329,4.882131,0.460971
GCIQL,16,1,845714,actor,1.4433530252426863,True,0.282905,0.22798,0.036676,0.11598,0.000391,0.001235,0.294682,0.105507,4.864066,0.440169
GCIQL,16,2,845714,actor,1.4433530252426863,True,0.284889,0.231681,0.072014,0.151897,0.000781,0.001647,0.295111,0.108989,4.855087,0.467176
GCIQL,16,3,845714,actor,1.4433530252426863,True,0.285877,0.229315,0.071494,0.150797,0.000781,0.001647,0.291108,0.105504,4.868556,0.458641
GCIQL,16,4,845714,actor,1.4433530252426863,True,0.29541,0.227026,0.071491,0.150815,0.000781,0.001647,0.291027,0.107641,4.872222,0.46615
GCIQL,17,0,845714,actor,28.128746571019292,True,0.18719,0.025863,0.906207,0.023064,0.160938,0.017929,0.267322,0.034087,3.910026,0.133953
GCIQL,17,1,845714,actor,28.128746571019292,True,0.060054,0.009957,0.87047,0.049526,0.048828,0.011683,0.830184,0.111316,2.804295,0.144683
GCIQL,17,2,845714,actor,28.128746571019292,True,0.165025,0.025223,0.888298,0.035021,0.138281,0.024924,0.308777,0.049485,3.799635,0.13484
GCIQL,17,3,845714,actor,28.128746571019292,True,0.075961,0.016667,0.888497,0.0405,0.063281,0.016346,0.684369,0.149068,3.026513,0.20501
GCIQL,17,4,845714,actor,28.128746571019292,True,0.13062,0.024818,0.867213,0.042003,0.104688,0.018211,0.401856,0.089126,3.568642,0.185391
GCIQL,18,0,845714,actor,16.769447335973382,True,0.092931,0.012114,0.776945,0.048705,0.063281,0.012325,0.590252,0.096352,3.321331,0.106367
GCIQL,18,1,845714,actor,16.769447335973382,True,0.102072,0.011297,0.744955,0.089776,0.066406,0.014616,0.537836,0.081588,3.411765,0.09637
GCIQL,18,2,845714,actor,16.769447335973382,True,0.130962,0.015038,0.745033,0.057397,0.084375,0.013927,0.42233,0.063309,3.657495,0.110329
GCIQL,18,3,845714,actor,16.769447335973382,True,0.109232,0.012884,0.736056,0.054753,0.069531,0.013755,0.508513,0.079518,3.490661,0.108615
GCIQL,18,4,845714,actor,16.769447335973382,True,0.121744,0.015933,0.750733,0.047468,0.078125,0.013406,0.46258,0.083065,3.599473,0.121189
GCIQL,19,0,845714,actor,13.505988260731101,True,0.10828,0.010157,0.708446,0.084933,0.064453,0.013183,0.525014,0.068837,3.518733,0.060491
GCIQL,19,1,845714,actor,13.505988260731101,True,0.16769,0.015759,0.713939,0.048637,0.101562,0.016776,0.335443,0.04073,3.926022,0.080552
GCIQL,19,2,845714,actor,13.505988260731101,True,0.075996,0.011193,0.719014,0.089454,0.046875,0.012758,0.708307,0.088945,3.157262,0.103216
GCIQL,19,3,845714,actor,13.505988260731101,True,0.103542,0.009531,0.717523,0.064453,0.061719,0.008398,0.550294,0.058065,3.470589,0.078329
GCIQL,19,4,845714,actor,13.505988260731101,True,0.097349,0.016271,0.717982,0.118838,0.058984,0.016413,0.587634,0.104306,3.399709,0.145791
GCIQL,20,0,845714,actor,10.517584132030606,True,0.071807,0.011748,0.688853,0.10906,0.040625,0.013304,0.746181,0.062044,3.206097,0.086221
GCIQL,20,1,845714,actor,10.517584132030606,True,0.068071,0.011811,0.649219,0.095516,0.035156,0.010086,0.778772,0.045895,3.160868,0.104651
GCIQL,20,2,845714,actor,10.517584132030606,True,0.070307,0.013295,0.662065,0.096965,0.037109,0.011536,0.760538,0.064452,3.189565,0.114534
GCIQL,20,3,845714,actor,10.517584132030606,True,0.071756,0.013839,0.644243,0.104727,0.036719,0.011079,0.754982,0.063621,3.206008,0.118595
GCIQL,20,4,845714,actor,10.517584132030606,True,0.069086,0.013948,0.684969,0.102204,0.038281,0.010384,0.769158,0.067829,3.167176,0.124589
GCIQL,21,0,845714,actor,19.406035942956805,True,0.097865,0.014424,0.806905,0.064947,0.070703,0.01722,0.556681,0.106411,3.342961,0.118231
GCIQL,21,1,845714,actor,19.406035942956805,True,0.057673,0.013403,0.838258,0.100769,0.044531,0.01238,0.855441,0.122011,2.767081,0.233876
GCIQL,21,2,845714,actor,19.406035942956805,True,0.082186,0.015134,0.800599,0.103862,0.059766,0.01403,0.645807,0.107954,3.140363,0.172523
GCIQL,21,3,845714,actor,19.406035942956805,True,0.061985,0.013269,0.784648,0.077155,0.043359,0.012684,0.808679,0.097515,2.882388,0.200228
GCIQL,21,4,845714,actor,19.406035942956805,True,0.133258,0.023859,0.871899,0.045245,0.107812,0.021411,0.39424,0.087217,3.60174,0.186035
GCIQL,22,0,845714,actor,25.609310483559966,True,0.119947,0.015966,0.842749,0.067673,0.092969,0.018579,0.434892,0.064056,3.515544,0.120251
GCIQL,22,1,845714,actor,25.609310483559966,True,0.118601,0.016813,0.858157,0.067289,0.094141,0.019088,0.439527,0.072665,3.506159,0.124108
GCIQL,22,2,845714,actor,25.609310483559966,True,0.118355,0.017166,0.837063,0.080975,0.091797,0.021651,0.44381,0.080523,3.50137,0.126879
GCIQL,22,3,845714,actor,25.609310483559966,True,0.120412,0.017843,0.827793,0.074612,0.091016,0.019579,0.439201,0.07587,3.520923,0.13197
GCIQL,22,4,845714,actor,25.609310483559966,True,0.116635,0.016886,0.825681,0.065452,0.088281,0.020686,0.454323,0.081275,3.494408,0.127673
GCIQL,23,0,845714,actor,4.5489242020994425,True,0.060863,0.00926,0.350361,0.135432,0.010938,0.005463,0.68743,0.057835,3.508828,0.161209
GCIQL,23,1,845714,actor,4.5489242020994425,True,0.031358,0.00631,0.424299,0.17572,0.007812,0.004872,0.794921,0.056123,2.937395,0.245144
GCIQL,23,2,845714,actor,4.5489242020994425,True,0.05695,0.014736,0.390055,0.183049,0.011719,0.00689,0.698811,0.08093,3.453247,0.246719
GCIQL,23,3,845714,actor,4.5489242020994425,True,0.049262,0.023028,0.375382,0.212648,0.009375,0.006163,0.777192,0.089109,3.154111,0.352583
GCIQL,23,4,845714,actor,4.5489242020994425,True,0.094464,0.012655,0.422429,0.119919,0.024219,0.009709,0.635946,0.044519,3.721864,0.094488
GCIQL,24,0,845714,actor,6.318172607570887,True,0.053164,0.006673,0.498248,0.112475,0.017578,0.006445,0.786922,0.039028,3.192519,0.076798
GCIQL,24,1,845714,actor,6.318172607570887,True,0.044893,0.005491,0.54218,0.105274,0.016797,0.00554,0.835531,0.023892,2.988967,0.099446
GCIQL,24,2,845714,actor,6.318172607570887,True,0.045628,0.004599,0.440899,0.138811,0.0125,0.004802,0.799079,0.027185,3.100524,0.089651
GCIQL,24,3,845714,actor,6.318172607570887,True,0.052671,0.00744,0.476482,0.162826,0.016406,0.007769,0.777644,0.046015,3.201862,0.116682
GCIQL,24,4,845714,actor,6.318172607570887,True,0.042209,0.006737,0.596013,0.144764,0.017969,0.006432,0.839708,0.031524,2.938673,0.094851
GCIQL,25,0,845714,actor,23.63679975271225,True,0.138074,0.009487,0.836991,0.031578,0.105859,0.01065,0.373125,0.029076,3.657675,0.067708
GCIQL,25,1,845714,actor,23.63679975271225,True,0.097366,0.01313,0.843523,0.057672,0.075781,0.009951,0.529419,0.073838,3.305856,0.130789
GCIQL,25,2,845714,actor,23.63679975271225,True,0.116354,0.015322,0.820523,0.035644,0.086328,0.013463,0.453755,0.062549,3.490751,0.131078
GCIQL,25,3,845714,actor,23.63679975271225,True,0.169136,0.016152,0.84339,0.040598,0.130469,0.017391,0.307065,0.034895,3.858724,0.082204
GCIQL,25,4,845714,actor,23.63679975271225,True,0.119756,0.012978,0.823876,0.039819,0.089844,0.010894,0.434867,0.050759,3.517382,0.105384
GCIQL,26,0,845714,actor,21.40234898775816,True,0.109825,0.015673,0.81071,0.078141,0.080078,0.017972,0.490132,0.079724,3.451464,0.12122
GCIQL,26,1,845714,actor,21.40234898775816,True,0.109499,0.016711,0.810401,0.073745,0.080859,0.020176,0.489297,0.091713,3.445102,0.129679
GCIQL,26,2,845714,actor,21.40234898775816,True,0.107245,0.017538,0.813122,0.069403,0.079297,0.020343,0.5036,0.105077,3.424513,0.137327
GCIQL,26,3,845714,actor,21.40234898775816,True,0.109326,0.017179,0.79906,0.062615,0.078516,0.020377,0.498689,0.097523,3.449961,0.134854
GCIQL,26,4,845714,actor,21.40234898775816,True,0.106334,0.017295,0.793196,0.090312,0.076172,0.021336,0.509782,0.102083,3.425697,0.132856
GCIQL,27,0,845714,actor,8.786787372082472,True,0.099289,0.019273,0.609403,0.076342,0.046875,0.01378,0.616163,0.102408,3.504529,0.161886
GCIQL,27,1,845714,actor,8.786787372082472,True,0.113293,0.021296,0.696613,0.076659,0.064453,0.01476,0.518171,0.104273,3.581007,0.174064
GCIQL,27,2,845714,actor,8.786787372082472,True,0.107019,0.014094,0.621307,0.046625,0.050781,0.010578,0.579012,0.082271,3.576411,0.108656
GCIQL,27,3,845714,actor,8.786787372082472,True,0.047088,0.010129,0.6576,0.089243,0.023828,0.007,0.872763,0.030983,2.825451,0.155963
GCIQL,27,4,845714,actor,8.786787372082472,True,0.118754,0.022769,0.624137,0.053167,0.058984,0.015674,0.51761,0.107401,3.631847,0.142769
GCIQL,28,0,845714,actor,11.306442394852638,True,0.075268,0.016363,0.703621,0.122401,0.044141,0.013786,0.72573,0.091185,3.219573,0.138991
GCIQL,28,1,845714,actor,11.306442394852638,True,0.075379,0.016055,0.696809,0.115968,0.04375,0.013878,0.722363,0.09143,3.222686,0.132449
GCIQL,28,2,845714,actor,11.306442394852638,True,0.074423,0.016164,0.695037,0.103156,0.042969,0.01289,0.730616,0.087901,3.209708,0.140843
GCIQL,28,3,845714,actor,11.306442394852638,True,0.07493,0.016717,0.715627,0.082764,0.044141,0.012082,0.727444,0.089501,3.21554,0.149101
GCIQL,28,4,845714,actor,11.306442394852638,True,0.074406,0.01605,0.712158,0.107461,0.044531,0.014168,0.726802,0.092179,3.209465,0.137032
GCIQL,29,0,845714,actor,18.297011274844408,True,0.197424,0.020442,0.868767,0.02063,0.158594,0.017872,0.259645,0.029221,4.002122,0.098156
GCIQL,29,1,845714,actor,18.297011274844408,True,0.172941,0.018751,0.860695,0.027008,0.1375,0.020323,0.297813,0.033834,3.874933,0.093452
GCIQL,29,2,845714,actor,18.297011274844408,True,0.137538,0.014099,0.832833,0.03627,0.104688,0.013253,0.377559,0.042937,3.648132,0.088733
GCIQL,29,3,845714,actor,18.297011274844408,True,0.114143,0.017083,0.842548,0.062456,0.0875,0.013805,0.45964,0.067725,3.463295,0.149081
GCIQL,29,4,845714,actor,18.297011274844408,True,0.194889,0.015266,0.843443,0.035512,0.150781,0.009604,0.263092,0.018745,3.984308,0.080539
GCIQL,30,0,845714,actor,26.624986734241247,True,0.123904,0.011913,0.867278,0.04373,0.1,0.012784,0.41121,0.044122,3.538628,0.094547
GCIQL,30,1,845714,actor,26.624986734241247,True,0.118633,0.011993,0.866562,0.058269,0.095312,0.015318,0.433688,0.054032,3.497803,0.094331
GCIQL,30,2,845714,actor,26.624986734241247,True,0.151767,0.017929,0.83592,0.050504,0.116016,0.014737,0.342456,0.04472,3.745245,0.111927
GCIQL,30,3,845714,actor,26.624986734241247,True,0.133541,0.015937,0.855089,0.051607,0.105078,0.016516,0.38935,0.058445,3.620473,0.112495
GCIQL,30,4,845714,actor,26.624986734241247,True,0.130922,0.018517,0.848879,0.027072,0.101953,0.016101,0.399634,0.070482,3.595235,0.134952
GCIQL,31,0,845714,actor,3.681352324783802,True,0.038505,0.031503,0.403134,0.232656,0.00625,0.004199,0.736279,0.090735,3.140839,0.429637
GCIQL,31,1,845714,actor,3.681352324783802,True,0.063474,0.012094,0.356432,0.133451,0.010938,0.006325,0.639086,0.072379,3.72949,0.21851
GCIQL,31,2,845714,actor,3.681352324783802,True,0.053281,0.008136,0.313376,0.179388,0.007422,0.005953,0.65927,0.06779,3.615339,0.228465
GCIQL,31,3,845714,actor,3.681352324783802,True,0.052402,0.007828,0.330116,0.090397,0.007422,0.002217,0.630468,0.052495,3.688726,0.182578
GCIQL,31,4,845714,actor,3.681352324783802,True,0.041472,0.035784,0.408122,0.204534,0.006641,0.004138,0.71851,0.109089,3.240187,0.465312
GCIQL,32,0,845714,actor,2.86753099411726,True,0.071111,0.064937,0.274246,0.221031,0.004688,0.004435,0.594311,0.143616,3.771651,0.582357
GCIQL,32,1,845714,actor,2.86753099411726,True,0.068847,0.064787,0.27195,0.219202,0.004688,0.004435,0.596833,0.141417,3.763087,0.567446
GCIQL,32,2,845714,actor,2.86753099411726,True,0.068092,0.063217,0.275823,0.222509,0.004688,0.004435,0.596996,0.141042,3.757379,0.571699
GCIQL,32,3,845714,actor,2.86753099411726,True,0.067032,0.063768,0.27489,0.222661,0.004688,0.004435,0.597023,0.139733,3.756775,0.562094
GCIQL,32,4,845714,actor,2.86753099411726,True,0.068607,0.060358,0.275131,0.221938,0.004688,0.004435,0.596537,0.141252,3.764014,0.576917
GCIQL,33,0,845714,actor,26.733894031494856,True,0.166056,0.010759,0.889025,0.028441,0.138672,0.008879,0.301543,0.020495,3.810168,0.067629
GCIQL,33,1,845714,actor,26.733894031494856,True,0.217439,0.030907,0.901809,0.040059,0.186328,0.03284,0.232798,0.037997,4.063989,0.132839
GCIQL,33,2,845714,actor,26.733894031494856,True,0.084958,0.020964,0.885553,0.050751,0.071875,0.022341,0.619314,0.155911,3.121202,0.222662
GCIQL,33,3,845714,actor,26.733894031494856,True,0.268676,0.02258,0.900819,0.014986,0.230078,0.018729,0.184748,0.01685,4.278204,0.084064
GCIQL,33,4,845714,actor,26.733894031494856,True,0.338231,0.022857,0.920891,0.018254,0.298828,0.018345,0.144971,0.009804,4.498192,0.065964
GCIQL,34,0,845714,actor,18.186179492622614,True,0.104317,0.010293,0.777442,0.056975,0.071875,0.01238,0.516404,0.064694,3.419125,0.089852
GCIQL,34,1,845714,actor,18.186179492622614,True,0.09974,0.012458,0.766543,0.07288,0.067969,0.014287,0.542004,0.088177,3.370823,0.104916
GCIQL,34,2,845714,actor,18.186179492622614,True,0.114174,0.015496,0.773845,0.036423,0.078125,0.015073,0.47938,0.092117,3.512449,0.117859
GCIQL,34,3,845714,actor,18.186179492622614,True,0.108641,0.01443,0.785606,0.074287,0.075781,0.017777,0.502609,0.089679,3.466108,0.114386
GCIQL,34,4,845714,actor,18.186179492622614,True,0.100468,0.015019,0.769782,0.085618,0.068359,0.016801,0.546934,0.102496,3.387355,0.135962
GCIQL,35,0,845714,actor,12.118581533432007,True,0.113326,0.018698,0.736968,0.058496,0.070703,0.016822,0.507701,0.09177,3.5522,0.130539
GCIQL,35,1,845714,actor,12.118581533432007,True,0.168262,0.020266,0.676971,0.062958,0.09375,0.019401,0.347072,0.051467,3.952935,0.092402
GCIQL,35,2,845714,actor,12.118581533432007,True,0.15089,0.017565,0.739506,0.074012,0.094922,0.01415,0.369593,0.04672,3.814352,0.11237
GCIQL,35,3,845714,actor,12.118581533432007,True,0.170128,0.02025,0.685647,0.037032,0.096484,0.012631,0.337215,0.038003,3.944859,0.11429
GCIQL,35,4,845714,actor,12.118581533432007,True,0.097321,0.011653,0.708251,0.05658,0.057422,0.010902,0.59012,0.076214,3.415984,0.086061
GCIQL,36,0,845714,actor,9.130198862403631,True,0.055102,0.008726,0.63199,0.109673,0.026953,0.008528,0.840709,0.030731,2.995363,0.108891
GCIQL,36,1,845714,actor,9.130198862403631,True,0.069679,0.008227,0.645034,0.097297,0.034375,0.005765,0.782518,0.034317,3.226112,0.112668
GCIQL,36,2,845714,actor,9.130198862403631,True,0.049487,0.008629,0.581314,0.084362,0.021094,0.006163,0.851783,0.022814,2.915819,0.137003
GCIQL,36,3,845714,actor,9.130198862403631,True,0.070654,0.008487,0.603561,0.072378,0.032031,0.007548,0.758453,0.028456,3.258554,0.071679
GCIQL,36,4,845714,actor,9.130198862403631,True,0.058548,0.008077,0.622288,0.140584,0.028516,0.010586,0.827863,0.030325,3.055932,0.102372
GCIQL,37,0,845714,actor,20.822803862392902,True,0.13041,0.007965,0.805039,0.050152,0.09375,0.008235,0.404101,0.026784,3.62619,0.059334
GCIQL,37,1,845714,actor,20.822803862392902,True,0.138731,0.016264,0.835563,0.040153,0.105078,0.013712,0.377787,0.04646,3.673905,0.110039
GCIQL,37,2,845714,actor,20.822803862392902,True,0.077304,0.015438,0.804615,0.071116,0.055078,0.012277,0.690183,0.125729,3.09791,0.193431
GCIQL,37,3,845714,actor,20.822803862392902,True,0.119337,0.014744,0.828088,0.050527,0.089453,0.014897,0.442376,0.061724,3.525881,0.111272
GCIQL,37,4,845714,actor,20.822803862392902,True,0.120832,0.015914,0.817865,0.051353,0.089453,0.015674,0.438354,0.064563,3.534583,0.118218
GCIQL,38,0,845714,actor,24.214493706822395,True,0.119401,0.015062,0.819418,0.052002,0.089062,0.015819,0.439979,0.060753,3.514677,0.114952
GCIQL,38,1,845714,actor,24.214493706822395,True,0.11658,0.016801,0.835692,0.076984,0.089453,0.019088,0.451001,0.074886,3.493509,0.128882
GCIQL,38,2,845714,actor,24.214493706822395,True,0.11417,0.01728,0.849597,0.071905,0.089062,0.020239,0.463925,0.087262,3.474313,0.132194
GCIQL,38,3,845714,actor,24.214493706822395,True,0.117642,0.016172,0.817657,0.073943,0.0875,0.019678,0.451428,0.074116,3.503725,0.127617
GCIQL,38,4,845714,actor,24.214493706822395,True,0.112964,0.0168,0.8123,0.07862,0.083594,0.020522,0.474369,0.092254,3.467784,0.127151
GCIQL,39,0,845714,actor,5.973123628646135,True,0.027326,0.007427,0.570953,0.148574,0.011719,0.006107,0.892654,0.031666,2.458867,0.231255
GCIQL,39,1,845714,actor,5.973123628646135,True,0.045368,0.010219,0.598414,0.096153,0.019141,0.005026,0.844594,0.025957,2.896011,0.175318
GCIQL,39,2,845714,actor,5.973123628646135,True,0.077449,0.00811,0.477381,0.076904,0.024609,0.006652,0.710132,0.040376,3.414143,0.083465
GCIQL,39,3,845714,actor,5.973123628646135,True,0.085512,0.012167,0.481858,0.100927,0.026953,0.007692,0.680628,0.053233,3.561696,0.123118
GCIQL,39,4,845714,actor,5.973123628646135,True,0.053848,0.007383,0.484442,0.119302,0.017969,0.006432,0.813348,0.042944,3.098229,0.119171
GCIQL,40,0,845714,actor,3.956666300073266,True,0.045991,0.019149,0.345918,0.217073,0.007422,0.005353,0.708652,0.093994,3.389332,0.353244
GCIQL,40,1,845714,actor,3.956666300073266,True,0.04189,0.012896,0.345579,0.174967,0.007031,0.004802,0.716175,0.086443,3.351351,0.31463
GCIQL,40,2,845714,actor,3.956666300073266,True,0.039954,0.006291,0.376426,0.204208,0.008203,0.005953,0.717661,0.07358,3.342365,0.230742
GCIQL,40,3,845714,actor,3.956666300073266,True,0.044727,0.021222,0.38385,0.178276,0.008203,0.005026,0.713656,0.090785,3.362701,0.343338
GCIQL,40,4,845714,actor,3.956666300073266,True,0.038169,0.006364,0.365879,0.200608,0.007812,0.005823,0.722769,0.082051,3.307665,0.268263
GCIQL,41,0,845714,actor,25.9690950717777,True,0.216211,0.013689,0.904297,0.03098,0.184766,0.013157,0.230308,0.015829,4.068817,0.060895
GCIQL,41,1,845714,actor,25.9690950717777,True,0.097927,0.016563,0.868898,0.047995,0.078906,0.014358,0.531531,0.095448,3.296115,0.153362
GCIQL,41,2,845714,actor,25.9690950717777,True,0.143856,0.011088,0.877007,0.045515,0.117578,0.013588,0.352364,0.028645,3.68258,0.071316
GCIQL,41,3,845714,actor,25.9690950717777,True,0.133123,0.02304,0.847004,0.043627,0.104297,0.021792,0.394329,0.075485,3.60095,0.172039
GCIQL,41,4,845714,actor,25.9690950717777,True,0.123832,0.020634,0.86192,0.045451,0.099609,0.018891,0.419311,0.085997,3.518781,0.170502
GCIQL,42,0,845714,actor,19.048059610649943,True,0.103712,0.016285,0.781775,0.090457,0.072656,0.021252,0.526767,0.097974,3.413229,0.123286
GCIQL,42,1,845714,actor,19.048059610649943,True,0.105485,0.016838,0.770512,0.110882,0.073047,0.022024,0.51955,0.100947,3.426846,0.127071
GCIQL,42,2,845714,actor,19.048059610649943,True,0.102934,0.018498,0.785034,0.082325,0.072656,0.021959,0.531606,0.114287,3.401968,0.139958
GCIQL,42,3,845714,actor,19.048059610649943,True,0.104155,0.018042,0.777223,0.086089,0.072266,0.021494,0.530677,0.112308,3.419421,0.137786
GCIQL,42,4,845714,actor,19.048059610649943,True,0.101229,0.018041,0.78835,0.087864,0.071484,0.02116,0.53894,0.110678,3.392714,0.138232
GCIQL,43,0,845714,actor,11.11186576075852,True,0.069845,0.014543,0.73845,0.068935,0.043359,0.01049,0.769171,0.108838,3.08089,0.173988
GCIQL,43,1,845714,actor,11.11186576075852,True,0.116548,0.016483,0.70291,0.072244,0.069141,0.015412,0.492428,0.085895,3.571012,0.113448
GCIQL,43,2,845714,actor,11.11186576075852,True,0.10443,0.017307,0.759868,0.071722,0.06875,0.018433,0.542652,0.107648,3.452586,0.135935
GCIQL,43,3,845714,actor,11.11186576075852,True,0.085857,0.015984,0.714988,0.053171,0.051562,0.012864,0.660944,0.123712,3.268533,0.168858
GCIQL,43,4,845714,actor,11.11186576075852,True,0.08661,0.015488,0.702352,0.084229,0.050781,0.012758,0.65477,0.10944,3.283038,0.16422
GCIQL,44,0,845714,actor,13.631499325856566,True,0.085921,0.016054,0.72918,0.086158,0.052734,0.014174,0.642474,0.096621,3.299985,0.124691
GCIQL,44,1,845714,actor,13.631499325856566,True,0.085,0.016157,0.702278,0.107919,0.050781,0.016158,0.65354,0.10122,3.289355,0.129013
GCIQL,44,2,845714,actor,13.631499325856566,True,0.083491,0.016494,0.714901,0.108013,0.050781,0.014616,0.662993,0.100798,3.265689,0.141711
GCIQL,44,3,845714,actor,13.631499325856566,True,0.08391,0.017166,0.73773,0.081947,0.053125,0.015968,0.653483,0.110435,3.271173,0.139151
GCIQL,44,4,845714,actor,13.631499325856566,True,0.081504,0.01723,0.734223,0.060143,0.050781,0.014264,0.672496,0.109482,3.247452,0.147402
GCIQL,45,0,845714,actor,15.942686134949327,True,0.113033,0.017927,0.74735,0.069657,0.072656,0.016179,0.499977,0.101843,3.508185,0.14466
GCIQL,45,1,845714,actor,15.942686134949327,True,0.057906,0.012927,0.762693,0.080561,0.037891,0.008245,0.849934,0.078054,2.838897,0.211972
GCIQL,45,2,845714,actor,15.942686134949327,True,0.09486,0.021969,0.788007,0.055625,0.066406,0.020088,0.585009,0.136469,3.302822,0.208689
GCIQL,45,3,845714,actor,15.942686134949327,True,0.081382,0.014542,0.809662,0.048798,0.058984,0.011712,0.659464,0.118702,3.146298,0.168746
GCIQL,45,4,845714,actor,15.942686134949327,True,0.118593,0.014398,0.820594,0.059575,0.0875,0.015647,0.448865,0.063726,3.52534,0.108106
GCIQL,46,0,845714,actor,28.957246290519834,True,0.095637,0.012323,0.87926,0.045731,0.078906,0.013878,0.535048,0.085626,3.267322,0.128364
GCIQL,46,1,845714,actor,28.957246290519834,True,0.1436,0.018073,0.865487,0.049438,0.115625,0.014523,0.355774,0.047573,3.671719,0.119699
GCIQL,46,2,845714,actor,28.957246290519834,True,0.144771,0.01975,0.860444,0.033285,0.115625,0.017097,0.355815,0.056107,3.679397,0.137567
GCIQL,46,3,845714,actor,28.957246290519834,True,0.146254,0.017473,0.851245,0.036122,0.115234,0.0172,0.352208,0.0458,3.697904,0.111137
GCIQL,46,4,845714,actor,28.957246290519834,True,0.15241,0.019172,0.863423,0.031751,0.121875,0.018023,0.337927,0.045811,3.739849,0.119001
GCIQL,47,0,845714,actor,1.3198245596140623,True,0.326607,0.233952,0.064658,0.136422,0.000781,0.001647,0.286511,0.131088,4.879582,0.506061
GCIQL,47,1,845714,actor,1.3198245596140623,True,0.269773,0.205022,0.031657,0.100109,0.000391,0.001235,0.282303,0.096428,4.904062,0.386432
GCIQL,47,2,845714,actor,1.3198245596140623,True,0.358308,0.26311,0.073246,0.154424,0.000781,0.001647,0.276173,0.128268,4.888643,0.527323
GCIQL,47,3,845714,actor,1.3198245596140623,True,0.347935,0.191864,0.03457,0.109321,0.000391,0.001235,0.247239,0.083937,5.040573,0.347426
GCIQL,47,4,845714,actor,1.3198245596140623,True,0.302958,0.199702,0.033968,0.107417,0.000391,0.001235,0.27114,0.086869,4.965167,0.360625
GCIQL,48,0,845714,actor,0.17054532654583454,True,0.98481,0.002105,0.0,0.0,0.0,0.0,0.057845,0.001477,5.536648,0.001244
GCIQL,48,1,845714,actor,0.17054532654583454,True,0.984088,0.002183,0.0,0.0,0.0,0.0,0.057992,0.001383,5.536109,0.001333
GCIQL,48,2,845714,actor,0.17054532654583454,True,0.984271,0.002256,0.0,0.0,0.0,0.0,0.057955,0.001151,5.536278,0.001385
GCIQL,48,3,845714,actor,0.17054532654583454,True,0.984483,0.002396,0.0,0.0,0.0,0.0,0.057835,0.001086,5.536304,0.001485
GCIQL,48,4,845714,actor,0.17054532654583454,True,0.984426,0.002087,0.0,0.0,0.0,0.0,0.057907,0.001275,5.536351,0.00123
GCIQL,49,0,845714,actor,29.66934691183269,True,0.156798,0.010026,0.873051,0.039248,0.128125,0.013878,0.321341,0.021643,3.75854,0.058548
GCIQL,49,1,845714,actor,29.66934691183269,True,0.31304,0.035267,0.889981,0.030905,0.263672,0.036049,0.16085,0.022439,4.430802,0.109441
GCIQL,49,2,845714,actor,29.66934691183269,True,0.137181,0.01843,0.8825,0.026356,0.114062,0.016857,0.370263,0.059378,3.618063,0.133271
GCIQL,49,3,845714,actor,29.66934691183269,True,0.170766,0.018632,0.884563,0.037123,0.142188,0.021012,0.296147,0.034774,3.837824,0.095071
GCIQL,49,4,845714,actor,29.66934691183269,True,0.139001,0.018626,0.863062,0.04697,0.110938,0.013304,0.369271,0.048675,3.639967,0.140063
GCIQL,50,0,845714,actor,15.262257372960448,True,0.095473,0.012904,0.716768,0.097815,0.058594,0.016053,0.585463,0.087613,3.373719,0.099484
GCIQL,50,1,845714,actor,15.262257372960448,True,0.091312,0.014464,0.718996,0.103533,0.057031,0.017391,0.606989,0.099844,3.325842,0.121089
GCIQL,50,2,845714,actor,15.262257372960448,True,0.090246,0.016123,0.719798,0.079163,0.055859,0.014737,0.616528,0.107472,3.310857,0.136679
GCIQL,50,3,845714,actor,15.262257372960448,True,0.091711,0.016091,0.737377,0.118423,0.059375,0.018761,0.60285,0.109297,3.329959,0.126308
GCIQL,50,4,845714,actor,15.262257372960448,True,0.090173,0.016274,0.742527,0.070321,0.057812,0.016552,0.613053,0.104076,3.324868,0.128127
GCIQL,51,0,845714,actor,14.812220865860581,True,0.151132,0.014113,0.806353,0.052793,0.109375,0.014382,0.349002,0.035137,3.767186,0.086127
GCIQL,51,1,845714,actor,14.812220865860581,True,0.098527,0.017505,0.724261,0.107617,0.061719,0.018941,0.577106,0.117765,3.379161,0.153285
GCIQL,51,2,845714,actor,14.812220865860581,True,0.117645,0.016892,0.752489,0.054848,0.076953,0.016058,0.473939,0.087818,3.538417,0.118172
GCIQL,51,3,845714,actor,14.812220865860581,True,0.065084,0.016823,0.838364,0.045346,0.049609,0.013285,0.79002,0.152499,2.9096,0.235082
GCIQL,51,4,845714,actor,14.812220865860581,True,0.059829,0.014847,0.847448,0.122743,0.047266,0.015889,0.812235,0.106661,2.837742,0.231705
GCIQL,52,0,845714,actor,9.948808578774333,True,0.068631,0.014167,0.667972,0.090499,0.036719,0.010925,0.770327,0.070409,3.170868,0.124991
GCIQL,52,1,845714,actor,9.948808578774333,True,0.068578,0.014632,0.655725,0.12178,0.035547,0.011117,0.774051,0.068048,3.173268,0.131251
GCIQL,52,2,845714,actor,9.948808578774333,True,0.067704,0.01456,0.625594,0.106924,0.033203,0.010128,0.779771,0.060833,3.160393,0.133423
GCIQL,52,3,845714,actor,9.948808578774333,True,0.068669,0.014436,0.658849,0.082649,0.036328,0.010902,0.773959,0.06345,3.172253,0.130086
GCIQL,52,4,845714,actor,9.948808578774333,True,0.067102,0.014489,0.646394,0.093123,0.034766,0.01049,0.783927,0.06695,3.146068,0.13608
GCIQL,53,0,845714,actor,19.773852350190282,True,0.148892,0.014854,0.844208,0.041942,0.114844,0.009779,0.346671,0.032383,3.718482,0.101028
GCIQL,53,1,845714,actor,19.773852350190282,True,0.305038,0.029629,0.881364,0.038782,0.253516,0.034423,0.164897,0.016344,4.412756,0.083762
GCIQL,53,2,845714,actor,19.773852350190282,True,0.09163,0.011395,0.817132,0.086171,0.06875,0.015095,0.572295,0.087341,3.242787,0.112979
GCIQL,53,3,845714,actor,19.773852350190282,True,0.127312,0.020551,0.816712,0.060384,0.09375,0.017758,0.419098,0.069246,3.573089,0.153939
GCIQL,53,4,845714,actor,19.773852350190282,True,0.231547,0.020412,0.834858,0.021796,0.176172,0.015235,0.223565,0.01934,4.164403,0.080112
GCIQL,54,0,845714,actor,25.274917194619775,True,0.124217,0.014312,0.85113,0.057457,0.097266,0.013835,0.415955,0.054322,3.545929,0.109229
GCIQL,54,1,845714,actor,25.274917194619775,True,0.117007,0.015517,0.858805,0.05321,0.093359,0.016922,0.441765,0.068113,3.487271,0.120782
GCIQL,54,2,845714,actor,25.274917194619775,True,0.116316,0.016493,0.84447,0.05453,0.091016,0.017953,0.449123,0.081854,3.481817,0.130015
GCIQL,54,3,845714,actor,25.274917194619775,True,0.120078,0.015126,0.838633,0.05747,0.092188,0.016695,0.436472,0.068296,3.517351,0.121912
GCIQL,54,4,845714,actor,25.274917194619775,True,0.11965,0.016882,0.845139,0.041495,0.092578,0.016268,0.438554,0.071739,3.51437,0.128499
GCIQL,55,0,845714,actor,5.151108345016837,True,0.068136,0.020193,0.42761,0.186602,0.016797,0.008647,0.713313,0.082865,3.434344,0.23713
GCIQL,55,1,845714,actor,5.151108345016837,True,0.026826,0.006107,0.419334,0.22336,0.00625,0.004199,0.83978,0.037111,2.696018,0.188133
GCIQL,55,2,845714,actor,5.151108345016837,True,0.053547,0.007875,0.404116,0.184562,0.012891,0.009216,0.736242,0.059221,3.310465,0.153442
GCIQL,55,3,845714,actor,5.151108345016837,True,0.036103,0.00722,0.42856,0.153076,0.009375,0.006163,0.790417,0.02154,3.008765,0.080328
GCIQL,55,4,845714,actor,5.151108345016837,True,0.043211,0.008429,0.468735,0.118833,0.012891,0.005838,0.79694,0.05068,3.085137,0.155977
GCIQL,56,0,845714,actor,6.657601073384285,True,0.050201,0.009426,0.550667,0.112399,0.019141,0.006497,0.811103,0.034168,3.08865,0.106376
GCIQL,56,1,845714,actor,6.657601073384285,True,0.049786,0.009419,0.558812,0.108188,0.019141,0.005953,0.812639,0.037166,3.083757,0.112312
GCIQL,56,2,845714,actor,6.657601073384285,True,0.048374,0.008978,0.58163,0.112042,0.019531,0.006379,0.815441,0.034667,3.061533,0.119799
GCIQL,56,3,845714,actor,6.657601073384285,True,0.050195,0.009565,0.554472,0.161673,0.019141,0.007469,0.809006,0.034135,3.09328,0.12059
GCIQL,56,4,845714,actor,6.657601073384285,True,0.049138,0.009421,0.582897,0.118864,0.019922,0.007,0.816572,0.035653,3.068153,0.117651
GCIQL,57,0,845714,actor,23.037820179015398,True,0.081883,0.011591,0.841474,0.067607,0.063281,0.011762,0.637213,0.090296,3.136675,0.124178
GCIQL,57,1,845714,actor,23.037820179015398,True,0.155584,0.016792,0.84218,0.030684,0.120703,0.016206,0.331865,0.041364,3.764019,0.102675
GCIQL,57,2,845714,actor,23.037820179015398,True,0.213755,0.013777,0.885184,0.038025,0.178125,0.016179,0.234125,0.016684,4.060693,0.058815
GCIQL,57,3,845714,actor,23.037820179015398,True,0.198775,0.017691,0.865105,0.047436,0.160156,0.021475,0.256254,0.026746,3.998783,0.081976
GCIQL,57,4,845714,actor,23.037820179015398,True,0.112918,0.019601,0.860125,0.068017,0.090625,0.0213,0.463247,0.095051,3.43701,0.159119
GCIQL,58,0,845714,actor,21.97615971788764,True,0.125565,0.016002,0.831949,0.054743,0.094531,0.013755,0.418809,0.053318,3.575577,0.113544
GCIQL,58,1,845714,actor,21.97615971788764,True,0.110226,0.01758,0.821108,0.050762,0.08125,0.014,0.486273,0.086116,3.446509,0.145614
GCIQL,58,2,845714,actor,21.97615971788764,True,0.110532,0.016268,0.821003,0.055917,0.081641,0.009822,0.477654,0.066346,3.446483,0.147072
GCIQL,58,3,845714,actor,21.97615971788764,True,0.126746,0.012976,0.80561,0.047787,0.091797,0.011969,0.416218,0.047134,3.585785,0.093472
GCIQL,58,4,845714,actor,21.97615971788764,True,0.100698,0.012553,0.840214,0.074502,0.077344,0.015162,0.521923,0.078812,3.351094,0.12547
GCIQL,59,0,845714,actor,8.422175534069538,True,0.067946,0.00859,0.570293,0.095194,0.028125,0.007984,0.769155,0.03743,3.23919,0.071985
GCIQL,59,1,845714,actor,8.422175534069538,True,0.051195,0.006338,0.631082,0.110853,0.025,0.006939,0.856434,0.025022,2.946399,0.09763
GCIQL,59,2,845714,actor,8.422175534069538,True,0.069541,0.009493,0.553274,0.074387,0.027344,0.006379,0.762358,0.048959,3.276561,0.130542
GCIQL,59,3,845714,actor,8.422175534069538,True,0.08603,0.008476,0.566653,0.110169,0.035938,0.010384,0.688859,0.046924,3.454755,0.071002
GCIQL,59,4,845714,actor,8.422175534069538,True,0.060631,0.009263,0.619472,0.094388,0.028516,0.007823,0.813511,0.037786,3.105507,0.122673
GCIQL,60,0,845714,actor,12.816836927086115,True,0.082284,0.011533,0.692196,0.114742,0.047656,0.014708,0.678421,0.087169,3.268508,0.096556
GCIQL,60,1,845714,actor,12.816836927086115,True,0.081315,0.010822,0.681437,0.104243,0.046094,0.012325,0.685331,0.067735,3.254888,0.105853
GCIQL,60,2,845714,actor,12.816836927086115,True,0.106629,0.013195,0.699483,0.067715,0.061719,0.013507,0.540064,0.080394,3.526545,0.099135
GCIQL,60,3,845714,actor,12.816836927086115,True,0.088752,0.011992,0.70443,0.102458,0.051953,0.012082,0.642044,0.080869,3.356926,0.106919
GCIQL,60,4,845714,actor,12.816836927086115,True,0.09457,0.013862,0.734765,0.070562,0.058594,0.013532,0.600273,0.094718,3.408516,0.126911
GCIQL,61,0,845714,actor,16.995813846588135,True,0.105248,0.01498,0.770745,0.057554,0.071484,0.015412,0.520407,0.079532,3.424794,0.127201
GCIQL,61,1,845714,actor,16.995813846588135,True,0.222376,0.02194,0.802432,0.041413,0.160156,0.018506,0.237169,0.024979,4.143382,0.088967
GCIQL,61,2,845714,actor,16.995813846588135,True,0.181244,0.021784,0.804091,0.056578,0.131641,0.022178,0.29299,0.048431,3.937994,0.116468
GCIQL,61,3,845714,actor,16.995813846588135,True,0.158649,0.018205,0.808532,0.032561,0.115234,0.017396,0.334187,0.039845,3.814037,0.102385
GCIQL,61,4,845714,actor,16.995813846588135,True,0.122464,0.014586,0.815131,0.033089,0.089062,0.012995,0.43658,0.059214,3.568912,0.119065
GCIQL,62,0,845714,actor,27.900999002158642,True,0.125072,0.015789,0.863746,0.051522,0.1,0.019935,0.415368,0.061355,3.552153,0.114432
GCIQL,62,1,845714,actor,27.900999002158642,True,0.125954,0.016622,0.871527,0.054406,0.101953,0.019786,0.41102,0.062673,3.558206,0.118561
GCIQL,62,2,845714,actor,27.900999002158642,True,0.123449,0.016447,0.871738,0.056076,0.1,0.020686,0.420466,0.066596,3.536939,0.120957
GCIQL,62,3,845714,actor,27.900999002158642,True,0.125936,0.017418,0.8456,0.056506,0.098438,0.020571,0.414908,0.069972,3.557965,0.124328
GCIQL,62,4,845714,actor,27.900999002158642,True,0.123906,0.016526,0.860327,0.052443,0.098047,0.02021,0.423549,0.070224,3.547314,0.119305
GCIQL,63,0,845714,actor,2.1457871608436108,True,0.058494,0.039846,0.228918,0.177503,0.003516,0.002882,0.54463,0.07539,3.935991,0.329162
GCIQL,63,1,845714,actor,2.1457871608436108,True,0.152918,0.121246,0.104661,0.220748,0.001562,0.003294,0.468524,0.146865,4.254749,0.581563
GCIQL,63,2,845714,actor,2.1457871608436108,True,0.075008,0.098175,0.17479,0.227689,0.001562,0.002017,0.538432,0.135552,3.84138,0.636885
GCIQL,63,3,845714,actor,2.1457871608436108,True,0.082404,0.051199,0.173505,0.162512,0.003125,0.003081,0.530567,0.096148,4.074999,0.417139
GCIQL,63,4,845714,actor,2.1457871608436108,True,0.121581,0.083994,0.105971,0.147999,0.002344,0.003294,0.460282,0.097028,4.310932,0.307669
GCIVL,0,0,569000,actor,19.162480607628822,True,0.615806,0.028303,0.912403,0.01897,0.537891,0.02598,0.079672,0.004038,5.097938,0.044004
GCIVL,0,1,569000,actor,19.162480607628822,True,0.609074,0.03126,0.916909,0.015471,0.535547,0.038733,0.080568,0.004871,5.087796,0.047693
GCIVL,0,2,569000,actor,19.162480607628822,True,0.611162,0.030945,0.908049,0.010812,0.530469,0.032463,0.080497,0.004746,5.091473,0.04624
GCIVL,0,3,569000,actor,19.162480607628822,True,0.61111,0.033535,0.909409,0.014065,0.530859,0.034472,0.080571,0.00477,5.091227,0.052289
GCIVL,0,4,569000,actor,19.162480607628822,True,0.61709,0.028155,0.918144,0.012094,0.543359,0.029258,0.079396,0.004044,5.098865,0.044614
GCIVL,1,0,569000,actor,9.71077705733478,True,0.456033,0.021909,0.776966,0.02343,0.3125,0.024499,0.116992,0.006661,4.869675,0.045741
GCIVL,1,1,569000,actor,9.71077705733478,True,0.463725,0.028313,0.751399,0.050799,0.307422,0.033301,0.115265,0.008526,4.880621,0.056119
GCIVL,1,2,569000,actor,9.71077705733478,True,0.458225,0.029038,0.776714,0.027951,0.314844,0.025195,0.116162,0.008062,4.870403,0.053079
GCIVL,1,3,569000,actor,9.71077705733478,True,0.469012,0.020674,0.779104,0.018059,0.324609,0.023614,0.112882,0.005777,4.892495,0.039784
GCIVL,1,4,569000,actor,9.71077705733478,True,0.462,0.030586,0.787245,0.032162,0.321484,0.032214,0.11551,0.00874,4.88018,0.05733
GCIVL,2,0,569000,actor,2.542345952242613,True,0.168204,0.04061,0.174556,0.110981,0.010156,0.007412,0.443036,0.074887,4.508498,0.190369
GCIVL,2,1,569000,actor,2.542345952242613,True,0.168686,0.039416,0.175394,0.111526,0.010156,0.007412,0.440617,0.073702,4.513421,0.186956
GCIVL,2,2,569000,actor,2.542345952242613,True,0.16883,0.041865,0.169469,0.107292,0.009766,0.006951,0.442478,0.074362,4.510426,0.189445
GCIVL,2,3,569000,actor,2.542345952242613,True,0.167021,0.038091,0.169586,0.107066,0.009766,0.006951,0.442066,0.073395,4.509125,0.185221
GCIVL,2,4,569000,actor,2.542345952242613,True,0.169255,0.042555,0.168074,0.106388,0.009766,0.006951,0.44333,0.075737,4.507737,0.190395
GCIVL,3,0,569000,actor,26.825525471940637,True,0.661101,0.027758,0.953132,0.011456,0.614844,0.029589,0.072797,0.003148,5.152492,0.041548
GCIVL,3,1,569000,actor,26.825525471940637,True,0.662788,0.023538,0.950058,0.014308,0.614062,0.029795,0.072647,0.002913,5.156113,0.03465
GCIVL,3,2,569000,actor,26.825525471940637,True,0.65444,0.027395,0.949959,0.00854,0.607031,0.026506,0.07348,0.003236,5.14236,0.040297
GCIVL,3,3,569000,actor,26.825525471940637,True,0.655944,0.023243,0.946668,0.005489,0.604688,0.025369,0.07349,0.002803,5.14624,0.03398
GCIVL,3,4,569000,actor,26.825525471940637,True,0.653701,0.028042,0.947856,0.015757,0.603906,0.034312,0.073739,0.003395,5.143526,0.040886
GCIVL,4,0,569000,actor,25.811461228877306,True,0.648844,0.029381,0.943217,0.011321,0.594922,0.02853,0.074465,0.00352,5.138527,0.04372
GCIVL,4,1,569000,actor,25.811461228877306,True,0.649908,0.03074,0.942357,0.011351,0.594922,0.028411,0.0744,0.003597,5.139953,0.046176
GCIVL,4,2,569000,actor,25.811461228877306,True,0.650211,0.029707,0.941515,0.013728,0.594922,0.026368,0.074313,0.003441,5.140185,0.044447
GCIVL,4,3,569000,actor,25.811461228877306,True,0.650796,0.031311,0.940377,0.009983,0.594531,0.029738,0.074307,0.003725,5.141295,0.046186
GCIVL,4,4,569000,actor,25.811461228877306,True,0.653958,0.028518,0.943263,0.012561,0.6,0.030548,0.073844,0.003396,5.144986,0.042228
GCIVL,5,0,569000,actor,5.2850686479359865,True,0.285908,0.021463,0.516313,0.033324,0.105469,0.014144,0.232078,0.023725,4.574518,0.055288
GCIVL,5,1,569000,actor,5.2850686479359865,True,0.300363,0.021099,0.527819,0.056701,0.115625,0.018155,0.216036,0.019732,4.602998,0.053408
GCIVL,5,2,569000,actor,5.2850686479359865,True,0.285184,0.024236,0.5235,0.05893,0.108594,0.019295,0.229501,0.026551,4.566147,0.056082
GCIVL,5,3,569000,actor,5.2850686479359865,True,0.290243,0.013976,0.54584,0.069487,0.117188,0.024499,0.221957,0.021457,4.57777,0.032063
GCIVL,5,4,569000,actor,5.2850686479359865,True,0.289251,0.019285,0.523895,0.055628,0.109766,0.019527,0.226795,0.022202,4.574383,0.048562
GCIVL,6,0,569000,actor,12.475537620484829,True,0.525991,0.027572,0.848556,0.025201,0.411328,0.02611,0.096983,0.005581,4.974704,0.047819
GCIVL,6,1,569000,actor,12.475537620484829,True,0.5273,0.02912,0.84463,0.028151,0.411328,0.03195,0.096635,0.005956,4.976052,0.049925
GCIVL,6,2,569000,actor,12.475537620484829,True,0.525422,0.025657,0.840485,0.02169,0.407031,0.026481,0.097078,0.005269,4.974462,0.045401
GCIVL,6,3,569000,actor,12.475537620484829,True,0.528278,0.031184,0.844448,0.02213,0.410156,0.029976,0.096896,0.006296,4.979348,0.053617
GCIVL,6,4,569000,actor,12.475537620484829,True,0.527421,0.029378,0.849383,0.022409,0.413281,0.029681,0.096698,0.005927,4.977399,0.050769
GCIVL,7,0,569000,actor,18.184972247108817,True,0.610631,0.034323,0.900803,0.016864,0.525391,0.037479,0.080685,0.004993,5.089898,0.053136
GCIVL,7,1,569000,actor,18.184972247108817,True,0.607949,0.021191,0.916169,0.008689,0.533984,0.022101,0.080533,0.002969,5.084999,0.033574
GCIVL,7,2,569000,actor,18.184972247108817,True,0.608294,0.022854,0.904506,0.015641,0.523828,0.027771,0.081095,0.003429,5.090894,0.035196
GCIVL,7,3,569000,actor,18.184972247108817,True,0.607502,0.01858,0.901759,0.01715,0.521484,0.021573,0.081142,0.002592,5.088794,0.030244
GCIVL,7,4,569000,actor,18.184972247108817,True,0.612303,0.027747,0.910087,0.016134,0.532812,0.020686,0.080183,0.003624,5.093514,0.045036
GCIVL,8,0,569000,actor,16.667750850319862,True,0.585805,0.027997,0.888127,0.022763,0.492969,0.033944,0.084713,0.004516,5.057909,0.04484
GCIVL,8,1,569000,actor,16.667750850319862,True,0.587175,0.029365,0.887711,0.021595,0.49375,0.034262,0.084554,0.004655,5.059533,0.046998
GCIVL,8,2,569000,actor,16.667750850319862,True,0.58679,0.029,0.887206,0.026073,0.493359,0.036692,0.084592,0.004702,5.058846,0.046045
GCIVL,8,3,569000,actor,16.667750850319862,True,0.587318,0.028737,0.890575,0.017118,0.495312,0.030802,0.084524,0.004522,5.059838,0.046396
GCIVL,8,4,569000,actor,16.667750850319862,True,0.586132,0.026888,0.89412,0.01896,0.497266,0.032003,0.084522,0.004259,5.05867,0.04342
GCIVL,9,0,569000,actor,14.928514016792178,True,0.573623,0.033593,0.882875,0.021389,0.477734,0.038187,0.087056,0.006127,5.039724,0.054992
GCIVL,9,1,569000,actor,14.928514016792178,True,0.572037,0.03142,0.892902,0.013753,0.482422,0.030103,0.087047,0.005299,5.038434,0.052421
GCIVL,9,2,569000,actor,14.928514016792178,True,0.577599,0.033574,0.883062,0.021344,0.480469,0.038185,0.086541,0.00568,5.046646,0.053622
GCIVL,9,3,569000,actor,14.928514016792178,True,0.566438,0.027738,0.875644,0.016704,0.466406,0.029474,0.088281,0.005075,5.032027,0.0453
GCIVL,9,4,569000,actor,14.928514016792178,True,0.573649,0.024256,0.884012,0.023116,0.478516,0.030495,0.086828,0.004178,5.040428,0.041198
GCIVL,10,0,569000,actor,6.569604109972715,True,0.356904,0.025139,0.650899,0.049929,0.187891,0.026136,0.164096,0.015722,4.701635,0.061448
GCIVL,10,1,569000,actor,6.569604109972715,True,0.352633,0.022745,0.653047,0.048307,0.187891,0.02684,0.164695,0.014918,4.688175,0.054397
GCIVL,10,2,569000,actor,6.569604109972715,True,0.356339,0.023722,0.658984,0.050023,0.190234,0.023657,0.163642,0.013859,4.697378,0.056524
GCIVL,10,3,569000,actor,6.569604109972715,True,0.352782,0.024303,0.650827,0.053844,0.184766,0.025117,0.166554,0.014909,4.690435,0.060556
GCIVL,10,4,569000,actor,6.569604109972715,True,0.355526,0.01986,0.656331,0.028542,0.188672,0.017571,0.163997,0.012788,4.698148,0.04924
GCIVL,11,0,569000,actor,23.594547221437097,True,0.640628,0.0226,0.936188,0.013991,0.580859,0.024083,0.075646,0.002763,5.128405,0.034489
GCIVL,11,1,569000,actor,23.594547221437097,True,0.644737,0.029736,0.935555,0.008795,0.583594,0.030381,0.075309,0.003542,5.133923,0.042591
GCIVL,11,2,569000,actor,23.594547221437097,True,0.649483,0.032354,0.926156,0.019581,0.58125,0.036865,0.074908,0.004033,5.142092,0.046477
GCIVL,11,3,569000,actor,23.594547221437097,True,0.646636,0.017146,0.931092,0.012849,0.581641,0.021431,0.075104,0.002107,5.139367,0.025306
GCIVL,11,4,569000,actor,23.594547221437097,True,0.652508,0.019236,0.930312,0.01237,0.587109,0.021792,0.074349,0.002338,5.147085,0.02873
GCIVL,12,0,569000,actor,28.35922719910741,True,0.664421,0.023206,0.94024,0.014155,0.608203,0.03065,0.072594,0.002892,5.158711,0.033847
GCIVL,12,1,569000,actor,28.35922719910741,True,0.665064,0.028165,0.941653,0.012918,0.610547,0.033706,0.072461,0.003413,5.158754,0.039896
GCIVL,12,2,569000,actor,28.35922719910741,True,0.665419,0.026981,0.946875,0.008818,0.613672,0.028967,0.072461,0.003215,5.159566,0.038179
GCIVL,12,3,569000,actor,28.35922719910741,True,0.664507,0.029181,0.948281,0.012155,0.614453,0.032372,0.0725,0.003435,5.158085,0.042152
GCIVL,12,4,569000,actor,28.35922719910741,True,0.663672,0.028197,0.947624,0.005819,0.612891,0.029945,0.072629,0.003509,5.157709,0.040164
GCIVL,13,0,569000,actor,0.07655133493244648,True,0.995228,0.001968,0.0,0.0,0.0,0.0,0.052969,0.001364,5.542624,0.001199
GCIVL,13,1,569000,actor,0.07655133493244648,True,0.994928,0.003227,0.0,0.0,0.0,0.0,0.053062,0.001847,5.542621,0.001338
GCIVL,13,2,569000,actor,0.07655133493244648,True,0.994164,0.004601,0.0,0.0,0.0,0.0,0.053436,0.002882,5.542295,0.0018
GCIVL,13,3,569000,actor,0.07655133493244648,True,0.994888,0.002533,0.0,0.0,0.0,0.0,0.052971,0.001306,5.542414,0.001534
GCIVL,13,4,569000,actor,0.07655133493244648,True,0.99473,0.00262,0.0,0.0,0.0,0.0,0.053179,0.001883,5.542446,0.001136
GCIVL,14,0,569000,actor,8.413425050675869,True,0.421107,0.020933,0.744282,0.028721,0.270703,0.019052,0.129244,0.00698,4.811096,0.04834
GCIVL,14,1,569000,actor,8.413425050675869,True,0.42088,0.021692,0.744397,0.031261,0.270312,0.017834,0.129403,0.007143,4.810769,0.049866
GCIVL,14,2,569000,actor,8.413425050675869,True,0.41956,0.020929,0.754112,0.029067,0.273047,0.020041,0.129877,0.007479,4.808911,0.047934
GCIVL,14,3,569000,actor,8.413425050675869,True,0.421987,0.022149,0.742864,0.02953,0.270312,0.017254,0.129118,0.006771,4.812437,0.051993
GCIVL,14,4,569000,actor,8.413425050675869,True,0.422426,0.020547,0.747606,0.032354,0.272266,0.019229,0.129048,0.006893,4.814471,0.047488
GCIVL,15,0,569000,actor,21.395873269066215,True,0.617952,0.033226,0.927959,0.021192,0.552344,0.031477,0.078961,0.004449,5.096866,0.051807
GCIVL,15,1,569000,actor,21.395873269066215,True,0.632713,0.022091,0.930832,0.018487,0.56875,0.02848,0.07684,0.002922,5.117886,0.033403
GCIVL,15,2,569000,actor,21.395873269066215,True,0.626643,0.033159,0.928632,0.015371,0.560938,0.031369,0.077808,0.004286,5.108522,0.051576
GCIVL,15,3,569000,actor,21.395873269066215,True,0.622853,0.029572,0.925525,0.010806,0.554688,0.026236,0.078374,0.003912,5.105063,0.044621
GCIVL,15,4,569000,actor,21.395873269066215,True,0.629743,0.027716,0.929467,0.015618,0.565625,0.033033,0.077217,0.003702,5.113947,0.042191
GCIVL,16,0,569000,actor,21.9117093924433,True,0.629826,0.026946,0.931712,0.011464,0.566016,0.0292,0.077323,0.003597,5.115908,0.041499
GCIVL,16,1,569000,actor,21.9117093924433,True,0.62942,0.030624,0.922831,0.013205,0.558984,0.027341,0.077555,0.003962,5.11546,0.046716
GCIVL,16,2,569000,actor,21.9117093924433,True,0.631664,0.027699,0.922964,0.011991,0.560938,0.030157,0.077301,0.003645,5.119119,0.042839
GCIVL,16,3,569000,actor,21.9117093924433,True,0.633628,0.031746,0.923816,0.010588,0.563672,0.031307,0.077028,0.004162,5.120361,0.048169
GCIVL,16,4,569000,actor,21.9117093924433,True,0.633357,0.029501,0.922407,0.009502,0.5625,0.029692,0.077046,0.003826,5.121145,0.044301
GCIVL,17,0,569000,actor,8.863355722278357,True,0.447499,0.026922,0.746905,0.034285,0.290625,0.021648,0.120899,0.007987,4.85593,0.051736
GCIVL,17,1,569000,actor,8.863355722278357,True,0.451103,0.031045,0.762112,0.027232,0.300781,0.028228,0.119495,0.009555,4.861807,0.060437
GCIVL,17,2,569000,actor,8.863355722278357,True,0.436496,0.027853,0.761444,0.04084,0.290625,0.034607,0.123837,0.010246,4.835783,0.05413
GCIVL,17,3,569000,actor,8.863355722278357,True,0.44228,0.020767,0.75791,0.042558,0.294141,0.026688,0.121232,0.006631,4.843815,0.042883
GCIVL,17,4,569000,actor,8.863355722278357,True,0.44491,0.018147,0.749253,0.032373,0.289844,0.019901,0.121456,0.005594,4.853005,0.040291
GCIVL,18,0,569000,actor,1.5005940478295088,True,0.200785,0.112532,0.100832,0.115345,0.002734,0.003216,0.331449,0.081445,4.828929,0.252053
GCIVL,18,1,569000,actor,1.5005940478295088,True,0.191333,0.132425,0.096626,0.12862,0.002734,0.003706,0.343002,0.089234,4.789565,0.275489
GCIVL,18,2,569000,actor,1.5005940478295088,True,0.206088,0.102573,0.061623,0.080135,0.001562,0.002017,0.318793,0.060819,4.878338,0.182101
GCIVL,18,3,569000,actor,1.5005940478295088,True,0.177436,0.100846,0.073657,0.078477,0.001953,0.002059,0.344498,0.075063,4.793786,0.227876
GCIVL,18,4,569000,actor,1.5005940478295088,True,0.194961,0.113443,0.09477,0.134396,0.002734,0.004138,0.341163,0.083342,4.807476,0.257961
GCIVL,19,0,569000,actor,29.7173573076725,True,0.662106,0.025117,0.951751,0.011242,0.615625,0.029185,0.072586,0.002817,5.154211,0.036151
GCIVL,19,1,569000,actor,29.7173573076725,True,0.671356,0.033107,0.955879,0.013371,0.627734,0.03832,0.071592,0.003945,5.167022,0.04533
GCIVL,19,2,569000,actor,29.7173573076725,True,0.664517,0.028278,0.952728,0.008597,0.617969,0.029795,0.072407,0.003272,5.157583,0.040286
GCIVL,19,3,569000,actor,29.7173573076725,True,0.66629,0.020694,0.953607,0.013925,0.620703,0.019088,0.072069,0.002171,5.159396,0.030907
GCIVL,19,4,569000,actor,29.7173573076725,True,0.669848,0.031887,0.957031,0.009147,0.628125,0.034685,0.071597,0.003615,5.162566,0.045485
GCIVL,20,0,569000,actor,23.114405935630202,True,0.646132,0.031999,0.938133,0.015103,0.588281,0.036975,0.074979,0.004163,5.134694,0.049241
GCIVL,20,1,569000,actor,23.114405935630202,True,0.636378,0.032891,0.933423,0.008258,0.575,0.034143,0.076335,0.00455,5.122207,0.04971
GCIVL,20,2,569000,actor,23.114405935630202,True,0.638619,0.029101,0.937233,0.014647,0.579688,0.032222,0.075977,0.003947,5.125106,0.043346
GCIVL,20,3,569000,actor,23.114405935630202,True,0.635655,0.031175,0.925845,0.009093,0.567578,0.032529,0.07669,0.00448,5.121751,0.047361
GCIVL,20,4,569000,actor,23.114405935630202,True,0.639055,0.029913,0.933669,0.011409,0.577734,0.028075,0.075918,0.003879,5.125415,0.047213
GCIVL,21,0,569000,actor,6.140741296112537,True,0.325541,0.020716,0.592837,0.020672,0.147656,0.012187,0.189282,0.016177,4.645755,0.04467
GCIVL,21,1,569000,actor,6.140741296112537,True,0.327155,0.017376,0.589735,0.024363,0.148438,0.011934,0.186911,0.011222,4.649882,0.040349
GCIVL,21,2,569000,actor,6.140741296112537,True,0.334554,0.016462,0.590853,0.055341,0.153125,0.020979,0.181923,0.010715,4.667276,0.041295
GCIVL,21,3,569000,actor,6.140741296112537,True,0.330669,0.018959,0.624244,0.043836,0.162109,0.020935,0.181839,0.013582,4.650927,0.044366
GCIVL,21,4,569000,actor,6.140741296112537,True,0.325447,0.022961,0.599457,0.036065,0.150781,0.018707,0.187857,0.015543,4.647225,0.054201
GCIVL,22,0,569000,actor,13.48157954402268,True,0.542903,0.028596,0.860896,0.027437,0.434375,0.032463,0.09325,0.005539,4.99874,0.048294
GCIVL,22,1,569000,actor,13.48157954402268,True,0.543303,0.029884,0.852093,0.016887,0.428906,0.027914,0.093445,0.005692,4.999818,0.050702
GCIVL,22,2,569000,actor,13.48157954402268,True,0.54335,0.029877,0.85581,0.01952,0.43125,0.030988,0.093383,0.005794,4.999706,0.050022
GCIVL,22,3,569000,actor,13.48157954402268,True,0.543482,0.029182,0.854737,0.022176,0.430469,0.032096,0.093439,0.005664,5.000285,0.049641
GCIVL,22,4,569000,actor,13.48157954402268,True,0.544486,0.026933,0.859751,0.016841,0.435156,0.024164,0.092846,0.00499,5.000985,0.046167
GCIVL,23,0,569000,actor,15.272087696939707,True,0.579298,0.03398,0.883935,0.020981,0.482812,0.034163,0.086171,0.005843,5.048999,0.055319
GCIVL,23,1,569000,actor,15.272087696939707,True,0.57436,0.02971,0.881976,0.019368,0.476953,0.027954,0.086912,0.004785,5.041322,0.051323
GCIVL,23,2,569000,actor,15.272087696939707,True,0.576198,0.034864,0.881501,0.020365,0.478516,0.038812,0.086785,0.006214,5.043588,0.053771
GCIVL,23,3,569000,actor,15.272087696939707,True,0.569819,0.034415,0.885251,0.020121,0.476953,0.037803,0.087448,0.006578,5.033217,0.057538
GCIVL,23,4,569000,actor,15.272087696939707,True,0.573807,0.031444,0.880859,0.010868,0.474609,0.028779,0.087293,0.005553,5.042499,0.052382
GCIVL,24,0,569000,actor,17.726694429293275,True,0.59676,0.027545,0.905142,0.016469,0.514062,0.031585,0.082764,0.004308,5.073247,0.042579
GCIVL,24,1,569000,actor,17.726694429293275,True,0.596583,0.029094,0.902542,0.014482,0.511719,0.030592,0.082896,0.004233,5.073536,0.046006
GCIVL,24,2,569000,actor,17.726694429293275,True,0.597827,0.026622,0.897166,0.012531,0.508984,0.024709,0.082787,0.003909,5.075538,0.042745
GCIVL,24,3,569000,actor,17.726694429293275,True,0.601189,0.029909,0.898437,0.021489,0.513672,0.034902,0.082248,0.004544,5.079334,0.046927
GCIVL,24,4,569000,actor,17.726694429293275,True,0.597849,0.028381,0.903786,0.016716,0.514062,0.031852,0.082645,0.004314,5.074874,0.04495
GCIVL,25,0,569000,actor,11.965988483279943,True,0.516209,0.03613,0.836597,0.036109,0.398047,0.043516,0.099339,0.008647,4.956255,0.062094
GCIVL,25,1,569000,actor,11.965988483279943,True,0.518782,0.02982,0.833175,0.017937,0.395703,0.029922,0.099118,0.006405,4.963995,0.052138
GCIVL,25,2,569000,actor,11.965988483279943,True,0.523204,0.026993,0.828494,0.0232,0.396484,0.027266,0.098273,0.005641,4.972657,0.049397
GCIVL,25,3,569000,actor,11.965988483279943,True,0.531937,0.027999,0.833639,0.013732,0.407422,0.028351,0.096263,0.005724,4.986486,0.046189
GCIVL,25,4,569000,actor,11.965988483279943,True,0.52082,0.025345,0.832043,0.029419,0.396094,0.022493,0.098656,0.00474,4.970319,0.046814
GCIVL,26,0,569000,actor,3.918591169640422,True,0.212058,0.01547,0.373291,0.091249,0.046484,0.015235,0.376954,0.033591,4.442888,0.063666
GCIVL,26,1,569000,actor,3.918591169640422,True,0.212615,0.01597,0.378486,0.082215,0.047266,0.014435,0.375507,0.034006,4.443745,0.063304
GCIVL,26,2,569000,actor,3.918591169640422,True,0.211706,0.015479,0.379066,0.086659,0.047266,0.014668,0.377026,0.035129,4.44096,0.061316
GCIVL,26,3,569000,actor,3.918591169640422,True,0.211909,0.015638,0.378649,0.083849,0.047266,0.014317,0.374794,0.032438,4.441666,0.064077
GCIVL,26,4,569000,actor,3.918591169640422,True,0.214031,0.0159,0.366278,0.087207,0.046094,0.015162,0.371163,0.036197,4.44787,0.061821
GCIVL,27,0,569000,actor,24.393705278635025,True,0.638592,0.031826,0.939135,0.011229,0.582812,0.035792,0.075768,0.004296,5.122316,0.046851
GCIVL,27,1,569000,actor,24.393705278635025,True,0.645087,0.022137,0.939235,0.019834,0.588672,0.029466,0.074907,0.002803,5.132976,0.033057
GCIVL,27,2,569000,actor,24.393705278635025,True,0.646671,0.025466,0.944292,0.009875,0.59375,0.026685,0.074682,0.003378,5.13348,0.036821
GCIVL,27,3,569000,actor,24.393705278635025,True,0.640816,0.022702,0.941366,0.011428,0.586328,0.020625,0.075338,0.002627,5.125734,0.034702
GCIVL,27,4,569000,actor,24.393705278635025,True,0.654865,0.029862,0.945784,0.015689,0.602344,0.031777,0.07376,0.003504,5.146257,0.042714
GCIVL,28,0,569000,actor,27.246270244941115,True,0.659251,0.027511,0.937812,0.012663,0.6,0.027634,0.073391,0.00315,5.153211,0.040005
GCIVL,28,1,569000,actor,27.246270244941115,True,0.658485,0.028112,0.941059,0.010013,0.601953,0.027216,0.073408,0.003194,5.15197,0.041195
GCIVL,28,2,569000,actor,27.246270244941115,True,0.658368,0.028406,0.934961,0.015435,0.597266,0.027526,0.073505,0.003268,5.15203,0.041235
GCIVL,28,3,569000,actor,27.246270244941115,True,0.658847,0.028871,0.940187,0.0117,0.601953,0.030506,0.073362,0.003335,5.152313,0.041791
GCIVL,28,4,569000,actor,27.246270244941115,True,0.660923,0.027653,0.937287,0.012415,0.600781,0.024485,0.073241,0.003164,5.155743,0.040289
GCIVL,29,0,569000,actor,3.029003329575062,True,0.174076,0.020765,0.263821,0.079263,0.020703,0.007144,0.451622,0.039308,4.431696,0.10183
GCIVL,29,1,569000,actor,3.029003329575062,True,0.169127,0.01336,0.310712,0.065849,0.025391,0.006703,0.466991,0.021556,4.406405,0.049263
GCIVL,29,2,569000,actor,3.029003329575062,True,0.17036,0.014587,0.301951,0.041926,0.024609,0.005225,0.460473,0.028776,4.407863,0.078985
GCIVL,29,3,569000,actor,3.029003329575062,True,0.166636,0.014683,0.283231,0.072932,0.021875,0.006939,0.462596,0.02961,4.411096,0.064962
GCIVL,29,4,569000,actor,3.029003329575062,True,0.170533,0.011414,0.266191,0.052554,0.020703,0.005225,0.458933,0.021967,4.426059,0.060536
GCIVL,30,0,569000,actor,11.098322393372655,True,0.505327,0.029216,0.825201,0.020478,0.379688,0.029738,0.102362,0.007067,4.94497,0.053946
GCIVL,30,1,569000,actor,11.098322393372655,True,0.50233,0.030056,0.816564,0.019461,0.372266,0.029581,0.103329,0.007322,4.939218,0.054565
GCIVL,30,2,569000,actor,11.098322393372655,True,0.50234,0.026015,0.825206,0.023514,0.378125,0.029046,0.102729,0.006402,4.938914,0.047507
GCIVL,30,3,569000,actor,11.098322393372655,True,0.502335,0.034424,0.824733,0.025283,0.376953,0.032067,0.10317,0.00849,4.938008,0.062437
GCIVL,30,4,569000,actor,11.098322393372655,True,0.50805,0.026739,0.830959,0.013729,0.385938,0.020735,0.101214,0.006205,4.946592,0.049582
GCIVL,31,0,569000,actor,20.615931395441294,True,0.62787,0.033036,0.914435,0.015625,0.551953,0.036554,0.077923,0.004531,5.111665,0.048769
GCIVL,31,1,569000,actor,20.615931395441294,True,0.625443,0.032036,0.929255,0.022013,0.561328,0.034892,0.077823,0.004329,5.105531,0.050367
GCIVL,31,2,569000,actor,20.615931395441294,True,0.626073,0.029043,0.920447,0.018173,0.554688,0.030481,0.077959,0.003816,5.108793,0.043543
GCIVL,31,3,569000,actor,20.615931395441294,True,0.618631,0.031945,0.914647,0.025202,0.542969,0.044538,0.079301,0.004713,5.100161,0.047449
GCIVL,31,4,569000,actor,20.615931395441294,True,0.628251,0.035528,0.915882,0.014771,0.552734,0.036748,0.07794,0.004617,5.113951,0.055793
GCIVL,32,0,569000,actor,20.115100890398026,True,0.617243,0.026381,0.9177,0.012273,0.542578,0.030562,0.079467,0.003708,5.101047,0.040601
GCIVL,32,1,569000,actor,20.115100890398026,True,0.617352,0.027411,0.917916,0.015626,0.543359,0.030506,0.079373,0.003855,5.100717,0.041974
GCIVL,32,2,569000,actor,20.115100890398026,True,0.617201,0.027293,0.920456,0.013042,0.544922,0.030103,0.07936,0.003761,5.100551,0.041786
GCIVL,32,3,569000,actor,20.115100890398026,True,0.617306,0.026969,0.918864,0.010086,0.543359,0.027954,0.079437,0.003713,5.100908,0.041705
GCIVL,32,4,569000,actor,20.115100890398026,True,0.617201,0.026518,0.92077,0.009024,0.544141,0.023585,0.079456,0.003583,5.101388,0.041028
GCIVL,33,0,569000,actor,10.663397340103984,True,0.495041,0.031169,0.811355,0.024497,0.363672,0.033676,0.105179,0.007611,4.9267,0.056418
GCIVL,33,1,569000,actor,10.663397340103984,True,0.507616,0.02432,0.826932,0.016225,0.382812,0.025315,0.101578,0.005598,4.947636,0.042657
GCIVL,33,2,569000,actor,10.663397340103984,True,0.495186,0.025725,0.810816,0.031483,0.362891,0.031918,0.105195,0.006167,4.930118,0.046255
GCIVL,33,3,569000,actor,10.663397340103984,True,0.493109,0.019409,0.816291,0.030331,0.363672,0.023106,0.105427,0.004497,4.926225,0.036815
GCIVL,33,4,569000,actor,10.663397340103984,True,0.493699,0.02675,0.808156,0.020883,0.360156,0.024965,0.105559,0.006546,4.927143,0.047711
GCIVL,34,0,569000,actor,3.465669360011816,True,0.188552,0.015193,0.344817,0.0658,0.034375,0.011762,0.432863,0.037453,4.428326,0.068461
GCIVL,34,1,569000,actor,3.465669360011816,True,0.186528,0.016581,0.355203,0.064716,0.035156,0.010578,0.437155,0.038375,4.417409,0.077925
GCIVL,34,2,569000,actor,3.465669360011816,True,0.187345,0.016444,0.338314,0.068273,0.033984,0.010261,0.435138,0.03772,4.412157,0.078364
GCIVL,34,3,569000,actor,3.465669360011816,True,0.186742,0.017032,0.348513,0.061633,0.034375,0.009533,0.437211,0.03502,4.41778,0.083552
GCIVL,34,4,569000,actor,3.465669360011816,True,0.186874,0.017278,0.361103,0.06255,0.036328,0.009398,0.436439,0.040969,4.414162,0.078157
GCIVL,35,0,569000,actor,27.74884887970984,True,0.655879,0.031284,0.942429,0.015775,0.601953,0.03234,0.07356,0.003762,5.144979,0.046041
GCIVL,35,1,569000,actor,27.74884887970984,True,0.646349,0.030176,0.945933,0.012507,0.596484,0.030816,0.074499,0.003607,5.129873,0.043349
GCIVL,35,2,569000,actor,27.74884887970984,True,0.642885,0.029594,0.944887,0.015731,0.591016,0.031897,0.075113,0.003723,5.127143,0.04336
GCIVL,35,3,569000,actor,27.74884887970984,True,0.669796,0.020858,0.947308,0.007597,0.61875,0.01834,0.071823,0.00223,5.166139,0.03116
GCIVL,35,4,569000,actor,27.74884887970984,True,0.629406,0.030658,0.946858,0.012524,0.58125,0.036122,0.076576,0.00392,5.104005,0.046778
GCIVL,36,0,569000,actor,24.889053348451853,True,0.646358,0.02655,0.936492,0.006588,0.585938,0.026429,0.075051,0.00329,5.137314,0.040084
GCIVL,36,1,569000,actor,24.889053348451853,True,0.64854,0.030132,0.92976,0.009773,0.582812,0.030246,0.074948,0.003689,5.1398,0.044384
GCIVL,36,2,569000,actor,24.889053348451853,True,0.650182,0.028683,0.932873,0.008349,0.586719,0.027176,0.074669,0.003407,5.142023,0.042738
GCIVL,36,3,569000,actor,24.889053348451853,True,0.65176,0.031698,0.939777,0.011658,0.594531,0.031937,0.074274,0.003803,5.142423,0.046836
GCIVL,36,4,569000,actor,24.889053348451853,True,0.650808,0.029252,0.933601,0.009005,0.588672,0.028231,0.07449,0.003518,5.14287,0.042858
GCIVL,37,0,569000,actor,4.362660767510533,True,0.240903,0.022068,0.395904,0.058036,0.059766,0.01427,0.316611,0.037498,4.498062,0.074274
GCIVL,37,1,569000,actor,4.362660767510533,True,0.2346,0.018982,0.410632,0.0799,0.060547,0.016496,0.322432,0.033432,4.489199,0.070253
GCIVL,37,2,569000,actor,4.362660767510533,True,0.23586,0.014207,0.442641,0.068392,0.06875,0.016074,0.307409,0.030937,4.47455,0.038738
GCIVL,37,3,569000,actor,4.362660767510533,True,0.240333,0.013051,0.45017,0.047513,0.069922,0.010808,0.304283,0.019535,4.489544,0.056584
GCIVL,37,4,569000,actor,4.362660767510533,True,0.230841,0.017902,0.424709,0.061423,0.061328,0.009753,0.326257,0.026118,4.474981,0.061742
GCIVL,38,0,569000,actor,11.523832865059376,True,0.506263,0.028014,0.816553,0.026827,0.375781,0.020489,0.102109,0.006147,4.945352,0.050655
GCIVL,38,1,569000,actor,11.523832865059376,True,0.505938,0.028438,0.826689,0.02411,0.380469,0.019243,0.102091,0.006063,4.945333,0.052206
GCIVL,38,2,569000,actor,11.523832865059376,True,0.506111,0.028304,0.821018,0.027611,0.377734,0.022101,0.102149,0.005996,4.94554,0.05162
GCIVL,38,3,569000,actor,11.523832865059376,True,0.50669,0.028674,0.827987,0.02805,0.381641,0.021399,0.101955,0.006107,4.946437,0.052196
GCIVL,38,4,569000,actor,11.523832865059376,True,0.507895,0.025843,0.819377,0.02198,0.378125,0.020239,0.101804,0.005425,4.948701,0.04782
GCIVL,39,0,569000,actor,17.233267491683364,True,0.597069,0.024722,0.899844,0.016596,0.512891,0.029866,0.08244,0.003899,5.070632,0.039186
GCIVL,39,1,569000,actor,17.233267491683364,True,0.604031,0.029135,0.912356,0.012193,0.526562,0.028575,0.081428,0.004412,5.081126,0.046894
GCIVL,39,2,569000,actor,17.233267491683364,True,0.582268,0.022904,0.906051,0.018185,0.501953,0.028063,0.084792,0.003793,5.049075,0.037254
GCIVL,39,3,569000,actor,17.233267491683364,True,0.59791,0.015266,0.896952,0.015766,0.509766,0.0172,0.082533,0.002073,5.074962,0.025514
GCIVL,39,4,569000,actor,17.233267491683364,True,0.601159,0.042322,0.899997,0.014467,0.515625,0.040845,0.08225,0.006234,5.077036,0.063
GCIVL,40,0,569000,actor,15.714243203401566,True,0.583223,0.030762,0.88786,0.021099,0.489062,0.035074,0.085417,0.005091,5.054665,0.050519
GCIVL,40,1,569000,actor,15.714243203401566,True,0.578498,0.03122,0.888957,0.02053,0.485938,0.037204,0.086122,0.005581,5.047528,0.050856
GCIVL,40,2,569000,actor,15.714243203401566,True,0.58028,0.027833,0.881819,0.019209,0.483203,0.026368,0.08574,0.004337,5.049619,0.04559
GCIVL,40,3,569000,actor,15.714243203401566,True,0.576096,0.034126,0.888489,0.024252,0.484375,0.036319,0.086347,0.005926,5.042861,0.0566
GCIVL,40,4,569000,actor,15.714243203401566,True,0.581435,0.02886,0.890794,0.015253,0.490234,0.019596,0.085325,0.00437,5.049902,0.049031
GCIVL,41,0,569000,actor,13.975006369873881,True,0.545764,0.035828,0.858878,0.025515,0.434375,0.023567,0.092967,0.006396,5.003447,0.061245
GCIVL,41,1,569000,actor,13.975006369873881,True,0.555757,0.029319,0.867628,0.024061,0.45,0.033187,0.090711,0.005396,5.017647,0.050496
GCIVL,41,2,569000,actor,13.975006369873881,True,0.556397,0.030209,0.859949,0.019178,0.446094,0.03113,0.090701,0.005602,5.020799,0.048381
GCIVL,41,3,569000,actor,13.975006369873881,True,0.559975,0.013533,0.855922,0.024392,0.446875,0.023596,0.089905,0.002849,5.024515,0.020104
GCIVL,41,4,569000,actor,13.975006369873881,True,0.558125,0.018154,0.863786,0.012925,0.449219,0.019137,0.090252,0.003241,5.023386,0.03253
GCIVL,42,0,569000,actor,5.645393338054419,True,0.303745,0.018634,0.573593,0.043634,0.13125,0.018524,0.206745,0.017768,4.601094,0.046822
GCIVL,42,1,569000,actor,5.645393338054419,True,0.303764,0.01869,0.576366,0.034049,0.132031,0.017643,0.206567,0.017654,4.600863,0.046945
GCIVL,42,2,569000,actor,5.645393338054419,True,0.303234,0.018989,0.5715,0.03192,0.130469,0.014869,0.206884,0.017492,4.599396,0.047683
GCIVL,42,3,569000,actor,5.645393338054419,True,0.303865,0.018914,0.575884,0.044704,0.132031,0.017547,0.206099,0.016791,4.600283,0.048754
GCIVL,42,4,569000,actor,5.645393338054419,True,0.304712,0.018772,0.581583,0.045465,0.134375,0.019678,0.204853,0.017696,4.60137,0.045435
GCIVL,43,0,569000,actor,22.6703364495188,True,0.642896,0.035345,0.934578,0.022954,0.582031,0.042592,0.075573,0.004854,5.131226,0.05217
GCIVL,43,1,569000,actor,22.6703364495188,True,0.638596,0.035325,0.930575,0.008755,0.573828,0.033776,0.076263,0.004723,5.126187,0.053306
GCIVL,43,2,569000,actor,22.6703364495188,True,0.642568,0.03011,0.93668,0.013181,0.583594,0.036421,0.075461,0.004062,5.129853,0.044216
GCIVL,43,3,569000,actor,22.6703364495188,True,0.635337,0.034017,0.926177,0.015162,0.56875,0.037837,0.076614,0.004802,5.119947,0.05123
GCIVL,43,4,569000,actor,22.6703364495188,True,0.640232,0.03353,0.933652,0.011484,0.578906,0.027424,0.075772,0.004168,5.12607,0.051771
GCIVL,44,0,569000,actor,29.280691388994455,True,0.664129,0.028189,0.949583,0.007171,0.614844,0.026697,0.072518,0.003199,5.15845,0.042065
GCIVL,44,1,569000,actor,29.280691388994455,True,0.664512,0.032643,0.949621,0.006783,0.615234,0.029934,0.072511,0.003655,5.158201,0.047812
GCIVL,44,2,569000,actor,29.280691388994455,True,0.666038,0.027973,0.947611,0.009157,0.615625,0.024788,0.07226,0.003047,5.160514,0.041853
GCIVL,44,3,569000,actor,29.280691388994455,True,0.665394,0.033026,0.948466,0.014104,0.614844,0.029301,0.072465,0.003769,5.159474,0.047958
GCIVL,44,4,569000,actor,29.280691388994455,True,0.667903,0.029237,0.955046,0.009334,0.622266,0.030372,0.072088,0.003359,5.163469,0.042523
GCIVL,45,0,569000,actor,0.9980155248194933,True,0.358367,0.26047,0.063468,0.102223,0.001172,0.001887,0.23291,0.07801,5.090544,0.268984
GCIVL,45,1,569000,actor,0.9980155248194933,True,0.347758,0.233731,0.059254,0.095525,0.001172,0.001887,0.236153,0.075609,5.09093,0.258312
GCIVL,45,2,569000,actor,0.9980155248194933,True,0.431303,0.232227,0.020914,0.066135,0.000391,0.001235,0.21255,0.065969,5.174447,0.232328
GCIVL,45,3,569000,actor,0.9980155248194933,True,0.358781,0.279882,0.056458,0.12416,0.001172,0.002637,0.244855,0.096599,5.039614,0.347294
GCIVL,45,4,569000,actor,0.9980155248194933,True,0.443551,0.280364,0.041844,0.088245,0.000781,0.001647,0.219067,0.083118,5.140955,0.280205
GCIVL,46,0,569000,actor,9.364186115562916,True,0.455873,0.024691,0.772784,0.040746,0.311719,0.027486,0.11667,0.007478,4.867688,0.048318
GCIVL,46,1,569000,actor,9.364186115562916,True,0.454508,0.028474,0.776986,0.033859,0.312891,0.029258,0.117063,0.009003,4.86383,0.055355
GCIVL,46,2,569000,actor,9.364186115562916,True,0.453878,0.026322,0.772698,0.032534,0.310156,0.029988,0.117469,0.008533,4.863853,0.050193
GCIVL,46,3,569000,actor,9.364186115562916,True,0.45511,0.02732,0.767866,0.027071,0.308984,0.02581,0.117069,0.008367,4.865944,0.054159
GCIVL,46,4,569000,actor,9.364186115562916,True,0.46007,0.027056,0.76789,0.036274,0.312109,0.024182,0.115748,0.007531,4.874054,0.053187
GCIVL,47,0,569000,actor,22.34663433395326,True,0.63724,0.026526,0.930854,0.017221,0.573438,0.029104,0.076244,0.003579,5.123679,0.038934
GCIVL,47,1,569000,actor,22.34663433395326,True,0.634517,0.030417,0.928113,0.007985,0.56875,0.030769,0.076676,0.003805,5.120043,0.045566
GCIVL,47,2,569000,actor,22.34663433395326,True,0.641128,0.027945,0.929713,0.013473,0.575391,0.030428,0.075895,0.003398,5.130523,0.042137
GCIVL,47,3,569000,actor,22.34663433395326,True,0.63484,0.02485,0.931316,0.020287,0.571875,0.025661,0.076443,0.003016,5.120621,0.038186
GCIVL,47,4,569000,actor,22.34663433395326,True,0.643762,0.028304,0.926599,0.016806,0.576953,0.03325,0.075465,0.003669,5.131764,0.041432
GCIVL,48,0,569000,actor,20.959089109674096,True,0.626629,0.027731,0.926074,0.011216,0.557812,0.026988,0.07798,0.003769,5.111862,0.04234
GCIVL,48,1,569000,actor,20.959089109674096,True,0.623349,0.031332,0.920376,0.01485,0.551562,0.034292,0.078457,0.004392,5.106631,0.046866
GCIVL,48,2,569000,actor,20.959089109674096,True,0.62382,0.027556,0.916209,0.015112,0.548828,0.029535,0.078432,0.003848,5.108107,0.042298
GCIVL,48,3,569000,actor,20.959089109674096,True,0.625144,0.031499,0.91938,0.010285,0.551562,0.029278,0.078331,0.004216,5.109953,0.048402
GCIVL,48,4,569000,actor,20.959089109674096,True,0.628051,0.027494,0.924817,0.011267,0.559766,0.028471,0.077613,0.003792,5.112595,0.042375
GCIVL,49,0,569000,actor,7.910735439509153,True,0.406459,0.020859,0.719347,0.038832,0.247656,0.022493,0.136693,0.008264,4.78818,0.050071
GCIVL,49,1,569000,actor,7.910735439509153,True,0.413862,0.026978,0.732567,0.039448,0.260547,0.035756,0.133261,0.012272,4.797812,0.050853
GCIVL,49,2,569000,actor,7.910735439509153,True,0.410137,0.021435,0.724026,0.035829,0.253125,0.018941,0.134443,0.007359,4.792459,0.047522
GCIVL,49,3,569000,actor,7.910735439509153,True,0.414234,0.025859,0.708959,0.0295,0.250391,0.020707,0.133331,0.009512,4.797355,0.049897
GCIVL,49,4,569000,actor,7.910735439509153,True,0.406389,0.0238,0.716999,0.034473,0.248828,0.020176,0.13557,0.008533,4.782041,0.053658
GCIVL,50,0,569000,actor,0.5772706400603056,True,0.7558,0.257144,0.024668,0.078006,0.000391,0.001235,0.125524,0.070129,5.383313,0.250845
GCIVL,50,1,569000,actor,0.5772706400603056,True,0.739152,0.264102,0.024725,0.078186,0.000391,0.001235,0.128803,0.070915,5.376671,0.251029
GCIVL,50,2,569000,actor,0.5772706400603056,True,0.743814,0.262479,0.024785,0.078379,0.000391,0.001235,0.126704,0.069397,5.379939,0.250643
GCIVL,50,3,569000,actor,0.5772706400603056,True,0.755484,0.255717,0.024819,0.078484,0.000391,0.001235,0.126046,0.069658,5.382466,0.251904
GCIVL,50,4,569000,actor,0.5772706400603056,True,0.724596,0.277874,0.024683,0.078054,0.000391,0.001235,0.130262,0.071338,5.371977,0.250685
GCIVL,51,0,569000,actor,28.794033899903297,True,0.657719,0.024113,0.955645,0.012075,0.614453,0.02187,0.072984,0.002663,5.14766,0.037848
GCIVL,51,1,569000,actor,28.794033899903297,True,0.663351,0.021287,0.953387,0.019141,0.618359,0.026175,0.072356,0.002527,5.154958,0.030581
GCIVL,51,2,569000,actor,28.794033899903297,True,0.655767,0.023383,0.954088,0.014527,0.611719,0.025396,0.073205,0.002711,5.143648,0.036152
GCIVL,51,3,569000,actor,28.794033899903297,True,0.661329,0.019455,0.955354,0.007669,0.617969,0.019644,0.072525,0.002092,5.152403,0.029365
GCIVL,51,4,569000,actor,28.794033899903297,True,0.661558,0.02254,0.951155,0.014343,0.614453,0.021947,0.072631,0.002401,5.15278,0.034231
GCIVL,52,0,569000,actor,24.036813816055655,True,0.640827,0.030928,0.935277,0.006722,0.580078,0.028183,0.075742,0.003797,5.128921,0.045674
GCIVL,52,1,569000,actor,24.036813816055655,True,0.642402,0.031413,0.940005,0.008227,0.585547,0.024941,0.07539,0.003667,5.130133,0.047519
GCIVL,52,2,569000,actor,24.036813816055655,True,0.642254,0.030332,0.935991,0.009837,0.582422,0.029888,0.075498,0.003689,5.130357,0.045144
GCIVL,52,3,569000,actor,24.036813816055655,True,0.642676,0.030541,0.938357,0.009338,0.584375,0.026185,0.075416,0.003695,5.130834,0.045248
GCIVL,52,4,569000,actor,24.036813816055655,True,0.64329,0.029141,0.932363,0.006381,0.580469,0.029532,0.075458,0.003663,5.132413,0.043064
GCIVL,53,0,569000,actor,7.063149176537991,True,0.38258,0.025556,0.677955,0.039294,0.214844,0.026493,0.149225,0.012565,4.746218,0.061065
GCIVL,53,1,569000,actor,7.063149176537991,True,0.376615,0.020205,0.695371,0.044217,0.217969,0.024276,0.150422,0.010271,4.734192,0.048984
GCIVL,53,2,569000,actor,7.063149176537991,True,0.376612,0.022487,0.684076,0.042656,0.214062,0.025767,0.150917,0.011634,4.734063,0.053336
GCIVL,53,3,569000,actor,7.063149176537991,True,0.374068,0.024486,0.685397,0.04493,0.213281,0.024094,0.151664,0.012156,4.726498,0.060345
GCIVL,53,4,569000,actor,7.063149176537991,True,0.37524,0.022614,0.680045,0.016891,0.210547,0.01631,0.152166,0.011714,4.731334,0.054692
GCIVL,54,0,569000,actor,14.433284299448133,True,0.567684,0.033083,0.87533,0.018556,0.466797,0.035908,0.088295,0.005922,5.032783,0.055131
GCIVL,54,1,569000,actor,14.433284299448133,True,0.560722,0.031917,0.881722,0.010632,0.464062,0.029566,0.089387,0.005786,5.021771,0.054091
GCIVL,54,2,569000,actor,14.433284299448133,True,0.563923,0.030726,0.882816,0.014245,0.46875,0.029115,0.088567,0.005252,5.026086,0.050491
GCIVL,54,3,569000,actor,14.433284299448133,True,0.55651,0.033651,0.878974,0.016756,0.459766,0.036321,0.090061,0.006602,5.015232,0.055898
GCIVL,54,4,569000,actor,14.433284299448133,True,0.560796,0.027021,0.873032,0.011441,0.457812,0.023924,0.089606,0.004793,5.023186,0.047274
GCIVL,55,0,569000,actor,16.22379245236516,True,0.592018,0.02569,0.884541,0.021309,0.494141,0.024027,0.084045,0.003571,5.069287,0.040944
GCIVL,55,1,569000,actor,16.22379245236516,True,0.595771,0.023894,0.893671,0.031016,0.505469,0.028658,0.083008,0.003346,5.072509,0.038564
GCIVL,55,2,569000,actor,16.22379245236516,True,0.589826,0.020836,0.900161,0.025582,0.503906,0.034548,0.083961,0.003843,5.066401,0.02975
GCIVL,55,3,569000,actor,16.22379245236516,True,0.598963,0.021466,0.898074,0.012464,0.508984,0.02108,0.082818,0.003113,5.080335,0.033347
GCIVL,55,4,569000,actor,16.22379245236516,True,0.585527,0.017764,0.886903,0.021565,0.491406,0.017156,0.084655,0.002369,5.057643,0.031517
GCIVL,56,0,569000,actor,18.68020207621157,True,0.605171,0.028201,0.909408,0.018015,0.525781,0.030879,0.081285,0.004144,5.083129,0.044529
GCIVL,56,1,569000,actor,18.68020207621157,True,0.605465,0.029225,0.906039,0.019338,0.523828,0.033169,0.081313,0.004353,5.083584,0.046802
GCIVL,56,2,569000,actor,18.68020207621157,True,0.605214,0.028098,0.907163,0.020533,0.524609,0.03756,0.081334,0.00436,5.083272,0.044117
GCIVL,56,3,569000,actor,18.68020207621157,True,0.606304,0.031201,0.90848,0.019203,0.526172,0.035709,0.081204,0.004584,5.084906,0.049336
GCIVL,56,4,569000,actor,18.68020207621157,True,0.608536,0.029142,0.908589,0.012339,0.527734,0.032912,0.080946,0.004395,5.088985,0.045005
GCIVL,57,0,569000,actor,12.91949613019824,True,0.539037,0.025589,0.849498,0.016237,0.423047,0.027066,0.094412,0.005119,4.993228,0.045697
GCIVL,57,1,569000,actor,12.91949613019824,True,0.553892,0.031795,0.857459,0.021928,0.442578,0.031361,0.091162,0.005867,5.014638,0.055054
GCIVL,57,2,569000,actor,12.91949613019824,True,0.531238,0.038515,0.865215,0.017896,0.428125,0.036375,0.095276,0.007421,4.975621,0.061661
GCIVL,57,3,569000,actor,12.91949613019824,True,0.534163,0.01666,0.857633,0.016525,0.423828,0.020109,0.094986,0.00339,4.984925,0.026851
GCIVL,57,4,569000,actor,12.91949613019824,True,0.541562,0.032203,0.867733,0.019896,0.438281,0.030912,0.093178,0.006216,4.995662,0.054281
GCIVL,58,0,569000,actor,4.842801941558719,True,0.263331,0.017755,0.470369,0.056123,0.085156,0.017254,0.263046,0.026808,4.529661,0.044893
GCIVL,58,1,569000,actor,4.842801941558719,True,0.264042,0.020668,0.453112,0.04002,0.081641,0.013712,0.263742,0.029368,4.530096,0.053035
GCIVL,58,2,569000,actor,4.842801941558719,True,0.261124,0.018682,0.486227,0.053049,0.087891,0.015213,0.262571,0.027387,4.521016,0.047083
GCIVL,58,3,569000,actor,4.842801941558719,True,0.261783,0.02076,0.477953,0.039974,0.085547,0.013208,0.26525,0.029108,4.525805,0.052248
GCIVL,58,4,569000,actor,4.842801941558719,True,0.265397,0.020472,0.476148,0.040017,0.086719,0.012864,0.260566,0.031122,4.5331,0.046643
GCIVL,59,0,569000,actor,25.317916050553322,True,0.653559,0.027425,0.939242,0.014872,0.596484,0.032788,0.073979,0.003463,5.145194,0.039584
GCIVL,59,1,569000,actor,25.317916050553322,True,0.651759,0.032782,0.939198,0.009775,0.594141,0.032912,0.074297,0.004037,5.142281,0.048551
GCIVL,59,2,569000,actor,25.317916050553322,True,0.649794,0.024033,0.939748,0.010253,0.593359,0.027588,0.074365,0.003043,5.139855,0.033022
GCIVL,59,3,569000,actor,25.317916050553322,True,0.65578,0.032,0.941824,0.008378,0.600391,0.033504,0.073727,0.003935,5.146899,0.046061
GCIVL,59,4,569000,actor,25.317916050553322,True,0.646243,0.032668,0.93656,0.019674,0.587109,0.039753,0.075022,0.004231,5.134245,0.047741
GCIVL,60,0,569000,actor,26.32480605505407,True,0.654844,0.03058,0.944427,0.008211,0.600781,0.031185,0.073858,0.003708,5.147394,0.044667
GCIVL,60,1,569000,actor,26.32480605505407,True,0.650696,0.030553,0.946071,0.011432,0.598828,0.032891,0.074246,0.003913,5.141466,0.044954
GCIVL,60,2,569000,actor,26.32480605505407,True,0.656271,0.028961,0.941174,0.012203,0.601172,0.029775,0.073537,0.003537,5.146863,0.042704
GCIVL,60,3,569000,actor,26.32480605505407,True,0.655032,0.032144,0.939493,0.014482,0.598047,0.037758,0.073865,0.004085,5.145532,0.048432
GCIVL,60,4,569000,actor,26.32480605505407,True,0.655754,0.03055,0.948914,0.01194,0.60625,0.030581,0.073536,0.003815,5.147491,0.046067
GCIVL,61,0,569000,actor,2.107539139688015,True,0.173601,0.069064,0.145513,0.152718,0.005859,0.007191,0.386197,0.084941,4.664236,0.237533
GCIVL,61,1,569000,actor,2.107539139688015,True,0.150285,0.045599,0.160853,0.106738,0.00625,0.004199,0.406928,0.059204,4.616146,0.168251
GCIVL,61,2,569000,actor,2.107539139688015,True,0.191395,0.096334,0.146619,0.143925,0.00625,0.006939,0.385165,0.091865,4.677963,0.25475
GCIVL,61,3,569000,actor,2.107539139688015,True,0.145496,0.037454,0.15288,0.095748,0.00625,0.004199,0.436478,0.041223,4.550011,0.130595
GCIVL,61,4,569000,actor,2.107539139688015,True,0.146514,0.027261,0.149765,0.094964,0.005859,0.004219,0.416488,0.043787,4.590403,0.123677
GCIVL,62,0,569000,actor,10.147561328485608,True,0.474742,0.026065,0.796298,0.028349,0.337891,0.023091,0.11081,0.006584,4.898031,0.049754
GCIVL,62,1,569000,actor,10.147561328485608,True,0.474647,0.02588,0.799397,0.027016,0.339844,0.023219,0.11061,0.006534,4.89759,0.050097
GCIVL,62,2,569000,actor,10.147561328485608,True,0.474182,0.025868,0.801583,0.027452,0.339844,0.022703,0.110892,0.006469,4.897265,0.05001
GCIVL,62,3,569000,actor,10.147561328485608,True,0.474285,0.026211,0.798684,0.025337,0.338672,0.020674,0.110861,0.006721,4.897341,0.050012
GCIVL,62,4,569000,actor,10.147561328485608,True,0.474638,0.022952,0.799521,0.026791,0.339453,0.024321,0.110752,0.006044,4.898392,0.044938
GCIVL,63,0,569000,actor,19.665170330554247,True,0.622992,0.034727,0.92174,0.01714,0.552344,0.03693,0.078514,0.005001,5.104469,0.052625
GCIVL,63,1,569000,actor,19.665170330554247,True,0.615752,0.032459,0.930294,0.018277,0.551953,0.035661,0.079269,0.004706,5.095062,0.04999
GCIVL,63,2,569000,actor,19.665170330554247,True,0.627603,0.029549,0.917225,0.013847,0.553516,0.033352,0.077886,0.004006,5.111878,0.043971
GCIVL,63,3,569000,actor,19.665170330554247,True,0.616799,0.02608,0.913041,0.011148,0.538672,0.027154,0.079617,0.003678,5.09914,0.041419
GCIVL,63,4,569000,actor,19.665170330554247,True,0.623838,0.025192,0.920944,0.020702,0.551953,0.025783,0.078325,0.003018,5.107686,0.040963
QRL,0,0,83750,actor,27.46814771555364,True,0.593016,0.030024,0.96428,0.010581,0.561719,0.028693,0.080649,0.004023,5.039172,0.047386
QRL,0,1,83750,actor,27.46814771555364,True,0.592198,0.026473,0.961799,0.009881,0.558594,0.029174,0.080881,0.003693,5.039215,0.042637
QRL,0,2,83750,actor,27.46814771555364,True,0.598072,0.03093,0.965972,0.011652,0.567969,0.033309,0.079935,0.004131,5.047374,0.048202
QRL,0,3,83750,actor,27.46814771555364,True,0.588873,0.027149,0.962021,0.007905,0.555859,0.02793,0.081297,0.00383,5.033212,0.044159
QRL,0,4,83750,actor,27.46814771555364,True,0.59193,0.027689,0.965269,0.012263,0.560938,0.027013,0.080819,0.003741,5.038049,0.045828
QRL,1,0,83750,actor,8.010897729545832,True,0.416782,0.028063,0.795886,0.026471,0.297656,0.028336,0.126107,0.009318,4.765119,0.059636
QRL,1,1,83750,actor,8.010897729545832,True,0.415963,0.027274,0.806854,0.027104,0.301953,0.031844,0.126129,0.009616,4.765058,0.056897
QRL,1,2,83750,actor,8.010897729545832,True,0.419263,0.031446,0.794132,0.033311,0.298438,0.030044,0.125608,0.010655,4.770712,0.064624
QRL,1,3,83750,actor,8.010897729545832,True,0.413725,0.027948,0.796681,0.03992,0.295312,0.029988,0.1272,0.009378,4.759013,0.062395
QRL,1,4,83750,actor,8.010897729545832,True,0.421174,0.026129,0.79157,0.029209,0.298438,0.030934,0.125173,0.009389,4.775671,0.053409
QRL,2,0,83750,actor,4.3266514129936695,True,0.267747,0.018654,0.520041,0.047234,0.101562,0.021395,0.245101,0.027452,4.490703,0.049211
QRL,2,1,83750,actor,4.3266514129936695,True,0.268044,0.018063,0.513922,0.064792,0.1,0.022036,0.245755,0.026552,4.49198,0.047797
QRL,2,2,83750,actor,4.3266514129936695,True,0.267854,0.018166,0.50452,0.056588,0.098047,0.021032,0.246055,0.027457,4.492051,0.04857
QRL,2,3,83750,actor,4.3266514129936695,True,0.266985,0.01979,0.513486,0.057448,0.099609,0.021807,0.246788,0.029072,4.489138,0.04818
QRL,2,4,83750,actor,4.3266514129936695,True,0.268555,0.018719,0.512487,0.06483,0.099609,0.023814,0.246619,0.027931,4.494308,0.048303
QRL,3,0,83750,actor,16.26832357607782,True,0.469197,0.030031,0.885797,0.01871,0.391016,0.02665,0.106642,0.007817,4.844903,0.060044
QRL,3,1,83750,actor,16.26832357607782,True,0.485242,0.031512,0.897484,0.020496,0.413281,0.031831,0.102242,0.006788,4.870402,0.059555
QRL,3,2,83750,actor,16.26832357607782,True,0.473043,0.028195,0.892592,0.025873,0.400781,0.033156,0.104914,0.007228,4.847851,0.052784
QRL,3,3,83750,actor,16.26832357607782,True,0.471833,0.023327,0.884092,0.009706,0.391406,0.016242,0.106064,0.005053,4.849516,0.049367
QRL,3,4,83750,actor,16.26832357607782,True,0.464027,0.030312,0.893958,0.024007,0.391406,0.030747,0.107528,0.007166,4.831465,0.061771
QRL,4,0,83750,actor,20.501224575564265,True,0.57253,0.028681,0.939568,0.013298,0.522266,0.023003,0.084492,0.004241,5.013049,0.047565
QRL,4,1,83750,actor,20.501224575564265,True,0.572372,0.024431,0.941657,0.010505,0.524219,0.022837,0.084341,0.003685,5.012231,0.041873
QRL,4,2,83750,actor,20.501224575564265,True,0.573631,0.026987,0.940623,0.014204,0.525,0.02506,0.084151,0.004029,5.014215,0.045038
QRL,4,3,83750,actor,20.501224575564265,True,0.572356,0.026293,0.941685,0.009967,0.523828,0.025144,0.084428,0.003791,5.012668,0.045525
QRL,4,4,83750,actor,20.501224575564265,True,0.572551,0.027851,0.938831,0.013536,0.522266,0.024777,0.084439,0.004246,5.012621,0.046026
QRL,5,0,83750,actor,0.09183330461382866,True,0.844795,0.318939,0.0,0.0,0.0,0.0,0.074696,0.045231,5.48462,0.126122
QRL,5,1,83750,actor,0.09183330461382866,True,0.962348,0.104852,0.0,0.0,0.0,0.0,0.057727,0.012776,5.535338,0.024361
QRL,5,2,83750,actor,0.09183330461382866,True,0.987502,0.024814,0.0,0.0,0.0,0.0,0.05526,0.005181,5.540933,0.006405
QRL,5,3,83750,actor,0.09183330461382866,True,0.910913,0.26361,0.0,0.0,0.0,0.0,0.066914,0.04242,5.502883,0.125615
QRL,5,4,83750,actor,0.09183330461382866,True,0.915167,0.209776,0.0,0.0,0.0,0.0,0.063823,0.026772,5.519189,0.065054
QRL,6,0,83750,actor,11.308237072080374,True,0.48605,0.029525,0.877871,0.016423,0.399609,0.032267,0.103491,0.007248,4.881924,0.053943
QRL,6,1,83750,actor,11.308237072080374,True,0.487054,0.028642,0.86513,0.02359,0.392969,0.027511,0.103558,0.006283,4.885632,0.053542
QRL,6,2,83750,actor,11.308237072080374,True,0.490289,0.027063,0.879371,0.021084,0.405078,0.027004,0.102092,0.005966,4.888995,0.051016
QRL,6,3,83750,actor,11.308237072080374,True,0.490028,0.025739,0.871185,0.030214,0.400781,0.033258,0.102325,0.006122,4.886801,0.048474
QRL,6,4,83750,actor,11.308237072080374,True,0.48888,0.024179,0.882868,0.020584,0.40625,0.025976,0.10216,0.005395,4.885657,0.04685
QRL,7,0,83750,actor,24.172782255336642,True,0.557683,0.036153,0.94278,0.006569,0.511328,0.035964,0.086796,0.005871,4.985283,0.062895
QRL,7,1,83750,actor,24.172782255336642,True,0.571013,0.02556,0.948814,0.007806,0.527734,0.027154,0.084455,0.003923,5.008569,0.042201
QRL,7,2,83750,actor,24.172782255336642,True,0.577568,0.032023,0.95184,0.009148,0.536328,0.028826,0.083408,0.004572,5.017121,0.053439
QRL,7,3,83750,actor,24.172782255336642,True,0.569131,0.038047,0.952826,0.012961,0.528906,0.03693,0.084818,0.006056,5.004466,0.063249
QRL,7,4,83750,actor,24.172782255336642,True,0.57035,0.0244,0.947691,0.018226,0.526953,0.032183,0.084509,0.003912,5.008056,0.040961
QRL,8,0,83750,actor,24.90601435303688,True,0.588886,0.026985,0.960231,0.011297,0.553516,0.02744,0.081484,0.003815,5.035956,0.044995
QRL,8,1,83750,actor,24.90601435303688,True,0.589443,0.027897,0.959047,0.012488,0.553516,0.027066,0.081381,0.003834,5.036446,0.04619
QRL,8,2,83750,actor,24.90601435303688,True,0.590716,0.027236,0.960017,0.012016,0.555469,0.027238,0.081178,0.003808,5.038037,0.043824
QRL,8,3,83750,actor,24.90601435303688,True,0.588508,0.025413,0.95511,0.009454,0.549219,0.024443,0.081654,0.003485,5.03576,0.042416
QRL,8,4,83750,actor,24.90601435303688,True,0.589421,0.026206,0.959415,0.013631,0.553516,0.026175,0.081394,0.003574,5.036445,0.044409
QRL,9,0,83750,actor,14.377906182780862,True,0.441501,0.0241,0.876434,0.023172,0.361328,0.024168,0.114057,0.006482,4.791945,0.052148
QRL,9,1,83750,actor,14.377906182780862,True,0.40543,0.025829,0.83239,0.04405,0.309375,0.033441,0.126937,0.009083,4.72346,0.059656
QRL,9,2,83750,actor,14.377906182780862,True,0.436068,0.024487,0.862467,0.034243,0.349609,0.029246,0.116143,0.0076,4.784853,0.048292
QRL,9,3,83750,actor,14.377906182780862,True,0.392654,0.024263,0.839368,0.029382,0.300781,0.021553,0.131336,0.009216,4.699527,0.051962
QRL,9,4,83750,actor,14.377906182780862,True,0.425567,0.022637,0.874482,0.031573,0.348438,0.024692,0.11802,0.006889,4.753571,0.049239
QRL,10,0,83750,actor,3.049921179190278,True,0.187872,0.0145,0.316846,0.097962,0.033203,0.013933,0.422695,0.037908,4.367654,0.061399
QRL,10,1,83750,actor,3.049921179190278,True,0.186849,0.013234,0.344057,0.093335,0.035938,0.014358,0.424471,0.035037,4.364956,0.057048
QRL,10,2,83750,actor,3.049921179190278,True,0.185585,0.013422,0.35404,0.087576,0.037109,0.013933,0.424301,0.03526,4.360693,0.056904
QRL,10,3,83750,actor,3.049921179190278,True,0.187945,0.014652,0.325032,0.09539,0.033984,0.014737,0.422853,0.037397,4.369831,0.064499
QRL,10,4,83750,actor,3.049921179190278,True,0.185666,0.012422,0.347146,0.116835,0.036328,0.017181,0.427747,0.035645,4.365359,0.062394
QRL,11,0,83750,actor,21.122876331210136,True,0.566026,0.038747,0.943055,0.012768,0.51875,0.038573,0.08562,0.006125,5.001351,0.064767
QRL,11,1,83750,actor,21.122876331210136,True,0.562349,0.031261,0.944551,0.011121,0.516016,0.030171,0.08606,0.00498,4.995853,0.052766
QRL,11,2,83750,actor,21.122876331210136,True,0.563265,0.031469,0.945815,0.015784,0.519141,0.035775,0.085713,0.005164,4.995543,0.053131
QRL,11,3,83750,actor,21.122876331210136,True,0.560198,0.03494,0.944529,0.012325,0.514453,0.028051,0.086316,0.005319,4.990894,0.062706
QRL,11,4,83750,actor,21.122876331210136,True,0.561073,0.034437,0.941687,0.019874,0.512891,0.029638,0.086311,0.005104,4.993385,0.05845
QRL,12,0,83750,actor,16.88806515187025,True,0.549365,0.026805,0.92625,0.019173,0.491016,0.029922,0.088657,0.004443,4.976947,0.045883
QRL,12,1,83750,actor,16.88806515187025,True,0.547936,0.028708,0.927987,0.016489,0.491797,0.029431,0.088699,0.004821,4.974295,0.048251
QRL,12,2,83750,actor,16.88806515187025,True,0.549253,0.02919,0.931303,0.006279,0.49375,0.027511,0.088644,0.004597,4.978079,0.050021
QRL,12,3,83750,actor,16.88806515187025,True,0.543824,0.02545,0.935802,0.020303,0.492188,0.026429,0.089314,0.004277,4.967831,0.044695
QRL,12,4,83750,actor,16.88806515187025,True,0.545925,0.028456,0.929527,0.016101,0.491016,0.028885,0.088978,0.004699,4.971203,0.049555
QRL,13,0,83750,actor,7.282815696671605,True,0.375335,0.01834,0.743645,0.046631,0.240234,0.023383,0.145678,0.008369,4.695709,0.044627
QRL,13,1,83750,actor,7.282815696671605,True,0.355276,0.015814,0.721243,0.030758,0.218359,0.014668,0.155174,0.00725,4.649113,0.041535
QRL,13,2,83750,actor,7.282815696671605,True,0.370669,0.028054,0.724591,0.028597,0.23125,0.025235,0.148199,0.014265,4.680289,0.066396
QRL,13,3,83750,actor,7.282815696671605,True,0.37257,0.02384,0.750233,0.04746,0.244922,0.031415,0.144823,0.011696,4.677789,0.055809
QRL,13,4,83750,actor,7.282815696671605,True,0.374192,0.016923,0.734533,0.058591,0.237109,0.024982,0.145704,0.007778,4.692275,0.039939
QRL,14,0,83750,actor,11.082533346489072,True,0.489068,0.019565,0.881528,0.017785,0.403906,0.017682,0.102456,0.004232,4.889436,0.03961
QRL,14,1,83750,actor,11.082533346489072,True,0.48972,0.018423,0.879238,0.021065,0.403906,0.018707,0.102177,0.003763,4.890055,0.038489
QRL,14,2,83750,actor,11.082533346489072,True,0.489385,0.020805,0.8784,0.017258,0.403125,0.014593,0.102263,0.004264,4.888526,0.042372
QRL,14,3,83750,actor,11.082533346489072,True,0.490007,0.019272,0.879462,0.015239,0.404297,0.018252,0.102122,0.004118,4.889648,0.040048
QRL,14,4,83750,actor,11.082533346489072,True,0.490149,0.019763,0.879866,0.017368,0.404688,0.019066,0.102076,0.004099,4.889802,0.041085
QRL,15,0,83750,actor,28.20336151868105,True,0.551813,0.023989,0.955961,0.008912,0.515234,0.024599,0.087134,0.003851,4.973832,0.042598
QRL,15,1,83750,actor,28.20336151868105,True,0.552128,0.032243,0.954541,0.007503,0.513672,0.031264,0.087389,0.005201,4.9769,0.055043
QRL,15,2,83750,actor,28.20336151868105,True,0.549233,0.022423,0.942664,0.010976,0.504297,0.020625,0.087752,0.003697,4.969685,0.040621
QRL,15,3,83750,actor,28.20336151868105,True,0.544132,0.029588,0.942007,0.012764,0.498438,0.031477,0.088864,0.004919,4.962114,0.053726
QRL,15,4,83750,actor,28.20336151868105,True,0.528034,0.024691,0.940492,0.023632,0.482812,0.032432,0.091588,0.004842,4.934041,0.04456
QRL,16,0,83750,actor,29.858598103746772,True,0.602926,0.027747,0.965966,0.01053,0.571094,0.026736,0.079432,0.003579,5.055896,0.045511
QRL,16,1,83750,actor,29.858598103746772,True,0.602821,0.02772,0.962302,0.006672,0.569531,0.026545,0.079352,0.003642,5.055226,0.045585
QRL,16,2,83750,actor,29.858598103746772,True,0.603739,0.0275,0.959552,0.010676,0.568359,0.027452,0.079288,0.003548,5.05629,0.044459
QRL,16,3,83750,actor,29.858598103746772,True,0.603055,0.026726,0.964373,0.012532,0.571094,0.030525,0.079325,0.003634,5.055524,0.043131
QRL,16,4,83750,actor,29.858598103746772,True,0.603485,0.028034,0.963646,0.011214,0.571094,0.028693,0.079256,0.003653,5.055898,0.045761
QRL,17,0,83750,actor,9.485831502825022,True,0.375591,0.026209,0.782198,0.030776,0.261719,0.027437,0.141117,0.01161,4.674432,0.060928
QRL,17,1,83750,actor,9.485831502825022,True,0.38417,0.031566,0.799232,0.036879,0.275391,0.034805,0.137626,0.014572,4.692179,0.069638
QRL,17,2,83750,actor,9.485831502825022,True,0.379481,0.023704,0.788313,0.050818,0.268359,0.035471,0.138956,0.01131,4.678726,0.054524
QRL,17,3,83750,actor,9.485831502825022,True,0.36844,0.02646,0.794203,0.039398,0.260938,0.028693,0.14386,0.012844,4.65485,0.058705
QRL,17,4,83750,actor,9.485831502825022,True,0.396302,0.025319,0.794037,0.030765,0.28125,0.028527,0.133206,0.010238,4.719959,0.05289
QRL,18,0,83750,actor,5.656916666775942,True,0.327721,0.023444,0.646324,0.063208,0.171875,0.025846,0.177936,0.015537,4.604028,0.060711
QRL,18,1,83750,actor,5.656916666775942,True,0.328663,0.024432,0.661313,0.050177,0.178125,0.024023,0.17561,0.015648,4.603664,0.059869
QRL,18,2,83750,actor,5.656916666775942,True,0.333687,0.025189,0.63739,0.056083,0.172266,0.02397,0.174927,0.015495,4.617378,0.061878
QRL,18,3,83750,actor,5.656916666775942,True,0.330826,0.024974,0.666396,0.055181,0.180859,0.027378,0.174735,0.017092,4.609447,0.060726
QRL,18,4,83750,actor,5.656916666775942,True,0.329237,0.023169,0.655626,0.06618,0.176172,0.031002,0.176773,0.016892,4.608433,0.055414
QRL,19,0,83750,actor,18.572727805003524,True,0.506811,0.035401,0.923663,0.014277,0.45,0.036957,0.096736,0.007186,4.90505,0.062905
QRL,19,1,83750,actor,18.572727805003524,True,0.51981,0.017692,0.929626,0.016332,0.465625,0.023132,0.093743,0.003722,4.927701,0.030672
QRL,19,2,83750,actor,18.572727805003524,True,0.527638,0.023673,0.903739,0.023422,0.455078,0.030159,0.093343,0.004521,4.947669,0.042831
QRL,19,3,83750,actor,18.572727805003524,True,0.521509,0.021411,0.924942,0.016399,0.464844,0.020422,0.093414,0.003932,4.930212,0.038644
QRL,19,4,83750,actor,18.572727805003524,True,0.518346,0.021182,0.910082,0.015501,0.451172,0.025731,0.09477,0.004327,4.929629,0.037633
QRL,20,0,83750,actor,21.840627221390605,True,0.576278,0.028555,0.945592,0.013373,0.530078,0.022706,0.083768,0.004013,5.017926,0.047421
QRL,20,1,83750,actor,21.840627221390605,True,0.576681,0.024959,0.950136,0.007919,0.533594,0.026055,0.083632,0.003803,5.018465,0.041954
QRL,20,2,83750,actor,21.840627221390605,True,0.579162,0.028236,0.950107,0.008673,0.535938,0.028987,0.0833,0.004157,5.022953,0.044731
QRL,20,3,83750,actor,21.840627221390605,True,0.571337,0.02492,0.950304,0.006918,0.529688,0.022189,0.084232,0.003595,5.009625,0.042538
QRL,20,4,83750,actor,21.840627221390605,True,0.575617,0.028686,0.949328,0.013112,0.532422,0.031361,0.083803,0.004366,5.016209,0.047406
QRL,21,0,83750,actor,2.390705030411482,True,0.151151,0.016612,0.207795,0.068812,0.011328,0.005026,0.451063,0.031036,4.424353,0.077134
QRL,21,1,83750,actor,2.390705030411482,True,0.143594,0.00927,0.250015,0.064325,0.015234,0.006497,0.476251,0.035492,4.359428,0.082144
QRL,21,2,83750,actor,2.390705030411482,True,0.150136,0.012064,0.197599,0.060263,0.011328,0.005026,0.463608,0.031472,4.40084,0.076914
QRL,21,3,83750,actor,2.390705030411482,True,0.152457,0.02135,0.226215,0.056677,0.012891,0.004529,0.452872,0.045064,4.405585,0.098758
QRL,21,4,83750,actor,2.390705030411482,True,0.149254,0.008489,0.250499,0.048299,0.016406,0.006052,0.474565,0.028238,4.354699,0.079864
QRL,22,0,83750,actor,13.689521457999945,True,0.525172,0.023754,0.902714,0.020679,0.451172,0.02069,0.093939,0.004187,4.944143,0.044553
QRL,22,1,83750,actor,13.689521457999945,True,0.523864,0.02091,0.909355,0.02022,0.453906,0.019119,0.094025,0.003657,4.942373,0.040828
QRL,22,2,83750,actor,13.689521457999945,True,0.525328,0.022868,0.907346,0.013103,0.454688,0.020931,0.093699,0.00403,4.944139,0.042764
QRL,22,3,83750,actor,13.689521457999945,True,0.5228,0.020252,0.899356,0.019634,0.448438,0.02106,0.094149,0.003673,4.940175,0.039787
QRL,22,4,83750,actor,13.689521457999945,True,0.524803,0.023801,0.90946,0.012599,0.455469,0.023882,0.093801,0.004447,4.94364,0.044716
QRL,23,0,83750,actor,25.653162701055408,True,0.506405,0.026082,0.932495,0.016098,0.455859,0.027869,0.096173,0.005489,4.89723,0.046851
QRL,23,1,83750,actor,25.653162701055408,True,0.509452,0.03359,0.92691,0.020468,0.457031,0.038932,0.095554,0.006581,4.900817,0.061112
QRL,23,2,83750,actor,25.653162701055408,True,0.499929,0.026548,0.933794,0.013373,0.451172,0.024097,0.097266,0.005374,4.882494,0.052683
QRL,23,3,83750,actor,25.653162701055408,True,0.507882,0.039479,0.932664,0.015135,0.458203,0.042194,0.096093,0.008336,4.899257,0.071463
QRL,23,4,83750,actor,25.653162701055408,True,0.5123,0.014996,0.939757,0.013442,0.466406,0.019935,0.094564,0.003148,4.908346,0.026948
QRL,24,0,83750,actor,22.517414689064026,True,0.573025,0.034431,0.952256,0.018313,0.533203,0.038461,0.084044,0.005198,5.009648,0.056624
QRL,24,1,83750,actor,22.517414689064026,True,0.576298,0.031157,0.948914,0.014505,0.533203,0.031855,0.083654,0.004483,5.016195,0.051182
QRL,24,2,83750,actor,22.517414689064026,True,0.5777,0.028209,0.948909,0.013937,0.533984,0.031791,0.083512,0.004099,5.019695,0.047249
QRL,24,3,83750,actor,22.517414689064026,True,0.572684,0.032375,0.950698,0.016387,0.530859,0.028256,0.084155,0.004558,5.009265,0.056603
QRL,24,4,83750,actor,22.517414689064026,True,0.574192,0.027831,0.952663,0.015437,0.534375,0.029738,0.08376,0.003971,5.012356,0.046892
QRL,25,0,83750,actor,12.904837438836694,True,0.486,0.028119,0.887791,0.021645,0.407031,0.018851,0.102449,0.005521,4.878124,0.056111
QRL,25,1,83750,actor,12.904837438836694,True,0.491646,0.036455,0.884496,0.015234,0.410156,0.034004,0.101686,0.00819,4.887473,0.06623
QRL,25,2,83750,actor,12.904837438836694,True,0.449678,0.026103,0.866825,0.018947,0.362109,0.02132,0.112539,0.006594,4.813518,0.05526
QRL,25,3,83750,actor,12.904837438836694,True,0.485333,0.025708,0.872709,0.029822,0.398047,0.031383,0.103194,0.006519,4.875727,0.047244
QRL,25,4,83750,actor,12.904837438836694,True,0.497048,0.031798,0.884672,0.014721,0.414453,0.024111,0.100378,0.006271,4.89773,0.056329
QRL,26,0,83750,actor,1.7178302351385355,True,0.14164,0.052795,0.179026,0.109707,0.007031,0.005463,0.427479,0.06823,4.525178,0.185899
QRL,26,1,83750,actor,1.7178302351385355,True,0.142192,0.050515,0.162998,0.088158,0.00625,0.004199,0.425395,0.067256,4.531333,0.181682
QRL,26,2,83750,actor,1.7178302351385355,True,0.140956,0.050384,0.170569,0.106507,0.006641,0.005225,0.427991,0.067483,4.523699,0.183587
QRL,26,3,83750,actor,1.7178302351385355,True,0.141723,0.053751,0.18151,0.112256,0.007031,0.005463,0.425828,0.069026,4.527593,0.189752
QRL,26,4,83750,actor,1.7178302351385355,True,0.141557,0.052061,0.17975,0.109482,0.007031,0.005463,0.424507,0.067646,4.530712,0.183351
QRL,27,0,83750,actor,18.8166893273592,True,0.525978,0.033998,0.9197,0.012912,0.464844,0.028999,0.093076,0.00605,4.937229,0.065477
QRL,27,1,83750,actor,18.8166893273592,True,0.510005,0.01755,0.925417,0.020188,0.453516,0.018729,0.09576,0.00343,4.910312,0.033527
QRL,27,2,83750,actor,18.8166893273592,True,0.509706,0.031464,0.916798,0.017903,0.447656,0.032536,0.096405,0.006466,4.911928,0.059423
QRL,27,3,83750,actor,18.8166893273592,True,0.501384,0.023001,0.906297,0.016612,0.433203,0.02151,0.098265,0.004775,4.898297,0.043968
QRL,27,4,83750,actor,18.8166893273592,True,0.51169,0.014556,0.916977,0.018294,0.450391,0.018234,0.095532,0.003024,4.913172,0.028013
QRL,28,0,83750,actor,15.550470314919949,True,0.540535,0.02464,0.924175,0.018964,0.480859,0.022661,0.090243,0.004023,4.965595,0.04461
QRL,28,1,83750,actor,15.550470314919949,True,0.542741,0.021875,0.918948,0.012114,0.478516,0.019422,0.09014,0.003475,4.971196,0.040657
QRL,28,2,83750,actor,15.550470314919949,True,0.543281,0.02547,0.918232,0.013449,0.479297,0.026368,0.090011,0.004354,4.971128,0.04437
QRL,28,3,83750,actor,15.550470314919949,True,0.53823,0.022727,0.923611,0.02021,0.478516,0.025665,0.090651,0.003927,4.962688,0.041389
QRL,28,4,83750,actor,15.550470314919949,True,0.541745,0.025489,0.920716,0.01542,0.478906,0.021569,0.090283,0.004347,4.968064,0.045849
QRL,29,0,83750,actor,4.985737474635243,True,0.224524,0.018549,0.456963,0.077486,0.070312,0.018506,0.313122,0.042616,4.380482,0.055327
QRL,29,1,83750,actor,4.985737474635243,True,0.215143,0.019465,0.466555,0.068898,0.06875,0.016491,0.325561,0.045081,4.34282,0.056595
QRL,29,2,83750,actor,4.985737474635243,True,0.217879,0.019196,0.422089,0.058989,0.060547,0.011969,0.330323,0.031532,4.358355,0.067975
QRL,29,3,83750,actor,4.985737474635243,True,0.189529,0.01365,0.398167,0.08973,0.046484,0.014897,0.397084,0.03541,4.302882,0.066417
QRL,29,4,83750,actor,4.985737474635243,True,0.239336,0.020251,0.476726,0.067426,0.080078,0.015543,0.282704,0.030603,4.403379,0.07316
QRL,30,0,83750,actor,8.699408965185285,True,0.43674,0.025186,0.81115,0.024954,0.320703,0.026394,0.119107,0.007975,4.802465,0.051629
QRL,30,1,83750,actor,8.699408965185285,True,0.43796,0.022693,0.821909,0.033722,0.327344,0.028634,0.118229,0.007148,4.804165,0.048053
QRL,30,2,83750,actor,8.699408965185285,True,0.437905,0.024159,0.817262,0.032429,0.324609,0.028732,0.118558,0.007309,4.805687,0.050479
QRL,30,3,83750,actor,8.699408965185285,True,0.438818,0.024412,0.809389,0.032425,0.322266,0.031855,0.118426,0.008195,4.804688,0.049161
QRL,30,4,83750,actor,8.699408965185285,True,0.439272,0.023004,0.806868,0.03277,0.321094,0.026988,0.118263,0.006929,4.806799,0.048953
QRL,31,0,83750,actor,26.72109816223383,True,0.585514,0.033817,0.960099,0.007731,0.551562,0.030802,0.08183,0.00475,5.026349,0.057694
QRL,31,1,83750,actor,26.72109816223383,True,0.587389,0.035856,0.960802,0.015952,0.553125,0.039158,0.081742,0.005132,5.03126,0.058043
QRL,31,2,83750,actor,26.72109816223383,True,0.586348,0.033615,0.964034,0.006381,0.554297,0.034619,0.081798,0.00489,5.029382,0.054216
QRL,31,3,83750,actor,26.72109816223383,True,0.581218,0.030909,0.959831,0.009725,0.546875,0.032889,0.082512,0.004521,5.020924,0.052852
QRL,31,4,83750,actor,26.72109816223383,True,0.588981,0.03029,0.961735,0.010146,0.555859,0.033957,0.081329,0.00419,5.033585,0.049913
QRL,32,0,83750,actor,26.295360121876,True,0.593419,0.027934,0.95614,0.013745,0.555859,0.026688,0.080787,0.003771,5.041123,0.045503
QRL,32,1,83750,actor,26.295360121876,True,0.594026,0.026869,0.959907,0.010373,0.558203,0.023686,0.080744,0.003661,5.043332,0.043636
QRL,32,2,83750,actor,26.295360121876,True,0.594559,0.027034,0.96192,0.007837,0.560156,0.02818,0.080667,0.003827,5.044058,0.041924
QRL,32,3,83750,actor,26.295360121876,True,0.592169,0.027546,0.956383,0.009524,0.554297,0.026394,0.08104,0.003841,5.040268,0.044355
QRL,32,4,83750,actor,26.295360121876,True,0.593673,0.028221,0.967052,0.008031,0.563672,0.028471,0.080598,0.003931,5.041473,0.046308
QRL,33,0,83750,actor,9.181852480396628,True,0.359214,0.02578,0.773183,0.028643,0.247266,0.027316,0.147779,0.012518,4.634607,0.057872
QRL,33,1,83750,actor,9.181852480396628,True,0.381276,0.012219,0.785155,0.02156,0.266406,0.014823,0.138379,0.005016,4.68715,0.028703
QRL,33,2,83750,actor,9.181852480396628,True,0.364677,0.02249,0.759554,0.046168,0.24375,0.029532,0.147073,0.010245,4.653723,0.054447
QRL,33,3,83750,actor,9.181852480396628,True,0.367174,0.016479,0.771581,0.031268,0.248438,0.018797,0.146019,0.007235,4.66075,0.043159
QRL,33,4,83750,actor,9.181852480396628,True,0.381727,0.020741,0.809469,0.028407,0.278516,0.024224,0.136862,0.008525,4.680839,0.047492
QRL,34,0,83750,actor,5.499437665566802,True,0.324867,0.022352,0.640918,0.078149,0.169922,0.030772,0.178825,0.015463,4.597606,0.056378
QRL,34,1,83750,actor,5.499437665566802,True,0.326718,0.019945,0.644765,0.076184,0.171484,0.027771,0.177549,0.012564,4.601615,0.052368
QRL,34,2,83750,actor,5.499437665566802,True,0.328549,0.020696,0.646224,0.067906,0.173047,0.027378,0.176587,0.013498,4.606927,0.05314
QRL,34,3,83750,actor,5.499437665566802,True,0.326602,0.021989,0.645242,0.08041,0.172266,0.033575,0.177932,0.015673,4.601115,0.055461
QRL,34,4,83750,actor,5.499437665566802,True,0.324568,0.019394,0.650163,0.06419,0.171484,0.028315,0.179586,0.014129,4.59877,0.049639
QRL,35,0,83750,actor,15.097366590052843,True,0.530979,0.03386,0.917053,0.016875,0.466406,0.032848,0.092543,0.006163,4.950302,0.060392
QRL,35,1,83750,actor,15.097366590052843,True,0.52905,0.026297,0.913105,0.016237,0.4625,0.027878,0.092796,0.004817,4.947897,0.047368
QRL,35,2,83750,actor,15.097366590052843,True,0.533852,0.034946,0.916356,0.016254,0.469141,0.030283,0.09191,0.006252,4.954033,0.06173
QRL,35,3,83750,actor,15.097366590052843,True,0.527191,0.034472,0.91963,0.016838,0.464844,0.029806,0.093087,0.006355,4.942219,0.062861
QRL,35,4,83750,actor,15.097366590052843,True,0.536715,0.026658,0.925815,0.012015,0.477344,0.021459,0.091088,0.004424,4.959645,0.048225
QRL,36,0,83750,actor,19.332091938704252,True,0.560312,0.030977,0.940056,0.020768,0.512109,0.036246,0.08635,0.00492,4.992156,0.051848
QRL,36,1,83750,actor,19.332091938704252,True,0.56201,0.031453,0.935213,0.015547,0.509766,0.034756,0.086299,0.005024,4.996024,0.05111
QRL,36,2,83750,actor,19.332091938704252,True,0.567503,0.029163,0.938822,0.018321,0.517188,0.034754,0.085361,0.004632,5.004782,0.047567
QRL,36,3,83750,actor,19.332091938704252,True,0.556979,0.029787,0.944492,0.01276,0.511328,0.027954,0.086803,0.004589,4.987198,0.052929
QRL,36,4,83750,actor,19.332091938704252,True,0.559412,0.030005,0.946014,0.011719,0.514844,0.030581,0.086377,0.004657,4.990399,0.050946
QRL,37,0,83750,actor,1.2664573173969984,True,0.182607,0.130587,0.106463,0.116914,0.002344,0.002731,0.32501,0.056647,4.812158,0.195616
QRL,37,1,83750,actor,1.2664573173969984,True,0.171155,0.119705,0.107699,0.093671,0.002344,0.002017,0.323457,0.049789,4.815593,0.173245
QRL,37,2,83750,actor,1.2664573173969984,True,0.179387,0.145411,0.124578,0.086441,0.002734,0.001887,0.317514,0.06111,4.80966,0.211724
QRL,37,3,83750,actor,1.2664573173969984,True,0.177818,0.138641,0.083023,0.08823,0.001953,0.002059,0.34594,0.069672,4.757438,0.218343
QRL,37,4,83750,actor,1.2664573173969984,True,0.221744,0.101581,0.051177,0.08266,0.001172,0.001887,0.306892,0.046736,4.890653,0.172407
QRL,38,0,83750,actor,12.47736836783588,True,0.509878,0.021548,0.888915,0.018029,0.428906,0.019383,0.0973,0.004078,4.921262,0.042608
QRL,38,1,83750,actor,12.47736836783588,True,0.510987,0.019183,0.892222,0.016642,0.43125,0.017097,0.097093,0.003522,4.923001,0.038869
QRL,38,2,83750,actor,12.47736836783588,True,0.510038,0.021219,0.891848,0.010938,0.430078,0.014783,0.097319,0.003888,4.921426,0.042018
QRL,38,3,83750,actor,12.47736836783588,True,0.509389,0.02106,0.886052,0.021654,0.426953,0.02132,0.097439,0.003967,4.919957,0.042224
QRL,38,4,83750,actor,12.47736836783588,True,0.509929,0.021711,0.898108,0.014031,0.433984,0.015782,0.097131,0.004104,4.92057,0.043063
QRL,39,0,83750,actor,22.998156007379293,True,0.54219,0.031785,0.941334,0.016441,0.494141,0.035955,0.089659,0.00563,4.963209,0.053816
QRL,39,1,83750,actor,22.998156007379293,True,0.535389,0.028932,0.940391,0.013639,0.4875,0.025767,0.09064,0.00477,4.950009,0.052116
QRL,39,2,83750,actor,22.998156007379293,True,0.538783,0.034492,0.927631,0.013366,0.482031,0.037881,0.090639,0.006213,4.95802,0.061435
QRL,39,3,83750,actor,22.998156007379293,True,0.528604,0.019941,0.936713,0.016062,0.479297,0.023369,0.09176,0.003651,4.93861,0.03805
QRL,39,4,83750,actor,22.998156007379293,True,0.548368,0.022777,0.940534,0.015911,0.5,0.020422,0.088291,0.003468,4.971663,0.042514
QRL,40,0,83750,actor,26.080638924613595,True,0.592424,0.027553,0.955012,0.011936,0.553125,0.027817,0.081099,0.003782,5.040629,0.045331
QRL,40,1,83750,actor,26.080638924613595,True,0.59366,0.024621,0.954312,0.007937,0.554688,0.024637,0.080782,0.003462,5.042673,0.039931
QRL,40,2,83750,actor,26.080638924613595,True,0.596697,0.028201,0.955539,0.00969,0.557812,0.028987,0.080473,0.003823,5.047629,0.044108
QRL,40,3,83750,actor,26.080638924613595,True,0.589575,0.025532,0.962294,0.006991,0.555469,0.024692,0.081346,0.003554,5.036499,0.041513
QRL,40,4,83750,actor,26.080638924613595,True,0.589287,0.029321,0.960618,0.009017,0.554688,0.028999,0.081371,0.00413,5.035294,0.047925
QRL,41,0,83750,actor,13.208772987127304,True,0.506675,0.026118,0.889072,0.01891,0.425781,0.024978,0.098145,0.005396,4.914605,0.050454
QRL,41,1,83750,actor,13.208772987127304,True,0.514819,0.034243,0.884275,0.020891,0.430859,0.032267,0.096635,0.006805,4.926998,0.064059
QRL,41,2,83750,actor,13.208772987127304,True,0.508395,0.034276,0.890445,0.027449,0.427734,0.033056,0.098018,0.006976,4.916672,0.0658
QRL,41,3,83750,actor,13.208772987127304,True,0.503223,0.030409,0.88476,0.014191,0.419922,0.027452,0.099116,0.006196,4.908444,0.057997
QRL,41,4,83750,actor,13.208772987127304,True,0.508261,0.024258,0.898137,0.016127,0.433594,0.022926,0.097302,0.004595,4.915309,0.045948
QRL,42,0,83750,actor,1.875295266509056,True,0.143909,0.035776,0.202815,0.119993,0.008984,0.006392,0.439718,0.059591,4.489045,0.159249
QRL,42,1,83750,actor,1.875295266509056,True,0.144571,0.033259,0.202479,0.118054,0.008984,0.006392,0.438129,0.061932,4.494862,0.161243
QRL,42,2,83750,actor,1.875295266509056,True,0.143959,0.033845,0.201591,0.118551,0.008984,0.006392,0.441059,0.06236,4.48815,0.161642
QRL,42,3,83750,actor,1.875295266509056,True,0.145419,0.038745,0.203502,0.119768,0.008984,0.006392,0.438809,0.061186,4.493769,0.163986
QRL,42,4,83750,actor,1.875295266509056,True,0.143674,0.034392,0.195865,0.113546,0.008594,0.006052,0.43843,0.06143,4.493617,0.158917
QRL,43,0,83750,actor,22.292007291689515,True,0.513111,0.030792,0.928698,0.020796,0.459375,0.034558,0.095171,0.006216,4.910071,0.058802
QRL,43,1,83750,actor,22.292007291689515,True,0.509003,0.02869,0.928243,0.020726,0.456641,0.030171,0.095614,0.005761,4.901076,0.056456
QRL,43,2,83750,actor,22.292007291689515,True,0.498464,0.035917,0.925216,0.018285,0.443359,0.033666,0.098302,0.007393,4.886353,0.070139
QRL,43,3,83750,actor,22.292007291689515,True,0.490239,0.018939,0.915128,0.022137,0.429688,0.027375,0.100078,0.004506,4.873872,0.034371
QRL,43,4,83750,actor,22.292007291689515,True,0.506121,0.031394,0.933898,0.010904,0.455469,0.031207,0.0965,0.006411,4.898003,0.061007
QRL,44,0,83750,actor,18.059020461514592,True,0.557954,0.024556,0.933944,0.0119,0.503906,0.022477,0.087024,0.003793,4.992407,0.043407
QRL,44,1,83750,actor,18.059020461514592,True,0.55931,0.025582,0.930377,0.014225,0.502734,0.021478,0.086889,0.003909,4.994104,0.044803
QRL,44,2,83750,actor,18.059020461514592,True,0.558751,0.025492,0.929942,0.014361,0.501562,0.019243,0.087031,0.003744,4.993785,0.044532
QRL,44,3,83750,actor,18.059020461514592,True,0.558538,0.025014,0.934605,0.014139,0.505078,0.023369,0.086889,0.003856,4.992542,0.043819
QRL,44,4,83750,actor,18.059020461514592,True,0.559995,0.025417,0.932632,0.01226,0.504687,0.023567,0.086781,0.003977,4.995561,0.044172
QRL,45,0,83750,actor,6.11002754420042,True,0.307675,0.016606,0.638439,0.057069,0.158984,0.022101,0.189744,0.014313,4.552305,0.049081
QRL,45,1,83750,actor,6.11002754420042,True,0.303039,0.018593,0.644512,0.044573,0.157812,0.019678,0.192964,0.015495,4.54109,0.050741
QRL,45,2,83750,actor,6.11002754420042,True,0.276664,0.018947,0.605689,0.046136,0.133203,0.019527,0.215114,0.016747,4.469745,0.055088
QRL,45,3,83750,actor,6.11002754420042,True,0.261757,0.017617,0.574648,0.084581,0.115625,0.022568,0.235626,0.022145,4.438607,0.049014
QRL,45,4,83750,actor,6.11002754420042,True,0.314449,0.022734,0.653881,0.033557,0.167578,0.023179,0.185095,0.018672,4.566931,0.050564
QRL,46,0,83750,actor,9.911576695740223,True,0.46286,0.02588,0.840443,0.025812,0.358984,0.026201,0.110166,0.007013,4.844509,0.050052
QRL,46,1,83750,actor,9.911576695740223,True,0.462246,0.02397,0.851153,0.021176,0.362891,0.023398,0.110271,0.006022,4.844431,0.048628
QRL,46,2,83750,actor,9.911576695740223,True,0.466106,0.025944,0.84802,0.025273,0.365234,0.029013,0.109288,0.006635,4.85158,0.050765
QRL,46,3,83750,actor,9.911576695740223,True,0.465349,0.025342,0.842288,0.031414,0.362109,0.030204,0.109488,0.006689,4.846857,0.049229
QRL,46,4,83750,actor,9.911576695740223,True,0.467221,0.024027,0.845381,0.031057,0.364453,0.024433,0.10902,0.005638,4.8522,0.048976
QRL,47,0,83750,actor,29.376147435978055,True,0.58583,0.029011,0.958066,0.012977,0.549219,0.032796,0.08199,0.004233,5.029646,0.046093
QRL,47,1,83750,actor,29.376147435978055,True,0.583238,0.031973,0.960567,0.013748,0.548047,0.03109,0.082384,0.004584,5.026821,0.056265
QRL,47,2,83750,actor,29.376147435978055,True,0.586238,0.026522,0.957485,0.013961,0.549219,0.021804,0.081841,0.003604,5.031173,0.0466
QRL,47,3,83750,actor,29.376147435978055,True,0.570582,0.031975,0.953072,0.009192,0.531641,0.030617,0.084293,0.005146,5.004386,0.055657
QRL,47,4,83750,actor,29.376147435978055,True,0.577788,0.023186,0.956063,0.014561,0.540234,0.02799,0.083118,0.00363,5.018026,0.038255
QRL,48,0,83750,actor,28.687636200338602,True,0.593118,0.028243,0.9669,0.009277,0.564062,0.029931,0.080529,0.00379,5.038172,0.045112
QRL,48,1,83750,actor,28.687636200338602,True,0.593224,0.027897,0.959843,0.012958,0.558594,0.028408,0.080713,0.003766,5.039976,0.043906
QRL,48,2,83750,actor,28.687636200338602,True,0.594241,0.027275,0.969557,0.006545,0.566797,0.028908,0.080354,0.003736,5.041202,0.044516
QRL,48,3,83750,actor,28.687636200338602,True,0.589151,0.027816,0.964277,0.013958,0.557422,0.027869,0.081254,0.003844,5.032753,0.045792
QRL,48,4,83750,actor,28.687636200338602,True,0.592529,0.02994,0.96586,0.007996,0.5625,0.032682,0.080701,0.004085,5.038181,0.048119
QRL,49,0,83750,actor,10.658626249060035,True,0.453044,0.026661,0.858273,0.01491,0.359766,0.022959,0.112219,0.007075,4.825883,0.054587
QRL,49,1,83750,actor,10.658626249060035,True,0.428526,0.022005,0.829967,0.0266,0.324609,0.02347,0.12025,0.006711,4.783357,0.044767
QRL,49,2,83750,actor,10.658626249060035,True,0.448774,0.022014,0.830295,0.030103,0.341406,0.017195,0.114182,0.005531,4.820406,0.046163
QRL,49,3,83750,actor,10.658626249060035,True,0.406417,0.020056,0.816155,0.029437,0.301172,0.021978,0.127434,0.006965,4.738209,0.043811
QRL,49,4,83750,actor,10.658626249060035,True,0.447384,0.024102,0.844698,0.028663,0.348047,0.032445,0.114385,0.007626,4.816878,0.043472
QRL,50,0,83750,actor,6.827880805358291,True,0.387488,0.019836,0.762842,0.037534,0.259766,0.026252,0.138382,0.008924,4.71562,0.044729
QRL,50,1,83750,actor,6.827880805358291,True,0.387986,0.019576,0.769461,0.029259,0.261719,0.022851,0.138438,0.008727,4.717344,0.043417
QRL,50,2,83750,actor,6.827880805358291,True,0.387207,0.019827,0.757253,0.032666,0.257031,0.024623,0.138788,0.008977,4.714833,0.044718
QRL,50,3,83750,actor,6.827880805358291,True,0.387891,0.020162,0.769779,0.033066,0.262109,0.024321,0.138327,0.008883,4.716725,0.044985
QRL,50,4,83750,actor,6.827880805358291,True,0.387994,0.01981,0.766755,0.04144,0.261328,0.029316,0.138383,0.009164,4.716891,0.043867
QRL,51,0,83750,actor,17.39993439987302,True,0.491218,0.027736,0.898724,0.025887,0.418359,0.024321,0.100943,0.005338,4.880803,0.054726
QRL,51,1,83750,actor,17.39993439987302,True,0.523599,0.024557,0.917848,0.016295,0.460938,0.023939,0.093542,0.004602,4.936595,0.046535
QRL,51,2,83750,actor,17.39993439987302,True,0.451479,0.028422,0.870466,0.033072,0.367969,0.036262,0.11162,0.008633,4.811426,0.055625
QRL,51,3,83750,actor,17.39993439987302,True,0.469597,0.025842,0.887986,0.02323,0.394922,0.032602,0.105868,0.006471,4.840359,0.050285
QRL,51,4,83750,actor,17.39993439987302,True,0.500074,0.024158,0.911438,0.021061,0.436328,0.024294,0.098136,0.004834,4.891736,0.048282
QRL,52,0,83750,actor,20.66601036116481,True,0.57292,0.026069,0.94338,0.014207,0.525391,0.027016,0.084345,0.003989,5.013644,0.043647
QRL,52,1,83750,actor,20.66601036116481,True,0.574594,0.024606,0.941403,0.01641,0.525391,0.022345,0.084114,0.003494,5.016171,0.042725
QRL,52,2,83750,actor,20.66601036116481,True,0.575234,0.025815,0.940386,0.013982,0.526172,0.027254,0.08395,0.00387,5.016404,0.042179
QRL,52,3,83750,actor,20.66601036116481,True,0.571771,0.026476,0.939761,0.014495,0.521484,0.022116,0.084609,0.003809,5.011934,0.04514
QRL,52,4,83750,actor,20.66601036116481,True,0.574737,0.025036,0.942166,0.017981,0.526953,0.025144,0.083956,0.003636,5.01538,0.043152
QRL,53,0,83750,actor,3.559830514714122,True,0.17897,0.02262,0.194007,0.077066,0.014453,0.005838,0.428271,0.041312,4.372649,0.086069
QRL,53,1,83750,actor,3.559830514714122,True,0.178131,0.016274,0.249093,0.101765,0.023047,0.011269,0.441428,0.033795,4.308317,0.06595
QRL,53,2,83750,actor,3.559830514714122,True,0.19605,0.021577,0.121136,0.071031,0.009375,0.005881,0.399446,0.037692,4.408754,0.071549
QRL,53,3,83750,actor,3.559830514714122,True,0.162562,0.022433,0.282905,0.059522,0.023438,0.005823,0.468888,0.040174,4.27051,0.066035
QRL,53,4,83750,actor,3.559830514714122,True,0.172815,0.021183,0.217997,0.10538,0.016406,0.009709,0.438203,0.03854,4.37148,0.092272
QRL,54,0,83750,actor,14.86414055339992,True,0.534683,0.023453,0.920169,0.019813,0.471875,0.023495,0.091575,0.004124,4.95759,0.043389
QRL,54,1,83750,actor,14.86414055339992,True,0.533183,0.02472,0.918325,0.014292,0.46875,0.023796,0.092023,0.004407,4.955805,0.044217
QRL,54,2,83750,actor,14.86414055339992,True,0.534316,0.023932,0.918352,0.010431,0.469531,0.023495,0.091866,0.00419,4.95893,0.043147
QRL,54,3,83750,actor,14.86414055339992,True,0.531669,0.024326,0.920377,0.017081,0.469531,0.022538,0.092056,0.00433,4.952126,0.043625
QRL,54,4,83750,actor,14.86414055339992,True,0.533645,0.02799,0.91764,0.01478,0.469141,0.022587,0.091884,0.004763,4.955568,0.050194
QRL,55,0,83750,actor,24.484038557857275,True,0.574389,0.04016,0.947401,0.009052,0.530078,0.035518,0.084146,0.006152,5.012284,0.069675
QRL,55,1,83750,actor,24.484038557857275,True,0.5786,0.027142,0.95119,0.006668,0.536719,0.028893,0.083269,0.004066,5.021111,0.044203
QRL,55,2,83750,actor,24.484038557857275,True,0.581866,0.0291,0.952228,0.013435,0.540234,0.030926,0.082831,0.00415,5.027294,0.048253
QRL,55,3,83750,actor,24.484038557857275,True,0.573743,0.034779,0.947707,0.009758,0.530469,0.035934,0.084061,0.005225,5.011421,0.058024
QRL,55,4,83750,actor,24.484038557857275,True,0.574581,0.024811,0.951115,0.010105,0.532422,0.024224,0.083881,0.003612,5.014762,0.043784
QRL,56,0,83750,actor,23.68654073216021,True,0.584452,0.027304,0.956283,0.015611,0.545703,0.025717,0.082296,0.003808,5.030119,0.046163
QRL,56,1,83750,actor,23.68654073216021,True,0.586319,0.027305,0.954533,0.010497,0.547266,0.027832,0.081936,0.003957,5.032306,0.0446
QRL,56,2,83750,actor,23.68654073216021,True,0.58686,0.025561,0.955337,0.01221,0.548047,0.024709,0.081848,0.003522,5.032971,0.042524
QRL,56,3,83750,actor,23.68654073216021,True,0.585116,0.027383,0.952545,0.011312,0.544531,0.030044,0.082192,0.00398,5.030162,0.045771
QRL,56,4,83750,actor,23.68654073216021,True,0.586238,0.028025,0.951976,0.011656,0.545703,0.02793,0.081953,0.004019,5.031531,0.046271
QRL,57,0,83750,actor,11.730220019817352,True,0.426571,0.024714,0.840941,0.020838,0.327734,0.019786,0.120625,0.006975,4.777008,0.057808
QRL,57,1,83750,actor,11.730220019817352,True,0.432446,0.017511,0.852355,0.032529,0.341016,0.024363,0.117481,0.005805,4.781043,0.036838
QRL,57,2,83750,actor,11.730220019817352,True,0.434384,0.02182,0.824909,0.026428,0.328516,0.018456,0.117967,0.006331,4.789368,0.046203
QRL,57,3,83750,actor,11.730220019817352,True,0.421925,0.018868,0.847688,0.027756,0.329297,0.023296,0.121047,0.006426,4.762209,0.039676
QRL,57,4,83750,actor,11.730220019817352,True,0.433173,0.016617,0.856277,0.028708,0.342578,0.024846,0.117507,0.005742,4.784559,0.035681
QRL,58,0,83750,actor,0.5487064272165298,True,0.634472,0.306903,0.049199,0.103777,0.000781,0.001647,0.159515,0.087768,5.285825,0.327254
QRL,58,1,83750,actor,0.5487064272165298,True,0.64362,0.314147,0.049684,0.104759,0.000781,0.001647,0.155574,0.086153,5.289191,0.32748
QRL,58,2,83750,actor,0.5487064272165298,True,0.634698,0.307118,0.049622,0.104624,0.000781,0.001647,0.156567,0.085973,5.288053,0.326517
QRL,58,3,83750,actor,0.5487064272165298,True,0.627751,0.31703,0.049574,0.104535,0.000781,0.001647,0.157736,0.085793,5.285118,0.325403
QRL,58,4,83750,actor,0.5487064272165298,True,0.656609,0.278833,0.025383,0.080267,0.000391,0.001235,0.144704,0.068039,5.341981,0.25291
QRL,59,0,83750,actor,19.99130808748305,True,0.551655,0.031968,0.928006,0.01689,0.494141,0.034413,0.088376,0.005596,4.981429,0.055648
QRL,59,1,83750,actor,19.99130808748305,True,0.551398,0.028898,0.93855,0.008436,0.501172,0.030204,0.088052,0.005026,4.979636,0.051412
QRL,59,2,83750,actor,19.99130808748305,True,0.554538,0.037903,0.9267,0.009151,0.495703,0.034668,0.088007,0.006038,4.986844,0.063814
QRL,59,3,83750,actor,19.99130808748305,True,0.535224,0.021829,0.924122,0.020971,0.476172,0.021667,0.091103,0.003706,4.954161,0.042315
QRL,59,4,83750,actor,19.99130808748305,True,0.548488,0.03205,0.931647,0.01622,0.494531,0.036746,0.088653,0.005298,4.976073,0.054622
QRL,60,0,83750,actor,16.723265619948506,True,0.546154,0.025796,0.925027,0.010766,0.487109,0.02744,0.089231,0.004303,4.973008,0.045337
QRL,60,1,83750,actor,16.723265619948506,True,0.547066,0.028383,0.923654,0.014611,0.487109,0.027254,0.089117,0.004805,4.973992,0.048713
QRL,60,2,83750,actor,16.723265619948506,True,0.548512,0.028181,0.928311,0.010419,0.491016,0.029293,0.088863,0.004542,4.977506,0.048246
QRL,60,3,83750,actor,16.723265619948506,True,0.544826,0.026859,0.926979,0.014869,0.4875,0.025832,0.089339,0.004558,4.969757,0.046816
QRL,60,4,83750,actor,16.723265619948506,True,0.546223,0.026025,0.92998,0.022195,0.491016,0.030595,0.089007,0.004317,4.972532,0.045678
QRL,61,0,83750,actor,3.814775012433529,True,0.224287,0.020352,0.443097,0.076676,0.065625,0.020406,0.328231,0.049175,4.408426,0.056372
QRL,61,1,83750,actor,3.814775012433529,True,0.226882,0.019448,0.430414,0.079809,0.064844,0.021172,0.322696,0.045505,4.411135,0.054053
QRL,61,2,83750,actor,3.814775012433529,True,0.223702,0.016527,0.448189,0.075559,0.066016,0.019871,0.329673,0.045298,4.410687,0.053853
QRL,61,3,83750,actor,3.814775012433529,True,0.228726,0.020998,0.426749,0.055684,0.064453,0.015867,0.31963,0.047921,4.411275,0.0573
QRL,61,4,83750,actor,3.814775012433529,True,0.228062,0.018138,0.441199,0.099382,0.066406,0.022326,0.321848,0.048581,4.417581,0.058812
QRL,62,0,83750,actor,7.526615895330906,True,0.408566,0.021307,0.791259,0.03714,0.287891,0.025319,0.129359,0.007964,4.754029,0.048138
QRL,62,1,83750,actor,7.526615895330906,True,0.409966,0.019412,0.779802,0.028491,0.283984,0.022101,0.129178,0.007493,4.757617,0.042661
QRL,62,2,83750,actor,7.526615895330906,True,0.40947,0.021638,0.791346,0.03462,0.288281,0.026988,0.129289,0.007982,4.756653,0.048005
QRL,62,3,83750,actor,7.526615895330906,True,0.408463,0.019959,0.788861,0.018923,0.287109,0.020772,0.129265,0.007619,4.753409,0.043595
QRL,62,4,83750,actor,7.526615895330906,True,0.408858,0.021065,0.785882,0.029408,0.285938,0.021616,0.129294,0.007839,4.754932,0.047848
QRL,63,0,83750,actor,27.89206196554005,True,0.513683,0.021116,0.942081,0.015651,0.469531,0.017254,0.094168,0.003885,4.908168,0.039932
QRL,63,1,83750,actor,27.89206196554005,True,0.545129,0.02684,0.945705,0.021908,0.501953,0.033464,0.088587,0.004793,4.96325,0.048151
QRL,63,2,83750,actor,27.89206196554005,True,0.527425,0.028355,0.935802,0.01829,0.478516,0.034066,0.092022,0.005712,4.934484,0.048729
QRL,63,3,83750,actor,27.89206196554005,True,0.517256,0.029764,0.938787,0.019037,0.471094,0.02612,0.093663,0.005417,4.914311,0.057654
QRL,63,4,83750,actor,27.89206196554005,True,0.542203,0.024195,0.942191,0.014951,0.496875,0.028752,0.089099,0.004203,4.959339,0.041128
