training/actor/actor_loss,training/actor/adv,training/actor/bc_log_prob,training/actor/mse,training/actor/std,training/critic/binary_accuracy,training/critic/categorical_accuracy,training/critic/contrastive_loss,training/critic/logits,training/critic/logits_neg,training/critic/logits_pos,training/critic/v_max,training/critic/v_mean,training/critic/v_min,training/grad/max,training/grad/min,training/grad/norm,training/value/binary_accuracy,training/value/categorical_accuracy,training/value/contrastive_loss,training/value/logits,training/value/logits_neg,training/value/logits_pos,training/value/v_max,training/value/v_mean,training/value/v_min,validation/actor/actor_loss,validation/actor/adv,validation/actor/bc_log_prob,validation/actor/mse,validation/actor/std,validation/critic/binary_accuracy,validation/critic/categorical_accuracy,validation/critic/contrastive_loss,validation/critic/logits,validation/critic/logits_neg,validation/critic/logits_pos,validation/critic/v_max,validation/critic/v_mean,validation/critic/v_min,validation/value/binary_accuracy,validation/value/categorical_accuracy,validation/value/contrastive_loss,validation/value/logits,validation/value/logits_neg,validation/value/logits_pos,validation/value/v_max,validation/value/v_mean,validation/value/v_min,time/epoch_time,time/total_time,step
23.91525,-0.7281878,-5.072217,0.19100967,1.0,0.5048914,0.0,0.79122245,-0.027515657,-0.027338622,-0.2086203,12.791385,1.260312,0.02446954,0.31124923,-0.6937554,81.63169,0.5697193,0.0,0.72417647,-0.12569076,-0.12572338,-0.09230237,18.214602,1.464269,0.06274972,50.585735,-0.11878801,-5.0784063,0.19348544,1.0,0.99902344,0.0,0.014128558,-5.405052,-5.4049253,-5.53438,0.30105397,0.009093925,0.00014314886,0.99902153,0.0009765625,0.010538109,-5.9635744,-5.963607,-5.9305625,0.12011065,0.00577412,4.4113545e-05,0.011916549634933472,59.58274984359741,1
10.280344,-0.15502886,-4.6567416,0.024819678,1.0,0.99904346,0.32226562,0.0044151926,-15.757037,-15.769029,-3.4896579,5.5872545,0.15164965,2.799055e-07,0.05177211,-0.056155518,1.0476017,0.99903774,0.3076172,0.004411579,-15.813101,-15.825081,-3.558187,3.7556815,0.13186407,2.0402105e-07,7.500889,-0.30834988,-4.6597,0.026002903,1.0,0.9990053,0.24316406,0.0046798214,-15.558834,-15.570499,-3.6244159,13.072974,0.12689598,3.0551123e-06,0.99900246,0.23535156,0.0047164066,-15.52323,-15.534925,-3.5585697,5.493267,0.1284988,4.4224303e-06,0.09982254819869996,558.6954925060272,5000
13.625401,-0.29051992,-4.6479654,0.021309022,1.0,0.9990549,0.37695312,0.004098965,-14.813939,-14.825386,-3.1029139,16.389996,0.27055693,7.78836e-06,0.42357785,-0.2925455,2.061932,0.99905396,0.3623047,0.0041390276,-14.725988,-14.737311,-3.1418447,10.782166,0.274157,3.3296599e-06,16.312983,-0.2897846,-4.649114,0.021768572,1.0,0.998991,0.28710938,0.004675105,-14.760919,-14.772068,-3.356054,26.06871,0.26208335,1.2070078e-08,0.99897194,0.26953125,0.004697963,-14.659797,-14.670852,-3.35014,6.904824,0.22799116,6.346116e-08,0.10233353261947632,1070.3631570339203,10000
21.791368,-0.41699952,-4.646761,0.02082724,1.0,0.99909115,0.41601562,0.0037712716,-14.745979,-14.757721,-2.7341776,29.582844,0.48683226,1.8636314e-06,0.30398905,-0.28930232,3.3884113,0.99909973,0.39453125,0.0037875124,-14.620598,-14.632215,-2.7358675,11.378212,0.4618453,2.6807478e-05,31.09506,-0.28683096,-4.6430483,0.019342268,1.0,0.9989071,0.26367188,0.0049188994,-14.489312,-14.500168,-3.3847191,10.874761,0.39154345,1.7709766e-06,0.99885464,0.2578125,0.0049570897,-14.417263,-14.428053,-3.3779771,13.160928,0.42970547,1.4175258e-06,0.0815182336807251,1477.9543278217316,15000
31.927567,-0.60974395,-4.640971,0.0185114,1.0,0.9991827,0.4951172,0.003292201,-15.253547,-15.26633,-2.1775312,80.21024,0.84229124,3.7286492e-07,0.56965446,-0.26962602,3.7681327,0.9991636,0.49121094,0.0032617124,-15.043455,-15.056124,-2.083191,27.232016,0.84599507,2.169641e-06,42.634968,-0.57103485,-4.6426325,0.01917587,1.0,0.99884987,0.2763672,0.005171085,-15.086922,-15.098222,-3.5262556,98.50088,0.8697902,3.0273228e-09,0.9988289,0.27246094,0.005232063,-14.923884,-14.934996,-3.556455,193.80693,1.0219882,4.140319e-07,0.03984507513046265,1677.1797051429749,20000
41.450504,-0.650476,-4.637398,0.017081978,1.0,0.9991722,0.5371094,0.0031061112,-15.844658,-15.858209,-1.98297,201.84131,1.1097116,7.739488e-07,0.41141272,-0.5065085,4.437108,0.9991665,0.515625,0.0030454667,-15.88885,-15.90249,-1.935143,387.22183,1.3340628,9.047601e-07,64.31679,-0.65884393,-4.641555,0.01874493,1.0,0.9988003,0.26757812,0.0057222433,-15.839639,-15.85109,-4.1248136,98.853775,1.0273712,1.4455991e-09,0.9987507,0.24804688,0.0058091255,-15.819775,-15.831155,-4.177332,119.87076,1.1433101,2.8630465e-10,0.07651097602844238,2059.7345871925354,25000
62.65438,-0.59696025,-4.639564,0.01794858,1.0,0.9992142,0.60546875,0.0027099438,-16.663923,-16.678791,-1.4552764,101.791756,1.3190963,1.5438565e-09,1.2986026,-0.69682896,6.8204985,0.9991703,0.5498047,0.0026804146,-16.729084,-16.743984,-1.4876118,188.22975,1.4222742,1.9570718e-08,78.87223,-0.74090743,-4.637843,0.017260296,1.0,0.99876976,0.265625,0.006125953,-16.591822,-16.603659,-4.4821463,634.55853,1.637635,1.5974518e-09,0.9987154,0.23828125,0.0062586307,-16.499866,-16.511448,-4.651185,88.3958,1.0869476,3.098741e-09,0.039683092164993286,2258.150049686432,30000
59.48732,-0.7324102,-4.64264,0.01917901,1.0,0.99927807,0.65527344,0.0024598688,-17.223377,-17.239132,-1.1062713,65.491165,1.8133307,8.838684e-06,0.9235363,-1.0616269,5.84921,0.9992237,0.6171875,0.0024580015,-17.158833,-17.174498,-1.132278,53.285126,1.6494937,6.566702e-07,82.74874,-0.8342078,-4.642063,0.01894817,1.0,0.99874115,0.26757812,0.0064305463,-17.083767,-17.096127,-4.441696,8911.999,6.357778,4.7324e-10,0.99869156,0.24902344,0.0066001154,-17.030056,-17.042168,-4.6424227,101.21472,1.8413603,6.7159535e-11,0.0767310148715973,2641.8051252365112,35000
50.451683,-0.86311567,-4.6365166,0.016729431,1.0,0.9992914,0.6904297,0.0022837904,-17.887962,-17.904566,-0.90282416,128.80914,2.1551328,1.7460535e-07,0.6603964,-1.1101482,4.72486,0.9992657,0.6455078,0.0022300007,-17.797169,-17.813835,-0.7472137,676.0141,3.235918,2.6669113e-07,89.28668,-0.85706747,-4.6380243,0.017332688,1.0,0.99882317,0.26367188,0.006554795,-17.655882,-17.668427,-4.8228188,214.6828,2.12261,6.644388e-14,0.9987526,0.24414062,0.0066397814,-17.531733,-17.544035,-4.9463663,107.325584,1.7946899,2.2099772e-11,0.026764405298233034,2775.627154111862,40000
56.466152,-0.9161501,-4.6397314,0.018015383,1.0,0.9992771,0.6875,0.0022423381,-18.296825,-18.313953,-0.7760433,113.52594,2.3562167,5.6247877e-06,0.3506432,-0.7642251,4.4691744,0.9992571,0.67089844,0.0021783106,-18.216537,-18.233692,-0.6687491,83.54994,2.3441997,7.541584e-06,90.96532,-0.86802876,-4.641403,0.018684242,1.0,0.9988365,0.25390625,0.006892142,-18.020462,-18.032976,-5.2197084,637.45844,2.7590308,2.2751552e-11,0.9987211,0.23632812,0.007037797,-17.854778,-17.86705,-5.300927,204.82912,1.9782814,2.881157e-10,0.09040985164642334,3227.6764147281647,45000
63.10077,-0.7632233,-4.6384983,0.017522434,1.0,0.99932003,0.7285156,0.0020261335,-18.662178,-18.679905,-0.52836686,473.321,3.041938,3.794015e-07,0.49571133,-0.59547746,4.938201,0.99929523,0.6816406,0.0020007032,-18.593206,-18.610968,-0.42424878,189.25214,3.011355,7.91125e-06,78.74773,-1.337326,-4.6385074,0.017525842,1.0,0.9987774,0.24511719,0.0071962923,-18.487286,-18.499968,-5.515032,147.49559,2.030157,4.746382e-11,0.9986973,0.23632812,0.0072611975,-18.384258,-18.396883,-5.468693,567.4668,3.183228,6.5488054e-10,0.017736070108413698,3316.3567667007446,50000
58.677803,-0.74292684,-4.6408367,0.018457538,1.0,0.9993715,0.7421875,0.0019839783,-18.643513,-18.661348,-0.39993662,155.92082,3.1578908,6.8444024e-08,0.37471905,-0.52037877,4.866261,0.9993181,0.70214844,0.0019618026,-18.667793,-18.685732,-0.31578988,347.81384,3.508165,2.786481e-09,82.38722,-1.1561484,-4.6453457,0.020261198,1.0,0.9987173,0.24511719,0.007221074,-18.705278,-18.718418,-5.262659,966.87317,4.2833924,1.2295831e-10,0.9986601,0.23144531,0.0072541325,-18.748474,-18.7616,-5.318042,1226.658,5.123808,5.034636e-10,0.11476384582519532,3890.1759984493256,55000
65.74306,-0.8408934,-4.6372337,0.017016618,1.0,0.9993582,0.75,0.0018996387,-19.123158,-19.14159,-0.2635135,663.40137,3.6386213,1.6344018e-09,0.8362933,-0.43079674,5.949328,0.99931335,0.7216797,0.0019070753,-18.994846,-19.013132,-0.2908172,123.7823,3.4246287,2.0174443e-08,87.24797,-1.1679876,-4.6377864,0.017237527,1.0,0.9986849,0.23339844,0.007753768,-18.960192,-18.973074,-5.78211,974.21295,4.1279745,7.3252925e-11,0.99863625,0.21289062,0.0077436655,-18.878738,-18.891409,-5.914653,299.72064,2.965866,1.4185982e-10,0.025244289064407347,4016.397445678711,60000
61.562027,-0.82232785,-4.6364393,0.016698688,1.0,0.9993763,0.7675781,0.0018651547,-19.282604,-19.30118,-0.27689683,136.42764,3.3572102,1.8122765e-07,0.23720105,-0.9156458,5.9519997,0.9993286,0.7167969,0.0018552106,-19.170704,-19.18917,-0.2784019,199.35619,3.4766293,4.4162434e-06,93.33278,-1.1033561,-4.6400337,0.018136263,1.0,0.9986067,0.23339844,0.0077084815,-19.046284,-19.059402,-5.626522,490.5256,2.8726847,6.033623e-12,0.99859524,0.21386719,0.007566761,-18.983957,-18.997055,-5.583087,277.68433,2.8116813,4.0405626e-10,0.03794614057540894,4206.12815117836,65000
59.588135,-0.7537261,-4.6367726,0.016831977,1.0,0.99940014,0.7578125,0.0018294532,-19.3458,-19.364546,-0.16763805,216.13478,3.9725425,8.537734e-10,0.42025188,-0.2316056,4.092635,0.9993601,0.7089844,0.0018980951,-19.394554,-19.413248,-0.2712077,156.19861,3.7214468,5.9213114e-09,92.138626,-1.3736815,-4.641463,0.018708033,1.0,0.99874115,0.27246094,0.0076965727,-19.189964,-19.20324,-5.611394,4457.166,9.031145,6.966614e-12,0.9986448,0.25976562,0.007477096,-19.05671,-19.070032,-5.426775,37281.227,42.215767,1.6263749e-10,0.0397258412361145,4404.757358789444,70000
55.015335,-0.9384318,-4.636968,0.016910225,1.0,0.9994221,0.7607422,0.0018512534,-19.479612,-19.498404,-0.2564902,312.59796,4.0150785,1.7998804e-07,0.64173174,-0.2688046,4.6393776,0.99936485,0.74316406,0.0018458873,-19.259396,-19.278027,-0.20053107,120.487495,3.461848,2.7129386e-06,87.34541,-1.2508624,-4.6398745,0.018072654,1.0,0.99874115,0.24804688,0.0076757437,-19.251703,-19.26482,-5.8347874,2684.6794,5.6984677,3.7247677e-11,0.998682,0.234375,0.007654423,-19.111166,-19.124104,-5.877331,407.70108,3.339396,3.4859307e-12,0.03968065814971924,4603.160650968552,75000
58.721596,-0.77246743,-4.63626,0.016626868,1.0,0.9994259,0.7919922,0.0016802071,-19.650742,-19.669947,-0.0011225343,197.38173,4.0423594,2.9286564e-06,0.5249357,-0.46105668,5.1215234,0.9993725,0.7294922,0.0017231635,-19.47641,-19.49537,-0.0786193,422.3368,3.9634461,1.2193155e-06,100.89664,-1.0110383,-4.639064,0.017748501,1.0,0.99867725,0.22558594,0.008016245,-19.521648,-19.534817,-6.052722,1786.1278,6.4316196,6.8116996e-12,0.99855804,0.21972656,0.008120155,-19.365942,-19.378824,-6.186887,157.30559,2.9097269,5.4170896e-10,0.12113894219398498,5208.855363368988,80000
62.898964,-0.7617185,-4.635524,0.016332416,1.0,0.9994335,0.78515625,0.0017407574,-19.826874,-19.846178,-0.07726814,250.55402,3.9499025,1.0045194e-07,0.38237584,-0.36909264,5.6092386,0.99939156,0.74609375,0.0017815863,-19.56591,-19.584839,-0.20285246,120.55771,3.6149378,6.1169696e-09,85.42374,-1.5354786,-4.6348968,0.016081661,1.0,0.9987173,0.26757812,0.0077799256,-19.69823,-19.71185,-5.7660723,2044.1229,5.750437,3.8754954e-11,0.99866676,0.25,0.00769135,-19.47762,-19.490993,-5.79674,366.00903,3.6756988,5.5655103e-12,0.01768217306137085,5297.266230344772,85000
55.63124,-0.85057014,-4.6350555,0.016145274,1.0,0.9994278,0.77734375,0.0016894253,-20.067478,-20.087172,0.078851596,947.2336,5.1175504,1.3811992e-06,0.8546469,-0.37686956,5.0296335,0.9993839,0.74609375,0.0017250057,-19.81987,-19.839333,0.0908313,87.93403,4.400852,2.4294992e-05,99.47424,-1.2898374,-4.638616,0.017569361,1.0,0.99864006,0.22558594,0.008220167,-19.83981,-19.853205,-6.1352453,24854.648,20.767822,1.1428547e-12,0.9985504,0.2109375,0.008245578,-19.514845,-19.527964,-6.092453,6863.848,11.642498,2.0993441e-11,0.03209854464530945,5457.75895690918,90000
58.7262,-0.91690326,-4.6363077,0.016645906,1.0,0.9994154,0.8173828,0.0016245086,-19.815693,-19.835087,0.021100238,214.7083,4.0043097,3.888748e-08,0.2574815,-0.676659,4.414262,0.9994068,0.7714844,0.0016102674,-19.698246,-19.71761,0.1097709,92.2687,4.017374,1.9837514e-06,94.24663,-1.3010926,-4.6423144,0.019048622,1.0,0.99874973,0.2607422,0.007674289,-19.637568,-19.651081,-5.8123274,20804.06,14.187377,1.6881441e-12,0.9986782,0.24023438,0.007666299,-19.575756,-19.589167,-5.8575044,333.69327,3.940362,5.1094398e-12,0.039854942846298216,5657.033673524857,95000
60.727917,-0.9029908,-4.633016,0.0153293805,1.0,0.9994221,0.78125,0.0017307154,-20.026142,-20.045683,-0.036057245,236.40031,4.343279,7.464499e-08,0.77332973,-0.57484126,4.221134,0.99938107,0.74316406,0.001775804,-19.810835,-19.830088,-0.11603427,142.57762,3.9476376,1.0545248e-09,99.466446,-1.3596985,-4.6399803,0.018115252,1.0,0.99876595,0.2734375,0.007823132,-19.941183,-19.954865,-5.9468946,4335.478,6.8903255,3.2923146e-12,0.99865437,0.23828125,0.007835645,-19.808376,-19.821873,-5.999701,1511.2517,6.70325,5.3111734e-12,0.03983059158325195,5856.186633348465,100000
65.921036,-0.68245435,-4.6352797,0.016234642,1.0,0.9994612,0.8066406,0.0016093678,-20.161884,-20.181679,0.08627653,190.32771,4.3767796,1.0548689e-09,0.35248113,-0.6639242,5.342936,0.9994259,0.7871094,0.0015833273,-20.070946,-20.090603,0.041021746,98.70988,3.748812,1.7180014e-09,95.44591,-1.3311793,-4.639508,0.017926035,1.0,0.9987297,0.24316406,0.008199008,-20.095373,-20.108803,-6.3564487,3353.8994,7.4332333,6.8315644e-13,0.99871445,0.21679688,0.008186808,-19.976185,-19.98934,-6.5212145,793.8312,3.870834,3.8991884e-13,0.133856388092041,6525.468576669693,105000
61.665737,-0.8082,-4.637418,0.017090125,1.0,0.9994459,0.7890625,0.001655123,-20.193298,-20.213095,0.058788825,401.17856,4.7775164,4.0248757e-08,0.29573354,-0.81315374,4.409661,0.99939346,0.76171875,0.0016685233,-20.138826,-20.15856,0.048456997,167.43942,4.8072214,4.754544e-08,88.42038,-1.5313256,-4.632658,0.015186274,1.0,0.99869156,0.26464844,0.008196353,-20.224112,-20.237911,-6.10839,1607.752,7.0943756,1.4626483e-12,0.9986706,0.21875,0.008098539,-20.10537,-20.118853,-6.3132334,1001.7564,4.344818,7.8279614e-13,0.021982404899597168,6635.380602836609,110000
66.84346,-0.79045665,-4.636126,0.01657345,1.0,0.999465,0.8046875,0.0016164958,-20.198067,-20.218012,0.20491332,683.53375,4.9069057,1.2768473e-08,0.5137171,-0.6857332,5.330323,0.9994068,0.78027344,0.0016277726,-19.983479,-20.003292,0.28629953,88.82364,4.9680805,6.300315e-10,93.27774,-1.5035641,-4.6392546,0.017824778,1.0,0.998703,0.24609375,0.008275282,-19.950619,-19.96396,-6.3032656,1235.9092,6.232446,1.7694441e-11,0.99860096,0.22460938,0.008308306,-19.81649,-19.829622,-6.382043,159.64311,2.878734,4.3416073e-11,0.03761770362854004,6823.469122886658,115000
64.374405,-0.81624615,-4.63816,0.017387103,1.0,0.9994488,0.8027344,0.0016028926,-20.200432,-20.220282,0.1044322,782.667,4.9582615,8.277811e-08,0.24066663,-0.36830783,3.933898,0.99941826,0.7597656,0.0016197453,-20.095043,-20.114794,0.10806689,105.13386,4.5372624,5.1178382e-08,101.749214,-1.3157337,-4.6388803,0.017675139,1.0,0.99871254,0.25683594,0.008027467,-20.234898,-20.248652,-6.1637955,44164.47,26.761526,7.284605e-12,0.99867725,0.24023438,0.008162052,-20.181694,-20.195171,-6.392675,531.3309,4.37076,2.0896286e-11,0.0484410671710968,7065.67446064949,120000
57.74086,-0.93769014,-4.638293,0.017440213,1.0,0.99941826,0.79003906,0.0016179013,-20.33269,-20.352663,0.09870706,242.35304,4.3965163,6.929076e-07,0.74627864,-0.846908,5.6060038,0.99939156,0.765625,0.0016231019,-20.304916,-20.324875,0.11167224,261.74667,4.5379515,3.93184e-07,104.35411,-1.3414183,-4.636925,0.01689314,1.0,0.9986887,0.24609375,0.008114569,-20.21083,-20.224424,-6.3045526,2715.8555,6.722671,1.4207202e-11,0.9986687,0.23730469,0.008306952,-20.11507,-20.128428,-6.451758,1255.072,4.7069345,1.8907787e-13,0.04840781583786011,7307.713541507721,125000
62.424034,-0.8366266,-4.6333723,0.015472074,1.0,0.99940777,0.7763672,0.0016433112,-20.371994,-20.391975,0.067915514,113.097206,3.8839087,2.668653e-06,0.44666344,-0.31119502,3.7121713,0.9993658,0.7607422,0.0016923952,-20.358877,-20.378788,0.0073627904,125.56652,4.0807686,5.3709805e-09,110.86686,-1.1358368,-4.6422358,0.019017117,1.0,0.99876785,0.25585938,0.008316832,-20.32285,-20.336222,-6.644908,952.9204,4.3119593,2.0451017e-13,0.9986954,0.21875,0.00852895,-20.336466,-20.349592,-6.9070926,1385.0294,6.5693693,2.8018105e-15,0.04841341562271118,7549.7806215286255,130000
55.51393,-0.92693794,-4.634761,0.016027344,1.0,0.99947643,0.8027344,0.0015792855,-20.390684,-20.410824,0.2112169,868.988,5.4208612,2.2907531e-07,0.4336838,-0.705544,5.9682903,0.9994173,0.7763672,0.001600035,-20.28344,-20.303442,0.18007535,254.09767,5.3502245,5.212596e-06,90.30526,-1.5827078,-4.638718,0.017610325,1.0,0.9987669,0.25585938,0.008010059,-20.371008,-20.384867,-6.1933274,23781.312,21.505375,1.1380404e-13,0.9987049,0.24707031,0.007939879,-20.257412,-20.271214,-6.138236,399.14056,4.159218,1.7831274e-12,0.04167912082672119,7758.1762273311615,135000
55.092445,-0.9106945,-4.633373,0.015472121,1.0,0.9994612,0.8046875,0.0015327695,-20.597836,-20.618238,0.27491614,590.50305,5.076581,3.423917e-06,0.45945144,-0.9514972,4.533368,0.9994354,0.77734375,0.0015354465,-20.375227,-20.39546,0.32425585,142.5216,4.76219,3.342872e-07,97.35799,-1.5171721,-4.638626,0.017573407,1.0,0.9987097,0.2607422,0.00842027,-20.637177,-20.65094,-6.556719,4076.119,7.177555,1.7723802e-14,0.9986353,0.2548828,0.008511078,-20.48433,-20.497921,-6.580245,1544.8312,5.516579,6.597468e-12,0.03974353704452515,7956.893914699554,140000
60.722176,-0.8172945,-4.6342306,0.01581527,1.0,0.99943924,0.8232422,0.0014930342,-20.69363,-20.71422,0.37034178,620.36725,5.618252,1.4875895e-05,0.46977162,-0.59325147,4.301724,0.99939346,0.78222656,0.0015456292,-20.536415,-20.556751,0.26806712,218.2885,4.8584166,1.9201086e-06,96.41231,-1.4516022,-4.6340485,0.01574225,1.0,0.99872494,0.25976562,0.0081588365,-20.454855,-20.468826,-6.1615586,4457.306,11.081353,1.2094344e-12,0.9987049,0.24023438,0.008003523,-20.254452,-20.268217,-6.1709247,1804.665,5.795243,2.2436213e-13,0.03987277250289917,8156.257778406143,145000
54.681458,-0.873955,-4.637138,0.016978133,1.0,0.9994793,0.83496094,0.0014793831,-20.618694,-20.639124,0.27936983,311.9041,5.114623,3.3755066e-07,0.6308057,-0.4301579,4.877181,0.9994345,0.7753906,0.0015651239,-20.459393,-20.479666,0.27828157,144.12544,5.2865868,8.050226e-09,86.08308,-1.5865487,-4.635524,0.016332269,1.0,0.99874115,0.29296875,0.008080903,-20.59711,-20.6112,-6.183242,3206.267,7.3299246,5.3806e-12,0.99868965,0.2734375,0.007993629,-20.461079,-20.475157,-6.0573177,936.7351,8.194061,2.247146e-13,0.03985179147720337,8355.516738176346,150000
53.06545,-0.9564971,-4.634876,0.016073203,1.0,0.99949074,0.8310547,0.0014871605,-20.561848,-20.582237,0.29472327,205.50894,4.7940273,4.167856e-09,0.30606183,-0.85604143,6.315602,0.9994478,0.7988281,0.0014498015,-20.353086,-20.373297,0.32157224,125.93806,4.593539,2.805949e-08,104.24135,-1.3600267,-4.6362863,0.016637499,1.0,0.99873734,0.265625,0.008394748,-20.641277,-20.655075,-6.5249577,20820.953,14.266723,1.8235235e-12,0.9986839,0.24414062,0.008424994,-20.350948,-20.364279,-6.713587,2040.4564,8.749025,5.7887714e-12,0.14177575263977052,9064.395503759384,155000
59.45022,-0.7400451,-4.635991,0.016519254,1.0,0.999485,0.8066406,0.001471631,-20.88179,-20.902573,0.37851462,713.422,5.733142,1.3947799e-08,0.75199425,-0.9901762,7.705142,0.99944496,0.77734375,0.0014541872,-20.67204,-20.692554,0.31306756,231.42159,4.8873405,1.0549046e-06,94.161255,-1.453963,-4.6400833,0.018156152,1.0,0.9987078,0.24804688,0.008380789,-20.846489,-20.860525,-6.4897857,1443.2716,4.711538,2.717892e-12,0.9986334,0.23925781,0.008424566,-20.568766,-20.582617,-6.398219,892.90686,4.8840814,1.0114347e-11,0.02194291944503784,9174.110102891922,160000
65.5098,-0.7413583,-4.6327696,0.015230878,1.0,0.99945927,0.8046875,0.0015402411,-20.691399,-20.712065,0.45215023,352.04132,5.6200266,4.761244e-07,0.54929864,-0.72984767,4.6533957,0.999423,0.7792969,0.0015445151,-20.724031,-20.744726,0.44699812,179.41867,5.5272865,8.517278e-07,100.032455,-1.3821261,-4.63693,0.016895052,1.0,0.9987736,0.2578125,0.008064132,-20.645685,-20.659771,-6.237713,5363.32,9.349915,1.7345143e-12,0.99872494,0.25195312,0.008146356,-20.630604,-20.644539,-6.374927,997.2686,4.778438,1.005543e-11,0.03759185833930969,9362.0693962574,165000
61.092808,-0.841316,-4.6330204,0.015331025,1.0,0.99948883,0.8144531,0.0015098287,-20.819336,-20.839863,0.18095161,160.8544,4.2164583,1.968661e-06,0.44428563,-0.8364936,5.8547597,0.9994354,0.78515625,0.0015346808,-20.774982,-20.795439,0.15440086,109.213066,4.1204276,1.4133061e-08,93.362854,-1.4713898,-4.634035,0.015737241,1.0,0.99876595,0.26953125,0.007896416,-20.79826,-20.812595,-6.13455,2500.997,5.3654375,2.497841e-14,0.9987116,0.24121094,0.008088516,-20.742203,-20.756216,-6.405881,1706.2639,7.3175225,5.21775e-13,0.04838646216392517,9604.0017080307,170000
60.666107,-0.78730667,-4.6337743,0.015632728,1.0,0.99948215,0.8066406,0.0014771365,-20.819778,-20.840416,0.2933851,1020.01416,5.3114862,1.8844092e-06,1.04434,-0.36378732,5.0677524,0.999403,0.7753906,0.0015144876,-20.79071,-20.811327,0.2989445,188.64246,4.8063307,5.7957466e-05,94.58784,-1.5791112,-4.6430945,0.019360764,1.0,0.99875927,0.26953125,0.008216599,-20.728718,-20.742863,-6.2592072,926947.9,460.55298,2.3791667e-12,0.9987097,0.25585938,0.0083051305,-20.673447,-20.687387,-6.411596,1190.199,8.194329,6.889992e-13,0.04836938753128052,9845.848646879196,175000
58.23729,-0.7732646,-4.636758,0.016826129,1.0,0.9995136,0.85546875,0.0013402782,-20.863728,-20.884584,0.47141904,181.15901,5.326126,6.2746644e-06,1.0343764,-0.29097384,4.956113,0.9994688,0.7988281,0.0014076314,-20.762325,-20.783066,0.4542931,153.92598,5.400133,3.5643618e-05,94.68074,-1.6352406,-4.638754,0.017624512,1.0,0.99868965,0.25585938,0.008596215,-21.126476,-21.140629,-6.6466503,1975.1788,6.435383,1.33076935e-11,0.99867916,0.23632812,0.008492427,-20.922428,-20.936285,-6.745838,1156.7845,4.3315763,2.4486246e-12,0.045913233613967895,10075.414816379547,180000
62.812134,-0.80419904,-4.6409607,0.018507307,1.0,0.9994707,0.8144531,0.0014600116,-20.8316,-20.852243,0.28577313,581.2184,5.2064085,2.349041e-05,1.393734,-0.6342742,5.512851,0.9994383,0.78222656,0.0015131788,-20.735458,-20.756006,0.28599408,159.12085,5.1726084,1.2068497e-05,102.33526,-1.4025384,-4.635998,0.016522253,1.0,0.9987087,0.25390625,0.008801412,-20.987076,-21.00082,-6.9282064,1053.1464,6.2211313,1.0108441e-12,0.998703,0.23242188,0.00876937,-20.880201,-20.89376,-7.010624,1662.6868,7.6136174,3.2193133e-12,0.03968700218200684,10273.849829673767,185000
57.613045,-0.7840527,-4.633671,0.015591403,1.0,0.9995165,0.83496094,0.0014184308,-20.970898,-20.991798,0.4091945,868.6345,6.2973104,2.23995e-06,0.57036555,-0.54287046,7.4772696,0.9994774,0.79296875,0.0014124685,-20.782757,-20.803408,0.3427986,113.497795,4.5970626,6.8090935e-07,100.92166,-1.4421668,-4.639775,0.01803281,1.0,0.99871254,0.23828125,0.008556036,-20.896076,-20.909885,-6.7684846,1592.5339,6.5835495,5.1207644e-13,0.99867916,0.22167969,0.008562455,-20.633015,-20.646505,-6.8309145,518.24854,4.119123,5.240753e-12,0.03982152328491211,10472.957448244095,190000
56.00859,-0.8040563,-4.6276555,0.013185236,1.0,0.9995184,0.82714844,0.0013606076,-20.975107,-20.996044,0.44596195,127.52901,4.9728327,6.513807e-06,0.6236994,-0.63528204,5.139904,0.9994869,0.80371094,0.0013849689,-20.85989,-20.880705,0.4349647,190.88841,5.542512,2.4212834e-05,99.92944,-1.4852606,-4.636226,0.016613567,1.0,0.99871254,0.21972656,0.008834666,-21.076393,-21.090117,-7.0361032,738063.06,367.9112,3.037803e-13,0.99865437,0.2109375,0.008650867,-20.908966,-20.922615,-6.9430804,572.4045,5.068314,2.8937107e-12,0.039760674953460695,10671.760824918747,195000
59.837692,-0.81740355,-4.631461,0.014707411,1.0,0.99949265,0.8066406,0.0015025609,-21.022732,-21.04361,0.33728153,125.72571,4.9428315,1.2864484e-06,0.24745753,-0.5664246,4.2570963,0.9994211,0.7783203,0.0015019204,-20.906446,-20.927187,0.31197968,158.04564,5.336116,1.3703631e-06,97.48776,-1.5307343,-4.641547,0.01874187,1.0,0.998682,0.24609375,0.008617172,-21.06715,-21.08126,-6.634491,1879.9626,7.5818453,1.0724216e-12,0.9986162,0.2265625,0.008715251,-20.990095,-21.004108,-6.65382,8698.35,19.714458,2.7681306e-17,0.043840766954421996,10890.964661359787,200000
58.71783,-0.80580866,-4.633815,0.015648741,1.0,0.99948025,0.81152344,0.0015012057,-21.082472,-21.10346,0.3898936,154.41551,5.0693183,4.814736e-09,0.89170223,-0.81103766,5.3907347,0.9994049,0.7832031,0.0015223098,-21.050573,-21.07144,0.29550052,218.33347,5.1813893,2.0068586e-07,98.58804,-1.432632,-4.641077,0.018553928,1.0,0.9986763,0.24511719,0.008650221,-21.181736,-21.195848,-6.743124,35914.19,23.46605,3.762673e-13,0.9986553,0.21972656,0.00865427,-20.951729,-20.965471,-6.893206,4589.692,10.666664,8.763295e-12,0.14394370951652527,11610.68321108818,205000
60.279938,-0.79767096,-4.6333194,0.015450758,1.0,0.99952507,0.8408203,0.0013244437,-21.260902,-21.28223,0.55783546,184.06294,5.4811807,9.004832e-08,0.58410275,-0.8983971,6.390855,0.9994917,0.8095703,0.0013337713,-21.053274,-21.074406,0.5648761,99.08658,5.6307125,6.1887063e-06,100.82069,-1.416765,-4.636122,0.01657193,1.0,0.99872303,0.2607422,0.008388664,-21.043488,-21.057756,-6.4471145,913.03955,5.429392,2.0890136e-12,0.9986439,0.23535156,0.008460149,-20.86847,-20.882465,-6.5521317,617.5654,4.869423,2.0551325e-12,0.021938427734375,11720.375351428986,210000
52.254498,-0.88451016,-4.6363173,0.016649768,1.0,0.99948406,0.81347656,0.0014353592,-21.1862,-21.207285,0.3865167,433.88715,4.741274,1.032069e-06,0.50187755,-0.28056616,5.6617517,0.9994154,0.78125,0.0014539319,-20.94254,-20.963327,0.32481495,121.8938,4.347815,8.855119e-08,107.02081,-1.2865784,-4.6358204,0.016451208,1.0,0.99881077,0.26953125,0.008222762,-21.063778,-21.077938,-6.5766983,414.33954,4.1939325,2.923924e-13,0.99874496,0.24804688,0.008158596,-20.910198,-20.924162,-6.6239777,495.43008,3.6598701,9.151911e-11,0.03857153325080872,11913.23301935196,215000
63.89867,-0.8090159,-4.632476,0.015113234,1.0,0.9995012,0.8378906,0.0014134729,-21.173729,-21.194609,0.18423444,128.07248,4.1519947,2.1383437e-06,0.31139395,-0.48342586,4.976618,0.9994812,0.8066406,0.0014049703,-21.048485,-21.069296,0.24209371,107.70579,4.3100038,1.1641411e-07,101.10101,-1.4649214,-4.6392174,0.01780997,1.0,0.9987898,0.2529297,0.008432817,-21.25148,-21.26552,-6.887423,5662.1104,8.462681,7.7791675e-14,0.9987173,0.22949219,0.008423437,-21.145596,-21.159689,-6.727164,986.58636,6.6924663,1.918912e-11,0.04863600754737854,12156.413058519363,220000
60.265793,-0.79291606,-4.6289854,0.013717326,1.0,0.999527,0.83203125,0.0014129635,-21.101921,-21.123089,0.5532471,237.6687,6.0072565,5.115128e-07,0.6473602,-0.57231134,5.4380116,0.99948215,0.7890625,0.0014540232,-20.968693,-20.98966,0.47700298,121.619995,5.4166446,1.6960225e-06,92.82276,-1.6606017,-4.64236,0.019067092,1.0,0.998662,0.24707031,0.008580492,-21.019215,-21.033342,-6.5674114,354.76874,4.606912,1.2124507e-12,0.9986477,0.22851562,0.008672876,-20.775726,-20.789412,-6.774965,3496.5684,7.519574,1.8006912e-12,0.04855041732788086,12399.165147781372,225000
56.636623,-0.7188766,-4.6314096,0.014686844,1.0,0.99949837,0.83691406,0.0013625973,-21.293678,-21.314846,0.359936,75.53553,4.45197,8.028605e-09,0.43782312,-0.43304822,3.9014907,0.9994793,0.8095703,0.0013525777,-21.329311,-21.350588,0.43389887,135.86252,4.83599,3.1432947e-07,96.72673,-1.4860147,-4.635867,0.016469931,1.0,0.99874306,0.2529297,0.008777902,-21.154877,-21.168634,-7.080104,1721.3848,5.1529675,7.662716e-13,0.99870586,0.22265625,0.008920856,-21.13972,-21.153202,-7.347206,293.2612,3.2309284,7.730081e-13,0.04846276078224182,12641.478953123093,230000
55.792328,-0.6688727,-4.6324635,0.015108451,1.0,0.9995098,0.83984375,0.0013427674,-21.293404,-21.314678,0.46983045,138.76465,5.12004,2.4560634e-07,0.35847694,-0.49176052,4.61767,0.9994507,0.7988281,0.0013353797,-21.289219,-21.310453,0.43119365,195.66042,4.8179216,4.0606583e-06,102.09801,-1.4653987,-4.6420603,0.018947134,1.0,0.9987488,0.25878906,0.008636024,-21.294102,-21.30814,-6.935114,593.4789,4.305173,1.2748432e-14,0.9986801,0.22265625,0.008665845,-21.188879,-21.202778,-6.970309,2044.7781,5.9186087,1.6529241e-12,0.048479689836502075,12883.877404212952,235000
61.372887,-0.655381,-4.631862,0.014867725,1.0,0.99953747,0.8339844,0.001320651,-21.074924,-21.096159,0.64641106,317.72906,5.8970504,4.9875905e-07,0.61947215,-0.3937174,5.6157684,0.99946976,0.796875,0.0013877065,-21.063782,-21.084864,0.5031636,203.99844,5.6718044,1.44381775e-05,102.88544,-1.5721097,-4.643278,0.019434234,1.0,0.9987583,0.25390625,0.00864112,-21.160616,-21.174551,-6.9060154,5496.029,10.710398,3.986249e-15,0.99874115,0.2548828,0.008435705,-21.168667,-21.182676,-6.838706,1406.9873,5.383259,4.8085247e-12,0.04859165282249451,13126.835670471191,240000
56.885513,-0.7817626,-4.632929,0.015294489,1.0,0.9995365,0.8359375,0.0012985951,-21.297634,-21.318962,0.5190405,679.073,5.376933,2.9047777e-07,0.7254778,-0.41629112,7.125342,0.9995079,0.82128906,0.0013000184,-21.189829,-21.21103,0.49902713,127.49837,4.7153263,3.8281814e-06,99.58415,-1.5544934,-4.639705,0.018005041,1.0,0.998724,0.23828125,0.008753039,-21.43444,-21.448597,-6.9522257,708.0358,3.9120696,1.29266e-12,0.9986725,0.21972656,0.008775094,-21.214792,-21.228643,-7.04543,488.7726,4.1488748,3.51404e-13,0.04858548460006714,13369.763096570969,245000
58.193703,-0.82708275,-4.6294827,0.013916038,1.0,0.9995098,0.8388672,0.0013656577,-21.30557,-21.326784,0.3973571,146.59277,4.895502,7.007274e-08,0.3554643,-0.61477417,5.0316334,0.99946404,0.7988281,0.0013630396,-21.166492,-21.187538,0.36257875,93.95233,4.552509,1.411982e-06,109.91061,-1.509592,-4.632813,0.015248192,1.0,0.9987507,0.25195312,0.008471401,-21.276405,-21.29062,-6.7366343,7403.499,8.683502,9.516512e-16,0.9986944,0.22851562,0.008460511,-21.121777,-21.135717,-6.86023,1803.2673,5.3487587,8.320561e-13,0.048556837892532345,13612.54728770256,250000
66.09955,-0.7449435,-4.6338024,0.015643965,1.0,0.9995241,0.84472656,0.0013369289,-21.28263,-21.303986,0.562538,234.25214,6.116577,3.2826915e-07,0.7863648,-0.4675086,5.950301,0.99946976,0.8105469,0.0013980542,-21.128277,-21.149473,0.5554668,155.67291,6.197384,6.266196e-10,97.43581,-1.6679063,-4.638708,0.017606098,1.0,0.99872684,0.2578125,0.008473394,-21.463627,-21.47812,-6.636312,2771.511,7.23736,3.0221355e-13,0.99865055,0.23925781,0.008726576,-21.24739,-21.261507,-6.807843,6713.882,16.207329,2.0238303e-12,0.04861159701347351,13855.605274677277,255000
59.044582,-0.7465695,-4.6347713,0.016031457,1.0,0.99957466,0.859375,0.0012352635,-21.555647,-21.577356,0.65031636,347.64603,5.6244183,2.7773958e-06,0.46359944,-0.43590605,4.442086,0.9995136,0.82421875,0.0012918059,-21.358677,-21.380043,0.49749,174.71375,5.089159,4.892783e-05,96.61977,-1.6146888,-4.638417,0.01748969,1.0,0.9987049,0.2734375,0.008451862,-21.506424,-21.521147,-6.444396,2026.9595,8.22834,4.4501707e-12,0.9986906,0.24414062,0.008381479,-21.292408,-21.306763,-6.6077228,2765.0256,9.255748,1.3401224e-11,0.04861461114883423,14098.67833185196,260000
52.024597,-0.8367337,-4.6309805,0.014515049,1.0,0.9995451,0.8466797,0.0013319608,-21.452396,-21.473986,0.63197166,613.22925,6.5646343,2.8319604e-07,0.26445553,-0.41684395,4.6772833,0.9994993,0.8203125,0.0013181239,-21.22615,-21.24745,0.5645429,188.52798,5.2870426,1.4056538e-06,102.603355,-1.4961212,-4.641839,0.018858567,1.0,0.9987345,0.24609375,0.008857161,-21.511677,-21.525747,-7.1165657,3243.879,6.9270544,2.436875e-15,0.99867153,0.21582031,0.008863615,-21.326569,-21.340359,-7.217209,1166.4485,4.3255787,1.5065037e-12,0.04847687644958496,14341.062715768814,265000
61.816334,-0.6939918,-4.6287246,0.013612777,1.0,0.9995184,0.859375,0.001358637,-21.376846,-21.398312,0.5828085,261.7871,6.2968855,2.78709e-05,0.40789604,-0.708228,5.961145,0.9994955,0.8046875,0.0013647656,-21.24472,-21.265976,0.5025717,1538.8165,7.7049723,2.099775e-05,105.97089,-1.4601634,-4.638259,0.017426586,1.0,0.9987383,0.24121094,0.008998252,-21.579378,-21.593409,-7.227583,19404.504,20.34131,7.140721e-13,0.9986782,0.21484375,0.009040615,-21.335533,-21.34929,-7.2618613,6589.055,12.01285,5.9021004e-12,0.048408164310455325,14583.10354065895,270000
59.14621,-0.8293958,-4.6292243,0.013812787,1.0,0.9995136,0.8359375,0.0013818203,-21.447037,-21.468578,0.59170556,252.85013,5.6823654,1.306753e-08,0.4657239,-0.617939,5.102851,0.9994736,0.7871094,0.0013876955,-21.355806,-21.377283,0.6161568,439.55402,6.387937,4.4816026e-08,92.18767,-1.6751788,-4.648854,0.021664543,1.0,0.99870205,0.24707031,0.008769246,-21.397053,-21.41121,-6.915834,161990.14,90.58554,2.9308994e-12,0.99864197,0.22363281,0.008850881,-21.323792,-21.337795,-6.9976206,455.31516,5.2957144,3.8858245e-13,0.04835443515777588,14824.87571811676,275000
57.644806,-0.78672343,-4.629531,0.013935153,1.0,0.9995241,0.8339844,0.0013782716,-21.413874,-21.43525,0.45412168,158.27725,5.414001,1.5335171e-09,0.32848668,-0.29865047,4.8068113,0.99945354,0.796875,0.001455917,-21.370033,-21.391342,0.43094176,130.8326,5.5408583,4.60207e-08,99.85389,-1.532455,-4.639627,0.017973792,1.0,0.9987345,0.2705078,0.0085412115,-21.455265,-21.469717,-6.670528,275505.12,139.65674,8.510467e-14,0.99870396,0.24707031,0.008468828,-21.497997,-21.512394,-6.7685614,9724.702,14.731433,9.29503e-13,0.04026343584060669,15026.192899227142,280000
58.149437,-0.78921854,-4.6315374,0.014738129,1.0,0.99954224,0.8388672,0.001312643,-21.535915,-21.557491,0.5368881,768.1506,5.674416,6.0381456e-07,1.1767552,-0.48050988,4.4654846,0.9994869,0.8232422,0.0013374588,-21.28507,-21.306368,0.50139153,379.1739,5.338813,1.35345335e-05,99.83082,-1.533294,-4.641915,0.018888904,1.0,0.99876404,0.25097656,0.008495484,-21.420738,-21.435062,-6.765724,960.24457,5.7132993,3.2387615e-13,0.9987087,0.23925781,0.008608272,-21.246803,-21.260859,-6.870393,1431.1606,6.8984566,4.8425558e-14,0.03994417686462402,15225.913785934448,285000
47.97795,-0.87848663,-4.635416,0.016289283,1.0,0.9995184,0.82128906,0.001388654,-21.446398,-21.467941,0.59235716,179.6457,6.136548,2.780792e-07,0.5667629,-0.20450924,4.29545,0.9994793,0.8154297,0.0013641306,-21.18359,-21.204844,0.5604303,269.8349,5.779439,6.687041e-07,100.14722,-1.5345993,-4.6385536,0.017544324,1.0,0.9986925,0.22753906,0.009065712,-21.514076,-21.527985,-7.28759,473.0755,3.7918668,2.8150656e-13,0.99868774,0.21484375,0.009099933,-21.333082,-21.346722,-7.3817368,2102.5198,6.554212,7.3571964e-13,0.03990684924125672,15425.448033332825,290000
53.396168,-0.864141,-4.6295614,0.0139473975,1.0,0.99952984,0.84472656,0.0012795718,-21.500244,-21.521833,0.58718675,152.68,5.4135137,8.865335e-06,0.36896253,-0.34074056,3.9369757,0.9995146,0.82714844,0.0013062949,-21.366592,-21.388079,0.61367047,108.28744,5.8720627,6.6451435e-08,92.213425,-1.8051047,-4.6386347,0.01757689,1.0,0.99877644,0.25585938,0.008789685,-21.5201,-21.534143,-7.1540365,4963.2124,9.805993,2.0458976e-13,0.9987469,0.23828125,0.008580314,-21.350159,-21.364166,-7.020093,1690.2092,6.016519,7.95357e-13,0.04037979063987732,15627.346987962723,295000
59.455627,-0.7898139,-4.6318493,0.014862845,1.0,0.9995403,0.84765625,0.0013317425,-21.494202,-21.515842,0.64659095,531.0502,6.109888,1.1838599e-06,0.47624743,-0.4971723,5.0919003,0.9994869,0.8310547,0.0013604388,-21.325983,-21.347454,0.63943225,1244.6655,7.2071524,2.2166034e-05,98.18338,-1.6475753,-4.6391077,0.017765952,1.0,0.9987612,0.25585938,0.008688996,-21.64748,-21.661907,-6.8894916,10251.79,14.986705,5.7797268e-15,0.9986973,0.24707031,0.008601394,-21.446127,-21.460402,-6.843337,1743.4913,8.178591,2.7431141e-12,0.04873990082740784,15871.046493291855,300000
56.218117,-0.828013,-4.630824,0.014452512,1.0,0.99952984,0.8417969,0.0013287887,-21.524345,-21.545948,0.5752243,219.53694,5.730928,4.9751886e-08,0.40047082,-0.54952615,5.307251,0.99950504,0.82128906,0.0013104572,-21.440845,-21.462362,0.5702929,121.58144,5.6146927,5.4462903e-06,110.14703,-1.4857416,-4.642194,0.01900048,1.0,0.9987879,0.2529297,0.008613199,-21.64576,-21.660221,-6.854165,2438.8389,8.3267975,2.2444935e-14,0.9987173,0.22949219,0.008631794,-21.533522,-21.54774,-6.9852595,816.8292,4.4847183,1.9446453e-14,0.14107433152198792,16576.418152570724,305000
60.906662,-0.8215066,-4.6321344,0.01497677,1.0,0.9995403,0.84472656,0.001293736,-21.673136,-21.694885,0.5762333,2599.191,7.1481256,3.5442288e-06,0.48945376,-0.87454915,7.998333,0.9994917,0.8173828,0.001297344,-21.579224,-21.600822,0.51794994,261.873,5.9412613,8.824206e-06,101.850204,-1.7691388,-4.6354,0.016283039,1.0,0.99878216,0.23730469,0.008966096,-21.669027,-21.683153,-7.2184305,7040.4907,13.051455,1.35204864e-14,0.998703,0.23632812,0.0089516435,-21.667229,-21.6813,-7.2726784,972.0367,4.098969,5.6767087e-12,0.02192171287536621,16686.026718616486,310000
53.677254,-0.8677547,-4.6334276,0.015494055,1.0,0.999506,0.8408203,0.0013674926,-21.59764,-21.619188,0.44582975,426.73178,5.549571,3.1421184e-08,0.42571604,-0.45896417,5.774892,0.99948406,0.80566406,0.0013627397,-21.486233,-21.50779,0.5637131,182.97136,5.9080257,1.09805445e-08,108.64241,-1.3875885,-4.642677,0.019193754,1.0,0.9987755,0.25,0.008613229,-21.757626,-21.77208,-6.970547,457.0741,3.4891632,6.525127e-14,0.99867725,0.22460938,0.008812178,-21.58123,-21.595268,-7.2201266,428.9508,3.2180533,8.623397e-13,0.036608276462554934,16869.06810283661,315000
51.76992,-0.96612614,-4.6325088,0.015126497,1.0,0.99954605,0.8359375,0.0012896394,-21.514248,-21.535881,0.6199803,327.18085,5.9168744,2.4216977e-06,0.448982,-0.6998361,4.2900567,0.99948883,0.81640625,0.0013030269,-21.444246,-21.465853,0.65731263,152.5359,5.591133,0.00010288663,96.17193,-1.5560381,-4.647757,0.021225804,1.0,0.99878025,0.24414062,0.008723784,-21.725529,-21.739927,-6.998518,1117.9734,5.8783946,2.870146e-12,0.9986706,0.234375,0.008814428,-21.596918,-21.611122,-7.065793,586.0122,4.6142173,9.274106e-15,0.04856668791770935,17111.901544094086,320000
62.363415,-0.733284,-4.630625,0.014372975,1.0,0.99952316,0.83496094,0.0012932225,-21.755505,-21.777275,0.515795,150.621,5.298847,3.3127717e-06,0.54450816,-0.43094176,5.3739977,0.9994869,0.8154297,0.0013170337,-21.620424,-21.642061,0.51287395,136.64131,5.1352463,1.891432e-05,103.14042,-1.5698483,-4.6480885,0.021358527,1.0,0.9987583,0.2685547,0.0087718135,-21.63553,-21.649832,-7.005581,53354.02,31.551952,1.336831e-12,0.99871635,0.23925781,0.00878479,-21.603825,-21.617985,-7.1160884,985.69244,5.071285,1.0270406e-12,0.04853766012191772,17354.589846611023,325000
56.816685,-0.7422066,-4.631043,0.014539996,1.0,0.99958324,0.8564453,0.0012025821,-21.493904,-21.51571,0.81699306,173.327,6.321848,3.0405005e-08,0.94174594,-0.4795495,4.882307,0.99951935,0.8232422,0.0012095645,-21.426907,-21.448635,0.79995674,147.53287,6.6044416,1.817344e-07,101.438675,-1.4606874,-4.643985,0.019716894,1.0,0.9988127,0.25683594,0.008715833,-21.424475,-21.43855,-7.0246716,5583.548,8.318495,8.9067175e-15,0.99874306,0.2265625,0.008757208,-21.223549,-21.237307,-7.148599,2001.0771,7.306692,1.0980229e-12,0.048484793186187744,17597.01381444931,330000
62.606297,-0.63274086,-4.6280866,0.013357681,1.0,0.9995775,0.85253906,0.0012329838,-21.72307,-21.7449,0.6107822,781.9217,6.133833,1.601113e-08,0.6063889,-0.4359131,6.1840086,0.99950504,0.83496094,0.0012539653,-21.61051,-21.632113,0.48642617,225.99872,4.8177958,2.8072392e-08,103.53043,-1.3773122,-4.641824,0.018852327,1.0,0.99877644,0.24902344,0.00880376,-21.848614,-21.862997,-7.1332474,1299.1661,5.9751077,1.793765e-14,0.9986839,0.22949219,0.008951945,-21.614826,-21.628838,-7.279627,630.59985,5.447274,2.6713527e-13,0.04863868527412415,17840.20724272728,335000
59.81846,-0.71557176,-4.632681,0.015195171,1.0,0.9995289,0.8574219,0.0013363292,-21.705612,-21.727333,0.517905,623.3854,5.986863,1.1511551e-08,0.5909547,-0.58358276,4.178216,0.99950504,0.81640625,0.0013138212,-21.576183,-21.597706,0.44218245,71.77394,4.50983,2.701532e-06,100.39462,-1.6190593,-4.639767,0.018029843,1.0,0.9987631,0.2529297,0.008912031,-21.714825,-21.729015,-7.1970267,2579.2898,6.701639,8.749807e-14,0.99873257,0.22851562,0.008886179,-21.659386,-21.673492,-7.2295475,1018.0418,5.149539,1.4927857e-12,0.04860277233123779,18083.221106290817,340000
55.118767,-0.82402116,-4.6300163,0.014129561,1.0,0.9995594,0.8623047,0.0012837133,-21.86161,-21.883736,0.7726512,339.37772,6.6165857,3.6889062e-08,0.42710948,-0.17915829,3.9428732,0.9995117,0.8125,0.0012642181,-21.670885,-21.692741,0.687953,209.70949,6.1561513,2.501242e-07,101.56125,-1.4334869,-4.637521,0.01713144,1.0,0.9987154,0.26464844,0.008859921,-21.885864,-21.900457,-6.957148,1070.0938,6.294414,3.5025975e-13,0.9986687,0.23535156,0.008791554,-21.675339,-21.68969,-6.992094,560.9409,4.5083456,3.0510541e-13,0.048459401750564575,18325.518117189407,345000
59.84435,-0.74980986,-4.6298723,0.014071724,1.0,0.99954987,0.8417969,0.0013098442,-21.613155,-21.634823,0.55248505,199.46468,5.596266,1.4141032e-06,0.343165,-0.48792297,3.7270906,0.9995127,0.8183594,0.0013007857,-21.5838,-21.605438,0.55340403,123.37336,5.514456,7.5145173e-10,97.71733,-1.5679145,-4.6395197,0.01793076,1.0,0.99877167,0.26171875,0.008743316,-21.716005,-21.730366,-7.0248775,5846.382,9.666258,6.822332e-13,0.998682,0.22851562,0.008664515,-21.699753,-21.714178,-6.9428997,616.056,6.485556,3.343879e-13,0.04839131865501404,18567.474712848663,350000
61.576176,-0.76075447,-4.628985,0.013716981,1.0,0.9995432,0.8339844,0.0013492488,-21.692028,-21.713808,0.5916172,822.5032,6.365666,5.5010585e-08,1.0825943,-0.59743726,5.3835764,0.999527,0.8154297,0.0012992078,-21.640366,-21.66215,0.64477265,196.60463,6.4558144,9.75961e-06,94.38611,-1.6618855,-4.63985,0.018062985,1.0,0.99878407,0.25,0.008869087,-21.738033,-21.75221,-7.235631,104163.76,55.086246,1.1531893e-13,0.9987192,0.23632812,0.008785293,-21.620863,-21.634964,-7.195332,2810.8352,8.47821,4.5505337e-13,0.048300686836242675,18808.97814846039,355000
63.023434,-0.6910448,-4.6271296,0.012974764,1.0,0.99957275,0.8515625,0.0012459559,-21.68689,-21.708769,0.6977907,639.1787,6.095383,3.6677207e-07,0.63536954,-0.45570016,4.5376196,0.9995041,0.81640625,0.0012871433,-21.564693,-21.58641,0.6516864,154.84094,5.903467,1.127944e-06,98.62385,-1.7975554,-4.6395006,0.0179232,1.0,0.9988489,0.2890625,0.008480823,-21.739468,-21.753967,-6.9053516,4624.7627,6.887369,7.6889405e-16,0.99872684,0.27246094,0.0085078515,-21.677666,-21.692083,-6.9291353,447.2036,3.672996,8.475325e-12,0.04832642159461975,19050.610258817673,360000
65.71831,-0.63575846,-4.6322455,0.015021172,1.0,0.99952984,0.8408203,0.0012780037,-21.903625,-21.925674,0.6501,184.46852,5.8508253,1.1115757e-06,0.5000247,-0.7447562,7.353718,0.99947166,0.8232422,0.0012963194,-21.824268,-21.846172,0.58352685,98.3213,5.3431025,2.093831e-06,103.23928,-1.6063309,-4.6418924,0.018879939,1.0,0.9987354,0.23730469,0.009193166,-21.947266,-21.96145,-7.434654,1449.0184,5.904294,1.2099361e-14,0.99870396,0.20996094,0.009196066,-21.856016,-21.869947,-7.603482,462.09207,4.1851873,1.6146834e-12,0.04835054121017456,19292.362967014313,365000
58.547707,-0.66549444,-4.6275473,0.0131418975,1.0,0.99954796,0.859375,0.0011968894,-21.987663,-22.009787,0.6426125,1263.4979,6.088245,5.3336174e-05,0.58406305,-0.3790622,4.168184,0.9995136,0.8408203,0.0012381041,-21.726418,-21.74824,0.6005969,3795.9417,9.120308,2.563164e-07,99.3902,-1.7321591,-4.64044,0.018298978,1.0,0.998744,0.28125,0.008598789,-21.926481,-21.94131,-6.755421,1460.1716,6.882556,1.5856694e-14,0.99873066,0.24609375,0.008686712,-21.769802,-21.78419,-7.050103,622.9343,5.203041,1.0253021e-13,0.04842825393676758,19534.504238843918,370000
58.589115,-0.7216845,-4.6324077,0.0150859235,1.0,0.9995718,0.8613281,0.0012304573,-21.845184,-21.867199,0.67470884,636.5754,6.424987,9.499554e-07,0.7440006,-0.5709054,5.2711034,0.9995556,0.85253906,0.0012017197,-21.633917,-21.6557,0.652686,86.320076,5.0461035,7.0822985e-06,98.410545,-1.5601172,-4.6371565,0.016985526,1.0,0.99866676,0.23242188,0.009279184,-21.939678,-21.95396,-7.325568,2836.9175,8.894833,3.1048863e-14,0.99862576,0.2109375,0.009265878,-21.710316,-21.724176,-7.5303326,494.17206,4.94068,5.8689666e-14,0.045386122131347656,19761.434852600098,375000
55.892006,-0.8262466,-4.630843,0.014460075,1.0,0.9995527,0.8486328,0.00125537,-21.807705,-21.82971,0.7018973,783.96906,6.229428,5.2118007e-06,0.793056,-0.88520974,4.889444,0.9994793,0.8339844,0.0012788251,-21.676884,-21.698677,0.6158204,133.27138,5.4634037,8.186828e-06,98.426575,-1.734046,-4.6401567,0.018185614,1.0,0.9988146,0.2734375,0.008723747,-21.886814,-21.901266,-7.1009016,908.48254,7.1327763,5.326987e-13,0.9987631,0.24804688,0.008675205,-21.778765,-21.793056,-7.158589,5552.781,9.968024,4.5732285e-12,0.03971251893043518,19959.997448682785,380000
57.024918,-0.8700961,-4.6338196,0.015650908,1.0,0.9995432,0.8417969,0.0012949611,-21.941387,-21.963312,0.4871835,1736.0251,6.109937,1.9077088e-07,0.3492081,-0.30758512,4.098259,0.9995098,0.83203125,0.0012448664,-21.896389,-21.91835,0.5720637,100.535,5.169758,6.637936e-08,99.31604,-1.6837983,-4.639809,0.018046651,1.0,0.99882126,0.25878906,0.008740748,-22.006939,-22.021368,-7.244916,9112.993,12.051869,5.154333e-14,0.9987488,0.22949219,0.009061149,-21.925629,-21.939817,-7.408964,1037.2678,7.122616,4.0294563e-14,0.03982347626686096,20159.11483192444,385000
53.367992,-0.83189416,-4.627308,0.013046187,1.0,0.9995575,0.84472656,0.001256749,-22.063305,-22.085447,0.5879215,850.39655,6.7668347,5.295642e-06,0.29608396,-0.52330595,5.586396,0.9995136,0.81640625,0.0012591499,-21.8251,-21.846996,0.57525015,161.14867,5.6502886,9.893132e-07,101.46571,-1.7745948,-4.6392546,0.017824637,1.0,0.99879265,0.27148438,0.008802328,-22.13789,-22.152538,-7.149994,975.38525,5.7101007,2.6406384e-13,0.9987631,0.23632812,0.008647331,-21.833218,-21.84755,-7.172729,2703.498,8.22183,1.114205e-11,0.03982783374786377,20358.254002571106,390000
58.265884,-0.8029995,-4.628233,0.01341601,1.0,0.99957275,0.8417969,0.0012422327,-22.083546,-22.10571,0.58960414,295.03592,5.298323,2.140254e-09,0.25457028,-0.5138068,3.6750798,0.9995241,0.8222656,0.0012653517,-21.967873,-21.989939,0.60506773,483.4896,6.095154,1.670713e-11,90.64595,-2.014887,-4.6385903,0.017559154,1.0,0.9987688,0.23828125,0.009028232,-22.016579,-22.030788,-7.4808564,6374.9336,7.0415645,5.347433e-15,0.9987116,0.21289062,0.008985959,-21.861702,-21.875877,-7.3607583,2243.6213,8.122509,5.2268614e-14,0.04381346044540405,20577.32130599022,395000
52.152435,-0.83364916,-4.6289806,0.013715264,1.0,0.99956226,0.8515625,0.0012128237,-21.947208,-21.96932,0.6727805,234.52238,5.717471,5.3254567e-08,0.4534733,-0.27691254,4.465306,0.99951935,0.8300781,0.0012536827,-21.803608,-21.825544,0.6359768,273.90594,5.6797895,5.601611e-05,104.62793,-1.437083,-4.641081,0.018555371,1.0,0.9987669,0.24804688,0.0088155605,-22.042961,-22.057457,-7.211287,7968.113,8.362856,1.992427e-12,0.99870396,0.21972656,0.008828152,-21.708878,-21.722986,-7.276305,3512.7554,7.938958,2.0252745e-12,0.048485497093200686,20819.74879384041,400000
57.012268,-0.80936354,-4.6298685,0.014070305,1.0,0.9995632,0.8515625,0.0012226887,-22.115223,-22.137508,0.68065685,420.01276,6.0158153,7.0334885e-09,0.6317243,-0.17833713,4.1871896,0.9994993,0.8232422,0.0012440915,-21.89325,-21.915247,0.60970134,104.8159,5.2255354,6.105223e-08,100.287506,-1.7120106,-4.6395454,0.017941058,1.0,0.9988241,0.2705078,0.008659002,-21.97675,-21.991415,-6.9754653,2103.9678,6.8278255,1.1436921e-12,0.9986963,0.23828125,0.008679503,-21.816366,-21.830866,-6.98316,2880.5566,7.6180077,9.367991e-12,0.14317081942558288,21535.602892398834,405000
61.51783,-0.67780983,-4.6303496,0.01426282,1.0,0.999526,0.82421875,0.0012375753,-21.985443,-22.007685,0.7671128,291.43698,6.1045732,3.1662898e-05,0.4428463,-0.61197346,4.2272406,0.99946976,0.8105469,0.0012647088,-21.92128,-21.943373,0.67789316,294.92917,6.1281414,9.41967e-05,103.0624,-1.6066802,-4.646493,0.020719958,1.0,0.9987421,0.24511719,0.009277104,-22.052864,-22.066864,-7.731223,1138.7782,3.8945935,2.3982693e-13,0.99875355,0.22460938,0.009311835,-22.005116,-22.019014,-7.785814,916.60126,5.1676645,1.0950358e-13,0.021888475942611695,21645.045273780823,410000
55.71517,-0.83206725,-4.626511,0.01272738,1.0,0.99958134,0.85058594,0.0012291883,-22.047474,-22.069698,0.68799496,140.79556,6.1046295,1.3807158e-06,0.56382716,-0.40714875,4.047373,0.9995537,0.8339844,0.0012094574,-21.823677,-21.845663,0.6677509,719.51306,6.0643497,2.3788396e-05,107.07766,-1.5185733,-4.6383667,0.017469581,1.0,0.99875736,0.23144531,0.0089080045,-22.04114,-22.05552,-7.330577,12263.445,10.254633,5.1668184e-16,0.9986887,0.22558594,0.008936763,-21.840221,-21.854383,-7.351669,5973.176,15.133865,1.5978979e-15,0.031626659965515135,21803.17857527733,415000
60.107933,-0.8299693,-4.6268196,0.012850687,1.0,0.9995508,0.8378906,0.0013389578,-21.982916,-22.004946,0.55470765,266.707,5.7784977,4.725343e-08,0.49031734,-0.8205527,5.9548054,0.9995003,0.82128906,0.0013407636,-21.690098,-21.71182,0.5335701,171.44022,5.648342,1.43407375e-08,91.675156,-1.8815538,-4.6475706,0.021151235,1.0,0.9987793,0.26464844,0.008832224,-21.957203,-21.97162,-7.206858,23812.678,16.393997,6.154294e-15,0.9987402,0.24121094,0.0088877175,-21.660053,-21.674086,-7.3059044,1025.7065,7.01087,2.065507e-12,0.0483836699962616,22045.096926689148,420000
67.29532,-0.58066,-4.631259,0.0146266995,1.0,0.9995384,0.8408203,0.0012668109,-21.980171,-22.0023,0.65774137,349.21478,6.032655,1.4536604e-05,0.5692964,-0.87972695,7.1607084,0.99948215,0.80371094,0.0013116291,-21.738564,-21.760376,0.57542527,95.73477,4.953826,3.2295957e-05,102.41835,-1.6095833,-4.6463704,0.020671105,1.0,0.99878216,0.2705078,0.008796712,-22.049109,-22.063707,-7.116959,14813.686,15.829718,1.7158563e-13,0.9987335,0.23339844,0.008964596,-21.84665,-21.860756,-7.4179974,903.6441,4.2051883,3.7974967e-13,0.04833635368347168,22286.778697252274,425000
58.07952,-0.7834227,-4.628481,0.013515181,1.0,0.9995527,0.85253906,0.0012410805,-21.92427,-21.94648,0.79592085,256.49265,6.265929,1.5268272e-06,0.7600043,-0.17802425,4.470106,0.9995079,0.8310547,0.0012622718,-21.911566,-21.933704,0.73323715,168.9186,6.234208,3.884969e-07,104.61592,-1.6928786,-4.6446524,0.019983849,1.0,0.99874115,0.26660156,0.008809105,-21.988453,-22.003105,-7.0009584,10633.024,11.221007,4.6383736e-13,0.9986677,0.24121094,0.008921171,-21.874502,-21.888979,-7.064458,1233.4736,6.280505,7.110955e-13,0.04834612226486206,22528.509310245514,430000
55.452843,-0.8547167,-4.628086,0.013357404,1.0,0.9995527,0.85253906,0.0012411328,-22.134491,-22.156723,0.6081297,272.70114,5.358391,2.0526081e-06,1.0133442,-0.76902574,5.7175426,0.9994774,0.8261719,0.0012560976,-21.957668,-21.979706,0.5854566,94.87632,5.3511815,1.7354074e-05,107.760605,-1.4258945,-4.6432605,0.01942712,1.0,0.99879456,0.23730469,0.009061402,-22.05464,-22.068758,-7.6119986,210158.47,106.07304,2.3250808e-13,0.99871063,0.21972656,0.009269445,-21.983845,-21.99773,-7.778927,660.8636,4.59824,9.7662363e-14,0.048366409254074094,22770.341357946396,435000
56.218742,-0.7493584,-4.6277666,0.013229785,1.0,0.99954796,0.84472656,0.0012057954,-21.93161,-21.953789,0.7574636,686.3265,6.6517053,4.117438e-05,0.31730738,-0.50276333,5.105063,0.9995184,0.82421875,0.0012011735,-21.840374,-21.862469,0.7583227,151.11406,5.6315365,0.00024747732,97.01682,-1.705198,-4.639667,0.01798969,1.0,0.9987297,0.2529297,0.008949535,-22.041927,-22.056524,-7.1106253,2446.377,9.214878,2.1923806e-12,0.9987211,0.24121094,0.008621541,-21.864384,-21.878815,-7.1023774,400.98886,3.1019073,2.33969e-13,0.04832571816444397,23011.969950437546,440000
56.443844,-0.69363195,-4.630247,0.014221816,1.0,0.99958134,0.8613281,0.0012005601,-22.150955,-22.173178,0.58324134,374.92227,5.230207,1.4269298e-09,0.47846526,-0.8159881,5.170027,0.99953556,0.83203125,0.001205358,-22.084047,-22.10621,0.5894222,235.07054,5.4078007,5.2131476e-08,95.22396,-1.7742213,-4.647381,0.02107518,1.0,0.99873734,0.22753906,0.009465674,-22.243883,-22.258034,-7.7685566,679.8729,3.88967,3.394057e-13,0.9986849,0.20703125,0.00939337,-22.04372,-22.057611,-7.830801,345.92105,3.388519,3.368407e-14,0.04832940807342529,23253.61699295044,445000
56.992966,-0.8167337,-4.6266913,0.012799426,1.0,0.9995518,0.8466797,0.0012707626,-22.121323,-22.143583,0.6511669,164.55327,5.7957654,1.0083721e-07,0.7096676,-0.6561394,4.277873,0.9995136,0.8378906,0.0012875213,-21.96139,-21.983437,0.5902519,118.109276,5.836984,4.9253458e-08,101.10956,-1.7292345,-4.640889,0.01847871,1.0,0.9987812,0.25097656,0.009004792,-22.22839,-22.242981,-7.301484,4359.155,6.8873935,5.9551473e-15,0.9987278,0.24902344,0.009006481,-21.981152,-21.995388,-7.4177465,2147.216,10.877857,3.175464e-13,0.04841113705635071,23495.672679662704,450000
65.50423,-0.6977619,-4.6263523,0.012663955,1.0,0.99955654,0.859375,0.0012438716,-22.165846,-22.188288,0.7950387,318.2003,6.7672386,1.4229606e-07,0.2712044,-0.7579445,6.8571672,0.9995384,0.8330078,0.0012824532,-22.180115,-22.202507,0.72519094,124.148026,6.26929,1.0467082e-06,102.55749,-1.8063295,-4.6438503,0.019663058,1.0,0.9988022,0.25585938,0.008835407,-22.211437,-22.226208,-7.102654,6274.1846,10.697704,1.7322594e-12,0.9986944,0.23828125,0.008979568,-22.020885,-22.035358,-7.2161307,5541.4175,13.142752,1.3457371e-11,0.04861716899871826,23738.75852751732,455000
55.223736,-0.83142066,-4.6294575,0.013906064,1.0,0.99953365,0.8457031,0.0012492414,-21.966156,-21.988237,0.6237354,323.78104,6.0113163,2.5454193e-08,0.31685424,-1.0359421,6.3638525,0.99949455,0.81152344,0.0012827306,-21.907387,-21.929396,0.6079786,1035.2517,7.395239,7.872057e-09,106.19501,-1.8378623,-4.64312,0.019370813,1.0,0.99876595,0.25976562,0.00919769,-22.195156,-22.209507,-7.515896,8136.412,9.701317,1.4332956e-14,0.9986973,0.22949219,0.009251395,-22.055801,-22.069973,-7.5580244,5538.612,9.788522,4.5857865e-13,0.04861700720787048,23981.843564748764,460000
53.711727,-0.78006065,-4.628979,0.013714652,1.0,0.9995661,0.8623047,0.001160326,-22.219193,-22.241596,0.6976333,243.31308,5.6799703,2.8867143e-07,0.81829345,-0.68886626,5.7361174,0.99954605,0.85058594,0.0011190118,-22.104485,-22.12686,0.78434825,109.84801,5.8143115,2.5889622e-05,95.25513,-1.8503013,-4.63824,0.017418973,1.0,0.99879265,0.22753906,0.009189504,-22.051704,-22.065828,-7.604023,19716.51,14.249718,6.416547e-13,0.99871254,0.20214844,0.009049721,-21.932077,-21.946123,-7.563544,691.0208,5.207512,5.632315e-13,0.04863502869606018,24225.018710136414,465000
62.40406,-0.7192151,-4.6266775,0.012793966,1.0,0.99953747,0.8535156,0.0012596406,-22.086985,-22.10926,0.7015828,510.89767,6.3138747,1.7551732e-06,0.5216392,-0.4443567,3.924974,0.9994898,0.8173828,0.0012915484,-22.03007,-22.052237,0.64762896,251.35635,5.798526,8.053483e-07,97.79844,-1.6984787,-4.647662,0.021187916,1.0,0.99883175,0.28808594,0.008481187,-22.178288,-22.193233,-6.8910565,11772.75,14.085324,6.219404e-13,0.99877644,0.26660156,0.008496199,-22.035671,-22.050423,-6.947274,39772.156,47.405273,3.770854e-14,0.04851461796760559,24467.59180188179,470000
63.715584,-0.68622494,-4.631221,0.014611361,1.0,0.9995661,0.8701172,0.0011706237,-22.087896,-22.110367,0.90109783,299.95026,7.0533648,4.955906e-06,0.27986395,-0.97468424,5.439942,0.9995165,0.8388672,0.0011872931,-22.09406,-22.116362,0.7186846,223.75775,6.2762427,3.0150375e-05,119.74794,-1.3490794,-4.6423244,0.019052729,1.0,0.99876595,0.2607422,0.008880496,-22.107803,-22.12246,-7.116478,136157.88,78.51354,1.1333166e-12,0.9987211,0.22363281,0.008921065,-22.082975,-22.097404,-7.3247204,7454.7944,17.680744,3.0718302e-13,0.04095391135215759,24672.361360311508,475000
53.38294,-0.76364696,-4.6286087,0.013566479,1.0,0.9995651,0.8378906,0.0012312047,-22.180267,-22.20267,0.736735,319.09415,5.8035593,5.037508e-10,0.5611708,-0.33568922,4.933655,0.9995117,0.8222656,0.0012736886,-21.910515,-21.93265,0.7311406,236.15627,6.3676677,1.10361285e-07,97.45478,-1.7477033,-4.6476545,0.021184886,1.0,0.9987049,0.26660156,0.0090958,-22.176811,-22.191345,-7.310363,5494.0117,9.227053,2.2755208e-14,0.9986887,0.25585938,0.00895323,-21.902355,-21.916683,-7.2450156,1634.2295,7.0484815,2.1250922e-14,0.03959612126350403,24870.341970205307,480000
48.601116,-0.90808237,-4.628965,0.013708941,1.0,0.9996109,0.88378906,0.0011354708,-22.18967,-22.21207,0.7252311,200.6289,5.8822527,9.419939e-07,0.55200005,-0.75166273,5.2214193,0.9995794,0.86035156,0.0011534805,-22.027733,-22.050064,0.81662375,457.7891,6.6410007,8.508056e-05,93.27773,-1.8376912,-4.6427145,0.019208742,1.0,0.9987459,0.25585938,0.009267544,-22.167988,-22.182367,-7.456863,468.51474,4.5997024,3.6271854e-13,0.998682,0.22460938,0.009150946,-21.929289,-21.943644,-7.2434893,26951.535,38.01335,3.713056e-15,0.03971201853752136,25068.902064561844,485000
53.60572,-0.9006885,-4.6296196,0.013970661,1.0,0.99953556,0.8544922,0.0012638079,-22.269135,-22.291517,0.6291115,205.4292,5.566025,3.748294e-07,0.23990771,-0.26391518,3.0220776,0.99948025,0.8261719,0.0013157009,-22.03151,-22.053516,0.48267275,95.481384,4.8212023,5.235616e-07,102.50013,-1.6249307,-4.639508,0.017925963,1.0,0.9987221,0.2529297,0.009069696,-22.31419,-22.328974,-7.190259,2658.3398,11.239994,1.10123075e-14,0.99867916,0.2265625,0.008978765,-22.158018,-22.17247,-7.3737803,5620.137,10.036255,1.0588176e-13,0.0398017478466034,25267.91080546379,490000
55.231403,-0.8281881,-4.63021,0.0142070195,1.0,0.99956226,0.8574219,0.0012229239,-22.253746,-22.276186,0.7051234,367.27356,5.97931,2.2942072e-07,0.31513107,-1.433049,5.619947,0.9995222,0.82421875,0.001261019,-22.226608,-22.248976,0.6560793,157.79051,5.8050537,1.2063623e-06,119.17968,-1.5827682,-4.6404586,0.01830636,1.0,0.9987917,0.25097656,0.008840563,-22.119047,-22.133648,-7.183899,1907.7948,6.530075,1.5360082e-13,0.9987211,0.22363281,0.008897653,-22.070267,-22.084728,-7.2745056,6232.4336,11.999456,1.6442572e-13,0.04610753736495972,25498.4484937191,495000
61.434334,-0.77884567,-4.628538,0.013538027,1.0,0.9995432,0.85253906,0.0012157939,-22.291002,-22.313402,0.6256886,401.62363,6.1258454,1.6222979e-06,0.5480436,-0.6007428,7.096305,0.99951077,0.8359375,0.0012282969,-22.071808,-22.093956,0.58741885,166.14925,5.327104,2.271142e-06,111.81607,-1.4901462,-4.6468377,0.020858059,1.0,0.99881077,0.2607422,0.008626286,-22.300964,-22.315884,-7.038823,6169.359,10.151194,1.8359327e-13,0.9987211,0.2421875,0.00879072,-22.058651,-22.073195,-7.180566,671.4775,6.059108,5.0154474e-14,0.04850200057029724,25740.958498477936,500000
57.7379,-0.7990531,-4.629467,0.013909722,1.0,0.99952793,0.8466797,0.0012707526,-22.207132,-22.22949,0.6646298,466.5031,5.8896427,1.1741402e-07,0.6457969,-0.8150948,4.6292877,0.99948215,0.81640625,0.0012898443,-22.054432,-22.076618,0.6420717,655.3688,6.6826816,6.22625e-06,102.01283,-1.6405408,-4.6481166,0.021369666,1.0,0.9987736,0.24511719,0.009202408,-22.300764,-22.315197,-7.5348225,692603.94,350.1762,1.1743e-13,0.9987068,0.21289062,0.009226463,-22.02283,-22.037003,-7.5219665,2437.1438,9.515322,1.9649874e-11,0.14766536326408386,26479.285316228867,505000
54.681602,-0.8398794,-4.627941,0.013299552,1.0,0.99953556,0.8515625,0.0012407292,-22.300596,-22.323053,0.67372304,766.3224,6.2608213,4.3415542e-07,0.6003281,-0.43398446,4.628518,0.9995003,0.8388672,0.0012284312,-22.142921,-22.165209,0.6556798,168.71002,5.573615,4.8546513e-05,109.50078,-1.7182317,-4.645586,0.020357424,1.0,0.9987316,0.2607422,0.009193556,-22.519005,-22.533747,-7.4388103,1488868.1,734.3293,4.4749369e-13,0.99870014,0.2265625,0.00930558,-22.36979,-22.384222,-7.60629,4761.4087,13.460072,3.795078e-13,0.02188361916542053,26588.7034137249,510000
56.532875,-0.85048854,-4.6252832,0.012236326,1.0,0.9995632,0.8564453,0.0011775023,-22.374609,-22.39731,0.84812325,362.3291,6.4903893,5.1540937e-08,0.7344307,-0.6473763,6.6789303,0.9995327,0.84472656,0.0011842493,-22.040367,-22.062761,0.8689121,361.00635,6.2900763,1.4385078e-06,105.433266,-1.6240548,-4.6504703,0.022311125,1.0,0.9987354,0.24609375,0.009296604,-22.309586,-22.32399,-7.5739155,27644.93,21.579906,1.5073646e-14,0.99867153,0.22167969,0.009303344,-21.984331,-21.998373,-7.6211843,20698.188,36.91023,3.2634166e-13,0.028436259269714357,26730.8847117424,515000
51.913036,-0.9045732,-4.6261835,0.012596245,1.0,0.9995527,0.84375,0.001230181,-22.216011,-22.238474,0.76357126,162.56482,6.0943856,9.4956675e-07,0.37377134,-0.37277246,5.60258,0.9995308,0.8310547,0.0012369021,-22.0753,-22.097624,0.7626457,823.0815,6.763175,1.8409659e-06,94.58264,-1.7715622,-4.645113,0.02016817,1.0,0.9987173,0.24316406,0.009195337,-22.198858,-22.213312,-7.41064,21226.67,15.689225,4.2011452e-13,0.99869156,0.21777344,0.009115487,-22.014025,-22.0283,-7.4093275,66711.67,125.04164,4.5351797e-13,0.04728382840156555,26967.303855657578,520000
64.481094,-0.61232036,-4.6283684,0.013470465,1.0,0.9995527,0.8388672,0.0012355897,-22.396885,-22.419474,0.71114516,244.54904,5.591857,1.4033474e-06,0.8726055,-0.504934,7.72583,0.99949265,0.8232422,0.0012733961,-22.2835,-22.305895,0.62401307,102.88469,5.170566,7.223176e-08,103.284515,-1.6958026,-4.6430483,0.019342262,1.0,0.9987478,0.2548828,0.009057023,-22.26495,-22.27957,-7.3088818,7267.854,9.865688,3.78199e-14,0.9987068,0.24609375,0.009148905,-22.10985,-22.124025,-7.605294,2453.702,5.3820934,5.2570617e-12,0.048301643896102905,27208.812076807022,525000
59.99079,-0.7561632,-4.628455,0.013505048,1.0,0.9995508,0.8574219,0.0012058415,-22.438957,-22.46152,0.64204526,193.60326,5.550918,3.6560636e-05,0.37887764,-0.4132046,5.887279,0.999527,0.83984375,0.0012275213,-22.35287,-22.375294,0.5862539,147.95311,5.396124,1.0817811e-05,101.59886,-1.697635,-4.645355,0.020265073,1.0,0.99873734,0.24316406,0.009261003,-22.445934,-22.460468,-7.577712,72457.875,44.61519,1.1371008e-13,0.99869347,0.22363281,0.009277733,-22.277992,-22.29229,-7.654487,643.3143,5.0945954,4.6274318e-14,0.048283700132369996,27450.230578899384,530000
57.75665,-0.7399451,-4.628398,0.013482164,1.0,0.9995537,0.8515625,0.0012109122,-22.255688,-22.278135,0.70839936,768.6848,6.544923,4.373438e-08,0.5416004,-0.36782002,4.682494,0.9995165,0.8339844,0.0012411161,-22.177828,-22.200214,0.72659045,407.05872,6.754942,1.7178527e-05,111.72722,-1.5625991,-4.6390743,0.017752662,1.0,0.9987173,0.234375,0.009337194,-22.377047,-22.39145,-7.640841,1345.5844,6.174166,4.1734614e-14,0.99866295,0.21582031,0.0092469305,-22.378662,-22.393194,-7.5114493,1926.4269,8.096231,2.954725e-13,0.04829484338760376,27691.704797267914,535000
63.41324,-0.78780174,-4.627551,0.013143398,1.0,0.9995804,0.8652344,0.0011841387,-22.315228,-22.337717,0.69127774,201.24565,5.3374653,1.096155e-05,0.7405988,-0.59744537,4.90547,0.9995222,0.8408203,0.0012012852,-22.095455,-22.117683,0.6436413,145.20099,5.152557,2.4564642e-05,111.96942,-1.5881631,-4.641797,0.018841615,1.0,0.99880123,0.24023438,0.00894401,-22.339964,-22.35458,-7.3919077,9622.925,9.335164,5.7591106e-13,0.99876404,0.22851562,0.008897377,-22.134039,-22.148365,-7.478696,1450.3589,7.7282343,3.009999e-12,0.04840694808959961,27933.739539146423,540000
54.865425,-0.77348495,-4.6283755,0.013473122,1.0,0.99958134,0.8730469,0.0011997147,-22.478443,-22.50107,0.666502,204.28513,5.3141766,1.6395444e-07,0.6215178,-0.44455147,7.3764315,0.99954414,0.8300781,0.001225492,-22.36399,-22.386557,0.7187715,65.63523,5.6143227,1.3780829e-07,99.16963,-1.7483058,-4.6325455,0.015141134,1.0,0.9988394,0.2783203,0.00872355,-22.462103,-22.47715,-7.0700645,27409.635,20.263361,1.7658989e-13,0.99878883,0.2548828,0.008702284,-22.384165,-22.399097,-7.106161,1100.5001,7.205826,7.333125e-14,0.04846492457389832,28176.064163923264,545000
50.787666,-0.7924768,-4.6271167,0.012969707,1.0,0.9995642,0.8623047,0.0011791836,-22.352327,-22.374878,0.7154243,276.3494,6.1871943,5.7666744e-05,0.44381717,-0.79065204,5.3457623,0.99952793,0.82910156,0.0012312692,-22.252792,-22.275171,0.6406454,255.71878,5.5974593,8.8997865e-08,106.67915,-1.5399209,-4.650854,0.02246476,1.0,0.99881744,0.23535156,0.009202642,-22.39148,-22.405716,-7.828562,34703.492,22.031462,8.8766174e-18,0.99877167,0.21777344,0.009234089,-22.239717,-22.253796,-7.8361893,389.16748,3.902168,1.8641439e-13,0.048597408819198606,28419.05120921135,550000
53.109848,-0.8012881,-4.6271734,0.012992389,1.0,0.9995651,0.8720703,0.0011790495,-22.34177,-22.36437,0.7769091,427.74753,5.8927526,4.1926187e-06,0.5996802,-0.5889872,5.1466017,0.99952507,0.83691406,0.0011893046,-22.28233,-22.304926,0.83597594,165.56242,6.077725,5.153268e-06,102.9256,-1.7258987,-4.6437445,0.019620737,1.0,0.99872303,0.23828125,0.009310737,-22.495888,-22.5104,-7.646519,431.06625,3.9203975,3.8970895e-14,0.998682,0.21777344,0.00937882,-22.42406,-22.438423,-7.731333,939.92303,4.695657,2.9606695e-14,0.048640057134628295,28662.251497030258,555000
55.833244,-0.74041665,-4.6302357,0.014217197,1.0,0.9995699,0.859375,0.0012089884,-22.347908,-22.370499,0.7596936,237.8637,6.108584,8.647475e-06,0.38623267,-0.74525213,4.470145,0.99952507,0.83203125,0.0012098957,-22.256498,-22.278976,0.73762804,176.59831,6.0706425,1.5063121e-07,100.829,-1.7405555,-4.6400957,0.01816122,1.0,0.99875355,0.25976562,0.008921182,-22.297607,-22.312378,-7.188236,4331.2417,7.8854837,1.28437385e-14,0.99876976,0.22949219,0.0087476205,-22.164906,-22.179468,-7.2641563,1089.6963,8.382389,5.4461096e-13,0.048628342580795285,28905.393211841583,560000
56.907852,-0.7352512,-4.6313763,0.014673628,1.0,0.9995642,0.85058594,0.0012740379,-22.458876,-22.481506,0.6901461,284.56668,5.9892936,1.3001028e-08,0.35642922,-0.35089248,3.8769908,0.99949265,0.82128906,0.0012715637,-22.256746,-22.279097,0.60593,101.08637,5.3677654,4.3135194e-07,104.88033,-1.610219,-4.636495,0.016721008,1.0,0.99876976,0.25683594,0.008892482,-22.381905,-22.396696,-7.2504296,1951.6022,7.786251,2.3202331e-14,0.9987831,0.23242188,0.008787195,-22.219532,-22.234053,-7.3663006,2721.5608,6.1729574,1.628919e-12,0.04864021506309509,29148.594289302826,565000
55.177048,-0.8308325,-4.6279135,0.013288277,1.0,0.99955654,0.85253906,0.0011821692,-22.436699,-22.459255,0.6379624,408.8665,5.35182,8.1492784e-05,0.6029862,-0.35777038,5.035969,0.99950695,0.82714844,0.0012244389,-22.408379,-22.430866,0.5968379,230.35245,5.2470345,0.00018800743,119.56642,-1.4847243,-4.649509,0.021926524,1.0,0.9987774,0.26660156,0.009176133,-22.424831,-22.43938,-7.541832,1709.6698,5.7698298,3.670409e-14,0.99873257,0.22265625,0.009123348,-22.37059,-22.384888,-7.7457733,200.90529,2.3930378,5.92008e-13,0.0480789538860321,29388.989060401917,570000
54.044327,-0.7965938,-4.6250196,0.01213089,1.0,0.9995594,0.85058594,0.0012525485,-22.338806,-22.361364,0.7367821,257.16818,6.307141,8.3957434e-07,0.55015236,-0.6570782,3.8153777,0.99948597,0.81347656,0.0012519242,-22.304987,-22.327486,0.70989305,197.89526,5.961974,2.7814806e-06,108.09995,-1.7374285,-4.646624,0.020772621,1.0,0.9987812,0.24707031,0.008982759,-22.45586,-22.470583,-7.395712,1150.7784,4.9654465,8.0791596e-13,0.99870205,0.22070312,0.009104045,-22.38569,-22.400265,-7.4759684,1579.822,7.710845,9.698893e-13,0.03976570501327514,29587.817587137222,575000
53.533905,-0.79869974,-4.6281576,0.0133861145,1.0,0.9995928,0.8779297,0.0010947168,-22.456236,-22.478983,0.81772506,227.77692,6.2266455,2.929362e-05,0.54097533,-0.65386313,4.440744,0.9995661,0.85253906,0.0011023014,-22.519932,-22.542746,0.818046,99.459595,5.963689,9.5574476e-05,109.54162,-1.5921937,-4.642335,0.019056946,1.0,0.9987812,0.24707031,0.009196906,-22.440178,-22.45473,-7.553855,11459.8,9.221475,4.557734e-17,0.9987278,0.22167969,0.009149257,-22.373062,-22.387495,-7.607112,377.5039,4.5981274,1.2954353e-14,0.0397062041759491,29786.34860944748,580000
63.36459,-0.74787843,-4.633561,0.015547672,1.0,0.999547,0.8417969,0.0012510022,-22.271477,-22.293926,0.69444835,537.36255,6.3001404,1.528453e-06,0.48693454,-0.32133856,4.443845,0.99949837,0.81640625,0.0012990776,-22.10482,-22.127047,0.6306798,174.25323,5.718005,2.3241291e-06,102.65981,-1.7542123,-4.6414366,0.018697603,1.0,0.9987259,0.25,0.009193021,-22.427124,-22.441742,-7.472788,1228.7479,5.4233627,1.297692e-12,0.9987259,0.21386719,0.009128256,-22.225618,-22.239965,-7.548571,981.3296,4.8434076,1.1905793e-12,0.039693207025527956,29984.81464600563,585000
57.49066,-0.72925997,-4.6295137,0.01392861,1.0,0.9995518,0.8623047,0.0012074306,-22.448792,-22.47153,0.8136776,264.02582,6.856674,2.724875e-07,0.3720454,-0.4375263,4.923775,0.9995518,0.85546875,0.0011736273,-22.366234,-22.38891,0.8336272,129.90157,6.3667808,5.689788e-06,97.9429,-1.7538142,-4.6563864,0.024677482,1.0,0.99876595,0.26953125,0.008664801,-22.445251,-22.460321,-7.0284863,599.7534,3.9612112,1.1282448e-14,0.998744,0.24609375,0.008847411,-22.319271,-22.333992,-7.2597885,8158.635,12.408721,3.0061149e-12,0.04155435729026794,30192.58643436432,590000
57.007694,-0.70401394,-4.6263924,0.012679964,1.0,0.99957657,0.86035156,0.001143527,-22.460346,-22.483107,0.8243511,246.39716,6.2349954,4.3140255e-05,0.52305055,-0.3461915,4.0983663,0.9995327,0.8310547,0.0012071123,-22.20551,-22.22794,0.7394316,183.59921,6.075678,5.5859702e-05,114.390305,-1.5170498,-4.637358,0.017066173,1.0,0.9987812,0.27734375,0.008880028,-22.476192,-22.491144,-7.1814833,1056.8247,5.6042933,1.4801957e-14,0.9987173,0.24804688,0.00891607,-22.346764,-22.361435,-7.338074,552.5159,4.162688,2.70166e-14,0.048359087514877316,30434.381873607635,595000
52.293724,-0.7263819,-4.625922,0.012491784,1.0,0.99956703,0.84765625,0.0012769941,-22.394821,-22.417416,0.7182908,205.15588,6.2300944,6.85796e-10,0.55508703,-0.26877996,4.3954573,0.99949646,0.81933594,0.0012886218,-22.245834,-22.268236,0.6727005,2490.5754,7.9669013,6.405915e-11,98.437614,-1.7388865,-4.6445045,0.01992486,1.0,0.9987583,0.27441406,0.008643994,-22.473309,-22.488499,-6.931633,2816.1682,8.515664,5.764034e-13,0.9987478,0.24316406,0.0085260905,-22.283854,-22.298876,-6.9153633,1057.6293,5.1986036,4.235226e-13,0.048426054954528806,30676.512150287628,600000
55.005333,-0.84265053,-4.6258483,0.012462372,1.0,0.99957466,0.86328125,0.0012306513,-22.348286,-22.370872,0.7594649,374.7035,6.5877905,9.155075e-10,0.3102441,-0.36511636,5.0081577,0.9995413,0.8339844,0.0012462968,-22.23989,-22.262306,0.69404733,85.86346,5.8782334,2.1827218e-06,115.11142,-1.4610801,-4.6405177,0.018329948,1.0,0.99875736,0.2529297,0.009120545,-22.455322,-22.469969,-7.47279,547.3435,4.558343,1.4741669e-13,0.9986973,0.23046875,0.009305978,-22.424854,-22.439245,-7.70363,691.1107,5.0578556,3.3642994e-13,0.1499113793373108,31426.069048643112,605000
63.775772,-0.771224,-4.626352,0.012663603,1.0,0.9995365,0.8486328,0.0012248247,-22.546068,-22.568804,0.7133883,200.08328,5.9264956,1.9488193e-06,0.8094938,-0.80730903,5.2538733,0.99946785,0.8046875,0.0013013144,-22.400782,-22.423347,0.6844462,212.14598,6.1893177,5.592705e-06,107.319244,-1.552813,-4.6429796,0.019314967,1.0,0.998744,0.25585938,0.009109858,-22.554775,-22.569628,-7.3630037,5847.8877,8.175644,1.3278276e-12,0.99870586,0.21484375,0.009292491,-22.511818,-22.526474,-7.5216036,536.04333,5.103365,2.2244465e-13,0.02165539746284485,31534.346037387848,610000
54.247585,-0.7418151,-4.62556,0.012346844,1.0,0.9995918,0.875,0.0011404203,-22.482533,-22.505342,0.85298586,302.89508,6.237859,2.5404213e-06,0.5557934,-0.59073085,4.5440764,0.999526,0.83203125,0.0012019762,-22.328873,-22.351513,0.8333479,182.37521,6.2033257,4.6242454e-07,94.3327,-1.849382,-4.647169,0.02099075,1.0,0.99882984,0.23632812,0.009263175,-22.574116,-22.588457,-7.90135,716.5695,3.2619426,2.9910798e-15,0.9987955,0.2109375,0.009293934,-22.320675,-22.33475,-7.9222326,430.3659,4.0059843,1.04743254e-13,0.024049088859558105,31654.59148335457,615000
61.806637,-0.65100294,-4.6263647,0.012668744,1.0,0.9995613,0.86328125,0.0011543687,-22.560926,-22.5837,0.7368818,213.27272,5.9369173,2.5261868e-06,0.5327003,-0.44903758,4.420747,0.999526,0.8330078,0.0011767305,-22.478533,-22.501127,0.63544816,353.16296,5.555122,2.6384545e-05,115.66692,-1.5276289,-4.641021,0.018531376,1.0,0.99875164,0.24316406,0.009443831,-22.534147,-22.54848,-7.873228,750.9216,5.2381334,2.2928968e-13,0.99870014,0.19238281,0.0094670225,-22.49039,-22.504593,-7.96196,17933.059,30.7053,1.4582303e-12,0.03758264317512512,31842.504700660706,620000
60.10306,-0.7003156,-4.6273413,0.013059452,1.0,0.99953747,0.84375,0.0012249709,-22.292755,-22.315283,0.75327945,146.02927,6.085537,6.5924974e-07,0.72650045,-0.5381855,7.171685,0.9995127,0.83691406,0.0012057123,-22.294464,-22.316944,0.7023839,70.717606,5.1754265,2.0350667e-07,98.724915,-1.6487961,-4.6489964,0.021721551,1.0,0.99873257,0.24609375,0.009039906,-22.511759,-22.52661,-7.3200665,1773.4539,6.6525764,3.2732286e-13,0.9986868,0.22363281,0.009180754,-22.394672,-22.409203,-7.531762,759.7475,4.0643706,8.287391e-14,0.048517173433303834,32085.09057044983,625000
54.91597,-0.74330556,-4.626374,0.012672529,1.0,0.9995451,0.8339844,0.0012353321,-22.6125,-22.635302,0.7139834,320.3979,6.0247097,7.072069e-09,0.5357595,-1.6215411,5.394949,0.9995184,0.82910156,0.0012332482,-22.4676,-22.490253,0.708143,258.5538,6.016211,1.2027792e-08,104.79814,-1.8549345,-4.6424203,0.019091085,1.0,0.9987974,0.25097656,0.009312352,-22.510626,-22.525091,-7.71175,1166.7395,5.9479322,7.71845e-15,0.9987478,0.22363281,0.009238972,-22.337372,-22.351593,-7.7914295,687.50995,4.388777,5.1681175e-13,0.04857791748046875,32327.980161190033,630000
63.479347,-0.64415026,-4.62463,0.011975064,1.0,0.9996052,0.8544922,0.00114269,-22.495129,-22.51804,0.94265234,179.73515,7.014532,5.045897e-05,0.31941772,-1.074159,6.699767,0.9995413,0.84375,0.0011919078,-22.20839,-22.230957,0.87978214,419.84457,7.6447997,1.1855138e-06,109.58601,-1.6913092,-4.6475964,0.021161692,1.0,0.9987993,0.27246094,0.008802174,-22.617815,-22.633017,-7.0664062,1738.1788,7.137077,1.565219e-13,0.9987173,0.234375,0.008882893,-22.262089,-22.27675,-7.2631354,1913.176,7.4008913,2.2829384e-13,0.04849886736869812,32570.474499464035,635000
50.568478,-0.82774097,-4.6243715,0.011871735,1.0,0.9995775,0.86035156,0.0011663297,-22.405472,-22.428186,0.8310934,142.8428,6.194566,2.7083488e-05,0.57270837,-0.51681453,4.131152,0.9995146,0.828125,0.0012062071,-22.222809,-22.245344,0.8318575,133.77065,6.573442,0.00013713476,108.9224,-1.6104195,-4.6469173,0.020889962,1.0,0.9987135,0.23535156,0.009568168,-22.403362,-22.41772,-7.715561,692.4113,6.0919523,8.85864e-14,0.99869156,0.21289062,0.009469344,-22.259007,-22.273119,-7.8230376,4472.328,9.143413,2.1205898e-14,0.04852604389190674,32813.1047205925,640000
50.372562,-0.774385,-4.626868,0.012870058,1.0,0.9996023,0.87402344,0.0011497654,-22.546963,-22.56976,0.77414656,268.5007,6.60763,1.0579205e-07,0.70925856,-0.81808907,4.8697577,0.99958134,0.84472656,0.0011522429,-22.39049,-22.413143,0.7819159,549.24475,6.83881,6.5863674e-08,99.88758,-1.7207806,-4.6362896,0.016638858,1.0,0.998744,0.25976562,0.009229992,-22.546146,-22.560932,-7.4181337,8783.836,10.325388,9.12918e-14,0.99869347,0.22265625,0.0091495905,-22.331009,-22.345716,-7.286908,1109.7156,8.946504,4.2592858e-13,0.04852667441368103,33055.73809456825,645000
53.55789,-0.7468696,-4.629804,0.014044672,1.0,0.99956036,0.8466797,0.0012101561,-22.613302,-22.63601,0.6141605,224.47278,5.419312,3.893032e-07,0.7164385,-0.602185,5.134794,0.9995241,0.82910156,0.0012551746,-22.561275,-22.583918,0.60115194,228.38933,5.64986,4.172169e-06,104.84129,-1.6635443,-4.6413345,0.018656723,1.0,0.99878883,0.24023438,0.009153359,-22.606441,-22.621078,-7.6301136,385.79147,3.7038107,4.2850143e-15,0.9987745,0.21875,0.009238534,-22.470177,-22.484478,-7.839146,15393.723,20.03394,2.0898107e-12,0.04858251690864563,33298.65068054199,650000
66.331184,-0.6933546,-4.6301656,0.0141891735,1.0,0.99957085,0.8701172,0.0011471485,-22.628555,-22.651394,0.73540854,648.36017,6.0211315,4.580211e-05,1.2079442,-0.460323,6.884594,0.9995327,0.8388672,0.001126884,-22.437075,-22.459719,0.7284391,121.40347,5.2070923,0.00021353665,100.03497,-1.7855167,-4.64748,0.021114964,1.0,0.99880314,0.26660156,0.009093099,-22.743046,-22.757948,-7.4977674,1882.9797,6.7005587,2.1415042e-16,0.9987507,0.23828125,0.009066325,-22.559288,-22.574005,-7.5060577,1178.3511,6.618901,1.7371059e-13,0.04851106286048889,33541.20599627495,655000
53.42047,-0.77706957,-4.6257567,0.012425646,1.0,0.99959373,0.8808594,0.0011617036,-22.586056,-22.608864,0.7446079,431.6156,6.0370455,1.5062527e-06,0.76121545,-0.45647907,5.8439593,0.9995346,0.8417969,0.0012166596,-22.347881,-22.370434,0.7230988,175.03178,6.4483986,1.8969686e-05,105.36039,-1.6119058,-4.646015,0.020529037,1.0,0.99879456,0.27148438,0.008836956,-22.625671,-22.64068,-7.272709,3769.4126,6.565343,1.6130873e-14,0.9987669,0.23730469,0.009109439,-22.359726,-22.374086,-7.66657,5809.721,12.145249,8.7759856e-13,0.04885477123260498,33785.47985434532,660000
52.820805,-0.77449846,-4.6249776,0.012114102,1.0,0.9995699,0.8730469,0.0011331844,-22.646015,-22.66884,0.7046077,273.91104,5.62151,5.682533e-06,0.3968948,-0.5702507,5.4978333,0.9995489,0.8457031,0.0011314943,-22.610569,-22.633373,0.71773946,552.1558,6.290118,1.0831861e-05,103.28128,-1.7851856,-4.643889,0.019678572,1.0,0.9987545,0.24414062,0.0095756585,-22.607761,-22.62204,-8.000355,10199.003,11.826563,5.318223e-14,0.99872303,0.22460938,0.009618523,-22.628311,-22.642523,-8.08993,34616.656,42.897766,2.218158e-14,0.048989445543289184,34030.4270837307,665000
52.3541,-0.8792397,-4.626993,0.012920084,1.0,0.9996033,0.86816406,0.001178124,-22.504055,-22.526752,0.71436983,267.27557,6.0509677,1.8732731e-08,0.7132086,-0.9686799,6.561305,0.999547,0.83691406,0.0011944554,-22.39759,-22.420237,0.7725737,240.03699,6.608056,1.5238865e-05,95.84987,-1.7090218,-4.6442566,0.019825736,1.0,0.99876404,0.25,0.009238724,-22.574677,-22.589417,-7.494655,1999.5577,6.5493603,9.5278914e-14,0.9987173,0.24902344,0.009204927,-22.367346,-22.381742,-7.6404333,2865.6167,7.554506,4.5034758e-13,0.04534430584907532,34257.14861536026,670000
64.25181,-0.68460006,-4.625843,0.012460248,1.0,0.999568,0.859375,0.0011610627,-22.667492,-22.690405,0.7731217,140.4564,5.777134,2.1835493e-09,0.8942807,-0.9808322,5.129022,0.99952984,0.8417969,0.0011637745,-22.666737,-22.689583,0.7071035,134.21931,5.5929594,6.354858e-09,96.85715,-1.9122202,-4.64934,0.02185911,1.0,0.99877167,0.2607422,0.009033739,-22.800167,-22.815163,-7.461547,1589.4652,5.630068,7.153886e-14,0.99876785,0.23046875,0.008933474,-22.6449,-22.659784,-7.4193597,454.40158,4.720804,2.2631393e-12,0.039834116840362546,34456.319200992584,675000
51.818375,-0.7348616,-4.627509,0.013126549,1.0,0.999547,0.85253906,0.0012398694,-22.616913,-22.639647,0.64137214,413.77682,5.85299,3.31361e-11,0.6006525,-0.5467105,4.271122,0.99949837,0.8251953,0.0012363171,-22.520247,-22.542955,0.71126896,333.97244,6.4880943,4.2915076e-08,107.555855,-1.5707434,-4.6460567,0.020545663,1.0,0.9988136,0.26367188,0.0093009155,-22.599306,-22.613743,-7.8306403,1185.9252,6.362752,5.2889254e-15,0.9987478,0.23242188,0.009302547,-22.432795,-22.446985,-7.914871,3904.951,8.767141,2.5992332e-13,0.039837842321395874,34655.50841450691,680000
54.486473,-0.6671938,-4.6258597,0.012466873,1.0,0.9995613,0.8623047,0.0011610688,-22.804672,-22.827684,0.7347119,265.273,5.804493,5.3827694e-07,0.4913251,-0.7092484,5.2885146,0.9995165,0.8378906,0.0011545958,-22.54728,-22.570044,0.7414148,234.78084,5.5603895,2.986188e-06,95.46384,-1.9086713,-4.6500587,0.022146478,1.0,0.9988432,0.2578125,0.0093009,-22.687283,-22.701767,-7.871746,12473.612,18.480015,2.1050014e-15,0.9987831,0.23144531,0.009221846,-22.43435,-22.448572,-7.8834267,3193.7124,10.611142,5.6905386e-13,0.03990972800254822,34855.057055950165,685000
52.979485,-0.7969263,-4.626191,0.012599573,1.0,0.9995718,0.8652344,0.0011975294,-22.554148,-22.576952,0.7755405,302.24872,6.343816,5.2946067e-08,0.37436163,-0.6113057,6.2146983,0.9994993,0.8339844,0.0012135134,-22.491364,-22.51408,0.74587226,302.01535,6.453703,3.5772778e-09,115.04898,-1.3942311,-4.6470494,0.020942783,1.0,0.99879265,0.24414062,0.009396297,-22.661827,-22.67641,-7.740548,995.49603,4.9199896,2.3612676e-13,0.9987259,0.23046875,0.009406842,-22.609325,-22.623716,-7.8861876,5676.1025,10.538535,9.1222873e-14,0.04436213846206665,35076.867750644684,690000
57.03473,-0.7068423,-4.6232014,0.011403548,1.0,0.9995794,0.8730469,0.0011335276,-22.731306,-22.75433,0.8241256,294.79797,6.4429893,1.9705122e-07,0.3069668,-0.67970467,5.310854,0.9995403,0.8408203,0.0011581423,-22.556145,-22.578957,0.77827823,211.87938,5.678506,4.794653e-05,98.24287,-1.8176817,-4.6464643,0.020708725,1.0,0.99875355,0.23828125,0.0096504595,-22.698,-22.712442,-7.924712,1393.6523,6.6415443,6.1695025e-15,0.9986887,0.21289062,0.009806955,-22.55222,-22.56637,-8.077602,5941.2417,17.561634,8.16772e-14,0.04844835433959961,35319.10952401161,695000
59.509747,-0.7616386,-4.6267886,0.012838388,1.0,0.9995785,0.86621094,0.0011733476,-22.773048,-22.79599,0.69572854,2683.1743,7.3778157,9.5096516e-07,0.89616996,-0.6160941,6.3213434,0.999527,0.8466797,0.0011909851,-22.581268,-22.603952,0.6275675,112.102844,5.782091,3.49992e-07,111.34221,-1.6789097,-4.6445847,0.019956801,1.0,0.99879265,0.24804688,0.009471964,-22.855839,-22.87035,-8.01365,242087.3,121.71226,4.3550866e-14,0.9987726,0.22167969,0.009287931,-22.669136,-22.683487,-7.989713,2849.492,6.824181,1.08326745e-13,0.04842805070877075,35561.24977970123,700000
54.732323,-0.7354971,-4.627391,0.013079277,1.0,0.9995909,0.87109375,0.0011255648,-22.78735,-22.810339,0.72903246,137.64769,5.622655,7.843413e-06,0.49589747,-0.5402476,3.7997394,0.99957085,0.8535156,0.0011142666,-22.45059,-22.473244,0.724667,304.4121,5.8122816,1.2549527e-05,98.07312,-1.9565353,-4.6443214,0.019851599,1.0,0.9987354,0.2548828,0.009255591,-22.753372,-22.768217,-7.5660887,1333.7214,6.034503,5.0859026e-15,0.99868107,0.22363281,0.009171087,-22.35333,-22.3679,-7.4478383,1686.6266,7.1943274,1.1411797e-12,0.16256046061515808,36374.052084207535,705000
60.941338,-0.6780664,-4.627001,0.012923318,1.0,0.9995594,0.84277344,0.0012390681,-22.62363,-22.646576,0.8502695,333.8016,6.6860785,1.5828662e-07,0.5228954,-0.35748076,5.063837,0.9995012,0.8183594,0.0012857742,-22.561142,-22.583944,0.76550335,192.18988,6.2911015,2.4150197e-07,108.783554,-1.4626889,-4.647835,0.021256832,1.0,0.99874496,0.265625,0.008835513,-22.665653,-22.680946,-7.0204344,2702.833,6.759251,9.125181e-13,0.99872017,0.23632812,0.008997541,-22.55201,-22.566942,-7.2758894,15780.927,23.10309,1.7050415e-13,0.021898677635192872,36483.54547405243,710000
58.329113,-0.76846087,-4.6255174,0.012329867,1.0,0.9995804,0.8623047,0.001196882,-22.658535,-22.681509,0.84434235,169.639,6.645219,2.1505663e-05,0.35738584,-0.6208434,5.189723,0.99953175,0.8330078,0.0011881951,-22.61454,-22.637432,0.8057295,261.90408,6.795267,1.1500497e-05,110.43064,-1.5291439,-4.6520996,0.022962797,1.0,0.9987583,0.24511719,0.00928138,-22.746109,-22.760912,-7.6042705,3957.5767,7.1041203,2.2343447e-14,0.99868965,0.22460938,0.009422083,-22.584991,-22.599455,-7.7881165,21114.092,23.771143,1.2948685e-12,0.022811664390563965,36597.60379934311,715000
51.398,-0.87493217,-4.6272287,0.013014376,1.0,0.99961185,0.87109375,0.0010902784,-22.716106,-22.739119,0.82576513,408.16016,5.9318333,4.988975e-05,0.8668922,-0.36695337,3.9452791,0.999547,0.84472656,0.0011451864,-22.589891,-22.612667,0.7097347,118.04036,5.4652367,7.6125725e-06,107.97363,-1.6544365,-4.6431017,0.019363636,1.0,0.99879456,0.24804688,0.009114798,-22.688732,-22.70362,-7.4544415,2100.2363,6.5234427,2.2360072e-14,0.99874306,0.24023438,0.009153961,-22.53347,-22.54806,-7.6078515,1498.8527,5.4192886,3.977388e-14,0.033699654960632326,36766.1020758152,720000
54.910294,-0.6852383,-4.6275187,0.013130429,1.0,0.9995737,0.84277344,0.0012235378,-22.763992,-22.786886,0.6565063,656.18396,5.9660425,2.7667866e-08,0.3804082,-0.3898709,4.044694,0.99951744,0.82910156,0.0012380785,-22.684063,-22.706827,0.60449237,105.596176,5.552276,1.551494e-06,95.29643,-1.8813022,-4.6440287,0.019734448,1.0,0.99877644,0.2734375,0.009125002,-22.806688,-22.821732,-7.418339,104458.016,69.210526,1.1330307e-13,0.99871635,0.24902344,0.008964433,-22.582159,-22.59703,-7.3665485,21680.055,24.677168,3.8513805e-13,0.04702533783912659,37001.22876763344,725000
57.38794,-0.81613195,-4.625812,0.012447796,1.0,0.9995804,0.8564453,0.0011702331,-22.384937,-22.407732,0.9346913,169.32448,6.700327,8.5118645e-10,0.5488348,-0.54989856,5.748267,0.9995489,0.83984375,0.0011543881,-22.332563,-22.355383,1.0134561,294.25363,7.0749187,0.00017793685,97.8293,-1.7679356,-4.643,0.019323006,1.0,0.99878883,0.26171875,0.00913731,-22.472668,-22.487415,-7.387829,25394.387,18.283009,2.9171668e-13,0.99867344,0.234375,0.009129627,-22.2547,-22.269295,-7.3220396,14639.943,32.395424,2.067674e-13,0.048575417470932004,37244.10585641861,730000
55.786545,-0.86464536,-4.6274824,0.0131159695,1.0,0.99959946,0.8691406,0.0011262816,-22.684355,-22.707441,0.93375695,769.5532,7.468011,6.161778e-07,0.41070652,-0.45558324,4.00965,0.99955845,0.8417969,0.001157495,-22.549957,-22.572805,0.82546127,146.44563,6.0599613,1.8435152e-06,100.36655,-1.8183459,-4.6428013,0.019243322,1.0,0.9987726,0.25878906,0.009096181,-22.73938,-22.7544,-7.3738737,3344102.5,1641.0347,3.0142845e-16,0.9986954,0.24609375,0.009148321,-22.570627,-22.585472,-7.3854194,2985.5754,10.793763,3.9005812e-12,0.04855241956710815,37486.86795592308,735000
51.11332,-0.85602474,-4.625876,0.012473198,1.0,0.99957466,0.8779297,0.0011476127,-22.705297,-22.72822,0.745282,827.0404,6.3183856,1.7441844e-05,0.33384043,-1.0187579,4.2712045,0.9995308,0.83691406,0.0011708786,-22.601976,-22.624805,0.7514189,577.2194,6.830967,0.00010399563,108.76665,-1.763994,-4.639765,0.018028948,1.0,0.9987583,0.26464844,0.009225948,-22.643566,-22.658344,-7.5260706,1651.6194,7.096768,9.275137e-14,0.99873257,0.23535156,0.009241812,-22.494411,-22.508993,-7.579562,1000.2514,5.86995,1.2370901e-13,0.04849839782714844,37729.35994696617,740000
56.27076,-0.73351264,-4.627532,0.0131358,1.0,0.99957085,0.86621094,0.0011564752,-22.758976,-22.782017,0.80919015,154.29848,5.653822,7.733949e-08,0.61303794,-0.926835,7.35363,0.99950886,0.85058594,0.0012088716,-22.67324,-22.696117,0.7307196,145.72495,5.9564123,8.130224e-08,117.87395,-1.5027108,-4.644573,0.019952355,1.0,0.9987669,0.2529297,0.009173826,-22.628078,-22.642899,-7.4666424,1785.0109,7.945146,1.0391936e-14,0.99877644,0.23828125,0.009042751,-22.577501,-22.592146,-7.597524,2014.0397,8.857316,8.4464976e-13,0.05012972197532654,37980.008558511734,745000
52.979527,-0.75304073,-4.6273575,0.013065985,1.0,0.9995556,0.85839844,0.0011514698,-22.573795,-22.596663,0.82032645,1063.056,6.5298605,0.00029532876,0.8660859,-0.6197491,5.6412683,0.99953556,0.83984375,0.0011374871,-22.569647,-22.59244,0.7480297,75.371605,5.37306,3.3574473e-05,109.776794,-1.5865777,-4.6443634,0.019868374,1.0,0.99877167,0.28222656,0.0087704845,-22.684822,-22.700186,-6.9657116,1671.2053,7.364601,3.926769e-15,0.9986925,0.25390625,0.008917104,-22.748608,-22.763866,-7.137352,84722.26,92.63172,1.5789108e-12,0.04955294699668884,38227.77329516411,750000
60.81272,-0.64481676,-4.624008,0.011726163,1.0,0.99954224,0.8535156,0.0012164735,-22.744982,-22.767973,0.7763556,508.97797,6.4514704,1.534875e-05,0.7375304,-0.67221314,5.8539515,0.9995003,0.8330078,0.0012361049,-22.583942,-22.606657,0.65508497,177.88564,5.506858,1.8125895e-05,106.18361,-1.6984117,-4.643793,0.019640205,1.0,0.9987011,0.22949219,0.009635199,-22.831047,-22.845598,-7.9467664,638.4641,4.9670973,5.7463135e-14,0.99868774,0.21875,0.0098366905,-22.70995,-22.724068,-8.2678385,9723.618,12.671285,3.688236e-13,0.048550369167327884,38470.52514219284,755000
51.456,-0.7785317,-4.6226263,0.011173648,1.0,0.9995537,0.8457031,0.0011805636,-22.785727,-22.808804,0.8212269,178.28586,5.7721844,1.8910225e-07,0.43285102,-0.7410853,3.5735173,0.99953175,0.83496094,0.001220142,-22.585358,-22.608248,0.8315814,191.02206,6.1691084,5.056509e-07,100.69226,-1.7663519,-4.6403184,0.018250355,1.0,0.9987259,0.25683594,0.009329434,-22.665844,-22.680515,-7.6574163,26771.373,18.16006,2.2206639e-14,0.9987078,0.22070312,0.0092240255,-22.489765,-22.504202,-7.719551,666.4131,4.187559,2.9040377e-13,0.04915801019668579,38716.31519675255,760000
60.89822,-0.63255256,-4.6261578,0.012585851,1.0,0.9995804,0.87109375,0.0011003708,-22.85028,-22.87338,0.77969265,211.11665,5.8357162,0.00013535393,0.64144146,-0.6735072,5.642344,0.99954224,0.84277344,0.0011151433,-22.722183,-22.745115,0.7377746,240.81013,5.5154943,0.00018075429,99.42499,-1.8629067,-4.642992,0.01931975,1.0,0.99881554,0.2607422,0.009306582,-22.785397,-22.800083,-7.761445,77600.695,43.89538,1.6848292e-14,0.99871635,0.23242188,0.009547595,-22.589916,-22.60424,-7.9337997,40570.44,60.56449,1.2482394e-13,0.04968247971534729,38964.72759723663,765000
54.146877,-0.78837544,-4.6252937,0.012240465,1.0,0.99958897,0.87402344,0.001108801,-22.644934,-22.667866,0.8130777,279.14914,5.9502935,1.262832e-07,0.5470609,-0.44586688,3.9152448,0.9995613,0.85839844,0.0011262831,-22.568314,-22.591204,0.8490633,381.65958,6.7669153,9.643263e-05,107.11666,-1.7234958,-4.6507354,0.022417182,1.0,0.9987278,0.2626953,0.009103722,-22.76943,-22.78455,-7.301277,114702.48,67.99144,5.182879e-12,0.998683,0.25585938,0.009153869,-22.589003,-22.604017,-7.2291074,18067.264,24.426859,6.4306945e-14,0.044575130319595334,39187.60325074196,770000
48.24267,-0.789176,-4.626709,0.012806626,1.0,0.9995861,0.8701172,0.0011328653,-22.749529,-22.772556,0.8068695,306.39044,6.1922626,1.8877223e-06,0.5068475,-0.14618038,3.12403,0.9995556,0.8613281,0.001139642,-22.56705,-22.589962,0.87115943,607.6829,7.4344893,3.1209179e-06,115.67941,-1.5869484,-4.6443806,0.019875292,1.0,0.9987936,0.2626953,0.009167761,-22.795607,-22.81042,-7.6416354,38722.074,28.015532,3.286328e-13,0.9987688,0.23144531,0.009236169,-22.584238,-22.59864,-7.8519945,1969.6805,6.931942,3.1063804e-13,0.0408773163318634,39391.9898352623,775000
46.188126,-0.81685996,-4.6239605,0.011707213,1.0,0.9995899,0.8779297,0.0011101781,-22.848335,-22.871456,0.8044677,246.5671,5.664332,4.8945327e-07,0.36955988,-0.62001777,3.7756493,0.99953175,0.8339844,0.0011765293,-22.581734,-22.604515,0.7251449,132.30312,5.352296,1.3107203e-05,105.25354,-1.6808796,-4.650019,0.022130592,1.0,0.99876213,0.234375,0.0093468595,-22.767384,-22.782013,-7.8013906,1209.3351,4.7191896,5.0873243e-13,0.99873066,0.2265625,0.009279671,-22.550734,-22.565096,-7.858874,458.2801,3.7360976,6.647751e-13,0.040872970962524416,39596.35469174385,780000
57.205334,-0.7086187,-4.624547,0.011941648,1.0,0.9996033,0.8798828,0.0011094208,-22.806065,-22.829048,0.7084407,158.17184,5.387603,7.968194e-07,0.61452055,-0.71706593,4.7902555,0.9995651,0.8466797,0.0011255566,-22.68119,-22.704096,0.75350296,105.471436,5.615515,8.614533e-10,111.37619,-1.6531956,-4.6411114,0.018567584,1.0,0.99879265,0.2548828,0.009208068,-22.889614,-22.904531,-7.6273794,61001.625,36.909473,6.6686345e-15,0.9987488,0.24121094,0.009234637,-22.71661,-22.73122,-7.769478,1157.1189,4.753358,2.1426516e-13,0.04077940711975098,39800.25172948837,785000
50.819504,-0.7322413,-4.624357,0.011865923,1.0,0.99954414,0.859375,0.0011457067,-22.769018,-22.792,0.74256164,671.20667,5.61353,0.0003946354,0.6497709,-0.48937243,3.8095155,0.9995146,0.8359375,0.0011705074,-22.638477,-22.661308,0.71816474,200.47684,5.9260616,0.00012614556,112.25152,-1.6318598,-4.6448307,0.020055069,1.0,0.9987917,0.2548828,0.00955922,-22.935545,-22.950138,-8.005281,1607.0951,6.122382,7.5810333e-16,0.99874973,0.20898438,0.00954012,-22.734837,-22.749153,-8.091354,1987.5383,9.086663,1.520811e-13,0.04558068385124207,40028.15515041351,790000
52.500298,-0.78864896,-4.625002,0.012123654,1.0,0.99955463,0.84765625,0.0011601085,-22.811459,-22.834448,0.70877683,417.9191,5.7302165,4.155887e-08,0.68722355,-0.49661666,4.4541473,0.9995136,0.8330078,0.0011611299,-22.81633,-22.83938,0.765756,116.31604,5.841859,2.9957255e-05,111.267166,-1.7977879,-4.6399612,0.018107424,1.0,0.99879646,0.26660156,0.009018825,-22.892696,-22.907696,-7.5504694,1100.8413,4.816474,1.4515971e-17,0.9987974,0.24511719,0.009068567,-22.732658,-22.747387,-7.666696,323.63406,4.4081607,1.5325345e-13,0.04841116833686829,40270.2109940052,795000
50.543705,-0.8326974,-4.623901,0.011683404,1.0,0.99955845,0.8564453,0.0012606686,-22.73832,-22.76112,0.58579576,109.39471,5.2207437,7.769275e-11,0.4989215,-0.40017566,3.5950608,0.9995041,0.83203125,0.0012862142,-22.669464,-22.692184,0.57619065,181.20082,5.191921,5.2791753e-09,107.920616,-1.4627683,-4.6538982,0.023682127,1.0,0.9987383,0.23925781,0.009401505,-22.987303,-23.0022,-7.749504,11205.923,10.5655365,2.4879854e-13,0.9987402,0.22460938,0.009132953,-22.780785,-22.795528,-7.695819,4124.615,7.482601,5.641217e-13,0.04898603391647339,40515.141165971756,800000
54.287483,-0.80044127,-4.6252074,0.012205905,1.0,0.9995775,0.8691406,0.0011359656,-22.82445,-22.84751,0.76582295,382.5774,6.2707586,2.307927e-07,0.62637043,-0.4395309,4.7711954,0.9995394,0.83984375,0.0011469956,-22.667706,-22.690598,0.74886346,208.70073,5.520417,4.6429482e-10,106.13599,-1.7549372,-4.6487236,0.021612382,1.0,0.9988241,0.25390625,0.0092265345,-22.865063,-22.879908,-7.6774554,32355.45,20.689915,2.501059e-14,0.99875164,0.23730469,0.009225605,-22.680866,-22.69545,-7.765464,1468.8876,4.482154,1.7359267e-13,0.17280996417999267,41379.190989494324,805000
58.33938,-0.6770674,-4.6228647,0.011268792,1.0,0.9995661,0.85839844,0.0011421451,-22.779427,-22.802568,0.8940496,261.89673,6.500776,6.124381e-06,0.36068133,-0.6749475,4.374133,0.9995489,0.83984375,0.0011838098,-22.655857,-22.678808,0.82026327,199.52412,6.2400875,1.0217001e-06,103.955185,-1.595231,-4.641798,0.018842291,1.0,0.9987459,0.2578125,0.009194076,-22.75766,-22.772614,-7.4605656,1201.1422,6.2372513,1.4137648e-15,0.9987354,0.22363281,0.009234844,-22.560394,-22.574986,-7.635158,8477.103,12.591129,3.414673e-13,0.02175921459197998,41487.987064123154,810000
53.384895,-0.800715,-4.6259966,0.012521684,1.0,0.9995651,0.8828125,0.0011337698,-22.839764,-22.862944,0.8721758,169.39264,6.26252,5.985697e-05,0.5552804,-0.6615089,5.301929,0.99953365,0.84472656,0.0011446092,-22.707142,-22.7302,0.88144255,227.18898,6.477232,1.5390144e-05,113.36427,-1.559104,-4.64803,0.021334775,1.0,0.99875546,0.25878906,0.009273058,-22.898914,-22.914007,-7.457173,3224.3064,8.769289,2.2828164e-13,0.9987097,0.22851562,0.009096859,-22.664255,-22.679062,-7.5199203,2754.4456,7.4276237,6.756406e-13,0.02185674419403076,41597.27078652382,815000
50.048195,-0.76647115,-4.62422,0.011810868,1.0,0.9995861,0.8623047,0.001160861,-22.98275,-23.005863,0.66209346,353.94214,5.486591,6.493209e-06,0.60451025,-0.2916289,6.8910856,0.9995308,0.8457031,0.0011617092,-22.836594,-22.859571,0.67066133,172.68922,4.9113603,6.876872e-05,111.65283,-1.5565479,-4.645083,0.020155987,1.0,0.99877167,0.24707031,0.009540111,-22.97306,-22.98767,-8.025319,1653.3593,7.000079,2.1041113e-14,0.99872494,0.21972656,0.009712491,-22.821053,-22.83526,-8.288095,1509.4202,5.093357,4.4056752e-14,0.031035641241073608,41752.448994636536,820000
60.280754,-0.57816535,-4.626486,0.012717406,1.0,0.99961853,0.86816406,0.0010646885,-22.734798,-22.757868,0.86453485,123.28973,5.7778854,0.00015549958,0.4729758,-0.37557697,3.6583161,0.999547,0.8486328,0.0011031765,-22.773825,-22.79688,0.8124999,131.42772,5.6697626,7.934904e-05,107.97535,-1.6781313,-4.6501403,0.022179151,1.0,0.99874306,0.2529297,0.009448616,-22.769573,-22.78416,-7.846277,787.1013,4.9941483,1.6837038e-15,0.9987402,0.22460938,0.009665133,-22.606098,-22.620281,-8.097441,38929.055,61.121502,4.369179e-15,0.043955922937393185,41972.22861099243,825000
60.40426,-0.59737045,-4.625081,0.012155271,1.0,0.99960995,0.8769531,0.0011367355,-22.778553,-22.801695,0.89511776,289.39893,6.8235216,7.8818525e-09,0.64474,-0.49640858,4.685102,0.99954796,0.84375,0.0011806762,-22.707119,-22.730118,0.82135314,107.38855,6.456146,1.3973363e-08,99.200516,-1.8335555,-4.645854,0.020464567,1.0,0.9988003,0.26953125,0.0093464935,-22.873661,-22.888424,-7.7712784,377.52515,3.9408684,1.23316e-14,0.99870396,0.22363281,0.009409927,-22.705944,-22.720514,-7.8006096,5962.3853,16.97314,4.4260494e-14,0.04857619676589966,42215.109597206116,830000
49.96988,-0.7872138,-4.6250105,0.012127183,1.0,0.9996023,0.8808594,0.0010977674,-22.85788,-22.88114,0.9379484,441.12836,6.891728,5.0136505e-06,0.39633116,-0.49916732,3.717585,0.999568,0.83984375,0.0011149449,-22.759644,-22.782797,0.9241967,454.96896,6.6459217,5.2617424e-06,109.31137,-1.6379129,-4.6424913,0.01911942,1.0,0.99880886,0.26757812,0.009133009,-22.928988,-22.944014,-7.55637,5435.258,9.378564,1.4699516e-14,0.9987297,0.24121094,0.009180376,-22.777966,-22.792728,-7.6751595,1234.1195,6.4346957,1.0242388e-13,0.04857673840522766,42457.993290901184,835000
57.978565,-0.73832655,-4.626814,0.012848514,1.0,0.9995823,0.8466797,0.0011261837,-22.80339,-22.826586,0.9252644,149.09041,6.6498156,2.2553093e-05,0.24697682,-0.6525977,4.5363855,0.9995346,0.82714844,0.001159252,-22.65359,-22.676573,0.859202,298.14255,6.639864,1.5513273e-09,109.60724,-1.5866812,-4.6487036,0.02160441,1.0,0.99879074,0.24804688,0.009286169,-22.740114,-22.754745,-7.7713284,184399.31,94.92695,1.5481378e-13,0.99872303,0.20800781,0.009611996,-22.674263,-22.68858,-8.029842,31539.21,38.638763,2.232264e-12,0.04853805046081543,42700.68354654312,840000
57.23752,-0.6827687,-4.625122,0.012171703,1.0,0.99957466,0.8544922,0.0011605136,-22.76512,-22.78823,0.87790567,225.7368,6.363183,8.217158e-05,0.8268317,-0.56207037,5.2090197,0.99953175,0.8300781,0.0011669572,-22.657887,-22.680822,0.80688745,148.62703,5.661758,1.2681875e-06,95.39146,-2.0057812,-4.6545043,0.023924751,1.0,0.99877167,0.25195312,0.009349935,-22.943846,-22.958654,-7.7953644,4023.85,6.7261195,5.0087695e-16,0.99875546,0.23046875,0.009365812,-22.740007,-22.75454,-7.8711247,1830.2362,7.114732,3.9861747e-14,0.048416748714447025,42942.767292022705,845000
53.35676,-0.78203166,-4.625086,0.012157309,1.0,0.9995947,0.87597656,0.0011195958,-22.846432,-22.869658,0.91320956,432.1721,6.539302,1.7990068e-07,0.78146803,-0.95758843,5.229003,0.9995594,0.8574219,0.0011219748,-22.65092,-22.673925,0.8817074,154.49048,6.0509787,2.052507e-09,110.2543,-1.6264485,-4.641258,0.018626068,1.0,0.99879265,0.25878906,0.009305296,-22.928764,-22.94358,-7.770989,2908.926,5.3961763,6.761275e-14,0.99871254,0.22753906,0.00952312,-22.846304,-22.860895,-7.917966,2705.6724,9.001076,7.2159516e-14,0.04835589747428894,43184.54678320885,850000
58.318527,-0.6948105,-4.627758,0.013226378,1.0,0.9995594,0.8466797,0.0011737602,-22.95146,-22.974731,0.8554506,1749.7161,7.198615,8.4607365e-07,0.46823496,-0.5642246,4.446638,0.9995289,0.8183594,0.0012047169,-22.795319,-22.818415,0.82998806,1089.9291,7.4285154,3.406565e-07,107.360756,-1.8970795,-4.655757,0.024425605,1.0,0.9988022,0.26757812,0.00913707,-23.089127,-23.10436,-7.5034466,684.3203,6.9455957,3.5205506e-15,0.99872684,0.24414062,0.00913789,-22.8536,-22.868704,-7.4006295,767.1242,6.287307,6.406883e-14,0.04834203486442566,43426.25695896149,855000
50.45159,-0.71220183,-4.6247854,0.012037038,1.0,0.9996147,0.875,0.0011032193,-22.976318,-22.999563,0.80384594,233.2123,5.6522026,1.8065776e-08,0.49769264,-0.51445293,4.9675226,0.9995632,0.84375,0.0011273872,-22.876114,-22.89921,0.7514302,120.84469,5.3793864,1.2778329e-06,101.14038,-1.7667202,-4.6532536,0.023424355,1.0,0.9987793,0.27734375,0.008969578,-23.043482,-23.058811,-7.362478,1272.0979,5.5279837,4.5847196e-13,0.9987478,0.24511719,0.008953989,-22.92983,-22.94503,-7.380987,1242.7975,6.159214,7.76085e-14,0.04919423913955689,43672.22815656662,860000
59.070145,-0.78105634,-4.6234627,0.011507903,1.0,0.9995489,0.84472656,0.001211284,-22.784555,-22.80764,0.8297419,400.3305,6.272931,2.7138532e-07,0.7383743,-0.7706493,6.0212398,0.99952984,0.8339844,0.0012050287,-22.691532,-22.714529,0.8346762,139.52101,6.2724657,3.785168e-05,98.54288,-1.7889174,-4.6471634,0.020988444,1.0,0.9987745,0.24902344,0.009408046,-22.90481,-22.919485,-7.893467,519.3915,4.4639626,7.759603e-15,0.9987192,0.22851562,0.009419429,-22.799925,-22.81457,-7.8185663,686.8464,5.0753994,6.099676e-14,0.04985968208312988,43921.526569366455,865000
58.051685,-0.79896855,-4.624039,0.0117386235,1.0,0.99958515,0.859375,0.0011111817,-22.86379,-22.886923,0.8026929,246.99179,5.6674485,1.8810283e-06,0.5021054,-0.35363787,4.3842573,0.9995413,0.84472656,0.0011308484,-22.71001,-22.732988,0.79756737,147.10486,5.521443,2.0252837e-05,101.97293,-1.9008992,-4.6396136,0.017968465,1.0,0.9987488,0.25585938,0.009300236,-22.883541,-22.898487,-7.5943713,981.2613,6.5247746,2.7377344e-13,0.9987631,0.23242188,0.00910841,-22.772816,-22.78765,-7.5998697,37417.43,44.392582,1.7694459e-13,0.043998008251190185,44141.51661205292,870000
50.834946,-0.90211946,-4.62327,0.011431023,1.0,0.9995642,0.8623047,0.0011255832,-23.05157,-23.074883,0.79690516,244.22986,5.7584677,1.0916452e-05,0.3380849,-0.6031128,4.365393,0.99952126,0.83984375,0.0011773069,-22.696482,-22.71942,0.7698902,132.22137,5.624324,4.161138e-08,99.13215,-1.7793268,-4.63935,0.017862884,1.0,0.99881077,0.2529297,0.009346411,-23.007689,-23.022377,-7.9806805,1246.5425,3.8627791,2.7990558e-14,0.9987469,0.22558594,0.009364779,-22.717432,-22.731977,-7.835808,64152.566,69.19492,9.4027264e-14,0.039667333030700684,44339.85327863693,875000
56.044304,-0.7205278,-4.6269484,0.012902188,1.0,0.99960136,0.8535156,0.0011199096,-22.831116,-22.85428,0.86597806,244.28577,6.225728,1.87159e-07,0.33966774,-0.7945711,4.2915397,0.99953365,0.83984375,0.0011242784,-22.753565,-22.77661,0.82213926,100.432144,5.6114597,2.2525094e-06,115.85329,-1.7145821,-4.6442285,0.019814378,1.0,0.9987526,0.24902344,0.009208187,-22.983324,-22.998356,-7.606594,3721.8647,10.226735,1.6654426e-13,0.9987221,0.21972656,0.009290179,-22.875553,-22.890326,-7.762982,11774.861,27.159534,6.483159e-14,0.039681433248519894,44538.26044654846,880000
46.955166,-0.87480074,-4.6227236,0.011212257,1.0,0.99959564,0.8730469,0.0011259416,-22.9693,-22.992615,0.88280237,1358.4562,7.0868983,7.817011e-09,0.3331336,-0.56133497,3.8269658,0.9995651,0.8515625,0.0011446357,-22.807755,-22.830925,0.8949603,177.66881,6.6628885,4.2183674e-06,97.09297,-1.8854797,-4.6467237,0.020812655,1.0,0.9987898,0.2705078,0.009030415,-23.015789,-23.031086,-7.3666887,3017.5525,8.089638,7.990622e-14,0.9987221,0.25585938,0.009117426,-22.788704,-22.803719,-7.4268217,384.80267,4.8312726,2.9910484e-13,0.03964329957962036,44736.476945877075,885000
55.537018,-0.73174226,-4.6238294,0.011654626,1.0,0.99956703,0.86328125,0.0011328245,-22.967024,-22.990225,0.7682903,142.45454,5.5838327,1.4959269e-06,0.37392497,-0.58134836,5.8820853,0.99954987,0.85546875,0.0011405867,-22.792847,-22.815872,0.764039,107.498604,5.714118,2.0859184e-06,103.19679,-1.8557179,-4.6419926,0.01891994,1.0,0.9988413,0.24902344,0.009277148,-22.89964,-22.914352,-7.8477993,16773.432,12.436255,5.737002e-15,0.99875736,0.21484375,0.009384604,-22.787819,-22.802366,-7.9052286,42110.293,54.311447,1.6959566e-13,0.046166431045532225,44967.309103012085,890000
52.245193,-0.7551909,-4.624565,0.011949042,1.0,0.9996033,0.8769531,0.0011154521,-23.04289,-23.066097,0.6960696,2347.5813,6.745242,6.1667333e-09,0.60828704,-0.42541364,3.6270163,0.9995823,0.8457031,0.0011018643,-22.908218,-22.93131,0.7139255,116.57745,5.295293,3.538764e-06,103.36823,-1.7103081,-4.6402044,0.01820482,1.0,0.9988117,0.26171875,0.008989742,-22.935856,-22.950975,-7.4685,1289.8412,5.6104245,5.2177375e-14,0.99876213,0.24121094,0.008948544,-22.809952,-22.825066,-7.3490124,2612.6448,7.5500937,1.832643e-14,0.048730364274978635,45210.960926532745,895000
53.900795,-0.67851555,-4.6259694,0.01251069,1.0,0.99962807,0.88183594,0.0010710731,-22.86848,-22.891724,0.90987486,300.42017,6.3563843,1.3204813e-07,0.34422788,-0.62069386,4.1277075,0.99958897,0.8730469,0.001029945,-22.68393,-22.70701,0.9279496,248.26491,6.647608,3.3512812e-08,109.6478,-1.6679313,-4.650211,0.02220731,1.0,0.99874496,0.2607422,0.009403428,-22.887476,-22.902401,-7.6174316,520.4637,5.1761403,6.391479e-14,0.998641,0.22070312,0.0096120285,-22.736382,-22.750988,-7.7907705,1089.7317,6.702653,3.8052457e-14,0.05053469967842102,45463.634427309036,900000
57.62901,-0.69745314,-4.6244564,0.011905356,1.0,0.9995918,0.859375,0.0011140127,-22.961655,-22.984928,0.8470743,279.7744,6.2511687,8.6045574e-08,0.41671407,-0.73694384,5.1445694,0.99954224,0.8417969,0.00114014,-22.738274,-22.761314,0.8296069,114.69711,5.7269053,1.199724e-06,106.581436,-1.8381062,-4.651221,0.02261137,1.0,0.9988136,0.25390625,0.009222832,-22.930618,-22.945465,-7.7417264,2252.101,5.9791355,2.277402e-13,0.9987135,0.23242188,0.009448786,-22.777733,-22.792336,-7.84103,1671.6069,7.330898,5.706317e-14,0.18131916470527648,46370.23025226593,905000
56.33133,-0.7358002,-4.6234818,0.011515609,1.0,0.99961567,0.86621094,0.0010379405,-22.95503,-22.978365,0.91734564,451.68848,6.4388943,9.590362e-07,0.60490954,-0.5392593,4.5016375,0.99957085,0.8613281,0.0010908932,-22.706581,-22.729717,0.96258235,3581.5327,9.8904085,1.1377195e-05,106.85875,-1.8440814,-4.6520147,0.022928823,1.0,0.9987955,0.25976562,0.009307954,-22.952412,-22.967276,-7.7445326,1248.3009,5.712012,8.295804e-14,0.9987278,0.22851562,0.00939455,-22.70034,-22.714817,-7.889485,584.4553,4.9133806,8.8241704e-14,0.021599943780899047,46478.229973077774,910000
48.76718,-0.7724623,-4.625207,0.012205672,1.0,0.9995966,0.8925781,0.001101809,-22.829044,-22.852169,0.829152,460.54807,6.019702,8.161757e-06,0.48884526,-0.35093278,3.9623027,0.99954605,0.84765625,0.0011472538,-22.753729,-22.776718,0.76444256,1574.586,7.2814927,2.7321715e-07,111.00467,-1.556098,-4.653695,0.023600945,1.0,0.99878216,0.25683594,0.009223099,-22.967184,-22.982191,-7.6155887,8813.061,9.905535,8.611985e-14,0.9987154,0.23535156,0.009507465,-22.941208,-22.956026,-7.781781,61766.977,76.621445,1.4189903e-14,0.021632993078231813,46586.394939899445,915000
55.97838,-0.8038245,-4.6251674,0.012189978,1.0,0.99962044,0.875,0.0010894223,-22.865606,-22.888927,0.9926243,123.189186,6.631504,1.4983591e-07,0.37367874,-0.87840855,5.4799232,0.99956703,0.85546875,0.0011279576,-22.723934,-22.747028,0.90401816,253.8608,6.994499,6.7624055e-06,101.29312,-1.7990527,-4.6526604,0.023187103,1.0,0.9987354,0.24414062,0.009429058,-23.07152,-23.086555,-7.6907425,1540.0352,6.2447457,1.9934183e-13,0.9986973,0.21777344,0.009285749,-22.872614,-22.887453,-7.691308,1600.48,6.940654,1.06576735e-13,0.027355969619750977,46723.17478966713,920000
56.124268,-0.79586285,-4.6234713,0.011511455,1.0,0.9996109,0.8857422,0.0010702033,-23.036297,-23.059616,0.8170662,252.90341,5.7131414,1.4502436e-06,0.52508414,-0.72059,4.59156,0.99958134,0.8544922,0.0011128166,-22.833984,-22.857176,0.89305174,219.26024,6.5780926,2.5787397e-06,108.159485,-1.7297399,-4.64246,0.01910676,1.0,0.99879265,0.24707031,0.00932238,-23.075838,-23.090797,-7.77154,3174.6177,7.932204,2.59627e-13,0.9987345,0.23339844,0.009291367,-23.019213,-23.03401,-7.880414,1264.2849,6.2369804,3.2414747e-13,0.03908406028747559,46918.595093250275,925000
55.785336,-0.7291776,-4.6249843,0.012116723,1.0,0.99960804,0.890625,0.001086846,-23.003298,-23.026697,0.9337429,180.04723,6.567668,8.069404e-07,0.76333237,-0.5076282,5.2296915,0.99956894,0.8623047,0.0010791672,-22.915497,-22.938803,0.9276039,128.39833,6.21476,8.079592e-07,104.30104,-1.8101819,-4.645438,0.02029824,1.0,0.9987755,0.22851562,0.009573717,-23.054138,-23.068743,-8.114609,1215.1074,4.0204096,2.439526e-15,0.9987135,0.21484375,0.009734334,-23.05052,-23.064848,-8.392525,1016.9715,3.741611,2.777941e-14,0.04871181349754333,47162.15416288376,930000
62.198177,-0.61348504,-4.622952,0.011303747,1.0,0.9996128,0.8779297,0.001083233,-22.89522,-22.918497,0.9185481,755.15906,7.0958853,1.4030369e-06,0.5008096,-0.39051336,3.7129366,0.99956226,0.83691406,0.0010845104,-22.824007,-22.847198,0.90149397,116.85484,5.9518876,1.8164015e-05,120.010445,-1.4610072,-4.6419535,0.018904408,1.0,0.9987812,0.25195312,0.009351972,-22.881784,-22.896608,-7.716387,8269.106,10.301994,1.7671674e-15,0.9986925,0.22460938,0.009534724,-22.752075,-22.766668,-7.823741,9491.569,27.070116,3.0671097e-14,0.05052566156387329,47414.78247213364,935000
55.935135,-0.7553241,-4.622734,0.011216432,1.0,0.9996309,0.8808594,0.001024187,-23.038292,-23.061737,0.94472057,258.21228,6.5985656,4.6356328e-07,0.328487,-0.5462688,4.418427,0.9995651,0.8574219,0.0010754177,-22.769346,-22.792477,0.8933258,142.32506,6.1595716,2.4608605e-07,103.268875,-1.799396,-4.6550674,0.024149904,1.0,0.99878216,0.2685547,0.009088088,-23.024405,-23.039639,-7.4389343,1451.8085,5.503827,1.4811987e-17,0.99870586,0.24121094,0.009003244,-22.782986,-22.798075,-7.347697,5556.7905,9.815731,1.1186932e-12,0.05042734022140503,47666.91917514801,940000
51.69361,-0.7067567,-4.6257257,0.01241315,1.0,0.9995642,0.859375,0.0011649027,-23.038948,-23.062262,0.81038165,471.8495,6.174754,2.457196e-08,1.5586888,-0.6894085,5.7566485,0.99953747,0.8339844,0.0011760279,-22.988785,-23.012016,0.77629507,324.30283,6.199602,2.5965828e-05,103.09285,-1.7831317,-4.6437807,0.019635094,1.0,0.9987526,0.25585938,0.009363236,-23.080025,-23.095087,-7.6727095,1094.1886,4.8261023,1.7849427e-14,0.9987354,0.23046875,0.009348607,-23.008793,-23.023684,-7.774168,1632.878,7.3221927,8.5542337e-13,0.0503751220703125,47918.794786930084,945000
54.9609,-0.8406674,-4.6218224,0.0108517725,1.0,0.999588,0.8769531,0.0010813402,-23.03881,-23.062222,0.9082762,380.14172,6.747161,5.210695e-05,0.46399707,-0.49579865,4.4142847,0.99953175,0.83203125,0.0011638876,-22.82263,-22.845737,0.8167108,236.08803,6.4855776,0.00028221696,99.08836,-1.8692744,-4.6534786,0.023514388,1.0,0.9987993,0.25195312,0.009102733,-22.983171,-22.998259,-7.5480804,10040.634,9.092054,7.610785e-14,0.998785,0.22949219,0.009156814,-22.868504,-22.883339,-7.691327,20102.508,33.11189,4.360404e-15,0.050360437440872194,48170.596976041794,950000
48.908943,-0.79169375,-4.624966,0.012109387,1.0,0.99962234,0.8876953,0.0010420934,-22.891382,-22.914623,0.88391715,540.66815,6.3851614,3.0552058e-06,0.42336667,-0.7215495,4.4674997,0.999609,0.8642578,0.0010473421,-22.803192,-22.826376,0.91524816,261.13593,6.718132,5.981417e-05,109.131996,-1.8243027,-4.646913,0.020888358,1.0,0.9987707,0.23730469,0.009450985,-23.106508,-23.12135,-7.9222083,1700.0868,6.156848,2.3837215e-13,0.9987116,0.21582031,0.009371873,-22.966892,-22.981619,-7.9009504,1558.7726,6.50991,4.8587653e-14,0.050357762384414674,48422.385789871216,955000
55.267685,-0.79877794,-4.6249466,0.012101564,1.0,0.99957085,0.8730469,0.0011071214,-22.9134,-22.93665,0.8664655,216.37546,6.123249,1.0321719e-05,0.25039014,-1.1412094,5.654238,0.9995394,0.84472656,0.0011088739,-22.855957,-22.87913,0.8496962,86.66222,5.6521616,0.00011302084,104.859634,-1.6468142,-4.641745,0.018820936,1.0,0.9988022,0.26464844,0.009216595,-23.103428,-23.118422,-7.764332,1881.1937,4.103963,1.4238826e-12,0.9987173,0.23828125,0.009438179,-22.929106,-22.943855,-7.8412275,1663.6719,5.1013455,1.6897821e-14,0.05016507391929626,48673.21116113663,960000
57.32058,-0.7097635,-4.6240664,0.011749623,1.0,0.99959373,0.8652344,0.0011439747,-23.006924,-23.0303,0.90541774,326.84076,6.6835146,1.3028085e-06,0.2020511,-0.6916821,5.243305,0.99953556,0.83984375,0.0011661991,-22.82423,-22.847328,0.8044488,265.2476,5.9531245,3.5956072e-07,111.88429,-1.5154505,-4.6480083,0.021326337,1.0,0.9987669,0.24121094,0.009547862,-23.140556,-23.155386,-7.9708824,11490.825,10.601362,3.5020929e-15,0.9987316,0.21972656,0.009457098,-22.883703,-22.898243,-8.011,932.2986,4.4171944,3.1190992e-12,0.04836814489364624,48915.05188751221,965000
49.03969,-0.7831638,-4.625305,0.012245032,1.0,0.99957085,0.84472656,0.0012253874,-22.951828,-22.975058,0.8096124,372.39914,6.2559557,2.2371573e-08,0.9285242,-0.31958786,4.867479,0.999526,0.84375,0.0011745351,-22.860676,-22.883852,0.8469843,422.2536,6.683983,4.3110454e-06,100.909805,-1.8046908,-4.6426234,0.019172369,1.0,0.9988022,0.24707031,0.009424327,-23.000957,-23.015726,-7.892261,2607.982,6.3976035,3.7722067e-14,0.99868774,0.21972656,0.0095403325,-22.815792,-22.830317,-7.955948,13296.403,16.678696,1.4082653e-13,0.04252164053916931,49127.660091638565,970000
53.47889,-0.79564774,-4.6248207,0.012051203,1.0,0.9996338,0.8847656,0.0010172232,-22.940613,-22.963997,0.9812231,277.70074,6.507061,1.2889567e-05,0.37419713,-0.6638176,4.3420057,0.9995899,0.8408203,0.001039353,-22.86514,-22.88846,0.9908776,235.8695,6.3892393,0.00021350528,101.56721,-1.9460034,-4.659584,0.02595656,1.0,0.99876785,0.2578125,0.009733931,-23.019476,-23.03397,-8.191108,10665.879,11.568901,7.43587e-18,0.99872684,0.22949219,0.009449648,-22.991636,-23.006384,-7.9026394,1362.6862,5.3097124,4.5846915e-14,0.040027468490600585,49327.79743766785,975000
57.69504,-0.6690577,-4.6220665,0.010949495,1.0,0.99954224,0.8544922,0.0011571452,-23.132113,-23.155533,0.82569253,316.08237,5.777724,1.7210914e-05,0.32369307,-0.34054688,3.6574564,0.9995127,0.828125,0.0011775984,-22.994778,-23.018019,0.7810546,125.042465,5.581462,3.7275683e-07,115.35306,-1.6403091,-4.644081,0.019755414,1.0,0.99875164,0.24609375,0.0097714495,-23.183891,-23.198456,-8.284944,687.5303,3.2436666,1.298016e-16,0.9987116,0.21679688,0.009799397,-23.026146,-23.040556,-8.283899,7386.6577,12.60816,2.821086e-13,0.03999803595542908,49527.78762054443,980000
57.52746,-0.81305224,-4.6222296,0.011014968,1.0,0.99957085,0.85058594,0.001130329,-23.155941,-23.179363,0.8078152,245.50046,5.830307,1.685483e-05,0.70412004,-0.45107275,3.918911,0.99953747,0.82910156,0.00117562,-22.981434,-23.004696,0.8181803,580.86597,6.498843,6.7363086e-05,104.18557,-1.7866257,-4.645855,0.02046505,1.0,0.9987917,0.25683594,0.0091994,-23.16339,-23.178411,-7.7935925,1026.9653,4.552251,1.5367077e-14,0.9987259,0.2265625,0.009247078,-22.982943,-22.997793,-7.789561,55926.266,60.885548,2.680678e-13,0.03961806745529175,49725.87795948982,985000
55.84368,-0.66449034,-4.622958,0.0113061555,1.0,0.9996271,0.87890625,0.0010853844,-22.89368,-22.917027,0.9875108,371.397,6.8260746,7.6008894e-07,0.67529625,-0.98831046,4.520406,0.99955654,0.8408203,0.0010986029,-22.724276,-22.747402,0.9339037,131.46194,5.9674673,4.495039e-06,115.98526,-1.578487,-4.6486435,0.02158052,1.0,0.99882126,0.25097656,0.009415059,-22.994228,-23.00891,-7.9745746,1407.2289,5.736447,6.720527e-15,0.9986963,0.22070312,0.009600638,-22.85359,-22.868023,-8.087589,2750.0095,8.493092,8.306464e-13,0.0389270459651947,49920.513192892075,990000
50.624203,-0.7650202,-4.6230145,0.0113288555,1.0,0.9996128,0.88183594,0.0011077928,-23.009916,-23.033258,0.8684299,373.31174,6.6912594,1.0276689e-06,0.4665048,-0.31810474,4.4076977,0.99954987,0.8339844,0.0011574831,-22.953117,-22.976341,0.8059226,108.45549,6.0321083,2.0213069e-05,113.69457,-1.5168417,-4.644023,0.01973224,1.0,0.99876595,0.26464844,0.009444751,-22.954723,-22.969482,-7.85518,3759.3071,9.824695,1.9787835e-14,0.9987364,0.23242188,0.009453247,-22.87484,-22.88939,-7.9867573,19101.225,22.900696,6.6915345e-14,0.03877397079467773,50114.38304948807,995000
51.32119,-0.81425095,-4.6222067,0.011005695,1.0,0.99958134,0.86621094,0.0011209054,-22.993906,-23.017239,0.8749335,283.2766,5.982813,4.1901985e-05,0.489316,-0.62783706,4.110086,0.9995365,0.8378906,0.0011478983,-22.848707,-22.871918,0.89674157,1814.9232,8.186038,3.071986e-05,100.76537,-1.7928212,-4.6415396,0.018738799,1.0,0.9988289,0.25,0.0094402805,-22.965778,-22.98039,-8.016199,673.8388,5.050231,1.7438638e-14,0.99873734,0.21679688,0.009426171,-22.826403,-22.8409,-7.9940686,3194.7905,6.4266453,2.6491236e-13,0.03881211400032043,50308.4436211586,1000000
