training/actor/actor_loss,training/actor/adv,training/actor/bc_log_prob,training/actor/mse,training/actor/std,training/critic/binary_accuracy,training/critic/categorical_accuracy,training/critic/contrastive_loss,training/critic/logits,training/critic/logits_neg,training/critic/logits_pos,training/critic/v_max,training/critic/v_mean,training/critic/v_min,training/grad/max,training/grad/min,training/grad/norm,training/value/binary_accuracy,training/value/categorical_accuracy,training/value/contrastive_loss,training/value/logits,training/value/logits_neg,training/value/logits_pos,training/value/v_max,training/value/v_mean,training/value/v_min,validation/actor/actor_loss,validation/actor/adv,validation/actor/bc_log_prob,validation/actor/mse,validation/actor/std,validation/critic/binary_accuracy,validation/critic/categorical_accuracy,validation/critic/contrastive_loss,validation/critic/logits,validation/critic/logits_neg,validation/critic/logits_pos,validation/critic/v_max,validation/critic/v_mean,validation/critic/v_min,validation/value/binary_accuracy,validation/value/categorical_accuracy,validation/value/contrastive_loss,validation/value/logits,validation/value/logits_neg,validation/value/logits_pos,validation/value/v_max,validation/value/v_mean,validation/value/v_min,time/epoch_time,time/total_time,step
42.24679,-1.2847669,-9.507978,0.53911746,1.0,0.50339603,0.0009765625,0.80227643,-0.030062418,-0.02994967,-0.14540051,20.263887,1.4899008,0.024160014,2.7686133,-1.8756605,124.747284,0.30760956,0.0029296875,1.0587957,0.4781769,0.47799882,0.6603321,20.486328,3.0778332,0.09741376,32.85613,-1.1101155,-9.386784,0.50881875,1.0,0.9822712,0.0009765625,0.06798314,-5.395181,-5.39475,-5.8356714,7.241391,0.0994184,6.2394997e-06,0.9843197,0.0,0.056870528,-5.0061445,-5.0059533,-5.201728,6.064072,0.08672364,7.095363e-05,0.012314102268218994,61.570512771606445,1
17.464748,-0.19324076,-8.391429,0.25998026,1.0,0.99903774,0.10839844,0.0057484764,-10.028847,-10.033806,-4.954771,4.9625425,0.09400298,3.2886643e-07,0.302997,-0.28224772,7.219994,0.99903965,0.11035156,0.005780032,-9.874545,-9.879294,-5.016402,7.575122,0.09268628,1.1137287e-06,12.36965,-0.25406867,-8.427694,0.2690465,1.0,0.99880505,0.07128906,0.0060912,-10.147362,-10.152537,-4.85287,17.038176,0.16965684,3.992139e-07,0.9988575,0.0625,0.0060511176,-9.839479,-9.844381,-4.8244023,15.673894,0.14163525,1.7441471e-06,0.2280994978904724,1202.0680043697357,5000
31.9224,-0.09079094,-8.364143,0.25315893,1.0,0.999053,0.14355469,0.0053362525,-10.0225525,-10.028026,-4.423865,11.88055,0.15683894,6.6440607e-06,0.70149595,-0.80723226,14.318552,0.99904823,0.13574219,0.0054371106,-9.853283,-9.858489,-4.527871,7.477338,0.1761017,6.375367e-06,28.049387,-0.17064804,-8.348906,0.24934934,1.0,0.998868,0.09375,0.0058450024,-9.879531,-9.884848,-4.4398212,61.23888,0.35090786,5.0208278e-06,0.9988985,0.09863281,0.0058943005,-9.663397,-9.6684475,-4.495175,12.903471,0.22743344,6.0922243e-06,0.233848299741745,2371.3095042705536,10000
31.5877,-0.15997747,-8.291981,0.2351183,1.0,0.99905396,0.16210938,0.0051880786,-10.213756,-10.219558,-4.278057,25.220541,0.27435112,1.4195855e-05,1.1006893,-0.904846,16.004059,0.99904823,0.14648438,0.0052803075,-9.87756,-9.883009,-4.303627,19.658056,0.27857727,1.688642e-06,44.679165,-0.062398106,-8.341178,0.24741742,1.0,0.9988785,0.107421875,0.005583384,-10.060017,-10.065648,-4.297228,51.248848,0.41840464,5.664615e-07,0.99887085,0.095703125,0.0056666285,-9.868779,-9.874055,-4.4717493,44.873646,0.39288056,3.885716e-06,0.13597359857559205,3051.1774983406067,15000
32.041836,-0.17028084,-8.329205,0.24442433,1.0,0.9990616,0.16894531,0.005179938,-10.405405,-10.411515,-4.154358,114.0305,0.5670091,7.3006786e-06,1.0117425,-0.47612178,16.594028,0.99905396,0.16210938,0.00530255,-9.988602,-9.994202,-4.2584715,98.07659,0.6091032,1.5390071e-05,35.31063,-0.17073394,-8.295145,0.23590927,1.0,0.9988394,0.12988281,0.0056266775,-10.275557,-10.281538,-4.1573477,48.656013,0.49959436,8.044084e-06,0.9988117,0.1171875,0.005830792,-9.915472,-9.921044,-4.2148027,82.48904,0.71179926,2.1957156e-05,0.018287146520614625,3142.6132323741913,20000
37.625473,-0.14481026,-8.266183,0.22866866,1.0,0.9990597,0.17578125,0.005032986,-10.526575,-10.532974,-3.9812262,77.37866,0.52208203,1.2502937e-05,0.6354306,-1.1196225,18.59874,0.99906254,0.16113281,0.0051276414,-10.161045,-10.167003,-4.0660706,40.044315,0.49743778,3.0103714e-05,36.35068,-0.20743766,-8.301065,0.23738916,1.0,0.99871635,0.13769531,0.005687326,-10.507341,-10.5136175,-4.087545,141.14061,0.67438924,2.6445641e-06,0.9986801,0.13378906,0.005928191,-10.118092,-10.123933,-4.1423903,63.971474,0.75045455,1.97868e-06,0.14869868836402894,3886.1066768169403,25000
38.90159,-0.13222872,-8.264995,0.22837171,1.0,0.99906445,0.19628906,0.004930003,-10.651506,-10.658051,-3.9573796,47.143097,0.3873915,2.286399e-05,0.9875035,-0.9212942,18.671473,0.99906445,0.16894531,0.0050159,-10.302743,-10.308842,-4.063589,21.593082,0.3677311,1.17312275e-05,38.91103,-0.18267643,-8.258738,0.22680736,1.0,0.99881935,0.13085938,0.0057503264,-10.622671,-10.62895,-4.1988926,184.28345,0.9567554,1.285134e-06,0.99882317,0.11816406,0.0058032395,-10.264406,-10.270259,-4.275858,61.19994,0.9077213,1.1734803e-06,0.013815119647979737,3955.1822764873505,30000
42.633286,-0.11037132,-8.269862,0.22958867,1.0,0.9990587,0.17773438,0.0049898047,-10.765961,-10.772562,-4.0114594,56.040623,0.38021293,5.1320176e-06,0.76349235,-1.2863173,18.305866,0.99905205,0.17480469,0.005094399,-10.405638,-10.411758,-4.143645,17.1922,0.34223205,2.1368565e-05,39.703423,-0.16471213,-8.295834,0.23608121,1.0,0.9988451,0.14648438,0.0054362165,-10.565136,-10.571525,-4.0298095,172.16196,0.8351567,1.0832961e-06,0.998847,0.14257812,0.0055903117,-10.21464,-10.220602,-4.1155615,52.771156,0.7369437,4.894815e-06,0.14213972063064576,4665.880882263184,35000
40.26906,-0.13163614,-8.24931,0.22445033,1.0,0.9990549,0.20117188,0.0049125208,-10.896266,-10.903134,-3.8703415,49.124268,0.53037417,5.100653e-06,0.7437221,-1.2250946,20.074389,0.9990549,0.18847656,0.0049619805,-10.550696,-10.557148,-3.9511044,105.467606,0.51761734,1.8482197e-05,45.326813,-0.1794168,-8.258261,0.2266883,1.0,0.99865055,0.1328125,0.005834522,-10.889025,-10.895923,-3.8323426,236.51262,1.2265377,2.2730717e-05,0.9986944,0.13574219,0.005787427,-10.480969,-10.487393,-3.908815,113.42438,0.88754344,9.3002245e-06,0.013824755716323852,4735.004664182663,40000
36.49569,-0.20952874,-8.2579565,0.22661215,1.0,0.99904156,0.1875,0.004958975,-10.906427,-10.913196,-3.9823282,120.953636,0.49674022,7.3595033e-06,1.5207605,-1.3339392,22.331898,0.9990463,0.16601562,0.005072521,-10.540207,-10.546547,-4.055662,24.008127,0.38317004,1.891495e-05,34.795166,-0.22142664,-8.246883,0.22384395,1.0,0.99873734,0.1484375,0.005690766,-10.918885,-10.92571,-3.9374623,272.99765,1.096214,2.0164443e-06,0.9987774,0.13574219,0.0057023508,-10.6352005,-10.641658,-4.029071,84.31034,0.88697094,4.913591e-07,0.14154062204360962,5442.70777630806,45000
40.470154,-0.15170892,-8.248592,0.22427095,1.0,0.9990616,0.1875,0.004864525,-10.897915,-10.904742,-3.9126556,76.04723,0.3163025,1.01424675e-05,1.4855176,-0.8830898,20.274971,0.99905777,0.18457031,0.004944846,-10.494812,-10.501168,-3.9922998,27.805132,0.2584566,1.3729957e-05,42.67767,-0.2082979,-8.259891,0.2270956,1.0,0.9989052,0.15136719,0.0054024076,-10.882775,-10.889344,-4.1632333,90.25257,0.4026423,1.8000091e-07,0.9989214,0.13964844,0.0054253247,-10.481418,-10.487497,-4.2618585,10.136478,0.23496886,2.0678281e-07,0.011481632804870606,5500.115941762924,50000
45.947304,-0.17107627,-8.234997,0.2208719,1.0,0.999074,0.22558594,0.004815852,-11.100639,-11.107721,-3.85572,61.176308,0.4145432,2.0147509e-06,1.1597807,-1.0705119,19.972519,0.99907017,0.19433594,0.0049138153,-10.7206745,-10.727303,-3.9392624,24.262302,0.40015405,3.5143273e-06,40.14334,-0.27940923,-8.226841,0.21883318,1.0,0.99862766,0.14550781,0.0055793063,-11.248966,-11.256247,-3.8008807,419.90564,1.0359657,5.7455923e-06,0.99862194,0.12890625,0.0056672324,-10.893226,-10.90013,-3.8307037,79.560425,0.8577008,7.996036e-06,0.14680829410552979,6234.157415866852,55000
31.348011,-0.2121871,-8.219286,0.21694456,1.0,0.9990635,0.21679688,0.0048833177,-10.969078,-10.975972,-3.9148474,51.174187,0.3651927,7.2299918e-06,0.7783808,-1.0029643,16.527863,0.999053,0.19335938,0.0049372977,-10.623749,-10.630258,-3.965513,58.325092,0.35756516,1.4684286e-05,36.660065,-0.26381025,-8.24476,0.2233128,1.0,0.998765,0.15722656,0.005730418,-10.981318,-10.988197,-3.9444275,163.38048,1.0866647,3.829843e-06,0.99877167,0.13867188,0.0056937346,-10.62975,-10.636231,-3.9993477,216.12354,1.144259,2.23879e-06,0.016837841081619263,6318.346626281738,60000
40.2846,-0.20476758,-8.214065,0.21563914,1.0,0.9990721,0.20800781,0.0048286514,-10.973637,-10.980615,-3.8360977,62.717194,0.42332286,2.9372407e-06,1.1173974,-0.6858391,17.190382,0.999074,0.18847656,0.0049069305,-10.541964,-10.548441,-3.9170315,33.60764,0.3910361,4.007999e-06,33.225464,-0.2673825,-8.20686,0.21383771,1.0,0.9988508,0.16308594,0.0054535465,-11.0909,-11.0977955,-4.0367727,129.41716,0.6061296,7.94704e-08,0.998847,0.15039062,0.0054472033,-10.71215,-10.718634,-4.078348,146.16142,0.67752904,6.563684e-07,0.018716797161102295,6411.93061375618,65000
35.360584,-0.1989258,-8.229496,0.21949688,1.0,0.9990673,0.23339844,0.0046603177,-11.239396,-11.24684,-3.6251836,64.78446,0.4220651,4.2936103e-05,0.7881483,-0.8293948,16.899183,0.9990673,0.22460938,0.004754332,-10.87387,-10.880862,-3.72083,40.780975,0.40253872,1.5340205e-05,46.053955,-0.24609953,-8.245462,0.22348869,1.0,0.9987612,0.14160156,0.005647015,-11.241381,-11.248462,-3.996439,68.69348,0.637172,1.1861076e-06,0.9987335,0.14257812,0.0056918976,-10.910683,-10.917373,-4.065878,65.46963,0.81724465,1.546243e-06,0.02014003643989563,6512.630799770355,70000
42.97776,-0.20096448,-8.196606,0.21127436,1.0,0.99903584,0.21777344,0.004710252,-11.372301,-11.379866,-3.6335416,61.04052,0.5313027,9.3243625e-06,1.8557289,-0.81936145,20.619709,0.9990339,0.19042969,0.0048124623,-10.969822,-10.976893,-3.7352915,81.36784,0.55161595,7.705367e-07,42.748516,-0.27179667,-8.215535,0.21600688,1.0,0.9988432,0.15234375,0.0053315195,-11.228027,-11.23528,-3.8093014,84.273445,0.7565758,8.453599e-07,0.99884224,0.13769531,0.005535811,-10.892367,-10.899242,-3.8583984,191.85341,1.7472979,8.751846e-06,0.023001022338867187,6627.635912895203,75000
39.08747,-0.22252221,-8.222746,0.21780962,1.0,0.9990721,0.234375,0.004781954,-11.378791,-11.386216,-3.7825725,66.34757,0.5079489,6.5998042e-06,0.6506056,-0.7037557,17.233671,0.99906635,0.20703125,0.004840835,-10.998844,-11.005833,-3.8499854,43.614967,0.47845337,5.779913e-06,36.428474,-0.30304986,-8.2379875,0.2216198,1.0,0.99887943,0.1640625,0.005262727,-11.2363615,-11.243561,-3.8703823,53.16659,0.4779438,1.751959e-06,0.9988699,0.17675781,0.0053423624,-10.853956,-10.860732,-3.9234188,344.6866,0.900402,5.069563e-06,0.16428819265365602,7449.076877593994,80000
40.261658,-0.24185525,-8.221087,0.21739492,1.0,0.9990654,0.23144531,0.0046134815,-11.4618435,-11.469489,-3.6402168,58.1791,0.41382402,1.8739604e-05,1.9324639,-1.1938485,21.930283,0.9990635,0.21289062,0.004693755,-11.106753,-11.113995,-3.698815,26.816936,0.43777823,1.6624628e-05,39.138664,-0.35246366,-8.234367,0.2207147,1.0,0.9987154,0.15234375,0.0056951535,-11.339638,-11.346923,-3.8866906,187.01544,1.017045,4.4813098e-07,0.99871063,0.15332031,0.005883228,-10.997194,-11.004141,-3.8924756,365.0852,2.3590007,3.6202969e-06,0.013805257272720337,7518.103165626526,85000
46.57639,-0.1990306,-8.234157,0.22066215,1.0,0.9990711,0.23632812,0.0046799034,-11.535979,-11.543677,-3.6616652,72.94556,0.5136346,2.2338231e-06,1.049831,-2.0652256,23.74185,0.999074,0.21972656,0.004772418,-11.095238,-11.102399,-3.7691755,385.03467,0.79539365,5.63472e-06,48.646877,-0.34762317,-8.179845,0.20708409,1.0,0.9985752,0.14941406,0.006085349,-11.457983,-11.465313,-3.958963,131.05011,0.9420405,3.982858e-08,0.9986477,0.15039062,0.0060664616,-11.087693,-11.094632,-3.9893165,294.8285,2.231368,5.6495868e-08,0.014286075162887574,7589.533543348312,90000
33.151352,-0.27154446,-8.205723,0.21355376,1.0,0.99906826,0.24707031,0.004521107,-11.657658,-11.665579,-3.5540876,168.6214,0.6670562,1.27929925e-05,0.85941696,-1.5937153,16.245493,0.999073,0.23632812,0.0045736795,-11.244917,-11.252384,-3.6051822,70.43855,0.5772394,1.0317841e-05,43.636513,-0.3145979,-8.272232,0.23018086,1.0,0.9987879,0.15136719,0.005478601,-11.351355,-11.358548,-3.9918783,41.06809,0.6324362,1.1885097e-07,0.99878025,0.13769531,0.0056711934,-10.931986,-10.938693,-4.0714035,98.679565,1.0693136,1.1148412e-06,0.01875063819885254,7683.286736011505,95000
39.57344,-0.23602565,-8.205928,0.2136048,1.0,0.9990692,0.23632812,0.0045725256,-11.650373,-11.658239,-3.6025214,68.68058,0.58085835,2.5051835e-05,1.0270652,-0.82443887,18.531296,0.9990692,0.22265625,0.004636911,-11.212824,-11.220193,-3.673958,67.07302,0.5469456,5.5387427e-05,41.38552,-0.33243084,-8.232576,0.2202671,1.0,0.99882126,0.15039062,0.005388627,-11.5661545,-11.573583,-3.9668798,36.437283,0.47404,7.8170554e-09,0.9988022,0.14941406,0.005566189,-11.178534,-11.185559,-3.9918213,824.0318,2.420661,3.364667e-08,0.01878535442352295,7777.213512182236,100000
35.755436,-0.24822018,-8.197343,0.21145865,1.0,0.999074,0.23144531,0.0046612313,-11.539886,-11.547523,-3.729124,41.851704,0.3608519,1.0863818e-05,0.87165797,-0.76194024,17.520243,0.99906826,0.19824219,0.0047529805,-11.164581,-11.171788,-3.791007,26.256884,0.3662433,4.223222e-06,36.14396,-0.36048838,-8.247655,0.22403666,1.0,0.9988823,0.18164062,0.0053220144,-11.517515,-11.524915,-3.9476252,202.39508,0.6104182,6.9889037e-09,0.99879646,0.15332031,0.0055821165,-11.122263,-11.129311,-3.91108,707.2395,2.7702577,1.070514e-06,0.18026972732543944,8678.562150716782,105000
41.58605,-0.24241637,-8.215235,0.21593153,1.0,0.999053,0.23144531,0.00471458,-11.571888,-11.579603,-3.6789927,70.69813,0.43543738,6.3041807e-06,0.87288034,-1.3384283,19.227036,0.99905014,0.22363281,0.004813492,-11.095543,-11.102685,-3.7887738,107.26256,0.4891641,1.6527723e-05,42.895515,-0.2860769,-8.221695,0.21754666,1.0,0.9988289,0.14550781,0.0054855915,-11.491575,-11.498921,-3.9762275,134.08472,0.8432763,7.40206e-08,0.99878025,0.14355469,0.0057116607,-11.072929,-11.079817,-4.0262427,257.3392,1.0330193,2.7281408e-07,0.008835523176193237,8722.739769935608,110000
44.225315,-0.20964034,-8.206272,0.21369079,1.0,0.9990711,0.24707031,0.0045461934,-11.701046,-11.709034,-3.5292048,28.619146,0.4936123,1.6486266e-06,0.85748863,-1.4108905,19.45229,0.999073,0.22753906,0.0046170177,-11.322065,-11.3295765,-3.6375299,63.26225,0.5150708,1.2971825e-06,48.74466,-0.27836925,-8.206313,0.21370128,1.0,0.9987421,0.15234375,0.0057033254,-11.450108,-11.45745,-3.9377675,91.69824,1.0138154,1.8927562e-07,0.9987793,0.14355469,0.005720478,-11.08962,-11.096567,-3.982236,165.85968,1.411815,1.7535571e-06,0.009395104694366455,8769.715294599533,115000
47.053215,-0.18974906,-8.211538,0.21500742,1.0,0.9990616,0.23632812,0.0046101725,-11.72555,-11.733466,-3.6269407,80.34353,0.49949038,1.3165638e-06,2.4637039,-1.0498446,25.226637,0.99906063,0.2109375,0.004720725,-11.209397,-11.216684,-3.7549756,29.42296,0.45060205,1.3711349e-05,45.59732,-0.33595005,-8.211838,0.21508253,1.0,0.9987879,0.15332031,0.0055211177,-11.49394,-11.5013,-3.9644308,297.60352,1.0368156,2.127233e-07,0.99876785,0.13085938,0.005706409,-11.05412,-11.060989,-4.026831,370.63257,1.9707825,1.0193846e-08,0.013797206258773804,8838.701327323914,120000
45.16512,-0.24824569,-8.17597,0.20611535,1.0,0.9990721,0.25195312,0.0046057412,-11.831331,-11.83937,-3.6093793,47.573917,0.5059263,4.459271e-06,1.0898067,-0.8838992,20.608124,0.9990635,0.22558594,0.0047081467,-11.425262,-11.432823,-3.690796,68.1346,0.60992634,1.4240195e-05,41.12937,-0.28863707,-8.235652,0.22103596,1.0,0.998826,0.16015625,0.0053555714,-11.556646,-11.564035,-3.9976645,97.99525,0.5010255,4.245964e-07,0.9988346,0.13867188,0.005507719,-11.162909,-11.169863,-4.0479617,192.80434,1.0380893,2.7839961e-08,0.013796830940246581,8907.685485363007,125000
42.396458,-0.2781744,-8.184141,0.20815802,1.0,0.999073,0.22949219,0.0046514412,-11.6403885,-11.648149,-3.7015283,88.952446,0.60334146,1.2173003e-05,1.444171,-2.55536,23.100723,0.9990759,0.22265625,0.0047070226,-11.179148,-11.186423,-3.7361479,104.29794,0.61056334,7.896038e-06,49.034622,-0.32862324,-8.228344,0.2192089,1.0,0.9987984,0.14941406,0.005400745,-11.470545,-11.477913,-3.9320538,131.99423,0.72407246,9.873386e-07,0.9987726,0.14355469,0.005593278,-11.010157,-11.017048,-3.9602532,394.6095,1.9374448,2.7487424e-06,0.013792104291915894,8976.64600777626,130000
44.849243,-0.20901138,-8.182943,0.2078586,1.0,0.9990759,0.24707031,0.004611211,-11.807577,-11.815618,-3.5816746,200.73991,0.6563468,9.843982e-06,2.017815,-4.4505625,30.726805,0.999074,0.21875,0.0046843435,-11.441773,-11.449364,-3.6765246,29.187538,0.521278,1.624172e-05,45.863403,-0.33105293,-8.208042,0.2141335,1.0,0.99878407,0.13574219,0.0056254584,-11.430788,-11.437972,-4.081601,334.2151,0.88721776,1.0050369e-07,0.9987612,0.12109375,0.005823952,-11.033992,-11.040745,-4.1261873,415.4066,1.6583885,5.2857545e-09,0.013800815105438232,9045.650084733963,135000
49.031937,-0.24228539,-8.166496,0.2037472,1.0,0.9990568,0.2109375,0.0046416568,-11.701013,-11.70893,-3.6015954,85.88053,0.5150033,2.4490491e-05,1.140351,-1.4052784,22.45102,0.9990549,0.203125,0.004688546,-11.3415575,-11.349056,-3.6701112,51.970028,0.47035944,7.9616575e-06,47.960243,-0.37989682,-8.212236,0.21518195,1.0,0.9988985,0.17285156,0.005362755,-11.561838,-11.569147,-4.0852666,285.8543,0.5211343,7.597491e-09,0.99888325,0.1484375,0.0055319276,-11.06308,-11.069859,-4.1295853,122.19736,0.78169686,1.6121488e-07,0.014531592750549317,9118.308049678802,140000
45.016655,-0.25541553,-8.222878,0.2178426,1.0,0.999074,0.2548828,0.004501405,-11.923449,-11.9317,-3.4832628,164.60828,0.6823845,1.0949107e-05,4.232116,-0.99567664,28.934315,0.99907494,0.23242188,0.004583859,-11.482447,-11.490181,-3.570633,24.38698,0.5596701,1.6425494e-05,49.09298,-0.3388685,-8.25172,0.22505301,1.0,0.9988985,0.15820312,0.0053248433,-11.55475,-11.56208,-4.057645,142.05164,0.40903002,2.279559e-08,0.99891186,0.14550781,0.005446179,-11.118079,-11.124967,-4.072659,361.40128,1.1201196,2.257492e-08,0.018739138078689575,9212.00374174118,145000
42.933495,-0.21949598,-8.204243,0.21318366,1.0,0.9990759,0.22851562,0.0046283733,-11.845819,-11.853855,-3.626219,46.16386,0.5196919,4.0879268e-06,1.1564022,-1.3597834,19.377792,0.9990673,0.21386719,0.004680456,-11.460135,-11.46773,-3.6910298,43.74936,0.49248362,2.5406223e-06,55.550873,-0.26628858,-8.202991,0.21287063,1.0,0.9988384,0.16308594,0.0054742005,-11.626877,-11.634396,-3.9358025,284.27728,0.9810769,3.923199e-07,0.9988375,0.13964844,0.0056646005,-11.227191,-11.234308,-3.9467344,2047.0227,5.509331,3.3984235e-09,0.01874116530418396,9305.709570169449,150000
50.48033,-0.26817888,-8.166428,0.20372985,1.0,0.99904823,0.23925781,0.0045744553,-11.882441,-11.890617,-3.5169744,31.111128,0.47512358,9.1684105e-06,1.032831,-0.94529307,21.059404,0.9990349,0.22851562,0.0046301726,-11.407108,-11.414788,-3.551052,31.064245,0.4750467,7.031802e-06,47.947033,-0.3133232,-8.240616,0.2222768,1.0,0.9987984,0.18066406,0.005436252,-11.84207,-11.849775,-3.9585657,73.61418,0.5990906,6.291046e-06,0.9987936,0.15820312,0.0056482647,-11.406673,-11.413933,-3.980013,228.06862,1.3622408,1.316095e-05,0.29591632137298585,10785.291178703308,155000
38.78277,-0.2292764,-8.178745,0.20680913,1.0,0.99906635,0.234375,0.0046073776,-11.84313,-11.851201,-3.5877233,134.27148,0.5871027,9.718937e-06,0.6444181,-0.77193934,16.316874,0.9990673,0.22851562,0.0046739937,-11.438093,-11.445688,-3.669332,103.22887,0.6085571,2.4396256e-06,42.324783,-0.34022617,-8.21782,0.2165781,1.0,0.99890804,0.15039062,0.0053970125,-11.647379,-11.654831,-4.024357,76.923584,0.70614266,2.2905236e-07,0.99884605,0.14648438,0.005595235,-11.289848,-11.296959,-4.0149865,842.2054,3.5893805,6.297883e-08,0.008902734994888306,10829.804855108261,160000
41.700447,-0.2675748,-8.191987,0.21011972,1.0,0.9990816,0.24804688,0.004460631,-12.085461,-12.0939045,-3.4473708,168.44565,0.6750711,6.731719e-06,1.0986282,-2.9994044,19.526115,0.9990883,0.24511719,0.0045108283,-11.619068,-11.627003,-3.5012276,50.909565,0.651822,4.5293264e-06,60.393448,-0.33861953,-8.231102,0.21989834,1.0,0.9986744,0.15820312,0.005428577,-11.821201,-11.829015,-3.8291192,79.623924,0.54589427,1.0548825e-06,0.9988022,0.15136719,0.0056588445,-11.335589,-11.342883,-3.8731227,1260.67,5.096162,1.5848308e-06,0.008873553800582886,10874.172627925873,165000
41.893475,-0.22511671,-8.173585,0.20551905,1.0,0.99907017,0.22851562,0.004655136,-11.96171,-11.969872,-3.612519,44.032715,0.48323685,6.6180466e-09,1.162681,-1.193603,17.213808,0.99906063,0.22167969,0.0047310134,-11.55835,-11.5660095,-3.7238324,39.35423,0.47517318,1.8658454e-06,49.771713,-0.32142097,-8.237535,0.22150677,1.0,0.9989271,0.14550781,0.0052641733,-11.641593,-11.649041,-4.0230885,89.229004,0.38899755,1.5154233e-08,0.99892235,0.123046875,0.0054553086,-11.2177515,-11.224704,-4.105073,96.68726,0.8298447,1.2169833e-07,0.008864516496658325,10918.495211839676,170000
37.626945,-0.26353243,-8.17754,0.20650783,1.0,0.9990759,0.2578125,0.004539595,-11.9939,-12.002176,-3.5263839,52.056114,0.51102734,1.0891266e-05,1.4277574,-0.69307196,17.444319,0.99907684,0.24511719,0.0045957193,-11.520338,-11.528079,-3.6019864,36.371,0.46493903,3.9393166e-05,55.446175,-0.30374098,-8.223638,0.21803242,1.0,0.99887466,0.1484375,0.0053507853,-11.644815,-11.652277,-4.01159,44.025208,0.45393753,1.002665e-06,0.99888706,0.13574219,0.005487856,-11.176285,-11.183247,-4.054545,243.58484,1.0209587,6.143014e-07,0.008865965700149536,10962.825041532516,175000
48.135586,-0.20893237,-8.177437,0.20648223,1.0,0.999094,0.27441406,0.0044959327,-12.015376,-12.023695,-3.5052629,81.4395,0.64998305,3.0762312e-05,1.0320692,-1.0631895,18.403576,0.99908733,0.23925781,0.0045533124,-11.531298,-11.539085,-3.5641432,125.10705,0.6616037,3.2008982e-05,56.359528,-0.3598577,-8.2485695,0.22426537,1.0,0.99884605,0.13964844,0.005482872,-11.822174,-11.829768,-4.054434,248.96089,0.8659153,3.424176e-09,0.9987936,0.1328125,0.005695404,-11.317932,-11.325052,-4.034526,383.60764,1.9447873,9.332127e-08,0.008873418235778809,11007.192134141922,180000
47.542732,-0.22167507,-8.164928,0.20335512,1.0,0.9990721,0.24707031,0.004563931,-11.991434,-11.999721,-3.51462,273.27625,0.7042343,3.2789656e-05,1.2738626,-1.0317273,22.785069,0.9990616,0.23144531,0.0046212636,-11.596557,-11.604388,-3.5859551,82.436775,0.6352293,1.4688221e-05,45.48477,-0.39170104,-8.224427,0.21822968,1.0,0.99886036,0.17480469,0.005380707,-11.577492,-11.58491,-3.9880815,199.91602,0.8634823,9.655551e-10,0.9989071,0.15234375,0.005438921,-11.146179,-11.153123,-4.042912,1124.4858,2.489593,4.7937636e-08,0.012788808393478393,11071.136177062988,185000
35.848648,-0.27662235,-8.192175,0.21016668,1.0,0.9990816,0.25,0.0045329984,-12.087304,-12.095655,-3.5439649,2220.589,1.6104946,2.5143627e-05,2.962154,-1.1266322,19.205318,0.9990721,0.23828125,0.0045976182,-11.590326,-11.598143,-3.5932865,171.03677,0.7877418,3.1048145e-05,55.37247,-0.3475182,-8.228618,0.21927747,1.0,0.9988661,0.16601562,0.0054076454,-11.730947,-11.738455,-4.0504866,115.67912,0.6306194,1.7709807e-07,0.9989071,0.13964844,0.0054070386,-11.195857,-11.202749,-4.1444306,138.1239,0.7361554,5.217736e-07,0.013793811750411987,11140.105237007141,190000
41.191544,-0.2682865,-8.165964,0.203614,1.0,0.9990845,0.2548828,0.004554049,-12.189468,-12.197909,-3.554897,232.3598,0.828827,4.0738305e-06,1.5172948,-0.9967089,23.117504,0.9990835,0.23828125,0.0045842426,-11.74859,-11.756564,-3.5913289,71.67014,0.74939394,1.9094552e-06,54.92726,-0.34912336,-8.196626,0.21127939,1.0,0.998786,0.140625,0.0055515617,-11.894632,-11.902451,-3.8979237,79.290924,0.80192906,5.8413892e-08,0.99876595,0.111328125,0.005909033,-11.493647,-11.501018,-3.9538279,4629.5996,10.821161,7.198271e-11,0.01379241018295288,11209.067291259766,195000
40.01065,-0.28720456,-8.17416,0.205663,1.0,0.99909496,0.27441406,0.004528827,-12.116082,-12.124479,-3.525351,105.99148,0.6466574,9.039136e-06,0.8891423,-0.74816656,18.558,0.99909115,0.23925781,0.004609137,-11.650171,-11.658022,-3.6196618,69.67397,0.5872417,2.9321625e-05,42.792816,-0.380359,-8.194931,0.21085557,1.0,0.9989376,0.1484375,0.00540777,-11.793043,-11.800558,-4.1058564,36.104797,0.29270977,7.293583e-09,0.99876595,0.12695312,0.005622655,-11.430183,-11.437306,-4.144738,124.98249,0.71679676,6.2216823e-09,0.013799874210357665,11278.066664218903,200000
51.951706,-0.2431096,-8.178982,0.2068685,1.0,0.99909306,0.25585938,0.0046092984,-12.189438,-12.197871,-3.5637255,75.21202,0.6280013,6.1569112e-06,1.5615523,-1.7938604,27.699743,0.9990864,0.24121094,0.004691718,-11.59808,-11.605848,-3.6503787,161.86559,0.7112888,2.4596216e-07,47.903175,-0.37944648,-8.19976,0.21206307,1.0,0.9988861,0.1484375,0.005404022,-11.728453,-11.735942,-4.0670776,37.637173,0.32653737,8.678415e-08,0.9988432,0.12988281,0.00553447,-11.249141,-11.256123,-4.1069765,413.87054,1.3533559,8.113745e-07,0.31610172920227053,12858.575313329697,205000
43.13457,-0.22867632,-8.196529,0.21125543,1.0,0.99907684,0.26464844,0.004505567,-12.134641,-12.143086,-3.4952369,51.152927,0.47879383,8.1559365e-06,0.9814294,-1.361773,21.114702,0.9990654,0.24121094,0.0045665395,-11.656038,-11.663949,-3.5642023,34.96045,0.42705333,3.2454268e-06,52.70491,-0.39171416,-8.208291,0.21419582,1.0,0.9988384,0.16503906,0.0054143756,-11.823649,-11.831256,-4.041942,33.14402,0.3393587,9.9600134e-11,0.99883366,0.14355469,0.0055505354,-11.428416,-11.435673,-4.004611,350.47928,1.2014751,1.3915567e-08,0.013793196153640747,12927.541295289993,210000
41.53684,-0.26227564,-8.172113,0.20515123,1.0,0.999073,0.25683594,0.004545061,-12.039428,-12.0477495,-3.5265527,225.14673,0.6494423,2.2723174e-05,0.8089565,-0.6750887,16.828014,0.9990711,0.2421875,0.004613464,-11.612772,-11.620605,-3.59864,170.38516,0.88065225,1.5247414e-05,48.58863,-0.36331663,-8.219721,0.21705322,1.0,0.99875546,0.13867188,0.005592658,-11.881376,-11.889053,-4.0279837,52.923717,0.4883618,3.0141933e-08,0.9987097,0.13378906,0.0060446667,-11.453015,-11.460283,-4.0174766,419.85138,2.479877,4.476169e-08,0.009332187509536743,12974.202234506607,215000
46.45709,-0.21384782,-8.186317,0.2087022,1.0,0.9990721,0.24023438,0.0045070425,-12.022818,-12.031154,-3.4964628,111.60261,0.5476346,1.3016008e-05,1.1921802,-1.0667069,20.231823,0.9990711,0.22460938,0.004580196,-11.516762,-11.524531,-3.5673537,47.97357,0.47469732,2.2023089e-05,54.958908,-0.3868449,-8.229208,0.21942502,1.0,0.9988804,0.15917969,0.0053131944,-11.972946,-11.980834,-3.9033883,107.469955,0.751715,5.1888534e-08,0.9988184,0.15136719,0.0055167773,-11.585584,-11.593106,-3.8899975,232.03516,1.2741606,6.9175244e-06,0.008917208194732667,13018.78828072548,220000
46.723495,-0.24794336,-8.182674,0.20779167,1.0,0.9990864,0.25683594,0.004544461,-12.144672,-12.153111,-3.512408,72.28115,0.6557734,9.506727e-06,1.9731491,-1.3733392,21.673195,0.9990854,0.21582031,0.004646765,-11.687725,-11.695599,-3.633161,51.903965,0.5784048,1.4629743e-05,45.596855,-0.43819174,-8.213432,0.21548095,1.0,0.9987421,0.17089844,0.005576455,-12.009567,-12.017433,-3.9633048,71.84783,0.7251191,3.6212893e-09,0.9986954,0.15136719,0.005899022,-11.644741,-11.6522255,-3.9892452,229.27405,1.3992679,1.6907607e-12,0.008855955982208253,13063.068061828613,225000
39.39632,-0.26070333,-8.183594,0.20802131,1.0,0.99907875,0.25683594,0.0044771004,-12.259918,-12.268579,-3.399795,344.28598,1.0402396,9.315296e-06,2.4406743,-0.9226784,22.124683,0.9990797,0.24121094,0.0045472058,-11.765271,-11.773336,-3.5141702,150.28494,0.7628733,1.4635045e-05,50.410458,-0.36288032,-8.221167,0.21741444,1.0,0.9988909,0.16308594,0.005291236,-12.027607,-12.035575,-3.8763301,2376.0615,1.9251935,2.1246905e-07,0.9987955,0.15527344,0.005584511,-11.505968,-11.513361,-3.9441268,258.38925,1.2704122,2.6132481e-08,0.008852277660369874,13107.329451560974,230000
43.607124,-0.25237706,-8.184896,0.20834696,1.0,0.9990883,0.28515625,0.004474843,-12.32822,-12.336913,-3.436026,103.482185,0.6100695,5.391938e-06,1.6128658,-1.167345,24.436539,0.99908066,0.25683594,0.0045507923,-11.890283,-11.898473,-3.511211,38.372505,0.5096969,1.398709e-05,64.62262,-0.30945083,-8.190699,0.20979744,1.0,0.99886894,0.171875,0.0054747676,-11.832003,-11.839536,-4.125189,98.13857,0.5250834,1.5157935e-08,0.9988346,0.14746094,0.005682589,-11.445562,-11.452679,-4.1667786,96.96137,1.053848,2.7592992e-07,0.009075130701065064,13152.705109834671,235000
45.475063,-0.26778948,-8.1717205,0.205053,1.0,0.99907875,0.24707031,0.004587136,-12.136864,-12.145257,-3.5522127,89.35636,0.53242326,4.4630533e-06,1.037365,-0.9058404,22.405783,0.99907875,0.23144531,0.0046456386,-11.576017,-11.583824,-3.589108,145.81003,0.6939857,6.139152e-06,57.95974,-0.38276163,-8.206667,0.2137898,1.0,0.99880695,0.15429688,0.0055483654,-11.877634,-11.885371,-3.9626598,97.60976,0.7677803,1.2321004e-09,0.9987688,0.13183594,0.005685832,-11.379541,-11.386765,-3.9900253,705.37573,2.8286114,8.4079105e-08,0.013809324026107787,13221.751730918884,240000
48.706024,-0.27286398,-8.2001,0.21214803,1.0,0.99907875,0.23632812,0.004570256,-12.281736,-12.290267,-3.5549512,60.902683,0.5851738,2.0834204e-07,0.9028212,-1.5847033,21.100636,0.999073,0.22460938,0.0046609202,-11.783615,-11.791577,-3.6389785,191.53421,0.7444439,2.9199218e-06,49.893047,-0.37277716,-8.199451,0.21198578,1.0,0.99888325,0.15917969,0.0053663636,-11.9594145,-11.967157,-4.0374427,123.27926,0.6287776,3.72268e-07,0.99886036,0.15527344,0.0055112187,-11.547237,-11.554563,-4.0547113,201.0731,1.2020447,6.591595e-08,0.013801408863067627,13290.758776664734,245000
49.957123,-0.25858414,-8.19395,0.21061035,1.0,0.99908257,0.24609375,0.00459179,-12.137814,-12.146178,-3.5810153,518.9122,0.7973884,4.6852514e-07,1.7338723,-1.2756329,23.114887,0.99907684,0.23339844,0.004638891,-11.7497425,-11.75765,-3.6598504,147.63068,0.529135,3.2623902e-07,55.73218,-0.32956794,-8.204312,0.21320108,1.0,0.9988384,0.14941406,0.005388036,-11.987051,-11.994933,-3.9242578,70.86989,0.47105613,6.0773374e-07,0.9987812,0.14160156,0.0057138023,-11.530539,-11.537945,-3.953637,201.04002,1.3830115,7.169566e-07,0.013806426239013672,13359.790911912918,250000
40.43371,-0.28980327,-8.17408,0.20564297,1.0,0.99908733,0.2626953,0.004524888,-12.381747,-12.390392,-3.5379093,183.44836,0.7335547,1.7045191e-06,1.5180914,-2.2004313,22.151688,0.999094,0.24316406,0.0045975796,-11.782181,-11.790185,-3.5933762,185.86835,0.9248504,2.0880332e-05,54.729626,-0.3153202,-8.20456,0.21326321,1.0,0.99884987,0.15625,0.005432803,-11.979092,-11.986816,-4.0760307,131.80302,0.5188737,1.8489696e-10,0.9988718,0.12402344,0.005501303,-11.513004,-11.5202265,-4.124606,74.31625,0.49945232,2.4800024e-09,0.013798215198516846,13428.781989336014,255000
51.919247,-0.22859634,-8.187859,0.20908752,1.0,0.9990835,0.2578125,0.00457606,-12.232155,-12.240591,-3.6020045,220.60564,0.5929482,5.992248e-07,1.7906008,-2.279799,30.253658,0.9990845,0.23632812,0.0046392865,-11.668456,-11.676267,-3.678193,42.862045,0.46716452,6.431604e-06,58.688854,-0.32897946,-8.207934,0.21410671,1.0,0.99892426,0.14160156,0.0054265857,-11.863015,-11.870594,-4.109447,75.01213,0.56890476,2.046453e-08,0.99892807,0.13964844,0.0054671546,-11.3644085,-11.371416,-4.195043,129.14395,0.7169161,1.4119246e-07,0.014968118238449096,13503.62258219719,260000
46.262497,-0.27784696,-8.211098,0.21489745,1.0,0.9990778,0.24511719,0.004556799,-12.403961,-12.412592,-3.5746393,174.17282,0.58815837,4.390237e-08,1.0798658,-1.4841259,25.064516,0.99907494,0.21777344,0.0046601975,-11.800804,-11.808735,-3.6872807,107.11801,0.556955,9.994759e-06,50.286026,-0.35601038,-8.17996,0.20711288,1.0,0.9989462,0.15722656,0.0052921223,-11.914125,-11.921774,-4.090165,265.043,0.5443281,1.587266e-08,0.99888325,0.14941406,0.005494158,-11.449235,-11.456403,-4.1164303,50.818275,0.6290579,6.3311454e-09,0.018749937915802,13597.372275829315,265000
46.44615,-0.23038605,-8.17818,0.20666777,1.0,0.9990816,0.27148438,0.0044848863,-12.264111,-12.272737,-3.4388514,48.466793,0.5762458,2.6738388e-05,0.95251393,-1.3472617,21.306257,0.9990854,0.23535156,0.004536732,-11.672897,-11.680886,-3.5013227,39.00909,0.52565026,1.0447562e-05,51.140736,-0.40735748,-8.198612,0.21177617,1.0,0.99888706,0.15722656,0.0054031555,-11.900187,-11.907841,-4.0713825,89.30238,0.50590825,3.9397148e-09,0.99888515,0.15625,0.005515993,-11.379594,-11.386685,-4.124978,252.65149,1.0358872,3.102954e-06,0.01874549345970154,13691.099744796753,270000
46.46653,-0.25371197,-8.203812,0.213076,1.0,0.9990835,0.25097656,0.0045620133,-12.281881,-12.290455,-3.5109615,415.087,1.1081795,5.528217e-06,1.1752346,-1.209566,21.43718,0.9990759,0.24121094,0.0046444573,-11.766331,-11.774316,-3.5964305,151.22421,0.8549439,4.4125763e-06,47.849754,-0.44061247,-8.198455,0.21173662,1.0,0.9988642,0.15917969,0.0053904178,-11.903481,-11.911292,-3.912923,3311.0054,2.3535118,9.3531554e-08,0.9987974,0.13867188,0.005807363,-11.462582,-11.469937,-3.9368932,274.08612,1.8277757,4.62337e-08,0.018739596605300904,13784.79772901535,275000
51.61277,-0.2652437,-8.202562,0.21276334,1.0,0.9990902,0.26953125,0.0044238567,-12.437464,-12.446278,-3.4208388,110.0972,0.58966553,1.6921643e-06,1.591051,-1.2374718,24.040623,0.9990883,0.24316406,0.004511064,-11.975136,-11.983404,-3.5165405,47.797688,0.6119285,1.3464151e-07,47.510162,-0.39192665,-8.17631,0.2062003,1.0,0.9989662,0.15136719,0.0053293537,-11.871326,-11.878915,-4.1086006,271.62375,0.47620177,2.5253387e-06,0.998888,0.13476562,0.0055041322,-11.464204,-11.471397,-4.105241,227.2438,1.0678141,6.643915e-06,0.018738123655319214,13878.488352537155,280000
48.066154,-0.25974035,-8.205858,0.2135875,1.0,0.9990778,0.2529297,0.004470451,-12.376426,-12.385178,-3.4221823,47.437572,0.47385156,3.8977187e-06,2.4572315,-1.5618855,26.573278,0.9990711,0.25,0.004535293,-11.86581,-11.873999,-3.4888084,28.96542,0.4659535,6.056664e-07,62.624184,-0.36299822,-8.203068,0.21289009,1.0,0.99890614,0.17285156,0.005302021,-11.98691,-11.994702,-4.017272,235.21193,0.6447613,1.957658e-08,0.99890614,0.15917969,0.005432157,-11.556524,-11.563856,-4.056262,225.89034,1.2054143,7.834669e-09,0.018748592376708985,13972.23131608963,285000
44.366127,-0.27767664,-8.17383,0.20558053,1.0,0.9990816,0.2548828,0.004569257,-12.380123,-12.388741,-3.564515,61.923447,0.54569304,9.247397e-08,1.5825164,-1.3343458,22.079166,0.9990883,0.23925781,0.0046144337,-11.82752,-11.835554,-3.609829,98.940025,0.66374314,2.3053765e-06,69.5104,-0.3555866,-8.2209,0.21734783,1.0,0.9988451,0.14453125,0.0055468325,-12.051678,-12.059566,-3.982997,97.350334,0.62309206,1.1860379e-07,0.9987898,0.13378906,0.005808944,-11.549175,-11.55649,-4.065712,254.77309,1.2863576,7.657914e-08,0.018742321157455444,14065.942926645279,290000
46.950035,-0.24794278,-8.192949,0.21036051,1.0,0.9990835,0.2578125,0.004494868,-12.234688,-12.243251,-3.4754508,56.29978,0.54576707,3.0915496e-06,2.2480865,-1.8512038,27.074253,0.99907684,0.23242188,0.0045762323,-11.788535,-11.796596,-3.5425367,38.349644,0.46727532,1.3161979e-05,46.528595,-0.4595813,-8.239994,0.22212149,1.0,0.9988699,0.15136719,0.0054679182,-12.07325,-12.081109,-4.0338855,85.976654,0.5064015,5.3189415e-11,0.9987116,0.13378906,0.0058731856,-11.613208,-11.620673,-3.9763248,113.48108,0.9832555,4.173092e-08,0.018739315986633302,14159.639508008957,295000
52.20957,-0.28195253,-8.182213,0.20767611,1.0,0.9990988,0.2607422,0.004449187,-12.571403,-12.580339,-3.4282603,216.6912,0.7341852,1.6348416e-05,1.3606608,-1.3010874,27.312204,0.99909306,0.24511719,0.00452672,-12.046576,-12.054921,-3.507902,46.472958,0.68594766,1.0707162e-06,50.414944,-0.4026044,-8.215042,0.21588326,1.0,0.99889755,0.15820312,0.0054095574,-11.977161,-11.984969,-3.9915538,374.5881,1.0681999,8.259775e-10,0.9988985,0.13671875,0.005458925,-11.4697,-11.476971,-4.0316052,237.28833,1.130635,3.097119e-07,0.018750604438781737,14253.392532110214,300000
43.91687,-0.28305,-8.175558,0.20601252,1.0,0.9990978,0.265625,0.0044192164,-12.513522,-12.522428,-3.404106,143.74878,0.80588686,2.7096675e-08,0.93818396,-0.68100864,18.079227,0.99908924,0.2548828,0.004465246,-12.135152,-12.143648,-3.4445407,48.611763,0.7621832,6.466325e-07,53.9815,-0.38821334,-8.232858,0.22033727,1.0,0.9988737,0.16699219,0.0052929046,-12.066067,-12.07411,-3.8377142,118.598915,0.63444054,1.9547124e-06,0.9988127,0.15136719,0.0054367264,-11.640067,-11.647651,-3.881996,255.59334,1.098017,2.1822973e-06,0.4276471302032471,16391.62818622589,305000
51.370018,-0.26898456,-8.153111,0.2004008,1.0,0.99908257,0.26171875,0.0044397786,-12.439411,-12.448246,-3.4004772,164.15678,0.6419586,1.2773511e-05,1.1883652,-1.2034011,21.75576,0.9990778,0.2548828,0.004515623,-11.874087,-11.882299,-3.4724526,114.80386,0.6711175,9.564181e-06,52.691654,-0.37068814,-8.200607,0.21227473,1.0,0.9988985,0.15625,0.0053143604,-12.075564,-12.083426,-4.0327816,112.64962,0.54249966,3.05817e-08,0.998888,0.13476562,0.0054162564,-11.50898,-11.516289,-4.032469,84.94482,0.63623595,6.331109e-07,0.018726248168945313,16485.259428739548,310000
34.0954,-0.34199166,-8.150496,0.19974689,1.0,0.9990673,0.2548828,0.0045114635,-12.425565,-12.434326,-3.4623137,69.24071,0.48269188,5.383891e-06,1.3393164,-2.1318073,21.086697,0.99905777,0.2265625,0.004564125,-11.832855,-11.84101,-3.491084,31.54997,0.4603465,1.51436825e-05,49.43583,-0.4294906,-8.210911,0.21485078,1.0,0.9989004,0.15429688,0.0053638304,-12.0364,-12.044187,-4.070715,65.10495,0.3819486,4.2344855e-08,0.9989567,0.14160156,0.0053087855,-11.538664,-11.545944,-4.0907397,16.437815,0.30110598,1.5703304e-08,0.014976539707183838,16560.142129182816,315000
52.11663,-0.22164223,-8.177371,0.20646563,1.0,0.99907875,0.26757812,0.004463683,-12.396075,-12.404819,-3.4523058,285.07446,0.74502856,1.06494e-06,1.8013873,-1.9440686,30.249798,0.9990816,0.25097656,0.004554135,-11.83835,-11.846455,-3.5486007,29.177055,0.51459193,9.706108e-06,62.606895,-0.356156,-8.226502,0.2187486,1.0,0.9987993,0.14746094,0.00549885,-12.161795,-12.169752,-4.021329,73.92338,0.6108331,4.43249e-09,0.9987898,0.12207031,0.0057783024,-11.713058,-11.720503,-4.0991077,90.341705,0.8273189,2.707636e-07,0.013800759744644165,16629.14592909813,320000
46.033596,-0.2837296,-8.151785,0.20006941,1.0,0.999094,0.2763672,0.004436763,-12.488628,-12.497511,-3.4021769,110.55067,0.8728746,7.3046135e-06,2.116221,-1.8689213,25.529037,0.9990854,0.24609375,0.0044665113,-11.942469,-11.950792,-3.4275372,63.859497,0.7769075,1.0767336e-05,60.300117,-0.35413882,-8.2121,0.215148,1.0,0.9988508,0.17382812,0.0053579994,-12.220861,-12.228937,-3.958329,129.68147,0.76390404,6.176038e-11,0.9988375,0.15136719,0.0053910953,-11.778439,-11.786055,-3.9863508,153.3647,1.1871958,1.6254896e-08,0.013799907493591309,16698.145468473434,325000
45.31241,-0.31141979,-8.159561,0.20201337,1.0,0.9990969,0.2548828,0.00441712,-12.6630745,-12.672134,-3.3955173,90.476074,0.71810114,5.5065966e-06,1.4638313,-1.1443152,21.48154,0.999094,0.2578125,0.0044658394,-11.920312,-11.928634,-3.4076574,35.083374,0.6521957,2.2209517e-05,53.668526,-0.41487646,-8.21608,0.21614288,1.0,0.9989147,0.1640625,0.005404979,-12.208,-12.215935,-4.0913563,249.52328,0.809487,3.3203007e-09,0.9988518,0.12890625,0.005577217,-11.654421,-11.661808,-4.0978174,88.85194,0.77089286,2.5879114e-08,0.013803722333908081,16767.16408109665,330000
45.814285,-0.24846134,-8.165252,0.20343587,1.0,0.9990883,0.26464844,0.0045370767,-12.430544,-12.439268,-3.5063171,229.90451,0.818007,7.042466e-06,2.1120079,-1.4912977,22.071365,0.99908257,0.23925781,0.0046186578,-11.965828,-11.973988,-3.6179647,52.888836,0.49532986,1.5654987e-05,65.3362,-0.40807402,-8.17205,0.20513551,1.0,0.99887085,0.16113281,0.0054679764,-12.266273,-12.274398,-3.955218,397.06494,0.8712115,1.2243983e-08,0.9987745,0.14160156,0.0055923937,-11.793079,-11.800732,-3.9645646,610.7869,1.4939538,1.2376939e-06,0.013815075635910034,16836.23946094513,335000
43.71228,-0.27706084,-8.185909,0.20860025,1.0,0.9990959,0.26367188,0.004422282,-12.560426,-12.569379,-3.401515,521.7688,1.0126073,4.5760867e-06,1.1362202,-1.1338978,21.263252,0.9990883,0.24511719,0.004528214,-11.92342,-11.931658,-3.4967496,31.12857,0.60166967,1.2962025e-05,49.216217,-0.44830132,-8.2064705,0.21374065,1.0,0.998765,0.16015625,0.005461824,-12.332928,-12.341216,-3.8550496,84.87918,0.62873954,2.3201077e-08,0.9987459,0.14550781,0.00560919,-11.83152,-11.839248,-3.9266338,124.235664,0.9620492,4.4147858e-10,0.013792263269424438,16905.200781345367,340000
39.146656,-0.32495165,-8.182775,0.2078166,1.0,0.9990969,0.2607422,0.004474391,-12.364407,-12.373102,-3.4678948,198.30475,0.66137934,5.257707e-07,1.0170908,-2.6867673,22.26654,0.99909306,0.23925781,0.004557161,-11.835634,-11.84374,-3.54396,53.390163,0.5865119,1.0595957e-05,54.712555,-0.3549478,-8.204144,0.21315894,1.0,0.9987507,0.14746094,0.0055892346,-12.103764,-12.111696,-3.988631,71.49473,0.551652,3.1058313e-08,0.99875355,0.13183594,0.005535224,-11.60653,-11.613906,-4.061716,93.99965,0.49319237,3.629008e-08,0.01379456706047058,16974.173619508743,345000
42.854782,-0.32339367,-8.162152,0.20266114,1.0,0.9990921,0.25683594,0.0044164425,-12.618094,-12.627102,-3.4028978,49.768692,0.69822365,1.9713036e-05,1.0232193,-2.1405773,21.691044,0.9990921,0.25390625,0.0044725332,-12.158228,-12.166747,-3.4436212,129.56941,0.77364725,1.7997756e-05,50.37123,-0.3927129,-8.215986,0.21611957,1.0,0.99887276,0.1640625,0.0053464286,-12.092262,-12.100226,-3.9455357,115.99203,0.61237425,6.6585386e-07,0.9989233,0.15527344,0.0053526848,-11.698015,-11.705583,-3.9577656,99.89487,0.6424639,6.720346e-08,0.013776093912124634,17043.054090499878,350000
54.45262,-0.2727026,-8.127318,0.19395262,1.0,0.99908066,0.25976562,0.0045410623,-12.403749,-12.412424,-3.5296655,445.80927,0.76562583,4.679386e-06,2.2829618,-1.5860144,23.34689,0.99908066,0.22851562,0.0046146372,-11.837216,-11.845266,-3.6025386,67.10476,0.5255502,7.3667643e-06,48.001514,-0.41256434,-8.188683,0.20929354,1.0,0.9987478,0.17578125,0.005492502,-12.241856,-12.24991,-4.001043,144.60014,0.5117134,7.71216e-07,0.9987631,0.16308594,0.0057163504,-11.771189,-11.778779,-4.005451,318.66675,1.2842797,2.273117e-07,0.013793371915817261,17112.020951271057,355000
49.897633,-0.25470096,-8.157495,0.20149657,1.0,0.9990711,0.24414062,0.0044001136,-12.662079,-12.6711855,-3.3453658,247.00415,0.83534545,7.961779e-06,1.6251417,-1.0282259,23.927254,0.99905586,0.23632812,0.00445587,-12.095293,-12.103786,-3.4075835,106.87124,0.6960985,5.26379e-06,53.625668,-0.40683454,-8.237355,0.22146189,1.0,0.99894524,0.17480469,0.0054122675,-12.174647,-12.182605,-4.0340595,104.3356,0.6283186,5.6732075e-10,0.998888,0.15234375,0.0055114133,-11.782774,-11.790334,-4.048588,162.52032,1.0427421,5.2673172e-09,0.013804322147369385,17181.04256772995,360000
43.89099,-0.30297497,-8.166136,0.20365706,1.0,0.9990692,0.24316406,0.004551329,-12.494872,-12.503637,-3.5284295,110.720695,0.5617956,1.0805953e-05,1.9511698,-1.788022,24.0229,0.99907684,0.22363281,0.00461086,-12.017865,-12.026108,-3.5867624,102.03561,0.62627834,6.743542e-06,56.833553,-0.37630785,-8.189158,0.2094127,1.0,0.998929,0.18847656,0.005351668,-12.136248,-12.144163,-4.040269,165.89116,0.6049113,2.1499806e-08,0.9988737,0.15722656,0.005477581,-11.683162,-11.690593,-4.0812883,122.27476,1.0081179,1.9318545e-06,0.013794204473495483,17250.01359152794,365000
35.499252,-0.36061493,-8.169036,0.20438191,1.0,0.9990835,0.2529297,0.004488446,-12.7500305,-12.759053,-3.5191474,39.47896,0.4396897,1.4442295e-05,1.0265222,-0.99650156,17.722763,0.99907494,0.23242188,0.0045692828,-12.121952,-12.130284,-3.5970302,223.10603,0.6291255,8.323996e-06,56.061096,-0.39106497,-8.18322,0.207928,1.0,0.9988222,0.17578125,0.005499267,-12.25733,-12.265386,-4.0167894,120.389854,0.5865236,5.7791872e-11,0.9987526,0.15820312,0.0058340207,-11.757553,-11.765073,-4.064004,326.37228,1.6217214,2.0421629e-07,0.01239848461151123,17312.00601863861,370000
44.73356,-0.33339393,-8.184294,0.20819625,1.0,0.9990816,0.27441406,0.0043887226,-12.591388,-12.600407,-3.3650022,111.721504,0.6050639,3.768511e-06,1.2635645,-1.8060099,26.317577,0.9990864,0.25878906,0.004430256,-12.139469,-12.148021,-3.3914404,412.3748,1.0478337,1.6648713e-05,48.64823,-0.39848894,-8.233196,0.220422,1.0,0.99869156,0.15429688,0.0055611893,-12.426535,-12.434859,-3.9097958,94.786156,0.6815983,1.3564602e-07,0.99867535,0.14648438,0.0056699147,-11.946747,-11.95456,-3.9531245,35.44887,0.5946678,2.9625394e-10,0.013807429885864258,17381.043173074722,375000
46.317883,-0.29370922,-8.160187,0.20216966,1.0,0.99908924,0.28710938,0.004375148,-12.826702,-12.835918,-3.3988955,235.27979,0.62757564,1.1916762e-07,1.5614841,-1.3692133,24.556189,0.9990854,0.24804688,0.0044558616,-12.305893,-12.314539,-3.461051,57.180374,0.67670834,2.4018405e-05,58.89257,-0.4106676,-8.238075,0.22164205,1.0,0.9989157,0.15820312,0.005365736,-12.206937,-12.214938,-4.021391,51.579746,0.3848047,2.0556618e-12,0.99875736,0.15527344,0.0056598666,-11.752591,-11.760149,-4.0206184,101.23616,0.8559683,9.584277e-08,0.013796958875656127,17450.027968883514,380000
46.567627,-0.24919395,-8.181482,0.2074933,1.0,0.999094,0.29003906,0.0043795295,-12.647903,-12.657006,-3.3345075,57.473442,0.64118314,1.8887885e-06,1.3244193,-2.3170571,25.774683,0.99908257,0.25976562,0.0044807764,-12.057611,-12.066042,-3.4329681,33.40274,0.5358408,3.0999224e-06,50.956604,-0.39419344,-8.182026,0.20762952,1.0,0.99893284,0.16113281,0.0054100184,-11.984536,-11.992188,-4.1565247,503.0249,0.90340394,1.8389283e-10,0.9989157,0.140625,0.0054905894,-11.48988,-11.497066,-4.1383877,147.06451,0.64518356,3.9408827e-11,0.013814329051971436,17519.09961795807,385000
45.008507,-0.29024196,-8.183275,0.2079417,1.0,0.9990959,0.26953125,0.00449097,-12.5947,-12.603612,-3.4769354,165.47615,1.014249,1.3465532e-06,2.910283,-1.6169455,24.93246,0.99909973,0.25,0.0045597446,-12.059304,-12.067622,-3.5501685,95.835754,0.78221214,1.1636028e-05,57.34595,-0.3964936,-8.224213,0.21817625,1.0,0.9988508,0.16308594,0.0055588786,-12.319403,-12.327504,-4.03234,460.78333,1.471607,4.5104434e-11,0.9988079,0.12988281,0.0056423135,-11.873796,-11.881419,-4.0761456,437.84683,1.3034447,3.9175063e-08,0.013812161540985107,17588.160430908203,390000
51.25916,-0.23332304,-8.157463,0.20148873,1.0,0.99909115,0.26367188,0.0044491286,-12.745924,-12.754985,-3.4759362,61.185555,0.6037632,9.442321e-06,0.99610484,-1.4440786,23.985022,0.9990864,0.25097656,0.004497098,-12.175327,-12.1837845,-3.5232816,34.733356,0.6361254,2.101641e-06,63.15796,-0.39828455,-8.229902,0.21959847,1.0,0.99884224,0.1484375,0.0054311766,-12.403214,-12.411479,-3.9487817,202.06502,0.98656535,5.4353444e-07,0.9988117,0.14746094,0.005630662,-12.015138,-12.022933,-4.0404053,181.96243,1.068471,5.7496862e-08,0.013817258262634278,17657.246723890305,395000
44.72659,-0.2733575,-8.187603,0.20902368,1.0,0.9990864,0.27441406,0.0044516996,-12.494497,-12.503335,-3.4527793,186.54813,0.679752,9.578914e-06,0.7005832,-0.93439573,19.36245,0.999073,0.23828125,0.004557409,-11.948961,-11.957151,-3.5707345,44.21702,0.5590088,4.966523e-06,50.865883,-0.4466359,-8.217023,0.21637887,1.0,0.9989128,0.16601562,0.005346883,-12.348873,-12.357029,-4.005081,464.0327,0.7388598,5.4466433e-08,0.9987612,0.14355469,0.0055957185,-11.899168,-11.906865,-4.025993,73.34729,0.6087661,5.3439244e-08,0.013821534872055053,17726.35440325737,400000
51.812756,-0.27880824,-8.160085,0.20214409,1.0,0.99906826,0.24023438,0.004593475,-12.511815,-12.520541,-3.5854812,77.47783,0.47415334,5.939974e-06,1.1718171,-1.6523995,24.0685,0.99906063,0.21972656,0.0046279486,-12.061821,-12.070063,-3.631272,65.98946,0.5504062,2.3776622e-07,57.04483,-0.3439713,-8.178747,0.20680964,1.0,0.99881554,0.15332031,0.0055804146,-12.337278,-12.345366,-4.064712,100.35148,0.5211164,1.2270716e-10,0.9987316,0.13769531,0.0058728596,-11.883563,-11.891111,-4.1609535,113.21602,0.9895891,4.5156474e-09,0.41808719940185546,19816.79040503502,405000
43.44483,-0.30567744,-8.153526,0.2005046,1.0,0.99909306,0.27539062,0.004452101,-12.731831,-12.740968,-3.3846855,101.72945,0.87266594,6.881342e-08,1.265294,-1.3257523,23.681807,0.99908733,0.23632812,0.0045217266,-12.25168,-12.260268,-3.4671683,220.10925,1.0041002,6.975021e-07,57.07021,-0.37308505,-8.208508,0.21424988,1.0,0.9989033,0.16113281,0.005401324,-12.241751,-12.249733,-4.0750604,101.21979,0.5567162,1.339101e-10,0.9988899,0.13769531,0.0055016857,-11.775942,-11.783385,-4.1625967,130.13318,0.7279812,2.402382e-08,0.0236577410697937,19935.079112529755,410000
41.162914,-0.37899226,-8.164406,0.20322442,1.0,0.9990854,0.26953125,0.0044685737,-12.59415,-12.60307,-3.468863,565.8906,0.8898457,1.1305889e-06,1.4794127,-0.8926654,22.345295,0.9990902,0.25097656,0.0045115394,-11.967165,-11.975463,-3.479001,587.9087,1.3448077,2.2039016e-05,54.08973,-0.4231847,-8.180185,0.20716923,1.0,0.9989519,0.15039062,0.0053923214,-12.273045,-12.280947,-4.188658,327.13217,0.7933955,3.778942e-09,0.99882984,0.14453125,0.0056427666,-11.6226015,-11.62989,-4.167039,82.21137,0.7388368,2.8510974e-09,0.0236583731174469,20053.370982646942,415000
50.222893,-0.23388614,-8.177458,0.2064873,1.0,0.9990816,0.24414062,0.004483021,-12.659541,-12.668502,-3.4930706,120.693115,0.5649489,5.6295853e-06,2.771042,-2.732369,25.545845,0.9990854,0.23632812,0.0045494484,-12.275419,-12.283928,-3.5709648,31.817266,0.49307722,7.0247247e-06,59.400955,-0.340383,-8.21617,0.21616551,1.0,0.9989052,0.17773438,0.0053686667,-12.247083,-12.255046,-4.100707,411.5074,0.794835,3.667997e-07,0.99888325,0.13671875,0.0054826895,-11.937218,-11.944853,-4.1264405,211.66551,0.80992913,5.389023e-08,0.01899324541091919,20148.33721113205,420000
47.917973,-0.295842,-8.124922,0.19335361,1.0,0.9990902,0.28222656,0.0043252995,-12.984922,-12.994361,-3.3293972,47.02999,0.54521143,2.3010372e-05,1.3776212,-1.4178306,25.154236,0.9990854,0.2685547,0.0043671504,-12.424125,-12.432991,-3.353758,58.178043,0.5640392,2.398103e-05,58.07017,-0.41848212,-8.173377,0.20546713,1.0,0.9989023,0.19042969,0.0051643895,-12.328192,-12.336475,-3.8550153,79.010086,0.5085486,3.3026012e-10,0.9988384,0.17675781,0.0052359533,-11.857458,-11.865283,-3.8521578,34.900055,0.48163983,2.5043496e-09,0.018688670349121094,20241.780566215515,425000
51.548176,-0.23911086,-8.137519,0.19650257,1.0,0.99909306,0.27246094,0.0044460595,-12.695579,-12.7045965,-3.4698439,339.23175,0.76906836,1.0172365e-06,3.6488137,-1.3601823,33.406673,0.9990902,0.23925781,0.0045228484,-12.169989,-12.178395,-3.570353,46.85056,0.5426642,2.7346023e-06,49.44455,-0.48771092,-8.175804,0.20607407,1.0,0.9988699,0.14355469,0.005505616,-12.404769,-12.412946,-4.0399256,103.313866,0.6483108,9.507755e-11,0.99872303,0.13378906,0.005784137,-11.961651,-11.969392,-4.044299,1526.781,2.425007,4.03803e-09,0.018688172245025635,20335.22142958641,430000
44.79799,-0.35938966,-8.1620865,0.2026447,1.0,0.9990797,0.25585938,0.004611184,-12.5942545,-12.603044,-3.6028004,424.50647,0.79590106,6.9967837e-06,1.2038252,-1.1874042,24.74687,0.9990797,0.23144531,0.004635265,-12.145075,-12.153403,-3.6235607,95.127106,0.6737699,3.293011e-05,63.94123,-0.3460653,-8.239517,0.22200225,1.0,0.9988518,0.17089844,0.0053934194,-12.321169,-12.3293295,-3.9716392,107.36966,0.66548115,2.3022795e-09,0.99881554,0.15234375,0.005499641,-11.97817,-11.985987,-3.9835124,41.272503,0.6809541,9.36508e-08,0.018691016817092895,20428.676515102386,435000
55.92413,-0.24908945,-8.186489,0.20874509,1.0,0.99909496,0.25585938,0.004366989,-12.713028,-12.722185,-3.346675,55.86099,0.5419928,4.6307878e-06,1.3642205,-1.3174753,26.362999,0.9990959,0.25878906,0.0044075707,-12.214701,-12.223318,-3.4000363,51.4049,0.5559447,5.9271593e-07,57.24454,-0.42711723,-8.216177,0.21616721,1.0,0.99887085,0.17089844,0.0054487577,-12.195169,-12.203109,-4.072648,110.510086,0.6107168,6.4139902e-09,0.99886227,0.15722656,0.0055006463,-11.813805,-11.821372,-4.0718384,75.21249,0.6451435,8.1447087e-07,0.018691970872879028,20522.136372089386,440000
41.64071,-0.29114753,-8.16113,0.2024054,1.0,0.9990845,0.2841797,0.004383954,-12.812888,-12.822073,-3.4160213,72.10648,0.5849425,4.1588414e-06,1.6001539,-1.7435827,23.387333,0.9990797,0.24707031,0.0044691917,-12.298761,-12.307389,-3.4723463,71.5911,0.58384246,1.7350723e-06,53.948906,-0.41156244,-8.230163,0.21966368,1.0,0.99883175,0.171875,0.0054344246,-12.453235,-12.46155,-3.9474826,677.10095,1.1361365,2.1530296e-08,0.99881554,0.15625,0.005557646,-11.946991,-11.954777,-3.9815452,109.897995,0.8807938,5.5279186e-09,0.01868845477104187,20615.578647851944,445000
43.218437,-0.29568666,-8.202898,0.21284738,1.0,0.99906826,0.24511719,0.0045637293,-12.587114,-12.595929,-3.570454,105.39316,0.54755914,1.10679075e-05,1.0590678,-0.9135655,20.25058,0.9990654,0.22265625,0.0046422444,-12.03102,-12.039203,-3.6600895,100.28551,0.5383284,1.9500754e-05,57.164482,-0.43948665,-8.184181,0.20816845,1.0,0.9987774,0.15429688,0.0055818176,-12.637177,-12.645732,-3.885388,788.6998,1.5458311,5.823145e-12,0.9986887,0.16308594,0.005785829,-12.129711,-12.137726,-3.9303036,393.24728,1.3255703,1.3375887e-08,0.016037676191329956,20695.767030239105,450000
43.56067,-0.27276725,-8.171749,0.20506045,1.0,0.9990854,0.26660156,0.004450702,-12.705627,-12.714697,-3.427833,39.53283,0.5904591,1.1046649e-05,1.9824623,-1.513654,23.714886,0.9990816,0.25,0.004528848,-12.130804,-12.139234,-3.5077305,56.045086,0.650751,2.0624459e-05,50.49996,-0.42488104,-8.202298,0.21269754,1.0,0.9989462,0.15039062,0.005238188,-12.361267,-12.369471,-3.9685674,83.04298,0.56177056,4.191799e-08,0.9988804,0.13378906,0.005400981,-11.781921,-11.789532,-3.9961615,42.969513,0.57061917,2.7649243e-08,0.013738020277023316,20764.457132816315,455000
50.940228,-0.23664933,-8.185315,0.20845185,1.0,0.99908733,0.2705078,0.004501003,-12.90476,-12.91399,-3.462723,90.75214,0.7213578,1.3646339e-06,3.3099725,-2.4085798,29.03544,0.9990778,0.25,0.004546727,-12.351744,-12.360326,-3.5719233,255.73158,0.87932587,1.4867662e-06,56.011406,-0.34710306,-8.2071705,0.21391562,1.0,0.9988508,0.1640625,0.0054256017,-12.49681,-12.505216,-3.897695,102.21749,0.58999795,1.1956615e-11,0.99880314,0.14355469,0.005587795,-12.034054,-12.041999,-3.90566,41.918343,0.6603135,3.8121584e-08,0.013737415838241578,20833.14421582222,460000
36.23362,-0.38381088,-8.170473,0.20474115,1.0,0.9990988,0.29003906,0.004355142,-12.879096,-12.888454,-3.3065505,154.31569,0.90107226,9.510119e-06,0.89299315,-0.8842716,19.57285,0.99908924,0.2578125,0.0044079786,-12.336035,-12.344774,-3.3962154,321.5809,0.98906326,2.4769917e-05,51.1621,-0.5057355,-8.228362,0.21921362,1.0,0.9988537,0.16210938,0.005432609,-12.299688,-12.30786,-3.939268,220.2824,0.8592766,3.8332937e-09,0.9988289,0.14746094,0.0055749547,-11.76903,-11.776654,-3.968163,90.70562,0.8348519,4.7601634e-07,0.013731871318817139,20901.803574323654,465000
46.758144,-0.30381215,-8.164666,0.20328951,1.0,0.9990835,0.25,0.004564411,-12.601608,-12.610518,-3.4860113,157.2183,0.84112203,4.74823e-07,1.6862533,-1.3364347,24.483465,0.999074,0.22851562,0.0046031075,-12.079662,-12.08802,-3.52913,81.285866,0.7501956,1.886909e-06,46.014496,-0.4361313,-8.203873,0.21309102,1.0,0.9989662,0.13769531,0.005236157,-12.282705,-12.290722,-4.0812597,121.8009,0.39158422,9.1942737e-10,0.9989376,0.13574219,0.0053793816,-11.756137,-11.763588,-4.13317,529.89496,0.9740722,5.6876452e-08,0.013731659030914306,20970.461870908737,470000
50.132046,-0.21525683,-8.171078,0.20489237,1.0,0.9990721,0.2685547,0.0044006547,-12.881744,-12.891103,-3.3075266,114.41263,0.728114,5.2689404e-07,1.152099,-1.2665458,20.782703,0.99906254,0.24609375,0.004454405,-12.287819,-12.296522,-3.3837457,28.529451,0.6297488,1.076051e-05,58.000465,-0.43377912,-8.221313,0.21745136,1.0,0.9988766,0.16210938,0.0053274003,-12.417198,-12.425504,-3.9200566,175.36041,0.9053674,1.2015667e-11,0.9988222,0.14550781,0.005532287,-11.947792,-11.955576,-3.9844213,612.51825,1.8070521,1.7289038e-07,0.013731796312332154,21039.120854616165,475000
42.049828,-0.32491428,-8.176087,0.20614474,1.0,0.99908924,0.28027344,0.0044040484,-12.975647,-12.9850445,-3.3629708,299.67648,1.1366816,1.7924702e-05,1.4696565,-1.8309052,24.775799,0.9990883,0.25976562,0.0044486173,-12.3716,-12.380357,-3.4136689,68.344215,0.9120338,2.0481764e-05,65.94444,-0.35614032,-8.223631,0.21803066,1.0,0.9989357,0.17675781,0.0052898424,-12.253892,-12.262003,-3.9548874,162.96143,0.6684775,1.40900775e-08,0.99875546,0.15917969,0.005701336,-11.700961,-11.708493,-3.9952273,181.2684,1.0168734,2.1847336e-08,0.013734987735748291,21107.795794725418,480000
59.42233,-0.28701845,-8.133856,0.1955868,1.0,0.9990835,0.28320312,0.0043274947,-12.93506,-12.944473,-3.3053417,77.6149,0.64697546,8.29462e-06,2.1429996,-1.0406817,29.249393,0.9990854,0.26464844,0.0044270405,-12.34183,-12.350546,-3.4253764,53.12723,0.6001653,1.6903596e-06,65.57263,-0.3876009,-8.206542,0.2137585,1.0,0.9988966,0.171875,0.0052383263,-12.304766,-12.312962,-3.9204664,156.42236,0.67726237,5.375595e-08,0.9988613,0.13964844,0.005444352,-11.80321,-11.810851,-3.9863522,272.8025,0.9822891,4.6392656e-10,0.013747443866729736,21176.533017396927,485000
40.237194,-0.32076567,-8.193209,0.21042518,1.0,0.9990988,0.2763672,0.0044195782,-12.883335,-12.892591,-3.4137993,181.16885,0.72662866,6.880686e-06,1.2357132,-1.6810387,19.697315,0.9990883,0.2607422,0.0044819964,-12.297705,-12.306313,-3.4909332,581.6529,1.050589,1.0407088e-05,57.449352,-0.4540004,-8.180998,0.20737231,1.0,0.9989176,0.16308594,0.0054010972,-12.553312,-12.561599,-4.0770965,112.34472,0.54401267,8.9766054e-08,0.9988766,0.15429688,0.005609385,-11.999407,-12.0071125,-4.115805,102.30307,0.8137531,8.2550116e-08,0.01373306941986084,21245.19836616516,490000
51.920074,-0.25789782,-8.145506,0.19849965,1.0,0.9990921,0.27539062,0.00437306,-12.895877,-12.9052305,-3.3276064,102.490326,0.680048,1.5413424e-07,1.026465,-1.3642801,24.799454,0.99909115,0.26171875,0.004419649,-12.364412,-12.37318,-3.3947372,54.896904,0.5782184,7.595589e-06,56.97558,-0.45013934,-8.215885,0.21609415,1.0,0.99894047,0.16210938,0.0054180697,-12.320044,-12.328068,-4.11071,204.85158,0.6029285,3.8642117e-10,0.99892616,0.15136719,0.0055265212,-11.907946,-11.915514,-4.1650467,72.85104,0.72590405,2.7601545e-09,0.013735227680206298,21313.874508857727,495000
45.967636,-0.35015225,-8.167177,0.20391732,1.0,0.9990902,0.26660156,0.0043865438,-12.863154,-12.872421,-3.3821943,58.95481,0.68749356,5.5545775e-06,0.9726343,-0.79060453,19.880272,0.9990816,0.23144531,0.0044370187,-12.314026,-12.322712,-3.42851,38.741543,0.57574636,2.0527306e-05,57.845135,-0.38289395,-8.208155,0.21416166,1.0,0.9988737,0.15722656,0.0054357825,-12.310509,-12.318573,-4.0618935,151.04541,0.9137846,6.5057043e-10,0.99884796,0.13378906,0.005604583,-11.796667,-11.8042145,-4.0758705,378.0416,1.2560545,5.2297617e-07,0.013736181831359863,21382.555419921875,500000
48.07605,-0.31782442,-8.159721,0.20205343,1.0,0.9990845,0.2529297,0.004461616,-12.705708,-12.714798,-3.4056525,100.3934,0.7416142,1.3441135e-05,1.5064882,-0.9367107,22.22322,0.9990711,0.2265625,0.004542455,-12.199909,-12.208394,-3.5193577,42.269157,0.58491766,1.2832522e-05,59.374268,-0.4865588,-8.214437,0.21573201,1.0,0.99882793,0.17480469,0.0055671865,-12.481102,-12.489431,-3.9599836,461.8731,1.1741426,2.3174448e-12,0.99882317,0.14257812,0.0056284517,-11.989539,-11.997369,-3.9796028,61.888523,0.8794641,8.0851885e-09,0.34282386722564695,23096.67475771904,505000
50.769676,-0.28198263,-8.189943,0.2096088,1.0,0.9990759,0.2421875,0.0045094453,-12.694099,-12.703066,-3.522675,87.88247,0.5446576,9.534965e-06,1.185402,-1.2866582,28.772926,0.9990721,0.22265625,0.0045882086,-12.171516,-12.17989,-3.6051831,24.745577,0.39651287,5.7632216e-05,56.87594,-0.41011846,-8.213552,0.21551101,1.0,0.9988346,0.18261719,0.005372222,-12.378269,-12.386543,-3.9145901,76.31539,0.7371751,5.458199e-11,0.99885654,0.16113281,0.0054723676,-11.977597,-11.98545,-3.9437685,262.23163,1.2125697,6.036156e-08,0.023671679401397704,23215.03315639496,510000
44.64144,-0.26138437,-8.157947,0.20160958,1.0,0.999073,0.265625,0.0043471614,-12.939163,-12.948549,-3.336713,46.607483,0.55870646,2.1695905e-05,1.2298629,-1.0563939,23.180706,0.9990721,0.24804688,0.004447871,-12.453424,-12.462249,-3.4269683,40.890957,0.59479356,3.3208173e-05,46.376534,-0.5194447,-8.20265,0.21278562,1.0,0.99887466,0.15429688,0.005402062,-12.467493,-12.475704,-4.0669284,120.28445,0.4326846,2.0576952e-07,0.99880886,0.15722656,0.00567675,-12.033275,-12.041089,-4.0390787,56.9684,0.8250441,1.989382e-06,0.025613694715499877,23343.10163283348,515000
42.936653,-0.3106717,-8.169255,0.20443681,1.0,0.9990988,0.26171875,0.004468888,-12.595141,-12.604089,-3.443501,188.87935,0.76780486,6.580977e-07,1.0586694,-2.1576219,25.74221,0.99908257,0.23730469,0.004542817,-12.000849,-12.00914,-3.518754,49.24964,0.50590587,6.438262e-06,59.79397,-0.45868754,-8.196695,0.21129702,1.0,0.9987793,0.16503906,0.005659777,-12.410039,-12.418234,-4.0262117,503.27704,1.4035835,3.808334e-09,0.99866676,0.15527344,0.0059180474,-11.941263,-11.949045,-3.9804933,222.40457,1.2845365,4.3557314e-08,0.023626325130462648,23461.23326230049,520000
43.733665,-0.35292578,-8.176169,0.20616522,1.0,0.9990902,0.25195312,0.0044459538,-12.91733,-12.926608,-3.4257574,84.629745,0.7130427,7.94779e-06,0.6282267,-0.8458224,19.417252,0.9990864,0.23632812,0.004479908,-12.429518,-12.438273,-3.4718883,99.70462,0.7596791,1.1779152e-05,58.69848,-0.45215,-8.207554,0.21401139,1.0,0.9989052,0.140625,0.005464012,-12.245809,-12.253704,-4.1681843,84.726814,0.3829559,3.739995e-11,0.99883556,0.13085938,0.005643031,-11.786534,-11.794029,-4.1190934,75.182045,0.6212822,4.9938418e-08,0.02361795902252197,23579.3230612278,525000
43.073883,-0.27552903,-8.160725,0.20230423,1.0,0.999073,0.2548828,0.0045435475,-12.850264,-12.859365,-3.538371,103.11443,0.6602156,1.9460206e-06,1.397792,-1.3519034,18.887608,0.99906635,0.24902344,0.0045774328,-12.374506,-12.383108,-3.5746088,45.73709,0.52051455,1.7605981e-06,53.422455,-0.46096772,-8.191686,0.21004438,1.0,0.9989376,0.16699219,0.005357754,-12.438241,-12.446351,-4.141758,216.61063,0.5643128,2.4838144e-12,0.9989023,0.15722656,0.0054486315,-11.971378,-11.979024,-4.1497374,59.788803,0.55889523,8.198253e-09,0.02362657895088196,23697.455957889557,530000
43.52035,-0.31754026,-8.166373,0.20371631,1.0,0.99907684,0.2705078,0.004433505,-12.837842,-12.8470545,-3.4127362,108.52575,0.66768825,3.0313183e-07,0.98907197,-0.8326805,21.25219,0.99906635,0.24316406,0.004515747,-12.225573,-12.234131,-3.4701762,70.64461,0.62941074,8.81667e-06,45.323227,-0.53186196,-8.20812,0.21415299,1.0,0.9988127,0.15332031,0.005509238,-12.592674,-12.601033,-4.040455,99.57007,0.5179814,3.0694713e-12,0.99879074,0.12988281,0.005767623,-12.044289,-12.052117,-4.035165,82.42247,0.8954421,5.809076e-09,0.023611021661758422,23815.511068344116,535000
48.071503,-0.31451875,-8.185425,0.20847915,1.0,0.99907875,0.26660156,0.00447193,-12.666233,-12.675217,-3.4748054,58.324703,0.47901377,6.5393697e-06,0.93823344,-1.7191684,20.156038,0.99907494,0.23339844,0.004557566,-12.084583,-12.092902,-3.5752678,33.62713,0.4319163,7.5131385e-07,62.986828,-0.4056466,-8.224,0.21812291,1.0,0.99892044,0.14941406,0.0053752335,-12.420532,-12.428651,-4.1164227,168.65607,0.629258,9.187643e-11,0.9988718,0.14453125,0.0054957876,-11.898358,-11.90592,-4.1632338,93.089,0.5377867,1.4880328e-08,0.023646582317352297,23933.74398136139,540000
50.440945,-0.1907863,-8.175133,0.20590624,1.0,0.9990969,0.28027344,0.0043459777,-12.971676,-12.981162,-3.2679977,79.789665,0.8501257,8.819688e-06,1.2649151,-0.88404274,21.407896,0.9990816,0.23828125,0.004438034,-12.366303,-12.375069,-3.400361,152.8769,0.8826668,3.173082e-07,64.48326,-0.47100794,-8.214878,0.21584274,1.0,0.9988775,0.16113281,0.005427593,-12.464201,-12.472544,-3.9288874,336.66745,1.36748,1.1908621e-10,0.9988661,0.15039062,0.0055828253,-11.994043,-12.001892,-3.9638386,146.50346,1.3760092,5.0332204e-08,0.023642890787124633,24051.95843744278,545000
51.56543,-0.28420126,-8.165642,0.20353344,1.0,0.9990864,0.25976562,0.004454621,-12.918677,-12.927973,-3.4096596,140.0739,0.84059566,1.9557725e-05,3.3641505,-3.8011832,31.560322,0.9990902,0.24511719,0.0045144656,-12.407838,-12.416574,-3.4713132,64.998146,0.81954384,3.7897353e-06,64.006645,-0.37413007,-8.26362,0.22802809,1.0,0.99889374,0.18164062,0.005321402,-12.32856,-12.336705,-3.9956925,168.01192,0.54932106,6.067298e-08,0.99890804,0.15429688,0.0054162303,-11.872798,-11.880482,-4.0133467,86.571434,0.79518986,1.7163943e-08,0.023619314432144167,24170.055013418198,550000
41.19658,-0.32270807,-8.174898,0.20584747,1.0,0.99908066,0.28027344,0.004399815,-13.165173,-13.174768,-3.349409,455.58142,1.1163788,6.0779143e-06,1.4493062,-1.3138838,19.788395,0.9990854,0.27539062,0.004430336,-12.611614,-12.620612,-3.4069781,94.16874,0.8381393,1.0857376e-05,46.996635,-0.44149208,-8.202974,0.21286654,1.0,0.99886894,0.16992188,0.0053650206,-12.491878,-12.50028,-3.8955293,279.5012,0.7156407,2.9588566e-07,0.99873257,0.15527344,0.0057135224,-12.052092,-12.060019,-3.9424453,59.81073,0.82300407,7.562661e-07,0.02360996928215027,24288.10486149788,555000
43.34591,-0.37033582,-8.172026,0.20512938,1.0,0.9990921,0.24316406,0.0044428017,-12.733538,-12.742661,-3.3987126,67.2323,0.7286786,2.6696891e-06,2.2923033,-1.7903777,24.963467,0.9990816,0.23242188,0.0045099943,-12.196993,-12.205567,-3.4242535,73.926125,0.74451685,2.1573314e-06,56.604736,-0.4169845,-8.229501,0.21949822,1.0,0.9989252,0.17285156,0.0053675557,-12.327353,-12.335418,-4.0772142,414.9099,0.8201552,2.4539784e-08,0.99887943,0.15136719,0.005482376,-11.834175,-11.841723,-4.111742,129.12817,0.63928765,6.2846027e-07,0.018931269979476927,24382.761212825775,560000
42.450974,-0.32337475,-8.157711,0.20155081,1.0,0.9990845,0.24902344,0.004438256,-12.883524,-12.892773,-3.422749,89.04403,0.5316574,6.0820544e-06,2.485326,-1.1453032,27.331474,0.9990759,0.24023438,0.0044987164,-12.2731695,-12.281762,-3.4832826,39.311134,0.4784922,2.4516323e-06,54.007248,-0.44316182,-8.244396,0.22322172,1.0,0.99890614,0.15136719,0.005342762,-12.56445,-12.572862,-3.9593587,89.03056,0.50836194,1.9491611e-10,0.9988661,0.15429688,0.005439447,-12.039261,-12.047123,-3.9964237,46.01617,0.6187902,1.6762384e-07,0.01868133807182312,24476.16790509224,565000
47.91839,-0.29367495,-8.153847,0.20058453,1.0,0.9990711,0.29296875,0.004439269,-13.154993,-13.164516,-3.411848,637.036,1.2830958,3.372364e-08,1.2689643,-1.2448978,24.49717,0.9990711,0.25976562,0.0044927243,-12.626348,-12.635291,-3.477238,206.13185,0.9141675,1.873391e-06,58.96963,-0.39262027,-8.187081,0.2088933,1.0,0.9989395,0.15429688,0.00543081,-12.48354,-12.491655,-4.180451,98.68249,0.578237,6.893019e-12,0.99891853,0.12988281,0.005561514,-11.964674,-11.97221,-4.256718,306.3437,1.1924632,1.6719238e-08,0.018680565881729127,24569.570738554,570000
47.285423,-0.2834938,-8.157835,0.2015817,1.0,0.9990711,0.26464844,0.004521711,-12.73743,-12.74646,-3.4986784,44.515244,0.4521165,2.1003648e-06,1.1733507,-1.3324964,22.183447,0.9990673,0.24023438,0.0046004113,-12.185878,-12.194291,-3.5797665,46.800945,0.45811722,8.61588e-10,61.38609,-0.42884114,-8.15687,0.20134029,1.0,0.9988985,0.16992188,0.005369219,-12.392611,-12.400689,-4.1280723,151.1754,0.58839893,3.989971e-10,0.99886703,0.15039062,0.0054935953,-11.871424,-11.878973,-4.1486692,70.379295,0.5501919,2.6371307e-09,0.0185660849571228,24662.401165008545,575000
40.44165,-0.30281264,-8.14292,0.19785291,1.0,0.9990778,0.28515625,0.0043948805,-13.068791,-13.078299,-3.34286,153.71614,0.71591717,3.3202234e-06,1.4911509,-1.6510034,20.084301,0.9990711,0.24804688,0.004466689,-12.648436,-12.657449,-3.4285538,364.0858,1.0512989,1.1706819e-05,63.276337,-0.3956632,-8.219471,0.21699049,1.0,0.9989729,0.16601562,0.0053909267,-12.203697,-12.211547,-4.173468,99.54538,0.57539636,1.5291827e-09,0.99893284,0.14160156,0.0055133514,-11.779182,-11.786532,-4.259198,85.0495,0.6867733,1.0981843e-08,0.013741666126251221,24731.109502077103,580000
45.304924,-0.28576678,-8.166586,0.2037695,1.0,0.9990883,0.28515625,0.00430615,-13.115112,-13.124732,-3.2729387,40.790623,0.57137704,2.477843e-06,1.6208899,-1.1366595,20.2951,0.999073,0.2607422,0.0044175517,-12.627354,-12.6364,-3.373236,27.872675,0.56613684,3.7317816e-06,60.793213,-0.4466179,-8.18709,0.20889533,1.0,0.998888,0.1640625,0.0053731008,-12.4174,-12.425639,-3.9883351,95.37896,0.5607271,4.9099276e-07,0.9987879,0.15625,0.00553249,-12.034021,-12.041894,-3.9805336,119.133514,0.79922587,4.4232166e-07,0.01374072208404541,24799.813115358353,585000
54.97231,-0.24894984,-8.180868,0.20734,1.0,0.99910164,0.26757812,0.0044077598,-13.045061,-13.054527,-3.3629444,111.74804,0.850527,3.6578438e-06,1.5852389,-3.481063,27.613514,0.99909115,0.2421875,0.0045058746,-12.462057,-12.470819,-3.4973788,29.685575,0.5669035,1.3862024e-05,63.857876,-0.46035635,-8.241224,0.22242898,1.0,0.9989338,0.1640625,0.005476008,-12.296408,-12.304342,-4.1793003,185.98926,0.66295433,4.895253e-12,0.9988756,0.14160156,0.00557638,-11.901041,-11.908565,-4.2030745,160.78325,0.93359804,2.2633705e-10,0.013726358509063721,24868.44491314888,590000
47.2812,-0.28738347,-8.149934,0.19960654,1.0,0.9990921,0.2578125,0.004435214,-12.917971,-12.927282,-3.3925757,144.9733,0.7457824,1.7161481e-05,1.3433597,-1.2469933,20.890362,0.99908924,0.25,0.004502912,-12.379728,-12.388439,-3.4697442,468.40042,1.2332791,3.4170098e-05,62.569683,-0.43949094,-8.182745,0.20780936,1.0,0.9988928,0.16992188,0.0053630187,-12.628353,-12.636751,-4.037015,201.17783,0.5985707,3.4783247e-09,0.9987993,0.14648438,0.0056073046,-12.154417,-12.162355,-4.0336146,64.489815,0.7987218,3.0783248e-08,0.013749286508560181,24937.19134759903,595000
47.28025,-0.34807044,-8.1647835,0.20331895,1.0,0.9990902,0.28027344,0.0044007096,-13.023615,-13.033056,-3.3651047,78.94411,0.70186925,6.5459903e-06,1.3610148,-0.92976016,20.128216,0.99908257,0.26367188,0.0044472683,-12.477331,-12.486193,-3.4129505,558.15967,1.1548493,4.239177e-06,61.21067,-0.39189327,-8.220367,0.21721485,1.0,0.9988861,0.15039062,0.0054386556,-12.378517,-12.386704,-4.0027266,326.7125,0.80823374,4.9193346e-07,0.9988737,0.12792969,0.00554075,-11.879606,-11.887234,-4.077613,117.00098,0.9535092,4.6872156e-06,0.013736057901382446,25005.87163901329,600000
53.960567,-0.2823584,-8.1676235,0.20402862,1.0,0.9991026,0.2890625,0.0042879134,-13.085818,-13.095447,-3.2361748,106.8671,0.9631574,3.786336e-06,2.412659,-1.7161249,23.911026,0.9991007,0.24609375,0.00435897,-12.575543,-12.584586,-3.3261786,62.240223,0.7786398,4.368961e-06,47.71514,-0.41328132,-8.212665,0.21528915,1.0,0.99890137,0.16210938,0.0054055434,-12.414568,-12.422669,-4.1268015,361.91998,0.5889226,1.7113101e-09,0.99890137,0.15136719,0.005458597,-11.985691,-11.993352,-4.1482735,112.568756,0.630342,1.8433366e-07,0.26146243534088137,26313.183820962906,605000
50.97206,-0.32122073,-8.1728325,0.20533124,1.0,0.99908733,0.2685547,0.0044368254,-12.860693,-12.869947,-3.3934708,98.72348,0.65895104,1.3623194e-06,2.5213947,-2.0137157,29.550854,0.9990835,0.23144531,0.0044875676,-12.2779665,-12.286576,-3.4690294,41.040585,0.49368435,1.8722847e-05,56.561573,-0.4142755,-8.218578,0.2167677,1.0,0.998847,0.18261719,0.005509029,-12.584395,-12.592749,-4.0396967,1309.1877,1.0906644,1.9397124e-09,0.9988556,0.14453125,0.0055636177,-12.143461,-12.151332,-4.0913625,43.705353,0.5149663,1.7472018e-08,0.023650433444976807,26431.43599176407,610000
54.152775,-0.35074884,-8.168638,0.20428239,1.0,0.9991112,0.3095703,0.0043364987,-13.031652,-13.0411625,-3.3029432,149.6433,0.9485822,8.078479e-06,1.1975033,-1.65396,25.224525,0.9990978,0.2783203,0.0043882034,-12.494692,-12.50362,-3.3614194,122.2547,1.0370148,3.9668544e-06,54.029556,-0.43799356,-8.192736,0.21030688,1.0,0.9988451,0.16113281,0.005510903,-12.540321,-12.548617,-4.054065,136.22105,0.83925307,1.9792357e-11,0.9987316,0.1484375,0.0057355966,-12.097053,-12.1048975,-4.071477,139.4867,1.0018536,5.554063e-10,0.023654116153717042,26549.706573963165,615000
41.035164,-0.3490909,-8.166586,0.20376948,1.0,0.9990864,0.27929688,0.0043987012,-13.029421,-13.03885,-3.3837821,220.66202,0.7004538,2.0449665e-06,1.0147629,-0.8650651,18.642792,0.99907684,0.25683594,0.0044795433,-12.517006,-12.525852,-3.466354,253.77728,0.7608119,1.2746659e-06,53.494453,-0.4417653,-8.201069,0.21239021,1.0,0.9989414,0.15429688,0.0052602584,-12.675207,-12.6836195,-4.0685034,107.979416,0.5116805,1.9130211e-11,0.99888134,0.140625,0.0054115597,-12.192842,-12.200754,-4.0990095,86.12232,0.61489487,1.139335e-07,0.023653499269485474,26667.97407221794,620000
45.67495,-0.3341719,-8.120899,0.19234766,1.0,0.9990978,0.28515625,0.004406468,-12.96785,-12.977208,-3.3937104,195.45229,0.7726829,3.5736875e-07,1.2239664,-1.5217152,21.700096,0.9990902,0.26660156,0.004478246,-12.502609,-12.5114355,-3.474689,76.76617,0.7098079,1.3630944e-07,60.0351,-0.4271563,-8.199099,0.21189763,1.0,0.9988823,0.16113281,0.005452103,-12.429373,-12.437508,-4.1088905,1258.8739,1.2373459,3.2965138e-11,0.99887943,0.14257812,0.005496595,-11.930929,-11.938535,-4.1504507,1134.6885,1.5476718,3.997766e-09,0.023635336589813233,26786.150757312775,625000
45.08848,-0.30483037,-8.172818,0.20532751,1.0,0.9990854,0.25390625,0.004327056,-13.143295,-13.152889,-3.3296824,164.06578,0.76712155,1.7793081e-05,2.6177828,-1.216619,27.690578,0.9990759,0.24511719,0.004378544,-12.650084,-12.659173,-3.3505902,144.1783,0.88829917,2.7934018e-05,58.60582,-0.4626181,-8.206789,0.21382026,1.0,0.99888515,0.15234375,0.0055229245,-12.450998,-12.459015,-4.2501955,213.96742,0.77751637,7.208796e-11,0.99889374,0.13867188,0.0055267005,-12.020566,-12.028134,-4.2787814,252.74234,0.79255056,9.860184e-09,0.023657327699661255,26904.437397241592,630000
44.18532,-0.29818225,-8.167541,0.20400812,1.0,0.99908733,0.3017578,0.004284692,-13.154596,-13.164326,-3.2011838,145.28354,0.88741183,2.1863887e-06,1.625024,-1.0040188,22.072544,0.9990845,0.28320312,0.0043607177,-12.633173,-12.642303,-3.293446,42.651928,0.7464338,6.0518114e-06,70.469376,-0.33598012,-8.238126,0.22165456,1.0,0.99895096,0.16699219,0.0053611454,-12.496769,-12.504985,-4.0916095,733.8494,0.80336523,3.8902392e-08,0.99884224,0.14746094,0.0056175767,-11.936684,-11.944268,-4.1785393,53.995342,0.5906009,1.3923718e-08,0.023646007776260376,27022.667438983917,635000
51.361748,-0.27926385,-8.144726,0.19830461,1.0,0.99909496,0.27246094,0.0044796504,-12.993393,-13.002732,-3.4379592,214.91347,0.73394513,1.0579347e-05,1.2108066,-1.6960418,24.966038,0.99909306,0.23242188,0.0045625083,-12.503674,-12.512441,-3.5360608,107.758446,0.63286024,4.9380587e-06,68.8673,-0.37717032,-8.201237,0.21243218,1.0,0.99893284,0.15429688,0.005472178,-12.466193,-12.474354,-4.117964,202.27429,0.7417331,7.782659e-13,0.99882793,0.14257812,0.0055994554,-11.977503,-11.985148,-4.1566343,98.95508,0.6470009,4.11642e-11,0.02364642491340637,27140.89956521988,640000
40.689045,-0.3759613,-8.150549,0.19976029,1.0,0.9990835,0.26953125,0.004375792,-13.050697,-13.0601845,-3.346241,165.96483,0.78417486,1.4100059e-05,1.2769035,-1.71156,20.466274,0.99906826,0.25097656,0.0044256514,-12.471969,-12.480858,-3.3775978,199.76765,0.83686805,4.1619143e-05,57.172775,-0.49015698,-8.209362,0.21446346,1.0,0.99893,0.15917969,0.005372504,-12.475325,-12.483527,-4.0837555,243.25241,0.52363086,8.683829e-08,0.9989023,0.14550781,0.0055734823,-11.868716,-11.876306,-4.1045384,155.94135,1.1750537,5.5627407e-08,0.023661861133575438,27259.208873033524,645000
49.642082,-0.26765087,-8.205855,0.21358669,1.0,0.9990959,0.30371094,0.0043426114,-12.963047,-12.972467,-3.3252244,142.7031,0.8367152,1.4058979e-06,1.6012036,-1.9666394,28.801928,0.9990797,0.265625,0.004408332,-12.400227,-12.409036,-3.3872175,51.776066,0.7720525,4.274408e-05,64.317474,-0.34704292,-8.18825,0.20918539,1.0,0.9988575,0.15625,0.005495241,-12.546683,-12.555031,-4.005372,127.06053,0.8171068,4.8681866e-08,0.99888325,0.14648438,0.0055316756,-12.114954,-12.122839,-4.047985,1938.621,3.0651197,5.0085966e-09,0.02365971145629883,27377.507433891296,650000
38.83536,-0.37483966,-8.161182,0.20241873,1.0,0.99908924,0.30078125,0.004281814,-13.063546,-13.073121,-3.2678392,150.29068,0.96159816,1.5554028e-07,2.381404,-1.5778209,25.317825,0.99909496,0.2763672,0.00431511,-12.502046,-12.511077,-3.2630997,189.1823,1.0214329,3.986214e-06,53.22941,-0.47047976,-8.177631,0.20653072,1.0,0.9988556,0.18066406,0.005521271,-12.5050535,-12.513284,-4.085763,226.46735,0.6941329,3.9498453e-11,0.9987936,0.16015625,0.0056896335,-11.995106,-12.00286,-4.061468,269.32227,1.0211445,1.9693942e-09,0.02701260085105896,27512.570439338684,655000
40.97048,-0.38274443,-8.159254,0.20193666,1.0,0.9990854,0.2890625,0.004249519,-13.272599,-13.28243,-3.214747,103.29732,0.69397175,8.010752e-06,2.3148153,-1.4867274,25.371574,0.99908924,0.26171875,0.0042572757,-12.687338,-12.696567,-3.2459424,113.68201,0.62092936,2.7050886e-05,61.826927,-0.44113833,-8.22586,0.21858802,1.0,0.99890804,0.15527344,0.005448662,-12.600189,-12.608485,-4.1132445,115.35314,0.56042254,6.324115e-11,0.99886894,0.15820312,0.0055164387,-12.12802,-12.13585,-4.117587,47.541126,0.5906372,3.0723303e-08,0.025144812107086183,27638.294501781464,660000
45.736694,-0.31340408,-8.12075,0.19231066,1.0,0.9991102,0.2705078,0.0043278094,-13.277483,-13.287201,-3.3357644,70.39772,0.63738847,6.791949e-06,2.182532,-1.6947688,26.815002,0.99910545,0.2578125,0.004381024,-12.695349,-12.704447,-3.3885705,72.98192,0.72547024,5.2727632e-06,63.036972,-0.44276786,-8.185797,0.20857227,1.0,0.99890995,0.16113281,0.0054501756,-12.558783,-12.567045,-4.1058006,110.59021,0.57225275,6.4614075e-10,0.9988756,0.13769531,0.0055800015,-12.058066,-12.0657835,-4.1628056,227.11469,1.1374245,1.3350768e-10,0.023627421569824218,27756.431613445282,665000
53.751633,-0.30232477,-8.186724,0.20880382,1.0,0.999074,0.25878906,0.004538226,-12.966524,-12.975751,-3.5280468,142.15909,0.76910996,4.3469672e-08,2.0712981,-1.6759534,30.734818,0.9990721,0.2421875,0.004613311,-12.395331,-12.403931,-3.5985713,46.423542,0.6776986,4.9219955e-07,63.411964,-0.45545676,-8.203258,0.21293744,1.0,0.99893475,0.14355469,0.005491136,-12.457571,-12.465616,-4.2284,990.0148,0.9789876,7.9270705e-12,0.9989052,0.13671875,0.0056239334,-12.002059,-12.009628,-4.259523,378.091,1.3980113,3.4061327e-09,0.02362810001373291,27874.572114944458,670000
53.455833,-0.26205534,-8.145423,0.19847873,1.0,0.99910545,0.29785156,0.004301483,-13.201475,-13.211222,-3.2301652,50.633648,0.74015474,4.257055e-06,1.878802,-1.5059202,26.193008,0.99909306,0.2685547,0.004381084,-12.656605,-12.66572,-3.332768,102.11373,0.7831218,1.2426858e-05,62.934685,-0.35992903,-8.19071,0.20980057,1.0,0.9988394,0.17773438,0.005408915,-12.528683,-12.537073,-3.9454577,79.4461,0.58000153,8.5418717e-10,0.99884605,0.15429688,0.0056375004,-12.046316,-12.054137,-4.044701,398.28143,1.7158525,1.9757317e-11,0.023636632919311524,27992.75528359413,675000
41.328236,-0.36325687,-8.138578,0.19676745,1.0,0.99907875,0.28320312,0.004336177,-13.133207,-13.142831,-3.2878416,71.408806,0.56745106,1.6024467e-06,1.8722451,-1.6716654,22.32684,0.9990654,0.26464844,0.0043815896,-12.677868,-12.686988,-3.3469965,119.76437,0.6625577,2.4967188e-05,50.791237,-0.5123811,-8.235529,0.22100513,1.0,0.99884033,0.1640625,0.005519123,-12.73492,-12.743391,-4.068776,26.72976,0.43682665,3.544796e-10,0.99882126,0.1328125,0.0055070003,-12.174801,-12.182717,-4.07577,76.31212,0.5447638,2.0468366e-07,0.023624517250061036,28110.877871751785,680000
50.23137,-0.28745377,-8.167784,0.20406887,1.0,0.99909496,0.23339844,0.0045513855,-13.044385,-13.053662,-3.5533063,91.81415,0.62785447,6.640494e-06,1.1028982,-1.1661302,21.798037,0.9990854,0.23046875,0.004592471,-12.506034,-12.51473,-3.6098075,85.45476,0.6224028,6.66302e-06,67.66336,-0.37702212,-8.200903,0.2123485,1.0,0.99893665,0.16601562,0.0052518393,-12.538092,-12.546427,-4.0118675,266.9649,0.7143733,3.3537845e-10,0.99891376,0.15527344,0.0054087294,-12.060486,-12.068329,-4.0378094,228.75719,0.84834826,6.3825416e-09,0.023627840518951417,28229.01707792282,685000
53.099457,-0.3191076,-8.168777,0.20431738,1.0,0.9990978,0.2763672,0.0043671103,-13.146004,-13.155588,-3.3406024,141.90479,0.74693334,2.284871e-05,1.2244247,-1.7113321,29.424877,0.9990883,0.26367188,0.0044483086,-12.655527,-12.664543,-3.4311502,72.37264,0.71805084,1.6285489e-05,63.28946,-0.36823803,-8.205896,0.2135971,1.0,0.9989786,0.15722656,0.0053368458,-12.469971,-12.478142,-4.1112094,68.96454,0.44712815,2.7076797e-07,0.99890804,0.12597656,0.005454895,-11.979218,-11.986844,-4.178336,207.86331,0.93856466,2.1776778e-08,0.023635082197189333,28347.192492723465,690000
58.69835,-0.28476685,-8.172871,0.20534062,1.0,0.9990854,0.26660156,0.004368701,-13.170585,-13.180191,-3.3443613,1882.2157,1.6859134,6.1358764e-07,2.8021598,-3.2362363,34.81722,0.9990864,0.24511719,0.0044427766,-12.566806,-12.57575,-3.4166856,55.514618,0.6923149,1.9281954e-06,62.59314,-0.42788428,-8.202402,0.21272328,1.0,0.99887085,0.16308594,0.0053791385,-12.689518,-12.698015,-3.9970846,1124.042,1.4165136,1.17086545e-08,0.9988651,0.15820312,0.005417628,-12.106027,-12.113894,-4.057999,116.095276,0.88700247,2.465354e-09,0.021754032897949218,28455.962661743164,695000
52.961807,-0.2745486,-8.174304,0.20569898,1.0,0.9990902,0.2734375,0.004450676,-12.938183,-12.9474745,-3.4328175,558.41925,0.95892596,2.1691837e-06,2.0559719,-2.1689615,30.288843,0.9990969,0.24414062,0.0045130914,-12.394955,-12.403672,-3.4776804,104.651596,0.6796538,1.3576949e-05,64.39404,-0.39347625,-8.202551,0.21276061,1.0,0.99893475,0.171875,0.005312765,-12.562994,-12.571295,-4.070567,307.9715,0.7846335,1.3407227e-08,0.9989214,0.16308594,0.005413644,-12.040494,-12.048278,-4.0764627,553.6317,1.6072168,1.6018536e-10,0.018715184116363526,28549.53858399391,700000
60.52423,-0.25209266,-8.140094,0.1971464,1.0,0.9990921,0.27148438,0.00438622,-13.213,-13.2226715,-3.3203995,62.65299,0.6982593,9.630093e-07,3.0535836,-3.0448732,35.992737,0.99909496,0.24511719,0.0044671576,-12.618883,-12.62788,-3.4140882,77.75693,0.758775,7.2113444e-06,54.36576,-0.45644927,-8.226866,0.2188395,1.0,0.99886227,0.16210938,0.005462421,-12.744224,-12.7528105,-3.9606013,1215.3004,1.4803765,7.2426223e-13,0.998827,0.13671875,0.005556885,-12.162951,-12.170987,-3.9416513,1004.2285,1.8665389,2.0861302e-09,0.17969107570648193,29447.993963718414,705000
50.55387,-0.30765688,-8.161836,0.20258185,1.0,0.99910355,0.27539062,0.004412694,-13.1931,-13.202689,-3.3836424,132.8001,0.6874311,6.5151985e-06,1.7501804,-2.5503166,28.534573,0.9990883,0.25195312,0.004480771,-12.518898,-12.527764,-3.4489055,21.603844,0.4770775,1.4129283e-05,63.97101,-0.42802292,-8.207568,0.21401498,1.0,0.99893284,0.1640625,0.005455576,-12.757399,-12.765844,-4.1161265,136.67429,0.58283997,8.8428475e-12,0.99880695,0.14941406,0.0056114537,-12.145173,-12.153035,-4.101365,109.88762,0.92254406,5.7730426e-10,0.01378432092666626,29516.915569782257,710000
53.907352,-0.29545793,-8.168304,0.20419893,1.0,0.999094,0.27929688,0.0043894965,-13.089287,-13.098836,-3.3200636,215.55696,0.8494332,4.5157144e-06,2.110641,-1.2043235,29.982365,0.9990883,0.24023438,0.0044495077,-12.635948,-12.644992,-3.38453,68.56873,0.8622488,1.210655e-05,64.48079,-0.3374977,-8.22001,0.21712539,1.0,0.99888515,0.15625,0.005486637,-12.6391325,-12.647523,-4.055194,1894.9648,1.5440664,1.0752522e-08,0.99883175,0.15429688,0.005510338,-12.212631,-12.2206,-4.061326,876.56805,2.947546,1.4605902e-09,0.013784737920761108,29585.83926296234,715000
47.186325,-0.31540105,-8.169492,0.20449606,1.0,0.9990978,0.28125,0.00434128,-13.088569,-13.098121,-3.3163497,125.293915,0.80611044,8.335343e-07,2.8052747,-1.2885829,26.719269,0.99909973,0.25878906,0.004362195,-12.555393,-12.564427,-3.313303,73.18383,0.75861406,1.4888399e-05,57.266632,-0.44806212,-8.181749,0.20756023,1.0,0.9989109,0.14160156,0.0055431337,-12.735611,-12.744062,-4.089605,47.962193,0.5218808,1.6079952e-09,0.99870396,0.12792969,0.005692672,-12.219917,-12.227883,-4.070607,764.1644,1.8720522,1.1122855e-07,0.013810994625091553,29654.894239664078,720000
40.0672,-0.33475313,-8.161807,0.20257469,1.0,0.999094,0.24804688,0.0044124527,-12.99036,-12.999802,-3.3314164,332.62427,1.0960641,3.718261e-06,0.79240173,-0.86723167,18.274803,0.9990969,0.24023438,0.0044442574,-12.535924,-12.544865,-3.389332,133.47589,0.9942242,1.5600236e-06,68.97083,-0.38194913,-8.210637,0.21478227,1.0,0.9988737,0.15625,0.005451586,-12.57623,-12.584563,-4.0523796,78.804085,0.5520828,2.1926525e-12,0.9988899,0.12890625,0.0055987947,-12.067991,-12.075748,-4.131766,1667.592,2.4802663,4.161642e-10,0.016354326009750366,29736.66587138176,725000
51.204506,-0.3294945,-8.152781,0.20031814,1.0,0.9990959,0.28710938,0.0043596807,-13.259269,-13.268932,-3.373006,96.42869,0.71866035,5.8815303e-06,1.2455878,-1.1738604,25.041405,0.999094,0.24609375,0.00443457,-12.612431,-12.621404,-3.4332001,537.1379,1.0549996,7.754518e-06,59.93361,-0.41052917,-8.203432,0.21298099,1.0,0.9988718,0.16113281,0.005447736,-12.604837,-12.613201,-4.048922,97.22424,0.54747844,2.7126343e-09,0.9987955,0.119140625,0.0057499427,-12.074947,-12.082709,-4.134507,194.55923,1.3123696,1.272183e-07,0.018848173809051513,29830.906742572784,730000
49.02793,-0.3048777,-8.165733,0.20355645,1.0,0.99908733,0.25683594,0.004415565,-13.115295,-13.124802,-3.389543,132.5672,0.65117943,1.2873314e-05,4.241039,-1.4792935,30.268356,0.99909306,0.23339844,0.0044711037,-12.576456,-12.585355,-3.4719005,152.90875,0.66825974,1.6688851e-05,78.3201,-0.37202165,-8.207481,0.2139935,1.0,0.9988823,0.16894531,0.0054261414,-12.63855,-12.646973,-4.02254,114.97879,0.66108406,4.8614054e-11,0.99884796,0.15039062,0.005487873,-12.157985,-12.165897,-4.0629883,134.13249,0.9575014,1.1961417e-09,0.023691745758056642,29949.36547589302,735000
44.711025,-0.3663482,-8.151021,0.19987823,1.0,0.9991045,0.27246094,0.004351492,-13.0404215,-13.049903,-3.3407748,296.95883,1.048403,3.28047e-05,1.7617075,-1.8304758,25.999825,0.9990959,0.24804688,0.004437126,-12.382639,-12.391404,-3.4160128,100.93158,0.77981424,5.8662295e-05,61.723045,-0.41613632,-8.23011,0.21965057,1.0,0.9988804,0.16210938,0.005262524,-12.669346,-12.677843,-3.9765134,825.1335,0.93090457,6.0787403e-07,0.9989071,0.15332031,0.0053761834,-12.099747,-12.107614,-4.0511575,148.42561,1.1193559,1.4571594e-07,0.0236787811756134,30067.7593832016,740000
48.598263,-0.30490226,-8.151667,0.20003977,1.0,0.99907684,0.2529297,0.004429018,-13.164,-13.173536,-3.408802,281.49973,0.6778625,5.143264e-07,5.5182304,-1.8945941,28.631336,0.999074,0.21972656,0.004496143,-12.588809,-12.597711,-3.482036,54.391853,0.51013684,6.0577383e-07,64.63788,-0.4196218,-8.2017355,0.21255688,1.0,0.9989424,0.16699219,0.0054011024,-12.586401,-12.594598,-4.2016673,71.39498,0.4716935,3.8071426e-09,0.9989443,0.13476562,0.0054359133,-12.032547,-12.040208,-4.195158,57.033848,0.6153492,1.5473785e-10,0.02366336522102356,30186.07621073723,745000
42.271095,-0.36859673,-8.164131,0.20315567,1.0,0.9991026,0.26953125,0.0043266565,-13.313727,-13.323505,-3.3102782,138.57382,0.88732964,2.6069768e-07,1.2538172,-1.4087816,25.491684,0.9991007,0.26367188,0.00433684,-12.659383,-12.668523,-3.3090966,96.774666,0.71052176,8.830132e-06,66.7076,-0.41030025,-8.204893,0.21334627,1.0,0.99891376,0.15625,0.0054083085,-12.750323,-12.758837,-4.0411167,181.5665,0.79919004,4.8816804e-07,0.9988241,0.15722656,0.005542884,-12.235146,-12.243077,-4.120512,40.457928,0.6100879,6.504641e-09,0.02366701216697693,30304.411273002625,750000
42.979584,-0.3123839,-8.166754,0.20381139,1.0,0.9990845,0.25976562,0.004378361,-13.112098,-13.121654,-3.3363595,249.85724,0.8352662,3.897955e-05,1.2085814,-1.4690002,22.67995,0.9990816,0.25683594,0.0044477885,-12.527395,-12.5363,-3.4191613,96.37643,0.85903466,5.9092936e-06,64.09305,-0.44331622,-8.216881,0.21634308,1.0,0.9988136,0.14648438,0.0055036824,-12.731558,-12.740049,-4.0454426,98.879,0.6157773,1.8339336e-10,0.9988718,0.13378906,0.0054722745,-12.203823,-12.21182,-4.0244026,358.7359,1.3188887,9.313883e-08,0.02365846834182739,30422.703619003296,755000
60.2421,-0.22231685,-8.182695,0.20779702,1.0,0.99909496,0.2890625,0.0043331734,-13.212831,-13.222504,-3.3173928,227.1371,0.72560126,1.5094622e-06,2.0351682,-1.9611061,28.80348,0.9990759,0.2685547,0.0043996684,-12.643575,-12.6525755,-3.4360704,59.465298,0.535036,1.045234e-06,75.81191,-0.36702883,-8.2291565,0.2194122,1.0,0.99887276,0.16015625,0.0055685947,-12.450623,-12.458774,-4.1122026,122.85674,0.8225864,1.1758522e-11,0.9988861,0.15039062,0.005577714,-11.969999,-11.977537,-4.2572303,132.60728,0.65059483,1.7785751e-09,0.02366514081954956,30541.029324769974,760000
42.040867,-0.33815467,-8.166056,0.203637,1.0,0.9990969,0.29785156,0.0043593906,-13.10416,-13.113697,-3.3485682,70.39221,0.6202635,1.7490141e-06,1.3688563,-1.2948565,22.549267,0.9990969,0.25878906,0.00441273,-12.676448,-12.685499,-3.4176912,55.59409,0.65425265,9.432583e-06,63.898285,-0.4537058,-8.233482,0.22049366,1.0,0.99894714,0.15917969,0.005421115,-12.601537,-12.609807,-4.1402607,56.717678,0.44227862,8.097425e-13,0.9987993,0.15039062,0.005593599,-12.175547,-12.183384,-4.1584864,159.47194,0.9642037,3.8710963e-09,0.02365947289466858,30659.326690673828,765000
48.05227,-0.26483086,-8.154098,0.2006473,1.0,0.9991007,0.2705078,0.004350661,-13.284138,-13.293923,-3.2729986,555.0493,1.3585687,6.2892045e-06,1.6886445,-2.8307261,25.45264,0.9990902,0.2529297,0.004417815,-12.697905,-12.70702,-3.374464,415.07098,1.1180546,4.9159607e-06,67.693405,-0.34703755,-8.203046,0.21288438,1.0,0.9989729,0.16210938,0.005290484,-12.505726,-12.5139675,-4.075243,55.196053,0.5401006,4.4007166e-08,0.99891186,0.15136719,0.0054737832,-11.937029,-11.944625,-4.1650343,255.53656,1.1349608,8.437739e-09,0.023655106830596923,30777.60223031044,770000
50.052795,-0.2486481,-8.146847,0.19883469,1.0,0.9990959,0.2841797,0.0043835468,-13.368154,-13.377962,-3.333846,90.378235,0.7832577,8.4301355e-08,1.6823074,-1.2101324,23.854832,0.9990864,0.25976562,0.004466885,-12.764528,-12.773672,-3.4096022,44.648552,0.67745924,4.976178e-07,65.97041,-0.41527295,-8.177176,0.20641719,1.0,0.9987602,0.16015625,0.005653359,-12.912296,-12.921037,-3.970885,145.03955,0.782143,2.479488e-12,0.9987259,0.14550781,0.0057821637,-12.420007,-12.428191,-4.046728,146.8004,1.0587981,4.5540027e-11,0.02364950170516968,30895.849742889404,775000
44.8576,-0.302631,-8.154581,0.20076829,1.0,0.9991083,0.29296875,0.004347483,-13.194593,-13.204256,-3.309733,267.77167,0.9630543,5.4905894e-07,1.6657821,-1.0100199,21.23122,0.9991045,0.27539062,0.004456071,-12.613362,-12.622365,-3.4031215,158.18896,1.010466,7.165994e-08,55.633575,-0.4152033,-8.199349,0.21196029,1.0,0.99886227,0.15722656,0.005556169,-12.716316,-12.724832,-4.0054665,93.08939,0.8649646,2.6626443e-09,0.9987898,0.14746094,0.0056806365,-12.118017,-12.125899,-4.055081,40.440086,0.6840211,1.7744786e-07,0.023654739952087403,31014.123443841934,780000
40.619156,-0.3611787,-8.156162,0.20116338,1.0,0.99910927,0.28027344,0.0043978607,-13.108587,-13.118183,-3.292393,269.62668,1.1510488,4.3670325e-06,1.7077012,-1.1101017,24.371773,0.99909973,0.26757812,0.0044345194,-12.647558,-12.656662,-3.3335276,59.32279,0.90065354,1.3189548e-05,68.89638,-0.41619077,-8.211107,0.21489987,1.0,0.9989128,0.17382812,0.005350088,-12.542852,-12.551199,-4.004025,387.9058,0.74726295,1.8497898e-08,0.99889374,0.14746094,0.005585807,-12.077208,-12.085032,-4.0727663,551.7976,2.1535945,1.5511574e-07,0.02365336480140686,31132.390275239944,785000
48.935463,-0.34887338,-8.142307,0.19769974,1.0,0.99908066,0.2734375,0.0043300586,-13.17836,-13.1880045,-3.3121858,274.11777,0.89809793,1.958489e-06,0.9581576,-0.9916328,23.676413,0.9990778,0.2548828,0.0043772603,-12.628681,-12.637764,-3.3369102,129.97467,0.76545894,2.6861921e-06,62.087975,-0.41246545,-8.211573,0.21501613,1.0,0.9989214,0.16796875,0.0054498794,-12.560836,-12.569114,-4.0935907,247.58008,0.7180323,3.603561e-09,0.9988861,0.15136719,0.005465828,-12.083902,-12.091646,-4.161436,98.29856,0.58407,3.6694872e-09,0.023654273796081544,31250.6616461277,790000
50.16565,-0.29538912,-8.176794,0.20632151,1.0,0.9990921,0.2919922,0.004293236,-13.120995,-13.130682,-3.2109742,139.87727,0.88893366,2.5578274e-06,2.0084662,-1.5757443,27.928055,0.9990921,0.2607422,0.004363451,-12.559064,-12.568123,-3.2924566,88.02489,0.8303939,7.229592e-06,65.509056,-0.33226323,-8.227299,0.21894738,1.0,0.99884033,0.17382812,0.0054440144,-12.602541,-12.610929,-4.022026,334.6975,1.1252427,3.4709087e-09,0.9989042,0.13964844,0.0055208495,-12.187374,-12.195301,-4.0781384,693.58307,3.8871837,1.3606865e-07,0.023663166522979735,31368.977481126785,795000
47.727886,-0.3281866,-8.1542425,0.2006836,1.0,0.9990864,0.26757812,0.0044804383,-13.060116,-13.069501,-3.4586792,450.97656,0.86422914,1.9675838e-06,2.6413789,-5.9555964,37.66207,0.9990864,0.2529297,0.004548549,-12.407993,-12.416644,-3.5581481,40.440228,0.46692967,3.0490987e-06,75.94891,-0.345667,-8.226522,0.21875367,1.0,0.99891853,0.16601562,0.0053691193,-12.485891,-12.494144,-4.0415387,116.92763,0.63102305,7.870852e-10,0.99893475,0.1484375,0.005416305,-11.991821,-11.999507,-4.127753,973.0894,1.7705061,7.649896e-09,0.026381898307800293,31500.88697719574,800000
41.764687,-0.35553652,-8.173997,0.20562235,1.0,0.9991026,0.2783203,0.0043648807,-13.226262,-13.23595,-3.3147724,256.24792,0.8453667,7.4117943e-06,1.5209125,-1.1773281,23.955227,0.9990969,0.27246094,0.0044029476,-12.747433,-12.756622,-3.3474863,60.956024,0.8329687,2.90184e-07,63.71568,-0.43112972,-8.19701,0.21137539,1.0,0.99891186,0.1640625,0.0055557964,-12.697058,-12.705431,-4.1311674,81.53298,0.7479994,3.4014584e-09,0.99890137,0.15429688,0.00562176,-12.189318,-12.197153,-4.173604,100.635544,0.9600867,1.8840444e-08,0.33575787920951844,33179.67637467384,805000
53.949234,-0.32862294,-8.144072,0.19814087,1.0,0.999115,0.28320312,0.0042996285,-13.238842,-13.248551,-3.3054104,96.317024,0.724069,4.5032938e-10,1.5155516,-1.4124337,25.759588,0.9991121,0.26953125,0.004325391,-12.700453,-12.709613,-3.3300996,117.97402,0.7472714,1.9302229e-06,57.634624,-0.39944896,-8.200459,0.21223757,1.0,0.9989357,0.16210938,0.0054581654,-12.6577835,-12.666083,-4.1672306,125.68052,0.5470637,5.17621e-12,0.998847,0.14941406,0.005535324,-12.169179,-12.17698,-4.18906,200.51996,0.76136595,2.2880664e-08,0.008842688989639282,33223.88982272148,810000
44.354317,-0.3366997,-8.143939,0.19810776,1.0,0.9990835,0.2783203,0.004492177,-12.986851,-12.996145,-3.4778216,74.73194,0.5526397,2.7930514e-06,1.4551305,-1.3834251,20.36412,0.99907017,0.24707031,0.004531792,-12.441582,-12.450308,-3.516134,160.89398,0.57469153,4.005305e-06,57.33163,-0.36309618,-8.213814,0.2155763,1.0,0.9989214,0.15917969,0.005363756,-12.583716,-12.592045,-4.0638933,90.55579,0.46334484,1.2392234e-08,0.998929,0.13574219,0.005423905,-12.006206,-12.013918,-4.1157656,227.78159,0.7550515,1.2097483e-08,0.010991374731063843,33278.84669780731,815000
49.11343,-0.29966858,-8.151601,0.20002311,1.0,0.9990959,0.2841797,0.004244225,-13.285599,-13.295474,-3.1840947,436.08575,0.9582428,2.0164107e-05,1.4601929,-1.3535599,22.887833,0.9990883,0.2705078,0.004305815,-12.734991,-12.74426,-3.2528715,34.307915,0.6219137,1.7430837e-05,62.10509,-0.45488074,-8.182697,0.20779744,1.0,0.9989567,0.1484375,0.005429472,-12.5176735,-12.5258465,-4.157251,1208.0165,0.9556849,2.0401771e-13,0.9988737,0.1484375,0.005456828,-12.025904,-12.033604,-4.1477423,429.42294,0.99526,1.6446369e-09,0.013789716672897339,33347.79528403282,820000
43.768173,-0.3303849,-8.179728,0.20705476,1.0,0.99910545,0.2763672,0.0043004183,-13.459952,-13.469919,-3.2639456,88.99916,0.7994062,5.0821075e-07,1.1921171,-1.3279226,23.67386,0.99909306,0.26953125,0.0043520182,-12.848915,-12.85828,-3.2677689,63.370003,0.7974888,2.8259281e-05,62.843037,-0.4133324,-8.198696,0.2117968,1.0,0.99889565,0.15917969,0.005430802,-12.747855,-12.756383,-4.023888,115.89003,0.5597935,1.0212398e-07,0.99880505,0.14746094,0.0055375397,-12.230204,-12.23819,-4.0621414,147.88919,0.82908565,5.935293e-07,0.013795038795471191,33416.77047967911,825000
45.373055,-0.32258403,-8.162222,0.2026786,1.0,0.99909306,0.28320312,0.0043377643,-13.24568,-13.255453,-3.2496347,987.30646,1.0952392,6.8238855e-06,1.1652365,-1.1529987,20.351307,0.99908257,0.28320312,0.0043568155,-12.780312,-12.789576,-3.303461,22.101967,0.5904244,1.1095639e-05,64.93836,-0.401695,-8.203878,0.21309257,1.0,0.9989672,0.15136719,0.005506504,-12.627733,-12.635897,-4.276634,1493.541,1.2020496,2.433565e-10,0.9989548,0.14550781,0.005560199,-12.128097,-12.135711,-4.3393207,349.1953,0.9121796,1.5374217e-08,0.013791633939743041,33485.72865343094,830000
52.02697,-0.26657534,-8.154673,0.20079127,1.0,0.99909496,0.27246094,0.0043312293,-12.988894,-12.998369,-3.2955914,172.72653,0.78568536,2.844543e-06,1.102189,-1.7993587,24.391092,0.9990845,0.26464844,0.0043940893,-12.437673,-12.446542,-3.3631933,74.35378,0.6021193,1.6166028e-05,55.165688,-0.4442253,-8.21859,0.2167702,1.0,0.99889565,0.16699219,0.0054206764,-12.746838,-12.755413,-3.9737465,166.72844,0.75196993,1.506914e-09,0.9988117,0.14257812,0.005567065,-12.264795,-12.272906,-3.966677,178.76828,1.5302087,1.8313776e-07,0.013786648321151734,33554.661897182465,835000
45.886623,-0.3301037,-8.172341,0.20520847,1.0,0.99908733,0.2705078,0.0044235494,-13.375477,-13.385211,-3.4177516,138.34987,0.7066097,8.019259e-06,2.231688,-1.1767068,24.725803,0.9990883,0.25390625,0.0044386815,-12.842497,-12.851679,-3.4480612,30.810411,0.5587142,4.6503933e-06,65.90863,-0.30615583,-8.214381,0.21571822,1.0,0.9989424,0.13867188,0.0054561524,-12.601261,-12.609526,-4.1463323,176.25659,0.61134833,1.1913512e-09,0.9989395,0.12792969,0.0055307965,-12.068556,-12.076178,-4.2718263,123.80137,0.6650188,3.191478e-08,0.013791526365280152,33623.61953020096,840000
48.21723,-0.30212912,-8.144206,0.19817458,1.0,0.999094,0.29296875,0.0043606767,-13.150003,-13.159652,-3.2796812,50.239826,0.6695889,1.0140359e-05,1.5482488,-1.945759,26.426525,0.99909496,0.27246094,0.0044251317,-12.635427,-12.644503,-3.3520567,71.22055,0.66268003,9.477384e-07,71.736946,-0.3701111,-8.222752,0.21781096,1.0,0.99884033,0.15332031,0.005444262,-12.7276325,-12.736284,-3.8776464,106.79375,0.6073078,2.785397e-09,0.99886036,0.13671875,0.005418816,-12.239143,-12.247214,-3.9814277,195.298,0.68536067,6.1651306e-10,0.01379191608428955,33692.57911801338,845000
54.16896,-0.35159057,-8.179569,0.20701522,1.0,0.99908924,0.27441406,0.0044243364,-13.317944,-13.327681,-3.3580716,62.84223,0.7449143,8.6058094e-07,2.1409974,-2.556524,41.41998,0.9990883,0.2529297,0.004476883,-12.754364,-12.763502,-3.4065838,118.420685,1.0177917,8.36296e-06,61.127922,-0.38291118,-8.212588,0.21527001,1.0,0.9989462,0.15917969,0.005321442,-12.689799,-12.698316,-3.9775546,135.27594,0.79350644,4.4923665e-09,0.99893284,0.13476562,0.00545035,-12.202105,-12.210107,-4.015938,2221.5222,4.671294,9.583797e-09,0.017440390110015868,33779.78106999397,850000
45.899353,-0.35807896,-8.1451645,0.19841406,1.0,0.99910927,0.2998047,0.004277421,-13.298241,-13.308084,-3.2272873,185.92798,1.0096269,4.3567993e-06,0.9584228,-1.4391987,21.625742,0.9991026,0.2685547,0.004369373,-12.7562895,-12.765505,-3.3283734,65.93323,0.7839484,2.6125195e-05,56.214005,-0.49059325,-8.205227,0.21342976,1.0,0.9989538,0.16210938,0.0054468364,-12.568411,-12.576582,-4.2079906,240.2895,0.6416877,6.503015e-13,0.99891376,0.14257812,0.005535405,-12.1032505,-12.110965,-4.211746,347.15405,1.1928586,3.4788933e-10,0.018730292081832887,33873.43253540993,855000
45.577927,-0.3547898,-8.177092,0.20639606,1.0,0.999094,0.27539062,0.0043453625,-13.108355,-13.11787,-3.3734822,145.40164,0.6327268,5.663583e-07,1.2872283,-2.3038087,24.297783,0.9990921,0.25097656,0.0044337464,-12.531172,-12.540061,-3.4372876,42.81638,0.6613295,3.6081383e-07,54.42858,-0.5474144,-8.200161,0.21216314,1.0,0.99893665,0.1484375,0.005346433,-12.691703,-12.700103,-4.0983963,118.52836,0.57304543,3.0410152e-07,0.99890995,0.13574219,0.0055174166,-12.171881,-12.179768,-4.103071,237.4323,1.0952909,1.796795e-07,0.018739323568344117,33967.12915468216,860000
48.54419,-0.28856292,-8.162281,0.20269343,1.0,0.9990883,0.2548828,0.0043872003,-13.233759,-13.243409,-3.360793,176.1571,0.7934897,1.169091e-05,1.2555898,-1.1715981,23.410728,0.9990759,0.23632812,0.00445868,-12.609131,-12.618091,-3.4432554,939.36255,1.5640407,2.904011e-05,65.67607,-0.54303193,-8.175278,0.20594245,1.0,0.9988775,0.17480469,0.0054670363,-12.68623,-12.694689,-4.0319166,148.07104,0.78285974,7.578992e-13,0.9988613,0.15917969,0.005478544,-12.113079,-12.120911,-4.1031876,91.10472,0.5033675,5.8248787e-08,0.01906137833595276,34062.43604803085,865000
60.921238,-0.32705316,-8.14309,0.19789553,1.0,0.99909115,0.27441406,0.0044145575,-13.185098,-13.194697,-3.364541,62.601208,0.59896123,4.526563e-06,1.3615075,-1.6522492,30.4996,0.99908066,0.2578125,0.0044811107,-12.607601,-12.616559,-3.4424682,200.78604,0.80585724,2.6449114e-05,60.17501,-0.48834717,-8.203508,0.21300012,1.0,0.9988823,0.17285156,0.0054814164,-12.873255,-12.882003,-3.9231863,105.07276,1.0210328,4.5388666e-09,0.99884415,0.16210938,0.005534874,-12.385795,-12.394027,-3.964574,210.39648,1.5351909,1.8864192e-10,0.023673767232894896,34180.80488562584,870000
57.475723,-0.28533903,-8.165079,0.20339262,1.0,0.9991007,0.27148438,0.0044577047,-13.130975,-13.140472,-3.4140925,88.13069,0.71050143,1.3719569e-08,1.3517883,-1.7522801,24.781448,0.9990988,0.23925781,0.004527065,-12.554631,-12.5634775,-3.5056872,63.392853,0.7215656,1.2934838e-08,60.807766,-0.42108595,-8.185619,0.20852786,1.0,0.9988985,0.15234375,0.005399661,-12.648191,-12.656559,-4.0877066,122.55237,0.62883097,3.4128263e-08,0.9989147,0.12695312,0.005505681,-12.132907,-12.140724,-4.134865,163.49388,0.906106,3.026204e-08,0.02365799870491028,34299.094885110855,875000
49.21296,-0.36255872,-8.137781,0.1965684,1.0,0.99907684,0.2705078,0.004367176,-13.269007,-13.278694,-3.3580322,54.6541,0.63243955,2.6142877e-06,2.0261867,-1.681524,25.795677,0.9990816,0.25878906,0.0044469684,-12.691702,-12.700766,-3.419073,43.006905,0.6382345,2.0215602e-06,61.438866,-0.44370526,-8.207785,0.21406925,1.0,0.9988785,0.17285156,0.0053775497,-12.714783,-12.723257,-4.0454826,289.89392,0.6600307,3.0971427e-11,0.99884415,0.16308594,0.0054948805,-12.132347,-12.140219,-4.080615,129.93842,0.6535544,2.3702734e-10,0.02366724133491516,34417.43109345436,880000
47.000877,-0.36331618,-8.171955,0.2051116,1.0,0.9990921,0.28320312,0.0043776324,-13.46184,-13.471742,-3.332235,371.52435,1.0506742,3.5447913e-09,1.6652799,-2.1391447,26.064964,0.99910164,0.25976562,0.004439446,-12.881039,-12.890326,-3.3803124,46.785603,0.73022294,4.4439858e-07,61.480286,-0.4658158,-8.220844,0.217334,1.0,0.99893093,0.1484375,0.00545706,-12.701717,-12.71009,-4.1361165,187.52113,0.6641739,2.5452735e-08,0.9988775,0.12792969,0.0054639326,-12.251066,-12.259002,-4.1333694,557.48193,1.3656895,1.2167722e-07,0.023670103979110717,34535.78161454201,885000
42.038265,-0.38925764,-8.165491,0.20349592,1.0,0.9990845,0.2734375,0.004403111,-13.4128685,-13.422706,-3.34873,146.43335,0.70579517,5.323456e-08,1.3940142,-1.0158658,20.344019,0.9990864,0.25195312,0.004493829,-12.8347435,-12.843938,-3.4284644,89.86497,0.6706587,1.7437294e-08,57.38793,-0.48780662,-8.204086,0.21314451,1.0,0.99894047,0.1640625,0.005357009,-12.511853,-12.520055,-4.121769,83.32209,0.5045534,3.1148443e-07,0.99891853,0.140625,0.00547138,-11.995317,-12.002971,-4.166045,405.7783,1.0094644,5.663151e-07,0.023673916816711427,34654.151200294495,890000
50.18816,-0.31795788,-8.151026,0.19987953,1.0,0.9991112,0.29101562,0.004246478,-13.282265,-13.292115,-3.204906,183.1,0.8142936,2.1286638e-05,1.841428,-1.8162034,28.10511,0.9991102,0.25976562,0.0043370673,-12.731373,-12.7406,-3.2921033,74.08669,0.7213907,4.362986e-06,60.939213,-0.4452992,-8.222489,0.21774535,1.0,0.9988785,0.16894531,0.0053985985,-12.752919,-12.761525,-3.9490123,254.81706,0.81445026,1.4508604e-10,0.9987478,0.16015625,0.005687465,-12.344706,-12.352916,-3.946867,444.971,2.0835671,4.5721478e-08,0.023679742670059203,34772.54991674423,895000
55.107788,-0.25432438,-8.138753,0.19681118,1.0,0.9990959,0.27246094,0.0044893017,-13.027172,-13.036553,-3.4295502,38.37699,0.58978003,1.1868663e-05,1.6465449,-2.4422114,32.77114,0.9990883,0.24804688,0.0045401156,-12.381554,-12.390245,-3.4902666,26.397446,0.5397009,2.525523e-05,57.29564,-0.44214836,-8.2030945,0.21289672,1.0,0.9988899,0.17578125,0.0054155933,-12.7133255,-12.72186,-3.9821136,116.51961,0.7248625,6.108566e-12,0.99882126,0.16015625,0.0055549666,-12.077279,-12.085204,-3.9702308,538.7735,1.8388662,5.490631e-11,0.02368243012428284,34890.96206879616,900000
46.53928,-0.3623165,-8.167946,0.20410945,1.0,0.9990902,0.296875,0.0043359036,-13.155901,-13.165541,-3.2950842,181.29692,0.6912745,5.4688756e-09,1.8778489,-1.7245568,26.959208,0.99907684,0.25390625,0.0043917084,-12.546911,-12.5559,-3.3524923,70.4142,0.64848065,3.7708912e-06,56.257965,-0.5282842,-8.20676,0.21381317,1.0,0.99887085,0.16992188,0.005749157,-12.562604,-12.570751,-4.227608,6311.7837,3.8920193,2.538481e-12,0.99884224,0.15039062,0.0057788678,-12.068306,-12.075918,-4.2806344,482.6042,1.0254294,1.1489056e-10,0.3714592885494232,36748.25851559639,905000
52.43009,-0.30336806,-8.144801,0.1983231,1.0,0.99909973,0.28808594,0.004260183,-13.128061,-13.137789,-3.176865,215.31042,0.8814524,2.5950687e-06,1.7129858,-1.3837416,27.955517,0.9990959,0.2548828,0.004312129,-12.5447855,-12.553869,-3.2514179,106.47108,0.79220074,1.8435054e-05,61.891388,-0.4808172,-8.196274,0.21119143,1.0,0.9989033,0.15234375,0.005324076,-12.638117,-12.646587,-3.9722767,110.04052,0.61700296,1.5077601e-08,0.9989071,0.13964844,0.0053886743,-12.170532,-12.178494,-4.025045,397.31628,1.1981523,1.3270194e-09,0.013773413610458375,36817.12558579445,910000
45.558464,-0.30029273,-8.141226,0.19742963,1.0,0.9990988,0.26171875,0.0044590826,-13.163528,-13.173039,-3.4334645,118.54713,0.72517115,1.1953367e-09,1.0171407,-0.97255605,21.862724,0.9991007,0.24804688,0.0044963164,-12.568228,-12.57714,-3.4521246,35.595165,0.62462264,7.1103836e-06,56.82802,-0.53275216,-8.203951,0.21311064,1.0,0.9989567,0.1796875,0.005263051,-12.723177,-12.73166,-4.0448666,299.5116,0.79966086,7.0951156e-10,0.99893284,0.14160156,0.0054077813,-12.189638,-12.197549,-4.0967317,678.65344,1.8028338,5.6311336e-07,0.013777013158798217,36886.010653972626,915000
52.213066,-0.31001192,-8.157315,0.20145169,1.0,0.99906635,0.25097656,0.00450119,-13.104316,-13.113829,-3.3728096,77.22138,0.77233887,1.1806392e-05,1.2767285,-1.7843761,26.156815,0.9990549,0.22851562,0.0045867334,-12.491962,-12.500767,-3.4854536,72.31583,0.6623524,1.803198e-05,63.775436,-0.46285993,-8.241921,0.22260337,1.0,0.9988146,0.1640625,0.005532254,-12.778725,-12.787327,-3.9775527,106.83195,0.61918,2.3572258e-10,0.9987755,0.14355469,0.005596119,-12.278326,-12.286383,-4.03584,519.9034,1.5596414,1.3478325e-12,0.013775250864028931,36954.88691735268,920000
43.588226,-0.3498674,-8.159496,0.20199694,1.0,0.9990959,0.2626953,0.004379483,-13.413146,-13.423003,-3.3282285,112.22698,0.94349825,2.665185e-07,1.02863,-1.0910217,21.971733,0.9990816,0.25878906,0.0044485703,-12.769331,-12.778498,-3.3909912,1085.2264,2.0505233,6.1738064e-09,63.47727,-0.5103641,-8.211293,0.2149462,1.0,0.9989376,0.1640625,0.0053443178,-12.719198,-12.727608,-4.1160674,271.96188,0.69693357,1.3307434e-08,0.9988766,0.171875,0.0054258825,-12.070183,-12.077941,-4.1330023,306.41733,1.4064362,6.312206e-08,0.013776857614517211,37023.771206855774,925000
51.25109,-0.32299894,-8.151293,0.19994608,1.0,0.99909306,0.26757812,0.0044219024,-13.302046,-13.311746,-3.3789244,757.48474,1.1333055,5.0409303e-06,0.99327433,-1.1084785,25.223171,0.9990845,0.24804688,0.004474612,-12.721275,-12.730374,-3.4131653,152.99088,0.903399,1.246119e-05,65.118904,-0.4996143,-8.221767,0.21756461,1.0,0.9989052,0.16015625,0.005471086,-12.796336,-12.804838,-4.0997458,146.26802,0.66492355,1.0434665e-09,0.99883366,0.15429688,0.0055877557,-12.2936535,-12.301661,-4.101104,132.69382,0.9511777,5.995094e-07,0.013771616840362549,37092.62929749489,930000
47.613007,-0.35054383,-8.173552,0.20551074,1.0,0.9990921,0.26464844,0.0044234702,-13.103798,-13.113255,-3.429342,79.81551,0.72187734,1.0595335e-06,1.4197781,-1.3173478,24.612411,0.9990864,0.24121094,0.0044561564,-12.521241,-12.530112,-3.4464307,82.37964,0.73505145,1.8590445e-06,56.52766,-0.5355965,-8.2139435,0.21560876,1.0,0.99890804,0.16699219,0.0055028177,-12.688077,-12.696283,-4.2923937,669.6574,1.0007672,5.371594e-13,0.9989052,0.14453125,0.0055582533,-12.09126,-12.098934,-4.2403603,476.09094,1.1183167,1.675269e-08,0.013774762916564941,37161.503116846085,935000
45.72639,-0.35796008,-8.152788,0.2003201,1.0,0.999094,0.28808594,0.004344033,-13.245506,-13.255233,-3.293754,48.637608,0.6360815,2.368227e-06,1.4729109,-1.3385316,21.967865,0.99909115,0.27246094,0.004372895,-12.818346,-12.827608,-3.3427794,36.38208,0.56554735,1.5844826e-05,55.661766,-0.43866903,-8.207563,0.21401384,1.0,0.998888,0.17871094,0.0054741204,-12.784734,-12.793304,-4.0169134,347.28848,1.005012,2.8242694e-08,0.9988384,0.15234375,0.0055474276,-12.390919,-12.399045,-4.0773487,115.90191,0.8063667,2.5678311e-08,0.013775899934768677,37230.38261818886,940000
44.58937,-0.28909513,-8.163601,0.2030233,1.0,0.9990902,0.29296875,0.0043099145,-13.422667,-13.43259,-3.27199,171.24855,0.8088275,2.3323869e-06,1.9409133,-1.2946194,25.045963,0.99908066,0.26757812,0.0043361364,-12.861533,-12.870871,-3.3092446,54.19618,0.65563977,5.015922e-06,60.91012,-0.41299772,-8.21612,0.21615264,1.0,0.99890804,0.16992188,0.005492752,-12.74416,-12.752645,-4.0640025,171.76753,0.7506661,2.573197e-10,0.9988823,0.14746094,0.005598493,-12.289576,-12.297557,-4.1255674,335.02386,1.942466,7.962728e-08,0.013775423288345337,37299.259736299515,945000
37.319893,-0.34286562,-8.14324,0.19793278,1.0,0.9990921,0.27539062,0.004405741,-13.263462,-13.273138,-3.3649807,85.00912,0.8542647,7.1258097e-07,2.6097145,-2.8264396,24.31026,0.99909115,0.25,0.0044273143,-12.690742,-12.6998205,-3.4038398,98.29739,0.7019658,5.2212135e-06,65.81936,-0.44580376,-8.172155,0.20516172,1.0,0.99888897,0.15527344,0.0055179615,-12.845787,-12.854326,-4.1105733,106.249,0.75442064,7.2586407e-12,0.99889183,0.14257812,0.0055429116,-12.317783,-12.325775,-4.1414566,1048.7084,1.6423714,2.6998024e-09,0.014579511833190917,37372.1572971344,950000
54.372177,-0.2978398,-8.145198,0.19842243,1.0,0.9990921,0.25976562,0.0044448553,-13.324843,-13.334516,-3.4302878,222.56647,0.80400836,8.831357e-07,1.3691356,-1.4075259,27.433857,0.9990759,0.24609375,0.00453198,-12.770493,-12.779556,-3.4970474,37.762417,0.61731386,2.1347301e-05,67.51851,-0.45758444,-8.219707,0.21704945,1.0,0.9988537,0.16210938,0.0055778306,-12.743065,-12.751584,-4.0293913,121.39473,0.9581929,7.3871785e-12,0.9988785,0.14550781,0.005649871,-12.247925,-12.255905,-4.0849886,118.41549,1.1477556,3.5405747e-09,0.015788616847991942,37451.100383520126,955000
55.30861,-0.2795388,-8.161834,0.20258155,1.0,0.9990864,0.29296875,0.004249177,-13.323082,-13.333048,-3.1284826,290.2202,0.99340564,3.7425696e-08,1.4456277,-1.1572405,23.888496,0.9990797,0.28808594,0.0043284683,-12.734436,-12.743723,-3.2343588,120.76865,0.90069073,3.401632e-06,56.339798,-0.42428282,-8.189646,0.20953459,1.0,0.9988985,0.15332031,0.0054539153,-12.6345215,-12.642986,-3.9747496,571.6516,0.9386951,9.4379046e-11,0.99883175,0.14160156,0.005601698,-12.113424,-12.121315,-4.0411525,162.048,1.1183052,5.7155907e-09,0.01378722186088562,37520.03649401665,960000
48.991478,-0.30637938,-8.161918,0.20260242,1.0,0.99909306,0.28222656,0.004349317,-13.363789,-13.373593,-3.3326864,417.00284,0.87966913,4.3371324e-06,1.0864434,-1.030399,21.432974,0.9990864,0.24511719,0.0044334778,-12.823627,-12.83281,-3.4288712,77.47576,0.6608243,2.4666031e-05,67.50633,-0.40400153,-8.1779,0.20659819,1.0,0.99893,0.18066406,0.0054601235,-12.641468,-12.649859,-4.056234,305.88504,0.9907909,1.2260903e-08,0.9989176,0.15332031,0.0055230684,-12.105516,-12.113286,-4.158049,1131.7571,2.2753778,4.994766e-08,0.013792651557922364,37588.99975371361,965000
41.23014,-0.4062639,-8.160743,0.20230871,1.0,0.9991045,0.28222656,0.00434514,-13.464224,-13.474178,-3.2804902,213.9109,1.0744004,1.0972573e-07,1.4373641,-1.3722425,23.62326,0.9990959,0.2626953,0.004339933,-13.031481,-13.041027,-3.2649024,273.84146,1.1437898,2.7490376e-05,49.081535,-0.46223974,-8.180743,0.20730874,1.0,0.9988642,0.13183594,0.005649387,-12.824498,-12.832947,-4.1805296,355.784,0.9707741,3.896607e-10,0.99882126,0.125,0.005759308,-12.406932,-12.414952,-4.2031403,141.32224,0.95233274,6.6263545e-10,0.013792360544204713,37657.961561203,970000
53.636597,-0.3110745,-8.154225,0.20067944,1.0,0.9990816,0.25195312,0.004509379,-13.292382,-13.30199,-3.4650943,181.35002,0.86624664,8.134683e-06,1.3528876,-1.4577072,26.080088,0.9990816,0.24316406,0.0045438632,-12.689232,-12.698208,-3.5064807,86.73014,0.7208717,4.0808027e-06,72.25205,-0.36585483,-8.210346,0.21470961,1.0,0.99892616,0.16503906,0.0054486273,-12.647472,-12.655681,-4.25027,107.63966,0.5543021,6.5867405e-09,0.9988861,0.1484375,0.0056232424,-12.171008,-12.178714,-4.288155,485.91522,1.2166393,3.7004213e-08,0.01379166841506958,37726.91990542412,975000
43.418613,-0.30612564,-8.159424,0.20197907,1.0,0.99907494,0.2607422,0.0043470324,-13.155063,-13.164696,-3.3005178,309.6038,0.7484416,6.155444e-08,1.3923318,-1.130272,22.650673,0.9990721,0.2421875,0.004447587,-12.6104145,-12.619413,-3.4035442,74.5746,0.682925,1.0724346e-05,62.886093,-0.41536617,-8.189859,0.20958766,1.0,0.99887276,0.15917969,0.0054579345,-12.713598,-12.7220335,-4.0844064,56.115948,0.44104576,1.5930474e-11,0.99894047,0.14257812,0.0054547274,-12.380899,-12.388975,-4.118524,740.29376,1.8924316,2.6684746e-10,0.01379400954246521,37795.889954805374,980000
43.56228,-0.32115453,-8.1482315,0.19918099,1.0,0.9990883,0.26464844,0.004470173,-13.261327,-13.270897,-3.4705334,50.799488,0.6089977,3.974073e-07,0.8787569,-1.4673932,20.48759,0.9990816,0.24707031,0.004530612,-12.618725,-12.627593,-3.5470057,65.985374,0.54904675,7.008718e-06,59.892353,-0.53347665,-8.175988,0.20612001,1.0,0.99891853,0.17871094,0.005413215,-12.899997,-12.908607,-4.092091,715.48956,1.1808441,2.0053948e-11,0.9988642,0.16503906,0.0055072345,-12.330431,-12.338439,-4.1405153,2194.395,2.7626338,1.3799943e-10,0.013791576051712036,37864.84783744812,985000
50.508896,-0.29597768,-8.176779,0.20631777,1.0,0.9990864,0.28222656,0.004388399,-13.244913,-13.254563,-3.3726702,155.08064,0.68828034,1.2109078e-05,1.392196,-1.2533971,24.489002,0.9990854,0.26171875,0.0044277273,-12.725893,-12.734981,-3.4301002,40.41357,0.5393845,8.81371e-06,67.40351,-0.41703117,-8.217892,0.21659575,1.0,0.9989176,0.171875,0.0053368285,-12.677684,-12.68613,-4.037611,150.07843,0.6327058,2.5519769e-12,0.9989147,0.16210938,0.005358941,-12.191397,-12.199304,-4.1031485,497.82114,1.1519525,1.0139472e-08,0.013783949327468872,37933.767585754395,990000
53.10063,-0.30852532,-8.152357,0.20021242,1.0,0.99909496,0.30078125,0.004245195,-13.341504,-13.351404,-3.2137966,712.26697,1.4651494,3.0207002e-06,3.4590025,-2.0543032,35.27649,0.99909306,0.2783203,0.0043005897,-12.760794,-12.77008,-3.2623246,143.88855,0.99844474,2.590454e-05,51.97511,-0.46900558,-8.189196,0.20942181,1.0,0.9988928,0.16015625,0.0053881165,-12.822748,-12.83132,-4.0540853,170.40588,0.6508732,1.378423e-11,0.9988375,0.1328125,0.0054866783,-12.251503,-12.259511,-4.059595,404.85254,1.2511268,2.0111541e-09,0.013793432426452637,38002.7347536087,995000
40.048073,-0.37488574,-8.16099,0.20237029,1.0,0.99909306,0.27734375,0.0043459814,-13.289591,-13.299372,-3.2845747,80.183815,0.68232495,1.4484571e-05,1.1189741,-1.5015727,19.485565,0.9990978,0.26464844,0.0044219336,-12.74417,-12.75336,-3.3433871,57.660267,0.6607178,3.1950012e-06,71.05178,-0.41448772,-8.212463,0.2152388,1.0,0.9989395,0.16210938,0.0055329744,-12.635286,-12.643521,-4.2109485,84.15137,0.5676985,4.36222e-10,0.9989338,0.13671875,0.0056150407,-12.245264,-12.253013,-4.3179846,391.3281,0.97317475,2.5747435e-10,0.01400773811340332,38072.77344942093,1000000
