training/actor/actor_loss,training/actor/adv,training/actor/bc_log_prob,training/actor/mse,training/actor/std,training/critic/binary_accuracy,training/critic/categorical_accuracy,training/critic/contrastive_loss,training/critic/logits,training/critic/logits_neg,training/critic/logits_pos,training/critic/v_max,training/critic/v_mean,training/critic/v_min,training/grad/max,training/grad/min,training/grad/norm,training/value/binary_accuracy,training/value/categorical_accuracy,training/value/contrastive_loss,training/value/logits,training/value/logits_neg,training/value/logits_pos,training/value/v_max,training/value/v_mean,training/value/v_min,validation/actor/actor_loss,validation/actor/adv,validation/actor/bc_log_prob,validation/actor/mse,validation/actor/std,validation/critic/binary_accuracy,validation/critic/categorical_accuracy,validation/critic/contrastive_loss,validation/critic/logits,validation/critic/logits_neg,validation/critic/logits_pos,validation/critic/v_max,validation/critic/v_mean,validation/critic/v_min,validation/value/binary_accuracy,validation/value/categorical_accuracy,validation/value/contrastive_loss,validation/value/logits,validation/value/logits_neg,validation/value/logits_pos,validation/value/v_max,validation/value/v_mean,validation/value/v_min,time/epoch_time,time/total_time,step
190.62392,0.19854224,-9.370842,0.50483334,1.0,0.4267702,0.0009765625,0.8368448,0.09936697,0.099319786,0.14763747,16.156233,1.6409688,0.02047965,9.862077,-8.61839,182.72562,0.74282837,0.0,0.53166246,-0.574823,-0.5748253,-0.5724622,11.733717,0.9072659,0.058189843,115.97146,0.165532,-9.262372,0.47771588,1.0,0.9841461,0.0,0.056717046,-5.508393,-5.5081935,-5.7121515,5.5003767,0.0722554,3.6858175e-05,0.9836149,0.0009765625,0.046833523,-6.045506,-6.045286,-6.2703924,3.8106618,0.054787774,2.4571576e-05,0.013377107906341553,66.88554167747498,1
15.178471,-0.14956161,-8.06403,0.17813042,1.0,0.9990349,0.095703125,0.0060313004,-9.298734,-9.302895,-5.041045,4.092898,0.10352303,1.8027329e-06,0.276968,-0.20483649,6.7614803,0.9990349,0.10058594,0.00600731,-9.228384,-9.23246,-5.059462,6.079403,0.14257213,1.3800919e-06,10.290326,-0.23571706,-8.083646,0.18303445,1.0,0.99885654,0.049804688,0.006342518,-9.226492,-9.2306185,-5.005021,15.583828,0.11892938,1.9673745e-07,0.99879074,0.047851562,0.0065053995,-9.073577,-9.077575,-4.983062,7.2571507,0.18563199,7.402762e-07,0.2551680900096893,1342.725992679596,5000
14.665543,-0.18457058,-8.035231,0.17093071,1.0,0.99904823,0.125,0.0056620203,-9.451069,-9.455609,-4.8075895,8.714263,0.1629959,1.5775602e-05,0.23473832,-0.31279486,6.230215,0.9990463,0.12207031,0.005666172,-9.294935,-9.299314,-4.8159842,11.11794,0.14586067,1.1787075e-05,17.780811,-0.18861972,-8.055616,0.17602697,1.0,0.9986429,0.07714844,0.0063129747,-9.299513,-9.304057,-4.6496644,28.620907,0.30839866,1.0632296e-05,0.9985552,0.072265625,0.006468619,-9.143027,-9.147391,-4.677992,31.845299,0.48839015,2.514492e-05,0.26257934284210205,2655.622708797455,10000
25.733616,-0.18698159,-7.9825516,0.15776074,1.0,0.99906063,0.13867188,0.00557617,-9.383546,-9.388089,-4.735363,20.90925,0.22976363,1.4815808e-05,0.72063375,-0.7681032,15.672829,0.9990587,0.13769531,0.0056050965,-9.2858925,-9.29033,-4.7459497,14.05678,0.24237916,1.6403626e-05,21.062946,-0.19963445,-8.022649,0.1677852,1.0,0.9986391,0.087890625,0.006134643,-9.295786,-9.300478,-4.4970503,23.00497,0.33697712,2.0775663e-06,0.99868107,0.07421875,0.006310055,-9.181541,-9.186058,-4.5612803,29.990671,0.4960668,6.391121e-06,0.14433284845352173,3377.286952495575,15000
32.352295,-0.17738047,-7.967846,0.15408441,1.0,0.99905777,0.16015625,0.0054533384,-9.47057,-9.47544,-4.4882593,41.57939,0.310965,2.4635058e-06,1.1571782,-0.6675416,19.795218,0.9990549,0.14550781,0.005508489,-9.385248,-9.38997,-4.5545754,28.470295,0.31897867,5.597982e-06,25.900778,-0.22582136,-8.008804,0.16432391,1.0,0.9987421,0.09472656,0.0061415676,-9.211145,-9.215752,-4.498636,95.31562,0.5184401,5.882481e-07,0.99870586,0.08300781,0.006378681,-9.112906,-9.117399,-4.5171556,49.164913,0.8782908,1.1025015e-06,0.01738396759033203,3464.2068133354187,20000
33.802208,-0.16150358,-7.957075,0.15139171,1.0,0.9990444,0.1640625,0.005384216,-9.571632,-9.576699,-4.389121,32.3198,0.33233356,1.5891768e-05,0.9857209,-0.9300644,17.691078,0.99904156,0.14453125,0.0054489183,-9.380068,-9.384859,-4.478241,12.2848625,0.26240665,2.1397687e-05,25.655415,-0.23527423,-7.9715567,0.15501216,1.0,0.99871254,0.1015625,0.006120031,-9.4374275,-9.442313,-4.4402905,46.835815,0.50992143,4.673602e-06,0.99875546,0.099609375,0.0062434715,-9.260756,-9.2654505,-4.457544,166.41867,0.8309697,7.910178e-06,0.15675343623161317,4247.973997592926,25000
25.781206,-0.20185989,-7.918379,0.14171773,1.0,0.99905396,0.16992188,0.005308105,-9.5163765,-9.521432,-4.344516,34.1915,0.26247737,2.5598933e-05,1.025243,-0.7093826,15.965672,0.9990511,0.16796875,0.0053922576,-9.350076,-9.3548765,-4.437206,118.03501,0.3513012,1.27928215e-05,32.184967,-0.24598105,-7.9697914,0.15457092,1.0,0.9988165,0.1171875,0.005994728,-9.381532,-9.386385,-4.4168577,55.306442,0.38240075,2.3369203e-06,0.9987974,0.103515625,0.0061347913,-9.220909,-9.225591,-4.4313917,52.512,0.49173465,5.534632e-06,0.00960853123664856,4296.016655445099,30000
28.969967,-0.16910246,-7.911258,0.13993749,1.0,0.9990492,0.18261719,0.005325077,-9.741579,-9.746796,-4.405732,12.386035,0.22951534,2.4779117e-06,0.8373999,-0.71845824,14.846685,0.99905014,0.15820312,0.005388298,-9.562256,-9.567214,-4.48946,9.308371,0.21315154,3.6455956e-06,33.620056,-0.21192482,-7.9222646,0.14268914,1.0,0.9987078,0.11816406,0.0059664557,-9.651398,-9.656485,-4.446076,45.20258,0.331738,3.0279003e-07,0.9987068,0.11621094,0.006056579,-9.473974,-9.4788475,-4.488819,22.878885,0.32803154,6.065962e-06,0.16275029544830322,5109.768136262894,35000
32.89027,-0.21907136,-7.9295425,0.14450866,1.0,0.9990654,0.1796875,0.005220942,-9.813677,-9.819089,-4.2767577,123.67387,0.46202528,5.5472133e-06,0.7738252,-0.6301072,13.88405,0.9990597,0.16992188,0.005264432,-9.585052,-9.590208,-4.3095574,99.212425,0.4567869,6.4778455e-06,30.926338,-0.29271734,-7.97737,0.15646544,1.0,0.99875355,0.111328125,0.0060940506,-9.620277,-9.625143,-4.642956,134.69176,0.6351284,5.709887e-07,0.9988127,0.09667969,0.0062639946,-9.424143,-9.428795,-4.6659727,233.09155,1.8208597,4.3828473e-07,0.011913805770874024,5169.337166547775,40000
32.48609,-0.27717963,-7.912608,0.140275,1.0,0.99906254,0.1796875,0.0051666335,-10.004304,-10.009998,-4.179282,173.84142,0.48532075,4.968044e-06,1.2748355,-0.7357862,18.43478,0.9990635,0.18554688,0.005212926,-9.802293,-9.807778,-4.1912327,174.64627,0.6817535,1.1132726e-05,39.045086,-0.31999743,-7.9478254,0.1490793,1.0,0.99859905,0.11621094,0.0064487746,-9.831789,-9.837059,-4.4397964,208.55869,0.704103,4.0992148e-07,0.99858284,0.10839844,0.0065411045,-9.641279,-9.646395,-4.407989,100.406,0.87567234,3.8883977e-07,0.15584249048233031,5948.54962015152,45000
36.7154,-0.22761638,-7.911953,0.14011127,1.0,0.9990568,0.18652344,0.0052331667,-9.773207,-9.778599,-4.2566075,57.181793,0.3362222,5.5258083e-06,1.1383421,-0.8356366,19.313938,0.99905014,0.17382812,0.005280478,-9.57315,-9.57831,-4.2935257,22.575584,0.3257442,7.116109e-06,46.096878,-0.28954577,-7.9463654,0.14871432,1.0,0.998559,0.09863281,0.0064026043,-9.77049,-9.775776,-4.362507,83.9778,0.67405283,4.523962e-07,0.99854946,0.087890625,0.006550112,-9.521122,-9.526135,-4.391284,248.4711,1.2301085,2.6458406e-06,0.00974437952041626,5997.271521091461,50000
35.173843,-0.23944157,-7.9088936,0.13934635,1.0,0.99906063,0.19921875,0.005183859,-9.869387,-9.874962,-4.1654453,51.019558,0.44721997,8.91671e-06,0.72896934,-0.7304928,15.962798,0.9990616,0.17773438,0.0052814633,-9.682954,-9.68824,-4.2748604,25.594751,0.3753021,1.6080905e-05,45.102406,-0.24619572,-7.9508967,0.14984718,1.0,0.9986439,0.119140625,0.006213206,-9.928939,-9.9344015,-4.341818,33.365593,0.47226727,4.5388306e-06,0.99875355,0.10449219,0.006221117,-9.7066,-9.711802,-4.385502,74.52711,0.60025895,1.7579405e-06,0.19051628403663634,6949.852944612503,55000
35.951393,-0.206265,-7.9175367,0.14150713,1.0,0.9990673,0.19335938,0.0051798397,-10.043904,-10.049575,-4.2422695,45.75191,0.3349667,1.3079644e-05,0.7492713,-0.8841354,18.348347,0.99906635,0.18457031,0.0051971576,-9.843531,-9.848981,-4.2678313,133.2044,0.41031992,2.7650078e-05,44.309425,-0.22767392,-7.9560814,0.15114337,1.0,0.9988308,0.123046875,0.005881981,-9.745308,-9.750512,-4.422309,28.258543,0.39937413,1.8983342e-06,0.9988375,0.11328125,0.005964292,-9.563691,-9.56864,-4.50146,23.421593,0.38576084,2.431837e-06,0.01868181881904602,7043.262039899826,60000
32.647854,-0.2702875,-7.8948307,0.13583075,1.0,0.99907017,0.21679688,0.005112529,-9.922932,-9.928544,-4.1823263,24.20051,0.28956676,6.101452e-06,0.5600059,-0.56445783,13.683613,0.9990711,0.19921875,0.005174882,-9.700369,-9.705719,-4.227695,40.442486,0.3212781,1.8001003e-05,46.58458,-0.2761703,-7.9440536,0.14813645,1.0,0.99882126,0.12695312,0.005822474,-9.868572,-9.873851,-4.468813,184.35472,0.486378,1.4322055e-06,0.9988756,0.12011719,0.0058859293,-9.691463,-9.696529,-4.508828,122.27074,0.6362687,5.909465e-07,0.018697438764572142,7136.749235391617,65000
41.531,-0.1943357,-7.9055977,0.13852236,1.0,0.99906063,0.19335938,0.0050516482,-10.028473,-10.034258,-4.1100187,95.45876,0.39724427,6.9528164e-06,1.112479,-0.93154585,20.300692,0.9990568,0.18261719,0.0050987853,-9.7807255,-9.786187,-4.191559,45.004692,0.35698658,1.7675387e-05,44.741104,-0.28763497,-7.9368777,0.1463424,1.0,0.99878407,0.12988281,0.0060509136,-9.806797,-9.812038,-4.444995,49.159416,0.5866682,6.4286576e-07,0.998826,0.1015625,0.006113611,-9.586093,-9.591048,-4.5158877,137.63312,0.7560295,9.427205e-06,0.01868358073234558,7230.167141914368,70000
40.220943,-0.23166877,-7.876852,0.13133596,1.0,0.999073,0.23535156,0.0049077626,-10.361102,-10.367398,-3.9201474,118.20957,0.5222629,1.083183e-05,1.1538845,-0.93112767,19.253937,0.9990616,0.2265625,0.0049476475,-10.1472,-10.153229,-3.9794211,25.551207,0.37232143,9.932151e-06,47.594425,-0.38195282,-7.9210787,0.14239268,1.0,0.9986534,0.12109375,0.006110999,-9.998651,-10.004205,-4.317466,111.80219,0.47846568,1.18051865e-07,0.9986477,0.11230469,0.0062905247,-9.796977,-9.802298,-4.353978,27.714333,0.5581696,1.8296658e-08,0.018688954782485962,7323.611919164658,75000
48.930344,-0.20071393,-7.925679,0.14354278,1.0,0.9990854,0.21777344,0.004938461,-10.284294,-10.29049,-3.9461412,65.03678,0.41418633,1.8117444e-05,1.4515507,-1.027062,23.871147,0.99907875,0.21679688,0.004983656,-10.018484,-10.024369,-3.9976828,151.93086,0.4561327,2.4709894e-05,44.212303,-0.32777518,-7.9499025,0.1495986,1.0,0.9987917,0.12109375,0.0059983972,-9.786243,-9.791475,-4.4328656,19.671995,0.3160185,1.0956303e-07,0.998827,0.10644531,0.006042772,-9.52373,-9.528693,-4.445782,37.576485,0.55295444,9.2957725e-06,0.17127836356163026,8180.003742694855,80000
43.457726,-0.22779334,-7.8835154,0.13300182,1.0,0.9990778,0.23925781,0.0049567004,-10.3795185,-10.385776,-3.9785428,49.150555,0.49712902,1.9367835e-06,1.0635331,-1.0589797,20.665424,0.9990759,0.22167969,0.0050004367,-10.1958065,-10.201825,-4.038769,177.24521,0.7048901,9.693745e-07,45.381752,-0.34311,-7.9151835,0.14091885,1.0,0.99864864,0.12988281,0.006164309,-9.972298,-9.9778385,-4.3038497,35.277313,0.50175595,1.5646261e-08,0.99862766,0.109375,0.0064193313,-9.788513,-9.793832,-4.347354,73.25998,0.9704164,6.7656565e-08,0.013803551816940308,8249.021505594254,85000
38.221615,-0.2889766,-7.9096303,0.13953048,1.0,0.99906635,0.22851562,0.0050591663,-10.138145,-10.144068,-4.0800776,75.98507,0.4107316,1.532502e-06,1.0009292,-1.3027008,22.254084,0.9990673,0.19140625,0.0051331553,-9.856508,-9.86209,-4.146664,61.479736,0.40090808,1.1696329e-05,37.584873,-0.31193966,-7.886599,0.13377276,1.0,0.99871254,0.13574219,0.005990306,-10.0653515,-10.070937,-4.352866,49.145744,0.45082146,7.842234e-09,0.9986868,0.11425781,0.006071737,-9.814574,-9.819915,-4.351493,106.46016,0.63113475,1.5139393e-07,0.017647139644622802,8337.257208108902,90000
42.665718,-0.25166458,-7.879065,0.13188922,1.0,0.99907875,0.21875,0.004858968,-10.403324,-10.409702,-3.8772027,53.040184,0.42253426,1.1445702e-05,1.6092622,-0.94671947,22.051094,0.99908066,0.20800781,0.0049254317,-10.150714,-10.156761,-3.96485,51.989834,0.45664555,2.6027836e-05,40.01722,-0.3735597,-7.8749466,0.13085961,1.0,0.9985781,0.119140625,0.0062295794,-10.213761,-10.219628,-4.2117243,63.70263,0.5150294,1.3653192e-07,0.998538,0.11035156,0.006545092,-9.976824,-9.982365,-4.309166,106.19977,0.80335253,1.5949675e-07,0.018705761098861694,8430.786017656326,95000
41.703686,-0.27257583,-7.8855305,0.13350558,1.0,0.99906826,0.21777344,0.0050074877,-10.353717,-10.35988,-4.0490026,27.634333,0.3659076,9.495844e-06,1.5380796,-1.616682,23.781874,0.99906445,0.20800781,0.0050916057,-10.055395,-10.061194,-4.122488,15.93026,0.3220368,3.0218082e-05,38.312794,-0.43665662,-7.906869,0.13884018,1.0,0.99874115,0.11621094,0.006049589,-10.019403,-10.024846,-4.450983,216.90219,0.49824384,4.094985e-08,0.99872494,0.10546875,0.006337798,-9.782331,-9.787575,-4.4171085,67.724205,0.8687019,5.5391308e-08,0.01870740795135498,8524.323060274124,100000
40.510838,-0.33628562,-7.8704624,0.1297386,1.0,0.99906826,0.20996094,0.0049980907,-10.416956,-10.423202,-4.0267897,728.8941,0.84984505,9.949543e-07,1.0022867,-1.2913446,20.135136,0.999074,0.18554688,0.0050728014,-10.115971,-10.121883,-4.0672035,105.142586,0.482297,1.9255988e-06,50.32922,-0.31245518,-7.9335938,0.14552149,1.0,0.99870014,0.12695312,0.006003025,-10.060129,-10.065655,-4.407222,21.762583,0.35204357,1.26e-07,0.9986763,0.11035156,0.006095959,-9.799948,-9.805178,-4.4500656,27.713507,0.4275438,5.9988173e-07,0.18320438580513002,9440.344992876053,105000
37.472015,-0.3087266,-7.8558164,0.12607709,1.0,0.99906635,0.24511719,0.004859882,-10.638895,-10.645478,-3.903253,337.32532,0.55881506,1.9611496e-05,0.8721735,-1.4285508,18.09161,0.99906826,0.22265625,0.0048766183,-10.371479,-10.377761,-3.9446635,18.052223,0.34575623,2.3764656e-05,44.713722,-0.38032627,-7.8851027,0.13339859,1.0,0.998683,0.13085938,0.0060387226,-10.134164,-10.139743,-4.425844,25.336569,0.34663424,1.11301986e-07,0.9986801,0.12207031,0.0063441563,-9.921528,-9.926874,-4.4528775,293.22595,1.0331165,2.9351177e-08,0.015033744812011718,9515.513718605042,110000
39.289394,-0.30110222,-7.8697634,0.12956375,1.0,0.9990835,0.22460938,0.004887176,-10.492954,-10.499361,-3.9385705,113.097206,0.5304109,8.0328455e-06,0.6397587,-0.689715,15.612441,0.9990721,0.21679688,0.0049301875,-10.27574,-10.281915,-3.9597468,127.70439,0.48783475,2.6532458e-05,52.47927,-0.2980826,-7.896123,0.13615374,1.0,0.9987526,0.13378906,0.0059228814,-10.145203,-10.150816,-4.402797,51.931694,0.45745158,8.1746016e-08,0.9987154,0.12695312,0.006165033,-9.952795,-9.958188,-4.4354258,569.38116,1.6943777,5.4735324e-08,0.0165749249458313,9598.388346672058,115000
48.542793,-0.32738692,-7.8541565,0.12566204,1.0,0.99908733,0.25390625,0.004829103,-10.5411005,-10.547672,-3.8192677,382.75565,0.76749396,2.698997e-05,0.7062095,-1.0954758,20.926575,0.9990902,0.23925781,0.0048832935,-10.274973,-10.281226,-3.8776875,224.00456,0.76348555,1.6893885e-07,55.397263,-0.32108897,-7.901106,0.13739944,1.0,0.99849796,0.11816406,0.0064823995,-10.150341,-10.156057,-4.3017125,127.04612,0.6668128,1.2242401e-07,0.998559,0.11230469,0.006562823,-9.956213,-9.961663,-4.3808193,79.672226,0.6871794,1.1481516e-07,0.02364078507423401,9716.592276573181,120000
46.407726,-0.28944927,-7.867014,0.12887654,1.0,0.999073,0.2421875,0.004878371,-10.607053,-10.613655,-3.8530784,392.36884,0.71224177,2.2570337e-06,0.8383199,-0.808585,16.814686,0.9990778,0.21289062,0.00498644,-10.277082,-10.283255,-3.9632392,119.111595,0.54468924,8.663307e-06,60.146317,-0.3366733,-7.891942,0.1351085,1.0,0.9986954,0.11328125,0.00611626,-10.183736,-10.189404,-4.384686,243.15349,0.62081575,4.2729134e-10,0.9986391,0.107421875,0.0061897314,-9.930788,-9.936168,-4.4278655,190.2329,0.9633216,4.024891e-08,0.024867626190185548,9840.930410861969,125000
44.667564,-0.32260278,-7.851774,0.12506653,1.0,0.99908733,0.25683594,0.0048591914,-10.595769,-10.6023245,-3.8894715,107.117,0.5423605,6.3869657e-06,0.8965019,-1.3561825,22.546883,0.99907494,0.21972656,0.004908746,-10.308916,-10.315156,-3.9261694,47.38275,0.45350814,7.773251e-06,56.80536,-0.3477519,-7.9230323,0.142881,1.0,0.99869823,0.123046875,0.006082543,-10.199051,-10.204619,-4.502368,106.51983,0.48838,8.819317e-08,0.9986706,0.109375,0.006215956,-9.952831,-9.958144,-4.5180216,192.57639,0.917971,1.6090922e-07,0.02274614634513855,9954.661143779755,130000
33.125412,-0.32445008,-7.892952,0.13536088,1.0,0.99907684,0.2421875,0.0048463233,-10.6036,-10.610201,-3.8510525,49.43468,0.494125,1.5215645e-07,1.058249,-1.1518384,17.519611,0.9990654,0.21582031,0.004887543,-10.318534,-10.324824,-3.8841605,41.475304,0.43036526,1.0651229e-06,56.47791,-0.32475644,-7.908308,0.13920003,1.0,0.9988146,0.12988281,0.005904273,-10.123274,-10.128828,-4.441308,14.477407,0.31179446,2.258468e-06,0.9987755,0.12011719,0.006075073,-9.897776,-9.9030695,-4.48174,88.3663,0.7897483,3.2745152e-07,0.018702170467376707,10048.171999931335,135000
42.434525,-0.23170091,-7.885465,0.13348919,1.0,0.9990473,0.24023438,0.0048162863,-10.656914,-10.663667,-3.749057,42.499763,0.47256637,7.4437767e-06,0.99092233,-1.3230064,18.5786,0.99904346,0.20410156,0.0048814192,-10.402232,-10.408654,-3.8318377,14.475631,0.39186063,1.666336e-05,59.11162,-0.36670387,-7.8954706,0.1359906,1.0,0.9985876,0.125,0.006230657,-10.157112,-10.162751,-4.3885727,65.059944,0.56288666,8.64778e-08,0.9986429,0.109375,0.0064663617,-10.004568,-10.0100155,-4.4331365,222.53484,1.3531375,3.5544156e-07,0.01870663695335388,10141.705186128616,140000
45.889465,-0.26518002,-7.8727875,0.1303198,1.0,0.9990692,0.24804688,0.004813402,-10.651754,-10.65848,-3.771031,141.74281,0.55172145,7.519744e-08,0.7434946,-0.7338922,19.785622,0.999073,0.2265625,0.0048761233,-10.384652,-10.391021,-3.8690124,29.118816,0.44608033,3.8992653e-08,45.364246,-0.365594,-7.9061933,0.13867128,1.0,0.99875736,0.11328125,0.0060994704,-10.119812,-10.125252,-4.554123,51.894154,0.33560538,1.1080014e-08,0.99866676,0.11230469,0.006482858,-9.881203,-9.886374,-4.590962,355.7489,1.3955815,6.818733e-08,0.018718725872039797,10235.298816680908,145000
42.15252,-0.30638736,-7.8518424,0.1250836,1.0,0.9990463,0.24121094,0.004852904,-10.896599,-10.90351,-3.8266306,29.684153,0.40447342,7.0868387e-06,0.833542,-0.8667204,18.037205,0.9990473,0.2265625,0.0049090083,-10.582562,-10.589114,-3.879189,25.413385,0.4018124,1.7372024e-05,50.44326,-0.38263685,-7.901472,0.13749102,1.0,0.9988451,0.12402344,0.005910001,-10.261578,-10.267215,-4.4950366,88.375015,0.3470297,4.094985e-08,0.99883366,0.11035156,0.006044768,-10.040976,-10.046378,-4.513056,203.5178,1.1073129,2.7038775e-06,0.0187134596824646,10328.866119623184,150000
38.083664,-0.30254084,-7.87148,0.12999293,1.0,0.9990759,0.23730469,0.0048292624,-10.783222,-10.790059,-3.7890737,70.772064,0.5510713,5.3928065e-06,1.5819619,-0.9620205,19.521816,0.9990654,0.23242188,0.0048916345,-10.491709,-10.498188,-3.8622088,100.63137,0.5550424,3.6878057e-06,49.803238,-0.38444388,-7.8827534,0.1328114,1.0,0.9987774,0.12207031,0.0060526934,-10.212133,-10.217769,-4.4469123,386.95013,0.6460465,1.0454612e-08,0.9986849,0.10253906,0.0063043954,-9.968508,-9.973906,-4.447996,79.31763,0.8080831,7.645013e-08,0.24188920345306397,11538.312141180038,155000
47.58082,-0.2890511,-7.8580313,0.12663078,1.0,0.99907494,0.22558594,0.0048618717,-10.73284,-10.739554,-3.863519,22.57866,0.38476104,1.08453804e-07,1.1915492,-3.8294091,26.545425,0.9990587,0.21875,0.004885219,-10.480391,-10.486823,-3.9005976,12.819687,0.35943985,3.1430327e-06,40.155483,-0.4651894,-7.88518,0.13341792,1.0,0.99879265,0.14160156,0.005969647,-10.10392,-10.109415,-4.48129,192.92186,0.5014893,6.7505914e-07,0.9987726,0.115234375,0.0062207337,-9.912104,-9.917368,-4.5262585,132.6885,0.7364451,1.7315057e-09,0.015038287830352784,11613.503581523895,160000
39.91799,-0.32081968,-7.8576813,0.12654336,1.0,0.99907875,0.25097656,0.0048809843,-10.587141,-10.593682,-3.8950672,438.81958,0.6903204,1.3001028e-08,0.86538434,-0.8219632,16.81937,0.9990759,0.21777344,0.0049403077,-10.349846,-10.35611,-3.9417348,220.32043,0.59927917,1.8197036e-06,52.419437,-0.37706974,-7.9024386,0.13773263,1.0,0.9988146,0.14550781,0.0059379824,-10.194546,-10.200085,-4.527876,104.17771,0.4570513,2.919774e-08,0.99880695,0.12402344,0.00605085,-9.987321,-9.992655,-4.5295577,583.565,1.0140748,9.839298e-08,0.015048385095596313,11688.745508670807,165000
40.780445,-0.3429659,-7.8475018,0.123998426,1.0,0.99905777,0.2421875,0.004886035,-10.779543,-10.786272,-3.8953745,34.59304,0.43846488,2.68825e-06,0.72466546,-0.8709806,18.748753,0.99906254,0.22851562,0.0048954757,-10.547298,-10.553816,-3.8797817,83.12982,0.5403795,7.3158726e-06,47.000763,-0.40712988,-7.8790083,0.13187508,1.0,0.99849415,0.12597656,0.0064537646,-10.4417515,-10.447586,-4.4729652,248.98819,0.558604,7.7606925e-09,0.998476,0.109375,0.006539325,-10.218524,-10.2241335,-4.480192,278.9497,1.178782,2.3548141e-07,0.01504352855682373,11763.963155031204,170000
46.66851,-0.3247519,-7.841344,0.12245898,1.0,0.99907684,0.24902344,0.0047637634,-10.842623,-10.849543,-3.7634704,41.388435,0.5312588,5.0061158e-06,1.1836991,-0.9956435,22.539314,0.9990721,0.23535156,0.004810296,-10.554503,-10.561105,-3.800823,89.33348,0.5691291,1.9894154e-05,44.64706,-0.42635673,-7.8894033,0.1344738,1.0,0.99890614,0.125,0.0058863033,-10.190052,-10.195555,-4.5617323,25.454418,0.30856228,2.0499183e-08,0.9988575,0.10449219,0.006049536,-9.93305,-9.938291,-4.574336,418.9972,1.6558958,1.3968886e-08,0.011020930910110473,11819.067811012268,175000
43.92988,-0.28491092,-7.854603,0.12577362,1.0,0.99907494,0.2578125,0.004716776,-10.955741,-10.962814,-3.7190554,71.18093,0.51533854,1.3457166e-07,0.65745205,-0.8082587,16.685684,0.9990816,0.25683594,0.0047658384,-10.747099,-10.753895,-3.7944787,98.55994,0.49187994,3.063845e-06,46.492508,-0.43097767,-7.861936,0.12760705,1.0,0.9988489,0.123046875,0.0059874402,-10.261972,-10.267522,-4.5850058,2784.004,1.8196764,1.222809e-08,0.9987955,0.11816406,0.0062508415,-10.028965,-10.034192,-4.681843,238.42387,1.453635,9.404675e-08,0.00886920018196106,11863.413813591003,180000
44.60189,-0.24305561,-7.8543324,0.12570612,1.0,0.9990673,0.21777344,0.00483648,-10.818914,-10.8257675,-3.8085027,73.23462,0.5022874,6.7193686e-09,1.6235845,-1.0682018,21.077923,0.99907494,0.20996094,0.004871779,-10.633684,-10.640311,-3.8544068,16.411036,0.42405438,8.546346e-06,46.026886,-0.46929234,-7.8828497,0.13283543,1.0,0.9985342,0.12792969,0.00622206,-10.520825,-10.526856,-4.349874,385.04755,0.6715999,5.4355386e-08,0.9986048,0.119140625,0.006568333,-10.289825,-10.295642,-4.3398933,295.72903,1.3035369,1.684424e-07,0.008868274021148682,11907.755187511444,185000
37.78174,-0.36416996,-7.8408294,0.122330286,1.0,0.99906254,0.25,0.0047905818,-10.859549,-10.866479,-3.769322,63.871346,0.49993828,6.032677e-09,0.7589182,-0.64324415,14.377325,0.99905586,0.22753906,0.004843847,-10.598426,-10.605068,-3.8045104,58.76068,0.5270949,1.4320833e-07,58.565735,-0.36280793,-7.8984118,0.13672592,1.0,0.9988079,0.12597656,0.006039976,-10.227875,-10.23341,-4.5662565,102.79112,0.39224774,3.2561378e-08,0.9987974,0.11816406,0.0062579582,-10.018177,-10.023451,-4.6234684,77.150154,0.57411444,6.935303e-07,0.008868825578689576,11952.099317073822,190000
52.373688,-0.287301,-7.8355618,0.12101343,1.0,0.99909115,0.25585938,0.0048666853,-10.643605,-10.650231,-3.8648949,58.530815,0.5234747,6.0163866e-06,0.9941025,-1.0109537,22.31151,0.9990921,0.24316406,0.0048975004,-10.36904,-10.375385,-3.875379,97.764915,0.66201955,1.596077e-05,60.423473,-0.32680666,-7.875301,0.13094828,1.0,0.9987669,0.14257812,0.0060405903,-10.275375,-10.281114,-4.4049582,293.79614,0.7046478,1.3952356e-07,0.9987917,0.115234375,0.0061127725,-10.017797,-10.023229,-4.461539,189.093,0.988672,2.2970477e-08,0.011069971799850463,12007.449179887772,195000
44.21608,-0.33621162,-7.832118,0.12015247,1.0,0.99907017,0.26660156,0.00474172,-10.759123,-10.766021,-3.701839,171.84486,0.6270048,1.17278505e-05,2.1883469,-1.6164178,25.12519,0.99906445,0.23535156,0.0047941525,-10.477801,-10.484383,-3.7446606,44.57204,0.54438347,1.6131216e-06,51.79034,-0.5158578,-7.9017143,0.13755167,1.0,0.99878216,0.14550781,0.005889417,-10.313166,-10.318955,-4.390687,92.32728,0.36461973,5.3567084e-09,0.9986782,0.119140625,0.006723888,-10.095734,-10.101324,-4.376279,466.7886,3.6199021,4.2918984e-09,0.01869009804725647,12100.899671316147,200000
44.857674,-0.3226048,-7.826188,0.11866988,1.0,0.9990845,0.24804688,0.004854155,-10.8245125,-10.831307,-3.8733418,114.04997,0.59334105,9.849081e-06,1.0878901,-1.7844563,24.078056,0.99907684,0.22949219,0.0049126996,-10.602716,-10.609236,-3.9323559,122.46182,0.6382052,1.619541e-05,60.29371,-0.3441157,-7.883836,0.13308193,1.0,0.9988489,0.123046875,0.00579981,-10.2064085,-10.211968,-4.519405,78.89767,0.32260612,3.6075842e-09,0.9989033,0.099609375,0.00589302,-9.990353,-9.995634,-4.5892096,158.74936,0.66360736,1.2856615e-09,0.3204105184555054,13702.952266931534,205000
41.119606,-0.36808875,-7.8498616,0.12458837,1.0,0.9990654,0.25390625,0.0047334195,-10.945363,-10.952433,-3.7137856,561.08215,0.8023703,1.34974225e-05,1.5689824,-1.2606404,21.683313,0.9990797,0.23730469,0.0048069535,-10.638841,-10.645535,-3.790822,146.45695,0.5608189,5.922219e-06,50.258446,-0.46648526,-7.8760614,0.13113835,1.0,0.9987345,0.12890625,0.0060318587,-10.359844,-10.365549,-4.5243845,516.13306,0.54583085,8.6872864e-09,0.9987583,0.12207031,0.0063677994,-10.118029,-10.12352,-4.4992228,114.547356,0.88135564,3.1826392e-08,0.015014141988754273,13778.02297949791,210000
36.809597,-0.3470922,-7.8288846,0.119344145,1.0,0.99909115,0.23046875,0.0048631756,-10.7273445,-10.734055,-3.8636146,62.631187,0.48587298,5.545558e-06,1.0040114,-1.0556427,17.390207,0.9990835,0.22558594,0.0049005887,-10.474112,-10.480531,-3.9072847,122.580894,0.5223464,3.115883e-06,52.673065,-0.3893844,-7.895158,0.1359125,1.0,0.9988003,0.125,0.0060428213,-10.23967,-10.245255,-4.525698,115.792366,0.5414057,6.503301e-09,0.99884987,0.13476562,0.006120302,-10.001629,-10.00697,-4.537152,271.801,1.4621242,6.812649e-08,0.015009379386901856,13853.06987786293,215000
55.632626,-0.2844442,-7.8368855,0.1213444,1.0,0.99906445,0.265625,0.0046917247,-10.896257,-10.903286,-3.706661,110.92595,0.4564745,2.8029925e-07,1.2660879,-1.3049111,23.842175,0.9990616,0.22851562,0.0047790734,-10.574265,-10.580871,-3.8153164,44.91569,0.3701071,8.9441374e-07,60.103745,-0.41460854,-7.889758,0.13456242,1.0,0.99857616,0.13769531,0.0062807146,-10.471384,-10.477242,-4.4775724,140.52428,0.5060498,3.5619587e-09,0.99866104,0.11621094,0.0061815623,-10.199031,-10.204518,-4.584878,54.132465,0.3919956,8.9655e-08,0.01501256184577942,13928.132690906525,220000
46.713158,-0.30094177,-7.835575,0.12101674,1.0,0.999094,0.24707031,0.0048323716,-10.873663,-10.880525,-3.853353,68.3216,0.4745779,5.245719e-06,0.9737785,-1.2088041,18.525612,0.9990902,0.23144531,0.004843157,-10.633122,-10.639727,-3.8767724,88.73673,0.49010408,1.9849655e-05,56.69236,-0.4079842,-7.8637094,0.12805031,1.0,0.99881077,0.13867188,0.0060008205,-10.355463,-10.361173,-4.514412,79.831726,0.42348054,7.5894624e-10,0.9988289,0.107421875,0.00610619,-10.128664,-10.13416,-4.5069284,640.8291,1.4106491,1.5419981e-07,0.015011039352416992,14003.187888622284,225000
45.056793,-0.32618803,-7.8478956,0.124096945,1.0,0.999073,0.24414062,0.0048159827,-10.91406,-10.921013,-3.8004797,50.948956,0.46282557,2.6062978e-09,2.2540472,-1.5041844,26.482052,0.9990673,0.22558594,0.004872238,-10.668923,-10.675574,-3.8659604,29.80815,0.48129398,2.588738e-10,68.43498,-0.32363194,-7.8818254,0.13257933,1.0,0.9987402,0.12207031,0.0060236193,-10.39133,-10.397075,-4.514129,71.56206,0.43773586,2.7107052e-07,0.9987526,0.10644531,0.0062412582,-10.152444,-10.157904,-4.568379,62.168118,0.7318498,8.462149e-07,0.01501187105178833,14078.247245311737,230000
49.110916,-0.32791674,-7.8315372,0.12000732,1.0,0.9990854,0.26953125,0.004652761,-11.072615,-11.07995,-3.569059,78.38375,0.73922575,5.20371e-08,1.0685582,-1.3139379,24.666939,0.99907875,0.24902344,0.0047242455,-10.775099,-10.782083,-3.6318908,65.826164,0.69433856,1.9267221e-05,55.85103,-0.40276998,-7.9025173,0.1377523,1.0,0.9986763,0.13671875,0.0059971316,-10.521468,-10.527578,-4.270673,244.32306,0.63859075,7.053173e-08,0.998744,0.11230469,0.0061946274,-10.332724,-10.338603,-4.31861,159.09157,0.98532456,2.7009895e-07,0.015008980178833007,14153.292147397995,235000
47.49092,-0.2938333,-7.836851,0.12133572,1.0,0.9990864,0.24121094,0.0047773602,-10.929155,-10.936152,-3.7713752,152.274,0.5701617,3.7034506e-06,1.8887519,-1.3361723,22.055502,0.9990797,0.23144531,0.004821244,-10.69413,-10.700825,-3.8451455,45.15119,0.4739662,1.6818878e-05,53.056614,-0.39719892,-7.882371,0.13271582,1.0,0.99863625,0.12109375,0.0061141616,-10.475111,-10.481075,-4.3752584,98.086975,0.4415424,1.964076e-08,0.99864864,0.11621094,0.0062259845,-10.302874,-10.308612,-4.4329424,133.77084,0.7087523,1.063297e-08,0.014997342920303344,14228.278863430023,240000
53.054955,-0.2798868,-7.860544,0.12725896,1.0,0.99910355,0.2421875,0.004875033,-10.847536,-10.854386,-3.8409867,262.92426,0.75681925,1.9680273e-09,1.1844413,-0.9308903,20.674883,0.99908257,0.234375,0.0049262336,-10.578619,-10.585132,-3.915534,58.354862,0.5699134,1.1907424e-09,58.689037,-0.3561008,-7.885622,0.13352846,1.0,0.99887085,0.13476562,0.005877708,-10.316152,-10.321802,-4.5358715,45.232838,0.34596327,6.140247e-08,0.998909,0.1171875,0.005935195,-10.079346,-10.084697,-4.604762,35.350586,0.41050652,6.0863967e-09,0.015595832538604736,14306.258029937744,245000
49.333717,-0.31921664,-7.8378797,0.12159286,1.0,0.99909496,0.25976562,0.0048759645,-10.809847,-10.81665,-3.849754,915.70264,1.1535804,1.2760709e-06,2.3178046,-1.3493353,24.411674,0.99908924,0.23730469,0.004945242,-10.490894,-10.497329,-3.90718,153.71803,0.66183245,2.246719e-06,55.328415,-0.46042213,-7.903011,0.13787574,1.0,0.99877167,0.12792969,0.006049049,-10.374807,-10.38052,-4.5322247,91.68819,0.36442143,2.2501785e-09,0.99877834,0.10644531,0.0063027493,-10.144165,-10.149576,-4.6079907,246.74176,1.2185597,1.6550537e-08,0.01993774666786194,14405.946764945984,250000
43.719437,-0.3172633,-7.829238,0.11943241,1.0,0.99908066,0.25585938,0.0046494976,-11.179449,-11.186805,-3.6551824,163.98787,0.6064626,5.136013e-06,2.0770524,-1.0260415,21.283745,0.99909496,0.24121094,0.0046804026,-10.938603,-10.945701,-3.6777663,47.64032,0.60448533,8.2953475e-06,60.459435,-0.3791279,-7.9038305,0.1380806,1.0,0.9987755,0.13476562,0.0060442993,-10.504642,-10.51054,-4.4702415,1014.276,0.8477433,2.1671724e-09,0.99871445,0.12597656,0.006337877,-10.344344,-10.350004,-4.5541954,216.63716,0.9621931,4.827515e-10,0.02464630732536316,14529.178305864334,255000
43.162918,-0.32528773,-7.858423,0.1267288,1.0,0.9990778,0.24804688,0.0047776294,-11.0655775,-11.072778,-3.7015462,101.24103,0.6156081,6.874321e-07,2.095615,-2.6790624,25.321138,0.9990692,0.22363281,0.004859265,-10.836262,-10.843139,-3.8009133,31.111519,0.53369164,2.6667094e-06,65.92032,-0.3498031,-7.888076,0.13414186,1.0,0.9986868,0.13085938,0.0060933176,-10.654347,-10.660478,-4.382202,39.497524,0.33371067,2.6030884e-09,0.9987459,0.10839844,0.0061370847,-10.4564085,-10.462232,-4.499255,33.149563,0.47619763,7.726868e-09,0.021980009603500366,14639.078355550766,260000
41.419968,-0.30219114,-7.8359146,0.121101595,1.0,0.999073,0.25390625,0.0047885883,-10.932241,-10.939299,-3.7117953,36.75528,0.53650606,1.2838898e-07,2.3692982,-2.1840835,30.898071,0.9990721,0.24804688,0.0048031937,-10.747345,-10.754223,-3.7106628,62.43191,0.6739187,1.4416953e-06,65.35672,-0.4194257,-7.8746986,0.13079767,1.0,0.9988127,0.14257812,0.0058759544,-10.306684,-10.31247,-4.3860574,314.3297,0.6884569,6.7066196e-08,0.99880314,0.12402344,0.0059370934,-10.126341,-10.131914,-4.425495,117.76702,0.6302418,1.6032944e-07,0.018660786390304565,14732.382291316986,265000
42.062363,-0.3229937,-7.8304324,0.11973102,1.0,0.99908733,0.2705078,0.0047660815,-10.979406,-10.98646,-3.7645018,64.117294,0.5949935,6.835381e-06,1.9467009,-1.034061,23.747635,0.9990883,0.24609375,0.0048038876,-10.77392,-10.780742,-3.7950497,58.77464,0.5313503,1.882237e-05,63.35638,-0.41217494,-7.91937,0.14196557,1.0,0.9987087,0.14160156,0.006188688,-10.5048065,-10.51065,-4.52714,85.80546,0.587551,9.186601e-09,0.99870396,0.12890625,0.006388112,-10.316805,-10.322437,-4.5563097,224.26245,1.1258807,2.7845166e-08,0.01865881633758545,14825.676374435425,270000
47.820656,-0.31387955,-7.82822,0.119177975,1.0,0.99908924,0.26757812,0.004750553,-11.0246315,-11.031756,-3.7365696,51.747932,0.47810397,6.1659134e-06,1.2011172,-1.3165529,24.008,0.9990816,0.24902344,0.004782753,-10.7879505,-10.794806,-3.7763255,48.992672,0.46253473,2.1185982e-05,62.21083,-0.46303198,-7.8835588,0.13301271,1.0,0.998744,0.140625,0.005919798,-10.442617,-10.448601,-4.320875,159.78508,0.5220133,1.702442e-07,0.9987316,0.115234375,0.006088345,-10.231373,-10.237109,-4.362901,1162.4873,1.7832437,8.1960685e-08,0.018661582469940187,14918.984290599823,275000
49.936245,-0.31980294,-7.8158646,0.11608905,1.0,0.9991026,0.2626953,0.0047166497,-11.141357,-11.148605,-3.725643,2904.3372,1.9140356,1.8334633e-06,1.1716391,-1.7859726,22.478117,0.9990988,0.23828125,0.0047907447,-10.885528,-10.892449,-3.8044634,33.26241,0.44347772,5.792798e-06,56.20478,-0.42335173,-7.8772364,0.131432,1.0,0.99885845,0.12988281,0.005849449,-10.370552,-10.376286,-4.5045586,39.040142,0.33373284,9.683677e-10,0.9988375,0.1171875,0.0060040513,-10.148928,-10.154413,-4.5376987,95.88375,0.59911263,9.512699e-09,0.018653285312652586,15012.250719070435,280000
52.42599,-0.32350957,-7.8503885,0.124720074,1.0,0.9990835,0.26757812,0.004743601,-10.870508,-10.877519,-3.7010436,100.87566,0.62477744,1.8470593e-06,1.3485317,-1.7318387,22.520214,0.9990778,0.24316406,0.0048262863,-10.587795,-10.594443,-3.7857752,109.90061,0.57801914,1.4599108e-05,54.52382,-0.46963382,-7.8799067,0.13209957,1.0,0.99880695,0.14453125,0.0059448956,-10.400661,-10.406524,-4.4020686,159.92792,0.6911699,2.3364631e-08,0.99881744,0.12011719,0.005900169,-10.188635,-10.1942835,-4.411274,34.97702,0.43900937,2.6302212e-07,0.01865010552406311,15105.501247644424,285000
39.94301,-0.4153216,-7.8288426,0.119333625,1.0,0.99908924,0.26464844,0.004683518,-11.179321,-11.186656,-3.6750717,62.579655,0.4941779,1.1749057e-06,1.4814296,-0.9258561,16.457924,0.9990902,0.24023438,0.0047130883,-10.924898,-10.931957,-3.7042017,75.11715,0.5246867,3.0187648e-06,62.489124,-0.3996101,-7.8842297,0.13318044,1.0,0.9987335,0.13574219,0.005991356,-10.505422,-10.511324,-4.468639,17.87268,0.2812913,8.227421e-09,0.9987488,0.11621094,0.0061568934,-10.289299,-10.294956,-4.5021706,83.76228,0.6715069,5.9475408e-08,0.01865219588279724,15198.762228488922,290000
42.699463,-0.37270415,-7.833846,0.12058454,1.0,0.9990835,0.26171875,0.004715303,-11.070824,-11.078012,-3.7162995,109.71211,0.52302784,5.3218037e-07,2.1514773,-1.5452666,21.273907,0.99908733,0.24804688,0.0048097586,-10.875532,-10.882469,-3.7795067,104.75124,0.6096246,1.0979357e-05,53.5222,-0.4373507,-7.874348,0.13071,1.0,0.9988842,0.13769531,0.005987878,-10.479519,-10.485254,-4.6127424,49.91834,0.34142023,3.988436e-09,0.99892807,0.119140625,0.005918552,-10.352822,-10.358449,-4.5958195,48.34582,0.59892,7.4178644e-07,0.018650794410705565,15292.016204118729,295000
41.421627,-0.37211603,-7.8224845,0.11774411,1.0,0.99908733,0.25,0.004712197,-11.279285,-11.286664,-3.7316184,236.43346,0.8970012,5.573159e-06,1.0607815,-1.9894762,20.72916,0.99908924,0.24121094,0.004763498,-10.999954,-11.007014,-3.7775512,131.7378,0.66598606,1.19189e-05,62.889313,-0.36502957,-7.871748,0.13005994,1.0,0.9988451,0.12890625,0.005890808,-10.357243,-10.362982,-4.4861455,604.9519,0.6829701,2.1543718e-09,0.99887466,0.12109375,0.0059208386,-10.108642,-10.11409,-4.5353785,132.80783,0.5492712,1.5681037e-08,0.01864462332725525,15385.239322423935,300000
55.325844,-0.3274029,-7.831547,0.120009676,1.0,0.9990959,0.2578125,0.0047932668,-10.936342,-10.943304,-3.814351,71.7181,0.50973034,1.14557915e-05,2.9633393,-1.2414728,28.00681,0.99908257,0.234375,0.0048319874,-10.641272,-10.647906,-3.8539186,30.512789,0.4241453,1.0115024e-05,67.01466,-0.42965275,-7.8829756,0.13286681,1.0,0.9987984,0.12988281,0.0059475885,-10.5615425,-10.567522,-4.4431467,97.37499,0.39170995,2.4613683e-10,0.9987955,0.119140625,0.0060893595,-10.347959,-10.353735,-4.438821,43.08389,0.5715251,1.6553884e-08,0.363797851896286,17204.228583097458,305000
52.3938,-0.29597646,-7.849183,0.12441869,1.0,0.9990864,0.25976562,0.004717328,-11.166466,-11.173779,-3.6863117,700.0517,0.8739267,3.3203817e-06,1.2452555,-1.8032544,24.523376,0.9990864,0.23730469,0.004789098,-10.890337,-10.897334,-3.7328792,55.727116,0.6246052,4.070553e-06,64.370255,-0.45086002,-7.873379,0.13046777,1.0,0.99870205,0.12597656,0.0059520733,-10.566519,-10.572568,-4.3773212,50.307095,0.33185387,1.3225173e-08,0.998703,0.11621094,0.0061612166,-10.373322,-10.379175,-4.3844047,69.09825,0.8274096,8.5649447e-07,0.01991649775505066,17303.811074733734,310000
40.64367,-0.39076352,-7.840232,0.12218095,1.0,0.9990902,0.265625,0.004728082,-11.112604,-11.1198015,-3.7498186,37.424465,0.44793883,4.712474e-07,0.98457587,-1.3325759,18.932972,0.9990797,0.23925781,0.004816688,-10.84235,-10.849213,-3.8220994,13.010452,0.3945303,2.6292246e-06,66.319534,-0.37058106,-7.903229,0.13793036,1.0,0.9987316,0.13476562,0.0060226973,-10.504577,-10.510546,-4.3983784,344.86993,0.53378993,1.0324322e-08,0.99882984,0.125,0.0061454857,-10.286573,-10.292283,-4.444826,34.735954,0.58531755,1.540697e-09,0.01989908986091614,17403.306525707245,315000
50.37242,-0.3192721,-7.85688,0.12634306,1.0,0.99907494,0.27148438,0.004662588,-11.252962,-11.260422,-3.621259,110.16048,0.6269419,1.7903661e-06,1.6122068,-1.5021739,29.198082,0.99907875,0.24511719,0.004705738,-11.007962,-11.015136,-3.66896,45.82483,0.55053544,9.384794e-06,64.41394,-0.4797815,-7.9105206,0.13975304,1.0,0.9986639,0.12695312,0.0060222354,-10.625006,-10.631084,-4.4051547,221.57607,0.44758677,8.5839436e-10,0.99875927,0.11328125,0.0061713555,-10.41918,-10.425034,-4.4299483,73.52802,0.8112757,3.521873e-08,0.019894111394882202,17502.777084112167,320000
51.915413,-0.3338763,-7.8378444,0.121584,1.0,0.99908733,0.24609375,0.0047228057,-11.1253195,-11.132571,-3.7070415,109.335884,0.6016183,3.2784822e-06,1.379565,-1.386355,24.143536,0.99908066,0.21972656,0.004807843,-10.860705,-10.867597,-3.8104043,48.77583,0.5503051,7.29212e-06,64.3909,-0.4192039,-7.9095845,0.13951908,1.0,0.9987936,0.12597656,0.0060373535,-10.523817,-10.529607,-4.600219,379.90942,0.65604305,9.211248e-10,0.99885654,0.11621094,0.006077205,-10.2832575,-10.288784,-4.630348,83.85264,0.5273893,8.0797e-09,0.019893390130996703,17602.24403810501,325000
52.648514,-0.3326685,-7.8355184,0.12100263,1.0,0.9990959,0.24902344,0.0047900034,-11.063501,-11.070612,-3.7898755,666.0944,0.8878411,7.0063325e-06,2.379263,-2.5681014,25.796635,0.9990778,0.234375,0.0048698364,-10.830587,-10.837398,-3.8627572,30.982744,0.540449,6.720699e-06,64.79954,-0.4052902,-7.8977065,0.13654959,1.0,0.99871063,0.14160156,0.0060608373,-10.5469,-10.552874,-4.435726,41.610104,0.39707732,2.3402764e-08,0.9987879,0.12695312,0.0061038984,-10.338297,-10.3440075,-4.497237,67.86771,0.5844238,9.532115e-09,0.01990420265197754,17701.76505279541,330000
43.81087,-0.36413658,-7.8443494,0.123210296,1.0,0.99909115,0.25585938,0.0047973907,-11.080825,-11.088007,-3.7327604,480.18658,0.79239094,1.9576441e-07,0.8643417,-0.83863187,17.906923,0.99909115,0.22949219,0.004850693,-10.863275,-10.870184,-3.7954986,92.34942,0.54584175,1.078509e-06,66.06951,-0.4170377,-7.8881283,0.134155,1.0,0.99874496,0.11621094,0.0060831113,-10.521091,-10.526978,-4.5004435,221.01099,0.420991,8.347665e-09,0.9988766,0.10253906,0.006071911,-10.348106,-10.353692,-4.633337,45.635914,0.45162678,1.6384003e-07,0.01992341856956482,17801.382147073746,335000
50.38606,-0.3387379,-7.8166714,0.11629081,1.0,0.9990969,0.26464844,0.004684517,-11.203201,-11.210524,-3.7140293,41.51125,0.54946476,2.8678755e-06,1.825028,-0.88372767,24.499557,0.99909306,0.2421875,0.004770479,-10.916904,-10.923876,-3.7844267,70.037445,0.528684,4.1045192e-07,60.353218,-0.37951142,-7.871039,0.12988265,1.0,0.99883556,0.107421875,0.006014369,-10.558495,-10.564294,-4.626478,54.24145,0.2588502,1.6372795e-08,0.9988327,0.10546875,0.00619669,-10.383503,-10.389029,-4.7292237,55.779648,0.4477111,9.0741153e-10,0.019915510511398317,17900.95970082283,340000
43.83657,-0.38555074,-7.816851,0.116335765,1.0,0.99909306,0.2578125,0.0046486044,-11.201556,-11.208933,-3.6562142,39.14311,0.4861664,7.7855407e-07,0.98115826,-1.1829801,20.114058,0.99909306,0.2578125,0.004710747,-10.957584,-10.964639,-3.7395039,27.085249,0.42724103,8.436481e-06,68.72571,-0.4002322,-7.882863,0.13283882,1.0,0.9988022,0.14746094,0.0058391495,-10.558288,-10.564338,-4.369044,41.502205,0.38352564,2.0977062e-08,0.9988785,0.140625,0.005923587,-10.381439,-10.387246,-4.442026,176.23213,0.9418289,1.2768121e-06,0.01661552562713623,17984.037330389023,345000
46.750072,-0.3691759,-7.8341494,0.12066031,1.0,0.9990797,0.25585938,0.004780529,-11.245653,-11.252999,-3.73005,38.082397,0.59208655,8.5680165e-07,2.1440058,-1.482101,24.421867,0.99907017,0.22363281,0.0048102485,-11.007911,-11.014993,-3.7626061,35.803234,0.5436215,7.592395e-06,65.873276,-0.4553648,-7.913611,0.14052571,1.0,0.9987192,0.12402344,0.0060001984,-10.538769,-10.544767,-4.40143,177.20811,0.5914371,1.2840422e-08,0.99878025,0.10839844,0.0060805506,-10.372322,-10.37812,-4.4407415,87.579346,0.75116265,1.2230346e-09,0.015032440376281738,18059.19953584671,350000
50.136684,-0.31050915,-7.845763,0.12356375,1.0,0.99907875,0.25,0.0048212633,-11.090118,-11.097265,-3.7789254,72.93418,0.55310935,2.9707503e-06,1.7650254,-0.9617718,20.846363,0.9990711,0.22753906,0.004894959,-10.823914,-10.830703,-3.878716,20.709816,0.4771747,3.0390368e-06,64.17295,-0.40561408,-7.8615117,0.1275009,1.0,0.99879456,0.12792969,0.0061102486,-10.527464,-10.533323,-4.533149,257.12256,0.5790757,1.1947207e-10,0.9988003,0.12402344,0.00631549,-10.2452135,-10.250741,-4.590769,245.67236,1.1007476,1.2670703e-08,0.015033729600906372,18134.368185043335,355000
52.72882,-0.33978134,-7.849534,0.12450647,1.0,0.999094,0.25976562,0.0047163526,-11.243347,-11.250697,-3.725491,102.86448,0.5940545,5.462683e-07,1.0761002,-1.0942445,24.883821,0.99907875,0.22851562,0.0048149684,-10.962227,-10.969196,-3.8322043,108.62882,0.6304822,4.0294267e-06,55.36541,-0.47407916,-7.900426,0.13722947,1.0,0.99880886,0.10839844,0.006160116,-10.598306,-10.604096,-4.674764,46.308025,0.3326754,4.755675e-13,0.99875164,0.1171875,0.006407463,-10.374519,-10.380164,-4.5995035,167.10028,1.1924139,5.306845e-10,0.015023653984069824,18209.486459732056,360000
59.169724,-0.24610221,-7.8179398,0.11660792,1.0,0.9990845,0.29492188,0.0046704737,-11.1593,-11.166672,-3.6188617,107.00494,0.68944705,9.566389e-06,5.723226,-2.7104409,32.337875,0.99909115,0.26367188,0.004713644,-10.891512,-10.898564,-3.67781,252.43652,1.166564,7.3002675e-06,60.19748,-0.3714364,-7.8772597,0.13143794,1.0,0.9985428,0.12011719,0.006288164,-10.810869,-10.817152,-4.383687,93.31801,0.68358606,3.0543443e-09,0.9985962,0.08984375,0.006550863,-10.6054535,-10.611494,-4.425042,154.33578,1.1131363,6.394193e-08,0.015012131023406983,18284.547116041183,365000
43.197487,-0.38841766,-7.8401117,0.122150935,1.0,0.9990988,0.29785156,0.0045645367,-11.44066,-11.4483595,-3.56528,37.187954,0.5124122,8.427326e-07,0.9493567,-0.9480229,19.445942,0.9990883,0.265625,0.0046278574,-11.179647,-11.187069,-3.586968,21.367022,0.4855626,5.4347635e-07,70.18582,-0.45724577,-7.8717504,0.13006055,1.0,0.99878216,0.11621094,0.0061145215,-10.617813,-10.623773,-4.521264,37.177994,0.32557118,2.006851e-09,0.9988222,0.091796875,0.0063225003,-10.457166,-10.462944,-4.5456343,87.87286,1.0321282,7.924988e-11,0.013910285806655884,18354.098549842834,370000
53.74024,-0.2948051,-7.809826,0.11457951,1.0,0.9990969,0.28515625,0.004569968,-11.234524,-11.242049,-3.535943,86.83057,0.6072491,1.0543832e-05,1.2821704,-1.0889069,24.4704,0.99908257,0.25097656,0.0046497034,-11.002126,-11.009347,-3.6151,52.600464,0.56990385,1.0326888e-05,50.42387,-0.5137951,-7.8956375,0.13603248,1.0,0.9988127,0.13867188,0.005966001,-10.669518,-10.675519,-4.531352,79.06379,0.34456074,3.5842423e-10,0.99886703,0.11328125,0.0060430663,-10.447103,-10.452879,-4.5383387,202.87126,0.6879702,8.063981e-09,0.00883736252784729,18398.285363912582,375000
53.646767,-0.28684235,-7.8325977,0.12027247,1.0,0.9990845,0.26464844,0.0047935783,-11.102537,-11.109678,-3.79636,549.0879,0.9274285,9.5177177e-07,1.480964,-1.8253529,25.458153,0.99908257,0.22851562,0.0048368294,-10.8877125,-10.894618,-3.8237011,107.54203,0.7276655,1.3906831e-09,77.01352,-0.4025924,-7.876932,0.13135605,1.0,0.9987974,0.14160156,0.005823437,-10.606632,-10.612697,-4.4018917,120.571625,0.3485899,4.4093347e-09,0.9988718,0.13378906,0.005898929,-10.425647,-10.431513,-4.4259424,68.392395,0.6968578,1.0999557e-06,0.008844984245300292,18442.510286569595,380000
53.948082,-0.322623,-7.820851,0.11733567,1.0,0.9990854,0.2861328,0.004629551,-11.307628,-11.315232,-3.5289013,188.9825,0.9099335,8.4345416e-08,0.9709366,-1.1555271,22.202946,0.9990854,0.2578125,0.0046668327,-11.036474,-11.043788,-3.5536547,250.69179,1.004097,7.7694824e-07,68.85042,-0.41963723,-7.88957,0.13451545,1.0,0.9987078,0.12890625,0.006003909,-10.626847,-10.63291,-4.4251223,83.108734,0.3930074,5.8944147e-07,0.9987793,0.10449219,0.0060931314,-10.443959,-10.449723,-4.547186,97.881485,0.7733289,4.662387e-08,0.00883369698524475,18486.678772687912,385000
44.467255,-0.3921427,-7.816616,0.116276994,1.0,0.9990959,0.2685547,0.0046119,-11.364789,-11.372388,-3.5908642,375.49228,0.79999065,8.896299e-06,1.4623317,-1.246537,22.087898,0.99909973,0.25,0.004633285,-11.093832,-11.101164,-3.5931103,92.15473,0.6377788,1.6539992e-05,63.117283,-0.46999478,-7.877136,0.13140702,1.0,0.99879265,0.11328125,0.0059212255,-10.767612,-10.773747,-4.4923716,3147.1052,2.3765342,5.4396193e-10,0.998744,0.11230469,0.006198122,-10.532879,-10.538807,-4.4684896,89.88713,0.8002759,8.863631e-09,0.00884682674407959,18530.912908554077,390000
53.253307,-0.308245,-7.814726,0.11580439,1.0,0.99908066,0.25195312,0.0048454963,-11.143217,-11.150393,-3.8020306,129.8909,0.611993,5.220125e-07,1.1957457,-1.5283912,27.712725,0.99907494,0.23632812,0.00490449,-10.939972,-10.946875,-3.879366,123.386185,0.68366504,9.319926e-06,56.765068,-0.47865573,-7.867611,0.1290257,1.0,0.99876595,0.1328125,0.006055285,-10.461397,-10.467062,-4.666606,443.59988,0.5492441,2.024988e-09,0.99888897,0.11816406,0.0060510915,-10.268377,-10.27383,-4.688882,182.03221,0.6844923,7.761291e-11,0.008834365510940552,18575.084738969803,395000
51.34906,-0.35210347,-7.8200965,0.1171471,1.0,0.999074,0.25683594,0.004690176,-11.170198,-11.177517,-3.6850457,110.72593,0.585408,4.316204e-06,4.4421186,-1.7648904,26.819887,0.99907875,0.23730469,0.004742368,-10.858511,-10.865494,-3.7145493,118.30712,0.5768765,2.3080756e-06,61.288734,-0.5133815,-7.8868995,0.13384785,1.0,0.99882793,0.12988281,0.005985662,-10.596722,-10.602571,-4.613019,36.22589,0.27923518,9.665754e-11,0.9989033,0.119140625,0.00602129,-10.310544,-10.316109,-4.6175423,50.28225,0.51914954,9.0228706e-11,0.008845266008377076,18619.3110704422,400000
48.730247,-0.3651447,-7.850315,0.12470175,1.0,0.99907684,0.25683594,0.004727862,-11.203962,-11.211267,-3.7299478,63.35311,0.50477517,1.5517047e-07,0.9827486,-1.065932,22.206032,0.9990759,0.234375,0.0047627813,-10.986315,-10.993377,-3.7604015,77.09496,0.50400275,3.544719e-06,69.27812,-0.31346717,-7.908455,0.13923678,1.0,0.99879074,0.11816406,0.0060815997,-10.648447,-10.654381,-4.5786314,77.09136,0.41531378,7.1950623e-10,0.9988041,0.11230469,0.0060866782,-10.454773,-10.460518,-4.577158,91.26129,0.65667105,1.3085594e-07,0.40006975831985475,20619.659863471985,405000
56.21872,-0.31304023,-7.8230896,0.117895246,1.0,0.99908257,0.29296875,0.0046538757,-11.535086,-11.542849,-3.594777,185.81075,0.7934742,9.608887e-06,2.730102,-2.0734754,32.402966,0.9990673,0.27441406,0.004748312,-11.251177,-11.258561,-3.6969051,88.703224,0.6433488,5.584348e-06,59.60499,-0.4281769,-7.8871746,0.13391654,1.0,0.9986048,0.13867188,0.0062877294,-10.7923975,-10.798539,-4.5100846,169.6949,0.48269105,5.822495e-10,0.9985981,0.1171875,0.0065638633,-10.560618,-10.566505,-4.5391307,247.03549,1.3588105,5.118282e-10,0.02971848225593567,20768.252278089523,410000
58.520588,-0.2946794,-7.813651,0.11553577,1.0,0.9990969,0.27539062,0.0046950104,-11.283391,-11.290823,-3.6808476,68.34366,0.6012296,5.196177e-10,1.1741812,-1.043469,24.317286,0.9990959,0.24511719,0.0047769304,-11.07933,-11.086452,-3.7958512,80.33786,0.5551033,4.465712e-09,74.78136,-0.42901602,-7.917605,0.14152423,1.0,0.9988127,0.12792969,0.0059817974,-10.845049,-10.8512945,-4.456274,1003.6426,0.8112665,7.3693984e-10,0.9988127,0.119140625,0.006119421,-10.636032,-10.642081,-4.4481163,58.663086,0.6993052,2.195021e-08,0.02972054224014282,20916.854991674423,415000
51.62088,-0.32967514,-7.8133636,0.11546385,1.0,0.9990854,0.26953125,0.0046643335,-11.187909,-11.195285,-3.641741,58.932327,0.54338694,3.6548204e-08,2.1482146,-1.9264733,28.233305,0.9990711,0.23828125,0.00471079,-11.011811,-11.018954,-3.7040665,21.172686,0.4509313,7.3507174e-09,70.25843,-0.33517313,-7.8676834,0.12904377,1.0,0.9987402,0.12695312,0.006198652,-10.551727,-10.557477,-4.66969,134.72542,0.5686897,1.0456627e-08,0.9988909,0.10253906,0.006147446,-10.384062,-10.389588,-4.729664,68.02922,0.6347663,5.3340774e-08,0.029079489374160765,21062.252442121506,420000
52.047817,-0.2898405,-7.833196,0.12042199,1.0,0.9990959,0.26171875,0.0047098156,-11.283445,-11.29088,-3.677306,163.02477,0.7102524,2.890702e-06,1.020314,-0.7254894,22.136715,0.9990921,0.22851562,0.0047629494,-11.01066,-11.017752,-3.7564442,87.9542,0.5978923,6.0664564e-07,65.77997,-0.4539586,-7.895703,0.13604873,1.0,0.99875546,0.12695312,0.0060924143,-10.615168,-10.6211605,-4.4837537,41.19736,0.37091857,1.0322007e-10,0.9987631,0.11425781,0.006173961,-10.382488,-10.388226,-4.5130024,55.261864,0.55243963,1.644013e-07,0.022185522985458374,21173.180058956146,425000
44.5791,-0.4015959,-7.8241634,0.118163794,1.0,0.99909115,0.265625,0.00465969,-11.399807,-11.407393,-3.6398928,29.965717,0.49070007,2.0586709e-05,1.0613412,-1.4283714,23.168728,0.9990778,0.25195312,0.004709469,-11.163315,-11.170619,-3.690652,116.556114,0.64832807,1.2378002e-06,61.005817,-0.4723274,-7.879842,0.13208348,1.0,0.99881077,0.12890625,0.005912416,-10.728485,-10.734598,-4.474729,37.486736,0.2588973,2.3632968e-08,0.9987707,0.12011719,0.0061362376,-10.502239,-10.508112,-4.4940953,50.34375,0.53535455,6.463106e-11,0.019894190883636476,21272.65101671219,430000
51.65908,-0.36096543,-7.800323,0.1122037,1.0,0.9991121,0.26367188,0.0047916304,-11.180889,-11.188149,-3.75426,62.735794,0.5824609,9.184563e-10,0.9991592,-0.94174784,18.681288,0.9990969,0.2421875,0.0048287916,-10.961109,-10.968104,-3.8056114,36.076317,0.48749083,1.5825539e-07,71.91665,-0.46391767,-7.868934,0.12935646,1.0,0.99887943,0.14355469,0.0058764964,-10.441397,-10.447102,-4.605254,208.35095,0.42107457,4.8779875e-10,0.99894714,0.11035156,0.006022417,-10.248909,-10.25435,-4.682516,238.72977,1.0690536,7.605918e-08,0.019894681596755982,21372.12442588806,435000
45.704357,-0.30073792,-7.8248568,0.11833723,1.0,0.9990959,0.2705078,0.0046728505,-11.396633,-11.404227,-3.6286683,28.246756,0.5427921,1.027646e-05,1.1959983,-1.384019,22.812122,0.999094,0.25976562,0.004704199,-11.141453,-11.148737,-3.6906214,43.017365,0.54883724,4.4116945e-07,62.908527,-0.49842978,-7.89223,0.13518053,1.0,0.9988451,0.13476562,0.0060544857,-10.657684,-10.663706,-4.497661,1042.7428,0.8578338,7.263509e-10,0.9987917,0.11230469,0.006322798,-10.446524,-10.452355,-4.480937,133.29285,1.1634657,5.193197e-09,0.019884238052368164,21471.54561972618,440000
51.36032,-0.36633915,-7.815218,0.115927406,1.0,0.99907494,0.2626953,0.004729245,-11.355549,-11.363044,-3.68791,199.44565,0.71220016,1.2886273e-05,1.4072319,-1.3978562,25.507397,0.999074,0.23046875,0.004765823,-11.10981,-11.117004,-3.7493658,37.26878,0.53173494,1.1899274e-05,59.74031,-0.5496448,-7.890057,0.13463719,1.0,0.99875546,0.1328125,0.0059503466,-10.70138,-10.707555,-4.38616,1862.1654,1.7325588,3.6630396e-09,0.99876595,0.11035156,0.0061820373,-10.493623,-10.499556,-4.4241924,180.25443,1.2641939,2.9898882e-11,0.019883380365371704,21570.96252322197,445000
47.98468,-0.37253043,-7.809868,0.11459002,1.0,0.99909115,0.2763672,0.0046930527,-11.1907215,-11.198082,-3.6612372,72.70404,0.60639596,1.1712022e-07,2.819026,-1.3697848,25.00121,0.99908066,0.26171875,0.004762452,-10.936777,-10.943833,-3.7177799,79.858215,0.537029,1.0832433e-06,63.86641,-0.4673421,-7.8576612,0.12653817,1.0,0.9988642,0.13085938,0.0058968873,-10.569608,-10.57545,-4.592562,31.069254,0.24813735,8.5465736e-08,0.99888897,0.12207031,0.0060264855,-10.367455,-10.373043,-4.649941,122.54138,0.6469479,5.992702e-08,0.019937467622756957,21670.64986515045,450000
59.57186,-0.3373777,-7.812645,0.11528425,1.0,0.9990921,0.24902344,0.00473186,-11.267668,-11.275089,-3.6750507,144.51494,0.78048646,4.0189283e-09,2.2772703,-2.3439324,28.318844,0.9990835,0.23535156,0.004774001,-11.034708,-11.041862,-3.717563,182.025,0.8381865,9.338422e-06,66.404236,-0.43601143,-7.8641963,0.12817204,1.0,0.99869156,0.13574219,0.0061803493,-10.706453,-10.712471,-4.5495796,196.36702,0.4053362,2.2323907e-09,0.9987631,0.1171875,0.0060859453,-10.501053,-10.506822,-4.6004524,230.28633,0.6828509,3.0237662e-10,0.019899737739562988,21770.148555517197,455000
35.23591,-0.4775738,-7.836464,0.12123899,1.0,0.9991007,0.2705078,0.0046797195,-11.352575,-11.360102,-3.6529903,1076.1102,1.084862,2.7516442e-09,2.2467732,-3.0135076,27.741764,0.9991007,0.24121094,0.004713001,-11.094014,-11.10125,-3.6920905,36.39737,0.56975937,1.4562308e-06,64.59015,-0.5450783,-7.8775625,0.13151367,1.0,0.9988651,0.13964844,0.0059228335,-10.54933,-10.555228,-4.5156975,45.930447,0.39844584,1.10492714e-07,0.99886036,0.12792969,0.0060976977,-10.285341,-10.2909155,-4.583117,108.2046,0.81525517,1.6284934e-08,0.01990163345336914,21869.656723737717,460000
55.477844,-0.34354168,-7.8239007,0.11809818,1.0,0.9990978,0.25585938,0.004735151,-11.142263,-11.149517,-3.7221007,210.46593,0.8389703,1.4608425e-05,1.1923168,-1.7200371,24.692202,0.9990845,0.23730469,0.0047766487,-10.918619,-10.925606,-3.772053,639.68634,1.2848285,2.3346625e-05,74.11953,-0.39789352,-7.865853,0.12858617,1.0,0.9985857,0.13378906,0.0062707486,-10.741249,-10.747346,-4.503353,189.92056,0.6864555,3.09395e-10,0.9989052,0.1328125,0.005935768,-10.604808,-10.610715,-4.562339,330.65564,1.1805305,1.2532488e-10,0.019913195753097534,21969.22270512581,465000
50.468758,-0.46726376,-7.832899,0.12034761,1.0,0.999094,0.26464844,0.0046413504,-11.288444,-11.295953,-3.6068413,131.89041,0.72060317,3.3142253e-06,1.0455818,-1.2387257,23.444305,0.9990902,0.2421875,0.004705874,-10.945227,-10.952402,-3.6033087,41.46387,0.6311214,7.3885612e-06,53.668446,-0.5609384,-7.860588,0.12727001,1.0,0.99889946,0.12988281,0.005827997,-10.586397,-10.592303,-4.5449867,651.1924,0.72652006,3.3356429e-09,0.9988594,0.11816406,0.006036713,-10.363591,-10.369328,-4.495398,573.2059,1.6118956,6.747688e-09,0.015590232324600219,22047.17386817932,470000
44.259033,-0.46032557,-7.8034425,0.11298359,1.0,0.9990969,0.24707031,0.0048139556,-11.239216,-11.246477,-3.810601,55.595577,0.52634823,1.3752339e-07,0.6983293,-0.68983066,15.473224,0.9990816,0.22949219,0.0048199766,-10.973618,-10.980628,-3.8016634,67.69986,0.5130041,1.011954e-07,68.01128,-0.50611126,-7.906619,0.13877782,1.0,0.99878216,0.12109375,0.0060589397,-10.708718,-10.714605,-4.6866674,50.889435,0.30227464,8.100002e-10,0.9988165,0.11035156,0.006225397,-10.523333,-10.528938,-4.7888155,67.36396,0.53733474,5.152118e-08,0.013738628053665162,22115.86701154709,475000
47.878887,-0.34889084,-7.8042135,0.11317634,1.0,0.99909496,0.26953125,0.0046447976,-11.298252,-11.305783,-3.5937243,268.73868,0.6184345,2.0274712e-05,0.8665091,-1.2094514,20.273664,0.9990816,0.25390625,0.004706012,-11.128332,-11.135629,-3.663219,41.810772,0.49724674,1.4650742e-05,62.406765,-0.48896858,-7.8899035,0.13459891,1.0,0.9988527,0.13183594,0.005977735,-10.662821,-10.668788,-4.5596623,208.90456,0.43075097,5.1591953e-09,0.99879265,0.119140625,0.0062161414,-10.443579,-10.44931,-4.578722,296.6677,1.1943405,3.1749877e-08,0.013747216176986694,22184.603093862534,480000
56.871254,-0.37667236,-7.818227,0.11667973,1.0,0.99909306,0.26464844,0.004723224,-11.384218,-11.391705,-3.7250953,62.116707,0.5598141,4.30483e-06,1.4730358,-1.141314,26.07706,0.9990959,0.24023438,0.004812552,-11.137642,-11.144823,-3.7920184,55.620125,0.6747522,6.8995514e-06,71.81494,-0.45899183,-7.864195,0.12817176,1.0,0.99880314,0.13671875,0.006087677,-10.8042345,-10.810403,-4.494069,272.1148,0.625512,1.2063966e-10,0.99882793,0.1328125,0.006208277,-10.657837,-10.663805,-4.5521355,270.30145,1.3190382,2.7734465e-10,0.013745613193511964,22253.331161499023,485000
47.56626,-0.43664697,-7.845956,0.12361189,1.0,0.99910164,0.28027344,0.0045950366,-11.386157,-11.393807,-3.5602598,48.71093,0.5417478,1.4700342e-05,1.1781408,-1.7794089,20.41872,0.99907494,0.25390625,0.0046268115,-11.08782,-11.095149,-3.5898674,18.823616,0.4919153,1.1031657e-05,67.25133,-0.4505522,-7.86327,0.12794039,1.0,0.9987793,0.11425781,0.006111486,-10.74333,-10.749273,-4.663079,94.66997,0.3227204,2.014453e-08,0.9988022,0.08886719,0.006153245,-10.52438,-10.530108,-4.66338,204.94165,0.8471249,3.1769623e-08,0.009086937284469604,22298.765852212906,490000
44.330444,-0.40082386,-7.8186626,0.11678855,1.0,0.9990883,0.25195312,0.0047380384,-11.191245,-11.198533,-3.7349973,56.57851,0.5111486,2.89448e-07,1.3081578,-1.3656188,21.075573,0.9990864,0.22460938,0.0047543645,-10.949194,-10.956254,-3.7271378,36.082115,0.5083092,7.195609e-07,63.724247,-0.5139099,-7.86373,0.12805545,1.0,0.9987259,0.12011719,0.0060161715,-10.891915,-10.898186,-4.4772196,778.316,0.9404129,9.178391e-12,0.9986696,0.10253906,0.0062610926,-10.657856,-10.663897,-4.4778976,128.73213,1.2450507,2.232689e-09,0.008854041385650635,22343.036060333252,495000
46.94063,-0.38339448,-7.8047276,0.11330488,1.0,0.99910355,0.28222656,0.0045903297,-11.277617,-11.285117,-3.6055653,36.607777,0.5427124,1.7188802e-05,1.0979005,-0.98813474,23.119198,0.99908733,0.24804688,0.0046587028,-11.052633,-11.059823,-3.6961741,64.41578,0.6012698,1.0154023e-05,59.255203,-0.5582422,-7.870071,0.12964073,1.0,0.99878025,0.13671875,0.0060653547,-10.662713,-10.6686535,-4.586623,114.27147,0.4761354,8.2954416e-10,0.9988127,0.115234375,0.0063610314,-10.431907,-10.437614,-4.592428,251.34413,1.7562897,7.433242e-08,0.00889371199607849,22387.504621744156,500000
51.034172,-0.36177403,-7.8262625,0.11868862,1.0,0.9991064,0.2607422,0.004681352,-11.486717,-11.494355,-3.6732154,255.14085,0.8918342,5.868361e-11,1.1879941,-1.4908587,22.472649,0.9991102,0.2529297,0.004713593,-11.27206,-11.27947,-3.6922011,90.2342,0.7061467,1.1429493e-05,59.86525,-0.51500964,-7.8804655,0.13223934,1.0,0.99867916,0.140625,0.0061339643,-10.884964,-10.89117,-4.5373225,49.33189,0.40730208,5.1384685e-11,0.9987745,0.13378906,0.0062829703,-10.662174,-10.668146,-4.5533524,122.4543,1.3045325,1.9732688e-11,0.35823053398132326,24178.657293081284,505000
46.82286,-0.31157696,-7.8401027,0.1221486,1.0,0.99910736,0.2841797,0.0045874324,-11.523808,-11.531635,-3.5162587,62.227997,0.7110087,8.522681e-07,1.31401,-2.8161876,29.49664,0.9991007,0.25683594,0.0046276785,-11.22384,-11.231317,-3.5749664,22.170002,0.62442404,6.525138e-07,72.582565,-0.47365344,-7.89853,0.13675556,1.0,0.9987154,0.13183594,0.0061711962,-10.907743,-10.9140625,-4.442659,84.690056,0.47075126,1.49907e-10,0.99878216,0.12402344,0.0061605047,-10.729709,-10.735842,-4.4550915,311.32477,1.1277652,2.66113e-10,0.029757923316955568,24327.446911096573,510000
45.94038,-0.36353022,-7.8176355,0.11653184,1.0,0.9990988,0.2548828,0.004724962,-11.307584,-11.315021,-3.6997657,54.151287,0.514091,5.8104533e-06,1.5501134,-1.9531621,24.211464,0.9990816,0.23828125,0.004740568,-11.012218,-11.019347,-3.7199903,20.057251,0.4876764,5.095227e-06,72.54361,-0.56634295,-7.871606,0.13002445,1.0,0.9988098,0.13183594,0.005978345,-10.777103,-10.783232,-4.5083575,1068.1499,1.5705476,1.0124476e-08,0.99880314,0.10644531,0.006164032,-10.577644,-10.583555,-4.5315332,1291.4672,3.0249274,2.9531998e-08,0.029729492807388305,24476.09437942505,515000
53.381767,-0.31873667,-7.8104706,0.114740565,1.0,0.99908733,0.26660156,0.0046541933,-11.326799,-11.334362,-3.5905313,118.1868,0.5589194,5.112799e-06,1.9899423,-1.1008626,26.160618,0.9990835,0.23339844,0.004686298,-11.065563,-11.072843,-3.6186357,36.474403,0.49686056,6.8755503e-06,54.164146,-0.61056685,-7.868782,0.12931849,1.0,0.99881077,0.12207031,0.006208486,-10.705318,-10.711163,-4.726632,183.00966,0.42603326,4.89774e-11,0.9987116,0.10449219,0.0064949207,-10.4637985,-10.469466,-4.6655064,90.26394,0.9490309,3.0209694e-07,0.02972962894439697,24624.74252653122,520000
44.995117,-0.40849137,-7.843485,0.122994244,1.0,0.999094,0.24804688,0.0046437364,-11.416677,-11.424267,-3.6524417,53.407097,0.53940064,2.1497574e-06,1.804861,-1.8265901,30.711264,0.9990978,0.25976562,0.004660374,-11.150036,-11.157372,-3.6444762,27.485964,0.51339406,1.3986955e-05,63.827892,-0.45705378,-7.8785486,0.13176008,1.0,0.9988527,0.15527344,0.0059108073,-10.698643,-10.704663,-4.539797,584.17444,0.67694837,3.9461653e-10,0.99889755,0.13085938,0.0059004715,-10.477066,-10.482863,-4.546726,99.042076,0.60985243,1.1476656e-07,0.029727622699737548,24773.38064146042,525000
48.019417,-0.36996776,-7.8419495,0.122610405,1.0,0.9990816,0.2529297,0.004739899,-11.509053,-11.516662,-3.725089,230.02524,0.76479346,9.0608034e-07,1.4077249,-1.2856762,24.584095,0.9990864,0.23242188,0.0047890805,-11.269563,-11.276867,-3.7982051,165.97124,0.67816174,2.627891e-06,61.141113,-0.50210166,-7.859606,0.12702444,1.0,0.99874115,0.12792969,0.0060866666,-10.908321,-10.914587,-4.4988165,58.127132,0.3960353,2.2269218e-09,0.9985256,0.10839844,0.0068307733,-10.761167,-10.767278,-4.5101414,66.904884,0.9807001,6.218174e-08,0.029721496534347535,24921.988126277924,530000
56.862167,-0.38563976,-7.8488116,0.124325894,1.0,0.9990921,0.24804688,0.004874884,-11.169516,-11.176654,-3.8681746,344.67035,0.83694744,4.5944967e-06,1.1677494,-1.7399106,28.024689,0.99907494,0.23144531,0.0049125836,-10.876236,-10.883049,-3.907323,74.50228,0.50430787,1.0719714e-05,77.536095,-0.45618954,-7.8638573,0.12808722,1.0,0.99878216,0.12597656,0.0061301542,-10.821512,-10.827676,-4.5160046,58.078125,0.44506142,1.7911654e-08,0.99878883,0.11230469,0.0062710256,-10.676847,-10.6828375,-4.547954,130.82036,1.0897858,1.7368055e-08,0.02971306824684143,25070.553468704224,535000
57.231415,-0.29935467,-7.803423,0.11297873,1.0,0.9990959,0.2939453,0.0046526813,-11.491389,-11.499091,-3.6117067,129.62663,0.70613813,7.7047423e-07,1.3891191,-1.4091156,24.81921,0.9990854,0.26367188,0.0046902318,-11.250477,-11.257903,-3.653077,34.402378,0.574841,5.9733475e-06,80.76839,-0.5291059,-7.885552,0.13351092,1.0,0.9987793,0.11328125,0.0063666617,-10.796915,-10.802851,-4.7250843,332.45905,0.70875967,1.0411823e-09,0.99876213,0.10449219,0.006456752,-10.676818,-10.682565,-4.7979455,195.65761,0.9004727,2.5192106e-09,0.02709993796348572,25206.05316209793,540000
50.428467,-0.35154748,-7.814628,0.11577997,1.0,0.99909496,0.27441406,0.004629442,-11.415568,-11.423181,-3.628356,29.94607,0.49494267,1.8340213e-06,0.8673792,-1.0264423,20.244345,0.99907684,0.24804688,0.0047018286,-11.154463,-11.161727,-3.723005,78.11034,0.591963,8.068147e-06,70.6312,-0.52839696,-7.8902206,0.13467807,1.0,0.9988308,0.13476562,0.005890907,-10.653944,-10.660021,-4.437294,42.078133,0.36037537,1.3568986e-09,0.9988766,0.12402344,0.006016303,-10.489384,-10.49524,-4.4978423,86.59456,0.813185,8.223102e-10,0.024840812492370606,25330.257225990295,545000
50.857414,-0.398093,-7.8171377,0.11640735,1.0,0.9990921,0.23925781,0.004777151,-11.27727,-11.284598,-3.7812033,75.41302,0.59170425,8.402084e-06,4.1877775,-1.8921065,23.776806,0.9990883,0.22265625,0.0048440415,-11.023277,-11.030307,-3.832357,153.26747,0.82735896,7.223892e-06,79.0786,-0.43116188,-7.882574,0.1327665,1.0,0.9987602,0.13183594,0.006190836,-10.735168,-10.741162,-4.6025624,183.64003,0.5180098,5.841528e-10,0.99873066,0.12109375,0.0064092213,-10.54372,-10.549514,-4.616686,72.78837,0.8498523,1.9783158e-10,0.018802491331100464,25424.26968407631,550000
46.830933,-0.38464272,-7.798461,0.11173819,1.0,0.99907684,0.24707031,0.004794618,-11.402128,-11.409584,-3.7748048,121.04619,0.6581556,1.102797e-06,1.145918,-1.1047088,21.473267,0.99907875,0.23144531,0.0048408583,-11.158615,-11.165766,-3.8427987,94.516075,0.66313714,1.5512867e-08,76.58653,-0.5070996,-7.8818684,0.13259016,1.0,0.99887085,0.13867188,0.0060619516,-10.583218,-10.588946,-4.7218766,75.99366,0.45243126,6.3544274e-11,0.9988203,0.12792969,0.006359961,-10.397808,-10.40335,-4.728624,218.8658,1.3843969,6.4585955e-11,0.01375291028022766,25493.034236431122,555000
55.727837,-0.36573094,-7.8039246,0.11310412,1.0,0.9990978,0.26660156,0.004701337,-11.563156,-11.570866,-3.6769648,263.70764,0.92111,3.9747794e-10,1.1287524,-1.3614577,24.783792,0.9990864,0.23828125,0.00475528,-11.316512,-11.323911,-3.7493422,169.44208,0.6733438,1.6855583e-07,62.96103,-0.56171703,-7.8640423,0.1281335,1.0,0.99878216,0.12890625,0.0060829856,-10.769419,-10.77548,-4.5687785,76.32591,0.4784642,2.7721388e-11,0.998786,0.10546875,0.0062446874,-10.5804405,-10.586275,-4.611557,127.564766,0.7055094,1.5842112e-08,0.013755416250228882,25561.811319112778,560000
51.029636,-0.40154028,-7.8021746,0.112666674,1.0,0.999094,0.26757812,0.0047315713,-11.3420515,-11.349533,-3.6884556,63.43957,0.66525006,6.7684184e-08,1.5389261,-2.1024632,25.792965,0.99909306,0.24804688,0.004815206,-11.030325,-11.037434,-3.7588217,18.409313,0.5156622,5.056856e-07,61.240547,-0.58006126,-7.8428574,0.12283729,1.0,0.99875927,0.13964844,0.006035868,-10.834091,-10.840283,-4.4995947,78.62955,0.5259068,2.4910508e-11,0.9987793,0.115234375,0.0062691523,-10.59882,-10.604819,-4.4613943,249.06323,1.5316732,5.1768373e-10,0.013937947654724121,25631.501060962677,565000
48.581543,-0.42000312,-7.7977214,0.11155337,1.0,0.9990778,0.2783203,0.0047106035,-11.425762,-11.433362,-3.6523237,35.607967,0.5519892,5.7157413e-06,1.4432294,-1.3999923,26.345324,0.99907875,0.24902344,0.004793102,-11.217181,-11.224502,-3.7285228,53.42216,0.5771469,8.181805e-07,81.47245,-0.40030688,-7.8769946,0.13137154,1.0,0.9987688,0.12011719,0.0060970755,-10.828367,-10.834457,-4.597915,106.354935,0.4799748,6.600064e-11,0.998765,0.119140625,0.006365178,-10.604631,-10.610431,-4.6720147,190.61507,0.9750901,1.4978047e-09,0.013757082319259643,25700.286473989487,570000
46.834442,-0.3929608,-7.8229423,0.1178586,1.0,0.99906826,0.2607422,0.004710481,-11.469184,-11.476804,-3.6741552,74.72567,0.46061504,2.9598093e-06,3.237022,-1.9741888,25.154655,0.9990597,0.2265625,0.00477036,-11.216835,-11.224172,-3.7122414,36.877018,0.4469427,7.161431e-06,70.4775,-0.4889304,-7.8573265,0.12645453,1.0,0.9986086,0.13085938,0.006192169,-10.971234,-10.97763,-4.4294486,125.41669,0.50623226,2.3311069e-09,0.9987583,0.12695312,0.00615085,-10.791552,-10.79773,-4.4702344,193.61711,0.7184391,2.1027766e-09,0.0137574125289917,25769.073539733887,575000
49.083977,-0.3571384,-7.8093815,0.11446838,1.0,0.9991026,0.25195312,0.0047669164,-11.420084,-11.427608,-3.723452,48.61108,0.6442448,1.0698403e-06,7.8709126,-8.565309,48.20052,0.9990969,0.23925781,0.004781052,-11.177883,-11.185135,-3.7598896,55.07068,0.6960069,9.046285e-06,72.868904,-0.4470905,-7.8922615,0.13518837,1.0,0.998765,0.12597656,0.006182626,-10.780226,-10.786472,-4.3892255,329.8635,1.3029318,9.545227e-10,0.99870396,0.115234375,0.0064797015,-10.630241,-10.636326,-4.4052854,211.11847,2.158532,3.85583e-08,0.013761249780654907,25837.87979030609,580000
57.21891,-0.34592396,-7.8076687,0.11404018,1.0,0.99910355,0.26953125,0.004772896,-11.265708,-11.273037,-3.7673378,176.94315,0.7665197,5.384584e-08,2.492189,-1.0911369,25.187649,0.99910164,0.24414062,0.0048140185,-11.077107,-11.084182,-3.8395495,348.43402,0.86191595,5.0763425e-09,62.264153,-0.5113665,-7.864702,0.1282984,1.0,0.9988909,0.14257812,0.0058775153,-10.653853,-10.65979,-4.5815954,643.417,0.77823377,5.4007243e-11,0.998826,0.107421875,0.0060096877,-10.462828,-10.468593,-4.5652523,176.9866,0.8730989,1.3525584e-08,0.013765199232101441,25906.70578789711,585000
47.237198,-0.34940678,-7.8229933,0.11787124,1.0,0.9990988,0.2939453,0.0045742556,-11.565511,-11.573383,-3.512178,204.10587,0.85333174,1.0672967e-06,1.2146552,-1.0969433,24.200918,0.9990978,0.25585938,0.0046006334,-11.353526,-11.361174,-3.5301652,209.28352,1.2338041,5.1569555e-06,87.83487,-0.4145618,-7.8665037,0.12874897,1.0,0.99867153,0.125,0.006232137,-10.733171,-10.739327,-4.4362483,55.860832,0.550539,1.6718775e-10,0.99872303,0.107421875,0.0063055353,-10.597243,-10.603156,-4.548624,93.22448,0.76667345,1.3020209e-12,0.013758974170684814,25975.50066304207,590000
48.945526,-0.4148805,-7.8122196,0.11517784,1.0,0.99909973,0.29589844,0.004597799,-11.560499,-11.568303,-3.5770144,30.85565,0.5645694,1.1153884e-05,1.0706524,-1.3069596,18.136417,0.9990978,0.26660156,0.00467122,-11.296447,-11.3039255,-3.6463053,28.248589,0.5657804,2.4501634e-05,74.840576,-0.54634845,-7.8851967,0.13342212,1.0,0.99876213,0.13085938,0.006137423,-10.869867,-10.876059,-4.5362983,52.95272,0.4177785,1.9917035e-10,0.99862194,0.12695312,0.006623175,-10.701729,-10.7077675,-4.524078,171.59276,1.5159228,1.1573806e-09,0.013756906938552856,26044.285199403763,595000
54.2819,-0.29524285,-7.8145866,0.11576973,1.0,0.99909496,0.24902344,0.004742382,-11.48458,-11.492153,-3.737671,91.14131,0.6723729,1.6988028e-05,1.7107741,-1.5893316,25.751736,0.99908924,0.22851562,0.0048306226,-11.266046,-11.273317,-3.828033,199.60634,0.8547665,1.2668512e-05,76.44605,-0.45518982,-7.87247,0.1302404,1.0,0.9987707,0.123046875,0.0061184065,-10.902824,-10.909035,-4.55056,138.90845,0.6482452,5.9004206e-09,0.99871635,0.10546875,0.00637985,-10.76324,-10.769295,-4.5677958,246.7173,1.2527215,4.7160977e-11,0.013746128511428833,26113.01584625244,600000
52.73764,-0.34088436,-7.8154697,0.11599032,1.0,0.9990778,0.27929688,0.0046284976,-11.654626,-11.662487,-3.612669,149.36507,0.6150591,5.21861e-06,0.99352694,-1.0443788,20.342691,0.9990635,0.25683594,0.0046998877,-11.37155,-11.379052,-3.6952958,56.71865,0.56678855,1.0895609e-05,79.52545,-0.43739867,-7.859566,0.12701447,1.0,0.99872684,0.14550781,0.006135958,-10.8154545,-10.821584,-4.5442533,279.25436,0.61578757,1.1152224e-09,0.9987173,0.12792969,0.0062862295,-10.568565,-10.574419,-4.5808816,275.10483,0.9509326,3.2446419e-09,0.2821343505859375,27523.687603712082,605000
58.510506,-0.25080973,-7.8345127,0.12075125,1.0,0.9991026,0.29101562,0.004640312,-11.432532,-11.44016,-3.6293387,104.929016,0.6161604,1.6243599e-06,2.310906,-1.6502461,30.374937,0.9991026,0.26464844,0.0047329576,-11.238739,-11.246065,-3.7437387,22.363064,0.52316135,3.8130934e-06,78.45828,-0.38602406,-7.878619,0.13177769,1.0,0.99875355,0.13378906,0.0059748823,-10.697867,-10.70395,-4.4753566,233.02876,0.44959158,3.408206e-09,0.99885654,0.12109375,0.00599184,-10.574683,-10.580548,-4.5735455,83.59091,0.6370102,2.465757e-10,0.024810842895507813,27647.741819381714,610000
50.00506,-0.42143533,-7.8248215,0.118328385,1.0,0.9991121,0.265625,0.0047376803,-11.425766,-11.433334,-3.6851177,55.065212,0.71041226,3.5034763e-11,1.4773102,-3.741204,31.904125,0.9990988,0.25,0.0048003076,-11.216812,-11.224092,-3.7681117,43.010963,0.69119817,1.7128221e-09,78.71648,-0.45481622,-7.8765755,0.13126685,1.0,0.9987669,0.119140625,0.0062283147,-10.831322,-10.837335,-4.6803784,166.66087,0.50874513,5.2416604e-09,0.998806,0.11035156,0.006330724,-10.639341,-10.645118,-4.73085,474.42685,1.4003727,1.9480936e-07,0.024810932445526124,27771.79648542404,615000
47.70783,-0.44560272,-7.807511,0.11400072,1.0,0.99909973,0.26660156,0.004677882,-11.6286125,-11.63644,-3.6215055,168.48718,0.9714466,1.4545851e-09,1.1283131,-1.5933548,22.48465,0.9990921,0.24707031,0.004701182,-11.33452,-11.342062,-3.618383,93.62358,0.94859135,4.905327e-09,73.265945,-0.6265243,-7.878559,0.13176286,1.0,0.9988022,0.13574219,0.006064772,-10.682622,-10.688611,-4.554776,367.779,1.0364094,1.6497527e-08,0.9987421,0.11621094,0.00655431,-10.511778,-10.517632,-4.523357,438.34338,2.9225354,1.5174018e-08,0.02481357798576355,27895.864376544952,620000
45.080902,-0.4235972,-7.812655,0.11528674,1.0,0.99910355,0.2861328,0.004656691,-11.433307,-11.440909,-3.6552117,272.61978,0.96721727,7.89762e-06,0.7866688,-2.0214365,21.615074,0.99909973,0.25976562,0.0047185374,-11.207432,-11.214766,-3.7060037,330.9457,0.951238,9.076263e-06,76.39188,-0.5010946,-7.8726587,0.13028762,1.0,0.9987087,0.13769531,0.0060994946,-10.912503,-10.918819,-4.451476,368.82254,0.6368433,8.663157e-10,0.9986954,0.11621094,0.0062444564,-10.816798,-10.822962,-4.5118465,88.99123,0.7356194,8.387921e-08,0.02479673867225647,28019.848071575165,625000
55.207497,-0.2785395,-7.8050966,0.113397166,1.0,0.9990978,0.27734375,0.004570409,-11.487938,-11.495698,-3.5497873,33.710854,0.4915316,7.865533e-06,1.2746265,-1.1657515,20.615849,0.99907494,0.25097656,0.0046353787,-11.31995,-11.327462,-3.6357353,17.116314,0.4425474,1.3453768e-05,76.93663,-0.455704,-7.860133,0.12715624,1.0,0.9987879,0.13574219,0.0061197532,-10.753995,-10.760149,-4.4583874,195.14423,0.6465077,2.7703534e-10,0.9987478,0.12597656,0.0062534045,-10.599752,-10.605705,-4.5094366,108.08656,0.7592907,7.582296e-11,0.02832066316604614,28161.451389074326,630000
51.64556,-0.3603624,-7.842019,0.12262774,1.0,0.99910164,0.29101562,0.0046278574,-11.4083605,-11.41597,-3.6246645,38.780663,0.5153681,2.9134992e-06,1.1170784,-1.1013625,22.436966,0.9991045,0.265625,0.004687392,-11.2015705,-11.20891,-3.6924906,213.34311,0.70389,5.9811405e-06,64.89248,-0.6179117,-7.890696,0.13479696,1.0,0.9988699,0.13183594,0.0060295607,-10.779554,-10.785524,-4.671769,188.73845,0.5092048,7.103875e-14,0.9988251,0.13378906,0.006269809,-10.590906,-10.596678,-4.686884,299.8523,1.3994273,3.657915e-09,0.029709820032119753,28310.000494241714,635000
59.133873,-0.33602542,-7.8089623,0.1143635,1.0,0.999094,0.25878906,0.004742783,-11.316296,-11.323698,-3.7435524,102.05697,0.5746716,1.855279e-06,1.9340966,-1.4414879,25.02299,0.9990854,0.23925781,0.004809413,-11.062245,-11.069323,-3.821881,177.36644,0.65786767,8.58293e-06,77.88684,-0.43740323,-7.8747163,0.130802,1.0,0.9986763,0.109375,0.0062380657,-10.879229,-10.885381,-4.585881,390.7549,0.77416503,6.8873456e-11,0.99871635,0.10839844,0.0063673626,-10.710659,-10.716629,-4.602496,239.57204,1.2445564,6.261844e-11,0.02970133967399597,28458.507193803787,640000
58.86386,-0.3170681,-7.8032618,0.11293838,1.0,0.9990854,0.2841797,0.004610277,-11.597282,-11.60519,-3.5076792,47.84432,0.6402258,4.9563077e-06,1.2948554,-1.3673803,26.141312,0.9990864,0.2548828,0.004661016,-11.434719,-11.442409,-3.5681252,54.827316,0.65344894,8.927116e-06,75.13065,-0.47046408,-7.87369,0.1305455,1.0,0.99882793,0.125,0.0061064344,-10.742882,-10.748929,-4.5558295,104.04605,0.58341354,8.0954035e-09,0.9988451,0.119140625,0.006309069,-10.64839,-10.654255,-4.6472435,250.26396,1.2287685,1.3156613e-08,0.02540670223236084,28585.540709495544,645000
45.905884,-0.40356946,-7.833683,0.12054376,1.0,0.9991026,0.26757812,0.004748921,-11.268049,-11.275406,-3.7428613,145.59978,0.5731769,1.3247661e-07,1.1238025,-1.5367866,25.013067,0.99908924,0.22753906,0.0048445556,-10.977305,-10.984278,-3.8442411,32.886852,0.43386316,8.692599e-07,66.06053,-0.55525875,-7.9064903,0.13874558,1.0,0.99874973,0.11035156,0.0060898094,-10.762792,-10.768954,-4.458854,55.54409,0.38993472,3.3893415e-09,0.9986973,0.10546875,0.006819213,-10.649279,-10.655255,-4.5349226,213.0812,2.0337262,2.1919805e-11,0.02353070116043091,28703.19421696663,650000
56.25106,-0.30653366,-7.8062973,0.11369726,1.0,0.9990835,0.27539062,0.0045749685,-11.418785,-11.426497,-3.5292945,390.14795,0.99383074,4.231141e-09,2.7397668,-2.0902424,30.203482,0.9990864,0.25097656,0.004663787,-11.225382,-11.2328005,-3.6349716,104.30446,0.71916664,1.2165825e-06,70.30777,-0.5068138,-7.888672,0.13429104,1.0,0.99880314,0.12988281,0.0059893457,-10.790764,-10.7968235,-4.5907745,34.57905,0.32757032,6.117515e-10,0.9988041,0.125,0.006133382,-10.677858,-10.683839,-4.5600643,52.70281,0.7141758,1.3513007e-07,0.023557423639297484,28820.98133969307,655000
59.17257,-0.29549816,-7.8303914,0.119720876,1.0,0.9990988,0.2763672,0.004700631,-11.463551,-11.47114,-3.6989083,299.61603,0.84052455,3.1790871e-06,0.8033468,-1.4557362,23.07171,0.9990988,0.2607422,0.004772147,-11.299284,-11.306633,-3.7824187,113.522316,0.6570703,7.316804e-07,71.84623,-0.49829412,-7.8622737,0.12769145,1.0,0.998765,0.13476562,0.0060128523,-10.929509,-10.9358635,-4.428459,89.356316,0.59246725,1.6126975e-13,0.99881744,0.11328125,0.0060878983,-10.811451,-10.817647,-4.4726677,95.192085,0.9295995,2.5760144e-11,0.023553824186325074,28938.750462293625,660000
47.95143,-0.40681827,-7.8172264,0.11642955,1.0,0.9990959,0.2763672,0.004568482,-11.645315,-11.6532135,-3.564793,81.654686,0.6272299,8.905717e-07,0.9997338,-2.167697,25.176205,0.9990959,0.26464844,0.004611667,-11.394819,-11.402447,-3.5917425,335.9216,0.90245914,1.5164739e-05,74.031845,-0.50488997,-7.868911,0.12935056,1.0,0.9988222,0.14453125,0.0061028423,-10.95908,-10.965308,-4.586598,3135.9602,2.6420236,1.6968725e-09,0.99884224,0.12988281,0.0061365822,-10.844074,-10.850172,-4.6067123,751.2471,2.5908697,8.2296694e-08,0.023557611083984374,29056.538521289825,665000
55.856033,-0.3432096,-7.7900734,0.10964136,1.0,0.9990902,0.26757812,0.0048190085,-11.371502,-11.378914,-3.789112,61.091103,0.60010976,2.6640582e-06,1.3373028,-1.6608921,25.3889,0.9990845,0.2529297,0.004858883,-11.06311,-11.070157,-3.8535786,40.366016,0.4896221,1.3960404e-06,69.81781,-0.5609944,-7.8852415,0.1334333,1.0,0.998847,0.13769531,0.0059463284,-10.871544,-10.877768,-4.5056524,124.45403,0.4553728,2.4984395e-08,0.99882317,0.12011719,0.006221572,-10.64366,-10.649682,-4.483303,205.87685,1.4497797,3.9316225e-07,0.023560558080673217,29174.341313123703,670000
58.11626,-0.3335918,-7.8162847,0.11619415,1.0,0.9990902,0.2861328,0.004543291,-11.6561365,-11.664108,-3.5018244,736.2419,1.5409405,2.4885924e-06,2.2200372,-1.4834608,30.953613,0.99908733,0.2607422,0.004617854,-11.435005,-11.442633,-3.631484,311.29996,0.8754257,6.185379e-06,75.57657,-0.47915784,-7.891581,0.1350182,1.0,0.99884415,0.14355469,0.0059338873,-10.785769,-10.791885,-4.529029,64.80445,0.39746764,1.39338185e-11,0.99879456,0.13085938,0.00618866,-10.564625,-10.570541,-4.512244,308.78845,1.8830779,1.1487769e-09,0.023558724689483643,29292.134940624237,675000
55.100243,-0.39969194,-7.8021965,0.11267202,1.0,0.99908257,0.27734375,0.0046108076,-11.637138,-11.645049,-3.5437717,274.11032,0.93737584,1.8019567e-07,2.0393658,-1.6454144,29.680828,0.999073,0.24707031,0.004637191,-11.405868,-11.41355,-3.545976,78.79259,0.74895287,6.919857e-07,73.954575,-0.4896124,-7.8643255,0.12820438,1.0,0.99881554,0.13378906,0.006009224,-10.739887,-10.745931,-4.5579357,93.77067,0.5008737,1.1304237e-12,0.9988308,0.1171875,0.00618278,-10.550884,-10.556792,-4.5065994,224.77248,1.3279207,5.4879767e-09,0.022741184282302856,29405.840863466263,680000
56.74859,-0.33292127,-7.835475,0.12099166,1.0,0.9990883,0.28027344,0.004634451,-11.468359,-11.476022,-3.6293359,95.25138,0.54361916,2.2195245e-07,1.6672461,-1.347069,25.747795,0.9990797,0.26660156,0.0046695955,-11.225981,-11.233356,-3.6809115,13.622417,0.44247037,2.7952432e-05,61.6351,-0.5789578,-7.878895,0.13184664,1.0,0.99886036,0.11425781,0.0060754186,-10.825152,-10.831165,-4.674571,100.74001,0.5160537,3.8757466e-11,0.99878407,0.10253906,0.0063337036,-10.663836,-10.669657,-4.709051,571.28485,1.7371576,1.7602027e-09,0.01777585792541504,29494.720157146454,685000
58.954266,-0.35526013,-7.795431,0.11098081,1.0,0.99910545,0.28808594,0.0046934146,-11.379482,-11.386999,-3.6887965,45.393887,0.51237947,1.6412716e-05,1.384948,-3.5856104,28.998508,0.999094,0.26367188,0.0047441223,-11.170041,-11.177294,-3.7519364,27.285213,0.47416157,1.9166928e-06,72.994064,-0.467965,-7.883734,0.13305652,1.0,0.99875736,0.13378906,0.006096986,-10.938354,-10.944604,-4.5438986,383.70642,0.67238355,2.2944915e-11,0.9987974,0.13476562,0.0060934974,-10.799689,-10.805719,-4.6317205,1235.6022,2.5389423,3.1127417e-11,0.013743692588806153,29563.438621520996,690000
57.916744,-0.3906634,-7.831361,0.11996306,1.0,0.9990883,0.26953125,0.00468049,-11.412168,-11.419733,-3.6723208,249.76804,0.6402988,1.2998696e-08,2.2484174,-1.9814543,32.964916,0.99908924,0.24414062,0.00474408,-11.197919,-11.205215,-3.7332668,603.55475,1.197396,2.3053765e-06,68.556725,-0.6101165,-7.8870125,0.13387616,1.0,0.998909,0.140625,0.005954479,-10.84372,-10.849878,-4.544014,847.2912,1.1483152,1.22647665e-11,0.9987383,0.119140625,0.0063595977,-10.64495,-10.650849,-4.6098266,160.02428,1.156379,1.2383627e-09,0.013741563177108765,29632.146438598633,695000
54.920624,-0.35117403,-7.821807,0.11757466,1.0,0.9990959,0.2763672,0.004618723,-11.375149,-11.382824,-3.5241346,101.44873,0.7512929,1.8405937e-06,2.1538067,-1.2898562,24.953888,0.9990835,0.24902344,0.0046931757,-11.166399,-11.173786,-3.609661,60.25779,0.6776052,2.5631238e-08,69.66379,-0.59781075,-7.862751,0.12781069,1.0,0.99880695,0.13574219,0.0060608834,-10.881105,-10.8872795,-4.5647326,122.78552,0.4486687,5.9931955e-11,0.99872303,0.1171875,0.006488865,-10.80451,-10.810541,-4.634228,206.89809,1.3537719,3.6816733e-08,0.013747637510299683,29700.884630680084,700000
53.27115,-0.36349905,-7.8162055,0.11617428,1.0,0.999094,0.26464844,0.0046843984,-11.610258,-11.618056,-3.6335669,238.32169,0.96567506,9.392844e-06,1.0635759,-1.3349499,22.759136,0.9990864,0.23730469,0.0047389017,-11.369394,-11.37689,-3.7021275,58.829567,0.71513635,6.246376e-06,70.51145,-0.50866544,-7.889058,0.13438743,1.0,0.99886036,0.12597656,0.0059482018,-10.837376,-10.843543,-4.5288796,114.45732,0.46057415,3.0760974e-10,0.9987364,0.111328125,0.0063652666,-10.684419,-10.690465,-4.4996405,400.30264,1.9918606,1.1758041e-09,0.24072532510757447,30904.511260986328,705000
55.57977,-0.32486516,-7.786528,0.10875504,1.0,0.99909496,0.26953125,0.004743715,-11.5222,-11.529796,-3.7510834,137.62077,0.5927111,2.5089216e-06,1.7124126,-0.88807255,22.928009,0.99908733,0.25097656,0.004805901,-11.288925,-11.296265,-3.7815738,375.7029,1.0624039,5.595004e-06,75.897865,-0.45847738,-7.8619432,0.12760876,1.0,0.9987602,0.14257812,0.0059126196,-10.857129,-10.863392,-4.44998,254.2722,0.56258833,5.8703306e-11,0.9988928,0.119140625,0.0058339657,-10.764107,-10.770236,-4.494238,2689.3342,3.522831,3.578283e-08,0.024793897581100465,31028.48075056076,710000
54.028,-0.36159253,-7.81333,0.1154555,1.0,0.99909306,0.28027344,0.004593239,-11.6757,-11.6836,-3.59352,103.797844,0.6259198,1.2850008e-07,3.055935,-3.6500773,34.142227,0.9990978,0.26367188,0.004666405,-11.4315,-11.439098,-3.659023,29.36803,0.51504946,7.728233e-07,69.74858,-0.539281,-7.873517,0.13050224,1.0,0.9987879,0.13574219,0.0061342916,-11.078985,-11.085385,-4.531128,1684.479,1.5240037,8.106628e-11,0.9986162,0.1171875,0.006506105,-10.954353,-10.960646,-4.5174947,224.83272,1.2984562,5.4693974e-09,0.024801320457458496,31152.487355947495,715000
52.029224,-0.35622346,-7.818865,0.116839066,1.0,0.9990988,0.2763672,0.004642517,-11.639982,-11.647868,-3.5716467,87.704,0.7802818,2.8085194e-06,1.26893,-1.1357282,21.528866,0.999094,0.2548828,0.0047057252,-11.366894,-11.374436,-3.6520553,60.203712,0.64017785,5.0936023e-07,61.99759,-0.615476,-7.897541,0.13650826,1.0,0.99882793,0.12402344,0.006245657,-10.756531,-10.762458,-4.693313,261.62738,0.6993796,1.9189723e-09,0.9987898,0.10546875,0.0066521913,-10.589024,-10.594755,-4.725286,485.06934,3.0152268,4.954166e-12,0.024785936546325684,31276.4170422554,720000
54.769554,-0.4203848,-7.804224,0.11317887,1.0,0.9990959,0.2705078,0.0046218033,-11.628942,-11.636802,-3.5880938,62.088364,0.5272131,2.2686902e-07,1.5534823,-2.4767475,25.257744,0.99908924,0.25878906,0.004662194,-11.352909,-11.36049,-3.597618,121.89229,0.7635007,1.377799e-05,64.56033,-0.5843096,-7.8720546,0.13013664,1.0,0.9988527,0.12792969,0.005925314,-11.0397835,-11.046149,-4.5269046,36.557777,0.30833894,5.9955454e-09,0.99872684,0.107421875,0.006221402,-10.83306,-10.839263,-4.489064,158.19757,0.91998863,1.4389501e-09,0.024792220401763918,31400.378145694733,725000
60.90129,-0.39082655,-7.8239975,0.11812244,1.0,0.99907684,0.26464844,0.0047298768,-11.405525,-11.413103,-3.6529183,57.33133,0.5320441,1.19676715e-05,3.1961994,-2.5712557,29.353289,0.99908924,0.25,0.0047916444,-11.21404,-11.221345,-3.7414541,28.988379,0.5340033,5.3595577e-06,62.08705,-0.559418,-7.8974404,0.13648313,1.0,0.9989157,0.12597656,0.006006833,-10.663702,-10.669571,-4.659382,234.3795,0.5400842,3.7590273e-10,0.99885845,0.111328125,0.006219823,-10.47082,-10.476416,-4.7468624,277.36234,1.456227,3.0837004e-09,0.02479127674102783,31524.334532022476,730000
60.0584,-0.34535283,-7.819973,0.1171162,1.0,0.99909496,0.27441406,0.0047065774,-11.417273,-11.424861,-3.6546767,63.52657,0.6517322,2.504535e-06,2.092287,-2.3690681,33.47592,0.99909115,0.23925781,0.00476481,-11.161135,-11.168366,-3.763498,45.72585,0.51616466,9.704179e-07,90.68383,-0.5097984,-7.875017,0.13087732,1.0,0.99875355,0.14355469,0.00625709,-10.917374,-10.923658,-4.4900827,138.73329,0.76773477,1.5231286e-08,0.9986315,0.13378906,0.0070924694,-10.791598,-10.797754,-4.495023,1968.932,11.459267,5.841297e-09,0.024792722129821778,31648.298144578934,735000
56.46237,-0.33577538,-7.81555,0.11601049,1.0,0.99909496,0.28125,0.0046596066,-11.617737,-11.6255665,-3.6086886,58.60672,0.61480975,9.148125e-07,1.6120088,-1.5762831,23.415108,0.9990969,0.25195312,0.004711423,-11.352148,-11.359701,-3.6248484,22.334816,0.6172608,1.29935715e-05,75.553444,-0.55150354,-7.9009304,0.13735564,1.0,0.9988117,0.12011719,0.0061784415,-10.858776,-10.864856,-4.6387963,100.56359,0.593782,2.4607804e-11,0.9987259,0.09472656,0.006618719,-10.665197,-10.671081,-4.6459074,787.4917,3.2449331,3.3538486e-10,0.024790413713455202,31772.250214338303,740000
58.276215,-0.33306083,-7.822183,0.1176687,1.0,0.99909306,0.265625,0.0046964698,-11.384195,-11.391762,-3.6429145,129.42104,0.65943825,4.853785e-07,1.1871142,-0.88291144,24.624168,0.99908924,0.23144531,0.0047641285,-11.145403,-11.152651,-3.7299898,32.42532,0.54286116,1.4174792e-05,78.351,-0.4558299,-7.887746,0.13405949,1.0,0.99886227,0.15722656,0.0059227063,-10.829275,-10.835472,-4.490735,234.47206,0.63302886,1.076541e-08,0.9987364,0.11230469,0.0063852374,-10.628581,-10.634516,-4.558236,520.22925,1.6820351,1.5651215e-08,0.020696745014190675,31875.733940839767,745000
58.825207,-0.37862056,-7.8202214,0.11717826,1.0,0.9990883,0.26367188,0.004818972,-11.252848,-11.260149,-3.7829285,73.39841,0.50338703,1.2009156e-06,1.6640161,-1.794012,31.186367,0.9990835,0.2421875,0.004892622,-10.931209,-10.938153,-3.8272984,29.54698,0.49098277,4.363036e-06,72.50424,-0.5589616,-7.871909,0.13010022,1.0,0.9987984,0.13574219,0.0060309903,-10.977945,-10.98431,-4.4681597,112.38082,0.5316079,2.1499228e-12,0.99865913,0.123046875,0.006391016,-10.811995,-10.818206,-4.4570575,211.7622,0.8938562,1.8932518e-08,0.018655327558517457,31969.010580062866,750000
46.874,-0.4339602,-7.805732,0.11355589,1.0,0.9991026,0.2763672,0.004595343,-11.72693,-11.734893,-3.580612,69.129105,0.69284916,2.5749955e-07,1.5292635,-1.6170999,26.26253,0.9990864,0.25,0.004628796,-11.504404,-11.512135,-3.5963097,108.16023,0.89021224,2.3911525e-06,83.70818,-0.46888083,-7.881415,0.13247675,1.0,0.99887276,0.13574219,0.006034611,-10.890925,-10.897088,-4.586916,118.8267,0.401846,5.1008764e-10,0.99889946,0.12792969,0.0061349403,-10.730808,-10.736803,-4.597184,429.88986,1.7446203,1.7979389e-12,0.01865716805458069,32062.296421527863,755000
49.12341,-0.42685547,-7.8198276,0.1170798,1.0,0.9990902,0.25,0.004682876,-11.529177,-11.536819,-3.7114906,73.87771,0.573851,2.1075188e-07,1.7261984,-1.2828358,25.516972,0.99909496,0.23925781,0.0047116634,-11.291723,-11.2991085,-3.7364078,44.83869,0.55145794,3.6508807e-06,72.61008,-0.40603095,-7.8616858,0.12754436,1.0,0.998847,0.12792969,0.0060963384,-10.80119,-10.807183,-4.6711473,102.783775,0.4538708,7.4421297e-10,0.99883556,0.115234375,0.0060829474,-10.614333,-10.620122,-4.6934366,152.51932,1.0472441,5.5152542e-11,0.018658466339111328,32155.58875489235,760000
62.133842,-0.3105014,-7.804501,0.11324828,1.0,0.9990921,0.29101562,0.004544196,-11.527145,-11.535027,-3.463562,414.29428,0.98266435,6.3408834e-06,1.1990288,-2.0568807,30.378424,0.9990778,0.26171875,0.004610495,-11.260472,-11.268009,-3.5490766,40.371494,0.5372735,2.2707121e-05,73.263916,-0.58788097,-7.8554816,0.12599336,1.0,0.99890804,0.125,0.006034701,-10.56645,-10.572154,-4.7306604,106.80062,0.50749034,4.410165e-10,0.99889374,0.1171875,0.006266772,-10.403259,-10.408762,-4.7733054,432.84482,1.8452122,6.952408e-09,0.01866106219291687,32248.89406967163,765000
51.920692,-0.4367589,-7.798975,0.11186681,1.0,0.99911976,0.26757812,0.004726083,-11.408085,-11.415629,-3.6907797,146.28177,0.77056855,5.976918e-07,1.3606784,-3.4738483,26.706863,0.99910355,0.23925781,0.0047944146,-11.2135315,-11.220797,-3.782868,35.46997,0.64826035,1.4802941e-07,64.36807,-0.6105864,-7.867354,0.12896143,1.0,0.9986992,0.12011719,0.00620531,-11.055087,-11.061466,-4.5290213,363.0892,0.68292457,4.9242976e-10,0.9984846,0.09863281,0.006586478,-10.80785,-10.813947,-4.5702467,133.47284,0.6648725,1.0303586e-08,0.018663174533843994,32342.20994400978,770000
52.871246,-0.34495923,-7.805906,0.11359935,1.0,0.99910355,0.27246094,0.0047018495,-11.486477,-11.494121,-3.6667008,139.55243,0.7333925,5.706623e-06,1.3897598,-1.2392541,25.388563,0.9990921,0.23828125,0.004766155,-11.233364,-11.240671,-3.7572117,103.91447,0.65727,1.4237479e-07,79.280106,-0.45952365,-7.885707,0.13354972,1.0,0.99881744,0.14746094,0.006151093,-10.972565,-10.978762,-4.631542,821.28394,1.0404167,3.5854322e-10,0.99883175,0.11816406,0.0061205407,-10.767965,-10.773946,-4.6502304,133.94011,0.77435935,3.117296e-09,0.018659667348861694,32435.508281946182,775000
53.539932,-0.37329745,-7.791601,0.11002315,1.0,0.99908924,0.24707031,0.00476665,-11.338638,-11.346048,-3.758996,188.85863,0.5857707,7.6348715e-06,1.4034171,-1.4446844,23.871155,0.9990978,0.22753906,0.0047520814,-11.110255,-11.117483,-3.7161627,66.69547,0.5482015,1.7049784e-05,70.064255,-0.61465085,-7.8879404,0.13410814,1.0,0.9987602,0.13183594,0.006253925,-10.904563,-10.910794,-4.5306125,425.93893,1.1474309,1.5297149e-11,0.9986687,0.11425781,0.00704122,-10.716829,-10.722918,-4.4894886,939.35626,6.1099977,3.114231e-08,0.01925588459968567,32531.787706375122,780000
59.173378,-0.35861063,-7.811357,0.11496225,1.0,0.9991083,0.26953125,0.004754016,-11.36998,-11.377463,-3.7140598,160.52838,0.59164995,9.601779e-06,1.3802509,-1.3739032,29.18634,0.99908257,0.23632812,0.004809364,-11.159251,-11.166458,-3.7860851,44.004826,0.5599762,8.1475255e-06,69.96272,-0.6073587,-7.8888955,0.13434684,1.0,0.99882126,0.115234375,0.0062023737,-11.1371,-11.143469,-4.6227293,191.92632,0.7623061,4.8796926e-09,0.9986687,0.10839844,0.006723127,-11.037498,-11.043706,-4.687622,240.4878,1.57402,3.319207e-08,0.023568124866485594,32649.6283326149,785000
62.328465,-0.33799303,-7.8150992,0.115897685,1.0,0.9991121,0.265625,0.0045414106,-11.715329,-11.723365,-3.4952016,130.5463,0.67983997,7.988985e-06,1.4503589,-3.1072373,30.28158,0.9991064,0.26367188,0.0046215653,-11.555214,-11.563014,-3.5767546,511.78543,1.1571715,9.631029e-07,79.47443,-0.49207082,-7.8681173,0.12915224,1.0,0.9989166,0.14550781,0.0060420376,-11.082084,-11.088464,-4.5558796,156.39658,0.39271086,4.851364e-11,0.9986572,0.1328125,0.006423821,-10.991663,-10.997938,-4.5732355,83.51744,0.7926279,4.9336493e-11,0.023554672908782957,32767.401698589325,790000
51.321465,-0.38161382,-7.7958393,0.11108278,1.0,0.9990854,0.27929688,0.004614844,-11.730383,-11.738404,-3.5248408,94.45917,0.75768805,7.853877e-06,1.6249725,-2.5489259,24.863468,0.9990835,0.2529297,0.0046359366,-11.515543,-11.523302,-3.5770078,200.24754,0.88231134,9.468689e-06,86.21312,-0.5391534,-7.857879,0.1265927,1.0,0.9989147,0.140625,0.0061470084,-10.955844,-10.961919,-4.7413044,380.78503,0.87442863,8.879071e-11,0.9987354,0.103515625,0.0065595284,-10.800117,-10.806037,-4.7438316,258.772,1.2553794,1.2120034e-10,0.02356015386581421,32885.20246934891,795000
50.316784,-0.36686945,-7.7894745,0.10949166,1.0,0.9990978,0.2626953,0.0046533057,-11.763123,-11.771078,-3.6241288,59.608044,0.5852225,2.9079833e-06,1.1603992,-1.3284352,21.438742,0.9990883,0.23242188,0.004692122,-11.48197,-11.489598,-3.6788416,33.672363,0.53388065,1.8307429e-06,82.363495,-0.46529418,-7.892948,0.13536009,1.0,0.99884224,0.12695312,0.006031582,-11.086311,-11.092636,-4.6166587,1653.5011,1.5589502,5.600587e-12,0.9987421,0.11035156,0.0063653123,-10.900063,-10.906172,-4.651203,275.2472,1.1447223,7.493968e-09,0.02354828324317932,33002.943890333176,800000
52.91571,-0.3985657,-7.8264923,0.11874603,1.0,0.99908066,0.27734375,0.0046919845,-11.386725,-11.394297,-3.6409404,73.03738,0.5440195,1.5101094e-07,1.4925894,-0.96182793,24.173534,0.99907684,0.24902344,0.004737742,-11.163004,-11.170316,-3.682863,74.36466,0.63520277,9.278292e-09,77.45022,-0.48772854,-7.8790755,0.1318919,1.0,0.9988632,0.13476562,0.0059843687,-10.90593,-10.912027,-4.6672735,102.06256,0.40174812,5.3902847e-09,0.99884987,0.111328125,0.006188113,-10.741634,-10.747495,-4.7463446,163.38329,0.82469976,5.081264e-09,0.28063088221549987,34406.09830451012,805000
55.090927,-0.39316496,-7.824162,0.1181635,1.0,0.9990845,0.2578125,0.0046700784,-11.597705,-11.605465,-3.659332,39.525036,0.524417,4.0511523e-07,1.4197876,-1.6328113,28.654476,0.9990835,0.22949219,0.004745351,-11.249615,-11.256991,-3.7037873,38.883953,0.5635808,1.8970917e-05,67.4302,-0.6044508,-7.8545275,0.12575479,1.0,0.9988365,0.12597656,0.0060440055,-11.103081,-11.109491,-4.5442634,382.76932,1.0886068,1.6604091e-09,0.99872684,0.10839844,0.006417446,-10.93258,-10.938874,-4.492566,374.96088,1.7438846,1.909669e-09,0.02171997995376587,34514.69820857048,810000
56.681824,-0.36178777,-7.8206186,0.11727752,1.0,0.9991245,0.29101562,0.004552802,-11.824657,-11.832797,-3.4980216,205.5348,0.85432243,1.6674542e-06,3.6094096,-1.9154696,27.103182,0.9991112,0.2705078,0.004611207,-11.5891075,-11.596951,-3.564889,57.47448,0.79304504,5.7967604e-06,74.484375,-0.56354666,-7.8441677,0.12316495,1.0,0.9988756,0.13183594,0.006076452,-10.883947,-10.890059,-4.6304436,222.69534,0.65677667,5.2046947e-11,0.99879265,0.1171875,0.0063914796,-10.730034,-10.735899,-4.7303143,222.91855,1.1374958,1.4935235e-08,0.019880159711837767,34614.09901046753,815000
57.13997,-0.36770433,-7.8041925,0.11317109,1.0,0.99910164,0.26953125,0.0045931265,-11.623997,-11.631889,-3.5497055,315.60483,0.8513912,5.9476343e-07,1.3684189,-2.9543252,37.325367,0.99909115,0.24804688,0.004682327,-11.3549385,-11.362443,-3.6767457,16.664467,0.4979593,5.0503186e-06,68.86499,-0.5802231,-7.8813114,0.13245068,1.0,0.998827,0.119140625,0.006120789,-11.029682,-11.036042,-4.524052,192.08994,0.64085835,1.0194852e-09,0.9986477,0.11035156,0.006607538,-10.949539,-10.955766,-4.58031,96.03297,1.0796298,3.5179e-07,0.019874566078186034,34713.47184252739,820000
51.728115,-0.36501163,-7.8192573,0.116937295,1.0,0.99910164,0.28515625,0.0046196887,-11.548108,-11.555913,-3.5633545,775.0776,1.0111899,2.9066334e-06,1.4715853,-1.6538316,27.11541,0.99908733,0.2529297,0.0046935114,-11.297519,-11.305004,-3.6395047,68.81945,0.62734485,2.0879138e-07,74.89499,-0.5324087,-7.9031305,0.13790548,1.0,0.9987955,0.12988281,0.006066735,-10.8890915,-10.8954315,-4.403784,122.15424,0.7420595,5.279387e-09,0.99866295,0.11816406,0.0066230185,-10.728248,-10.734421,-4.4135866,132.02682,1.633056,1.3696841e-09,0.019881740474700926,34812.88054609299,825000
56.19053,-0.3462695,-7.812887,0.11534479,1.0,0.9991102,0.2763672,0.0045740237,-11.632923,-11.640858,-3.5162568,240.8362,1.0692942,6.092219e-06,2.370637,-3.4912374,32.2184,0.9990959,0.2548828,0.0046107173,-11.38464,-11.392292,-3.557115,61.37722,0.6136749,7.2836474e-06,78.37192,-0.5649367,-7.869899,0.1295976,1.0,0.99880695,0.13085938,0.006096183,-11.040924,-11.047213,-4.6067176,1246.4878,1.0796336,2.5711646e-11,0.99878883,0.10839844,0.0062036114,-10.792526,-10.798537,-4.6432586,148.62994,0.81400716,2.0263663e-10,0.019876918268203734,34912.2651412487,830000
48.970993,-0.38185835,-7.8035135,0.11300133,1.0,0.9990969,0.2998047,0.0045089033,-11.794538,-11.802675,-3.4695904,98.21853,0.6886497,2.7901322e-07,1.4462676,-1.2660924,21.770306,0.9990759,0.2626953,0.0045428313,-11.560892,-11.5687895,-3.4807408,222.84682,0.992452,1.4298943e-05,76.947784,-0.49741176,-7.878537,0.13175727,1.0,0.9988117,0.12011719,0.0062098824,-10.943606,-10.949779,-4.6297436,72.8134,0.51860476,7.9294976e-10,0.99872494,0.119140625,0.00653001,-10.733958,-10.739885,-4.6708317,371.6229,1.713511,4.4395887e-09,0.019880049419403075,35011.66538977623,835000
46.92819,-0.4308722,-7.8049455,0.11335934,1.0,0.9991121,0.30371094,0.0045051756,-11.784304,-11.792423,-3.477054,333.18066,0.78649133,1.7132348e-06,1.9460683,-2.0010374,28.762405,0.99910164,0.2734375,0.004574743,-11.589151,-11.5970125,-3.5447803,315.8826,0.8827895,4.346028e-07,62.490757,-0.6270076,-7.8721056,0.13014942,1.0,0.9988823,0.13964844,0.0060246,-11.068312,-11.0746975,-4.5343437,78.15821,0.38980693,3.5657345e-11,0.9986458,0.11425781,0.0065427376,-10.9173355,-10.923651,-4.4573593,284.9579,1.7484181,3.317055e-08,0.019880565071105957,35111.068219184875,840000
53.754547,-0.3862872,-7.8073177,0.11395245,1.0,0.9990921,0.27246094,0.004579776,-11.612039,-11.619967,-3.5009723,85.46971,0.6836157,5.788074e-07,1.0417581,-1.2221391,23.787209,0.9990759,0.265625,0.0046101687,-11.397648,-11.405331,-3.537448,224.1128,0.8323511,3.4462357e-06,75.31569,-0.47788233,-7.8920283,0.13513005,1.0,0.99872303,0.12207031,0.0063863536,-10.908567,-10.914633,-4.7048035,10040.481,7.1029243,3.7935427e-10,0.99874115,0.12109375,0.006489699,-10.815693,-10.821588,-4.7838593,152.882,1.1112716,3.0131573e-09,0.019886057662963866,35210.498509168625,845000
55.82022,-0.3919205,-7.7992473,0.11193476,1.0,0.99909306,0.2861328,0.0045870515,-11.519297,-11.527107,-3.5279171,107.86372,0.6579165,1.0950731e-06,1.2476397,-1.0575137,22.236553,0.9990845,0.25683594,0.004673271,-11.368921,-11.376509,-3.6066797,47.3667,0.55502105,4.8016473e-06,70.61838,-0.6187651,-7.875058,0.13088757,1.0,0.99881554,0.12988281,0.00604655,-11.034975,-11.041301,-4.5627446,45.950016,0.3409472,2.8845276e-10,0.9986515,0.11621094,0.006556593,-11.007974,-11.014237,-4.601839,219.53882,0.9596764,3.983916e-11,0.01780867977142334,35299.54191160202,850000
51.90742,-0.40668792,-7.8186817,0.11679331,1.0,0.9990978,0.26660156,0.004705561,-11.662748,-11.670576,-3.6547735,226.50395,0.79687333,2.3382422e-06,1.8636749,-1.3172878,25.098812,0.9990797,0.24121094,0.0047738478,-11.428152,-11.435663,-3.7449884,30.942356,0.5650989,4.305696e-06,69.809746,-0.53741336,-7.8776207,0.13152805,1.0,0.9989052,0.10546875,0.0060885353,-10.8499565,-10.855881,-4.788991,110.962814,0.33406842,1.0502789e-10,0.9988127,0.10449219,0.006472632,-10.706021,-10.711811,-4.783595,297.02963,1.3544736,5.327194e-08,0.018649468326568604,35392.78925657272,855000
66.01611,-0.3416326,-7.8163834,0.116218865,1.0,0.9990845,0.26367188,0.004746229,-11.402491,-11.410008,-3.7117136,1351.501,1.2365676,1.0680723e-05,2.006596,-1.4078133,29.322968,0.9990854,0.2421875,0.0047948686,-11.188549,-11.195808,-3.7610552,31.437407,0.5097562,6.608319e-06,64.24103,-0.61129963,-7.8688574,0.12933725,1.0,0.9987583,0.13183594,0.006185754,-11.098843,-11.105215,-4.5806403,47.307865,0.3861872,3.420232e-10,0.99858856,0.09863281,0.0070047965,-10.98243,-10.98872,-4.5480995,130.69554,1.3930967,2.10627e-08,0.018644627285003663,35486.01239442825,860000
60.23561,-0.35328034,-7.823395,0.117971584,1.0,0.9990988,0.265625,0.004663227,-11.668926,-11.676794,-3.6202683,2778.577,2.2719321,6.811233e-08,2.919081,-1.6660577,26.84665,0.99908257,0.24902344,0.0047140783,-11.442723,-11.4503,-3.6909943,109.33296,0.8625698,1.2896372e-06,79.88019,-0.52129865,-7.899699,0.13704774,1.0,0.9988613,0.12402344,0.006061579,-11.2099285,-11.216399,-4.5898724,159.14893,0.7016899,5.7895166e-10,0.9987831,0.11816406,0.006344299,-11.049715,-11.05598,-4.6417413,253.32716,1.2783127,1.328098e-09,0.018647386407852174,35579.24933171272,865000
64.29707,-0.33364365,-7.8044453,0.113234326,1.0,0.99908733,0.29003906,0.0046235383,-11.643167,-11.651024,-3.6051173,46.745945,0.62584984,1.8295708e-05,1.311347,-1.8235472,28.638512,0.99909115,0.27148438,0.004668765,-11.377766,-11.385346,-3.6241841,95.01449,0.7447239,9.713882e-07,75.85111,-0.5769027,-7.874795,0.13082168,1.0,0.99884415,0.11621094,0.0061982675,-11.193042,-11.199482,-4.6054444,802.9715,0.887496,2.0048679e-14,0.9987192,0.09863281,0.0065114126,-11.066431,-11.072713,-4.639619,93.230255,1.212842,2.9014195e-09,0.0186542875289917,35672.52077126503,870000
53.82146,-0.37830922,-7.826565,0.11876407,1.0,0.99909496,0.26757812,0.004603209,-11.767546,-11.77555,-3.5788536,43.34208,0.61968255,1.4395727e-06,2.415596,-1.715727,30.710163,0.99909306,0.26171875,0.0046409564,-11.565241,-11.573006,-3.6216786,24.332115,0.54195607,1.068922e-05,79.448105,-0.58328474,-7.9038577,0.13808744,1.0,0.9987564,0.12597656,0.006056059,-11.121315,-11.127873,-4.4118853,71.39906,0.54363245,4.6054747e-09,0.998703,0.10546875,0.006453524,-10.94272,-10.949099,-4.4167438,459.91342,2.106131,3.215791e-08,0.01865353584289551,35765.788454294205,875000
50.050613,-0.38002038,-7.7912626,0.10993868,1.0,0.9991188,0.28125,0.004682818,-11.583231,-11.590989,-3.6459165,172.92662,0.6891426,7.928934e-11,1.0098033,-1.2330103,23.974094,0.9991083,0.26171875,0.0047071637,-11.408758,-11.416288,-3.7052617,62.264,0.5442772,1.8567489e-09,74.16148,-0.50773704,-7.88235,0.13271043,1.0,0.9989567,0.12207031,0.0060148006,-10.705894,-10.711667,-4.799865,250.72647,0.48665795,7.379783e-09,0.99890804,0.111328125,0.0061952425,-10.512558,-10.518109,-4.8337984,303.53403,0.978763,2.2686694e-10,0.01865551266670227,35859.06601881981,880000
61.25402,-0.35078663,-7.822273,0.11769115,1.0,0.99908257,0.28027344,0.0045458637,-11.8095045,-11.817642,-3.4853933,85.14722,0.6863874,3.8481157e-06,2.003071,-3.3464305,34.36666,0.9990845,0.24902344,0.004595601,-11.603289,-11.6111355,-3.57687,84.22491,0.67169255,5.4607644e-06,79.87912,-0.54701173,-7.8678026,0.12907371,1.0,0.99887943,0.1328125,0.005925428,-11.1210165,-11.127498,-4.49093,135.27046,0.52625513,2.9236122e-09,0.9987774,0.11035156,0.0063245613,-10.990804,-10.997098,-4.5519137,148.79375,1.2437135,2.3675792e-11,0.01865224676132202,35952.32725429535,885000
50.046875,-0.39059138,-7.807607,0.11402475,1.0,0.9990835,0.2861328,0.0045078974,-11.868582,-11.876797,-3.4656703,56.397182,0.5882839,2.90381e-06,1.1047287,-1.681378,22.912106,0.9990864,0.25878906,0.0045771245,-11.653014,-11.660928,-3.5570278,24.834469,0.5851598,2.5449766e-05,66.30033,-0.5823528,-7.8795404,0.13200808,1.0,0.998868,0.119140625,0.006074729,-10.893019,-10.899099,-4.673094,146.33282,0.5270537,1.3043544e-07,0.9987869,0.1171875,0.006344603,-10.729395,-10.735341,-4.646051,117.38086,1.2406107,6.3596865e-08,0.01865449252128601,36045.59971785545,890000
57.634937,-0.41831857,-7.776507,0.10624969,1.0,0.99910545,0.2861328,0.004578243,-11.649704,-11.657559,-3.613729,107.0355,0.61128545,1.5419334e-07,1.2807101,-2.4945478,28.72889,0.99909496,0.25097656,0.004628431,-11.437378,-11.444984,-3.6568987,122.33436,0.65319324,3.8488955e-07,83.41554,-0.47187275,-7.87107,0.12989044,1.0,0.9988947,0.12695312,0.0060393084,-10.893748,-10.899805,-4.6979933,208.3288,0.6750752,1.3592008e-10,0.99882126,0.103515625,0.006306118,-10.780969,-10.786916,-4.697929,212.45686,1.5479352,5.2176414e-09,0.01865131335258484,36138.856286525726,895000
48.59582,-0.43955347,-7.7883043,0.10919914,1.0,0.9991007,0.2939453,0.0045310743,-11.8594475,-11.867657,-3.461379,237.5076,0.87250006,1.2447827e-05,1.6619945,-1.7286706,29.087864,0.9990978,0.26660156,0.004571398,-11.547411,-11.555263,-3.5168352,70.08639,0.6860163,3.083852e-06,65.38565,-0.6412747,-7.8989573,0.13686219,1.0,0.99881935,0.13183594,0.006212322,-10.973496,-10.9796915,-4.635474,69.21371,0.466439,2.1120367e-10,0.99868774,0.109375,0.006777275,-10.805336,-10.811342,-4.6601624,346.15765,2.1011505,2.1907141e-11,0.018597642517089844,36231.84450054169,900000
49.019676,-0.4494594,-7.799466,0.11198947,1.0,0.9990988,0.27734375,0.00462991,-11.627121,-11.634966,-3.602182,324.66937,0.8150515,4.3911936e-07,1.2496257,-1.5370805,23.952778,0.9991026,0.25878906,0.004671476,-11.424988,-11.4326105,-3.6268187,60.369465,0.69658494,1.1958852e-05,68.5789,-0.67561436,-7.924316,0.14320195,1.0,0.998765,0.12890625,0.0062324805,-11.030779,-11.037138,-4.5250783,155.78459,0.72522306,2.0383082e-11,0.99869156,0.12207031,0.0064143445,-10.8676815,-10.873952,-4.4523983,219.55159,1.7346439,2.1948077e-08,0.3409552318572998,37936.62066435814,905000
56.476097,-0.40847152,-7.8015175,0.11250227,1.0,0.99908066,0.26367188,0.004692032,-11.596847,-11.604632,-3.6314662,84.52627,0.63410985,1.4636462e-06,2.1390572,-1.2331641,23.276947,0.9990835,0.24414062,0.004741471,-11.386694,-11.394228,-3.6797342,41.353703,0.62255836,9.273574e-06,68.63392,-0.5205668,-7.878646,0.13178448,1.0,0.9988413,0.14550781,0.006000765,-11.032629,-11.038975,-4.5409026,99.01676,0.4307587,3.33957e-13,0.99874306,0.1171875,0.0064810477,-10.9190855,-10.925377,-4.483455,300.7837,2.3925414,4.6542835e-12,0.019840818071365358,38035.82475614548,910000
55.448936,-0.35916454,-7.805852,0.11358601,1.0,0.9990883,0.26953125,0.0047449777,-11.38187,-11.389373,-3.707056,98.8443,0.6815251,7.9400354e-07,1.3113542,-1.2231828,25.703037,0.99908924,0.23925781,0.0047983294,-11.156441,-11.163687,-3.7447045,239.98274,0.91824985,1.3412177e-06,68.999084,-0.55019933,-7.8684263,0.12922956,1.0,0.9988489,0.1328125,0.0060336804,-10.7796,-10.785648,-4.5917454,116.87128,0.581655,9.127065e-12,0.99886894,0.103515625,0.006197959,-10.6279545,-10.6338215,-4.627198,524.874,2.216794,1.7033978e-08,0.01984905195236206,38135.0700173378,915000
46.786766,-0.4256332,-7.810511,0.11475071,1.0,0.9991131,0.29492188,0.004564168,-11.673451,-11.681443,-3.4980118,95.61516,0.7483516,9.96659e-07,1.976159,-0.9593747,22.890278,0.9991131,0.2626953,0.0045972243,-11.439783,-11.447491,-3.5536778,25.322075,0.5773212,4.054258e-06,88.894485,-0.5267205,-7.876994,0.13137141,1.0,0.9988384,0.12792969,0.006191589,-10.969819,-10.975984,-4.6621575,59.478798,0.46425974,3.049165e-12,0.99867725,0.099609375,0.006768591,-10.863726,-10.869813,-4.635511,314.64795,2.0611858,5.7513634e-12,0.019835310792922972,38234.24657487869,920000
56.492554,-0.39483398,-7.8139563,0.115612134,1.0,0.999094,0.28027344,0.0045821294,-11.684432,-11.692372,-3.56041,554.7575,0.8708938,4.863249e-06,2.5877287,-1.9892819,30.979427,0.9990816,0.23730469,0.0046381876,-11.435251,-11.442884,-3.627316,50.031414,0.5356585,2.0022668e-05,75.175125,-0.6037174,-7.881135,0.13240671,1.0,0.99883556,0.15039062,0.005950475,-11.031969,-11.038376,-4.4773054,112.76769,0.5197325,4.420983e-12,0.9987087,0.11621094,0.006420334,-10.851449,-10.857696,-4.4605975,299.332,1.8914725,1.1450591e-11,0.019831251049041747,38333.402831315994,925000
59.464626,-0.33399883,-7.8137083,0.11555004,1.0,0.999094,0.29101562,0.004560279,-11.6969385,-11.704984,-3.4671354,250.09015,0.9591533,6.118635e-10,1.4449613,-1.5834342,24.512058,0.99910164,0.2607422,0.00461329,-11.497327,-11.505085,-3.5602326,228.61902,0.8838186,9.549198e-06,75.817276,-0.508379,-7.884762,0.1333133,1.0,0.99886703,0.14648438,0.006012957,-10.891925,-10.898124,-4.550647,281.99722,0.83184224,1.9938928e-10,0.9987469,0.13085938,0.0064267777,-10.825339,-10.831516,-4.506045,372.7795,2.4516678,4.4195736e-09,0.01982636375427246,38432.5346531868,930000
49.150986,-0.37331456,-7.816496,0.11624695,1.0,0.9991007,0.29785156,0.004647297,-11.592083,-11.599886,-3.6103442,53.598797,0.7089143,4.6326077e-06,1.7202199,-2.374939,27.247456,0.9991007,0.27246094,0.0046832524,-11.366523,-11.374061,-3.6559134,105.563255,0.7757547,2.7486612e-06,72.662674,-0.6547197,-7.859211,0.12692577,1.0,0.9988928,0.13378906,0.0061437096,-10.980297,-10.986389,-4.748559,29.860096,0.30681342,1.2834159e-11,0.99866676,0.12011719,0.0066862437,-10.843361,-10.849409,-4.655445,119.342354,1.1578441,8.440432e-08,0.019833642292022707,38531.702865839005,935000
55.494164,-0.4033994,-7.795702,0.11104846,1.0,0.9990969,0.26367188,0.004666754,-11.699934,-11.707826,-3.6281588,264.753,0.7659751,2.8537486e-06,1.5101396,-1.2435441,26.047434,0.999094,0.24511719,0.0046848855,-11.446501,-11.454111,-3.6618562,57.75757,0.71070516,5.0961116e-06,70.57716,-0.643563,-7.869788,0.12957,1.0,0.9988651,0.12695312,0.006051545,-10.972865,-10.979038,-4.6581335,79.54028,0.41636127,8.16039e-09,0.9987173,0.1015625,0.006549677,-10.802285,-10.808321,-4.6286864,677.1203,3.7100625,1.9912628e-10,0.019843813610076904,38630.92193698883,940000
56.13161,-0.3901588,-7.808228,0.114179924,1.0,0.9991026,0.2705078,0.0045681046,-12.049246,-12.057574,-3.5296912,152.81654,0.8877822,4.2388875e-09,1.3367153,-1.4875113,24.268967,0.99908924,0.24804688,0.0046532955,-11.826435,-11.834435,-3.641239,43.488754,0.77320445,3.2080596e-08,67.93538,-0.5360701,-7.8836184,0.13302755,1.0,0.99884415,0.12597656,0.006024126,-11.143435,-11.149824,-4.6067314,137.0583,0.45999688,5.3938683e-11,0.99868774,0.1015625,0.0065602246,-11.015414,-11.021674,-4.6111345,78.20033,1.527517,7.806558e-11,0.019839479541778563,38730.119336128235,945000
59.59487,-0.35295543,-7.828127,0.11915473,1.0,0.99908733,0.25683594,0.0047794254,-11.488421,-11.4959755,-3.7605355,58.461308,0.515344,4.073374e-07,1.5838718,-1.7527653,28.454279,0.9990845,0.22753906,0.0048683668,-11.285206,-11.29247,-3.853711,36.96709,0.48220164,3.9416145e-06,73.14438,-0.56672657,-7.876876,0.1313419,1.0,0.99890995,0.13476562,0.006078518,-11.057556,-11.0638,-4.6701097,68.9315,0.43447393,4.7604806e-11,0.9988289,0.11035156,0.006386893,-10.896549,-10.902617,-4.6886177,312.19382,1.4969517,3.5169287e-10,0.02225682773590088,38841.403480529785,950000
51.318157,-0.40990436,-7.781928,0.107604906,1.0,0.99908924,0.26171875,0.0047025634,-11.385263,-11.392827,-3.6470737,783.08136,1.4684094,4.310577e-06,1.0996492,-1.3367125,22.680483,0.99908257,0.24511719,0.004752734,-11.119852,-11.12709,-3.7154753,33.98107,0.57916176,4.2648026e-07,69.63713,-0.66279906,-7.891835,0.13508181,1.0,0.99889565,0.123046875,0.006006377,-10.865568,-10.871661,-4.6329074,84.58101,0.48769686,1.1741141e-13,0.9988413,0.11035156,0.0062443735,-10.711592,-10.717584,-4.5802674,315.1299,1.881439,9.909831e-12,0.01368045244216919,38909.80574417114,955000
63.09282,-0.35962778,-7.8017325,0.11255613,1.0,0.999094,0.27246094,0.0046020932,-11.666207,-11.674115,-3.5755084,43.208614,0.54798806,1.3725754e-07,2.4427855,-1.2415564,32.24906,0.9990902,0.24316406,0.0046493984,-11.38345,-11.391044,-3.6143887,39.919876,0.5436863,4.3381583e-06,70.73819,-0.60323465,-7.887599,0.13402267,1.0,0.9989548,0.140625,0.005960472,-10.920926,-10.927028,-4.6779346,151.12091,0.52749246,1.2421246e-08,0.99882793,0.11816406,0.006353355,-10.725174,-10.731109,-4.6534567,198.33379,1.5463829,1.0097596e-11,0.013677347803115844,38978.19248461723,960000
53.398445,-0.40049967,-7.801853,0.11258619,1.0,0.9990988,0.28710938,0.004638997,-11.632412,-11.640232,-3.6327972,68.406944,0.63045824,5.881718e-07,1.8673611,-1.677494,28.714804,0.9990845,0.24023438,0.0047094207,-11.331847,-11.339317,-3.6903846,50.42475,0.5996769,1.3525668e-07,74.31506,-0.57496476,-7.8931117,0.13540089,1.0,0.9988756,0.12792969,0.0061416747,-11.060633,-11.0668335,-4.7173667,375.4794,0.86188936,9.5973604e-11,0.9987421,0.10644531,0.0064232,-10.948687,-10.954823,-4.6715336,610.9279,2.2614312,2.7246138e-08,0.013684291553497315,39046.61394357681,965000
58.199303,-0.3873916,-7.800408,0.11222492,1.0,0.99910355,0.27441406,0.0046081445,-11.551792,-11.5596075,-3.5563776,42.786545,0.56481916,1.0422099e-08,2.0422242,-1.2925999,24.886562,0.9990797,0.2529297,0.004676459,-11.312382,-11.319901,-3.6200948,120.0877,0.6453601,1.1301151e-07,78.05574,-0.61635375,-7.8750267,0.13087967,1.0,0.99888515,0.13476562,0.0060460144,-11.03092,-11.037258,-4.546683,531.5277,0.9018547,9.772219e-10,0.9986563,0.10644531,0.006516617,-10.904686,-10.910937,-4.5109425,92.08467,1.1989731,6.72434e-10,0.013689615583419799,39115.062024354935,970000
49.72461,-0.39601582,-7.7798324,0.10708113,1.0,0.99910736,0.2939453,0.0045912256,-11.770094,-11.778125,-3.5543957,53.84822,0.60721564,3.1575e-07,1.0787797,-0.9677856,21.463596,0.9990902,0.27148438,0.0045762844,-11.545361,-11.553201,-3.5239706,77.80963,0.7047101,8.3294225e-09,70.704254,-0.6119982,-7.8861485,0.13365999,1.0,0.9988184,0.13964844,0.005998227,-10.931671,-10.937943,-4.5143757,138.24666,0.3786553,5.2470495e-10,0.99862576,0.115234375,0.006788534,-10.778299,-10.784457,-4.4783983,481.34866,2.6689596,1.8241365e-11,0.013694944381713868,39183.536747932434,975000
58.722473,-0.37074047,-7.811492,0.114996016,1.0,0.9991102,0.3017578,0.0045550237,-11.810886,-11.819011,-3.4998603,980.038,1.3018283,3.3792346e-06,1.3133676,-2.384494,25.381966,0.9991102,0.27441406,0.004558321,-11.633554,-11.641505,-3.4994617,44.61084,0.6132171,1.4553846e-05,72.685394,-0.61227196,-7.8718643,0.13008916,1.0,0.9988899,0.13671875,0.006001603,-11.049133,-11.0554285,-4.608876,273.55237,0.4899518,2.4917803e-09,0.9987011,0.1328125,0.0065590166,-10.908363,-10.914492,-4.6385527,336.34106,1.2622033,1.2916575e-11,0.013685759162902832,39251.96554517746,980000
55.70864,-0.39404806,-7.8103766,0.11471716,1.0,0.99910355,0.2890625,0.004575423,-11.9108305,-11.919017,-3.5365932,51.96372,0.65769833,1.1624183e-05,2.2180197,-1.999642,31.08715,0.9991064,0.25878906,0.004637952,-11.707519,-11.715436,-3.608476,22.751154,0.65527713,2.8733659e-05,84.29557,-0.5077839,-7.852991,0.12537068,1.0,0.9988985,0.13378906,0.0060159494,-11.142376,-11.148767,-4.6033735,182.6551,0.60794425,3.6665132e-13,0.99886894,0.115234375,0.006094532,-10.976734,-10.982926,-4.642619,185.58192,0.9307799,3.326308e-10,0.013701384210586549,39320.47247028351,985000
56.085808,-0.39030775,-7.812206,0.11517448,1.0,0.9990845,0.2685547,0.0045750868,-11.779157,-11.7872715,-3.4786186,429.7548,1.0099745,2.7465322e-07,1.3574907,-1.4426115,26.809868,0.9990778,0.24804688,0.0046352055,-11.539812,-11.547633,-3.5384905,248.03947,1.152988,2.512735e-07,72.74415,-0.5222975,-7.877365,0.1314643,1.0,0.9988842,0.13671875,0.006092161,-10.9303665,-10.936515,-4.6405053,74.90097,0.5235366,5.732554e-10,0.9987688,0.125,0.0062625,-10.703729,-10.709683,-4.6121793,78.314445,0.7544983,4.3193933e-09,0.013688881301879882,39388.916877985,990000
59.60704,-0.3790807,-7.8127856,0.11531938,1.0,0.9991102,0.27441406,0.004570643,-11.723818,-11.731849,-3.5079246,71.69006,0.7291377,1.8975685e-06,2.0527782,-1.9247155,31.598335,0.9991102,0.2705078,0.0046535647,-11.543147,-11.550888,-3.623907,41.786686,0.65997803,2.2344389e-06,83.35418,-0.47497442,-7.8830404,0.13288304,1.0,0.9988451,0.13671875,0.006098702,-11.0440855,-11.050364,-4.6217775,50.46083,0.55666924,2.5618796e-10,0.9988136,0.11816406,0.0064369794,-10.917217,-10.923374,-4.619092,514.2552,3.1003165,4.5356016e-10,0.015034648704528808,39464.09012269974,995000
70.7865,-0.3456222,-7.8017178,0.112552404,1.0,0.9990978,0.31152344,0.0044271727,-11.92869,-11.937052,-3.3737583,152.59862,0.6443119,2.3571788e-06,1.8345926,-1.3669629,28.754103,0.9991007,0.27539062,0.004502548,-11.733746,-11.741869,-3.423039,367.02637,1.0960925,4.0681043e-06,81.866585,-0.5191035,-7.873701,0.13054831,1.0,0.99882984,0.13867188,0.0059659705,-11.148962,-11.155616,-4.3424773,114.24575,0.7889864,3.1864168e-12,0.99876976,0.125,0.0062909303,-11.011318,-11.017801,-4.3794813,380.57303,1.7757525,5.563631e-12,0.018597468185424806,39557.077464818954,1000000
