training/actor/actor_loss,training/actor/adv,training/actor/bc_log_prob,training/actor/mse,training/actor/std,training/critic/binary_accuracy,training/critic/categorical_accuracy,training/critic/contrastive_loss,training/critic/logits,training/critic/logits_neg,training/critic/logits_pos,training/critic/v_max,training/critic/v_mean,training/critic/v_min,training/grad/max,training/grad/min,training/grad/norm,training/value/binary_accuracy,training/value/categorical_accuracy,training/value/contrastive_loss,training/value/logits,training/value/logits_neg,training/value/logits_pos,training/value/v_max,training/value/v_mean,training/value/v_min,validation/actor/actor_loss,validation/actor/adv,validation/actor/bc_log_prob,validation/actor/mse,validation/actor/std,validation/critic/binary_accuracy,validation/critic/categorical_accuracy,validation/critic/contrastive_loss,validation/critic/logits,validation/critic/logits_neg,validation/critic/logits_pos,validation/critic/v_max,validation/critic/v_mean,validation/critic/v_min,validation/value/binary_accuracy,validation/value/categorical_accuracy,validation/value/contrastive_loss,validation/value/logits,validation/value/logits_neg,validation/value/logits_pos,validation/value/v_max,validation/value/v_mean,validation/value/v_min,time/epoch_time,time/total_time,step
182.9295,0.22651055,-9.345613,0.49852622,1.0,0.40689754,0.0009765625,0.85167044,0.12803265,0.12801127,0.14990193,31.834293,1.6584828,0.05343595,11.403624,-8.366287,207.48042,0.7072153,0.001953125,0.568447,-0.47975126,-0.47972792,-0.50366974,9.729254,0.94981027,0.05344091,98.94878,0.028638113,-9.249713,0.4745511,1.0,0.9883003,0.0,0.054093953,-5.3411355,-5.340895,-5.587044,5.920948,0.0718719,3.599457e-05,0.9860468,0.0029296875,0.04439702,-5.877789,-5.87756,-6.1123953,8.398348,0.077787876,3.998262e-05,0.009372006607055665,46.86003589630127,1
12.359932,-0.26185152,-8.121811,0.19257556,1.0,0.99902916,0.080078125,0.0056678317,-11.588067,-11.594636,-4.8676405,4.565943,0.035794973,2.7469814e-06,0.25540635,-0.2038914,6.468585,0.9990301,0.08203125,0.005630048,-11.47547,-11.482006,-4.7879705,3.107451,0.035425976,1.6589777e-06,14.34851,-0.19759592,-8.126826,0.1938296,1.0,0.99902534,0.051757812,0.00582981,-11.184357,-11.190623,-4.773925,15.789362,0.033728935,2.5518702e-06,0.9990263,0.052734375,0.005783006,-11.115865,-11.122054,-4.783187,4.150135,0.026310772,3.4710993e-06,0.19742352929115295,1033.977684020996,5000
23.417658,-0.12652934,-8.033619,0.17052779,1.0,0.9990349,0.11621094,0.005192361,-12.617758,-12.625816,-4.374346,18.09433,0.0816084,9.794819e-06,0.4458063,-0.603857,14.226485,0.9990349,0.11230469,0.0051978705,-12.5546665,-12.562601,-4.437081,6.578272,0.07286808,6.0863945e-06,15.3276005,-0.21982044,-8.029068,0.16939,1.0,0.99900246,0.06640625,0.0053526713,-12.489365,-12.497295,-4.3770514,11.417509,0.08224419,1.2093279e-05,0.9990053,0.06640625,0.005386223,-12.436957,-12.444808,-4.4044914,11.926203,0.0857635,5.1665273e-05,0.20545009665489197,2061.228168964386,10000
34.295113,-0.13688594,-7.9844437,0.15823391,1.0,0.9990387,0.13574219,0.0049696118,-12.781166,-12.789632,-4.1208324,8.616758,0.106124595,4.9680184e-05,0.53591186,-0.6159515,15.504695,0.9990406,0.12988281,0.005018264,-12.690237,-12.698543,-4.19462,9.233775,0.113469526,8.1629754e-05,32.41231,-0.18491066,-7.9992657,0.16193937,1.0,0.9990177,0.09082031,0.0052073346,-12.679819,-12.68805,-4.26147,16.19256,0.11423716,3.171585e-05,0.999012,0.083984375,0.0052846754,-12.520707,-12.528696,-4.347437,13.342976,0.09803924,2.6225396e-05,0.11429169678688049,2632.6866562366486,15000
33.338943,-0.18065172,-7.9439836,0.14811882,1.0,0.9990454,0.15429688,0.0047418876,-13.17016,-13.179272,-3.8493428,17.488861,0.17086938,5.674207e-05,0.6922252,-0.57159704,15.198332,0.9990444,0.13769531,0.00480658,-12.876489,-12.885268,-3.8957586,48.168777,0.19942358,7.688558e-05,34.3311,-0.21333364,-7.961665,0.15253922,1.0,0.9990244,0.12402344,0.0050818706,-12.833115,-12.841694,-4.0544405,58.83293,0.1517162,1.3308927e-05,0.99901485,0.10546875,0.005137105,-12.55914,-12.567419,-4.089899,43.2805,0.23178764,5.8846083e-05,0.004918039751052856,2657.2768568992615,20000
49.015785,-0.18608703,-7.9142227,0.14067869,1.0,0.9990368,0.16210938,0.0047056004,-13.166183,-13.175367,-3.771385,43.142384,0.26585174,9.056032e-06,1.7779378,-2.3246064,32.683567,0.9990387,0.125,0.004798296,-12.950815,-12.959704,-3.8586335,31.13375,0.23913205,1.7501146e-05,45.203957,-0.23680568,-7.9538965,0.15059713,1.0,0.9990177,0.13476562,0.00509281,-13.047371,-13.056067,-4.151337,153.58324,0.38194177,7.9845066e-08,0.99901485,0.111328125,0.005171654,-12.7774315,-12.785798,-4.2198853,151.51451,0.40383106,3.6791323e-06,0.11426775541305542,3228.6156375408173,25000
52.814804,-0.18743828,-7.935624,0.14602907,1.0,0.9990492,0.17578125,0.004600594,-13.368668,-13.37817,-3.6468081,154.3023,0.41933817,1.4068951e-05,0.84772515,-1.0994952,29.565372,0.9990463,0.16113281,0.0046791183,-13.1262,-13.135386,-3.7289073,85.63709,0.38440377,7.8814024e-05,46.744194,-0.26580414,-7.913015,0.14037664,1.0,0.9990034,0.12109375,0.0050786156,-13.192612,-13.201515,-4.0841255,217.47417,0.65339625,1.1830372e-06,0.9990063,0.11035156,0.005160851,-12.974556,-12.98315,-4.1833725,304.96317,0.74588275,1.1405521e-06,0.004920252561569214,3253.216902256012,30000
40.602905,-0.33924347,-7.9042683,0.13819005,1.0,0.99904156,0.19238281,0.0045393375,-13.483503,-13.493148,-3.6166139,33.272682,0.259166,3.0925344e-06,1.5814158,-1.2969583,28.037094,0.99904346,0.14648438,0.0046348893,-13.179438,-13.188745,-3.6580625,32.260586,0.31366396,7.808846e-05,52.854973,-0.26317507,-7.902439,0.13773282,1.0,0.9990177,0.12402344,0.005139757,-13.35119,-13.360184,-4.150532,252.52455,0.37604457,5.807564e-07,0.9990196,0.107421875,0.0052025276,-13.066284,-13.07493,-4.221922,78.30444,0.21730626,3.6268645e-07,0.09931262855529785,3749.7800483703613,35000
48.774296,-0.27040112,-7.88795,0.13411045,1.0,0.9990473,0.234375,0.004375298,-13.739986,-13.750062,-3.43259,399.1107,0.45548218,1.8768165e-05,1.018222,-0.95546395,22.88805,0.9990473,0.1875,0.0044973562,-13.508936,-13.518636,-3.5860183,61.9204,0.28850308,0.0001568189,45.133106,-0.33962238,-7.9095783,0.13951744,1.0,0.9990101,0.125,0.00506019,-13.547635,-13.556893,-4.076766,97.99263,0.31680566,1.2153214e-05,0.9990196,0.11035156,0.005097974,-13.255258,-13.264137,-4.1702538,59.791084,0.22060524,1.692664e-05,0.00489721302986145,3774.2661147117615,40000
54.61093,-0.24013539,-7.88424,0.13318297,1.0,0.9990473,0.20019531,0.004503481,-13.493629,-13.503421,-3.4772398,66.97379,0.33277163,6.272373e-06,1.040194,-0.96903974,22.953003,0.9990406,0.16601562,0.0045732344,-13.379044,-13.388592,-3.6109014,32.841034,0.24356723,8.9040395e-06,57.608177,-0.26460338,-7.8841753,0.13316688,1.0,0.9990206,0.125,0.005110055,-13.3452835,-13.35428,-4.141028,85.382416,0.18282384,2.9275046e-07,0.99902344,0.11230469,0.00515294,-13.127521,-13.136191,-4.2558336,32.961143,0.12174792,4.9496007e-06,0.09135469799041748,4231.039609193802,45000
52.488655,-0.36259562,-7.8841314,0.1331558,1.0,0.9990425,0.21972656,0.0043583005,-13.909912,-13.92025,-3.3336112,182.19963,0.47489333,1.8292778e-05,1.8250496,-1.0720785,26.243063,0.9990368,0.19433594,0.004436543,-13.836683,-13.846851,-3.4339833,61.576145,0.3552472,2.6927315e-05,57.19802,-0.3292786,-7.892107,0.13514972,1.0,0.99901867,0.13671875,0.0050969133,-13.644955,-13.654261,-4.125917,120.27802,0.38044763,7.0386085e-07,0.9990225,0.12402344,0.0051328596,-13.435224,-13.444248,-4.203807,55.395733,0.2854817,2.5243768e-05,0.011660777378082276,4289.3434998989105,50000
55.85595,-0.36260778,-7.867825,0.12907913,1.0,0.99904156,0.23144531,0.004304203,-14.13552,-14.146038,-3.3757188,416.05325,0.46610177,4.555398e-05,1.4183625,-1.4958591,29.660967,0.99903584,0.20605469,0.004395181,-13.844937,-13.855097,-3.4521778,36.389065,0.31866017,5.3860356e-05,62.983635,-0.32458717,-7.901969,0.13761522,1.0,0.9990101,0.1328125,0.005190554,-13.747128,-13.756467,-4.192962,185.55954,0.3659571,3.1696854e-07,0.9990196,0.11230469,0.0052174777,-13.430058,-13.439007,-4.2756615,91.0949,0.18140936,2.8781915e-06,0.08728063235282899,4725.746664762497,55000
54.79295,-0.273048,-7.868972,0.12936586,1.0,0.99905205,0.25097656,0.0042435597,-14.084425,-14.095047,-3.2179718,156.79605,0.48237538,6.646446e-05,1.8696796,-2.5199695,29.030455,0.99905014,0.19921875,0.0043656165,-13.817331,-13.827492,-3.4222956,184.16354,0.49185586,2.1810294e-05,59.260193,-0.3409971,-7.8753967,0.13097212,1.0,0.9990225,0.15039062,0.0050111613,-13.7739,-13.783434,-4.0206857,35.9928,0.16426346,4.507109e-06,0.9990206,0.12109375,0.0050815456,-13.510799,-13.519988,-4.1102037,145.47307,0.27449638,3.069951e-05,0.008925282526016235,4770.373080730438,60000
61.017002,-0.33453658,-7.8521013,0.12514833,1.0,0.99905205,0.23339844,0.00429691,-14.128928,-14.139502,-3.3119202,227.60591,0.50661325,7.687719e-06,1.8306065,-1.1862746,29.984491,0.9990425,0.21777344,0.004376784,-13.776723,-13.786865,-3.4016588,36.01784,0.4119076,3.5197027e-05,56.473812,-0.39071244,-7.860843,0.12733373,1.0,0.9990225,0.12988281,0.005110698,-13.696131,-13.705496,-4.114707,56.43393,0.24206752,3.1260308e-07,0.99902534,0.109375,0.0051817847,-13.326216,-13.335176,-4.159415,105.77993,0.33208954,7.1557984e-06,0.00894041337966919,4815.075149536133,65000
67.01421,-0.29465026,-7.8412256,0.122429356,1.0,0.999053,0.2763672,0.004109067,-14.463805,-14.474918,-3.0952647,679.37445,0.83540016,8.617653e-05,1.2015654,-1.5512855,27.520916,0.9990444,0.25683594,0.0042194827,-14.159145,-14.169828,-3.2294903,68.774376,0.5661074,8.148493e-05,58.578163,-0.38476053,-7.8491845,0.12441916,1.0,0.9990244,0.13769531,0.0050869845,-13.994313,-14.00398,-4.104809,93.35357,0.35064247,4.8068155e-06,0.9990196,0.10839844,0.0051256404,-13.609373,-13.6186285,-4.1394014,73.46918,0.34076244,1.1355591e-05,0.010547001314163208,4867.810158252716,70000
61.533493,-0.3559974,-7.8601303,0.12715554,1.0,0.99908257,0.29882812,0.004011038,-14.6524935,-14.663935,-2.9492068,179.65077,0.87065095,6.5799068e-06,0.9836571,-0.9069204,25.781803,0.99906445,0.265625,0.004077331,-14.37514,-14.386222,-3.0382323,93.82237,0.69254005,4.4210326e-05,59.10031,-0.4319156,-7.8769956,0.13137183,1.0,0.9990206,0.13085938,0.005177918,-13.722185,-13.731532,-4.1607323,208.33257,0.45548472,9.300201e-07,0.99901485,0.1015625,0.0052508162,-13.381993,-13.390937,-4.2326584,26.46006,0.17755911,6.3972954e-07,0.012905598783493042,4932.338155269623,75000
55.299286,-0.42899585,-7.863289,0.12794533,1.0,0.99905205,0.2861328,0.004090134,-14.589681,-14.600946,-3.0644584,414.12283,0.5860915,5.054079e-05,1.6107144,-1.1725687,26.175026,0.9990473,0.23242188,0.0041306806,-14.213627,-14.2245035,-3.0869603,106.043144,0.54600006,7.795564e-05,67.11667,-0.41374224,-7.8653984,0.1284725,1.0,0.99901867,0.11328125,0.005178263,-13.747676,-13.757016,-4.1922293,637.8896,0.6553004,1.7235041e-07,0.99901104,0.099609375,0.0051888647,-13.361321,-13.37033,-4.1457815,59.6245,0.30821368,7.25768e-06,0.14153156008720397,5639.99595952034,80000
64.08037,-0.35463047,-7.8419085,0.12260018,1.0,0.9990692,0.32128906,0.003992821,-14.795763,-14.807339,-2.952795,210.73717,0.76450026,3.8771523e-07,1.4926189,-2.1996903,29.05394,0.99905396,0.24902344,0.0041098865,-14.544057,-14.555274,-3.068606,51.989536,0.64702606,1.4092073e-07,69.99784,-0.39114016,-7.859374,0.12696645,1.0,0.9989872,0.13867188,0.005193185,-13.842304,-13.851847,-4.0805144,299.98657,0.8157066,3.0321814e-06,0.99901676,0.1171875,0.005136078,-13.542885,-13.552028,-4.1893225,41.6368,0.15961581,3.0241274e-06,0.008894056367874145,5684.466245651245,85000
70.87227,-0.30321175,-7.8579874,0.1266197,1.0,0.99906826,0.30371094,0.0039892746,-14.558921,-14.570233,-2.9867811,189.97182,0.6754143,7.845512e-05,3.2136195,-1.5735914,33.65983,0.9990616,0.27539062,0.00410797,-14.327678,-14.338634,-3.120421,121.43891,0.66418266,2.6392194e-05,55.247623,-0.4169107,-7.8609123,0.12735108,1.0,0.9990082,0.119140625,0.005170879,-13.865559,-13.875033,-4.171732,421.3001,0.57785726,7.45316e-08,0.99901104,0.11816406,0.005119102,-13.560768,-13.570006,-4.1097918,35.220074,0.30398494,1.5031495e-07,0.007302653503417969,5720.979517221451,90000
57.345207,-0.40372914,-7.819103,0.11689868,1.0,0.99908257,0.32226562,0.0039854376,-14.668213,-14.679639,-2.9788334,384.62103,0.7797332,4.2400323e-05,1.5520183,-0.92445767,22.52872,0.999073,0.25097656,0.004115387,-14.4763565,-14.487443,-3.1351407,35.45084,0.4517504,0.0001293066,71.045685,-0.35098523,-7.851698,0.12504748,1.0,0.99900246,0.13964844,0.0051661376,-14.024767,-14.034441,-4.1273127,167.43593,0.49590364,1.1933645e-06,0.9989939,0.111328125,0.0052308636,-13.848198,-13.857641,-4.1881433,45.644814,0.3311688,1.7186958e-06,0.005479254055023194,5748.375789165497,95000
63.95688,-0.29562584,-7.8490977,0.1243974,1.0,0.999073,0.32226562,0.003950487,-14.974381,-14.986201,-2.8831232,251.04494,0.8232809,3.9586932e-05,2.4558363,-1.5766028,27.90111,0.99906254,0.27246094,0.0040063052,-14.70681,-14.718299,-2.9535627,41.33347,0.4148945,3.3662755e-06,63.556194,-0.38706157,-7.8312254,0.119929284,1.0,0.99901676,0.12890625,0.005208038,-13.977701,-13.987336,-4.12247,2177.4907,2.8442147,4.3245868e-07,0.99901104,0.11425781,0.0051947874,-13.619055,-13.628282,-4.1790333,59.8636,0.31906202,2.710642e-06,0.0053507193565368654,5775.1293885707855,100000
59.59536,-0.39002666,-7.832744,0.120309025,1.0,0.9990778,0.3203125,0.003968142,-15.0027485,-15.014548,-2.9311733,178.17868,0.8941734,5.5338904e-05,1.6666089,-1.5554167,24.244144,0.9990568,0.24414062,0.004089654,-14.710861,-14.722254,-3.056846,224.68611,0.7377632,0.000174135,59.638443,-0.40543622,-7.8646584,0.12828755,1.0,0.99900913,0.13867188,0.005110142,-13.972906,-13.982559,-4.0983715,385.22696,0.45752776,3.9158333e-08,0.999012,0.1328125,0.005129341,-13.647296,-13.65664,-4.08806,106.571754,0.44805905,6.2604715e-07,0.11736999316215516,6361.97935795784,105000
65.880615,-0.35840666,-7.8209105,0.11735064,1.0,0.99908066,0.32714844,0.003887718,-15.044728,-15.056631,-2.868102,98.930214,0.6798972,0.00011263134,3.6865883,-2.4246566,38.07324,0.9990816,0.29589844,0.003947256,-14.807919,-14.819516,-2.9430935,48.977684,0.5665059,0.00013828903,81.340004,-0.30488974,-7.839551,0.12201082,1.0,0.99903107,0.13964844,0.0050713057,-13.785078,-13.794563,-4.082855,110.17424,0.33790654,6.8813455e-07,0.99902344,0.12402344,0.005166127,-13.522169,-13.531267,-4.2152166,186.4734,0.35889095,2.927334e-09,0.008930164575576782,6406.630182504654,110000
57.458702,-0.33176365,-7.828031,0.11913073,1.0,0.9990883,0.34277344,0.003933602,-14.967598,-14.97939,-2.9056168,684.4457,0.9416013,2.3050194e-05,3.3475115,-2.249104,29.95856,0.9990616,0.28320312,0.0040084617,-14.739027,-14.750479,-3.0227306,23.688375,0.40616345,4.430031e-05,62.02753,-0.33272898,-7.8526773,0.12529239,1.0,0.9990225,0.13378906,0.0051033916,-13.881166,-13.8907175,-4.1109896,344.67612,0.49232435,1.0448812e-06,0.9990282,0.12109375,0.005134219,-13.669588,-13.67887,-4.1739817,80.749725,0.45637113,6.2875793e-06,0.00894710283279419,6451.365699768066,115000
53.46257,-0.3223121,-7.8487453,0.124309346,1.0,0.99908257,0.3564453,0.0037949393,-15.154826,-15.166956,-2.7460732,134.52333,0.62440157,4.710583e-05,2.401112,-2.408452,26.97981,0.99906063,0.25976562,0.003991441,-14.861267,-14.872885,-2.976491,77.395744,0.5279275,4.77408e-05,70.40287,-0.325387,-7.859837,0.12708223,1.0,0.9990139,0.13085938,0.005166297,-13.927673,-13.9372635,-4.116769,526.8487,0.8532077,1.9118139e-07,0.9990158,0.115234375,0.0051702717,-13.589407,-13.598625,-4.1589375,224.62248,0.5441849,8.815954e-08,0.00893737406730652,6496.0525732040405,120000
52.680504,-0.38881028,-7.825805,0.11857425,1.0,0.9990864,0.33496094,0.0039405194,-15.285402,-15.297457,-2.9546275,69.57186,0.67152107,2.5439236e-05,1.5277529,-1.0565296,22.905128,0.9990616,0.28125,0.0040495293,-15.030809,-15.042488,-3.0831265,80.064995,0.6073899,7.1433715e-05,69.88653,-0.40482068,-7.844897,0.12334713,1.0,0.99901485,0.125,0.0051284563,-14.081947,-14.091694,-4.110214,143.32033,0.49131635,6.753894e-07,0.99901295,0.10644531,0.0051676296,-13.873337,-13.882837,-4.152975,20.754517,0.22754419,5.228376e-07,0.008994915771484376,6541.027153968811,125000
70.155785,-0.3199713,-7.8232965,0.11794701,1.0,0.9990816,0.35546875,0.0039374577,-15.1422,-15.154198,-2.8686714,185.31752,0.6845176,6.9553e-05,3.4882808,-1.93104,40.072456,0.999073,0.28710938,0.0040267846,-14.876564,-14.888185,-2.9887023,22.042812,0.4606384,0.00013189668,72.00508,-0.34806466,-7.8540845,0.12564415,1.0,0.9990244,0.13085938,0.005092128,-13.985842,-13.995484,-4.120332,193.99785,0.3732099,4.6285513e-07,0.9990225,0.109375,0.0051626014,-13.694857,-13.704135,-4.202764,34.493996,0.14417969,1.0519078e-08,0.008995065307617187,6586.002484321594,130000
58.672253,-0.3354249,-7.797916,0.11160189,1.0,0.9990988,0.3466797,0.0038758279,-15.193898,-15.206053,-2.7588642,122.87807,0.898094,1.4883416e-05,1.1347631,-0.82323724,20.720503,0.9990759,0.30371094,0.0039147777,-14.969645,-14.981498,-2.8442142,45.08913,0.67142147,8.225633e-05,63.58476,-0.3684913,-7.847433,0.12398128,1.0,0.9990225,0.13183594,0.005101877,-13.908596,-13.918189,-4.0943575,196.81905,0.33138752,7.3281406e-08,0.9990244,0.1171875,0.005168058,-13.76192,-13.771283,-4.183182,177.41261,0.52760845,7.043789e-08,0.009892259836196899,6635.4637858867645,135000
67.94099,-0.27549565,-7.838044,0.12163401,1.0,0.9990988,0.36328125,0.0037976345,-15.445667,-15.458123,-2.7029505,113.19524,0.78454196,1.8669232e-05,2.6401954,-1.9098543,32.258472,0.99907017,0.2783203,0.0039153523,-15.329603,-15.341786,-2.8659716,121.03423,0.8733303,6.0380422e-05,65.984375,-0.38783404,-7.8693237,0.12945394,1.0,0.9990158,0.11035156,0.005100244,-13.893283,-13.902883,-4.072541,501.413,0.5231587,3.2841538e-09,0.99901104,0.12011719,0.005143741,-13.774637,-13.784066,-4.1286926,92.568535,0.35309058,3.1449304e-08,0.012969360780715943,6700.310592412949,140000
60.618973,-0.32640532,-7.8412395,0.1224328,1.0,0.9990988,0.35742188,0.003794849,-15.41369,-15.426107,-2.7102582,137.17664,0.7666931,5.3653905e-05,2.7931116,-1.8437355,32.717575,0.9990835,0.29785156,0.003941967,-15.242842,-15.254924,-2.8825614,79.56691,0.7582671,5.14786e-06,62.2348,-0.42523828,-7.8478346,0.1240816,1.0,0.9990139,0.119140625,0.005164985,-13.86125,-13.870745,-4.148797,558.1985,0.49275535,6.2724115e-07,0.99901485,0.10253906,0.00519397,-13.661759,-13.671021,-4.1861115,67.28477,0.2825415,2.2947435e-05,0.008960916614532471,6745.115177154541,145000
55.18146,-0.40674645,-7.82208,0.11764303,1.0,0.9991007,0.36035156,0.003827341,-15.587621,-15.6001215,-2.7986932,69.314964,0.6167054,4.4900502e-05,3.72988,-3.5279024,32.8432,0.9990673,0.296875,0.003959595,-15.3068075,-15.318949,-2.8872013,604.7786,1.1700468,0.00015188585,67.88328,-0.41249812,-7.8446655,0.12328928,1.0,0.99901104,0.111328125,0.00517234,-14.033304,-14.042913,-4.203165,206.4866,0.3971541,5.912915e-07,0.9990034,0.1015625,0.005199883,-13.70945,-13.718729,-4.217643,67.565735,0.27920276,3.016208e-07,0.008981324815750123,6790.021804332733,150000
71.402596,-0.2982436,-7.8390985,0.121897586,1.0,0.9991026,0.38476562,0.0037659595,-15.566687,-15.579312,-2.6515927,77.86946,1.043417,8.784855e-05,2.3716886,-3.2266243,33.57491,0.99908066,0.3125,0.0038665885,-15.447013,-15.459414,-2.7602348,73.99624,0.85078776,2.589766e-06,60.14035,-0.3820777,-7.858906,0.12684935,1.0,0.9990196,0.123046875,0.0051778047,-13.994534,-14.0040865,-4.2211947,135.28465,0.21929821,3.79638e-10,0.99902534,0.10058594,0.005215359,-13.716517,-13.725766,-4.254565,76.78407,0.21672708,2.6490787e-09,0.15941009755134583,7587.072295665741,155000
53.72206,-0.39250544,-7.820958,0.117362425,1.0,0.9991255,0.38378906,0.003676485,-15.930215,-15.943281,-2.5633755,198.04005,1.2086942,3.4089375e-05,2.758115,-1.1452358,25.056002,0.99906445,0.3154297,0.0037687244,-15.753501,-15.766301,-2.6590486,129.14444,1.0157897,0.00019664883,59.98253,-0.3965432,-7.837073,0.121391185,1.0,0.99902153,0.12109375,0.0051507615,-13.983198,-13.992853,-4.105428,114.061226,0.37366086,1.4937244e-06,0.99901485,0.1171875,0.005213191,-13.65151,-13.660802,-4.1471562,158.93811,0.39283058,2.1186033e-06,0.008938026714324952,7631.762433052063,160000
52.212605,-0.33486784,-7.807817,0.11407727,1.0,0.9991131,0.3564453,0.0038145622,-15.669459,-15.682141,-2.6950917,137.59131,0.80536085,1.3068697e-05,1.4578755,-1.6796812,26.518549,0.9990635,0.30566406,0.0039146915,-15.380205,-15.392468,-2.8345745,64.9623,0.63229203,2.3804598e-05,52.153313,-0.45659378,-7.858778,0.12681758,1.0,0.99902534,0.15136719,0.00497648,-14.122308,-14.132238,-3.9622164,47.572533,0.18479498,1.8839007e-08,0.99900913,0.125,0.005078351,-13.823598,-13.833145,-4.057326,35.756977,0.17180255,2.3649136e-06,0.008935670185089112,7676.440786123276,165000
63.490055,-0.3118619,-7.8232718,0.11794099,1.0,0.999115,0.37304688,0.003767231,-15.823589,-15.836417,-2.6993444,265.0483,1.0060619,2.1554017e-05,3.0930371,-4.230578,33.927147,0.99907494,0.296875,0.0038916522,-15.487676,-15.500088,-2.790882,298.38748,1.1357719,2.8073962e-05,75.13666,-0.3333792,-7.821736,0.11755688,1.0,0.9990196,0.12109375,0.005123432,-14.301348,-14.311321,-4.0981116,278.47632,0.8811169,1.291832e-08,0.9990196,0.115234375,0.005179678,-14.009062,-14.018649,-4.2008595,278.93082,0.4260739,1.0475242e-06,0.008940994358062743,7721.145759344101,170000
57.275215,-0.37388068,-7.827892,0.11909589,1.0,0.999115,0.375,0.0037066517,-15.984751,-15.997869,-2.5654502,188.89268,1.1552625,1.2925874e-06,1.0055469,-1.7651216,22.73106,0.99906826,0.32714844,0.00383568,-15.699852,-15.712551,-2.709093,139.61034,1.0150349,1.7552478e-05,50.99821,-0.46454906,-7.8490853,0.12439428,1.0,0.9990139,0.13476562,0.005111359,-14.064028,-14.073826,-4.0397534,186.84297,0.40551332,2.643437e-08,0.9990206,0.123046875,0.005179743,-13.786561,-13.796082,-4.046421,297.15344,0.71419543,4.6549968e-07,0.008926687812805176,7765.779200553894,175000
56.76394,-0.2900794,-7.8266506,0.11878569,1.0,0.99911785,0.4013672,0.0036421348,-15.922968,-15.936059,-2.5315008,192.01877,1.1581186,1.5362048e-05,2.3633876,-1.4340724,27.720053,0.9990759,0.31054688,0.0037494116,-15.802908,-15.815793,-2.6223452,37.873497,0.7314211,0.00021896962,71.979004,-0.32086426,-7.825108,0.118400015,1.0,0.9990139,0.15332031,0.0051470282,-14.027125,-14.036884,-4.043749,402.78836,1.4486003,6.217806e-08,0.99902534,0.119140625,0.0052228584,-13.752209,-13.761543,-4.2031727,1045.5867,1.9850705,1.4777621e-09,0.008985149240493774,7810.704949617386,180000
47.09205,-0.41525245,-7.8139153,0.11560191,1.0,0.99912643,0.3798828,0.003754213,-15.889017,-15.901936,-2.674804,153.64783,0.93857634,6.4220917e-06,1.2552389,-1.2206922,19.730944,0.99908733,0.32226562,0.003856494,-15.719269,-15.7319,-2.796651,83.20977,0.839471,0.00012302883,64.17157,-0.36158344,-7.836365,0.121214226,1.0,0.999012,0.13867188,0.0051509677,-13.99557,-14.005229,-4.1144886,679.25916,0.7980138,1.1142779e-06,0.9990139,0.11230469,0.005159289,-13.669668,-13.6789465,-4.1769953,11.389301,0.11009103,1.260755e-05,0.008985015439987183,7855.630028247833,185000
60.46229,-0.3087438,-7.8132696,0.115440436,1.0,0.99913216,0.36621094,0.0037905753,-15.822092,-15.834914,-2.705622,564.44073,1.0699867,8.355809e-06,1.8395324,-1.5857537,25.08493,0.9990969,0.29101562,0.003928732,-15.564032,-15.576468,-2.8400126,46.411655,0.77853036,0.00014478393,60.10064,-0.42243868,-7.8354363,0.12098205,1.0,0.9990196,0.13476562,0.005045031,-14.093452,-14.103252,-4.0685196,289.56277,0.49318707,5.830191e-08,0.99901676,0.12011719,0.0050921757,-13.862026,-13.871575,-4.092927,17.690357,0.12187229,2.7688218e-06,0.008984869003295898,7900.5543785095215,190000
59.144234,-0.32029012,-7.813131,0.11540575,1.0,0.99913216,0.3779297,0.0037139049,-16.015182,-16.028301,-2.5958047,232.98842,1.2559934,9.724338e-05,1.734389,-1.9862612,29.154345,0.9990978,0.31152344,0.0037888263,-15.711287,-15.72396,-2.7456212,73.75215,0.7837549,2.9398288e-05,57.469555,-0.4062949,-7.8407764,0.12231701,1.0,0.9990206,0.13183594,0.0051412373,-14.021599,-14.031296,-4.100442,301.2588,0.6194826,6.298084e-07,0.9990072,0.107421875,0.0051553953,-13.763042,-13.77245,-4.1373796,66.66114,0.20194896,1.3439758e-06,0.008699382591247558,7944.051293134689,195000
64.332535,-0.30964094,-7.801015,0.11237666,1.0,0.9991255,0.39941406,0.0036178818,-16.205416,-16.218834,-2.4785466,607.09814,1.2166495,0.00012993468,1.3911325,-0.97641444,25.590546,0.9991045,0.3388672,0.0037490707,-16.068794,-16.081882,-2.6802545,228.93068,1.0258998,6.654857e-05,71.079605,-0.30020934,-7.8179274,0.1166047,1.0,0.999032,0.15527344,0.0049849376,-14.1988125,-14.208806,-3.9762008,69.846016,0.19658545,2.186034e-12,0.99903107,0.12109375,0.005055454,-13.933805,-13.943434,-4.082893,193.43457,0.35081488,1.4229781e-09,0.005292660903930664,7970.5146017074585,200000
51.54512,-0.3887909,-7.7948356,0.11083184,1.0,0.9991331,0.40039062,0.003687103,-16.125175,-16.138424,-2.571402,1951.3705,2.4139338,7.2540543e-06,1.0484904,-1.4006147,20.07772,0.99907684,0.31835938,0.0038749245,-15.909992,-15.922849,-2.7579389,165.4914,1.0826969,1.0439488e-06,66.13394,-0.30677655,-7.829905,0.11959916,1.0,0.9990177,0.123046875,0.0051335804,-14.085104,-14.09485,-4.1148853,225.8507,0.42971483,2.5145616e-07,0.99902153,0.10839844,0.0051579154,-13.752434,-13.761797,-4.1742387,29.542458,0.14389539,3.4317214e-09,0.19489515376091004,8944.990374088287,205000
64.39665,-0.27676275,-7.8243666,0.11821467,1.0,0.99913406,0.3935547,0.0036550811,-16.29339,-16.306883,-2.4887276,76.78627,0.9459109,4.601489e-05,1.4872895,-2.174747,31.549726,0.9990845,0.32617188,0.0037199007,-16.152401,-16.165646,-2.6040497,68.25768,0.84467316,7.942088e-07,63.10491,-0.35271278,-7.8030143,0.112876534,1.0,0.99901104,0.12695312,0.0051604067,-14.119778,-14.129582,-4.0907927,196.62337,0.4142845,1.3599515e-08,0.9990063,0.119140625,0.0051969388,-13.9146805,-13.92421,-4.165455,22.218868,0.17164701,2.280532e-09,0.008955475997924804,8989.767756223679,210000
54.3085,-0.36714092,-7.8279986,0.1191226,1.0,0.99915123,0.41015625,0.0035688626,-16.35697,-16.370564,-2.4505787,230.98422,1.2789869,7.915193e-05,2.1002243,-1.3938981,30.113056,0.9991112,0.34277344,0.003702487,-16.100767,-16.113945,-2.6180148,257.2543,0.9776267,2.2738608e-05,65.185234,-0.37078846,-7.8468914,0.12384583,1.0,0.99902916,0.1484375,0.0050622094,-14.086054,-14.095877,-4.0372,164.49803,0.3963007,9.165179e-09,0.99901295,0.11621094,0.00516372,-13.78954,-13.799023,-4.089387,75.45265,0.2739882,1.27326025e-08,0.00894157738685608,9034.47564983368,215000
39.02733,-0.41281092,-7.807928,0.11410506,1.0,0.9991112,0.36914062,0.0038036378,-16.06681,-16.079842,-2.7365375,145.68118,0.7767101,1.9207817e-05,1.5380923,-1.8009009,20.011631,0.999074,0.30664062,0.0039195707,-15.843877,-15.856609,-2.8185287,88.896385,0.88280463,0.00019453935,59.147873,-0.41949737,-7.8338614,0.12058832,1.0,0.99902153,0.14160156,0.005085376,-14.18176,-14.1915655,-4.1506586,167.51505,0.24673156,3.2798987e-08,0.99901676,0.119140625,0.005122789,-13.902106,-13.911611,-4.178015,19.76413,0.13062963,9.88603e-07,0.008945105409622192,9079.201179265976,220000
56.419968,-0.34175044,-7.8067293,0.11380529,1.0,0.9991493,0.39160156,0.0037736879,-16.095861,-16.109043,-2.6122534,175.11984,1.492616,1.7997585e-05,1.063316,-1.0244684,22.790726,0.99910545,0.31835938,0.0038826494,-16.034838,-16.047762,-2.8108044,310.8929,1.4639862,4.804169e-05,76.04996,-0.30418044,-7.8508854,0.12484428,1.0,0.99902153,0.12988281,0.005135807,-14.28632,-14.296292,-4.082904,285.92328,0.5000919,1.8763377e-08,0.9990225,0.10449219,0.005182981,-14.118656,-14.1283455,-4.2068214,47.603577,0.15951975,2.0754423e-09,0.009672708559036255,9127.564723730087,225000
59.807774,-0.3054608,-7.8024354,0.11273186,1.0,0.99913025,0.36914062,0.0037205503,-16.334534,-16.347935,-2.624555,172.69943,1.0389754,1.7384148e-06,2.8394077,-4.530756,31.661015,0.9990854,0.31054688,0.0038093124,-16.131802,-16.14489,-2.7409723,109.59881,0.8041998,8.9457935e-05,67.26879,-0.31883365,-7.8163815,0.116218396,1.0,0.99902344,0.125,0.0050863167,-14.103355,-14.113131,-4.102899,155.5381,0.5655413,3.3014532e-11,0.99902344,0.125,0.005183555,-13.865344,-13.874753,-4.2402086,123.97505,0.32911032,2.1929289e-08,0.00906157693862915,9172.87261390686,230000
51.280754,-0.46312696,-7.8124495,0.11523536,1.0,0.99912834,0.4033203,0.0036236497,-16.469906,-16.483654,-2.4073257,300.05554,1.2569029,7.049764e-06,0.873366,-1.1266888,21.665615,0.9991007,0.35058594,0.003677335,-16.164095,-16.177446,-2.503696,93.27468,0.8946655,1.38726045e-05,54.09503,-0.52288955,-7.843382,0.122968525,1.0,0.99902725,0.13671875,0.0050986693,-14.279228,-14.2892,-4.0787625,81.7409,0.28125888,5.1600956e-11,0.99901867,0.103515625,0.005143376,-13.948145,-13.957756,-4.115644,21.101328,0.120756604,1.4709387e-07,0.008984105920791626,9217.79314827919,235000
54.553574,-0.36088452,-7.815417,0.11597706,1.0,0.9991493,0.40820312,0.003581046,-16.63586,-16.649734,-2.4439273,583.6808,1.5915754,5.1641582e-05,1.726799,-1.7901585,24.253399,0.99908924,0.34375,0.0037492556,-16.317028,-16.330433,-2.6038837,60.90817,1.0757372,1.4125773e-06,70.7269,-0.3696383,-7.849944,0.12460902,1.0,0.9990177,0.13867188,0.005047218,-14.363724,-14.373799,-4.0563865,344.5645,0.53900796,2.224656e-08,0.9990101,0.10839844,0.0051012286,-14.046857,-14.056582,-4.0970087,53.88447,0.23963006,3.6759234e-06,0.00898892879486084,9262.737795114517,240000
53.62961,-0.3713441,-7.8256607,0.11853823,1.0,0.99913406,0.40625,0.003565893,-16.591043,-16.60482,-2.4960537,138.89532,1.1288798,8.80758e-05,1.3767886,-1.3240167,26.748035,0.999094,0.33007812,0.003688424,-16.29597,-16.309359,-2.5982563,86.20141,0.8822088,0.00015039647,61.207367,-0.40672398,-7.844331,0.12320558,1.0,0.9990158,0.12597656,0.0051312167,-14.2464485,-14.256353,-4.113133,582.3311,0.4679567,3.013877e-08,0.99901485,0.103515625,0.0051746215,-14.0097475,-14.019352,-4.184609,12.169901,0.09726007,6.476261e-07,0.008987614059448243,9307.675867080688,245000
53.86297,-0.3007294,-7.8135376,0.11550729,1.0,0.99914455,0.41796875,0.0036047907,-16.532507,-16.54626,-2.4640527,63.04504,1.0037607,9.469827e-06,0.9572691,-1.3520252,21.468842,0.99909973,0.34960938,0.0037440904,-16.220562,-16.233873,-2.6034398,156.05136,1.0564336,2.9682342e-05,49.37401,-0.41260687,-7.836215,0.121176854,1.0,0.99902344,0.1328125,0.0052068825,-14.061551,-14.071225,-4.1652064,99.47073,0.29495746,2.3072559e-07,0.9990139,0.11621094,0.005219848,-13.792674,-13.802081,-4.169326,234.06345,0.40442798,2.599697e-07,0.008992258739471435,9352.637164354324,250000
52.551838,-0.40512908,-7.7956657,0.111039385,1.0,0.99916935,0.41796875,0.0035829386,-16.615849,-16.629742,-2.40424,1042.1129,2.070938,4.977664e-05,2.6987271,-1.278889,28.556734,0.99910545,0.3671875,0.0036966861,-16.324406,-16.33787,-2.548232,60.9958,1.162806,1.5253732e-06,56.71357,-0.39476085,-7.833403,0.12047377,1.0,0.999012,0.14648438,0.0051184422,-14.319859,-14.329873,-4.074854,643.7297,1.104127,1.7580662e-08,0.9990101,0.10253906,0.0051616617,-13.904833,-13.914393,-4.124366,377.99042,0.6139181,9.054324e-09,0.009006568670272826,9397.670009374619,255000
54.892128,-0.33916986,-7.807685,0.11404425,1.0,0.99914265,0.38867188,0.0036385327,-16.701881,-16.71581,-2.4529228,73.15278,1.2215002,4.542758e-08,2.7554438,-2.140496,22.741112,0.99910355,0.328125,0.0036761747,-16.536816,-16.550499,-2.5387263,52.751633,0.95666134,0.00011235048,62.407387,-0.36002564,-7.8340855,0.12064427,1.0,0.9990244,0.1328125,0.005159566,-14.188873,-14.198686,-4.1503763,715.59125,0.5775827,2.9589433e-13,0.9990196,0.107421875,0.005215078,-13.978284,-13.987802,-4.2409925,147.25063,0.2707954,8.8464663e-10,0.0089810706615448,9442.575364589691,260000
51.981476,-0.36121225,-7.807168,0.11391504,1.0,0.9991436,0.4189453,0.003592716,-16.810856,-16.824902,-2.4413671,243.4874,1.2403425,0.00012988488,1.1988679,-1.4834677,22.54132,0.9991131,0.34375,0.0036654645,-16.43584,-16.449429,-2.5335035,79.88945,1.129243,6.637807e-05,48.04931,-0.43382964,-7.84688,0.12384291,1.0,0.9990139,0.12597656,0.005127429,-14.271072,-14.28099,-4.125621,162.80173,0.5276343,2.1208674e-08,0.9990196,0.1171875,0.005148674,-13.966794,-13.976398,-4.1406517,134.03006,0.34845352,3.3963486e-06,0.00899791784286499,9487.564959287643,265000
59.383347,-0.25341612,-7.8138933,0.11559625,1.0,0.9991379,0.4140625,0.0036069055,-16.675478,-16.68934,-2.492312,314.74832,1.4944024,6.0703023e-06,1.3519845,-0.8532799,23.298141,0.99909306,0.33398438,0.0037306095,-16.485283,-16.498861,-2.5915756,409.5506,2.0082083,5.7592657e-05,62.409836,-0.41393158,-7.8441133,0.12315136,1.0,0.99901676,0.12207031,0.005058793,-14.3787,-14.388844,-4.0023527,213.38908,0.8119837,2.4592886e-05,0.99902344,0.109375,0.0051296325,-14.157136,-14.166993,-4.074152,183.12953,0.6396955,7.6977985e-06,0.008985769653320312,9532.493808984756,270000
58.566154,-0.35774928,-7.81215,0.1151605,1.0,0.9991579,0.40527344,0.0036215363,-16.662254,-16.676102,-2.497261,113.23837,1.2010678,9.168484e-09,5.7579913,-2.4756787,38.03949,0.9991112,0.34277344,0.0037380576,-16.460669,-16.474192,-2.625099,47.446667,0.94143045,9.025453e-07,65.94787,-0.3697417,-7.844346,0.12320954,1.0,0.99902725,0.14257812,0.005054828,-14.169991,-14.17989,-4.042468,56.47202,0.19441773,1.9411254e-06,0.99902725,0.12207031,0.005136092,-13.89597,-13.9055195,-4.1264067,27.073526,0.11763068,2.3307016e-06,0.00899214973449707,9577.454563379288,275000
50.447426,-0.3375174,-7.811467,0.11498973,1.0,0.99912643,0.3720703,0.00369215,-16.67513,-16.688894,-2.5951004,49.697807,0.94031835,6.7389556e-05,1.798749,-1.823325,24.063454,0.9990845,0.32226562,0.0038177236,-16.38867,-16.401974,-2.7797914,114.853745,0.9208727,0.00010531446,62.60122,-0.3365559,-7.8167515,0.11631073,1.0,0.9990282,0.13183594,0.005072758,-14.250818,-14.260791,-4.047517,1497.9602,1.3870384,9.035766e-08,0.9990101,0.10449219,0.0051091625,-14.0453825,-14.055092,-4.112031,161.88249,0.40927926,1.9356166e-06,0.008978053283691407,9622.34483408928,280000
57.87119,-0.27650914,-7.820545,0.11725932,1.0,0.9991541,0.3828125,0.003708424,-16.545353,-16.559074,-2.5059323,214.59787,1.382897,1.6209586e-06,2.35384,-1.5561738,28.921886,0.9991007,0.3330078,0.003793587,-16.366453,-16.379833,-2.676649,50.52237,0.8289075,0.00020952513,67.341515,-0.30548364,-7.8450418,0.123383425,1.0,0.9990196,0.15234375,0.005,-14.307531,-14.317599,-4.0073647,129.66237,0.281693,9.651879e-08,0.99901676,0.123046875,0.0050898925,-14.123999,-14.133784,-4.113226,163.66502,0.32243735,5.625737e-08,0.008994549179077148,9667.3175842762,285000
54.049904,-0.35513294,-7.7908807,0.10984312,1.0,0.99914646,0.40039062,0.0036468701,-16.689999,-16.703915,-2.4534197,390.53622,1.5380017,9.4638184e-05,3.3664663,-3.1035676,31.651115,0.99909496,0.33691406,0.003719117,-16.452099,-16.465649,-2.590221,61.80126,1.0319612,0.00014977656,71.99594,-0.30994502,-7.8198276,0.117079884,1.0,0.9990244,0.14257812,0.0050440086,-14.10082,-14.110649,-4.044613,344.7399,0.48791295,1.221966e-10,0.9990244,0.11328125,0.0051443125,-13.89257,-13.902063,-4.181454,24.068033,0.13919422,1.9117892e-10,0.008995270872116089,9712.293944120407,290000
51.196976,-0.33559304,-7.7981424,0.111658484,1.0,0.99914837,0.4111328,0.0036625774,-16.68532,-16.699207,-2.4783015,146.3461,1.4178927,4.418276e-05,2.3859746,-1.974799,25.737495,0.9991112,0.33984375,0.0037880214,-16.421509,-16.434994,-2.6267056,358.38028,1.5146372,0.00014132714,72.165665,-0.35043418,-7.8240347,0.11813163,1.0,0.9989948,0.13964844,0.0051708547,-14.438693,-14.448865,-4.0335913,597.15894,1.4344947,1.5479962e-09,0.99901295,0.12109375,0.0051575624,-14.235998,-14.245897,-4.1093907,418.47424,1.2791424,1.1175403e-07,0.00764015736579895,9750.494733810425,295000
53.08864,-0.2932504,-7.806657,0.113787144,1.0,0.99914265,0.41601562,0.0035690418,-16.960043,-16.974218,-2.4579225,188.32071,1.1951697,1.5148852e-07,1.4986222,-1.3907266,26.324797,0.9990988,0.3203125,0.0037269327,-16.88118,-16.895096,-2.645101,39.716465,0.8781463,1.6328877e-05,59.26644,-0.37025303,-7.8256893,0.11854525,1.0,0.9990034,0.15234375,0.0051538367,-14.346934,-14.356972,-4.0790133,1743.9429,1.6872308,1.6615116e-09,0.9989977,0.10546875,0.005192053,-14.159275,-14.169057,-4.1519074,18.69105,0.16715208,6.99715e-08,0.007582847785949707,9788.408977270126,300000
61.411327,-0.33571488,-7.8112745,0.11494164,1.0,0.99913025,0.39746094,0.0036695292,-17.05528,-17.069542,-2.4682293,546.0287,1.6752586,2.4851843e-06,1.1974844,-1.408011,24.206005,0.9991007,0.35253906,0.0037039048,-16.547113,-16.56084,-2.5028963,77.10316,1.3684582,1.7107965e-05,63.77948,-0.43740618,-7.8378057,0.12157436,1.0,0.9990082,0.1328125,0.0051452406,-14.436185,-14.446355,-4.0312495,195.53851,0.6545339,9.644709e-14,0.9990034,0.12011719,0.005104811,-14.034298,-14.044077,-4.0299234,50.074898,0.28855422,1.4508459e-11,0.25382329363822936,11057.52544760704,305000
55.1575,-0.2988996,-7.805131,0.11340569,1.0,0.9991579,0.42773438,0.0034902517,-17.220871,-17.235428,-2.3316784,230.0791,1.5626011,3.4113132e-06,0.93433684,-1.5384464,22.453098,0.9991007,0.35742188,0.003578926,-17.019053,-17.0333,-2.4447649,483.64087,1.7787399,5.8075482e-05,55.457127,-0.3827529,-7.8242702,0.11819052,1.0,0.99900436,0.13574219,0.0051312223,-14.532464,-14.542767,-3.9941006,789.6237,1.7604935,9.969223e-07,0.9989996,0.12695312,0.0050619133,-14.235719,-14.245682,-4.0441318,433.9939,0.73042166,9.026228e-07,0.00692191686630249,11092.135033845901,310000
55.973495,-0.33670256,-7.7952366,0.11093205,1.0,0.99914646,0.42871094,0.00346098,-17.31059,-17.3252,-2.3642561,103.54236,1.2270796,0.00019583362,1.793863,-2.413173,27.230072,0.999115,0.3544922,0.0035656854,-17.016102,-17.030333,-2.4572496,57.992195,0.958785,0.00015819543,52.948532,-0.38095647,-7.8530216,0.12537841,1.0,0.9990282,0.14941406,0.004963492,-14.436262,-14.446534,-3.927675,3937.2483,2.345004,3.433388e-07,0.99901295,0.125,0.004995698,-14.1191025,-14.129009,-3.9842641,393.0059,0.63356084,1.5049783e-05,0.00892479887008667,11136.75903058052,315000
50.857407,-0.33940408,-7.795067,0.11088961,1.0,0.99915886,0.4248047,0.0035424568,-17.131437,-17.145859,-2.3775506,484.0603,1.4073956,5.882089e-05,2.984715,-1.6341949,30.690418,0.9991121,0.3515625,0.0036114063,-16.889267,-16.903353,-2.4790397,117.020615,1.161514,2.4913672e-05,57.857445,-0.44510862,-7.8334923,0.12049601,1.0,0.9990282,0.12988281,0.005137783,-14.314775,-14.324709,-4.1516848,174.25963,0.33974037,2.1181888e-10,0.99902725,0.12402344,0.0051685516,-14.084268,-14.093939,-4.190688,99.669914,0.2848093,2.9034566e-09,0.008953467178344726,11181.526368379593,320000
62.52607,-0.32739288,-7.7937946,0.11057156,1.0,0.99915695,0.42578125,0.0035196333,-17.240402,-17.254951,-2.3556666,101.9732,1.2132353,4.47709e-05,1.6427362,-2.1339161,30.435472,0.9991131,0.3623047,0.0035942905,-16.8399,-16.853956,-2.4615822,88.970604,1.0816257,6.299803e-05,71.68938,-0.324446,-7.8265553,0.11876178,1.0,0.99900913,0.12792969,0.005198168,-14.553347,-14.5635805,-4.083151,521.675,1.2533121,1.5589683e-09,0.9990139,0.12402344,0.0052088914,-14.233032,-14.242827,-4.2141914,80.976524,0.26589957,7.776784e-09,0.008977636194229126,11226.414552211761,325000
54.11332,-0.33455008,-7.8097506,0.11456053,1.0,0.999156,0.4140625,0.0036084873,-16.90247,-16.916601,-2.4448254,163.64268,1.3543502,3.75996e-06,1.4405855,-1.950792,25.258244,0.99910164,0.35546875,0.003728774,-16.589935,-16.60359,-2.6197946,71.054,0.99783,0.00026396662,66.61023,-0.31782237,-7.819928,0.117105015,1.0,0.9990082,0.13671875,0.0052062813,-14.421032,-14.431089,-4.131506,552.1211,0.94352883,2.120119e-08,0.9989996,0.09863281,0.0051835408,-14.194674,-14.20444,-4.201797,98.41149,0.24539852,5.391009e-11,0.008989784955978394,11271.363480091095,330000
55.37614,-0.30460194,-7.8076973,0.114047356,1.0,0.9991865,0.41601562,0.0035378442,-17.12274,-17.137173,-2.3567817,107.9945,1.4166129,4.354812e-05,2.357253,-2.971542,29.22977,0.99911594,0.37109375,0.0036413753,-17.00854,-17.022732,-2.4897485,86.50072,1.1163982,5.7106223e-05,67.436195,-0.33116406,-7.832305,0.12019922,1.0,0.9989958,0.1171875,0.0051636538,-14.48423,-14.494581,-3.8953695,1049.0956,2.9521754,8.216279e-07,0.998991,0.10546875,0.0051619364,-14.30644,-14.316478,-4.037449,166.67923,0.47114572,8.98517e-08,0.008989265251159667,11316.309807777405,335000
57.591248,-0.3113662,-7.7884274,0.10922988,1.0,0.99915314,0.4013672,0.0035725622,-17.01265,-17.026928,-2.4046292,308.25153,1.4122761,0.00011568848,1.6161702,-2.4834034,26.1866,0.9991007,0.3388672,0.0036977795,-16.725666,-16.739542,-2.532404,255.9463,1.4636303,5.768888e-06,62.331856,-0.3777672,-7.8173485,0.11646008,1.0,0.9990053,0.123046875,0.005203592,-14.2668705,-14.276773,-4.135639,436.57925,0.72666115,1.7708979e-07,0.999012,0.107421875,0.0052115447,-14.110925,-14.120609,-4.203476,65.28576,0.26972345,2.0456765e-08,0.008996939134597778,11361.29450750351,340000
48.38041,-0.3743118,-7.805152,0.11341091,1.0,0.99915695,0.4326172,0.0035731301,-17.252071,-17.266525,-2.4647326,300.32535,1.392652,2.2152319e-05,3.2024748,-1.7384154,27.267248,0.99910736,0.359375,0.0037092953,-16.913164,-16.92717,-2.5863483,56.48551,1.0354552,2.431866e-05,59.440735,-0.402888,-7.8360233,0.12112882,1.0,0.99901295,0.14550781,0.0050006546,-14.591067,-14.601469,-3.95092,1997.6736,1.6305699,1.5831556e-06,0.99901104,0.1328125,0.0050309626,-14.289044,-14.299131,-3.9701705,156.24823,0.5651154,8.877696e-08,0.009003811168670654,11406.313567399979,345000
55.784065,-0.34238,-7.798333,0.11170621,1.0,0.9991722,0.41503906,0.003630741,-16.96733,-16.981527,-2.4457808,131.39877,1.5455157,4.2329495e-05,1.499935,-1.2960353,24.829811,0.999115,0.34277344,0.003738427,-16.558924,-16.572538,-2.6306863,135.08926,1.1199386,0.000107947104,60.863235,-0.37178302,-7.850999,0.124872684,1.0,0.9989948,0.140625,0.0051113474,-14.469496,-14.479764,-3.9654515,506.5036,0.8500463,2.3190898e-08,0.9989872,0.12792969,0.0051207067,-14.188342,-14.19829,-4.0123696,85.36292,0.36026353,4.2623586e-07,0.008992265892028808,11451.274899959564,350000
57.64318,-0.34104413,-7.8131504,0.11541069,1.0,0.9991703,0.43359375,0.0034601633,-17.60907,-17.624104,-2.2316995,187.80408,1.7387388,8.0711325e-06,1.3566761,-1.6931996,24.97406,0.99910736,0.3720703,0.003590802,-17.284744,-17.299276,-2.4174817,77.704926,1.1384506,1.5751775e-05,55.064934,-0.33354998,-7.827785,0.11906925,1.0,0.99900913,0.13476562,0.005059021,-14.5773535,-14.587714,-3.9789064,2405.822,2.5737453,3.446428e-09,0.9990015,0.11621094,0.0051429854,-14.284697,-14.2946,-4.1547995,67.42049,0.22831772,1.2732748e-06,0.009000464582443237,11496.27722620964,355000
53.62564,-0.3737896,-7.8035846,0.11301917,1.0,0.9991522,0.40722656,0.003582632,-17.296352,-17.3109,-2.414962,287.35638,1.7283231,7.802485e-06,1.1112514,-1.6835471,20.95554,0.99912167,0.35742188,0.0036075255,-17.03719,-17.051414,-2.4847565,323.43106,1.4332445,0.00043346747,50.92749,-0.39920413,-7.838827,0.12182973,1.0,0.99901485,0.12792969,0.005049918,-14.625113,-14.635463,-4.0372286,311.5842,0.51766205,1.0407008e-07,0.99900913,0.10449219,0.005118426,-14.305726,-14.3156805,-4.121824,97.70316,0.27620512,3.529093e-07,0.00898960828781128,11541.225270032883,360000
64.158,-0.27903175,-7.8187437,0.11680901,1.0,0.99915504,0.4296875,0.0034899637,-17.558617,-17.573545,-2.2876155,485.26553,1.8645195,7.1521004e-06,2.0493636,-2.0570247,28.785076,0.9991236,0.36914062,0.003593195,-17.297215,-17.311737,-2.4389553,184.67155,1.3891437,2.2895016e-05,69.94344,-0.34299868,-7.8471937,0.12392139,1.0,0.9990225,0.13964844,0.0050329883,-14.643621,-14.653942,-4.085891,1121.2368,1.100052,8.689892e-12,0.99902153,0.11035156,0.0050992183,-14.320344,-14.330275,-4.161481,42.923496,0.19212824,5.133867e-10,0.009001120853424072,11586.2308781147,365000
63.182747,-0.3189289,-7.811592,0.115020975,1.0,0.9991789,0.42871094,0.003494585,-17.30051,-17.315157,-2.313147,723.2766,2.1060684,0.00011771568,1.570116,-2.7829418,32.68452,0.9991274,0.3671875,0.003591959,-17.129335,-17.143688,-2.4489045,93.48609,1.3725811,1.1446389e-05,74.83884,-0.27680546,-7.829767,0.1195647,1.0,0.9990063,0.15429688,0.0051097693,-14.633791,-14.644175,-4.0119596,474.69522,0.8186866,7.476379e-09,0.9990063,0.11230469,0.005148221,-14.412438,-14.422477,-4.14423,74.89433,0.34221518,1.2473227e-10,0.008996302843093872,11631.2123939991,370000
63.591866,-0.3116204,-7.7897234,0.109553844,1.0,0.99916553,0.41210938,0.0035798994,-17.26621,-17.280773,-2.3705876,240.09995,1.7634972,3.2124488e-05,1.1484756,-1.4203277,24.725271,0.99912643,0.36328125,0.0036439726,-16.936508,-16.950666,-2.4531455,349.72302,1.7588234,0.00012028138,55.382786,-0.3857328,-7.835264,0.12093901,1.0,0.9990034,0.13574219,0.0052147964,-14.406953,-14.416971,-4.1576223,580.4684,0.797266,3.9493864e-07,0.9990015,0.11035156,0.005221139,-14.13061,-14.140303,-4.215909,299.2247,0.44976866,5.145452e-07,0.01235935821533203,11693.009189605713,375000
57.993153,-0.3039838,-7.791399,0.10997276,1.0,0.999136,0.4111328,0.0035911202,-17.420948,-17.435625,-2.4047236,580.19196,1.7825114,3.7675032e-05,2.0740652,-2.4327757,27.478382,0.99912167,0.34375,0.0036331657,-17.191097,-17.205482,-2.472909,192.86255,1.5440792,6.928534e-05,55.04493,-0.3757259,-7.8125753,0.11526689,1.0,0.9989948,0.140625,0.0051577,-14.459971,-14.470133,-4.064641,158.70757,0.53188,2.6725766e-09,0.99900436,0.12011719,0.005212838,-14.203981,-14.213805,-4.154215,240.72357,0.6086978,7.000938e-09,0.013053457736968994,11758.27647972107,380000
58.92972,-0.30274996,-7.7986364,0.11178206,1.0,0.99918175,0.4482422,0.003463612,-17.583775,-17.598703,-2.3111553,188.26746,1.9269092,0.000102059385,1.3209239,-1.5010047,23.391933,0.999135,0.37695312,0.0035726342,-17.220196,-17.234608,-2.474298,104.86545,1.6504312,0.0001164255,59.519455,-0.41602954,-7.833276,0.12044187,1.0,0.99901295,0.13574219,0.0050742277,-14.619409,-14.629771,-4.0201316,509.11026,0.9745565,3.7718761e-10,0.9990015,0.11816406,0.005126111,-14.321747,-14.331719,-4.1196666,37.355515,0.26425713,4.9139587e-10,0.013050717830657959,11823.530071496964,385000
53.426167,-0.3258815,-7.783729,0.108055264,1.0,0.9991665,0.41601562,0.0035219896,-17.449265,-17.464058,-2.3181038,204.93794,1.5009327,0.00014664643,1.7825555,-1.4103272,24.479912,0.9991121,0.35546875,0.0036516413,-17.169018,-17.183376,-2.4806347,87.576836,1.1109586,2.5787262e-05,54.749435,-0.41480428,-7.8296404,0.119533174,1.0,0.99901676,0.111328125,0.0050785327,-14.500734,-14.510979,-4.0204964,194.02652,0.43563557,1.0504797e-09,0.9990082,0.12207031,0.0051064016,-14.352511,-14.362576,-4.0568743,117.02112,0.41077375,5.1709653e-10,0.013061531114578247,11888.83773112297,390000
57.35167,-0.316759,-7.80864,0.114282936,1.0,0.99915314,0.43359375,0.003479084,-17.657001,-17.672056,-2.25594,154.52489,1.5834684,9.586502e-09,2.0253658,-2.329659,30.978539,0.99910736,0.3671875,0.0036048363,-17.276506,-17.290987,-2.4628525,55.269455,1.1932652,6.293998e-06,70.52234,-0.35102567,-7.84597,0.12361549,1.0,0.99902725,0.1484375,0.005080551,-14.569495,-14.579762,-4.06648,954.01154,0.75156236,1.4142053e-10,0.99902153,0.119140625,0.005187868,-14.253613,-14.263449,-4.1921463,191.95515,0.3682722,3.895368e-09,0.013092623567581176,11954.300854206085,395000
55.635674,-0.32886577,-7.809889,0.114595115,1.0,0.9991646,0.41503906,0.0035643945,-17.42588,-17.440607,-2.3622613,319.10373,1.9400669,0.0001676655,1.5746301,-2.2122142,26.571503,0.9990978,0.3564453,0.0036612195,-17.108126,-17.12243,-2.475111,115.31295,1.4521202,5.3047028e-05,59.472565,-0.40278953,-7.832488,0.12024495,1.0,0.9989681,0.12695312,0.005240115,-14.54548,-14.55573,-4.0595965,844.1767,1.3719712,7.650665e-10,0.99897003,0.123046875,0.005266109,-14.326073,-14.336046,-4.121477,115.32884,0.5433142,4.2359983e-07,0.0130275221824646,12019.43846821785,400000
52.693443,-0.35103434,-7.815333,0.11595617,1.0,0.99916935,0.42382812,0.003437216,-17.688059,-17.703173,-2.226839,498.29254,2.2626562,1.04259925e-05,1.0172086,-0.90185106,20.060677,0.99911976,0.39453125,0.0035045748,-17.2715,-17.286106,-2.3275115,201.96878,1.5630039,5.4442e-05,64.947,-0.33416736,-7.838515,0.1217517,1.0,0.9990225,0.125,0.0050726263,-14.646037,-14.656406,-4.0380063,173.94681,0.5637504,1.6902474e-07,0.9990196,0.09765625,0.0051103923,-14.349364,-14.3593645,-4.1188745,52.896736,0.26886094,3.3699321e-09,0.26891184358596804,13363.997689247131,405000
55.892353,-0.3319878,-7.790372,0.10971591,1.0,0.99918747,0.43847656,0.0034562834,-17.84037,-17.855621,-2.236547,237.0401,2.1771889,3.702181e-05,1.4732574,-2.2249584,28.861282,0.9991245,0.3935547,0.0035472992,-17.388882,-17.40357,-2.363244,772.14087,2.1815004,6.7379915e-05,50.82746,-0.42516732,-7.8356647,0.121039145,1.0,0.999012,0.14453125,0.0050656837,-14.723505,-14.733981,-4.0070744,339.22705,0.8455796,2.3686475e-09,0.99901485,0.09863281,0.0051279934,-14.457656,-14.467769,-4.1122465,169.15436,0.5784705,4.827393e-07,0.008873486423492432,13408.365124702454,410000
58.766685,-0.340212,-7.7913647,0.10996412,1.0,0.9991636,0.40722656,0.0036137495,-17.184538,-17.198925,-2.4673426,95.95694,1.3878698,7.123888e-05,1.3854336,-1.3026129,26.584808,0.9990969,0.3359375,0.0037230547,-16.990938,-17.005007,-2.5969748,133.49086,1.1277661,3.250372e-05,55.465702,-0.38520062,-7.839629,0.12203029,1.0,0.99900913,0.15722656,0.0050797747,-14.614214,-14.624549,-4.0413456,638.5804,1.2098747,2.0335778e-08,0.99901485,0.109375,0.005154722,-14.338996,-14.349015,-4.0894594,135.12456,0.5160048,9.367843e-09,0.0079512433052063,13448.12134361267,415000
41.397514,-0.39631933,-7.792635,0.11028171,1.0,0.9991598,0.38476562,0.0037175885,-17.298359,-17.312828,-2.4968603,298.03143,1.9108194,4.4625217e-06,1.2561352,-1.2849054,19.199537,0.9991064,0.33789062,0.0038074828,-17.008652,-17.02279,-2.5445547,876.30804,2.6062036,4.6440977e-07,62.86978,-0.39451867,-7.82705,0.11888551,1.0,0.9990206,0.125,0.005175192,-14.603341,-14.613602,-4.1076417,162.18443,0.54037505,1.7972002e-10,0.999012,0.11035156,0.0051531466,-14.322142,-14.332113,-4.1214333,41.619568,0.20525552,6.8675186e-09,0.0058171355724334715,13477.207023143768,420000
62.419025,-0.3286945,-7.7998524,0.11208612,1.0,0.9991703,0.4140625,0.003575934,-17.54527,-17.560091,-2.3846955,102.6432,1.5869527,1.5236968e-06,1.4773974,-1.7993021,25.997261,0.99910927,0.34472656,0.0037169608,-17.392218,-17.406733,-2.5420303,404.7873,1.9663444,0.00022104867,70.83955,-0.3097242,-7.840788,0.12232001,1.0,0.9990196,0.13085938,0.005092939,-14.560788,-14.571052,-4.061824,645.49066,0.98188955,3.359529e-09,0.99901485,0.115234375,0.005083365,-14.29608,-14.306043,-4.103242,70.934364,0.2668762,6.260232e-07,0.007858612251281738,13516.500088214874,425000
53.45054,-0.31490943,-7.813998,0.11562252,1.0,0.9991894,0.41992188,0.0034407554,-18.089275,-18.10474,-2.270924,198.38438,1.5176907,1.0359251e-05,1.0718251,-1.1087812,21.21342,0.9991312,0.38671875,0.0035094586,-17.742025,-17.757057,-2.3643446,733.0866,2.0316486,0.00014867791,61.877266,-0.37604448,-7.825592,0.11852093,1.0,0.9990225,0.13476562,0.005043722,-14.6384,-14.648745,-4.0566916,58.75676,0.16938272,3.8445608e-10,0.99902344,0.11816406,0.005038434,-14.244126,-14.254133,-4.005841,1067.1042,1.1943877,4.820399e-08,0.008965483283996581,13561.327507257462,430000
49.642952,-0.34314984,-7.8081903,0.11417055,1.0,0.9991741,0.4189453,0.003542832,-17.854122,-17.869287,-2.341082,1486.824,2.3533943,6.570743e-05,1.6800593,-1.4033763,24.705566,0.9991331,0.34570312,0.0035920897,-17.57896,-17.593777,-2.424758,549.1408,2.1972091,3.5245663e-05,64.82934,-0.35033858,-7.8271236,0.11890391,1.0,0.99899864,0.12695312,0.0051793205,-14.652153,-14.662502,-4.0646276,348.55264,0.7489409,5.4649473e-08,0.9990063,0.11230469,0.005138336,-14.404786,-14.414825,-4.1346436,32.880447,0.19354412,3.0957847e-07,0.008979437828063964,13606.224698543549,435000
62.080437,-0.2581565,-7.8004346,0.112231664,1.0,0.9991789,0.4326172,0.0035191174,-17.596043,-17.610933,-2.3624682,639.044,1.7150289,0.00015579542,3.3598135,-4.9727335,40.868954,0.99911594,0.38085938,0.003625529,-17.286598,-17.30102,-2.53203,54.7171,0.99198747,0.00020537087,62.626904,-0.3973954,-7.8344164,0.12072708,1.0,0.99902153,0.13183594,0.0051239813,-14.52118,-14.531366,-4.0998635,135.66455,0.36609754,5.246049e-10,0.99902153,0.11230469,0.005217761,-14.2771,-14.286945,-4.204113,205.30522,0.3436145,6.019999e-09,0.008984298515319825,13651.146192789078,440000
56.575783,-0.3385555,-7.7880287,0.10913013,1.0,0.999156,0.41210938,0.0036528627,-17.546154,-17.560888,-2.4713874,192.99748,1.8322889,1.342895e-05,1.6762049,-1.2097642,23.825823,0.9991188,0.3544922,0.0037356091,-17.226454,-17.24075,-2.602056,123.52699,1.2406439,2.4651474e-05,58.173878,-0.38501018,-7.8181467,0.116659634,1.0,0.99903107,0.15527344,0.0050241603,-14.541721,-14.552068,-3.9568498,176.35663,0.5075876,6.9910143e-06,0.99902153,0.12988281,0.0050793933,-14.222482,-14.232454,-4.0197935,51.05253,0.26571673,3.8540616e-06,0.008989912176132202,13696.095756053925,445000
50.24859,-0.32921982,-7.807761,0.114063345,1.0,0.99916744,0.41503906,0.0035931116,-17.354929,-17.369604,-2.3408108,422.36237,2.0438492,0.0001189616,1.1667,-1.442666,20.523027,0.99912167,0.35351562,0.0036722003,-17.118011,-17.132307,-2.4934664,100.60815,1.3407611,7.138884e-05,50.603928,-0.4365133,-7.8249283,0.1183551,1.0,0.9990206,0.123046875,0.005066323,-14.700335,-14.71076,-4.0347786,110.4722,0.25558287,3.8148537e-06,0.99901676,0.11230469,0.0050885202,-14.416374,-14.426517,-4.040723,388.7029,0.6500668,5.452357e-07,0.008996655225753785,13741.079035520554,450000
59.3491,-0.35449964,-7.8000517,0.11213591,1.0,0.99917316,0.42382812,0.0035235197,-17.854033,-17.869246,-2.2909515,480.6216,2.1445007,2.0113692e-05,1.5970767,-1.9503337,23.872623,0.99912643,0.3564453,0.0036277943,-17.624985,-17.639835,-2.433334,122.55085,1.6044059,0.00018201636,67.673874,-0.36989146,-7.8272634,0.11893885,1.0,0.9990225,0.15527344,0.004987413,-14.682512,-14.692941,-4.0146365,92.76866,0.21346843,1.388549e-06,0.9990206,0.12402344,0.0050748615,-14.403607,-14.413694,-4.085558,60.824352,0.3257684,2.40402e-07,0.009002762269973754,13786.092848300934,455000
61.81606,-0.29531038,-7.7970343,0.11138157,1.0,0.99916935,0.43945312,0.0034559495,-17.637453,-17.652485,-2.2612886,99.66241,1.6902997,2.5998239e-05,3.1519346,-2.3046875,30.399673,0.99912167,0.37597656,0.0035793292,-17.498026,-17.512772,-2.4129648,184.95999,1.6054747,1.8311524e-05,48.49913,-0.48084491,-7.8486137,0.12427649,1.0,0.99901867,0.14257812,0.0050904145,-14.709606,-14.720016,-4.062151,328.65866,0.81478244,2.83283e-09,0.9990015,0.1171875,0.0050994493,-14.447143,-14.457331,-4.025485,482.95688,0.7188434,6.4219996e-08,0.009007215404510499,13831.128927230835,460000
57.342636,-0.30185145,-7.7868857,0.1088444,1.0,0.9991751,0.4375,0.0034419708,-17.906311,-17.921602,-2.263171,160.05945,1.6922606,5.5599353e-06,1.8570716,-2.381384,25.224348,0.9991331,0.36914062,0.0035165392,-17.68269,-17.697712,-2.3139591,546.57153,2.168664,0.000103589,58.890892,-0.2880044,-7.823145,0.11790913,1.0,0.99902153,0.14160156,0.005030577,-14.683395,-14.693832,-4.005795,107.946976,0.23199685,8.594908e-09,0.99901676,0.13183594,0.005053629,-14.470882,-14.481034,-4.0846376,177.03319,0.3797549,1.8623032e-07,0.00900618062019348,13876.1598341465,465000
57.270332,-0.3376301,-7.8071136,0.11390134,1.0,0.9991741,0.43359375,0.0034758619,-17.8181,-17.833342,-2.2260413,1109.879,2.4963088,2.7964177e-06,1.1197369,-1.1325494,23.471367,0.99912643,0.36914062,0.0035858648,-17.402481,-17.417152,-2.3926437,72.70033,1.3275859,3.3128017e-05,62.224762,-0.35779366,-7.815812,0.116076015,1.0,0.99902916,0.12988281,0.0050558867,-14.723525,-14.73398,-4.0290155,1464.4572,1.0095239,4.590973e-07,0.99901676,0.109375,0.0050807633,-14.432817,-14.442923,-4.096155,155.16454,0.353735,2.5404213e-06,0.009013437223434449,13921.22702217102,470000
52.521812,-0.3122909,-7.79101,0.10987541,1.0,0.9991741,0.42382812,0.0035081082,-17.979706,-17.99504,-2.290052,453.99292,2.3403423,5.0680956e-07,2.6738014,-1.6813394,24.163921,0.9991121,0.3515625,0.0036246097,-17.71133,-17.726213,-2.4863324,30.899822,1.022174,8.096505e-06,62.122063,-0.34333664,-7.8472376,0.1239323,1.0,0.99902153,0.1328125,0.0050828,-14.656422,-14.66677,-4.07143,183.455,0.49001136,8.474958e-07,0.99902153,0.11230469,0.005114383,-14.39949,-14.409491,-4.1684613,156.0765,0.44716305,4.1574335e-06,0.009012140464782714,13966.287728071213,475000
53.84872,-0.3175561,-7.790845,0.10983425,1.0,0.999177,0.4326172,0.0035015596,-17.86124,-17.87641,-2.3418665,297.87595,1.8495739,1.6308451e-06,1.4552497,-1.3550326,19.726107,0.999115,0.3642578,0.0036825952,-17.442272,-17.45689,-2.489211,773.25214,2.1959858,8.420405e-06,64.59753,-0.3743406,-7.8374662,0.121489465,1.0,0.9990263,0.15234375,0.005046352,-14.73942,-14.749856,-4.063079,165.46953,0.3080203,3.6024253e-10,0.99902344,0.12402344,0.0051100375,-14.407795,-14.4178095,-4.1635647,96.60542,0.19113626,2.1997015e-09,0.009015744304656983,14011.366452932358,480000
59.069122,-0.3226071,-7.811006,0.11487447,1.0,0.99917126,0.4404297,0.0034581516,-17.999487,-18.014862,-2.2717752,325.98486,1.8606606,2.457419e-06,1.1707051,-1.519513,23.570637,0.9991188,0.3642578,0.0035730249,-17.656223,-17.671116,-2.420477,130.12895,1.4902105,2.8012315e-05,54.16532,-0.41026053,-7.821903,0.11759876,1.0,0.99901676,0.1484375,0.005035692,-14.9122715,-14.92294,-3.99821,91.42288,0.403145,6.6595413e-07,0.99902344,0.109375,0.005070216,-14.5356045,-14.545838,-4.0674706,61.62041,0.21205385,2.8550673e-07,0.00901067590713501,14056.4198346138,485000
47.26732,-0.3278995,-7.819174,0.11691635,1.0,0.9991827,0.45214844,0.0033914964,-17.973404,-17.988804,-2.2199273,414.84543,1.8938787,1.5520971e-05,1.699444,-1.1080142,22.622276,0.9991293,0.38183594,0.0035273763,-17.479036,-17.493813,-2.3627467,113.75901,1.4939288,9.2319904e-05,61.976376,-0.32821167,-7.8273435,0.118958786,1.0,0.9990206,0.12011719,0.005169995,-14.620798,-14.631039,-4.1446943,376.75653,0.46792078,2.1272757e-07,0.99901104,0.10449219,0.005281424,-14.392036,-14.401951,-4.2491207,279.33105,0.5584672,6.778622e-07,0.009011927938461303,14101.47947716713,490000
55.63019,-0.3065095,-7.788183,0.10916883,1.0,0.9991751,0.43164062,0.0034202584,-17.982693,-17.998106,-2.216011,746.75055,2.7292128,4.526476e-06,2.0238702,-2.5005856,32.802704,0.99911976,0.3876953,0.0035019317,-17.615664,-17.630613,-2.3233333,2151.1277,3.4956627,2.5135643e-05,57.697952,-0.39575416,-7.8364334,0.1212313,1.0,0.9990101,0.12988281,0.0050996505,-14.529989,-14.540198,-4.0854278,46.816288,0.27956575,1.6845154e-09,0.9990196,0.119140625,0.005147875,-14.21719,-14.227012,-4.1693974,174.17606,0.38541955,2.7391894e-07,0.009009630107879639,14146.527629613876,495000
51.53036,-0.29435235,-7.7922153,0.11017682,1.0,0.9991665,0.4111328,0.003558597,-17.657524,-17.672445,-2.3927665,793.33435,2.4442878,4.6983864e-06,2.0131352,-1.557176,22.406532,0.9991293,0.35546875,0.00362157,-17.462643,-17.477276,-2.4936967,83.19454,1.3735232,3.280667e-05,66.3056,-0.36986303,-7.847307,0.12394988,1.0,0.9990177,0.14648438,0.0050138948,-14.633106,-14.643519,-3.9794197,350.87222,0.8206668,1.3636808e-09,0.9990196,0.125,0.0050412985,-14.443287,-14.45343,-4.0664625,85.47803,0.33318344,6.113975e-08,0.009009367752075195,14191.57447218895,500000
56.560173,-0.2778427,-7.7955403,0.11100805,1.0,0.99917793,0.4111328,0.0035477248,-17.730547,-17.74559,-2.3406067,248.52939,2.1490362,1.1458404e-05,2.7031476,-2.2713153,24.77069,0.99911976,0.34472656,0.0036596488,-17.615267,-17.630041,-2.5010052,315.13428,1.9546964,1.8263981e-05,66.97925,-0.35145813,-7.83103,0.11988042,1.0,0.99902725,0.1328125,0.005117982,-14.873064,-14.883548,-4.1485767,73.804504,0.28866133,3.190604e-10,0.99902344,0.11328125,0.0051862947,-14.586186,-14.596341,-4.1986876,389.64786,0.7550558,4.658945e-09,0.28281007108688355,15605.624831914902,505000
57.21701,-0.3151328,-7.7988453,0.11183417,1.0,0.999177,0.44140625,0.0034679964,-17.972889,-17.988249,-2.2596335,592.8968,1.8659478,9.043797e-05,1.5249587,-1.3088862,27.162006,0.9991188,0.38964844,0.0035318355,-17.681839,-17.696766,-2.4120488,369.43802,1.6169195,2.0768086e-05,63.301548,-0.33921826,-7.8321342,0.1201565,1.0,0.99901867,0.13671875,0.0050550196,-14.708754,-14.719195,-4.0261884,542.1831,0.6948184,8.943434e-08,0.99902153,0.115234375,0.0051358705,-14.351324,-14.361295,-4.1498413,41.011642,0.17155616,7.488342e-08,0.00890865149497986,15650.168091535568,510000
51.969788,-0.31114882,-7.7906704,0.10979066,1.0,0.9991703,0.42382812,0.0034764342,-18.165382,-18.18093,-2.259472,188.78004,1.9608723,1.2242332e-05,2.0939958,-1.2400652,26.059902,0.99911976,0.3623047,0.0036009443,-17.627125,-17.641996,-2.4152908,178.79265,1.6243274,6.236951e-05,59.01304,-0.43921432,-7.849841,0.124583185,1.0,0.9990053,0.13378906,0.0050362926,-15.092461,-15.103334,-3.9689488,401.31558,0.83797294,8.7921926e-08,0.9990015,0.11035156,0.0051103896,-14.674541,-14.68496,-4.0150185,199.87425,0.85942316,4.8135266e-08,0.00887760624885559,15694.556127548218,515000
56.18108,-0.25405285,-7.799727,0.11205463,1.0,0.99917793,0.41503906,0.0035552608,-17.837313,-17.852509,-2.2899685,154.85298,1.9511627,0.00022865135,0.9305804,-1.1260122,23.36436,0.9991207,0.36914062,0.0036716475,-17.596594,-17.611334,-2.5157242,73.680275,1.1941674,9.3678274e-05,76.73897,-0.28746083,-7.8268433,0.11883373,1.0,0.9990282,0.13769531,0.0052048126,-14.509005,-14.51912,-4.1616306,159.72261,0.52436256,7.9493506e-10,0.99902153,0.09863281,0.005310849,-14.261547,-14.271288,-4.297944,110.57054,0.26782838,9.1563324e-10,0.009684219074249267,15742.977226734161,520000
48.016045,-0.3906603,-7.803653,0.11303624,1.0,0.99917793,0.41992188,0.0035075934,-18.02359,-18.038975,-2.2866182,326.71158,2.1074927,2.6676445e-05,1.5075381,-3.396304,26.415491,0.9991312,0.3544922,0.003637987,-17.522184,-17.536945,-2.4200542,126.930275,1.4147962,1.5146816e-07,72.74806,-0.29388928,-7.839698,0.12204751,1.0,0.9990225,0.13574219,0.0051532937,-14.608625,-14.618879,-4.119749,119.41425,0.44617677,6.445431e-10,0.99901867,0.12402344,0.005151555,-14.208276,-14.218132,-4.125722,90.03224,0.39776033,7.8692686e-08,0.01300698037147522,15808.01213479042,525000
53.927597,-0.29185408,-7.7992706,0.11194062,1.0,0.9991846,0.4345703,0.0034617032,-17.906094,-17.921356,-2.2915661,326.54602,1.925139,6.2888685e-06,1.1565306,-2.036176,26.465004,0.99914265,0.37597656,0.0035546278,-17.614277,-17.629148,-2.4007533,164.52705,1.6726264,1.0627151e-06,63.7341,-0.36957994,-7.8206267,0.11727966,1.0,0.99898434,0.13671875,0.0050630695,-14.854062,-14.864728,-3.9422727,1107.5692,1.0703914,8.866425e-12,0.99896336,0.115234375,0.005183445,-14.610728,-14.6210785,-4.02311,145.56786,0.7491901,8.191423e-09,0.013068889570236206,15873.35658454895,530000
58.66312,-0.28845826,-7.815668,0.11603999,1.0,0.9991741,0.41796875,0.0035051852,-18.091969,-18.10747,-2.2357717,610.74445,2.2472768,9.945322e-05,1.6458654,-2.066606,28.94365,0.9991312,0.3544922,0.0035814461,-17.743868,-17.758942,-2.3242354,370.64493,2.112267,7.613284e-06,65.742966,-0.37767994,-7.813005,0.11537422,1.0,0.9990196,0.13769531,0.0051663825,-14.61386,-14.62411,-4.1278744,596.5004,0.88433903,4.8215853e-08,0.99901485,0.111328125,0.00519747,-14.279378,-14.289241,-4.188736,463.74847,0.6594583,2.0845472e-07,0.01304720950126648,15938.592636346817,535000
52.437447,-0.31790686,-7.796901,0.111348264,1.0,0.99918365,0.44335938,0.0034939912,-17.947445,-17.96274,-2.30143,242.1053,1.6159337,8.563165e-05,2.955441,-1.7175664,26.751326,0.9991245,0.375,0.0036074645,-17.548374,-17.563095,-2.4862924,79.38312,1.1685064,2.450423e-05,63.233894,-0.39511216,-7.826461,0.11873827,1.0,0.99901295,0.12988281,0.0051213554,-14.684862,-14.695222,-4.087064,447.42502,0.7766075,4.672964e-08,0.9990177,0.12988281,0.00516122,-14.39798,-14.408005,-4.1414914,2348.9014,3.9261158,5.163655e-07,0.01304821662902832,16003.833724975586,540000
53.565147,-0.3488526,-7.8032575,0.11293733,1.0,0.999176,0.4091797,0.003526829,-17.867302,-17.882492,-2.3299582,313.6075,1.9778877,7.744487e-05,1.7391922,-1.7678974,27.1946,0.9991245,0.34960938,0.003629619,-17.571405,-17.586176,-2.4608254,239.63397,1.7483585,0.00036646912,60.121048,-0.35846975,-7.839646,0.122034416,1.0,0.99902153,0.14257812,0.0049973903,-14.936368,-14.947113,-3.9442282,4345.2837,2.974012,1.5355404e-08,0.9990072,0.11035156,0.0050529656,-14.691259,-14.701718,-3.9915793,91.3691,0.43120646,4.111624e-08,0.013069339990615846,16069.180427312851,545000
55.236427,-0.29900363,-7.8075266,0.11400457,1.0,0.99917316,0.42382812,0.0035210056,-18.105604,-18.12102,-2.3367045,310.3835,1.7412097,1.3494965e-05,1.4362662,-1.3215868,24.525913,0.9991255,0.34765625,0.0036468678,-17.826832,-17.841799,-2.5159721,162.96864,1.3299488,0.00011139316,64.555984,-0.37046623,-7.842721,0.12280314,1.0,0.9990082,0.12792969,0.005128177,-14.738947,-14.749446,-3.9982576,365.55502,1.0226886,7.872132e-09,0.9989977,0.115234375,0.005232037,-14.485693,-14.495831,-4.115171,807.9406,1.39411,1.2338067e-07,0.009728407955169677,16117.822471380234,550000
55.512276,-0.30571476,-7.8001375,0.11215739,1.0,0.99918175,0.43164062,0.003487953,-18.380383,-18.396149,-2.2505736,309.00674,2.008422,7.5913056e-05,2.0184147,-2.0038936,29.929876,0.9991236,0.37597656,0.0036058435,-17.992607,-18.007885,-2.3621285,185.80666,1.7568551,6.1463575e-06,59.88064,-0.41772407,-7.8318367,0.120082095,1.0,0.99902153,0.15527344,0.0050420547,-14.944865,-14.955524,-4.03965,99.5442,0.23204735,1.542426e-09,0.9990139,0.1328125,0.0050112624,-14.563562,-14.573896,-3.9932747,229.73793,0.5786491,6.435954e-08,0.008947663831710815,16162.560792207718,555000
65.60166,-0.27374914,-7.786695,0.10879674,1.0,0.99919415,0.4404297,0.0034666045,-18.138382,-18.153925,-2.240195,1413.9181,3.0234096,9.284738e-05,0.94962543,-1.4903566,22.863224,0.9991493,0.38964844,0.0034930287,-17.679264,-17.69427,-2.3256342,144.08078,1.5884567,3.1862062e-05,55.46177,-0.3450347,-7.822896,0.117847025,1.0,0.99901485,0.13183594,0.005140198,-14.728541,-14.73895,-4.08205,94.18613,0.23987658,1.7909321e-09,0.99900913,0.12207031,0.0051556416,-14.457251,-14.46737,-4.1056128,843.2321,1.3402193,6.3958736e-09,0.008955107164382935,16207.3363301754,560000
49.298084,-0.3238073,-7.7853503,0.108460546,1.0,0.99919796,0.4580078,0.0034573684,-18.205227,-18.22083,-2.2418027,110.09389,1.6294694,8.6994754e-05,1.0004306,-1.4743059,18.349255,0.99913025,0.36621094,0.00356003,-17.703617,-17.718576,-2.3985653,233.18794,1.3702619,6.409711e-05,51.716972,-0.4413873,-7.834265,0.12068933,1.0,0.9990206,0.14257812,0.0049330075,-15.038057,-15.048961,-3.8843458,348.4086,1.1269269,1.8067283e-09,0.99901485,0.11328125,0.0049678637,-14.721314,-14.731885,-3.9076967,135.15588,0.6453211,1.9745237e-06,0.00897810001373291,16252.226834535599,565000
54.03621,-0.32387552,-7.800104,0.112149104,1.0,0.99917793,0.43945312,0.0034840307,-18.211498,-18.227083,-2.2681048,217.48227,2.2549286,2.443098e-07,3.9068742,-1.4552561,31.391176,0.999135,0.38867188,0.0035763015,-17.840637,-17.855686,-2.4434843,98.69152,1.3642311,0.00022426904,68.55878,-0.35589594,-7.829959,0.119612746,1.0,0.9990158,0.13378906,0.005153884,-14.759546,-14.770009,-4.056,475.9393,0.7692077,7.808345e-11,0.99901676,0.11230469,0.0052086674,-14.527391,-14.537511,-4.1741915,747.8231,1.0395111,1.3347266e-08,0.008977313089370727,16297.113402366638,570000
43.779655,-0.3731228,-7.778034,0.10663153,1.0,0.9991636,0.42089844,0.0034750039,-18.077717,-18.09316,-2.2782404,114.72834,1.7321589,0.00016909401,1.3902477,-0.95842296,18.129986,0.99913025,0.3701172,0.0035675075,-17.799171,-17.814299,-2.3230994,1584.0795,3.8026068,0.00022656818,66.25224,-0.33593515,-7.8377824,0.121568516,1.0,0.9990244,0.1484375,0.0050321994,-14.672773,-14.683186,-4.0223083,194.37787,0.42203686,1.1485365e-06,0.9990244,0.125,0.005092458,-14.408445,-14.418521,-4.101841,61.568893,0.22582135,1.8251008e-07,0.008982530641555787,16342.026061296463,575000
49.565113,-0.3486131,-7.7920794,0.1101428,1.0,0.9991789,0.41796875,0.00352822,-18.240822,-18.256384,-2.318562,305.42072,1.9242876,7.3117124e-05,1.7384024,-3.9102297,26.258392,0.99914455,0.37695312,0.0035629985,-17.945013,-17.960241,-2.3670263,192.03664,1.4287932,3.634482e-05,56.772213,-0.36902106,-7.848699,0.12429772,1.0,0.99902344,0.13476562,0.005050798,-14.727886,-14.738352,-4.0223975,289.67438,0.6837133,7.309937e-08,0.99902344,0.115234375,0.0051227426,-14.485039,-14.49521,-4.079113,109.549324,0.44738716,9.59301e-10,0.008990702295303344,16386.979577064514,580000
61.666336,-0.26575166,-7.775572,0.10601596,1.0,0.999197,0.43945312,0.003459274,-17.929325,-17.944668,-2.2337656,271.8969,2.306361,9.718608e-07,2.0779133,-1.336947,23.78847,0.9991312,0.3798828,0.0035678155,-17.724312,-17.73922,-2.4706504,692.7079,1.7855647,1.0624977e-05,73.676895,-0.2814746,-7.8244953,0.11824674,1.0,0.9990053,0.15527344,0.0051273033,-14.831638,-14.842309,-3.9144819,370.5331,1.4380674,1.5948596e-07,0.9989929,0.13476562,0.0051734047,-14.5991535,-14.609503,-4.0134325,93.43667,0.70891845,3.784991e-07,0.008983356761932373,16431.896363019943,585000
59.07413,-0.28332618,-7.809696,0.114547096,1.0,0.99917793,0.4482422,0.003466258,-18.244797,-18.260431,-2.2496336,108.1655,1.9469863,1.0133379e-05,1.1794171,-1.5286309,24.204046,0.9991503,0.3955078,0.0035092114,-18.015701,-18.030989,-2.377418,55.50541,1.2681036,4.6234123e-05,58.682373,-0.35117155,-7.8270965,0.118897095,1.0,0.99901867,0.12890625,0.0050711683,-14.81735,-14.8278885,-4.03736,269.07385,0.5724498,5.6702077e-11,0.99901104,0.103515625,0.0050962507,-14.594896,-14.605155,-4.100541,63.93067,0.25619397,6.178089e-07,0.008992179870605469,16476.85726737976,590000
51.58025,-0.3881499,-7.793466,0.11048941,1.0,0.9992008,0.44433594,0.003378247,-18.438354,-18.45426,-2.169582,478.2224,2.1322436,3.113361e-06,1.2566353,-1.4152659,21.407375,0.9991226,0.3955078,0.0034352462,-18.161066,-18.176647,-2.2212663,127.84209,1.4917061,0.00019195887,56.88504,-0.38584286,-7.841094,0.122396514,1.0,0.999012,0.13867188,0.005151196,-14.818531,-14.829018,-4.091422,514.3489,0.82575274,2.3503953e-08,0.99899673,0.1171875,0.0052236407,-14.589774,-14.599984,-4.144458,324.6858,0.6340326,1.419979e-06,0.008984921503067017,16521.781876325607,595000
66.012955,-0.2807256,-7.7986984,0.111797646,1.0,0.9992056,0.4453125,0.0034170202,-18.536482,-18.55249,-2.1598067,254.13089,2.7960465,2.1115062e-05,2.1571922,-1.7858298,28.521336,0.9991379,0.36914062,0.0035421522,-18.212795,-18.228325,-2.3272872,271.74695,1.9759516,3.739536e-05,66.63165,-0.31822002,-7.81977,0.117065445,1.0,0.9990177,0.13183594,0.0051427903,-14.66121,-14.671556,-4.076583,1298.4608,1.1307663,1.4399439e-09,0.9990196,0.123046875,0.0051700613,-14.346878,-14.356838,-4.1586657,54.571655,0.22868237,7.4402665e-11,0.008987210321426391,16566.717932462692,600000
63.281143,-0.26560012,-7.8015175,0.11250235,1.0,0.9991989,0.45117188,0.0033438283,-18.738216,-18.754475,-2.10363,450.23853,2.6121716,4.3400727e-05,1.6770462,-2.4444492,28.825333,0.99914265,0.3876953,0.003454485,-18.44942,-18.465248,-2.2570963,96.15779,1.6373342,0.00019855838,59.730267,-0.35874867,-7.8279657,0.1191143,1.0,0.99901867,0.15136719,0.004987141,-14.744038,-14.754583,-3.9561114,459.30392,0.46787298,1.5096264e-06,0.99901867,0.12792969,0.0050856834,-14.501224,-14.511449,-4.0407333,71.533676,0.23525411,1.4569844e-07,0.26290698657035827,17881.252870321274,605000
50.861313,-0.37627798,-7.7977495,0.11156039,1.0,0.99920654,0.45703125,0.0033302829,-18.585041,-18.601135,-2.122491,311.09106,2.133109,3.1518648e-05,1.8177198,-1.298002,23.178354,0.9991522,0.3955078,0.003463706,-17.950161,-17.965473,-2.2843456,72.776955,1.420363,0.00011127658,56.824497,-0.48173928,-7.8362923,0.12119596,1.0,0.999032,0.14648438,0.005081635,-14.737308,-14.747706,-4.0996222,318.8616,0.56849205,3.401402e-08,0.999032,0.123046875,0.005101527,-14.314009,-14.324005,-4.0869813,161.14099,0.3299281,2.7664424e-09,0.008910734128952026,17925.806544303894,610000
52.89759,-0.30162054,-7.7991266,0.111904725,1.0,0.999177,0.43652344,0.0035169702,-18.200321,-18.21589,-2.2738805,248.91614,1.9638889,4.8764465e-05,2.6879861,-1.327681,27.193716,0.9991398,0.37890625,0.0035619247,-17.941404,-17.956665,-2.3311307,119.41584,1.7420514,5.3881675e-05,60.244247,-0.39682543,-7.8407607,0.12231314,1.0,0.9990034,0.14453125,0.0050873198,-14.81993,-14.830474,-4.033064,228.98746,0.76533645,1.1251924e-06,0.9989958,0.115234375,0.0051398478,-14.505623,-14.515799,-4.095425,199.63843,0.37827748,1.9667722e-07,0.008887807703018188,17970.245586156845,615000
45.027077,-0.36326423,-7.801915,0.11260183,1.0,0.9992037,0.46972656,0.003382596,-18.6685,-18.684628,-2.1725547,3525.2258,3.513783,4.383709e-05,0.9991995,-2.078001,23.290228,0.99915504,0.38964844,0.003462357,-18.323097,-18.338795,-2.2644138,177.89064,1.7579079,2.380083e-05,57.682552,-0.39613608,-7.8181767,0.11666717,1.0,0.9990301,0.14355469,0.005019864,-14.896453,-14.907096,-4.0086336,684.28937,1.4768085,8.230638e-09,0.99902344,0.11816406,0.0050757034,-14.618741,-14.62907,-4.0521913,170.77698,0.45784605,4.899277e-09,0.008923036003112794,18014.860768318176,620000
61.237408,-0.28222746,-7.7927423,0.11030857,1.0,0.99916553,0.42382812,0.003528181,-18.401566,-18.417292,-2.3160005,627.7838,2.286585,7.6627875e-06,1.12704,-2.6438222,25.880016,0.99912834,0.36523438,0.0036139693,-18.013319,-18.028524,-2.4576707,46.8063,1.1577113,5.9792215e-05,70.46116,-0.30818278,-7.834364,0.120713934,1.0,0.9990101,0.15039062,0.0050314055,-14.854273,-14.864883,-3.999039,267.70605,0.5441277,2.537615e-06,0.9989958,0.115234375,0.0051081665,-14.493488,-14.503677,-4.0715027,92.25225,0.5136215,8.7752505e-07,0.008900394773483276,18059.36274600029,625000
42.75438,-0.37151632,-7.8074484,0.11398507,1.0,0.9991617,0.41015625,0.0035553968,-18.30346,-18.319029,-2.3742688,219.2436,1.9722434,0.00016502502,1.2691735,-2.3201816,23.794579,0.9991236,0.35058594,0.0036287713,-17.86718,-17.882195,-2.5078146,114.24848,1.0789818,0.00013358577,63.273712,-0.41402188,-7.800205,0.112174414,1.0,0.99902153,0.12890625,0.005124037,-14.865318,-14.875836,-4.10445,811.7257,1.0290706,1.4818894e-08,0.99901867,0.107421875,0.005132892,-14.526671,-14.536825,-4.1402397,39.074036,0.21168548,2.4917945e-09,0.00882038197517395,18103.46465754509,630000
48.397926,-0.32443082,-7.8035874,0.113019824,1.0,0.99918556,0.45703125,0.0034176435,-18.485527,-18.501469,-2.1772845,382.46536,2.0287237,8.176533e-05,2.7479951,-1.9878153,26.64545,0.999135,0.3876953,0.0034956723,-18.112928,-18.128338,-2.349778,166.81178,1.7569084,0.00012466368,54.216602,-0.3790778,-7.8451786,0.1234175,1.0,0.9990177,0.13867188,0.0050607417,-14.958089,-14.968775,-4.02645,315.4634,0.71702594,1.0693457e-08,0.9990139,0.12109375,0.00514282,-14.73617,-14.746521,-4.146779,636.1976,1.1421151,8.198805e-08,0.012734058856964112,18167.134954214096,635000
63.794872,-0.3070324,-7.797639,0.11153276,1.0,0.99917316,0.4345703,0.0035104589,-18.246994,-18.26257,-2.3141937,761.54065,2.7818944,0.000112398266,2.0781798,-1.7130663,27.87624,0.9991207,0.3642578,0.003612245,-17.836176,-17.851261,-2.404921,148.78218,1.7712879,7.103569e-05,54.035152,-0.4174174,-7.803654,0.11303649,1.0,0.9990177,0.1328125,0.0051061073,-14.955904,-14.966532,-4.0836163,505.12012,0.63889945,1.4912667e-11,0.99902153,0.10839844,0.0051041185,-14.652668,-14.663001,-4.08272,289.30276,0.60160637,3.592985e-09,0.013041191291809083,18232.34091448784,640000
45.970085,-0.3677436,-7.7899876,0.109619804,1.0,0.99917316,0.45214844,0.0034360338,-18.428661,-18.444473,-2.255254,201.52376,1.7476064,4.818292e-05,2.5894341,-1.7230953,26.972923,0.999136,0.375,0.0035302513,-18.003033,-18.018362,-2.321808,269.84622,1.8425765,1.0888784e-05,54.679646,-0.44484234,-7.8442907,0.1231956,1.0,0.9990053,0.14257812,0.005088444,-14.879148,-14.889758,-4.023278,610.3214,1.3959446,3.117308e-09,0.99900246,0.12695312,0.0051665423,-14.606541,-14.616835,-4.075798,693.54706,2.2270098,1.2765893e-08,0.013024980545043946,18297.465819120407,645000
55.964413,-0.2994576,-7.796236,0.11118197,1.0,0.9991827,0.43847656,0.0034350692,-18.550201,-18.56617,-2.2143822,240.17174,2.213173,5.5581118e-06,1.9116677,-1.7599458,32.422348,0.9991312,0.3623047,0.0036229831,-18.16711,-18.182451,-2.4692636,104.02159,1.3829374,5.1036193e-05,55.138546,-0.3651778,-7.82694,0.11885797,1.0,0.99900913,0.13671875,0.00509979,-14.824907,-14.835487,-4.002126,111.24334,0.45913178,5.4520456e-07,0.9990158,0.12792969,0.005118021,-14.595999,-14.606269,-4.0892735,84.08751,0.32365298,1.0800672e-06,0.013015011024475097,18362.54087996483,650000
45.481133,-0.3792143,-7.8036184,0.11302758,1.0,0.99919987,0.4580078,0.0033666454,-18.647133,-18.66323,-2.1794968,1315.237,2.743229,9.844372e-05,0.98605335,-1.1965206,19.920467,0.99911404,0.39648438,0.0034641167,-18.307425,-18.323105,-2.2656791,151.0328,1.5271513,8.6500855e-05,66.608475,-0.38433084,-7.839047,0.12188469,1.0,0.9990225,0.11425781,0.0050888914,-14.897583,-14.908112,-4.1269493,325.04437,0.5239006,3.5347806e-08,0.99901867,0.107421875,0.0051695183,-14.597655,-14.607824,-4.1948166,42.569263,0.22917083,6.5534067e-09,0.01305539870262146,18427.817878723145,655000
57.620636,-0.30271026,-7.7848063,0.10832454,1.0,0.9991932,0.45410156,0.003376202,-18.776985,-18.793234,-2.1527934,353.06915,2.233278,0.00011874703,2.3526254,-1.352806,26.07104,0.99915695,0.40234375,0.0034551711,-18.272346,-18.288015,-2.2424037,115.203026,1.7001755,0.00019402409,54.464935,-0.39144397,-7.8166084,0.1162751,1.0,0.9990339,0.13964844,0.0051198,-14.9249115,-14.935462,-4.131205,636.8213,0.73939383,3.10889e-08,0.9990206,0.1171875,0.0051777875,-14.658854,-14.6690855,-4.1914253,376.06427,0.5253699,9.205268e-08,0.011704816579818726,18486.341963768005,660000
55.19995,-0.2936176,-7.8133326,0.11545614,1.0,0.9991827,0.45898438,0.0034084078,-18.334663,-18.350437,-2.1985147,122.66883,1.6876321,3.4433776e-06,1.0183069,-1.5848033,23.854666,0.9991331,0.38378906,0.0035128698,-18.083302,-18.098711,-2.320853,150.06332,1.738844,6.3023566e-05,58.30121,-0.3951735,-7.816313,0.11620115,1.0,0.99899673,0.13574219,0.0052332683,-14.954945,-14.965577,-4.078061,213.42105,0.602753,3.003148e-07,0.99898815,0.1171875,0.0052123712,-14.546964,-14.557215,-4.0603495,93.48137,0.46636492,6.749352e-08,0.00896710901260376,18531.17751455307,665000
48.897865,-0.392416,-7.7662463,0.10368454,1.0,0.99918175,0.4560547,0.0034442986,-18.516014,-18.531935,-2.2291436,494.69263,2.3232024,0.00018774261,1.1998367,-1.1723012,19.880392,0.99915123,0.40234375,0.0034861786,-18.255,-18.270643,-2.2529001,235.63322,2.2751946,0.00033008482,56.467487,-0.39551425,-7.8298936,0.11959633,1.0,0.99902344,0.13671875,0.005108312,-14.843982,-14.854463,-4.122047,539.7269,0.87841254,1.390477e-08,0.99901485,0.11035156,0.005187409,-14.567293,-14.577451,-4.1754656,43.953426,0.22900558,4.3811777e-08,0.00896787519454956,18576.016894340515,670000
61.03862,-0.28604016,-7.802058,0.112637535,1.0,0.9992037,0.4453125,0.0033613485,-18.621979,-18.638094,-2.1367798,4048.1797,4.5566964,5.7110527e-05,1.3999772,-2.2953215,29.980917,0.999135,0.4169922,0.003464152,-18.397793,-18.413513,-2.3144133,1591.8733,3.6086092,9.913741e-05,60.87609,-0.37362415,-7.79792,0.11160298,1.0,0.99902344,0.14453125,0.005018824,-14.840843,-14.851375,-4.0672636,50.54519,0.17811686,3.085964e-10,0.99901104,0.12597656,0.0050790757,-14.637832,-14.648102,-4.131408,24.467827,0.19811773,9.943302e-07,0.008965868139266968,18620.84623670578,675000
56.463943,-0.3202716,-7.7955475,0.11100991,1.0,0.9992027,0.4501953,0.0034878724,-18.417938,-18.43375,-2.2426605,2757.4773,4.3648944,0.000116710864,2.5324268,-1.4964079,28.31437,0.9991579,0.38378906,0.0035513977,-17.997494,-18.012774,-2.365763,385.573,2.0839577,3.2594544e-05,77.66929,-0.24192819,-7.8195925,0.11702106,1.0,0.9990339,0.14746094,0.0050553586,-14.896597,-14.907265,-3.9829698,81.22894,0.36957678,1.9144437e-08,0.9990196,0.123046875,0.005101891,-14.574357,-14.584594,-4.1015697,2195.8247,2.3062317,3.0194062e-08,0.008979300546646118,18665.7427444458,680000
61.59504,-0.24960175,-7.786416,0.10872699,1.0,0.9992113,0.48242188,0.0032609566,-18.76643,-18.78287,-1.9507701,405.12347,2.8878472,3.2712695e-05,2.0720177,-1.169466,29.160805,0.99915695,0.38964844,0.0034447266,-18.44608,-18.462,-2.161597,1311.4415,3.5671144,2.1058513e-05,60.435204,-0.3822632,-7.836849,0.121335335,1.0,0.9990225,0.12792969,0.0051567964,-14.771682,-14.782084,-4.1306973,825.3637,0.92166245,6.8317085e-09,0.9990177,0.11816406,0.005211956,-14.5731535,-14.5832815,-4.2119493,112.44596,0.26050335,1.1236975e-08,0.00897599697113037,18710.622730970383,685000
60.787724,-0.3174383,-7.7913713,0.10996587,1.0,0.9992008,0.45117188,0.0034148959,-18.260878,-18.276613,-2.1626663,258.42487,1.9678421,5.704254e-05,1.5916126,-2.5622146,34.273956,0.9991503,0.38867188,0.0035208105,-18.197615,-18.213179,-2.273935,333.0013,2.0450463,5.7565972e-05,55.362453,-0.35686582,-7.815422,0.11597848,1.0,0.9990282,0.14453125,0.0050631384,-14.880302,-14.89085,-4.08952,459.18765,0.6028536,6.599999e-08,0.999032,0.1328125,0.0050475784,-14.7002945,-14.710678,-4.0782785,22.335968,0.16174361,2.5224117e-06,0.00897747564315796,18755.51011300087,690000
53.610115,-0.29894167,-7.7873173,0.10895223,1.0,0.9992018,0.453125,0.0033749605,-18.721169,-18.737413,-2.106214,3341.7795,5.4038773,4.771003e-05,1.9086449,-1.1123494,27.532295,0.9991503,0.37304688,0.0034868373,-18.377882,-18.393639,-2.2615252,104.98958,1.6988307,6.996634e-05,64.826454,-0.3829894,-7.8223667,0.11771467,1.0,0.99902153,0.13183594,0.0051133484,-14.898896,-14.909472,-4.0792065,746.5042,0.8106447,3.3235983e-11,0.9990177,0.1171875,0.005142708,-14.599127,-14.609396,-4.0937195,572.3635,0.8043214,2.5371733e-07,0.008960953712463379,18800.314886569977,695000
53.618916,-0.3090867,-7.7997746,0.11206664,1.0,0.99918175,0.43554688,0.0033692522,-18.534954,-18.55104,-2.0769572,434.0535,2.5171313,0.000109255816,2.7734165,-2.2908525,30.08147,0.9991398,0.39746094,0.0034663826,-18.18937,-18.205006,-2.1920016,91.25551,1.9090899,7.191678e-05,63.12701,-0.39040923,-7.8266554,0.118786894,1.0,0.9990244,0.1328125,0.0050393185,-15.006903,-15.01765,-4.0131803,175.7511,0.42161697,1.6937852e-08,0.99900913,0.107421875,0.005104305,-14.668665,-14.679073,-4.0208645,62.225887,0.36297274,8.9751205e-07,0.008948953866958619,18845.0596575737,700000
56.247437,-0.30365038,-7.7912426,0.10993355,1.0,0.9992037,0.4580078,0.0033736562,-18.781136,-18.797468,-2.071844,772.95575,3.2690015,5.9262726e-05,1.1293695,-1.9684281,22.779816,0.9991417,0.37695312,0.0035565887,-18.24836,-18.263948,-2.301057,203.37296,1.8501129,8.950376e-05,51.72422,-0.4131195,-7.83032,0.119703025,1.0,0.9989853,0.13671875,0.0052297153,-15.141492,-15.152389,-3.994358,1046.0276,1.2827617,2.5340816e-10,0.9989824,0.1328125,0.0053325268,-14.780152,-14.790628,-4.062705,2119.1414,5.584987,3.1940217e-09,0.26328553824424744,20161.487352609634,705000
52.96495,-0.31566712,-7.7807913,0.10732076,1.0,0.99917316,0.46679688,0.0034105834,-18.735142,-18.751347,-2.1575377,512.524,2.1750913,1.9325835e-05,1.7253556,-2.149822,25.548307,0.9991226,0.37597656,0.0035482747,-18.187632,-18.203154,-2.3085244,233.89474,1.5690563,7.172315e-05,65.21069,-0.3671946,-7.834604,0.12077383,1.0,0.99901676,0.1640625,0.0050191,-15.03813,-15.048979,-3.9388757,136.53105,0.6341275,1.3846333e-08,0.99901676,0.12402344,0.005027949,-14.666993,-14.677424,-3.9961612,187.4395,0.4994387,2.5988717e-07,0.00891321759223938,20206.053442955017,710000
53.707222,-0.31242198,-7.795038,0.110882625,1.0,0.99920464,0.44921875,0.0033149319,-19.033886,-19.050491,-2.0470524,216.13324,2.0932508,9.979349e-08,2.1963627,-1.186019,25.915913,0.999136,0.39941406,0.00343064,-18.682236,-18.698341,-2.2068183,239.08064,1.9654018,1.4698492e-05,67.39393,-0.37991625,-7.847805,0.12407422,1.0,0.9990072,0.1328125,0.005150704,-14.996376,-15.007068,-4.0577583,1121.632,1.6474972,2.745076e-09,0.99899864,0.119140625,0.005190055,-14.674568,-14.684852,-4.1533422,251.86026,0.69769394,3.4674924e-10,0.008800333547592163,20250.05511212349,715000
54.388897,-0.3131311,-7.8058386,0.11358267,1.0,0.99917126,0.46875,0.003328455,-19.129658,-19.146399,-2.0037758,212.3171,2.324157,9.324331e-05,2.5041199,-2.7975607,28.445946,0.9991236,0.38867188,0.0034132514,-18.723305,-18.739529,-2.1265178,73.01986,1.7170163,0.00019095135,55.79986,-0.4015324,-7.8490357,0.12438188,1.0,0.9990206,0.13085938,0.005052528,-14.942557,-14.953266,-3.987227,2304.3264,2.15001,3.6116356e-11,0.9990177,0.099609375,0.005083712,-14.486121,-14.496351,-4.0211935,243.32942,0.6474338,3.0303193e-10,0.008872584056854248,20294.418037891388,720000
55.306442,-0.28782302,-7.80144,0.112482876,1.0,0.9991932,0.42382812,0.0034318673,-18.668053,-18.684175,-2.173449,542.58734,2.332353,9.289042e-05,1.7748716,-1.1786141,27.100063,0.99914455,0.38085938,0.0035432223,-18.173372,-18.188826,-2.3658874,149.69933,1.5464895,6.459191e-06,56.861732,-0.4176108,-7.818427,0.116729714,1.0,0.9990158,0.13671875,0.0050786305,-14.975912,-14.986621,-4.0206127,116.39222,0.38573533,3.7209422e-10,0.99901867,0.12109375,0.005136093,-14.685122,-14.695467,-4.1010637,326.7711,0.8815285,7.875485e-08,0.008885864734649657,20338.84736418724,725000
63.13319,-0.3199016,-7.8163595,0.11621294,1.0,0.9992161,0.4765625,0.0033421672,-18.914795,-18.931301,-2.029197,579.038,2.8575437,2.6254373e-05,1.4109592,-1.6892226,30.52853,0.9991884,0.41992188,0.00339207,-18.596575,-18.612665,-2.1360886,159.5346,1.9408287,1.0904652e-05,55.715096,-0.41810697,-7.824059,0.11813766,1.0,0.9990225,0.14257812,0.0051159346,-14.99233,-15.003024,-4.051609,206.95451,0.3390263,7.286147e-12,0.9990139,0.11230469,0.005136309,-14.693053,-14.70344,-4.067971,64.79895,0.27386662,2.1530049e-08,0.009931773376464843,20388.506236076355,730000
53.163815,-0.34078997,-7.7897954,0.10957178,1.0,0.99918747,0.4423828,0.0034755892,-18.465496,-18.481394,-2.2008781,167.63707,2.475306,3.795926e-05,2.5324717,-1.0499144,27.107637,0.99913406,0.3857422,0.0035431706,-18.33992,-18.355564,-2.3360615,679.2844,2.5259972,0.00020075336,60.107914,-0.41617036,-7.8288608,0.119338155,1.0,0.99902153,0.13183594,0.0050970167,-14.864305,-14.874847,-4.079579,492.43893,0.46333283,3.646952e-08,0.99902344,0.10644531,0.00510618,-14.569075,-14.579319,-4.089632,65.19949,0.20053488,1.3414453e-06,0.013072523260116577,20453.868854999542,735000
59.00084,-0.30808175,-7.8025203,0.112753004,1.0,0.9992008,0.44921875,0.0034063896,-18.898996,-18.915354,-2.1679235,273.57272,2.2045846,2.4318347e-06,1.490515,-1.422127,25.109707,0.99914265,0.38476562,0.0035102533,-18.250648,-18.266216,-2.3260312,108.186386,1.2962917,0.00013115013,45.596832,-0.47273275,-7.830826,0.119829446,1.0,0.99901676,0.14746094,0.0050907284,-15.0005455,-15.011241,-4.0577803,703.84534,1.3009374,1.3111995e-08,0.99901104,0.12207031,0.005089565,-14.591234,-14.601553,-4.0364604,2699.394,3.3377824,1.2954196e-08,0.013090305423736572,20519.32040166855,740000
57.04281,-0.30733824,-7.8055453,0.113509335,1.0,0.9991989,0.46289062,0.003371168,-18.73608,-18.752275,-2.1695354,204.14598,1.9339514,9.212768e-06,2.1377149,-1.2182896,26.37416,0.9991379,0.40234375,0.0034578159,-18.560883,-18.576815,-2.262065,92.54211,1.4328539,2.675198e-05,60.383377,-0.28939795,-7.8429074,0.12284986,1.0,0.99902916,0.14746094,0.004999962,-15.022585,-15.033343,-4.0159492,1919.1954,1.7316216,1.673247e-05,0.99901867,0.11230469,0.0050805053,-14.717953,-14.728287,-4.145835,43.178513,0.23260714,2.4172505e-05,0.013071293067932128,20584.67687010765,745000
55.10751,-0.31577587,-7.8108945,0.11484659,1.0,0.9992094,0.43945312,0.0034470798,-18.79438,-18.8106,-2.2012258,175.69714,1.9667348,3.800838e-05,1.6626854,-1.4387491,25.893799,0.99912834,0.40234375,0.003524615,-18.306189,-18.321781,-2.3549776,184.63307,1.4901247,1.05655745e-05,53.772675,-0.43724313,-7.839202,0.12192334,1.0,0.9990101,0.14746094,0.0049813837,-15.090876,-15.101826,-3.8890073,1186.1401,2.5032601,8.46715e-06,0.9990101,0.13085938,0.0050130663,-14.691525,-14.702073,-3.9022236,131.18417,0.5220993,2.802776e-05,0.013063287734985352,20649.993310689926,750000
63.61958,-0.27368486,-7.7907557,0.1098119,1.0,0.9992113,0.4501953,0.0034091643,-19.030352,-19.04682,-2.185176,270.83456,2.2037227,2.0366394e-07,2.031258,-2.7703884,31.478966,0.9991398,0.37890625,0.0035087396,-18.50531,-18.521162,-2.2897615,325.1475,2.2793794,1.7824688e-05,64.89602,-0.39065105,-7.831852,0.120086074,1.0,0.9990177,0.13183594,0.0050953743,-15.045021,-15.055732,-4.0882807,463.23044,0.6160716,3.7418258e-07,0.99901485,0.11328125,0.005123443,-14.676885,-14.687224,-4.099667,62.35506,0.28779715,1.3216128e-07,0.01306679949760437,20715.327312469482,755000
52.458275,-0.31962073,-7.7988524,0.11183604,1.0,0.99919796,0.45898438,0.0033826525,-18.95525,-18.971653,-2.174933,171.92873,1.978905,0.00018537918,1.8972623,-0.98005754,23.598541,0.99912167,0.38476562,0.0035541195,-18.766071,-18.782085,-2.3823707,182.28253,1.9313632,2.1321062e-08,48.255684,-0.3607672,-7.8271284,0.118905164,1.0,0.99901295,0.15039062,0.0050626295,-14.997622,-15.008447,-3.923904,1018.7508,1.4291992,2.0046456e-07,0.99901485,0.12109375,0.005101081,-14.742071,-14.75258,-3.9921615,11080.864,12.261455,1.6924025e-05,0.013076181125640868,20780.708221673965,760000
66.51295,-0.3015385,-7.789706,0.10954948,1.0,0.99918747,0.4423828,0.00343211,-18.74263,-18.758764,-2.2351346,191.95103,2.3637357,1.2676138e-05,2.2045257,-2.0767024,32.153328,0.999136,0.3701172,0.0035429974,-18.316572,-18.332142,-2.3895206,164.67557,1.5246744,7.022297e-05,47.986015,-0.4885903,-7.834085,0.1206442,1.0,0.9990206,0.13183594,0.0052147266,-14.7925205,-14.802867,-4.208492,988.2324,0.93276614,6.111144e-11,0.9990139,0.10644531,0.0053126225,-14.474664,-14.484652,-4.257202,293.48602,0.54064465,1.728634e-10,0.013087993383407593,20846.148190498352,765000
60.93413,-0.26523972,-7.7967863,0.11131962,1.0,0.99919224,0.44726562,0.0033605797,-18.90033,-18.916729,-2.1219962,750.1839,2.8073552,6.149368e-05,1.5469202,-1.7766403,25.64354,0.9991245,0.37402344,0.0034875385,-18.515795,-18.531643,-2.3039541,114.202126,1.6647639,0.00018735664,55.41346,-0.36243948,-7.8423195,0.12270285,1.0,0.99901867,0.140625,0.005037269,-15.052782,-15.063559,-4.02815,873.76953,0.70470953,2.8340892e-09,0.99900913,0.119140625,0.005136384,-14.730747,-14.741118,-4.120753,1049.706,1.2325757,5.323809e-09,0.013085134172439575,20911.573865175247,770000
54.85328,-0.2495831,-7.7956886,0.11104512,1.0,0.99920845,0.44140625,0.003405542,-18.890728,-18.907051,-2.1930642,281.14517,2.0923014,4.336105e-05,3.0629818,-1.9128964,29.484058,0.99915314,0.38867188,0.0035468284,-18.529453,-18.545227,-2.3924026,63.168385,1.3706809,1.6374679e-05,64.44682,-0.3536682,-7.817046,0.11638448,1.0,0.9990082,0.15429688,0.0050929477,-15.057676,-15.068498,-3.9878926,224.1503,0.62155735,1.01091935e-08,0.9990063,0.12792969,0.0051278817,-14.742781,-14.753182,-4.1023846,126.194916,0.3818695,1.1345675e-07,0.013022901105880738,20976.688374519348,775000
54.94127,-0.2987129,-7.7812204,0.10742803,1.0,0.99919415,0.45214844,0.0033556684,-18.967163,-18.983606,-2.1447432,123.359825,1.7921584,5.3096934e-05,1.7804344,-2.0536337,23.658094,0.99912643,0.38183594,0.0034605884,-18.612968,-18.628962,-2.2522438,141.9389,1.5796964,0.0004687842,52.332886,-0.4058749,-7.831626,0.12002941,1.0,0.99902153,0.13671875,0.0050645224,-14.823996,-14.834536,-4.0414057,112.34793,0.3518919,9.787571e-10,0.9990177,0.12890625,0.0051265117,-14.578901,-14.58912,-4.1254478,196.21193,0.5230341,3.266314e-08,0.011425542163848878,21033.816087007523,780000
57.358017,-0.3427765,-7.8072586,0.11393766,1.0,0.9992161,0.4580078,0.0033402795,-19.167694,-19.184376,-2.1008017,422.77444,2.2216225,6.109636e-05,1.3646482,-1.5722022,25.067749,0.99913406,0.3876953,0.0034809024,-18.678734,-18.694782,-2.2622385,112.71984,1.7876037,0.00011744857,74.178925,-0.326573,-7.8428097,0.1228253,1.0,0.99902344,0.14257812,0.0050848546,-14.936354,-14.946974,-4.073312,708.34283,0.53797525,1.735155e-06,0.9990101,0.10449219,0.005178327,-14.523391,-14.533513,-4.1685305,192.09085,0.3894176,1.1012033e-05,0.008985813808441162,21078.74515914917,785000
60.23044,-0.3019893,-7.793367,0.11046468,1.0,0.9991989,0.4453125,0.003478522,-18.703707,-18.719805,-2.237699,1242.6873,2.9806643,5.5971523e-05,2.0901375,-1.409095,26.52026,0.9991541,0.37402344,0.0035919002,-18.14998,-18.165398,-2.379354,263.827,2.102766,0.00010424208,58.68737,-0.40464658,-7.809204,0.1144239,1.0,0.999012,0.16113281,0.005098734,-15.079833,-15.0906515,-4.010953,576.2588,0.90468097,1.3294268e-08,0.9990053,0.12207031,0.0052139647,-14.744547,-14.754962,-4.089431,197.12222,0.5861683,8.994309e-08,0.009251207971572875,21125.001200914383,790000
57.144867,-0.32076633,-7.7935047,0.1104992,1.0,0.9992008,0.4580078,0.0033555622,-18.852509,-18.86886,-2.1236048,717.91156,2.6954288,0.0001283096,1.319959,-1.5113006,25.01519,0.9991598,0.39746094,0.0033846921,-18.66979,-18.685896,-2.1915631,465.22043,2.1264079,0.00018912977,59.29142,-0.37886623,-7.8311963,0.11992209,1.0,0.9990225,0.12988281,0.005135192,-15.043932,-15.054695,-4.0340815,492.94003,0.5102124,8.998122e-11,0.9990082,0.10449219,0.005210786,-14.777626,-14.787995,-4.169176,211.56711,0.5096968,1.8520235e-09,0.009117031192779542,21170.586362361908,795000
48.083706,-0.32522467,-7.786518,0.10875242,1.0,0.99919987,0.44726562,0.003361349,-19.035349,-19.051893,-2.110416,205.76909,2.039525,1.6466744e-05,1.5737321,-1.1627035,25.10495,0.99913025,0.39648438,0.0035047915,-18.384674,-18.4004,-2.2950091,88.44272,1.392802,7.0382135e-05,66.38888,-0.40350822,-7.837989,0.121620096,1.0,0.9990177,0.15234375,0.005099305,-14.955652,-14.966324,-4.039678,2211.6536,3.5781405,4.412088e-08,0.99901867,0.12988281,0.005154685,-14.566579,-14.576801,-4.10876,777.2979,1.5699272,7.953816e-12,0.009257092523574829,21216.871827840805,800000
56.08061,-0.32625067,-7.7940116,0.11062579,1.0,0.9992056,0.47558594,0.003362651,-18.829506,-18.845823,-2.1356688,1073.021,2.9847002,3.4398676e-05,2.166695,-1.4103143,26.728954,0.9991722,0.4033203,0.0034440923,-18.431515,-18.447348,-2.2357254,174.55186,1.7601204,3.7187947e-05,55.67035,-0.43348926,-7.831865,0.12008919,1.0,0.99902153,0.125,0.0050576925,-15.074337,-15.085141,-4.0205026,180.47374,0.4460315,2.0949604e-07,0.9990101,0.10449219,0.0050923675,-14.80201,-14.812536,-4.0323477,508.5619,1.2408168,1.8151694e-06,0.2043111666202545,22238.427663564682,805000
53.972893,-0.2932884,-7.8085976,0.11427238,1.0,0.99920464,0.44726562,0.003425323,-18.750046,-18.766266,-2.157248,149.9518,2.1775205,9.692387e-05,2.5380807,-2.3010037,25.672672,0.9991274,0.38671875,0.0035429015,-18.531933,-18.547758,-2.342421,108.79486,1.4912481,6.2667946e-06,62.168385,-0.36538807,-7.8022366,0.112682104,1.0,0.9989939,0.12109375,0.005237021,-15.051211,-15.061904,-4.112647,295.7035,0.83926105,2.0935573e-08,0.9989929,0.109375,0.005325554,-14.7618065,-14.772189,-4.141512,645.1768,2.1444442,5.6081664e-08,0.013020670413970948,22303.531021356583,810000
53.16724,-0.28704092,-7.797872,0.11159102,1.0,0.99920845,0.46191406,0.0033691444,-18.847929,-18.86424,-2.1618938,197.75714,2.0247047,5.5055807e-05,2.490063,-1.8145878,25.388958,0.99917126,0.40527344,0.0034198451,-18.542435,-18.558325,-2.287466,112.015854,1.5648197,0.00015591033,63.23043,-0.36984968,-7.8095045,0.11449906,1.0,0.99902344,0.14453125,0.005043106,-15.192424,-15.203365,-3.9991133,762.5214,1.1150541,8.8260524e-11,0.99902344,0.111328125,0.005053511,-15.015937,-15.026641,-4.0645456,111.254906,0.41077274,8.413525e-08,0.013908145904541015,22373.071753501892,815000
52.481895,-0.32979324,-7.7842655,0.10818941,1.0,0.9992037,0.44726562,0.0034583039,-19.0121,-19.028505,-2.2304316,245.50327,2.3715928,1.3144656e-05,2.4152002,-2.9682229,32.35671,0.99914646,0.39257812,0.00353616,-18.589277,-18.60514,-2.3591847,307.14346,1.9353675,3.336941e-05,64.648125,-0.31014192,-7.804259,0.11318761,1.0,0.99902725,0.13085938,0.0051153563,-14.98794,-14.998599,-4.0838943,1108.0103,0.8980079,1.0589642e-07,0.99902153,0.10839844,0.0051607494,-14.67584,-14.686154,-4.1253138,1597.1752,1.7069856,2.4083555e-08,0.017052295303344726,22458.333231925964,820000
58.496475,-0.24568458,-7.8073254,0.11395436,1.0,0.9991789,0.42871094,0.0034883034,-18.56578,-18.581696,-2.2855492,339.15784,2.1853476,4.56031e-05,2.575523,-1.4713279,28.792927,0.9991245,0.36621094,0.003581299,-18.115757,-18.131113,-2.4043229,164.41867,1.6878303,0.0003345974,54.12644,-0.4059068,-7.8119802,0.115118004,1.0,0.9990034,0.13476562,0.0051037287,-15.223399,-15.234314,-4.056311,674.2129,1.3542085,1.4479923e-08,0.99900436,0.125,0.0051889494,-14.769194,-14.779596,-4.1280603,143.15012,0.7497599,2.8248527e-07,0.017027425050735474,22543.47035932541,825000
59.35196,-0.25677976,-7.789273,0.109441094,1.0,0.9992094,0.44335938,0.0033911655,-19.231728,-19.248404,-2.173795,187.3926,2.0385852,0.00014152593,3.9859207,-1.8221242,33.871735,0.9991474,0.3857422,0.003500281,-18.638397,-18.654295,-2.3727355,197.03473,1.499872,6.407602e-05,62.206703,-0.34940553,-7.846306,0.12369935,1.0,0.9989786,0.13183594,0.005128068,-15.188267,-15.199223,-3.9812913,1111.029,2.0299864,5.856257e-09,0.9989805,0.11816406,0.005151739,-14.929147,-14.939798,-4.0318174,60.06662,0.48580623,1.5788937e-07,0.013596439695358276,22611.452562332153,830000
53.37452,-0.33758885,-7.812852,0.115335934,1.0,0.9991808,0.4296875,0.0034356944,-18.845747,-18.862013,-2.204478,554.8628,2.4632542,8.570943e-05,1.8443016,-1.206076,26.029484,0.99914074,0.37402344,0.0035572299,-18.411686,-18.427404,-2.330956,135.95113,1.9330062,0.00016934075,63.18208,-0.31913432,-7.82824,0.1191829,1.0,0.99901676,0.115234375,0.0052048033,-15.108383,-15.119055,-4.190583,140.39487,0.32976332,9.0012116e-11,0.99900055,0.11425781,0.005256111,-14.81176,-14.822096,-4.2386656,438.70303,1.2034401,7.0775004e-11,0.008959728002548217,22656.251204013824,835000
50.58587,-0.33068168,-7.7875214,0.10900332,1.0,0.9991894,0.4296875,0.0034879656,-18.773834,-18.789993,-2.2441998,436.81583,2.7043896,2.39941e-08,2.1377232,-1.7629392,26.590282,0.99914074,0.3642578,0.0036300232,-18.246466,-18.261896,-2.4602466,275.42667,1.9138227,1.9844176e-06,64.86601,-0.34616655,-7.829187,0.11941964,1.0,0.9990206,0.14453125,0.005053477,-15.1591,-15.170085,-3.9210603,727.81604,1.4301608,6.6193536e-07,0.99901485,0.11425781,0.005112646,-14.757217,-14.767675,-4.058608,29.970583,0.20365559,8.874267e-06,0.008959348344802857,22701.047947645187,840000
50.62339,-0.35884315,-7.797193,0.11142123,1.0,0.99921036,0.45898438,0.0032818276,-19.074263,-19.09095,-2.0022466,960.2844,2.4563715,1.9494542e-05,1.3915046,-1.021975,22.037315,0.9991455,0.38671875,0.0034495264,-18.83955,-18.855846,-2.1659164,192.35135,1.9913957,1.7872017e-06,54.59792,-0.43896267,-7.8146663,0.11578952,1.0,0.9990206,0.13183594,0.0051666973,-15.116761,-15.127492,-4.1406336,1092.1553,1.4205854,5.3320576e-10,0.9990158,0.115234375,0.0052648187,-14.767821,-14.778141,-4.209605,223.70303,0.67162526,2.5853506e-12,0.008940691995620727,22745.75140953064,845000
56.606102,-0.30539054,-7.774881,0.10584316,1.0,0.99919415,0.43554688,0.0034570857,-18.874506,-18.890736,-2.2726896,987.91956,2.3346262,1.6629892e-07,3.4449522,-1.5218501,28.050276,0.99914455,0.38867188,0.0035063918,-18.56365,-18.579473,-2.3769083,96.73001,1.3351161,0.00013161408,63.938095,-0.31019664,-7.807717,0.11405215,1.0,0.99902725,0.14355469,0.0050782138,-15.064684,-15.07544,-4.0598516,258.66306,0.5083722,1.03947165e-13,0.99902344,0.1171875,0.0051148166,-14.803482,-14.8139105,-4.13351,1026.4943,1.1547807,2.485715e-08,0.008933708763122558,22790.419959783554,850000
54.22063,-0.34087694,-7.792837,0.11033222,1.0,0.99918556,0.4501953,0.0034665246,-18.952347,-18.968712,-2.2097497,461.10443,2.6426601,9.060315e-06,1.7825123,-1.1668465,24.33046,0.99911785,0.35839844,0.0035760715,-18.720877,-18.736908,-2.3209167,98.1433,1.5857601,3.4452583e-05,50.177513,-0.40831554,-7.807515,0.11400168,1.0,0.99900913,0.140625,0.0051420536,-15.027479,-15.038188,-4.0734825,743.6343,1.1194271,1.5825688e-11,0.999012,0.115234375,0.005128821,-14.692661,-14.703056,-4.058801,21.580967,0.22435673,1.5124192e-06,0.012328490686416626,22852.06241583824,855000
47.960552,-0.32393438,-7.810953,0.11486127,1.0,0.999197,0.43066406,0.0034615833,-18.83242,-18.848675,-2.2058845,879.7764,2.5923395,7.236518e-06,1.3922511,-1.5284369,22.853283,0.9991379,0.3779297,0.0035543977,-18.34225,-18.35789,-2.3431654,128.2525,1.8006796,4.9800788e-06,68.28395,-0.31121498,-7.836377,0.12121723,1.0,0.9990053,0.13671875,0.0051450515,-14.949853,-14.960411,-4.148615,73.50443,0.27410203,5.6701647e-11,0.9990072,0.10253906,0.005191132,-14.583139,-14.593281,-4.208275,374.7296,0.6062629,5.6828976e-11,0.013062290906906127,22917.373873710632,860000
56.973915,-0.2815849,-7.812023,0.115128785,1.0,0.99919987,0.44335938,0.0034452346,-18.80423,-18.820448,-2.212462,127.441414,1.7401562,6.7605e-05,1.7768283,-2.6041622,28.51663,0.9991293,0.38085938,0.0035618981,-18.576248,-18.592138,-2.3196168,363.3542,1.9113472,8.155949e-05,64.9126,-0.37443507,-7.813028,0.11537996,1.0,0.9990225,0.125,0.0051083863,-14.975214,-14.985861,-4.0846424,671.25336,1.2258143,4.6220716e-09,0.999012,0.11816406,0.0051515154,-14.70092,-14.711267,-4.1152415,228.56517,0.9619411,8.147859e-08,0.013055816030502319,22982.652956962585,865000
50.751312,-0.29772714,-7.8021703,0.112665564,1.0,0.99919033,0.43359375,0.0035414929,-18.705727,-18.721752,-2.3126738,201.86182,1.917798,6.16184e-06,1.8544024,-1.352774,27.957773,0.9991379,0.375,0.003620763,-18.19579,-18.211157,-2.4759912,274.50626,1.4070324,3.6098472e-06,57.183384,-0.3629972,-7.8212366,0.117432065,1.0,0.99901676,0.12597656,0.004992038,-15.208566,-15.219592,-3.9281824,998.3625,1.2993422,6.5408567e-09,0.9990177,0.12597656,0.005103628,-14.721914,-14.732295,-4.1019516,1293.5497,1.984679,3.3675582e-07,0.013061630535125733,23047.961111545563,870000
53.211853,-0.32719696,-7.81342,0.11547804,1.0,0.99921227,0.453125,0.0033497459,-19.13247,-19.149084,-2.1353087,598.4183,2.1893454,9.1268805e-05,1.6525726,-1.2827312,29.6731,0.9991503,0.40234375,0.003468796,-18.88947,-18.905666,-2.3190708,283.69144,1.670252,2.8240043e-05,63.925964,-0.3718806,-7.8257847,0.118569165,1.0,0.9990196,0.13085938,0.0051614586,-15.07493,-15.085616,-4.1424923,331.37427,0.5725153,4.3533243e-11,0.9990072,0.12792969,0.005164531,-14.734379,-14.744707,-4.1694746,90.51689,0.20506051,2.2997636e-10,0.013085294818878174,23113.387587547302,875000
51.254993,-0.34114844,-7.7845287,0.10825519,1.0,0.99919987,0.45410156,0.003322035,-19.23118,-19.247917,-2.1099432,34140.22,18.820028,4.4941216e-06,3.848474,-3.209981,31.539585,0.99916077,0.38085938,0.0034278566,-18.800062,-18.81625,-2.2392716,315.63657,2.3293524,2.594704e-05,53.475754,-0.4175316,-7.810678,0.11479248,1.0,0.9990063,0.13769531,0.0050673597,-15.324694,-15.335725,-4.0404863,1385.77,1.8132405,5.4335484e-08,0.9990053,0.107421875,0.005126612,-15.050236,-15.060953,-4.086053,1053.396,1.9872829,4.4654076e-08,0.013081935358047485,23178.797266483307,880000
55.17179,-0.31073645,-7.7987056,0.1117994,1.0,0.99920464,0.45507812,0.003337483,-19.33089,-19.347706,-2.1289282,290.0163,2.529083,1.3080392e-05,2.9383545,-1.3314545,27.587873,0.99915314,0.40039062,0.0034365728,-18.686874,-18.702969,-2.2206635,400.63376,2.716937,1.5031532e-06,64.87723,-0.32745445,-7.8323293,0.12020522,1.0,0.99901867,0.14648438,0.0050982973,-15.0957985,-15.106668,-3.975819,4789.3394,5.4241166,4.9377663e-10,0.99900055,0.115234375,0.005169006,-14.615902,-14.626235,-4.045437,820.9413,1.5026509,1.2258986e-08,0.013072023105621338,23244.15738749504,885000
52.628086,-0.31620678,-7.7943625,0.11071357,1.0,0.99919987,0.4609375,0.0033721067,-19.197165,-19.213848,-2.12882,318.59064,2.1833868,1.2178786e-05,1.5556055,-1.5970302,24.796549,0.9991541,0.39160156,0.0034565288,-18.828445,-18.8447,-2.198998,83.98116,1.9691049,1.9522795e-06,69.67572,-0.36522672,-7.812937,0.1153571,1.0,0.9989977,0.12792969,0.00522777,-15.134903,-15.145665,-4.124518,838.5919,0.89590436,2.841873e-09,0.99899197,0.095703125,0.005259083,-14.837582,-14.848013,-4.1648846,261.24817,0.56970906,1.1785208e-09,0.013079080486297608,23309.55279159546,890000
59.154427,-0.24435377,-7.771949,0.10511023,1.0,0.9992018,0.45117188,0.0033642456,-19.094059,-19.110588,-2.1876645,156.06386,1.7206254,9.161719e-05,1.6849838,-2.5219789,26.901869,0.9991455,0.40527344,0.003453259,-18.909588,-18.92585,-2.275547,125.71264,1.9057415,3.7342543e-05,68.69794,-0.3280463,-7.825613,0.11852619,1.0,0.9990158,0.14257812,0.005147221,-15.194013,-15.204826,-4.1322193,1451.3197,1.11385,5.7970258e-08,0.99901104,0.11230469,0.00522179,-14.8709755,-14.881398,-4.2085676,230.66394,1.2316855,2.246469e-09,0.013076621341705322,23374.935899734497,895000
53.886234,-0.31319293,-7.7851048,0.10839916,1.0,0.99921036,0.4609375,0.0034095822,-19.102673,-19.119247,-2.1477332,902.29944,2.9538383,1.4596171e-05,1.8436987,-1.5672299,25.062668,0.9991646,0.3876953,0.0035442319,-18.855547,-18.871708,-2.3216329,573.9629,2.5335355,2.1490807e-06,60.68765,-0.32923877,-7.8334064,0.12047454,1.0,0.99902534,0.13183594,0.005041181,-15.121872,-15.132723,-4.022515,1012.1048,1.1466968,1.7531321e-10,0.9990263,0.12011719,0.005108351,-14.796671,-14.807079,-4.149073,404.62558,0.72482395,1.9418e-09,0.013071873760223389,23440.295270442963,900000
53.968094,-0.32779464,-7.7921457,0.11015946,1.0,0.9991846,0.44433594,0.0034441398,-19.136986,-19.153528,-2.2148118,250.57396,2.403534,9.6329866e-05,1.5079721,-1.5077641,23.901484,0.9991503,0.3798828,0.0035670684,-18.834389,-18.850487,-2.3649,233.05165,2.1692312,5.782929e-06,64.44907,-0.40774798,-7.8261504,0.118660584,1.0,0.99902534,0.14941406,0.005021614,-14.899897,-14.91054,-4.012971,506.6263,0.57483244,1.9896856e-06,0.9990158,0.1171875,0.0051308856,-14.495743,-14.505916,-4.0886736,129.25299,0.48781362,1.3181682e-06,0.20425629391670228,24461.576741933823,905000
46.075798,-0.34697467,-7.7808256,0.10732937,1.0,0.9992161,0.45117188,0.003376295,-19.095856,-19.112446,-2.1249406,479.73596,2.9242516,3.2379256e-05,1.2141786,-1.2534925,22.806942,0.9991398,0.40234375,0.0034955177,-18.785484,-18.801659,-2.237245,140.17513,2.2934425,0.00010947087,59.84215,-0.37185296,-7.8422737,0.12269135,1.0,0.99901867,0.14453125,0.005102961,-15.032354,-15.043079,-4.0593176,202.7206,0.38822812,3.1885815e-08,0.9990082,0.111328125,0.005148232,-14.786707,-14.797132,-4.1222324,37.202133,0.17283157,1.0924767e-08,0.01305137825012207,24526.833636283875,910000
55.653484,-0.29819578,-7.789316,0.10945205,1.0,0.9992008,0.4375,0.003454872,-19.14006,-19.15664,-2.1822834,698.40326,2.7148244,4.7522397e-05,0.938326,-1.6484724,22.067997,0.99914455,0.39648438,0.003502336,-18.992596,-19.008926,-2.2860312,99.49991,1.6551646,0.00010311256,61.626053,-0.408257,-7.855711,0.1260506,1.0,0.9990053,0.13085938,0.0050544506,-15.202293,-15.21324,-4.0034523,815.85645,0.9673614,1.2239034e-06,0.99901104,0.10449219,0.0051055485,-15.014931,-15.025631,-4.0670815,155.66402,0.53631276,3.262387e-07,0.013055593538284302,24592.111605882645,915000
50.025288,-0.3567034,-7.794861,0.110838115,1.0,0.9992151,0.4560547,0.003365432,-19.334812,-19.351696,-2.061524,196.09586,2.5694866,2.8192602e-05,2.6871157,-3.0668094,29.93478,0.9991665,0.390625,0.0034538028,-18.963024,-18.97942,-2.1881354,168.72115,2.22744,8.547434e-05,65.44564,-0.3944515,-7.8373137,0.12145145,1.0,0.998991,0.13769531,0.005146468,-15.268806,-15.279807,-4.0147047,1439.7125,1.744351,1.8790227e-09,0.9989891,0.12695312,0.005244069,-14.9955,-15.006187,-4.061301,700.02094,2.5014832,2.2726477e-08,0.015046299457550049,24667.343105316162,920000
51.16153,-0.38790983,-7.7845488,0.10826017,1.0,0.99919605,0.4248047,0.003500837,-18.793037,-18.809135,-2.3231611,880.74774,2.7063246,5.4958628e-06,1.6722479,-2.0331707,26.00256,0.99914455,0.36914062,0.00358736,-18.454296,-18.469973,-2.4182992,165.4693,1.7643164,5.9712664e-05,49.729015,-0.45402718,-7.8143134,0.11570129,1.0,0.9990244,0.13769531,0.005020235,-15.1546,-15.165498,-4.0051866,2105.5166,1.6667085,3.4225307e-09,0.99901295,0.12109375,0.0050416403,-14.806145,-14.816713,-3.9952555,106.738106,0.39001673,2.4446317e-07,0.017039704704284668,24752.5416328907,925000
58.81259,-0.26809162,-7.8081217,0.11415341,1.0,0.9991827,0.4189453,0.0034411051,-18.999315,-19.015697,-2.240129,282.4164,1.9792799,1.7783854e-05,1.9359454,-1.3242886,30.567493,0.99913406,0.38476562,0.0035486757,-18.766548,-18.782547,-2.400708,148.12541,1.5772071,1.307443e-05,56.606525,-0.3614698,-7.8494797,0.12449299,1.0,0.9990072,0.16113281,0.005020028,-15.453198,-15.464468,-3.9256148,362.48477,1.1603588,3.3351721e-09,0.9990063,0.13769531,0.0050955457,-15.156855,-15.167764,-3.9975457,709.2473,2.0149572,7.3216967e-07,0.017021243238449096,24837.64785337448,930000
50.64534,-0.27937353,-7.8124886,0.11524506,1.0,0.99921227,0.45898438,0.003366345,-19.263252,-19.28012,-2.009306,1006.6698,3.7354705,1.0925148e-05,0.79253453,-1.0257431,18.156178,0.99915123,0.3935547,0.0034346539,-18.951694,-18.968145,-2.1220036,587.1209,2.9121046,6.461616e-05,60.290398,-0.41554824,-7.820633,0.117281236,1.0,0.9990082,0.12988281,0.005180479,-15.072154,-15.082895,-4.083472,216.95515,0.53513,3.3161882e-08,0.9990082,0.11328125,0.005279343,-14.766138,-14.776523,-4.141966,246.06909,1.0381504,5.252149e-07,0.01703027014732361,24922.799206972122,935000
51.36107,-0.35212007,-7.790261,0.10968819,1.0,0.99919987,0.44433594,0.0033969965,-19.188995,-19.20565,-2.1488552,454.98526,2.374434,5.70802e-05,2.5309906,-2.9149349,32.77454,0.99914074,0.37109375,0.0035321095,-19.063751,-19.080162,-2.276212,393.63565,2.286079,3.1682457e-06,58.59893,-0.38945368,-7.8480067,0.124124646,1.0,0.9990063,0.13085938,0.005100577,-15.201132,-15.212052,-4.029913,723.34766,1.0282967,7.117246e-11,0.99899197,0.11035156,0.0051665106,-14.881981,-14.892569,-4.050786,111.52302,0.44741088,1.4547247e-06,0.015071597242355347,24998.15719628334,940000
51.02768,-0.2711311,-7.780304,0.10719894,1.0,0.9991741,0.42285156,0.003527698,-19.144947,-19.161469,-2.2428265,170.70346,2.1644797,2.8751698e-05,1.2625061,-1.8904736,20.34939,0.9991255,0.38476562,0.0035908194,-18.788445,-18.804478,-2.384638,158.05212,1.7896225,8.774658e-05,64.97526,-0.2937863,-7.8417645,0.12256407,1.0,0.9990053,0.14941406,0.0050769914,-15.280565,-15.291605,-3.9882438,668.57715,1.4682457,5.128758e-10,0.9989948,0.12792969,0.0051234826,-14.969652,-14.980295,-4.0828776,218.72755,0.506396,1.2051163e-09,0.012925601148605347,25062.78520464897,945000
53.858635,-0.34186766,-7.7826443,0.10778401,1.0,0.99919987,0.44433594,0.003387873,-19.199646,-19.21633,-2.129013,25234.111,14.411398,1.8890812e-05,1.8545272,-1.2320225,25.152882,0.9991493,0.38378906,0.0034845076,-19.080748,-19.097214,-2.2373254,165.22873,2.2142045,2.0875834e-05,66.0057,-0.3401977,-7.8268385,0.11883253,1.0,0.9990263,0.13476562,0.0050834506,-15.061705,-15.072498,-4.0190473,5047.0195,5.5638566,5.0068366e-10,0.99902534,0.12011719,0.0051022284,-14.770667,-14.781124,-4.072978,44.43798,0.22198583,1.8887624e-07,0.013932782411575317,25132.44911837578,950000
47.83816,-0.30267304,-7.786028,0.10862991,1.0,0.9992075,0.4326172,0.0034104204,-19.04105,-19.057611,-2.096934,609.6242,2.765799,1.7572544e-05,1.4381728,-1.1210902,22.311607,0.9991293,0.3935547,0.003483058,-18.673698,-18.68976,-2.2414877,269.702,1.9735271,8.879297e-06,66.25065,-0.3387551,-7.839635,0.12203163,1.0,0.99899197,0.13769531,0.0051767807,-15.19536,-15.2063675,-3.9348483,16500.098,26.145052,1.2642862e-09,0.9989948,0.11328125,0.005153272,-14.917256,-14.927862,-4.067915,358.44318,0.98060805,6.083286e-09,0.017032945680618285,25217.613848924637,955000
48.394035,-0.326504,-7.792281,0.110193186,1.0,0.9992027,0.46289062,0.003277522,-19.552353,-19.569496,-2.0155234,217.44608,2.143641,7.549338e-05,2.345589,-1.5369085,24.21331,0.99914837,0.41210938,0.0033577762,-19.207895,-19.22458,-2.1391678,93.410126,1.562352,0.00030398832,57.899918,-0.34844798,-7.832679,0.12029264,1.0,0.9990244,0.15429688,0.005057037,-15.138086,-15.148965,-4.008056,379.7609,0.8712621,4.314193e-11,0.9990158,0.13574219,0.005106125,-14.889528,-14.900076,-4.099422,389.38705,1.2414713,2.0097515e-12,0.013936623525619507,25287.29696917534,960000
48.486362,-0.31823325,-7.7859626,0.10861355,1.0,0.99920464,0.46484375,0.003364606,-19.26498,-19.281782,-2.075416,742.9633,2.3937902,4.3221713e-05,2.1037474,-1.1988019,25.272085,0.9991646,0.375,0.0034636322,-18.969051,-18.98538,-2.2627342,217.04631,1.8384333,0.00015651218,70.56232,-0.347153,-7.825894,0.11859643,1.0,0.9989929,0.14746094,0.00509959,-15.387711,-15.398857,-3.9834747,816.1681,1.2949412,1.0155266e-08,0.9989815,0.1171875,0.005196293,-15.079411,-15.090195,-4.0469956,1112.8906,2.3156917,3.4770378e-09,0.013062936162948608,25352.61165189743,965000
59.7302,-0.28734738,-7.789281,0.10944328,1.0,0.9991894,0.43652344,0.0034061642,-19.368114,-19.384897,-2.1988068,202.7115,1.8865371,1.6088285e-05,0.97514004,-1.140393,22.641243,0.9991379,0.39453125,0.00349971,-18.865494,-18.881659,-2.3286767,84.178825,1.4727441,5.1152798e-05,62.48762,-0.42547613,-7.8388853,0.12184425,1.0,0.99901485,0.1484375,0.005037236,-15.138352,-15.149234,-4.007001,66.57591,0.30345464,1.356237e-08,0.9990015,0.12207031,0.005121532,-14.864758,-14.875317,-4.0623245,285.55228,1.0055528,1.3095082e-07,0.013017934370040894,25417.701327323914,970000
49.173668,-0.32775515,-7.7810955,0.107396826,1.0,0.99923325,0.4716797,0.003257298,-19.564402,-19.581602,-1.9690387,206.07741,2.5849085,6.536399e-05,2.682112,-3.108632,31.236814,0.9991436,0.4111328,0.0034276326,-19.30621,-19.322948,-2.179964,206.94386,2.341487,3.6461017e-05,59.411686,-0.36870262,-7.823529,0.11800514,1.0,0.99903107,0.15136719,0.0050035836,-14.874205,-14.88488,-3.9544795,232.4876,0.4464696,5.819928e-07,0.9990301,0.13769531,0.0050534215,-14.678857,-14.689255,-4.041288,204.94615,0.31501135,8.312492e-08,0.013028713083267212,25482.84489631653,975000
53.829998,-0.38191453,-7.796463,0.11123881,1.0,0.99919605,0.45214844,0.0033735996,-19.191547,-19.208199,-2.1576755,973.50757,2.3001313,2.0283936e-05,1.9672598,-2.99005,30.53189,0.99915123,0.39648438,0.0035172384,-18.949448,-18.965782,-2.2400022,86.341896,1.6631738,2.761387e-05,55.017998,-0.39033118,-7.8152666,0.11593966,1.0,0.9990139,0.12890625,0.0050760508,-15.210268,-15.221182,-4.04566,739.24396,1.0892947,1.5588812e-10,0.9990082,0.12207031,0.0050773313,-14.993707,-15.00442,-4.033943,755.4623,1.2226368,2.0149093e-07,0.013046123886108398,25548.075517416,980000
48.919403,-0.3276036,-7.8126717,0.115290835,1.0,0.99921227,0.45703125,0.0033612512,-19.364887,-19.381727,-2.1369574,1596.8354,2.6586304,7.807584e-06,5.343221,-3.1122744,35.703373,0.9991503,0.40039062,0.0034610042,-19.074219,-19.090652,-2.2630947,207.15701,1.9979744,2.2657161e-06,66.25441,-0.35831448,-7.829938,0.119607344,1.0,0.99901295,0.140625,0.00505305,-15.036699,-15.047547,-3.9383307,236.38835,0.743078,1.3494437e-07,0.9989939,0.11621094,0.0051364275,-14.780003,-14.790519,-4.0212536,1270.3207,2.0133266,7.977686e-08,0.013028956651687622,25613.220302820206,985000
64.47129,-0.23632877,-7.797386,0.11146949,1.0,0.99920654,0.46972656,0.003353145,-19.085018,-19.101633,-2.0883455,160.97165,2.3987904,3.451625e-05,2.9396987,-2.2308116,33.885906,0.99914646,0.39160156,0.0035007051,-18.819752,-18.835964,-2.233857,228.85188,2.2123065,1.565109e-07,59.324387,-0.3639192,-7.8348722,0.120841034,1.0,0.99902344,0.16503906,0.004982218,-15.135204,-15.146086,-4.0045176,699.3847,0.80760866,3.0321987e-06,0.9990368,0.13476562,0.005067259,-14.891729,-14.902281,-4.098471,878.48364,1.1162164,1.4704485e-06,0.013031503772735596,25678.377823352814,990000
47.891937,-0.31819642,-7.8011265,0.112404585,1.0,0.9992151,0.46484375,0.0033177342,-19.476883,-19.49388,-2.089684,198.30417,2.2796445,7.445896e-05,1.7328575,-1.4809232,25.002354,0.99915123,0.39648438,0.003444516,-18.994091,-19.010435,-2.2733102,364.5875,1.9999661,2.3649982e-05,60.51551,-0.3234562,-7.8283014,0.11919827,1.0,0.9990196,0.14746094,0.0049605863,-15.288807,-15.299968,-3.8712707,1495.1129,1.1025672,4.8064985e-12,0.9990072,0.13769531,0.0050771944,-14.849012,-14.859632,-3.9861844,97.701866,0.47469506,3.139719e-10,0.013047648477554321,25743.616069555283,995000
52.867386,-0.286935,-7.8035626,0.11301361,1.0,0.9992113,0.47460938,0.0033210774,-19.406597,-19.42359,-2.0225937,335.42142,2.3502378,2.8996852e-05,2.6167932,-2.2041261,27.514774,0.99916077,0.4033203,0.0034865243,-18.941547,-18.95792,-2.192837,236.15425,2.5804963,8.5569765e-05,48.700096,-0.4144798,-7.8401785,0.12216758,1.0,0.99902153,0.16601562,0.0049341526,-15.168552,-15.179565,-3.9029024,108.285385,0.33259457,1.0552468e-06,0.99901485,0.14160156,0.0049632243,-14.87748,-14.888191,-3.9194477,590.26373,1.3687823,3.5932167e-06,0.01301336669921875,25808.682904958725,1000000
