training/actor/actor_loss,training/actor/adv,training/actor/bc_log_prob,training/actor/mse,training/actor/std,training/critic/binary_accuracy,training/critic/categorical_accuracy,training/critic/contrastive_loss,training/critic/logits,training/critic/logits_neg,training/critic/logits_pos,training/critic/v_max,training/critic/v_mean,training/critic/v_min,training/grad/max,training/grad/min,training/grad/norm,training/value/binary_accuracy,training/value/categorical_accuracy,training/value/contrastive_loss,training/value/logits,training/value/logits_neg,training/value/logits_pos,training/value/v_max,training/value/v_mean,training/value/v_min,validation/actor/actor_loss,validation/actor/adv,validation/actor/bc_log_prob,validation/actor/mse,validation/actor/std,validation/critic/binary_accuracy,validation/critic/categorical_accuracy,validation/critic/contrastive_loss,validation/critic/logits,validation/critic/logits_neg,validation/critic/logits_pos,validation/critic/v_max,validation/critic/v_mean,validation/critic/v_min,validation/value/binary_accuracy,validation/value/categorical_accuracy,validation/value/contrastive_loss,validation/value/logits,validation/value/logits_neg,validation/value/logits_pos,validation/value/v_max,validation/value/v_mean,validation/value/v_min,time/epoch_time,time/total_time,step
21.69875,-0.7222135,-9.380682,0.5072936,1.0,0.78882885,0.0,0.5635301,-0.5172272,-0.5171754,-0.5701471,23.094854,0.9846699,0.03190173,0.97628677,-0.7072377,77.412155,0.69050217,0.0,0.58888596,-0.3675803,-0.3675119,-0.4375537,8.212827,0.8160671,0.09592841,25.08654,-0.69073194,-9.253123,0.47540385,1.0,0.99023724,0.001953125,0.037895285,-6.1971555,-6.196914,-6.444508,8.421437,0.057798952,1.3939364e-05,0.9847536,0.0,0.043236136,-5.925247,-5.9250126,-6.1653814,6.752638,0.054459956,2.193882e-05,0.013018497371673585,65.09248876571655,1
21.376411,-0.1223907,-7.9114,0.1399729,1.0,0.999032,0.064453125,0.005763911,-11.341236,-11.347575,-4.8568344,7.740652,0.04465372,6.617258e-07,0.7321921,-0.4744405,11.906102,0.9990282,0.064453125,0.005810214,-11.120757,-11.12677,-4.9688272,7.6457553,0.039868772,8.3896686e-07,18.841122,-0.14588052,-7.938974,0.14686644,1.0,0.99901485,0.045898438,0.005813341,-11.474338,-11.48085,-4.811069,82.86588,0.13480885,1.0143985e-07,0.9990196,0.047851562,0.0058351397,-11.276503,-11.282755,-4.880411,14.522633,0.043410957,1.5737915e-07,0.2714674310684204,1422.4296460151672,5000
22.33039,-0.15355434,-7.806395,0.11372167,1.0,0.9990368,0.09472656,0.0052853134,-12.453352,-12.461212,-4.413102,6.2222476,0.08621983,7.468636e-06,0.45009193,-0.4797462,11.139963,0.9990387,0.083984375,0.0053486363,-12.16202,-12.1695385,-4.4696946,8.115932,0.09104314,7.706907e-06,19.493122,-0.18519574,-7.8209896,0.11737035,1.0,0.99901485,0.064453125,0.0054970863,-12.407655,-12.415431,-4.4517837,54.09426,0.13405856,6.110723e-06,0.9990139,0.055664062,0.005545937,-12.224156,-12.231713,-4.4928827,88.12304,0.18620877,1.1269784e-06,0.27519050235748294,2798.3821597099304,10000
22.34718,-0.16956356,-7.767808,0.104074866,1.0,0.9990349,0.10546875,0.004982206,-13.013571,-13.022361,-4.021677,45.774567,0.17362411,2.6180265e-05,0.42902362,-0.50685996,12.007094,0.999032,0.08886719,0.0050270204,-12.732789,-12.741258,-4.068531,90.089745,0.18801424,2.3990064e-05,24.825525,-0.1407511,-7.7990317,0.11188077,1.0,0.9990063,0.08984375,0.005280043,-12.8614235,-12.869818,-4.2726135,59.35878,0.20786445,1.2985434e-05,0.9990082,0.08691406,0.005314454,-12.649286,-12.657399,-4.3493633,18.570843,0.14827144,2.3275863e-05,0.1702279134273529,3649.5217299461365,15000
24.44676,-0.23515418,-7.775567,0.10601464,1.0,0.9990406,0.13183594,0.0049367114,-13.167173,-13.176124,-4.0103855,26.907547,0.15316054,2.7659362e-05,1.1434824,-1.1123481,19.110111,0.9990387,0.119140625,0.0050193495,-12.80285,-12.811402,-4.0540333,18.695913,0.16443047,8.013675e-05,34.379913,-0.19543245,-7.7967854,0.11131932,1.0,0.9990225,0.09667969,0.0053684767,-13.060025,-13.068537,-4.351867,57.047966,0.16641593,1.0396994e-06,0.9990139,0.080078125,0.00540011,-12.775547,-12.783747,-4.3884554,52.361702,0.12899262,1.276106e-06,0.021989236783981323,3759.467918395996,20000
38.246178,-0.16955437,-7.741875,0.09759174,1.0,0.999033,0.12890625,0.0048649646,-13.318606,-13.327781,-3.9339294,63.595398,0.13354236,3.1938118e-05,0.6017165,-0.69130015,16.99221,0.9990301,0.111328125,0.0048951884,-13.055998,-13.064837,-4.013006,9.931111,0.09178224,7.8886e-05,38.432,-0.26000193,-7.74395,0.09811041,1.0,0.99902153,0.09667969,0.0052726474,-13.190258,-13.198951,-4.29792,14.93202,0.07762052,4.7675803e-06,0.99902344,0.07714844,0.005334421,-12.946388,-12.954784,-4.357943,9.342832,0.06593345,1.1193193e-07,0.14333601117134095,4476.147977113724,25000
42.962303,-0.22487313,-7.7109637,0.0898639,1.0,0.99904156,0.17382812,0.0047321413,-13.48915,-13.498641,-3.779248,72.790764,0.2544917,4.105158e-05,1.0378923,-0.8136379,19.283829,0.99903774,0.14355469,0.0048239725,-13.264322,-13.273494,-3.8829231,58.090088,0.25489712,3.174054e-05,40.854843,-0.29241595,-7.7194867,0.09199457,1.0,0.99901676,0.09277344,0.0054039857,-13.409173,-13.417966,-4.4150476,296.63348,0.27470052,7.409942e-08,0.99901295,0.0859375,0.00543432,-13.170938,-13.17948,-4.431779,22.783491,0.11875515,2.3223002e-07,0.024588671636581422,4599.091336727142,30000
40.578415,-0.2970485,-7.7106442,0.08978402,1.0,0.9990387,0.171875,0.0045890454,-13.866241,-13.876286,-3.5901186,34.73309,0.28701785,0.000110459376,1.5531654,-1.6700329,24.042679,0.9990368,0.15332031,0.0046244953,-13.633643,-13.643411,-3.6419487,25.786812,0.25936103,3.1172665e-05,49.96349,-0.26677746,-7.707147,0.08890973,1.0,0.9989996,0.09277344,0.005420261,-13.450638,-13.459533,-4.352417,28.052662,0.15679905,1.5352638e-06,0.99899673,0.09082031,0.0054174606,-13.233776,-13.242378,-4.4343233,16.591022,0.100828506,4.101485e-06,0.16685370616912842,5433.3598692417145,35000
43.118496,-0.33932933,-7.68823,0.0841805,1.0,0.9990454,0.20214844,0.004514655,-14.04434,-14.054583,-3.565949,272.84045,0.449968,2.4806273e-05,1.0078794,-0.905942,20.211357,0.99904346,0.16113281,0.004601057,-13.790287,-13.800175,-3.674488,102.95143,0.3375917,1.4533595e-05,57.633507,-0.2947253,-7.7081165,0.08915202,1.0,0.99900436,0.08496094,0.0054022223,-13.711399,-13.720486,-4.4168305,51.032185,0.15726474,1.0963935e-05,0.99900055,0.09375,0.0054300576,-13.437134,-13.4458685,-4.5024157,14.478871,0.114291236,1.4660085e-06,0.02198029375076294,5543.261341333389,40000
37.5815,-0.38968688,-7.688308,0.084199935,1.0,0.9990425,0.21191406,0.0045075538,-14.061176,-14.071448,-3.5526583,90.828804,0.33020374,6.243521e-05,1.7692522,-1.0619177,22.70381,0.9990444,0.17578125,0.0045811636,-13.784492,-13.794446,-3.6000395,36.92871,0.34017545,3.7899612e-05,51.133793,-0.32368976,-7.708219,0.08917773,1.0,0.9990225,0.09765625,0.005393686,-13.841177,-13.850377,-4.429183,37.553955,0.08860699,4.300679e-07,0.99901676,0.083984375,0.0054481854,-13.593618,-13.602503,-4.50451,10.2865095,0.06513552,2.9775194e-05,0.15430402550697328,6314.781471967697,45000
45.81044,-0.40130246,-7.666439,0.078732856,1.0,0.99903774,0.21972656,0.0044298186,-14.300743,-14.31133,-3.4704132,43.44407,0.29636452,5.7979076e-05,1.5561662,-1.3898815,25.335636,0.99903774,0.18652344,0.0045111347,-14.110081,-14.120423,-3.5275483,59.5408,0.35629755,1.5663274e-05,48.04138,-0.38813466,-7.719204,0.09192399,1.0,0.9990158,0.09472656,0.0054799533,-13.790731,-13.799836,-4.4760056,62.238586,0.17488214,2.4546246e-06,0.99901295,0.06933594,0.005514277,-13.569363,-13.578207,-4.5212326,46.407352,0.12730855,1.1069723e-05,0.012677752447128297,6378.17023563385,50000
52.509796,-0.36063924,-7.694868,0.08583988,1.0,0.99903965,0.234375,0.0043945145,-14.22994,-14.240539,-3.3880715,48.172707,0.37474662,2.5190463e-06,1.8522991,-2.1350746,32.231953,0.99904156,0.20214844,0.0044511436,-14.089121,-14.09951,-3.4608557,109.00116,0.37772244,0.000107975735,47.62403,-0.39002222,-7.6853075,0.08344982,1.0,0.9990206,0.109375,0.0053751823,-13.828992,-13.8382,-4.4093533,65.89941,0.13653842,1.2243393e-07,0.999012,0.08886719,0.0054517174,-13.540443,-13.5493145,-4.4653597,135.01476,0.28248844,8.034534e-07,0.22161843376159668,7486.262407541275,55000
51.906853,-0.3653748,-7.671266,0.079939514,1.0,0.99905205,0.28125,0.004227194,-14.462196,-14.473186,-3.2217298,150.93137,0.53597045,1.9038067e-05,1.5797119,-0.8503114,21.46827,0.9990454,0.21875,0.004312553,-14.317718,-14.328429,-3.359624,42.208282,0.42062527,8.582099e-05,48.113857,-0.45697474,-7.6794906,0.08199571,1.0,0.9990206,0.09765625,0.005355686,-14.037472,-14.0468235,-4.4697027,95.07314,0.16393873,6.556836e-08,0.99901867,0.08203125,0.0053672846,-13.780809,-13.78995,-4.4307775,156.7838,0.2741835,5.3980625e-07,0.020330625915527343,7587.915538787842,60000
50.170685,-0.38773257,-7.68355,0.083010405,1.0,0.9990425,0.24707031,0.0042879097,-14.735184,-14.746355,-3.3063397,136.29759,0.4581535,1.3986262e-05,1.0506704,-2.1326299,22.491583,0.99903774,0.20507812,0.004365797,-14.492579,-14.503421,-3.4007347,50.314796,0.3392523,0.00010042642,56.52832,-0.34639674,-7.6806903,0.08229554,1.0,0.9989996,0.125,0.0054201772,-13.974812,-13.984206,-4.364716,483.26373,0.68513405,6.174723e-06,0.998991,0.09082031,0.005530295,-13.771509,-13.780632,-4.438682,1703.335,2.9429474,8.839156e-06,0.022043501806259157,7698.1330506801605,65000
42.971775,-0.42623216,-7.650458,0.07473742,1.0,0.9990511,0.27441406,0.0042339144,-14.68251,-14.693669,-3.266265,66.77774,0.4317083,5.1258765e-05,1.1015204,-1.439427,19.621803,0.99904156,0.21777344,0.0043398943,-14.453724,-14.464539,-3.3903012,41.602196,0.42198145,2.650762e-05,47.568993,-0.4444242,-7.678641,0.08178316,1.0,0.9990139,0.10058594,0.0054412447,-13.980242,-13.989544,-4.4632883,35.54902,0.13979243,6.531983e-08,0.99901295,0.091796875,0.0054224515,-13.700418,-13.709487,-4.422889,312.59366,0.44583914,1.4403629e-07,0.02203586416244507,7808.3123733997345,70000
53.521034,-0.4290152,-7.6599474,0.07710993,1.0,0.9990635,0.2890625,0.0041920505,-14.6905575,-14.701797,-3.1931033,68.818855,0.48010504,3.4600525e-05,1.6037813,-1.6630144,22.015831,0.9990549,0.22460938,0.004282214,-14.485447,-14.49641,-3.2684875,157.09204,0.6637528,8.901048e-05,62.926804,-0.36510304,-7.6773405,0.08145803,1.0,0.9990015,0.095703125,0.0053504966,-14.071871,-14.081395,-4.328555,32.578632,0.2054908,7.666588e-06,0.9990063,0.08984375,0.0053966017,-13.868805,-13.87802,-4.441473,23.861574,0.1394955,1.2952905e-05,0.023642190170288086,7926.523326873779,75000
59.23752,-0.36906043,-7.645115,0.07340172,1.0,0.9990635,0.27441406,0.0042702467,-14.562456,-14.573426,-3.3396306,73.84045,0.4225969,9.3113216e-05,3.4659698,-2.518412,27.900549,0.99905014,0.22363281,0.004394777,-14.336575,-14.347229,-3.438013,38.113144,0.45270804,8.6716514e-05,65.05679,-0.44786942,-7.701687,0.087544605,1.0,0.99901485,0.0859375,0.0054641888,-13.993885,-14.003136,-4.5301533,97.648766,0.1911777,3.1374876e-07,0.99901867,0.0703125,0.0054809246,-13.78363,-13.792629,-4.578394,349.79877,0.5513574,2.4686454e-07,0.22576363105773925,9055.341485500336,80000
55.81012,-0.37457177,-7.676816,0.08132695,1.0,0.9990616,0.2939453,0.004211336,-14.772683,-14.783971,-3.224671,92.490616,0.43532208,1.8307429e-06,2.5844917,-1.4330844,26.876354,0.99903107,0.24316406,0.0043158955,-14.552365,-14.563382,-3.282596,107.96412,0.45417196,2.5537853e-05,55.713924,-0.4829954,-7.692752,0.08531092,1.0,0.9990206,0.10449219,0.005355495,-14.008827,-14.018212,-4.4088655,32.3775,0.10509184,2.5173679e-06,0.99901485,0.078125,0.0054181195,-13.622774,-13.631829,-4.3602047,75.23544,0.16835533,3.492678e-07,0.012751529264450074,9119.099134683609,85000
60.538666,-0.29626542,-7.6557994,0.076072805,1.0,0.9990711,0.3095703,0.0040704426,-15.133212,-15.145022,-3.0502954,51.985455,0.50016034,3.418985e-05,1.8279867,-1.5244169,29.162872,0.99905777,0.26660156,0.004160314,-14.981287,-14.992816,-3.1881375,68.62747,0.51255584,2.3673698e-05,60.526863,-0.43296596,-7.6959877,0.086119905,1.0,0.9990053,0.09082031,0.0054110307,-14.042297,-14.051719,-4.404332,385.81467,0.5945079,1.8434042e-08,0.99901295,0.080078125,0.005411491,-13.78038,-13.789452,-4.4990835,31.708277,0.12958395,1.8593399e-05,0.012968308305740356,9183.940677642822,90000
52.975388,-0.39951697,-7.6503057,0.074699305,1.0,0.99907017,0.3203125,0.0041053146,-15.087569,-15.099312,-3.074655,65.806145,0.56310564,9.090665e-05,1.5022817,-1.7188097,27.002438,0.9990511,0.24804688,0.004180949,-14.857318,-14.868795,-3.115778,120.6487,0.5702222,0.00010161884,48.776237,-0.5184648,-7.6753645,0.0809641,1.0,0.9990101,0.115234375,0.0053115184,-14.009979,-14.019475,-4.2954774,311.12323,0.39781424,1.5159324e-06,0.9990082,0.09082031,0.0053363563,-13.701577,-13.710819,-4.2469354,573.9208,1.9164382,1.0214492e-05,0.021993725299835204,9293.909307956696,95000
47.04782,-0.43486512,-7.633913,0.07060126,1.0,0.9990854,0.3251953,0.0040342263,-15.032961,-15.044739,-2.9834313,88.01528,0.55354893,2.2217082e-05,1.1247679,-2.2125885,20.636234,0.9990587,0.25976562,0.004187003,-14.864748,-14.876224,-3.1243806,258.52988,0.6624501,1.4377623e-05,55.46471,-0.44042912,-7.6753993,0.08097277,1.0,0.9990139,0.09667969,0.005404434,-14.005436,-14.014819,-4.4069963,141.08275,0.3488989,3.7265517e-07,0.999012,0.080078125,0.0054713953,-13.685799,-13.69483,-4.4472404,53.67988,0.19954902,1.3968787e-05,0.024116211795806884,9414.490368366241,100000
50.40557,-0.39508834,-7.6622095,0.07767532,1.0,0.9990921,0.3466797,0.003904224,-15.458294,-15.470538,-2.9323866,126.58539,0.6572697,0.00014682557,2.353,-2.1265223,26.72281,0.9990587,0.29003906,0.00400766,-15.12693,-15.138753,-3.0317173,91.051125,0.5527265,0.00010243568,50.419228,-0.49648917,-7.677416,0.08147685,1.0,0.99901676,0.10546875,0.0054126023,-13.961412,-13.970701,-4.458192,406.0357,0.35822853,3.5582562e-10,0.99901867,0.08105469,0.0054475656,-13.569242,-13.578154,-4.453069,371.158,0.49182555,2.865475e-08,0.29118533067703245,10870.417023658752,105000
50.541138,-0.38133168,-7.6542196,0.0756779,1.0,0.999094,0.3359375,0.0039481567,-15.294164,-15.306281,-2.8974261,259.17145,0.83610505,0.00013776697,1.7149054,-3.2647316,22.788136,0.9990587,0.26757812,0.004046267,-15.138094,-15.149916,-3.0443985,57.55956,0.666263,2.2973558e-05,45.207443,-0.46317053,-7.6680737,0.07914132,1.0,0.9990139,0.103515625,0.005407425,-13.885804,-13.895122,-4.353441,397.66104,0.44276518,5.034891e-08,0.9990139,0.08691406,0.0054124827,-13.557812,-13.566793,-4.3694906,188.0663,0.29206917,1.9629065e-09,0.027768824768066407,11009.261148929596,110000
46.829872,-0.38817155,-7.639344,0.071959056,1.0,0.99909306,0.328125,0.0040555736,-15.271835,-15.283864,-2.9672804,172.80579,0.8692959,4.2485117e-05,1.6056651,-1.6660709,24.0346,0.99905777,0.28222656,0.004111676,-15.1617985,-15.173676,-3.011274,29.18562,0.54763603,0.00010646547,59.010117,-0.41272157,-7.667968,0.07911494,1.0,0.9990158,0.09863281,0.005400626,-14.011778,-14.021193,-4.380363,615.83405,0.70231426,4.841255e-06,0.9990034,0.08691406,0.005485948,-13.745744,-13.754827,-4.453851,70.32592,0.16287601,6.85426e-06,0.021928801679611205,11118.905158519745,115000
56.889305,-0.38063625,-7.6684723,0.07924117,1.0,0.99909115,0.35253906,0.004014938,-15.428929,-15.44115,-2.9274848,60.15309,0.68516624,7.393809e-05,1.2566276,-1.6122843,25.764257,0.999074,0.2890625,0.0040928624,-15.22471,-15.236617,-3.0435066,741.21423,1.2393191,4.7674144e-05,56.78997,-0.41687813,-7.687584,0.08401888,1.0,0.9989929,0.10839844,0.005334801,-14.409582,-14.419481,-4.2829695,122.67883,0.2161825,6.764298e-09,0.9989691,0.091796875,0.005408018,-14.068269,-14.07778,-4.338308,76.65552,0.33642328,2.0052582e-10,0.027578137397766114,11256.795847177505,120000
54.659218,-0.29386538,-7.620654,0.067286566,1.0,0.99910545,0.35351562,0.003980044,-15.28529,-15.297426,-2.8703852,277.11633,0.87960356,5.42669e-05,1.1714435,-1.4171634,16.639263,0.99906254,0.28027344,0.004060105,-14.997051,-15.008762,-3.0160258,52.276703,0.53299725,0.00011859583,56.556908,-0.3918696,-7.6731963,0.08042203,1.0,0.99899673,0.10253906,0.0054383418,-14.0350685,-14.044515,-4.3728027,170.03632,0.28299737,3.6312977e-09,0.9990206,0.08886719,0.0053914217,-13.705938,-13.715008,-4.4277267,14.255157,0.083769836,7.0583104e-09,0.024156635999679564,11377.579029083252,125000
44.896385,-0.4356697,-7.6502333,0.074681245,1.0,0.999115,0.359375,0.0039167725,-15.748196,-15.760818,-2.8361452,52.972282,0.7052481,5.2176492e-06,1.318365,-1.7780809,19.708294,0.999074,0.28320312,0.0040048417,-15.5253105,-15.537588,-2.9637275,38.4646,0.6088848,3.9492472e-05,62.616737,-0.40591985,-7.6773396,0.08145787,1.0,0.9990139,0.10546875,0.0053620823,-14.009361,-14.0187645,-4.388965,26.0237,0.17736681,4.2823338e-08,0.99899006,0.103515625,0.005388166,-13.659323,-13.668354,-4.4200773,54.955204,0.23280296,7.2372865e-11,0.030732778310775758,11531.242922067642,130000
47.84485,-0.3532104,-7.6462517,0.07368593,1.0,0.9991255,0.34960938,0.0038614422,-15.896449,-15.9092455,-2.8054695,161.43347,0.88099456,2.5048372e-05,2.1084535,-1.520185,23.798923,0.9990864,0.3125,0.0039596707,-15.63859,-15.651004,-2.940032,77.02254,0.68669105,9.0053094e-05,58.96666,-0.38362283,-7.668272,0.079190955,1.0,0.99902153,0.11035156,0.0053456705,-14.152393,-14.161966,-4.3589897,77.43878,0.13561715,1.5433492e-10,0.99900246,0.09667969,0.0053928895,-13.777401,-13.786578,-4.38875,54.29001,0.18875237,4.445997e-08,0.030744007110595703,11684.962961912155,135000
42.568092,-0.4243873,-7.6513147,0.07495166,1.0,0.99911785,0.359375,0.0038776405,-15.837791,-15.85055,-2.785903,56.965706,0.84570134,5.3652373e-05,1.2947096,-1.7407012,18.558708,0.99906445,0.29296875,0.003989419,-15.649959,-15.662466,-2.854764,43.252655,0.8190577,8.606672e-05,54.346924,-0.50338954,-7.6631002,0.077898115,1.0,0.9990082,0.08886719,0.005402456,-14.192129,-14.201737,-4.3637805,1310.427,1.2404093,2.1829094e-06,0.99899197,0.08203125,0.0054327506,-13.860121,-13.869468,-4.2977057,209.44127,0.69990414,1.8444533e-05,0.030770443868637084,11838.81518292427,140000
59.305115,-0.2977741,-7.6287317,0.0693059,1.0,0.99911404,0.35742188,0.003917058,-15.809866,-15.822563,-2.8203828,47.42227,0.9175585,8.038777e-06,4.079944,-5.6914597,34.155567,0.999094,0.29882812,0.003988468,-15.605122,-15.617481,-2.9611363,46.970722,0.676742,2.2542965e-05,59.41819,-0.37377828,-7.664954,0.078361556,1.0,0.99900436,0.08691406,0.0053969347,-14.175837,-14.185415,-4.376972,154.26274,0.4149832,1.5625712e-08,0.9989977,0.08300781,0.005452492,-13.8042755,-13.813436,-4.4337316,51.6072,0.2167749,6.9134387e-07,0.03083664116859436,11992.998392343521,145000
43.387283,-0.40766403,-7.62271,0.06780044,1.0,0.9991169,0.36621094,0.0038472856,-15.877745,-15.8906,-2.7263727,53.70178,0.8600795,0.00014700154,0.4945088,-0.7395518,13.966603,0.9990864,0.2998047,0.00393903,-15.681326,-15.693842,-2.8772452,79.8243,0.81344235,9.703263e-05,51.999317,-0.39460352,-7.661274,0.077441536,1.0,0.9990177,0.09863281,0.005355412,-14.243496,-14.25314,-4.3761353,254.60503,0.2461232,8.5349333e-10,0.9990177,0.10058594,0.0053437413,-13.906216,-13.915527,-4.380237,13.898871,0.08478592,2.7280447e-09,0.030757603359222414,12146.786410331726,150000
55.69043,-0.34659594,-7.6304836,0.069743834,1.0,0.9991312,0.36132812,0.0038602254,-16.015427,-16.0284,-2.7434883,414.35373,1.2287533,9.250887e-05,2.480644,-2.271665,27.756786,0.99909115,0.30859375,0.003963879,-15.710991,-15.723569,-2.8443305,162.71046,1.2145177,0.00014596735,58.85637,-0.34497342,-7.674923,0.080853805,1.0,0.9990225,0.08886719,0.005322038,-14.176757,-14.186433,-4.277815,42.750965,0.12539388,7.2119546e-12,0.99901104,0.07714844,0.005328144,-13.84836,-13.857683,-4.309861,273.26398,0.54818094,5.8448023e-07,0.30767003598213194,13685.13659453392,155000
50.97429,-0.34841225,-7.641068,0.07238993,1.0,0.9991188,0.38183594,0.0038058371,-16.029053,-16.042046,-2.7368336,42.501266,0.7770183,6.65105e-05,1.9050934,-1.7231542,23.2657,0.9990902,0.2919922,0.003917725,-15.909195,-15.921905,-2.9067934,27.16854,0.6142951,0.0002605733,48.644665,-0.40925613,-7.6599092,0.07710022,1.0,0.99901676,0.08886719,0.005445133,-14.000585,-14.009939,-4.4298234,764.4793,0.5724275,2.0531113e-08,0.99900055,0.08105469,0.005456141,-13.781189,-13.790353,-4.4056067,161.6433,0.4585145,2.717312e-06,0.021925763750076294,13794.765414953232,160000
47.616837,-0.3231486,-7.6216245,0.06752902,1.0,0.9991379,0.39648438,0.0037021914,-16.238024,-16.251358,-2.5967796,230.44978,1.364977,6.2102066e-05,1.1162966,-0.69555277,16.875542,0.9990959,0.3251953,0.0038232778,-16.146675,-16.15978,-2.7399678,102.67424,1.2853286,0.00011124782,46.394978,-0.4618917,-7.659842,0.07708347,1.0,0.9990206,0.10546875,0.0053884173,-13.941076,-13.950397,-4.4069004,742.8305,0.56797725,5.223519e-08,0.9990139,0.080078125,0.0054551284,-13.6204605,-13.629454,-4.421506,638.90015,0.7831585,5.483188e-06,0.01858655824661255,13887.698209047318,165000
45.099766,-0.38709962,-7.64071,0.07230048,1.0,0.99913216,0.39160156,0.0037177,-16.422085,-16.435581,-2.6151824,205.46043,1.2363385,8.06882e-05,1.0971409,-0.6026691,14.796927,0.99908733,0.33496094,0.0038395028,-16.274216,-16.28738,-2.8060217,126.23073,0.862126,2.8323928e-05,56.728485,-0.4611498,-7.657378,0.076467544,1.0,0.9990206,0.109375,0.005314731,-14.26648,-14.276183,-4.3400707,72.162476,0.16724719,1.7452125e-09,0.99901104,0.09082031,0.005365681,-13.896635,-13.90596,-4.35742,32.55991,0.17602012,4.1258904e-08,0.012852029275894164,13951.958357095718,170000
38.663048,-0.43331242,-7.639473,0.0719912,1.0,0.9991169,0.38964844,0.0037558642,-16.325655,-16.339046,-2.6293035,200.08128,1.1576924,9.709798e-05,0.8043196,-0.92938,16.684586,0.9990835,0.3154297,0.003844714,-16.127033,-16.140106,-2.7533274,174.88629,1.0483575,0.00014148653,50.593815,-0.38062286,-7.6725893,0.08027023,1.0,0.9990225,0.11035156,0.005396935,-14.07601,-14.08548,-4.3887877,221.21902,0.32139868,1.08289065e-07,0.9990139,0.09472656,0.0054105036,-13.756207,-13.765339,-4.4150577,48.667603,0.16617644,1.6937515e-06,0.01285512375831604,14016.233979463577,175000
49.39344,-0.38841313,-7.6352377,0.070932366,1.0,0.99913216,0.39453125,0.0037335255,-16.478508,-16.492046,-2.6292117,111.93261,1.2222086,0.00017630093,1.1756682,-0.8868112,18.742779,0.9990883,0.32128906,0.0038488845,-16.387032,-16.400352,-2.75883,755.3002,1.7729979,0.000106471874,50.56256,-0.46606666,-7.6716413,0.080033325,1.0,0.9990206,0.109375,0.0053142374,-14.325117,-14.334844,-4.3746853,541.8443,0.49861985,2.245406e-06,0.9990072,0.08984375,0.00535399,-14.0217,-14.031153,-4.350971,45.246708,0.2080723,2.5762004e-06,0.015162875747680665,14092.048359155655,180000
49.835808,-0.37488067,-7.635722,0.07105349,1.0,0.99912834,0.390625,0.0037681903,-16.3364,-16.34978,-2.6484623,118.62131,1.1498398,0.00013947324,2.0233114,-2.2679207,21.592056,0.9991045,0.30664062,0.003867476,-16.221224,-16.234432,-2.7095828,97.1476,1.1063378,0.00011172872,43.252083,-0.45792904,-7.659334,0.07695651,1.0,0.99902153,0.09082031,0.0053442367,-14.167767,-14.177374,-4.3394947,1074.2568,1.0346487,2.5502741e-08,0.9990244,0.087890625,0.0052984892,-13.895558,-13.904935,-4.30402,41.928818,0.13016503,2.8246103e-07,0.021968625831604003,14201.891490221024,185000
47.510246,-0.30206364,-7.630661,0.06978814,1.0,0.99915695,0.40527344,0.003672932,-16.53237,-16.546078,-2.5097659,187.97215,1.4166551,4.885325e-06,1.8418559,-2.8453836,20.806395,0.999094,0.33398438,0.0037632193,-16.49578,-16.509283,-2.6830447,99.465096,0.97597206,1.7162038e-05,58.099243,-0.38996226,-7.6654177,0.0784775,1.0,0.99902153,0.11230469,0.005340382,-14.182055,-14.191647,-4.370352,234.06679,0.37722713,2.2576383e-08,0.9989996,0.087890625,0.005372593,-13.954994,-13.964325,-4.40958,26.013062,0.164039,8.973221e-07,0.024591166353225707,14324.847323417664,190000
44.745216,-0.36428916,-7.624914,0.0683516,1.0,0.9991379,0.3984375,0.0037729559,-16.566797,-16.580366,-2.6840425,528.77277,1.2231245,0.00012215806,2.013148,-1.4176241,20.067364,0.99908924,0.31347656,0.003872978,-16.195272,-16.208378,-2.7908688,317.8597,1.069212,0.0002718341,53.73363,-0.4229852,-7.680453,0.082236186,1.0,0.9990053,0.11230469,0.005308836,-14.462288,-14.472284,-4.235733,121.951355,0.24833372,1.591825e-07,0.9989767,0.1015625,0.005295938,-14.150551,-14.160292,-4.185973,23.308655,0.17508979,1.11645695e-05,0.030773921060562134,14478.716933012009,195000
44.227707,-0.40403196,-7.6333504,0.07046057,1.0,0.9991417,0.4140625,0.003732624,-16.443178,-16.456717,-2.593504,419.19702,1.6642325,6.205955e-05,2.1645484,-2.4716587,21.48427,0.99910355,0.31835938,0.0038062087,-16.426617,-16.43999,-2.7453394,39.21583,0.7376216,0.00013307371,61.28756,-0.3800246,-7.6597443,0.07705902,1.0,0.9990206,0.08496094,0.0053448444,-14.0219345,-14.031393,-4.3467045,79.05961,0.18167374,3.4235967e-08,0.9990158,0.080078125,0.005372164,-13.719102,-13.728226,-4.3867188,33.207386,0.13445131,1.743421e-07,0.030778166818618776,14632.607768774033,200000
47.62099,-0.34027848,-7.648541,0.07425821,1.0,0.9991503,0.4013672,0.0037184246,-16.496632,-16.510223,-2.5922189,152.14038,1.1421272,6.95156e-05,1.5068716,-1.0996107,19.621195,0.99910545,0.32421875,0.0038734698,-16.296528,-16.30974,-2.7805116,45.422134,0.84615195,3.9023664e-05,56.712597,-0.3955248,-7.6718836,0.08009395,1.0,0.9990206,0.1015625,0.0054371813,-14.265434,-14.275029,-4.449146,209.90137,0.17529327,3.4242137e-10,0.9990053,0.080078125,0.005425118,-13.916151,-13.925376,-4.4796147,80.27789,0.16643888,1.1045352e-05,0.3483257656097412,16374.236606359482,205000
47.54622,-0.36592877,-7.6283593,0.06921275,1.0,0.99914074,0.41308594,0.0037002568,-16.799152,-16.813042,-2.5888648,540.1044,1.5789587,3.187726e-05,3.589483,-1.3167503,28.958525,0.999094,0.3310547,0.00379267,-16.675583,-16.689234,-2.7087705,106.12687,1.089967,0.00027043343,55.884544,-0.37657934,-7.6524553,0.07523677,1.0,0.99901867,0.109375,0.0053806333,-14.191999,-14.201548,-4.423629,52.55567,0.13718516,2.3785354e-09,0.99900913,0.099609375,0.005383767,-13.927456,-13.936709,-4.4591117,71.925644,0.15206286,7.839229e-09,0.030726083946228028,16527.867028474808,210000
53.18843,-0.28176475,-7.614647,0.06578474,1.0,0.99914646,0.39453125,0.003747759,-16.752165,-16.766037,-2.5592864,78.724236,1.1813276,3.7761434e-05,2.0478323,-1.4259362,19.526714,0.99911785,0.33691406,0.0037996424,-16.505299,-16.518799,-2.6937156,113.98016,1.025253,1.8039016e-05,54.1768,-0.34677717,-7.660241,0.07718325,1.0,0.9990158,0.087890625,0.005460426,-14.335866,-14.345488,-4.4935846,69.51545,0.1603438,2.599479e-07,0.99900913,0.07910156,0.0054257317,-14.107171,-14.116557,-4.5044127,62.07833,0.14996773,6.408534e-06,0.030714485788345337,16681.43946146965,215000
49.6204,-0.36079437,-7.6326265,0.07027957,1.0,0.9991379,0.39746094,0.003686247,-16.858719,-16.87272,-2.5345912,115.874115,1.0582949,8.9532965e-05,1.1551113,-1.3376372,23.594803,0.9990959,0.3232422,0.0037840926,-16.711308,-16.725065,-2.635036,87.67172,1.013848,0.00026210456,46.989044,-0.47525167,-7.6652946,0.07844666,1.0,0.999012,0.111328125,0.005470816,-14.289115,-14.298788,-4.3942537,999.7312,0.6675202,2.2807376e-08,0.9989958,0.09472656,0.0055728997,-14.064321,-14.073709,-4.4608374,291.4656,0.8155489,2.1318877e-07,0.030722746562957762,16835.05319595337,220000
51.64137,-0.38424516,-7.632026,0.070129484,1.0,0.99914074,0.40234375,0.003686924,-16.936134,-16.950207,-2.536106,403.53845,1.5969204,6.854779e-05,3.2342975,-2.199031,24.553385,0.9991064,0.359375,0.0037949223,-16.76897,-16.782778,-2.6450288,77.17606,1.0484861,2.4224128e-05,46.676373,-0.4467149,-7.6751585,0.08091259,1.0,0.99901295,0.10449219,0.0053126467,-14.44408,-14.453965,-4.3321486,117.45834,0.25209385,9.201055e-08,0.99901676,0.09082031,0.005357695,-14.165791,-14.1754055,-4.329858,138.75235,0.40995842,1.0973773e-06,0.03072664985656738,16988.68644952774,225000
57.413437,-0.3427808,-7.6135497,0.065510385,1.0,0.99914265,0.38867188,0.0037478819,-16.671507,-16.685331,-2.5306096,188.57788,1.2005775,8.7367895e-05,3.527866,-1.4403925,23.575603,0.99910164,0.3251953,0.0038171296,-16.551924,-16.565443,-2.721457,62.443462,0.8866224,3.2724834e-05,59.488907,-0.4115919,-7.6553965,0.07597215,1.0,0.99901104,0.111328125,0.005349341,-14.227873,-14.237592,-4.2851257,450.45624,0.59827065,1.6168633e-07,0.9989929,0.080078125,0.005463983,-14.033175,-14.0425825,-4.4098434,79.68321,0.3590651,1.0172177e-05,0.03403273572921753,17158.850129842758,230000
44.897617,-0.37102395,-7.6293993,0.06947286,1.0,0.9991646,0.4326172,0.0035618981,-16.989033,-17.003283,-2.411521,2571.3743,2.7080348,0.00012651652,1.1651348,-1.5487162,18.027805,0.99910545,0.3466797,0.0036999602,-16.744389,-16.758274,-2.5405354,176.72948,1.3195183,9.598964e-05,58.94597,-0.40975112,-7.667844,0.07908398,1.0,0.99900913,0.099609375,0.0053519383,-14.351903,-14.3617115,-4.31702,81.04513,0.23489784,3.5507178e-06,0.9989996,0.087890625,0.005388572,-13.987757,-13.997235,-4.291395,32.923756,0.2614526,8.9221285e-06,0.0394826566696167,17356.263417243958,235000
46.72957,-0.4154045,-7.628978,0.06936748,1.0,0.9991741,0.3984375,0.003662185,-17.209072,-17.223442,-2.5090199,116.58746,1.5247006,3.1054453e-05,0.99108815,-0.6230069,16.793957,0.9991255,0.3564453,0.0037028708,-17.115398,-17.12961,-2.5782976,89.607376,1.3965557,6.538868e-05,53.688087,-0.4674574,-7.6768694,0.08134033,1.0,0.9990244,0.11425781,0.005345761,-14.402246,-14.412071,-4.351702,161.49815,0.22974421,2.372785e-09,0.99901104,0.107421875,0.0053582448,-14.12602,-14.13561,-4.315756,547.0888,1.015893,3.1438842e-06,0.03955170159339905,17554.021926641464,240000
45.27645,-0.38158754,-7.6315193,0.07000266,1.0,0.99914837,0.43652344,0.0035750894,-17.500643,-17.515335,-2.470655,129.7484,1.3594692,6.909544e-05,0.8282075,-0.9549975,17.614096,0.9991007,0.35742188,0.0036721297,-17.259516,-17.273907,-2.5371647,111.23209,1.1309308,2.692241e-05,54.904522,-0.4350766,-7.6824656,0.08273934,1.0,0.99901295,0.095703125,0.0054229326,-14.363383,-14.373064,-4.4603553,531.60126,0.45157656,1.8485015e-09,0.9990034,0.0625,0.00546104,-14.008181,-14.017544,-4.430008,153.15811,0.37658346,2.7021618e-09,0.040406690168380735,17756.055379867554,245000
49.52325,-0.33816224,-7.6237016,0.06804838,1.0,0.9991503,0.40234375,0.0036542767,-17.303253,-17.317743,-2.4813905,304.38858,1.5613432,0.00012400676,1.457147,-2.6958497,20.296629,0.9991083,0.35742188,0.0037021083,-17.255682,-17.269966,-2.6435907,58.604652,0.9165901,0.00021231077,56.109924,-0.47354904,-7.6469345,0.07385663,1.0,0.99901485,0.09765625,0.005416738,-14.408182,-14.41798,-4.3835955,220.14105,0.30177158,4.902381e-07,0.9990063,0.08984375,0.0054810327,-14.144545,-14.153992,-4.4799314,74.450455,0.26623833,3.364085e-07,0.04826810426712036,17997.39590573311,250000
36.72854,-0.40246475,-7.6260014,0.068623334,1.0,0.99914837,0.3984375,0.003679512,-17.216595,-17.230919,-2.561556,111.42017,1.1472791,2.122741e-06,0.7660119,-0.5829394,14.402372,0.9990854,0.32421875,0.0037998823,-17.03751,-17.051558,-2.6654792,53.403687,0.86275864,9.565928e-05,48.319794,-0.4215158,-7.650584,0.07476899,1.0,0.9990072,0.111328125,0.005394179,-14.384045,-14.393928,-4.2725134,209.36757,0.6017673,3.6927253e-10,0.99898624,0.09082031,0.005427346,-14.169599,-14.179262,-4.284338,200.3678,0.6107811,2.8936216e-09,0.04055673699378967,18200.179592370987,255000
47.79646,-0.3732013,-7.6283455,0.06920947,1.0,0.99914837,0.3828125,0.0038167697,-17.053581,-17.067665,-2.6465125,219.70314,1.4755197,9.925784e-05,2.074196,-1.9684031,22.235188,0.9990902,0.31640625,0.0039116023,-16.811089,-16.824814,-2.7707813,103.02971,1.1619152,4.2399068e-05,53.186256,-0.400555,-7.6705885,0.079769984,1.0,0.9990034,0.09765625,0.0053829113,-14.469,-14.478915,-4.3260427,72.67361,0.24032934,1.4577125e-09,0.99899864,0.09375,0.0053968607,-14.220049,-14.229694,-4.352151,56.255825,0.22785476,1.2030329e-06,0.03951227421760559,18397.740966796875,260000
43.867615,-0.3927525,-7.623811,0.0680756,1.0,0.9991417,0.390625,0.00375327,-16.980055,-16.9941,-2.6098714,129.54366,1.1627004,0.00022096142,1.1892928,-1.1315103,19.985214,0.99912643,0.328125,0.0037796502,-16.556759,-16.570387,-2.615156,188.95456,1.1465425,0.00021653456,54.410686,-0.4061845,-7.6487746,0.07431662,1.0,0.99901485,0.091796875,0.0053686514,-14.392994,-14.402805,-4.356221,25.884195,0.10144047,9.7967146e-08,0.9990206,0.08300781,0.0053368523,-14.114951,-14.12454,-4.3049407,9.152202,0.07623382,2.6850396e-08,0.03953637719154358,18595.422857046127,265000
45.021984,-0.35197395,-7.619807,0.06707466,1.0,0.9991684,0.42578125,0.003545291,-17.43782,-17.452536,-2.383566,196.51315,1.512127,5.242621e-05,1.4653178,-1.4861438,16.642176,0.9991102,0.35546875,0.0036038682,-17.244875,-17.259352,-2.4334931,113.813644,1.2343314,5.0338473e-05,57.545315,-0.48256326,-7.6683874,0.07921983,1.0,0.99902534,0.10644531,0.005399991,-14.490304,-14.5001955,-4.3710938,508.63684,0.7970356,1.2934197e-08,0.9990196,0.09863281,0.005418931,-14.208564,-14.218131,-4.420103,428.69522,0.70686084,8.14109e-07,0.0383807644367218,18787.326680660248,270000
51.254288,-0.31037104,-7.619401,0.066973165,1.0,0.9991579,0.4326172,0.003622269,-17.336823,-17.351377,-2.446982,93.72355,1.1910033,0.00012227579,4.0840597,-1.7106804,31.441965,0.99910545,0.35742188,0.0037109666,-17.154076,-17.16829,-2.6133454,107.52562,1.0161595,0.00019439748,57.097275,-0.33155996,-7.621813,0.06757621,1.0,0.9990225,0.095703125,0.0053771352,-14.43071,-14.440515,-4.4010277,180.77716,0.2055744,3.142132e-07,0.99901676,0.080078125,0.0054250956,-14.147828,-14.157334,-4.4228125,359.2496,0.6248908,3.7585957e-07,0.030757570648193358,18941.114535331726,275000
46.943836,-0.35763907,-7.6205225,0.06725356,1.0,0.99914837,0.40234375,0.0036806366,-17.255932,-17.270363,-2.4918466,131.61862,1.2768325,0.0001772876,1.9759233,-0.75744075,18.480043,0.99910164,0.3486328,0.003773843,-17.059551,-17.073668,-2.618777,124.03932,1.1924646,0.00010488908,51.264175,-0.39091995,-7.6691422,0.07940851,1.0,0.99901485,0.11621094,0.005402005,-14.538364,-14.54835,-4.322124,215.76614,0.4506907,4.3185143e-08,0.9990158,0.083984375,0.0054299827,-14.164221,-14.173792,-4.3734846,28.021593,0.16517085,3.854499e-08,0.030754189538955687,19094.885484695435,280000
45.717934,-0.3733759,-7.6271772,0.06891722,1.0,0.9991808,0.4267578,0.0036020516,-17.400995,-17.415579,-2.4835668,871.89496,1.6970081,1.1309151e-05,1.4414126,-1.0002931,20.062952,0.9991293,0.34765625,0.0037126068,-17.264893,-17.279234,-2.593913,167.1489,1.2264616,7.697149e-05,54.810932,-0.39544272,-7.666196,0.07867193,1.0,0.99902153,0.11230469,0.0053207586,-14.481234,-14.491118,-4.3680577,60.96704,0.14405273,6.6802275e-09,0.99901867,0.08691406,0.0053180987,-14.203581,-14.213236,-4.326525,493.56354,0.68984574,2.2606182e-06,0.03079007625579834,19248.83586716652,285000
49.474285,-0.35112655,-7.6206098,0.06727536,1.0,0.9991884,0.43945312,0.003544989,-17.475689,-17.490442,-2.381489,126.39293,1.5153568,9.2375034e-05,0.8048321,-0.905808,15.892487,0.9991207,0.3564453,0.003653701,-17.325562,-17.340015,-2.5414593,69.80001,1.0893815,0.00010058985,57.456894,-0.43640426,-7.6471987,0.07392259,1.0,0.99901676,0.109375,0.0052877674,-14.365755,-14.375593,-4.3010435,64.80421,0.13315779,3.3105543e-10,0.99901295,0.09472656,0.005360214,-14.1061325,-14.11562,-4.399008,58.965973,0.1738744,5.6641475e-06,0.030784981966018678,19402.76077914238,290000
48.505108,-0.3548158,-7.6140537,0.06563637,1.0,0.99915314,0.4091797,0.0037452057,-17.145535,-17.159796,-2.5564704,181.07956,1.3915257,9.8702985e-05,0.8096928,-1.9530933,20.011526,0.9991064,0.34375,0.0038416316,-16.984238,-16.998209,-2.6913788,48.141888,0.93631506,0.00012565246,51.113235,-0.44802284,-7.6574907,0.0764956,1.0,0.9990177,0.0859375,0.0054645706,-14.306471,-14.316078,-4.478623,539.1392,0.60206455,8.450438e-11,0.99899197,0.078125,0.005558328,-14.0563755,-14.0657015,-4.516963,54.100723,0.14054404,2.1161566e-11,0.030744541931152343,19556.48349070549,295000
57.39823,-0.32372925,-7.6151934,0.06592123,1.0,0.9991541,0.4140625,0.0037040203,-17.461834,-17.47649,-2.467177,212.97801,1.8160255,1.8709941e-05,1.4153019,-3.405739,21.833511,0.9991064,0.34277344,0.0037941067,-17.515556,-17.5301,-2.6368804,117.83088,1.5202389,2.2098533e-05,67.26491,-0.33798146,-7.650566,0.07476458,1.0,0.99901867,0.09765625,0.0054072854,-14.525097,-14.535017,-4.376295,3293.8096,1.8352445,3.8013617e-08,0.9990158,0.08105469,0.0054179477,-14.376447,-14.386134,-4.4661956,39.007893,0.11681688,1.6201535e-06,0.030823928356170656,19710.603136062622,300000
51.199486,-0.3420551,-7.6206913,0.06729585,1.0,0.99915504,0.4189453,0.0036442052,-17.640142,-17.654924,-2.5179737,554.25854,1.6267297,7.6419485e-05,1.8428134,-1.2056581,18.400826,0.9991007,0.35546875,0.0037618042,-17.483429,-17.497908,-2.6720772,90.76823,1.1640018,7.602912e-05,51.476547,-0.39865223,-7.6551876,0.07591981,1.0,0.99901676,0.111328125,0.005343239,-14.39115,-14.400946,-4.370479,155.45699,0.25558278,3.4579788e-08,0.99900055,0.09082031,0.005365839,-14.170798,-14.1803875,-4.361244,21.791475,0.1347,1.5571466e-09,0.35245189566612245,21472.862617969513,305000
47.88732,-0.3530608,-7.620225,0.06717916,1.0,0.9991741,0.41796875,0.00360406,-17.655754,-17.670631,-2.4344976,420.98804,1.8394041,9.3224284e-05,1.0593792,-1.0190656,18.702042,0.99911785,0.35253906,0.0037200905,-17.590664,-17.605326,-2.5927231,284.07968,1.5590072,0.00024153343,46.06342,-0.5038578,-7.6557426,0.07605858,1.0,0.99902153,0.08203125,0.005457673,-14.60898,-14.618845,-4.5187654,87.39141,0.16998786,5.390459e-09,0.9990101,0.080078125,0.005431939,-14.307859,-14.31746,-4.4852514,24.917324,0.07510057,5.6816816e-08,0.0307139573097229,21626.432407855988,310000
52.72277,-0.28042716,-7.6242714,0.068190746,1.0,0.9991617,0.4091797,0.00369435,-17.485989,-17.500626,-2.5109403,184.80078,1.776012,6.383687e-05,1.9566383,-1.5596557,21.110943,0.99911404,0.36816406,0.003816991,-17.195345,-17.209578,-2.6340652,96.06622,1.4110513,1.30813905e-05,64.764694,-0.34411377,-7.6525784,0.07526754,1.0,0.9990139,0.099609375,0.0053202673,-14.370394,-14.380242,-4.2955513,452.42505,0.4451785,1.052108e-09,0.999012,0.09277344,0.0053200517,-14.140131,-14.1496935,-4.3559694,43.256523,0.1555646,5.4601983e-11,0.030752244758605957,21780.19363594055,315000
51.078304,-0.40539196,-7.611259,0.0649376,1.0,0.99917316,0.42089844,0.0036202474,-17.613096,-17.627968,-2.3988605,219.14201,1.9694713,2.4419198e-05,2.5830452,-4.1725345,29.882599,0.9991245,0.359375,0.0036969702,-17.43776,-17.452393,-2.4699612,417.3822,1.9608355,5.5826094e-05,55.044495,-0.42296526,-7.687776,0.08406701,1.0,0.9990196,0.09277344,0.0053768526,-14.532281,-14.542162,-4.4243155,208.92906,0.31127405,7.7256345e-08,0.99901485,0.08203125,0.005473296,-14.268908,-14.278462,-4.4935884,241.79115,0.36175576,5.0824102e-08,0.03075525779724121,21933.96992611885,320000
47.529495,-0.3307654,-7.6216564,0.067537114,1.0,0.99917984,0.42089844,0.0036816285,-17.60562,-17.62038,-2.5051022,100.10329,1.4266982,0.00021424772,1.001865,-1.7983432,18.897823,0.9991207,0.35546875,0.003756572,-17.403847,-17.418318,-2.6001182,105.0917,1.5494025,5.9323796e-05,47.293293,-0.41363195,-7.655123,0.0759038,1.0,0.9990063,0.09667969,0.005427723,-14.584805,-14.594726,-4.435547,264.04395,0.28785458,4.964854e-09,0.9990063,0.08203125,0.0054126615,-14.44158,-14.451357,-4.438839,38.99149,0.10215468,1.5957703e-06,0.03073020420074463,22087.62095141411,325000
53.64122,-0.28584343,-7.620013,0.06712632,1.0,0.999177,0.43359375,0.003520233,-17.979446,-17.9947,-2.3745027,182.13414,1.7403872,0.00022532034,1.2527615,-0.7960759,21.704308,0.99914074,0.3828125,0.0035731965,-17.893574,-17.908611,-2.5095272,153.49464,1.4904753,0.00026863153,53.67187,-0.3826827,-7.67301,0.08037543,1.0,0.99902534,0.10058594,0.0053508664,-14.527443,-14.537357,-4.3852835,386.0421,0.44148117,2.7803877e-08,0.9990072,0.080078125,0.0053858617,-14.276426,-14.286044,-4.4373517,288.62665,0.3460269,1.2416893e-07,0.034158665943145754,22258.41428256035,330000
42.465446,-0.37948766,-7.6217246,0.0675541,1.0,0.999177,0.4140625,0.0036521624,-17.52959,-17.544235,-2.547466,183.89203,1.5569255,0.0001279954,2.0028195,-1.9163387,23.532608,0.99911785,0.33691406,0.0037686187,-17.170605,-17.184786,-2.6651082,74.210335,0.9388308,4.3294647e-05,43.01985,-0.46008024,-7.666519,0.07875279,1.0,0.99902153,0.095703125,0.005391424,-14.355084,-14.364798,-4.419266,843.2188,0.75612795,1.02981144e-10,0.99901485,0.078125,0.0054703113,-14.049053,-14.058498,-4.386058,105.50704,0.2032169,1.12740715e-08,0.03962360506057739,22456.532311439514,335000
41.56955,-0.429723,-7.599819,0.0620778,1.0,0.99916553,0.42773438,0.0036133933,-17.88153,-17.896616,-2.4466267,122.691124,1.4910295,8.0996666e-05,0.8187743,-1.0082513,15.806349,0.99911785,0.35351562,0.0037308927,-17.716053,-17.730862,-2.5677395,110.76865,1.3732755,5.821705e-05,50.891388,-0.40477917,-7.663011,0.07787572,1.0,0.99897385,0.11035156,0.005463806,-14.725792,-14.735933,-4.3509007,1534.972,1.6022184,1.1146397e-09,0.99895954,0.10839844,0.005458551,-14.426006,-14.435884,-4.3203926,58.458633,0.3338821,1.2949644e-07,0.03955553817749023,22654.310003757477,340000
43.698807,-0.39370754,-7.6290274,0.069379866,1.0,0.9991808,0.43164062,0.0035915333,-17.964756,-17.979992,-2.378786,228.40402,1.6214507,8.964257e-05,1.7808329,-2.835596,26.359543,0.999115,0.3671875,0.0036772909,-17.822727,-17.837736,-2.4703758,143.4408,1.3828225,7.950584e-05,63.46294,-0.40325466,-7.666738,0.078807406,1.0,0.9990072,0.12011719,0.0053377375,-14.751061,-14.761283,-4.2960625,5011.2456,3.1091459,8.328727e-08,0.9989977,0.08886719,0.0054544723,-14.611766,-14.621767,-4.381281,6415.6143,10.337299,1.3349392e-10,0.03954809312820434,22852.050471305847,345000
37.24055,-0.43064213,-7.621668,0.06753993,1.0,0.99918365,0.43847656,0.0035653226,-17.852348,-17.867443,-2.4092216,507.43625,1.8518314,1.4998088e-05,4.5908456,-1.9881624,23.878843,0.9991312,0.36816406,0.003667898,-17.55957,-17.574306,-2.4862304,222.81273,1.4882084,0.00010793599,44.983917,-0.41295967,-7.6624856,0.077744395,1.0,0.9990177,0.107421875,0.005310504,-14.5473,-14.557324,-4.292299,366.85315,0.36746225,2.8254428e-09,0.99901295,0.08300781,0.005340453,-14.294411,-14.304133,-4.3476486,18.068556,0.113524675,3.116299e-08,0.039592734050750734,23050.01414322853,350000
54.48047,-0.34808806,-7.6120543,0.06513651,1.0,0.9991751,0.45214844,0.0035649156,-18.137089,-18.152477,-2.397093,270.9534,1.8290284,4.7624206e-05,1.0865463,-1.3010478,20.000553,0.9991236,0.3701172,0.0036637848,-17.89936,-17.914412,-2.5018923,296.95062,2.1038055,0.00013559811,48.061928,-0.418246,-7.6556673,0.0760397,1.0,0.99901104,0.099609375,0.0054255053,-14.713974,-14.724084,-4.3711886,799.1662,1.2052805,1.390221e-10,0.9989958,0.072265625,0.0054830112,-14.455419,-14.465231,-4.4168015,90.97852,0.23274645,1.1731115e-09,0.032358522987365725,23211.806760311127,355000
52.920963,-0.29953608,-7.6101604,0.06466306,1.0,0.9991884,0.4296875,0.003573658,-17.914919,-17.93008,-2.405151,933.2371,2.3709161,0.0001259453,0.7339499,-1.6603621,18.192743,0.9991417,0.36328125,0.0036725253,-17.790884,-17.805748,-2.5877585,97.82353,1.0438232,0.00021242662,50.764103,-0.39979917,-7.639282,0.07194362,1.0,0.9990053,0.09277344,0.005462416,-14.709586,-14.719621,-4.443588,282.95407,0.37460268,3.2950587e-09,0.9989939,0.08203125,0.0054326914,-14.557964,-14.56785,-4.4456186,25.818764,0.115542695,1.0570853e-11,0.030777357530593873,23365.69355225563,360000
35.512417,-0.44876224,-7.607346,0.06395954,1.0,0.9991627,0.39746094,0.0036911997,-17.556011,-17.57066,-2.5729132,112.36582,1.2895658,5.9491722e-05,0.65155524,-0.6079482,12.454919,0.9991226,0.3359375,0.0037640433,-17.553349,-17.567942,-2.6235719,145.9886,1.546032,2.107539e-05,54.566284,-0.37332773,-7.6650653,0.078389265,1.0,0.99902344,0.10644531,0.0052252323,-14.543118,-14.553169,-4.2614126,127.11665,0.2338383,6.290191e-07,0.99901867,0.10058594,0.005238766,-14.346998,-14.356881,-4.2358923,96.79738,0.19615541,1.374119e-06,0.03171941637992859,23524.29063796997,365000
44.537384,-0.36267322,-7.618064,0.06663896,1.0,0.99918747,0.4248047,0.0035739536,-17.951641,-17.966927,-2.3124716,756.0864,1.9779701,0.00020498247,1.7156901,-1.622094,22.12815,0.99910927,0.35839844,0.003681676,-17.903809,-17.918945,-2.416954,117.48355,1.6545546,0.0002610648,56.71119,-0.3667289,-7.6629176,0.07785242,1.0,0.9990196,0.10644531,0.00532748,-14.687042,-14.697216,-4.2792015,354.9574,0.47249806,3.0179095e-08,0.9990072,0.09472656,0.0053246105,-14.497533,-14.507505,-4.295119,76.66916,0.22227034,4.905912e-07,0.03958785395622253,23722.22991156578,370000
52.324116,-0.33186555,-7.605957,0.0636122,1.0,0.9991627,0.41015625,0.0036294316,-18.2252,-18.240637,-2.4330611,239.34184,1.8706131,6.9881986e-05,2.3243842,-0.77823365,19.124146,0.9991112,0.33691406,0.003711713,-17.881937,-17.89693,-2.5431123,521.1121,2.4211516,0.00018895813,52.840706,-0.3986195,-7.675855,0.08108675,1.0,0.99901867,0.09277344,0.0053450316,-14.838817,-14.849023,-4.3980203,104.80411,0.23860708,5.5748284e-08,0.99901295,0.09082031,0.0053013926,-14.386236,-14.396051,-4.3447638,77.748436,0.23862386,1.4911589e-07,0.03113781056404114,23877.918966054916,375000
34.809357,-0.44547448,-7.6142197,0.06567793,1.0,0.9991741,0.41992188,0.0036527705,-17.956474,-17.971668,-2.4132438,389.1658,1.6941521,8.48841e-05,2.0480614,-1.1381642,17.027456,0.99911404,0.3564453,0.0037268857,-17.76727,-17.782232,-2.460246,926.9438,2.1670659,0.00010011431,62.548237,-0.38442057,-7.654407,0.07572471,1.0,0.9990139,0.10449219,0.005467048,-14.764591,-14.774706,-4.4163685,221.67656,0.28493285,2.98483e-10,0.99900055,0.0859375,0.0054650665,-14.467989,-14.47779,-4.4421377,104.44391,0.15757345,2.9255423e-09,0.03079035277366638,24031.8707344532,380000
46.753433,-0.34565723,-7.620426,0.06722951,1.0,0.99915314,0.3876953,0.0036903042,-17.99895,-18.014124,-2.475492,131.07874,1.4991231,0.00016692394,2.1537325,-1.1472591,23.745045,0.99910927,0.35253906,0.0037432439,-17.802536,-17.817442,-2.5541215,108.05966,1.3534644,5.266695e-05,48.257538,-0.4693255,-7.661455,0.07748677,1.0,0.9989872,0.10839844,0.0053824345,-15.017057,-15.027621,-4.209488,2867.8613,4.500889,2.5770996e-08,0.99897575,0.091796875,0.0053034667,-14.817984,-14.828342,-4.221941,295.6051,0.45125663,5.910516e-08,0.030793432474136354,24185.837901353836,385000
51.726635,-0.3115783,-7.618428,0.06672992,1.0,0.9992018,0.45410156,0.0035064104,-18.381105,-18.39681,-2.3145633,385.07138,2.169186,1.2142544e-05,2.2089262,-2.4765759,21.739326,0.9991312,0.3671875,0.0035827276,-18.185791,-18.201159,-2.4648933,213.16637,1.5574619,0.00014281178,48.377865,-0.4252006,-7.638336,0.071706995,1.0,0.99901295,0.09375,0.0053665885,-14.574691,-14.584697,-4.3393617,423.2775,0.49710792,5.915728e-11,0.9990082,0.08105469,0.0053566997,-14.436261,-14.4461565,-4.3141193,25.562197,0.105484426,1.2244112e-06,0.030791142892837523,24339.793618679047,390000
48.995766,-0.35952258,-7.6076827,0.06404357,1.0,0.99918365,0.43066406,0.0035550166,-18.33623,-18.351866,-2.339087,253.18854,2.0406466,4.6752135e-05,1.6288784,-1.7566121,17.589241,0.99914074,0.36132812,0.00364907,-18.129745,-18.145058,-2.464898,185.7815,1.8885038,9.835803e-05,59.50884,-0.42215988,-7.6774454,0.08148435,1.0,0.9990139,0.09472656,0.0053587034,-15.016216,-15.0266695,-4.3220053,98.23572,0.36609954,4.478901e-12,0.9989996,0.083984375,0.0053784475,-14.806078,-14.816295,-4.35535,120.50805,0.22209376,3.2864924e-12,0.030784094190597536,24493.714091539383,395000
39.01501,-0.4150802,-7.618472,0.06674101,1.0,0.99918747,0.44726562,0.0035107331,-18.334286,-18.349977,-2.280311,316.5065,2.1038108,0.00012909724,0.9257503,-2.3665814,19.00681,0.9991236,0.38378906,0.0035662744,-18.165937,-18.181414,-2.332335,248.17708,1.8056855,7.115095e-05,56.8096,-0.4300639,-7.683177,0.0829172,1.0,0.99900436,0.10839844,0.0053977296,-14.513193,-14.523134,-4.3442936,105.94696,0.28508294,7.9687705e-09,0.99898624,0.091796875,0.0054569384,-14.369221,-14.378967,-4.398864,180.49182,0.281947,3.567801e-08,0.03079212989807129,24647.674742937088,400000
57.06883,-0.23306149,-7.6055574,0.06351225,1.0,0.99918175,0.4296875,0.0035326714,-18.18308,-18.198616,-2.2891297,704.73694,2.5704503,8.790991e-05,0.75951445,-0.96641594,17.155552,0.9991369,0.38085938,0.0035955142,-18.179451,-18.194847,-2.4309244,255.30637,1.9178059,0.000121492805,62.064255,-0.29358408,-7.657146,0.07640952,1.0,0.99901104,0.10449219,0.0054015312,-14.510618,-14.520562,-4.3383455,4723.3237,2.8958642,2.2820734e-08,0.9990177,0.07714844,0.005360806,-14.406103,-14.415888,-4.395702,81.07613,0.16850704,9.360521e-09,0.4033364993572235,26664.357243061066,405000
44.430218,-0.37871665,-7.60601,0.06362547,1.0,0.99919224,0.43945312,0.0035784445,-18.182674,-18.198145,-2.355413,163.55135,1.7317634,6.756478e-05,1.3867031,-1.5504292,21.747223,0.99912834,0.3671875,0.0036568886,-17.89234,-17.907434,-2.453054,171.48518,1.7697423,0.00029090015,53.383972,-0.39588404,-7.6648264,0.07832948,1.0,0.9990196,0.1015625,0.0054115485,-14.686847,-14.69692,-4.3816767,317.18427,0.40397745,6.3130837e-12,0.9990034,0.08105469,0.005479141,-14.372892,-14.382616,-4.425549,387.62677,0.5163503,2.559544e-07,0.03075992455482483,26818.15686750412,410000
47.185272,-0.34924853,-7.618783,0.06681876,1.0,0.9992199,0.4482422,0.003537945,-17.98066,-17.996006,-2.2792315,407.75107,2.4536026,0.00012862215,1.2731074,-1.4338719,17.238756,0.999156,0.37890625,0.0036449565,-17.700209,-17.715118,-2.4462357,316.40887,1.8128686,4.6111752e-05,59.72428,-0.41006744,-7.66403,0.078130536,1.0,0.999012,0.08886719,0.005450825,-14.670288,-14.6803255,-4.402724,223.19456,0.60933936,1.5045775e-11,0.9990063,0.08496094,0.005427464,-14.390974,-14.400738,-4.401663,49.10163,0.15511993,6.026812e-07,0.03078523726463318,26972.08305978775,415000
38.59054,-0.3686685,-7.6275573,0.069012254,1.0,0.9991989,0.4638672,0.0034650886,-18.63739,-18.653406,-2.2528856,105.78951,1.7577841,2.7058033e-05,1.2683853,-1.1032996,17.390528,0.9991188,0.3828125,0.003571468,-18.592213,-18.608032,-2.4085422,608.68835,2.2317603,0.00015729191,60.465897,-0.3473096,-7.6653914,0.07847077,1.0,0.99901676,0.109375,0.0053549083,-14.804141,-14.814354,-4.3569183,352.8581,0.5390342,6.124888e-08,0.9990139,0.09082031,0.00536458,-14.688608,-14.698642,-4.424055,24.592798,0.09849669,5.0135645e-06,0.030789175128936766,27126.028936624527,420000
39.566196,-0.40093917,-7.6033473,0.062959746,1.0,0.9991951,0.4453125,0.0034622974,-18.528812,-18.544699,-2.2812233,305.92502,2.2477088,0.00012477132,0.9499574,-0.685794,14.887241,0.9991627,0.3935547,0.0034967354,-18.127161,-18.142591,-2.3417008,1137.7968,2.581977,0.00019421922,52.200134,-0.4150253,-7.6607428,0.07730864,1.0,0.9990263,0.091796875,0.0053314464,-14.877649,-14.88799,-4.297873,104.30043,0.33909452,9.429794e-10,0.99900436,0.083984375,0.005363138,-14.561074,-14.571105,-4.300271,4034.7595,4.1647043,3.7960216e-08,0.0356897852897644,27304.477871656418,425000
52.644493,-0.24630834,-7.606648,0.063784875,1.0,0.9991789,0.41992188,0.0035829372,-18.10588,-18.121235,-2.3993912,135.7626,1.5003494,9.736541e-05,1.35088,-3.355997,24.557106,0.999135,0.36816406,0.003629338,-18.208786,-18.224173,-2.4693568,161.61993,1.7201053,0.0001162981,56.772266,-0.30659074,-7.6495056,0.07449939,1.0,0.998991,0.09375,0.0053884033,-14.759657,-14.769842,-4.3384147,2070.8345,1.3354411,8.840231e-09,0.9990034,0.06738281,0.0053897887,-14.650453,-14.660435,-4.438985,57.76407,0.16918796,4.1553957e-08,0.03956907596588135,27502.323252916336,430000
47.802433,-0.30586737,-7.6137094,0.06555036,1.0,0.9991884,0.43847656,0.0035150126,-18.344452,-18.360226,-2.2076378,2266.7825,3.257366,0.00012468592,1.108771,-1.4450535,18.26392,0.9991188,0.3701172,0.0035932537,-18.21804,-18.233545,-2.3592045,125.53102,1.7390463,3.340807e-05,60.17244,-0.36202246,-7.6630564,0.07788708,1.0,0.9989977,0.11230469,0.0054701427,-14.9017105,-14.912058,-4.3165317,452.05093,0.9214135,2.8999933e-08,0.99899673,0.10449219,0.00541778,-14.733898,-14.74404,-4.359399,22.49029,0.14955059,1.822995e-08,0.039566639184951784,27700.156456708908,435000
53.312786,-0.34150058,-7.6278744,0.06909151,1.0,0.9991751,0.4404297,0.0035298842,-18.537704,-18.553587,-2.290122,219.06325,1.8606344,6.857002e-05,2.184156,-2.3946311,30.16777,0.99911976,0.36621094,0.0036356503,-18.397923,-18.41352,-2.443293,55.093163,1.2927752,4.9898314e-05,51.17759,-0.41954243,-7.653716,0.075551875,1.0,0.9990225,0.10839844,0.0053162044,-14.699845,-14.709949,-4.363181,675.41675,1.0967591,6.955986e-10,0.99900913,0.10253906,0.005347765,-14.513376,-14.5233135,-4.347582,39.212437,0.17019007,3.17391e-08,0.03956816258430481,27897.997271299362,440000
43.420418,-0.41829276,-7.6233687,0.067965135,1.0,0.9991741,0.44628906,0.003567981,-18.539944,-18.555723,-2.398993,191.92265,1.843938,6.494229e-05,2.488148,-3.808056,25.190832,0.9991331,0.38867188,0.0036214394,-18.164406,-18.179764,-2.4539847,51.75963,1.2250186,7.211141e-05,61.749634,-0.3397612,-7.6726627,0.08028875,1.0,0.9990225,0.09667969,0.0053718225,-14.621739,-14.631775,-4.3562326,109.75445,0.26534244,4.2550095e-08,0.99901104,0.08496094,0.005430129,-14.389476,-14.399226,-4.415094,187.99635,0.33230436,9.67e-10,0.03957308139801025,28095.86268043518,445000
35.9001,-0.38491243,-7.602722,0.06280351,1.0,0.99918365,0.4375,0.0035328045,-18.292257,-18.307865,-2.327464,188.64532,2.0854955,9.833515e-05,0.5689043,-0.7114565,14.493263,0.9991245,0.3623047,0.0037103025,-18.104874,-18.12012,-2.5057294,262.1831,1.7905878,2.3253166e-05,49.40909,-0.462781,-7.632053,0.07013612,1.0,0.998991,0.10839844,0.0054324963,-14.753006,-14.763196,-4.3286533,1070.9059,1.4097528,2.1325944e-08,0.9990072,0.0859375,0.005403246,-14.520564,-14.530472,-4.384701,306.55527,0.38018912,1.1602463e-07,0.03616418375968933,28276.683600902557,450000
46.249626,-0.35916713,-7.6252837,0.06844387,1.0,0.9991989,0.45117188,0.003508424,-18.401264,-18.417,-2.3021045,194.57965,1.7089282,4.70123e-05,0.8960229,-1.2604471,18.547441,0.9991293,0.39453125,0.0035960972,-18.196928,-18.212345,-2.4278312,137.5713,1.4885603,6.28817e-05,63.681564,-0.34571654,-7.6546984,0.07579766,1.0,0.9990158,0.11230469,0.0054619526,-14.692096,-14.702125,-4.432633,448.16428,0.6202698,3.6215413e-11,0.99900913,0.09375,0.005521105,-14.374283,-14.383889,-4.5468235,563.0881,0.6168558,2.4204345e-08,0.03078345890045166,28430.600900650024,455000
47.158035,-0.41102988,-7.612649,0.06528515,1.0,0.99919987,0.40820312,0.003582316,-18.428154,-18.443876,-2.3429747,285.992,2.182376,8.389982e-05,1.3387499,-2.0438266,19.716429,0.99913406,0.36816406,0.003619005,-18.172375,-18.187843,-2.3471558,156.71906,1.783175,4.3226206e-05,61.445526,-0.33729982,-7.6620336,0.077631354,1.0,0.9990072,0.1171875,0.005179816,-15.144734,-15.155478,-4.155259,160.83853,0.38234344,2.5850033e-10,0.9989958,0.09765625,0.0052164174,-14.913831,-14.924318,-4.184543,158.87453,0.48248637,3.9471948e-07,0.030785293102264404,28584.527367830276,460000
45.973305,-0.36013246,-7.6104584,0.06473754,1.0,0.9992018,0.46875,0.0034,-18.766264,-18.78251,-2.147162,515.9114,1.9630063,0.00011084455,1.6625526,-1.5254272,19.600687,0.9991207,0.3798828,0.0035566064,-18.428429,-18.444117,-2.3799725,93.979935,1.4304763,0.00020869334,57.20096,-0.3860839,-7.6634407,0.07798313,1.0,0.99901104,0.11621094,0.0053452947,-14.714091,-14.724242,-4.3296547,421.83682,0.5500853,3.5483783e-08,0.9990053,0.08300781,0.0054126084,-14.419866,-14.429654,-4.405671,77.87195,0.28848058,3.4597653e-07,0.030794272422790526,28738.49873304367,465000
42.59968,-0.4313454,-7.6111226,0.06490363,1.0,0.99921036,0.44726562,0.0035447422,-18.615685,-18.631641,-2.2888823,1883.6919,2.935629,0.00011049098,0.82769525,-0.6006619,15.380132,0.9991522,0.36621094,0.0036092952,-18.533062,-18.54889,-2.3424587,295.91904,1.9947543,4.3726275e-05,61.58146,-0.35629556,-7.657132,0.07640596,1.0,0.9989872,0.11328125,0.0054336023,-14.840196,-14.85052,-4.278846,351.81845,1.2414644,4.1934342e-10,0.9990082,0.087890625,0.0053883167,-14.5143,-14.524253,-4.333993,1115.7163,1.541066,2.3151742e-08,0.03455080757141113,28911.252777338028,470000
47.923077,-0.32695442,-7.6054883,0.06349498,1.0,0.999176,0.42382812,0.0036175917,-18.164145,-18.17956,-2.394421,143.12254,1.5987891,0.00019336482,1.3445177,-3.218195,21.648808,0.9991379,0.35839844,0.0036896728,-18.018894,-18.034012,-2.5541098,422.2073,1.5976939,0.00011424399,56.28354,-0.2916479,-7.650647,0.07478486,1.0,0.9990063,0.09667969,0.0054224376,-14.772148,-14.782382,-4.303629,318.93124,0.59118164,3.6247497e-10,0.9990206,0.078125,0.0053843856,-14.517128,-14.527049,-4.368346,337.1653,0.42185688,5.736235e-08,0.030798435831069948,29065.24495768547,475000
48.82246,-0.3617067,-7.601607,0.06252469,1.0,0.99918175,0.40722656,0.0036662011,-18.154,-18.169376,-2.421966,734.0135,2.1318002,0.00010161487,1.3073789,-1.0057188,17.742765,0.9991207,0.35839844,0.0037428779,-17.990929,-18.006014,-2.5599005,228.66513,1.832705,0.00032461298,63.103203,-0.3618855,-7.6761928,0.08117117,1.0,0.9990139,0.09765625,0.005381915,-14.746292,-14.756414,-4.392515,1993.8564,2.0898283,9.34137e-12,0.9990063,0.083984375,0.0053634793,-14.513878,-14.523774,-4.389976,87.26224,0.15770537,2.0469956e-08,0.030798799085617064,29219.238954782486,480000
39.46998,-0.3947839,-7.6263847,0.068719245,1.0,0.99920654,0.43945312,0.0034589851,-18.960518,-18.976883,-2.2193952,1444.661,2.94374,5.4842e-05,2.8766265,-2.0458677,22.298306,0.99912643,0.3642578,0.0035890024,-18.726896,-18.742874,-2.3823204,171.30867,1.4547682,0.00017052786,52.379475,-0.36250034,-7.649589,0.07452017,1.0,0.9990206,0.099609375,0.0053721955,-14.869134,-14.879437,-4.3288064,2811.0483,3.389304,1.1046663e-10,0.9990034,0.09082031,0.005392597,-14.6266365,-14.636637,-4.3974285,26.554234,0.13228406,3.7815844e-11,0.030811564826965333,29373.296782255173,485000
46.17606,-0.34852296,-7.615276,0.065942,1.0,0.999176,0.42773438,0.003642139,-18.442572,-18.458193,-2.461959,362.06293,1.7531875,1.4526446e-05,10.098113,-3.3830335,29.263538,0.99911785,0.33789062,0.0038020606,-18.191906,-18.207096,-2.6547585,79.31846,1.1595025,1.381321e-05,50.17005,-0.4535259,-7.6569886,0.07637009,1.0,0.99901676,0.12207031,0.0052648233,-15.173191,-15.183825,-4.294489,242.82512,0.303685,6.129629e-13,0.99901104,0.10058594,0.005321379,-14.840729,-14.851027,-4.305709,178.35098,0.35181522,3.9589547e-12,0.03078974461555481,29527.245509147644,490000
44.951992,-0.33093268,-7.602996,0.06287187,1.0,0.9991846,0.42773438,0.0035476745,-18.590103,-18.605995,-2.3313231,243.83899,1.9874674,2.2770311e-05,0.6250992,-0.9003315,14.939854,0.9991436,0.37109375,0.0036251652,-18.561672,-18.57744,-2.4335763,622.15686,1.9853116,4.984866e-05,53.28379,-0.3993086,-7.652676,0.07529199,1.0,0.99901485,0.09667969,0.0053296736,-14.683989,-14.694096,-4.344535,291.28833,0.2397758,1.6419978e-09,0.99901676,0.091796875,0.005351672,-14.526088,-14.536014,-4.372766,150.22404,0.2418764,3.0279926e-07,0.030793534564971924,29681.213183403015,495000
41.75618,-0.3551689,-7.614929,0.06585531,1.0,0.9991894,0.4345703,0.0035521502,-18.578974,-18.594847,-2.3416233,246.46861,2.2617447,9.709572e-06,0.65253025,-0.5690013,13.974238,0.9991417,0.37402344,0.0036437907,-18.192007,-18.2074,-2.44382,520.332,2.083807,0.00015700341,44.207687,-0.43759257,-7.666746,0.07880946,1.0,0.99902344,0.115234375,0.0052816654,-14.811947,-14.822205,-4.3192244,238.12585,0.40382016,3.036719e-06,0.9990082,0.091796875,0.0052603204,-14.544018,-14.554046,-4.28448,228.15323,0.62641215,1.2827597e-06,0.030771892166137696,29835.072648525238,500000
45.701035,-0.33401376,-7.6198854,0.06709427,1.0,0.99919987,0.4267578,0.0035977648,-18.334106,-18.349705,-2.3763757,436.0712,2.3478463,0.00013927466,3.122138,-2.5682733,29.286135,0.999136,0.36328125,0.0036986906,-18.117893,-18.133064,-2.5992813,167.3075,1.1612947,1.7361821e-05,60.708538,-0.31008855,-7.6659913,0.07862078,1.0,0.99895,0.09082031,0.0056226794,-14.813441,-14.823687,-4.3317065,411.2057,1.5360351,1.8392994e-07,0.99901295,0.072265625,0.005389672,-14.543308,-14.55322,-4.403288,45.510544,0.09327062,4.7833356e-07,0.40783192009925845,31874.232253074646,505000
43.544075,-0.36411375,-7.6024256,0.062729344,1.0,0.9991989,0.4345703,0.0035081992,-18.716618,-18.732622,-2.340814,283.28403,2.1903338,0.000103244114,0.9068092,-0.87401193,13.832384,0.9991245,0.37109375,0.0036408291,-18.609482,-18.625261,-2.468549,73.1929,1.4580035,4.157646e-05,48.02627,-0.45518205,-7.6740036,0.08062385,1.0,0.99902725,0.11425781,0.0053052534,-14.919022,-14.92938,-4.321166,308.00336,0.27848208,3.3858973e-09,0.99902153,0.095703125,0.005339391,-14.562125,-14.572172,-4.284596,160.22095,0.22057895,7.296978e-09,0.03077476053237915,32028.10605740547,510000
46.131252,-0.33633712,-7.606946,0.06385949,1.0,0.9991884,0.42773438,0.0035517318,-18.70957,-18.725542,-2.368154,189.9586,1.9761515,9.283215e-05,3.5196779,-5.625053,27.121347,0.999115,0.35742188,0.003604012,-18.671204,-18.687044,-2.4676063,183.32715,1.5916255,0.000108738364,56.966873,-0.38357466,-7.6692348,0.07943163,1.0,0.9990082,0.10058594,0.0054116994,-14.853247,-14.863538,-4.32471,1170.339,1.4837241,5.454812e-07,0.99900913,0.09375,0.0053590136,-14.684757,-14.694864,-4.3455105,150.05322,0.413105,1.41065e-07,0.030780150985717774,32182.006819486618,515000
50.3882,-0.3047399,-7.6058464,0.06358462,1.0,0.9992075,0.4345703,0.0035327566,-18.67892,-18.694946,-2.283237,229.4384,2.4668674,1.5215558e-05,2.3473728,-1.3153243,22.494732,0.99913406,0.3623047,0.003626699,-18.469643,-18.485296,-2.4557538,185.2669,1.7042003,4.8252954e-05,64.09245,-0.35412884,-7.6687593,0.079312876,1.0,0.9989939,0.10449219,0.0053578243,-15.058002,-15.068509,-4.309675,617.24457,1.2098218,4.8796553e-09,0.99900246,0.087890625,0.005325026,-14.79335,-14.803522,-4.3873725,18.881401,0.1159734,7.024594e-07,0.034091258430480956,32352.463113069534,520000
48.330383,-0.3540591,-7.617812,0.066575885,1.0,0.9992027,0.4501953,0.0035257833,-18.751957,-18.768064,-2.2741368,173.45895,1.9307522,1.6742446e-05,1.1168374,-2.004044,22.007252,0.99912834,0.38476562,0.0036276,-18.588043,-18.603891,-2.3754494,256.7691,2.2410717,3.497815e-05,57.32064,-0.34377706,-7.6625357,0.077757,1.0,0.9990196,0.1171875,0.005323765,-14.752783,-14.76304,-4.260963,958.8718,1.2774091,6.557764e-11,0.99900246,0.087890625,0.0053639226,-14.522961,-14.532951,-4.3020434,545.7631,1.352768,1.0205145e-05,0.039566699981689456,32550.296614170074,525000
45.09633,-0.3834542,-7.6160545,0.06613654,1.0,0.9992018,0.46289062,0.0034344583,-19.002586,-19.018984,-2.2276237,3703.7605,4.065018,3.8309445e-05,2.3296485,-2.4038231,23.96199,0.9991474,0.4111328,0.0034802558,-18.691324,-18.707344,-2.3039155,122.8196,1.4818804,4.4969063e-05,46.99957,-0.4299534,-7.6489763,0.07436706,1.0,0.99901295,0.09765625,0.0052973563,-14.955835,-14.966298,-4.252964,410.2609,0.81409925,6.1673213e-09,0.9990082,0.07910156,0.0053668073,-14.641767,-14.651883,-4.292935,1151.9364,2.340231,1.1375051e-08,0.03959959020614624,32748.294567108154,530000
46.412945,-0.33071762,-7.603964,0.0631139,1.0,0.99919224,0.42773438,0.0035326811,-18.702648,-18.71867,-2.3096957,330.60846,1.8838801,0.00016104302,1.2658141,-2.5633938,19.61779,0.99912167,0.38378906,0.0035923386,-18.28381,-18.299288,-2.4499514,117.491615,1.3948827,0.00026440297,53.795204,-0.37908697,-7.657567,0.076514736,1.0,0.99901104,0.1171875,0.005325156,-14.875645,-14.886037,-4.244714,242.33652,0.4937224,8.369111e-08,0.99900913,0.10253906,0.0053115087,-14.688453,-14.698638,-4.2683854,174.22441,0.28916615,1.11111085e-07,0.03967506532669068,32946.66989779472,535000
61.667004,-0.29909158,-7.609231,0.06443067,1.0,0.9991884,0.42578125,0.0034992523,-18.820625,-18.836767,-2.3060846,469.76883,2.075047,3.2039494e-05,1.3495369,-1.5702357,21.499018,0.99914646,0.3798828,0.0035488862,-18.651878,-18.667816,-2.3467696,239.65945,1.881438,0.00010087949,62.732597,-0.31983548,-7.6601686,0.07716508,1.0,0.9990206,0.08886719,0.005380764,-14.895244,-14.905508,-4.394502,798.1696,0.6508885,2.2936055e-09,0.99902344,0.07128906,0.0054248367,-14.566694,-14.576563,-4.4707184,5.3389387,0.060121793,1.6739277e-08,0.03957774987220764,33144.55864858627,540000
52.439625,-0.3718726,-7.6144147,0.06572659,1.0,0.99918556,0.4267578,0.0035809423,-18.656849,-18.67278,-2.3603313,765.7712,2.2484806,4.7501013e-05,1.7464594,-1.8777153,24.707077,0.99914455,0.38378906,0.0036707427,-18.584879,-18.60063,-2.4724483,1206.971,2.9962533,9.299058e-05,54.7911,-0.362517,-7.6656356,0.07853178,1.0,0.9990177,0.103515625,0.005401407,-14.753454,-14.763559,-4.415194,1909.5586,1.2559664,1.1580431e-09,0.999012,0.07519531,0.005483144,-14.525688,-14.535454,-4.534565,309.1267,0.5613891,9.3094595e-12,0.03958338241577149,33342.47556233406,545000
48.486267,-0.2847278,-7.594366,0.06071454,1.0,0.99918365,0.4267578,0.0035622623,-18.619587,-18.635519,-2.320236,394.8237,2.4578214,9.6940596e-05,1.856267,-1.9653494,20.103117,0.9991331,0.3828125,0.0036553266,-18.45192,-18.46752,-2.4938889,148.03291,1.5311363,0.00012037295,55.497314,-0.384017,-7.6529083,0.075350165,1.0,0.99901867,0.11328125,0.0054002246,-14.870985,-14.881244,-4.3758817,2099.7134,1.4507709,7.02927e-11,0.99901295,0.09667969,0.0054159705,-14.697705,-14.707729,-4.4432983,958.6222,1.1568114,4.3195083e-09,0.03158419270515442,33500.39652776718,550000
47.18513,-0.32846242,-7.599908,0.062099893,1.0,0.99920845,0.44433594,0.0035252727,-18.787014,-18.803116,-2.3145773,135.80586,1.9056891,3.624444e-05,2.2802463,-1.9493277,21.062862,0.9991541,0.38867188,0.0035957198,-18.671953,-18.687883,-2.3754044,98.78145,1.6333702,4.0449795e-05,63.924934,-0.34096652,-7.6571674,0.07641488,1.0,0.9990053,0.099609375,0.005413931,-14.942024,-14.9523735,-4.3550024,533.2492,1.1086631,3.52569e-12,0.99900913,0.08984375,0.0054547936,-14.70509,-14.71515,-4.412588,504.03885,1.3509197,1.7815874e-12,0.030779718494415284,33654.29512310028,555000
46.20957,-0.30757284,-7.5973577,0.061462432,1.0,0.999176,0.42382812,0.0036016128,-18.607399,-18.62322,-2.421186,113.085884,1.657578,9.045195e-05,1.8603258,-1.8932896,18.775497,0.9991417,0.36914062,0.0036698948,-18.407207,-18.422731,-2.5234745,153.34702,1.4606278,4.8418948e-05,59.28875,-0.2831676,-7.6505175,0.074752375,1.0,0.9989767,0.10449219,0.0054109376,-15.052964,-15.06354,-4.233887,572.93066,2.21826,1.3419001e-11,0.9990015,0.1015625,0.0053125317,-14.844242,-14.854562,-4.2870293,539.71893,1.3623972,3.8131087e-13,0.030780076026916504,33808.195504426956,560000
43.35329,-0.3675921,-7.6101704,0.06466566,1.0,0.9992199,0.44335938,0.0034334913,-19.196724,-19.213308,-2.2310534,141.1174,2.1419134,0.000109570305,7.4329486,-5.106579,42.710106,0.99913025,0.3798828,0.003518441,-18.969334,-18.9856,-2.3308713,64.5454,1.5255682,0.00011099561,56.760887,-0.48873788,-7.6656685,0.07854018,1.0,0.9990101,0.11621094,0.005366562,-14.885211,-14.895494,-4.365688,1092.9507,1.0003712,5.461128e-10,0.99900913,0.07910156,0.0053050863,-14.611739,-14.621834,-4.2853055,351.08862,0.6406949,8.178579e-06,0.026322800350189208,33939.80950808525,565000
46.51504,-0.3588182,-7.612492,0.06524595,1.0,0.99921227,0.4453125,0.0034860151,-18.74826,-18.76443,-2.2069283,1002.9518,2.8244796,0.00013495963,2.5856657,-2.680757,26.218163,0.99914646,0.3671875,0.0035789202,-18.3716,-18.387274,-2.335856,74.93505,1.5430541,0.00033697157,58.488678,-0.38670853,-7.6541348,0.0756567,1.0,0.99900436,0.10839844,0.0053684902,-14.949612,-14.960032,-4.2883997,462.36557,0.84518063,2.2573607e-10,0.9989834,0.08691406,0.0054466743,-14.604748,-14.614771,-4.35046,40.438213,0.22539976,1.3988454e-12,0.022003808784484862,34049.828553915024,570000
37.264297,-0.3681013,-7.6082478,0.064184844,1.0,0.9992113,0.43066406,0.0035152067,-18.879564,-18.8958,-2.2730045,810.2813,2.960814,5.400257e-05,1.7821724,-1.4769461,17.914986,0.99915504,0.3779297,0.0036124482,-18.472143,-18.487825,-2.4297538,163.28905,1.626206,4.741773e-05,54.39359,-0.3227123,-7.6749716,0.08086587,1.0,0.9990196,0.1015625,0.0054258145,-14.753846,-14.763979,-4.3880234,131.8969,0.2754131,1.130387e-12,0.9990158,0.0859375,0.0054390584,-14.52461,-14.534448,-4.4612856,95.81812,0.15340328,2.4754149e-08,0.022018713569641114,34159.92212533951,575000
44.68431,-0.37318558,-7.597147,0.061409704,1.0,0.9992151,0.4404297,0.003516032,-18.821966,-18.838125,-2.2904787,354.70496,2.262792,1.8448878e-05,1.3589287,-1.3649809,19.130083,0.9991522,0.38378906,0.0036012945,-18.5705,-18.586334,-2.368676,253.27148,1.8470068,6.0351085e-06,59.773518,-0.3536229,-7.6709123,0.07985099,1.0,0.99901485,0.095703125,0.0054074707,-14.881311,-14.89161,-4.345443,755.167,1.1831989,2.11495e-11,0.99901104,0.08105469,0.0054444363,-14.730257,-14.740385,-4.3694644,1535.0964,3.0128727,4.488033e-09,0.02229792022705078,34271.411727666855,580000
47.512894,-0.36862493,-7.5894814,0.059493385,1.0,0.99919033,0.4267578,0.0035151835,-18.98901,-19.005312,-2.3123007,175.85129,1.9111581,0.00028756456,1.7289087,-2.0884535,19.009949,0.9991398,0.36816406,0.0035979734,-18.70742,-18.72336,-2.4009788,487.22424,2.1670928,1.5446842e-05,54.948112,-0.33664763,-7.656807,0.076324716,1.0,0.99899864,0.095703125,0.005381779,-15.082557,-15.093072,-4.3261194,467.16132,0.9441587,1.1452415e-09,0.9990158,0.095703125,0.0053233933,-14.730185,-14.740339,-4.3416805,376.72653,0.77615803,4.3269194e-10,0.030805696058273314,34425.440209150314,585000
46.244118,-0.31386644,-7.607427,0.063979685,1.0,0.99918365,0.45507812,0.0035255766,-19.051525,-19.06792,-2.2810168,235.62445,1.8793106,0.000130183,0.8254252,-1.9119735,19.402931,0.9991474,0.39746094,0.0035649398,-18.639717,-18.65562,-2.3694167,160.64255,1.6308401,0.00023521177,59.460014,-0.3665261,-7.652295,0.07519674,1.0,0.99902725,0.091796875,0.005435768,-14.876205,-14.886423,-4.4231367,311.98755,0.42495623,2.971722e-08,0.99901295,0.080078125,0.005438762,-14.58013,-14.590025,-4.457346,60.93827,0.11801116,2.6233032e-10,0.030806048345565797,34579.47045469284,590000
50.27442,-0.32317385,-7.5999346,0.062106714,1.0,0.9992275,0.4658203,0.003413913,-19.156643,-19.173265,-2.154116,478.88052,2.5501192,4.4843713e-05,1.8644713,-0.9879291,21.85968,0.99915695,0.3828125,0.0034758407,-19.149948,-19.166414,-2.3054204,125.253944,1.5750628,2.2690192e-05,61.92488,-0.35171583,-7.6456,0.0735229,1.0,0.99901295,0.10644531,0.0053111734,-15.0782585,-15.088836,-4.259346,564.8753,0.6589501,3.06857e-08,0.9990072,0.099609375,0.005342735,-14.865133,-14.875472,-4.288561,767.9931,0.89512813,9.498928e-07,0.030797458028793336,34733.45774626732,595000
48.13948,-0.28424948,-7.609459,0.064487696,1.0,0.9992094,0.44140625,0.0034974718,-19.050987,-19.067434,-2.226799,549.98303,2.3323374,8.6137334e-05,2.4407623,-2.2734807,23.553192,0.99914265,0.36621094,0.0036040628,-18.788456,-18.80442,-2.456846,138.83719,1.7483637,3.3017026e-05,59.024807,-0.3444246,-7.680669,0.082290165,1.0,0.9990015,0.10058594,0.0053989114,-15.094166,-15.10463,-4.3892384,105.68313,0.42618155,4.7694823e-13,0.99902153,0.08984375,0.005357108,-14.844592,-14.854745,-4.458743,328.40924,0.49146464,1.5789915e-09,0.030805394220352174,34887.48471927643,600000
53.818916,-0.3271352,-7.61221,0.065175325,1.0,0.99921036,0.4658203,0.0034748472,-19.063461,-19.079905,-2.2422051,579.4452,2.9008002,0.00012485596,1.867189,-1.6067345,21.748486,0.99915314,0.39257812,0.0035375087,-19.073906,-19.090233,-2.3705132,441.00577,2.1688664,0.00011134006,57.422462,-0.3050491,-7.6583986,0.07672265,1.0,0.99901485,0.103515625,0.0053648166,-15.015851,-15.026236,-4.391733,234.25325,0.4262926,7.3933385e-12,0.99901104,0.087890625,0.005318152,-14.693853,-14.70396,-4.3534136,903.78455,0.94545346,3.9310014e-12,0.40991415095329287,36937.05547595024,605000
57.374672,-0.3121207,-7.6146917,0.06579591,1.0,0.9992285,0.4736328,0.0034200368,-19.349796,-19.366617,-2.1431878,1011.9678,2.980992,0.00011246904,4.22081,-2.9707074,26.112064,0.9991598,0.40820312,0.003512962,-19.03811,-19.054506,-2.2653813,67.32745,1.6892025,0.00010246851,64.09004,-0.35801437,-7.669237,0.07943232,1.0,0.9990034,0.103515625,0.0053911274,-15.039953,-15.050464,-4.287917,68.85135,0.28703696,1.5606322e-08,0.9989977,0.10058594,0.005403219,-14.812235,-14.8224945,-4.31583,777.47955,1.4356118,1.7833675e-06,0.039517924213409425,37134.64510059357,610000
35.210663,-0.3969441,-7.6085334,0.06425628,1.0,0.9991913,0.42089844,0.0035727583,-19.044018,-19.060328,-2.3584805,574.36316,2.1880116,4.774344e-05,0.5070973,-0.8149135,12.9829445,0.9991541,0.3642578,0.0036473859,-18.620409,-18.636192,-2.4743462,188.14433,1.5243616,0.00014233319,52.68948,-0.41066337,-7.6538286,0.07558006,1.0,0.9990225,0.11230469,0.0053194333,-15.052323,-15.062771,-4.3643556,6855.291,4.2166333,2.3517882e-13,0.9990101,0.095703125,0.005373816,-14.6979065,-14.7079935,-4.378108,32.065773,0.13176605,5.0019683e-10,0.03585456290245056,37313.91791653633,615000
46.59147,-0.32947433,-7.5980763,0.061642118,1.0,0.99922657,0.4716797,0.003392355,-19.58849,-19.605507,-2.181211,326.20724,2.1730347,5.286335e-05,1.295559,-1.201162,18.234024,0.9991636,0.40234375,0.0034585511,-19.211727,-19.228312,-2.2480469,89.608574,1.6579278,0.00012082841,58.97525,-0.40645015,-7.6547947,0.07582163,1.0,0.9990263,0.091796875,0.0053557623,-15.053246,-15.063704,-4.3553276,601.3141,0.61634517,1.5312411e-08,0.9990206,0.08105469,0.0053799152,-14.765591,-14.7757015,-4.4210815,303.25204,0.6652268,6.111905e-10,0.03736230163574219,37500.72942900658,620000
51.1056,-0.32957095,-7.5997267,0.062054705,1.0,0.9992161,0.45214844,0.0034688842,-19.274082,-19.290758,-2.2134268,783.8835,3.1921766,7.320902e-05,1.6213175,-2.0797298,19.880926,0.9991493,0.3671875,0.0035761478,-18.885506,-18.901684,-2.3356915,126.188354,1.95102,7.2429015e-05,44.571274,-0.43799663,-7.6458683,0.07359006,1.0,0.9990034,0.09375,0.005366683,-15.347783,-15.358525,-4.358062,616.9229,0.70875174,2.1238467e-08,0.9990063,0.07519531,0.005334559,-14.995486,-15.00593,-4.3115015,14.962519,0.10177727,1.8288479e-06,0.03949643177986145,37698.211592674255,625000
39.90544,-0.33634526,-7.5915666,0.06001455,1.0,0.99920845,0.44628906,0.0034532743,-19.420958,-19.437794,-2.1977897,379.51215,2.3337111,8.576769e-06,0.67179537,-1.1976416,11.832981,0.9991493,0.390625,0.0035170657,-19.150753,-19.167181,-2.3456187,61.033653,1.4360367,0.00013555467,62.732105,-0.26034105,-7.637219,0.0714277,1.0,0.9990177,0.11230469,0.0054414193,-14.883123,-14.893329,-4.444271,443.7823,0.4951528,2.2935125e-10,0.9990063,0.087890625,0.005496931,-14.653414,-14.663291,-4.5474453,93.36212,0.18525635,1.1393996e-10,0.03949927248954773,37895.70795702934,630000
47.032143,-0.3111604,-7.598239,0.06168271,1.0,0.99921703,0.4423828,0.0035122863,-19.018196,-19.034576,-2.2619987,229.51173,2.2255883,0.00014549107,1.3239981,-0.79715586,17.270546,0.99915504,0.39257812,0.0035906625,-18.770348,-18.786322,-2.4279382,56.197723,1.3130357,0.00015914162,55.5522,-0.36327437,-7.66897,0.0793655,1.0,0.99900913,0.09277344,0.005470787,-15.029577,-15.040013,-4.3528786,629.55426,2.0254238,6.816902e-11,0.99901867,0.08300781,0.005396655,-14.712319,-14.722408,-4.3914723,38.56891,0.19540465,8.206475e-07,0.039503584051132204,38093.22587943077,635000
42.188953,-0.3425,-7.6164913,0.066245735,1.0,0.9992132,0.44726562,0.0034871735,-19.284172,-19.300884,-2.1876342,277.18875,2.3643663,2.2749302e-05,2.2631414,-1.5832348,18.63467,0.9991331,0.38867188,0.0035985461,-18.980661,-18.99693,-2.3382049,95.62017,1.7755018,0.0001690342,52.601517,-0.3881516,-7.654217,0.07567707,1.0,0.99901295,0.10546875,0.0053726034,-15.068599,-15.0791235,-4.3006663,610.98706,0.8226518,1.8641049e-09,0.9990053,0.07910156,0.0054126736,-14.848937,-14.859148,-4.404104,192.59264,0.44650394,3.0650475e-09,0.039564873886108395,38291.050253391266,640000
43.67807,-0.34046233,-7.610892,0.06484595,1.0,0.9992218,0.4638672,0.003466582,-19.442179,-19.458971,-2.2641244,437.92657,2.3855257,0.0002172318,1.5834936,-0.82443017,18.18591,0.9991493,0.38964844,0.0035582117,-19.17786,-19.194265,-2.397653,94.92976,1.511163,7.96941e-05,56.14283,-0.4211851,-7.6504307,0.07473064,1.0,0.99898434,0.10449219,0.0054625506,-15.313959,-15.324673,-4.352946,527.7292,0.9397614,7.3010717e-09,0.99900055,0.09082031,0.005453627,-15.159155,-15.169652,-4.4205365,404.06876,1.0455568,9.651027e-09,0.03949854960441589,38488.54300951958,645000
47.764145,-0.3243327,-7.603278,0.0629425,1.0,0.99919033,0.4248047,0.0035767439,-19.031536,-19.047863,-2.327729,792.22406,2.3652515,0.00010902236,0.7208714,-0.82641506,17.805756,0.9991274,0.3564453,0.003638818,-18.806217,-18.822205,-2.4508438,295.06223,2.189032,0.00018611325,59.825146,-0.3218848,-7.6738577,0.08058748,1.0,0.99902534,0.095703125,0.0053793676,-14.8144245,-14.824613,-4.392038,320.15002,0.23681189,2.4761693e-09,0.9990015,0.08105469,0.0054894886,-14.563782,-14.57363,-4.4873614,87.51919,0.16755342,1.1377785e-08,0.03180956292152405,38647.59082555771,650000
50.33509,-0.3249215,-7.606039,0.06363279,1.0,0.9992132,0.45410156,0.0034021095,-19.32005,-19.336868,-2.1157842,425.00266,2.5420194,0.0001646884,2.1019835,-1.0634807,18.497778,0.9991398,0.3828125,0.0035265258,-19.112698,-19.12918,-2.249358,213.901,2.3024726,9.058696e-05,60.757908,-0.38133034,-7.6724234,0.08022883,1.0,0.99899864,0.10546875,0.0053439443,-15.148346,-15.158978,-4.2708445,296.6315,0.36063728,1.5821741e-10,0.99900246,0.087890625,0.0053484766,-14.935229,-14.945642,-4.2824583,1159.359,2.1200905,2.887882e-07,0.03073548560142517,38801.26825475693,655000
51.518246,-0.30803496,-7.6086125,0.064276084,1.0,0.99919796,0.4453125,0.0034904834,-19.137375,-19.153841,-2.2952385,306.99118,1.8648577,0.00017251939,1.484152,-1.4929843,20.660862,0.99914265,0.37695312,0.0035733287,-18.701046,-18.716963,-2.4194613,115.39347,1.5964934,8.325921e-05,56.499928,-0.37333727,-7.679797,0.08207233,1.0,0.9990196,0.10058594,0.005309694,-15.081245,-15.09177,-4.313562,1582.0685,1.0760918,1.2821253e-09,0.9990072,0.091796875,0.00534513,-14.78883,-14.799016,-4.36907,245.81767,0.32087147,5.4774776e-09,0.030723194789886474,38954.88423371315,660000
42.6079,-0.35380316,-7.6070566,0.06388721,1.0,0.9992218,0.45703125,0.0034066017,-19.800346,-19.817598,-2.1526332,751.7645,2.4347105,0.0001395516,2.1643083,-3.4589381,23.144112,0.9991579,0.3984375,0.003498088,-19.437084,-19.4539,-2.2301533,119.16101,1.9346192,0.00013574872,58.492775,-0.34899628,-7.6563606,0.07621314,1.0,0.9990101,0.11425781,0.005326067,-15.103304,-15.1139,-4.2641525,2046.9828,2.116566,1.39183545e-08,0.9989834,0.08886719,0.0053804517,-14.895542,-14.905867,-4.3335586,365.93314,0.49524978,1.9415419e-08,0.02584567975997925,39084.11263370514,665000
42.160923,-0.28447232,-7.610257,0.06468719,1.0,0.99924564,0.47460938,0.003344748,-19.72891,-19.746195,-2.0472093,332.04742,2.5229774,0.00014977557,1.1126622,-2.228252,17.522127,0.99917984,0.40429688,0.0034198356,-19.546055,-19.562984,-2.227759,58.546726,1.5905906,0.00017409831,53.82439,-0.37750384,-7.6757164,0.081052095,1.0,0.9990225,0.11230469,0.00542919,-15.021927,-15.032311,-4.399309,861.54193,0.90987384,1.13911276e-10,0.9990063,0.10546875,0.005468784,-14.824364,-14.834525,-4.429961,5796.0576,6.1206894,1.7535333e-10,0.0219629301071167,39193.927288770676,670000
49.852592,-0.282433,-7.62203,0.067630395,1.0,0.99923134,0.46777344,0.0033901557,-19.697512,-19.714708,-2.1053693,384.58548,2.4885926,9.792787e-05,1.5444303,-0.96300817,19.455833,0.999156,0.39941406,0.003508274,-19.603699,-19.620605,-2.3092635,289.96457,1.9657413,7.1329494e-05,57.945496,-0.3755804,-7.662636,0.077781856,1.0,0.9990177,0.099609375,0.0053890063,-14.937047,-14.947374,-4.3725424,1397.2854,1.1844966,2.603004e-09,0.99901867,0.078125,0.005411363,-14.877581,-14.88776,-4.4634776,45.542805,0.16071513,2.1874355e-08,0.02198646445274353,39303.859612226486,675000
46.072014,-0.32413825,-7.614077,0.06564226,1.0,0.9992113,0.43359375,0.0035068505,-19.45831,-19.475119,-2.2625074,228.7814,2.463501,7.738684e-05,2.5587065,-3.2523162,21.607689,0.9991493,0.375,0.003580661,-19.128098,-19.144451,-2.3967903,80.08084,1.7077519,8.548934e-05,56.283386,-0.39505392,-7.6625834,0.07776879,1.0,0.9990072,0.103515625,0.0054198117,-15.011059,-15.021446,-4.38426,324.20807,0.5219537,1.732747e-10,0.99901104,0.09863281,0.0054638977,-14.696062,-14.706091,-4.4362383,248.56673,0.38852423,7.7184325e-08,0.02200213723182678,39413.870309114456,680000
50.241905,-0.28740644,-7.614581,0.06576812,1.0,0.9992132,0.453125,0.0034926934,-19.313358,-19.330076,-2.2129273,257.85608,2.2234488,1.5819549e-05,1.0168545,-1.3298771,17.019196,0.9991598,0.37597656,0.003581366,-19.026674,-19.042957,-2.369779,234.80582,1.7452326,0.0001394461,59.11543,-0.3495406,-7.647358,0.073962525,1.0,0.99902153,0.095703125,0.0053404346,-14.868628,-14.878939,-4.321331,629.6708,0.55111146,1.3090318e-10,0.99900913,0.08300781,0.0054280953,-14.676032,-14.686074,-4.403536,306.08173,0.40321812,3.7047412e-09,0.021970262527465822,39523.7216231823,685000
43.548622,-0.32679147,-7.598319,0.06170268,1.0,0.99921894,0.4765625,0.0033810565,-19.540905,-19.55795,-2.107098,323.52515,2.5119991,1.1790201e-05,1.0578655,-0.91840696,14.355191,0.99917793,0.4033203,0.0034602976,-19.41156,-19.42837,-2.215412,524.8628,2.7361395,0.00011919736,51.84964,-0.39034727,-7.6477337,0.07405637,1.0,0.99897957,0.09472656,0.0055726767,-15.008695,-15.019078,-4.3871613,5611.5146,5.0582123,9.41585e-13,0.9990139,0.08105469,0.0054293685,-14.790902,-14.800995,-4.4655094,4.398916,0.051274847,5.422106e-09,0.0219848473072052,39633.645860910416,690000
46.032776,-0.34661087,-7.600065,0.06213933,1.0,0.9992304,0.4658203,0.0033554172,-19.756208,-19.77346,-2.1061745,257.42032,2.643105,0.00017942156,1.1780235,-0.75588566,15.738494,0.99916077,0.4013672,0.0034961966,-19.37661,-19.393385,-2.2130551,743.3351,2.716907,0.00015786823,52.881096,-0.39887756,-7.669819,0.079577714,1.0,0.99901867,0.091796875,0.0053215604,-15.153662,-15.16423,-4.3419733,106.56941,0.2990253,1.1027258e-09,0.9990158,0.07128906,0.0053345957,-14.923667,-14.933963,-4.3909693,16.386765,0.095569864,2.0219977e-08,0.027058140325546265,39768.936566114426,695000
46.63453,-0.3627084,-7.5949,0.060848042,1.0,0.999218,0.4560547,0.003438245,-19.415852,-19.432703,-2.1769166,351.49316,2.564578,0.00011762086,4.44435,-3.0577462,27.292967,0.999176,0.39257812,0.0035225577,-19.243763,-19.260302,-2.3228114,414.5668,2.2893662,9.7645585e-05,55.509525,-0.3323546,-7.67455,0.08076048,1.0,0.99896145,0.11425781,0.005551748,-15.411175,-15.422089,-4.244986,1095.6547,3.0208955,2.9372162e-13,0.99900913,0.08886719,0.0053563835,-15.335602,-15.346362,-4.327757,1878.5907,2.0544822,4.910972e-09,0.03076974129676819,39922.7852742672,700000
39.602097,-0.3447059,-7.6031785,0.06291753,1.0,0.9992409,0.48535156,0.003404426,-19.712784,-19.729946,-2.1544857,1212.0577,3.042642,3.361433e-05,1.1754932,-0.7086393,18.476555,0.9991751,0.40429688,0.003471525,-19.296223,-19.31285,-2.2830415,169.0592,1.668956,8.439721e-05,55.013832,-0.4419123,-7.6598825,0.07709362,1.0,0.9990244,0.09277344,0.0054047112,-15.017232,-15.027569,-4.4433603,33.3192,0.077578835,2.2086982e-13,0.9990158,0.087890625,0.005422943,-14.817601,-14.827766,-4.419793,38.51386,0.11093137,2.9044298e-10,0.3988591187953949,41917.08087134361,705000
46.51819,-0.3690442,-7.6135073,0.06549986,1.0,0.9992008,0.44140625,0.0034718155,-19.420658,-19.437424,-2.2687697,226.06102,2.1265788,6.540826e-05,1.1604259,-1.448277,18.71568,0.99916077,0.39257812,0.003540385,-19.281528,-19.298103,-2.3258023,81.82665,1.8076835,0.00015693829,57.503044,-0.43206817,-7.669076,0.079391904,1.0,0.99901867,0.109375,0.005353609,-15.008588,-15.019075,-4.2805247,383.64532,0.59481716,1.9443712e-10,0.9990034,0.08984375,0.0054211607,-14.713774,-14.72398,-4.2728777,94.97051,0.36903518,2.0950222e-09,0.03953787899017334,42114.77026772499,710000
39.42615,-0.36199367,-7.592177,0.060167212,1.0,0.9991951,0.453125,0.003506819,-19.229927,-19.24651,-2.2645736,151.1439,1.8898888,4.4710992e-05,1.9046439,-3.1188707,18.204027,0.9991436,0.39257812,0.0035965336,-18.922783,-18.938986,-2.3489032,737.57117,2.523236,7.552752e-05,48.594067,-0.43111908,-7.6685185,0.079252616,1.0,0.9990053,0.103515625,0.0053905705,-15.083778,-15.094274,-4.348529,1189.8171,1.6728938,3.325586e-13,0.99899673,0.07910156,0.005346303,-14.683854,-14.69402,-4.284582,478.87296,0.8513,2.2734671e-08,0.03953156328201294,42312.4280872345,715000
46.789097,-0.30260438,-7.6010485,0.062384948,1.0,0.99919987,0.4423828,0.003500227,-19.220959,-19.237509,-2.2910166,226.38182,1.928113,2.0400783e-05,3.5578778,-4.2061167,26.417194,0.99915886,0.37695312,0.0035445592,-18.913326,-18.929483,-2.383075,107.776634,1.3857229,4.60019e-05,55.420074,-0.37635678,-7.677822,0.08157853,1.0,0.9990082,0.10253906,0.0053156223,-15.337037,-15.347822,-4.3029833,162.22829,0.18391217,2.1470126e-09,0.9989977,0.083984375,0.0053307777,-15.096866,-15.107437,-4.282341,42.736897,0.17826492,2.1418202e-07,0.04294405484199524,42527.148369550705,720000
47.439156,-0.32665116,-7.6101,0.06464789,1.0,0.999218,0.46191406,0.0033919872,-19.568947,-19.585987,-2.1367307,848.21454,2.985835,2.1018324e-05,2.3414216,-3.023795,26.251154,0.999135,0.38964844,0.0035477676,-19.426895,-19.443594,-2.3431978,214.18199,1.8145051,0.00017084282,59.99676,-0.38492113,-7.6577063,0.076549605,1.0,0.99901485,0.095703125,0.0053348774,-15.09387,-15.104369,-4.35437,246.52913,0.28309363,1.982231e-08,0.99901104,0.07714844,0.0053886,-14.765106,-14.775265,-4.37214,263.92917,0.7586971,2.0085092e-07,0.04834962568283081,42768.89649987221,725000
43.58456,-0.36206862,-7.5949793,0.06086786,1.0,0.99919796,0.44433594,0.0034643933,-19.526312,-19.54317,-2.2796228,230.08163,1.8599516,3.678359e-05,4.7936344,-3.5736232,26.746746,0.9991503,0.3935547,0.0035491234,-19.223099,-19.239605,-2.3350391,120.19013,1.6146239,6.136059e-05,53.068237,-0.3871036,-7.6594486,0.076985046,1.0,0.99901485,0.10546875,0.0053010667,-15.308077,-15.318844,-4.2934775,688.9539,0.63263154,4.3098447e-10,0.99900913,0.09863281,0.005336621,-15.054706,-15.065169,-4.349595,1027.1974,1.2012541,7.84305e-07,0.041394186162948605,42975.86743235588,730000
38.353172,-0.41551754,-7.601065,0.06238926,1.0,0.99919033,0.4248047,0.003581085,-19.322699,-19.339321,-2.317256,24742.404,14.478814,3.052519e-05,1.2332647,-1.2074379,15.832553,0.99914074,0.3564453,0.0036832953,-19.009106,-19.025314,-2.4266386,97.54331,1.5991988,6.791538e-05,47.191097,-0.46945608,-7.627572,0.06901596,1.0,0.9990158,0.08984375,0.0055044293,-15.277834,-15.288386,-4.4820747,721.6306,1.1673111,3.5425146e-12,0.9990053,0.080078125,0.0054895133,-14.986897,-14.997191,-4.45584,209.86934,0.25940174,2.2165352e-13,0.03955501503944397,43173.64250946045,735000
50.123074,-0.31273624,-7.603176,0.06291688,1.0,0.9991951,0.45117188,0.003472729,-19.40858,-19.425375,-2.2294683,2592.9114,3.986155,6.3505024e-05,2.2123272,-2.2214684,27.694296,0.99913406,0.3798828,0.003565638,-19.222769,-19.23919,-2.4253702,32.87693,1.1395714,0.0001333779,62.74489,-0.34729016,-7.684699,0.08329776,1.0,0.9990082,0.099609375,0.005294338,-15.146507,-15.157171,-4.2377367,274.40536,0.4260748,1.6588913e-07,0.9990053,0.09082031,0.005307133,-15.079003,-15.089516,-4.32428,317.1814,0.43475437,5.2181615e-08,0.039546434354782105,43371.37468671799,740000
54.907616,-0.33546978,-7.6019297,0.062605396,1.0,0.99921036,0.45410156,0.00340482,-19.622723,-19.639782,-2.1722763,751.40906,2.412256,7.04966e-05,4.9412985,-8.285785,36.956314,0.9991417,0.38183594,0.0035484151,-19.262917,-19.279465,-2.3357477,219.27591,1.6949656,0.00019039202,59.62214,-0.4077561,-7.661,0.077372864,1.0,0.99902344,0.11816406,0.005326495,-15.172247,-15.182911,-4.2615647,383.09598,0.78369427,1.3855704e-13,0.999012,0.08984375,0.005344311,-14.9129,-14.923283,-4.2910676,167.4367,0.321675,8.4324185e-08,0.03956977639198303,43569.22357034683,745000
38.32679,-0.38949955,-7.6099463,0.064609505,1.0,0.99923706,0.46289062,0.0034225862,-19.890553,-19.907831,-2.2160566,301.3049,2.3214955,0.00015468079,0.613524,-1.264407,14.34571,0.99915695,0.39453125,0.003527096,-19.439945,-19.456669,-2.3303344,123.59576,1.5734423,0.00026319516,59.559692,-0.3881973,-7.6873045,0.083949186,1.0,0.99901104,0.09082031,0.0054230522,-15.227537,-15.238117,-4.4052124,421.79538,0.56184316,3.4433394e-09,0.99900436,0.09375,0.005530852,-14.908958,-14.919173,-4.4588003,25.148241,0.11927263,2.6194732e-10,0.039548358392715456,43766.965368032455,750000
44.54241,-0.28411037,-7.60822,0.06417808,1.0,0.9991865,0.43945312,0.0035223553,-19.350471,-19.367155,-2.2825122,274.3547,2.2628486,1.3248711e-05,0.7340482,-0.8785295,15.436005,0.9991436,0.37890625,0.003586854,-19.077198,-19.093472,-2.4276786,562.33966,1.9894854,0.00011197129,64.42941,-0.34239814,-7.670444,0.07973398,1.0,0.9990101,0.10449219,0.0053606653,-15.24312,-15.25384,-4.2764125,947.6885,0.7618518,1.0723788e-06,0.9990101,0.08105469,0.0053558666,-14.948519,-14.958879,-4.350442,182.15897,0.3832637,1.5697646e-08,0.033402445125579834,43933.977595329285,755000
38.64718,-0.43946093,-7.610051,0.06463571,1.0,0.99922276,0.45898438,0.003418874,-19.601448,-19.618465,-2.192894,99.67619,2.0324502,0.00010153456,1.887272,-2.892736,24.006618,0.99916553,0.42578125,0.0034455326,-19.305172,-19.32187,-2.2236228,102.064125,1.6983242,0.0002555387,52.444565,-0.4749052,-7.643284,0.072944015,1.0,0.9990244,0.099609375,0.0052823615,-15.25156,-15.262247,-4.3196225,91.06833,0.15341672,1.0322775e-10,0.9990225,0.099609375,0.0053272564,-14.906863,-14.917199,-4.333635,123.29366,0.22417285,2.4073286e-14,0.02995141234397888,44083.73465871811,760000
44.213585,-0.3502713,-7.6054897,0.06349534,1.0,0.9992132,0.4921875,0.0033250307,-20.09315,-20.110785,-2.0522199,183.77985,2.3854558,7.39687e-05,0.9213436,-1.7094353,20.263569,0.99914646,0.40722656,0.003449136,-19.939857,-19.957188,-2.2123413,93.0184,1.71194,2.136174e-05,54.26905,-0.40472633,-7.672708,0.08030003,1.0,0.9990158,0.10546875,0.005319519,-15.264847,-15.275563,-4.301933,259.13922,0.4526502,4.054878e-09,0.9990177,0.08691406,0.005321564,-15.053152,-15.063675,-4.288506,1651.7596,1.8379765,1.0966731e-08,0.022025650119781495,44193.86291074753,765000
42.754196,-0.367932,-7.5913773,0.059967227,1.0,0.9992218,0.4482422,0.0034443121,-19.54826,-19.56523,-2.188418,125.839005,2.1677866,1.0491043e-05,1.0634234,-1.77138,18.094597,0.9991617,0.4033203,0.0035314888,-19.294132,-19.310751,-2.2912388,122.729805,2.0078888,3.4428078e-05,59.408676,-0.36159936,-7.6424704,0.07274055,1.0,0.9990101,0.119140625,0.005373039,-15.408339,-15.419108,-4.3897057,1175.4279,1.0545002,5.293745e-13,0.9989996,0.1015625,0.005389153,-15.112342,-15.122813,-4.3997164,32.587807,0.1972594,1.2316628e-10,0.022003871536254882,44303.882273197174,770000
52.84459,-0.31991982,-7.6157417,0.0660585,1.0,0.9992008,0.45703125,0.0035161786,-19.552742,-19.56968,-2.227182,738.04083,2.8092833,9.547563e-05,1.9812872,-1.1040822,20.531076,0.9991646,0.40722656,0.003545219,-19.189005,-19.20551,-2.3046966,114.8693,1.9146287,0.00011025216,51.695908,-0.37341857,-7.662444,0.07773398,1.0,0.99902534,0.12207031,0.005327088,-15.11392,-15.12443,-4.3619843,83.37909,0.17861784,1.0207465e-08,0.9990072,0.10058594,0.005341159,-14.886813,-14.897111,-4.351772,116.212425,0.20516011,8.8367524e-10,0.022011966419219972,44413.94210720062,775000
39.48572,-0.38491887,-7.61168,0.06504299,1.0,0.99920845,0.44140625,0.0034816551,-19.654888,-19.671923,-2.229283,812.1369,2.5433226,6.180263e-05,2.2227843,-2.4678187,20.460552,0.9991722,0.39941406,0.0034905071,-19.343948,-19.360634,-2.273713,91.03272,1.7803712,6.224935e-05,55.217827,-0.43007705,-7.6542964,0.07569708,1.0,0.9990244,0.10546875,0.0054241046,-15.156048,-15.166505,-4.457956,362.48895,0.26903304,2.1545075e-09,0.99899864,0.08886719,0.0054594968,-15.010679,-15.020996,-4.45617,53.685394,0.17273353,6.709923e-11,0.022021179485321046,44524.048006772995,780000
51.716614,-0.29765037,-7.610362,0.06471355,1.0,0.99923325,0.46289062,0.003356827,-19.960943,-19.97846,-2.0430148,209.83932,2.8127637,2.5169381e-06,1.5926999,-2.895511,19.036722,0.9991646,0.4189453,0.0034625707,-19.695576,-19.712645,-2.234863,180.18646,1.9916763,1.9008976e-06,55.20758,-0.4144997,-7.65659,0.07627042,1.0,0.9990101,0.11621094,0.0054141427,-15.246219,-15.256822,-4.399457,1123.5651,1.4348422,1.2424355e-11,0.9990063,0.08300781,0.0053921198,-15.032911,-15.043336,-4.368668,422.73187,0.70454586,2.9144436e-08,0.02201543855667114,44634.125203847885,785000
43.592392,-0.32892302,-7.5963564,0.061212152,1.0,0.9992132,0.44433594,0.00344418,-19.706657,-19.7238,-2.1700828,638.4464,2.7698107,0.00012991225,1.8268045,-1.8943624,19.186005,0.9991636,0.3857422,0.0035067517,-19.37872,-19.395422,-2.2920847,397.36703,1.9846194,0.00016891817,53.11183,-0.36054593,-7.6724043,0.080224,1.0,0.99901295,0.10839844,0.005336632,-15.1951275,-15.205817,-4.2592907,1424.0769,1.2089376,2.7037123e-10,0.9990015,0.08886719,0.0053544384,-14.948542,-14.958943,-4.3076096,84.30503,0.20627159,5.362965e-09,0.02202923493385315,44744.271379709244,790000
41.63159,-0.3510871,-7.593768,0.060565047,1.0,0.99925804,0.48339844,0.0033388438,-19.988884,-20.006422,-2.046399,6466.6665,5.413205,1.4033386e-05,1.1222196,-1.4683656,15.277878,0.999176,0.41015625,0.003410399,-19.846863,-19.86414,-2.173706,112.27365,2.0207734,8.0406215e-05,57.912994,-0.35504034,-7.661471,0.0774907,1.0,0.99901295,0.11035156,0.005229806,-15.247402,-15.258261,-4.139529,1381.5164,1.5798205,2.5679167e-10,0.9990139,0.10058594,0.005205505,-15.057574,-15.068192,-4.1953497,671.4247,1.4649994,4.9188582e-08,0.02202307686805725,44854.38676953316,795000
47.635246,-0.2854802,-7.6078796,0.06409289,1.0,0.99919987,0.45703125,0.0033811461,-19.890923,-19.908285,-2.1299982,671.9262,2.6134677,6.5686436e-05,1.2611635,-1.5558468,17.985897,0.999156,0.41210938,0.0034688357,-19.58276,-19.599686,-2.2660918,709.1871,2.3899362,0.00013672067,67.5456,-0.3392778,-7.6650157,0.078376874,1.0,0.9990177,0.09375,0.005401985,-15.175443,-15.185948,-4.4281044,1666.0646,1.1235236,1.7039987e-12,0.999012,0.08984375,0.005425662,-14.972932,-14.9831915,-4.4773893,50.86868,0.1555213,3.4812034e-10,0.022011770582199098,44964.445623874664,800000
39.384544,-0.36775154,-7.609604,0.06452402,1.0,0.99922085,0.47460938,0.0033684243,-19.920036,-19.937447,-2.10997,1107.4441,2.4228234,0.00017204719,2.4819255,-2.749211,19.758818,0.9991579,0.39257812,0.003510541,-19.489246,-19.50607,-2.2782192,70.01482,1.5398676,0.00022034443,47.63894,-0.48588812,-7.6430893,0.07289532,1.0,0.9990063,0.095703125,0.0053794933,-15.0285015,-15.038977,-4.311598,1068.4689,1.1086738,2.9177127e-09,0.9989786,0.078125,0.0054722503,-14.647417,-14.657487,-4.345235,30.306572,0.15173343,3.620956e-10,0.3881519452571869,46905.20535373688,805000
44.5271,-0.34222537,-7.588501,0.059248306,1.0,0.9992142,0.4501953,0.0034071268,-20.093529,-20.111078,-2.1412728,376.27734,2.4890714,4.8821465e-05,1.050825,-0.83813053,16.340591,0.9991455,0.39257812,0.0034558661,-19.66192,-19.678892,-2.3006046,85.18068,1.4437194,0.00012633819,57.82571,-0.38448754,-7.6744404,0.080733076,1.0,0.9990063,0.103515625,0.0053674513,-15.331953,-15.342729,-4.3088975,395.0467,0.7738849,1.8995899e-11,0.999012,0.0859375,0.005380422,-15.123331,-15.133841,-4.371619,59.19885,0.17493302,5.841776e-09,0.039557141399383544,47102.991062641144,810000
42.092777,-0.39783815,-7.6017246,0.06255421,1.0,0.9991808,0.44433594,0.003528556,-19.558779,-19.575678,-2.2705297,401.33966,2.1026082,2.5183415e-05,1.0396808,-0.99978936,18.59123,0.9991493,0.38085938,0.0035713096,-19.299122,-19.315748,-2.2893429,335.45694,2.1446323,3.056259e-05,52.935272,-0.4041254,-7.6797223,0.08205354,1.0,0.99900246,0.11230469,0.0053094076,-15.262196,-15.272984,-4.226489,431.07343,0.843963,3.0522045e-07,0.9989977,0.09375,0.0053707575,-15.075723,-15.086233,-4.3227916,130.03568,0.25516087,2.0024032e-10,0.0395655170917511,47300.81865024567,815000
46.103844,-0.29373032,-7.599271,0.061940655,1.0,0.9992237,0.4658203,0.0034351193,-19.734459,-19.751646,-2.1529503,1221.0084,3.6972008,2.600962e-05,1.7586166,-1.2382656,19.980347,0.9991627,0.38867188,0.0035249926,-19.675034,-19.691975,-2.343079,221.90933,2.127584,0.00016926778,59.944984,-0.34205264,-7.666636,0.078781925,1.0,0.9990072,0.1171875,0.005293352,-15.106354,-15.117006,-4.2090244,521.8516,0.90305865,1.376202e-09,0.998991,0.09667969,0.0053336723,-14.973362,-14.98382,-4.2752934,155.17267,0.30249143,1.4753241e-06,0.04152474069595337,47508.4423558712,820000
46.889687,-0.33956742,-7.608406,0.06422457,1.0,0.99919605,0.45898438,0.0034680218,-19.705006,-19.722128,-2.1881225,674.6001,2.6362257,0.00023455678,0.87906045,-1.1538516,17.646837,0.999135,0.38867188,0.0035964232,-19.36899,-19.385662,-2.3114052,102.66876,1.745306,9.2300186e-05,54.97055,-0.39953673,-7.650576,0.07476702,1.0,0.9990053,0.09765625,0.005400361,-15.333883,-15.344583,-4.3892627,392.9253,0.6841965,5.9379373e-09,0.9990101,0.08300781,0.0054168794,-15.100916,-15.111353,-4.424284,134.01314,0.25564128,4.2917347e-07,0.048338812828063966,47750.13642525673,825000
42.6279,-0.36521238,-7.610733,0.064806245,1.0,0.99923134,0.4794922,0.0033234176,-20.279837,-20.297634,-2.0730886,189.26044,2.4214363,8.316858e-05,0.75142694,-1.1247504,14.767353,0.99914455,0.40820312,0.0034292429,-19.763412,-19.780567,-2.215514,300.3964,2.1512213,0.00020192059,54.22625,-0.4293543,-7.661027,0.077379815,1.0,0.9990053,0.09472656,0.0054166457,-15.300055,-15.310814,-4.2923985,4358.8306,5.362332,1.0809987e-10,0.9989891,0.072265625,0.005422067,-14.96497,-14.975377,-4.318136,200.32529,0.39808685,1.3697378e-07,0.048353758716583255,47991.90522122383,830000
46.868126,-0.34656674,-7.621113,0.06740119,1.0,0.99922466,0.48242188,0.0033432492,-20.289425,-20.307234,-2.0682695,199.90782,2.0620809,0.0001353729,1.3456103,-0.8926211,16.262238,0.99914837,0.38183594,0.0034902673,-20.13379,-20.15133,-2.185604,1312.0563,3.5402384,0.00029290866,60.030884,-0.3462302,-7.6509476,0.074859925,1.0,0.9990063,0.111328125,0.005402432,-15.177606,-15.188229,-4.3109426,4271.87,2.7183132,2.6540055e-12,0.99901104,0.08984375,0.0054398607,-14.850181,-14.860426,-4.369428,233.2799,0.37755644,1.8857835e-07,0.04836551008224487,48233.73277616501,835000
46.68706,-0.3674826,-7.6064463,0.063734464,1.0,0.9992037,0.48242188,0.0033437964,-20.06083,-20.078379,-2.106722,379.65604,2.2680814,3.8285703e-05,0.931192,-1.0961909,14.789814,0.99914837,0.4091797,0.0034255362,-19.658188,-19.675194,-2.2623158,1260.8936,2.6526272,0.00038527243,55.01795,-0.3966497,-7.647521,0.07400313,1.0,0.999012,0.10546875,0.005352075,-15.242672,-15.253369,-4.2984905,225.37456,0.5287326,9.6998425e-12,0.99900913,0.09863281,0.0053764204,-15.04995,-15.060436,-4.3210235,403.2811,0.8769225,6.4702476e-07,0.04677683653831482,48467.61696076393,840000
45.17415,-0.32000113,-7.5938935,0.060596354,1.0,0.99922466,0.43847656,0.0035489935,-19.590122,-19.607027,-2.2957706,718.87555,2.575329,2.353135e-05,3.4816186,-1.6033769,21.618313,0.9991503,0.39160156,0.0035974383,-19.433884,-19.450552,-2.382948,74.36052,1.8479228,3.4013257e-05,61.502125,-0.36891407,-7.661976,0.07761685,1.0,0.9990196,0.09765625,0.00537814,-15.287375,-15.29803,-4.3877354,188.5688,0.36274123,5.208729e-10,0.99901867,0.08496094,0.0053438684,-15.136765,-15.147256,-4.4038343,407.88583,0.4698064,6.303194e-12,0.03957169637680054,48665.4754486084,845000
41.025948,-0.35869515,-7.602565,0.06276411,1.0,0.99922466,0.48046875,0.0032905177,-20.56588,-20.584057,-1.9704027,548.04755,3.0205672,0.00017397582,1.2677022,-1.1997408,13.94512,0.99916077,0.41503906,0.0033597178,-20.111162,-20.128794,-2.073828,61.987637,1.8540182,1.4648423e-05,58.63574,-0.32898352,-7.6683574,0.07921239,1.0,0.9990082,0.10058594,0.0053877393,-15.403723,-15.414596,-4.282003,1297.2905,2.3159585,4.262431e-13,0.9990034,0.08300781,0.0053551695,-15.186537,-15.197109,-4.3717194,31.48242,0.106498376,1.7006399e-10,0.03958121490478515,48863.381524562836,850000
51.58641,-0.34526992,-7.598567,0.061764628,1.0,0.9992037,0.4638672,0.003445535,-19.982777,-20.000174,-2.1856003,1092.5839,2.546174,3.7105547e-05,1.3864383,-1.2393283,18.602379,0.99914074,0.40234375,0.0035324222,-19.638412,-19.655315,-2.3447487,664.68414,2.1909723,0.00011651325,65.76417,-0.28849554,-7.6777906,0.081570655,1.0,0.99899006,0.09375,0.005423965,-15.37015,-15.380955,-4.3157916,193.23857,0.36442453,3.7309025e-08,0.9990139,0.083984375,0.0054575168,-15.232148,-15.24268,-4.4574494,96.07849,0.17391977,1.1293613e-08,0.038034303617477415,49053.553044080734,855000
45.630566,-0.34324747,-7.5921383,0.060157508,1.0,0.99921227,0.45703125,0.0034234072,-20.08952,-20.10706,-2.1445112,1400.3063,3.3325872,2.9957353e-06,2.0721185,-1.4086488,22.712776,0.9991417,0.3935547,0.0035600825,-19.73016,-19.747194,-2.303514,186.667,1.7085944,7.125226e-05,52.746353,-0.4490071,-7.678395,0.081721656,1.0,0.99901295,0.11328125,0.0053156405,-15.465452,-15.47645,-4.2134924,6824.743,5.560429,4.518919e-10,0.9989939,0.09082031,0.0053848075,-15.21118,-15.221887,-4.2571974,243.23802,0.6294188,3.6805003e-12,0.029920531177520752,49203.15570163727,860000
44.907845,-0.306127,-7.596675,0.061291695,1.0,0.99924564,0.47460938,0.0033465344,-20.0997,-20.117329,-2.0667613,887.5252,3.7287154,0.00010248434,1.5509925,-1.1376619,20.115505,0.99915886,0.40625,0.0034806496,-19.869734,-19.886925,-2.2858095,170.05789,2.0001898,0.00038330018,54.563496,-0.4032414,-7.6565447,0.076259054,1.0,0.9990101,0.119140625,0.00526338,-15.504434,-15.515495,-4.1876593,116.457886,0.5491585,3.5517875e-10,0.9990158,0.091796875,0.0052822535,-15.223543,-15.234242,-4.277605,45.435566,0.20986462,4.1403244e-12,0.022026067113876342,49313.28604030609,865000
54.74059,-0.30070543,-7.596384,0.061218943,1.0,0.9992218,0.45996094,0.0034022387,-19.79174,-19.809029,-2.105038,990.53235,3.0097675,1.4514024e-05,1.0335711,-1.4849315,20.82418,0.99914837,0.39160156,0.0035179635,-19.728502,-19.74553,-2.3098946,569.09485,2.2323563,0.00020905408,53.095104,-0.3966581,-7.686761,0.08381324,1.0,0.99902153,0.091796875,0.0053377836,-14.909345,-14.919699,-4.3169193,120.39909,0.24357344,3.3545075e-10,0.9990206,0.09277344,0.0053848717,-14.699537,-14.709632,-4.3716364,502.87238,0.6054983,2.1098776e-07,0.02202028307914734,49423.38745737076,870000
44.015144,-0.37347344,-7.5943756,0.060716864,1.0,0.9992275,0.44726562,0.003479467,-20.163435,-20.181051,-2.1431317,707.23346,2.3690133,0.00014808752,0.96420145,-1.6265826,15.893749,0.9991579,0.39160156,0.0035226862,-19.715828,-19.732994,-2.1528716,428.39584,2.3099642,3.3775093e-05,58.155483,-0.36818308,-7.6543045,0.075699106,1.0,0.9990034,0.10546875,0.0053313198,-15.232475,-15.243194,-4.268263,843.3032,0.8344549,2.6991406e-11,0.99898434,0.095703125,0.0053868066,-15.09534,-15.105928,-4.2629595,431.34772,0.8254448,1.6706789e-10,0.02202030544281006,49533.48898625374,875000
37.550797,-0.35122734,-7.594852,0.060835943,1.0,0.9992361,0.4638672,0.003415103,-20.277088,-20.294794,-2.1625357,289.2542,2.679266,9.390314e-05,0.84652114,-0.6803012,14.232124,0.99915504,0.39648438,0.0034791087,-19.989914,-20.007221,-2.2846253,147.59155,2.2241237,2.007793e-05,58.45507,-0.4032452,-7.660991,0.07737083,1.0,0.9990158,0.11035156,0.00540841,-15.245915,-15.256498,-4.4203033,138.55962,0.43853903,4.1292179e-13,0.99901104,0.087890625,0.0054266416,-15.015244,-15.025551,-4.4702826,27.45522,0.10674517,2.7323781e-12,0.02201691541671753,49643.57356476784,880000
43.029705,-0.35113987,-7.604161,0.06316308,1.0,0.99922943,0.4716797,0.0032956812,-20.497168,-20.515244,-2.0057144,788.8326,3.0636759,0.00010845325,0.80789155,-1.8137119,21.32439,0.9991522,0.41601562,0.0033921115,-20.355677,-20.373478,-2.144603,248.54361,2.4466324,6.1155704e-05,69.41466,-0.3068541,-7.652822,0.075328454,1.0,0.9990015,0.09277344,0.0053652744,-15.411655,-15.422526,-4.2901473,11991.182,11.811883,8.848597e-09,0.99900246,0.06933594,0.005393211,-15.323679,-15.334347,-4.410199,222.39969,0.64492285,7.2603726e-08,0.022025827169418335,49753.70270180702,885000
43.036327,-0.41229004,-7.594865,0.060839042,1.0,0.9991951,0.4345703,0.0035020043,-19.789131,-19.806223,-2.3020048,210.19223,1.6073222,0.00010570266,1.5466774,-1.0834497,17.898043,0.9991522,0.3779297,0.0035907633,-19.58352,-19.600325,-2.3891807,155.30533,1.570909,0.00015392485,62.1574,-0.4152267,-7.663859,0.07808763,1.0,0.99901867,0.10839844,0.005343287,-15.250038,-15.260718,-4.324057,3639.6477,3.0181203,1.9280994e-14,0.99901104,0.091796875,0.0053631933,-15.010538,-15.02094,-4.369444,1544.0315,1.6542447,1.447601e-07,0.022022127103805543,49863.81334090233,890000
38.225494,-0.38973662,-7.5983834,0.061718844,1.0,0.9992161,0.44726562,0.0035638139,-19.723818,-19.74089,-2.2573295,715.6083,3.232286,2.1981963e-05,1.7215086,-2.533616,18.839449,0.9991627,0.3857422,0.0036303066,-19.554226,-19.571053,-2.3400226,150.17406,1.9962544,1.8864745e-05,52.92476,-0.42398116,-7.669863,0.07958877,1.0,0.99901867,0.10546875,0.005375578,-15.289191,-15.299869,-4.3662395,241.98354,0.41174215,3.9261443e-09,0.9990063,0.080078125,0.005404951,-15.181173,-15.19179,-4.3208485,118.32196,0.3079514,2.896784e-10,0.022023574066162108,49973.93121290207,895000
52.615616,-0.28272244,-7.5986624,0.061788607,1.0,0.99923897,0.4482422,0.0034445755,-20.07366,-20.091173,-2.1593447,611.71936,3.0032039,4.369826e-05,2.2269022,-2.6426451,24.052155,0.9991741,0.40722656,0.003527694,-19.699387,-19.716402,-2.2935882,188.52565,2.2890112,5.156004e-05,50.29975,-0.45723215,-7.68016,0.08216296,1.0,0.99901295,0.10253906,0.0053768065,-15.351976,-15.362721,-4.359899,59.708458,0.2254703,1.2270417e-13,0.9990063,0.08105469,0.005402359,-15.254618,-15.265287,-4.3398085,429.79968,1.4851348,1.6790246e-08,0.02202410225868225,50084.05172872543,900000
43.83465,-0.37400484,-7.590518,0.059752554,1.0,0.999238,0.46191406,0.003473807,-19.816376,-19.833658,-2.1384158,885.88635,3.3386269,4.7400277e-05,0.8383701,-0.9779826,13.988549,0.999156,0.38476562,0.0035443224,-19.530437,-19.547321,-2.2585952,276.13177,2.4579368,3.986138e-06,60.908577,-0.33167493,-7.6461463,0.07365952,1.0,0.9990263,0.10253906,0.0053579346,-15.101379,-15.111912,-4.326556,258.70758,0.34801444,4.3879496e-09,0.9990196,0.09472656,0.0053728735,-14.907207,-14.917499,-4.379497,66.3186,0.22942138,3.3831878e-08,0.36787074937820435,51923.40547776222,905000
38.461052,-0.36667556,-7.599618,0.062027503,1.0,0.9992094,0.44433594,0.0035211681,-20.068245,-20.085678,-2.2335272,963.77673,2.5997777,1.4091953e-05,2.6571233,-1.0332179,20.36555,0.9991255,0.39160156,0.0035983836,-19.795277,-19.812313,-2.3671932,57.45568,1.5815746,2.1641368e-05,64.59981,-0.2906409,-7.6655827,0.07851862,1.0,0.9989805,0.095703125,0.0055625634,-15.584406,-15.59536,-4.378702,1790.902,2.705257,2.5552244e-13,0.99900055,0.08300781,0.0054211942,-15.375107,-15.385789,-4.4474516,553.7115,0.6498206,2.9514677e-14,0.03957624130249023,52121.2866859436,910000
48.111336,-0.30300042,-7.5847626,0.058313567,1.0,0.99922466,0.4638672,0.0033321064,-20.313896,-20.331795,-2.0070562,1230.1978,3.5998178,0.0001399585,1.4878725,-1.0602032,20.25579,0.999156,0.3876953,0.0034552338,-20.072647,-20.09011,-2.2062278,233.07288,2.0719824,6.7866463e-06,65.776474,-0.27471113,-7.6680593,0.079137854,1.0,0.9990158,0.10253906,0.005303405,-15.2534485,-15.264178,-4.2770452,775.91003,0.7015649,1.3336891e-07,0.99901867,0.09277344,0.0053115413,-15.065352,-15.075814,-4.363332,72.31403,0.224217,8.557588e-11,0.0395634614944458,52319.1039955616,915000
48.993027,-0.37021503,-7.599001,0.06187323,1.0,0.99921227,0.45507812,0.0034822305,-19.8381,-19.855291,-2.2512608,216.21178,2.0598216,0.0001327724,2.8041494,-1.9576082,22.276829,0.9991398,0.38671875,0.0035726065,-19.667957,-19.684885,-2.351557,205.84799,2.0926652,0.00010562759,51.723797,-0.41795743,-7.6612372,0.07743223,1.0,0.9990206,0.123046875,0.005277163,-15.297053,-15.307827,-4.275583,794.139,0.6067025,5.518577e-12,0.9989948,0.103515625,0.005365977,-15.205122,-15.215739,-4.343732,1331.3906,1.5422862,2.7688825e-08,0.0432632306098938,52535.42015004158,920000
49.985344,-0.3005328,-7.6153917,0.06597093,1.0,0.999218,0.49121094,0.003270065,-20.557327,-20.575502,-1.9641227,359.4837,2.8685617,0.00012559014,1.0142602,-2.0639646,19.330458,0.9991789,0.4296875,0.003372819,-20.290417,-20.30817,-2.1278245,252.97313,2.5138128,0.00018779884,62.4139,-0.34770867,-7.6525946,0.07527159,1.0,0.9990072,0.11230469,0.005314766,-15.5721035,-15.583125,-4.2964582,150.06982,0.32451305,2.419022e-12,0.99900055,0.0859375,0.0054335897,-15.529843,-15.540732,-4.390437,692.98413,1.2444996,2.234247e-10,0.04835464272499084,52777.193365335464,925000
43.521793,-0.34777114,-7.592163,0.060163714,1.0,0.9992199,0.4482422,0.0034012296,-20.1585,-20.17617,-2.0806575,531.27026,2.7807868,8.9400026e-05,1.1107733,-1.4807811,19.14898,0.99915695,0.38867188,0.0034984485,-19.805058,-19.822187,-2.2814388,207.3445,1.8058541,2.4222581e-05,49.52133,-0.36400846,-7.670744,0.0798088,1.0,0.99900246,0.11425781,0.005426402,-15.288596,-15.2993555,-4.282292,556.48413,1.045022,9.730541e-13,0.99900246,0.09863281,0.0054442515,-15.001621,-15.01206,-4.321925,150.26303,0.5438832,3.7641645e-10,0.048360336685180666,53018.995052576065,930000
40.63602,-0.35443705,-7.5978346,0.061581574,1.0,0.99923325,0.48046875,0.0034177525,-20.17875,-20.196384,-2.1388216,817.1284,3.0970986,7.198128e-05,1.8454056,-1.7645972,17.61649,0.99916553,0.40039062,0.0035079946,-19.855402,-19.87258,-2.2828941,412.74445,2.5199013,4.3345462e-05,56.630104,-0.3583914,-7.6449203,0.0733531,1.0,0.99901485,0.11816406,0.0052789166,-15.526385,-15.537435,-4.2224674,2140.512,2.247635,2.5450344e-09,0.99901485,0.10839844,0.0052473363,-15.363635,-15.374499,-4.2487526,20.842962,0.12915921,1.089711e-06,0.04836541638374329,53260.82213640213,935000
41.551956,-0.34767866,-7.617944,0.066608906,1.0,0.999218,0.4580078,0.0033576558,-20.566603,-20.584696,-2.0588646,266.39078,2.8004498,0.00021317588,1.5599293,-4.00626,23.035076,0.9991598,0.3935547,0.0034196768,-20.236425,-20.25407,-2.1858926,130.57219,1.8853564,0.00027562972,57.78415,-0.38163847,-7.666526,0.07875444,1.0,0.9990206,0.11328125,0.005294144,-15.416402,-15.427261,-4.3073816,132.13428,0.32642305,2.1306606e-14,0.9990072,0.10058594,0.0053612217,-15.212082,-15.222653,-4.39599,93.04356,0.19694576,1.4495618e-08,0.0483653977394104,53502.64912652969,940000
40.641663,-0.34884262,-7.60075,0.06231041,1.0,0.999218,0.45703125,0.0034373123,-20.34037,-20.358133,-2.1662753,183.5222,2.3695488,0.00016937176,2.3963115,-1.1986792,19.612041,0.9991455,0.38964844,0.0035118922,-19.913042,-19.930275,-2.283998,318.9644,2.024437,0.00034383967,58.214127,-0.39430243,-7.6642275,0.07817985,1.0,0.9990196,0.087890625,0.0054781456,-15.121489,-15.131898,-4.4724026,221.72456,0.371464,6.8617896e-11,0.99901676,0.07910156,0.005464396,-14.940273,-14.95051,-4.4676323,80.00076,0.20724778,9.536451e-11,0.04838991098403931,53744.59868264198,945000
52.855953,-0.29575437,-7.610079,0.06464262,1.0,0.99921227,0.4111328,0.0036446056,-19.587753,-19.604595,-2.3601203,1287.7689,3.5611243,0.00014267756,1.1454666,-2.1037111,24.613548,0.9991617,0.3642578,0.0036896532,-19.182922,-19.199276,-2.4506025,70.15477,1.6382422,5.9270467e-05,55.477592,-0.45287067,-7.6808224,0.082328565,1.0,0.99901104,0.11328125,0.00528942,-15.489944,-15.501002,-4.1790857,1759.4463,2.1457102,7.9470695e-08,0.9990053,0.09667969,0.0052420283,-15.205704,-15.216446,-4.216185,76.858215,0.33592397,5.918272e-06,0.04836806664466858,53986.4390206337,950000
49.04409,-0.37734908,-7.6034365,0.06298209,1.0,0.9992199,0.42871094,0.003504187,-20.122387,-20.13985,-2.2576995,240.75801,2.2900772,0.00011489924,1.1792396,-1.157461,18.418472,0.99915314,0.3935547,0.0035751427,-19.705133,-19.722057,-2.3933897,273.02722,1.9537266,0.00012105609,56.26784,-0.46511266,-7.6830482,0.08288501,1.0,0.9989958,0.09472656,0.0054358095,-15.270666,-15.281373,-4.3182,260.31302,0.74965566,3.7321197e-08,0.99900055,0.080078125,0.0053846026,-14.903521,-14.913902,-4.2837634,71.764084,0.14634717,1.4911127e-06,0.04657065830230713,54219.292314291,955000
50.495125,-0.30808878,-7.59558,0.061018027,1.0,0.99923706,0.46191406,0.0034025102,-20.395,-20.412874,-2.107842,1854.862,3.4957511,7.080026e-05,1.9744258,-1.777064,20.194157,0.9991827,0.40234375,0.0034239327,-19.976048,-19.993479,-2.1455884,163.23549,2.2024884,0.00014898932,58.307068,-0.38740763,-7.693884,0.08559394,1.0,0.9990072,0.115234375,0.0053811083,-15.376927,-15.387793,-4.2619286,2388.802,3.0749416,7.0638364e-08,0.9990034,0.091796875,0.0053484095,-15.16883,-15.179457,-4.297764,374.4122,0.501168,1.0873699e-10,0.027195648717880248,54355.27055978775,960000
50.689667,-0.32775098,-7.6031094,0.06290032,1.0,0.9992018,0.4453125,0.0034642085,-20.59277,-20.610785,-2.1657748,169.70697,2.542519,7.049694e-05,1.7776695,-1.1549789,18.518064,0.999135,0.38183594,0.0035663215,-20.176449,-20.193876,-2.3467302,1311.2307,2.9169319,0.00017165975,59.462616,-0.31167465,-7.6699677,0.07961486,1.0,0.9990196,0.107421875,0.0053633675,-15.230414,-15.241043,-4.3572865,258.27692,0.6057483,2.2674648e-08,0.99901485,0.091796875,0.0054222234,-15.195892,-15.206357,-4.489849,83.236,0.3866698,1.09283445e-13,0.022020565176010132,54465.37339115143,965000
41.938877,-0.32891756,-7.608121,0.06415319,1.0,0.9992151,0.46679688,0.0033942705,-20.309944,-20.327713,-2.1309962,354.2912,2.4171538,7.5080065e-06,1.8191344,-1.0663354,16.779863,0.9991598,0.41308594,0.0034711435,-19.857357,-19.874525,-2.295634,193.12178,1.9468987,8.9283674e-08,55.215416,-0.4394052,-7.647767,0.07406471,1.0,0.99902534,0.09863281,0.0054194434,-15.128876,-15.139348,-4.4161015,806.88916,0.59444195,2.7425558e-11,0.99901867,0.078125,0.0054207835,-14.9352455,-14.945541,-4.4035587,40.580566,0.11390075,3.6147476e-09,0.02203077516555786,54575.52726840973,970000
45.10363,-0.30506107,-7.592826,0.060329407,1.0,0.9992094,0.45898438,0.0033697495,-20.233889,-20.251627,-2.0886693,587.6105,2.9400635,3.3370685e-05,2.3274682,-1.8477412,19.1391,0.99915314,0.41503906,0.0034075258,-19.802101,-19.819284,-2.2215838,88.98919,1.7715675,3.1100833e-05,60.308517,-0.3859951,-7.6700935,0.07964642,1.0,0.9990177,0.1015625,0.0053747343,-15.477802,-15.4886875,-4.342338,1182.1437,1.0645154,1.7559522e-11,0.9990158,0.095703125,0.00540005,-15.2917795,-15.302422,-4.4057817,75.81367,0.20816284,7.554573e-09,0.022028717470169067,54685.67085671425,975000
48.599075,-0.36442566,-7.6125426,0.065258555,1.0,0.99922085,0.45703125,0.0034188991,-19.92448,-19.941835,-2.1684499,567.1408,2.929721,8.532481e-05,1.1958488,-0.8976105,20.215351,0.9991665,0.39746094,0.0034646136,-19.645624,-19.662655,-2.2215757,1646.765,3.7477088,2.421602e-05,55.864914,-0.36107498,-7.6831307,0.08290562,1.0,0.999012,0.10449219,0.0053737382,-15.382483,-15.393238,-4.3801594,900.7922,1.0881524,6.9033966e-13,0.99900436,0.08203125,0.0054676235,-15.077614,-15.088012,-4.440409,16.986397,0.08521508,6.479109e-09,0.022034064102172853,54795.841178655624,980000
50.210243,-0.32224312,-7.5953426,0.060958587,1.0,0.99923325,0.45996094,0.003383241,-20.305275,-20.323069,-2.1020648,186.39732,2.444719,4.4164015e-05,1.6603802,-1.1569161,19.709892,0.99915504,0.41210938,0.0034771932,-20.144108,-20.161623,-2.2278085,134.7028,2.2264574,6.638275e-05,53.502243,-0.39270088,-7.6603537,0.07721144,1.0,0.9989996,0.11035156,0.00531926,-15.49701,-15.508006,-4.247896,1500.2955,1.6891229,7.375354e-08,0.99898624,0.09765625,0.0053465827,-15.381365,-15.392215,-4.281456,150.81036,0.39652053,2.7810986e-08,0.022029551315307618,54905.988936424255,985000
51.881668,-0.2904085,-7.6051807,0.06341811,1.0,0.99922276,0.453125,0.0033767165,-20.649826,-20.66795,-2.1093817,161.49507,1.9606956,0.0002420608,1.3794754,-0.8397156,20.149311,0.99915123,0.39648438,0.0034840456,-20.369854,-20.38757,-2.2453039,1529.8075,2.9924562,7.257552e-05,60.81613,-0.34783494,-7.669925,0.07960426,1.0,0.9989834,0.10253906,0.005599226,-15.399779,-15.41053,-4.401517,1905.1558,3.189722,8.2069007e-10,0.9989824,0.07421875,0.0055296985,-15.186808,-15.197286,-4.4679666,2825.965,3.002242,4.8178713e-08,0.02202221145629883,55016.099997997284,990000
44.159134,-0.35661164,-7.603691,0.06304578,1.0,0.99922085,0.4892578,0.0033020088,-20.957756,-20.976227,-2.0611334,389.53564,2.6459448,0.00011313246,1.2756515,-0.71307606,16.633072,0.99918365,0.42578125,0.0033653784,-20.408937,-20.42681,-2.1277251,146.55028,1.8550155,0.0001249579,53.67531,-0.41332492,-7.6555185,0.07600266,1.0,0.999012,0.1015625,0.005383474,-15.333967,-15.344726,-4.3264704,1326.8219,2.3220134,8.7001994e-10,0.9990034,0.08496094,0.0054105385,-15.080437,-15.090913,-4.3632183,35.036945,0.145435,2.6443984e-13,0.022024347066879273,55126.22173476219,995000
43.028675,-0.3110143,-7.5996985,0.062047575,1.0,0.99923515,0.4970703,0.0032689362,-20.758057,-20.776438,-1.9527595,589.01654,3.3932652,0.00013658045,1.9476441,-1.9047319,21.346544,0.99916935,0.41503906,0.003366576,-20.346428,-20.364258,-2.1071355,130.85916,2.2106106,0.00025220873,58.21837,-0.4346164,-7.6785736,0.08176637,1.0,0.9990101,0.109375,0.005394216,-15.536462,-15.547383,-4.363736,410.95926,0.58030427,2.2903837e-09,0.9989996,0.08691406,0.0054274425,-15.291012,-15.301676,-4.381862,721.20715,0.890985,9.470074e-11,0.02202957158088684,55236.369594335556,1000000
