training/actor/actor_loss,training/actor/adv,training/actor/bc_log_prob,training/actor/mse,training/actor/std,training/critic/binary_accuracy,training/critic/categorical_accuracy,training/critic/contrastive_loss,training/critic/logits,training/critic/logits_neg,training/critic/logits_pos,training/critic/v_max,training/critic/v_mean,training/critic/v_min,training/grad/max,training/grad/min,training/grad/norm,training/value/binary_accuracy,training/value/categorical_accuracy,training/value/contrastive_loss,training/value/logits,training/value/logits_neg,training/value/logits_pos,training/value/v_max,training/value/v_mean,training/value/v_min,validation/actor/actor_loss,validation/actor/adv,validation/actor/bc_log_prob,validation/actor/mse,validation/actor/std,validation/critic/binary_accuracy,validation/critic/categorical_accuracy,validation/critic/contrastive_loss,validation/critic/logits,validation/critic/logits_neg,validation/critic/logits_pos,validation/critic/v_max,validation/critic/v_mean,validation/critic/v_min,validation/value/binary_accuracy,validation/value/categorical_accuracy,validation/value/contrastive_loss,validation/value/logits,validation/value/logits_neg,validation/value/logits_pos,validation/value/v_max,validation/value/v_mean,validation/value/v_min,time/epoch_time,time/total_time,step
50.76786,-1.2727431,-9.773085,0.6053942,1.0,0.4922228,0.001953125,0.813704,0.005514494,0.0056548496,-0.13807076,24.91515,1.4743927,0.030805986,1.7918164,-1.1593018,102.23735,0.3657894,0.0009765625,0.9717618,0.3304388,0.3302209,0.55334944,28.789057,2.7713041,0.067617364,45.28248,-1.0552444,-9.73229,0.5951954,1.0,0.9724436,0.0009765625,0.0956704,-5.03269,-5.032111,-5.624737,11.119608,0.15779428,8.142329e-06,0.97958755,0.0009765625,0.06922536,-4.867155,-4.86692,-5.1077676,5.655813,0.11282513,8.3658684e-05,0.01217168002128601,60.858402729034424,1
10.790089,-0.25982648,-9.269679,0.4795428,1.0,0.99903107,0.091796875,0.0053060185,-13.605075,-13.614032,-4.4425297,5.926673,0.0474457,8.969555e-08,0.19539148,-0.14295681,3.2822046,0.9990301,0.08203125,0.0052697826,-13.357643,-13.3663645,-4.435008,4.8032207,0.04696205,6.108954e-07,10.53886,-0.29054978,-9.274623,0.48077887,1.0,0.9990244,0.0859375,0.0053426353,-13.711182,-13.720308,-4.375798,9.031833,0.061072737,1.6808093e-08,0.99901485,0.08105469,0.005324567,-13.384994,-13.393882,-4.291561,5.381461,0.06573143,7.619567e-08,0.2589239330768585,1355.4780712127686,5000
14.303879,-0.06969491,-9.242464,0.47273898,1.0,0.9990425,0.13671875,0.0049527027,-12.690077,-12.698663,-3.906806,12.435892,0.17711638,8.7229347e-07,0.1910437,-0.12510982,3.6210523,0.9990406,0.13671875,0.0049848934,-12.508618,-12.516965,-3.9696226,11.6305,0.1647961,8.08044e-07,13.31993,-0.1406666,-9.258853,0.47683612,1.0,0.99901485,0.13183594,0.005063642,-12.685829,-12.6942005,-4.1229186,23.226109,0.16774027,2.7433164e-06,0.9990206,0.13476562,0.005083621,-12.475968,-12.484111,-4.145467,19.781542,0.15720159,1.4341928e-06,0.2572146614074707,2641.551380634308,10000
16.687569,-0.0945988,-9.201925,0.46260417,1.0,0.99903584,0.13964844,0.0049030026,-12.003672,-12.011561,-3.933003,39.243206,0.2097955,7.0688166e-06,0.32065868,-0.27556518,6.3217106,0.99903965,0.14257812,0.004920362,-11.78054,-11.788167,-3.9778056,21.519823,0.18770733,1.0843138e-05,14.454464,-0.12204738,-9.187222,0.45892817,1.0,0.99901485,0.15429688,0.004933017,-11.999057,-12.0070915,-3.7789693,75.01628,0.3395829,1.1801506e-05,0.9990158,0.125,0.004985083,-11.763184,-11.770963,-3.8050995,112.63555,0.54790527,3.2163603e-05,0.17191414189338683,3501.1220920085907,15000
18.26518,-0.14003664,-9.242349,0.47271016,1.0,0.999053,0.17480469,0.004725758,-12.023968,-12.032056,-3.7506514,39.564087,0.22443955,1.9275703e-06,0.3315495,-0.30565736,7.355592,0.9990473,0.15429688,0.004769356,-11.79899,-11.806865,-3.742824,62.654842,0.26259524,1.0777753e-05,15.457762,-0.14721578,-9.243127,0.47290456,1.0,0.99903107,0.15234375,0.004860692,-12.060845,-12.068834,-3.887617,152.50943,0.39386383,3.830738e-06,0.999032,0.12695312,0.0048956187,-11.858822,-11.866601,-3.899665,82.581726,0.31740326,9.1583515e-06,0.010548850345611573,3553.86634850502,20000
25.256554,-0.08343363,-9.204451,0.46323574,1.0,0.99905014,0.171875,0.004677998,-12.288695,-12.297073,-3.7184076,38.220245,0.23858605,1.8559878e-05,0.59055936,-0.65426314,10.313767,0.99904823,0.16699219,0.004740242,-12.062933,-12.07104,-3.769646,63.349644,0.31507254,4.1067553e-05,22.267809,-0.111466594,-9.180433,0.45723116,1.0,0.999032,0.14550781,0.0048982156,-12.165011,-12.17311,-3.8787744,116.30877,0.28406033,2.5975128e-06,0.9990282,0.13769531,0.0049412414,-11.949446,-11.957309,-3.90448,49.104935,0.29650265,2.5089085e-07,0.17172516541481017,4412.492178201675,25000
20.950819,-0.1414012,-9.204051,0.46313578,1.0,0.9990597,0.16015625,0.00468095,-12.620874,-12.629569,-3.727433,199.21204,0.5937437,2.3388977e-06,0.6619031,-0.66810054,11.644438,0.9990616,0.14941406,0.0047323285,-12.235781,-12.244059,-3.7680094,68.68854,0.5579929,1.0128432e-05,20.845913,-0.1204898,-9.20928,0.46444288,1.0,0.99904346,0.15625,0.00487524,-12.532609,-12.541078,-3.8692713,188.00218,0.6782836,1.1213719e-05,0.9990349,0.14550781,0.004913629,-12.209845,-12.21795,-3.9187741,137.24979,0.73599875,1.0747167e-05,0.010489736890792847,4464.9408659935,30000
20.62884,-0.13629133,-9.162359,0.45271274,1.0,0.99905586,0.18457031,0.0046979124,-12.582018,-12.590617,-3.7855034,154.07175,0.427308,9.25962e-06,0.3616757,-0.40415946,8.864109,0.9990568,0.16113281,0.004737898,-12.384611,-12.3929825,-3.8204765,38.586357,0.34206998,7.664103e-06,28.2021,-0.09665047,-9.180976,0.45736682,1.0,0.99903774,0.16894531,0.0048323106,-12.479102,-12.487613,-3.7727304,193.09921,0.59336954,9.858904e-07,0.99904156,0.14941406,0.0048830416,-12.256599,-12.264825,-3.8421223,124.15518,0.4898547,2.6160683e-06,0.16871034350395203,5308.492585659027,35000
23.470798,-0.10632217,-9.176722,0.45630318,1.0,0.9990492,0.20507812,0.0046213106,-12.516475,-12.525101,-3.6918912,66.48841,0.39020544,1.400533e-06,0.54260445,-1.0123951,10.08419,0.99905205,0.18457031,0.0046670316,-12.290625,-12.298967,-3.7568226,113.087654,0.49279663,2.8770937e-06,34.14191,-0.05962605,-9.208805,0.4643243,1.0,0.99903584,0.15917969,0.004743476,-12.606216,-12.614936,-3.686547,268.07803,0.978617,2.2133324e-06,0.99903965,0.16308594,0.0047908477,-12.418533,-12.42696,-3.798159,360.45865,0.7502352,7.440526e-06,0.010507783555984498,5361.031507015228,40000
25.529337,-0.15678138,-9.202726,0.46280462,1.0,0.99905205,0.18554688,0.0046838075,-12.706114,-12.714924,-3.6936255,156.16406,0.72498125,3.2016476e-06,1.6436538,-0.81847763,18.128534,0.9990463,0.16113281,0.004722071,-12.345008,-12.353407,-3.7521925,148.29785,0.69518256,1.0334484e-05,32.878784,-0.1440418,-9.191999,0.4601227,1.0,0.99903107,0.18652344,0.0047045373,-12.764401,-12.77331,-3.6513138,4392.808,3.6598454,3.0721123e-05,0.999032,0.15917969,0.004781403,-12.405954,-12.414436,-3.7280972,35819.85,35.65606,2.3380871e-05,0.16402909240722657,6181.176972866058,45000
26.310944,-0.12519623,-9.198303,0.46169877,1.0,0.9990597,0.18164062,0.004559108,-12.8226595,-12.831694,-3.5803244,147.46162,0.7246456,1.8368333e-05,0.46186787,-0.7343004,11.196857,0.9990587,0.17871094,0.0045992257,-12.42388,-12.432482,-3.6240292,55.80859,0.5685523,2.0637503e-05,37.548054,-0.078537166,-9.168867,0.45433986,1.0,0.999032,0.17089844,0.00474953,-12.822456,-12.831392,-3.6816,326.05014,0.69546115,6.8361505e-06,0.999032,0.15039062,0.004787808,-12.492163,-12.500678,-3.7803597,109.525246,0.5829373,7.060492e-07,0.0104761381149292,6233.557667732239,50000
23.07659,-0.18886021,-9.207512,0.46400076,1.0,0.99905396,0.19628906,0.0045330888,-12.93507,-12.9442425,-3.5519333,79.22925,0.7424697,8.114851e-07,0.9053624,-0.7079181,14.160936,0.9990492,0.19433594,0.0045994865,-12.692738,-12.701622,-3.603938,124.47279,0.6918062,2.3421937e-05,31.140282,-0.12017959,-9.165688,0.4535448,1.0,0.9990406,0.13574219,0.004881081,-12.695917,-12.704584,-3.829565,285.02325,1.1067739,4.7040514e-05,0.9990349,0.12988281,0.00495154,-12.472408,-12.480772,-3.916308,1931.4352,2.5085647,3.986387e-05,0.232911022567749,7398.1127853393555,55000
28.121769,-0.15191254,-9.158168,0.45166507,1.0,0.99906063,0.21191406,0.004494772,-13.097235,-13.1066065,-3.5087252,274.6784,1.2028123,1.4543912e-05,0.83185333,-0.64615107,14.086487,0.9990616,0.18359375,0.0045439457,-12.890326,-12.899422,-3.5845852,176.1797,0.902986,2.177702e-05,35.192062,-0.120503396,-9.184631,0.45828074,1.0,0.9990387,0.16601562,0.004793436,-13.059576,-13.068671,-3.7551484,1393.4922,1.920213,5.543099e-06,0.999032,0.15039062,0.0048383763,-12.822531,-12.831331,-3.8191106,2271.278,3.5251746,1.4311903e-05,0.013725936985015869,7466.742472648621,60000
28.727852,-0.16809715,-9.218149,0.46665996,1.0,0.9990587,0.1953125,0.004591574,-13.105667,-13.114963,-3.5967062,292.86124,0.9516151,1.2703585e-05,0.8220473,-0.61652344,14.432213,0.9990568,0.16796875,0.004646615,-12.812319,-12.821267,-3.65995,246.10326,0.9909489,2.0610281e-05,36.61536,-0.1525981,-9.155701,0.45104814,1.0,0.9990349,0.16699219,0.0047856574,-13.106394,-13.115586,-3.7021334,5632.07,6.3496943,1.6250613e-05,0.9990368,0.14941406,0.0048367833,-12.902636,-12.911554,-3.7782693,525.5181,2.0351717,6.862213e-06,0.01038464183807373,7518.665684700012,65000
26.122581,-0.18739562,-9.205589,0.46352035,1.0,0.99906254,0.20996094,0.0044930163,-13.157289,-13.166737,-3.4923813,274.54016,0.8998697,1.1137918e-05,0.50660723,-0.6370251,10.102268,0.9990635,0.19726562,0.0045165904,-12.955717,-12.964954,-3.5047913,136.53001,0.75626564,9.739471e-06,26.450394,-0.18205494,-9.179946,0.4571094,1.0,0.9990425,0.16796875,0.0047364384,-13.094509,-13.103639,-3.7548969,203.62157,0.7849474,1.6894868e-05,0.9990368,0.15722656,0.004782726,-12.866791,-12.875701,-3.7510462,423.27246,1.2619536,1.5033803e-05,0.01037453122138977,7570.53834438324,70000
31.3592,-0.15859568,-9.190058,0.45963743,1.0,0.99905205,0.20019531,0.004565442,-13.129711,-13.13903,-3.5968595,268.9439,1.0600351,3.3475106e-05,0.9375932,-0.7855842,15.667614,0.9990492,0.19335938,0.0045960946,-13.023948,-13.033108,-3.654363,141.04837,0.76175785,1.3812197e-05,26.317692,-0.1864008,-9.163149,0.45291013,1.0,0.9990196,0.19726562,0.0047901166,-13.23607,-13.245437,-3.6537004,3819.396,4.014286,4.6869563e-06,0.9990177,0.16308594,0.0048325355,-13.044974,-13.054085,-3.7246556,926.38086,2.473644,4.69991e-06,0.01038709945678711,7622.473845005035,75000
31.864687,-0.15174365,-9.152307,0.45019948,1.0,0.9990568,0.19824219,0.0045335945,-13.32468,-13.334269,-3.51653,159.78287,0.8143606,1.482067e-05,0.77260065,-0.58247924,12.338385,0.9990568,0.17773438,0.004582539,-13.244118,-13.253539,-3.6069083,234.90839,1.0948337,1.2258116e-05,30.287994,-0.15967804,-9.171238,0.4549322,1.0,0.9990473,0.1796875,0.0047209943,-13.308256,-13.317673,-3.6746507,767.0177,1.4898268,5.5397804e-06,0.99903965,0.16894531,0.004772829,-13.204674,-13.213901,-3.7647946,489.53723,1.5209873,6.764005e-06,0.22316553449630738,8738.301522493362,80000
28.409296,-0.19709758,-9.130141,0.44465834,1.0,0.9990616,0.203125,0.004478189,-13.591436,-13.601286,-3.5153913,252.02557,0.8377467,1.2578763e-05,0.5520433,-0.7835801,11.982868,0.99906826,0.18457031,0.0045132693,-13.284246,-13.293757,-3.5547943,52.631172,0.5949882,1.3390061e-05,33.564278,-0.17155588,-9.157135,0.45140657,1.0,0.99902153,0.17480469,0.0047551943,-13.317637,-13.32709,-3.647308,2500.4187,4.106108,1.1965983e-05,0.9990282,0.15917969,0.0048061823,-13.072294,-13.081424,-3.731701,272.0891,1.088191,5.9864014e-06,0.01712741975784302,8823.93862605095,85000
29.620163,-0.17759146,-9.196197,0.461172,1.0,0.9990587,0.20898438,0.0044866977,-13.287743,-13.297346,-3.4637341,768.8098,1.7915959,8.083766e-06,0.5790967,-0.7911492,13.380622,0.9990635,0.18847656,0.0045316205,-13.12532,-13.134712,-3.517696,345.3638,1.4059254,4.727579e-06,33.13941,-0.1465837,-9.203907,0.46309972,1.0,0.999033,0.1875,0.0046680155,-13.323574,-13.333116,-3.561481,358.94775,1.2452598,4.723816e-06,0.9990387,0.171875,0.004734124,-13.241126,-13.25049,-3.661558,89.870964,0.90918225,4.9068876e-06,0.013967087507247926,8893.77406835556,90000
27.874855,-0.19282232,-9.148823,0.4493287,1.0,0.9990587,0.20117188,0.0045374725,-13.34683,-13.356389,-3.5676956,205.1286,0.9351696,4.456544e-07,0.9656912,-0.46499595,12.878054,0.9990568,0.18261719,0.0045776907,-13.056832,-13.066069,-3.6079545,88.03366,0.56788343,2.3829753e-06,28.803005,-0.23307215,-9.172943,0.45535862,1.0,0.9990139,0.18554688,0.0047254637,-13.4727125,-13.48233,-3.6328073,460.0902,1.3872622,8.615931e-06,0.99901867,0.1796875,0.0047428324,-13.189095,-13.198425,-3.6430147,161.11626,1.0668719,9.387658e-06,0.010533968734741212,8946.443915128708,95000
29.08696,-0.20062646,-9.162101,0.45264816,1.0,0.9990673,0.21875,0.0044663725,-13.399654,-13.409308,-3.5245152,704.94165,1.3778069,8.078395e-06,0.8029459,-0.87748843,12.241016,0.9990616,0.19824219,0.0045112614,-13.084393,-13.093708,-3.555715,238.59366,1.2474953,3.2664e-05,43.314842,-0.12322265,-9.205492,0.46349612,1.0,0.99902534,0.1953125,0.004693103,-13.299002,-13.308448,-3.6362553,372.5384,1.6606021,4.361247e-06,0.99902725,0.17578125,0.0047637047,-12.987499,-12.996578,-3.6996531,842.2094,2.1814258,3.882397e-06,0.01051670651435852,8999.027450561523,100000
30.590569,-0.19169839,-9.151554,0.4500113,1.0,0.99906445,0.21289062,0.0044957213,-13.542313,-13.552111,-3.518338,179.27928,0.7419274,7.732615e-06,0.99582916,-1.9327822,19.296064,0.99906254,0.20410156,0.0045496747,-13.18089,-13.190321,-3.5326672,105.42723,0.82799375,1.5550299e-06,33.191216,-0.22082663,-9.164234,0.4531815,1.0,0.99902725,0.16503906,0.0047936644,-13.492049,-13.501596,-3.7251582,230.41473,1.14617,1.8856028e-06,0.99902725,0.14746094,0.0048480434,-13.114046,-13.123213,-3.7357254,288.95398,1.1619618,2.4977394e-06,0.3133968619346619,10566.011764287949,105000
25.362404,-0.20857677,-9.135813,0.4460761,1.0,0.999053,0.20019531,0.004421922,-13.401414,-13.411138,-3.4530425,454.467,1.0901401,1.8399593e-05,0.8584091,-0.7741321,12.487753,0.9990492,0.19921875,0.004482535,-13.006877,-13.016189,-3.4808917,277.30905,0.8686348,1.767999e-05,39.43271,-0.20959519,-9.147749,0.44906002,1.0,0.9990349,0.18359375,0.0046868217,-13.388298,-13.39778,-3.6876526,1474.8005,1.2520125,6.0419216e-06,0.9990339,0.17480469,0.004748324,-13.0419445,-13.051049,-3.7279634,163.74237,0.7176466,1.2770685e-05,0.02367923994064331,10684.407966852188,110000
27.22507,-0.17401817,-9.16152,0.45250285,1.0,0.9990616,0.2109375,0.004430523,-13.558767,-13.568642,-3.4565694,476.57312,1.0703647,7.5423036e-06,0.6971552,-0.885004,14.389923,0.9990635,0.19140625,0.0044714655,-13.348581,-13.35823,-3.4777985,244.92352,1.1082509,5.230862e-06,32.37006,-0.17704022,-9.156054,0.45113653,1.0,0.999032,0.17578125,0.004706121,-13.396701,-13.406235,-3.64304,228.80693,0.9126632,2.4875958e-06,0.999033,0.15820312,0.004759984,-13.197023,-13.206275,-3.733504,123.17079,0.5530348,9.722321e-06,0.021761137199401856,10793.213654518127,115000
28.668201,-0.2002368,-9.177235,0.4564315,1.0,0.99906635,0.21582031,0.0044645783,-13.549901,-13.559758,-3.4656887,225.6492,1.1669929,7.950003e-06,0.8043029,-1.3040038,16.20683,0.9990616,0.18847656,0.0045305006,-13.342823,-13.352395,-3.5515187,251.88115,1.0897846,1.440352e-05,33.51142,-0.18983094,-9.211653,0.46503606,1.0,0.99903584,0.18261719,0.0046916283,-13.403606,-13.413141,-3.6491525,446.46768,1.428181,8.430787e-06,0.9990368,0.17285156,0.004738776,-13.202817,-13.212102,-3.7040524,311.8424,1.7329161,1.1766342e-05,0.017122209548950194,10878.824712991714,120000
29.060837,-0.21268028,-9.170655,0.45478672,1.0,0.9990511,0.17675781,0.004508521,-13.360361,-13.370007,-3.4935648,565.0467,0.9018431,9.745007e-06,0.91585714,-0.5803549,14.366377,0.9990492,0.16601562,0.004523298,-13.078493,-13.087852,-3.5046344,282.78293,0.97165406,1.8070059e-05,35.660873,-0.22549504,-9.18627,0.45869023,1.0,0.99902344,0.1875,0.004736986,-13.572069,-13.581805,-3.6132102,1158.3362,1.8147198,1.374754e-05,0.9990206,0.171875,0.0048069395,-13.168695,-13.17802,-3.6306884,500.17557,2.0099125,1.4856046e-05,0.017119365644454956,10964.421544790268,125000
33.83109,-0.21736884,-9.108525,0.4392544,1.0,0.99906063,0.20996094,0.004494318,-13.493778,-13.503526,-3.5227718,1217.6321,1.5701965,1.0500312e-05,1.1859765,-0.6947764,16.7057,0.9990616,0.20214844,0.0045092152,-13.195806,-13.205221,-3.563932,326.00818,1.1924058,4.5983128e-05,31.829397,-0.19895753,-9.183073,0.4578911,1.0,0.9990444,0.1796875,0.0046900692,-13.454733,-13.464314,-3.652412,559.57526,1.5165766,6.9832117e-06,0.999032,0.16601562,0.004787618,-13.221775,-13.231037,-3.7469926,374.12186,1.6728722,1.9544104e-06,0.017121723508834837,11050.030166625977,130000
32.02009,-0.24160586,-9.185833,0.4585812,1.0,0.9990568,0.2109375,0.004426509,-13.564434,-13.574322,-3.4492488,305.88242,1.1118988,6.7535664e-05,0.8299172,-0.5942377,13.970641,0.9990616,0.20019531,0.004476237,-13.343193,-13.352807,-3.5070276,258.04193,0.93566084,3.8806702e-05,35.90425,-0.20458138,-9.211044,0.46488392,1.0,0.999032,0.17578125,0.0047901995,-13.578911,-13.588529,-3.7403042,18322.367,12.358678,2.8394188e-05,0.99902916,0.15234375,0.004818557,-13.3676,-13.376953,-3.7987642,805.3742,2.9441452,7.1505865e-06,0.015124214220046997,11125.651240825653,135000
30.894566,-0.18401903,-9.1798725,0.45709094,1.0,0.9990635,0.23632812,0.004385218,-13.728411,-13.738561,-3.3447611,271.35446,1.5644665,2.0893667e-06,1.2158364,-1.0560706,14.2007065,0.9990616,0.20996094,0.004440421,-13.541157,-13.551043,-3.4285116,217.9091,1.5777199,3.2750106e-06,36.426968,-0.18759306,-9.187227,0.45892978,1.0,0.99902916,0.19238281,0.004672667,-13.512955,-13.5226145,-3.6310143,7037.9204,5.121002,4.196079e-06,0.9990387,0.1796875,0.004699806,-13.328785,-13.338209,-3.6877801,1078.8657,2.1975152,1.5850969e-06,0.010524405241012573,11178.273269891739,140000
31.02466,-0.18573843,-9.148441,0.44923338,1.0,0.99906063,0.19921875,0.0044836625,-13.597954,-13.607812,-3.5116513,371.88312,1.3972609,2.5435716e-05,1.0643995,-0.93330616,16.986654,0.99905777,0.1875,0.004526724,-13.257406,-13.266888,-3.5574305,263.4285,1.1819888,9.469271e-05,31.192348,-0.23853675,-9.192735,0.46030676,1.0,0.999032,0.19238281,0.0046667582,-13.670037,-13.679909,-3.571952,3013.2937,6.3057303,1.921707e-05,0.99902725,0.17871094,0.0047146464,-13.299011,-13.30846,-3.6324515,1258.1178,3.894172,4.2822827e-05,0.010528303050994873,11230.914796352386,145000
30.011497,-0.18211341,-9.17016,0.4546628,1.0,0.99905777,0.20605469,0.004454982,-13.736486,-13.746524,-3.4677362,270.61264,0.95385927,5.9630515e-06,0.862991,-0.8991419,13.651095,0.999053,0.19628906,0.004511601,-13.487474,-13.497205,-3.5320046,86.12179,0.7241703,2.2995016e-05,28.511967,-0.21897385,-9.191017,0.45987734,1.0,0.9990349,0.16503906,0.0047481284,-13.576469,-13.586075,-3.750235,1278.4617,1.7404503,2.3306927e-06,0.9990349,0.15625,0.004762496,-13.282276,-13.291572,-3.77393,161.28897,0.9386612,1.6729143e-06,0.010493687534332276,11283.38323712349,150000
30.449585,-0.21631162,-9.204466,0.46323967,1.0,0.9990635,0.21972656,0.0043817027,-13.688589,-13.698627,-3.4184685,133.94759,0.979804,2.5914424e-05,0.6092722,-0.6478827,13.242485,0.99906445,0.20507812,0.0044371826,-13.403392,-13.413106,-3.4660559,101.415504,0.86752033,3.1722262e-05,34.48816,-0.23544672,-9.1609745,0.45236653,1.0,0.99903584,0.20898438,0.0047357073,-13.474523,-13.484069,-3.7094145,318.00415,1.1161581,1.0954199e-06,0.999033,0.17675781,0.0047998913,-13.272661,-13.281957,-3.7635462,335.11145,1.4189868,1.3946112e-06,0.3111951051235199,12839.358767747879,155000
30.308811,-0.21700014,-9.14435,0.44821033,1.0,0.9990616,0.23339844,0.0043748375,-13.728747,-13.738879,-3.3641737,149.66728,0.9699814,4.5493634e-05,1.5590051,-1.1550925,19.487186,0.99905777,0.22558594,0.004418054,-13.547897,-13.557815,-3.4019203,548.03925,1.4769158,4.7411624e-05,34.634304,-0.24266878,-9.150892,0.44984606,1.0,0.9990339,0.18066406,0.0046721,-13.645012,-13.654836,-3.5962381,406.47177,1.58563,1.6267513e-05,0.999032,0.17480469,0.0047231764,-13.418064,-13.427576,-3.6875644,868.8815,2.170462,1.1345534e-05,0.02345806016921997,12956.649071931839,160000
34.164436,-0.21327592,-9.1662245,0.45367903,1.0,0.99906254,0.22167969,0.0044030556,-13.870969,-13.881203,-3.4010816,222.95035,1.0326475,4.759349e-06,0.8777225,-1.1003349,15.624257,0.9990654,0.19921875,0.0044567813,-13.634581,-13.644537,-3.4482412,197.47475,1.1064253,2.4102146e-06,35.982258,-0.22889489,-9.190141,0.4596581,1.0,0.9990406,0.19140625,0.0046324567,-13.745667,-13.755602,-3.5822906,3064.8147,4.783057,1.5019859e-05,0.9990387,0.1640625,0.004670947,-13.473906,-13.483526,-3.6321082,1942.4601,4.623432,3.6743197e-05,0.0186056086063385,13049.677118778229,165000
30.497494,-0.21709421,-9.19611,0.46115044,1.0,0.99905777,0.22167969,0.004394983,-13.883977,-13.8942375,-3.387373,214.30539,1.1288393,2.4722056e-05,1.6788838,-0.7432715,15.078882,0.99906063,0.19140625,0.0044618635,-13.537245,-13.547092,-3.4633687,112.80131,0.8842013,2.2906243e-05,37.22516,-0.23239462,-9.171708,0.45505,1.0,0.999033,0.19921875,0.004657209,-13.854522,-13.864522,-3.6233163,430.88766,0.9031273,3.1341682e-07,0.9990339,0.17675781,0.004723016,-13.496199,-13.505777,-3.6968002,51.477825,0.5222432,3.1994105e-06,0.016993645572662353,13134.645357370377,170000
34.332363,-0.20859002,-9.126797,0.44382223,1.0,0.9990597,0.22949219,0.0043969727,-13.958065,-13.968413,-3.3724828,744.27747,1.687205,5.1062793e-06,2.359538,-0.9619792,19.297083,0.9990587,0.22363281,0.004445633,-13.635637,-13.645631,-3.4117687,308.42383,1.7054806,6.4067494e-06,32.605083,-0.25010633,-9.19356,0.46051282,1.0,0.9990387,0.18847656,0.004684353,-13.590288,-13.600025,-3.629467,681.5302,1.3969133,9.083502e-06,0.99903965,0.16699219,0.004723925,-13.235223,-13.244559,-3.6838422,199.8613,1.0549558,6.37834e-06,0.017004225540161132,13219.666490077972,175000
32.825363,-0.2080787,-9.150987,0.44986945,1.0,0.9990587,0.21972656,0.0043189228,-13.787001,-13.797228,-3.322559,714.8764,1.7039286,6.5202235e-05,1.0811775,-1.8186165,17.450287,0.9990587,0.21289062,0.004354176,-13.5752945,-13.585286,-3.3540866,133.18376,1.0729065,9.0726635e-06,29.187056,-0.29534027,-9.174677,0.45579225,1.0,0.99902534,0.19042969,0.004729838,-13.641699,-13.651423,-3.694196,271.96228,1.0196786,1.2030592e-06,0.9990263,0.17089844,0.0047691893,-13.358355,-13.3678055,-3.68931,655.40344,1.7946575,1.8841873e-05,0.01707878556251526,13305.06042265892,180000
25.322735,-0.24231291,-9.151655,0.45003662,1.0,0.9990635,0.22460938,0.0043569207,-13.736443,-13.746599,-3.346058,256.92047,0.8787383,4.8825773e-06,0.7578313,-2.0394535,12.135659,0.99906063,0.20214844,0.004409035,-13.467197,-13.477049,-3.38836,42.025295,0.6343728,1.0930078e-05,29.236881,-0.22431016,-9.128662,0.44428858,1.0,0.9990463,0.18164062,0.004739937,-13.681014,-13.6907835,-3.6875377,637.70917,2.0268555,2.755933e-07,0.9990339,0.15136719,0.0047924095,-13.347793,-13.357195,-3.729784,191.67645,1.2830014,1.0778395e-08,0.015861405324935914,13384.367453098297,185000
36.014923,-0.1899856,-9.103399,0.43797284,1.0,0.99905777,0.20117188,0.0044546183,-13.719496,-13.729543,-3.4409602,410.25952,1.3186607,4.2328727e-05,1.0908153,-1.6159558,17.475384,0.99905586,0.19433594,0.0045179883,-13.397191,-13.406853,-3.513957,463.649,1.3445833,8.444901e-06,35.010834,-0.23826769,-9.183284,0.4579439,1.0,0.99902725,0.19140625,0.004704844,-13.851942,-13.861968,-3.5963604,1930.3274,3.2125614,2.4068931e-06,0.9990225,0.16210938,0.004753972,-13.539183,-13.54888,-3.6204226,683.03326,2.5427766,9.094675e-06,0.010457526731491088,13436.655090808868,190000
26.407501,-0.28334144,-9.177865,0.45658934,1.0,0.99906254,0.22851562,0.004407753,-13.701218,-13.711296,-3.3902555,473.964,1.2182331,5.319718e-07,0.76717484,-1.9971884,14.037169,0.9990587,0.19628906,0.004439068,-13.534353,-13.544268,-3.3923805,1137.14,2.4711287,6.235912e-06,36.616383,-0.2112291,-9.215831,0.46608078,1.0,0.9990349,0.17480469,0.004719318,-13.708416,-13.718192,-3.707892,3753.024,3.8642528,4.6030445e-06,0.99903584,0.16113281,0.0047718305,-13.47414,-13.483648,-3.7472224,271.95255,1.1308031,2.4279336e-05,0.010460977268218994,13488.95998620987,195000
34.607872,-0.2132195,-9.119005,0.44187447,1.0,0.9990635,0.22070312,0.0044151745,-13.927883,-13.938146,-3.4293606,137.86754,0.6423317,1.9936906e-05,0.93235534,-1.1679523,15.122198,0.9990654,0.22460938,0.0044401158,-13.755562,-13.7656355,-3.4496784,178.79376,1.0374234,5.7793177e-06,38.756413,-0.21989849,-9.148201,0.44917348,1.0,0.99903107,0.19335938,0.004709579,-13.968262,-13.978381,-3.6170118,581.8357,1.5947512,2.4308606e-06,0.9990301,0.16601562,0.0047684954,-13.682117,-13.691902,-3.6707244,282.69217,1.7482061,8.822153e-06,0.010456931686401367,13541.244646072388,200000
28.663393,-0.25887346,-9.158795,0.45182177,1.0,0.9990616,0.20117188,0.004434794,-13.837781,-13.8479395,-3.4461403,237.62053,1.0059857,1.4004549e-05,0.64029044,-1.1504655,13.631289,0.9990511,0.20214844,0.0044447416,-13.484755,-13.494582,-3.4294515,287.4201,1.3462187,2.3518047e-05,33.151917,-0.27484757,-9.184029,0.45813018,1.0,0.9990263,0.19921875,0.004752849,-13.759865,-13.769698,-3.7002766,1070.6118,2.2455566,6.6888056e-06,0.99902153,0.17480469,0.0047981227,-13.392887,-13.402345,-3.7183676,269.5186,1.2149811,2.3162188e-06,0.4164716636657715,15623.6029753685,205000
31.645182,-0.20376554,-9.198263,0.46168888,1.0,0.9990597,0.23535156,0.0043710265,-13.757362,-13.767552,-3.3343399,158.70546,0.7805648,1.3659992e-05,1.3223051,-1.3523629,17.833576,0.999053,0.22558594,0.0043942807,-13.600606,-13.610621,-3.3533537,274.09344,0.9358789,5.933491e-06,34.659924,-0.21961194,-9.220818,0.46732724,1.0,0.99903584,0.16015625,0.0048001176,-13.598681,-13.608278,-3.780868,611.8241,1.0460851,7.0421365e-08,0.99903965,0.13769531,0.004852524,-13.332308,-13.341583,-3.8433452,114.40805,0.5435296,1.4627964e-06,0.03082086148262024,15777.707291126251,210000
26.601889,-0.27847528,-9.1466,0.44877294,1.0,0.9990587,0.23339844,0.0044178995,-13.8575325,-13.867719,-3.4374838,185.3222,0.8600638,3.639442e-05,1.3011503,-1.1168612,13.846073,0.99906445,0.21582031,0.004465321,-13.551456,-13.561297,-3.4835925,226.69131,1.0741224,5.9673213e-05,36.191025,-0.23089167,-9.122541,0.44275838,1.0,0.99902153,0.18554688,0.004761892,-13.7964735,-13.806257,-3.7876182,1398.8241,1.3826196,1.8288007e-06,0.99902344,0.15820312,0.0047938125,-13.56374,-13.573248,-3.8373961,460.40622,0.8079599,3.2483313e-06,0.030807284688949586,15931.74371790886,215000
32.89451,-0.22730994,-9.147192,0.44892105,1.0,0.99905586,0.20117188,0.0044692764,-13.877828,-13.887992,-3.4785144,187.98238,0.7438736,4.37943e-05,2.531871,-0.99227965,20.539389,0.99905777,0.19140625,0.0044900114,-13.6007595,-13.610612,-3.5207465,122.44665,0.63251966,1.1747035e-05,37.51171,-0.18675593,-9.170559,0.45476282,1.0,0.999032,0.18554688,0.0046849633,-13.755518,-13.765472,-3.5722203,1657.3928,3.0647488,1.1920172e-05,0.99902344,0.15917969,0.004746842,-13.5505,-13.560156,-3.6725047,533.8855,1.9216253,1.6407334e-05,0.03064974956512451,16084.992468833923,220000
33.68023,-0.21898575,-9.170645,0.4547841,1.0,0.9990473,0.23339844,0.0044479296,-13.81489,-13.825063,-3.408395,327.52896,1.502635,1.5107577e-05,1.1227993,-1.3945124,19.234951,0.999053,0.20800781,0.0044845184,-13.510839,-13.520687,-3.4368808,180.41971,1.3633518,8.328474e-06,35.995544,-0.26499486,-9.184229,0.45818016,1.0,0.999033,0.19921875,0.0047074864,-13.770542,-13.780416,-3.6706011,1989.6359,2.1147232,3.902971e-06,0.999032,0.17480469,0.004770684,-13.535325,-13.544918,-3.7225947,738.4256,1.4075518,4.3205328e-06,0.030258458232879638,16236.284764289856,225000
33.73738,-0.2166383,-9.166845,0.4538343,1.0,0.9990616,0.24511719,0.004274091,-13.972696,-13.983167,-3.2608933,431.06522,1.5547546,2.3342216e-05,1.0316321,-0.9693722,17.530506,0.99905586,0.21972656,0.004313321,-13.75264,-13.762858,-3.2995152,153.8336,1.3452687,7.297661e-05,34.023808,-0.24791902,-9.139253,0.446936,1.0,0.9990349,0.18261719,0.0046811127,-13.803808,-13.813739,-3.6451838,1732.1093,2.0592914,3.0476597e-06,0.9990263,0.1796875,0.0047148876,-13.489573,-13.499202,-3.639429,8371.401,9.504128,2.9795106e-05,0.02955313563346863,16384.050444602966,230000
35.30482,-0.23023331,-9.132335,0.44520682,1.0,0.9990692,0.23730469,0.004302744,-13.951126,-13.961554,-3.2849836,307.53622,1.0787096,2.51899e-05,1.4204247,-0.9247184,18.267103,0.99907017,0.22851562,0.004354204,-13.7196865,-13.729844,-3.327314,299.45905,1.4489305,1.2461416e-05,36.500114,-0.22601688,-9.137243,0.44643375,1.0,0.99903965,0.19824219,0.0046611493,-13.710835,-13.720686,-3.6347077,566.3393,1.1116731,6.286929e-07,0.9990349,0.17285156,0.004714998,-13.508118,-13.517727,-3.6768322,211.27768,1.1870732,2.2488037e-07,0.023690726804733275,16502.504094839096,235000
33.28213,-0.2144613,-9.178328,0.45670485,1.0,0.9990692,0.24609375,0.004250976,-14.037664,-14.048272,-3.1849117,491.4504,2.0839336,1.1327987e-05,0.85923785,-1.6276331,20.255653,0.99906826,0.23144531,0.00424163,-13.825807,-13.83622,-3.1729097,251.6509,2.116025,0.0001052201,35.690994,-0.2178556,-9.167405,0.45397422,1.0,0.9990301,0.1796875,0.004720657,-13.822605,-13.832635,-3.5625691,2185.9233,3.3641434,3.8263784e-06,0.99902725,0.17773438,0.0047791963,-13.5059395,-13.51557,-3.65481,782.45654,1.893989,3.5423702e-06,0.023701290178298952,16621.010554790497,240000
33.600655,-0.19864205,-9.14624,0.4486829,1.0,0.9990711,0.23925781,0.0043543894,-13.994831,-14.005221,-3.366931,127.781075,1.1065023,2.0035666e-06,0.89251256,-1.1476152,15.427635,0.99906635,0.22558594,0.004410388,-13.784068,-13.794208,-3.4118586,172.69902,1.2897606,2.5797087e-06,38.11003,-0.23799859,-9.142792,0.44782108,1.0,0.99903965,0.19238281,0.0046919705,-13.76192,-13.771812,-3.6411488,955.2042,1.7241101,2.6786456e-06,0.99903965,0.16503906,0.004754182,-13.487523,-13.497106,-3.6851416,677.9474,2.4842093,2.8511397e-06,0.02369856815338135,16739.50340461731,245000
30.813065,-0.22352314,-9.144395,0.44822174,1.0,0.99907017,0.23339844,0.004311881,-14.081986,-14.092503,-3.3247266,279.46082,1.8693006,7.1626123e-06,1.8555363,-2.5183768,21.245045,0.99907494,0.23632812,0.0043348684,-13.816918,-13.827149,-3.3507526,272.2311,1.564448,1.1495892e-05,39.265095,-0.18836421,-9.169657,0.45453706,1.0,0.99904156,0.19628906,0.004678079,-13.799913,-13.809794,-3.6919653,988.94324,2.2839248,3.712018e-06,0.9990282,0.16308594,0.004745398,-13.474219,-13.483706,-3.768807,246.73589,1.1937742,1.6780732e-05,0.023703239297866822,16858.019608974457,250000
29.627556,-0.24814811,-9.164823,0.45332873,1.0,0.9990597,0.21582031,0.004388959,-13.941339,-13.951675,-3.3668709,328.85413,1.2556174,4.9042614e-05,0.78179646,-1.0923542,14.21363,0.9990568,0.20898438,0.0044223834,-13.545335,-13.555249,-3.4027305,249.4714,1.4658484,3.9331677e-05,37.846123,-0.20572087,-9.147885,0.44909433,1.0,0.9990263,0.19335938,0.0047036563,-13.937998,-13.94816,-3.5417564,499.8384,2.4263353,1.470166e-05,0.99902534,0.1640625,0.0047282856,-13.529362,-13.539099,-3.5688615,312.901,1.3777149,8.845236e-06,0.023718250465393068,16976.610872983932,255000
25.406433,-0.24316573,-9.18201,0.4576254,1.0,0.9990635,0.22167969,0.004406833,-13.872946,-13.883167,-3.4157405,520.849,1.3727338,1.0419731e-05,0.5311715,-0.9031075,12.747279,0.9990692,0.1796875,0.0044591487,-13.698874,-13.708864,-3.4806855,798.1578,1.8752098,2.3906223e-05,35.955673,-0.23262729,-9.183445,0.4579842,1.0,0.99903584,0.18554688,0.004737918,-13.693375,-13.703102,-3.741523,3506.2688,2.9398975,1.00795205e-05,0.9990349,0.17089844,0.004794238,-13.4641075,-13.473549,-3.8051972,799.97296,1.3419902,1.501401e-06,0.018655130100250245,17069.886527061462,260000
33.887512,-0.20947735,-9.148105,0.449149,1.0,0.9990711,0.23730469,0.00429236,-14.009975,-14.020467,-3.2782397,574.7361,1.7213981,1.0506903e-05,0.94287926,-0.9231955,17.219006,0.9990654,0.21777344,0.0043694237,-13.785262,-13.795483,-3.3303142,91.38949,1.0655396,1.6377131e-05,32.081974,-0.2313241,-9.156624,0.45127898,1.0,0.99903774,0.18457031,0.004719634,-13.887954,-13.897907,-3.704155,762.8636,1.7217596,2.5349797e-07,0.999033,0.17382812,0.0047360417,-13.622755,-13.632435,-3.7198524,169.08824,0.9651926,2.3342263e-05,0.01713792543411255,17155.576157331467,265000
29.409369,-0.2682907,-9.158592,0.45177108,1.0,0.99907017,0.24902344,0.0043362146,-14.041147,-14.051642,-3.304764,458.65173,1.3741226,2.1043497e-05,0.97403,-1.3874581,16.859743,0.99906063,0.23339844,0.004368555,-13.770544,-13.780738,-3.342095,114.95384,0.82678425,3.3893353e-05,35.636406,-0.2481241,-9.187389,0.45897013,1.0,0.99904156,0.15917969,0.0046527293,-13.807657,-13.817638,-3.596191,834.2586,1.8727174,6.02489e-06,0.9990368,0.15722656,0.0047383197,-13.49218,-13.501754,-3.6979299,443.99396,1.1261727,3.921241e-06,0.017119265508651733,17241.172496318817,270000
34.716835,-0.21837027,-9.16069,0.45229566,1.0,0.9990616,0.24804688,0.004327134,-13.896834,-13.907168,-3.325007,255.89407,1.0730492,1.7188244e-05,1.5263966,-1.1498708,17.742983,0.9990597,0.21875,0.0043658,-13.628244,-13.638256,-3.3854327,256.63446,1.1722255,1.0542575e-05,33.16439,-0.27392972,-9.120887,0.44234475,1.0,0.9990282,0.18847656,0.004765789,-13.711721,-13.721557,-3.6500278,179.85039,1.0279647,5.0152835e-07,0.99902344,0.18554688,0.004800493,-13.462475,-13.472003,-3.7148423,144.64337,1.0610676,8.149355e-07,0.017137953996658326,17326.862268686295,275000
31.290848,-0.22603641,-9.193733,0.46055633,1.0,0.9990597,0.22949219,0.004352461,-14.146238,-14.156796,-3.3465981,300.04922,1.3982207,1.6736954e-05,1.4568073,-1.5259745,22.401682,0.99905777,0.22265625,0.004390723,-13.840606,-13.85085,-3.3603501,442.3064,1.8003112,6.617518e-05,29.06585,-0.25227252,-9.19367,0.46054053,1.0,0.999033,0.18261719,0.0047272597,-13.791391,-13.8012085,-3.748403,338.43863,0.83405447,1.0327818e-06,0.999033,0.1640625,0.004765314,-13.469759,-13.479232,-3.7788146,120.77348,0.7160493,1.8874524e-06,0.017136118268966674,17412.542869091034,280000
37.241074,-0.18642813,-9.179571,0.45701572,1.0,0.9990654,0.22265625,0.0043896404,-14.047092,-14.057544,-3.3544884,501.01413,1.8658434,2.0239688e-05,0.8485416,-0.98510295,17.230867,0.99906445,0.19921875,0.004435109,-13.792177,-13.8023405,-3.3952255,138.6979,1.0576807,1.0241472e-05,33.860085,-0.25077903,-9.144215,0.44817677,1.0,0.9990301,0.17382812,0.0048078354,-13.87875,-13.888649,-3.752028,1534.5337,2.518571,1.8126542e-06,0.99902344,0.15332031,0.004833012,-13.604738,-13.61436,-3.763184,1374.9052,2.7096229,6.9951193e-07,0.013258116245269775,17478.8334543705,285000
35.697037,-0.19886267,-9.154309,0.4507004,1.0,0.999053,0.22753906,0.0043800096,-14.067263,-14.07772,-3.3699362,298.4017,1.0078098,4.170423e-06,1.7141665,-1.100128,19.03927,0.99904823,0.2109375,0.004404599,-13.808723,-13.818879,-3.420258,164.4396,1.2257953,4.9555515e-06,37.45936,-0.21255693,-9.1500225,0.4496286,1.0,0.9990492,0.2109375,0.0046892907,-14.124308,-14.134497,-3.7005672,675.89905,2.6839569,1.2013188e-06,0.9990406,0.18066406,0.004747303,-13.873028,-13.8829,-3.7746196,179.09592,1.4638135,1.9392344e-06,0.010482774305343627,17531.247329235077,290000
26.319374,-0.22103545,-9.191078,0.45989257,1.0,0.9990635,0.22460938,0.004385488,-14.016155,-14.026557,-3.3754935,136.71039,1.1450104,9.326345e-06,0.8439225,-0.6266013,11.864623,0.9990568,0.20507812,0.0044065295,-13.806568,-13.816738,-3.4017053,399.98248,2.09398,1.7983979e-05,37.550377,-0.2548792,-9.176217,0.45617718,1.0,0.9990225,0.17285156,0.004663155,-13.91976,-13.929888,-3.5598016,4304.8657,4.2667484,6.0585876e-07,0.9990244,0.16015625,0.0046995627,-13.698366,-13.708238,-3.599764,140.95888,1.0783439,1.5913448e-06,0.010482189989089966,17583.658284664154,295000
29.508448,-0.24429701,-9.094297,0.43569708,1.0,0.99905777,0.22460938,0.004397237,-13.921087,-13.931404,-3.3670483,401.57095,1.3930609,2.28028e-05,2.5823991,-1.1160471,16.409256,0.9990549,0.20800781,0.0044399537,-13.783392,-13.793529,-3.4145746,470.2242,1.5622334,5.4795396e-06,44.179077,-0.189446,-9.178003,0.45662388,1.0,0.9990244,0.18652344,0.0047491984,-13.88262,-13.89263,-3.6426096,280.08273,1.4758111,1.1166373e-06,0.99902534,0.16796875,0.0047956198,-13.672344,-13.682095,-3.6970983,768.2443,2.1460762,3.2187643e-06,0.010682320690155029,17637.0698928833,300000
36.190765,-0.19636211,-9.139795,0.4470718,1.0,0.99906445,0.24316406,0.0043481784,-14.005621,-14.016068,-3.3174257,369.10382,1.7065215,7.758769e-05,1.8171535,-4.034449,23.598423,0.99906063,0.23046875,0.004396135,-13.74084,-13.750981,-3.365935,118.5763,1.1565638,3.339488e-05,35.925762,-0.2889102,-9.194126,0.46065444,1.0,0.99902916,0.16796875,0.004752756,-13.880295,-13.890308,-3.6356444,459.06415,1.7017107,3.483522e-06,0.99902916,0.15136719,0.0048127063,-13.625123,-13.634812,-3.7122886,1637.2457,2.7411084,3.0720053e-06,0.40944913773536684,19684.315583229065,305000
30.028915,-0.21550804,-9.122048,0.44263512,1.0,0.9990673,0.23339844,0.004316656,-14.068276,-14.078816,-3.2859204,541.4814,1.9053968,2.8358725e-06,1.2758523,-0.7346259,16.615688,0.99905777,0.21191406,0.0043903072,-13.747444,-13.7576065,-3.3515098,489.5979,1.6860274,6.2674366e-07,32.897385,-0.27390686,-9.181889,0.4575953,1.0,0.9990206,0.17675781,0.004729732,-13.964134,-13.974255,-3.6120093,556.79065,1.9666802,1.3159337e-06,0.9990206,0.16503906,0.0047555696,-13.560337,-13.570066,-3.6078763,1688.5642,4.218631,1.2753803e-07,0.030274065399169922,19835.68591451645,310000
28.136345,-0.26380342,-9.14303,0.44788036,1.0,0.99905586,0.23535156,0.004343343,-14.175598,-14.1861925,-3.3378963,128.10704,0.98306406,2.3902507e-05,0.6552072,-1.0458113,12.234959,0.999053,0.19921875,0.004364808,-13.886924,-13.897216,-3.358816,85.40372,0.962235,7.037918e-05,41.70657,-0.21807912,-9.197416,0.46147716,1.0,0.9990206,0.18847656,0.004757994,-14.017059,-14.027175,-3.6697152,1125.7836,1.8208902,5.2925016e-06,0.99902534,0.16992188,0.0047934195,-13.6532135,-13.662919,-3.7248368,190.44409,1.5422862,4.479214e-06,0.030271064138412476,19987.041239738464,315000
28.080969,-0.22838432,-9.149105,0.44939947,1.0,0.99906063,0.24707031,0.0042775264,-14.1573,-14.167976,-3.2346768,340.7713,1.3260138,1.7391567e-05,1.0819387,-1.8951819,16.966658,0.99906063,0.234375,0.004314211,-13.921328,-13.931742,-3.267293,131.41519,1.0873208,5.377021e-06,41.202484,-0.22703765,-9.210489,0.46474546,1.0,0.9990406,0.18554688,0.004730731,-13.89957,-13.90951,-3.7306864,203.89304,0.7520853,1.3923175e-06,0.99903584,0.16894531,0.004789089,-13.620077,-13.629685,-3.7918568,241.29773,0.7140742,8.040651e-07,0.02765642671585083,20125.32337784767,320000
34.362015,-0.21708107,-9.138804,0.44682395,1.0,0.99905777,0.24609375,0.0042772735,-14.0521145,-14.062654,-3.2699523,150.15659,0.95072424,3.4182563e-06,1.0389032,-0.78334546,17.518642,0.9990616,0.234375,0.00431627,-13.851489,-13.8617935,-3.3092496,196.4354,1.1088212,1.7433198e-05,36.94741,-0.28108191,-9.154494,0.45074654,1.0,0.9990473,0.17871094,0.0047296905,-13.855256,-13.865238,-3.643523,3591.3901,3.8758235,7.110255e-06,0.99904823,0.1796875,0.0047696596,-13.609232,-13.618938,-3.6796074,1699.1742,3.8939457,1.4833876e-05,0.02370627770423889,20243.854770183563,325000
30.288757,-0.22293709,-9.122557,0.44276214,1.0,0.99904823,0.2421875,0.0043548495,-14.08572,-14.096197,-3.3666673,978.2526,1.32144,2.8036839e-06,0.7585359,-0.7703837,15.831001,0.9990444,0.22070312,0.004403893,-13.863831,-13.874057,-3.401952,176.68785,1.0850961,1.1452717e-06,34.87081,-0.21820235,-9.195742,0.46105823,1.0,0.99903965,0.18847656,0.0046954453,-13.871821,-13.8818,-3.6639338,865.97577,1.6444896,2.228121e-06,0.99903774,0.16015625,0.0047426084,-13.614014,-13.623677,-3.7282891,493.94684,1.2923208,2.2546285e-06,0.02370001187324524,20362.354838848114,330000
30.292542,-0.22809005,-9.117437,0.44148237,1.0,0.9990673,0.24609375,0.004229582,-14.327997,-14.33887,-3.2047691,146.79094,1.1663938,1.2983428e-05,1.1885302,-0.5204647,13.434418,0.9990692,0.22167969,0.004297371,-14.024778,-14.035291,-3.2701302,152.47104,0.9802244,6.526781e-05,44.13793,-0.2039159,-9.158096,0.45164707,1.0,0.999033,0.1953125,0.004738729,-14.062634,-14.072869,-3.592564,1210.6147,3.6538787,8.594561e-06,0.999032,0.18066406,0.0047639403,-13.633837,-13.643594,-3.6527224,656.4878,2.1424563,4.506873e-06,0.023707252168655397,20480.891109466553,335000
36.991074,-0.21206728,-9.18513,0.45840567,1.0,0.9990616,0.25195312,0.004318936,-14.093034,-14.103578,-3.306985,234.40855,1.3313249,2.1486005e-05,1.1938893,-1.4498626,20.785187,0.9990635,0.22070312,0.0043645576,-13.825935,-13.836164,-3.3612776,256.06876,1.1104078,5.277522e-06,32.79542,-0.2526146,-9.204258,0.46318734,1.0,0.999032,0.19238281,0.0047438447,-13.866325,-13.876296,-3.6661325,2306.786,3.1475477,3.0497137e-07,0.9990301,0.18652344,0.004760014,-13.568359,-13.578013,-3.69234,214.9688,1.0033901,3.9915853e-06,0.023713283205032347,20599.45752930641,340000
34.603333,-0.1902358,-9.164816,0.45332715,1.0,0.9990616,0.23535156,0.0043229936,-14.147319,-14.15788,-3.3434381,393.58685,1.4230113,3.845016e-06,1.3038079,-1.0008804,17.187366,0.9990597,0.21289062,0.004390106,-13.944603,-13.954901,-3.4106808,232.1672,1.9505478,2.0337282e-05,33.673203,-0.24707042,-9.139862,0.44708842,1.0,0.99903584,0.18652344,0.004671487,-13.97777,-13.987875,-3.6412427,192.27753,1.019257,4.622625e-06,0.99902534,0.16503906,0.0047597243,-13.698467,-13.708249,-3.6900759,895.3268,2.0479221,9.1907987e-07,0.02370652666091919,20717.990164995193,345000
34.36215,-0.20786488,-9.168697,0.45429745,1.0,0.99905586,0.22363281,0.0043594153,-14.11902,-14.129527,-3.3720455,4939.9277,3.75482,2.1023207e-06,1.0967562,-0.8900168,15.415657,0.99905205,0.20410156,0.0043815784,-13.932848,-13.943121,-3.423772,102.68991,0.93849695,2.2588856e-06,40.493683,-0.22142527,-9.156951,0.4513606,1.0,0.9990301,0.18847656,0.0046494603,-13.945131,-13.955221,-3.6231055,209.22745,0.96416575,8.244745e-06,0.9990206,0.16601562,0.0046933545,-13.750802,-13.760651,-3.675759,235.96312,1.0540564,9.18803e-07,0.02371189022064209,20836.5496199131,350000
28.657478,-0.25404388,-9.175502,0.45599848,1.0,0.9990635,0.21972656,0.0043651257,-14.052751,-14.063197,-3.366345,130.9794,0.8417341,1.6797383e-05,1.2596942,-0.8841367,13.975381,0.9990597,0.20703125,0.0044233794,-13.807362,-13.817512,-3.4247699,140.91486,1.0417476,6.052169e-06,30.115086,-0.25019383,-9.200956,0.46236208,1.0,0.9990444,0.18847656,0.004655581,-14.01431,-14.024495,-3.5950158,598.4745,1.5545993,3.853018e-06,0.9990349,0.16308594,0.0046783993,-13.670628,-13.680453,-3.6190186,390.21194,1.6538723,8.7081156e-07,0.02369565281867981,20955.027891159058,355000
28.01001,-0.22078015,-9.110427,0.4397297,1.0,0.9990692,0.23535156,0.004340209,-14.219919,-14.230602,-3.2911968,636.86566,2.216957,1.2821181e-05,0.8362624,-1.0774972,14.455022,0.99906635,0.21875,0.004397488,-14.101928,-14.112422,-3.3666344,150.81187,1.4856946,7.9745564e-07,35.536495,-0.24608693,-9.176157,0.45616204,1.0,0.9990206,0.16992188,0.004746754,-13.912619,-13.922669,-3.631812,306.03766,1.6568397,6.326042e-08,0.99902153,0.15527344,0.004795146,-13.60657,-13.616307,-3.6456876,3150.2192,5.379701,3.125168e-06,0.023519891977310182,21072.62736272812,360000
29.086323,-0.21449162,-9.131214,0.44492656,1.0,0.99906635,0.2626953,0.004300692,-14.257893,-14.268625,-3.2781963,1488.2568,2.388997,4.9895057e-06,1.8198043,-0.73074037,16.450098,0.9990654,0.22167969,0.004347601,-13.968371,-13.978749,-3.3517413,184.01598,0.98320436,3.483072e-05,37.054382,-0.24068935,-9.15332,0.45045304,1.0,0.9990368,0.171875,0.0047411756,-14.085371,-14.09548,-3.7448735,397.76782,0.90887797,8.485055e-06,0.9990406,0.16210938,0.004743084,-13.768663,-13.77844,-3.7661352,202.32254,0.6877829,1.0224096e-06,0.02246205596923828,21184.937645196915,365000
36.112762,-0.16604006,-9.145264,0.4484387,1.0,0.99905396,0.22558594,0.0043742494,-13.999875,-14.010241,-3.3959222,276.448,0.76109993,5.7468714e-07,0.86094284,-0.9782454,19.336842,0.9990454,0.19921875,0.004457236,-13.782239,-13.792294,-3.495841,164.74844,0.8041744,9.317749e-06,36.084373,-0.23006056,-9.166851,0.45383573,1.0,0.9990368,0.18359375,0.004630284,-13.979422,-13.989568,-3.5991135,3767.2886,3.2728462,2.9993887e-06,0.99903965,0.18457031,0.0046823695,-13.750616,-13.760498,-3.6422203,152.41368,1.2703984,3.91636e-06,0.01695486888885498,21269.711993932724,370000
37.409523,-0.22551028,-9.161728,0.45255515,1.0,0.9990587,0.23242188,0.004368539,-14.288702,-14.299367,-3.3793473,267.85428,0.9775687,1.7209732e-05,1.1864712,-0.6381971,17.514479,0.99905777,0.21386719,0.0043884786,-14.040892,-14.051303,-3.3903399,115.13004,0.86051023,2.9003988e-05,41.003677,-0.24112211,-9.150737,0.4498072,1.0,0.9990387,0.19824219,0.0046668784,-14.195959,-14.206304,-3.6123085,553.7231,1.7798834,1.4613714e-06,0.9990368,0.18261719,0.0047054766,-13.896133,-13.90617,-3.6279988,387.17865,2.17333,6.6769e-06,0.01694343967437744,21354.42919611931,375000
32.28114,-0.19800542,-9.173307,0.45544994,1.0,0.9990597,0.22070312,0.0043583787,-13.959294,-13.969696,-3.3176942,391.293,1.4993382,1.108297e-05,1.9059255,-1.6491601,16.800117,0.9990616,0.19921875,0.004402895,-13.7089615,-13.71904,-3.398502,577.8057,1.3381553,2.683711e-06,36.69416,-0.28437066,-9.158821,0.4518283,1.0,0.99904156,0.18359375,0.004722567,-13.58689,-13.596511,-3.7453465,145.55904,0.5440359,8.708527e-08,0.9990387,0.15429688,0.0047774976,-13.275061,-13.28432,-3.8027925,581.7466,0.978346,2.2447853e-06,0.016960540103912354,21439.231901407242,380000
32.04102,-0.17899284,-9.114687,0.44079477,1.0,0.99906635,0.23046875,0.004336387,-14.106918,-14.117441,-3.341917,346.74078,1.5351024,5.222279e-06,1.0118304,-1.0369846,16.78439,0.9990587,0.22460938,0.0043803,-13.939516,-13.949824,-3.3944201,354.60754,1.4643493,2.660723e-07,38.375023,-0.2666754,-9.163975,0.4531169,1.0,0.9990444,0.19824219,0.0046753627,-13.756308,-13.766134,-3.7049742,736.2918,1.3431804,5.0495623e-06,0.99903965,0.17578125,0.0047702417,-13.43106,-13.440493,-3.781602,802.77893,1.9346467,9.028454e-06,0.016947606658935545,21523.969938993454,385000
30.37003,-0.24705277,-9.151216,0.44992697,1.0,0.9990721,0.26367188,0.0042053973,-14.228086,-14.238881,-3.18606,332.32336,1.2728041,1.9990042e-05,1.521947,-1.0731014,17.185549,0.999073,0.23730469,0.0042813905,-14.032808,-14.043319,-3.2792957,127.19693,0.955493,8.202724e-06,38.439926,-0.24418093,-9.186569,0.45876518,1.0,0.99903774,0.171875,0.004733096,-13.941427,-13.951418,-3.7203326,272.48825,0.82409674,7.044088e-07,0.99903584,0.15527344,0.0047714235,-13.7132,-13.722939,-3.7486992,210.16667,0.8423656,1.1808801e-07,0.01077818627357483,21577.86087679863,390000
35.3466,-0.21687615,-9.143211,0.44792575,1.0,0.99906826,0.2548828,0.004298201,-14.30426,-14.315045,-3.2709084,236.6385,1.2617908,1.0187301e-05,1.5173656,-1.40512,21.727947,0.99906635,0.24609375,0.00428096,-14.100096,-14.110711,-3.2391171,100.34989,1.0662091,2.4287347e-05,44.74079,-0.22402948,-9.170081,0.4546433,1.0,0.9990225,0.17285156,0.0047934316,-13.984344,-13.994381,-3.7157488,707.3404,1.6549928,1.7701711e-06,0.9990177,0.1640625,0.004860201,-13.721093,-13.730805,-3.7857573,158.45781,1.2210488,2.319172e-06,0.01031679172515869,21629.444838047028,395000
38.64087,-0.19322652,-9.134021,0.4456281,1.0,0.99906254,0.23144531,0.004407568,-14.1104555,-14.120913,-3.4132543,1080.7136,2.0813365,2.4061171e-06,1.080214,-1.6369536,21.554401,0.9990549,0.20996094,0.0044455305,-13.944637,-13.954859,-3.489068,96.77767,0.7057959,2.6159885e-06,37.19008,-0.25916705,-9.157658,0.45153752,1.0,0.9990473,0.18652344,0.004691798,-13.970564,-13.980637,-3.6657329,2968.3865,3.418794,5.7222314e-06,0.99903965,0.16796875,0.00474074,-13.735688,-13.745475,-3.7234712,374.43094,1.9434837,1.8471368e-06,0.016368950843811035,21711.28959751129,400000
33.7351,-0.21854766,-9.188982,0.45936853,1.0,0.9990635,0.24121094,0.004316871,-14.322162,-14.332988,-3.2481103,162.06917,1.2896096,8.754049e-06,0.72477925,-0.77952355,19.090176,0.9990568,0.2265625,0.0043570744,-14.048933,-14.059436,-3.3035831,50.265003,0.8953392,2.4365621e-05,40.28871,-0.24506831,-9.193546,0.4605093,1.0,0.9990301,0.18652344,0.0047431416,-14.022567,-14.032689,-3.6674197,312.7411,1.2133178,7.237149e-07,0.99902916,0.17089844,0.0047987574,-13.750714,-13.7605095,-3.7309093,219.22647,0.83455056,1.782083e-07,0.4111132662296295,23766.855933904648,405000
26.640202,-0.22864914,-9.156659,0.45128775,1.0,0.99906635,0.24609375,0.004273681,-14.283571,-14.294341,-3.264903,144.93605,0.9829888,2.2442127e-05,0.7898042,-1.3742712,16.540955,0.99906635,0.23144531,0.0043140193,-14.020589,-14.031055,-3.3136094,135.6808,0.9369309,3.572151e-05,36.15767,-0.25287095,-9.131393,0.44497135,1.0,0.9990244,0.20019531,0.0046339086,-14.079708,-14.089989,-3.5631115,323.81717,1.4369018,4.013082e-06,0.99902534,0.17089844,0.0046891877,-13.8287945,-13.83881,-3.583448,336.6042,1.241014,2.8923318e-06,0.03015744709968567,23917.643172502518,410000
32.412083,-0.16889355,-9.136129,0.44615525,1.0,0.9990692,0.25585938,0.0041804095,-14.300081,-14.310982,-3.1485088,258.58698,1.5848297,6.546271e-06,2.7156956,-1.043185,20.225204,0.99906826,0.23242188,0.004231803,-14.14516,-14.155857,-3.2021298,242.53583,1.396347,1.42308145e-05,41.479836,-0.19408926,-9.17029,0.45469567,1.0,0.99902916,0.1796875,0.004713371,-13.997225,-14.007391,-3.5965936,568.6594,1.7509552,2.451132e-06,0.9990349,0.16894531,0.0047460087,-13.705858,-13.715695,-3.6415124,6137.8804,7.564704,1.7567181e-05,0.023957995557785033,24037.43315434456,415000
33.678066,-0.19593179,-9.118521,0.4417531,1.0,0.9990673,0.25195312,0.004292356,-14.2246,-14.235333,-3.244152,399.03687,1.834832,1.1986862e-05,1.7571231,-1.1090289,17.350113,0.99906254,0.23242188,0.0043493994,-14.009989,-14.020421,-3.3384051,182.56725,1.3977668,3.2355052e-05,34.8181,-0.21712138,-9.163274,0.4529414,1.0,0.9990406,0.19726562,0.004747925,-13.896503,-13.906456,-3.7153099,230.16228,0.5743756,6.0990265e-06,0.9990444,0.171875,0.0047865827,-13.664085,-13.673748,-3.7792869,105.22053,0.463336,7.857087e-07,0.02364924159049988,24155.67936730385,420000
29.437735,-0.23430242,-9.140346,0.44720936,1.0,0.99908257,0.28710938,0.0041359738,-14.545616,-14.556802,-3.1029515,203.30267,1.7535876,2.4294506e-05,1.1063967,-1.0546179,15.988098,0.99908066,0.26367188,0.0041922666,-14.307095,-14.318021,-3.129829,140.83707,2.0874891,5.489718e-06,34.228218,-0.26657352,-9.149694,0.4495466,1.0,0.9990425,0.1875,0.0046244785,-13.973064,-13.983169,-3.637349,348.52942,1.1765852,2.4524159e-06,0.99904156,0.18945312,0.004652557,-13.739328,-13.749175,-3.6674554,117.24045,0.87924206,2.9177675e-06,0.023665706205368044,24274.007902622223,425000
28.906618,-0.22612646,-9.168208,0.4541749,1.0,0.9990549,0.25097656,0.004321945,-14.051937,-14.062469,-3.2772684,614.3651,1.8374141,1.3265564e-05,1.117274,-1.6399921,18.491161,0.99905205,0.22167969,0.0043386146,-13.7490015,-13.759219,-3.2974603,359.99643,1.7539648,2.9653227e-05,33.937927,-0.27267367,-9.204073,0.46314123,1.0,0.9990282,0.18554688,0.0047654575,-13.900526,-13.910511,-3.6847105,2264.9563,3.1866364,3.111248e-06,0.9990301,0.16503906,0.004825306,-13.553389,-13.562993,-3.727724,1762.3306,4.0574617,8.675594e-06,0.023735676574707033,24392.68628835678,430000
37.272278,-0.17952405,-9.173513,0.45550114,1.0,0.99906826,0.24609375,0.004275523,-14.301306,-14.3121395,-3.2182376,898.08124,2.9219153,2.858552e-05,1.164712,-1.3635253,22.076916,0.99906635,0.234375,0.0043195635,-14.08148,-14.092049,-3.2695332,330.48,2.432371,2.4209625e-05,35.294716,-0.21377665,-9.17651,0.4562503,1.0,0.9990339,0.18945312,0.0047371974,-13.9093685,-13.919387,-3.6596684,21848.678,18.51603,1.2602033e-05,0.99902534,0.16796875,0.0048055747,-13.644571,-13.654274,-3.7190008,26942.594,29.291023,1.6945407e-05,0.023687630319595337,24511.12444472313,435000
29.878187,-0.2354953,-9.130758,0.44481266,1.0,0.99907684,0.234375,0.0042944034,-14.429148,-14.440112,-3.2123194,810.57153,2.2484665,3.785248e-05,0.819346,-0.96149015,17.286911,0.9990692,0.21972656,0.0043503502,-14.203182,-14.2138605,-3.2790837,567.1811,2.5583167,5.73991e-05,34.78209,-0.22648841,-9.187598,0.45902255,1.0,0.99902916,0.17480469,0.0046981676,-13.885595,-13.895665,-3.5830083,708.3405,2.013526,9.52952e-06,0.99902534,0.15820312,0.00475367,-13.595164,-13.604861,-3.6743236,521.7203,1.6963015,1.4058382e-05,0.02362782549858093,24629.263575315475,440000
31.880795,-0.21272829,-9.197531,0.46150565,1.0,0.99906445,0.22753906,0.0043707676,-14.314455,-14.325171,-3.3509617,365.6157,1.363105,4.1801286e-05,1.2422547,-0.8140254,18.670036,0.9990616,0.20605469,0.004378347,-14.028555,-14.038971,-3.3734193,808.885,1.9545739,5.2667958e-05,38.7389,-0.22269863,-9.150558,0.44976264,1.0,0.9990425,0.19628906,0.004729257,-13.868048,-13.877973,-3.7147424,404.35056,1.6149917,1.0179678e-05,0.9990387,0.17578125,0.004767062,-13.551222,-13.560776,-3.777071,682.0,2.4945729,4.633916e-06,0.02363157391548157,24747.421448230743,445000
29.48917,-0.26776332,-9.161177,0.45241725,1.0,0.9990654,0.23828125,0.0043013124,-14.410855,-14.421718,-3.299612,244.11842,1.2901802,4.006287e-06,1.1562779,-1.1737449,16.616089,0.9990616,0.20800781,0.0043698605,-14.228199,-14.238816,-3.3684754,987.8536,2.130814,3.880461e-06,36.07863,-0.24787727,-9.179461,0.45698804,1.0,0.9990282,0.18164062,0.0046865167,-14.023649,-14.033806,-3.63325,399.014,0.9564096,6.133613e-07,0.99902725,0.17285156,0.004783227,-13.769575,-13.779447,-3.6700969,915.1343,2.6895776,9.1977045e-06,0.023629320287704467,24865.568052768707,450000
34.80567,-0.17949922,-9.12241,0.44272527,1.0,0.999073,0.24609375,0.0042617857,-14.3063755,-14.31725,-3.1806145,727.2412,1.5903965,3.2421044e-06,1.5278194,-2.6268787,18.476501,0.9990778,0.20996094,0.0043081697,-14.131855,-14.142473,-3.270348,97.836685,1.0295415,6.118099e-06,36.02756,-0.2558632,-9.157709,0.4515502,1.0,0.9990349,0.18066406,0.0047613364,-13.90547,-13.915434,-3.7113414,1022.08575,2.154447,2.3001364e-06,0.9990368,0.171875,0.0048193266,-13.633535,-13.643153,-3.7950788,463.437,1.0049547,7.5724404e-07,0.023638400650024413,24983.760060310364,455000
45.07814,-0.19202136,-9.168461,0.45423824,1.0,0.9990654,0.23925781,0.0043152245,-14.3508415,-14.36165,-3.2931101,938.30963,2.1543941,3.1351951e-06,1.2102304,-1.7676834,24.371613,0.9990616,0.21582031,0.0043684472,-14.183053,-14.193649,-3.341943,373.54465,1.9016731,2.8806078e-06,32.764606,-0.255415,-9.134762,0.4458134,1.0,0.9990263,0.18164062,0.0047165407,-13.942381,-13.952444,-3.646815,374.24548,1.2406194,1.07421465e-05,0.9990244,0.171875,0.00476715,-13.765871,-13.775724,-3.6852553,385.83432,1.5723827,2.355451e-06,0.02363064694404602,25101.913303136826,460000
32.86437,-0.20599803,-9.157272,0.45144093,1.0,0.99905586,0.23925781,0.0043387357,-14.1208935,-14.131476,-3.2959547,300.25992,1.4422227,7.962796e-06,1.1024015,-0.949731,16.429485,0.99906254,0.23144531,0.0043549314,-13.988901,-13.999317,-3.3343287,97.35754,0.91944194,5.97402e-06,39.183037,-0.20247632,-9.192091,0.46014595,1.0,0.9990463,0.19921875,0.004676176,-13.81125,-13.8211565,-3.6761668,339.2633,0.99111164,5.427101e-06,0.9990444,0.18261719,0.0047137877,-13.6203,-13.629957,-3.7404776,240.15077,0.79871714,8.307349e-06,0.023635697889328004,25220.09179663658,465000
26.378117,-0.2585314,-9.160931,0.45235562,1.0,0.9990635,0.2421875,0.004273748,-14.365044,-14.375903,-3.2553115,277.3515,1.1821861,1.1109361e-05,1.2333446,-1.103902,17.396572,0.9990635,0.234375,0.0042878427,-14.03318,-14.043716,-3.2552297,132.09654,1.3410085,1.6400058e-05,29.616661,-0.27238137,-9.147664,0.44903916,1.0,0.9990387,0.18945312,0.004678662,-14.044081,-14.054234,-3.6578727,501.70285,1.511875,5.957285e-07,0.9990339,0.17480469,0.0047354857,-13.714942,-13.72475,-3.6814277,190.82161,1.7029874,1.6152276e-06,0.02024377694129944,25321.31068468094,470000
28.573238,-0.22440383,-9.100428,0.43723,1.0,0.999074,0.2548828,0.004193187,-14.412016,-14.423051,-3.1232934,361.66608,2.051766,7.822832e-06,1.6577024,-0.82937545,19.161594,0.9990692,0.2265625,0.004273208,-14.194784,-14.205492,-3.24056,274.44238,2.2570984,6.432487e-06,37.5409,-0.20786816,-9.223246,0.46793428,1.0,0.9990206,0.15527344,0.0047937166,-13.897663,-13.9076805,-3.649807,284.798,1.5094213,2.16111e-08,0.9990177,0.15722656,0.0048328973,-13.577512,-13.587146,-3.72258,111.38692,0.8109516,1.7093703e-06,0.017054479551315307,25406.58308506012,475000
30.306871,-0.245621,-9.192423,0.4602287,1.0,0.9990568,0.24316406,0.0042880718,-14.3393,-14.350125,-3.2654245,873.7825,1.6194017,8.036125e-06,0.86089057,-2.039211,17.886688,0.99906254,0.21875,0.004306221,-14.082778,-14.093326,-3.2927296,172.12527,1.1114023,3.9724873e-06,34.697994,-0.2732158,-9.169308,0.45445,1.0,0.999033,0.18652344,0.0047611124,-13.983671,-13.993755,-3.668606,588.1479,1.8979948,9.988274e-09,0.99902916,0.1640625,0.004784072,-13.695749,-13.705551,-3.6672003,857.04663,2.7510383,1.0182838e-06,0.017068014812469483,25491.923162937164,480000
39.254135,-0.22854166,-9.142601,0.4477731,1.0,0.9990635,0.23535156,0.0043557948,-14.318264,-14.328966,-3.3705776,366.3158,1.1605576,1.03976145e-05,1.8283887,-1.71034,22.155403,0.9990616,0.22558594,0.004423069,-14.182968,-14.193506,-3.402598,485.48264,1.2886568,1.4044057e-05,34.436752,-0.32627845,-9.183294,0.45794654,1.0,0.9990339,0.18847656,0.004687025,-13.966792,-13.976844,-3.6842709,235.80205,1.0674913,2.3810603e-06,0.9990425,0.16503906,0.0046883784,-13.750294,-13.760139,-3.6785421,626.728,1.2623065,7.3070937e-06,0.020724322891235353,25595.544781446457,485000
35.324387,-0.17378859,-9.173879,0.45559254,1.0,0.999073,0.2548828,0.0041576927,-14.547374,-14.558543,-3.1213946,144.803,1.0791192,5.7817765e-06,2.8595648,-1.2064005,22.981915,0.99907017,0.24023438,0.004201061,-14.274223,-14.285047,-3.2015305,149.4314,1.004123,6.3687345e-05,38.524677,-0.21191968,-9.16938,0.4544679,1.0,0.99903965,0.17285156,0.0046920953,-13.890663,-13.9007015,-3.6206517,2062.9636,1.8530548,3.7211273e-06,0.99903584,0.17285156,0.0047623254,-13.604109,-13.613771,-3.7170153,1360.1265,3.2907448,6.498763e-09,0.018463884544372557,25687.864215135574,490000
30.660206,-0.24765232,-9.135761,0.44606346,1.0,0.99906063,0.25195312,0.004217928,-14.430171,-14.441133,-3.216606,446.8994,1.2213669,5.8438326e-07,0.9174973,-0.62296057,16.065447,0.99905777,0.22070312,0.0042703673,-14.172106,-14.182775,-3.258955,168.80386,1.1594013,1.2358587e-06,43.65696,-0.21033075,-9.14348,0.4479931,1.0,0.999033,0.1953125,0.004608732,-14.062836,-14.073113,-3.5498567,815.4244,1.7917299,6.07537e-06,0.999032,0.16796875,0.0046463786,-13.811659,-13.821667,-3.573845,337.3417,1.8561387,2.3620745e-05,0.017682874298095702,25776.27859854698,495000
33.233963,-0.18246704,-9.126154,0.44366145,1.0,0.99905014,0.23535156,0.0043702032,-14.1119175,-14.122446,-3.3408804,472.34024,1.0780097,9.716185e-06,1.7067058,-1.0080132,18.522198,0.99905205,0.19726562,0.0043979106,-13.864136,-13.874406,-3.356862,1944.1198,2.733055,5.4279735e-05,37.617653,-0.24238627,-9.155719,0.45105273,1.0,0.99903584,0.16503906,0.004748736,-13.906744,-13.916757,-3.6627908,334.96878,1.1589932,1.4361173e-06,0.99903107,0.16699219,0.0048094345,-13.653833,-13.6635475,-3.7156973,580.5907,2.1499407,4.7880778e-05,0.017771025800704957,25865.133732318878,500000
36.346916,-0.18460633,-9.11949,0.44199556,1.0,0.9990549,0.25,0.0043394873,-14.2432,-14.253894,-3.3031678,145.78986,0.83350164,1.6701382e-05,3.645816,-1.4117004,25.588297,0.999053,0.2265625,0.0044041146,-14.077482,-14.087923,-3.3955772,81.48048,0.73340607,8.011394e-06,34.586323,-0.20686823,-9.166454,0.4537366,1.0,0.9990444,0.16503906,0.004774945,-13.803105,-13.812931,-3.7505646,200.03883,0.469787,4.095091e-06,0.9990387,0.15234375,0.004818427,-13.565872,-13.5754,-3.8179688,321.96555,0.87993646,1.4562204e-05,0.39197254796028136,27824.996480703354,505000
31.526562,-0.20919526,-9.152502,0.45024854,1.0,0.9990492,0.25,0.004314947,-14.154222,-14.164833,-3.2987833,327.47586,1.3339918,7.423123e-05,0.9243847,-1.2538375,17.411232,0.99905396,0.23925781,0.00436203,-14.008787,-14.019222,-3.3350086,78.18576,0.82516634,1.7423907e-05,37.01442,-0.23814823,-9.158205,0.45167413,1.0,0.99902725,0.17675781,0.004666653,-14.022953,-14.0331335,-3.6076684,282.08328,1.2534692,2.611961e-07,0.9990177,0.16894531,0.004776444,-13.875622,-13.885596,-3.671496,2371.6685,4.683792,1.578433e-05,0.023575315523147584,27942.8730635643,510000
34.489902,-0.20766059,-9.181648,0.4575351,1.0,0.9990816,0.27148438,0.0041529248,-14.437153,-14.448262,-3.0718074,342.3722,1.8156967,3.3634067e-06,0.9678543,-1.7577068,18.627136,0.9990816,0.25390625,0.0041597714,-14.285166,-14.296089,-3.1103206,348.72357,1.8854523,5.972476e-06,40.56432,-0.26599565,-9.181115,0.45740175,1.0,0.99902344,0.17773438,0.0047415616,-13.849634,-13.85965,-3.6030397,2427.2417,4.965385,2.0905288e-06,0.99901867,0.16699219,0.004765629,-13.540294,-13.549993,-3.6185083,5292.6826,9.276858,2.4100857e-06,0.023581768226623535,28060.78191590309,515000
29.948854,-0.23880371,-9.174961,0.45586336,1.0,0.9990549,0.25195312,0.00428168,-14.225224,-14.235897,-3.3065715,514.80676,1.2841345,1.7011016e-05,1.1639268,-0.9828905,17.989008,0.9990549,0.22558594,0.0043415306,-13.943492,-13.953849,-3.3470936,114.42447,1.0408347,1.5540165e-05,41.915886,-0.21757028,-9.2143345,0.4657064,1.0,0.99903774,0.18164062,0.004757634,-13.895819,-13.905742,-3.743466,598.4782,1.4235669,2.9433266e-07,0.99903107,0.16796875,0.0048190188,-13.773636,-13.783361,-3.823711,3379.8594,3.9505842,6.5087957e-06,0.02361087121963501,28178.83628129959,520000
30.912626,-0.20548332,-9.154375,0.45071667,1.0,0.99907875,0.26367188,0.004243645,-14.524477,-14.535553,-3.1933613,443.7154,1.7490172,2.5160693e-06,1.3867222,-1.6388031,18.719269,0.999074,0.2421875,0.0042845393,-14.264667,-14.275457,-3.226469,516.00806,2.5209937,2.6231048e-05,36.056602,-0.2543582,-9.133664,0.44553894,1.0,0.99901867,0.17578125,0.0047801207,-14.046421,-14.056646,-3.5847397,486.09412,2.0907266,2.4053157e-05,0.999012,0.16308594,0.0048133926,-13.7453785,-13.755256,-3.641232,318.50906,1.8740778,1.4226471e-05,0.023598967695236207,28296.83112192154,525000
28.624609,-0.2293722,-9.130664,0.44478893,1.0,0.9990635,0.24316406,0.0042990036,-14.187008,-14.197659,-3.2905111,222.09079,0.766184,3.5277724e-06,0.82055604,-0.91211605,13.335516,0.9990597,0.22265625,0.004333888,-13.98741,-13.997828,-3.3292248,314.0698,1.0529742,2.0490967e-05,36.405693,-0.22716887,-9.1733,0.45544773,1.0,0.9990244,0.15625,0.0047185323,-14.029268,-14.039447,-3.6156807,162.6917,0.8449664,1.3844909e-06,0.999032,0.14550781,0.0047588786,-13.869408,-13.879363,-3.6840959,556.94446,1.362597,8.4640055e-07,0.02358445496559143,28414.753404855728,530000
27.431877,-0.25341672,-9.17498,0.45586804,1.0,0.99906635,0.25195312,0.004277765,-14.332771,-14.343609,-3.2456923,278.55203,1.2818372,7.5551607e-06,0.7753316,-1.4825087,15.413642,0.9990635,0.22949219,0.0042943433,-14.116275,-14.126887,-3.2592642,88.78625,0.8754976,3.4773235e-05,29.848179,-0.29087603,-9.185156,0.45841193,1.0,0.9990406,0.17089844,0.0047126655,-13.878717,-13.88867,-3.697219,516.2079,1.2904696,4.0420123e-06,0.99904346,0.16308594,0.0047564926,-13.675457,-13.6851635,-3.7442145,768.10443,1.7375541,6.6538473e-07,0.023596720933914184,28532.73701119423,535000
31.060421,-0.24611685,-9.136826,0.44632944,1.0,0.99907494,0.27148438,0.0041610925,-14.290485,-14.301406,-3.119749,190.22092,1.1020281,3.561317e-07,1.3427792,-0.9284151,16.300209,0.9990721,0.24902344,0.0041814954,-14.065399,-14.076093,-3.125773,168.8736,1.2650545,3.8050922e-07,39.256706,-0.22982554,-9.165426,0.45347953,1.0,0.9990263,0.18359375,0.004698963,-14.108886,-14.119148,-3.6093326,274.72217,1.1196029,4.676955e-06,0.99903107,0.16796875,0.0047216993,-13.800495,-13.810406,-3.6608539,435.97513,1.2741175,1.3061799e-06,0.02360051603317261,28650.739595651627,540000
34.620613,-0.19849232,-9.155509,0.4510001,1.0,0.9990654,0.25,0.0041681086,-14.321711,-14.332635,-3.1468086,322.45215,1.4836987,4.2606257e-06,1.3837419,-1.8774278,19.957083,0.9990654,0.2265625,0.0042456463,-14.11824,-14.128885,-3.2281356,320.1293,1.7648469,4.8278107e-06,34.347187,-0.26976568,-9.148639,0.44928256,1.0,0.9990349,0.19433594,0.0046613533,-13.926832,-13.936948,-3.5781362,4364.554,3.9740326,2.2700463e-06,0.9990339,0.16992188,0.004701107,-13.675293,-13.68511,-3.6342578,669.0555,2.3461003,2.5224806e-05,0.023582790899276732,28768.653554201126,545000
31.612225,-0.16561176,-9.119549,0.4420101,1.0,0.9990597,0.26171875,0.004194448,-14.409703,-14.420693,-3.1671443,487.66937,1.2204161,3.7292025e-06,1.5366356,-1.0593014,17.635239,0.9990616,0.24511719,0.0042223227,-14.160013,-14.170726,-3.201569,1021.5352,2.0711353,5.474781e-06,44.38035,-0.21282281,-9.145048,0.44838503,1.0,0.99902534,0.203125,0.004667655,-14.261606,-14.272134,-3.4927006,1226.9288,3.1556406,5.3360363e-06,0.999012,0.1796875,0.00473696,-13.944037,-13.954156,-3.5922358,4651.701,6.792142,6.4636397e-06,0.02359272904396057,28886.617211341858,550000
35.45163,-0.22106819,-9.15036,0.44971296,1.0,0.99906826,0.26171875,0.004227613,-14.495024,-14.506083,-3.180273,286.42548,1.245215,4.288133e-06,1.0174917,-1.6556262,20.46782,0.9990616,0.24023438,0.004273393,-14.4183655,-14.429279,-3.2549357,204.89828,1.052316,1.3836204e-05,40.978695,-0.20320424,-9.153534,0.4505067,1.0,0.99904156,0.19433594,0.00464459,-13.930061,-13.940152,-3.6065457,436.12402,1.6020932,2.2811555e-06,0.999033,0.19042969,0.0046821474,-13.82809,-13.83802,-3.6691196,80.23947,0.7131753,7.345469e-07,0.023583681201934815,29004.535621404648,555000
33.687828,-0.24590608,-9.148863,0.44933873,1.0,0.9990721,0.25976562,0.0041867746,-14.410273,-14.421248,-3.1803532,221.56898,0.97295046,4.1165582e-05,0.97066826,-1.1346538,19.66514,0.9990692,0.22949219,0.004247237,-14.162615,-14.173296,-3.236876,203.668,1.3165607,1.9805671e-05,33.74193,-0.24446961,-9.175766,0.4560647,1.0,0.99903584,0.19140625,0.0046514524,-14.146347,-14.156684,-3.571579,1339.0837,2.032083,3.8052283e-06,0.999033,0.18554688,0.0046888865,-13.887091,-13.897167,-3.5787785,1790.4854,3.1255074,3.8277617e-06,0.023568448781967163,29122.3778693676,560000
30.606564,-0.23361501,-9.167987,0.45411968,1.0,0.9990635,0.24316406,0.0042822715,-14.284636,-14.295406,-3.265635,240.86217,1.1261283,1.4292897e-06,1.3527801,-1.9437046,22.392437,0.99906063,0.21972656,0.004322539,-14.067989,-14.078518,-3.2967541,93.864296,1.0405487,4.058196e-06,34.29686,-0.21274605,-9.179289,0.45694527,1.0,0.99902725,0.16699219,0.0048096487,-13.888573,-13.898396,-3.8379421,222.25244,0.57572544,1.6292066e-06,0.9990339,0.14746094,0.004827291,-13.634059,-13.64359,-3.8839755,217.6552,0.5509766,3.3282756e-06,0.026544065570831298,29255.098198652267,565000
31.5447,-0.22243226,-9.125809,0.44357497,1.0,0.9990692,0.27441406,0.004242871,-14.613758,-14.624931,-3.183474,185.57645,1.1618372,1.2300449e-05,1.1407657,-0.930686,16.57976,0.9990635,0.23730469,0.004289922,-14.375876,-14.386777,-3.2241037,238.7884,1.7475294,4.2535817e-06,37.999683,-0.20544715,-9.180342,0.45720837,1.0,0.999033,0.19335938,0.004726612,-14.117615,-14.12783,-3.668402,606.56946,1.5128103,1.9551635e-06,0.999033,0.1640625,0.004782882,-13.88843,-13.898374,-3.7163033,402.6109,1.5163887,2.8239813e-06,0.027776674890518188,29393.981577157974,570000
33.014973,-0.1927093,-9.185722,0.4585535,1.0,0.99907684,0.28320312,0.004192445,-14.495779,-14.506884,-3.1355264,845.64844,1.8569462,8.2634915e-07,1.5152028,-1.769996,20.088387,0.9990759,0.23535156,0.0042853057,-14.27358,-14.284363,-3.2413893,186.32329,1.5626827,1.7170682e-05,35.588028,-0.22155416,-9.2185955,0.46677178,1.0,0.99901867,0.1640625,0.0048008347,-13.982452,-13.992472,-3.7311375,972.47754,1.8263824,8.3722045e-07,0.99901676,0.15039062,0.0048047528,-13.771556,-13.781372,-3.7302954,554.23474,1.5390426,4.6430168e-07,0.02356623167991638,29511.812738656998,575000
38.789978,-0.17148365,-9.160451,0.4522357,1.0,0.99908257,0.25,0.0041877357,-14.4159565,-14.426971,-3.1466403,238.88121,1.8524644,3.2512182e-07,1.6954519,-1.823426,20.875214,0.9990692,0.23730469,0.0042426893,-14.207123,-14.217877,-3.2050023,98.62467,1.5211759,3.746316e-06,32.933586,-0.28028542,-9.151447,0.44998497,1.0,0.99903584,0.18554688,0.0046857665,-14.053732,-14.063975,-3.5740905,344.80035,1.1495231,3.2684719e-07,0.99903107,0.17285156,0.004718552,-13.824438,-13.834425,-3.6072671,3030.5647,4.1313925,1.5419254e-06,0.023563067388534545,29629.62807893753,580000
33.964066,-0.20996042,-9.122795,0.44282168,1.0,0.99906063,0.2548828,0.004231275,-14.287912,-14.298696,-3.256608,122.469826,0.6070378,2.452934e-05,1.2945867,-2.059944,20.701265,0.99905777,0.23828125,0.0042530913,-14.07148,-14.082047,-3.2611077,75.08979,0.62034416,3.2400476e-05,43.7483,-0.20980051,-9.177561,0.45651317,1.0,0.9990282,0.18164062,0.0047275433,-14.047687,-14.057783,-3.7187707,17280.232,9.593919,4.959279e-09,0.9990263,0.15625,0.0047643166,-13.770538,-13.780348,-3.7355657,802.2994,1.4670286,8.871115e-07,0.019358782911300658,29726.421997070312,585000
30.610165,-0.18953148,-9.122903,0.44284862,1.0,0.99906826,0.2734375,0.004261517,-14.497484,-14.508515,-3.2128649,212.55565,1.3040764,5.5589862e-06,0.69309145,-1.0286751,15.994699,0.99906826,0.25097656,0.004294078,-14.249384,-14.260113,-3.2732065,133.49672,1.281179,1.4736923e-05,52.404484,-0.18770286,-9.168011,0.45412552,1.0,0.9990034,0.18554688,0.0047930637,-14.031228,-14.041347,-3.6794267,4360.627,3.2698643,8.290911e-06,0.9990082,0.17871094,0.004830395,-13.745664,-13.755436,-3.7476783,528.68304,1.2048795,2.1321896e-06,0.017204321956634523,29812.443610429764,590000
30.408619,-0.22162408,-9.153378,0.4504674,1.0,0.99906445,0.24121094,0.004292459,-14.393904,-14.404769,-3.2793372,1211.6821,1.9007483,8.414819e-06,0.92834246,-1.8914354,20.15918,0.99905586,0.20898438,0.00437116,-14.136093,-14.146639,-3.348114,612.38007,1.3355005,7.648317e-06,40.11511,-0.22540663,-9.147379,0.44896764,1.0,0.9990387,0.18261719,0.004672426,-14.221469,-14.231802,-3.6510262,276.97235,1.0130107,3.8224503e-06,0.9990387,0.17285156,0.004762842,-13.864104,-13.874035,-3.705779,204.25133,1.0042328,4.290237e-07,0.017213607263565064,29898.511649608612,595000
35.00247,-0.20277786,-9.146168,0.44866484,1.0,0.9990673,0.25976562,0.0043032835,-14.238437,-14.249146,-3.281469,400.82025,1.3975704,0.00010507149,0.8654772,-1.3343413,22.910585,0.9990597,0.22265625,0.004358691,-14.08008,-14.090566,-3.3541205,65.47581,0.6806052,2.1664457e-05,51.525753,-0.19237652,-9.155281,0.45094305,1.0,0.99903107,0.19628906,0.004671277,-14.098658,-14.108923,-3.596698,1020.0779,1.9978076,2.275682e-06,0.99902534,0.18261719,0.0046838336,-13.795866,-13.805789,-3.6445656,4082.2422,4.6270123,1.2492835e-06,0.017197087478637695,29984.497091054916,600000
31.77922,-0.23717338,-9.099574,0.43701655,1.0,0.9990654,0.24609375,0.0042275395,-14.446414,-14.457384,-3.2236357,278.71823,1.3293774,2.611935e-06,1.328601,-0.8222258,16.305962,0.9990597,0.21972656,0.004265625,-14.234829,-14.245574,-3.243448,233.48268,1.4661525,5.4444727e-06,40.890884,-0.2342011,-9.174376,0.45571685,1.0,0.9990387,0.16894531,0.0046909577,-14.132843,-14.143089,-3.6516256,1700.6389,2.5560806,1.7588653e-07,0.9990387,0.16992188,0.004724787,-13.899997,-13.909956,-3.711605,580.18726,2.164515,1.3816372e-05,0.3878845030784607,31923.91960978508,605000
30.977385,-0.18397638,-9.128872,0.44434077,1.0,0.99905396,0.23632812,0.0043297065,-14.207549,-14.2181835,-3.32873,423.01178,0.9701036,4.859557e-05,1.3976176,-1.1453719,20.562923,0.99905396,0.203125,0.00440408,-14.084198,-14.094645,-3.39727,147.13791,0.82782125,2.7650234e-05,36.113945,-0.23791873,-9.142144,0.4476591,1.0,0.9990406,0.20214844,0.0046620765,-14.078685,-14.088941,-3.5875583,739.2418,1.4398569,7.7296323e-07,0.99903774,0.16699219,0.0047117407,-13.794395,-13.804292,-3.6706915,149.12318,0.9324734,7.5409474e-07,0.02363958239555359,32042.117525339127,610000
29.46483,-0.20087087,-9.135841,0.44608343,1.0,0.99905777,0.24023438,0.004254433,-14.378283,-14.389149,-3.2616787,503.80893,1.3875413,3.7609068e-06,0.94236374,-1.0268159,17.04674,0.9990473,0.21582031,0.004297352,-14.150945,-14.16152,-3.3332963,160.86015,0.88286734,1.1733633e-07,30.596014,-0.26859695,-9.142406,0.44772464,1.0,0.99903584,0.18945312,0.004743534,-14.199672,-14.2099695,-3.6651564,612.59564,1.9398643,2.9388e-07,0.9990339,0.17773438,0.0047697867,-14.001481,-14.011542,-3.7085676,592.5576,2.0149357,7.183329e-07,0.023622650575637817,32160.23078107834,615000
25.068005,-0.2610378,-9.188769,0.45931512,1.0,0.9990673,0.23925781,0.004324387,-14.452594,-14.463429,-3.3678465,330.2212,1.0152543,2.9119923e-05,0.9641477,-1.0637004,15.27471,0.9990692,0.22753906,0.004344526,-14.233568,-14.244172,-3.3862655,72.326454,0.7358645,1.9673109e-05,42.733917,-0.23337643,-9.151354,0.44996142,1.0,0.9990349,0.20214844,0.004655837,-14.172819,-14.1831455,-3.609566,2934.2334,3.1983666,1.3674402e-06,0.99903965,0.16796875,0.0046963496,-13.839048,-13.848989,-3.669836,487.07166,1.8832306,2.1961541e-06,0.02361768627166748,32278.319218158722,620000
29.67686,-0.2174989,-9.15487,0.4508404,1.0,0.99906826,0.24511719,0.0042836047,-14.487326,-14.498343,-3.2151632,185.32434,1.5769134,4.6669743e-06,0.9155128,-0.5961905,15.14026,0.9990673,0.22851562,0.00428135,-14.344692,-14.355534,-3.254317,135.16975,1.0775995,7.254144e-06,39.248184,-0.22666869,-9.178291,0.4566959,1.0,0.99903584,0.20703125,0.004582146,-14.141546,-14.151953,-3.4975781,280.6041,1.0175002,1.1554778e-06,0.999033,0.18261719,0.0046581724,-13.946053,-13.956185,-3.580037,4450.213,6.090528,2.4522184e-05,0.023633000707626344,32396.484227895737,625000
28.15726,-0.2434381,-9.146795,0.4488219,1.0,0.99907494,0.26171875,0.004193079,-14.671482,-14.682744,-3.1499314,345.04922,1.7723279,8.5056786e-07,1.3031477,-0.94604385,15.658157,0.99907875,0.25976562,0.0042615435,-14.485601,-14.496623,-3.210909,352.22906,2.361356,1.2626025e-06,36.35231,-0.24833101,-9.205107,0.4633997,1.0,0.9990349,0.1875,0.0047761034,-13.994612,-14.004653,-3.722273,460.24838,1.2742581,2.589363e-08,0.9990339,0.16796875,0.0047993427,-13.641966,-13.651643,-3.7435758,485.1656,1.770644,2.3605828e-06,0.023624052333831788,32514.60450053215,630000
24.501205,-0.2568763,-9.142294,0.44769645,1.0,0.99905205,0.24804688,0.004280018,-14.455843,-14.466774,-3.273139,993.9886,1.6896656,7.6193564e-06,1.227523,-0.8399166,14.359055,0.99905586,0.22167969,0.004297164,-14.1453285,-14.155967,-3.2622855,716.4711,1.3888803,1.8737763e-05,41.06423,-0.23334685,-9.140423,0.4472289,1.0,0.99903584,0.1875,0.0047099805,-14.228652,-14.238986,-3.6578488,9823.957,9.699865,3.2728295e-07,0.9990301,0.17480469,0.0047631557,-13.944432,-13.95444,-3.70624,358.24597,1.9726349,7.986654e-06,0.0236202419757843,32632.705720186234,635000
31.38942,-0.21474108,-9.16614,0.45365807,1.0,0.99907494,0.24902344,0.0041846996,-14.690631,-14.70192,-3.1421242,234.50394,1.2886493,7.3237294e-07,1.1206646,-0.9301888,15.09917,0.9990692,0.23242188,0.0042162216,-14.488285,-14.499358,-3.1615312,282.27408,1.8413072,1.4598789e-05,32.62097,-0.23534751,-9.155118,0.45090243,1.0,0.999032,0.20410156,0.004631955,-14.016631,-14.026806,-3.6068254,193.98248,0.6942767,1.8205168e-07,0.9990368,0.1875,0.0046572913,-13.778986,-13.788887,-3.6507573,80.336754,0.68909657,7.894533e-06,0.02361102499961853,32750.76084971428,640000
39.330734,-0.22619264,-9.161834,0.45258144,1.0,0.99906635,0.24902344,0.004333582,-14.658173,-14.669281,-3.2939858,203.37956,1.325922,1.6265762e-05,1.3018111,-1.2754772,23.229866,0.9990635,0.23535156,0.0043836106,-14.372238,-14.383028,-3.3346386,792.49347,2.3171375,9.249082e-06,32.400208,-0.27136618,-9.150665,0.44978935,1.0,0.9990301,0.19726562,0.0046910443,-14.101831,-14.112126,-3.5706284,687.0885,2.0301228,3.8513978e-08,0.99902344,0.18066406,0.004742556,-13.836789,-13.846757,-3.6400418,5244.733,5.956793,3.9951593e-07,0.023585688495635988,32868.689294338226,645000
30.144989,-0.1831084,-9.1275425,0.44400868,1.0,0.99906445,0.22753906,0.004263308,-14.385443,-14.396281,-3.2982836,138.05621,0.88115317,5.9035706e-06,0.88853776,-1.4920391,16.625103,0.9990587,0.22265625,0.004302255,-14.146813,-14.157376,-3.3397474,424.76764,1.1800255,8.134055e-06,44.71941,-0.22711875,-9.160799,0.4523227,1.0,0.9990263,0.1875,0.0046619517,-14.13077,-14.1410885,-3.5756931,3669.1038,5.2863407,4.2637307e-06,0.9990206,0.16894531,0.0047298977,-13.853472,-13.863478,-3.6168559,977.2987,3.154819,1.4330361e-06,0.023624159002304076,32986.81009888649,650000
34.56594,-0.2149121,-9.154967,0.4508648,1.0,0.9990635,0.24414062,0.004337118,-14.357724,-14.3685,-3.3341894,244.81926,1.231957,4.951687e-06,1.2341455,-1.6911192,17.611847,0.9990673,0.21582031,0.0043686735,-14.172201,-14.182769,-3.3611927,170.85573,1.2754881,8.9974155e-06,43.124737,-0.21737476,-9.161244,0.45243394,1.0,0.9990082,0.18359375,0.004701003,-14.211629,-14.222068,-3.532758,2982.7637,4.2171993,3.3369652e-06,0.9989958,0.16503906,0.004773545,-13.964949,-13.975105,-3.575017,1550.9515,3.5557745,1.84804e-05,0.02358643412590027,33104.74227356911,655000
38.650925,-0.18386573,-9.128289,0.44419518,1.0,0.99907875,0.27734375,0.004152963,-14.551306,-14.562517,-3.0813625,360.43152,1.4873762,1.3687128e-05,1.2886487,-1.1774046,21.528034,0.9990673,0.25683594,0.0041899337,-14.407801,-14.418826,-3.1280773,252.70993,1.3285499,2.4253532e-05,41.023914,-0.2372372,-9.173705,0.4555492,1.0,0.999033,0.17480469,0.0046683485,-13.967974,-13.978174,-3.5326161,17322.836,11.108547,3.9356573e-06,0.9990339,0.1640625,0.0047027133,-13.673724,-13.683584,-3.5867991,940.518,3.675393,3.9915662e-06,0.02855632848739624,33247.52391695976,660000
35.798363,-0.18587096,-9.164328,0.45320493,1.0,0.9990654,0.23144531,0.0043163355,-14.342766,-14.353558,-3.302077,542.22003,1.4476172,1.0338219e-05,1.2676316,-1.3048427,20.462519,0.99906254,0.23242188,0.0043247407,-14.122566,-14.133137,-3.3092096,260.4245,1.2441998,2.5283547e-05,42.537987,-0.20549664,-9.180815,0.45732653,1.0,0.99902725,0.17871094,0.004823493,-13.976552,-13.986509,-3.7897272,541.91534,1.2599356,2.8745004e-09,0.9990282,0.16210938,0.004859736,-13.74288,-13.752522,-3.8786254,340.97253,0.817035,1.4967794e-07,0.026507612657546996,33380.061983823776,665000
32.20051,-0.20465861,-9.179298,0.4569475,1.0,0.9990692,0.24609375,0.0042632436,-14.729321,-14.740532,-3.2594042,1017.8098,1.6000912,3.4393884e-07,1.0649444,-0.7368212,17.346191,0.99906254,0.21191406,0.0043155625,-14.505909,-14.516839,-3.3234754,106.46671,0.9201889,1.4343487e-06,42.39634,-0.19338825,-9.15624,0.45118302,1.0,0.9990454,0.18164062,0.0047017517,-13.987908,-13.997943,-3.7218976,255.72086,0.8408687,2.985425e-08,0.99904156,0.171875,0.0047452087,-13.756327,-13.766095,-3.7627702,53.20946,0.36155978,1.9780784e-06,0.023601754331588745,33498.07075881958,670000
41.896313,-0.17122816,-9.1724825,0.4552437,1.0,0.99906254,0.24804688,0.004245607,-14.451149,-14.462138,-3.209789,304.79163,1.4059172,5.028886e-05,2.95542,-2.1536622,28.976955,0.9990616,0.22851562,0.0043130987,-14.2623825,-14.273121,-3.2772882,153.58395,1.3570983,1.3526907e-05,41.035385,-0.18782611,-9.133972,0.44561607,1.0,0.9990301,0.18457031,0.0047270106,-14.025997,-14.036181,-3.6078386,575.4718,2.5641289,1.1656892e-06,0.999033,0.16113281,0.0047811205,-13.759546,-13.7693815,-3.6984608,2824.482,4.7385726,8.292164e-07,0.023586295318603515,33616.0022380352,675000
34.185127,-0.18986344,-9.122828,0.44283003,1.0,0.99905396,0.23535156,0.00434519,-14.454547,-14.465449,-3.3010979,523.81244,1.4641566,1.6217612e-06,1.332964,-2.4577925,23.497553,0.99905014,0.21484375,0.0043588043,-14.202025,-14.212641,-3.3428533,276.80438,1.0270348,3.1887612e-06,37.291298,-0.28608337,-9.204741,0.46330786,1.0,0.9990387,0.19042969,0.0046572536,-14.237972,-14.248373,-3.5984116,847.4892,1.5714632,1.7010036e-06,0.9990282,0.16699219,0.0047142524,-13.966215,-13.976287,-3.6624522,719.85724,2.338838,7.4231475e-06,0.02151416463851929,33723.57306289673,680000
35.592243,-0.2285851,-9.167912,0.45410073,1.0,0.9990692,0.27246094,0.004223059,-14.516222,-14.527267,-3.2175846,243.70613,0.90206254,1.2846455e-05,1.276734,-1.4259771,20.969433,0.9990597,0.234375,0.0042758184,-14.260009,-14.270743,-3.2773256,101.05717,0.86708623,2.7950888e-05,38.149258,-0.24787155,-9.177158,0.4564125,1.0,0.9990282,0.19140625,0.0046949005,-14.298549,-14.30904,-3.5644832,934.7255,2.0638871,1.2582403e-06,0.99902916,0.17773438,0.0047491053,-14.0161915,-14.026354,-3.6204388,693.75507,2.8777552,4.1024864e-06,0.017304945564270018,33810.0978000164,685000
34.77153,-0.23046853,-9.147988,0.4491202,1.0,0.9990692,0.25390625,0.004161969,-14.507084,-14.518186,-3.150478,264.4076,1.2193823,7.023054e-05,1.1485715,-1.027143,19.55252,0.99905777,0.23632812,0.0042202706,-14.168972,-14.179676,-3.2183304,117.14338,0.89756286,0.0001533755,44.391678,-0.21868184,-9.197121,0.46140295,1.0,0.99902344,0.17871094,0.004865885,-14.017581,-14.0276165,-3.7515423,209.7761,1.3804115,5.7564126e-08,0.9990225,0.15820312,0.0048893285,-13.713292,-13.723019,-3.7624757,1598.3346,4.1835427,4.0398945e-07,0.01727352156639099,33896.46541714668,690000
31.813444,-0.21306536,-9.180124,0.4571541,1.0,0.999073,0.26757812,0.0041677644,-14.614231,-14.625428,-3.1589622,722.693,1.4899168,2.0085083e-06,1.705301,-1.5812131,20.297684,0.9990654,0.24023438,0.0042084875,-14.517113,-14.528184,-3.1916852,185.72888,1.4156821,1.8982264e-05,34.768276,-0.22638902,-9.155607,0.45102483,1.0,0.99903584,0.19433594,0.0046397173,-13.997928,-14.008085,-3.6059718,1179.1857,1.4865637,1.1120654e-06,0.9990425,0.17773438,0.0046867,-13.71191,-13.721723,-3.6739628,209.7842,0.87883365,5.3830336e-06,0.017175017404556275,33982.34050798416,695000
32.58493,-0.19851975,-9.122541,0.44275832,1.0,0.999074,0.25878906,0.004282792,-14.395312,-14.406183,-3.2745848,548.846,1.5086157,4.305538e-05,2.2633715,-1.1649051,21.086563,0.99906826,0.24316406,0.004325797,-14.214346,-14.224981,-3.3348737,216.14261,1.1382252,5.3381667e-05,41.652145,-0.20292774,-9.168004,0.4541239,1.0,0.9990444,0.17773438,0.004693634,-14.094645,-14.104879,-3.6235924,1639.9155,3.7099102,8.719571e-06,0.9990406,0.17480469,0.0047216006,-13.839352,-13.8493185,-3.643069,2220.8103,5.227804,1.5168745e-05,0.023166978406906128,34098.1754052639,700000
29.06076,-0.27979547,-9.130787,0.44481966,1.0,0.9990549,0.24414062,0.004279685,-14.332862,-14.343634,-3.3123186,257.5619,0.650546,3.66076e-05,3.667698,-2.705762,25.601048,0.99905396,0.23339844,0.004349921,-14.219433,-14.230047,-3.3610187,81.51199,0.66880953,1.537691e-05,41.29464,-0.23447418,-9.154882,0.45084372,1.0,0.99902344,0.18164062,0.0047228434,-14.192217,-14.202552,-3.6188743,376.11844,1.4972348,3.8519212e-07,0.99901485,0.15625,0.0047443504,-14.015484,-14.02561,-3.6566148,997.741,2.262448,1.5781802e-07,0.36219220843315125,35909.13645195961,705000
29.526428,-0.19554618,-9.140375,0.4472167,1.0,0.9990673,0.25683594,0.004242319,-14.447148,-14.458121,-3.2219439,828.57587,1.3433893,4.6817117e-06,2.098305,-1.1370437,17.94056,0.99906635,0.24023438,0.004250033,-14.165722,-14.176427,-3.2160451,491.51743,1.963552,2.490398e-05,42.07272,-0.28894228,-9.152787,0.45031965,1.0,0.999032,0.19042969,0.0046562753,-14.379987,-14.390599,-3.5237422,5694.8413,6.307472,2.7619544e-06,0.99903584,0.16992188,0.004710276,-14.073702,-14.08395,-3.5898213,1168.2682,4.1742744,1.9234598e-05,0.02361159110069275,36027.19441318512,710000
26.761559,-0.29588914,-9.149002,0.44937336,1.0,0.99906635,0.25878906,0.004292605,-14.520536,-14.531546,-3.2582464,199.24214,0.94949687,7.037888e-06,0.76067626,-0.7607682,15.574821,0.99906063,0.23828125,0.004323669,-14.302204,-14.312987,-3.2707734,138.58882,0.9916898,2.2559483e-05,38.994312,-0.22950962,-9.167807,0.4540745,1.0,0.99901104,0.17089844,0.004866899,-14.078016,-14.088078,-3.784202,108.68526,0.6436318,9.106421e-09,0.9990139,0.15527344,0.0048655057,-13.804198,-13.813992,-3.785404,114.29686,0.72165334,5.8186547e-06,0.023625985622406007,36145.32434487343,715000
38.119896,-0.20071861,-9.127075,0.44389158,1.0,0.9990692,0.25585938,0.004215249,-14.717387,-14.728647,-3.199,148.69615,0.98652816,1.6786533e-06,1.5470235,-1.4842885,22.993282,0.9990692,0.23242188,0.0042200605,-14.505537,-14.516564,-3.2253995,98.641365,0.97409594,3.4702916e-06,35.078854,-0.21544325,-9.1761465,0.45615953,1.0,0.99903965,0.18261719,0.0046912595,-14.096201,-14.106409,-3.6536012,4588.9873,5.693913,1.9754466e-06,0.99903965,0.17285156,0.0047194706,-13.859156,-13.869091,-3.6955385,1059.6373,2.3325377,4.5203114e-06,0.02361894907951355,36263.41909408569,720000
30.465767,-0.21785928,-9.166207,0.45367476,1.0,0.9990711,0.27246094,0.0041145524,-14.649532,-14.660819,-3.102792,119.62055,1.3056775,1.9709578e-05,0.8681718,-1.3140242,15.395467,0.999074,0.25878906,0.0041909367,-14.522488,-14.533583,-3.173173,196.64719,1.3574145,0.00011716733,35.57392,-0.25073904,-9.171162,0.45491338,1.0,0.9990206,0.19042969,0.004774673,-14.035017,-14.045121,-3.6986632,211.77342,0.93370765,1.3933767e-07,0.9990158,0.16210938,0.0048311576,-13.977083,-13.987097,-3.7322838,222.47054,1.193733,7.873056e-07,0.02359718647003174,36381.40502858162,725000
32.429176,-0.23019424,-9.1697,0.45454788,1.0,0.99906445,0.26367188,0.004260772,-14.459608,-14.470533,-3.2828567,214.6341,1.0744936,2.8702532e-06,1.3857238,-1.8296287,21.50879,0.9990654,0.22460938,0.0043118643,-14.215083,-14.225741,-3.3111696,75.71894,0.9668113,6.696937e-06,30.087078,-0.24245419,-9.191916,0.46010208,1.0,0.99902534,0.20117188,0.004678515,-14.093853,-14.104042,-3.67061,1773.7076,1.5860566,4.0313233e-07,0.9990206,0.18164062,0.004704348,-13.861134,-13.871052,-3.715884,415.59442,1.1501181,3.3890765e-07,0.023617973756790162,36499.49490261078,730000
35.463516,-0.21138206,-9.154864,0.45083898,1.0,0.99906445,0.24707031,0.004272052,-14.486478,-14.49744,-3.2720096,565.86774,1.2523172,7.669122e-07,1.4242284,-1.4156181,21.063713,0.9990616,0.2265625,0.004312743,-14.268597,-14.279298,-3.3212965,363.34518,1.2655301,6.0773286e-06,41.134285,-0.23145267,-9.160694,0.45229644,1.0,0.99903774,0.21484375,0.004626807,-14.247764,-14.258219,-3.5514748,2715.257,4.2393227,6.7943495e-07,0.999033,0.1953125,0.004687462,-13.889938,-13.899958,-3.641118,377.69046,1.2062292,3.9181195e-06,0.023612826776504517,36617.559041023254,735000
38.502136,-0.19816385,-9.153206,0.4504244,1.0,0.9990597,0.2685547,0.004264647,-14.542383,-14.553433,-3.239387,468.56973,1.5877897,1.5668427e-05,1.620168,-1.343012,21.842548,0.99905777,0.23632812,0.0042948714,-14.3485365,-14.359348,-3.2883742,106.87332,1.0117736,5.7018064e-05,36.930897,-0.23435718,-9.191349,0.45996022,1.0,0.99901867,0.18554688,0.0048212265,-14.161011,-14.171219,-3.716773,2825.3455,4.3680177,3.9503092e-07,0.9990196,0.16699219,0.0048634405,-13.934036,-13.94394,-3.8015292,721.5391,2.4390802,1.838656e-05,0.023609026050567628,36735.604182720184,740000
27.662304,-0.28087342,-9.150703,0.44979894,1.0,0.9990692,0.27246094,0.004201135,-14.680281,-14.691537,-3.1645184,416.90143,1.7271519,1.8796967e-05,1.1190007,-1.0327866,17.4918,0.9990635,0.24902344,0.0042414838,-14.446105,-14.457102,-3.1955144,249.06122,1.735523,1.49007565e-05,31.471298,-0.31615627,-9.158939,0.4518576,1.0,0.99903107,0.18945312,0.0046027377,-14.265074,-14.275586,-3.5102887,571.33276,1.9243019,2.4545334e-06,0.9990301,0.18652344,0.0046505607,-13.938,-13.948182,-3.5216312,267.74997,2.1509209,5.8387996e-06,0.023602374124526978,36853.61605525017,745000
29.696049,-0.20837924,-9.123432,0.44298112,1.0,0.9990711,0.29296875,0.0042019207,-14.319635,-14.330555,-3.1493819,189.80775,1.0843427,8.872287e-06,1.1407661,-0.87929046,16.989746,0.9990616,0.25390625,0.0042501613,-14.149343,-14.160023,-3.2237077,237.15904,1.1094238,4.6122414e-06,40.222076,-0.20139498,-9.180253,0.4571861,1.0,0.99904156,0.1796875,0.004705668,-13.884383,-13.89443,-3.6061707,331.71826,1.0477743,1.5460932e-05,0.99903774,0.17382812,0.004759481,-13.580282,-13.589964,-3.6763215,91.697105,0.81731963,5.005777e-06,0.023614863538742065,36971.69038486481,750000
28.336693,-0.24230781,-9.124447,0.44323486,1.0,0.99907017,0.27246094,0.00411981,-14.689739,-14.701072,-3.096417,322.54825,1.5564184,8.349732e-06,0.9239018,-1.7677594,18.368835,0.9990797,0.25585938,0.004163143,-14.361274,-14.372254,-3.1276083,120.104546,1.4095275,8.327918e-06,37.26812,-0.28820243,-9.150747,0.4498098,1.0,0.9990206,0.20605469,0.004731876,-14.172614,-14.182912,-3.6373081,4957.0347,5.4535365,5.5008673e-09,0.9990206,0.17089844,0.004748768,-13.86846,-13.878432,-3.6667767,452.29196,1.6635845,2.7163648e-07,0.023574462842941284,37089.56271147728,755000
29.366377,-0.24543571,-9.100841,0.43733317,1.0,0.99906254,0.234375,0.0043500243,-14.423304,-14.434128,-3.3501194,59.531914,0.5212163,3.2396548e-07,1.3062584,-1.1467724,19.02255,0.9990597,0.22070312,0.0044042305,-14.154951,-14.165475,-3.3886454,151.15457,0.86647415,7.3228666e-06,35.49998,-0.2895282,-9.19638,0.4612178,1.0,0.999032,0.15234375,0.0047908425,-14.017513,-14.027559,-3.7405062,2535.036,2.1010027,4.245606e-08,0.9990301,0.1484375,0.0048743444,-13.677681,-13.687341,-3.7955883,314.3837,0.89846367,1.7390282e-06,0.02360743260383606,37207.59987926483,760000
30.51194,-0.20935105,-9.129245,0.44443431,1.0,0.99907875,0.2626953,0.0042492086,-14.634439,-14.645591,-3.2260287,207.34843,1.3464483,5.7193425e-05,1.1024141,-1.5926106,18.809517,0.9990778,0.24121094,0.004318036,-14.353329,-14.364155,-3.2782853,484.59958,2.0563853,1.1862281e-05,39.502174,-0.23482129,-9.157036,0.4513817,1.0,0.9990454,0.17871094,0.0047362987,-13.953384,-13.963379,-3.7287598,1790.8081,2.6907191,8.0654765e-08,0.99904156,0.15917969,0.0048096785,-13.687256,-13.696913,-3.8090935,466.9513,1.4597821,6.128564e-06,0.028008513879776,37347.64245223999,765000
37.035477,-0.18949746,-9.128745,0.4443092,1.0,0.99907494,0.27539062,0.0041892957,-14.633996,-14.64524,-3.1310706,259.78677,1.5230606,3.336087e-06,1.3219061,-1.4399521,21.261639,0.99906826,0.23535156,0.0042491057,-14.456848,-14.467856,-3.1951747,279.41537,1.3982681,1.936356e-05,36.94217,-0.20827419,-9.162787,0.4528199,1.0,0.99904346,0.17578125,0.0047254562,-14.080961,-14.091105,-3.7022734,501.72678,1.075174,2.7479903e-06,0.99904156,0.15429688,0.0048119696,-13.859063,-13.868916,-3.7800078,156.05107,1.037183,3.7505913e-06,0.024259076595306395,37468.93783950806,770000
33.025875,-0.19600476,-9.110552,0.4397609,1.0,0.9990587,0.25390625,0.004230814,-14.670945,-14.682138,-3.2202277,220.57512,0.9498861,4.7218993e-05,1.3169112,-0.87143475,16.215511,0.99905777,0.22167969,0.0042899633,-14.5729885,-14.584016,-3.2920878,135.93542,1.0711865,5.062048e-05,37.128178,-0.25299338,-9.182238,0.4576824,1.0,0.99902534,0.18554688,0.004699879,-14.267053,-14.27746,-3.6193988,1507.7046,2.5292826,3.298049e-07,0.9990244,0.1640625,0.004769289,-14.092347,-14.102541,-3.6644154,177.04358,1.1632744,3.7316426e-08,0.02370377116203308,37587.456704854965,775000
25.952436,-0.22167102,-9.177518,0.45650247,1.0,0.99907017,0.2421875,0.0042559123,-14.552889,-14.563983,-3.2038007,357.54953,1.1756532,7.244009e-06,0.44673613,-0.91600347,11.23987,0.9990635,0.24511719,0.004305671,-14.374964,-14.385809,-3.280984,179.8871,1.0122266,3.2350379e-06,37.737797,-0.23448543,-9.125251,0.44343567,1.0,0.9990406,0.16113281,0.0047694677,-14.097809,-14.107927,-3.7468195,225.63402,0.9106499,1.0704231e-08,0.99903584,0.15722656,0.0048099738,-13.947176,-13.957113,-3.7823048,349.77805,1.7477543,2.6312674e-07,0.02369750351905823,37705.944232940674,780000
28.831532,-0.22873811,-9.176304,0.4561989,1.0,0.99907494,0.3017578,0.0041328482,-14.550344,-14.561576,-3.0596993,1329.4824,2.85363,5.445532e-06,0.71157336,-0.8562003,16.08049,0.9990711,0.2529297,0.004198437,-14.3859215,-14.396928,-3.125821,484.15494,2.3962889,1.1567187e-05,33.943054,-0.22107084,-9.173736,0.45555687,1.0,0.99902344,0.18652344,0.004700844,-13.971689,-13.981837,-3.5897198,7984.787,6.8015018,7.578437e-07,0.9990225,0.16894531,0.0047437595,-13.759293,-13.769206,-3.6178064,4539.124,6.7524652,5.8240066e-06,0.017875627613067626,37795.32237315178,785000
35.641323,-0.20322524,-9.189312,0.45945075,1.0,0.99906635,0.24511719,0.0042649806,-14.6953945,-14.70655,-3.283554,211.59032,1.282989,1.6753036e-05,1.5086356,-1.3459295,22.961483,0.99906254,0.23339844,0.0043059746,-14.42494,-14.435781,-3.3351798,192.83136,1.2304609,6.295869e-05,45.779118,-0.227505,-9.162098,0.45264763,1.0,0.99903107,0.18554688,0.004706654,-14.298848,-14.309252,-3.6558464,8077.5303,5.216919,2.1938337e-07,0.999033,0.17578125,0.004709902,-13.984614,-13.994683,-3.6845086,1457.0752,2.6404145,1.3124626e-05,0.01743869814872742,37882.51586771011,790000
34.618797,-0.19089633,-9.167282,0.45394337,1.0,0.99906826,0.2529297,0.004243683,-14.6995125,-14.710743,-3.2109652,136.21768,0.96684504,3.350465e-05,1.083102,-2.2936249,21.45864,0.9990549,0.22363281,0.004320251,-14.440592,-14.451487,-3.2945065,114.78569,1.0765212,4.2006453e-05,37.388313,-0.25404325,-9.214615,0.46577662,1.0,0.99903774,0.1875,0.0046749646,-14.188568,-14.19891,-3.609851,374.65814,1.2528083,1.4541692e-07,0.99903107,0.1796875,0.0046956018,-13.946256,-13.956342,-3.627791,357.39352,1.8915894,2.6294616e-05,0.018546282720565795,37975.24728488922,795000
27.306234,-0.25840735,-9.155329,0.45095527,1.0,0.9990845,0.28222656,0.004109806,-14.867781,-14.879312,-3.0722322,409.8028,1.9234877,1.9008959e-06,1.3030626,-0.8145579,17.80919,0.9990845,0.26464844,0.00412261,-14.589447,-14.600708,-3.069254,585.9432,2.2647653,2.4484034e-06,38.872986,-0.23080426,-9.194569,0.460765,1.0,0.9990368,0.19140625,0.004685601,-14.000977,-14.011093,-3.651226,287.34448,1.0239545,4.3044622e-07,0.9990368,0.17382812,0.0047336966,-13.742588,-13.752407,-3.698006,437.01517,1.5347042,1.0267349e-05,0.02373656792640686,38093.93012905121,800000
30.591713,-0.23723911,-9.129459,0.4444879,1.0,0.99906826,0.2705078,0.0041823033,-14.773966,-14.785308,-3.1703115,575.0851,1.8611181,3.206321e-07,1.1753342,-1.834749,24.829544,0.99906254,0.23242188,0.0042557786,-14.575306,-14.586378,-3.2491105,763.8439,2.41917,5.5286205e-07,40.96737,-0.22610751,-9.15964,0.45203316,1.0,0.99903774,0.19433594,0.004625786,-14.124287,-14.134611,-3.5614111,790.73175,1.8186889,1.8611048e-07,0.9990339,0.17675781,0.0046675303,-13.897617,-13.907666,-3.6173115,251.75447,1.4999553,4.8199167e-06,0.3773062825202942,39980.461544275284,805000
35.380886,-0.17452656,-9.14362,0.4480276,1.0,0.99906445,0.24804688,0.0042752745,-14.580537,-14.591588,-3.2752771,415.86462,1.6966902,6.651637e-06,2.1308718,-1.0188507,20.506004,0.99905777,0.22753906,0.004316055,-14.366996,-14.37778,-3.3344355,233.22229,1.0322855,0.00011624432,40.054176,-0.2629738,-9.19534,0.460958,1.0,0.99902725,0.16601562,0.004852359,-14.139578,-14.149654,-3.8314009,539.3405,1.1787481,4.499701e-06,0.9990282,0.1484375,0.0048787156,-13.849176,-13.8589115,-3.8916354,126.72635,0.7204226,2.4105914e-06,0.02360819926261902,40098.50254392624,810000
32.751152,-0.2099269,-9.166037,0.45363197,1.0,0.99906635,0.26464844,0.004208304,-14.661359,-14.672598,-3.1644902,94.55047,0.8604045,2.185504e-05,1.1125336,-1.343061,20.031164,0.99906635,0.24023438,0.004283255,-14.4926815,-14.503685,-3.2358248,159.224,0.9927669,5.4109798e-05,38.116432,-0.27834883,-9.251609,0.4750253,1.0,0.99902725,0.16503906,0.0048717,-14.165769,-14.175926,-3.7753134,1158.6864,1.3738128,1.3235507e-06,0.9990206,0.14648438,0.0049063424,-13.935215,-13.94511,-3.8133507,1417.802,2.3180637,1.7281266e-06,0.02358986086845398,40216.45185160637,815000
27.530298,-0.24462524,-9.1862335,0.45868137,1.0,0.9990635,0.25683594,0.0042485707,-14.522882,-14.533941,-3.2103283,388.9851,1.3882288,1.7483713e-05,1.0149937,-0.83805585,16.866352,0.99906254,0.23339844,0.004276924,-14.293854,-14.304664,-3.2334974,343.31613,1.7461519,8.66906e-06,36.175316,-0.2815623,-9.191169,0.45991525,1.0,0.9990301,0.17089844,0.004736314,-14.0022335,-14.012308,-3.6967037,1927.7546,1.9368422,5.453629e-08,0.9990339,0.16015625,0.0047544544,-13.726022,-13.735806,-3.7151127,408.45142,1.8217936,3.7809506e-05,0.023601865434646607,40334.46118378639,820000
29.835484,-0.23030551,-9.156622,0.45127863,1.0,0.9990759,0.26464844,0.004152473,-14.747356,-14.758733,-3.109177,592.5774,2.2868388,1.3122649e-05,0.809873,-1.233453,19.062294,0.99907017,0.23144531,0.0042048264,-14.542549,-14.553672,-3.1653645,734.64136,2.5383463,9.971358e-06,34.95405,-0.21597838,-9.188224,0.45917886,1.0,0.99904346,0.18652344,0.0046908716,-14.023315,-14.033468,-3.6352122,1243.72,2.041398,1.8288732e-05,0.99903584,0.17480469,0.0047161276,-13.8269825,-13.836882,-3.6998665,66.349724,0.56413746,2.4185072e-05,0.02360023889541626,40452.46238207817,825000
30.692135,-0.2234773,-9.125342,0.44345862,1.0,0.99907875,0.25390625,0.004184791,-14.591279,-14.602465,-3.148281,696.75867,1.6405046,4.3684904e-06,1.386472,-2.1715906,18.418613,0.99908066,0.25390625,0.0042258976,-14.3075485,-14.318437,-3.1690865,437.6942,1.729793,6.7045094e-06,40.69277,-0.26467937,-9.179951,0.45711076,1.0,0.9990339,0.1875,0.004685172,-14.242352,-14.252751,-3.6037674,395.5258,1.8498795,1.9693765e-08,0.99903107,0.16601562,0.0047391737,-13.892763,-13.902755,-3.670207,1381.83,2.932682,1.3853177e-06,0.023597114896774293,40570.447957754135,830000
34.89934,-0.20709866,-9.151235,0.44993168,1.0,0.9990721,0.27929688,0.004240038,-14.711974,-14.723254,-3.1721349,505.36176,2.3264742,2.1401654e-08,1.4090747,-1.2474537,25.14125,0.9990673,0.24316406,0.0042951107,-14.611486,-14.62261,-3.232345,413.2545,2.484342,4.011693e-08,41.934998,-0.17826816,-9.176168,0.4561649,1.0,0.9990339,0.21386719,0.0045841793,-13.99576,-14.005982,-3.5390654,372.6537,1.4664938,3.5920685e-08,0.99903107,0.1875,0.004650928,-13.879593,-13.889638,-3.6031,694.42004,1.7654738,7.9393274e-08,0.023583008861541747,40688.36301112175,835000
36.76237,-0.17662236,-9.115055,0.44088674,1.0,0.999073,0.25585938,0.0041911164,-14.858089,-14.869518,-3.1660886,324.5496,1.4430343,4.9039872e-06,1.7496257,-2.8156135,24.333902,0.99906635,0.234375,0.004263182,-14.601453,-14.612554,-3.2459874,261.5483,1.8072014,1.4502499e-05,31.44838,-0.24571258,-9.181084,0.45739403,1.0,0.9990425,0.1796875,0.0046669524,-14.26717,-14.277572,-3.626205,337.09055,1.139857,1.9933436e-06,0.9990349,0.16992188,0.0047086915,-13.998783,-14.008872,-3.6774387,1033.091,2.219988,6.8454406e-06,0.02358810019493103,40806.303517103195,840000
31.267536,-0.27017474,-9.195391,0.4609704,1.0,0.99908066,0.2529297,0.0042056283,-14.827553,-14.838932,-3.1867282,265.35623,1.2943332,6.325952e-06,1.1505086,-1.6157511,21.84301,0.99907684,0.22851562,0.0042345785,-14.656006,-14.667205,-3.1986058,161.44025,1.3089764,7.4862355e-06,37.446594,-0.26122114,-9.177744,0.4565589,1.0,0.99903584,0.203125,0.004596103,-14.203936,-14.214384,-3.5150075,325.97614,1.332928,1.6004735e-06,0.99903584,0.19140625,0.0046304567,-13.96191,-13.972075,-3.5633323,754.0806,1.8266404,1.0764051e-05,0.023597211027145387,40924.289576768875,845000
28.207462,-0.24435684,-9.191744,0.46005875,1.0,0.99907494,0.24414062,0.004281437,-14.765903,-14.777155,-3.2559717,566.7199,1.63998,2.0711745e-06,1.8351725,-1.0358258,19.903816,0.99907494,0.21679688,0.004305836,-14.556295,-14.567321,-3.2779562,165.15367,1.1193664,1.4957179e-05,42.29938,-0.2567261,-9.170155,0.45466173,1.0,0.9990244,0.19726562,0.0047372566,-14.060155,-14.070348,-3.6330314,5054.6978,5.43316,1.812037e-08,0.9990244,0.18359375,0.004769801,-13.851342,-13.86133,-3.634093,1036.8762,3.2796106,3.0191334e-06,0.023594890785217284,41042.264033555984,850000
27.73036,-0.2590789,-9.179703,0.45704868,1.0,0.99907875,0.265625,0.0041819317,-14.74911,-14.7604685,-3.1299844,12971.457,7.847942,5.4132734e-08,1.3726007,-1.5016997,17.921322,0.9990711,0.25,0.0042107664,-14.510121,-14.521248,-3.1286411,218.00908,1.6306243,1.2635041e-07,41.5232,-0.2444086,-9.136234,0.4461817,1.0,0.9990473,0.20117188,0.004650796,-14.137154,-14.1474695,-3.5837233,1004.5719,3.4735057,8.916187e-07,0.99904823,0.18457031,0.0047110175,-13.955891,-13.966001,-3.6128411,639.41284,2.3139558,2.1744872e-07,0.028176962423324584,41183.148850917816,855000
32.90118,-0.2022501,-9.162622,0.45277852,1.0,0.99908257,0.2705078,0.00418009,-14.767544,-14.778917,-3.1332664,478.40918,2.0219052,1.4743262e-05,1.3210809,-1.5448885,21.590897,0.9990673,0.25,0.0042151874,-14.5863085,-14.597471,-3.1664822,579.3175,2.0514975,3.224788e-05,36.950695,-0.20975801,-9.169442,0.45448342,1.0,0.99903107,0.19140625,0.004688535,-14.202469,-14.212857,-3.5754304,224.3875,1.3674886,1.9650936e-06,0.999033,0.18066406,0.0047649248,-13.9229145,-13.932977,-3.6291816,792.3525,2.769287,3.6762178e-06,0.03020038285255432,41334.15077018738,860000
26.142181,-0.22703937,-9.154953,0.45086122,1.0,0.9990616,0.26757812,0.0042669764,-14.571083,-14.582177,-3.222019,446.798,1.3957298,6.424429e-07,0.5476905,-1.0313573,13.389488,0.9990635,0.2578125,0.004315262,-14.220248,-14.230963,-3.2601016,106.801796,0.9478372,4.2926254e-06,39.657944,-0.2617859,-9.192761,0.4603135,1.0,0.99903584,0.20996094,0.0045731487,-14.254114,-14.264644,-3.4826446,565.2499,1.8168957,1.4728513e-06,0.9990368,0.18554688,0.004622952,-13.845617,-13.855684,-3.5469322,253.5828,1.101563,5.2363125e-06,0.02630285816192627,41465.665063619614,865000
28.095303,-0.25125158,-9.172058,0.45513773,1.0,0.99907017,0.26464844,0.004192297,-14.756525,-14.767814,-3.208609,192.67621,1.1723616,4.5813923e-08,1.6139894,-1.0714306,18.086926,0.99907684,0.23535156,0.0042586704,-14.392861,-14.403743,-3.2595916,172.24448,1.1709778,1.258915e-06,33.4433,-0.24495083,-9.204089,0.4631452,1.0,0.9990263,0.19628906,0.004685112,-14.324341,-14.334819,-3.6053944,362.3049,1.5124762,6.0750307e-07,0.9990301,0.18457031,0.004708076,-13.945764,-13.955824,-3.6547189,204.35927,1.2101059,2.6892244e-06,0.02391278738975525,41585.2290019989,870000
30.890106,-0.20312709,-9.164,0.45312285,1.0,0.99906063,0.23925781,0.0043216124,-14.430775,-14.441663,-3.291861,172.5214,0.8917093,2.4156741e-05,1.8734542,-1.6286504,21.304409,0.99905014,0.22949219,0.0043818736,-14.284448,-14.295118,-3.3673968,130.90523,0.9929739,2.9489098e-05,38.835793,-0.2235768,-9.172144,0.45515913,1.0,0.99902916,0.18847656,0.004740439,-14.161274,-14.171574,-3.6251688,1864.5208,3.125811,1.1116211e-08,0.9990282,0.1796875,0.0047505596,-13.954855,-13.964922,-3.6563315,455.24762,1.9989167,2.9631755e-08,0.023912480401992797,41704.79140543938,875000
33.802956,-0.20295721,-9.113779,0.4405678,1.0,0.99907875,0.25976562,0.004195302,-14.68842,-14.6996765,-3.1734912,200.70381,1.0946264,2.5254243e-05,2.5615065,-0.986826,21.866936,0.99907017,0.24414062,0.004257613,-14.370681,-14.381558,-3.2432952,164.6465,1.249471,3.6204543e-05,39.493843,-0.23262669,-9.165272,0.45344085,1.0,0.9990473,0.19628906,0.004641842,-14.288054,-14.298559,-3.5422254,301.98193,1.4328227,1.0354253e-05,0.99903965,0.18359375,0.004655485,-13.9719925,-13.982142,-3.5883355,138.10948,1.0600581,1.611972e-05,0.026766198539733888,41838.6224052906,880000
35.963173,-0.19664423,-9.130575,0.44476667,1.0,0.999074,0.2734375,0.004165412,-14.64503,-14.656279,-3.1370685,143.4581,1.1342891,4.055248e-06,3.394732,-1.0788594,23.426353,0.9990711,0.24902344,0.0042627426,-14.495687,-14.506664,-3.2656128,132.98564,1.2613623,1.1855348e-05,35.081276,-0.30001763,-9.22635,0.46871057,1.0,0.99902725,0.18359375,0.004776925,-14.136079,-14.146242,-3.739096,445.20892,1.2032703,4.8535565e-08,0.99902534,0.16503906,0.0048143216,-13.897688,-13.907575,-3.7833533,1018.46765,2.5136278,1.0825427e-05,0.023971289348602296,41958.47885751724,885000
30.221848,-0.22366539,-9.169957,0.45461208,1.0,0.9990635,0.25878906,0.004214273,-14.741144,-14.752434,-3.1910381,138.15988,1.1187749,3.0903364e-05,1.8246058,-0.93581235,16.431606,0.99906826,0.23925781,0.00427885,-14.438834,-14.449777,-3.244886,118.727585,1.3065675,1.6725227e-05,38.462692,-0.24385248,-9.176088,0.45614523,1.0,0.9990349,0.19042969,0.0047172355,-14.185224,-14.195545,-3.625651,610.3461,1.4863665,5.6862677e-06,0.999032,0.16894531,0.0047850455,-13.94635,-13.956395,-3.669665,1455.7916,4.770068,4.5890583e-06,0.023964244985580443,42078.300085544586,890000
30.173603,-0.21228167,-9.104738,0.4383074,1.0,0.99907017,0.27441406,0.004166873,-14.797152,-14.808575,-3.1122599,925.17444,1.819543,5.3777793e-08,2.6180058,-2.7402394,28.825848,0.9990692,0.25683594,0.004200402,-14.690646,-14.701934,-3.1432295,306.35858,1.6540608,1.6305777e-06,35.09691,-0.23266456,-9.176128,0.45615506,1.0,0.99902916,0.17675781,0.0047601312,-13.981087,-13.991199,-3.6373682,1412.9825,3.4899807,9.182086e-08,0.9990301,0.15820312,0.0048092073,-13.86906,-13.879002,-3.697953,1658.5115,4.0911965,2.0399732e-07,0.024022055196762086,42198.41036295891,895000
24.175251,-0.275978,-9.16206,0.45263788,1.0,0.9990673,0.24511719,0.0042518396,-14.592596,-14.603689,-3.2434013,213.30608,1.0395485,1.767644e-06,0.934195,-1.1989744,14.188038,0.99906254,0.234375,0.004288586,-14.424904,-14.43582,-3.2573705,244.50183,1.2054698,4.382279e-05,30.993202,-0.23729594,-9.19183,0.4600804,1.0,0.999033,0.1953125,0.0046703974,-14.156177,-14.166458,-3.637483,420.76028,0.94857746,2.1814337e-06,0.99902916,0.18066406,0.004746161,-13.921448,-13.931459,-3.6789684,78.123375,0.74778605,3.0394717e-06,0.02393553943634033,42318.088061094284,900000
41.357834,-0.20017867,-9.121637,0.4425322,1.0,0.999073,0.24804688,0.004249949,-14.680229,-14.691448,-3.202603,3184.9495,3.6863232,2.1555106e-05,1.7431164,-2.9759247,26.962307,0.99907017,0.23242188,0.0043131653,-14.567833,-14.57887,-3.2774425,315.9457,2.0397174,7.989984e-06,36.80288,-0.2320836,-9.17227,0.4551905,1.0,0.9990301,0.16894531,0.0048109875,-14.20499,-14.215256,-3.7028477,5240.138,4.5757775,1.8263868e-06,0.9990263,0.16210938,0.004831731,-13.966686,-13.976688,-3.7348037,253.64893,1.5164423,1.1275132e-05,0.3388338337421417,44012.257231235504,905000
35.17113,-0.1936198,-9.114042,0.44063377,1.0,0.9990654,0.25585938,0.004253284,-14.681244,-14.692432,-3.2350814,346.49582,1.2894157,2.3045675e-06,2.3268907,-1.435908,21.693779,0.99906063,0.25,0.004281805,-14.604105,-14.615206,-3.2487316,364.3699,1.7674863,1.7574326e-06,35.46558,-0.28942972,-9.182901,0.45784828,1.0,0.9990425,0.1796875,0.0046804487,-14.115461,-14.12568,-3.6610463,285.21576,1.0702626,2.8737593e-06,0.9990368,0.15722656,0.004730962,-13.974508,-13.984541,-3.711051,2396.6277,3.5151098,7.0153015e-07,0.023593615293502807,44130.225318193436,910000
29.483482,-0.26968905,-9.129578,0.4445176,1.0,0.9990711,0.2607422,0.0042156843,-14.764137,-14.775433,-3.2086394,1067.2838,1.9086404,2.4565556e-05,0.8895581,-1.0126016,17.2313,0.99907017,0.25585938,0.0042304667,-14.44718,-14.458177,-3.1966958,219.65756,1.3696755,2.0628706e-05,43.861343,-0.20270129,-9.178702,0.4567985,1.0,0.99903107,0.19042969,0.004642049,-14.209472,-14.219832,-3.6095245,681.26447,2.009872,6.0851374e-07,0.9990387,0.17480469,0.0046883347,-13.930248,-13.940323,-3.6234872,506.55093,2.2439675,3.3564372e-06,0.023620298624038697,44248.327476263046,915000
37.196877,-0.22759497,-9.118879,0.4418428,1.0,0.99907494,0.28222656,0.004083354,-14.983885,-14.995557,-3.042767,998.68726,2.1301303,1.9012783e-06,1.2283485,-1.7276977,23.853018,0.999073,0.2578125,0.0041513625,-14.762082,-14.773482,-3.1008382,356.99414,1.8714885,3.0780597e-05,33.141674,-0.2936033,-9.166528,0.453755,1.0,0.9990368,0.17480469,0.0047600865,-14.157263,-14.167492,-3.693118,1796.2687,2.736058,2.931367e-06,0.9990368,0.16699219,0.0048123766,-13.939257,-13.949253,-3.7137928,1424.5863,2.8408732,1.0769452e-05,0.023583279275894164,44366.24387598038,920000
23.122963,-0.26746374,-9.151575,0.45001686,1.0,0.9990816,0.26757812,0.004172319,-14.826273,-14.837738,-3.0977097,176.57455,1.694155,5.2985996e-07,1.5791576,-1.6269993,17.446709,0.9990635,0.2421875,0.0042229868,-14.58878,-14.599963,-3.1486592,218.48615,1.7418998,6.350469e-06,39.691,-0.26482558,-9.159165,0.45191443,1.0,0.99903107,0.18457031,0.004696371,-14.287172,-14.297612,-3.6072643,941.9209,1.7905236,3.030571e-08,0.99902916,0.16992188,0.0047458727,-14.047663,-14.057823,-3.6530614,1383.1346,2.43231,3.923483e-07,0.02359797716140747,44484.23376464844,925000
25.72118,-0.24596319,-9.164112,0.45315105,1.0,0.99906635,0.24316406,0.004301821,-14.749148,-14.7603445,-3.2961793,217.58972,1.4175324,9.372322e-07,0.77372336,-0.69286275,13.006102,0.99907494,0.23339844,0.0043175835,-14.503195,-14.514132,-3.3138733,160.93343,1.5440722,8.1838107e-07,38.80819,-0.20065802,-9.180859,0.45733786,1.0,0.999033,0.171875,0.004746055,-14.124605,-14.134802,-3.6923203,563.42163,1.9464185,6.6975176e-08,0.9990225,0.16015625,0.004781946,-13.9225235,-13.932477,-3.7411323,2379.017,3.3735845,5.3506053e-08,0.023607667255401612,44602.27210402489,930000
33.390602,-0.21130948,-9.192643,0.46028382,1.0,0.99906254,0.28222656,0.004108732,-14.688045,-14.699379,-3.0934198,92.52309,0.9641578,1.731747e-05,1.305318,-1.2961752,20.497282,0.9990721,0.24707031,0.0041833334,-14.444638,-14.455665,-3.1658182,158.6861,0.94051576,2.004526e-06,41.406986,-0.25820252,-9.16217,0.45266533,1.0,0.9990444,0.17675781,0.004726561,-14.284557,-14.294992,-3.609898,2401.6992,5.1488304,3.593924e-07,0.9990349,0.16699219,0.0047639376,-13.988735,-13.998836,-3.65665,756.22095,2.3723094,1.2686992e-06,0.023571729135513305,44720.130753040314,935000
30.459589,-0.2324249,-9.159527,0.45200464,1.0,0.999073,0.25683594,0.004204704,-14.675691,-14.686977,-3.1286166,426.47284,1.6260201,2.9895236e-07,1.5952659,-0.82832134,17.360249,0.9990711,0.24121094,0.0042664376,-14.30995,-14.320817,-3.192808,330.96463,1.5923505,5.997476e-06,41.34545,-0.222395,-9.173488,0.4554949,1.0,0.99904156,0.19433594,0.00465999,-14.047968,-14.058203,-3.578269,1009.9927,2.3909307,9.650931e-06,0.9990349,0.18554688,0.004722292,-13.776785,-13.786669,-3.6657348,1459.9572,3.164542,5.6036464e-07,0.023030521154403686,44835.2835381031,940000
24.524208,-0.25821263,-9.178265,0.456689,1.0,0.9990616,0.24609375,0.004198311,-14.703133,-14.714422,-3.1534312,524.76666,1.4693639,2.2272534e-05,0.95545745,-0.87783766,14.0318775,0.99906445,0.22167969,0.0042712605,-14.424686,-14.435629,-3.2300172,224.93716,1.1744381,5.3158492e-05,34.96116,-0.25639075,-9.190208,0.45967507,1.0,0.99903107,0.18847656,0.0046828026,-14.35318,-14.363684,-3.60652,423.085,1.5759885,1.8767591e-07,0.999033,0.17480469,0.004714689,-14.030788,-14.040974,-3.6112056,711.70917,2.3720584,7.341817e-06,0.02286259274482727,44949.596506118774,945000
32.747368,-0.22175863,-9.100513,0.43725145,1.0,0.99907875,0.24121094,0.0043071886,-14.663862,-14.675004,-3.2655082,264.46747,1.5965047,1.2604767e-06,1.7800716,-0.9399172,17.53239,0.9990673,0.21777344,0.0043589547,-14.450566,-14.461438,-3.3275857,246.83473,1.4473464,1.0507484e-05,40.71798,-0.22169471,-9.146303,0.4486986,1.0,0.99903774,0.171875,0.00468917,-14.076084,-14.086317,-3.6079278,2228.055,3.4370327,2.6522475e-06,0.9990301,0.1640625,0.004731193,-13.849178,-13.85916,-3.6369553,2198.9043,6.0444603,5.3313515e-06,0.02284306311607361,45063.81182599068,950000
30.61007,-0.21509671,-9.153524,0.45050418,1.0,0.999073,0.27441406,0.0042273887,-14.526226,-14.537326,-3.1707916,170.87758,1.2705088,2.6119278e-06,0.8147164,-1.718062,17.67279,0.999073,0.25,0.0042636236,-14.370195,-14.381117,-3.1967225,350.42194,1.8774974,6.1351864e-05,40.06252,-0.2100017,-9.186022,0.4586283,1.0,0.99903584,0.1796875,0.0046977773,-14.000332,-14.010472,-3.6266603,3956.6033,5.1227474,1.7421762e-05,0.9990339,0.17382812,0.004722764,-13.804281,-13.814168,-3.6911168,1142.6095,2.1507056,1.672175e-05,0.022811102199554442,45177.86734032631,955000
34.58839,-0.18187147,-9.111833,0.4400811,1.0,0.9990721,0.2548828,0.004247997,-14.67875,-14.689935,-3.2368746,451.56488,1.6234565,1.5727614e-06,0.9849591,-1.3352989,19.92203,0.9990654,0.234375,0.00428827,-14.454292,-14.465208,-3.2867146,264.40466,1.3813504,1.1792174e-06,41.37156,-0.21739513,-9.209183,0.46441862,1.0,0.999012,0.18359375,0.0048088115,-14.279975,-14.290378,-3.6383324,1384.4622,2.23373,6.192139e-07,0.999012,0.16796875,0.0047889026,-13.949981,-13.960029,-3.669705,416.41644,1.583173,1.4882919e-07,0.02288649206161499,45292.29998588562,960000
29.127842,-0.20857407,-9.177622,0.4565283,1.0,0.9990616,0.27539062,0.004128782,-14.413456,-14.424504,-3.1111348,203.28036,1.0684996,2.7059426e-05,1.1056954,-0.8520787,15.556856,0.99906635,0.2421875,0.004181235,-14.467693,-14.478754,-3.1520455,210.00157,0.9939798,6.258138e-05,42.710995,-0.24332155,-9.170362,0.4547136,1.0,0.99903107,0.18066406,0.004724513,-14.208315,-14.218687,-3.5972483,2448.9912,3.6578407,9.156644e-07,0.99903107,0.15722656,0.0047553387,-14.15455,-14.16479,-3.6790397,310.96173,1.332783,4.972267e-06,0.017737205600738524,45380.98601770401,965000
27.399319,-0.2585668,-9.142099,0.44764763,1.0,0.9990797,0.26367188,0.0041592447,-14.803501,-14.814914,-3.127613,524.8745,1.4573019,5.612926e-05,1.5960742,-0.8696231,16.397003,0.9990597,0.2421875,0.0042127585,-14.609049,-14.620217,-3.1828756,116.31039,1.0469235,6.6430315e-05,34.797348,-0.2814955,-9.196854,0.4613362,1.0,0.9990263,0.18652344,0.0046679033,-14.363468,-14.374006,-3.5829828,407.27402,1.568413,2.0562922e-09,0.9990244,0.18554688,0.0046762996,-14.104765,-14.115063,-3.5710106,562.9012,1.7714313,3.9902966e-07,0.015562368488311768,45458.797862291336,970000
28.359066,-0.22164682,-9.13032,0.4447029,1.0,0.999074,0.26757812,0.004224155,-14.607648,-14.618839,-3.159433,99.93284,0.9914305,3.4585628e-06,1.2509301,-1.242605,18.226536,0.99907684,0.24707031,0.0042576916,-14.280378,-14.29122,-3.190686,113.29648,1.0641261,5.2876885e-06,28.728577,-0.24205616,-9.168524,0.4542538,1.0,0.999032,0.18945312,0.004715569,-14.06768,-14.077832,-3.6825333,804.648,2.1791868,2.1274693e-06,0.99903965,0.17871094,0.004748477,-13.702395,-13.712171,-3.7024121,1636.8257,2.6176355,1.598467e-05,0.015576637506484985,45536.681051015854,975000
28.651178,-0.22633189,-9.124764,0.44331408,1.0,0.99906635,0.2705078,0.0042524775,-14.749191,-14.760435,-3.2474074,286.97217,1.2223632,5.143995e-07,1.1458343,-1.1362635,17.13699,0.99906063,0.25390625,0.004275632,-14.55014,-14.561143,-3.2953541,191.72446,1.0259621,1.6545158e-06,31.177952,-0.25694466,-9.146225,0.44867918,1.0,0.9990454,0.203125,0.004714614,-14.137771,-14.1479025,-3.7716622,955.2971,1.1560643,6.0359406e-07,0.9990368,0.18359375,0.0047239475,-13.910141,-13.920047,-3.7767308,209.01416,0.9129615,5.411756e-06,0.01358562273979187,45604.609167575836,980000
33.32408,-0.23598059,-9.17365,0.4555354,1.0,0.9990673,0.26464844,0.004225554,-14.728861,-14.740101,-3.2302165,282.97974,1.1121935,1.4631299e-06,2.704967,-2.0613816,22.585121,0.99906635,0.22265625,0.004275404,-14.508639,-14.519644,-3.2517433,99.375496,0.969911,2.2145116e-05,29.06649,-0.2706135,-9.17984,0.45708302,1.0,0.9990425,0.18554688,0.004691292,-14.301316,-14.311758,-3.6189747,5385.015,4.4972534,4.4064134e-07,0.99902344,0.18261719,0.004747755,-14.0780945,-14.088289,-3.6492467,392.42346,1.8455005,2.154222e-07,0.008914985179901124,45649.184096097946,985000
33.31791,-0.20005412,-9.150453,0.44973612,1.0,0.9990692,0.26464844,0.004224316,-14.719708,-14.730965,-3.2030106,455.36334,1.7983468,2.0652622e-05,2.3675594,-1.7419274,18.413246,0.9990692,0.24414062,0.0042608,-14.507636,-14.518638,-3.253985,84.3345,1.0320706,1.6200524e-05,43.12647,-0.26959383,-9.190163,0.45966345,1.0,0.99902916,0.17089844,0.004737734,-14.004091,-14.01413,-3.7339203,3304.7087,3.425304,1.2654674e-07,0.9990368,0.16015625,0.004753088,-13.718901,-13.728641,-3.7558026,157.90349,1.0631115,1.4217385e-05,0.00892450714111328,45693.806634664536,990000
29.058254,-0.24715373,-9.160085,0.4521441,1.0,0.9990635,0.26367188,0.004267161,-14.710647,-14.721869,-3.2303376,196.43295,1.4044303,1.6152229e-06,0.95138097,-1.5255871,19.122435,0.9990654,0.25,0.0042851577,-14.536074,-14.547127,-3.227557,176.77498,1.4840608,2.6130415e-06,37.192787,-0.27597877,-9.156887,0.4513448,1.0,0.9990444,0.18847656,0.004691814,-14.227694,-14.238031,-3.6528986,195.24829,1.1186595,1.6288253e-07,0.9990444,0.19042969,0.0047147227,-14.014439,-14.024577,-3.6417227,231.73065,1.0669132,9.7145445e-08,0.008909439611434937,45738.35383582115,995000
27.628838,-0.25568753,-9.155531,0.45100564,1.0,0.99907494,0.2841797,0.0042044315,-14.755238,-14.766564,-3.1691835,176.45084,1.2221768,1.4776185e-09,2.4989138,-1.5946469,22.838104,0.99907017,0.24121094,0.0042410074,-14.496806,-14.507873,-3.1753807,218.29004,1.488592,2.901046e-07,37.336407,-0.21656469,-9.190073,0.45964122,1.0,0.99902916,0.17871094,0.0047007836,-14.220424,-14.230738,-3.6701746,205.67491,0.8902112,2.6350783e-06,0.99903107,0.17285156,0.004755941,-13.953917,-13.963906,-3.7353115,214.77783,0.81674385,2.4744606e-05,0.00891655306816101,45782.93660378456,1000000
