training/actor/actor_loss,training/actor/adv,training/actor/bc_log_prob,training/actor/mse,training/actor/std,training/critic/binary_accuracy,training/critic/categorical_accuracy,training/critic/contrastive_loss,training/critic/logits,training/critic/logits_neg,training/critic/logits_pos,training/critic/v_max,training/critic/v_mean,training/critic/v_min,training/grad/max,training/grad/min,training/grad/norm,training/value/binary_accuracy,training/value/categorical_accuracy,training/value/contrastive_loss,training/value/logits,training/value/logits_neg,training/value/logits_pos,training/value/v_max,training/value/v_mean,training/value/v_min,validation/actor/actor_loss,validation/actor/adv,validation/actor/bc_log_prob,validation/actor/mse,validation/actor/std,validation/critic/binary_accuracy,validation/critic/categorical_accuracy,validation/critic/contrastive_loss,validation/critic/logits,validation/critic/logits_neg,validation/critic/logits_pos,validation/critic/v_max,validation/critic/v_mean,validation/critic/v_min,validation/value/binary_accuracy,validation/value/categorical_accuracy,validation/value/contrastive_loss,validation/value/logits,validation/value/logits_neg,validation/value/logits_pos,validation/value/v_max,validation/value/v_mean,validation/value/v_min,time/epoch_time,time/total_time,step
33.380173,-0.8164668,-5.067755,0.1892251,1.0,0.5674753,0.0,0.7479663,-0.11062963,-0.110496126,-0.24720497,32.15782,1.2777957,0.024727989,0.47723007,-0.9818791,69.69576,0.51990795,0.001953125,0.769687,-0.06079974,-0.0608848,0.02621336,15.180243,1.5974132,0.081311055,18.664858,-0.90264034,-5.103528,0.20353425,1.0,0.99902344,0.0,0.022529423,-4.7282553,-4.728141,-4.845093,0.34437153,0.01771849,9.91794e-05,0.99901676,0.0009765625,0.020992685,-4.661161,-4.6611996,-4.621444,0.31664726,0.0195097,0.00027582457,0.01829153618812561,91.45768308639526,1
16.66616,-0.42393392,-4.6533055,0.02344512,1.0,0.9993391,0.68847656,0.0022007218,-21.788853,-21.809395,-0.77117133,55.86493,1.7192209,6.102418e-08,0.08770703,-0.529783,2.945732,0.9993191,0.6796875,0.0022003578,-21.796288,-21.816916,-0.69331837,78.514786,1.9312125,5.0288925e-08,29.458778,-0.48556057,-4.65033,0.022255087,1.0,0.9979601,0.34179688,0.00523087,-21.174063,-21.194002,-0.77346724,435.46277,3.194674,4.3038918e-07,0.9978447,0.3330078,0.005390626,-21.121609,-21.141539,-0.73167986,89.20224,3.1867652,3.8681165e-08,0.6279474677562714,3231.1950290203094,5000
36.99782,-0.43713284,-4.6493797,0.021874925,1.0,0.99943924,0.7890625,0.001584418,-21.087301,-21.108128,0.21970686,100.76567,4.050852,8.870012e-06,0.6988724,-0.5133157,4.005412,0.9994116,0.78027344,0.0015546374,-20.990242,-21.01091,0.15157714,75.97065,3.695125,7.049791e-06,63.64408,-0.62653667,-4.6453304,0.020255184,1.0,0.9983301,0.32421875,0.004988606,-20.648827,-20.6675,-1.5464597,1132.0015,4.955698,4.6534296e-09,0.99820614,0.30566406,0.0050593507,-20.594578,-20.613121,-1.6241002,183.2645,3.692162,1.645208e-09,0.5624490354537964,6043.440210580826,10000
43.02184,-0.4652014,-4.646864,0.020868672,1.0,0.9995403,0.8496094,0.0012220332,-21.071846,-21.093145,0.71847105,197.18446,5.9320755,1.7628117e-05,0.30757758,-0.5418205,3.8843198,0.99949646,0.84277344,0.0012387882,-20.885063,-20.906082,0.6209091,338.29004,5.850207,1.4665615e-05,80.9794,-0.9261643,-4.6458206,0.020451296,1.0,0.9983454,0.33203125,0.0051811016,-20.394062,-20.412367,-1.6669543,412.7897,6.3970375,4.2755897e-09,0.9983778,0.3095703,0.0049616504,-20.326595,-20.344692,-1.810502,1243.6227,7.221715,4.076182e-08,0.2894371361732483,7490.625896930695,15000
37.921562,-0.5745131,-4.653592,0.023559773,1.0,0.99955654,0.85839844,0.0011232947,-20.774298,-20.795467,0.88387597,392.78366,6.9600387,0.00015799174,0.8178686,-0.6429893,4.56605,0.9995432,0.8466797,0.0011172049,-20.507412,-20.528376,0.9357232,113.03703,7.1183243,1.6956263e-06,73.050934,-1.0113103,-4.6428695,0.019270737,1.0,0.99839306,0.35253906,0.0053281942,-20.135313,-20.153072,-1.9664831,2293.2903,7.729939,4.4730925e-10,0.9983721,0.35058594,0.00534229,-20.071398,-20.089008,-2.0581882,773.3296,7.1681986,1.2999012e-09,0.01140182523727417,7547.635027170181,20000
39.08184,-0.47821158,-4.64209,0.018958766,1.0,0.99956036,0.8535156,0.0010595164,-20.223934,-20.244848,1.1721587,385.01395,7.8345904,0.0005340175,0.3630017,-0.30015683,3.7729378,0.99955845,0.8574219,0.0010474697,-19.990572,-20.011204,1.1159565,447.70206,7.714426,0.00043146592,77.99154,-1.0027746,-4.646405,0.020684918,1.0,0.99846935,0.36035156,0.005317374,-19.881622,-19.898813,-2.2964804,2161.9653,7.919236,6.0322767e-12,0.9984207,0.3310547,0.0053436067,-19.679966,-19.696829,-2.4299936,1536.4175,6.08776,4.504591e-10,0.28900986638069154,8992.68436217308,25000
41.569496,-0.3617499,-4.6442013,0.019803347,1.0,0.9995632,0.85839844,0.0010587783,-19.910713,-19.931421,1.2734433,985.8575,8.628433,0.00026538468,0.27824974,-0.68443024,3.6953874,0.9995527,0.85058594,0.0010755691,-19.771297,-19.791773,1.1731284,117.84791,7.709503,4.0489354e-05,72.00983,-1.1894168,-4.644925,0.020092983,1.0,0.99843216,0.32226562,0.005248837,-19.542522,-19.55935,-2.326728,385.11453,5.2459297,8.574976e-10,0.99834347,0.3203125,0.0052867904,-19.371222,-19.387949,-2.2601695,512.675,6.0092287,6.462151e-09,0.006740615606307983,9026.387446165085,30000
29.706886,-0.53292775,-4.6450224,0.02013171,1.0,0.9996195,0.8828125,0.00095590693,-19.822357,-19.842825,1.11675,248.90889,6.8370123,3.3476383e-05,0.42357194,-0.22236209,3.2051022,0.99960613,0.86621094,0.0009653788,-19.526129,-19.546368,1.1781545,188.57932,7.5250688,0.00023076708,80.898605,-0.91592026,-4.6422067,0.01900577,1.0,0.9985132,0.32128906,0.0054664174,-19.32041,-19.336681,-2.673562,704.39526,5.340065,6.2245753e-10,0.9983759,0.30859375,0.005585506,-18.978434,-18.994402,-2.6432765,994.97644,5.135273,5.9078276e-10,0.289306489610672,10472.91989850998,35000
30.279243,-0.53074133,-4.640464,0.018308548,1.0,0.9996166,0.875,0.0009844723,-19.476063,-19.496296,1.2221565,123.49814,7.114041,0.0006968766,0.5261985,-0.39882582,3.084206,0.99959564,0.86621094,0.00097202975,-19.148151,-19.168093,1.2507232,99.545616,6.9677796,0.002432498,82.17854,-0.8765894,-4.6441,0.019762961,1.0,0.99851894,0.3330078,0.00517793,-19.166975,-19.183186,-2.5845919,324.78876,4.3950596,5.530637e-10,0.9984646,0.32617188,0.0051680766,-18.944378,-18.960304,-2.6486437,267.085,3.591435,2.6004185e-09,0.00784881706237793,10512.163987398148,40000
29.64846,-0.46040243,-4.6408873,0.018478,1.0,0.99962425,0.890625,0.00090796396,-19.546745,-19.566992,1.1666365,275.7189,6.596697,0.00039077032,0.41603506,-0.4809992,3.9915667,0.99962234,0.88378906,0.0009049439,-19.322346,-19.34235,1.1408215,125.7618,6.2852573,0.00017762472,86.421486,-0.8206592,-4.6442857,0.01983724,1.0,0.99854565,0.33789062,0.005193368,-19.086975,-19.103062,-2.6317792,129.69656,3.6700697,2.0166653e-10,0.99850273,0.29492188,0.005147879,-18.948147,-18.963919,-2.8130035,127.572624,3.0064692,8.143574e-11,0.31361343050003054,12080.231142044067,45000
24.216171,-0.4819482,-4.6435137,0.019528477,1.0,0.99959564,0.8779297,0.0009461777,-19.602789,-19.622908,0.97723335,143.63614,5.369003,0.00027665048,0.3816802,-0.19817492,3.2261972,0.99959755,0.8720703,0.00092917826,-19.334614,-19.354519,1.0265021,98.119995,5.5746565,0.00034362247,73.15683,-0.98093396,-4.644232,0.019815648,1.0,0.99857616,0.3076172,0.005183788,-19.154839,-19.170568,-3.0641809,511.7523,2.9943771,3.5603268e-10,0.9985666,0.29882812,0.0052215043,-18.939898,-18.955343,-3.1386108,208.7951,2.8123274,1.3189168e-09,0.011591675090789795,12138.189522504807,50000
29.1628,-0.40581438,-4.643379,0.019474661,1.0,0.9996681,0.9013672,0.0008327948,-19.217003,-19.237034,1.2753173,220.23409,7.530435,0.000104458726,0.22008324,-0.50817573,3.3858814,0.9996481,0.8964844,0.00084240595,-19.134388,-19.154322,1.256931,132.24445,7.3375516,0.0005592148,77.241394,-0.8816914,-4.638839,0.017658502,1.0,0.99859333,0.31445312,0.005185594,-18.893108,-18.908918,-2.7195108,673.09863,4.73835,1.6971727e-10,0.9985275,0.31835938,0.005058554,-18.801252,-18.816883,-2.80998,237.61702,2.9146032,8.325777e-11,0.3324494410037994,13800.436730384827,55000
27.262451,-0.44181976,-4.6461544,0.020584647,1.0,0.9996424,0.9082031,0.0008952045,-19.303726,-19.323786,1.2143688,94.05507,6.702644,6.047842e-06,0.19994414,-0.59162706,3.796887,0.9996166,0.890625,0.00091075036,-19.162973,-19.18288,1.1995835,353.64877,6.854132,0.000103362436,83.313644,-0.8174171,-4.6424437,0.019100493,1.0,0.9986067,0.34960938,0.004969159,-19.003109,-19.01904,-2.707922,328.1849,3.540754,2.3530091e-09,0.9986019,0.3486328,0.0049560973,-18.896938,-18.912622,-2.8523335,226.18718,2.9531927,1.7889699e-08,0.011524906635284424,13858.061267852783,60000
22.92078,-0.41814846,-4.6421785,0.018994262,1.0,0.99963284,0.8857422,0.000879448,-19.266445,-19.286566,1.3160152,111.1364,6.9518633,0.0009703074,0.49102157,-0.24546207,4.3357964,0.9996252,0.8769531,0.00089826,-19.080235,-19.100172,1.3183751,136.54582,7.241374,0.00016511473,74.1793,-0.9512218,-4.646563,0.020748232,1.0,0.99863243,0.32226562,0.005206473,-18.856129,-18.871555,-3.075786,224.26459,3.0508888,1.6442495e-11,0.99854946,0.31835938,0.00529874,-18.700508,-18.715723,-3.1363955,152.06314,2.6103144,7.0250383e-10,0.011560868835449219,13915.865616321564,65000
23.948818,-0.450615,-4.644408,0.019886186,1.0,0.9995928,0.8720703,0.00096253294,-19.307068,-19.327034,1.1169752,125.09357,6.270126,0.0013921856,0.22812048,-0.45622146,2.585021,0.9995718,0.87402344,0.00095298665,-19.057283,-19.077028,1.1426666,159.3225,6.5554543,0.0029027206,75.524025,-1.0405734,-4.6432295,0.019414585,1.0,0.9986677,0.3330078,0.005132663,-18.97271,-18.988157,-3.168892,295.08035,2.6771116,4.5123216e-10,0.99866295,0.31835938,0.005156339,-18.773758,-18.788902,-3.2826076,94.72046,2.3095307,1.4793724e-09,0.011572828912734985,13973.729764699936,70000
26.510227,-0.36847037,-4.6407824,0.018436044,1.0,0.9996433,0.8886719,0.000900591,-19.307371,-19.327335,1.114683,304.1773,6.395597,5.9014735e-07,0.6380863,-0.41823182,2.8249733,0.99964046,0.8779297,0.0009140518,-19.078041,-19.09776,1.0957475,79.78575,5.933753,2.6279575e-05,78.43766,-0.9841563,-4.643492,0.019519847,1.0,0.99871635,0.35253906,0.005058566,-19.040257,-19.055843,-3.0943005,352.05945,3.599569,4.1282497e-09,0.9986534,0.33398438,0.005077796,-18.885643,-18.900955,-3.220714,125.497986,2.4298546,2.7852376e-09,0.013692689943313598,14042.19321846962,75000
23.70384,-0.41303375,-4.638357,0.017465813,1.0,0.9996624,0.9003906,0.0008239666,-19.383396,-19.403498,1.1774964,145.60985,5.9671173,3.2653472e-05,0.17707641,-0.319978,1.8960502,0.99964714,0.8984375,0.00082072953,-19.165415,-19.185293,1.1691904,155.99742,5.91636,0.00013029951,85.70212,-0.8348299,-4.643486,0.019517437,1.0,0.99860954,0.3466797,0.0052120024,-18.997124,-19.012638,-3.1261601,156.45392,2.9472008,1.0627357e-11,0.9985628,0.32714844,0.005317887,-18.878376,-18.893616,-3.2893882,179.9281,2.4531891,1.8091195e-11,0.3265573519229889,15674.979979753494,80000
18.409397,-0.43368134,-4.642267,0.019029802,1.0,0.99963284,0.890625,0.0008902529,-19.226501,-19.24654,1.2735492,68.39814,6.6051884,1.152885e-05,0.1268998,-0.24535869,1.8864892,0.9996071,0.8876953,0.0009001768,-19.001238,-19.02106,1.2765357,86.94517,6.634906,4.4794747e-06,76.24831,-0.8855535,-4.639434,0.017896574,1.0,0.9986019,0.34472656,0.0050263237,-18.929754,-18.94543,-2.8933125,280.08447,2.8557916,4.3622947e-10,0.9986248,0.33496094,0.0049310387,-18.663048,-18.678434,-2.922855,231.12514,2.4930344,1.8544556e-09,0.007847698879241943,15714.218477487564,85000
24.19252,-0.33089444,-4.636888,0.016878143,1.0,0.9996443,0.89941406,0.0008581639,-19.150295,-19.170286,1.2988133,193.29028,7.145648,6.8577774e-06,0.17702317,-0.20120862,2.3626084,0.99963284,0.8935547,0.00085237145,-18.988121,-19.007915,1.2602252,67.316315,6.4944005,3.2749405e-05,79.86547,-0.839234,-4.644804,0.020044493,1.0,0.99865437,0.3544922,0.005004141,-18.957594,-18.973251,-2.93912,328.48615,3.0558968,2.0380878e-10,0.99866295,0.3203125,0.0049084127,-18.8614,-18.87685,-3.0561805,174.12657,2.283051,3.3065137e-11,0.007881542587280273,15753.626191854477,90000
22.915485,-0.34655872,-4.639743,0.018019995,1.0,0.9996195,0.88671875,0.0008742305,-19.20848,-19.22854,1.3108115,109.30336,6.7211757,0.0047682333,0.51704186,-0.34425718,3.5130186,0.9996147,0.88964844,0.00086730183,-19.135712,-19.155628,1.23895,61.703003,6.09653,0.01533119,78.45024,-0.7961782,-4.6472263,0.021013454,1.0,0.9986458,0.3486328,0.005087588,-18.888308,-18.903881,-2.9569955,221.75375,3.173559,3.017747e-09,0.9986143,0.32421875,0.005154657,-18.861952,-18.87741,-3.047285,264.40506,3.110144,4.397767e-10,0.008324274444580079,15795.247567415237,95000
22.816895,-0.39230943,-4.641097,0.01856177,1.0,0.9996147,0.8691406,0.0008895595,-19.227543,-19.24749,1.1761495,108.92141,6.0331144,0.002639451,0.47990245,-0.26245907,3.3531609,0.99960995,0.86816406,0.0008818081,-19.08321,-19.103014,1.1763842,60.521587,6.08502,0.0017507991,71.522446,-0.89322966,-4.6433115,0.0194476,1.0,0.9986744,0.359375,0.004848676,-18.849434,-18.865122,-2.8001513,130.73468,2.6891851,6.307166e-11,0.99865437,0.34472656,0.004785259,-18.712044,-18.727512,-2.889833,90.11887,2.3564773,3.9303905e-10,0.011571781587600707,15853.106479644775,100000
21.915638,-0.3440651,-4.6397634,0.018028248,1.0,0.9996414,0.88964844,0.00085435016,-19.283112,-19.303257,1.3265238,171.657,6.478144,0.00039621908,0.10695958,-0.27628624,2.3344042,0.99962425,0.89941406,0.0008531931,-19.10645,-19.126398,1.303555,194.17961,6.2622766,0.0048952545,91.84955,-0.7055944,-4.641729,0.018814584,1.0,0.99864674,0.3466797,0.005015563,-18.994415,-19.010012,-3.038339,222.44722,2.5141568,1.1517585e-09,0.99864674,0.3388672,0.00495013,-18.837978,-18.853285,-3.1767678,199.68822,2.3280106,1.8884037e-09,0.32256701698303225,17465.941567897797,105000
25.214968,-0.32097852,-4.6364417,0.01669962,1.0,0.9996643,0.90625,0.00083403697,-19.211786,-19.231764,1.2246975,102.05599,6.148076,0.0036362123,0.52766424,-0.32082996,2.3013458,0.99965096,0.89746094,0.00083152385,-19.022701,-19.042496,1.2252233,81.49516,6.1041536,0.0042102793,87.532455,-0.7677065,-4.6467295,0.02081478,1.0,0.9986582,0.3642578,0.0049132085,-18.91246,-18.928173,-2.8368256,112.28704,2.3446875,2.741649e-09,0.99861336,0.34960938,0.004959083,-18.716015,-18.731352,-3.0265722,308.79654,2.9233942,3.6725818e-09,0.007812524557113648,17505.004194259644,110000
22.01856,-0.39358804,-4.6327004,0.01520319,1.0,0.99965763,0.9003906,0.00082290825,-19.22966,-19.249699,1.2684145,173.34666,6.598929,0.0028125336,0.47418198,-0.42847443,2.9404762,0.99963665,0.8964844,0.0008329253,-18.970867,-18.990633,1.2503415,155.42088,6.4435606,0.004068279,73.65585,-0.91327256,-4.643104,0.019364636,1.0,0.9985962,0.3203125,0.0051691127,-18.997442,-19.012945,-3.1378071,450.6883,2.4343343,1.2306389e-10,0.9985647,0.31445312,0.005173291,-18.76478,-18.779978,-3.2175555,92.80534,2.1557324,1.391941e-09,0.007831679630279541,17544.162595510483,115000
19.403038,-0.35051644,-4.646143,0.020580236,1.0,0.9996643,0.89160156,0.00083041686,-19.241596,-19.261772,1.3985397,85.62586,7.0865574,0.0001858488,0.30249414,-0.8907529,3.4227366,0.99963,0.8808594,0.00083843793,-19.105476,-19.125475,1.3543091,65.59224,6.757922,0.00018199762,72.93466,-0.895664,-4.639882,0.018075705,1.0,0.9987354,0.35351562,0.004974194,-19.004686,-19.020279,-3.0534177,136.80573,2.8292627,1.8324239e-09,0.9986658,0.33496094,0.004980728,-18.820568,-18.835983,-3.0527964,231.71684,2.9207234,8.821803e-09,0.007878789758682251,17583.556546211243,120000
19.682108,-0.40846077,-4.637572,0.01715164,1.0,0.9996691,0.9042969,0.000795465,-19.331905,-19.352032,1.2558942,113.48735,6.2657137,0.018623542,0.48041907,-0.16040647,2.1121016,0.99965477,0.8935547,0.00079302053,-19.16959,-19.18957,1.270299,86.773155,6.153204,0.019527856,75.0675,-0.83555,-4.6476555,0.02118518,1.0,0.9986143,0.328125,0.0051240083,-19.030022,-19.045599,-3.09481,417.46976,2.8915224,1.2738255e-09,0.9986162,0.3173828,0.005014437,-18.851484,-18.866726,-3.2601364,57.261005,1.4363914,1.3739498e-08,0.007875397634506226,17622.933537483215,125000
22.52957,-0.34387788,-4.637561,0.017147204,1.0,0.9996357,0.89453125,0.0008314436,-19.336842,-19.35692,1.2031834,177.52399,6.2426972,0.00017743325,0.4353618,-0.47242874,2.4842758,0.99964046,0.8935547,0.0008328115,-19.148752,-19.168644,1.2025039,93.11741,6.077707,0.00039385786,88.173065,-0.6914313,-4.642333,0.019056192,1.0,0.9986992,0.38085938,0.0048481813,-18.992546,-19.008148,-3.0292501,832.11487,2.8362923,1.9978139e-10,0.998724,0.36914062,0.004746114,-18.839619,-18.855045,-3.0564914,585.1951,2.8361502,1.1694203e-10,0.007864529943466186,17662.256189107895,130000
19.277187,-0.3890251,-4.6368313,0.016855508,1.0,0.99965,0.89746094,0.00082013005,-19.322803,-19.342844,1.1774709,71.14472,5.6483393,0.0024063848,0.22388566,-0.16907121,2.4894073,0.9996443,0.89160156,0.0008172522,-19.14145,-19.161327,1.1899085,90.08008,5.6645393,0.0008745881,76.36364,-0.8936468,-4.642438,0.01909806,1.0,0.99873066,0.32617188,0.0052051265,-19.081234,-19.096424,-3.5391617,124.22583,1.8940067,4.6372572e-10,0.9986868,0.31152344,0.00518653,-18.897419,-18.912481,-3.4872415,402.8502,2.0043983,6.761943e-11,0.007863144493103028,17701.571915388107,135000
18.981659,-0.39995164,-4.6390896,0.017758736,1.0,0.9996643,0.8857422,0.00081077276,-19.268057,-19.288069,1.2047576,243.88026,5.9166455,0.00053080707,0.23020442,-0.48892003,3.664232,0.99964523,0.87597656,0.0008189775,-19.129265,-19.14916,1.2250186,62.794487,5.9155307,0.00014314777,73.72844,-1.0128763,-4.646485,0.020716913,1.0,0.9987135,0.34179688,0.0049710656,-18.9366,-18.951979,-3.2021656,108.980995,2.1699862,2.4954092e-09,0.99868107,0.3203125,0.004977984,-18.82252,-18.837713,-3.2792776,115.64261,2.2751634,7.8601553e-10,0.007858943128585816,17740.866633176804,140000
19.44734,-0.38203368,-4.638547,0.017541615,1.0,0.9996748,0.8984375,0.0008179523,-19.274986,-19.295244,1.4479129,100.94245,7.3171234,4.8260223e-05,0.70169103,-0.3329885,2.693372,0.99965,0.89453125,0.0008411063,-19.112032,-19.132082,1.3986812,102.08763,7.089001,0.0001300733,76.05028,-1.0088322,-4.6411295,0.018574586,1.0,0.9986744,0.3515625,0.004998115,-18.942234,-18.957779,-3.0399642,518.3481,2.6480103,6.474707e-10,0.998621,0.359375,0.0050342483,-18.761477,-18.776798,-3.0897326,134.63249,2.5932026,7.3010253e-10,0.007866348266601562,17780.198377609253,145000
18.55356,-0.4243373,-4.6360044,0.016524691,1.0,0.99963856,0.8964844,0.0008436782,-19.33182,-19.351986,1.2979324,179.81712,6.6304417,0.007521757,0.19705659,-0.31447548,2.0768034,0.9996309,0.88964844,0.0008442301,-19.07229,-19.092234,1.3288485,222.57857,6.9546967,0.011331678,81.7763,-0.8949696,-4.649669,0.021990731,1.0,0.9987345,0.3623047,0.00481404,-19.05423,-19.0699,-3.0254054,216.23909,2.584138,6.6792816e-10,0.9987135,0.34472656,0.0048618484,-18.842972,-18.85836,-3.1010127,721.13184,3.1355205,3.3733019e-09,0.008822901487350463,17824.312886953354,150000
18.440475,-0.3684997,-4.6379275,0.017293978,1.0,0.9996357,0.90722656,0.0008625975,-19.187948,-19.208097,1.4247614,249.068,7.452231,9.505817e-05,0.2547595,-0.37860623,3.305943,0.99963,0.88964844,0.0008639209,-18.999826,-19.019817,1.4531949,167.96432,7.4710426,0.0001153066,82.28081,-0.87623996,-4.6396627,0.017988008,1.0,0.99868107,0.33496094,0.0050675943,-18.929504,-18.945065,-3.0114312,319.78098,3.1936898,1.1407724e-09,0.99868107,0.3310547,0.005068063,-18.772945,-18.788248,-3.1185808,558.624,3.556328,5.872487e-09,0.33630369963645934,19505.831389427185,155000
18.657162,-0.37324938,-4.6396203,0.017971093,1.0,0.9996462,0.8964844,0.00082808494,-19.296413,-19.31661,1.3626243,56.055374,6.4012775,0.0063127577,0.22428763,-0.45892173,3.3636832,0.999629,0.890625,0.00083665387,-19.094427,-19.114393,1.3292344,114.56068,6.3190603,0.0027412989,80.48492,-0.8973377,-4.6476316,0.021175623,1.0,0.99864006,0.3388672,0.0051591583,-19.060617,-19.076159,-3.1610768,241.76935,2.5725436,2.6605465e-10,0.9986,0.32226562,0.005132628,-18.828506,-18.843765,-3.22015,342.62106,2.7295313,3.362117e-10,0.007874433422088623,19545.203559160233,160000
23.071926,-0.37272257,-4.639758,0.018026283,1.0,0.99965286,0.8847656,0.000830624,-19.443855,-19.464115,1.2826331,1516.8547,7.19359,4.615342e-05,0.24222508,-0.21852696,1.6966659,0.9996319,0.8876953,0.0008280488,-19.175417,-19.195423,1.289068,387.74582,6.579294,0.0005743784,83.79513,-0.8953555,-4.647125,0.02097294,1.0,0.99868965,0.32617188,0.0050609894,-19.130257,-19.145727,-3.3040798,231.56409,2.393947,1.2539182e-10,0.9986477,0.30078125,0.0051054237,-18.96484,-18.980007,-3.4516263,196.07228,2.0131955,2.997997e-11,0.007878180503845214,19584.594463825226,165000
16.908321,-0.41569623,-4.6381416,0.017379707,1.0,0.9996662,0.8886719,0.0008400107,-19.361042,-19.381294,1.3596437,319.9622,6.6816244,0.00011332715,0.40309584,-0.31161842,2.0790524,0.9996538,0.88378906,0.00082936964,-19.108532,-19.12857,1.389424,97.73019,6.5377474,0.0022301122,82.9057,-0.8713787,-4.6401577,0.018186025,1.0,0.9987116,0.35839844,0.0051101544,-19.09795,-19.113377,-3.3186202,163.36429,2.3537169,9.1959884e-11,0.9986334,0.3466797,0.0051288013,-18.920265,-18.935545,-3.288322,100.052895,2.2474866,9.7888544e-11,0.00787432279586792,19623.966080904007,170000
20.189539,-0.31375337,-4.643392,0.019479835,1.0,0.99961567,0.88378906,0.0008578359,-19.401745,-19.421936,1.2527024,75.18814,5.95635,0.0001365212,0.3122268,-0.16955388,2.2057765,0.9996071,0.87402344,0.00087677594,-19.22106,-19.241072,1.2519794,103.25713,6.0987225,0.005779889,81.426254,-0.78180766,-4.643811,0.0196474,1.0,0.998765,0.35058594,0.004906593,-19.173466,-19.18906,-3.2200713,162.2365,2.5098743,1.1411901e-09,0.99876404,0.3466797,0.005005391,-19.064539,-19.079823,-3.4293895,183.26485,2.3627312,2.4187456e-08,0.007879097986221313,19663.361574172974,175000
17.4375,-0.33530414,-4.6375284,0.017134402,1.0,0.9996567,0.8964844,0.00080616516,-19.508083,-19.528387,1.2604783,82.77233,5.8852806,0.0048860526,0.7808592,-0.16799326,3.4976592,0.9996519,0.8886719,0.00080152554,-19.341505,-19.361605,1.2220929,469.0622,5.915179,0.018551776,86.55908,-0.8223103,-4.6394577,0.017906124,1.0,0.99871063,0.3330078,0.005237129,-19.188198,-19.203445,-3.5888777,231.90242,1.9748824,1.0057295e-10,0.9987087,0.32421875,0.0052670185,-19.03457,-19.04954,-3.7207782,79.00119,1.5307513,3.088321e-09,0.00788627724647522,19702.79296374321,180000
19.720398,-0.2930666,-4.629483,0.013916351,1.0,0.99965763,0.89746094,0.0008112956,-19.540512,-19.560823,1.2369058,97.11327,5.693466,0.00027806056,0.2235975,-0.17647603,1.8492206,0.99965,0.88964844,0.0008068846,-19.413382,-19.433533,1.2041192,37.649593,5.212486,0.0024248029,77.358536,-0.8789581,-4.6409755,0.0185132,1.0,0.99876404,0.3486328,0.0049995,-19.260674,-19.276167,-3.4105806,133.57484,2.1550055,2.8218974e-10,0.99875736,0.33203125,0.004979561,-19.122631,-19.137928,-3.476252,72.347626,1.6886624,2.7492807e-11,0.007878662729263306,19742.186280488968,185000
18.352222,-0.38593906,-4.638587,0.017557764,1.0,0.99966335,0.90527344,0.0007761412,-19.526443,-19.546782,1.2789437,98.61635,5.831238,0.00018817012,0.25589404,-0.29088265,3.561012,0.9996729,0.90527344,0.0007808701,-19.306194,-19.326332,1.2942768,57.431442,5.749092,0.00016048893,79.42879,-0.9480781,-4.6541214,0.023771493,1.0,0.9987459,0.3544922,0.005047938,-19.251942,-19.267408,-3.4268284,239.29848,1.9440544,1.1924031e-10,0.99868965,0.33789062,0.005061036,-19.09848,-19.113846,-3.3792918,135.2333,2.056487,2.1020206e-11,0.007873732662200927,19781.554946660995,190000
17.099915,-0.34490117,-4.639207,0.017805714,1.0,0.9996357,0.89160156,0.0008289081,-19.426403,-19.446667,1.3028965,81.05584,6.1252623,0.010592028,0.24359722,-0.3264111,2.0070002,0.9996319,0.8886719,0.0008270828,-19.279316,-19.299408,1.2769172,113.82716,5.950388,0.008022239,77.12873,-0.8733164,-4.649911,0.022087341,1.0,0.9986944,0.32714844,0.004998059,-19.221767,-19.237404,-3.2260442,139.68144,2.1282701,1.8340394e-09,0.99862957,0.31054688,0.0051452992,-19.095102,-19.110449,-3.3961408,336.5782,2.0871496,1.4668523e-09,0.006271522951126099,19812.91256380081,195000
17.851254,-0.37776297,-4.642398,0.019082148,1.0,0.9996605,0.8935547,0.0008060356,-19.433071,-19.453339,1.300276,119.439415,6.3093214,0.0038517213,0.60292774,-0.3553065,2.5918906,0.9996557,0.88671875,0.0008055101,-19.225174,-19.24519,1.249304,138.85196,5.74797,0.005913559,81.14259,-0.82638085,-4.642071,0.018951144,1.0,0.9986925,0.34179688,0.0050901463,-19.129375,-19.144829,-3.3211455,733.71643,2.601962,2.0909213e-10,0.9986744,0.33984375,0.005138496,-19.007263,-19.022417,-3.5031693,131.18892,2.0318823,3.48838e-11,0.006394823503494263,19844.88668346405,200000
15.756729,-0.3689658,-4.6383257,0.017453205,1.0,0.99966335,0.9091797,0.0008006997,-19.434761,-19.45502,1.2917738,67.269424,5.9739275,1.1878458e-05,0.34794304,-0.20196009,2.233184,0.99965096,0.8955078,0.0008113112,-19.2104,-19.230434,1.286825,44.001564,5.7974772,0.0010342746,75.77649,-0.84754,-4.6431675,0.019389773,1.0,0.9987221,0.3642578,0.005069548,-19.19984,-19.21534,-3.345168,150.89502,2.098575,3.2293394e-11,0.9986658,0.33984375,0.0050453846,-19.035221,-19.050453,-3.4527228,770.55347,2.192809,3.758929e-09,0.322489847946167,21457.335926771164,205000
17.290253,-0.37277412,-4.6340923,0.015759965,1.0,0.9996939,0.9111328,0.0007708601,-19.535717,-19.556025,1.23758,199.86426,6.0575995,0.0014426823,0.3236752,-0.11101479,1.6037472,0.99967766,0.90625,0.0007573215,-19.304985,-19.32507,1.2420207,94.64903,5.969859,0.0016137288,84.49803,-0.7939898,-4.652939,0.023298634,1.0,0.99874306,0.33789062,0.0051649488,-19.214066,-19.229464,-3.4610882,190.11284,2.4867182,1.9131396e-09,0.9987097,0.3466797,0.005202273,-19.027458,-19.04262,-3.5189068,89.85901,2.1793,6.67146e-11,0.005064376735687256,21482.657814979553,210000
12.489666,-0.41136056,-4.639723,0.01801212,1.0,0.9996748,0.9013672,0.0007765125,-19.441814,-19.462093,1.3014193,190.84117,6.200545,0.00055968243,0.2842656,-0.11859852,1.6167452,0.9996662,0.9013672,0.00078831427,-19.27055,-19.290655,1.2969003,50.194473,5.973331,5.982906e-05,83.659874,-0.83850586,-4.650305,0.022244973,1.0,0.9987612,0.34375,0.0048511834,-19.133472,-19.149006,-3.2404017,91.7079,1.8589079,2.025293e-09,0.99872017,0.32910156,0.004820116,-19.065096,-19.080515,-3.2895525,86.52489,1.6196979,2.5450102e-09,0.005116136026382446,21508.23849916458,215000
17.320423,-0.3281455,-4.636528,0.016734278,1.0,0.9996462,0.88671875,0.0008081077,-19.504856,-19.525232,1.3392755,68.56049,6.3150463,0.010343729,0.25101906,-0.47687954,3.1692286,0.99963665,0.8935547,0.0008160799,-19.33236,-19.352545,1.3166883,62.927635,6.2212906,0.007724589,78.14342,-0.8272717,-4.647046,0.02094148,1.0,0.9987812,0.36328125,0.0049851835,-19.217812,-19.2333,-3.3744388,276.65912,2.0771322,1.8126334e-10,0.998703,0.3466797,0.0050805565,-19.081036,-19.096262,-3.502335,89.68731,1.8804113,3.3693022e-09,0.0050444451808929446,21533.460728883743,220000
17.658737,-0.28391004,-4.63806,0.017346982,1.0,0.9996462,0.89746094,0.00083647965,-19.42558,-19.445929,1.3903227,137.99257,6.596758,0.0030170481,0.39448786,-0.18904229,2.8335242,0.9996376,0.8935547,0.0008276686,-19.264742,-19.284918,1.3768585,47.1636,6.2590675,0.0016454507,78.44449,-0.90333056,-4.651438,0.022698214,1.0,0.99876404,0.36132812,0.0048406534,-19.24773,-19.2635,-3.1151733,179.59578,2.1143763,2.1803967e-11,0.99866486,0.3623047,0.0049419925,-19.066822,-19.08242,-3.1097493,65.218895,1.9954053,1.4155555e-09,0.006371809339523316,21565.319778442383,225000
20.302502,-0.28875884,-4.6357527,0.01642382,1.0,0.99966717,0.8964844,0.000784984,-19.545765,-19.566055,1.2109344,77.01332,5.614458,0.00011936845,0.25808415,-0.2845408,1.9950919,0.9996557,0.88671875,0.0007964417,-19.288723,-19.308771,1.2209733,109.56782,5.707838,0.0012463777,73.63298,-0.95935655,-4.6431284,0.019374292,1.0,0.99871635,0.35058594,0.0049564717,-19.17489,-19.190416,-3.2937977,266.82083,2.0736887,5.931287e-11,0.99871445,0.32910156,0.0049273726,-19.022783,-19.038095,-3.3586938,214.53247,1.715476,2.521405e-11,0.007840531969070435,21604.52244067192,230000
19.514874,-0.29203728,-4.634712,0.01600794,1.0,0.9996605,0.89746094,0.000804233,-19.495321,-19.51558,1.2282295,95.59696,5.779711,0.00024188242,0.22895202,-0.09508458,2.148985,0.9996662,0.9033203,0.0007946702,-19.34158,-19.361639,1.1812782,118.748695,5.484209,5.1622377e-05,86.12418,-0.87170315,-4.647689,0.021198431,1.0,0.99874115,0.3408203,0.005103535,-19.135757,-19.15112,-3.4198692,123.165634,1.959393,2.1704095e-11,0.9986801,0.31054688,0.0051178853,-18.972248,-18.987268,-3.6067076,47.865673,1.5615407,3.7510613e-11,0.007851402854919434,21643.77945637703,235000
18.813202,-0.3383937,-4.632197,0.015001825,1.0,0.99967,0.9003906,0.0007933794,-19.472242,-19.492462,1.214798,61.906174,5.60161,0.00077509263,0.19372812,-0.41821715,1.820586,0.9996834,0.9003906,0.0007744073,-19.316385,-19.336483,1.246146,50.841278,5.6906424,0.005488758,73.41769,-0.89435756,-4.647338,0.021058042,1.0,0.99878216,0.35351562,0.0048846155,-19.176128,-19.19167,-3.278675,153.43947,2.0432327,3.813156e-11,0.99873734,0.34472656,0.004961583,-19.082272,-19.097599,-3.4030123,65.31646,1.7551832,3.1527665e-09,0.008053709840774536,21684.04800915718,240000
19.123302,-0.31677663,-4.6407595,0.01842685,1.0,0.9996748,0.9013672,0.0007676914,-19.452763,-19.473068,1.3230051,57.804985,5.916219,0.0030747121,0.66391826,-0.17586012,2.9460597,0.99966717,0.90234375,0.00077063043,-19.327877,-19.348051,1.3104004,95.65346,6.0474863,0.010023688,79.90207,-0.8821553,-4.642691,0.01919951,1.0,0.9987936,0.33789062,0.004995416,-19.268162,-19.283663,-3.4102418,116.26658,1.9095519,7.638672e-12,0.99866486,0.3125,0.0050451877,-19.175848,-19.191267,-3.402606,118.6264,1.7968545,5.7043947e-09,0.011612596750259399,21742.110995292664,245000
17.68203,-0.31975293,-4.637398,0.017082138,1.0,0.99965,0.8925781,0.0008233185,-19.504717,-19.525057,1.3056407,79.399284,6.1491747,0.000917242,0.29210353,-1.5043074,6.0369015,0.9996319,0.88964844,0.00081990816,-19.349813,-19.369967,1.2663735,66.41234,5.86073,0.0008621413,85.01605,-0.8061136,-4.645093,0.02016012,1.0,0.99870396,0.3359375,0.005118706,-19.100008,-19.115421,-3.3331938,292.79535,2.49537,2.9404312e-11,0.9986782,0.32910156,0.005151565,-19.014812,-19.030008,-3.4702845,156.58551,2.091125,1.2696317e-09,0.01160615406036377,21800.14176940918,250000
19.702347,-0.3321662,-4.635343,0.016260093,1.0,0.99965,0.8984375,0.0008196704,-19.555504,-19.575788,1.1942225,113.776855,5.618714,3.3298456e-05,0.26626307,-0.36124018,3.0282526,0.9996462,0.90527344,0.0008214285,-19.409094,-19.429253,1.2142574,50.128662,5.681328,0.00046435292,74.08505,-0.9249574,-4.6431293,0.019374734,1.0,0.99878216,0.3330078,0.005130437,-19.222904,-19.238115,-3.659858,442.67145,1.7880003,1.3979513e-09,0.99871063,0.3154297,0.005232808,-19.1011,-19.116213,-3.640884,92.511,1.7917343,2.0341887e-10,0.011618039226531983,21858.23196744919,255000
16.88362,-0.33991987,-4.637889,0.017278371,1.0,0.99962616,0.8925781,0.00083217036,-19.431767,-19.452011,1.2803094,73.57726,5.8719254,0.003951813,0.46559286,-0.5597082,2.260308,0.9996147,0.8857422,0.0008290825,-19.359728,-19.379911,1.2872233,132.8001,5.927317,0.0188808,88.66619,-0.7720272,-4.6484194,0.021490602,1.0,0.9987135,0.33203125,0.0052410346,-19.106829,-19.122034,-3.5493624,263.62326,2.0004356,2.5214303e-10,0.9986744,0.3251953,0.0052935863,-19.009314,-19.024307,-3.6677313,198.56958,1.927215,1.5757654e-10,0.011625734949111939,21916.360646009445,260000
18.024109,-0.3204926,-4.63787,0.017270807,1.0,0.9997034,0.89941406,0.00075812475,-19.641735,-19.662151,1.2440434,101.88174,5.6343274,0.00020280738,0.185723,-0.28545147,2.1272035,0.9996815,0.8984375,0.0007592662,-19.49177,-19.512016,1.2209854,64.22283,5.2614446,0.000278753,83.59329,-0.8559777,-4.650586,0.022357255,1.0,0.99875355,0.34375,0.0050606923,-19.21426,-19.229685,-3.4344182,258.3921,2.0386457,1.1679208e-09,0.9987421,0.32910156,0.0050300923,-19.068756,-19.083961,-3.5140367,90.02336,1.721945,1.1204616e-08,0.011618669843673705,21974.45399928093,265000
17.605156,-0.3127445,-4.635501,0.016323268,1.0,0.9996948,0.9082031,0.00074302324,-19.505262,-19.525675,1.3774323,76.814026,6.449252,0.0009742556,0.33282447,-0.22983688,1.9914844,0.999691,0.9033203,0.0007452719,-19.39595,-19.416222,1.3433888,50.14706,6.268406,0.0008184412,79.25009,-0.97613543,-4.6462126,0.020607973,1.0,0.99871635,0.36816406,0.0050480757,-19.25108,-19.266619,-3.3560836,87.53592,1.7963108,9.541582e-11,0.99866295,0.33789062,0.0051197438,-19.181852,-19.197212,-3.467521,295.08585,1.9254017,5.506596e-10,0.011609891176223755,22032.503458738327,270000
16.48228,-0.36977965,-4.634045,0.015741117,1.0,0.9996395,0.8886719,0.0008254892,-19.520752,-19.541166,1.3640163,75.31154,6.4888353,0.0016944213,0.580499,-0.33413023,6.2906046,0.9996357,0.8808594,0.0008303538,-19.396694,-19.416971,1.347752,68.82922,6.3634152,0.004408499,83.946335,-0.96121436,-4.6548233,0.024052268,1.0,0.99876595,0.3486328,0.0050326963,-19.231974,-19.247398,-3.453837,624.99445,2.6089578,8.253161e-10,0.9987335,0.32128906,0.005056598,-19.106602,-19.121767,-3.5917513,64.65463,1.5139513,3.2784586e-09,0.01162951374053955,22090.65102982521,275000
15.577004,-0.29071414,-4.639558,0.017945942,1.0,0.99967384,0.89453125,0.0007622336,-19.506157,-19.52661,1.4176348,68.00295,6.508479,0.004442571,0.22265299,-0.18897954,1.8816346,0.9996824,0.8779297,0.00075578963,-19.391108,-19.411425,1.3920268,55.911385,6.3800526,0.003035082,82.06448,-0.81557906,-4.652626,0.02317332,1.0,0.9987488,0.34375,0.00500919,-19.118935,-19.134468,-3.2282548,168.96799,2.2643263,6.8522523e-12,0.9986677,0.3251953,0.0051143495,-19.044392,-19.059687,-3.3973846,167.59639,2.165135,1.0481981e-09,0.011624445009231568,22148.773259162903,280000
17.025047,-0.2730515,-4.6410522,0.018543879,1.0,0.9996462,0.890625,0.00082730775,-19.615294,-19.635754,1.3148541,221.15332,6.2452946,4.0936247e-05,0.5122754,-0.44670698,2.7776139,0.9996567,0.8984375,0.0008138176,-19.53975,-19.560087,1.2643912,272.04837,5.877825,0.002697812,77.57066,-0.9071524,-4.658105,0.025365105,1.0,0.9987869,0.34277344,0.0049343673,-19.345356,-19.360971,-3.3696551,119.25288,2.1467547,6.7194895e-11,0.9987087,0.32128906,0.00499574,-19.313656,-19.329191,-3.42316,101.69152,1.7222528,8.0962685e-09,0.011624007320404053,22206.893298387527,285000
17.780687,-0.3005079,-4.642249,0.019022755,1.0,0.99966717,0.90722656,0.0007724657,-19.50468,-19.52513,1.4139566,238.3251,6.7483735,0.0021201347,0.32825515,-0.30026013,2.6098928,0.9996643,0.9033203,0.0007567817,-19.356487,-19.376783,1.4045765,67.658295,6.537613,0.0007123093,77.96749,-0.89885277,-4.659653,0.025984263,1.0,0.9986906,0.33984375,0.0050326306,-19.169449,-19.185026,-3.233451,108.28585,2.034717,1.948283e-11,0.9986439,0.33496094,0.005157288,-19.037548,-19.05295,-3.282472,81.42482,2.0775647,1.0228689e-08,0.011644341468811036,22265.11500930786,290000
16.94091,-0.33866543,-4.640442,0.018299704,1.0,0.9996538,0.8857422,0.0008332208,-19.721111,-19.741587,1.2241381,153.26031,5.488453,0.000120027114,0.1313097,-0.40001875,3.8142629,0.9996433,0.88183594,0.0008571156,-19.588882,-19.609226,1.223028,79.42795,5.603362,0.00031515662,74.47045,-0.8922844,-4.652625,0.023172861,1.0,0.9987335,0.34277344,0.0051600486,-19.349909,-19.36537,-3.5332837,99.0323,2.001682,1.6254942e-10,0.9987459,0.3203125,0.0050997953,-19.27497,-19.290277,-3.614794,139.26498,1.6327844,1.2558402e-10,0.011615306901931763,22323.191546678543,295000
16.701042,-0.3162998,-4.6289783,0.013714293,1.0,0.9996872,0.9042969,0.0007523102,-19.620844,-19.641281,1.2861242,81.42652,5.996085,0.010303383,0.18424568,-0.40335965,1.5623311,0.99967575,0.890625,0.00076146965,-19.491663,-19.512001,1.3151482,111.91398,6.280819,0.01681204,79.696205,-0.8997296,-4.64743,0.021094812,1.0,0.99877167,0.375,0.0047707492,-19.293926,-19.309813,-3.0427969,177.40755,2.415339,7.5648793e-10,0.9987507,0.36035156,0.0048055537,-19.211418,-19.227121,-3.1466951,94.05772,2.1571758,7.6656625e-11,0.015171050214767456,22399.04680109024,300000
18.853722,-0.27959442,-4.6368484,0.01686235,1.0,0.99965954,0.8935547,0.0008046069,-19.674547,-19.695015,1.2651522,113.31302,5.856002,0.0012394069,0.29873678,-0.15791397,1.8845358,0.99965096,0.89453125,0.000807576,-19.540653,-19.560965,1.2395658,68.55885,5.6730356,0.006867192,82.71246,-0.85489184,-4.6501255,0.022173217,1.0,0.9987316,0.3564453,0.0051149847,-19.3383,-19.353796,-3.4869332,237.42426,2.1256275,3.5862938e-10,0.99875164,0.32128906,0.0051437328,-19.208652,-19.22389,-3.6189985,101.469536,1.7884662,2.481403e-09,0.33505267043113707,24074.31015586853,305000
14.4165125,-0.31340384,-4.6356106,0.016367167,1.0,0.99965477,0.8847656,0.0008082085,-19.584194,-19.604671,1.3617079,142.95175,6.152545,0.0022480674,0.1640763,-0.21502231,1.6517086,0.99964905,0.8886719,0.0008003706,-19.505901,-19.526312,1.3755786,186.53496,6.1272984,0.001220446,81.928566,-0.8389313,-4.6482267,0.02141366,1.0,0.9987955,0.3544922,0.00499994,-19.250881,-19.266273,-3.5038695,148.53224,1.9020207,6.9333084e-10,0.99872875,0.33789062,0.0051851347,-19.250454,-19.265736,-3.616695,238.28885,2.4118924,3.4616227e-11,0.01164402232170105,24132.53027033806,310000
19.80872,-0.2614097,-4.6345515,0.015943686,1.0,0.9996786,0.9013672,0.000779988,-19.60634,-19.62674,1.26199,128.2952,5.887582,2.1266265e-05,0.22113547,-0.324675,1.783536,0.999671,0.8964844,0.0007866168,-19.504032,-19.524324,1.2541153,141.05502,5.858205,0.0013104404,88.55402,-0.7547975,-4.643133,0.019376233,1.0,0.9987993,0.34765625,0.0050406572,-19.414192,-19.429728,-3.5221758,184.25833,1.9089674,5.833055e-10,0.9987402,0.34375,0.0050544036,-19.251648,-19.266918,-3.6311088,221.22948,1.668318,2.8011926e-10,0.011623001289367677,24190.6452794075,315000
12.618674,-0.33200818,-4.6387815,0.017635485,1.0,0.99965954,0.8847656,0.00080588297,-19.625904,-19.646378,1.3168533,51.25886,5.7903814,0.010306414,0.17647633,-0.2595275,2.216938,0.9996538,0.88964844,0.0007956127,-19.441124,-19.461449,1.3513632,88.14237,6.051361,0.005424198,66.8185,-1.0596377,-4.6474433,0.02110034,1.0,0.99876404,0.32714844,0.005166455,-19.336273,-19.351566,-3.6914167,125.13491,1.8888502,4.3377833e-11,0.99872303,0.3046875,0.005183253,-19.175102,-19.190264,-3.6646786,65.36806,1.4627533,4.1116668e-10,0.011843221855163575,24249.86139178276,320000
18.697979,-0.2879209,-4.636116,0.01656948,1.0,0.9996958,0.90527344,0.0007569088,-19.589039,-19.609444,1.2840984,210.79816,5.859945,0.0011379485,0.292888,-0.31455198,3.5661402,0.99968433,0.9042969,0.00075135625,-19.507528,-19.527847,1.2782567,84.81202,5.8521285,0.002420726,89.44582,-0.86458445,-4.6519446,0.022900874,1.0,0.99873066,0.3466797,0.005210914,-19.296547,-19.311897,-3.5920355,170.76859,2.1222296,2.2048839e-10,0.9987469,0.33496094,0.005172064,-19.217505,-19.232698,-3.6728027,117.426926,1.7612393,3.9058784e-10,0.011613001298904418,24307.926400899887,325000
19.608742,-0.27709836,-4.6331453,0.015381122,1.0,0.99968815,0.90625,0.0007526872,-19.550037,-19.570488,1.3718092,159.85953,6.3225236,0.0031370425,0.23963693,-0.2706817,1.9649079,0.9996824,0.9013672,0.00076535926,-19.473522,-19.493841,1.313412,75.51709,6.0792046,0.016920097,75.78875,-0.9844985,-4.650773,0.022432107,1.0,0.9987726,0.3544922,0.0049890773,-19.325153,-19.340744,-3.3753715,99.4448,2.106715,1.2164965e-10,0.99872875,0.3466797,0.004983397,-19.234814,-19.250278,-3.4140666,60.622128,1.6821427,1.4536532e-09,0.011636109161376954,24366.106949806213,330000
16.586386,-0.28489134,-4.633672,0.015592048,1.0,0.99967194,0.90234375,0.000768645,-19.54696,-19.567406,1.3667891,72.22665,6.168991,0.0031408293,0.53212845,-0.34290293,2.3010714,0.9996691,0.8935547,0.0007648452,-19.443249,-19.46358,1.3535748,94.29393,6.1481647,0.0030582212,85.88532,-0.7760541,-4.664081,0.027755488,1.0,0.99874973,0.3515625,0.0052088946,-19.281403,-19.296711,-3.6235318,95.26364,2.0143552,6.1801217e-09,0.9987068,0.35058594,0.005155744,-19.180664,-19.195858,-3.6355443,88.96471,1.614046,3.0912306e-10,0.011636296606063842,24424.28843665123,335000
15.224101,-0.29533756,-4.6325045,0.015124691,1.0,0.9996443,0.8769531,0.0008343531,-19.610407,-19.630856,1.3091668,101.34473,5.80887,0.004001182,0.098600715,-0.18420254,1.5395548,0.9996309,0.8779297,0.0008284592,-19.433037,-19.453331,1.3294997,90.33946,5.8561296,0.010676451,82.0686,-0.989263,-4.651104,0.022564476,1.0,0.9988184,0.36914062,0.005018159,-19.313995,-19.329365,-3.5913925,74.63885,1.6065831,6.351047e-11,0.99873924,0.3408203,0.0051320973,-19.206635,-19.221962,-3.5290947,115.1285,2.0783472,2.0939455e-11,0.01156145052909851,24482.095692634583,340000
13.846201,-0.36049494,-4.634997,0.016121618,1.0,0.9996586,0.8964844,0.000815579,-19.650475,-19.670948,1.2941226,80.335526,5.89258,5.2746873e-05,0.13513285,-0.106394194,0.8858122,0.99965096,0.8886719,0.00081722334,-19.475368,-19.495682,1.3046527,50.43324,5.9963465,0.0026119826,83.44555,-0.8016405,-4.642208,0.019006316,1.0,0.99879265,0.3701172,0.0050448654,-19.404858,-19.420383,-3.5238118,200.62344,1.9323434,1.5075984e-09,0.9987459,0.34765625,0.005203589,-19.230099,-19.245338,-3.6409917,74.02927,1.8789128,1.7648316e-09,0.008548343896865845,24524.837415456772,345000
16.497768,-0.28709325,-4.6363983,0.016682407,1.0,0.99966145,0.90625,0.000772309,-19.614096,-19.634516,1.273442,46.17973,5.609714,0.00095175224,0.29223293,-0.23209856,1.746433,0.9996605,0.89746094,0.00077506533,-19.469664,-19.489918,1.2485999,64.54738,5.491297,0.0009692997,87.605194,-0.7901548,-4.6520624,0.022947777,1.0,0.99875164,0.36132812,0.005111531,-19.337463,-19.352934,-3.5129013,156.48079,1.8475714,5.5291046e-11,0.9987259,0.34472656,0.005192686,-19.235273,-19.250544,-3.6132617,58.34451,1.6113577,1.4695154e-09,0.0077801161766052245,24563.737998485565,350000
16.218826,-0.2899663,-4.631234,0.014616541,1.0,0.9996805,0.9091797,0.0007765696,-19.715614,-19.736177,1.317625,83.445114,5.9685125,0.0013532069,0.57401645,-0.326666,2.1850243,0.99967,0.9003906,0.0007785214,-19.605524,-19.625984,1.3262467,73.78329,6.07999,0.0031416558,83.449036,-0.8307921,-4.6459208,0.020491382,1.0,0.9987812,0.359375,0.004969172,-19.361473,-19.37708,-3.3948565,211.7715,1.9896245,1.0292327e-09,0.9987097,0.3359375,0.0050389995,-19.283047,-19.298517,-3.4545672,281.77744,2.143619,2.3941744e-09,0.007784682273864746,24602.66141486168,355000
11.598722,-0.32569337,-4.6317925,0.014840043,1.0,0.99966335,0.89453125,0.0007787086,-19.668114,-19.688616,1.3066511,87.22867,6.0641727,0.00449352,0.36099297,-0.09317441,1.618928,0.99966335,0.8925781,0.0007645076,-19.53437,-19.554726,1.2867966,47.265858,5.7368975,0.010448155,81.44009,-0.8702177,-4.652194,0.023000438,1.0,0.99875546,0.35253906,0.005190933,-19.39142,-19.406813,-3.6428752,1044.5621,2.8774147,1.0576511e-09,0.9987488,0.33398438,0.005157872,-19.306667,-19.321928,-3.694879,351.60648,1.9207096,8.422874e-11,0.0078002813339233396,24641.66282391548,360000
11.468359,-0.37251046,-4.6341877,0.015797965,1.0,0.99965763,0.8886719,0.00081004825,-19.766392,-19.786842,1.1540165,55.44716,5.0424356,0.0017451072,0.1699369,-0.10378673,1.2492902,0.99963474,0.88964844,0.00082881155,-19.659145,-19.679502,1.1641424,59.792282,5.167342,0.0008012147,80.80366,-0.9048332,-4.652874,0.023272444,1.0,0.9988136,0.34375,0.0051133092,-19.501404,-19.516861,-3.6899073,139.25742,1.5826007,9.960969e-10,0.99875736,0.33789062,0.005121,-19.432781,-19.448082,-3.7776875,62.15285,1.3776617,3.266049e-10,0.00778128137588501,24680.569232940674,365000
15.302603,-0.28819376,-4.6348476,0.016061982,1.0,0.9996891,0.9169922,0.00072894234,-19.79163,-19.812214,1.265446,90.88543,5.57683,0.013237681,0.18549468,-0.14337261,1.3617508,0.9996891,0.9082031,0.0007311425,-19.611626,-19.632046,1.2764196,66.39498,5.6158433,0.0051638777,80.83272,-0.88827837,-4.6525764,0.023153571,1.0,0.9988327,0.35351562,0.004979558,-19.508343,-19.523993,-3.495658,289.4329,1.9259403,4.315422e-10,0.9987526,0.33789062,0.005154471,-19.358646,-19.373985,-3.6667328,87.73219,1.7778589,7.266416e-11,0.007782857084274292,24719.483521938324,370000
14.28997,-0.3204869,-4.6335297,0.015534738,1.0,0.99970627,0.89941406,0.0007224815,-19.66464,-19.685194,1.3615052,71.895744,6.239975,0.00088043185,0.2431682,-0.18530741,1.393853,0.99969673,0.890625,0.00072832487,-19.588474,-19.608944,1.3520458,82.86257,6.191364,0.0035238168,88.18203,-0.87702656,-4.643628,0.019574324,1.0,0.99870396,0.3310547,0.0051472215,-19.386974,-19.402498,-3.5049486,252.39153,2.0779028,4.931357e-10,0.9986448,0.3232422,0.0051984685,-19.30338,-19.318796,-3.5304394,1768.1377,3.509305,4.3307502e-10,0.007788372659683227,24758.42538833618,375000
15.34862,-0.3485519,-4.6369925,0.016919993,1.0,0.99968815,0.91308594,0.00074090145,-19.631218,-19.651625,1.2446077,112.252075,5.813052,0.010665094,0.21619368,-0.23678699,1.6480016,0.99968433,0.9082031,0.0007350808,-19.516964,-19.537264,1.2504146,98.117195,5.8667173,0.0022186465,77.73082,-0.87496513,-4.6461897,0.020598786,1.0,0.9987421,0.3544922,0.0048500285,-19.426199,-19.442068,-3.1927652,124.60088,1.9673753,1.4481076e-09,0.9987354,0.34179688,0.0048262486,-19.365067,-19.380747,-3.3223128,71.92483,1.5999324,1.5922796e-10,0.007787996006011963,24797.36537194252,380000
11.510812,-0.33793277,-4.6353245,0.016252656,1.0,0.9996643,0.8935547,0.00078468,-19.633549,-19.654013,1.3036605,160.25327,6.1093693,0.014930822,0.16524315,-0.29247785,1.5853883,0.99964905,0.8876953,0.0007898711,-19.518188,-19.538544,1.3019723,102.95982,5.881448,0.006862119,73.386185,-0.9831938,-4.6566463,0.024781344,1.0,0.9987631,0.33203125,0.0052451524,-19.365599,-19.380959,-3.651929,123.45033,2.0964446,3.349733e-09,0.9986887,0.3232422,0.0052474523,-19.261017,-19.276234,-3.6916466,69.501564,1.6628635,1.2220972e-09,0.0087684148311615,24841.20744729042,385000
18.293018,-0.30670363,-4.6331763,0.015393338,1.0,0.99967957,0.9042969,0.00076654175,-19.674072,-19.694698,1.4268956,161.72333,6.695518,0.009135062,0.3969267,-0.33602157,2.3595967,0.99966335,0.8925781,0.0007723914,-19.542185,-19.562672,1.4171834,64.71947,6.488435,0.016142113,80.86792,-0.98808,-4.6539526,0.023703968,1.0,0.99875164,0.33203125,0.0052204304,-19.383854,-19.399223,-3.6615365,378.1945,2.1130729,4.8841037e-10,0.9986696,0.31152344,0.0052878936,-19.296402,-19.31167,-3.6771762,69.96495,1.6965144,1.4196294e-10,0.007801737356185913,24880.216136455536,390000
14.979309,-0.3137725,-4.634668,0.015990213,1.0,0.9997282,0.91796875,0.00068659865,-19.816288,-19.836838,1.2049356,74.86598,5.304987,0.006776457,0.26166934,-0.29077056,1.8384938,0.999712,0.9189453,0.00068518776,-19.71373,-19.734196,1.2255347,56.855587,5.352331,0.007466835,84.69403,-0.88200074,-4.652947,0.023301741,1.0,0.9988203,0.37304688,0.005020133,-19.473135,-19.488655,-3.5938077,241.62242,1.836369,1.7500383e-10,0.99873257,0.3515625,0.0050989697,-19.451988,-19.467438,-3.6476178,36.52404,1.4519947,2.7550473e-09,0.007815080833435059,24919.291542053223,395000
17.180756,-0.29806098,-4.6304865,0.014317619,1.0,0.9997053,0.9111328,0.0007348794,-19.77787,-19.798426,1.2491548,159.17154,5.6401854,0.0056590433,0.41148838,-0.34895033,1.6872647,0.9996891,0.9121094,0.00073642907,-19.645699,-19.66609,1.211587,106.539894,5.47336,0.003977408,75.966446,-0.9721655,-4.653318,0.02345022,1.0,0.99879456,0.34960938,0.005265817,-19.46595,-19.48123,-3.8342824,125.497925,1.7927009,4.8339213e-09,0.99876404,0.3310547,0.0052489946,-19.408165,-19.423372,-3.8512912,95.96494,1.4917164,2.654803e-10,0.007788581037521362,24958.234449386597,400000
18.203442,-0.2619267,-4.6365147,0.016728915,1.0,0.9996815,0.9121094,0.0007531573,-19.766521,-19.78711,1.2954915,104.28819,5.7294226,0.006685403,0.1447373,-0.38652384,2.1765513,0.99967194,0.89746094,0.00075803924,-19.608526,-19.62891,1.2431252,72.37468,5.398903,0.0049727536,82.27787,-0.9344234,-4.6482544,0.021424828,1.0,0.99886036,0.3642578,0.0050827814,-19.471899,-19.487383,-3.6345356,187.96031,1.930832,3.0443346e-09,0.9987869,0.36523438,0.0050956975,-19.332571,-19.347916,-3.6351519,53.13901,1.6842107,3.326467e-10,0.28914362330436705,26403.952568531036,405000
16.508017,-0.32638925,-4.6298184,0.014050341,1.0,0.99969864,0.90625,0.0007373114,-19.756144,-19.776728,1.3019183,128.90111,5.922238,0.0030883008,0.44913858,-0.24251068,2.393457,0.99968815,0.9082031,0.0007525074,-19.557089,-19.577463,1.2864989,73.187386,5.8059597,0.008095509,86.53116,-0.78966767,-4.651154,0.022584591,1.0,0.9988508,0.34960938,0.005179437,-19.454212,-19.469482,-3.8324537,314.45956,1.906937,3.842596e-10,0.9988136,0.3330078,0.0051820464,-19.313873,-19.32898,-3.8609126,79.25588,1.4505266,9.448572e-10,0.00505633749961853,26429.234258174896,410000
13.391832,-0.36750823,-4.6330557,0.015345345,1.0,0.99967194,0.8886719,0.00081627164,-19.786983,-19.807632,1.3372405,96.73448,6.0305786,0.00091003935,0.36880982,-0.22685775,1.3262498,0.9996538,0.88378906,0.0008100918,-19.587204,-19.607656,1.3341441,133.51651,6.018654,0.0023296184,75.11435,-0.96357834,-4.6613874,0.026677877,1.0,0.998786,0.32226562,0.005355073,-19.434147,-19.449308,-3.9246273,151.28897,1.8856922,3.211609e-09,0.99870205,0.30566406,0.005450802,-19.254225,-19.26915,-3.9860666,163.15175,1.6342485,2.9867107e-09,0.004952799987792969,26453.99825978279,415000
15.484951,-0.28800774,-4.631876,0.01487329,1.0,0.99965954,0.9091797,0.0008037593,-19.753498,-19.774048,1.268868,56.685883,5.6327705,0.037735913,0.24083816,-0.176513,1.6889571,0.99964714,0.9003906,0.00080068375,-19.578228,-19.598616,1.2794638,108.226326,5.635318,0.028783007,83.142456,-0.91075075,-4.649552,0.021943618,1.0,0.99884415,0.34765625,0.0051953,-19.35851,-19.373674,-3.846617,171.01712,1.9208694,1.3275046e-10,0.99875927,0.34375,0.005311814,-19.30516,-19.32014,-3.979123,325.72165,1.6377578,5.9005946e-11,0.004955676555633545,26478.776644706726,420000
13.89024,-0.32378832,-4.6339173,0.015689768,1.0,0.9996624,0.8935547,0.0007963332,-19.921417,-19.942137,1.2748042,117.635574,5.637352,0.0063129263,0.21753868,-0.13163835,1.0401928,0.99966335,0.90722656,0.0008003107,-19.765064,-19.785633,1.276211,97.55964,5.88231,0.006267611,73.27715,-1.0227993,-4.6579967,0.025321692,1.0,0.9987459,0.35742188,0.0051699453,-19.61678,-19.632444,-3.591497,233.60974,1.899018,5.0341564e-10,0.9986706,0.33789062,0.0053136786,-19.555737,-19.57139,-3.5430002,121.668724,1.9122193,1.7967752e-10,0.004913123750686646,26503.34226512909,425000
14.529471,-0.30165914,-4.6343274,0.0158539,1.0,0.9996681,0.91015625,0.00074458367,-19.831955,-19.852478,1.1647172,57.504528,4.9820094,0.010399817,0.094124205,-0.16768935,1.1217662,0.9996786,0.9033203,0.0007487846,-19.702375,-19.722813,1.2048699,51.26734,5.252298,0.012128906,81.431595,-0.92230666,-4.6464343,0.020696644,1.0,0.9988251,0.3515625,0.005072995,-19.490675,-19.506193,-3.6161427,208.33028,2.0624242,1.4324929e-09,0.9987745,0.35546875,0.0050667804,-19.382318,-19.39769,-3.6575608,92.92641,1.7092986,3.2711256e-09,0.004887953519821167,26527.782034158707,430000
16.183252,-0.3043548,-4.6333523,0.015464017,1.0,0.9996958,0.8935547,0.00076368795,-19.830751,-19.851341,1.2318523,95.87845,5.5771656,0.0005765847,0.31645247,-0.10862243,1.6869193,0.9996805,0.8935547,0.0007762664,-19.649193,-19.669607,1.2361982,92.739075,5.7729216,0.00016564087,76.94989,-1.0573492,-4.64915,0.021783074,1.0,0.9987793,0.359375,0.004995532,-19.537258,-19.553051,-3.3827424,271.5915,2.4320736,5.825206e-10,0.99872875,0.34472656,0.0050582467,-19.394714,-19.410286,-3.464137,65.1684,1.7155643,5.501892e-10,0.004871474695205689,26552.139409065247,435000
15.944063,-0.30139828,-4.632258,0.015026102,1.0,0.99970055,0.91796875,0.0007434964,-19.778889,-19.799511,1.3184485,142.92749,6.1474104,0.008412183,0.17232293,-0.13394184,1.361891,0.9996815,0.91796875,0.0007521857,-19.575974,-19.59641,1.3312379,101.99227,6.258171,0.0065117544,80.77191,-0.8820808,-4.6481466,0.021381488,1.0,0.9987154,0.33984375,0.0052153296,-19.494106,-19.50964,-3.603095,120.282326,1.9578565,1.1039796e-10,0.99868107,0.31640625,0.005281767,-19.359188,-19.374527,-3.669599,255.4251,2.2164798,1.3088877e-09,0.004842797708511352,26576.35339975357,440000
17.223951,-0.2888096,-4.633189,0.015398494,1.0,0.99966335,0.89160156,0.00078071037,-19.755451,-19.776068,1.3339663,93.066536,6.2097797,9.31945e-05,0.22689159,-0.20539409,1.6153046,0.9996538,0.8847656,0.0007750101,-19.564854,-19.585289,1.3395572,44.158737,6.134444,0.0012083319,90.70094,-0.80712396,-4.6455884,0.020358315,1.0,0.9988041,0.34472656,0.0050729,-19.379578,-19.395056,-3.5434825,394.71564,2.521542,1.1179372e-10,0.99875355,0.3310547,0.0051242113,-19.317715,-19.332998,-3.6822257,107.39388,1.8426259,2.0244781e-09,0.004830403900146485,26600.505420923233,445000
17.358427,-0.2689529,-4.632018,0.014930129,1.0,0.99966145,0.8857422,0.0007926049,-19.851477,-19.872149,1.2936319,59.233833,5.7025995,0.0056425203,0.3952057,-0.078744546,2.045074,0.9996538,0.88671875,0.00079507066,-19.738297,-19.758883,1.3203917,53.98387,5.7112827,0.004944119,82.35596,-0.87318486,-4.653987,0.023717755,1.0,0.99878216,0.3359375,0.0050442433,-19.454704,-19.470259,-3.5433679,237.95717,1.8985453,3.1312028e-10,0.998785,0.3203125,0.0050917882,-19.428879,-19.444223,-3.7303367,56.9363,1.4630357,1.44481e-10,0.004823580837249756,26624.623327493668,450000
12.610013,-0.32901284,-4.6332707,0.015431178,1.0,0.99965954,0.89453125,0.0008053515,-19.865458,-19.886175,1.3269407,87.764496,5.8566074,0.018521935,0.29031795,-0.14976758,1.4550724,0.9996395,0.8886719,0.0008103928,-19.680069,-19.700588,1.3113369,115.45517,5.872143,0.020922773,89.35712,-0.93327045,-4.6571584,0.024986362,1.0,0.9987402,0.34375,0.0052789743,-19.514874,-19.530338,-3.6952746,501.48495,2.408092,3.3622754e-11,0.99872494,0.328125,0.005241243,-19.329296,-19.344568,-3.7051303,99.99976,1.8990357,8.959538e-11,0.004826489400863648,26648.755776405334,455000
14.851723,-0.25661474,-4.6319284,0.014894349,1.0,0.99966717,0.890625,0.0007906859,-19.710573,-19.731186,1.3772519,111.19046,6.312044,0.0010405382,0.24605545,-0.16040142,1.4759864,0.99966526,0.89160156,0.0007758172,-19.610409,-19.630861,1.314363,37.649216,5.5911427,0.006198048,77.13353,-0.9896099,-4.646736,0.020817323,1.0,0.998806,0.3310547,0.0052301246,-19.457882,-19.473228,-3.7543333,374.4779,2.2162895,1.2705716e-09,0.9987469,0.3173828,0.0051415972,-19.359558,-19.37481,-3.7557588,119.27357,1.4686127,2.1240754e-10,0.004832430028915405,26672.91792845726,460000
17.636698,-0.2770901,-4.6325455,0.015141082,1.0,0.99965954,0.8964844,0.0007836285,-19.751074,-19.771717,1.3676535,109.293976,6.4315677,1.6494303e-06,0.48077053,-0.24965,1.8018084,0.99965954,0.89941406,0.00076424784,-19.593643,-19.61414,1.3733914,63.559902,6.3500676,8.137272e-05,76.172134,-0.87247574,-4.6534204,0.023491353,1.0,0.99876785,0.3515625,0.005109616,-19.449024,-19.464556,-3.5608497,77.890335,1.6753147,2.7239874e-10,0.9987211,0.34375,0.0051662955,-19.298763,-19.314089,-3.621396,65.41732,1.6990912,6.7862116e-10,0.00486963472366333,26697.266103744507,465000
17.062624,-0.23922944,-4.630865,0.01446896,1.0,0.99967957,0.8984375,0.0007395003,-19.855911,-19.876625,1.334533,107.66055,5.88515,0.0002528462,0.4906909,-0.27583113,1.9708085,0.9996815,0.89746094,0.0007464329,-19.690388,-19.710905,1.2999892,48.278786,5.607311,0.0007871427,84.645515,-0.78023237,-4.6538167,0.023649674,1.0,0.9987936,0.35058594,0.005219181,-19.529411,-19.544758,-3.829333,101.91258,1.6406972,8.008138e-10,0.99876213,0.32128906,0.0052500605,-19.435684,-19.45086,-3.912641,227.2824,1.534208,9.420603e-11,0.004905801582336426,26721.7951130867,470000
14.542738,-0.30578014,-4.6303825,0.014276126,1.0,0.9996681,0.91308594,0.00075127406,-19.807634,-19.828346,1.3829492,151.06593,6.334094,0.0067563886,0.2998195,-0.14679351,1.9310005,0.9996605,0.9013672,0.0007574965,-19.65736,-19.677927,1.384624,354.46997,6.7185287,0.008045324,87.66402,-0.81145096,-4.6487827,0.021635992,1.0,0.99878407,0.35742188,0.0048937234,-19.522251,-19.537998,-3.4104724,99.39171,1.7790589,5.840381e-10,0.9987221,0.34375,0.005063217,-19.41351,-19.429054,-3.5138834,67.1014,1.8587689,5.3385396e-10,0.004936968755722046,26746.47996020317,475000
13.727489,-0.29098827,-4.6307664,0.014429432,1.0,0.99966335,0.890625,0.0007839777,-19.815731,-19.836418,1.3474165,82.49006,5.9949665,0.0038354301,0.23973139,-0.22658959,1.6791725,0.99965096,0.890625,0.000798365,-19.635353,-19.655853,1.3348901,42.529366,5.877968,0.0015266024,86.586334,-0.75942224,-4.6514597,0.022706803,1.0,0.9987669,0.3515625,0.0052922554,-19.523525,-19.538902,-3.7915978,135.01715,1.7125608,2.8934837e-09,0.99875355,0.3154297,0.005279605,-19.39177,-19.40695,-3.8624873,93.99754,1.5666549,2.6377696e-09,0.004838760089874268,26770.67376279831,480000
15.036196,-0.29280752,-4.6324096,0.015086762,1.0,0.9996748,0.90722656,0.0007634422,-19.885193,-19.905874,1.2710727,67.56055,5.5624976,0.006739682,0.18070978,-0.2972365,3.0286365,0.9996729,0.90625,0.0007570586,-19.714594,-19.735115,1.2803316,96.73661,5.693181,0.008300005,83.8035,-0.9427612,-4.652705,0.023205085,1.0,0.9987993,0.3359375,0.005416187,-19.482872,-19.498022,-3.9830272,194.16046,1.7279286,1.6780881e-10,0.9987154,0.3095703,0.0054604076,-19.390812,-19.405855,-4.0038004,159.09756,1.8452727,5.622373e-10,0.004788878154754639,26794.618155241013,485000
15.939154,-0.25358957,-4.6326475,0.015181983,1.0,0.99969196,0.9111328,0.0007568307,-19.760197,-19.780914,1.4338511,74.62447,6.6159115,0.0019851322,0.1718572,-0.48450157,2.5664392,0.99969673,0.90527344,0.0007423671,-19.606255,-19.626776,1.3876266,151.91899,6.370035,0.014058873,83.96274,-0.8202495,-4.652154,0.022984488,1.0,0.99871063,0.33398438,0.005134442,-19.499496,-19.51522,-3.4123569,133.75203,1.966068,3.6232223e-10,0.9986706,0.33789062,0.0051973043,-19.453197,-19.468742,-3.5494702,361.8998,2.011222,1.0123057e-10,0.004763084888458252,26818.433581590652,490000
13.723017,-0.30565146,-4.6309233,0.014492325,1.0,0.99966145,0.90527344,0.00077423867,-19.901918,-19.922668,1.3263783,91.94589,6.021221,0.0002625008,0.17284106,-0.17597239,1.4397619,0.9996519,0.90527344,0.00078196,-19.762632,-19.783209,1.2885349,60.634796,5.6669674,0.00078787503,87.80321,-0.7823999,-4.6534605,0.023507198,1.0,0.99876404,0.35058594,0.0051389225,-19.582338,-19.59795,-3.6120274,351.38388,2.0473475,3.7954456e-10,0.99873734,0.32910156,0.005232898,-19.517101,-19.532396,-3.8710659,395.76993,1.8823556,5.2204885e-09,0.006710264921188354,26851.984908103943,495000
16.42635,-0.2300064,-4.6313257,0.014653313,1.0,0.99967194,0.9033203,0.0007555585,-19.850925,-19.871527,1.2246525,71.00157,5.3456926,0.008141988,0.29093516,-0.084827475,1.9088309,0.99967766,0.9013672,0.0007517882,-19.74802,-19.76845,1.1526015,90.05208,5.0297537,0.012724253,93.1727,-0.7752054,-4.6521225,0.022971839,1.0,0.9988127,0.33789062,0.005286403,-19.604763,-19.620108,-3.9040022,323.8419,1.7483425,3.439111e-10,0.998744,0.3173828,0.005438599,-19.57124,-19.58637,-4.0928497,203.38014,1.6228154,2.3763496e-09,0.007546692848205566,26889.718373537064,500000
14.007222,-0.2780128,-4.6306477,0.014382154,1.0,0.9997158,0.9140625,0.00071236043,-19.790262,-19.810907,1.3306769,72.0642,5.812476,0.004689554,0.5009496,-0.13916664,2.575237,0.99970436,0.9033203,0.0007136937,-19.64666,-19.667145,1.3072708,43.01715,5.6579456,0.0018601806,80.39063,-0.9252715,-4.6496215,0.02197156,1.0,0.99876976,0.35253906,0.0050288504,-19.489285,-19.504953,-3.4621344,88.35433,1.8577013,1.5967512e-09,0.998744,0.34179688,0.005113297,-19.38721,-19.402636,-3.6071057,338.26053,2.0665026,4.0271386e-09,0.2042855136871338,27911.145943641663,505000
15.612497,-0.31102768,-4.6325083,0.015126306,1.0,0.99968815,0.9091797,0.00075453805,-19.853626,-19.874283,1.279573,161.19647,5.7770085,0.0013155731,0.15355171,-0.18495636,1.4708004,0.99968624,0.89746094,0.00075956876,-19.721077,-19.741577,1.2509116,63.855694,5.570445,0.00081041834,83.175766,-0.94428957,-4.6550837,0.024156341,1.0,0.99882126,0.3408203,0.0051309797,-19.522675,-19.538015,-3.8282714,148.98161,1.5416474,3.3715636e-10,0.9987459,0.32226562,0.0052772155,-19.484188,-19.499428,-3.8936493,149.93028,1.5564055,1.1579111e-08,0.004506538629531861,27933.67863893509,510000
13.522734,-0.27613384,-4.6329246,0.015292786,1.0,0.9996433,0.89453125,0.0008015337,-19.877153,-19.89777,1.21125,122.73261,5.216543,0.009070778,0.4402287,-0.15452993,1.9778192,0.99963856,0.8847656,0.00081408035,-19.804249,-19.824768,1.1897755,93.71452,5.139724,0.016507894,77.51546,-0.99641794,-4.6470075,0.02092594,1.0,0.9988518,0.3544922,0.0051984796,-19.572418,-19.587618,-4.023096,70.666985,1.274179,6.979815e-10,0.99877834,0.33007812,0.005343772,-19.602795,-19.617933,-4.1148396,62.078655,1.253304,6.723246e-11,0.00446461763381958,27956.001728773117,515000
16.412298,-0.25355393,-4.6325107,0.015127224,1.0,0.99970245,0.9199219,0.000718305,-19.783752,-19.80442,1.3601718,96.77666,6.1419454,0.006718665,0.2719025,-0.14312422,1.8950162,0.9997034,0.9169922,0.00069888745,-19.689295,-19.70989,1.3811077,71.0644,6.155257,0.017629154,74.80009,-0.9528984,-4.658004,0.025324589,1.0,0.9987879,0.37304688,0.00515618,-19.56511,-19.580618,-3.7000237,109.66603,1.5592687,3.8344328e-10,0.9987049,0.33496094,0.0052251094,-19.471416,-19.486782,-3.7514343,127.19378,1.5838819,9.945671e-09,0.004565467119216919,27978.829065799713,520000
17.480503,-0.2728727,-4.6307583,0.014426211,1.0,0.9996853,0.91308594,0.0007367857,-19.943546,-19.96418,1.1653773,75.05349,5.0698786,0.0025676638,0.4870688,-0.81225955,3.9037435,0.9996681,0.90527344,0.0007453191,-19.806545,-19.827023,1.1419716,52.84157,4.837148,0.0018603562,76.734474,-1.0173931,-4.649043,0.021740343,1.0,0.99884415,0.34472656,0.005284873,-19.687092,-19.702473,-3.9529805,120.119774,1.6263748,1.4459548e-09,0.9987707,0.33007812,0.0053424067,-19.564442,-19.579634,-4.0243225,67.99857,1.3968413,6.865429e-11,0.004537924003601074,28001.51868748665,525000
13.001434,-0.32423198,-4.631367,0.014669833,1.0,0.99966526,0.8935547,0.00076666847,-19.797316,-19.818,1.3621777,121.608,6.158231,0.01174962,0.18874103,-0.12060872,1.3497744,0.9996691,0.8847656,0.0007643688,-19.661377,-19.681927,1.3623132,76.850044,6.1061525,0.025428964,83.574554,-0.82990986,-4.6449385,0.020098343,1.0,0.99879265,0.35546875,0.0051265485,-19.444504,-19.459955,-3.635908,115.66181,1.9805088,1.7486327e-11,0.998744,0.3388672,0.0051432177,-19.345327,-19.360636,-3.6847162,347.13153,2.3140001,7.2637724e-10,0.004606565809249878,28024.55151796341,530000
14.198968,-0.30349725,-4.6307917,0.014439717,1.0,0.999691,0.90722656,0.00074586424,-19.749687,-19.770256,1.2913244,51.88291,5.586988,1.3777176e-05,0.26132777,-0.08712743,1.4096351,0.9996824,0.9003906,0.00076627184,-19.612694,-19.633135,1.3004327,37.642437,5.5779,1.028907e-05,81.13641,-0.84673464,-4.6625566,0.027145673,1.0,0.99876976,0.33496094,0.0052204495,-19.512815,-19.528307,-3.6619823,170.49626,2.0142834,4.759267e-10,0.9987459,0.31933594,0.0052194055,-19.389658,-19.404924,-3.7699351,116.90874,1.701511,3.0244602e-09,0.0045436783313751224,28047.269911289215,535000
12.275118,-0.26354802,-4.633505,0.015524958,1.0,0.9997015,0.90722656,0.000724017,-19.992336,-20.013102,1.2480887,63.432404,5.6224594,0.0051223827,0.15775087,-0.13520856,1.0135076,0.99968624,0.91015625,0.00071318285,-19.863834,-19.88447,1.2440984,83.027016,5.66963,0.011174174,94.62689,-0.75095296,-4.652873,0.023272118,1.0,0.9987173,0.3173828,0.0054625347,-19.62481,-19.640198,-3.8829246,297.70642,1.7457626,5.3342647e-10,0.998703,0.31152344,0.0055189594,-19.518133,-19.533215,-4.0899086,68.82555,1.4601235,8.2633164e-11,0.004451391553878784,28069.526870250702,540000
14.221299,-0.27208376,-4.627626,0.013173408,1.0,0.9996443,0.89746094,0.0008082398,-19.839104,-19.859848,1.3839762,41.878025,6.1210194,0.018814541,0.211986,-0.1744475,1.2514491,0.99964714,0.9003906,0.0008125382,-19.711296,-19.731897,1.3637676,68.83789,5.984132,0.021602564,82.453415,-0.83300006,-4.662657,0.027185732,1.0,0.9988146,0.34570312,0.0051722396,-19.471512,-19.486826,-3.805244,89.555855,1.6676401,6.6476685e-11,0.9987612,0.32714844,0.0052355584,-19.410301,-19.42551,-3.8535419,222.40797,1.715763,1.2747321e-09,0.004473474884033203,28091.89424610138,545000
15.008293,-0.27517563,-4.630047,0.014141654,1.0,0.99968624,0.9121094,0.0007399787,-19.898834,-19.91957,1.314337,195.53058,5.881638,0.0026043367,0.10770891,-0.318029,1.5055492,0.9996662,0.9003906,0.00075057574,-19.772411,-19.793026,1.3154745,143.8694,5.943227,0.00074417726,92.70677,-0.8263253,-4.650176,0.022193572,1.0,0.99882984,0.36621094,0.0048304615,-19.587639,-19.603426,-3.4397855,176.89911,1.614326,5.3466925e-10,0.9987812,0.34472656,0.004968822,-19.564503,-19.580153,-3.556053,62.14313,1.5061746,7.46819e-11,0.004541530847549439,28114.601902246475,550000
14.162123,-0.30162495,-4.6323857,0.0150772305,1.0,0.99966526,0.890625,0.0007778852,-19.924644,-19.945389,1.2967854,135.04579,5.609974,0.0009760499,0.20921835,-0.08577035,2.7858295,0.9996729,0.89160156,0.0007759052,-19.884012,-19.904682,1.2625896,40.120567,5.339426,0.00589545,72.855865,-1.0194641,-4.6478224,0.021252006,1.0,0.99873066,0.34277344,0.0051344233,-19.643763,-19.659431,-3.6174874,160.13548,1.6522763,3.6169043e-10,0.9986553,0.33007812,0.0052588163,-19.578253,-19.593832,-3.6408243,66.411125,1.8175306,2.8281613e-08,0.00450900239944458,28137.146916151047,555000
10.727248,-0.3503904,-4.629881,0.014075286,1.0,0.9996786,0.8964844,0.0007548778,-19.914156,-19.934988,1.395334,121.812164,6.1574907,0.003884766,0.077115856,-0.2995618,1.996721,0.99967575,0.88964844,0.00075421866,-19.768635,-19.789354,1.4268636,135.40495,6.41154,0.00085413153,80.36546,-0.92886233,-4.645569,0.02035043,1.0,0.99877167,0.3203125,0.0052955905,-19.490168,-19.50553,-3.7769434,414.8658,2.2545323,2.939653e-10,0.99871254,0.3017578,0.0052768635,-19.399841,-19.4151,-3.7905881,388.02512,1.9860188,3.2138808e-10,0.004539915895462036,28159.846497297287,560000
17.112335,-0.21875712,-4.632957,0.015305839,1.0,0.9996662,0.9003906,0.0007761976,-19.783134,-19.803904,1.4615241,129.29102,6.687248,0.009830595,0.29239833,-0.21068579,1.8833398,0.9996519,0.9042969,0.00079113856,-19.697247,-19.717907,1.4363123,83.59912,6.541824,0.01601832,90.923615,-0.77336687,-4.6531334,0.02337652,1.0,0.998765,0.34375,0.0052361414,-19.545532,-19.561106,-3.6115694,246.51668,2.394642,4.985471e-10,0.9987364,0.34179688,0.005247711,-19.457268,-19.472612,-3.7602446,113.98511,1.768117,8.863711e-10,0.004571525526046753,28182.704126358032,565000
13.740159,-0.34647858,-4.6306095,0.014366827,1.0,0.99969673,0.92285156,0.00072977255,-19.984303,-20.00513,1.3224971,50.462902,5.7229524,0.007946059,0.10086174,-0.24854614,1.408745,0.99968815,0.9091797,0.00074327836,-19.836887,-19.857565,1.3161476,78.15307,5.714105,0.021809224,92.66199,-0.77879965,-4.6519017,0.022883674,1.0,0.9988375,0.3515625,0.0050774785,-19.671665,-19.687183,-3.7969613,136.18086,1.4445189,2.9827696e-10,0.9987774,0.3408203,0.005151435,-19.576824,-19.592173,-3.8751507,86.3734,1.4762797,8.382666e-10,0.004594576454162598,28205.67701125145,570000
14.240931,-0.29219484,-4.631199,0.014602611,1.0,0.99965286,0.89453125,0.000811175,-19.821955,-19.842625,1.3247857,140.13937,5.993534,0.00014297587,0.1250978,-0.14297116,0.98593485,0.99964523,0.890625,0.00080738735,-19.661356,-19.681887,1.3438495,129.75941,5.9592905,0.000766558,77.534966,-0.9665815,-4.648953,0.021704128,1.0,0.99884415,0.3623047,0.0050345855,-19.56419,-19.579687,-3.7095354,104.05448,1.6469059,2.4182542e-10,0.99878025,0.3486328,0.005063493,-19.47771,-19.493158,-3.674338,76.34014,1.7276385,1.7441135e-10,0.0045238727569580075,28228.296377182007,575000
14.422205,-0.30486265,-4.6298623,0.0140679,1.0,0.9996376,0.8955078,0.0008079697,-19.999203,-20.019958,1.2351787,62.788647,5.4327207,0.0062914635,0.2568314,-0.31151143,1.7362114,0.9996252,0.8876953,0.0008349373,-19.915451,-19.936102,1.2121801,100.40652,5.4042015,0.021741347,89.482956,-0.81576365,-4.6465454,0.02074097,1.0,0.99880314,0.3515625,0.005240688,-19.724777,-19.74032,-3.8223195,66.37801,1.638387,3.9600234e-10,0.9987478,0.328125,0.0053890822,-19.621418,-19.636677,-4.012554,65.71117,1.4180386,3.548603e-11,0.004408384132385254,28250.338299512863,580000
14.862355,-0.28313535,-4.6307907,0.014439401,1.0,0.9996996,0.90722656,0.0007373176,-19.936665,-19.957489,1.3677044,116.660866,6.0735655,0.0006477877,0.14758903,-0.34836835,1.3559284,0.999691,0.90625,0.0007302147,-19.823015,-19.843697,1.3346933,53.161823,5.687971,0.00027758098,82.847336,-0.9017185,-4.6454716,0.020311613,1.0,0.9987936,0.33496094,0.0051105674,-19.599186,-19.614729,-3.6990519,125.64109,1.6756388,1.3006321e-10,0.9987278,0.3125,0.005149662,-19.578518,-19.593985,-3.7550755,114.04975,1.5860558,1.746388e-09,0.004593683481216431,28273.306719064713,585000
17.337769,-0.315113,-4.629679,0.013994673,1.0,0.9996681,0.8876953,0.0007714237,-19.816196,-19.83695,1.415652,71.47813,6.4265947,0.00797533,0.26582673,-0.3450826,1.8638006,0.9996786,0.8847656,0.0007677771,-19.723053,-19.74373,1.4295281,254.61703,6.6655006,0.015603439,74.540955,-0.987407,-4.6482534,0.021424294,1.0,0.998785,0.35742188,0.005077569,-19.549875,-19.565504,-3.562005,278.4839,2.3675694,2.689518e-09,0.99876213,0.33203125,0.0050954567,-19.561,-19.576607,-3.596893,167.1819,1.8453748,1.8603009e-09,0.004561897706985473,28296.11620903015,590000
17.151102,-0.28845987,-4.628817,0.013649784,1.0,0.9997158,0.9160156,0.0006813297,-19.921923,-19.942747,1.3801212,122.951805,6.215624,0.0031579323,0.5048687,-0.18031694,1.9367521,0.9997091,0.91503906,0.00068177655,-19.790062,-19.810759,1.3840704,108.88314,6.1425343,0.0031146815,72.16869,-0.9748072,-4.649203,0.021803968,1.0,0.99875164,0.34277344,0.005283153,-19.587002,-19.602455,-3.7783327,195.66759,1.784136,5.6423906e-09,0.9987259,0.33398438,0.005322192,-19.520332,-19.53565,-3.8515322,528.72565,2.1627355,6.692365e-10,0.004599786138534546,28319.115141630173,595000
14.983582,-0.2514972,-4.6291733,0.013792127,1.0,0.99967,0.9091797,0.0007553701,-19.836746,-19.857485,1.3782194,69.53521,6.1849985,0.007691052,0.15135817,-0.20178825,1.725162,0.999671,0.9042969,0.00075010356,-19.65091,-19.671455,1.3661876,68.52712,5.9989223,0.0037189033,81.358154,-0.8746057,-4.6424155,0.019089198,1.0,0.9987631,0.34960938,0.005161009,-19.498568,-19.51416,-3.5461514,170.591,2.0110264,5.378276e-10,0.99872875,0.328125,0.0052213958,-19.45694,-19.472324,-3.7204807,59.18894,1.5524454,1.2925763e-08,0.0045898908615112305,28342.06459712982,600000
13.697586,-0.35758665,-4.629429,0.013894415,1.0,0.9996691,0.9033203,0.00078876724,-19.941349,-19.962019,1.19947,158.79993,5.4394445,0.0011020869,0.23204118,-0.41654676,1.6754588,0.9996662,0.890625,0.00078928017,-19.845379,-19.86595,1.1997404,76.60583,5.375647,0.0001020406,88.62396,-0.92670614,-4.6427903,0.019239115,1.0,0.9988165,0.34765625,0.005236232,-19.67607,-19.69154,-3.8488328,129.07697,1.7385397,2.6931612e-10,0.99876785,0.31835938,0.00523427,-19.616177,-19.631508,-3.931378,108.87151,1.4351729,7.77371e-10,0.2576200063228607,29630.16463112831,605000
17.227526,-0.25391185,-4.6316395,0.014778745,1.0,0.9996662,0.88378906,0.00077735493,-19.937399,-19.958158,1.2985826,107.63545,5.6799097,0.00057179166,0.20089927,-0.19634908,1.708324,0.99967575,0.89160156,0.0007697036,-19.808428,-19.829033,1.2719119,34.71433,5.41023,0.0031506752,88.65906,-0.86839414,-4.656768,0.024830168,1.0,0.9988594,0.36132812,0.0050683175,-19.61028,-19.625809,-3.7217252,97.510475,1.8611332,4.2242043e-10,0.99881077,0.35546875,0.005069824,-19.568113,-19.583601,-3.7247746,46.15285,1.4468982,2.4005933e-10,0.0047396607875823974,29653.862936496735,610000
13.445192,-0.28377795,-4.631025,0.014532871,1.0,0.99969864,0.9042969,0.0007154591,-19.99629,-20.017092,1.2851684,89.50095,5.3699446,0.009607949,0.14381082,-0.35473466,1.8690344,0.99970436,0.9042969,0.0007092478,-19.918808,-19.939539,1.2906656,55.004356,5.3131437,0.0072383713,76.24399,-0.9597203,-4.6623225,0.027051944,1.0,0.998765,0.3359375,0.0053439955,-19.635353,-19.650728,-3.908319,157.08896,1.7872248,8.5297586e-10,0.99874973,0.32714844,0.0053600883,-19.527554,-19.542732,-4.001033,50.97696,1.3456701,2.9548533e-10,0.004792731666564941,29677.826597929,615000
16.100693,-0.2992875,-4.6307597,0.014426959,1.0,0.9996624,0.8847656,0.0008076302,-19.952745,-19.973476,1.2553606,92.71595,5.4704876,0.0042221327,0.38397205,-0.3038993,2.1173458,0.99963474,0.89746094,0.0008027829,-19.779419,-19.799986,1.2600479,59.296967,5.5664477,0.018777097,92.996605,-0.77369803,-4.6504107,0.022287223,1.0,0.9987354,0.33496094,0.005320644,-19.629261,-19.644669,-3.8677366,393.73102,1.6218293,1.5486334e-10,0.99867725,0.3251953,0.0053444053,-19.568565,-19.583918,-3.8635807,117.23776,1.7679915,4.10492e-10,0.004731639528274536,29701.48479795456,620000
15.501194,-0.27273154,-4.630259,0.014226551,1.0,0.9996586,0.9042969,0.0007889309,-19.98214,-20.002863,1.2183995,88.2388,5.3234453,0.0013827268,0.32327408,-0.078012675,1.9381878,0.99966335,0.890625,0.0008028581,-19.833527,-19.854113,1.2253187,87.320145,5.396598,0.0025066258,85.94181,-0.8982482,-4.6442366,0.01981757,1.0,0.9988117,0.34960938,0.0052135633,-19.639277,-19.654696,-3.8644915,158.45676,1.7615879,6.671362e-10,0.9987955,0.3330078,0.0052632038,-19.592186,-19.607437,-3.9898102,61.283577,1.3398943,1.9341033e-10,0.004688039922714234,29724.925000190735,625000
17.357698,-0.2522472,-4.6304626,0.014307973,1.0,0.9996824,0.9091797,0.000737845,-19.89259,-19.913391,1.3868816,91.04622,6.248166,0.004005697,0.11725044,-0.16866475,1.5375429,0.9996815,0.9013672,0.0007452219,-19.739754,-19.76038,1.3618541,71.00797,6.040002,0.002437827,75.15533,-0.9009551,-4.6487656,0.02162916,1.0,0.998786,0.3642578,0.0051889643,-19.536242,-19.55169,-3.7328675,240.64806,1.9860536,2.504205e-10,0.99881077,0.34375,0.0050510867,-19.421043,-19.436365,-3.7462559,145.07191,1.7416799,1.2550866e-09,0.004559805679321289,29747.72403049469,630000
16.798117,-0.281734,-4.6299086,0.01408646,1.0,0.9996767,0.9082031,0.0007440484,-19.90826,-19.928997,1.3051815,67.32938,5.498151,0.012056017,0.17357023,-0.21923694,1.605068,0.99967575,0.90527344,0.0007566024,-19.835772,-19.856457,1.3289177,43.74622,5.7315664,0.005176873,78.2925,-1.035526,-4.644927,0.02009389,1.0,0.9988117,0.35058594,0.005186009,-19.601452,-19.616898,-3.8006072,209.26646,1.8373334,3.3424047e-10,0.9987707,0.34570312,0.0051887394,-19.584484,-19.599916,-3.7975893,283.6855,2.1490831,4.5567508e-10,0.0045003148078918455,29770.225606441498,635000
14.719016,-0.27331337,-4.631532,0.014735821,1.0,0.99969006,0.9111328,0.0007428406,-19.999037,-20.019882,1.3254629,106.896515,5.7645116,0.011575907,0.15495476,-0.27017844,1.5013885,0.99967384,0.9042969,0.00074612745,-19.80273,-19.823345,1.2842207,118.12646,5.5096226,0.018845478,86.99335,-0.8223814,-4.6535206,0.023531174,1.0,0.99883366,0.3466797,0.0052222773,-19.729973,-19.745468,-3.8793,186.20312,1.5946503,1.0325689e-10,0.99877644,0.3232422,0.0052368687,-19.666332,-19.681734,-3.9095378,306.41745,1.7550076,2.2264864e-11,0.004426116180419922,29792.356189489365,640000
12.8497,-0.2875379,-4.628109,0.013366503,1.0,0.99967384,0.9042969,0.00076659844,-20.0002,-20.020964,1.2372986,190.98892,5.383121,1.8695957e-05,0.118559316,-0.2874791,1.5386602,0.9996538,0.9042969,0.00077251834,-19.836311,-19.85689,1.2149498,50.05,5.2152786,2.8293365e-05,85.23122,-0.8716977,-4.6462393,0.020618817,1.0,0.9987917,0.3515625,0.00518565,-19.776485,-19.792183,-3.717799,119.11846,1.8648183,7.1781747e-10,0.9987631,0.34472656,0.0051818043,-19.638165,-19.653616,-3.8303235,76.68078,1.3820817,1.7709316e-09,0.00441401743888855,29814.426279067993,645000
14.158764,-0.3019137,-4.6308856,0.01447718,1.0,0.99965477,0.8964844,0.0008136334,-19.928158,-19.948978,1.3697606,74.21199,6.375577,1.1581956e-05,0.20630763,-0.23448458,1.7411332,0.9996357,0.8886719,0.0008155214,-19.797037,-19.817701,1.3401387,70.70949,6.1007695,0.002507849,84.61406,-0.929237,-4.652241,0.023019377,1.0,0.99876976,0.3466797,0.005091521,-19.638355,-19.6541,-3.5318723,225.18591,2.0424256,1.2780449e-10,0.99876976,0.33789062,0.0051718955,-19.553988,-19.569416,-3.7717752,72.74094,1.4453682,5.867375e-11,0.004487438583374023,29836.863473415375,650000
12.85606,-0.31221426,-4.627377,0.013073801,1.0,0.9996958,0.9042969,0.00074074185,-19.995222,-20.016125,1.388062,74.572395,6.1423435,0.00092306046,0.19380732,-0.27523676,1.7160394,0.9996872,0.9003906,0.0007398458,-19.864504,-19.885262,1.3699389,49.298912,5.975104,0.012079155,82.481865,-0.9625861,-4.660366,0.026269466,1.0,0.99886703,0.37402344,0.005266946,-19.620949,-19.636278,-3.939241,94.35586,1.7779778,1.2411666e-10,0.9987955,0.3564453,0.0053658495,-19.552486,-19.56771,-3.978025,111.73162,1.9465876,4.7615456e-10,0.004545595073699951,29859.591450691223,655000
12.235158,-0.29071602,-4.632183,0.014996181,1.0,0.9997072,0.90625,0.00070733903,-19.99853,-20.019308,1.2598722,96.93137,5.5407143,0.04188355,0.24450582,-0.047304332,1.1561197,0.99969006,0.9121094,0.00071527273,-19.902065,-19.92273,1.2396307,63.078415,5.438299,0.03100474,84.278404,-0.8156711,-4.643977,0.01971378,1.0,0.9988394,0.37402344,0.00504958,-19.63221,-19.647873,-3.6121714,101.86629,1.9216746,4.2637385e-10,0.99878407,0.35839844,0.0050001177,-19.61587,-19.631472,-3.6535637,85.081635,1.3274977,1.4411804e-09,0.004545600891113282,29882.319457530975,660000
12.423336,-0.31764418,-4.6292686,0.013830371,1.0,0.9996767,0.8886719,0.00076940027,-19.993866,-20.014706,1.3261185,95.15151,5.778312,0.0046786256,0.21248274,-0.19445463,1.2177753,0.9996748,0.90625,0.00076775753,-19.85431,-19.875023,1.3351085,182.99178,6.0301046,0.0013420028,83.87606,-0.9405712,-4.6452484,0.020222448,1.0,0.9987879,0.3466797,0.0052543445,-19.633228,-19.648766,-3.7363706,106.66245,1.7780309,1.8820356e-09,0.9987116,0.32910156,0.0052453084,-19.57561,-19.591017,-3.8148658,159.4197,1.7295597,1.8118426e-09,0.004587530040740966,29905.25710916519,665000
10.695662,-0.33743405,-4.628886,0.013677341,1.0,0.9996786,0.91308594,0.00076716405,-20.002792,-20.023605,1.2890553,63.038544,5.461178,0.00020271882,0.26055828,-0.1726496,0.9364166,0.9996729,0.89746094,0.0007699038,-19.787771,-19.808388,1.3033057,56.491005,5.5570827,0.00023877184,86.1837,-0.90712386,-4.650977,0.022513812,1.0,0.9987631,0.3388672,0.0054332186,-19.642036,-19.657309,-4.0205307,97.07305,1.7894738,1.1638929e-10,0.99875164,0.32421875,0.005417536,-19.508804,-19.523872,-4.0934715,281.16302,1.7602847,1.2967438e-09,0.004770474576950073,29929.109483718872,670000
11.857221,-0.3306626,-4.6292973,0.013841877,1.0,0.9996891,0.90722656,0.0007170613,-19.942959,-19.963823,1.4011846,79.693886,6.182655,0.018278584,0.10372163,-0.18492095,1.0898807,0.9996891,0.90625,0.0007173461,-19.695555,-19.716167,1.3904821,68.93844,6.2363586,0.009652745,76.185074,-0.95817167,-4.644417,0.019889567,1.0,0.9987974,0.3642578,0.0050844965,-19.623428,-19.639162,-3.5288835,241.19225,2.3024845,1.7989811e-09,0.99877167,0.34570312,0.005065015,-19.45111,-19.466612,-3.5916753,84.29695,1.8807614,2.627095e-09,0.00453300724029541,29951.77452135086,675000
13.490145,-0.31557557,-4.6307516,0.014423678,1.0,0.9996748,0.9033203,0.00076763984,-20.048489,-20.069353,1.2958685,112.49578,5.9327703,0.0072614644,0.22849402,-0.28810316,1.4979514,0.999671,0.9042969,0.000770456,-19.86502,-19.885704,1.2964269,194.5636,5.9656343,0.012439102,84.29007,-0.919549,-4.646666,0.02078933,1.0,0.9988079,0.33789062,0.0052889413,-19.715332,-19.730797,-3.8927507,124.00757,1.7420669,1.7724006e-10,0.9987745,0.3232422,0.0053395145,-19.558342,-19.573624,-3.9246206,169.9867,2.0048213,1.7341556e-10,0.004517447090148926,29974.361758947372,680000
15.799561,-0.24330473,-4.629137,0.01377787,1.0,0.9996939,0.91796875,0.0007205815,-19.968718,-19.989588,1.3796961,105.80525,6.2739143,0.0025369027,0.1885586,-0.22417761,1.6142042,0.99968815,0.90527344,0.00073350634,-19.805912,-19.82659,1.3481696,61.62476,6.0315433,0.0011798525,92.92409,-0.80301297,-4.6439004,0.01968321,1.0,0.99879646,0.35742188,0.005209537,-19.586102,-19.60167,-3.6602726,185.62282,2.0352185,9.674063e-13,0.99876213,0.3330078,0.005248082,-19.471878,-19.487185,-3.8130827,152.92334,1.9437151,1.6321924e-10,0.004514542865753174,29996.93447470665,685000
13.058977,-0.2771094,-4.6302648,0.014228894,1.0,0.9996939,0.9111328,0.0007349213,-19.980665,-20.001451,1.2803552,93.2882,5.5450983,0.011225175,0.11318854,-0.19786343,1.3376567,0.9997034,0.90625,0.0007300474,-19.846361,-19.866993,1.2589318,63.840225,5.4153724,0.008624823,75.523636,-0.86515164,-4.655125,0.024173064,1.0,0.9987984,0.35742188,0.005168531,-19.649029,-19.664597,-3.721486,177.13417,2.042482,7.5482176e-10,0.9987774,0.33789062,0.0052705836,-19.550194,-19.565584,-3.806995,193.59622,2.0365705,8.88689e-09,0.00448089017868042,30019.338927030563,690000
14.133817,-0.26361328,-4.6278243,0.013252703,1.0,0.9996567,0.8955078,0.0008065478,-20.037315,-20.058172,1.2966894,52.479305,5.6532383,0.007554592,0.32252407,-0.18017966,1.4201261,0.9996443,0.89160156,0.0008246022,-19.921928,-19.94264,1.2646296,127.999146,5.6315336,0.011143141,70.73092,-0.9673488,-4.6504064,0.022285411,1.0,0.9988289,0.3388672,0.005378114,-19.686115,-19.70141,-4.037751,207.22073,1.9119136,3.025184e-11,0.9987898,0.3310547,0.005455684,-19.693151,-19.708303,-4.193103,222.6465,1.8315496,7.75802e-11,0.004637166166305542,30042.524760723114,695000
11.424213,-0.27731428,-4.6309385,0.0144984005,1.0,0.99970245,0.9091797,0.00072177756,-20.0285,-20.049326,1.2802969,109.78821,5.6386933,0.0013668013,0.10116087,-0.15615898,1.1078849,0.99969673,0.9042969,0.0007292103,-19.862106,-19.882786,1.293147,41.56469,5.6012707,0.0012367484,83.33033,-0.94745404,-4.6504273,0.022293953,1.0,0.9987974,0.33984375,0.005159243,-19.681042,-19.69657,-3.79844,39.15405,1.3740859,8.537082e-10,0.99881077,0.3359375,0.005172777,-19.589077,-19.604414,-3.901061,53.540928,1.4613554,1.6554761e-09,0.004514248037338257,30065.09600329399,700000
12.906784,-0.25214446,-4.6327033,0.015204347,1.0,0.99967384,0.89453125,0.000740076,-20.028206,-20.049156,1.4028723,99.46918,6.1965747,0.0004286023,0.30105975,-0.16210152,1.4228861,0.9996729,0.9003906,0.0007562097,-19.890884,-19.91167,1.3709924,82.176765,6.0708575,0.00016533723,84.9774,-0.8439821,-4.64966,0.021987025,1.0,0.998826,0.35839844,0.0048890198,-19.702393,-19.718304,-3.4277964,169.41606,1.8615278,2.9113517e-10,0.998744,0.328125,0.004938608,-19.69527,-19.711153,-3.4485698,434.9475,2.1633525,1.6765676e-11,0.27304278063774107,31430.309907913208,705000
12.651087,-0.30061603,-4.63118,0.014594964,1.0,0.9996691,0.89941406,0.0007842912,-20.066887,-20.087719,1.2434291,51.36425,5.39352,0.0007304781,0.15536761,-0.14330876,1.8871211,0.99965954,0.88964844,0.00076967856,-19.87927,-19.899937,1.2602255,80.81729,5.4390297,0.00019367266,89.45587,-0.77395487,-4.653819,0.023650698,1.0,0.9988804,0.37304688,0.0050150896,-19.724716,-19.740438,-3.6387923,334.33926,2.1434174,2.097536e-10,0.998847,0.35839844,0.004941251,-19.586864,-19.602417,-3.6757803,53.909363,1.524829,5.9566396e-10,0.004530984258651734,31452.964830875397,710000
11.580687,-0.3178979,-4.6341286,0.015774269,1.0,0.9996662,0.890625,0.0007914476,-20.00003,-20.020895,1.3437315,106.24854,5.937437,0.0050210822,0.07057814,-0.17507844,1.3350232,0.9996557,0.8964844,0.00078564254,-19.89315,-19.913914,1.3464715,74.839386,5.815153,0.016911967,79.08589,-0.97907597,-4.6544046,0.02388491,1.0,0.99879456,0.34472656,0.0052873236,-19.712067,-19.727507,-3.9153447,157.68349,1.6316445,1.7247971e-10,0.9987917,0.31835938,0.005344034,-19.679468,-19.694824,-3.9717612,120.7174,1.5932968,1.06115436e-10,0.004462968254089356,31475.279673576355,715000
14.075071,-0.28211713,-4.628088,0.013358235,1.0,0.9996939,0.90722656,0.0007322134,-20.061909,-20.082771,1.2830403,78.11667,5.553081,0.028421529,0.43046328,-0.1697787,1.565274,0.9996853,0.8984375,0.000728918,-19.921824,-19.942564,1.2954931,58.345787,5.5942464,0.033252653,89.23374,-0.8092918,-4.652872,0.023271808,1.0,0.9988203,0.3544922,0.0052430234,-19.724308,-19.739923,-3.7507062,199.09161,1.811852,4.953491e-10,0.99875164,0.3310547,0.005272899,-19.61139,-19.626726,-3.92133,127.78565,1.6146786,2.0219842e-10,0.004598067188262939,31498.270012378693,720000
16.013071,-0.28042877,-4.6350493,0.016142698,1.0,0.9996338,0.87402344,0.0008446092,-19.978043,-19.998774,1.2312255,113.924576,5.653945,1.1964071e-06,0.18607177,-0.23779313,1.7720058,0.99962616,0.8798828,0.0008540361,-19.897823,-19.918491,1.244473,48.717163,5.6452117,2.0065316e-05,80.100815,-0.947109,-4.6464796,0.020714657,1.0,0.9988489,0.3359375,0.0052409284,-19.687403,-19.702747,-3.991455,136.12184,1.2382026,1.0457788e-11,0.99882984,0.3408203,0.005268787,-19.688334,-19.703617,-4.052785,143.35408,1.455069,5.7202987e-10,0.004621355962753296,31521.37679362297,725000
13.054272,-0.32708532,-4.6305027,0.014324193,1.0,0.9996424,0.8857422,0.00084511645,-19.92177,-19.942553,1.337922,64.58857,6.124501,0.0043064724,0.26812887,-0.1838989,1.4451263,0.9996338,0.8876953,0.00083789416,-19.796467,-19.817137,1.350461,115.032585,6.18715,0.007016704,90.15894,-0.7881886,-4.6491556,0.02178519,1.0,0.9988289,0.37402344,0.0049606366,-19.62788,-19.643639,-3.5054142,324.07202,2.0173097,4.06707e-09,0.99876976,0.33496094,0.005018184,-19.586987,-19.60255,-3.6643906,68.5314,1.4408089,1.4830374e-08,0.004614854097366333,31544.451065540314,730000
15.574401,-0.3046977,-4.6254735,0.0123124365,1.0,0.9996538,0.88964844,0.0008176991,-19.982697,-20.003569,1.3693082,81.70458,6.133838,0.0045417687,0.16448644,-0.4145157,2.1773071,0.99965096,0.875,0.00082629116,-19.900162,-19.920992,1.4082727,75.46734,6.469276,0.012488162,85.639404,-0.83768463,-4.6502995,0.02224274,1.0,0.99879265,0.35742188,0.005227108,-19.749779,-19.765438,-3.7315135,102.09065,1.9663991,1.8627417e-11,0.9987869,0.3203125,0.0052350247,-19.69113,-19.706572,-3.895439,118.590034,1.4349086,5.1340602e-11,0.0047661056518554686,31568.28159570694,735000
15.848296,-0.27743888,-4.626733,0.012815952,1.0,0.9996815,0.9082031,0.0007487423,-19.896637,-19.917416,1.3610126,140.74086,6.0708017,0.016758183,0.14832471,-0.1713582,1.3921852,0.99967766,0.9042969,0.00076690863,-19.758057,-19.778675,1.333884,127.454666,5.8098326,0.0042565074,90.39358,-0.7679266,-4.654581,0.023955287,1.0,0.99882984,0.3544922,0.0052396585,-19.758999,-19.774567,-3.8321743,216.10439,1.9441214,3.2567493e-10,0.9988127,0.32226562,0.0052301344,-19.645103,-19.660454,-3.9435277,88.0513,1.6144075,1.096501e-09,0.004732192707061767,31591.94256091118,740000
14.849,-0.24285394,-4.629657,0.013985619,1.0,0.99966335,0.89746094,0.00078676926,-20.035744,-20.056704,1.4075898,57.741184,6.34659,0.00054231484,0.19082142,-0.23148148,2.6469727,0.99964046,0.8925781,0.0007988685,-19.948967,-19.969805,1.3675758,52.681465,6.2462525,1.3336752e-05,84.67111,-0.8416299,-4.65518,0.024194963,1.0,0.9988165,0.35742188,0.0050249035,-19.754406,-19.770195,-3.59974,99.302925,1.7732921,1.6227061e-10,0.99878407,0.3564453,0.0051030456,-19.693472,-19.709145,-3.66143,78.845764,1.6359981,1.4283233e-10,0.0047519194126129155,31615.70215988159,745000
12.809751,-0.31813055,-4.6292715,0.0138314385,1.0,0.9996767,0.91015625,0.00074134674,-19.951962,-19.972809,1.3754101,60.489998,6.146964,0.0020790223,0.2679521,-0.0494276,1.2930734,0.9996748,0.91308594,0.0007384213,-19.740753,-19.761406,1.3862568,51.239334,6.1849036,0.01989942,90.676094,-0.7871723,-4.647917,0.0212898,1.0,0.9988041,0.34277344,0.0051628584,-19.622944,-19.638433,-3.7773404,127.4196,1.6040494,3.9391997e-11,0.9987736,0.33496094,0.005159719,-19.565445,-19.580862,-3.7940555,126.59807,1.658355,9.68015e-10,0.004780554962158203,31639.604937791824,750000
11.673387,-0.25140154,-4.6298485,0.014062437,1.0,0.9996948,0.8964844,0.0007375769,-20.016249,-20.037169,1.3866568,66.66788,6.060893,0.0046280115,0.20886299,-0.22781087,1.881242,0.99967766,0.88671875,0.00073922385,-19.911255,-19.93203,1.3403506,42.252804,5.6812468,0.0072401767,83.006546,-0.9448776,-4.647466,0.021109475,1.0,0.9987736,0.34375,0.005369806,-19.737587,-19.753075,-3.8947742,143.46295,1.8060853,2.8142527e-11,0.9987469,0.33496094,0.005304167,-19.674511,-19.689936,-3.8951447,108.05868,1.5447278,2.397012e-09,0.004980066108703613,31664.50527024269,755000
13.894392,-0.3203961,-4.630285,0.014237056,1.0,0.9996853,0.921875,0.0007166932,-20.009018,-20.029806,1.2587712,60.394226,5.4509525,0.014648697,0.17698774,-0.33812082,1.8245628,0.99968433,0.90625,0.00071492104,-19.866638,-19.887333,1.3052409,51.471165,5.793045,0.011047813,79.00447,-0.93539196,-4.650667,0.022389818,1.0,0.9987745,0.34472656,0.0053855395,-19.600388,-19.61572,-3.91271,94.371475,1.8601465,1.1898116e-09,0.9987345,0.32714844,0.00536782,-19.481327,-19.496494,-3.9650743,101.37276,1.7213562,3.6620318e-10,0.004797960615158081,31688.49507498741,760000
12.196365,-0.31694221,-4.6279554,0.013304958,1.0,0.9997053,0.91503906,0.0007081946,-20.07463,-20.09546,1.2333966,83.804985,5.3797855,0.000111224166,0.18088597,-0.22201356,1.0915649,0.99969864,0.9169922,0.000714244,-19.918018,-19.9387,1.2385374,74.34595,5.482383,0.0008244954,80.28206,-0.98085225,-4.646926,0.020893384,1.0,0.9988146,0.33496094,0.005382321,-19.753185,-19.76843,-4.154479,121.80124,1.3726621,3.472183e-11,0.99874496,0.3173828,0.005394283,-19.69662,-19.71193,-4.0360365,75.543304,1.7719691,7.2203443e-10,0.004785589027404785,31712.423021554947,765000
14.361813,-0.27371603,-4.6269135,0.012888377,1.0,0.99969196,0.92578125,0.0007005135,-20.056278,-20.077147,1.2912581,43.340015,5.3820353,0.008686468,0.39416784,-0.21410333,1.3788981,0.99969673,0.92089844,0.0007005185,-19.924164,-19.944918,1.3062268,59.57289,5.5654373,0.006986773,80.92631,-0.97579,-4.6554585,0.024306258,1.0,0.9988413,0.36035156,0.0051627494,-19.765602,-19.781202,-3.806156,103.51012,1.5481179,2.1705637e-10,0.9987879,0.3466797,0.005186256,-19.718342,-19.73391,-3.7959447,66.3123,1.5861013,6.6749895e-10,0.00478523497581482,31736.349197864532,770000
13.111898,-0.30652422,-4.6297073,0.0140058575,1.0,0.99963665,0.890625,0.00083885295,-20.153025,-20.173977,1.2826167,113.23643,5.4820232,0.0015104128,0.17730637,-0.30344003,1.4997582,0.99963284,0.890625,0.0008467716,-20.02628,-20.047112,1.2857506,49.999752,5.509733,0.00011967153,85.00218,-0.92161834,-4.646503,0.020724198,1.0,0.99881744,0.3466797,0.0052957954,-19.805466,-19.820972,-3.9418375,235.03108,1.8187122,2.4525207e-10,0.9988251,0.31933594,0.005292561,-19.701447,-19.716757,-4.0409923,434.3009,2.0373402,4.0792786e-11,0.0046996140480041505,31759.847269773483,775000
11.953453,-0.32459623,-4.629795,0.014040949,1.0,0.9996605,0.9042969,0.00077134545,-19.973635,-19.994486,1.3579633,201.98198,5.9511805,0.037748925,0.21496142,-0.2111893,1.5530689,0.99966717,0.9003906,0.00076169166,-19.782883,-19.803564,1.3741057,77.483734,5.9922533,0.036359157,79.934074,-0.99297696,-4.6637497,0.027622998,1.0,0.998847,0.359375,0.0052743712,-19.742874,-19.758366,-3.898072,153.3996,2.061581,9.2558045e-10,0.99882317,0.34472656,0.0052382085,-19.643261,-19.658579,-3.974924,202.22424,1.9481509,3.228097e-10,0.004663528776168823,31783.164915323257,780000
13.25453,-0.29650015,-4.627612,0.013167801,1.0,0.9997053,0.8984375,0.00074632734,-19.991909,-20.012924,1.5043583,126.71209,6.857726,0.014931734,0.11759664,-0.19318135,1.4080559,0.99969196,0.89746094,0.00073429896,-19.870203,-19.891132,1.5435569,71.10728,7.136381,0.026926437,86.47978,-0.762482,-4.642627,0.019173518,1.0,0.9987955,0.34375,0.0053312816,-19.686573,-19.702127,-3.773919,217.28015,2.4428244,1.4375584e-10,0.9987364,0.32421875,0.00528571,-19.556492,-19.571852,-3.8459134,327.22797,2.1046858,3.9937476e-10,0.004579582500457763,31806.062831401825,785000
14.731466,-0.26911777,-4.631889,0.014878541,1.0,0.99973774,0.921875,0.0006616983,-20.077404,-20.09832,1.3225734,118.298386,5.6911387,0.014924687,0.23402095,-0.19628769,1.452672,0.999733,0.9238281,0.0006560188,-20.02364,-20.044481,1.2970221,68.24053,5.41477,0.0140691465,89.52487,-0.8338727,-4.653443,0.023500135,1.0,0.9988184,0.3564453,0.005319645,-19.64918,-19.66457,-3.9046965,137.00392,1.6880387,2.4919597e-10,0.9988117,0.3310547,0.0051986612,-19.622528,-19.637793,-4.00607,194.46547,1.5875018,6.0334826e-09,0.004791801738739014,31830.021842241287,790000
12.890005,-0.2732615,-4.626596,0.012761414,1.0,0.9996872,0.90625,0.0007302925,-20.011154,-20.031996,1.3095577,92.67039,5.836381,0.01425061,0.33359584,-0.16004616,2.6848626,0.99967575,0.90722656,0.00071814284,-19.890697,-19.911417,1.3026755,63.266743,5.803796,0.024195973,83.56575,-0.8058793,-4.6559396,0.024498718,1.0,0.99882317,0.33496094,0.005269053,-19.740246,-19.755693,-3.9375284,120.679306,1.7377362,6.014246e-10,0.99871063,0.32128906,0.0054262094,-19.699451,-19.714758,-4.0408936,180.34727,1.4760536,2.8647235e-10,0.004677085494995117,31853.407271385193,795000
15.305851,-0.21404433,-4.6282535,0.01342431,1.0,0.99969006,0.9140625,0.0007253472,-20.014378,-20.035282,1.3707335,83.06512,6.182974,0.0055719027,0.23223987,-0.15115255,1.3262374,0.9996891,0.91015625,0.00072128675,-19.882416,-19.903152,1.3342134,72.656525,5.9420843,0.01375602,77.1005,-1.0010767,-4.65809,0.02535902,1.0,0.9987993,0.3359375,0.00533434,-19.736103,-19.751627,-3.8556468,271.77817,2.0357313,2.5335437e-11,0.9987278,0.32910156,0.0054033175,-19.650356,-19.66571,-3.9435282,102.79956,1.6732316,1.17694274e-11,0.004499155378341675,31875.903049707413,800000
11.572764,-0.2728486,-4.6253657,0.01226932,1.0,0.9996929,0.92089844,0.00073260674,-20.11335,-20.134241,1.2581723,149.64723,5.4493303,0.000374171,0.16713294,-0.123940624,2.4695792,0.99968624,0.9121094,0.00072074094,-20.04695,-20.06775,1.2332923,42.39375,5.205657,0.0016633114,80.07335,-0.91094196,-4.6474543,0.021104733,1.0,0.9988489,0.3515625,0.0054381755,-19.842596,-19.857935,-4.1485367,152.33696,1.5495641,1.9012762e-10,0.998765,0.33789062,0.0054614465,-19.842606,-19.857946,-4.1470804,68.74181,1.5092688,1.7057727e-10,0.23752822031974793,33063.5441532135,805000
12.626927,-0.27987626,-4.62862,0.01357109,1.0,0.9997072,0.91796875,0.0006966962,-19.999105,-20.019978,1.3544226,91.042274,6.109693,0.0034366641,0.11617623,-0.1961349,1.5213338,0.99970436,0.92089844,0.0006968482,-19.868732,-19.889462,1.3379686,141.53581,6.0492105,0.0074271564,79.696205,-0.8886347,-4.644927,0.020093687,1.0,0.9987869,0.34765625,0.005405507,-19.759678,-19.775206,-3.8758593,175.01767,1.9052556,2.4745722e-10,0.99873924,0.3203125,0.005484716,-19.704227,-19.719538,-4.041502,81.57261,1.753237,8.2805973e-10,0.004557628583908081,33086.33229827881,810000
10.3736725,-0.27285782,-4.62803,0.013334975,1.0,0.9996834,0.89941406,0.0007372374,-20.070496,-20.091417,1.3314983,114.440834,5.7794104,0.002565752,0.14143012,-0.14201058,1.9667629,0.9996853,0.9033203,0.0007401281,-19.993809,-20.014654,1.3307414,89.37992,5.9039583,0.004750588,85.03346,-0.98610187,-4.652764,0.02322839,1.0,0.99882317,0.34375,0.005237005,-19.740807,-19.75626,-3.9328632,228.21962,1.7289846,8.12863e-11,0.9987755,0.3310547,0.005188574,-19.701717,-19.717216,-3.8475585,160.01678,1.8343487,6.8510794e-11,0.004504084062576294,33108.85272073746,815000
17.314919,-0.25840774,-4.628525,0.013532762,1.0,0.99969006,0.9082031,0.00073166343,-20.176569,-20.197487,1.2239572,126.03376,5.2539296,0.014874386,0.16212831,-0.24706662,2.006787,0.9996939,0.8964844,0.000734337,-20.025879,-20.046642,1.2151558,47.596054,5.202769,0.00635886,75.971825,-0.9271015,-4.659137,0.025777603,1.0,0.99880695,0.32910156,0.0052200668,-19.827011,-19.842615,-3.8623457,357.78012,1.8851137,5.5525584e-10,0.9987869,0.29785156,0.0051314654,-19.752945,-19.768412,-3.9283886,98.87989,1.2905505,4.0807205e-10,0.004498337936401367,33131.34441161156,820000
11.370604,-0.26889306,-4.6284156,0.013489214,1.0,0.99965096,0.90234375,0.00080531393,-20.081596,-20.102562,1.3652434,144.75308,6.1610594,0.0034139059,0.18123665,-0.1911603,1.4240825,0.9996462,0.8876953,0.0008214831,-19.956411,-19.977219,1.3294325,65.48683,5.946578,0.0046187853,80.663956,-0.9350668,-4.650401,0.0222835,1.0,0.99884224,0.34960938,0.0052908543,-19.736013,-19.75146,-3.9339557,141.03539,1.7733451,6.655665e-10,0.9987869,0.3310547,0.0054066433,-19.657959,-19.673223,-4.0430646,190.95877,1.7321434,2.4933373e-11,0.004630626249313354,33154.497544527054,825000
14.302208,-0.27073106,-4.6292996,0.013842811,1.0,0.9996729,0.8964844,0.00077595166,-20.137966,-20.158878,1.253867,51.00539,5.292099,2.3299315e-05,0.20990941,-0.14217278,1.9919316,0.99966717,0.88964844,0.0007680574,-19.927032,-19.947739,1.2541903,87.403,5.3544497,0.0001038541,81.10213,-1.1046644,-4.6599255,0.026093025,1.0,0.9988127,0.35253906,0.0053550215,-19.818905,-19.834326,-4.044278,472.65344,1.8822706,8.1012794e-11,0.9987793,0.31640625,0.005376191,-19.69552,-19.71077,-4.0943027,62.655437,1.5010743,2.5215652e-10,0.0045308664321899415,33177.151878118515,830000
15.033383,-0.27016568,-4.628875,0.013672793,1.0,0.9996729,0.9003906,0.00075931277,-20.082495,-20.103346,1.2494937,115.243904,5.6442456,0.0026274866,0.147122,-0.20549734,1.3523693,0.99967766,0.90234375,0.0007568262,-19.96476,-19.985533,1.2876134,58.77041,5.677631,0.0026433757,79.61077,-1.0368713,-4.654318,0.023850203,1.0,0.9988041,0.34179688,0.005355725,-19.869276,-19.884792,-3.995495,167.35881,1.8172812,1.3676603e-10,0.9987669,0.34179688,0.0053330753,-19.787693,-19.803114,-4.011778,113.80405,1.5928268,1.2233285e-09,0.0045489936828613286,33199.89684820175,835000
14.544398,-0.29014188,-4.6282163,0.013409591,1.0,0.99969864,0.9082031,0.00071939017,-20.030767,-20.05164,1.3230147,107.74426,5.7902875,0.0055256616,0.26048663,-0.23944983,3.5160108,0.99969864,0.89941406,0.00072654954,-19.938164,-19.958975,1.3508528,83.60175,6.0082684,0.0069931126,87.07184,-0.87538636,-4.657712,0.025207678,1.0,0.99883366,0.3544922,0.0052499883,-19.743599,-19.759085,-3.9040995,257.20352,1.7928777,3.6411374e-10,0.99881554,0.34277344,0.005282456,-19.734703,-19.750118,-3.9631848,130.97165,1.6974165,7.3367167e-11,0.0044789270401000975,33222.29148507118,840000
12.102411,-0.33018893,-4.6298656,0.014069271,1.0,0.9996681,0.9091797,0.0007602938,-20.030556,-20.051472,1.3707641,73.90153,6.087775,0.0019568342,0.22949271,-0.22335654,1.7376626,0.99965954,0.91308594,0.000769755,-19.978645,-19.999508,1.3627592,49.178032,5.8866425,0.004034014,85.392075,-0.9091507,-4.6459684,0.02051035,1.0,0.99883366,0.36621094,0.005119511,-19.82159,-19.837366,-3.6854882,229.68317,2.083631,7.505146e-11,0.99876213,0.33691406,0.0051856106,-19.72666,-19.74218,-3.8499951,72.325554,1.4992852,4.243569e-10,0.004475358676910401,33244.668280124664,845000
10.754212,-0.2990225,-4.6312304,0.014615062,1.0,0.9996605,0.8955078,0.00078871194,-19.976795,-19.99776,1.4694053,99.101555,6.722805,0.004769691,0.18601346,-0.119515345,1.502968,0.99965096,0.8935547,0.00079992926,-19.784092,-19.804882,1.4846833,105.99042,6.914836,0.0022310216,85.10092,-0.8843451,-4.653857,0.023665866,1.0,0.99880695,0.375,0.0051231887,-19.711712,-19.727425,-3.636342,182.26228,2.0026011,5.5027216e-10,0.9987278,0.35351562,0.005261764,-19.574446,-19.589985,-3.677145,347.89743,2.753209,1.4587415e-09,0.004426584053039551,33266.801201581955,850000
13.97238,-0.24321027,-4.626857,0.012865703,1.0,0.99965763,0.88964844,0.00080658763,-20.126684,-20.147648,1.3183062,210.98874,5.936598,0.0005959987,0.2173444,-0.1339189,1.7782743,0.99965286,0.8955078,0.00081356184,-19.995317,-20.016115,1.2822725,84.49825,5.742651,0.00018552579,90.651276,-0.9021405,-4.6500645,0.022148905,1.0,0.9987736,0.34765625,0.0053377408,-19.88205,-19.89758,-3.9961517,124.61426,1.5011587,1.7551863e-10,0.9987707,0.33398438,0.005414101,-19.751406,-19.766737,-4.067704,121.83145,1.7187107,2.0512079e-09,0.004439296722412109,33288.997686862946,855000
18.504803,-0.19749147,-4.6287355,0.013617222,1.0,0.9996939,0.9121094,0.0007372333,-20.147327,-20.168327,1.3341198,66.37966,5.803451,0.00075967633,0.17605674,-0.2448303,1.8622124,0.99969196,0.90527344,0.0007340836,-20.007107,-20.027931,1.2967525,60.849648,5.5954294,0.00030394687,75.777176,-0.95988846,-4.6544347,0.023896866,1.0,0.99881077,0.36035156,0.0053274264,-19.840239,-19.855795,-3.9264002,127.83525,1.7962809,1.5715813e-10,0.9987612,0.32617188,0.005459925,-19.729362,-19.744776,-3.9632678,181.64375,2.459927,2.479604e-10,0.004440798950195312,33311.20168375969,860000
15.883382,-0.2737239,-4.628414,0.013488516,1.0,0.99967,0.89746094,0.00077380904,-20.151371,-20.172382,1.3451574,139.35858,6.0956006,0.0003234708,0.1724759,-0.27209705,2.2910266,0.9996729,0.8925781,0.0007775325,-19.923033,-19.943827,1.3526244,56.149776,6.153249,4.206595e-05,81.13553,-1.0377133,-4.64773,0.021214819,1.0,0.99882984,0.33007812,0.0052169953,-19.841969,-19.857538,-3.9148715,186.27452,1.6708395,4.1933942e-10,0.998786,0.31933594,0.005310089,-19.726217,-19.74157,-4.0209455,127.44445,1.5630479,2.6405003e-11,0.004552500867843628,33333.96419095993,865000
11.310179,-0.31037667,-4.6276855,0.013197273,1.0,0.99968433,0.9042969,0.0007596412,-20.1472,-20.16821,1.3466468,59.799522,5.7681217,0.0025662193,0.26707774,-0.05637435,1.0531514,0.9996681,0.9003906,0.00077143766,-20.04775,-20.068666,1.3507245,48.13957,5.855562,0.0013162082,87.85552,-0.81796026,-4.649562,0.02194782,1.0,0.9987421,0.33007812,0.0053907065,-19.751839,-19.76734,-3.8952856,391.71606,2.0208478,9.782961e-10,0.9987345,0.32714844,0.005480128,-19.727045,-19.742342,-4.078498,222.48773,2.036813,1.947044e-09,0.004594411945343018,33356.936252355576,870000
16.669044,-0.29007077,-4.6275034,0.013124332,1.0,0.99967194,0.8964844,0.000765958,-20.079884,-20.100794,1.3108398,73.15787,5.9333153,0.0010116472,0.18614914,-0.40198576,2.402035,0.99966145,0.8984375,0.000774498,-19.98181,-20.002626,1.3148061,64.71052,5.91292,0.0063247764,93.99095,-0.7645234,-4.653038,0.023338137,1.0,0.9987688,0.34472656,0.0051047793,-19.80283,-19.818628,-3.6407156,122.973495,1.7328624,3.966971e-10,0.99876976,0.33789062,0.0051574726,-19.735254,-19.750828,-3.8015714,154.04794,1.619873,5.95405e-10,0.004678763484954834,33380.330072164536,875000
11.2719345,-0.28265494,-4.6301775,0.0141940415,1.0,0.9996824,0.90234375,0.00074611563,-20.110718,-20.131678,1.3314044,86.49032,5.894224,0.0012256275,0.18918532,-0.16226573,1.0737139,0.99968624,0.89453125,0.0007444462,-20.019909,-20.04076,1.3105342,31.351397,5.469785,0.0005244619,78.61415,-1.008198,-4.653529,0.02353475,1.0,0.9988451,0.34375,0.005291938,-19.826157,-19.841644,-3.981411,228.19893,1.8101501,2.3494293e-10,0.9987526,0.3203125,0.0053348145,-19.733374,-19.74879,-3.9606428,108.44138,1.729543,5.806913e-10,0.0045145232677459715,33402.90269088745,880000
13.263828,-0.27528027,-4.628462,0.013507697,1.0,0.99970245,0.9248047,0.00069973525,-20.07948,-20.10045,1.3758646,101.73673,6.074292,0.0026106143,0.18213901,-0.23678933,2.1453207,0.9996996,0.9169922,0.0007003336,-20.017046,-20.037933,1.3519337,109.86257,5.841604,0.0088971825,87.89539,-0.842631,-4.6627035,0.027204296,1.0,0.9988165,0.36132812,0.005054109,-19.813354,-19.82909,-3.7131906,144.18195,1.4694899,1.6100361e-09,0.99880505,0.3515625,0.005079006,-19.77274,-19.78835,-3.804397,79.92672,1.4622567,5.86038e-09,0.004588286638259888,33425.8441259861,885000
9.420781,-0.32527146,-4.630335,0.014256917,1.0,0.99967575,0.90625,0.00075970625,-20.103485,-20.124348,1.2385919,58.707245,5.425519,0.0032306924,0.1975205,-0.18258189,0.93757904,0.9996557,0.8964844,0.00075959286,-20.036297,-20.0571,1.2476746,61.761402,5.668359,0.0014164415,83.29666,-0.86294466,-4.6583467,0.0254616,1.0,0.9988327,0.3388672,0.0054519004,-19.793055,-19.808342,-4.155329,120.80199,1.6788014,3.9176353e-11,0.99880314,0.3125,0.005474004,-19.69909,-19.714222,-4.2173285,255.64345,1.766998,2.0057439e-10,0.004709698295593262,33449.39262032509,890000
11.159445,-0.30843264,-4.627441,0.013099228,1.0,0.9996624,0.8925781,0.0007777917,-20.155468,-20.17646,1.3194295,91.09786,5.656761,0.052785825,0.17237139,-0.13285573,1.1524779,0.9996567,0.8808594,0.00078707474,-19.997702,-20.018541,1.3240352,73.092735,5.736963,0.04491892,95.4323,-0.7713007,-4.6587105,0.025607169,1.0,0.9988375,0.3388672,0.0051501347,-19.717659,-19.733192,-3.8259902,240.23898,1.674477,4.1548448e-10,0.9988327,0.33789062,0.005191378,-19.656155,-19.67149,-3.9682171,132.44797,1.687784,1.2292181e-09,0.004673301601409912,33472.75912976265,895000
13.820486,-0.27710295,-4.628616,0.0135692675,1.0,0.99966335,0.9111328,0.0007728648,-20.103191,-20.124065,1.2509341,77.22988,5.3661613,0.0028063697,0.3109615,-0.14189605,1.59429,0.99967384,0.9082031,0.0007608788,-20.006266,-20.027056,1.2634568,117.26907,5.4643774,0.009982244,83.99318,-0.922765,-4.648423,0.021492368,1.0,0.9988699,0.3544922,0.0051659914,-19.736984,-19.752329,-4.03976,188.98782,1.3585949,1.08227566e-10,0.99884796,0.33984375,0.005218857,-19.731342,-19.746643,-4.07681,85.0635,1.3882914,8.5405194e-10,0.004452181673049927,33495.02004098892,900000
13.619791,-0.27202702,-4.62842,0.013491022,1.0,0.9996834,0.9091797,0.00073139614,-20.03307,-20.054073,1.4537431,92.92818,6.38344,0.012574537,0.20873946,-0.40263307,2.1062,0.9996815,0.9033203,0.0007408032,-19.893528,-19.914387,1.4458842,126.312195,6.436948,0.03063965,85.64023,-0.9084761,-4.652018,0.022930233,1.0,0.9987478,0.3359375,0.0056137433,-19.723526,-19.738804,-4.092823,303.95477,2.1237962,8.321935e-11,0.9986992,0.31347656,0.00568185,-19.617378,-19.63245,-4.200199,68.51102,1.4301326,8.404679e-10,0.24445962443351746,34717.31816506386,905000
12.137316,-0.31652248,-4.626872,0.012871717,1.0,0.99967194,0.8964844,0.0007757876,-20.173409,-20.194273,1.1713797,56.193382,4.9817095,0.0001466933,0.20979102,-0.2417649,1.3021462,0.99966526,0.890625,0.0007741391,-20.03009,-20.050846,1.2018925,40.562805,5.1004953,0.0033185822,82.80292,-0.93994725,-4.656379,0.024674712,1.0,0.99878025,0.34277344,0.0055323057,-19.91403,-19.92944,-4.151908,205.12018,1.7357922,7.8940654e-10,0.9987583,0.33007812,0.005587346,-19.848959,-19.864182,-4.275464,223.05286,1.664507,5.028463e-11,0.004428359937667847,34739.45996618271,910000
14.695255,-0.27277997,-4.6304026,0.014284024,1.0,0.99967957,0.8984375,0.0007690385,-20.21563,-20.236563,1.1983036,47.46434,5.1044683,0.0010718895,0.12532283,-0.30266058,2.4833288,0.99966335,0.8955078,0.00078609306,-20.064901,-20.08564,1.1509249,37.10291,4.9102726,0.0013793946,82.87424,-0.9812052,-4.6548324,0.024055833,1.0,0.99883556,0.34375,0.0053150677,-19.880693,-19.896217,-4.0004086,182.02544,1.7423543,3.3770792e-10,0.99881744,0.32617188,0.0052931085,-19.80637,-19.82176,-4.0618525,346.79056,1.9873676,2.62511e-10,0.00460371675491333,34762.478551864624,915000
11.629299,-0.28053612,-4.626928,0.012894024,1.0,0.9996519,0.88964844,0.0007948195,-20.138771,-20.159779,1.3517087,395.46054,5.9997263,0.0040881806,0.16202523,-0.19489717,1.3578788,0.9996519,0.88671875,0.0007970093,-20.009235,-20.030125,1.3594124,236.30383,6.2580547,0.007409664,81.512344,-0.9342778,-4.653363,0.02346825,1.0,0.9988184,0.3671875,0.0052471603,-19.82389,-19.839542,-3.812663,319.6206,2.1573825,2.7501775e-11,0.99874973,0.3388672,0.005353108,-19.718765,-19.734192,-3.9390318,97.71505,1.7325231,6.392361e-09,0.004484389448165893,34784.9005010128,920000
15.858168,-0.256427,-4.626398,0.01268206,1.0,0.99965286,0.8935547,0.0008021989,-20.171886,-20.192846,1.2692811,77.305565,5.605895,8.18424e-05,0.50524616,-0.21147567,2.7183957,0.9996433,0.890625,0.00079102605,-20.052261,-20.0731,1.2662065,61.830414,5.401512,0.0006789721,84.48125,-0.9092251,-4.655175,0.024193028,1.0,0.9987793,0.36132812,0.0051622614,-19.828402,-19.844143,-3.7240841,145.98785,1.7493834,3.2772565e-10,0.99878407,0.35351562,0.005123988,-19.784756,-19.800432,-3.7479782,34.951714,1.3653598,3.4130765e-10,0.004661292028427124,34808.20696258545,925000
11.57428,-0.30556047,-4.62558,0.012355133,1.0,0.9996929,0.91308594,0.00077700405,-20.110828,-20.131823,1.3670409,78.50027,6.1583505,2.247303e-05,0.38683394,-0.13806272,1.1531491,0.999691,0.9082031,0.00076663983,-20.035269,-20.056211,1.3882248,67.27656,6.1726146,0.0008422824,91.078926,-0.9122758,-4.6509933,0.022520367,1.0,0.99878025,0.34960938,0.0052312,-19.768806,-19.784435,-3.7794886,232.84183,1.7906585,2.6916053e-10,0.9987879,0.32714844,0.005248413,-19.74603,-19.761517,-3.9056253,89.988556,1.6015348,1.8819781e-09,0.004739863538742065,34831.90628170967,930000
13.547428,-0.27233255,-4.6276507,0.013183251,1.0,0.99971867,0.9199219,0.00069142284,-20.136738,-20.157763,1.3707216,107.45592,5.9338293,0.012353016,0.15986171,-0.23998484,1.1909473,0.99971676,0.92871094,0.0006933071,-20.014734,-20.035622,1.3521576,72.59879,5.922637,0.021553423,86.6949,-0.87881327,-4.6495667,0.021949688,1.0,0.99880314,0.35546875,0.0052379128,-19.888155,-19.903833,-3.8495336,102.69138,1.7545444,6.6435996e-11,0.9988203,0.3466797,0.005209675,-19.735535,-19.751009,-3.908426,169.50455,1.8039911,1.6772472e-09,0.004714013195037842,34855.47634911537,935000
11.176175,-0.29934,-4.6257105,0.012407227,1.0,0.99966335,0.9003906,0.0007601194,-20.073252,-20.094162,1.3173023,444.78986,5.980812,0.0021360884,0.11612297,-0.28244743,1.1778502,0.9996662,0.88671875,0.00078029814,-19.988693,-20.009506,1.30159,53.667183,5.559123,0.0019841215,78.50036,-0.91338474,-4.659456,0.025905186,1.0,0.998826,0.34570312,0.005326002,-19.830557,-19.846014,-4.016824,99.96405,1.6061077,5.2334335e-11,0.9988165,0.33398438,0.0052896515,-19.80082,-19.816216,-4.0529594,154.63657,1.6631274,2.7168049e-11,0.004598550415039063,34878.469103097916,940000
12.886214,-0.267899,-4.6277456,0.013221172,1.0,0.99965286,0.8925781,0.0007958105,-20.125679,-20.14669,1.3724968,70.44745,5.8815618,0.013871164,0.31683433,-0.11517406,1.2345138,0.9996319,0.890625,0.0008116141,-19.987593,-20.008476,1.3750688,172.12198,6.0862117,0.048453007,83.72037,-0.94680655,-4.655998,0.024522146,1.0,0.9988718,0.32226562,0.0052365167,-19.84093,-19.85646,-3.951706,53.26262,1.371901,1.8094932e-10,0.9987774,0.31445312,0.0054064747,-19.755142,-19.77046,-4.084595,56.46892,1.3625777,2.6727804e-09,0.004484699821472168,34900.89260387421,945000
14.684558,-0.27702156,-4.628147,0.013381878,1.0,0.9996681,0.8925781,0.0007992685,-19.910604,-19.931551,1.5185394,93.380775,6.95059,0.00060990907,0.09942761,-0.28848565,1.311558,0.9996662,0.88964844,0.0008024371,-19.775486,-19.79629,1.5068094,55.62339,6.676868,0.0032893359,82.16468,-0.8762287,-4.6465435,0.020740304,1.0,0.99880314,0.36035156,0.0050539467,-19.741203,-19.7571,-3.478485,470.34198,2.39595,3.064473e-10,0.9987745,0.3388672,0.0051099537,-19.687107,-19.702778,-3.656064,165.59962,1.9367151,8.315842e-11,0.004517286491394043,34923.47903800011,950000
10.932738,-0.30976814,-4.6261063,0.012565377,1.0,0.99966335,0.9013672,0.00077792467,-20.238632,-20.259676,1.2882869,36.96375,5.4768925,8.869661e-05,0.19214274,-0.16760357,1.7995791,0.9996557,0.8935547,0.000789631,-20.08252,-20.103392,1.2698711,48.925552,5.4078584,0.0019879078,74.63756,-1.0195554,-4.6454134,0.02028808,1.0,0.9988384,0.35351562,0.0053015156,-19.831047,-19.84649,-4.0320563,139.86046,1.6423777,1.9796644e-09,0.9987917,0.3330078,0.005242664,-19.741943,-19.757273,-4.0608063,196.98532,1.6421897,3.2493799e-09,0.0046647606372833255,34946.802842617035,955000
13.308857,-0.24905455,-4.6271143,0.012968713,1.0,0.99967,0.90625,0.00075559586,-20.095633,-20.116682,1.4374722,78.56464,6.679809,0.002453243,0.10487561,-0.2761502,1.2236993,0.9996748,0.9042969,0.0007499316,-19.98707,-20.008003,1.4278057,122.604095,6.4256725,0.011654948,94.49853,-0.8337751,-4.655789,0.024438461,1.0,0.9987726,0.35351562,0.0052232095,-19.7538,-19.769506,-3.6853714,199.28728,2.1410794,9.839893e-09,0.99875355,0.328125,0.005211302,-19.699558,-19.71505,-3.849409,71.464905,1.47702,2.7934932e-10,0.004535042667388916,34969.47805762291,960000
10.966782,-0.31503344,-4.6276846,0.013196868,1.0,0.9996824,0.8857422,0.0007658156,-20.27534,-20.296347,1.2145903,79.872734,5.2084484,0.00021967806,0.44964015,-0.30873308,1.7172335,0.9996729,0.88964844,0.0007630001,-20.154198,-20.175125,1.2548637,63.89206,5.4824233,7.3744086e-05,88.86285,-0.95632315,-4.650297,0.022241896,1.0,0.9987736,0.33398438,0.0053065643,-19.899757,-19.915419,-3.8774855,195.25992,1.7889277,9.3082576e-11,0.99876595,0.328125,0.0053166226,-19.799858,-19.815344,-3.9555712,119.50294,1.7174822,1.3898346e-09,0.004442712163925171,34991.691620111465,965000
11.434967,-0.28629965,-4.6276073,0.013165844,1.0,0.99965096,0.8935547,0.00081457477,-20.167645,-20.188618,1.2867848,74.36708,5.5974646,0.0008388422,0.16378447,-0.09206475,1.1394244,0.99965,0.8857422,0.00081320957,-20.077333,-20.098246,1.315888,67.93619,5.640565,0.00417718,90.03975,-0.772569,-4.655835,0.024456924,1.0,0.9987974,0.32421875,0.005313377,-19.86011,-19.875637,-3.976082,219.34232,1.3464484,9.972907e-10,0.9987774,0.3125,0.0053672516,-19.825348,-19.840681,-4.139861,101.18457,1.1731552,1.4072121e-10,0.004433691644668579,35013.86007976532,970000
14.04248,-0.19702208,-4.6271515,0.012983608,1.0,0.99968815,0.89941406,0.00073118764,-20.098816,-20.119907,1.4788456,124.41179,6.8473663,0.002851481,0.40952855,-0.28565064,1.6474775,0.9996767,0.89453125,0.00072575855,-19.975384,-19.9963,1.4190644,98.761475,6.47704,0.014259909,85.445015,-0.8217562,-4.647606,0.021165544,1.0,0.9988041,0.3466797,0.005273025,-19.847965,-19.863583,-3.870058,216.38887,1.6422036,2.970563e-10,0.9987631,0.3310547,0.0053143734,-19.741732,-19.757172,-3.9476426,234.75061,2.0152407,1.1218316e-09,0.004449024724960327,35036.10520482063,975000
13.969505,-0.2901489,-4.627836,0.013257572,1.0,0.99967575,0.9033203,0.0007544994,-20.049679,-20.070696,1.4502137,144.2686,6.5257816,0.00872849,0.1320097,-0.18389581,1.4114738,0.9996681,0.90234375,0.00075657386,-19.87945,-19.90029,1.439544,131.01675,6.524023,0.02271734,80.047195,-0.967059,-4.6556244,0.024372742,1.0,0.99884415,0.35351562,0.0052818777,-19.784592,-19.800097,-3.923505,229.13315,2.0098164,2.3528957e-10,0.99877644,0.33789062,0.005234318,-19.679897,-19.695435,-3.7844157,240.41327,2.3104937,3.6107076e-10,0.004463538026809692,35058.42289662361,980000
12.283291,-0.30718222,-4.6263638,0.012668555,1.0,0.99966335,0.9042969,0.00077283557,-20.239994,-20.261005,1.255283,62.355957,5.456392,1.9645051e-06,0.09083569,-0.12346621,1.192025,0.9996519,0.9013672,0.00077936007,-20.159992,-20.180944,1.2716329,72.04915,5.554176,1.4313794e-06,86.88483,-0.87263906,-4.6506414,0.0223795,1.0,0.99879074,0.34375,0.0053084427,-19.822742,-19.83827,-3.9380772,119.75011,1.6332513,3.3840233e-10,0.99876785,0.30566406,0.0052275443,-19.834824,-19.850378,-3.9242861,181.21768,2.0858622,1.335981e-10,0.0044462423801422115,35080.65411019325,985000
11.878542,-0.32142904,-4.627638,0.013177997,1.0,0.9996939,0.91015625,0.0007389457,-20.368088,-20.389288,1.3217303,69.16837,5.6084766,0.0026978622,0.14801756,-0.11088229,1.1023805,0.9996948,0.90527344,0.00073497137,-20.252628,-20.2737,1.3059173,46.63119,5.479233,0.00473137,84.49596,-0.91732645,-4.6557436,0.024420416,1.0,0.9988079,0.34960938,0.005250643,-20.017532,-20.033358,-3.8264525,468.93896,2.1336203,3.2115016e-11,0.9988127,0.32714844,0.0052157934,-19.94731,-19.962992,-3.9035313,216.40993,1.8938532,2.8462097e-11,0.004499104213714599,35103.149632930756,990000
13.433838,-0.2682646,-4.628174,0.0133924885,1.0,0.9996567,0.8808594,0.0008062048,-20.245592,-20.266657,1.3030409,81.28699,5.4877787,0.0021099465,0.45666304,-0.19971836,2.158441,0.9996443,0.88671875,0.000801053,-20.168243,-20.189192,1.2614205,47.848995,5.2342033,0.005476032,89.56386,-0.8231343,-4.652006,0.022925232,1.0,0.99884987,0.35351562,0.0051478925,-19.862041,-19.877708,-3.8321018,125.86626,1.6637759,5.3719376e-11,0.9988098,0.34765625,0.0052224146,-19.863365,-19.878872,-4.000937,55.22148,1.4145334,4.027882e-10,0.004470208835601806,35125.50067925453,995000
14.469454,-0.25534546,-4.6285644,0.013548642,1.0,0.99968624,0.9082031,0.0007561492,-20.216688,-20.23777,1.3484291,76.813774,5.823893,0.0039949464,0.11622878,-0.16641858,1.3597472,0.9996872,0.9013672,0.0007606202,-20.069008,-20.089924,1.329542,55.598038,5.793063,0.004794011,83.81578,-1.018409,-4.6521473,0.022981888,1.0,0.99885845,0.36328125,0.005122578,-19.883703,-19.899406,-3.8188818,128.94249,1.7510318,2.4849162e-10,0.9987898,0.33984375,0.0051955217,-19.767906,-19.783466,-3.8510315,291.38916,1.9290161,6.089494e-10,0.004488042879104614,35147.94089579582,1000000
