training/actor/actor_loss,training/actor/adv,training/actor/bc_log_prob,training/actor/mse,training/actor/std,training/critic/binary_accuracy,training/critic/categorical_accuracy,training/critic/contrastive_loss,training/critic/logits,training/critic/logits_neg,training/critic/logits_pos,training/critic/v_max,training/critic/v_mean,training/critic/v_min,training/grad/max,training/grad/min,training/grad/norm,training/value/binary_accuracy,training/value/categorical_accuracy,training/value/contrastive_loss,training/value/logits,training/value/logits_neg,training/value/logits_pos,training/value/v_max,training/value/v_mean,training/value/v_min,validation/actor/actor_loss,validation/actor/adv,validation/actor/bc_log_prob,validation/actor/mse,validation/actor/std,validation/critic/binary_accuracy,validation/critic/categorical_accuracy,validation/critic/contrastive_loss,validation/critic/logits,validation/critic/logits_neg,validation/critic/logits_pos,validation/critic/v_max,validation/critic/v_mean,validation/critic/v_min,validation/value/binary_accuracy,validation/value/categorical_accuracy,validation/value/contrastive_loss,validation/value/logits,validation/value/logits_neg,validation/value/logits_pos,validation/value/v_max,validation/value/v_mean,validation/value/v_min,time/epoch_time,time/total_time,step
197.13614,0.23514505,-9.449226,0.52442944,1.0,0.17706776,0.0009765625,1.1518435,0.5690168,0.5689208,0.6672109,79.32772,4.1665993,0.08985387,7.793965,-9.1385355,191.73083,0.70542717,0.0,0.5867648,-0.40728083,-0.40724865,-0.4402004,17.42336,0.9021471,0.06871406,99.072784,-0.1476863,-9.324656,0.4932869,1.0,0.98575497,0.0009765625,0.06770083,-4.8477173,-4.847499,-5.0711284,4.9275446,0.09620968,1.7264801e-05,0.9854679,0.0,0.047403716,-5.505677,-5.505379,-5.81073,5.575673,0.06265036,3.8907943e-05,0.013452833080291748,67.26416754722595,1
15.860626,-0.20063335,-8.082451,0.18273589,1.0,0.9990339,0.10839844,0.006040002,-9.314095,-9.318121,-5.1962476,2.870733,0.071087,8.985415e-07,0.6431496,-0.9763484,11.461111,0.999032,0.091796875,0.006006997,-9.363316,-9.367409,-5.1761737,2.7359884,0.070707016,3.4519803e-07,15.100516,-0.22038552,-8.078493,0.1817462,1.0,0.9988413,0.048828125,0.0063580805,-9.422157,-9.426363,-5.120901,16.026985,0.13026118,5.023117e-06,0.998847,0.053710938,0.00628241,-9.429028,-9.4332695,-5.0899143,14.468746,0.11295492,4.3515133e-06,0.26147304916381836,1374.6294145584106,5000
14.071186,-0.2670098,-8.016436,0.16623169,1.0,0.999053,0.1328125,0.0056673586,-9.503062,-9.507702,-4.756439,16.570074,0.22187337,3.897674e-06,0.5023916,-0.44295532,9.677353,0.9990549,0.125,0.0056614783,-9.335097,-9.339664,-4.6632566,8.948534,0.22811674,2.401884e-05,19.931877,-0.25276375,-8.057141,0.1764083,1.0,0.99874496,0.06640625,0.006329264,-9.231602,-9.235871,-4.8642135,150.23895,0.41386446,1.2064734e-05,0.9987221,0.07324219,0.006523408,-9.058571,-9.0626955,-4.8384438,39.886818,0.49750727,1.4171725e-05,0.2637660710811615,2693.4597725868225,10000
21.442867,-0.18732446,-8.007549,0.16401029,1.0,0.99904346,0.125,0.00557575,-9.376036,-9.380662,-4.6436043,32.77689,0.1966452,6.6553107e-06,0.7304613,-0.50764525,10.20192,0.9990349,0.1328125,0.0056031244,-9.240852,-9.245332,-4.6577435,33.990646,0.2320109,1.3353959e-05,22.229364,-0.19060402,-8.044954,0.17336145,1.0,0.9986,0.08496094,0.0064272233,-9.342538,-9.34724,-4.5320415,31.971268,0.5120187,9.390354e-06,0.9987316,0.07324219,0.006233412,-9.194494,-9.199003,-4.581079,24.727247,0.35937136,2.9426395e-05,0.15689088249206543,3477.9141883850098,15000
30.770561,-0.1772046,-7.999544,0.16200894,1.0,0.9990597,0.1640625,0.0053407764,-9.42777,-9.4327345,-4.3488884,21.496153,0.2758415,2.6139885e-06,0.7180985,-0.94384205,15.596712,0.99905586,0.15429688,0.005413237,-9.286771,-9.291551,-4.397226,24.702494,0.31518754,1.6552805e-05,31.554016,-0.16366082,-8.014355,0.16571137,1.0,0.99859715,0.10058594,0.0065123076,-9.22434,-9.228932,-4.527005,59.108025,0.6851541,2.2355173e-06,0.9986391,0.08300781,0.0064110346,-9.1160555,-9.120457,-4.6135535,30.124887,0.5085118,2.572783e-06,0.016575016927719115,3560.789274930954,20000
24.595648,-0.24141245,-7.958386,0.15171953,1.0,0.99904346,0.17089844,0.005311897,-9.598576,-9.603725,-4.3300323,20.056849,0.32532483,6.13368e-06,0.5042539,-0.75987506,14.05968,0.99904346,0.17382812,0.0053418335,-9.491091,-9.496134,-4.3314342,14.435603,0.32867724,2.7864922e-05,43.39424,-0.1524314,-7.978054,0.15663646,1.0,0.9985018,0.10644531,0.006517484,-9.360016,-9.36491,-4.3541565,73.03392,0.6649269,1.0753231e-06,0.99853706,0.08984375,0.006358603,-9.201361,-9.206019,-4.436433,11.884902,0.33785802,2.4838965e-07,0.16167049250602722,4369.14173913002,25000
31.645382,-0.23246904,-7.94276,0.14781299,1.0,0.99904823,0.16113281,0.005230128,-9.672064,-9.677354,-4.261048,17.158293,0.2593941,1.980694e-05,0.65658814,-0.6560521,14.99901,0.9990454,0.16210938,0.0053116875,-9.483988,-9.489032,-4.3246107,8.956525,0.24787228,2.1806321e-05,41.571796,-0.15740117,-7.969942,0.15460849,1.0,0.9986944,0.11621094,0.006305993,-9.6256075,-9.630679,-4.4377747,1335.6764,1.4352584,2.8730467e-06,0.9987745,0.10839844,0.0061434563,-9.418305,-9.423101,-4.511925,39.868343,0.46464416,1.2090691e-06,0.016605502367019652,4452.169255495071,30000
34.572754,-0.18791105,-7.9397798,0.14706793,1.0,0.99906063,0.18652344,0.0051142736,-9.980973,-9.986732,-4.0914545,2112.0889,1.4719911,6.88982e-06,0.72244376,-0.5740551,15.521096,0.99905396,0.17480469,0.0051717875,-9.793142,-9.798656,-4.153757,71.32587,0.40864426,1.2168407e-05,32.374153,-0.1929712,-7.9532523,0.15043601,1.0,0.99865055,0.11328125,0.006353349,-9.66309,-9.668306,-4.3258452,63.56851,0.6889212,9.660916e-07,0.9987364,0.11230469,0.006244749,-9.517127,-9.522126,-4.403293,26.8558,0.5247934,5.512563e-07,0.15619634890556336,5233.151001691818,35000
33.49635,-0.23136607,-7.947632,0.14903098,1.0,0.99906254,0.18066406,0.0052192006,-9.754616,-9.760007,-4.239434,66.102905,0.34057006,7.77234e-06,1.0386033,-1.3916557,20.042383,0.9990597,0.16601562,0.005311194,-9.602539,-9.607667,-4.3560886,30.517424,0.28645593,9.086482e-06,38.09416,-0.2182247,-7.933714,0.14555135,1.0,0.9985485,0.09863281,0.0063544335,-9.608622,-9.613728,-4.3854246,45.082893,0.59096515,6.0008e-06,0.9985485,0.09765625,0.006402162,-9.459273,-9.464148,-4.4731855,24.686543,0.4717099,7.0688775e-06,0.016600363206863405,5316.15282034874,40000
30.147583,-0.25733292,-7.893137,0.13540727,1.0,0.999073,0.203125,0.0051774625,-9.865795,-9.871343,-4.1900096,139.0069,0.5194208,1.2523702e-05,0.675393,-0.7951993,15.1133,0.99906445,0.19238281,0.0052341428,-9.635672,-9.640961,-4.2231483,28.783066,0.42137975,4.857553e-06,42.739906,-0.22696751,-7.9190993,0.14189777,1.0,0.9986801,0.11328125,0.006267291,-9.709547,-9.714731,-4.4045887,70.5696,0.70619583,2.816475e-06,0.9987469,0.10449219,0.006111588,-9.514437,-9.5193405,-4.497772,26.709076,0.394606,9.841786e-06,0.1565709243774414,6099.007446527481,45000
33.624985,-0.229112,-7.9133477,0.14045984,1.0,0.9990568,0.18066406,0.005159039,-9.97343,-9.979074,-4.199998,16.1404,0.33372906,7.994221e-06,0.91583717,-1.1072245,18.810802,0.9990597,0.17675781,0.005219782,-9.776165,-9.781576,-4.23923,16.820425,0.32914525,1.3299702e-05,44.458244,-0.22916138,-7.947646,0.1490345,1.0,0.9985733,0.115234375,0.006266102,-9.702778,-9.707967,-4.394678,98.78918,0.59766376,2.2916543e-06,0.9987936,0.095703125,0.006043528,-9.517997,-9.5229225,-4.477951,29.96478,0.28020272,3.495402e-06,0.013338932752609252,6165.702111959457,50000
34.2095,-0.2061813,-7.892394,0.13522148,1.0,0.99906445,0.18652344,0.005256219,-9.775368,-9.780745,-4.27448,340.70517,0.6457004,1.7021663e-05,0.58881164,-1.0488415,17.67582,0.99906063,0.171875,0.005281857,-9.604546,-9.609724,-4.3061132,202.59515,0.5711244,1.1566624e-05,43.00624,-0.25120634,-7.9265485,0.14376011,1.0,0.99865055,0.12402344,0.006361655,-9.91498,-9.92031,-4.4621267,72.6318,0.7384367,1.7116524e-06,0.9986582,0.10253906,0.0064070635,-9.682819,-9.687847,-4.5400944,86.45465,0.56074286,8.1273515e-07,0.15294070529937745,6930.405642032623,55000
29.098213,-0.333272,-7.891306,0.13494942,1.0,0.99905396,0.19042969,0.005138373,-9.878563,-9.884172,-4.138898,43.49052,0.3536834,3.2132684e-06,1.1652462,-0.9982379,17.068825,0.99905205,0.17675781,0.0052115005,-9.651842,-9.657182,-4.1891365,32.68311,0.38878703,8.832036e-06,42.641685,-0.29412627,-7.91024,0.13968307,1.0,0.99876976,0.107421875,0.0060567344,-9.68951,-9.6945715,-4.51131,90.03641,0.52507204,7.224254e-07,0.99874306,0.09375,0.006262438,-9.489075,-9.493877,-4.576373,94.10603,0.61243194,5.111022e-07,0.024893047380447387,7054.87088227272,60000
41.729294,-0.25131422,-7.905834,0.13858147,1.0,0.99907494,0.19921875,0.0051356293,-9.984867,-9.990517,-4.205303,153.11246,0.44199765,1.4988615e-06,0.7950748,-1.608854,22.643394,0.9990778,0.19335938,0.005145033,-9.838315,-9.843826,-4.20008,24.9912,0.3502149,9.369645e-06,50.87254,-0.22760253,-7.9378796,0.14659283,1.0,0.99858093,0.12109375,0.006380575,-9.935427,-9.940845,-4.392639,2458.6677,2.205251,5.651807e-08,0.99870014,0.11425781,0.006311489,-9.771333,-9.776521,-4.46406,118.44926,0.8129232,7.1312076e-07,0.02491725568771362,7179.457162857056,65000
38.077156,-0.22206151,-7.8797245,0.13205409,1.0,0.999053,0.20898438,0.004972754,-10.212661,-10.218789,-3.9431546,37.892483,0.41109073,5.8393844e-06,2.1299872,-0.86696637,19.293583,0.99905205,0.2109375,0.0050233128,-10.0204315,-10.026299,-4.017198,43.60581,0.39780107,1.616145e-05,48.60073,-0.28299218,-7.8942666,0.13568959,1.0,0.99865055,0.12011719,0.006343801,-9.890249,-9.895707,-4.3073025,76.44435,0.80231655,9.040007e-08,0.99867153,0.10644531,0.006280968,-9.679598,-9.684763,-4.3953924,99.421,0.72410285,3.9130073e-06,0.024900654554367064,7303.960437297821,70000
41.629253,-0.288554,-7.8929596,0.13536292,1.0,0.99906254,0.18847656,0.0051257354,-10.094654,-10.100501,-4.112121,338.74088,0.6309376,6.399501e-06,0.8614077,-1.3177265,20.638733,0.99906063,0.18359375,0.0051925555,-9.901302,-9.906917,-4.158103,129.81691,0.55754185,2.1017784e-05,51.206577,-0.22304174,-7.937612,0.14652601,1.0,0.9984541,0.12402344,0.00645921,-10.000109,-10.005749,-4.22991,78.42764,0.803358,8.748182e-08,0.9986162,0.11328125,0.006181949,-9.791382,-9.79666,-4.3928037,45.81077,0.40865257,4.6528666e-07,0.017978477001190186,7393.852823734283,75000
40.524944,-0.2354238,-7.9099703,0.13961557,1.0,0.99906254,0.20605469,0.0051135244,-10.050211,-10.056006,-4.120928,180.0273,0.53152,1.390737e-06,1.3361068,-1.7514778,20.466824,0.99906635,0.18554688,0.0051674806,-9.887966,-9.89354,-4.1860356,157.919,0.5207534,1.65547e-05,48.898544,-0.26338804,-7.8877535,0.1340614,1.0,0.99874496,0.11425781,0.0061846795,-9.77067,-9.77596,-4.3601646,141.74464,0.9549909,1.1621306e-06,0.9987774,0.11425781,0.0061364844,-9.581226,-9.58628,-4.411125,136.98628,0.76488215,6.602486e-06,0.1988648018836975,8388.176836252213,80000
41.15908,-0.18100041,-7.861096,0.12739691,1.0,0.99905777,0.1875,0.005125557,-10.332,-10.338053,-4.140176,26.013628,0.32292473,1.2101701e-05,2.30565,-0.8987696,21.277514,0.99905777,0.17382812,0.0051925564,-10.176619,-10.182413,-4.248574,25.785065,0.33431172,1.5665515e-05,52.635468,-0.21256712,-7.8977222,0.13655354,1.0,0.9988041,0.12988281,0.0059946924,-9.799098,-9.804223,-4.5559735,102.04072,0.4258231,5.4447446e-07,0.9989023,0.11230469,0.0059005157,-9.648703,-9.653535,-4.705538,30.050406,0.26133037,3.8055094e-07,0.024913948822021484,8512.74658203125,85000
43.36802,-0.26894313,-7.875773,0.13106614,1.0,0.9990711,0.22363281,0.0050304253,-10.133852,-10.139832,-4.016388,124.53453,0.51389813,6.5426198e-06,0.81239927,-0.8976292,17.342514,0.999073,0.20019531,0.0050967084,-9.886581,-9.892264,-4.0722632,42.338467,0.41954732,9.809168e-06,45.96907,-0.2826183,-7.9113007,0.13994819,1.0,0.99873734,0.1171875,0.006037075,-9.853344,-9.858702,-4.372592,30.078661,0.41169658,1.4540194e-07,0.9987507,0.09765625,0.006148783,-9.5742035,-9.579207,-4.455195,31.190895,0.42267144,9.845874e-07,0.017465291357040405,8600.073042154312,90000
39.764652,-0.2548551,-7.887724,0.13405395,1.0,0.9990845,0.2265625,0.00491009,-10.306795,-10.313027,-3.9309912,351.30933,0.7752731,8.737985e-06,0.5493885,-0.9528577,15.049882,0.9990797,0.23144531,0.0049659144,-10.084042,-10.089993,-3.9965262,172.09383,0.73678124,2.7607036e-06,47.40705,-0.26935154,-7.88317,0.13291553,1.0,0.9987993,0.125,0.0059468974,-9.858919,-9.86424,-4.4162116,249.50722,0.62659,2.4857624e-08,0.99885845,0.11328125,0.0059077945,-9.606968,-9.611956,-4.504974,69.824135,0.4498294,1.703056e-07,0.01596326036453247,8679.889345645905,95000
32.717552,-0.29952043,-7.867959,0.12911275,1.0,0.9990845,0.23339844,0.0050251256,-10.331299,-10.337436,-4.053067,54.788742,0.45934722,4.721298e-06,1.2987628,-0.85120577,16.926273,0.99908257,0.21289062,0.005057763,-10.114182,-10.12007,-4.091002,66.900505,0.47626752,1.6541413e-05,56.419807,-0.27352315,-7.8762274,0.13117991,1.0,0.9987602,0.11816406,0.006116219,-9.997281,-10.002723,-4.430086,88.33272,0.6966911,8.005932e-08,0.99878025,0.111328125,0.0060736397,-9.703164,-9.708284,-4.464613,68.43611,0.5300149,1.2399097e-07,0.0101220627784729,8730.49966263771,100000
50.962406,-0.264358,-7.886442,0.13373362,1.0,0.9990635,0.24511719,0.004872149,-10.546715,-10.553214,-3.8967757,25.495897,0.4167633,6.4223245e-06,1.1745751,-1.0394219,23.593262,0.9990587,0.20898438,0.004951316,-10.298238,-10.304407,-3.9883418,41.44556,0.49762276,2.77072e-05,46.243237,-0.31966403,-7.90756,0.13901292,1.0,0.9987154,0.12207031,0.00614794,-10.121416,-10.12693,-4.480239,61.347664,0.5334901,3.3813233e-08,0.998786,0.115234375,0.0060544377,-9.844391,-9.8495655,-4.549546,43.40065,0.39505678,4.745575e-08,0.2117385217666626,9789.192275047302,105000
40.45526,-0.28686562,-7.8869467,0.13385956,1.0,0.9990816,0.2529297,0.004842094,-10.461603,-10.468054,-3.8627753,136.69827,0.5819851,2.923402e-06,1.0464165,-1.0288914,21.455624,0.9990845,0.22949219,0.004899977,-10.269639,-10.275838,-3.9272845,40.049507,0.5338291,3.7335044e-06,53.028084,-0.27942428,-7.8800106,0.13212565,1.0,0.9986496,0.12207031,0.00617871,-10.107977,-10.113587,-4.3687515,72.28129,0.7397235,3.561288e-08,0.99869823,0.12109375,0.0061839456,-9.896403,-9.901734,-4.4415765,356.72565,1.027643,8.627922e-09,0.031533524084091186,9946.859897851944,110000
34.639053,-0.28076574,-7.85538,0.12596795,1.0,0.99906063,0.23339844,0.004856158,-10.610515,-10.617132,-3.840783,39.854675,0.4622291,3.5689396e-07,0.85549366,-0.98040736,16.957672,0.99906445,0.20703125,0.004926089,-10.415588,-10.421936,-3.9222703,50.216045,0.47010395,2.7812075e-06,52.89064,-0.26075718,-7.9193716,0.14196593,1.0,0.99868965,0.13574219,0.0061963554,-9.899297,-9.904762,-4.307537,76.34316,0.72440106,8.217361e-07,0.99872875,0.10839844,0.0062495843,-9.671428,-9.676599,-4.3814178,409.7692,0.881395,7.407851e-08,0.02491480140686035,10071.433908224106,115000
38.251587,-0.29711056,-7.8665485,0.12876004,1.0,0.99907875,0.22851562,0.0050571,-10.360123,-10.366293,-4.0476427,60.648964,0.47199684,2.0150324e-05,1.0012232,-0.5028779,13.962095,0.99908066,0.22167969,0.0051153195,-10.115619,-10.121486,-4.1134872,26.920599,0.39633834,1.297553e-05,50.12519,-0.33715546,-7.9097886,0.13957012,1.0,0.9987564,0.109375,0.006110955,-9.981186,-9.986638,-4.4028225,114.580025,0.740438,4.7839745e-07,0.9987879,0.10546875,0.0060924473,-9.716229,-9.721391,-4.435917,95.307304,0.70441866,5.5707465e-06,0.024934942722320556,10196.10862326622,120000
37.50349,-0.30473006,-7.8694887,0.12949511,1.0,0.9990654,0.21972656,0.0049594208,-10.447071,-10.4534,-3.9730406,11.930144,0.2955631,7.811583e-06,1.098519,-0.9851683,20.949621,0.9990597,0.20117188,0.0049878284,-10.226598,-10.232691,-3.9925828,48.963734,0.3576048,1.978532e-05,55.286545,-0.2841077,-7.882904,0.13284901,1.0,0.9985571,0.12402344,0.0062150043,-10.282996,-10.288787,-4.358922,50.179337,0.44738847,8.041985e-07,0.9986887,0.115234375,0.0061197914,-10.012253,-10.017658,-4.4821577,47.611374,0.3557443,6.138013e-07,0.024917106199264526,10320.694155931473,125000
47.718224,-0.2355037,-7.8307657,0.11981436,1.0,0.99906826,0.23730469,0.0047300807,-10.584827,-10.591593,-3.662345,41.636204,0.47609732,1.5321024e-05,0.8119377,-0.8068936,18.85447,0.9990597,0.24023438,0.0047935667,-10.381674,-10.388162,-3.7442749,39.14409,0.45606607,2.495256e-06,48.03051,-0.33360058,-7.875966,0.13111445,1.0,0.9988222,0.11035156,0.0061068027,-10.067892,-10.073314,-4.522002,144.8854,0.53087354,9.040036e-09,0.9987793,0.10253906,0.006114832,-9.837964,-9.843132,-4.551012,1633.2246,2.0590644,1.4612117e-07,0.01723808989524841,10406.884609222412,130000
33.707413,-0.35707515,-7.8576746,0.12654158,1.0,0.9990921,0.23535156,0.0049327505,-10.694078,-10.700619,-4.002823,43.98878,0.4646763,7.2188953e-07,0.97927356,-0.9045998,18.8525,0.99908924,0.22167969,0.0049968264,-10.458524,-10.464783,-4.0548987,182.91867,0.62330395,1.5588874e-06,52.797256,-0.30630192,-7.9080954,0.1391468,1.0,0.9986639,0.13085938,0.0061428403,-10.220836,-10.226713,-4.207637,125.94887,0.83641815,1.454926e-06,0.9986906,0.11328125,0.0063830134,-9.963409,-9.968946,-4.298509,152.94464,1.7025257,4.2385926e-07,0.01669031472206116,10490.33618402481,135000
37.13601,-0.28147757,-7.8638744,0.1280916,1.0,0.9990673,0.24609375,0.004915052,-10.769207,-10.775854,-3.9691007,172.23059,0.5603388,1.2060846e-05,0.9024446,-0.70487475,16.64125,0.9990673,0.21679688,0.004957554,-10.472981,-10.479306,-4.0038004,304.13107,0.7030307,9.396643e-06,50.117134,-0.3274386,-7.906686,0.13879451,1.0,0.99864864,0.119140625,0.006057011,-10.2013,-10.206907,-4.4638743,89.72359,0.37866297,4.7796217e-08,0.9986744,0.1171875,0.0061018243,-9.989394,-9.994744,-4.5163383,34.594692,0.41871753,5.4595892e-09,0.016709094095230102,10573.88165807724,140000
45.00026,-0.311912,-7.876214,0.13117653,1.0,0.9990759,0.24023438,0.0048679877,-10.492424,-10.498889,-3.8795576,113.83053,0.58128226,5.745066e-06,1.4891278,-0.87769395,21.487972,0.99907684,0.23828125,0.0049302178,-10.234982,-10.241145,-3.9286413,144.12215,0.6858879,1.6410651e-05,55.415894,-0.35750484,-7.9177566,0.14156203,1.0,0.99853134,0.13378906,0.006350289,-10.477923,-10.48388,-4.383379,51.813904,0.5251959,2.6974632e-07,0.9985657,0.11230469,0.0064545255,-10.215158,-10.220844,-4.3983216,205.2646,1.1214283,1.9431054e-06,0.016674554777145387,10657.254433393478,145000
42.261684,-0.2884822,-7.8547993,0.1258227,1.0,0.99905205,0.25585938,0.0048706206,-10.804387,-10.811205,-3.830219,73.85573,0.5192883,7.0041435e-09,1.4510207,-1.4781034,21.23813,0.9990568,0.22167969,0.004910357,-10.50199,-10.50851,-3.8326712,2261.724,2.7458339,8.386797e-07,51.67726,-0.3285451,-7.8971243,0.136404,1.0,0.9987259,0.11621094,0.006067611,-10.265778,-10.271446,-4.466222,55.673542,0.44983095,5.8380665e-09,0.99875927,0.1015625,0.0060905307,-9.981575,-9.98692,-4.5133414,47.15171,0.5292816,1.0759087e-08,0.014266677904129029,10728.587824344635,150000
38.181076,-0.3291116,-7.865654,0.12853634,1.0,0.99907875,0.23144531,0.004916837,-10.601896,-10.608393,-3.956075,91.98079,0.37083253,2.631382e-06,1.4894662,-1.1887739,23.119476,0.9990692,0.21289062,0.0049753804,-10.318148,-10.324314,-4.009404,31.495354,0.3690915,4.5218467e-06,59.039936,-0.35863644,-7.909478,0.13949254,1.0,0.9984493,0.125,0.0063507734,-10.386251,-10.392206,-4.2951746,30.717758,0.5973056,3.7787785e-08,0.99859047,0.11230469,0.006618237,-10.141519,-10.147198,-4.3331394,318.9746,1.0994694,1.3042984e-07,0.27559078402519227,12106.54174900055,155000
50.802757,-0.2545572,-7.8540015,0.1256234,1.0,0.999073,0.23535156,0.004878363,-10.684382,-10.691005,-3.910071,24.886322,0.37098643,1.7573908e-06,0.97425485,-0.86396825,19.166275,0.9990721,0.22167969,0.0049164584,-10.440094,-10.446454,-3.9338365,35.254944,0.4330226,1.4113734e-06,56.230537,-0.3424768,-7.893114,0.1354016,1.0,0.9987984,0.14355469,0.0059753787,-10.366072,-10.371893,-4.411709,615.24493,0.73224187,1.6777193e-07,0.9988117,0.125,0.005985166,-10.1192045,-10.124722,-4.475461,153.9723,0.698313,1.1432403e-07,0.01664637494087219,12189.773625135422,160000
36.487576,-0.39201877,-7.8732815,0.13044327,1.0,0.99907017,0.24121094,0.0048393505,-10.714167,-10.720879,-3.8483043,183.11809,0.46963775,5.2416685e-06,2.6448328,-1.9388235,23.590855,0.9990673,0.21777344,0.00494348,-10.447346,-10.453715,-3.9317842,30.952179,0.4267713,5.285765e-07,51.197388,-0.39372605,-7.922182,0.14266856,1.0,0.998641,0.12402344,0.006227138,-10.257501,-10.263236,-4.390418,259.83978,0.8646259,6.839391e-08,0.9986801,0.10839844,0.0062545473,-10.013121,-10.018546,-4.462757,46.45967,0.5387436,2.6408365e-08,0.016637526321411134,12272.96125793457,165000
59.84709,-0.22502992,-7.8469324,0.1238561,1.0,0.9990587,0.2421875,0.0048302673,-10.814753,-10.821603,-3.8066058,64.13796,0.49649322,2.0419527e-07,1.4525843,-1.6398766,27.3685,0.99905777,0.2265625,0.004914578,-10.5468025,-10.5532675,-3.935054,17.09686,0.3507411,2.1459637e-06,50.668743,-0.31859156,-7.884447,0.13323475,1.0,0.9988594,0.13964844,0.0058323946,-10.086287,-10.091773,-4.473279,68.863625,0.4225492,1.2407791e-07,0.9989538,0.12402344,0.0057572937,-9.844994,-9.850125,-4.5962915,66.6482,0.30901122,5.379862e-08,0.016620914602279664,12356.065832138062,170000
42.500526,-0.27664006,-7.845536,0.12350705,1.0,0.99910545,0.25976562,0.004703481,-10.883476,-10.890516,-3.6797767,47.07821,0.46799856,2.2318939e-06,1.1174847,-1.4244087,19.369957,0.9990921,0.23242188,0.0047802236,-10.6160755,-10.622736,-3.8033519,117.73154,0.4737726,2.780111e-05,44.836197,-0.3813425,-7.890972,0.13486604,1.0,0.99875546,0.11816406,0.005971835,-10.28537,-10.291069,-4.4542065,36.197823,0.34164712,4.3201535e-08,0.9987869,0.09667969,0.0060598683,-10.02659,-10.031991,-4.5022607,28.554214,0.44085202,9.4022894e-08,0.016617368984222412,12439.152678251266,175000
47.330276,-0.2832533,-7.844983,0.123368725,1.0,0.9990845,0.2626953,0.0047457116,-10.866835,-10.873813,-3.7298882,45.077534,0.4877195,2.03927e-06,1.2414714,-1.0540752,20.515743,0.9990759,0.24414062,0.00483406,-10.592034,-10.598643,-3.830861,29.563412,0.44355166,1.1170704e-05,54.258953,-0.41869837,-7.896085,0.13614415,1.0,0.99864006,0.13574219,0.006130687,-10.464069,-10.469995,-4.40236,153.22523,0.54688597,1.9613084e-09,0.9987259,0.12695312,0.006077935,-10.152434,-10.158087,-4.3696957,96.056366,0.7566222,3.2756895e-09,0.016622121143341065,12522.263288021088,180000
39.31569,-0.33592823,-7.8605623,0.12726355,1.0,0.9990692,0.2421875,0.0047695627,-10.9394455,-10.946479,-3.7432053,106.874344,0.573848,5.270719e-07,1.0440403,-1.7148173,23.803257,0.9990711,0.23632812,0.004814647,-10.696691,-10.703418,-3.814102,37.652126,0.40528694,3.1042505e-06,60.78074,-0.3534216,-7.8759527,0.1311112,1.0,0.99874496,0.12402344,0.005967485,-10.387289,-10.393191,-4.350279,352.90924,0.5341802,1.7230292e-07,0.9988241,0.10058594,0.0058394475,-10.115831,-10.121388,-4.4316845,132.34267,0.39955518,1.2873493e-06,0.016637545204162597,12605.451015233994,185000
46.039257,-0.32683808,-7.832224,0.12017898,1.0,0.9990797,0.24121094,0.0048421538,-10.819437,-10.826254,-3.8455548,75.2103,0.41491568,1.3352647e-05,1.5617288,-0.9088672,20.254875,0.99907494,0.22070312,0.004882209,-10.596035,-10.602584,-3.8961902,329.69382,0.6979597,5.3379194e-06,62.920265,-0.28139514,-7.888815,0.1343267,1.0,0.9988928,0.12207031,0.0058752703,-10.125919,-10.131351,-4.567436,399.9745,0.5575438,6.777242e-08,0.9988508,0.115234375,0.0060124295,-9.867929,-9.873087,-4.592245,507.00308,0.9504845,3.0467744e-09,0.016628886699676514,12688.595452070236,190000
45.13253,-0.34758407,-7.842111,0.122650705,1.0,0.99908066,0.24316406,0.0047941357,-10.890969,-10.897855,-3.846412,21.461145,0.40744722,1.1382691e-06,1.2687505,-1.4120568,20.160145,0.9990778,0.22167969,0.004880389,-10.650709,-10.657289,-3.9194129,17.162344,0.38822553,4.9873456e-06,51.010437,-0.44822517,-7.927678,0.14404249,1.0,0.9988575,0.1328125,0.0059407223,-10.380616,-10.38636,-4.504642,112.64973,0.564607,2.9509813e-08,0.9988413,0.119140625,0.005955884,-10.142567,-10.148054,-4.5298653,214.40904,0.72252625,8.4974084e-07,0.01812624773979187,12779.226692438126,195000
45.303093,-0.3409236,-7.839678,0.12204239,1.0,0.99906445,0.25976562,0.004854787,-10.746807,-10.753572,-3.8261933,80.07343,0.5014539,1.1649267e-06,1.5935049,-1.7677628,26.082798,0.99906635,0.23339844,0.004898729,-10.552662,-10.559173,-3.893646,46.74543,0.469566,1.2842402e-05,52.53868,-0.36478555,-7.90372,0.13805296,1.0,0.9986801,0.12988281,0.0063441675,-10.436188,-10.442071,-4.4174256,54.57484,0.58668756,2.835291e-08,0.9986763,0.11425781,0.006421629,-10.167074,-10.172653,-4.4606967,46.370964,0.57662547,6.014046e-08,0.023141378927230834,12894.933589696884,200000
45.471138,-0.30363786,-7.834587,0.120769806,1.0,0.99908733,0.22753906,0.004843958,-10.683428,-10.690143,-3.8135257,143.98352,0.5085422,2.4654163e-08,1.6871836,-1.4554025,22.14394,0.999073,0.21582031,0.0049182074,-10.404909,-10.411283,-3.8835154,593.94714,0.992684,2.6336413e-06,56.342327,-0.39307332,-7.8788624,0.1318385,1.0,0.99873924,0.12890625,0.006227413,-10.335645,-10.34132,-4.5298767,110.73971,0.45862782,8.622608e-09,0.9988022,0.1171875,0.006105464,-10.064172,-10.069581,-4.5309587,84.75433,0.55491227,3.5966052e-09,0.3358074498176575,14573.970841646194,205000
45.733746,-0.2862947,-7.827118,0.118902534,1.0,0.9990902,0.24609375,0.004776388,-10.9688835,-10.975926,-3.7635167,111.09894,0.637075,2.0608548e-09,1.6085061,-1.1449261,22.969784,0.9990797,0.22558594,0.0048117302,-10.705997,-10.712748,-3.8016567,43.345005,0.5538327,8.2595725e-06,62.715065,-0.3802978,-7.8845487,0.13326012,1.0,0.99876404,0.14746094,0.006095402,-10.388706,-10.394489,-4.471628,52.511135,0.49516988,2.5698974e-09,0.99882793,0.115234375,0.006095836,-10.116337,-10.121814,-4.5141287,55.372173,0.5598629,1.1974453e-09,0.025971058797836302,14703.826139211655,210000
36.346336,-0.35748947,-7.851366,0.12496447,1.0,0.9990864,0.2626953,0.0047866013,-10.901669,-10.908604,-3.8063066,1042.0781,0.975144,5.2118708e-06,0.6791153,-0.6722287,14.352226,0.9990816,0.23730469,0.0048489273,-10.6951475,-10.701852,-3.8369656,194.04623,0.6310329,5.518604e-06,48.970463,-0.36715075,-7.883991,0.13312072,1.0,0.9988203,0.12988281,0.0060720034,-10.3604555,-10.36616,-4.5244412,99.404785,0.5078219,2.3984125e-08,0.99887276,0.12011719,0.0060076592,-10.13077,-10.136149,-4.6258097,79.25157,0.45906055,2.331902e-10,0.02487088384628296,14828.180561542511,215000
40.008575,-0.3270238,-7.8282537,0.119186416,1.0,0.9990635,0.24414062,0.00488305,-10.745775,-10.75253,-3.8364773,203.21922,0.64548165,3.5132482e-06,0.6889696,-1.0917214,17.166,0.99906445,0.21582031,0.0049077747,-10.49746,-10.503927,-3.8813982,61.34641,0.5527816,3.6895715e-06,56.96767,-0.37608653,-7.890316,0.13470197,1.0,0.9987879,0.13085938,0.0059431894,-10.2584095,-10.264137,-4.398323,122.72723,0.50790054,4.835501e-08,0.9988823,0.119140625,0.00585433,-9.953842,-9.959205,-4.4667997,97.75242,0.5388584,3.3382538e-08,0.024870051383972167,14952.530820131302,220000
47.3364,-0.29052722,-7.8395987,0.12202257,1.0,0.9990959,0.26757812,0.004663622,-11.052739,-11.06001,-3.6142483,311.3828,0.80957186,7.510907e-06,1.1582304,-0.97471887,22.17773,0.9990845,0.24902344,0.0047118715,-10.800449,-10.807395,-3.695643,46.857895,0.49767542,2.2990325e-05,57.828987,-0.44055682,-7.9215393,0.14250776,1.0,0.998806,0.12597656,0.005998224,-10.391035,-10.396896,-4.394731,139.1126,0.45499086,8.083538e-09,0.9988451,0.11035156,0.0059120012,-10.199987,-10.205601,-4.4579887,42.344666,0.43820843,1.9331381e-07,0.02485519642829895,15076.806805849075,225000
46.593582,-0.27048308,-7.8534136,0.12547626,1.0,0.99908733,0.25585938,0.004760929,-11.158066,-11.165299,-3.7573216,76.744576,0.6827315,1.9372064e-06,0.8747722,-0.8903301,18.210114,0.9990835,0.24511719,0.004812442,-10.877031,-10.88391,-3.8395796,26.3503,0.5261301,5.738057e-06,46.454483,-0.4519909,-7.8775177,0.13150239,1.0,0.9987173,0.11230469,0.0061128307,-10.501384,-10.507155,-4.5967045,44.227676,0.37257612,6.0997847e-09,0.9987488,0.10546875,0.0061321203,-10.246589,-10.252132,-4.5752335,253.978,0.76537263,1.992736e-11,0.024855157136917116,15201.08259510994,230000
44.244774,-0.35979944,-7.845488,0.12349503,1.0,0.999074,0.25097656,0.004893549,-10.7134,-10.720038,-3.9210598,37.614548,0.31465927,1.2285477e-05,1.0386894,-1.7873367,20.562881,0.9990692,0.21679688,0.0049631335,-10.480415,-10.48673,-4.020002,52.67148,0.35198712,1.3504015e-05,52.343754,-0.37887463,-7.886449,0.13373512,1.0,0.99881077,0.12792969,0.0059320084,-10.45853,-10.464451,-4.40138,80.90089,0.4333392,1.0605944e-09,0.99881935,0.11328125,0.006143925,-10.209269,-10.214886,-4.4627304,254.39969,1.0787555,1.6414122e-09,0.024857411432266236,15325.36965584755,235000
51.00376,-0.28838593,-7.827642,0.11903348,1.0,0.9990864,0.24023438,0.0048330463,-10.848356,-10.85522,-3.8258362,223.00075,0.55651104,9.8633485e-08,1.1797428,-1.3019584,24.668438,0.9990797,0.21582031,0.004939732,-10.540958,-10.547438,-3.9127302,17.050941,0.40057206,1.5811441e-08,58.717514,-0.43432236,-7.8896065,0.13452452,1.0,0.99879074,0.12988281,0.006099392,-10.55247,-10.558562,-4.320527,120.01569,0.8882644,1.868994e-08,0.99876595,0.115234375,0.0059265187,-10.237093,-10.2428,-4.399661,42.123043,0.46117342,1.5596732e-09,0.020593554067611694,15428.3374273777,240000
40.7756,-0.37462035,-7.861897,0.12759712,1.0,0.9990711,0.24316406,0.00481491,-10.878489,-10.885427,-3.7806697,25.345583,0.46634468,2.8079062e-06,1.7865359,-1.1616124,18.82646,0.99907494,0.21582031,0.0049114237,-10.593071,-10.599649,-3.8638256,32.646046,0.5083357,5.529008e-08,49.46639,-0.42493942,-7.864227,0.12817967,1.0,0.9987869,0.123046875,0.005926693,-10.46412,-10.469944,-4.50566,34.663815,0.37053272,7.910793e-07,0.9987879,0.11035156,0.0059840395,-10.145541,-10.15106,-4.4999037,17.741198,0.3774963,2.5072148e-07,0.016616915655136108,15511.422010660172,245000
37.80468,-0.30123085,-7.84229,0.12269541,1.0,0.9990673,0.23925781,0.004806951,-11.136363,-11.1435175,-3.8171031,116.08648,0.5313122,9.832301e-08,0.7434748,-0.90302247,15.343283,0.9990721,0.22265625,0.004841968,-10.917974,-10.924857,-3.8762295,24.179245,0.4508463,3.2178695e-09,64.34427,-0.28482676,-7.88993,0.13460547,1.0,0.99880695,0.125,0.0060606375,-10.413631,-10.419385,-4.527309,51.433647,0.39266706,2.3128162e-09,0.99881744,0.12207031,0.0060202833,-10.136602,-10.142008,-4.6071725,15.38595,0.30756053,2.2824541e-10,0.016616624355316162,15594.505133867264,250000
54.108765,-0.31546226,-7.8607903,0.12732051,1.0,0.999094,0.2529297,0.00471288,-11.012976,-11.02009,-3.7355096,136.82191,0.53067815,2.600863e-05,1.7260512,-1.5175738,24.02054,0.9990778,0.22851562,0.004772867,-10.708732,-10.715505,-3.7806995,61.949196,0.49761516,1.852808e-05,56.473877,-0.405816,-7.8751793,0.13091786,1.0,0.9987955,0.14941406,0.005930865,-10.402437,-10.408236,-4.4711895,789.2826,0.7951518,9.416534e-09,0.9987669,0.111328125,0.0060189436,-10.150534,-10.156078,-4.4790893,91.45336,0.49386337,1.0045443e-07,0.022533895111083984,15707.174612998962,255000
47.768433,-0.30246162,-7.8331327,0.12040615,1.0,0.9990816,0.24414062,0.0048103337,-10.954226,-10.9612465,-3.7726974,60.02762,0.45308146,9.750344e-06,1.5651665,-1.049249,18.489504,0.999074,0.21679688,0.00489534,-10.762888,-10.769625,-3.8718204,32.370876,0.44210503,2.4667925e-06,48.542915,-0.47144282,-7.8769603,0.131363,1.0,0.9987297,0.12109375,0.005971876,-10.599545,-10.60565,-4.3531704,31.05203,0.38582644,5.715209e-09,0.99871826,0.1171875,0.0060616564,-10.324965,-10.330796,-4.3598137,32.553577,0.4585019,4.774371e-09,0.02314417371749878,15822.895485401154,260000
42.62168,-0.37151486,-7.836701,0.12129821,1.0,0.99909115,0.25976562,0.004862417,-10.964905,-10.971795,-3.9151974,276.26086,0.5453788,1.2885972e-06,1.176284,-2.2249608,22.322575,0.9990835,0.23632812,0.004951652,-10.605709,-10.612198,-3.9675355,27.218344,0.4458986,3.5196065e-06,51.48272,-0.45602816,-7.916223,0.14117879,1.0,0.9988251,0.14648438,0.0058287345,-10.691064,-10.697272,-4.339097,255.40025,0.5870782,3.5833164e-08,0.9989004,0.12792969,0.0057529877,-10.333824,-10.339626,-4.3995895,39.39607,0.32580638,1.1644703e-06,0.023137156248092653,15938.58127117157,265000
39.294205,-0.40460747,-7.8697267,0.12955469,1.0,0.99909115,0.26757812,0.0047301664,-11.126919,-11.13412,-3.7597246,118.07121,0.54137254,2.224135e-07,1.2866685,-1.0550399,22.529526,0.9990969,0.2529297,0.004766142,-10.83672,-10.84359,-3.809357,60.421993,0.48125827,6.8600275e-06,60.305134,-0.42834517,-7.8755665,0.1310146,1.0,0.9987459,0.12207031,0.0060881726,-10.710722,-10.716896,-4.3959937,149.23537,0.58641636,1.011444e-08,0.99867916,0.10839844,0.0060902517,-10.392294,-10.398125,-4.4289417,55.405453,0.592115,2.0116165e-07,0.0231345862865448,16054.254204034805,270000
41.929615,-0.2999668,-7.832324,0.12020405,1.0,0.9991026,0.25097656,0.004745203,-11.122345,-11.129561,-3.7392936,507.08453,0.88900673,2.6799603e-07,1.7927412,-1.0132025,21.595032,0.9990969,0.22851562,0.004806813,-10.877951,-10.884848,-3.8230772,74.956856,0.5537197,5.4880325e-06,47.635338,-0.48725927,-7.892478,0.13524243,1.0,0.9988146,0.1328125,0.006016013,-10.592892,-10.598939,-4.406489,237.63231,0.793,3.52859e-08,0.9987745,0.11328125,0.0060561635,-10.300549,-10.306268,-4.450564,42.880917,0.5884654,2.331117e-08,0.023140538501739503,16169.956897974014,275000
45.962074,-0.39724803,-7.8406982,0.12229759,1.0,0.9990778,0.25585938,0.004772259,-11.2066555,-11.213901,-3.7956576,73.413956,0.5194392,3.264925e-08,1.3708113,-0.8445759,21.994953,0.999073,0.23535156,0.0048072506,-10.861992,-10.868902,-3.793717,38.950542,0.44474953,2.2402115e-07,50.399765,-0.39089,-7.8809385,0.13235757,1.0,0.99886227,0.123046875,0.0059694676,-10.431726,-10.437479,-4.5469036,128.7551,0.5416061,5.969319e-07,0.9988775,0.095703125,0.0059531033,-10.107696,-10.113068,-4.6113687,14.440735,0.27443224,2.609693e-07,0.023150632429122926,16285.710064172745,280000
51.69985,-0.30477837,-7.8257217,0.11855331,1.0,0.9990759,0.26464844,0.0046927333,-11.199923,-11.207246,-3.7086606,158.3837,0.53267777,5.3922897e-09,2.4168193,-1.3142178,25.32951,0.9990778,0.22851562,0.004755804,-10.974831,-10.981867,-3.776863,19.395178,0.4185192,5.4810307e-09,50.697723,-0.42312115,-7.879512,0.13200094,1.0,0.99880123,0.13574219,0.0060066665,-10.627335,-10.633433,-4.389099,1806.5997,1.5768058,4.017679e-09,0.998786,0.11230469,0.005996649,-10.372131,-10.377973,-4.396681,109.751465,0.6163918,1.4491022e-09,0.02315503396987915,16401.485235452652,285000
44.805233,-0.34827778,-7.842514,0.12275143,1.0,0.99907684,0.23925781,0.0048346566,-10.959417,-10.966347,-3.870553,54.39564,0.44249734,1.9310182e-06,1.6390442,-1.8008978,27.82862,0.9990816,0.22363281,0.004928588,-10.618568,-10.625093,-3.9437187,147.52936,0.58554995,1.2363845e-06,63.820168,-0.32202154,-7.860813,0.1273262,1.0,0.998806,0.14257812,0.005987187,-10.465458,-10.471319,-4.4707017,52.571815,0.37495625,2.6728285e-11,0.998806,0.109375,0.0060110786,-10.133812,-10.139274,-4.5473957,26.420465,0.28148702,1.7743949e-08,0.023150908136367797,16517.239778280258,290000
50.31968,-0.32456923,-7.8268967,0.11884709,1.0,0.99909973,0.2763672,0.0047510066,-11.150261,-11.157556,-3.6876116,110.32138,0.6494013,2.1719739e-08,1.3537706,-1.7069256,23.601254,0.999094,0.24511719,0.0047905743,-10.795919,-10.802831,-3.725612,219.95901,0.69494087,1.1177304e-06,58.000206,-0.39902395,-7.886295,0.13369669,1.0,0.9985895,0.12988281,0.006292751,-10.762751,-10.769109,-4.2577944,43.00945,0.76238257,7.044609e-08,0.99869823,0.10839844,0.00633686,-10.407045,-10.41303,-4.2845597,91.07493,1.0116634,4.1078927e-08,0.023153264331817625,16633.006101608276,295000
46.336456,-0.37864995,-7.830763,0.119813584,1.0,0.9990835,0.24707031,0.004813585,-11.023207,-11.030221,-3.847194,166.89491,0.53213567,8.650832e-08,1.1779696,-1.9550462,22.6494,0.99906635,0.22265625,0.0048386576,-10.724117,-10.730851,-3.8339295,14.710864,0.39763114,2.4207543e-07,49.99273,-0.46264887,-7.878348,0.13170989,1.0,0.99884224,0.115234375,0.0060601635,-10.504693,-10.510346,-4.721594,78.40098,0.40333235,7.480544e-09,0.9988737,0.10644531,0.006076193,-10.176564,-10.181898,-4.719488,215.17403,0.5791427,2.8694058e-09,0.02396347804069519,16752.82349562645,300000
48.148804,-0.33703476,-7.8358536,0.12108633,1.0,0.99909973,0.26171875,0.0047182515,-11.088148,-11.095332,-3.7398577,114.16189,0.5583798,3.8506523e-06,0.96318865,-1.7989211,22.640587,0.9990883,0.24316406,0.004779659,-10.814967,-10.821808,-3.817535,26.242212,0.46820658,8.513392e-06,61.990273,-0.4295892,-7.904064,0.13813901,1.0,0.9988651,0.123046875,0.0059419284,-10.481385,-10.487172,-4.561842,96.18535,0.46055624,3.0736842e-08,0.99891376,0.11621094,0.0059362357,-10.11264,-10.118028,-4.601835,48.56259,0.4372322,3.0130323e-08,0.3879393995285034,18692.520496845245,305000
41.54097,-0.34988657,-7.815797,0.116072185,1.0,0.9990816,0.24804688,0.004849232,-11.089291,-11.096332,-3.885925,175.89128,0.50468576,9.171506e-06,1.3224802,-0.6945766,17.075455,0.9990673,0.23339844,0.0048907404,-10.86018,-10.866957,-3.9287467,82.370094,0.513162,9.908981e-06,48.697254,-0.43626273,-7.890663,0.13478875,1.0,0.99862957,0.12597656,0.006125559,-10.759013,-10.765226,-4.4035234,271.39563,0.8554822,3.1995047e-08,0.9987278,0.12011719,0.006106067,-10.444185,-10.450025,-4.469195,132.20094,0.5772301,5.6944804e-09,0.01662443585395813,18775.64267730713,310000
45.38894,-0.35190597,-7.825234,0.11843148,1.0,0.99908066,0.2529297,0.0048231324,-11.040837,-11.047863,-3.8533864,569.4233,0.81647706,2.6576188e-07,1.1856562,-1.3395715,20.754677,0.9990721,0.22460938,0.004868538,-10.762903,-10.769613,-3.8994393,53.89113,0.42168766,3.624954e-08,49.81834,-0.41958258,-7.8801255,0.13215429,1.0,0.9988308,0.14648438,0.006010768,-10.594938,-10.600986,-4.4083533,403.2482,1.1292512,5.746652e-07,0.99883175,0.13378906,0.00592928,-10.227689,-10.233361,-4.4235883,184.05768,0.6317731,1.553512e-06,0.016609320735931396,18858.689282655716,315000
47.516994,-0.30428863,-7.8219023,0.11759855,1.0,0.9990883,0.2607422,0.004632424,-11.181423,-11.1888075,-3.6257722,37.41814,0.46687266,8.215699e-07,1.1912231,-1.0728192,18.224686,0.99907684,0.23828125,0.0047200304,-10.956961,-10.963991,-3.7652016,23.169445,0.4197551,9.370146e-06,55.101547,-0.43328568,-7.872977,0.13036719,1.0,0.9988384,0.1328125,0.0061153737,-10.543758,-10.549531,-4.6390038,180.18027,0.72259593,2.8768518e-10,0.99884796,0.12988281,0.006026682,-10.28242,-10.287938,-4.6367655,220.9109,0.51849693,1.1767918e-08,0.016630885410308837,18941.843710899353,320000
46.02388,-0.31746557,-7.8099766,0.114617,1.0,0.99908924,0.2861328,0.004547607,-11.584564,-11.5924635,-3.5032353,1667.6024,1.6371348,9.624285e-08,0.83568454,-0.99075556,17.171623,0.99908924,0.25097656,0.0045708343,-11.292398,-11.300023,-3.4931993,113.09505,0.8831846,5.2554333e-06,57.445526,-0.4403433,-7.889758,0.13456243,1.0,0.99869156,0.12890625,0.0062536113,-10.487972,-10.493837,-4.4882126,53.901524,0.5342955,1.02456625e-07,0.9987488,0.103515625,0.0063229445,-10.27639,-10.281983,-4.554065,126.28533,0.6332872,7.998377e-08,0.01662440276145935,19024.96572828293,325000
48.325214,-0.39871186,-7.834658,0.12078749,1.0,0.9990959,0.25878906,0.004801716,-10.992649,-10.9996805,-3.7991724,59.426636,0.566816,5.4983475e-06,1.2364883,-0.80939937,19.04141,0.999094,0.22070312,0.004838966,-10.730829,-10.737591,-3.812746,97.245895,0.66630685,1.0651478e-05,63.355804,-0.4098577,-7.8760433,0.13113374,1.0,0.99885464,0.13769531,0.006057693,-10.5484915,-10.554363,-4.5419693,82.47976,0.6246874,4.2365575e-10,0.9988432,0.11230469,0.006164034,-10.194709,-10.2001505,-4.627126,51.1449,0.5280048,2.6110345e-09,0.016620892095565797,19108.070192098618,330000
46.943504,-0.35045916,-7.8292265,0.11942956,1.0,0.9990778,0.2763672,0.0046156636,-11.366057,-11.373664,-3.5854702,62.23817,0.5737278,1.912775e-05,1.023994,-0.9322965,19.414726,0.9990835,0.2529297,0.0046363752,-11.051905,-11.059161,-3.627802,31.69036,0.53373766,6.5461586e-06,66.993576,-0.3415697,-7.857767,0.12656471,1.0,0.99867535,0.1328125,0.006190826,-10.629665,-10.635627,-4.532449,93.45387,0.49182197,4.639905e-09,0.9987774,0.12695312,0.0060213134,-10.314927,-10.320543,-4.5687094,68.005974,0.3654277,2.8957373e-08,0.01661336784362793,19191.13703417778,335000
48.6791,-0.30537203,-7.830731,0.119805664,1.0,0.9990864,0.2548828,0.0048738434,-10.939056,-10.9459915,-3.8444548,190.61353,0.6631136,2.7733103e-07,1.1562594,-1.0494238,18.833752,0.9990721,0.22949219,0.004910643,-10.570595,-10.577097,-3.9185934,38.18891,0.43454677,6.124305e-06,57.301605,-0.45465547,-7.8837814,0.1330683,1.0,0.99867153,0.12988281,0.006226875,-10.985458,-10.991835,-4.4617887,1489.3856,1.4548618,7.894758e-10,0.9987879,0.10546875,0.0061944947,-10.64776,-10.653712,-4.5584836,31.872509,0.61241496,2.0487435e-10,0.016612290620803834,19274.19849038124,340000
55.418495,-0.3302452,-7.813736,0.115557075,1.0,0.9991045,0.26953125,0.004643725,-11.384364,-11.391924,-3.6504288,97.73094,0.68505013,7.709304e-06,1.6571767,-1.2243965,27.374962,0.99910164,0.24609375,0.0046828464,-11.078636,-11.085874,-3.6752632,36.763027,0.6295069,5.0055096e-06,56.298443,-0.472475,-7.887958,0.13411246,1.0,0.99872875,0.140625,0.006130412,-10.851837,-10.858142,-4.4018626,192.95444,0.8331247,6.677864e-11,0.9986477,0.12890625,0.00619804,-10.494837,-10.500811,-4.3841963,1155.9305,1.6532049,3.8645105e-08,0.016628235054016113,19357.33966732025,345000
41.21829,-0.42269596,-7.81001,0.11462541,1.0,0.9990883,0.27148438,0.0046666516,-11.486783,-11.494431,-3.6633291,156.43909,0.73112106,1.703718e-06,1.104575,-1.487775,22.899578,0.9990883,0.26171875,0.0046906583,-11.147701,-11.15502,-3.6612883,797.90704,1.4690502,1.565686e-06,47.048996,-0.51981175,-7.870203,0.12967366,1.0,0.99881077,0.125,0.0060970457,-10.647222,-10.653089,-4.6447124,289.22635,0.61791635,3.2238637e-10,0.99875736,0.107421875,0.0061858343,-10.335669,-10.341229,-4.645512,51.83884,0.56175286,1.741627e-10,0.017318385124206543,19443.931595802307,350000
39.649143,-0.41573453,-7.834461,0.12073818,1.0,0.9990778,0.25878906,0.0047869887,-11.174679,-11.181874,-3.8132358,203.85803,0.6447531,2.638323e-07,1.2459264,-1.302534,18.836348,0.9990797,0.24316406,0.0047887834,-10.916374,-10.9233465,-3.782891,64.93182,0.56570387,7.946442e-06,63.30873,-0.39134744,-7.906356,0.13871196,1.0,0.9988737,0.12988281,0.0059680548,-10.511562,-10.517354,-4.5872593,88.21515,0.4588114,3.767068e-09,0.9989157,0.11816406,0.0059078434,-10.148376,-10.153757,-4.6433573,30.190922,0.33595702,2.8877784e-08,0.023141681575775147,19559.64000582695,355000
53.853058,-0.3145612,-7.8151445,0.11590919,1.0,0.9990854,0.2578125,0.0047214683,-11.386243,-11.393719,-3.7383976,185.75598,0.55303335,1.7014756e-06,3.401562,-1.3427942,28.433128,0.999073,0.24609375,0.004810973,-11.032862,-11.039926,-3.8066907,46.768173,0.5672906,1.1991858e-05,68.94766,-0.37357494,-7.899434,0.1369814,1.0,0.99883366,0.14648438,0.0058802525,-10.65663,-10.662712,-4.435293,191.70918,0.6461723,5.722004e-09,0.99890614,0.13769531,0.0058264756,-10.34132,-10.347006,-4.5243025,14.313016,0.27307358,6.71573e-09,0.02314948754310608,19675.387444972992,360000
52.16176,-0.30930594,-7.83103,0.11988051,1.0,0.9990845,0.26660156,0.004823913,-11.127209,-11.134344,-3.828179,54.731922,0.5482526,2.8836051e-09,1.0187492,-2.8299422,26.231548,0.99907684,0.22851562,0.004867617,-10.878546,-10.885372,-3.8958027,96.58045,0.5727835,4.03008e-06,68.93692,-0.4542288,-7.861022,0.12737846,1.0,0.9987345,0.11425781,0.0061130705,-10.775956,-10.782207,-4.3826385,105.47008,0.8812479,8.202305e-09,0.9987545,0.12011719,0.006015504,-10.44754,-10.453364,-4.4889507,118.57652,0.41484976,2.2962701e-10,0.030756624412536623,19829.170568943024,365000
44.77264,-0.36131626,-7.8407154,0.12230175,1.0,0.99908924,0.24707031,0.004831783,-11.144339,-11.151528,-3.7885127,52.437733,0.53772056,7.8080895e-08,1.0174897,-1.6150913,20.00443,0.999073,0.23339844,0.004885692,-10.837261,-10.844076,-3.8643584,67.00944,0.526639,9.0923455e-09,55.165417,-0.45394933,-7.860668,0.12729001,1.0,0.9988308,0.1328125,0.0057686055,-10.615171,-10.621368,-4.274642,97.78203,0.6336745,1.3956794e-08,0.9988899,0.12402344,0.005757562,-10.331426,-10.337261,-4.3611665,31.424234,0.45101392,4.4562167e-09,0.03135374693870544,19985.93930530548,370000
55.387936,-0.2990362,-7.819261,0.1169382,1.0,0.99909115,0.28222656,0.004681965,-11.389633,-11.397206,-3.6422322,55.97343,0.6069923,5.9316408e-06,3.5084531,-1.0959382,25.217796,0.9990921,0.2529297,0.0047541326,-11.056613,-11.063772,-3.7322476,23.667744,0.55314183,2.1336482e-06,56.027687,-0.4675815,-7.863616,0.12802707,1.0,0.9985142,0.13183594,0.0065356186,-10.966146,-10.972536,-4.4294987,123.29202,0.8561274,6.1008585e-08,0.99860096,0.109375,0.006329365,-10.535651,-10.541566,-4.4849877,60.503643,0.42384577,2.8007198e-08,0.03132168536186218,20142.547736167908,375000
43.81334,-0.3718402,-7.8165603,0.11626304,1.0,0.9990797,0.24609375,0.0047586346,-11.321289,-11.328669,-3.7729402,83.52027,0.49017608,1.8189967e-05,1.0044883,-1.6077286,20.754902,0.9990616,0.22167969,0.004803713,-11.04369,-11.050773,-3.7980804,38.297043,0.46453923,2.5569752e-05,73.08037,-0.3441509,-7.892621,0.13527834,1.0,0.9985647,0.13574219,0.006450221,-10.781376,-10.787607,-4.405073,226.77759,1.282318,1.2751997e-08,0.99864864,0.123046875,0.00629132,-10.518679,-10.524566,-4.495179,52.409233,0.48327285,1.1182379e-10,0.03131464767456055,20299.12097644806,380000
44.30517,-0.33660668,-7.8115697,0.11501543,1.0,0.9990988,0.27929688,0.004700872,-11.233274,-11.24065,-3.6877775,259.78207,0.6242546,1.1665461e-05,1.4852535,-1.134491,23.498981,0.9990978,0.24316406,0.004745174,-10.952851,-10.959899,-3.7422857,54.293674,0.5721171,7.4949935e-06,68.13098,-0.38460207,-7.8879776,0.1341174,1.0,0.99858,0.13671875,0.0063047553,-10.933577,-10.940052,-4.3096848,86.20301,0.75498205,8.753117e-09,0.9987383,0.123046875,0.0062015303,-10.620218,-10.626317,-4.3810287,243.42647,0.69422996,8.234113e-08,0.03134073214530945,20455.8246383667,385000
55.959488,-0.35904676,-7.8118706,0.115090534,1.0,0.99907875,0.23730469,0.0049080383,-11.054566,-11.061576,-3.8847406,91.629616,0.5925708,6.9670233e-07,1.0591736,-1.5196557,21.625854,0.9990816,0.21191406,0.0049713687,-10.698499,-10.705108,-3.937872,132.88162,0.5558529,1.8679187e-07,66.73062,-0.391771,-7.9031563,0.13791215,1.0,0.9987135,0.123046875,0.0063722087,-10.622194,-10.628171,-4.5077868,831.9307,1.9870652,1.6702662e-08,0.9987879,0.11035156,0.0062567582,-10.254504,-10.260023,-4.6094093,672.753,1.1940464,1.5335375e-09,0.03875869951248169,20649.618137598038,390000
45.44512,-0.36731365,-7.8295965,0.11952202,1.0,0.999094,0.2548828,0.004817697,-11.146449,-11.153594,-3.837306,58.64804,0.5094699,1.06539765e-05,1.6603619,-1.049621,18.789856,0.99909306,0.22753906,0.0048974585,-10.828173,-10.834956,-3.8894567,178.58936,0.6579071,2.630939e-05,50.58031,-0.44104022,-7.88927,0.13444048,1.0,0.998744,0.12988281,0.0061535677,-10.626206,-10.632017,-4.681017,183.2817,0.69640815,3.8278342e-10,0.99884605,0.12792969,0.0060804402,-10.3121605,-10.317606,-4.7401757,1259.953,1.5494254,5.416444e-08,0.039580542945861816,20847.52085542679,395000
45.11032,-0.34893206,-7.829983,0.11961876,1.0,0.9991007,0.27148438,0.0046871146,-11.479323,-11.48696,-3.6680255,103.35471,0.6310561,2.127607e-06,1.0893515,-1.2074713,19.591595,0.99909496,0.25390625,0.0047447365,-11.167622,-11.174882,-3.7412531,52.27502,0.53643984,1.9986658e-06,51.97973,-0.4955551,-7.877945,0.13160914,1.0,0.99864006,0.15234375,0.0061764023,-10.880341,-10.886723,-4.351757,251.47517,1.0467603,2.630048e-09,0.9985342,0.12402344,0.0064267796,-10.557686,-10.563732,-4.3712816,377.88174,1.1395775,1.1277749e-08,0.039598908042907714,21045.515397310257,400000
50.285965,-0.34956723,-7.8172913,0.11644571,1.0,0.9990845,0.25390625,0.004892149,-10.982459,-10.989439,-3.8412447,185.67912,0.6559231,3.7309965e-07,1.5273062,-1.6690096,26.01342,0.99908257,0.23925781,0.004962911,-10.658355,-10.664935,-3.9259038,150.5654,0.7057016,8.6974545e-08,57.778854,-0.4093935,-7.8680387,0.12913263,1.0,0.99872875,0.13183594,0.0062466813,-10.677183,-10.683182,-4.540087,153.59846,0.819705,5.6786345e-09,0.99879265,0.12402344,0.0062514516,-10.352752,-10.358365,-4.6113462,114.07657,0.64421105,3.2177574e-10,0.2977831081390381,22534.430939674377,405000
46.729774,-0.38084263,-7.835634,0.12103158,1.0,0.9990816,0.25976562,0.004709188,-11.42115,-11.428708,-3.689609,88.51301,0.6067732,2.1642098e-10,0.73559856,-1.6702725,18.940397,0.9990845,0.25195312,0.0047859848,-11.173093,-11.180339,-3.7604814,27.273436,0.5172807,3.1873458e-07,59.32903,-0.4098177,-7.8687816,0.12931842,1.0,0.99869823,0.13085938,0.006126183,-10.448961,-10.454817,-4.458563,333.88916,0.9391232,2.0580826e-08,0.99883556,0.11328125,0.0060439855,-10.211819,-10.217324,-4.5806036,179.58644,0.511022,2.9745317e-10,0.015303906536102295,22610.95047354698,410000
54.66797,-0.28924626,-7.818557,0.11676213,1.0,0.9990921,0.2783203,0.0047219642,-11.339278,-11.346763,-3.6819043,162.62778,0.6854867,4.0930527e-06,1.7773877,-0.9650579,21.841362,0.9990864,0.24902344,0.0047767926,-11.049457,-11.056591,-3.7498796,30.68757,0.43997765,2.0167032e-05,50.753357,-0.48362988,-7.8626513,0.12778574,1.0,0.998744,0.12597656,0.006001396,-10.827353,-10.833557,-4.4815626,283.59894,0.5075041,5.6672916e-10,0.99878025,0.107421875,0.005987066,-10.512583,-10.518415,-4.545672,32.646942,0.31631395,9.4866886e-07,0.01662298812866211,22694.065415382385,415000
51.93419,-0.41863567,-7.8079424,0.11410856,1.0,0.9990816,0.25390625,0.0047705183,-11.303112,-11.310522,-3.7227087,100.157104,0.524751,6.901331e-07,3.9981465,-2.3074203,35.387745,0.9990778,0.24804688,0.0047970545,-10.908555,-10.915563,-3.740699,50.43479,0.55093944,8.722565e-06,58.400284,-0.48108643,-7.8857646,0.13356414,1.0,0.9987364,0.13964844,0.00608089,-10.824132,-10.830294,-4.5202866,263.84207,0.77085036,1.606607e-12,0.99878883,0.12402344,0.006085592,-10.442085,-10.447812,-4.583452,45.049404,0.37806892,1.2950383e-09,0.016633737182617188,22777.23410654068,420000
52.089546,-0.35784945,-7.8294373,0.11948219,1.0,0.9990921,0.27246094,0.0047132215,-11.209869,-11.217236,-3.6739926,139.8572,0.57784927,1.3037096e-06,1.3611252,-1.1936674,22.699505,0.99909115,0.24023438,0.004758033,-10.960656,-10.967748,-3.7056677,24.186684,0.5291735,7.267079e-08,62.138,-0.40935916,-7.859632,0.12703094,1.0,0.99867153,0.12890625,0.0062457705,-10.749695,-10.755807,-4.496518,464.46902,0.72264814,2.6666608e-08,0.9986839,0.1171875,0.0062432345,-10.457895,-10.463641,-4.5818105,40.15248,0.3352211,5.1208238e-09,0.016626601791381836,22860.367117404938,425000
54.70941,-0.35493934,-7.812151,0.1151608,1.0,0.99909115,0.2548828,0.0047583897,-11.461056,-11.468621,-3.721486,70.317,0.65051925,5.173176e-06,1.7107431,-2.0881493,25.348701,0.99909115,0.23046875,0.0047956146,-11.134714,-11.141919,-3.7638817,83.501396,0.69076055,2.381526e-06,67.3634,-0.4341272,-7.865197,0.12842229,1.0,0.9987955,0.15820312,0.006020276,-10.595806,-10.60181,-4.4537954,271.2356,0.6481328,1.2100875e-08,0.9987936,0.12988281,0.0060721347,-10.284218,-10.289881,-4.4921484,97.26533,0.46640378,8.8731715e-09,0.01663933501243591,22943.56379365921,430000
56.95259,-0.306117,-7.8287535,0.11931124,1.0,0.9990864,0.27441406,0.0046566976,-11.329008,-11.336516,-3.6478527,64.05428,0.60025907,2.046178e-06,1.3723648,-2.069228,27.414799,0.99908257,0.2607422,0.0047104014,-11.0655575,-11.072742,-3.7155004,243.44678,0.7955561,1.2380749e-05,63.14492,-0.41383904,-7.869583,0.12951876,1.0,0.9986687,0.12792969,0.0062934128,-10.790466,-10.796495,-4.623331,263.89294,0.66492516,2.2126336e-08,0.998765,0.11035156,0.006141954,-10.453884,-10.459552,-4.65609,29.443403,0.40424028,9.498485e-09,0.018893836545944214,23038.03297996521,435000
47.548515,-0.34545603,-7.818679,0.11679262,1.0,0.99911594,0.2607422,0.0046602692,-11.489555,-11.497207,-3.6622963,601.8569,0.87242216,3.5260484e-07,2.4110408,-1.2312086,24.808203,0.99910927,0.24902344,0.004720346,-11.176123,-11.183408,-3.7235427,445.57614,1.0370725,4.904567e-06,58.540977,-0.4065594,-7.872573,0.13026631,1.0,0.9987726,0.14257812,0.005967503,-10.781082,-10.787298,-4.4234295,219.74693,0.51133394,1.03184836e-10,0.9987726,0.11816406,0.0060233297,-10.382885,-10.38867,-4.4645505,32.341286,0.3878746,3.6486855e-11,0.024832470321655274,23162.19533252716,440000
48.86854,-0.37950355,-7.823395,0.11797168,1.0,0.99908066,0.27539062,0.004658711,-11.502169,-11.509865,-3.6282587,246.98648,0.9190692,1.5057965e-07,1.0055779,-1.315854,20.79258,0.99906445,0.26171875,0.0047295373,-11.190451,-11.197783,-3.6893506,85.86562,0.8423812,3.512595e-08,71.663574,-0.44998884,-7.8766885,0.13129508,1.0,0.99877644,0.12988281,0.0062409774,-10.799171,-10.805272,-4.558675,125.59125,0.74439347,7.198553e-09,0.9987631,0.11425781,0.0062104105,-10.4387665,-10.444523,-4.5501523,47.656937,0.4663564,1.8747512e-06,0.024838016271591188,23286.385417699814,445000
52.882236,-0.38711113,-7.832445,0.12023425,1.0,0.9990864,0.29101562,0.0046569034,-11.389349,-11.396968,-3.595062,206.31456,0.95841044,2.2798179e-06,1.2651669,-1.659219,21.812237,0.9990864,0.26171875,0.0047274614,-11.055086,-11.062321,-3.6544845,602.3467,1.2649937,3.6324099e-07,57.305458,-0.46314856,-7.8867064,0.13379958,1.0,0.9987345,0.13378906,0.0063369153,-10.745302,-10.751358,-4.5501204,396.6303,1.033515,1.959536e-09,0.9987459,0.12011719,0.0063844984,-10.405468,-10.411197,-4.545686,63.12635,0.6358235,7.773733e-08,0.02485252618789673,23410.648050308228,450000
54.06422,-0.33853137,-7.827891,0.11909563,1.0,0.9990921,0.2529297,0.004678608,-11.383312,-11.390861,-3.6625001,144.54637,0.67529726,6.471405e-08,1.2679917,-1.1621997,23.96148,0.9990797,0.24023438,0.004737462,-11.199075,-11.206378,-3.72615,239.13606,0.7140129,1.18519e-07,59.15974,-0.41481113,-7.878265,0.13168922,1.0,0.9986849,0.140625,0.006253219,-10.841682,-10.84793,-4.4505987,351.54227,1.6352911,2.2566085e-09,0.99880123,0.12109375,0.006055141,-10.528339,-10.534183,-4.5491323,8455.827,8.736787,3.6402664e-08,0.0248516619682312,23534.906363248825,455000
47.255997,-0.318654,-7.8457365,0.123557106,1.0,0.99909115,0.27148438,0.00463912,-11.469597,-11.477297,-3.5921388,52.429848,0.78523993,2.623216e-08,1.1177251,-1.9177994,21.270287,0.9990902,0.24511719,0.004637534,-11.221493,-11.228933,-3.6092086,201.16057,1.0028632,6.0729312e-06,57.45794,-0.42463708,-7.8799224,0.13210356,1.0,0.9988251,0.13183594,0.006070805,-10.6034,-10.609246,-4.6233587,518.82855,0.86099976,6.4864685e-12,0.9988489,0.111328125,0.0059864614,-10.292865,-10.298345,-4.686834,31.938278,0.3287649,4.3351407e-09,0.024839232873916626,23659.10252904892,460000
42.18196,-0.3884653,-7.781035,0.107381664,1.0,0.9990816,0.26660156,0.0046957224,-11.397543,-11.405126,-3.640427,96.52111,0.67170304,1.32303785e-05,0.86206317,-1.103802,19.599125,0.9990778,0.24414062,0.004759754,-11.088186,-11.0953865,-3.7222586,27.50492,0.5069038,2.4165922e-06,54.763435,-0.4692615,-7.872564,0.13026392,1.0,0.9987831,0.13574219,0.00615862,-10.716855,-10.722906,-4.527217,76.87108,0.5728544,4.638034e-07,0.9988127,0.12109375,0.006138731,-10.409043,-10.414786,-4.5346994,53.5444,0.73379296,2.2540233e-07,0.03022926163673401,23810.24884057045,465000
51.044685,-0.3319894,-7.8386602,0.121787995,1.0,0.9990921,0.2734375,0.004690229,-11.457997,-11.465624,-3.6563196,98.79737,0.5696795,1.1144123e-05,0.9242606,-1.0073594,19.972559,0.99908066,0.25390625,0.0047951923,-11.141711,-11.148952,-3.7361224,75.6557,0.60223866,3.272722e-06,52.145416,-0.48125008,-7.9042215,0.13817835,1.0,0.99862766,0.12695312,0.0062162243,-10.954359,-10.96073,-4.436752,141.26248,0.92004406,9.80867e-10,0.99876595,0.123046875,0.0060996846,-10.535926,-10.54187,-4.4543467,35.825317,0.52767503,3.6016884e-11,0.03137307586669922,23967.114221334457,470000
59.11738,-0.2896494,-7.8076763,0.1140421,1.0,0.9990797,0.265625,0.0047454946,-11.3535,-11.360908,-3.7769835,127.98853,0.5076085,1.2320319e-06,1.7078588,-1.7990402,25.64995,0.9990692,0.22753906,0.004789318,-11.070204,-11.077279,-3.8314495,74.50789,0.5346591,6.9691473e-06,63.372623,-0.42161518,-7.885189,0.1334202,1.0,0.998868,0.125,0.005988822,-10.6907015,-10.696623,-4.6322613,169.66588,0.53039783,8.2098756e-10,0.9988432,0.11425781,0.006091917,-10.372715,-10.378352,-4.6056724,24.859581,0.3568836,5.1424642e-09,0.036308711290359494,24148.657781124115,475000
48.88552,-0.34871793,-7.799802,0.11207343,1.0,0.9990921,0.27246094,0.004697043,-11.438644,-11.446265,-3.6416738,54.926018,0.58348846,2.4406575e-07,1.2154189,-1.4963869,24.190922,0.9990883,0.23144531,0.0047473665,-11.102276,-11.109514,-3.697429,71.6603,0.69600666,4.0515297e-06,55.94539,-0.5235411,-7.8789477,0.13185987,1.0,0.99889183,0.13671875,0.0060041454,-10.631227,-10.637123,-4.5982504,437.48578,1.081059,9.016169e-13,0.99889183,0.11328125,0.00602049,-10.236743,-10.242216,-4.638054,55.10987,0.3790959,1.104886e-09,0.03961816611289978,24346.74861550331,480000
47.469368,-0.36001375,-7.80871,0.114300445,1.0,0.9990797,0.23339844,0.00487845,-11.402801,-11.410167,-3.8672109,51.515995,0.5010129,3.3781037e-06,1.3981225,-1.4751654,23.614473,0.99907494,0.22460938,0.0049078683,-11.098134,-11.105198,-3.8715239,27.01767,0.45051378,1.8883553e-05,59.355507,-0.48478532,-7.882976,0.13286698,1.0,0.99870586,0.13769531,0.006139822,-11.028412,-11.034893,-4.398074,601.4386,1.813657,3.0613272e-08,0.99879646,0.10839844,0.0059731267,-10.653501,-10.659495,-4.519666,36.642666,0.38615313,1.6952381e-10,0.039609654092788694,24544.796890497208,485000
51.27368,-0.3605383,-7.8217535,0.11756131,1.0,0.9991026,0.265625,0.0045917965,-11.500263,-11.508073,-3.5102208,113.37268,0.6580096,3.9811834e-10,1.1668508,-2.1596088,25.243172,0.9990921,0.25097656,0.0046492,-11.184855,-11.192284,-3.585999,424.9429,1.1060522,1.3273953e-07,64.19723,-0.433985,-7.862253,0.12768625,1.0,0.99875355,0.13671875,0.0062375157,-10.800305,-10.806523,-4.4392023,221.4945,1.1574354,8.5189306e-10,0.9987278,0.107421875,0.0062587494,-10.422159,-10.42793,-4.519014,984.3008,1.6998582,3.6344608e-11,0.03961463084220886,24742.870045900345,490000
55.771652,-0.3409803,-7.7934937,0.11049634,1.0,0.99909306,0.26171875,0.0046506594,-11.582249,-11.590011,-3.642311,90.73167,0.5705,1.3667041e-07,1.2824392,-2.5531287,27.461678,0.99910355,0.23828125,0.0047307713,-11.2676735,-11.275047,-3.724772,40.18434,0.6104022,1.3700208e-06,76.467575,-0.39226902,-7.8755426,0.13100871,1.0,0.99879074,0.13378906,0.0062723737,-10.678516,-10.684466,-4.59293,403.2788,1.0844371,8.197362e-09,0.9988098,0.12402344,0.0060937842,-10.418488,-10.424081,-4.695795,480.98935,1.0038003,1.0376168e-07,0.039606552457809446,24940.902809619904,495000
55.50612,-0.35636592,-7.8351116,0.12090086,1.0,0.99908257,0.28125,0.0045942976,-11.742636,-11.750595,-3.600322,38.365704,0.502277,1.571729e-05,1.0386311,-1.7982872,25.226337,0.99907494,0.24804688,0.0046229092,-11.396105,-11.403672,-3.6545415,27.196043,0.52820385,1.2974206e-05,60.031235,-0.43471703,-7.876445,0.13123426,1.0,0.9987297,0.12890625,0.006248099,-10.803762,-10.809867,-4.559355,440.81024,1.5649629,2.1524292e-07,0.99874115,0.11035156,0.00627034,-10.421261,-10.426938,-4.6133995,40.204166,0.529233,1.0704379e-07,0.03960080208778381,25138.906821727753,500000
43.562607,-0.3651816,-7.821193,0.11742128,1.0,0.9991045,0.2763672,0.0046234895,-11.474391,-11.482043,-3.6458216,543.2581,0.8122598,6.5493896e-07,1.0898992,-1.136553,19.030676,0.9991026,0.25878906,0.004697082,-11.199634,-11.20694,-3.7258286,205.17624,0.76610947,1.2052394e-07,68.20256,-0.42665264,-7.90384,0.13808306,1.0,0.9988594,0.14160156,0.0059854416,-10.669777,-10.675687,-4.6251082,1909.1224,1.5445741,1.1334075e-08,0.9989052,0.11328125,0.0059510707,-10.353714,-10.359199,-4.742532,20.993174,0.27139232,1.40256455e-08,0.27533805975914,26515.597125053406,505000
48.83904,-0.31444588,-7.835249,0.12093513,1.0,0.9991026,0.29882812,0.0046089645,-11.59115,-11.599005,-3.5554867,42.18607,0.4814951,1.0323693e-06,1.9947735,-1.3584776,22.239605,0.9990978,0.26757812,0.0046478733,-11.245801,-11.253226,-3.6502638,14.863409,0.41438723,1.7871787e-07,65.23169,-0.42282534,-7.88461,0.13327554,1.0,0.99889946,0.14160156,0.005926775,-10.717219,-10.723218,-4.581784,483.95712,1.0169612,4.4236156e-08,0.9988556,0.119140625,0.0060769827,-10.306141,-10.311653,-4.666893,22.167078,0.36663985,1.13217226e-07,0.02484123740196228,26639.80331516266,510000
53.93558,-0.3423578,-7.7977834,0.111568764,1.0,0.99908733,0.2607422,0.0046946453,-11.328515,-11.336023,-3.648756,98.28356,0.5085759,1.5884639e-06,1.6178069,-1.2971053,26.079931,0.9990778,0.24902344,0.0047447,-11.012243,-11.019375,-3.7165003,32.745296,0.468675,1.3356761e-05,51.93135,-0.4984752,-7.885881,0.1335932,1.0,0.99884987,0.13183594,0.005981425,-10.793661,-10.799802,-4.513259,165.83366,0.7233291,3.6746473e-10,0.9988661,0.109375,0.005945759,-10.471836,-10.47762,-4.555606,745.71796,1.1191878,5.434183e-07,0.024826205015182495,26763.93434405327,515000
53.496235,-0.3876998,-7.8029957,0.11287196,1.0,0.99910355,0.28320312,0.004699868,-11.342255,-11.349724,-3.7023263,529.5618,0.8936715,4.764328e-09,1.2402246,-1.012256,23.146885,0.9990959,0.25195312,0.0047834017,-11.081523,-11.0886545,-3.7864347,341.39374,0.9355003,1.39221465e-05,64.95593,-0.42241603,-7.8805594,0.1322628,1.0,0.9988842,0.125,0.005994929,-10.805153,-10.811195,-4.623992,371.74835,0.7771769,4.4351896e-08,0.9988966,0.10644531,0.0059435945,-10.491293,-10.497003,-4.6501956,53.200367,0.33363277,1.2914471e-07,0.024829019689559938,26888.079446315765,520000
55.48187,-0.36717045,-7.817046,0.11638449,1.0,0.99910545,0.27246094,0.0046731466,-11.661373,-11.669118,-3.7382221,143.69244,0.60131764,1.726295e-06,1.0952576,-1.4349202,24.42102,0.9991007,0.24804688,0.0047531975,-11.338758,-11.34613,-3.7973218,45.77788,0.5517312,1.021914e-05,59.056305,-0.43562293,-7.8661346,0.1286566,1.0,0.9987383,0.13085938,0.006265724,-10.973271,-10.979577,-4.5214243,383.25113,0.9874555,1.4857299e-08,0.99879646,0.12597656,0.0061317286,-10.569995,-10.5758295,-4.6019006,629.5531,1.3280673,6.3192884e-12,0.024830637741088867,27012.23263669014,525000
48.20701,-0.39085367,-7.831337,0.119957246,1.0,0.9990835,0.24121094,0.0048249653,-11.271418,-11.278701,-3.8205163,37.785435,0.47108373,1.8202417e-06,1.6835182,-1.8386495,25.63713,0.99907684,0.2109375,0.004903484,-10.960285,-10.967202,-3.8837156,118.53859,0.6480805,6.634044e-06,57.117455,-0.48105878,-7.8718324,0.13008107,1.0,0.99886036,0.123046875,0.00601682,-10.905781,-10.91201,-4.533492,97.52285,0.4990514,2.6573591e-08,0.9988308,0.111328125,0.0060916385,-10.593742,-10.599619,-4.5824385,43.69927,0.39950386,6.1622534e-09,0.024828581953048705,27136.375550031662,530000
45.626816,-0.33911568,-7.815921,0.11610331,1.0,0.9990845,0.2939453,0.0045235683,-11.649564,-11.657537,-3.492961,38.29852,0.5761821,6.1584797e-06,0.76801324,-1.0546626,19.567116,0.99907684,0.2529297,0.0046133697,-11.3404665,-11.348043,-3.5889099,179.81325,0.6819165,1.7840555e-05,69.62188,-0.44143933,-7.88993,0.13460535,1.0,0.9987507,0.14355469,0.006326901,-10.931705,-10.938024,-4.468848,146.20186,1.1272155,1.8680983e-09,0.99873924,0.12011719,0.0062493198,-10.5405035,-10.546419,-4.4895906,39.427235,0.5594615,7.637019e-10,0.024825053787231446,27260.50082039833,535000
49.08013,-0.34475654,-7.801235,0.1124317,1.0,0.99909973,0.26367188,0.004676806,-11.367945,-11.375505,-3.6336765,41.5305,0.55907565,1.687292e-11,0.89803946,-0.74040306,19.546019,0.9990816,0.23925781,0.004767578,-11.126817,-11.134053,-3.723743,30.465778,0.46103966,1.7860438e-09,67.89583,-0.3588356,-7.8698883,0.129595,1.0,0.99885845,0.14160156,0.0059304372,-10.861153,-10.867401,-4.468754,51.806087,0.43709713,1.3717226e-10,0.99887466,0.123046875,0.005957882,-10.593224,-10.599099,-4.582204,19.509686,0.3037172,4.7374513e-09,0.024818015670776367,27384.590901851654,540000
45.002705,-0.36250615,-7.808181,0.11416823,1.0,0.99910355,0.28222656,0.0046397885,-11.608168,-11.616023,-3.573513,193.23618,0.8516923,1.5280472e-07,1.0995401,-1.475528,22.758972,0.99909115,0.24414062,0.0047500497,-11.286376,-11.293785,-3.7067938,124.1057,0.77353513,4.516685e-07,62.529385,-0.43316603,-7.8768764,0.13134205,1.0,0.9985962,0.13378906,0.0063808644,-11.228731,-11.235536,-4.2670946,226.62064,1.2994251,3.2943612e-09,0.99862576,0.12011719,0.006206738,-10.918738,-10.9251175,-4.392522,109.83376,0.5117562,2.0418434e-09,0.03202242226600647,27544.70301771164,545000
64.46572,-0.30470884,-7.818277,0.11669218,1.0,0.9990902,0.25,0.0048593506,-11.339333,-11.346688,-3.8139293,415.05515,0.8353918,1.0161472e-05,1.225714,-1.3692629,24.628063,0.99907494,0.24414062,0.0049173487,-11.029962,-11.036939,-3.8920617,93.84492,0.56542736,2.5689947e-06,52.40248,-0.5126668,-7.856397,0.12622227,1.0,0.9987707,0.13964844,0.0061012954,-10.898736,-10.904963,-4.529946,299.75208,0.6904138,3.8743613e-09,0.99876976,0.1328125,0.0060608033,-10.550232,-10.556156,-4.4901233,48.667995,0.5470159,1.7521215e-11,0.03305464673042297,27709.976254701614,550000
46.615513,-0.39070755,-7.8107014,0.114798315,1.0,0.9990835,0.26660156,0.0045969803,-11.724295,-11.732281,-3.5547466,120.292534,0.6618782,3.1439438e-06,1.0461807,-1.2038586,19.521927,0.9990883,0.24902344,0.0046330527,-11.400091,-11.407721,-3.5951333,61.43162,0.7151182,5.0555423e-06,68.85351,-0.44189617,-7.9031496,0.1379103,1.0,0.998785,0.13085938,0.0059697786,-10.933468,-10.939817,-4.437514,122.34539,0.45352948,4.863683e-09,0.9988365,0.12109375,0.006003497,-10.599554,-10.605548,-4.467806,82.58015,0.40966862,1.1502026e-08,0.033054231548309325,27875.24741435051,555000
45.727478,-0.33919516,-7.8166285,0.11628014,1.0,0.9990883,0.25,0.0047662696,-11.418589,-11.426083,-3.752407,147.74048,0.6598794,4.192091e-06,1.9678786,-0.9741385,21.3461,0.99908066,0.24511719,0.004810891,-11.094879,-11.101992,-3.819073,181.71098,0.663726,3.2743017e-06,64.4419,-0.45325422,-7.8590612,0.1268883,1.0,0.99879074,0.13085938,0.005995036,-10.857653,-10.863871,-4.497267,164.6432,0.7843964,2.5640723e-08,0.9988289,0.12402344,0.005957217,-10.510347,-10.516217,-4.50624,83.47727,0.59637105,1.5882653e-08,0.03305548663139343,28040.52485013008,560000
55.393562,-0.34357607,-7.817214,0.11642641,1.0,0.9991121,0.2626953,0.004605817,-11.619161,-11.627008,-3.589937,1122.1488,1.1932606,2.1648025e-06,1.2330573,-1.0003564,21.154758,0.999094,0.24609375,0.004636783,-11.308125,-11.31565,-3.6079915,40.460075,0.62537944,4.1000595e-07,71.630905,-0.39183426,-7.866333,0.12870622,1.0,0.99883556,0.12792969,0.006030003,-10.806761,-10.812932,-4.492842,277.39514,1.0551369,2.12342e-09,0.998847,0.11425781,0.0058644805,-10.471926,-10.477733,-4.530407,28.328741,0.32198668,7.1322724e-08,0.03901576495170593,28235.603677034378,565000
55.339256,-0.3641016,-7.8454275,0.12347993,1.0,0.99909306,0.25585938,0.004721216,-11.697954,-11.7058,-3.6720684,173.66098,0.86246306,5.0525053e-08,1.374912,-1.9091188,25.89467,0.9990711,0.23242188,0.00476793,-11.370401,-11.377889,-3.712605,77.06894,0.6596522,2.3276252e-06,65.89551,-0.46331683,-7.8713303,0.12995556,1.0,0.99884415,0.13769531,0.0060052527,-10.820816,-10.826966,-4.5286407,228.88289,0.7232256,1.0345058e-08,0.99884605,0.13183594,0.0060169515,-10.500684,-10.506488,-4.56374,46.883377,0.5108526,1.1588374e-07,0.03957437663078308,28433.47556591034,570000
51.016006,-0.41971308,-7.8094673,0.11448983,1.0,0.9990854,0.2626953,0.004735958,-11.334076,-11.34157,-3.668429,101.22597,0.68543154,2.4531573e-06,0.86413306,-1.210571,23.122885,0.99907684,0.23242188,0.0048197214,-10.967092,-10.974142,-3.7550979,113.298645,0.78066003,3.6375282e-06,53.6157,-0.47183886,-7.8613777,0.12746747,1.0,0.9988489,0.125,0.0060255392,-10.831503,-10.837597,-4.597261,108.89155,0.49795797,1.0566973e-09,0.9988594,0.10546875,0.0060404027,-10.462107,-10.467815,-4.6227,104.2887,0.504298,1.18280965e-07,0.03427891349792481,28604.870134592056,575000
54.17109,-0.3189699,-7.8268633,0.11883877,1.0,0.99909115,0.28515625,0.004578704,-11.811724,-11.819822,-3.5271306,60.305275,0.60477245,2.2997735e-07,1.038169,-1.2910501,23.22039,0.99908066,0.27148438,0.0046173697,-11.515792,-11.523575,-3.553103,44.438656,0.5630076,1.1013797e-05,58.83241,-0.49262518,-7.8945,0.13574792,1.0,0.99877834,0.12597656,0.006188989,-11.024317,-11.030669,-4.5260277,127.90141,0.74729526,1.2520429e-09,0.99886894,0.10644531,0.0060635917,-10.649358,-10.655296,-4.5741854,90.7665,0.56322527,5.8142415e-09,0.03145766806602478,28762.15847635269,580000
47.275146,-0.3399666,-7.8360796,0.12114294,1.0,0.9991007,0.27929688,0.0046730014,-11.325537,-11.333025,-3.6658592,189.76622,0.65800524,1.870508e-06,4.1399555,-2.4790988,26.903015,0.9990978,0.24316406,0.0047539053,-10.923249,-10.930244,-3.767732,37.496773,0.44508982,1.1370729e-05,67.60127,-0.4208414,-7.8658137,0.1285764,1.0,0.9986534,0.115234375,0.006282045,-10.952937,-10.959091,-4.6575017,304.37057,0.5635299,3.1698108e-10,0.99864197,0.1015625,0.0062348936,-10.532537,-10.538241,-4.697386,108.23102,0.32071728,9.3606324e-08,0.03137673053741455,28919.042130231857,585000
57.34082,-0.3041884,-7.8030806,0.11289312,1.0,0.99908924,0.27539062,0.0046008406,-11.689959,-11.6979,-3.564664,39.67673,0.60502124,4.9310046e-08,1.1874145,-1.3523784,20.244732,0.99908257,0.23535156,0.004693141,-11.353193,-11.360692,-3.6817489,54.221207,0.54728925,1.5841176e-06,66.99923,-0.44681686,-7.899509,0.13700016,1.0,0.99884987,0.14160156,0.005896637,-10.922466,-10.928861,-4.3806176,164.1337,0.62456954,1.5439389e-09,0.99880505,0.123046875,0.0059612235,-10.53705,-10.542992,-4.4603257,33.766285,0.40919197,1.6328587e-10,0.031381318473815915,29075.948726177216,590000
50.533607,-0.38947928,-7.825182,0.11841847,1.0,0.9991026,0.26171875,0.004740849,-11.423044,-11.430604,-3.6898565,48.93834,0.52788097,3.995146e-06,2.0076575,-1.6670064,26.479637,0.9990864,0.24121094,0.004799027,-11.109218,-11.116384,-3.778045,40.404713,0.4771037,1.1479163e-05,60.132275,-0.5163547,-7.8770742,0.13139154,1.0,0.998786,0.13867188,0.0060235728,-10.85174,-10.858044,-4.403895,285.2224,0.8403549,1.4566238e-08,0.99867153,0.123046875,0.006125354,-10.489443,-10.495367,-4.4292517,197.93338,0.70999104,1.6075093e-07,0.031394325065612794,29232.920353412628,595000
53.070328,-0.2990093,-7.809236,0.11443193,1.0,0.9990854,0.26464844,0.0046895333,-11.637278,-11.645044,-3.6916523,54.04646,0.4934581,1.421104e-05,1.1091096,-1.0383117,21.823643,0.99908733,0.2607422,0.0046741865,-11.329828,-11.3373,-3.6849809,33.836082,0.48839277,1.22991e-05,70.26856,-0.40057683,-7.871429,0.12998024,1.0,0.9987469,0.13476562,0.006144498,-11.0391245,-11.045491,-4.526466,552.08057,0.9645613,1.876036e-09,0.9986944,0.11035156,0.0061935503,-10.696652,-10.70265,-4.5609074,26.124714,0.3864171,4.163585e-11,0.031382665586471556,29389.833683252335,600000
56.657288,-0.33963203,-7.830347,0.119709656,1.0,0.9990902,0.2919922,0.00454331,-11.869027,-11.877221,-3.486261,82.70822,0.8107418,5.4086546e-10,1.0425568,-1.6627297,23.580156,0.9990921,0.2548828,0.0046155653,-11.502724,-11.510489,-3.5587835,37.593758,0.66814333,7.839382e-08,54.722557,-0.52170473,-7.8816805,0.13254294,1.0,0.9988432,0.13964844,0.00594596,-10.971966,-10.978308,-4.485215,114.36267,0.4958873,3.2268325e-08,0.9987631,0.115234375,0.0060962983,-10.628092,-10.634052,-4.530526,20.147095,0.34965137,8.999029e-08,0.22201621289253234,30499.914751052856,605000
44.812523,-0.49810547,-7.8339396,0.120607845,1.0,0.99910164,0.26953125,0.004757885,-11.423365,-11.430898,-3.717458,131.88513,0.6479386,1.3901481e-08,1.0698106,-3.134461,25.600061,0.9990845,0.24316406,0.004824548,-11.080141,-11.087284,-3.77244,37.46853,0.5178624,3.171081e-06,65.69105,-0.47299713,-7.8765774,0.13126735,1.0,0.9988041,0.13964844,0.0060336944,-11.053571,-11.060019,-4.4574585,177.60027,0.63920194,6.546295e-10,0.9988165,0.125,0.005992322,-10.7379055,-10.7439995,-4.5040884,123.278435,0.5148443,7.1851374e-09,0.018273713779449464,30591.2833237648,610000
44.59787,-0.4137982,-7.809395,0.11447169,1.0,0.99907875,0.2607422,0.0047517535,-11.429777,-11.437334,-3.6992526,39.193417,0.49523577,3.5459732e-06,1.7223283,-2.1195662,29.541992,0.99906254,0.23046875,0.0048010573,-11.11034,-11.117546,-3.738966,71.587036,0.5007516,2.0829307e-06,67.09746,-0.43681827,-7.866371,0.12871571,1.0,0.9987354,0.13964844,0.0061703487,-10.907755,-10.91403,-4.488968,95.56096,0.6288175,2.3563582e-10,0.99880695,0.11425781,0.0060057365,-10.553144,-10.559008,-4.554896,52.60538,0.3752589,1.054382e-09,0.018271029806137085,30682.63847398758,615000
46.851463,-0.44225842,-7.805973,0.113616206,1.0,0.999094,0.28027344,0.0046571,-11.571472,-11.579232,-3.6317873,144.68843,0.62713486,3.532021e-06,1.3345516,-1.951628,22.917603,0.99908733,0.25,0.0047294963,-11.218113,-11.225472,-3.6883054,21.022404,0.5293876,5.962938e-06,64.23936,-0.4961806,-7.871859,0.13008776,1.0,0.9988184,0.12792969,0.0060600946,-10.956446,-10.962719,-4.539554,100.66031,0.58472097,2.1975765e-08,0.99886703,0.11621094,0.0059625544,-10.51449,-10.520289,-4.582343,61.19793,0.3799301,3.3961637e-08,0.019731449747085572,30781.29572701454,620000
49.10707,-0.39555913,-7.8128734,0.1153412,1.0,0.99908733,0.25878906,0.0046846783,-11.801231,-11.809211,-3.6396782,54.06454,0.49553692,1.5773121e-05,2.2086587,-1.8366368,25.859945,0.999074,0.22460938,0.0047454466,-11.428562,-11.436104,-3.7134476,21.42967,0.44099772,1.5830688e-05,73.04639,-0.4216422,-7.8541756,0.12566684,1.0,0.99867344,0.125,0.006562995,-10.984072,-10.990431,-4.478942,143.71677,0.9972914,1.4307234e-09,0.99864674,0.10644531,0.0065267477,-10.5948925,-10.600772,-4.578886,102.91216,0.5216216,3.4654363e-10,0.03304690184593201,30946.53023815155,625000
49.55047,-0.38936603,-7.8163004,0.11619802,1.0,0.9990978,0.26367188,0.0046040607,-11.583293,-11.591117,-3.5792909,115.26017,0.60177314,3.079593e-08,1.9126015,-1.6663967,22.334589,0.9990969,0.24511719,0.004690684,-11.196954,-11.204337,-3.6438847,54.87612,0.58634305,6.931521e-07,70.31176,-0.47510934,-7.853364,0.12546389,1.0,0.99877834,0.12792969,0.0061275726,-11.108612,-11.114973,-4.602385,108.83518,0.5043392,1.6726109e-14,0.9988375,0.11035156,0.0060426006,-10.678332,-10.684268,-4.6062365,29.416718,0.36229187,3.5257557e-09,0.033054596567153934,31111.80322432518,630000
50.612747,-0.35970706,-7.819827,0.11707966,1.0,0.9990835,0.265625,0.0046542576,-11.664977,-11.672888,-3.5728104,141.18988,0.7560377,8.914044e-07,3.735094,-1.6942104,33.611313,0.99908066,0.25097656,0.004668434,-11.312208,-11.319772,-3.5725803,444.02402,1.1091273,3.866881e-06,68.87468,-0.4617051,-7.8673716,0.12896588,1.0,0.9986906,0.13183594,0.006158079,-10.962126,-10.968466,-4.476443,1163.6136,1.4792626,3.8223495e-09,0.99881744,0.10839844,0.005993085,-10.594074,-10.600012,-4.5197234,89.7327,0.43997514,3.2707261e-09,0.033041425418853757,31277.010353565216,635000
46.852013,-0.43718126,-7.810546,0.114759535,1.0,0.99908924,0.2763672,0.004693082,-11.629486,-11.637302,-3.6345172,88.83343,0.61064667,1.4674632e-06,2.2778327,-1.9825336,28.617744,0.9990759,0.24804688,0.0047411416,-11.267197,-11.274637,-3.6561675,73.807884,0.6254671,2.1573273e-06,56.351723,-0.54072493,-7.874778,0.13081744,1.0,0.99878883,0.12597656,0.0061844615,-10.97154,-10.977803,-4.5634313,656.9074,0.927621,3.3787881e-09,0.998785,0.10644531,0.0061292453,-10.479038,-10.484802,-4.5823445,86.25765,0.469683,1.5920982e-09,0.03305143537521362,31442.267534971237,640000
54.15921,-0.3997068,-7.825162,0.11841348,1.0,0.9991112,0.27148438,0.0046280613,-11.569799,-11.577562,-3.6273694,54.373005,0.63708305,4.818565e-06,1.2963245,-1.3616185,28.571869,0.99910736,0.25,0.00468979,-11.195492,-11.202832,-3.6865919,43.83678,0.6010443,5.5866276e-06,62.862083,-0.46808088,-7.8802166,0.13217713,1.0,0.99883366,0.14941406,0.006072082,-10.875711,-10.8818,-4.64713,182.50214,0.5790333,5.1397453e-10,0.998744,0.11230469,0.006123117,-10.489854,-10.49553,-4.6831036,106.09099,0.4103999,3.5239154e-08,0.03304746279716492,31607.50485277176,645000
72.00374,-0.25383508,-7.815278,0.11594248,1.0,0.999115,0.2841797,0.0045544137,-11.576954,-11.584825,-3.5254169,797.5639,1.0513732,3.6195374e-06,1.2860241,-1.4090283,26.726147,0.9991131,0.2705078,0.0045884154,-11.237269,-11.2447605,-3.5743632,2451.8074,3.889917,2.028564e-05,68.271706,-0.49756706,-7.873664,0.13053882,1.0,0.9989395,0.119140625,0.0060418556,-10.842595,-10.848597,-4.7028885,301.64502,0.73538756,1.3658838e-08,0.9989233,0.11230469,0.006069161,-10.536957,-10.542614,-4.7498116,22.325266,0.29403716,2.2497419e-08,0.03304443597793579,31772.727036476135,650000
50.431705,-0.39001197,-7.8276467,0.11903465,1.0,0.99909496,0.2734375,0.004608862,-11.720264,-11.728219,-3.5831928,100.192924,0.55694014,8.6431913e-07,1.2992815,-1.2801404,26.518959,0.9990921,0.25585938,0.0046907878,-11.456253,-11.463837,-3.6970766,16.560362,0.4808734,2.6441508e-06,66.47548,-0.42338526,-7.880234,0.13218138,1.0,0.99862576,0.14648438,0.006287149,-11.204966,-11.211646,-4.370208,125.43971,0.9226318,2.860177e-09,0.99869347,0.12207031,0.0061672553,-10.798176,-10.804323,-4.5093374,82.38086,0.53380483,9.49762e-08,0.02688367886543274,31907.145433664322,655000
49.68554,-0.41420633,-7.8288126,0.11932607,1.0,0.999073,0.24902344,0.0048298743,-11.364836,-11.372291,-3.7392287,98.03161,0.70689464,3.283877e-06,0.84447575,-1.1472526,22.49602,0.9990616,0.2265625,0.004881369,-11.043604,-11.050655,-3.828675,135.14243,0.62058514,4.7235432e-07,66.03908,-0.4431191,-7.872154,0.13016152,1.0,0.9987602,0.12792969,0.00615657,-11.046646,-11.053059,-4.485644,124.311874,0.7155029,4.526012e-09,0.99877834,0.10644531,0.006148849,-10.6539,-10.659796,-4.622538,252.28552,0.5886774,8.452305e-08,0.024869374799728394,32031.492309570312,660000
52.79734,-0.36227855,-7.8193655,0.116964266,1.0,0.99909115,0.29101562,0.0044879555,-11.922794,-11.931137,-3.38801,162.86913,0.8536885,8.8605796e-11,1.1863878,-1.8811003,26.687714,0.9990759,0.2548828,0.004581345,-11.616061,-11.624017,-3.4772644,136.77077,0.9610815,1.2276253e-08,71.438545,-0.45537025,-7.8684053,0.12922423,1.0,0.99884796,0.12988281,0.0060270717,-10.941071,-10.947443,-4.4217377,970.63934,1.80268,1.07274346e-07,0.99881554,0.12792969,0.006038624,-10.55248,-10.558419,-4.476862,152.13756,0.6249714,1.7188736e-07,0.024859816455841066,32155.79139304161,665000
51.52511,-0.37843516,-7.7930913,0.11039582,1.0,0.9990711,0.26367188,0.0046574115,-11.478182,-11.485832,-3.6517038,55.23731,0.50201,2.1616862e-09,1.5138981,-1.4628886,22.1394,0.99907875,0.24316406,0.004712453,-11.177454,-11.184759,-3.7039685,26.306622,0.4441419,9.0169044e-10,75.97418,-0.46015805,-7.866454,0.12873644,1.0,0.99881077,0.14355469,0.0059913965,-11.034005,-11.040453,-4.4366984,311.85205,0.83443433,8.5768205e-11,0.9988251,0.12207031,0.005964064,-10.656691,-10.662615,-4.596568,67.15341,0.37983897,6.1067137e-12,0.024872186136245727,32280.15232539177,670000
54.224106,-0.38870415,-7.7918444,0.11008399,1.0,0.9990921,0.25683594,0.0046987724,-11.647078,-11.654909,-3.6359975,145.87408,0.75478595,6.8426407e-06,3.6079042,-1.5526742,28.92584,0.9990845,0.23925781,0.0047154934,-11.364035,-11.371565,-3.6619062,99.61613,0.76415265,5.929492e-06,66.84158,-0.49045375,-7.8778415,0.13158335,1.0,0.9988804,0.14355469,0.0060967654,-10.837752,-10.843813,-4.637087,149.14394,0.80903935,1.502058e-10,0.9988661,0.13085938,0.0060157995,-10.454098,-10.459777,-4.644514,71.761345,0.3983084,7.649122e-09,0.02487257742881775,32404.515214443207,675000
53.938427,-0.3351728,-7.805367,0.11346472,1.0,0.9990978,0.2734375,0.0046049766,-11.708307,-11.716279,-3.5525563,260.62997,0.83479047,6.3732145e-08,1.4058474,-1.0813133,26.036865,0.9990921,0.26757812,0.0046298066,-11.39741,-11.405008,-3.623683,59.73446,0.5467247,2.2236698e-06,76.23961,-0.39589703,-7.871349,0.12996022,1.0,0.9987545,0.12695312,0.0062002027,-11.005802,-11.012121,-4.540586,75.88781,0.6788218,5.167618e-12,0.9987955,0.10644531,0.006043085,-10.606878,-10.612702,-4.647966,42.563843,0.31370723,2.3665208e-09,0.025455924129486083,32531.79483652115,680000
49.31216,-0.41130483,-7.838916,0.121851996,1.0,0.999094,0.29492188,0.0046891132,-11.7123165,-11.720211,-3.6348362,667.1701,1.308937,6.840214e-08,1.560019,-1.2916923,25.553352,0.99910736,0.2626953,0.0047322884,-11.326078,-11.333568,-3.6655166,68.887535,0.7744155,8.615581e-07,62.13009,-0.519439,-7.9041586,0.13816258,1.0,0.998579,0.12011719,0.0063377395,-11.105709,-11.112201,-4.464836,914.4015,1.0262203,1.4700753e-10,0.9986229,0.10644531,0.006243551,-10.6674385,-10.673504,-4.4624662,187.63043,0.65986454,5.110719e-11,0.03140186891555786,32688.804183721542,685000
55.171974,-0.3829514,-7.7896414,0.109533355,1.0,0.9990969,0.2578125,0.0047703353,-11.398054,-11.405515,-3.7665389,277.09058,0.73600674,5.0092153e-06,1.5494475,-1.658432,25.298904,0.9990978,0.22363281,0.0048719225,-11.062599,-11.069661,-3.836597,101.107735,0.66123265,1.0119086e-05,56.864635,-0.5712304,-7.8572607,0.12643811,1.0,0.9988146,0.12011719,0.006020029,-10.989864,-10.996303,-4.4039326,75.60395,0.69545853,6.209368e-08,0.99879456,0.115234375,0.006019354,-10.61279,-10.618801,-4.4635906,34.888355,0.41933048,4.7619477e-09,0.031374558639526366,32845.676978588104,690000
49.23542,-0.37859023,-7.793923,0.110603675,1.0,0.999094,0.29492188,0.0045476872,-11.736628,-11.744731,-3.4471412,104.28988,0.69449866,6.138713e-08,1.1915619,-1.9967533,24.82016,0.9990854,0.26367188,0.004573253,-11.434855,-11.442588,-3.5252714,194.25157,0.70925874,2.0259018e-05,76.5632,-0.37828404,-7.8690434,0.12938373,1.0,0.9988556,0.12988281,0.0060950713,-10.959631,-10.96593,-4.515952,131.44446,0.6990185,3.6564431e-09,0.9987793,0.11425781,0.0061317314,-10.569981,-10.575785,-4.63351,38.881966,0.3345281,1.0351946e-08,0.031375535678863524,33002.55466079712,695000
50.4996,-0.36690584,-7.8243074,0.11819982,1.0,0.9990959,0.25,0.0048553105,-11.409989,-11.417365,-3.86349,166.18648,0.59259284,1.2232766e-10,1.0640732,-2.6169055,26.939833,0.9990902,0.23339844,0.004916359,-11.069713,-11.076709,-3.9129539,43.13663,0.534837,1.3082806e-06,65.89791,-0.4925741,-7.860416,0.12722698,1.0,0.9987011,0.140625,0.006282369,-11.268711,-11.275309,-4.5197535,150.66855,0.894715,1.3213568e-09,0.99874496,0.12890625,0.00617488,-10.819903,-10.826061,-4.5203834,159.2177,0.69531107,2.673647e-09,0.023173122024536134,33118.42027235031,700000
51.05724,-0.36095786,-7.801071,0.11239074,1.0,0.9990988,0.28125,0.0045810067,-11.652443,-11.660362,-3.5511189,355.92416,0.87698156,1.2206331e-07,1.360693,-0.9587576,22.00315,0.9991064,0.265625,0.0046038507,-11.370251,-11.377864,-3.5826342,390.9821,1.0554204,4.3524883e-06,64.17882,-0.42260346,-7.87809,0.1316455,1.0,0.9988527,0.12792969,0.0060499054,-10.812037,-10.81809,-4.618684,140.49826,0.8068801,1.6324703e-09,0.9988985,0.11328125,0.005924616,-10.430004,-10.435581,-4.7251253,31.52802,0.21031588,8.9556765e-11,0.2931627350330353,34584.233951330185,705000
54.798603,-0.32194334,-7.853615,0.1255266,1.0,0.99911785,0.27929688,0.004684942,-11.540607,-11.548292,-3.6780505,170.46074,0.81882155,9.993115e-07,1.6409867,-1.2301987,26.843315,0.999115,0.25,0.0047444394,-11.212887,-11.220169,-3.7626991,35.082367,0.60120267,1.1133734e-05,68.43205,-0.43525106,-7.857734,0.12655655,1.0,0.998641,0.14453125,0.0063745836,-11.284368,-11.291092,-4.405877,136.36598,0.904478,1.3531209e-08,0.9986534,0.125,0.0063208556,-10.959879,-10.966147,-4.5453897,85.708466,0.48468736,3.935374e-09,0.026496026372909546,34716.71408414841,710000
49.423798,-0.3760054,-7.801322,0.112453416,1.0,0.99910355,0.265625,0.0046735853,-11.616651,-11.62443,-3.6575246,71.47684,0.69798505,4.4125386e-06,0.95636,-1.0505097,19.539726,0.9990988,0.25195312,0.00468662,-11.330729,-11.338238,-3.6478486,23.327925,0.6153214,3.887603e-06,65.64538,-0.5145174,-7.90001,0.13712542,1.0,0.9987984,0.125,0.0061081196,-10.953219,-10.959552,-4.4763303,104.995285,0.6091073,2.4671802e-08,0.9987936,0.111328125,0.0060798666,-10.577311,-10.5831585,-4.5945807,45.199368,0.36948037,2.799757e-09,0.02650109429359436,34849.21955895424,715000
65.52587,-0.31654578,-7.820839,0.11733278,1.0,0.9991064,0.24902344,0.004724814,-11.470713,-11.478299,-3.7097979,148.7431,0.83368105,5.048633e-08,3.0281544,-4.325939,41.03123,0.9990845,0.2265625,0.0048145372,-11.083074,-11.090196,-3.795695,56.804993,0.6101608,3.0207833e-08,77.2172,-0.38161862,-7.87237,0.13021544,1.0,0.9987955,0.13085938,0.006042613,-10.818449,-10.824574,-4.552271,153.07065,0.66905916,1.2944501e-10,0.9988947,0.11328125,0.0059191356,-10.364674,-10.370345,-4.562574,107.82891,0.41197047,5.993468e-08,0.026496747207641603,34981.70330071449,720000
50.078896,-0.33874732,-7.787758,0.10906255,1.0,0.9991007,0.27539062,0.0046890583,-11.578552,-11.586283,-3.6699157,96.907845,0.61970854,1.5336482e-06,0.9575607,-1.0532719,17.413897,0.99909496,0.24023438,0.004740212,-11.291514,-11.298904,-3.7320526,126.59801,0.6262303,2.967157e-08,59.737106,-0.47887236,-7.8667507,0.12881058,1.0,0.9986839,0.14257812,0.006247641,-11.171236,-11.177818,-4.436283,392.44202,0.8977553,1.061495e-09,0.99865055,0.12011719,0.0063004284,-10.822201,-10.828437,-4.442598,46.7747,0.53608197,7.5719814e-10,0.026491576051712037,35114.16118431091,725000
69.49628,-0.2789607,-7.824339,0.1182076,1.0,0.99910355,0.2626953,0.004568051,-11.670273,-11.678241,-3.51991,46.1737,0.6385354,6.5169443e-06,5.1133895,-1.7677673,33.253525,0.9991083,0.24707031,0.0046586716,-11.334343,-11.341878,-3.625475,30.616827,0.5869924,1.9527013e-05,60.048386,-0.4427695,-7.875616,0.13102704,1.0,0.99874496,0.13867188,0.006280306,-11.062557,-11.068922,-4.551949,529.5931,1.247869,1.3371257e-10,0.9987774,0.11816406,0.0060892324,-10.701555,-10.707495,-4.6247687,104.63438,0.46959457,1.8441981e-09,0.0261940402507782,35245.131387233734,730000
53.427773,-0.32150418,-7.8405685,0.12226518,1.0,0.9991112,0.2890625,0.0046255616,-11.647717,-11.6555395,-3.6448016,44.848232,0.57861114,2.9940457e-09,1.4260039,-1.6483556,24.326286,0.9991026,0.24316406,0.00468621,-11.374912,-11.382406,-3.709968,62.069893,0.56576186,7.669956e-07,68.99702,-0.52440196,-7.876756,0.13131204,1.0,0.9987488,0.119140625,0.006154841,-11.111267,-11.117729,-4.5014105,210.60478,0.65339,7.4108814e-10,0.9987545,0.11621094,0.006211777,-10.717106,-10.723125,-4.5583367,71.56489,0.48891357,1.4877454e-09,0.02387380232810974,35364.500400066376,735000
48.506676,-0.3220464,-7.8295054,0.11949921,1.0,0.99911594,0.28125,0.004603723,-11.558552,-11.566367,-3.5638022,97.71426,0.63922006,4.806176e-07,1.3527036,-1.8546762,24.267315,0.9991121,0.24707031,0.0046575544,-11.214674,-11.222092,-3.6256974,79.11074,0.5803155,2.20149e-05,75.217384,-0.38433146,-7.8846765,0.13329208,1.0,0.9987116,0.13574219,0.00620836,-11.21669,-11.223338,-4.415288,211.88948,0.87640655,2.5305664e-09,0.99875164,0.12988281,0.005991291,-10.823898,-10.830084,-4.4970984,55.728203,0.3544581,2.5128484e-08,0.024853600025177003,35488.76840138435,740000
48.392723,-0.44364968,-7.8059244,0.11360413,1.0,0.9990921,0.25195312,0.00475182,-11.577248,-11.58495,-3.6981597,88.609924,0.61676574,3.1796449e-06,1.7598462,-2.5958753,29.295095,0.9990845,0.22558594,0.004832169,-11.222841,-11.230139,-3.7585754,72.05413,0.6551855,1.7206441e-06,72.72093,-0.4256184,-7.8817835,0.13256896,1.0,0.99883366,0.12011719,0.005914925,-11.017249,-11.023739,-4.3779736,103.737274,0.66072714,2.8419922e-09,0.9987545,0.10449219,0.006084836,-10.615044,-10.621046,-4.4752645,59.242928,0.48290455,1.1347086e-10,0.024851560068130493,35613.026203393936,745000
54.272293,-0.39542037,-7.7884607,0.10923807,1.0,0.9990835,0.27929688,0.0046187146,-11.644368,-11.652241,-3.5913453,41.900276,0.5227519,1.7280538e-10,1.385848,-1.3168154,23.194885,0.99907017,0.24804688,0.004693504,-11.305656,-11.313153,-3.6364324,18.577805,0.50746745,3.709196e-07,68.09976,-0.4839698,-7.87687,0.13134053,1.0,0.9987564,0.13476562,0.0061632674,-11.168358,-11.174858,-4.5177913,186.02057,0.7544249,2.9579464e-08,0.9987793,0.11035156,0.0061301575,-10.754457,-10.760449,-4.624755,234.21416,0.5128572,4.882548e-10,0.024864377403259277,35737.34809422493,750000
66.21226,-0.38216725,-7.8352976,0.12094739,1.0,0.9990959,0.2783203,0.0046424977,-11.623998,-11.631803,-3.6395588,287.38065,0.7763762,4.842188e-06,1.5387173,-2.5791159,28.25188,0.99909115,0.25195312,0.0046731844,-11.281023,-11.288455,-3.6774545,66.73066,0.59429526,4.1220264e-07,66.906845,-0.48256242,-7.870102,0.12964842,1.0,0.9988117,0.13769531,0.0060558883,-11.076685,-11.083063,-4.552555,208.28082,0.77079535,8.085858e-11,0.9988718,0.13378906,0.0059040794,-10.6659775,-10.671874,-4.632844,62.093964,0.36839384,5.104944e-10,0.024851361751556396,35861.60490465164,755000
61.11,-0.38390046,-7.807972,0.11411585,1.0,0.9990864,0.24023438,0.004781327,-11.599615,-11.607308,-3.7290835,154.73792,0.71373296,4.1219932e-06,1.5238748,-2.9967484,31.302057,0.9990835,0.22265625,0.004818394,-11.29827,-11.305626,-3.7732875,1411.8538,1.9610472,3.830351e-06,67.79198,-0.49551848,-7.857586,0.1265194,1.0,0.9987736,0.13378906,0.0061636325,-10.921837,-10.928099,-4.5147624,215.9962,0.69608617,1.6920552e-11,0.99885464,0.11328125,0.0059966296,-10.623107,-10.628987,-4.606819,52.123535,0.28323475,4.0420756e-09,0.02484862265586853,35985.848021030426,760000
53.091087,-0.407282,-7.816734,0.11630638,1.0,0.99910164,0.2783203,0.004629691,-11.651493,-11.659351,-3.613475,1054.1069,1.0664135,9.444033e-06,1.4992052,-1.5219493,27.007011,0.99909306,0.2578125,0.0046501965,-11.292199,-11.299683,-3.63591,41.266888,0.5396372,1.3920115e-05,66.686905,-0.40316707,-7.8840914,0.13314587,1.0,0.9987135,0.12597656,0.00629399,-11.065859,-11.072168,-4.6110744,169.85982,0.776255,7.412051e-11,0.99872303,0.09863281,0.00624758,-10.651852,-10.657658,-4.7122984,22.589722,0.35333395,4.0565975e-08,0.024841019773483276,36110.053121328354,765000
46.484688,-0.39076865,-7.8082757,0.11419188,1.0,0.9991169,0.28515625,0.0045532407,-11.705926,-11.713951,-3.4962196,79.32855,0.70257246,9.663309e-06,2.1774225,-1.4834437,24.030844,0.99909496,0.25195312,0.0046348134,-11.45022,-11.457889,-3.6058903,45.64277,0.55407375,2.300568e-05,65.42334,-0.5004066,-7.8631625,0.1279136,1.0,0.99882317,0.1171875,0.006103394,-11.027164,-11.0334,-4.648213,89.78453,0.46153894,2.6542563e-10,0.99887943,0.10058594,0.0060694255,-10.642895,-10.648678,-4.727519,76.2124,0.41469467,2.6167418e-10,0.024669838428497314,36233.40231537819,770000
51.83435,-0.37520793,-7.80856,0.11426291,1.0,0.99910355,0.27148438,0.0045375805,-11.751723,-11.759766,-3.5253468,77.246864,0.6036014,3.0531562e-09,3.865699,-1.3919628,25.96208,0.99909115,0.25,0.0046023633,-11.388172,-11.395799,-3.5861566,27.316778,0.49597585,3.5296268e-06,64.623634,-0.40941224,-7.8395033,0.12199874,1.0,0.99880886,0.13964844,0.0061080125,-10.818151,-10.824192,-4.638862,584.445,0.8420909,1.2041855e-13,0.9989424,0.13378906,0.0059359423,-10.409557,-10.415097,-4.743085,34.94413,0.28896004,1.2606321e-11,0.016529522705078126,36316.04993224144,775000
59.749405,-0.34173772,-7.814473,0.11574133,1.0,0.99910736,0.27148438,0.004679493,-11.683187,-11.691055,-3.6325073,464.80182,1.095416,1.5565819e-06,1.5077903,-1.2957368,26.97977,0.99909115,0.25195312,0.0047097597,-11.364193,-11.371692,-3.6934178,246.37883,0.92164147,3.0216764e-08,69.8963,-0.5186093,-7.8938437,0.13558388,1.0,0.9988899,0.13183594,0.0059874775,-11.017627,-11.023911,-4.5884323,65.71627,0.45244038,1.3652078e-10,0.9989233,0.1171875,0.0058999937,-10.651985,-10.657866,-4.6368475,29.316917,0.2437681,1.8027086e-08,0.016530797290802,36398.703922748566,780000
47.743664,-0.46574977,-7.79344,0.11048298,1.0,0.9991045,0.27929688,0.004725878,-11.619303,-11.627029,-3.715054,222.4941,0.694654,1.937663e-06,1.9979336,-1.4687245,26.302023,0.999094,0.2529297,0.004784556,-11.269295,-11.276653,-3.7418475,93.338974,0.73589975,8.344375e-06,67.23338,-0.49587315,-7.876088,0.13114497,1.0,0.9987583,0.12207031,0.0061427546,-11.106499,-11.112963,-4.493564,182.7566,0.77568996,4.766857e-08,0.9988289,0.10449219,0.0060628885,-10.650942,-10.65688,-4.576171,62.62234,0.4820512,3.1019374e-07,0.016528336429595947,36481.34560632706,785000
49.917816,-0.43019006,-7.8116384,0.11503258,1.0,0.9990959,0.2685547,0.004694884,-11.6446495,-11.652412,-3.7022128,111.58654,0.57849693,4.849996e-07,1.9472893,-2.5055304,29.838007,0.99909306,0.24023438,0.0047426145,-11.295294,-11.302681,-3.7381425,80.64521,0.5877445,1.5728875e-06,60.25892,-0.5211328,-7.8862805,0.13369307,1.0,0.9987898,0.13476562,0.005967176,-11.095263,-11.101803,-4.404912,74.30735,0.6591107,2.0499795e-09,0.9988823,0.119140625,0.0058448035,-10.745899,-10.75202,-4.4846497,88.495415,0.41839257,7.3525963e-09,0.017537337207794188,36569.032296419144,790000
47.455856,-0.435812,-7.832088,0.12014498,1.0,0.9990854,0.2685547,0.004680291,-11.823051,-11.831059,-3.6294315,67.22967,0.5475607,2.7518638e-06,2.295875,-3.4816518,27.148672,0.9990711,0.27246094,0.0047294213,-11.497904,-11.50553,-3.6954167,25.08116,0.5241534,4.9969174e-07,64.51679,-0.526394,-7.8498836,0.12459385,1.0,0.99873924,0.13183594,0.006136437,-11.1603985,-11.166933,-4.47495,68.520226,0.5747172,2.2370794e-09,0.9987564,0.11621094,0.006032112,-10.733104,-10.739188,-4.5095444,63.38176,0.48398042,1.6982819e-08,0.0230349534034729,36684.2070646286,795000
65.04633,-0.34535623,-7.797493,0.1114963,1.0,0.9990902,0.24414062,0.004783499,-11.355632,-11.363077,-3.7394376,180.17554,0.66289294,3.9660653e-09,2.4637969,-1.5889027,29.229006,0.9990845,0.23632812,0.004812856,-11.002437,-11.0095215,-3.7554262,48.611336,0.4960001,8.140714e-08,66.33295,-0.4896368,-7.8542805,0.12569319,1.0,0.9988241,0.13183594,0.0060804626,-11.057995,-11.0643215,-4.586281,110.22926,0.6962267,1.6924523e-11,0.99885654,0.111328125,0.006064902,-10.706415,-10.712313,-4.6719866,36.07023,0.38948494,1.1350663e-07,0.023031486320495606,36799.36449766159,800000
47.042187,-0.42169735,-7.802393,0.11272118,1.0,0.9991026,0.25,0.0047360826,-11.753483,-11.761335,-3.7209668,106.757965,0.5382927,2.146244e-08,1.2466632,-1.5963683,22.117031,0.9990835,0.23535156,0.0047353003,-11.404537,-11.412075,-3.693768,36.70934,0.5354335,3.1336767e-06,53.663868,-0.5292889,-7.871105,0.12989932,1.0,0.9988861,0.12597656,0.0060175383,-11.003448,-11.009637,-4.672454,313.89282,0.66900337,5.913786e-12,0.9988899,0.11816406,0.006069803,-10.689436,-10.69526,-4.731631,1103.7058,1.4676149,3.8721484e-11,0.41358564324378966,38867.29271507263,805000
56.3508,-0.41757685,-7.8417473,0.12255984,1.0,0.9990959,0.26171875,0.004604599,-11.715994,-11.723949,-3.5758815,211.296,0.6094784,6.154836e-07,1.4874917,-1.5833329,25.174105,0.9990778,0.2548828,0.0046521886,-11.454411,-11.462094,-3.5936658,107.70743,0.7171314,1.5622763e-06,63.005543,-0.44216216,-7.8475285,0.12400503,1.0,0.9989128,0.13378906,0.005904685,-10.785732,-10.791797,-4.5807657,77.084045,0.41816443,1.6171464e-08,0.99889565,0.12109375,0.005985743,-10.44707,-10.452731,-4.6565623,38.75593,0.31412193,3.4601428e-08,0.018236866521835326,38958.4770488739,810000
52.575356,-0.40181074,-7.801655,0.11253664,1.0,0.9990902,0.27539062,0.004629481,-11.542669,-11.550444,-3.589013,1708.7552,1.3654878,2.2161246e-06,0.84372526,-1.4702629,22.0042,0.99907494,0.25097656,0.0047317315,-11.263107,-11.270511,-3.689685,24.146946,0.47897908,7.1845384e-06,61.086212,-0.5037602,-7.8913994,0.1349727,1.0,0.9986582,0.1171875,0.0062573114,-11.075794,-11.082165,-4.5594587,221.14879,0.7522339,6.591708e-08,0.9987173,0.099609375,0.006188331,-10.69075,-10.6966505,-4.6553454,21.227222,0.27615136,2.2837062e-08,0.018241559600830078,39049.684848070145,815000
56.47023,-0.38699535,-7.808632,0.114281,1.0,0.9990778,0.24414062,0.004731358,-11.465176,-11.472709,-3.7596264,31.355143,0.45459452,1.7921984e-07,1.4861842,-1.1510834,23.605045,0.999074,0.23632812,0.004808261,-11.234756,-11.24197,-3.8556414,54.85532,0.4357714,7.9522135e-07,63.409092,-0.524425,-7.8905544,0.13476163,1.0,0.9987726,0.14160156,0.006048986,-11.136771,-11.143275,-4.4840436,93.45615,0.72466326,5.9804718e-12,0.9987612,0.13183594,0.0060617505,-10.7602,-10.7663145,-4.5047865,106.60987,0.55630314,1.015313e-09,0.0182492338180542,39140.93101859093,820000
61.7962,-0.39781147,-7.8169804,0.116368145,1.0,0.9990969,0.2548828,0.00478814,-11.528328,-11.535917,-3.7643661,27.94904,0.541002,2.6664652e-06,1.2075871,-1.5246757,26.143753,0.99908257,0.2265625,0.004856574,-11.164241,-11.17138,-3.8607204,20.970448,0.49607837,1.2886986e-05,61.735504,-0.5221489,-7.869064,0.12938896,1.0,0.99871254,0.13574219,0.0061724326,-11.366672,-11.3735895,-4.289651,98.69388,0.8426373,7.005797e-10,0.99866104,0.11230469,0.0062177903,-10.968211,-10.974606,-4.428008,39.131207,0.58791816,1.5735249e-10,0.018248703002929686,39232.17453789711,825000
53.502953,-0.3618412,-7.8243737,0.118216395,1.0,0.99908924,0.2783203,0.004589646,-11.790208,-11.798211,-3.602263,571.32733,0.8845086,1.2211497e-06,1.6827769,-1.2963142,24.294775,0.9990835,0.2548828,0.004649993,-11.459046,-11.466631,-3.7008348,24.154345,0.4582138,4.1603388e-07,68.40866,-0.42759877,-7.855521,0.12600332,1.0,0.9988346,0.13085938,0.006102291,-11.154902,-11.161299,-4.6105766,103.260185,0.731509,6.091942e-11,0.9988985,0.11816406,0.006013193,-10.744732,-10.75062,-4.7210045,1255.8875,1.5708317,1.1191036e-11,0.018258339071273805,39323.466235637665,830000
59.119213,-0.36767918,-7.79494,0.11085798,1.0,0.9991102,0.3017578,0.004477505,-11.8254795,-11.833639,-3.477828,160.31656,0.84756774,1.03608414e-07,1.3455541,-1.8009526,25.2527,0.99909115,0.265625,0.004552343,-11.556468,-11.564295,-3.5496085,126.84242,0.68411547,5.988471e-09,60.75739,-0.51267546,-7.8844223,0.1332284,1.0,0.9986515,0.12792969,0.0065197293,-11.076023,-11.082344,-4.609744,93.99297,0.62711436,6.894463e-09,0.9986706,0.11328125,0.0063204546,-10.717314,-10.723271,-4.6233273,22.30106,0.37202162,2.3201815e-07,0.01824740834236145,39414.70328068733,835000
51.833496,-0.43842646,-7.8014774,0.11249237,1.0,0.99909306,0.29296875,0.0045336885,-11.697426,-11.7054205,-3.518974,15.54675,0.41754773,2.3751747e-06,1.2393732,-1.0931221,24.276308,0.9990845,0.25195312,0.0045804298,-11.397063,-11.404751,-3.5322807,17.586926,0.49025106,1.07193455e-05,60.40186,-0.575317,-7.8522058,0.1251744,1.0,0.9989538,0.12890625,0.005934843,-10.859768,-10.865752,-4.738681,55.51155,0.28394186,2.4982104e-12,0.9989233,0.13183594,0.0059821582,-10.483621,-10.489242,-4.733228,27.807186,0.23984593,8.949892e-10,0.02308105664253235,39530.10856604576,840000
51.55426,-0.43978044,-7.8272357,0.118931875,1.0,0.99909973,0.2626953,0.0047169533,-11.657457,-11.665273,-3.6620793,32.29251,0.58038056,6.592935e-06,1.0867345,-0.9561502,22.185001,0.9990864,0.21582031,0.00477359,-11.278662,-11.286044,-3.726199,98.26866,0.6492796,1.9005414e-05,70.01562,-0.49514723,-7.871602,0.13002346,1.0,0.9988241,0.140625,0.006172508,-11.124466,-11.130833,-4.6117797,118.6591,0.73582447,3.848319e-09,0.9988909,0.115234375,0.006100874,-10.747622,-10.753466,-4.769107,24.274668,0.29868433,1.4047331e-08,0.018352165603637696,39621.869398117065,845000
61.41066,-0.25467882,-7.8057046,0.11354916,1.0,0.9990845,0.2578125,0.0046916855,-11.620337,-11.628138,-3.6394844,64.598206,0.50908434,1.2123793e-06,2.066577,-1.7944226,30.239304,0.9990654,0.23730469,0.0047861817,-11.286869,-11.294204,-3.7837672,7.617694,0.3400724,1.806122e-05,70.19676,-0.506868,-7.8885045,0.13424909,1.0,0.998806,0.12597656,0.0061292546,-11.122324,-11.12874,-4.558613,87.67473,0.7129884,2.08119e-09,0.99884605,0.10839844,0.006037036,-10.72623,-10.73222,-4.5980644,44.06074,0.35734457,2.23221e-07,0.01655238380432129,39704.631318092346,850000
56.659393,-0.40632507,-7.77847,0.10674053,1.0,0.99907684,0.25683594,0.00459746,-11.837501,-11.845558,-3.594123,201.07646,0.56200576,6.309028e-08,1.1159954,-1.4782883,22.690628,0.9990721,0.234375,0.004619687,-11.446381,-11.45404,-3.6119237,36.570736,0.56720924,2.1666708e-07,69.074356,-0.550202,-7.9050364,0.13838205,1.0,0.9987917,0.13085938,0.006137911,-11.131639,-11.138112,-4.509509,895.1321,1.3643724,6.401622e-09,0.99876595,0.10253906,0.0060753427,-10.690647,-10.6966715,-4.5257006,595.4835,0.983977,1.2701724e-08,0.016563028764724732,39787.446464538574,855000
72.8023,-0.36973262,-7.80896,0.11436304,1.0,0.9990864,0.26660156,0.004703851,-11.55489,-11.562601,-3.6662085,391.57748,0.7594974,1.0869341e-05,2.1893678,-1.9299543,33.128284,0.9990864,0.2421875,0.0047721677,-11.245474,-11.252787,-3.7645726,495.89807,1.0714428,6.1080427e-06,79.392685,-0.43953085,-7.8931093,0.13540027,1.0,0.9988327,0.123046875,0.0061700307,-11.062122,-11.068359,-4.681423,475.5625,0.81252694,4.919198e-11,0.9989128,0.10253906,0.006067658,-10.65583,-10.661597,-4.7559752,48.712006,0.40200382,1.9058557e-09,0.01654687566757202,39870.180844306946,860000
50.81459,-0.42744303,-7.808097,0.11414724,1.0,0.99908733,0.27734375,0.004669062,-11.659836,-11.6677,-3.6148357,289.252,0.86401397,9.914459e-07,1.9829164,-1.818444,27.637487,0.99908924,0.25585938,0.004699223,-11.326385,-11.3339,-3.6370287,78.93854,0.6466839,8.152453e-06,64.7367,-0.5074666,-7.8640175,0.12812738,1.0,0.9987984,0.1328125,0.006273831,-11.015583,-11.021782,-4.6725492,98.04591,0.76103663,3.1744513e-10,0.9987879,0.11621094,0.0061809355,-10.604812,-10.610622,-4.6594114,100.093124,0.60872066,1.1107401e-07,0.016555650663375856,39952.95909976959,865000
55.06906,-0.41499123,-7.7967644,0.11131414,1.0,0.9990816,0.2578125,0.0047234525,-11.720222,-11.7280655,-3.697295,46.837784,0.6880931,1.8589203e-06,1.6056541,-1.432628,23.707169,0.9990654,0.24121094,0.0047640335,-11.462134,-11.469651,-3.7731433,480.31277,1.0751667,2.4707076e-06,62.498703,-0.49901456,-7.864551,0.1282608,1.0,0.9988308,0.12402344,0.0062016696,-10.959956,-10.966086,-4.68752,70.66944,0.60292304,4.858958e-11,0.9988203,0.12695312,0.006186178,-10.646276,-10.652018,-4.773736,37.375343,0.4000733,4.4172006e-11,0.01655255284309387,40035.721868276596,870000
59.5345,-0.418068,-7.8320456,0.12013449,1.0,0.9990978,0.2734375,0.004580429,-11.845377,-11.853502,-3.5330045,25.382757,0.5001193,4.2122692e-06,2.2868154,-2.118496,36.552902,0.99908733,0.24316406,0.0046981205,-11.399627,-11.407209,-3.6422381,32.599308,0.49349475,4.5140782e-06,74.61288,-0.47308838,-7.8724318,0.13023084,1.0,0.99886036,0.12695312,0.006076148,-11.184659,-11.191128,-4.567793,156.21954,0.6647259,2.3531468e-10,0.9988394,0.111328125,0.0061239414,-10.717388,-10.723323,-4.646843,39.810024,0.4047879,3.0395944e-09,0.016534649896621702,40118.395119190216,875000
60.8877,-0.40823206,-7.8300524,0.119635984,1.0,0.99910355,0.29589844,0.004608091,-11.874169,-11.882274,-3.5834665,3994.3645,2.575793,8.833046e-06,1.3548169,-1.1608144,25.200352,0.9990883,0.2548828,0.004668791,-11.574706,-11.582444,-3.658484,49.67053,0.5934639,5.22208e-06,76.80132,-0.4202036,-7.86214,0.12765801,1.0,0.9987831,0.13085938,0.0060975524,-11.183294,-11.189714,-4.6155224,86.97046,0.58991516,1.202833e-10,0.99881744,0.1171875,0.006056286,-10.801025,-10.806983,-4.7063293,147.35028,0.50959426,4.092141e-09,0.01654136333465576,40201.10193896294,880000
53.66254,-0.43524408,-7.81905,0.116885364,1.0,0.9991121,0.28808594,0.0046078176,-11.8324175,-11.840463,-3.6023982,115.074165,0.652231,1.037414e-05,1.7783811,-2.0033112,22.937586,0.9991188,0.26367188,0.004665208,-11.507858,-11.515533,-3.6556675,57.456017,0.6181884,7.643388e-06,70.127464,-0.49126914,-7.882501,0.13274826,1.0,0.9987936,0.12597656,0.0060389675,-11.241913,-11.248589,-4.412008,297.15048,0.88785154,1.055212e-07,0.99877167,0.11425781,0.006020399,-10.859224,-10.865507,-4.4309435,70.749855,0.6025107,1.572871e-06,0.016181875944137572,40282.011320114136,885000
61.969913,-0.34793785,-7.7991095,0.11190038,1.0,0.99909973,0.25976562,0.0046421527,-11.779287,-11.787287,-3.59474,61.12021,0.59303355,4.669338e-06,3.4175153,-1.4998056,29.76715,0.999094,0.24121094,0.0047246777,-11.345037,-11.35254,-3.6707506,481.76474,1.0360789,8.870155e-06,68.35353,-0.51280403,-7.8508186,0.124827534,1.0,0.9988508,0.12109375,0.0060324017,-10.997749,-11.004047,-4.554469,269.09595,0.6521126,3.4611727e-08,0.99883175,0.10253906,0.005971963,-10.54537,-10.551205,-4.5756755,64.46734,0.35389856,8.348146e-08,0.01817527985572815,40372.887722969055,890000
51.52615,-0.39604226,-7.809507,0.11449972,1.0,0.99908733,0.2685547,0.0045741233,-11.976746,-11.985012,-3.5197563,30.070538,0.53842056,3.5824316e-06,1.8228096,-1.7285502,29.615396,0.9990883,0.24902344,0.004597464,-11.655664,-11.663619,-3.5182295,75.362335,0.7175844,9.920688e-06,69.96556,-0.4854935,-7.8724804,0.13024306,1.0,0.99881554,0.16503906,0.0059448564,-11.096046,-11.102542,-4.450677,933.76184,1.2789156,5.002304e-13,0.9988756,0.12988281,0.005859374,-10.703934,-10.709987,-4.511964,129.92007,0.56443316,1.1660783e-08,0.022346963691711425,40484.622542619705,895000
64.9884,-0.34818554,-7.8073316,0.113955885,1.0,0.99909973,0.265625,0.0047101835,-11.722243,-11.730074,-3.711099,84.54855,0.56544274,1.4067159e-06,1.2601821,-1.3269317,25.134937,0.99910164,0.23046875,0.0047733095,-11.337111,-11.344517,-3.76121,90.926,0.6103817,1.0962485e-06,72.323456,-0.53782237,-7.895026,0.13587962,1.0,0.99877644,0.13867188,0.0061075212,-11.104363,-11.110793,-4.526519,254.24783,0.87162197,4.640454e-09,0.998806,0.11328125,0.0059976825,-10.697226,-10.703158,-4.6268334,45.94119,0.31195623,1.381207e-08,0.022353946685791017,40596.3922791481,900000
58.43278,-0.30711842,-7.7936125,0.11052601,1.0,0.9991169,0.28125,0.0044974955,-11.933454,-11.941796,-3.398712,255.7788,0.96409434,1.390259e-05,1.5917081,-2.395078,29.304035,0.9990921,0.2548828,0.004623173,-11.59647,-11.604335,-3.5507946,89.23505,0.73511326,7.125902e-06,62.945446,-0.46026915,-7.8913608,0.13496315,1.0,0.99863243,0.14550781,0.006254207,-11.082424,-11.088822,-4.536742,60.068108,0.4711312,1.6887425e-09,0.9988947,0.12109375,0.0060915407,-10.66755,-10.673481,-4.6003113,39.790676,0.3631278,8.168289e-08,0.20005132317543028,41596.648899555206,905000
48.489914,-0.42479497,-7.8199897,0.11712041,1.0,0.9991026,0.2763672,0.004640149,-11.8210335,-11.829078,-3.5923827,131.98906,0.8138332,1.2194132e-08,0.93781286,-1.2733591,22.905735,0.9990845,0.25390625,0.0046994677,-11.452097,-11.459738,-3.6363301,31.778858,0.631329,8.076816e-06,67.04419,-0.46975458,-7.872735,0.13030684,1.0,0.99874115,0.123046875,0.006261035,-11.13975,-11.146135,-4.6061935,114.36883,0.7506988,3.8068815e-09,0.99869347,0.11230469,0.0061579654,-10.727138,-10.733111,-4.6166825,56.279114,0.41533476,7.2981474e-09,0.015105002403259278,41672.173914432526,910000
52.295532,-0.38835612,-7.7839594,0.108112864,1.0,0.99910545,0.29492188,0.004518166,-11.848217,-11.856406,-3.4709048,131.46025,0.7713444,1.3795632e-09,1.7956076,-1.5350839,29.176441,0.99909973,0.28027344,0.004612909,-11.484127,-11.491861,-3.5720248,127.13848,0.83154655,3.3826442e-09,68.39642,-0.54522985,-7.878454,0.13173646,1.0,0.9988136,0.12890625,0.006283572,-11.053797,-11.0599785,-4.7298384,384.759,0.882416,3.481326e-12,0.9988117,0.11425781,0.006225226,-10.645273,-10.651024,-4.7614117,39.36947,0.42970532,1.7996022e-09,0.009278327369689941,41718.56555271149,915000
55.391098,-0.39329547,-7.8279433,0.119108826,1.0,0.9990921,0.27734375,0.004561542,-11.726621,-11.734604,-3.5597043,36.749638,0.5283781,1.618799e-06,2.5178456,-1.4490018,24.503036,0.9990883,0.27246094,0.004615619,-11.479025,-11.486715,-3.6119204,1251.2173,1.696936,6.256714e-06,61.20595,-0.48112404,-7.886629,0.13378015,1.0,0.99885845,0.140625,0.005911905,-11.219149,-11.2257395,-4.47565,477.0183,1.239588,4.363327e-10,0.9988842,0.1328125,0.0058801863,-10.80747,-10.813573,-4.5641527,61.340588,0.3718834,9.9390995e-11,0.008583615159988404,41761.48363113403,920000
56.125633,-0.39800096,-7.8094096,0.11447534,1.0,0.9991064,0.26757812,0.0046379017,-11.514984,-11.522748,-3.5717359,83.093475,0.63763285,1.7465149e-05,1.6497128,-1.2248497,30.751003,0.9991007,0.25195312,0.0046739103,-11.105501,-11.11282,-3.618999,46.4434,0.5838754,6.437962e-06,57.466675,-0.60199606,-7.8935127,0.13550115,1.0,0.99880314,0.15039062,0.0059728883,-11.096379,-11.102884,-4.441457,184.09383,0.8961878,9.531445e-12,0.9988594,0.119140625,0.0059730103,-10.636105,-10.642121,-4.481351,29.473518,0.41296008,8.609659e-09,0.008586436176300049,41804.41581487656,925000
46.878162,-0.35846555,-7.792694,0.1102965,1.0,0.99908733,0.26757812,0.0047112275,-11.7458515,-11.753762,-3.6528153,73.756165,0.63038385,1.6428194e-08,8.61892,-3.4177518,35.093937,0.99908257,0.234375,0.0047905957,-11.376184,-11.383668,-3.720454,220.42908,0.85349655,7.073274e-08,77.98865,-0.48267102,-7.9045777,0.13826735,1.0,0.9987564,0.13769531,0.0062839705,-11.105897,-11.112302,-4.553276,531.48895,1.1638229,4.008682e-14,0.9987364,0.13085938,0.006294647,-10.7451,-10.751043,-4.6650825,149.44928,0.6683507,1.1446939e-08,0.008597198963165284,41847.401810884476,930000
58.811077,-0.3203315,-7.810487,0.11474465,1.0,0.9990816,0.2783203,0.004681507,-11.618087,-11.6259165,-3.6090956,353.341,0.83005047,3.3468195e-06,1.8671012,-1.6532972,29.568932,0.99907875,0.24804688,0.0047667893,-11.164097,-11.171373,-3.7195358,61.282642,0.53805876,1.6591654e-05,75.34312,-0.49796292,-7.8938627,0.13558856,1.0,0.9987078,0.13964844,0.006370268,-11.3176775,-11.324387,-4.453785,121.84092,1.1671963,2.5762859e-10,0.99880695,0.13085938,0.0061656926,-10.871475,-10.877646,-4.558711,32.988747,0.5685631,1.1770606e-09,0.008597171592712402,41890.38767123222,935000
54.479805,-0.39458397,-7.8208055,0.11732427,1.0,0.9990921,0.27441406,0.0045888457,-11.793214,-11.801276,-3.5452242,88.61829,0.6223214,5.28077e-06,1.4313575,-1.1861725,25.043968,0.9990816,0.27148438,0.0046573803,-11.432685,-11.440293,-3.650313,32.070995,0.52651954,1.6635437e-06,68.37404,-0.5599776,-7.877142,0.13140845,1.0,0.9987583,0.13867188,0.006204178,-11.286774,-11.293248,-4.662217,248.51541,0.7717695,2.0749494e-11,0.9987612,0.11816406,0.006232286,-10.87022,-10.8762045,-4.747926,107.81293,0.536899,5.5144337e-11,0.008594067001342773,41933.35800743103,940000
57.057053,-0.3887286,-7.799812,0.112075955,1.0,0.99910164,0.2548828,0.0046796557,-11.513911,-11.521575,-3.6741686,150.9536,0.6726618,2.6021567e-06,2.0776033,-1.5967404,31.14976,0.9990969,0.234375,0.0047452752,-11.168413,-11.175682,-3.7331226,78.888374,0.6824215,9.430596e-06,73.115265,-0.52126604,-7.884192,0.13317093,1.0,0.9988594,0.12890625,0.0059454762,-11.117768,-11.124209,-4.528533,105.75108,0.5892885,5.6910605e-09,0.9988394,0.11230469,0.0060363114,-10.711577,-10.717588,-4.5624266,80.39634,0.58723146,2.9061604e-09,0.008599612617492676,41976.35607171059,945000
55.758266,-0.43111372,-7.7951813,0.110918276,1.0,0.9991083,0.27148438,0.004668426,-11.7663765,-11.77431,-3.6515255,137.97185,0.74881756,1.3643614e-05,1.1036417,-1.1458107,24.592167,0.9990988,0.2548828,0.004739183,-11.367476,-11.374937,-3.7349834,1398.436,1.9303827,1.4413455e-05,63.59106,-0.5526178,-7.8612514,0.12743586,1.0,0.9987335,0.14453125,0.006179452,-11.043741,-11.050139,-4.498019,154.69084,0.7659049,2.311965e-09,0.9988165,0.1328125,0.0060780495,-10.666033,-10.671999,-4.5636463,580.4592,1.0509415,2.4580023e-08,0.008598277425765992,42019.34746217728,950000
64.01437,-0.34961247,-7.8218975,0.11759729,1.0,0.9991064,0.28320312,0.0045989617,-11.729662,-11.737665,-3.543419,39.612072,0.5510479,6.079972e-06,1.9608761,-2.740224,35.508354,0.9990988,0.25390625,0.0046610194,-11.387563,-11.395127,-3.649127,32.792053,0.533925,3.5018986e-06,66.263535,-0.5394021,-7.8715143,0.13000154,1.0,0.9987507,0.13476562,0.0062243566,-11.102306,-11.1087675,-4.492119,218.72026,0.990429,3.1514438e-09,0.9987688,0.119140625,0.0061754156,-10.685918,-10.691866,-4.5997677,224.11226,0.7454276,2.7022842e-10,0.008592994165420533,42062.31243395805,955000
54.129173,-0.37775487,-7.8032503,0.11293551,1.0,0.99910164,0.28515625,0.004568017,-11.877932,-11.886103,-3.5183322,319.44083,0.93801093,6.4107894e-08,1.4812971,-1.9989774,28.042406,0.99909496,0.26757812,0.004634722,-11.5561,-11.563871,-3.6055086,90.69741,0.6553975,5.533006e-08,72.13503,-0.4673222,-7.8787565,0.1318121,1.0,0.9987774,0.13574219,0.006161158,-11.294742,-11.301415,-4.4683123,131.56291,0.865981,1.6503088e-09,0.998785,0.125,0.0060389927,-10.912619,-10.918862,-4.5243635,16883.285,16.937666,1.765728e-12,0.013174546003341675,42128.18516540527,960000
54.779125,-0.418274,-7.7863836,0.108718865,1.0,0.99910355,0.27148438,0.0047376743,-11.757294,-11.765158,-3.7133837,717.1773,1.1601185,9.422882e-08,1.2433178,-1.1409433,27.236202,0.9991026,0.25878906,0.0047545806,-11.529739,-11.537338,-3.7548203,165.82822,0.7646533,1.5540557e-08,67.490265,-0.4632169,-7.904312,0.13820106,1.0,0.9988022,0.12890625,0.006251112,-11.1078205,-11.114097,-4.6872883,152.39632,0.8970758,3.6017346e-12,0.9988241,0.11328125,0.006168677,-10.715139,-10.720904,-4.818203,46.60915,0.41201073,7.4367656e-10,0.015147205114364624,42203.92119431496,965000
59.463814,-0.35738623,-7.789845,0.10958426,1.0,0.9991045,0.26464844,0.004649326,-11.976928,-11.985122,-3.595305,1749.5911,1.5458176,5.238223e-07,1.229028,-1.3065286,24.517147,0.9990978,0.24023438,0.004706083,-11.718114,-11.725964,-3.6880956,526.1951,1.0501817,8.200964e-06,66.71727,-0.49288657,-7.9077005,0.1390481,1.0,0.9987364,0.13183594,0.006158214,-11.03039,-11.0367775,-4.4980783,150.15201,0.7830492,1.5138467e-11,0.99871063,0.11621094,0.006107812,-10.707567,-10.713559,-4.5794754,56.07195,0.37807804,4.922556e-12,0.01514428267478943,42279.642608881,970000
53.31145,-0.39433125,-7.8111563,0.11491205,1.0,0.9990864,0.27441406,0.00460001,-11.745657,-11.753685,-3.533752,1522.1686,1.4976707,1.2152432e-06,2.387778,-1.2859405,27.485672,0.9990845,0.24316406,0.0046476987,-11.368351,-11.375936,-3.6100087,238.73958,0.8484844,3.0769545e-06,66.47746,-0.53211844,-7.8844647,0.13323916,1.0,0.99882126,0.1171875,0.0061486457,-11.257685,-11.264228,-4.5637918,303.8048,1.041331,1.0815313e-09,0.99877834,0.115234375,0.0061235307,-10.776005,-10.782044,-4.597245,23.294353,0.35370153,2.1356257e-09,0.015130022859573364,42355.29272556305,975000
47.823784,-0.48881695,-7.7960095,0.11112531,1.0,0.9990864,0.24511719,0.0047960375,-11.498356,-11.505905,-3.7759485,41.301086,0.46990338,7.6784345e-06,1.6145104,-1.2792845,24.826591,0.9990959,0.22265625,0.004817299,-11.171675,-11.178878,-3.8026152,24.948093,0.41857326,1.21679195e-05,71.72484,-0.49664894,-7.8745728,0.13076618,1.0,0.9987869,0.12597656,0.006148764,-11.216751,-11.223187,-4.6326714,93.40024,0.7716007,4.6130322e-14,0.9988041,0.107421875,0.0060514477,-10.786947,-10.792947,-4.6492796,51.854046,0.44004002,2.0360268e-08,0.015141799116134643,42431.001722574234,980000
53.475166,-0.3692029,-7.7866855,0.10879433,1.0,0.99909306,0.26953125,0.004610236,-11.881532,-11.889638,-3.588893,442.89694,0.9953425,6.69212e-07,1.256937,-1.5087994,23.312454,0.99908733,0.26953125,0.0046233432,-11.442058,-11.449748,-3.575306,44.44401,0.720684,5.2391497e-06,64.7857,-0.56419885,-7.8785768,0.13176712,1.0,0.9987335,0.13085938,0.006239595,-11.10307,-11.109438,-4.5885754,243.13435,0.83245504,6.457373e-12,0.998785,0.123046875,0.006040301,-10.676992,-10.682917,-4.61622,396.87662,0.6589063,1.6110897e-09,0.015150586128234863,42506.75465488434,985000
56.418648,-0.408055,-7.790122,0.10965339,1.0,0.9990988,0.27246094,0.004585549,-11.736451,-11.744417,-3.5874825,532.7549,1.0100365,7.2769296e-07,1.2944144,-1.3156725,24.494991,0.9990988,0.24609375,0.004621557,-11.45421,-11.461873,-3.614398,23.846859,0.4812917,3.6718328e-07,67.26639,-0.5503489,-7.9028254,0.13782935,1.0,0.9988165,0.12792969,0.006081887,-11.256559,-11.263092,-4.572975,111.85194,0.636056,5.651133e-10,0.9988432,0.111328125,0.006060656,-10.8097,-10.8157015,-4.668705,23.07176,0.32655367,1.3628662e-10,0.01514292426109314,42582.469277620316,990000
55.434147,-0.42391133,-7.791115,0.10990162,1.0,0.9991064,0.28027344,0.004732915,-11.686289,-11.694024,-3.7729473,111.047935,0.75257695,1.7879185e-05,1.244896,-1.0705619,23.319527,0.9991026,0.27246094,0.004797658,-11.344086,-11.35141,-3.8507833,355.27576,0.81742173,1.21833855e-05,71.45195,-0.52741385,-7.8610992,0.1273977,1.0,0.998888,0.12695312,0.006260683,-11.099745,-11.10583,-4.8743234,95.27582,0.7153512,3.0901343e-10,0.99889565,0.11425781,0.006149803,-10.619996,-10.625627,-4.8599386,233.38884,0.57765716,5.1042557e-09,0.017509207773208618,42670.01531767845,995000
62.45952,-0.35181817,-7.8203382,0.11720753,1.0,0.9991112,0.28222656,0.004635684,-11.785115,-11.793168,-3.5474637,96.153755,0.72416234,1.5834665e-06,1.8751829,-1.3872197,23.736671,0.99909496,0.2607422,0.004700711,-11.422639,-11.430245,-3.6412544,64.26655,0.5910595,3.0488777e-06,71.3158,-0.47743756,-7.8619084,0.12760004,1.0,0.9987135,0.12988281,0.0062287375,-11.153185,-11.159679,-4.5087037,242.87027,0.7816955,3.5390385e-11,0.9987612,0.11230469,0.0061943056,-10.849131,-10.855181,-4.659007,525.91724,0.9713969,1.5066275e-08,0.021657992172241212,42778.30528092384,1000000
