training/actor/actor_loss,training/actor/adv,training/actor/bc_log_prob,training/actor/mse,training/actor/std,training/critic/binary_accuracy,training/critic/categorical_accuracy,training/critic/contrastive_loss,training/critic/logits,training/critic/logits_neg,training/critic/logits_pos,training/critic/v_max,training/critic/v_mean,training/critic/v_min,training/grad/max,training/grad/min,training/grad/norm,training/value/binary_accuracy,training/value/categorical_accuracy,training/value/contrastive_loss,training/value/logits,training/value/logits_neg,training/value/logits_pos,training/value/v_max,training/value/v_mean,training/value/v_min,validation/actor/actor_loss,validation/actor/adv,validation/actor/bc_log_prob,validation/actor/mse,validation/actor/std,validation/critic/binary_accuracy,validation/critic/categorical_accuracy,validation/critic/contrastive_loss,validation/critic/logits,validation/critic/logits_neg,validation/critic/logits_pos,validation/critic/v_max,validation/critic/v_mean,validation/critic/v_min,validation/value/binary_accuracy,validation/value/categorical_accuracy,validation/value/contrastive_loss,validation/value/logits,validation/value/logits_neg,validation/value/logits_pos,validation/value/v_max,validation/value/v_mean,validation/value/v_min,time/epoch_time,time/total_time,step
43.489136,-0.7302871,-5.0847864,0.19603753,1.0,0.5631571,0.0,0.77848345,-0.09758765,-0.09750677,-0.18033338,28.52197,1.4498549,0.021947395,0.33651313,-1.5286932,83.897415,0.6196184,0.0009765625,0.6522941,-0.2723449,-0.27252793,-0.085046746,11.501855,1.3290726,0.041972242,20.001724,-0.7131647,-5.0790367,0.19373773,1.0,0.99902344,0.0,0.012819884,-5.777067,-5.776995,-5.8506145,0.2163002,0.0076241484,1.2987391e-05,0.99902344,0.0,0.010136398,-6.126105,-6.1262217,-6.006534,0.30748078,0.0066003418,4.466701e-05,0.010469061994552612,52.345311403274536,1
7.3261786,-0.29373938,-4.650467,0.02230984,1.0,0.99903774,0.296875,0.0045830403,-15.531223,-15.542915,-3.569989,71.86435,0.19548684,5.056181e-07,0.106460236,-0.06449906,1.621027,0.9990387,0.28125,0.0045852344,-15.474444,-15.486136,-3.514103,94.59678,0.24769956,9.1572207e-07,9.57365,-0.15566537,-4.6505303,0.022335125,1.0,0.99901485,0.24902344,0.00466889,-15.32109,-15.3327875,-3.354704,21.74896,0.16125542,1.33101585e-05,0.999012,0.24414062,0.004680659,-15.375234,-15.386955,-3.384889,4.102941,0.14279944,7.799159e-06,0.08868950753211975,495.79285073280334,5000
14.8442335,-0.21564814,-4.64944,0.021898858,1.0,0.9990587,0.390625,0.004085727,-14.623419,-14.63472,-3.0629659,31.173706,0.3254661,2.0992262e-07,0.20587943,-0.25769097,2.0319514,0.9990549,0.3779297,0.004099177,-14.767648,-14.779039,-3.1144357,55.60793,0.36691558,1.5361161e-06,12.767523,-0.2813751,-4.648717,0.021609697,1.0,0.99894047,0.26367188,0.00485701,-14.64851,-14.659345,-3.563898,31.475327,0.26477924,1.197346e-07,0.99893475,0.24902344,0.00488207,-14.799095,-14.810064,-3.5764723,50.10576,0.2884988,1.7742916e-06,0.10568204641342163,1024.2030839920044,10000
20.755749,-0.3777535,-4.6529713,0.023311345,1.0,0.9991045,0.4326172,0.003711089,-14.37421,-14.385723,-2.5963912,132.09988,0.7260691,5.532843e-06,0.24582453,-0.2866008,2.084937,0.9991045,0.4091797,0.003711,-14.525726,-14.537411,-2.5716734,282.2835,0.85892665,1.3125453e-05,29.681664,-0.3312949,-4.64824,0.02141917,1.0,0.9989338,0.29003906,0.0048102485,-14.295752,-14.306485,-3.3145242,231.56453,0.68694645,4.002779e-09,0.9989033,0.28125,0.0048255995,-14.49408,-14.504912,-3.4122481,34.47515,0.47710347,1.0594102e-08,0.05900578722953796,1319.2320227622986,15000
39.876263,-0.4496675,-4.636244,0.01662056,1.0,0.99919605,0.48632812,0.0033416701,-14.960618,-14.973061,-2.2324347,18.912592,0.7285265,7.7689936e-07,0.41888505,-0.4978075,3.9805145,0.9991627,0.46191406,0.003340533,-15.092537,-15.105126,-2.2143111,31.652338,0.7380083,6.134584e-07,44.29103,-0.6144353,-4.6445103,0.01992697,1.0,0.998868,0.2998047,0.0051661967,-14.695099,-14.706086,-3.455206,268.42493,0.9541877,3.0237737e-09,0.99878407,0.2841797,0.0052664476,-14.833518,-14.8446245,-3.4718003,60.2168,0.9266068,6.920777e-08,0.018351270723342895,1410.9883778095245,20000
39.314774,-0.67301357,-4.6393824,0.01787605,1.0,0.9992094,0.5830078,0.0028476457,-15.922671,-15.93659,-1.6831118,33.7737,1.1120121,5.75052e-06,0.38023394,-0.4673529,3.7812908,0.99917793,0.5410156,0.0028721802,-16.098633,-16.112762,-1.6446929,43.461693,1.1450055,1.1079355e-05,67.115585,-0.65245503,-4.6373186,0.017050391,1.0,0.9988527,0.27929688,0.0056487615,-15.877563,-15.889058,-4.1181083,57.800354,0.89662135,1.3122823e-07,0.9988308,0.24609375,0.0056503154,-16.019272,-16.030836,-4.189062,34.137722,0.9020018,5.143583e-09,0.10094770984649658,1915.726928949356,25000
58.132133,-0.7128542,-4.6366134,0.016768295,1.0,0.9992151,0.6191406,0.0026281737,-16.61293,-16.627928,-1.2714651,128.13075,1.6201998,5.7641532e-06,1.001745,-0.47726703,5.6907816,0.9991722,0.5957031,0.0026660818,-16.779305,-16.794466,-1.2700456,35.061714,1.5061643,8.212805e-06,75.68229,-0.78955317,-4.639248,0.017822282,1.0,0.99880695,0.25390625,0.0061430186,-16.503778,-16.515533,-4.4782867,219.63097,1.4344263,4.9337815e-11,0.99876785,0.23535156,0.0060955225,-16.709812,-16.721724,-4.5261135,82.71718,1.0500989,8.9405985e-09,0.012326303577423096,1977.358448266983,30000
67.41871,-0.6588097,-4.6398935,0.018080333,1.0,0.9992752,0.6640625,0.0024525644,-17.374582,-17.390518,-1.071537,172.67531,1.9653883,6.323627e-07,0.8256619,-0.44826072,6.3475876,0.9992428,0.6171875,0.0024463716,-17.473972,-17.489931,-1.1469132,51.641888,1.8064371,9.557305e-10,84.464096,-0.88258183,-4.638315,0.017449081,1.0,0.9988022,0.2626953,0.0063800616,-17.120539,-17.132723,-4.657078,997.3143,2.277502,2.0022378e-11,0.9987354,0.23046875,0.00637346,-17.134312,-17.14653,-4.634349,189.35774,1.5800049,2.8508091e-09,0.10431312098503112,2498.924055337906,35000
57.192825,-0.7760886,-4.6378417,0.017259624,1.0,0.9992552,0.6699219,0.0024366407,-17.572388,-17.588543,-1.043813,179.68512,2.2690842,4.2533866e-08,0.3271228,-0.38299617,4.850507,0.9992056,0.5996094,0.002470916,-17.743868,-17.76017,-1.066016,98.98221,2.1645324,3.0813826e-06,84.79791,-0.95875096,-4.6354265,0.01629359,1.0,0.99879074,0.2626953,0.0066744215,-17.611706,-17.62411,-4.9250946,1209.3282,4.9781985,7.022864e-11,0.99878216,0.24414062,0.006620402,-17.701988,-17.714516,-4.887541,687.52435,3.9249144,2.1302465e-10,0.012305566263198852,2560.4518880844116,40000
67.23137,-0.74193764,-4.63458,0.015955057,1.0,0.9992981,0.703125,0.0021986486,-17.970045,-17.986813,-0.8154212,146.44067,2.2186732,5.4773967e-08,1.401333,-0.46756333,5.8652925,0.9992695,0.6533203,0.0022091705,-17.998934,-18.015724,-0.8212714,451.23962,2.7092733,1.4023351e-07,83.72853,-1.0931363,-4.6413565,0.018665556,1.0,0.99872303,0.24707031,0.0071130246,-17.993896,-18.006462,-5.1390376,9947.705,8.155418,1.0236354e-09,0.9986658,0.22558594,0.0069927946,-17.999462,-18.01207,-5.102445,345.06305,2.8686018,8.3945384e-10,0.10400066366195679,3080.4552075862885,45000
63.98752,-0.66873467,-4.638272,0.01743167,1.0,0.9993267,0.7167969,0.00204496,-18.449434,-18.466866,-0.61688185,78.025536,2.5085475,2.1048713e-07,0.6018791,-0.55128473,5.594115,0.99928474,0.6923828,0.0020747618,-18.60451,-18.622025,-0.6844015,76.76148,2.3958998,5.2070044e-07,94.13574,-1.0810645,-4.6369534,0.016904382,1.0,0.9987011,0.24316406,0.007446318,-18.25898,-18.271376,-5.577415,1895.0371,3.5386832,7.375062e-11,0.9986887,0.22851562,0.007400001,-18.2755,-18.287836,-5.6551666,114.08978,2.1301532,6.119289e-10,0.01228467664718628,3141.8785920143127,50000
61.13302,-0.724476,-4.632497,0.015121645,1.0,0.99935246,0.7548828,0.0019570189,-18.6263,-18.644197,-0.31904304,194.75398,3.9571157,1.404673e-06,0.35992932,-0.46314833,4.9208236,0.99933815,0.69921875,0.0019899555,-18.804111,-18.82205,-0.45156306,255.77635,3.4251163,1.7032947e-07,92.8647,-1.1702733,-4.6375628,0.017148193,1.0,0.9986515,0.24609375,0.007678332,-18.543983,-18.55665,-5.5870094,12346.823,9.423544,1.4960073e-11,0.9985857,0.22851562,0.0076702163,-18.771385,-18.784292,-5.567231,1149.156,5.34177,9.8275745e-12,0.10287042231559754,3656.2307047843933,55000
58.876953,-0.83950627,-4.634036,0.01573742,1.0,0.99936485,0.7451172,0.0020052523,-18.850048,-18.868134,-0.35048234,219.79378,3.8227663,5.533281e-08,0.33522135,-0.67979723,6.3336096,0.9993429,0.69140625,0.0020208224,-18.868937,-18.887007,-0.38306466,101.74672,3.3605208,5.1154445e-09,89.270386,-1.1744009,-4.639639,0.01797854,1.0,0.9986572,0.25390625,0.0075425757,-18.770771,-18.783764,-5.4797845,2392.3848,4.9673023,4.5824164e-11,0.9986582,0.2265625,0.0073275487,-18.746174,-18.759268,-5.350548,199.53793,3.335054,1.893947e-10,0.012451962804794312,3718.4905202388763,60000
73.66583,-0.7010219,-4.637662,0.017187586,1.0,0.9993963,0.75683594,0.0018415998,-18.970695,-18.989105,-0.13714184,142.51808,3.6794786,3.938377e-09,0.28843197,-0.5072666,5.31851,0.9993582,0.7480469,0.0018290691,-19.138542,-19.157055,-0.19652104,101.384125,3.440212,5.783544e-07,85.560555,-1.262529,-4.6363187,0.016650578,1.0,0.9987707,0.24511719,0.007517373,-19.024189,-19.037117,-5.799456,371.5373,3.1470413,3.9929952e-13,0.9987116,0.2421875,0.0075302906,-19.06873,-19.081701,-5.797918,1177.6893,3.9588127,2.018877e-11,0.012380823802947999,3780.3946409225464,65000
66.82703,-0.67557615,-4.6407948,0.018440893,1.0,0.9993534,0.74316406,0.0019614021,-19.316216,-19.334772,-0.3303777,359.47702,3.79533,6.465316e-10,0.5006175,-0.38568187,4.530798,0.9992819,0.67089844,0.00203188,-19.384056,-19.402565,-0.45019767,137.08098,3.3909864,4.338342e-09,81.48074,-1.4786971,-4.640196,0.018201308,1.0,0.99873066,0.26367188,0.007694576,-19.198454,-19.21162,-5.7273774,2684.5513,5.091445,8.450761e-11,0.99866676,0.23535156,0.0076303603,-19.225103,-19.238285,-5.7418733,935.74133,3.7338576,1.4353358e-11,0.02193339247703552,3890.0616047382355,70000
61.080284,-0.8739755,-4.628454,0.013504827,1.0,0.9994211,0.77246094,0.0018206071,-19.5339,-19.552797,-0.20184821,149.88933,4.0852356,1.44539305e-08,1.1908873,-0.5560723,4.4104147,0.99937725,0.74316406,0.0018595195,-19.600433,-19.61933,-0.27160817,182.04141,4.0837984,2.8087923e-08,79.700226,-1.5107787,-4.6403837,0.018276522,1.0,0.9987526,0.2607422,0.0076936595,-19.191814,-19.2049,-5.8033543,2025.8947,5.783661,3.8531553e-11,0.9986534,0.24023438,0.007731233,-19.10556,-19.118694,-5.6700363,1180.214,4.4269247,1.3237923e-11,0.025203315496444702,4016.078183412552,75000
68.77983,-0.77091813,-4.634553,0.01594424,1.0,0.9994154,0.7919922,0.0017075448,-19.488724,-19.507744,-0.032284327,2700.2876,5.489737,9.626148e-10,0.6646521,-0.8135346,6.51915,0.99933815,0.7392578,0.001779965,-19.510517,-19.52952,-0.07096792,223.06296,3.8581958,1.322701e-05,94.852936,-1.2835156,-4.6305933,0.014360264,1.0,0.9987745,0.27929688,0.007560998,-19.426546,-19.439878,-5.7852716,6083.66,6.268936,4.2145644e-13,0.9987221,0.234375,0.00726421,-19.476223,-19.48985,-5.538061,524.3292,3.506088,4.6069634e-11,0.18395592761039734,4935.85782289505,80000
63.63536,-0.7284167,-4.6442113,0.019807499,1.0,0.9994154,0.78515625,0.0017536755,-19.601662,-19.62077,-0.054107532,290.16486,4.220395,1.0038237e-06,0.61360866,-1.0242053,5.9794803,0.9993868,0.7285156,0.00175622,-19.748877,-19.768057,-0.12736206,78.6965,3.3044147,1.7747366e-08,95.919174,-1.2988245,-4.6369534,0.016904457,1.0,0.99872494,0.24121094,0.007954346,-19.48632,-19.4995,-6.0029554,1640.6288,5.7314167,3.811247e-13,0.99864006,0.23535156,0.007930912,-19.57634,-19.589653,-5.954511,443.76367,4.2397137,4.8285117e-13,0.014720591115951538,5009.460779905319,85000
56.684647,-0.8475328,-4.632347,0.015061838,1.0,0.9993954,0.78125,0.0017428426,-19.647013,-19.666132,-0.0880076,151.022,3.8608608,1.04248095e-07,0.48922426,-0.49939686,4.7848196,0.9993582,0.734375,0.0017312141,-19.684229,-19.703384,-0.08852134,251.6377,4.2209325,5.0148365e-06,93.36571,-1.2942942,-4.638397,0.017481998,1.0,0.99872875,0.27734375,0.0077045513,-19.699524,-19.713102,-5.8105774,961.9581,4.504943,3.1626633e-12,0.99871635,0.24511719,0.007746651,-19.68485,-19.698215,-6.0111628,529.6992,3.9528997,5.3460955e-12,0.012307580089569092,5070.998681783676,90000
62.749374,-0.8107017,-4.636719,0.016810603,1.0,0.9994354,0.78515625,0.0016705536,-19.867203,-19.886696,0.07350994,189.88425,4.1356106,2.1919002e-06,0.69073313,-0.69921,5.8455105,0.99935436,0.74902344,0.0017049186,-19.839819,-19.85934,0.13172609,218.63121,4.688004,1.08271e-05,92.93553,-1.4157294,-4.636211,0.016607424,1.0,0.9987116,0.25976562,0.008062223,-19.712254,-19.72558,-6.07702,7070.3994,10.228043,3.4288763e-12,0.99863434,0.23242188,0.0080996305,-19.806767,-19.820133,-6.132004,1467.6646,4.952366,2.751169e-11,0.017536040258407593,5158.678884983063,95000
73.6379,-0.6669569,-4.6346283,0.015974086,1.0,0.99944115,0.7783203,0.0016862841,-19.897243,-19.916761,0.07118299,174.40984,4.6509886,9.3514785e-08,0.657748,-1.4126132,6.3285494,0.99938583,0.734375,0.0017345264,-19.975597,-19.995092,-0.030184332,89.91572,3.7481523,2.948735e-07,95.90565,-1.3622618,-4.635674,0.016392497,1.0,0.9987297,0.2578125,0.007824488,-19.765911,-19.779423,-5.9438934,1854.9717,4.913979,2.2728902e-12,0.9987087,0.24707031,0.00780159,-19.759996,-19.773396,-6.052955,727.80945,4.3406773,1.6187561e-13,0.02198426675796509,5268.600220918655,100000
66.81552,-0.7020689,-4.633773,0.0156322,1.0,0.999444,0.7832031,0.0016877397,-19.884304,-19.903776,0.03755677,180.3195,4.4399085,6.348537e-08,0.8685432,-0.62089777,5.4103374,0.9993887,0.7451172,0.0016868939,-19.910858,-19.93031,-0.008848198,99.2694,3.6444902,9.3360404e-07,92.45088,-1.443932,-4.6378384,0.01725832,1.0,0.9987221,0.2626953,0.008063815,-19.947685,-19.96114,-6.1846533,2758.2124,5.8614635,1.3891161e-13,0.9986086,0.25585938,0.007959484,-20.067648,-20.081394,-6.006826,369.9542,3.8415532,2.0983472e-11,0.17611165075302124,6149.158478021622,105000
73.49365,-0.69909835,-4.639056,0.017745435,1.0,0.9994669,0.79296875,0.0016861664,-19.883923,-19.903357,-0.0037248954,183.52788,4.5838547,9.0485976e-08,1.1028917,-0.5792146,6.69484,0.999403,0.7451172,0.0017095527,-19.848476,-19.867819,-0.059611283,147.52844,4.278761,8.352602e-09,95.85513,-1.4058003,-4.6383533,0.017464159,1.0,0.9987736,0.26171875,0.008130536,-19.960024,-19.973331,-6.3476744,672.7569,4.0980215,1.2090871e-14,0.9986563,0.23535156,0.008204827,-20.064104,-20.077507,-6.3527966,278.67252,4.0450945,7.942605e-14,0.03125169987678528,6305.416979312897,110000
57.526897,-0.8342115,-4.6380234,0.017332379,1.0,0.99944305,0.8027344,0.0016202206,-20.06008,-20.07969,0.0017258534,344.62665,4.2217073,2.7469903e-07,0.7480166,-0.6277246,5.4664245,0.99937916,0.7529297,0.0016869833,-20.100956,-20.120588,-0.019482356,285.902,4.3727126,2.3848338e-07,104.35631,-1.2418987,-4.6399326,0.018096088,1.0,0.9987316,0.23144531,0.0083252285,-20.011963,-20.025084,-6.590603,596.3514,3.2174149,3.411714e-15,0.9986639,0.21679688,0.008260202,-20.118229,-20.131517,-6.5247545,500.51053,4.174231,2.1864216e-12,0.012475848627090454,6367.796225070953,115000
60.508728,-0.8227745,-4.636261,0.016627407,1.0,0.9994669,0.79785156,0.0016048362,-20.099243,-20.119032,0.14519215,189.52197,4.6821175,3.08277e-06,1.110903,-0.40251702,5.5614805,0.99940205,0.75683594,0.0016650447,-20.068737,-20.088488,0.13700798,122.36843,4.699235,1.0459145e-05,101.5369,-1.4950824,-4.6378703,0.017271051,1.0,0.99878407,0.27734375,0.00812473,-20.042496,-20.05587,-6.3614197,1308.6018,5.023654,1.7486592e-15,0.9986906,0.234375,0.008137959,-20.033607,-20.047047,-6.285845,4903.5464,10.184642,2.36441e-12,0.014486786651611329,6440.230159521103,120000
60.67649,-0.8366993,-4.638557,0.01754574,1.0,0.99948406,0.81640625,0.0015226419,-20.10153,-20.121443,0.26874363,1117.8545,5.526534,1.5559709e-09,0.874017,-0.5187252,5.6504316,0.99942875,0.78515625,0.0015326438,-20.21456,-20.234512,0.19723928,256.57782,4.88074,1.0191178e-05,95.81998,-1.4397639,-4.637641,0.017179277,1.0,0.99870205,0.2421875,0.008342316,-20.209225,-20.222767,-6.3554864,3233.7942,5.3845377,6.252072e-14,0.9986534,0.22070312,0.008241581,-20.278503,-20.292072,-6.398184,3601.3123,7.508903,6.179472e-13,0.022004125690460206,6550.250789642334,125000
65.92441,-0.75303674,-4.631982,0.014915801,1.0,0.9994583,0.81640625,0.0015729205,-20.242401,-20.262346,0.16198102,236.43538,4.5509596,5.5499654e-06,0.40871942,-0.68110204,5.306093,0.9993992,0.75683594,0.001615905,-20.377123,-20.397102,0.06189272,97.06689,4.3376794,7.04156e-06,94.1705,-1.3992491,-4.6447067,0.020005533,1.0,0.99874496,0.27734375,0.0079018455,-20.30133,-20.3153,-6.0092535,1410.952,5.455592,2.3682239e-12,0.99870014,0.265625,0.007853026,-20.329367,-20.343292,-6.0832467,963.9628,5.2046537,3.871489e-12,0.02289385943412781,6664.720088481903,130000
66.99443,-0.77665955,-4.638726,0.017613431,1.0,0.9994707,0.82128906,0.0015283127,-20.53348,-20.55369,0.14318186,212.7896,4.515011,1.0403298e-07,0.5835276,-0.35644326,5.3701797,0.9994278,0.7714844,0.0015579286,-20.600262,-20.620527,0.1285631,132.41545,4.1420193,2.3125417e-06,99.04292,-1.4019961,-4.6390953,0.017761094,1.0,0.9986954,0.23242188,0.008603573,-20.55003,-20.563484,-6.785697,774.0615,3.3279614,5.198023e-13,0.99862003,0.20507812,0.008684394,-20.619959,-20.633406,-6.8627534,965.6872,4.0489507,1.0260304e-12,0.042587975025177,6877.659966468811,135000
65.34562,-0.7488448,-4.636134,0.016576776,1.0,0.9994879,0.81152344,0.001509462,-20.49002,-20.51027,0.22322789,178.8718,4.816478,1.7703897e-07,0.91387635,-0.46103716,8.66024,0.99943924,0.7734375,0.0015479028,-20.381079,-20.401148,0.15041506,435.48813,4.69115,1.1828588e-06,87.906555,-1.596317,-4.637577,0.017153857,1.0,0.9987812,0.27148438,0.008149156,-20.43172,-20.445446,-6.389923,502.2112,4.005676,9.6121765e-12,0.9986973,0.25,0.008123212,-20.348698,-20.362404,-6.328638,603.05255,4.690894,2.3141553e-11,0.048456836080551145,7119.944148778915,140000
61.184654,-0.8208569,-4.6341515,0.015783558,1.0,0.9995041,0.8378906,0.0014320416,-20.50382,-20.524239,0.3858534,164.27354,5.084363,2.7090746e-07,1.0637901,-0.5606311,5.0643153,0.9994259,0.7949219,0.0014979653,-20.63734,-20.65785,0.34263623,336.5355,5.1622677,2.3172506e-06,96.57031,-1.6128798,-4.6344175,0.015889984,1.0,0.9987421,0.25976562,0.008277434,-20.522953,-20.536669,-6.4910154,726.8862,3.7948918,8.682217e-13,0.99866104,0.23535156,0.008324018,-20.550568,-20.564386,-6.4128504,1817.14,6.105768,2.1159204e-13,0.04839875020980835,7361.937901735306,145000
55.870834,-0.8085067,-4.6328545,0.015264672,1.0,0.99945927,0.8095703,0.0015442572,-20.338951,-20.359058,0.23050594,192.67126,5.088768,1.4944916e-05,0.6137143,-0.47098982,4.120183,0.999383,0.74902344,0.0015978616,-20.35679,-20.376852,0.16527829,380.03317,4.996749,5.7620427e-06,95.00731,-1.516753,-4.6391506,0.017783191,1.0,0.9987116,0.2529297,0.00817289,-20.341732,-20.355503,-6.252677,5434.5425,7.318396,1.4973018e-13,0.9986658,0.2265625,0.008093907,-20.415781,-20.429829,-6.0449677,432.4246,6.3020067,1.9142146e-11,0.04840216507911682,7603.948729276657,150000
58.973427,-0.760825,-4.6339917,0.015719686,1.0,0.99948597,0.81640625,0.0014980268,-20.464321,-20.484661,0.34475914,273.6227,4.9923353,3.184924e-07,0.3668185,-0.72584164,5.012234,0.99941635,0.7792969,0.001562549,-20.56821,-20.58859,0.2813531,99.20836,4.5970974,9.558486e-07,98.70871,-1.4788854,-4.6362925,0.016639996,1.0,0.99874115,0.25097656,0.008335054,-20.399988,-20.41359,-6.4864345,3560.8972,8.101399,7.419112e-14,0.9986534,0.24414062,0.008351392,-20.422852,-20.43656,-6.4009886,4248.764,11.294481,1.1645717e-11,0.19348797636032106,8571.388613462448,155000
75.90277,-0.54623264,-4.6312323,0.014615781,1.0,0.99947166,0.81933594,0.001477103,-20.404425,-20.424782,0.42235905,350.93698,5.797289,3.614541e-05,0.5523752,-0.298244,4.2669544,0.99940777,0.7763672,0.0015398453,-20.476774,-20.497034,0.24889372,895.8149,6.1021748,3.9513304e-07,100.15204,-1.5152352,-4.6441784,0.019794205,1.0,0.9986868,0.25976562,0.008423715,-20.474312,-20.48789,-6.581975,15911.98,14.060429,3.5974778e-12,0.9986429,0.23144531,0.008591726,-20.650223,-20.66384,-6.7199388,375.31473,3.7630966,7.9138025e-13,0.03979346504211426,8770.35594034195,160000
66.19823,-0.71060956,-4.631796,0.014841268,1.0,0.99950504,0.8203125,0.0014581825,-20.76086,-20.781517,0.37030962,162.21019,4.9921613,2.284886e-07,0.59724927,-0.43268782,5.2279935,0.9994459,0.79296875,0.0014872805,-20.714901,-20.735535,0.3915131,849.72687,6.643275,4.706537e-07,97.72915,-1.3107132,-4.6385016,0.017523637,1.0,0.9987602,0.234375,0.008599877,-20.547926,-20.5613,-6.8659134,8378.294,8.551714,7.074695e-14,0.99866295,0.21777344,0.008581473,-20.487467,-20.500767,-6.8792295,609.7332,3.9767134,1.3136551e-12,0.02082014570236206,8874.456670761108,165000
64.22776,-0.77832365,-4.634942,0.01609989,1.0,0.9994631,0.8046875,0.0014772643,-20.656963,-20.677488,0.33899277,257.82434,4.92396,1.0910686e-05,1.4424202,-0.61534953,5.0647616,0.9994106,0.76953125,0.0014937897,-20.686323,-20.706821,0.28332794,175.80449,4.5212793,5.4141616e-08,96.1358,-1.6367855,-4.639909,0.018086612,1.0,0.9987669,0.25878906,0.00835526,-20.728441,-20.742239,-6.6142087,6360.4746,11.1112995,1.8681578e-14,0.9986601,0.24023438,0.008334471,-20.833767,-20.8478,-6.4771976,1421.8826,7.0780683,1.1141406e-12,0.012458956336975097,8936.751462936401,170000
62.262638,-0.8627875,-4.6323056,0.015045303,1.0,0.99946976,0.8251953,0.0014897197,-20.7299,-20.750494,0.33644778,145.3116,5.2146015,1.6406972e-07,0.87806696,-0.39400116,4.484556,0.99941635,0.76953125,0.0015092636,-20.771511,-20.792122,0.31329852,76.75025,4.75318,3.897486e-09,103.50787,-1.3042847,-4.6430264,0.019333513,1.0,0.998744,0.26953125,0.008245033,-20.587526,-20.601418,-6.3793764,581.00977,4.8072777,6.609887e-12,0.9986973,0.24804688,0.008128127,-20.656536,-20.6705,-6.3721447,500.80896,4.395156,5.175361e-12,0.019225937271118165,9032.881150722504,175000
63.502975,-0.8353751,-4.630555,0.01434496,1.0,0.9994917,0.8408203,0.0014152307,-20.732756,-20.753395,0.38267344,3040.451,7.0273943,2.3382665e-06,0.47365353,-0.48659134,4.6557884,0.99943733,0.7841797,0.0014812789,-20.608486,-20.62899,0.36715844,148.5739,4.65304,1.8871681e-06,95.69347,-1.6388761,-4.6368046,0.016844708,1.0,0.9987602,0.22851562,0.0084964745,-20.79845,-20.811993,-6.9445825,1163.2413,4.464117,2.0576536e-13,0.99867916,0.20214844,0.008508749,-20.7518,-20.765394,-6.845937,455.71698,5.0236244,1.486152e-12,0.02196784768104553,9142.720390558243,180000
62.13929,-0.6975814,-4.6320014,0.01492348,1.0,0.99947643,0.8251953,0.0013936327,-20.721836,-20.742458,0.3769309,110.918594,4.700882,5.927131e-07,0.49434927,-0.3821329,5.208464,0.9994488,0.80566406,0.001424483,-20.698746,-20.719297,0.32626712,68.251335,4.538485,2.7759236e-06,98.686264,-1.4952459,-4.6403637,0.018268514,1.0,0.99876595,0.27246094,0.008259537,-20.815575,-20.829603,-6.4659476,2224.556,6.719981,2.8800566e-11,0.9986572,0.2529297,0.008433721,-20.851154,-20.865183,-6.498316,990.681,6.3604374,1.8779351e-11,0.029954567623138428,9292.493230342865,185000
60.066536,-0.6645334,-4.6306105,0.014367155,1.0,0.99952984,0.8466797,0.0013422667,-20.789932,-20.81076,0.51921463,355.20053,5.3823233,3.814328e-05,0.49342698,-1.5749635,6.627038,0.9994774,0.8066406,0.0013857652,-20.859003,-20.879822,0.4384573,88.50609,4.716525,5.309427e-06,91.37164,-1.7583067,-4.638876,0.017673394,1.0,0.99880505,0.25585938,0.008293574,-20.848186,-20.86212,-6.5956516,4707.683,6.4835224,1.999944e-11,0.9987345,0.24316406,0.00826113,-21.0316,-21.045713,-6.5922976,275.01367,3.6001022,2.0906879e-12,0.04836244149208069,9534.305439710617,190000
61.40808,-0.6583116,-4.633276,0.015433401,1.0,0.99947166,0.8173828,0.0014504066,-21.013397,-21.034344,0.41210502,262.13437,5.359646,1.53616e-06,0.47100917,-0.5220609,4.600523,0.99942684,0.78515625,0.0014775306,-20.957207,-20.978012,0.32560515,202.24768,5.385995,1.5908494e-05,101.64552,-1.468625,-4.6397963,0.018041486,1.0,0.99874496,0.24902344,0.008544857,-20.94392,-20.957764,-6.7819843,1572.5497,5.929631,1.7455543e-14,0.9986639,0.22460938,0.008498435,-20.916714,-20.93064,-6.6693945,1005.3966,6.6324635,3.7341658e-14,0.04838527846336365,9776.231834411621,195000
66.408585,-0.80152243,-4.6340675,0.015749812,1.0,0.99948883,0.83691406,0.0014430474,-20.897232,-20.917961,0.30773258,306.56287,4.7900963,1.2040779e-05,0.39656797,-0.673647,5.502363,0.99943256,0.8046875,0.0014614814,-20.92578,-20.946531,0.30166903,189.58568,4.7731924,4.6683337e-07,95.25121,-1.5329319,-4.6362305,0.016615007,1.0,0.99876595,0.24511719,0.008470088,-20.892376,-20.906147,-6.8062496,675.0825,3.3299756,9.55729e-13,0.9986353,0.23242188,0.0086151175,-20.933308,-20.947203,-6.7169733,2562.1702,9.980381,3.5999693e-12,0.048372067070007324,10018.092171430588,200000
55.864243,-0.8050245,-4.6336412,0.015579407,1.0,0.99951077,0.8203125,0.0014165019,-20.862097,-20.88292,0.43765163,154.7219,5.056783,4.725079e-07,0.79870963,-0.51973605,4.350303,0.9994459,0.7949219,0.0014887771,-20.915543,-20.936354,0.3738287,143.37411,4.9669666,1.3070277e-11,101.61536,-1.6118,-4.638774,0.0176324,1.0,0.9987707,0.24707031,0.008515419,-21.00524,-21.019053,-6.875126,15052.594,12.563917,2.3935305e-13,0.9986563,0.22265625,0.0086346045,-21.125584,-21.13961,-6.775962,312.9116,4.2878356,2.0339613e-12,0.19597347145080565,10997.959530830383,205000
55.961327,-0.8572539,-4.629524,0.013932581,1.0,0.99953175,0.84375,0.0013692924,-21.022152,-21.043087,0.39479613,217.40677,5.1183786,4.3558745e-07,0.65061736,-0.6830641,5.0951657,0.9994726,0.8027344,0.0014071958,-21.06419,-21.085142,0.36962792,75.43021,5.046443,1.5385323e-06,112.40523,-1.3962047,-4.6403522,0.018263835,1.0,0.99879456,0.2626953,0.008571224,-21.032684,-21.046495,-6.905737,1135.6222,5.875025,1.2172194e-12,0.99867725,0.25,0.008758716,-21.10928,-21.123072,-7.001693,645.3454,4.5372868,1.4431029e-13,0.03987784399986267,11197.348754405975,210000
62.022594,-0.8458163,-4.6333437,0.015460521,1.0,0.9995327,0.8300781,0.0013766915,-21.075006,-21.096018,0.42157906,188.88583,4.907905,1.8525458e-06,0.707741,-0.3903839,4.90337,0.9994545,0.80566406,0.0014009054,-21.107586,-21.128588,0.37863755,115.22489,4.815789,5.4818258e-05,105.15155,-1.5707965,-4.64223,0.019014923,1.0,0.9987354,0.25390625,0.008824141,-21.227795,-21.241604,-7.099517,571.8779,4.3506594,3.345244e-13,0.9986706,0.23144531,0.008868547,-21.23928,-21.25328,-6.9166536,17375.896,22.46604,2.0831023e-11,0.03523447647094727,11373.521138191223,215000
63.07515,-0.79468054,-4.6329184,0.01529032,1.0,0.99950504,0.8359375,0.0013920907,-21.066582,-21.087608,0.44275275,437.55002,5.376073,2.0917463e-05,0.35197455,-0.7118704,5.122263,0.99945927,0.7998047,0.0014082701,-21.091333,-21.112297,0.3554315,238.34851,4.683175,4.8315063e-09,100.74173,-1.40618,-4.6451273,0.020173742,1.0,0.9987774,0.24902344,0.008662026,-21.134655,-21.14853,-6.9430866,2503.5134,6.8314967,3.1508287e-14,0.99871063,0.23632812,0.008476213,-21.173567,-21.18765,-6.7657776,12961.861,23.726597,1.4631931e-11,0.01372188901901245,11442.130584955215,220000
55.371426,-0.756398,-4.628505,0.013525072,1.0,0.9994993,0.8359375,0.0014117928,-20.997639,-21.018703,0.55029225,159.0654,5.6384225,5.0388202e-08,0.3440422,-0.46891305,4.7898245,0.99944687,0.80566406,0.0014478336,-21.037167,-21.058208,0.48912936,2099.8406,7.1974716,2.3838822e-06,113.18454,-1.3681681,-4.642108,0.018966107,1.0,0.99867344,0.25390625,0.008531533,-21.163157,-21.17742,-6.5728846,1791.6794,6.104521,1.2133206e-12,0.9986086,0.24023438,0.008724757,-21.222898,-21.237108,-6.686925,584.82776,6.438021,5.9985905e-12,0.012922845840454101,11506.744815826416,225000
57.26034,-0.8274032,-4.6329927,0.015320185,1.0,0.9994974,0.8222656,0.0014032068,-21.019106,-21.040104,0.46042788,1027.094,5.8759937,8.4943946e-07,0.60904706,-0.39771402,4.438011,0.9994755,0.80078125,0.0013776845,-21.034855,-21.055904,0.49856353,1565.1034,6.761736,4.3499423e-07,106.22247,-1.4186437,-4.6409473,0.018502066,1.0,0.9987812,0.25097656,0.008695448,-21.207912,-21.221859,-6.9412584,1146.01,5.8381433,7.651291e-14,0.9986582,0.24414062,0.00858304,-21.192667,-21.206785,-6.7496276,310.33484,4.6852612,2.421052e-13,0.02199834318161011,11616.73653292656,230000
59.846428,-0.70351064,-4.6339602,0.015707133,1.0,0.9995203,0.83496094,0.0013776924,-21.20905,-21.230324,0.55399966,421.04388,6.0964737,6.0589664e-06,0.96445036,-0.8708969,5.468704,0.99945164,0.7861328,0.0014697865,-21.231833,-21.25298,0.40124878,80.89911,5.01073,3.5101302e-06,93.12056,-1.6105081,-4.647457,0.021105846,1.0,0.99869156,0.26171875,0.00874752,-21.066952,-21.080915,-6.780118,818.09375,5.184315,3.0086946e-13,0.9986067,0.24414062,0.0087103285,-21.103352,-21.117472,-6.658291,6178.3794,12.839498,1.3540346e-12,0.02192389841079712,11726.35602760315,235000
64.08638,-0.6445637,-4.6325083,0.015126342,1.0,0.99952984,0.828125,0.0014007897,-21.081448,-21.102531,0.4889834,167.81175,5.88673,2.7725724e-07,0.8325808,-1.0104403,5.351579,0.99948597,0.7988281,0.0013961999,-21.130213,-21.15128,0.42096043,175.25684,5.4047284,1.5101513e-07,98.70311,-1.6399884,-4.6430597,0.019346913,1.0,0.99872303,0.265625,0.008754581,-21.173058,-21.186989,-6.921726,4831.739,8.220247,6.134378e-13,0.99865913,0.24902344,0.008775026,-21.212328,-21.226406,-6.809781,3327.0312,12.463312,1.2610476e-12,0.03999448223114014,11926.328442811966,240000
64.92274,-0.7929322,-4.631456,0.014705333,1.0,0.9995308,0.82714844,0.0013589424,-21.235706,-21.256996,0.54298466,223.23949,5.5931277,5.6504996e-09,0.83580744,-0.40054116,4.870292,0.9995003,0.8300781,0.0013346612,-21.199383,-21.220663,0.57066,117.88427,5.5330563,2.7506253e-06,101.646774,-1.7071679,-4.640546,0.018341353,1.0,0.99875736,0.24902344,0.008462643,-21.155716,-21.1699,-6.6447115,884.51965,5.773694,1.0367629e-13,0.9986582,0.23046875,0.008588747,-21.101727,-21.115881,-6.62039,393.5313,4.848336,8.111086e-14,0.048630839395523075,12169.482641935349,245000
59.346977,-0.7532331,-4.632533,0.015136263,1.0,0.9995184,0.8359375,0.0013995126,-21.159695,-21.180822,0.4542979,141.37784,4.976837,4.805674e-06,0.6199293,-0.33665636,6.859366,0.9994707,0.8017578,0.0014327958,-21.165802,-21.186884,0.40193745,226.34438,5.1169977,3.531039e-07,100.156296,-1.6057875,-4.638113,0.017368205,1.0,0.99873734,0.26171875,0.008619823,-21.23065,-21.24468,-6.8762035,820.20337,5.368035,5.1527164e-12,0.998703,0.23535156,0.008824822,-21.229124,-21.24297,-7.0646925,1222.0376,7.9610996,2.9897309e-13,0.04854374885559082,12412.201388597488,250000
65.79291,-0.6547953,-4.629517,0.013929869,1.0,0.99950314,0.82714844,0.001389995,-21.371363,-21.392672,0.42826536,205.8202,5.1010437,6.2640964e-07,0.96235144,-0.8858461,6.757262,0.9994488,0.79785156,0.0013914558,-21.418226,-21.439535,0.37970054,116.91877,4.4708757,2.5243645e-07,97.122894,-1.5252159,-4.638687,0.01759787,1.0,0.998703,0.2109375,0.008930579,-21.234238,-21.247921,-7.2372847,840.91125,4.1546674,2.729293e-13,0.9986563,0.20507812,0.009057986,-21.409548,-21.42333,-7.310902,1165.8474,5.25589,1.899154e-12,0.0484654598236084,12654.528688907623,255000
56.33696,-0.835984,-4.6311007,0.01456326,1.0,0.99949837,0.8251953,0.0014072096,-21.279797,-21.301105,0.5176377,218.96089,5.6782703,2.3775635e-06,0.42305377,-0.48076743,3.746748,0.999444,0.7753906,0.0014648804,-21.212534,-21.23368,0.42123023,186.15039,5.003357,3.1500365e-06,94.10359,-1.5118203,-4.634775,0.016033096,1.0,0.99877834,0.24414062,0.008933773,-21.623138,-21.637127,-7.31287,1228.6617,6.3896575,7.935711e-15,0.9986658,0.22070312,0.008900177,-21.576061,-21.590073,-7.241641,1001.1466,4.1598663,1.4718013e-13,0.048484663915634156,12896.952010154724,260000
60.982773,-0.8298,-4.633728,0.015614115,1.0,0.9995537,0.85839844,0.0012820406,-21.394733,-21.41625,0.61880547,879.7664,6.0997567,1.6319472e-09,0.92116857,-0.701266,6.7172694,0.99948883,0.8203125,0.0013081784,-21.423487,-21.44497,0.5548887,94.64289,5.1453447,1.2606503e-07,106.09773,-1.3273888,-4.6405563,0.018345587,1.0,0.9987812,0.24707031,0.008614086,-21.248104,-21.262138,-6.893109,1187.9985,5.1313934,4.8742156e-12,0.9986639,0.22070312,0.0087406915,-21.405115,-21.41916,-7.0356674,228.90285,3.1803985,1.2298118e-12,0.04859666862487793,13139.9353556633,265000
62.705296,-0.78008187,-4.630435,0.014296988,1.0,0.99956894,0.8535156,0.001283739,-21.232779,-21.254154,0.63441277,474.09897,6.3917513,4.4477613e-08,0.4847868,-0.74114466,4.310209,0.9995098,0.81152344,0.0013584399,-21.263092,-21.284428,0.565811,244.45833,5.9686103,1.7867782e-07,107.442024,-1.5299835,-4.6482177,0.021409882,1.0,0.99872875,0.2548828,0.009057188,-21.384666,-21.398531,-7.2004805,888.2161,5.8763905,8.664883e-16,0.99862957,0.25195312,0.009142324,-21.44032,-21.454296,-7.14162,1437.5393,6.0895863,1.0090338e-11,0.048592865800857546,13382.899688482285,270000
63.748867,-0.68106985,-4.631549,0.014742431,1.0,0.999526,0.828125,0.0013243328,-21.327726,-21.34913,0.56888795,186.53851,5.3598914,7.3765887e-07,1.013564,-0.3503681,5.2744055,0.99944687,0.7988281,0.001402121,-21.388151,-21.409483,0.43382865,75.01828,4.6160975,1.3819766e-06,103.606224,-1.5906527,-4.6430616,0.019347653,1.0,0.9987898,0.25976562,0.008733612,-21.428308,-21.442192,-7.224203,2750.5552,5.4541,4.5459882e-13,0.99868584,0.23730469,0.008965003,-21.515327,-21.529404,-7.114746,445.70682,5.5577865,1.4101744e-12,0.04854741282463074,13625.636754512787,275000
53.547073,-0.81612694,-4.631218,0.014610017,1.0,0.99954605,0.8310547,0.0013104291,-21.261204,-21.282564,0.59000826,165.09666,5.5090733,1.5336307e-06,0.5164679,-0.5978003,5.4776077,0.9994974,0.8125,0.0013019813,-21.364265,-21.38576,0.6232816,165.3226,5.8307753,1.6288563e-05,102.25261,-1.4934921,-4.6408005,0.01844309,1.0,0.9987278,0.23242188,0.0088144,-21.241596,-21.25536,-7.160737,4782.662,7.2695146,6.6873746e-14,0.9986744,0.22363281,0.008772548,-21.41808,-21.432142,-7.0308747,407.7773,4.358693,6.776646e-12,0.048609784364700315,13868.685678243637,280000
67.50775,-0.68215007,-4.6324086,0.015086353,1.0,0.9995136,0.84277344,0.0013485269,-21.447392,-21.468945,0.6013855,1156.0898,7.208811,8.140675e-06,1.5873028,-0.31625637,7.846798,0.9994621,0.8125,0.0013875524,-21.453451,-21.474905,0.4927041,331.33777,5.2658014,1.7261672e-07,100.97555,-1.7367724,-4.6353464,0.01626156,1.0,0.99872875,0.24902344,0.008714877,-21.36622,-21.380476,-6.781788,4139.6333,9.672041,2.5723637e-13,0.99864864,0.22265625,0.0087354,-21.469269,-21.483597,-6.8130727,1411.6115,6.07973,3.2397625e-13,0.04860545969009399,14111.712978601456,285000
67.572975,-0.7651144,-4.630469,0.0143104885,1.0,0.9995575,0.8417969,0.0012578124,-21.435299,-21.456867,0.62712777,130.36777,5.701166,1.4952365e-08,0.3412925,-0.3277407,4.8982954,0.99948883,0.81152344,0.0013217397,-21.432459,-21.453962,0.5672591,109.27105,5.5441055,8.105403e-08,99.989494,-1.6524717,-4.6464725,0.020712025,1.0,0.9987507,0.27734375,0.00862796,-21.512096,-21.526428,-6.851589,5008.0825,8.96663,3.1398922e-14,0.9987049,0.234375,0.008583152,-21.583794,-21.598167,-6.879253,2830.2427,5.94049,4.64996e-13,0.0484743857383728,14354.08490896225,290000
58.96494,-0.77437174,-4.6290216,0.013731653,1.0,0.9995308,0.8388672,0.0013399189,-21.52309,-21.544554,0.4318624,172.48177,4.929861,1.5156915e-09,0.63459253,-0.49108604,7.221493,0.9994688,0.80859375,0.00139353,-21.51978,-21.541246,0.44161513,116.8121,5.1343193,4.2055954e-09,101.57928,-1.6271474,-4.646938,0.02089792,1.0,0.99875164,0.25390625,0.00868279,-21.529036,-21.543259,-6.977424,635.1452,4.2796307,1.9668462e-12,0.9986744,0.22265625,0.008940011,-21.627874,-21.642103,-7.0710735,1089.4739,6.6256003,1.8329734e-12,0.04839492263793945,14596.059523820877,295000
56.424126,-0.8412919,-4.626583,0.0127562005,1.0,0.9995432,0.859375,0.0012642338,-21.595749,-21.61738,0.5330585,807.34174,6.0019298,8.547064e-06,0.5346505,-0.4055148,5.7395735,0.99947166,0.80566406,0.0013120975,-21.610973,-21.632517,0.42716667,182.34625,4.666416,1.3734893e-07,97.38381,-1.6141552,-4.639208,0.017805964,1.0,0.9987612,0.27441406,0.008495402,-21.53814,-21.5526,-6.745225,2683.489,7.8488064,1.0983188e-11,0.99869347,0.2607422,0.008454826,-21.650656,-21.66525,-6.720136,961.3491,5.5780573,3.4867137e-13,0.04836391644477844,14837.879107952118,300000
69.3186,-0.67155254,-4.6307697,0.014430719,1.0,0.9995184,0.83691406,0.0013594195,-21.59734,-21.618937,0.49612927,196.98016,5.59939,7.873484e-09,0.76975787,-0.790585,6.063718,0.99945927,0.8095703,0.0013752832,-21.609913,-21.631426,0.3985816,184.55914,5.2569265,2.04739e-08,100.518585,-1.6600256,-4.635527,0.016333794,1.0,0.9988365,0.25976562,0.008479359,-21.589176,-21.603521,-6.9133635,323.9583,3.6423495,1.7799943e-12,0.99873257,0.24902344,0.008692104,-21.575226,-21.589554,-6.9177303,908.0785,5.70966,1.5449725e-13,0.20334764523506166,15854.617338180542,305000
67.71889,-0.6860243,-4.631332,0.014655712,1.0,0.99956036,0.86621094,0.0012558895,-21.63015,-21.651981,0.700526,415.1674,6.177778,3.2375716e-08,1.0352997,-1.2873209,8.227576,0.99951553,0.8339844,0.0012747992,-21.666115,-21.687899,0.61854637,87.842155,5.1673717,3.8823932e-06,102.546326,-1.5531676,-4.6349115,0.016087716,1.0,0.9988079,0.2607422,0.008501813,-21.528316,-21.542664,-6.8531055,1809.5793,6.932026,1.6249779e-12,0.9986639,0.23242188,0.008809225,-21.623983,-21.63828,-6.996294,2930.1855,7.966303,2.1304026e-12,0.040687869071960446,16058.056686401367,310000
55.3409,-0.7751466,-4.6297045,0.0140049,1.0,0.9995203,0.8496094,0.0012561119,-21.612701,-21.634321,0.5036943,394.24915,5.6561623,5.4410107e-06,0.49949503,-0.7706262,3.8789055,0.99949646,0.8203125,0.001298794,-21.501074,-21.522587,0.5054183,1553.8926,7.1929564,0.00025067048,92.20916,-1.6173782,-4.6468887,0.020878399,1.0,0.99874973,0.2529297,0.008720139,-21.730537,-21.744862,-7.0756483,3358.883,5.9484196,8.5832545e-14,0.9986267,0.23046875,0.008733364,-21.77254,-21.787088,-6.887879,3135.1318,7.1262436,2.8275732e-12,0.04006911597251892,16258.40226817131,315000
62.494495,-0.7443591,-4.6336346,0.01557675,1.0,0.9995184,0.8457031,0.001305931,-21.55189,-21.573484,0.54152817,138.77762,5.0655975,3.767695e-08,0.68000484,-0.94471776,6.7727385,0.99947643,0.8076172,0.0013107444,-21.582157,-21.603712,0.46843362,251.05594,4.99347,4.467299e-06,99.84798,-1.5405046,-4.6412287,0.018614475,1.0,0.99875164,0.22851562,0.008969927,-21.620583,-21.63455,-7.3339276,545.3206,4.6554494,2.5049177e-13,0.9986639,0.21777344,0.00904567,-21.66605,-21.679987,-7.4082937,1458.6282,4.482983,1.0852161e-12,0.02491383056640625,16382.971423387527,320000
58.29201,-0.74679065,-4.636009,0.016526831,1.0,0.9995718,0.8564453,0.0012616514,-21.4697,-21.491325,0.649933,171.26685,5.6655126,3.1559873e-06,0.63937134,-0.630445,5.991764,0.9995403,0.8154297,0.0012481287,-21.549583,-21.571278,0.64464235,330.2749,5.8868413,2.188289e-06,98.66625,-1.6477503,-4.6439996,0.019722706,1.0,0.9987631,0.2685547,0.00874595,-21.58052,-21.594805,-6.96801,2114.4368,7.2563076,1.1068744e-14,0.99870205,0.23828125,0.008635182,-21.581638,-21.596014,-6.8728538,1230.9623,8.372396,4.590985e-13,0.012424148559570313,16445.092168092728,325000
57.29079,-0.7899823,-4.6349688,0.016110359,1.0,0.9995394,0.85546875,0.0012411328,-21.502888,-21.5246,0.70958936,232.69754,6.3319697,5.7878615e-06,0.63011223,-0.7411617,6.924514,0.99948025,0.8222656,0.0012748388,-21.574028,-21.595758,0.65655315,624.57166,6.400609,9.777446e-05,97.41727,-1.6711893,-4.6359053,0.016484886,1.0,0.9987278,0.25683594,0.008655992,-21.58406,-21.598429,-6.886261,5019.3096,7.2537766,9.643385e-14,0.9986944,0.23144531,0.008601279,-21.74448,-21.759033,-6.8569,818.4051,4.722417,9.801656e-14,0.01860691432952881,16538.126740932465,330000
61.266582,-0.63632,-4.6271524,0.012983999,1.0,0.99953747,0.8515625,0.0012806182,-21.640636,-21.662443,0.66686875,334.7277,5.860164,9.05474e-07,0.930368,-0.5275069,4.1645765,0.9994707,0.81152344,0.0013245984,-21.496243,-21.517878,0.63633525,797.01416,6.203885,4.314478e-05,98.34568,-1.701971,-4.646495,0.020720847,1.0,0.9986925,0.23828125,0.009060655,-21.667143,-21.68121,-7.2787676,1048.433,4.821208,1.2349925e-12,0.99867916,0.22460938,0.008891895,-21.721085,-21.735407,-7.070286,519.23346,5.43379,5.389538e-15,0.021970714902877806,16647.980316877365,335000
65.7756,-0.7303477,-4.6269264,0.012893483,1.0,0.99954987,0.84472656,0.0012757985,-21.594063,-21.615835,0.6791024,171.23688,5.9299755,1.1726104e-07,0.45589355,-0.32815763,4.517645,0.99945354,0.8076172,0.0012938717,-21.733826,-21.755693,0.63577545,523.018,6.4237924,8.322856e-07,114.903275,-1.4889297,-4.6515374,0.022738004,1.0,0.99879265,0.26367188,0.008558602,-21.746855,-21.761318,-6.952737,5532.9,9.450993,2.9452849e-12,0.99870396,0.23339844,0.008819941,-21.955868,-21.970346,-7.1449714,237.35544,4.027937,2.433682e-13,0.02761236982345581,16786.042167425156,340000
61.1724,-0.85671914,-4.6335125,0.015527958,1.0,0.9995165,0.8183594,0.0013633529,-21.71807,-21.739832,0.54490733,359.2575,5.7549143,1.0470612e-05,0.44855243,-0.36104086,4.885049,0.99946976,0.80859375,0.0013606856,-21.891066,-21.912914,0.46185514,291.2375,5.1156607,2.041063e-05,100.89238,-1.504923,-4.6428757,0.019273255,1.0,0.9987011,0.25976562,0.008854808,-21.742077,-21.756525,-6.9636602,1578.4478,7.4153123,7.1418376e-13,0.9986124,0.22265625,0.0089903595,-21.978931,-21.993612,-6.960225,335.05408,4.6593113,1.0656621e-12,0.04822092695236206,17027.146805286407,345000
50.9308,-0.86621857,-4.629657,0.013985616,1.0,0.99954796,0.86328125,0.0012284933,-21.699148,-21.721037,0.6940294,307.74396,5.7887487,2.2585688e-08,0.6575899,-0.36509776,4.426755,0.9995003,0.82128906,0.0012558238,-21.722305,-21.7442,0.6778363,90.33839,5.662909,1.5194973e-06,108.703316,-1.6180433,-4.6427364,0.019217601,1.0,0.9987793,0.27441406,0.008797783,-21.742373,-21.75675,-7.0345454,3107.1938,6.832696,1.8594863e-15,0.9987459,0.24707031,0.008825283,-21.810736,-21.825153,-7.05874,1713.6774,6.490514,1.0152291e-14,0.04854262595176697,17269.85993719101,350000
55.699707,-0.8391897,-4.6298923,0.01408005,1.0,0.99951935,0.84472656,0.0012475548,-21.772472,-21.79436,0.6190783,288.23825,5.7718368,7.1486975e-06,0.7894323,-0.7294066,5.4927454,0.9994774,0.82421875,0.0013028942,-21.872993,-21.894943,0.58247256,123.86247,5.824026,4.5890164e-07,103.417946,-1.5964332,-4.643689,0.019598614,1.0,0.9987707,0.27539062,0.008437823,-21.819117,-21.833876,-6.7212954,3858.64,7.081415,1.4228565e-12,0.99871063,0.24804688,0.008686673,-21.955223,-21.96992,-6.9234314,562.62213,4.437813,1.5379692e-13,0.04850359272956848,17512.377902269363,355000
63.49587,-0.6791618,-4.6326036,0.015164389,1.0,0.999526,0.8515625,0.0012826924,-21.869774,-21.891735,0.5958469,177.22704,5.151104,6.265931e-07,0.45267957,-0.4737183,4.6380377,0.999527,0.8408203,0.0012552018,-21.937775,-21.959856,0.64988244,358.2911,5.805179,1.9439433e-06,106.117966,-1.5086799,-4.644086,0.01975728,1.0,0.99871063,0.24609375,0.008965133,-21.920918,-21.935217,-7.2926188,3933.6865,7.5007153,1.6770303e-12,0.99863434,0.22460938,0.009126194,-22.017378,-22.031832,-7.230096,8395.514,12.62176,2.5033033e-13,0.04860444703102112,17755.400139331818,360000
54.39829,-0.8194047,-4.6272497,0.013022909,1.0,0.99952316,0.8378906,0.0013392898,-21.737936,-21.759579,0.4027466,155.31976,4.7472324,2.132747e-06,0.43942696,-0.8757093,5.010152,0.99946976,0.80566406,0.0013802306,-21.727474,-21.749006,0.30159074,111.98786,4.348119,7.248604e-10,109.34312,-1.3592849,-4.645521,0.020331563,1.0,0.9988098,0.25195312,0.008901164,-21.888584,-21.902767,-7.380609,754.44604,4.376398,2.3445148e-13,0.99872017,0.22363281,0.0088987835,-21.798302,-21.812439,-7.3372827,191.50827,3.0497522,7.650731e-12,0.04861588449478149,17998.479565143585,365000
60.850986,-0.6558644,-4.6307826,0.01443598,1.0,0.99956036,0.8798828,0.0011957162,-21.788166,-21.810099,0.64775133,199.43158,5.5445957,1.4282519e-07,0.93119967,-0.6053717,5.4994698,0.9995146,0.85546875,0.0011763636,-21.753273,-21.775177,0.65311277,149.39299,5.3663354,7.886128e-06,105.72748,-1.5210166,-4.6404696,0.018311,1.0,0.99875927,0.26367188,0.0087260995,-21.802706,-21.817244,-6.930501,726.8508,6.079514,6.5180995e-14,0.9987211,0.23925781,0.008645797,-21.857443,-21.872059,-6.904581,2094.875,8.347765,1.6303409e-14,0.048499419355392454,18240.976664066315,370000
56.085464,-0.81039584,-4.628858,0.013666183,1.0,0.9995508,0.8623047,0.0012152045,-21.820927,-21.842873,0.6289839,152.7952,5.485921,2.6845173e-06,0.7772955,-1.2426059,7.124973,0.99951553,0.83496094,0.0012545853,-21.753231,-21.7751,0.61749125,214.01599,6.0627236,2.8856036e-06,95.37343,-1.6171501,-4.640503,0.018324016,1.0,0.9987707,0.23925781,0.009029917,-21.818893,-21.832989,-7.3990774,7684.8945,10.503255,6.7464094e-14,0.99870205,0.23339844,0.009008883,-21.883652,-21.89787,-7.340515,418.92847,6.1668167,3.0707582e-13,0.048438582849502566,18483.169582605362,375000
57.243477,-0.8031264,-4.625536,0.012337522,1.0,0.9995737,0.8574219,0.0012612885,-21.8101,-21.831944,0.5384458,522.92773,5.672827,4.2058684e-07,0.61297613,-0.548867,5.160969,0.99951553,0.8330078,0.0012933619,-21.906778,-21.92867,0.4902553,68.37179,4.885009,9.691855e-08,106.269516,-1.5279944,-4.6380224,0.017331932,1.0,0.998827,0.24609375,0.008675279,-21.715714,-21.730055,-7.0455856,628.1315,5.200389,1.5227486e-15,0.9987278,0.22460938,0.008735662,-21.878344,-21.892797,-7.0921736,3195.8022,7.728741,2.8858068e-12,0.04830861735343933,18724.712671518326,380000
61.0636,-0.666912,-4.630436,0.0142974425,1.0,0.9995432,0.8457031,0.0012399481,-21.752546,-21.774443,0.64759755,751.8377,5.9916162,1.492188e-08,0.7877885,-0.41722983,4.3561835,0.9995012,0.82421875,0.0012674503,-21.813211,-21.835115,0.5933262,149.36769,5.4786253,1.1603089e-06,102.17788,-1.5973113,-4.642871,0.019271433,1.0,0.9987345,0.22460938,0.009141294,-21.947594,-21.961704,-7.510828,2951.2148,5.221276,4.953894e-15,0.99863815,0.20507812,0.009236023,-21.989836,-22.003983,-7.517437,763.984,5.182808,1.9553608e-14,0.04831460537910461,18966.28570008278,385000
62.99105,-0.63221836,-4.6320286,0.014934328,1.0,0.9995413,0.83496094,0.001265571,-21.618294,-21.640167,0.75964856,271.10254,6.9237404,6.5079203e-06,0.64095306,-0.9047611,9.059664,0.99949646,0.80859375,0.0012710248,-21.771566,-21.793514,0.681793,273.6171,6.38308,1.41103765e-05,105.651245,-1.5429417,-4.6459866,0.020517642,1.0,0.9987135,0.23828125,0.009254761,-21.86668,-21.880741,-7.481495,2728.886,7.0438814,1.195967e-15,0.99864864,0.2265625,0.0092466585,-22.030794,-22.045095,-7.399961,864.6096,6.401322,6.9342195e-18,0.04833332448005676,19207.952325582504,390000
56.57113,-0.7454383,-4.6289296,0.013694808,1.0,0.99958134,0.85546875,0.0011667465,-21.88781,-21.909885,0.6976912,367.7157,5.8494825,4.4828786e-07,0.32401347,-0.6024014,6.5973325,0.99957466,0.8310547,0.0011908404,-21.903736,-21.925777,0.64585423,261.181,5.7060037,2.1469707e-06,104.82968,-1.4417975,-4.6427927,0.019240147,1.0,0.99875736,0.2421875,0.008956261,-21.856602,-21.870907,-7.220917,1223.9807,5.74927,1.7087799e-12,0.9986801,0.23144531,0.00898221,-21.95655,-21.970953,-7.221573,862.25665,5.9256153,8.765597e-13,0.04840456805229187,19449.975170612335,395000
58.300728,-0.78865033,-4.630413,0.01428822,1.0,0.9995632,0.8574219,0.0012381678,-21.96009,-21.982147,0.60282576,222.18112,5.667783,1.7256488e-07,0.4156378,-0.40962225,3.8936782,0.9995203,0.82421875,0.0012453494,-21.819733,-21.841555,0.5067591,88.95881,4.9700403,2.342954e-06,102.46889,-1.7478728,-4.6444783,0.019914333,1.0,0.9987421,0.24511719,0.008869305,-22.01979,-22.03426,-7.217028,1459.4811,5.263567,7.5699484e-13,0.99864197,0.21582031,0.009064352,-21.995678,-22.010174,-7.1679206,1066.9653,7.2219763,9.71526e-13,0.04842490334510803,19692.09968972206,400000
49.418983,-0.8902205,-4.6318836,0.014876355,1.0,0.9995642,0.8574219,0.0011869753,-21.968006,-21.990147,0.6793406,128.40634,5.5196104,2.2657904e-09,0.79395115,-0.65872276,5.3540845,0.99953175,0.8388672,0.0011847629,-21.917313,-21.939468,0.7498305,251.50934,6.071797,5.129771e-06,113.315796,-1.4216737,-4.655979,0.024514709,1.0,0.9987955,0.25097656,0.008747159,-21.968258,-21.982708,-7.1851606,6345.05,8.135137,5.525604e-15,0.99876785,0.23242188,0.008642267,-21.900028,-21.91439,-7.206519,1084.3114,3.8905687,2.075256e-13,0.20292824544906615,20706.740919351578,405000
53.06276,-0.7732167,-4.628046,0.013341242,1.0,0.9995718,0.8652344,0.0011611126,-21.927849,-21.949947,0.67797726,128.03082,5.5519695,1.8056244e-05,0.95863974,-0.37550953,4.9221926,0.9995203,0.83496094,0.0012188568,-22.047245,-22.069426,0.6410912,127.575966,5.395042,2.2560578e-05,109.24094,-1.4593086,-4.6380143,0.01732868,1.0,0.9987564,0.25097656,0.0091106985,-21.88239,-21.896439,-7.51052,1900.4276,7.974417,8.414355e-13,0.99870396,0.23046875,0.009091747,-22.0064,-22.020695,-7.383172,1206.9358,6.102195,1.3156561e-12,0.04384723377227783,20925.977090120316,410000
62.61434,-0.75871104,-4.6295633,0.013948361,1.0,0.9995117,0.83203125,0.0013150619,-22.022331,-22.04443,0.585835,163.4581,5.2812014,9.74926e-07,0.5878259,-0.43084753,5.4645824,0.9994631,0.80859375,0.0012982072,-21.992306,-22.01433,0.53896,68.75129,4.7375913,1.8025798e-06,95.886154,-1.7790973,-4.640106,0.018165361,1.0,0.9987707,0.23535156,0.009057045,-22.12146,-22.135729,-7.5228305,600.58685,3.218313,3.4237363e-14,0.9987173,0.21875,0.009059045,-22.157726,-22.17215,-7.4020295,730.60474,4.4222517,5.829065e-13,0.03984250726699829,21125.18962931633,415000
63.736004,-0.69124824,-4.6283083,0.013446412,1.0,0.9995451,0.8408203,0.0012534151,-21.707382,-21.729254,0.6701595,203.34097,5.7205305,0.00012559566,0.58864397,-0.9484321,6.0317836,0.99948406,0.8144531,0.001318603,-21.657501,-21.679247,0.58611184,98.007675,5.6494803,2.1679729e-05,115.05996,-1.4698635,-4.64168,0.018794855,1.0,0.99877834,0.24511719,0.008908318,-21.751299,-21.765446,-7.2799687,2250.9607,5.8722186,1.7654544e-13,0.9986887,0.20800781,0.008947143,-21.809875,-21.824081,-7.2785287,1091.0154,7.205965,1.07063264e-13,0.03543515057563782,21302.365383386612,420000
54.257034,-0.7552683,-4.630334,0.0142563945,1.0,0.9995556,0.8564453,0.0012295819,-22.042171,-22.064465,0.7654146,430.49847,6.201887,1.0437667e-06,0.3796031,-0.49109173,6.0727253,0.999526,0.8359375,0.0012336128,-22.04661,-22.068956,0.8131392,190.61543,6.5729985,6.728623e-05,115.56361,-1.6033229,-4.6382484,0.017422248,1.0,0.9987602,0.27539062,0.008968418,-22.145823,-22.16039,-7.2412434,2131.3884,6.701722,8.490585e-15,0.99862194,0.2421875,0.009189468,-22.18342,-22.198053,-7.212893,801.9582,6.5647154,1.8739035e-14,0.01469355354309082,21375.833152770996,425000
61.024803,-0.66578686,-4.6301403,0.014178979,1.0,0.9995642,0.8457031,0.0012308608,-21.939587,-21.961655,0.63350654,445.48392,5.4151545,8.815744e-06,0.76885056,-0.6472368,7.2766104,0.99951077,0.82128906,0.0012678426,-22.004444,-22.026464,0.5220424,146.79346,5.0455933,3.4248493e-05,105.16048,-1.5271035,-4.63688,0.016874937,1.0,0.9987755,0.2626953,0.008543985,-21.956703,-21.971498,-6.8202586,1828.211,5.9539747,1.5670479e-12,0.9987602,0.25,0.008625117,-22.066948,-22.081726,-6.9487286,640.4198,5.14207,1.4179474e-12,0.013796730995178223,21444.81680893898,430000
52.427803,-0.8380021,-4.6262035,0.012604325,1.0,0.99957466,0.84765625,0.0012604372,-21.814543,-21.836447,0.59402764,680.5076,6.1645646,7.005169e-10,0.5426017,-0.34945536,4.324546,0.9995136,0.8173828,0.0013031382,-21.860487,-21.88241,0.5673706,97.34059,5.6425095,2.0571476e-09,108.24324,-1.5492823,-4.6443415,0.019859634,1.0,0.9988127,0.26757812,0.008829507,-22.11097,-22.125507,-7.236936,819.80804,6.227742,2.557911e-13,0.99876785,0.25683594,0.008904494,-22.247578,-22.262232,-7.258001,3964.3535,13.821161,3.0285003e-13,0.021500604104995727,21552.31983089447,435000
64.38972,-0.7078438,-4.629595,0.013960785,1.0,0.9995785,0.87109375,0.0012018014,-21.96079,-21.982979,0.7397059,351.51276,6.8037806,6.0343575e-07,0.81028175,-0.41545302,5.853068,0.9995146,0.83984375,0.0012345803,-22.099863,-22.12209,0.63812774,296.5387,6.18552,2.2095204e-05,93.36248,-1.8439171,-4.6420345,0.01893668,1.0,0.99872684,0.23730469,0.009075331,-21.983536,-21.997831,-7.3591013,894.31384,4.531373,4.5539178e-14,0.9986744,0.21777344,0.008882277,-22.032671,-22.047152,-7.217532,383.63214,3.604621,3.281156e-12,0.02188091492652893,21661.724406957626,440000
58.364326,-0.675319,-4.629759,0.01402655,1.0,0.99956703,0.83984375,0.0012781936,-21.870914,-21.892988,0.7106506,292.39783,6.412224,3.1300594e-08,0.2786706,-0.7019769,4.4447103,0.99950886,0.83203125,0.0012952171,-21.980991,-22.003092,0.62636304,177.32416,6.1688185,3.8704138e-07,106.391,-1.4912932,-4.646844,0.020860482,1.0,0.99871254,0.25976562,0.008929864,-21.950588,-21.965195,-7.0068235,2399.602,8.915288,6.9095938e-15,0.99864864,0.23925781,0.009108656,-22.055521,-22.070072,-7.1696424,2522.748,9.606831,1.2496831e-13,0.03576603088378906,21840.554562807083,445000
58.546448,-0.61993486,-4.6249146,0.012088842,1.0,0.9995575,0.8466797,0.0012215454,-21.978916,-22.001104,0.7206907,192.38483,5.6640725,2.3878789e-05,0.40963447,-0.3694471,4.530946,0.9995098,0.8154297,0.0012712493,-22.00115,-22.02325,0.60774636,121.42663,5.1434226,3.434931e-05,102.94864,-1.4756792,-4.642369,0.0190705,1.0,0.9987669,0.25,0.008863893,-22.075987,-22.090555,-7.171969,8121.868,9.589985,1.9300319e-13,0.99867725,0.21582031,0.009001922,-22.051773,-22.06615,-7.3424416,2396.3613,7.395758,1.3597873e-13,0.04836621999740601,22082.38566470146,450000
53.768295,-0.79443794,-4.6281977,0.013402094,1.0,0.9995508,0.8544922,0.0012196233,-21.914478,-21.936663,0.7790369,272.23004,6.1093926,9.737618e-05,0.5053388,-0.40130663,3.899351,0.99948025,0.82128906,0.0012982893,-21.929161,-21.951298,0.71701646,391.14825,6.4635053,2.5096897e-06,101.350044,-1.794812,-4.6415896,0.018758848,1.0,0.99874496,0.2529297,0.009208914,-21.976208,-21.990396,-7.4622307,1595.3135,6.835842,1.739303e-14,0.99869156,0.22265625,0.009299803,-22.13556,-22.149721,-7.6467533,2150.8867,8.269814,3.369257e-13,0.04832979125976562,22324.034621953964,455000
53.790146,-0.7521671,-4.6287284,0.013614379,1.0,0.99955654,0.8496094,0.0012542584,-21.804443,-21.826473,0.7308085,247.62871,5.9019156,1.1959599e-08,0.60435116,-0.67221296,6.6330023,0.99951744,0.8125,0.0012480749,-21.8284,-21.85042,0.6996289,253.0303,5.8307257,2.6516254e-06,101.98805,-1.5606024,-4.645873,0.020472107,1.0,0.99877167,0.23242188,0.009308177,-21.878689,-21.89253,-7.71809,1083.4777,5.3595448,3.5837906e-14,0.9987097,0.20703125,0.009339282,-21.937746,-21.951572,-7.7938967,457.35492,5.183755,1.5502564e-13,0.048343237686157225,22565.75081205368,460000
60.647644,-0.77050984,-4.6258416,0.012459593,1.0,0.9995413,0.8574219,0.0012560023,-22.060225,-22.08246,0.6850966,210.18962,6.0364227,1.2068864e-07,0.83629155,-0.4932264,5.08249,0.9995136,0.8251953,0.0012646602,-22.16335,-22.185717,0.719487,148.81381,6.0087056,1.0340304e-06,108.76682,-1.5259018,-4.642376,0.019073332,1.0,0.9987984,0.25976562,0.008877631,-22.158205,-22.172699,-7.3296824,2911.8708,6.016434,2.2785393e-14,0.9987259,0.24121094,0.008965187,-22.247355,-22.261887,-7.38069,987.40625,5.080244,1.3101888e-13,0.04837679615020752,22807.634794473648,465000
60.746666,-0.649466,-4.6269474,0.012901965,1.0,0.99959755,0.8720703,0.0011514486,-22.071915,-22.0942,0.72481304,169.58514,5.8492026,1.2754466e-06,0.6730352,-0.43798885,5.6642036,0.99953556,0.82421875,0.0012016406,-22.083405,-22.105642,0.6646801,167.40047,5.3272295,7.652217e-05,111.263565,-1.501685,-4.6545773,0.023953777,1.0,0.9987774,0.2529297,0.008912863,-22.07404,-22.088469,-7.311964,1186.7048,5.2381935,4.0732955e-13,0.99871445,0.234375,0.008819523,-22.06128,-22.075842,-7.164959,3241.1206,8.981428,2.0831967e-12,0.04831845669746399,23049.22707939148,470000
55.535454,-0.718655,-4.6275854,0.013157204,1.0,0.999568,0.8642578,0.0011429628,-22.163128,-22.185553,0.7769997,179.47258,5.821653,7.655425e-06,0.39899707,-0.38217527,3.7878268,0.9995365,0.84765625,0.0011768035,-22.196201,-22.218609,0.7255765,165.19841,6.0181093,3.33958e-07,103.6761,-1.7121323,-4.6404195,0.018290753,1.0,0.9987478,0.24316406,0.008987542,-22.210531,-22.225122,-7.2853336,1038.4071,5.788592,7.468738e-13,0.99868965,0.21484375,0.0090634115,-22.1795,-22.19396,-7.387473,819.42896,5.213717,2.1933501e-13,0.04833386201858521,23290.896392583847,475000
59.27894,-0.6794826,-4.6259565,0.012505501,1.0,0.99955463,0.8515625,0.0012099743,-22.073898,-22.096224,0.76505184,155.31027,5.9675455,1.5969836e-06,0.7117535,-0.44120926,5.6933537,0.99949837,0.83496094,0.0012203637,-22.101906,-22.12427,0.7748401,185.25763,6.279311,3.1943343e-06,101.42876,-1.7933902,-4.644231,0.019815462,1.0,0.9987526,0.25195312,0.009212149,-22.161762,-22.176046,-7.5474973,3462.9849,5.7593613,1.2457367e-14,0.99864197,0.22460938,0.009304527,-22.156317,-22.170694,-7.446871,1813.2504,6.8149996,5.931572e-14,0.048440952348709106,23533.101157188416,480000
58.738922,-0.70172274,-4.6292033,0.013804412,1.0,0.99956894,0.8613281,0.0012250739,-22.199934,-22.222284,0.66401374,200.44386,5.6417894,2.385149e-06,0.47608572,-0.47882578,4.199252,0.9994955,0.81933594,0.0013022551,-22.174889,-22.197115,0.5632517,186.51405,5.273409,3.2131886e-06,101.452576,-1.750847,-4.6516895,0.02279896,1.0,0.9987612,0.24414062,0.009161537,-22.282835,-22.297205,-7.5818667,3339.922,5.997669,2.3343032e-15,0.99868774,0.20507812,0.009363966,-22.317436,-22.331781,-7.643879,10460.72,16.48804,2.2952685e-13,0.048619447183609006,23776.19839501381,485000
57.989803,-0.7099628,-4.627924,0.01329276,1.0,0.9995918,0.8671875,0.0012043158,-22.03793,-22.060259,0.8054937,205.28212,6.246294,1.0128041e-06,0.41484174,-0.8290066,5.108176,0.99954414,0.83691406,0.00118668,-21.893791,-21.915958,0.7845694,395.5192,6.4261413,6.112119e-05,107.08954,-1.6171432,-4.6438074,0.019645939,1.0,0.998765,0.24609375,0.0090409685,-22.081503,-22.096018,-7.234022,16681.576,15.255758,4.551263e-13,0.99864006,0.22167969,0.009260068,-22.024712,-22.039204,-7.198019,1178.0044,8.602887,4.935395e-13,0.04862017374038696,24019.299265146255,490000
64.49034,-0.6717801,-4.6268034,0.012844416,1.0,0.999547,0.86816406,0.0012146446,-22.23426,-22.256685,0.7062601,261.74918,5.783815,6.444511e-13,0.4201608,-0.57505965,4.741762,0.9995146,0.8408203,0.0012259916,-22.319366,-22.34178,0.60981894,189.46848,5.5663304,2.5420893e-13,109.535995,-1.4388164,-4.6352134,0.01620835,1.0,0.9987583,0.25683594,0.009177063,-22.154905,-22.169125,-7.611328,1430.7308,4.8995256,8.3610283e-14,0.99869156,0.21972656,0.009204188,-22.377346,-22.391855,-7.536192,283.27295,3.698462,3.3211345e-14,0.04862349123954773,24262.41672372818,495000
62.917694,-0.6250739,-4.6290436,0.013740501,1.0,0.99958706,0.8652344,0.0011862642,-22.227238,-22.249683,0.7346169,585.48627,6.27553,2.9737517e-08,0.5852937,-0.7255146,7.427535,0.9995222,0.8378906,0.0012028115,-22.28709,-22.309452,0.58981854,162.7981,5.3832536,1.790968e-05,103.046844,-1.6199017,-4.645406,0.020285262,1.0,0.9987612,0.234375,0.009200042,-22.295963,-22.310274,-7.654502,3713.533,6.669495,4.577094e-16,0.99866486,0.20605469,0.009444645,-22.356207,-22.370413,-7.82301,2792.9856,8.235024,7.4828685e-13,0.048507840061187746,24504.955925941467,500000
57.759132,-0.7390002,-4.625695,0.0124009475,1.0,0.9995785,0.8613281,0.0011620363,-22.17874,-22.201117,0.7124067,238.06989,5.824993,4.2354673e-06,0.66038144,-0.42579252,4.5742035,0.99953556,0.8466797,0.0011871174,-22.191368,-22.213688,0.6418334,149.93422,5.398424,6.9340535e-07,93.68776,-1.6721888,-4.65053,0.022335008,1.0,0.9987564,0.25,0.008949668,-22.147276,-22.161879,-7.2065682,2135.7722,7.505426,1.9416036e-13,0.998683,0.21875,0.008927863,-22.242886,-22.257679,-7.107477,3017.7915,7.5301433,3.0518692e-13,0.21180336570739747,25563.972755908966,505000
64.745255,-0.65958405,-4.6291623,0.013787881,1.0,0.9995718,0.85058594,0.0012011661,-22.090302,-22.112623,0.74568754,198.62262,6.3996897,2.655058e-07,1.4134521,-0.63855094,5.939287,0.9995432,0.8310547,0.0012087033,-22.215408,-22.237871,0.7621541,871.0323,7.641006,1.1491933e-09,114.61203,-1.585989,-4.6521707,0.022991309,1.0,0.9987774,0.25,0.009008779,-22.048204,-22.062517,-7.4066896,5772.4204,7.4029713,3.1210108e-15,0.9986782,0.23144531,0.009055518,-22.167372,-22.181887,-7.3181896,1594.5104,5.4294195,2.6644768e-14,0.0461128381729126,25794.53694820404,510000
64.17534,-0.6583775,-4.627182,0.012995571,1.0,0.9995184,0.8457031,0.0012895473,-22.0988,-22.121021,0.63397837,195.0685,5.6870694,3.4092254e-06,0.6117902,-0.4279908,4.140691,0.99949074,0.8154297,0.0012792626,-22.13115,-22.15339,0.6216953,209.4165,6.0268044,8.259745e-06,107.30591,-1.6079305,-4.6411705,0.01859112,1.0,0.9988117,0.25195312,0.009140216,-22.18582,-22.200012,-7.6659336,17235.023,12.513051,5.0003957e-13,0.99870586,0.22949219,0.009265431,-22.190561,-22.2047,-7.7284937,1268.8453,5.178757,4.551263e-13,0.039738995838165286,25993.231929063797,515000
49.956635,-0.8701391,-4.626339,0.012658343,1.0,0.99957657,0.8642578,0.0011411228,-22.24013,-22.262592,0.7401669,1176.9203,6.4993887,1.9337745e-05,0.4790498,-0.40947908,4.3307467,0.9995489,0.84765625,0.0011538581,-22.123463,-22.145798,0.7252513,341.31787,6.362548,4.4461585e-06,112.400055,-1.5701625,-4.6458898,0.02047891,1.0,0.99875927,0.26367188,0.008930916,-22.228798,-22.243433,-7.2563877,944.78815,6.0803022,4.7157146e-13,0.9986572,0.23730469,0.009052254,-22.200985,-22.215626,-7.224639,2864.3271,7.9928026,1.197697e-12,0.03888630180358887,26187.66343975067,520000
64.57823,-0.63502103,-4.626902,0.01288379,1.0,0.9995575,0.8535156,0.0012280495,-22.219501,-22.241833,0.6272695,165.28154,5.3767853,3.030022e-06,0.55843437,-0.6432716,5.168765,0.99952126,0.82910156,0.0012636823,-22.273277,-22.295553,0.5166004,107.7329,5.1625404,1.6173539e-05,111.16028,-1.6954169,-4.6485753,0.021553082,1.0,0.99880695,0.2529297,0.00936635,-22.29773,-22.311855,-7.8452454,2464.2651,7.195556,1.3417507e-16,0.9987469,0.22753906,0.009461742,-22.441494,-22.455664,-7.9443107,5921.7773,11.198577,1.4839922e-14,0.023416469049453735,26304.74578690529,525000
52.17594,-0.72986704,-4.626941,0.012899393,1.0,0.9995775,0.8457031,0.0011793567,-22.27903,-22.301582,0.79306984,266.13724,6.60076,3.7064856e-06,0.3693859,-0.6159308,4.2906246,0.9995527,0.8359375,0.0011621665,-22.280363,-22.302908,0.7838592,192.45135,5.7507043,2.179524e-05,105.40451,-1.6123462,-4.6455164,0.02032954,1.0,0.9987469,0.25,0.009093865,-22.402943,-22.417648,-7.362176,18885.152,14.288998,2.2399357e-13,0.9986973,0.21679688,0.009019774,-22.29339,-22.308006,-7.343087,3732.6138,8.719843,1.0991964e-12,0.01241346640586853,26366.81312084198,530000
61.372345,-0.7339963,-4.6268034,0.0128442915,1.0,0.99956226,0.8720703,0.0011963585,-22.260094,-22.282492,0.6533736,337.22946,5.5782676,6.7338664e-09,0.88170993,-0.4096141,5.037465,0.999547,0.8330078,0.0012146109,-22.34149,-22.363901,0.5854057,220.58722,5.56275,2.656447e-08,99.58554,-1.5663929,-4.646427,0.020694021,1.0,0.99872875,0.24121094,0.009431776,-22.477737,-22.492138,-7.747203,1140.5116,4.863619,5.215611e-13,0.99870586,0.234375,0.009353631,-22.522429,-22.536825,-7.7954655,1067.7532,4.628187,6.3682126e-14,0.02133035717010498,26473.464908361435,535000
54.01317,-0.68462265,-4.627527,0.013133799,1.0,0.99960613,0.8720703,0.0011201238,-22.278978,-22.301483,0.7454811,116.10918,5.618712,1.3423611e-05,0.42550743,-0.7837874,7.372098,0.999526,0.83496094,0.0011740499,-22.370506,-22.393034,0.6739991,212.84917,5.704456,4.6875983e-05,110.43231,-1.7347467,-4.642703,0.019204108,1.0,0.99870586,0.25683594,0.009365703,-22.28261,-22.297009,-7.549842,3854.9543,9.301631,1.7944435e-13,0.9986744,0.22949219,0.009189887,-22.392427,-22.407045,-7.4361897,640.16516,4.537335,7.9906416e-13,0.021884282207489014,26582.88632082939,540000
61.621693,-0.6558057,-4.6269655,0.01290907,1.0,0.99956226,0.85058594,0.0012012856,-22.304754,-22.327322,0.78054786,475.6732,6.3957267,1.174955e-08,0.26846966,-0.7726467,4.791127,0.99951935,0.8359375,0.0012032577,-22.398643,-22.421139,0.612532,120.45187,4.9519854,6.187786e-06,94.96217,-1.7562653,-4.645769,0.020430662,1.0,0.9987507,0.25195312,0.009045975,-22.214363,-22.228903,-7.3384886,2021.2196,8.036259,1.5256806e-13,0.9987459,0.24902344,0.008901503,-22.309372,-22.324053,-7.293664,800.1862,4.7502265,1.3929473e-13,0.02740062394142151,26719.88944220543,545000
57.234253,-0.8009219,-4.6254115,0.012287465,1.0,0.99959373,0.8642578,0.0011726362,-22.432308,-22.454927,0.7063195,3138.0095,7.2430124,5.6246923e-13,0.50420254,-0.78060335,4.109518,0.9995403,0.8457031,0.0012194484,-22.262812,-22.285236,0.6782491,241.32053,5.813121,1.059151e-09,97.14331,-1.9294014,-4.642869,0.019270701,1.0,0.99876785,0.2783203,0.008754475,-22.395458,-22.410385,-7.1277885,1385.5631,6.6742134,2.0702114e-13,0.9987354,0.24707031,0.008742167,-22.321476,-22.33636,-7.092452,22228.838,27.300285,4.924708e-15,0.046794285249710084,26953.860869646072,550000
60.97592,-0.76527226,-4.6256733,0.0123923365,1.0,0.9995575,0.85058594,0.001167791,-22.340242,-22.362822,0.7563858,180.49225,5.426754,2.3823482e-06,0.8998505,-0.53875625,6.0387697,0.999526,0.8359375,0.0011506607,-22.388288,-22.41092,0.7640087,536.5658,6.3073454,0.00054377737,95.32328,-1.77877,-4.6422024,0.019003903,1.0,0.99878407,0.2685547,0.008897886,-22.51714,-22.532078,-7.233246,1902.4885,7.4031305,5.302784e-15,0.99869347,0.24316406,0.008962155,-22.61729,-22.632328,-7.2350082,1724.579,6.830956,1.054923e-13,0.04831074342727661,27195.414588689804,555000
55.61184,-0.6666217,-4.6267548,0.012824863,1.0,0.9995651,0.8515625,0.0011546465,-22.260643,-22.28322,0.8370041,193.84666,6.63599,3.346548e-06,0.76461494,-0.3161757,5.6829834,0.9995365,0.84277344,0.0011442685,-22.276976,-22.29959,0.85782206,106.57729,6.2218194,5.928508e-06,103.92189,-1.7986803,-4.6452417,0.02021954,1.0,0.99869347,0.2265625,0.0093848575,-22.27172,-22.286095,-7.5671873,2913.996,8.362149,7.8447015e-13,0.99864006,0.21289062,0.009384648,-22.34639,-22.360754,-7.6540194,682.3406,4.158535,1.8686078e-13,0.048283215475082394,27436.83066725731,560000
51.848927,-0.78263646,-4.628384,0.013476634,1.0,0.99954796,0.84375,0.0012222466,-22.190155,-22.212557,0.7286648,136.78043,5.750204,8.33574e-07,0.70847774,-0.7284839,6.029521,0.9995308,0.84472656,0.0012066361,-22.159153,-22.181639,0.8447275,277.75278,6.807757,1.1094183e-08,101.02298,-1.804815,-4.636714,0.01680843,1.0,0.998785,0.2529297,0.009066746,-22.262524,-22.276964,-7.490913,1311.0144,5.7172966,9.435216e-16,0.99865913,0.21484375,0.009316773,-22.309978,-22.3244,-7.5550556,1138.2993,6.4816246,2.2045977e-14,0.048290882873535154,27678.285083293915,565000
62.56762,-0.69505787,-4.625784,0.012436724,1.0,0.9995775,0.87890625,0.0011672082,-22.25476,-22.277298,0.80112135,261.97867,6.4424467,8.037258e-10,0.7473819,-1.1124982,5.1182775,0.9995632,0.85058594,0.0011879425,-22.379599,-22.402187,0.72880787,180.67781,5.6511354,2.8077295e-06,100.532234,-1.7711202,-4.6456313,0.020375473,1.0,0.9987421,0.2578125,0.009216972,-22.297626,-22.31207,-7.5204263,492.98773,4.944227,4.1101709e-13,0.99868965,0.22558594,0.009468196,-22.426762,-22.44116,-7.696978,1451.94,5.85508,3.3492677e-12,0.04839330949783325,27920.251633882523,570000
60.11193,-0.7604815,-4.625276,0.012233371,1.0,0.99955463,0.85546875,0.0012354879,-22.336143,-22.358702,0.7400341,457.10004,6.336487,4.8205254e-07,1.183409,-0.47305322,6.1758347,0.99950886,0.81152344,0.0012940418,-22.398134,-22.42068,0.6671375,681.8618,6.2087207,4.69913e-06,111.38356,-1.4306035,-4.6398726,0.018072138,1.0,0.9987631,0.265625,0.008870867,-22.27165,-22.286383,-7.202217,1457.2933,7.415964,5.004415e-16,0.9987116,0.23730469,0.009100786,-22.50477,-22.519508,-7.4278765,5467.042,18.789177,2.9039935e-13,0.04847440252304077,28162.623648881912,575000
52.340893,-0.8038652,-4.6262527,0.01262396,1.0,0.999526,0.8564453,0.0012322044,-22.368984,-22.391424,0.58813167,2029.35,6.50217,3.6907557e-05,0.55338395,-0.5381545,4.0489893,0.9995003,0.8330078,0.0012740716,-22.292194,-22.314589,0.6166822,348.6514,5.957614,1.3083411e-05,90.895615,-1.9049305,-4.651529,0.022734523,1.0,0.99883366,0.25097656,0.009184865,-22.616264,-22.630716,-7.8308306,1004.26685,5.8255334,4.1938336e-14,0.9987831,0.24121094,0.009313287,-22.688416,-22.70287,-7.899626,258.6442,4.009892,2.711289e-13,0.048605485486984255,28405.651078224182,580000
63.2221,-0.6555384,-4.626815,0.012848765,1.0,0.9996023,0.86035156,0.0011235952,-22.444536,-22.467299,0.84221077,202.2934,6.3934073,1.243103e-05,0.64591205,-0.7003823,6.402503,0.99956036,0.8515625,0.0010962628,-22.466433,-22.489262,0.88740087,260.1491,6.48537,5.5676057e-05,98.96264,-1.8255172,-4.6424017,0.019083558,1.0,0.9987669,0.23535156,0.00925437,-22.42871,-22.443188,-7.617022,1590.6602,7.4323807,6.930951e-15,0.9986992,0.21777344,0.009253642,-22.473236,-22.48785,-7.524233,3149.5913,8.016546,2.3105307e-14,0.048635557889938355,28648.828869581223,585000
57.017937,-0.8192644,-4.625888,0.012478176,1.0,0.9995918,0.8535156,0.0011836406,-22.397713,-22.42041,0.8228377,92.96661,6.1176066,2.3723382e-08,1.0637174,-0.8904885,4.9699097,0.9995518,0.82910156,0.0011721887,-22.411587,-22.434269,0.79359406,156.99896,5.9303126,3.1341173e-07,98.09507,-1.738752,-4.656712,0.024807869,1.0,0.9988127,0.25878906,0.009249178,-22.398485,-22.41287,-7.6815257,1062.7124,8.094847,5.767349e-15,0.99873924,0.23632812,0.009238459,-22.506483,-22.521048,-7.6059275,5423.5815,10.183179,6.0833435e-13,0.04862736134529114,28891.96567797661,590000
57.625633,-0.76901025,-4.6258087,0.012446488,1.0,0.9995842,0.8691406,0.0011289916,-22.331152,-22.353712,0.74601376,859.51,6.668186,7.1162754e-07,0.7532693,-0.5893292,7.04815,0.9995413,0.8457031,0.0011476912,-22.438805,-22.461428,0.7055235,143.45119,5.6539245,3.5741016e-06,107.0542,-1.5876663,-4.6462727,0.020632055,1.0,0.99881554,0.24902344,0.009030294,-22.397419,-22.412035,-7.4439397,1465.5881,6.0919504,8.2244975e-14,0.99873066,0.21777344,0.009220209,-22.622412,-22.637161,-7.5348425,7930.9795,13.690262,6.6710424e-14,0.04863873529434204,29135.15935587883,595000
50.723618,-0.77665156,-4.626762,0.012827719,1.0,0.9995613,0.8544922,0.0011612095,-22.356441,-22.3791,0.8236785,266.24664,6.869062,4.547257e-08,0.22334349,-0.7171578,4.4609776,0.9995327,0.84472656,0.0011662557,-22.257563,-22.28009,0.7894007,79.69062,5.8888054,3.2350563e-06,101.33292,-1.9348178,-4.647105,0.020964926,1.0,0.998744,0.24902344,0.009084022,-22.324905,-22.339462,-7.4311123,7235.053,8.900266,2.1387783e-15,0.9986677,0.24023438,0.009162978,-22.413883,-22.42861,-7.3480434,1219.7944,7.253226,2.8399762e-13,0.048556000423431396,29377.939360380173,600000
63.535973,-0.6314533,-4.626298,0.012642165,1.0,0.9995365,0.8642578,0.0012176677,-22.423962,-22.44648,0.61121476,130.11897,5.173193,1.5061025e-07,0.36601743,-1.3636811,6.49564,0.9995289,0.83984375,0.0012198768,-22.377415,-22.399866,0.58896536,76.80257,5.045237,9.589493e-07,103.85698,-1.5424391,-4.655749,0.024422636,1.0,0.9987736,0.2578125,0.009044705,-22.469265,-22.484016,-7.378423,13953.673,17.787914,8.630348e-15,0.9987984,0.24511719,0.008816176,-22.50772,-22.522522,-7.3664236,2971.444,8.750118,1.9441781e-14,0.20085862336158752,30382.232480287552,605000
55.834595,-0.75514984,-4.6233053,0.011445042,1.0,0.99957466,0.85253906,0.0011523714,-22.480698,-22.50344,0.7854011,263.54483,5.6228447,4.084649e-08,0.34063807,-0.49196568,4.5567865,0.9995203,0.8310547,0.00121873,-22.467957,-22.4906,0.69879174,92.525734,5.351368,4.0354107e-06,101.12546,-1.6343819,-4.658395,0.025481015,1.0,0.9988003,0.2548828,0.009012656,-22.495178,-22.509893,-7.440562,1435.9497,5.5937214,3.1410286e-15,0.9987068,0.2265625,0.009235945,-22.55611,-22.570797,-7.533226,667.67676,5.6996374,1.064989e-13,0.04840930023193359,30624.27898621559,610000
48.186928,-0.8728601,-4.6277075,0.013205958,1.0,0.99959755,0.87597656,0.0011034595,-22.30554,-22.328178,0.8558681,321.64716,6.2101183,2.5765948e-07,0.45972484,-0.5084608,5.014949,0.9995432,0.85058594,0.0011266414,-22.327797,-22.350431,0.8283374,335.69583,6.133796,1.13351625e-05,101.28218,-1.6362427,-4.6514916,0.022719478,1.0,0.998765,0.23535156,0.009220787,-22.361542,-22.375881,-7.6922083,15160.804,12.31812,1.4199441e-13,0.99866676,0.21191406,0.009412924,-22.382175,-22.396532,-7.696166,1255.6001,6.345621,2.0426057e-14,0.04161539525985718,30832.355964183807,615000
46.316673,-0.92867,-4.6295557,0.01394538,1.0,0.99954414,0.85546875,0.001248891,-22.395226,-22.417841,0.7399405,194.00775,5.9684734,4.961706e-07,0.86450326,-0.25998828,5.3399196,0.99949265,0.828125,0.0012776221,-22.363884,-22.386467,0.73858804,125.67619,5.9529705,2.240452e-06,102.953476,-1.8281157,-4.6440682,0.019750286,1.0,0.9987726,0.23144531,0.009323588,-22.31602,-22.330294,-7.7147255,6053.854,9.719093,1.1928011e-14,0.9986801,0.20703125,0.009412797,-22.336996,-22.351223,-7.7835774,340.71912,3.438062,7.2509994e-13,0.0397010977268219,31030.861467838287,620000
52.373024,-0.68029714,-4.6243725,0.011871951,1.0,0.9995508,0.85058594,0.0012260424,-22.523785,-22.546381,0.5932085,122.69282,5.160442,1.0602522e-06,0.64331007,-0.57789046,5.508776,0.99950695,0.82421875,0.001228272,-22.549644,-22.57223,0.5547627,88.91055,4.930997,1.218381e-06,106.138405,-1.825589,-4.647446,0.02110148,1.0,0.99882984,0.24804688,0.009314726,-22.624279,-22.63862,-7.953308,1637.451,4.761338,5.16265e-13,0.9986849,0.22558594,0.009299305,-22.638084,-22.652668,-7.7211432,320.26746,4.1175084,8.732922e-13,0.03551994948387146,31208.461216449738,625000
58.345,-0.6858671,-4.6261654,0.012589159,1.0,0.999588,0.8671875,0.0011840673,-22.382433,-22.40511,0.8176224,198.3247,6.306208,1.6580366e-08,0.41880646,-0.67900085,3.6912832,0.9995432,0.8378906,0.0012387307,-22.372616,-22.3952,0.73400986,97.483284,6.1070056,9.1992915e-06,107.50169,-1.4866467,-4.6586623,0.025587812,1.0,0.99874973,0.24121094,0.00913961,-22.285973,-22.300446,-7.4818907,2974.3586,7.7542324,4.9511386e-14,0.99871254,0.22070312,0.009175713,-22.410133,-22.424608,-7.600235,2497.0386,5.5918913,6.611599e-13,0.017057313108444213,31293.747784614563,630000
51.384773,-0.72489643,-4.623702,0.011603725,1.0,0.9995823,0.8798828,0.0011026639,-22.519527,-22.542404,0.8821813,246.26443,6.475173,4.5284974e-06,0.685406,-0.24580245,5.398024,0.9995489,0.8574219,0.0011374586,-22.394005,-22.41664,0.76131845,239.88731,6.202533,1.4095003e-05,103.311646,-1.6735694,-4.6388183,0.017650355,1.0,0.9987898,0.2578125,0.009051972,-22.571774,-22.586464,-7.543351,1625.9762,6.473285,2.78349e-13,0.9987068,0.23632812,0.009225068,-22.475204,-22.489817,-7.5290685,1176.5247,6.6086416,1.8501706e-12,0.0180207736492157,31383.851654291153,635000
59.91122,-0.7023341,-4.626914,0.01288861,1.0,0.99958897,0.8730469,0.0011582992,-22.490974,-22.513752,0.8121294,115.54141,5.9070306,5.121488e-07,0.338648,-0.54816324,4.3383884,0.9995413,0.8466797,0.0011731351,-22.45715,-22.479803,0.71670985,91.7709,5.2469907,3.4248362e-07,114.1263,-1.5527897,-4.6463547,0.020664819,1.0,0.99879074,0.2578125,0.009521016,-22.41035,-22.424442,-7.992823,19415.686,21.071154,1.9872873e-13,0.9986973,0.22558594,0.009535929,-22.49606,-22.5103,-7.928198,2869.901,9.11396,1.5265196e-12,0.02166821184158325,31492.19271492958,640000
59.548874,-0.6488325,-4.6247864,0.012037522,1.0,0.99956703,0.85546875,0.001177059,-22.60427,-22.627089,0.73828936,524.53705,5.831849,5.596012e-10,0.5964867,-0.603968,4.857645,0.9995136,0.8339844,0.0012019683,-22.560001,-22.582693,0.65314865,170.99486,5.0965166,1.5033279e-10,110.941475,-1.4879658,-4.636014,0.016528696,1.0,0.9987278,0.25,0.009253922,-22.518631,-22.533184,-7.6296496,560.43854,4.395889,7.094552e-16,0.99870205,0.23339844,0.009277122,-22.650219,-22.664886,-7.643221,5482.0103,12.04649,9.978518e-14,0.021613306283950806,31600.259249448776,645000
46.443344,-0.8880516,-4.6249104,0.012086975,1.0,0.9995785,0.859375,0.001219936,-22.431953,-22.454672,0.8092834,147.65314,6.253048,9.600099e-07,0.319215,-0.53295916,5.439657,0.9995146,0.8251953,0.0012443496,-22.438324,-22.4611,0.8610177,599.65485,7.3087006,9.5079145e-08,103.36912,-1.5877153,-4.6474767,0.021113683,1.0,0.9987612,0.24511719,0.008860407,-22.494884,-22.50989,-7.144591,10711.689,13.998818,5.494792e-14,0.9986963,0.22363281,0.009034291,-22.504131,-22.518991,-7.302681,2856.3276,11.052992,1.5128096e-12,0.030278449821472167,31751.65150284767,650000
51.21978,-0.8365065,-4.6247473,0.012022072,1.0,0.9996023,0.86328125,0.0011033243,-22.59876,-22.621616,0.7825529,683.697,5.8825617,2.9231677e-08,0.5499066,-0.3248298,3.416051,0.99956703,0.8388672,0.0011250507,-22.547905,-22.57072,0.7941474,157.67363,5.7554755,2.1435449e-07,102.6984,-1.7526302,-4.640313,0.01824833,1.0,0.9987736,0.2626953,0.008917046,-22.571774,-22.586681,-7.3214364,17694.645,18.614735,3.3058671e-13,0.99870205,0.24609375,0.009169583,-22.531818,-22.54652,-7.494443,1816.8342,7.9493265,6.974694e-13,0.047575161123275755,31989.527311325073,655000
54.453926,-0.688254,-4.624058,0.011745974,1.0,0.99959373,0.88183594,0.0010980068,-22.540642,-22.563435,0.77805287,1227.7844,6.8461695,1.723228e-07,0.8291751,-0.33471984,5.5869,0.9995661,0.86035156,0.0011057702,-22.561491,-22.58425,0.7225059,571.62006,6.187256,9.336824e-05,98.736725,-1.6630304,-4.649349,0.021862494,1.0,0.99881744,0.27929688,0.0089160465,-22.608826,-22.623777,-7.313487,19130.465,14.434601,1.2618319e-12,0.9986849,0.23632812,0.009333934,-22.60466,-22.619438,-7.48472,8214.488,18.093426,5.1788044e-13,0.04856370606422424,32232.345843076706,660000
57.29128,-0.71165204,-4.625167,0.012189616,1.0,0.9995718,0.8574219,0.0011370754,-22.524807,-22.547577,0.77205575,4488.8564,8.598085,3.0536863e-05,0.3552557,-0.45681998,5.258507,0.9995308,0.82714844,0.0011807049,-22.454975,-22.477617,0.7077909,1157.0472,6.423806,3.447697e-05,104.46419,-1.7323623,-4.6488924,0.021679848,1.0,0.9987545,0.24511719,0.00945002,-22.51623,-22.53054,-7.877802,1139.4641,5.8495197,5.132439e-13,0.9987335,0.23144531,0.009501709,-22.58849,-22.602892,-7.856326,842.65045,6.108711,2.8329268e-13,0.04852352137565613,32474.963451862335,665000
55.930107,-0.70138514,-4.6242886,0.01183853,1.0,0.9995947,0.8613281,0.0011467005,-22.45052,-22.473242,0.7956525,263.83304,6.145644,3.3687822e-05,0.4893686,-0.5363624,4.5257716,0.99954414,0.8339844,0.0011958475,-22.503546,-22.52622,0.6931528,219.91371,5.5640593,6.37337e-05,100.971466,-1.7797868,-4.6505766,0.02235363,1.0,0.9987602,0.23242188,0.0093428325,-22.516985,-22.531424,-7.7466407,1262.9979,5.2222652,4.842143e-13,0.99865437,0.20214844,0.0094584115,-22.64564,-22.660145,-7.805358,4738.045,9.548194,9.997536e-13,0.0484887574672699,32717.407241106033,670000
53.691814,-0.79921746,-4.623763,0.0116282,1.0,0.99958515,0.8613281,0.0011229371,-22.491295,-22.514006,0.7432931,459.1977,5.7551365,1.0578156e-05,0.4659527,-0.6887566,4.435485,0.99952507,0.8359375,0.0011508168,-22.412687,-22.43539,0.8130367,131.99901,6.079675,0.00012159226,114.18402,-1.6454928,-4.644052,0.019743739,1.0,0.998786,0.27148438,0.008997441,-22.45665,-22.47146,-7.305648,50519.77,32.68995,3.251219e-14,0.9986992,0.25,0.008967506,-22.436726,-22.451591,-7.2273784,542.9453,5.28814,1.3119943e-13,0.04852139630317688,32960.01422429085,675000
54.135826,-0.6020491,-4.6252437,0.012220387,1.0,0.9996023,0.8574219,0.0011284244,-22.49883,-22.521578,0.77257025,323.48596,6.2140646,1.1520541e-05,0.5728875,-0.5116055,4.5071187,0.9995327,0.8300781,0.0011615074,-22.43407,-22.4567,0.71562743,614.16833,6.2714443,1.6287328e-06,93.03175,-1.8464981,-4.642597,0.019161731,1.0,0.9987335,0.23535156,0.009347752,-22.532457,-22.547012,-7.643092,4986.4033,8.976963,4.4851098e-15,0.9987259,0.20898438,0.009393195,-22.586626,-22.601048,-7.835046,1631.7332,4.854354,5.907736e-14,0.048581741333007813,33202.922932863235,680000
57.85209,-0.73838294,-4.6265507,0.012743077,1.0,0.99959564,0.87402344,0.0011496453,-22.553793,-22.576647,0.8260081,5497.7593,9.202491,3.7205556e-08,0.46247703,-0.75355184,4.4954453,0.9995556,0.85839844,0.0011607485,-22.578918,-22.601738,0.76662934,199.50102,6.390382,8.505691e-08,93.432365,-1.9789615,-4.638794,0.017640576,1.0,0.99878407,0.23046875,0.009394152,-22.5416,-22.555964,-7.8481483,3381.0908,11.745369,3.19287e-13,0.99866676,0.21386719,0.009398444,-22.62635,-22.640892,-7.7526884,1638.4211,6.9973364,7.8453005e-13,0.04852074661254883,33445.526668787,685000
56.403046,-0.71006507,-4.625811,0.012447341,1.0,0.9996109,0.86328125,0.0011362897,-22.490448,-22.5132,0.7830453,1089.5856,6.619938,4.0147206e-06,0.5454817,-0.73662275,6.3072143,0.9995403,0.83691406,0.0011847508,-22.499285,-22.521975,0.7146096,87.5793,5.512865,5.8749436e-08,97.91063,-1.7612824,-4.6450996,0.020162893,1.0,0.9987612,0.25976562,0.009132743,-22.634611,-22.64945,-7.4566965,1339.2095,5.2106996,1.707115e-16,0.9987221,0.24609375,0.00940626,-22.712955,-22.727777,-7.552764,4584.7173,11.973148,7.4536494e-14,0.04867789969444275,33688.9161696434,690000
53.108574,-0.7324612,-4.6271744,0.012992791,1.0,0.9995518,0.86621094,0.0011937101,-22.597235,-22.620096,0.7903316,302.64417,5.832164,1.991339e-06,0.39901102,-0.47983736,4.993034,0.9995041,0.8388672,0.00125392,-22.594116,-22.616962,0.7762298,496.8119,6.2671003,1.1191636e-05,105.92484,-1.5955135,-4.646803,0.020843964,1.0,0.9988136,0.24804688,0.009276165,-22.631092,-22.645536,-7.853599,8136.66,8.679509,2.0562568e-13,0.99873257,0.21777344,0.009261169,-22.685236,-22.699713,-7.875587,1750.8695,5.6917152,2.897281e-14,0.04899102468490601,33933.87129497528,695000
64.33199,-0.64815885,-4.6250167,0.012129675,1.0,0.99960136,0.8623047,0.0011657518,-22.596626,-22.619404,0.70519423,320.9839,5.6691284,8.720294e-08,0.6136602,-0.9021264,5.8827443,0.99954987,0.828125,0.0011664883,-22.576607,-22.599344,0.68233967,195.88426,5.799745,2.0869988e-08,96.09175,-1.8985306,-4.6495852,0.02195724,1.0,0.9987879,0.23046875,0.00934699,-22.604227,-22.618628,-7.872883,3899.6067,9.830485,3.6834267e-17,0.9987068,0.21582031,0.009310855,-22.609303,-22.623882,-7.693881,1778.7496,6.377748,4.197871e-16,0.048962892389297484,34178.685759067535,700000
56.150078,-0.7650622,-4.6245914,0.0119595295,1.0,0.9995909,0.8535156,0.001172563,-22.480743,-22.503576,0.87723327,646.1743,7.208974,1.1507681e-09,0.7192061,-0.28038403,5.606836,0.9995327,0.828125,0.00121602,-22.655106,-22.678083,0.85235995,198.00739,6.9555387,1.6413912e-08,108.948814,-1.6108415,-4.650827,0.02245374,1.0,0.9987278,0.2578125,0.009089222,-22.639591,-22.654583,-7.302172,25745.36,20.023232,5.7591045e-15,0.9986887,0.24316406,0.009100571,-22.851017,-22.86619,-7.327987,5260.4116,13.215718,9.770293e-15,0.2023257764339447,35190.31464290619,705000
57.767124,-0.7625988,-4.6269245,0.012892733,1.0,0.9995632,0.85546875,0.0011941891,-22.514038,-22.53672,0.68860954,1474.5543,6.091425,1.5319181e-05,0.4947555,-0.57632405,5.441553,0.999527,0.8300781,0.0012174061,-22.55318,-22.575888,0.67674,227.41064,5.7797832,1.6299939e-05,94.3215,-1.842813,-4.638935,0.017696863,1.0,0.99881744,0.28027344,0.008852458,-22.58761,-22.602665,-7.185936,35036.5,31.776138,8.824591e-14,0.9987345,0.25976562,0.009020079,-22.659225,-22.674341,-7.1955385,4483.5083,12.608208,3.8489038e-14,0.04846147933006287,35432.622042655945,710000
58.1646,-0.77941537,-4.6262693,0.012630755,1.0,0.999568,0.8574219,0.0011768024,-22.62597,-22.648867,0.79530495,292.9417,6.286819,1.531642e-07,0.323925,-0.82459754,4.9797916,0.9995146,0.8330078,0.0012212249,-22.536083,-22.558836,0.7380202,122.555115,5.6477785,1.7938006e-05,107.3283,-1.6461718,-4.642134,0.018976694,1.0,0.99879074,0.25976562,0.009044416,-22.465504,-22.480183,-7.451368,11669.531,14.664103,3.0083962e-13,0.99873924,0.2265625,0.009048352,-22.600811,-22.615572,-7.500922,8108.82,13.098925,4.7107657e-15,0.04431084351539612,35654.17626166344,715000
58.267376,-0.7038983,-4.624132,0.01177592,1.0,0.9995642,0.87402344,0.0011597278,-22.557535,-22.580276,0.70748454,168.54382,5.390641,2.671561e-06,0.61361545,-0.37698725,3.8047152,0.9995327,0.8466797,0.0012037172,-22.530167,-22.552847,0.6732596,306.7537,5.8071675,4.0974855e-06,112.16089,-1.4179296,-4.649528,0.021934088,1.0,0.99874115,0.24707031,0.009250565,-22.648968,-22.663788,-7.487617,2663.7542,8.675703,2.5465285e-14,0.9987135,0.23144531,0.009163682,-22.557804,-22.572552,-7.4706345,14764.59,24.534117,3.808731e-14,0.03963926372528076,35852.37258219719,720000
55.221977,-0.75413024,-4.627247,0.013021568,1.0,0.99954414,0.8408203,0.001234221,-22.613136,-22.635876,0.64756763,153.56053,5.4675484,9.520649e-07,0.81204677,-0.5691408,6.390526,0.9994898,0.8154297,0.0012296595,-22.516441,-22.539076,0.637985,155.66415,5.428379,8.951447e-06,94.05612,-1.9423586,-4.654097,0.023761844,1.0,0.9987917,0.24609375,0.009567391,-22.67231,-22.68651,-8.143806,12702.674,12.311122,1.12526625e-14,0.9987364,0.23144531,0.0095440615,-22.674389,-22.688757,-7.9741583,1402.7944,5.545832,7.368333e-13,0.03962672419548035,36050.506204366684,725000
51.691154,-0.7300111,-4.6230803,0.01135508,1.0,0.9995632,0.8535156,0.0012317355,-22.469994,-22.492687,0.7448771,345.5109,5.8214607,1.5528403e-05,0.49116763,-0.5031063,4.2657404,0.9995022,0.8232422,0.0012701438,-22.453663,-22.476276,0.6801623,3276.544,9.296652,1.0849364e-05,100.77265,-1.7425463,-4.641023,0.018532148,1.0,0.99880123,0.28808594,0.009157995,-22.568726,-22.583487,-7.47083,6041.0967,13.195518,1.1953884e-14,0.9987297,0.2578125,0.009338625,-22.675524,-22.69026,-7.5986085,4190.2715,10.553017,1.8010578e-13,0.03323166422843933,36216.66452741623,730000
57.942116,-0.75312877,-4.625003,0.0121241305,1.0,0.999526,0.8388672,0.0012345114,-22.558968,-22.5818,0.7993238,364.59653,6.5745244,1.1815724e-06,0.35011667,-0.8382581,4.6313725,0.9995003,0.8125,0.0012396156,-22.655865,-22.678814,0.81839776,168.97894,6.0758963,1.7300806e-06,105.06405,-1.543207,-4.6427464,0.019221572,1.0,0.99880123,0.26367188,0.00905662,-22.668495,-22.683414,-7.4057217,4478.0557,13.316774,1.0846413e-15,0.9986658,0.23339844,0.009389434,-22.81977,-22.834814,-7.4295487,11005.102,22.596073,4.740108e-13,0.019011151313781737,36311.72028565407,735000
58.426704,-0.7631134,-4.6247025,0.012003975,1.0,0.9995699,0.8515625,0.0011567541,-22.641489,-22.664349,0.74335384,490.202,5.869403,1.46954e-06,1.2569789,-0.47705173,5.6271706,0.99953365,0.82714844,0.0012154096,-22.63726,-22.660069,0.6965565,139.6626,5.96525,0.00015003546,98.45907,-1.7509267,-4.6414623,0.018707953,1.0,0.9987812,0.26367188,0.009112911,-22.652866,-22.667643,-7.537053,4215.4673,8.802145,4.8273847e-18,0.99871635,0.22070312,0.00929938,-22.708248,-22.722878,-7.739584,2264.2446,6.571919,1.7073403e-19,0.021837548685073854,36420.90803050995,740000
61.3011,-0.6846716,-4.624757,0.01202552,1.0,0.9995861,0.85546875,0.0011954041,-22.560886,-22.583717,0.7947288,114.79264,5.839964,1.4982605e-07,0.37577274,-0.53005016,4.8559985,0.9995146,0.82421875,0.001202418,-22.617617,-22.640512,0.80492043,125.0492,6.082467,9.830406e-08,111.16086,-1.3443642,-4.6464825,0.020716006,1.0,0.9987984,0.26367188,0.00912925,-22.641735,-22.656574,-7.4616675,3710.7573,9.210752,6.941713e-17,0.99874306,0.234375,0.009355195,-22.713017,-22.72763,-7.762932,814.0863,5.370468,8.962306e-15,0.021905159044265748,36530.43382716179,745000
60.577827,-0.6700714,-4.6250105,0.012127048,1.0,0.9996147,0.85839844,0.0011383356,-22.6012,-22.62411,0.83422154,422.20993,6.718501,1.9736558e-06,0.6207627,-0.2656379,4.1060486,0.999547,0.8339844,0.0011730266,-22.533522,-22.556295,0.7630494,124.623886,6.172814,6.095476e-07,107.903824,-1.7301009,-4.6403317,0.01825576,1.0,0.9987669,0.23535156,0.009348679,-22.53673,-22.551178,-7.755721,7107.203,11.574282,3.4381937e-13,0.9987173,0.21386719,0.009400239,-22.518408,-22.532755,-7.84202,231.65056,3.4621933,3.4543708e-13,0.026557309532165528,36663.22037649155,750000
51.272324,-0.7614614,-4.6249223,0.012091997,1.0,0.999588,0.85839844,0.0011393628,-22.703571,-22.726555,0.8093954,359.2272,6.4848347,1.602617e-07,0.4066388,-0.6041362,5.3136964,0.9995632,0.8388672,0.001172663,-22.712215,-22.73523,0.8313198,377.5347,7.1945157,1.0095312e-06,103.21521,-1.8680129,-4.6433506,0.019463254,1.0,0.998765,0.24511719,0.009414645,-22.693,-22.70752,-7.840127,2013.9589,5.6249866,1.2475581e-14,0.99867916,0.21386719,0.009499332,-22.707987,-22.722504,-7.858659,269.79514,3.8766155,2.084854e-12,0.03978048939704895,36862.12282562256,755000
62.567017,-0.64090884,-4.624651,0.011983342,1.0,0.99958706,0.8642578,0.0011263185,-22.579178,-22.602024,0.79544926,152.86,6.2993507,1.8325518e-05,0.63885033,-0.66626346,5.0937443,0.9995384,0.84472656,0.0011519203,-22.680216,-22.703054,0.6838193,159.57135,5.631673,0.00053370086,101.721085,-1.8220446,-4.6444054,0.019885093,1.0,0.9987068,0.23046875,0.009487246,-22.669048,-22.683601,-7.7816644,5615.632,11.05538,1.7286353e-16,0.99870014,0.20996094,0.009363812,-22.820715,-22.83545,-7.749034,775.93475,5.684608,9.695638e-13,0.048589150905609134,37105.06858253479,760000
48.72554,-0.720503,-4.624658,0.011986333,1.0,0.99961376,0.875,0.0011045556,-22.748665,-22.771646,0.76002955,522.3914,5.8377867,1.7520792e-06,0.45838824,-0.28552476,3.6999125,0.99956226,0.8486328,0.0011443591,-22.804976,-22.82791,0.6563776,102.752655,5.152437,3.442719e-07,100.43984,-1.6392689,-4.6415405,0.018739063,1.0,0.99878216,0.24414062,0.009269329,-22.552174,-22.566555,-7.8376036,209.11414,3.1798844,7.379313e-14,0.99870205,0.20898438,0.009554017,-22.63727,-22.651587,-7.9922237,3046.7932,6.7522483,3.2701316e-14,0.04857150115966797,37347.92609024048,765000
53.531948,-0.8120064,-4.6268005,0.012843165,1.0,0.999609,0.875,0.0010699647,-22.624187,-22.647133,0.8494854,452.23932,6.57994,8.29481e-06,0.5065791,-0.66601837,6.269744,0.99958897,0.86328125,0.0010189443,-22.683773,-22.706799,0.871166,132.02556,6.2543116,0.00023298681,104.14413,-1.5979229,-4.6457396,0.020418977,1.0,0.9988136,0.26171875,0.009128148,-22.610008,-22.624708,-7.5745473,4067.188,11.485308,4.531073e-13,0.9987354,0.23144531,0.0092388615,-22.72866,-22.743464,-7.5845003,1297.173,6.2442846,1.1906043e-12,0.04851919770240784,37590.52208209038,770000
55.08402,-0.755096,-4.6236777,0.011594123,1.0,0.99953175,0.85253906,0.0012245621,-22.68224,-22.705124,0.7277634,203.24345,5.6443024,1.3779514e-07,0.8232003,-0.53953755,5.289568,0.9994898,0.8408203,0.0012606431,-22.790462,-22.81343,0.70627177,202.09325,5.789973,2.715864e-06,99.782524,-1.6694316,-4.649334,0.021856563,1.0,0.9987974,0.25585938,0.009310015,-22.845749,-22.8605,-7.755037,26961.871,27.411905,2.7789704e-13,0.99871635,0.22167969,0.009343687,-22.948658,-22.963514,-7.7484255,594.6958,6.0520587,2.3500215e-13,0.04903639316558838,37835.70404982567,775000
53.935005,-0.86930895,-4.626971,0.012911314,1.0,0.9995842,0.85839844,0.0011490323,-22.5778,-22.60079,0.94062734,144.4674,6.45901,4.5022075e-06,0.6313709,-0.51810765,5.0411477,0.99954987,0.8417969,0.0011565934,-22.556023,-22.578981,0.93208414,279.54654,6.9259653,0.0004418826,114.66536,-1.579607,-4.650514,0.02232863,1.0,0.99882793,0.24902344,0.009180355,-22.690292,-22.704908,-7.739089,2842.534,7.7076902,1.01962506e-13,0.9987488,0.22070312,0.009271713,-22.803482,-22.818071,-7.8792243,770.15454,4.299282,1.9201303e-12,0.0502945038318634,38087.176572561264,780000
57.35948,-0.7661997,-4.624816,0.012049479,1.0,0.9995966,0.8652344,0.0011384365,-22.554878,-22.577793,0.88690764,579.91364,6.888756,2.604334e-06,0.54343426,-0.4606116,4.3793235,0.9995394,0.83691406,0.0011593283,-22.541609,-22.564543,0.9202738,168.65125,7.059114,1.2386275e-05,101.84271,-1.6344614,-4.647952,0.021303872,1.0,0.9987583,0.24902344,0.009410033,-22.613934,-22.628593,-7.6147437,6609.761,10.943753,1.2158682e-13,0.9986782,0.23046875,0.009450575,-22.697903,-22.712723,-7.5389376,2260.2988,7.8296146,4.8795593e-14,0.04886245994567871,38331.488874435425,785000
55.07962,-0.6981391,-4.6272655,0.013029202,1.0,0.9996309,0.8876953,0.0010012636,-22.644882,-22.667933,0.93565965,474.35266,6.484986,1.690878e-05,0.618305,-0.41578633,4.9570627,0.99958706,0.86328125,0.0010586317,-22.75076,-22.773846,0.8691459,238.69974,6.4679127,0.00048690345,113.71059,-1.4674356,-4.6447525,0.020024152,1.0,0.9987831,0.26660156,0.009183945,-22.557953,-22.572668,-7.5063996,3160.7878,11.662219,6.788787e-14,0.99870396,0.23828125,0.009337233,-22.690258,-22.704866,-7.7429595,618.6132,5.512003,3.486133e-14,0.04854609498977661,38574.21935129166,790000
49.869255,-0.7406974,-4.6243715,0.011871687,1.0,0.99960136,0.8769531,0.0010765898,-22.821484,-22.84461,0.8383668,409.88467,6.758562,0.00028247008,0.63845277,-0.27306083,4.332921,0.99955654,0.83691406,0.0010967052,-22.806684,-22.82969,0.7282505,83.88727,5.0558057,0.00030390226,110.36398,-1.6174316,-4.641859,0.018866653,1.0,0.9987345,0.23242188,0.009443589,-22.719852,-22.734451,-7.7867985,1751.0399,5.249565,7.2214316e-14,0.9986925,0.21777344,0.009480469,-22.83192,-22.846449,-7.9669375,662.89075,4.196761,2.0481846e-14,0.049709010314941404,38822.76440477371,795000
56.117348,-0.7088343,-4.6260657,0.012549199,1.0,0.99959946,0.8544922,0.0011350552,-22.648241,-22.671194,0.83307254,502.49243,6.391599,4.141642e-05,0.62770295,-0.66502166,6.0951285,0.9995651,0.8457031,0.0011334275,-22.645714,-22.668682,0.8500923,177.71031,6.383516,0.00010151433,94.71765,-1.8895988,-4.6495667,0.021949554,1.0,0.9987879,0.24414062,0.009385169,-22.60898,-22.623459,-7.797516,7908.503,12.737598,1.8167702e-13,0.99870396,0.2265625,0.0094481,-22.68068,-22.695198,-7.8286066,1685.7164,5.9963837,8.236318e-14,0.04962827606201172,39070.9057867527,800000
60.06893,-0.64807487,-4.6245046,0.0119248545,1.0,0.9996147,0.8808594,0.0010927519,-22.777771,-22.80085,0.8304129,638.33624,6.5993166,1.0007883e-05,0.7172983,-0.69489115,5.318762,0.9995451,0.8457031,0.0011341406,-22.73442,-22.757427,0.8009324,189.72604,6.5486937,3.498045e-05,101.112366,-1.7721577,-4.6539283,0.023694247,1.0,0.9987583,0.22558594,0.009703445,-22.727386,-22.741636,-8.149767,4931.634,7.0230274,4.970405e-13,0.99867153,0.21972656,0.009818754,-22.873672,-22.888037,-8.179985,6497.9966,19.258093,6.5937503e-14,0.2069071307659149,40105.4414434433,805000
55.203896,-0.7295688,-4.626313,0.012648391,1.0,0.99960804,0.87597656,0.0010921372,-22.65857,-22.681505,0.80620885,670.9209,6.1732464,1.472522e-05,0.43092772,-0.51403,5.3823223,0.99955463,0.83984375,0.0011435407,-22.725695,-22.748686,0.79416096,255.16702,6.2999625,9.412989e-05,98.23811,-1.7798285,-4.648244,0.021420505,1.0,0.99883556,0.23925781,0.009391433,-22.70039,-22.714865,-7.8928614,2372.5112,8.382366,2.455872e-14,0.99875546,0.20898438,0.009507857,-22.806166,-22.820635,-8.005459,8945.65,16.98206,3.784032e-14,0.04842868447303772,40347.58486747742,810000
56.38361,-0.6244214,-4.622801,0.011243123,1.0,0.9995918,0.87597656,0.001121565,-22.641304,-22.664291,0.87403274,317.5446,6.55925,1.1844974e-05,0.47259808,-0.38070726,4.117963,0.99954414,0.85253906,0.0011689895,-22.658792,-22.681711,0.7863678,350.64175,6.180055,1.2247813e-08,111.50817,-1.8015516,-4.6510553,0.022545232,1.0,0.99875736,0.2421875,0.009451407,-22.692722,-22.707241,-7.8404307,1324.418,6.6905417,1.1429959e-13,0.9986906,0.21679688,0.009455727,-22.774277,-22.788872,-7.8446865,395.12805,5.0591183,1.1959917e-12,0.04651692051887512,40580.16947412491,815000
59.712578,-0.7217753,-4.623601,0.011563434,1.0,0.9996042,0.875,0.0010792355,-22.844118,-22.867249,0.81888866,200.821,5.8030024,5.364293e-06,0.5532832,-0.665861,6.076887,0.9995289,0.84277344,0.0011197092,-22.881512,-22.904667,0.8077747,190.15561,6.0360622,6.1083796e-08,102.1039,-1.8279883,-4.6483717,0.021471567,1.0,0.9987812,0.22949219,0.009452209,-22.814182,-22.828642,-8.022147,3419.85,5.7209444,1.2962022e-13,0.9986944,0.20898438,0.009545648,-22.855518,-22.870054,-7.98572,3496.4617,8.05396,3.3186936e-12,0.04078912491798401,40784.11510014534,820000
55.872993,-0.69050556,-4.624086,0.011757366,1.0,0.99955463,0.8544922,0.00120079,-22.593765,-22.616642,0.80725944,235.02548,5.8962965,2.0598706e-07,0.27253023,-0.45218328,5.4783187,0.99950695,0.8222656,0.0012393207,-22.676165,-22.699005,0.68915486,1049.651,6.7840137,3.5210064e-08,108.137794,-1.5767928,-4.643902,0.019683657,1.0,0.99881554,0.24414062,0.009278595,-22.726227,-22.74077,-7.848669,1560.8688,6.4282928,1.5309167e-12,0.99876595,0.21972656,0.009329421,-22.870197,-22.88476,-7.97241,397.60358,3.5092087,1.3106512e-13,0.04091196088790894,40988.674907922745,825000
51.05081,-0.65391827,-4.624963,0.01210812,1.0,0.9995928,0.8496094,0.0011322196,-22.805305,-22.828346,0.7653244,1294.3154,6.3657312,2.150362e-08,0.31557706,-0.47231632,3.8249445,0.99953556,0.8310547,0.0011585866,-22.795458,-22.818434,0.7087786,447.9083,5.954962,8.30224e-08,107.84573,-1.7670739,-4.6414404,0.018699173,1.0,0.99876976,0.24707031,0.009471615,-22.808323,-22.822805,-7.993575,817.227,3.5144534,1.6871446e-14,0.9987116,0.21679688,0.009547971,-22.855541,-22.870083,-7.9776154,876.07996,5.2403727,7.818527e-14,0.037112720537185666,41174.238512039185,830000
50.69324,-0.8770299,-4.62653,0.012735051,1.0,0.99957275,0.8535156,0.0011651702,-22.763588,-22.786585,0.7609837,366.75485,5.8631296,3.752731e-06,0.4914957,-0.54425997,3.817873,0.9995632,0.84472656,0.0011870924,-22.832104,-22.855143,0.7347607,450.04556,6.1808987,1.4919931e-06,104.6395,-1.7107627,-4.6407237,0.01841257,1.0,0.99876595,0.23925781,0.00964109,-22.811382,-22.825829,-8.033412,4611.216,7.6829658,4.9137636e-13,0.9986763,0.21875,0.009651691,-22.821442,-22.835938,-7.994961,605.64667,4.8286047,6.474299e-14,0.027437557983398437,41311.42630338669,835000
57.848194,-0.63151646,-4.6228623,0.01126796,1.0,0.9995909,0.87109375,0.0011045709,-22.775814,-22.798895,0.8352542,450.27457,6.186369,3.5291187e-06,0.72511196,-0.80238223,5.378098,0.9995527,0.84765625,0.0011284204,-22.717072,-22.740028,0.7671628,92.53632,5.497674,1.6095763e-06,94.560165,-2.0288937,-4.6495404,0.021939212,1.0,0.99880314,0.26660156,0.00920483,-22.783049,-22.797922,-7.5675273,10478.652,11.209751,8.941777e-16,0.99876976,0.24902344,0.008963563,-22.884634,-22.899725,-7.4489145,301.66458,4.101451,3.581647e-13,0.021702647686004637,41419.93954324722,840000
54.218887,-0.7401233,-4.626362,0.012667638,1.0,0.9995756,0.8671875,0.0011331243,-22.632236,-22.655178,0.83835757,184.01765,5.9992447,1.9791436e-05,0.41749662,-0.37314996,4.563787,0.99952984,0.83984375,0.0011509624,-22.677532,-22.700459,0.7774645,88.870964,5.3452973,1.7259139e-05,112.69081,-1.5581754,-4.646823,0.020852117,1.0,0.9987726,0.24316406,0.009342304,-22.641994,-22.656654,-7.6431503,1441.911,7.6691074,6.009123e-13,0.9986553,0.22753906,0.009326138,-22.837547,-22.852608,-7.431205,8578.206,15.984523,1.8500946e-14,0.021852965688705445,41529.20437288284,845000
59.810333,-0.72015584,-4.6227903,0.011239006,1.0,0.99955654,0.86621094,0.0011502337,-22.686953,-22.71001,0.89887524,348.4571,6.2833924,1.9809298e-05,0.7244228,-0.7687342,4.95675,0.9995394,0.8388672,0.0012051249,-22.666012,-22.689028,0.877808,187.8544,6.2105284,2.5780696e-07,108.064926,-1.5454834,-4.6403284,0.018254315,1.0,0.9987602,0.2607422,0.009249767,-22.842964,-22.857775,-7.6939754,1548.326,5.787538,5.3492746e-13,0.99871254,0.23632812,0.009231621,-22.799814,-22.81464,-7.633536,1349.4108,6.6055956,4.3652804e-15,0.023935184860229494,41648.88030266762,850000
57.630875,-0.66018313,-4.6251783,0.012194467,1.0,0.9995556,0.8574219,0.001193142,-22.741219,-22.7642,0.7686461,360.64005,6.0767193,1.06811086e-07,0.6880067,-0.53725255,8.00598,0.9995308,0.8359375,0.0011900713,-22.81362,-22.836649,0.7478847,200.12546,5.9267964,1.5723685e-06,101.62613,-1.7069509,-4.6450853,0.020157121,1.0,0.9987726,0.25195312,0.009518256,-22.656082,-22.670372,-8.03816,11473.765,14.362755,1.8958659e-14,0.99866104,0.2265625,0.009698214,-22.762775,-22.777184,-8.022384,489.48096,5.9587727,4.2378763e-13,0.03605424647331238,41829.151537656784,855000
57.188393,-0.7932355,-4.623217,0.011409729,1.0,0.99961853,0.8652344,0.0011165048,-22.859486,-22.882607,0.7930472,310.35483,6.2324038,1.558113e-06,0.31879583,-0.43789786,4.8640404,0.999526,0.84765625,0.0011462189,-22.859268,-22.882318,0.71855223,94.7749,5.666096,6.367182e-06,102.18915,-1.7679358,-4.6466103,0.020767057,1.0,0.99878883,0.26757812,0.009078837,-22.949669,-22.964746,-7.5248127,2407.882,7.8008833,6.1474433e-15,0.9987345,0.24414062,0.00911524,-22.978947,-22.99412,-7.4593344,5812.137,13.756067,6.628098e-14,0.046887451696395875,42063.58879852295,860000
57.923958,-0.6715671,-4.6223416,0.011059698,1.0,0.99956226,0.86328125,0.0011477489,-22.806534,-22.829676,0.86585414,179.59543,6.1059675,2.215577e-08,0.70235145,-0.46539444,4.534481,0.9995489,0.8417969,0.0011638729,-22.86755,-22.890697,0.81152475,123.17045,5.7611294,5.0181015e-09,108.317055,-1.6801008,-4.649992,0.022119736,1.0,0.9988241,0.24316406,0.009340236,-22.857569,-22.872198,-7.8920717,5465.421,10.427166,3.6618078e-14,0.99875164,0.21484375,0.00926986,-22.892803,-22.907576,-7.779228,2516.5522,7.562837,5.8024424e-13,0.048583825254440306,42306.5079267025,865000
52.896793,-0.73191726,-4.6249094,0.012086681,1.0,0.99957466,0.86621094,0.0011405016,-22.905293,-22.928501,0.83783805,131.43544,5.703224,9.838008e-07,0.4195394,-0.61011785,4.267418,0.99952793,0.8339844,0.0011602908,-22.840687,-22.863777,0.78054476,263.136,5.848871,3.4550585e-06,111.11281,-1.6447761,-4.6442194,0.019810716,1.0,0.9986906,0.25,0.009549923,-22.887451,-22.902246,-7.7508497,6716.168,15.34,7.171588e-15,0.99867725,0.21386719,0.009310144,-22.949142,-22.964054,-7.696059,545.5521,4.9021106,1.12105935e-13,0.048585737466812134,42549.43661570549,870000
60.639545,-0.6856981,-4.623951,0.011703393,1.0,0.9995642,0.8574219,0.0011495234,-22.70816,-22.731129,0.7893224,305.69885,6.265044,1.5180106e-07,0.7784777,-0.4316421,5.504837,0.9995327,0.8359375,0.0011925901,-22.718866,-22.741743,0.6837199,210.20026,5.905704,2.0096359e-05,96.8566,-1.7404909,-4.6482897,0.021438813,1.0,0.9987364,0.24707031,0.009329811,-22.896784,-22.91171,-7.6281977,1250.8885,5.571771,1.0145827e-14,0.99867153,0.23144531,0.009246895,-22.925018,-22.940006,-7.590128,276.44705,4.18266,3.7882925e-14,0.04846998753547668,42791.7865562439,875000
52.082672,-0.7938295,-4.623948,0.011702018,1.0,0.9995699,0.8642578,0.0011057626,-22.855976,-22.879084,0.7837358,876.8615,6.009305,4.818172e-07,0.5680364,-0.7449211,5.254939,0.9995403,0.8466797,0.0011123206,-22.934706,-22.957829,0.7224351,85.68268,4.986739,4.5521498e-05,106.26269,-1.8308594,-4.6398125,0.018048039,1.0,0.9987898,0.24121094,0.00926132,-22.89949,-22.91422,-7.829647,1625.587,5.307625,1.3140734e-16,0.9987068,0.21972656,0.009266973,-22.900997,-22.91593,-7.6269627,9939.171,20.785534,1.12272415e-13,0.048395853900909426,43033.76582765579,880000
48.371353,-0.7772632,-4.6253366,0.012257757,1.0,0.9996147,0.87109375,0.0010887451,-22.776905,-22.79999,0.83685,1705.8954,6.8873177,2.642686e-06,0.31865597,-0.47884387,4.5060334,0.9995804,0.8574219,0.0011030672,-22.877926,-22.901031,0.7612203,228.92174,5.631975,1.0517465e-06,107.30179,-1.6008176,-4.6475296,0.021134961,1.0,0.99883556,0.2578125,0.009120902,-22.776678,-22.791502,-7.6103754,14164.588,14.776229,1.730194e-14,0.9987631,0.22851562,0.009380426,-22.85633,-22.870981,-7.8688097,662.0448,5.8398743,1.0743214e-12,0.04833445868492126,43275.43812274933,885000
55.20658,-0.7241862,-4.623095,0.011360876,1.0,0.9995756,0.8623047,0.001202697,-22.838264,-22.861254,0.6798147,133.85283,5.987568,7.5174206e-08,0.53294814,-0.5926138,5.095755,0.9995136,0.83203125,0.0011964587,-22.952667,-22.975704,0.6106056,126.00431,5.2793617,6.086855e-07,109.93216,-1.651001,-4.6520953,0.022961106,1.0,0.99878025,0.24804688,0.009230781,-22.892765,-22.907606,-7.7104254,3620.531,10.179897,8.6245886e-15,0.9987068,0.22363281,0.009425612,-22.981586,-22.996332,-7.8965235,1094.2294,5.781339,9.515754e-15,0.048392759227752685,43517.40192103386,890000
59.308914,-0.6562028,-4.631188,0.014598104,1.0,0.99958134,0.8613281,0.0011125538,-22.815235,-22.838434,0.9174777,243.64374,6.034935,4.3370317e-05,0.71483696,-0.94686055,6.3487043,0.9995384,0.8466797,0.0011507735,-22.809555,-22.832676,0.8442056,167.07886,6.099144,2.0132307e-05,111.39879,-1.5631287,-4.651023,0.022532165,1.0,0.9987869,0.2578125,0.009268589,-22.870998,-22.88594,-7.5861416,13948.989,22.255507,3.2945586e-15,0.9986744,0.23046875,0.009221068,-22.907558,-22.922546,-7.5733037,1092.6677,6.433758,3.634788e-14,0.04972689390182495,43766.036391973495,895000
58.213104,-0.6282236,-4.6245446,0.011940711,1.0,0.9995918,0.8730469,0.001158346,-22.716946,-22.739958,0.82442784,1741.7157,7.034518,3.2565942e-10,0.65795565,-0.42246565,5.8180447,0.9995346,0.83984375,0.0011983837,-22.761179,-22.784132,0.72050035,7351.162,12.913131,2.2981644e-07,110.355804,-1.6282567,-4.647092,0.02095964,1.0,0.9987917,0.25683594,0.009137273,-22.67697,-22.691738,-7.5705795,3367.7969,7.9424105,1.4128928e-13,0.9987488,0.23144531,0.0091367755,-22.71313,-22.727907,-7.597123,993.3547,6.425967,1.114003e-15,0.049861033105850217,44015.34155988693,900000
57.45867,-0.6760018,-4.625725,0.012412779,1.0,0.9996214,0.8671875,0.0010893926,-22.752956,-22.776148,0.9747469,579.08606,7.211814,1.1992442e-05,0.6420283,-0.39355698,5.4132843,0.99957466,0.84472656,0.0010898061,-22.669504,-22.692545,0.9006017,75.90384,5.979646,0.00019979838,101.06885,-1.8499975,-4.6439543,0.019704625,1.0,0.9987049,0.24804688,0.009604187,-22.799,-22.813587,-7.878043,2069.3262,7.30945,1.9345947e-13,0.9986639,0.2265625,0.00967015,-22.79822,-22.812883,-7.7963934,3472.0688,9.38826,2.803706e-13,0.2028284032344818,45029.483578681946,905000
55.870026,-0.7104521,-4.6255074,0.012325986,1.0,0.9995842,0.8701172,0.0011148213,-22.86999,-22.893095,0.76718,644.52185,5.9171042,1.1352196e-06,1.2386001,-0.5106473,5.5576577,0.99953175,0.86035156,0.0011478096,-22.875244,-22.898312,0.7233591,288.72754,5.819649,4.1389117e-06,103.60665,-1.7669479,-4.6440873,0.019757925,1.0,0.99877644,0.24121094,0.009605393,-22.838057,-22.852509,-8.050993,3001.0676,6.0009146,5.3268726e-14,0.99871635,0.20214844,0.009652922,-22.824879,-22.839165,-8.214219,480.37347,3.5977297,1.0324379e-12,0.04929080648422241,45275.93761301041,910000
53.483944,-0.73403275,-4.6238923,0.011679885,1.0,0.99958706,0.859375,0.0011548668,-22.906893,-22.930027,0.7572596,138.97893,5.812681,2.489721e-07,0.80151284,-0.55522835,6.447378,0.99953556,0.84472656,0.0011973777,-22.948269,-22.97137,0.684688,203.06781,5.3039155,8.573186e-08,101.732704,-1.69195,-4.643341,0.01945945,1.0,0.9987993,0.24609375,0.00939179,-22.815586,-22.830168,-7.8996124,6175.434,9.073896,2.9653108e-13,0.9987087,0.22949219,0.009361267,-22.891468,-22.906214,-7.8042645,1853.6835,8.255315,4.4687937e-14,0.04822575025558472,45517.06636595726,915000
55.500046,-0.72408456,-4.624083,0.011756237,1.0,0.9995794,0.8535156,0.0011428548,-22.802927,-22.826035,0.83536106,575.9533,6.0097218,1.1898752e-05,0.38966352,-0.38800114,4.4646378,0.99952793,0.8222656,0.0011676971,-22.921326,-22.944502,0.7862644,132.47179,5.452037,0.00015635717,106.037735,-1.6626062,-4.6500044,0.022124847,1.0,0.9988022,0.25585938,0.009361196,-22.798805,-22.813408,-7.858428,2191.7263,5.7942066,1.3344892e-13,0.9987383,0.23242188,0.009322451,-23.038712,-23.053587,-7.817715,2982.9346,8.358176,1.4670817e-13,0.04146010956764221,45724.3669154644,920000
51.617958,-0.77775204,-4.6251655,0.01218916,1.0,0.9995613,0.859375,0.0011834062,-22.771822,-22.79487,0.8065115,638.33954,6.323609,9.780787e-12,0.21873118,-0.6797123,5.0382395,0.99952793,0.8378906,0.0012136012,-22.784254,-22.807306,0.7988225,195.50839,6.2218504,1.3069937e-06,105.73173,-1.7577162,-4.656501,0.024723142,1.0,0.9987736,0.2548828,0.009271601,-22.964222,-22.979128,-7.714219,2568.1882,7.073984,1.2914049e-13,0.99876595,0.24121094,0.009305082,-23.123281,-23.13827,-7.7890835,1071.9762,4.4648614,4.2310114e-13,0.04142419934272766,45931.487914562225,925000
49.968376,-0.794117,-4.624323,0.01185204,1.0,0.99959755,0.87597656,0.0011445105,-22.861675,-22.884867,0.86320364,233.10733,5.9932675,3.767178e-08,0.22113496,-0.5372273,4.876366,0.9995661,0.84472656,0.0011810762,-22.873377,-22.89655,0.83200836,165.73651,6.097415,8.714653e-09,114.11415,-1.4446678,-4.642869,0.019270655,1.0,0.99876976,0.25097656,0.009394227,-22.816013,-22.830687,-7.8074207,3916.8562,9.024093,2.368128e-13,0.99872875,0.21582031,0.009429052,-22.948603,-22.96339,-7.8195324,1304.7847,8.272156,2.7148805e-13,0.040066067934036255,46131.81825566292,930000
60.153225,-0.6171433,-4.6244,0.011882986,1.0,0.9995985,0.8769531,0.001093176,-22.752333,-22.775358,0.8056474,278.61072,6.3284116,2.5694246e-07,0.33629283,-0.46722955,3.7002802,0.9995537,0.8544922,0.0010956911,-22.911425,-22.934578,0.77480614,117.68831,5.7944226,5.21195e-06,109.95393,-1.8195534,-4.656084,0.024556775,1.0,0.9987745,0.2685547,0.009269528,-22.786922,-22.80179,-7.579049,3679.3774,9.178556,6.898562e-14,0.9987421,0.23632812,0.009395423,-23.127838,-23.142855,-7.763073,491.27325,5.1935573,3.4277437e-13,0.03031835207939148,46283.41001820564,935000
52.156418,-0.7077668,-4.6216855,0.010797235,1.0,0.99958515,0.8515625,0.0011202055,-22.780994,-22.804066,0.8198234,210.98914,5.8501816,6.4522454e-10,0.24258731,-0.4169144,5.2650127,0.9995823,0.8378906,0.0011143906,-22.910603,-22.933802,0.8220814,373.9663,6.457161,2.7781402e-06,109.33102,-1.6180341,-4.645355,0.02026524,1.0,0.9988251,0.23828125,0.009270614,-22.69172,-22.70625,-7.8291764,3525.68,5.924988,3.956648e-14,0.9987364,0.21679688,0.009382365,-22.768332,-22.782846,-7.918539,597.4341,4.1788235,3.4597908e-13,0.024519075059890746,46406.00539493561,940000
51.06584,-0.7102562,-4.6230793,0.0113546215,1.0,0.9995775,0.8466797,0.0011480098,-22.826193,-22.849377,0.89151937,282.43915,6.3879747,1.3548707e-06,0.55607444,-0.42743066,5.808449,0.999527,0.8388672,0.0011365393,-22.775362,-22.798492,0.8865586,153.86493,6.3558717,0.00012753325,106.30899,-1.7513516,-4.6529093,0.023286521,1.0,0.9987316,0.22851562,0.009455009,-22.880024,-22.8948,-7.7640862,7296.7446,11.400274,2.3945716e-13,0.99867916,0.19824219,0.009522832,-22.86671,-22.881239,-8.002919,5516.267,9.631861,5.5737797e-14,0.021609021615982056,46514.05050420761,945000
53.983223,-0.7957537,-4.6221886,0.010998331,1.0,0.99958324,0.85546875,0.0011455615,-22.827744,-22.85095,0.91091466,470.12045,7.309827,9.347163e-08,0.51766866,-0.33552355,4.0586,0.99953556,0.8359375,0.0011715495,-22.966785,-22.990055,0.8367919,151.64693,5.9498897,6.6421117e-09,113.05646,-1.4553246,-4.6500463,0.022141676,1.0,0.9988146,0.25683594,0.009119356,-22.720207,-22.735085,-7.5016365,4806.9473,10.046013,3.142888e-14,0.9987259,0.24316406,0.009139152,-22.841488,-22.85643,-7.556783,8067.03,13.384474,1.6293026e-14,0.0216525164604187,46622.31308841705,950000
56.984657,-0.6306397,-4.623919,0.011690564,1.0,0.9995718,0.8613281,0.0011837864,-22.798227,-22.821281,0.7866989,218.09497,6.0920687,7.957778e-08,0.20980486,-0.58829075,5.806819,0.99954414,0.8457031,0.0012097544,-22.851765,-22.874794,0.70533794,255.4218,5.432164,2.0633721e-09,108.28015,-1.7200534,-4.654006,0.02372546,1.0,0.998786,0.24511719,0.009345651,-22.990273,-23.005222,-7.6991568,6580.954,10.151544,5.140277e-13,0.9987669,0.22265625,0.009307886,-23.072868,-23.087708,-7.8929253,3720.1226,8.0043,5.7303587e-13,0.03189168257713318,46781.77150273323,955000
56.11709,-0.7214924,-4.6224318,0.011095779,1.0,0.9995794,0.8730469,0.0011430116,-22.832363,-22.855526,0.8637033,261.76938,6.589918,2.3405757e-06,1.0930704,-0.420377,5.563973,0.9995365,0.8466797,0.0011846262,-22.770838,-22.793892,0.81522954,247.31104,6.746064,6.4279984e-06,109.363525,-1.838284,-4.63816,0.017387157,1.0,0.9987478,0.22753906,0.009432859,-22.856312,-22.87114,-7.687701,2103.5457,7.77111,5.9892785e-14,0.9986229,0.21191406,0.00959643,-22.827213,-22.84204,-7.6603994,12736.991,24.385946,8.8101735e-15,0.042254254388809205,46993.042776584625,960000
58.82529,-0.81579626,-4.621635,0.010777057,1.0,0.9996109,0.86328125,0.0011215594,-22.922554,-22.945772,0.8293364,145.99217,6.225465,5.020964e-07,0.6605308,-0.8873822,5.4930725,0.9995518,0.8486328,0.0011096029,-22.93897,-22.962221,0.8466468,843.6351,6.628334,1.6429662e-05,97.1037,-1.9070078,-4.6448555,0.020065162,1.0,0.99878216,0.22167969,0.009630348,-22.829517,-22.84383,-8.186875,9881.255,11.8517,2.0303625e-14,0.99873734,0.2109375,0.009766736,-22.804464,-22.818707,-8.235233,2969.4739,10.23485,1.5710396e-13,0.05050273041725159,47245.55643081665,965000
52.54213,-0.6697031,-4.622028,0.010934174,1.0,0.9995556,0.85546875,0.001174996,-22.840292,-22.863361,0.76057506,260.39832,5.534144,2.2722315e-08,0.6791127,-0.5662613,4.1193047,0.9995289,0.8339844,0.0011898,-22.788752,-22.811771,0.7592593,177.77481,5.6193256,2.7364047e-08,103.061676,-1.7897882,-4.6430383,0.019338286,1.0,0.99873734,0.2421875,0.009295644,-23.005077,-23.020054,-7.679478,10296.332,15.846443,8.5537554e-14,0.99867725,0.21875,0.00943789,-23.035755,-23.05062,-7.829826,716.163,4.782691,1.5971462e-14,0.0505103880405426,47498.10837268829,970000
54.182865,-0.77454734,-4.625949,0.0125026,1.0,0.9995985,0.8574219,0.0010812592,-22.926199,-22.949476,0.88615924,140.91211,6.4221287,2.8345178e-06,0.9138636,-0.7142546,5.1484895,0.99956036,0.8408203,0.00107419,-22.977638,-23.001007,0.93069744,465.55975,6.587367,0.0001529859,108.60571,-1.5764873,-4.647952,0.021303853,1.0,0.9987869,0.24121094,0.009460447,-22.83702,-22.85162,-7.901745,126788.86,68.49293,2.0008166e-12,0.9986725,0.21386719,0.009476589,-22.923506,-22.938316,-7.7716527,3347.901,8.194181,1.060661e-13,0.05040451579093933,47750.13095355034,975000
56.713852,-0.6975517,-4.6239967,0.011721848,1.0,0.9996004,0.8623047,0.0011225449,-22.774603,-22.797813,0.9698782,256.3974,6.737487,3.427679e-05,0.5855788,-0.379854,4.0879545,0.99957466,0.8515625,0.0011228293,-22.8106,-22.833822,0.94456404,169.1309,6.270253,3.436154e-06,113.846375,-1.6767595,-4.6515093,0.022726879,1.0,0.9987745,0.24902344,0.009336321,-22.871044,-22.885796,-7.779844,1649.993,6.2740526,1.0001656e-12,0.99870205,0.22851562,0.009349696,-22.933155,-22.947962,-7.786451,1005.4039,5.772731,1.4049928e-12,0.050362103843688964,48001.94147443771,980000
55.75219,-0.702373,-4.624641,0.011979225,1.0,0.9995632,0.8701172,0.0011241853,-22.925056,-22.94818,0.72988284,213.72432,5.2884607,1.1104042e-09,0.57980037,-0.25369,3.8932323,0.9995165,0.83691406,0.0011840669,-22.897774,-22.920809,0.6688241,310.39612,5.1533713,5.0384386e-07,114.47475,-1.6224943,-4.643985,0.019716775,1.0,0.99882984,0.24511719,0.009254677,-22.942402,-22.957214,-7.788245,3449.4937,9.096255,3.0142487e-13,0.9987278,0.22070312,0.00931072,-23.007126,-23.021917,-7.8729906,367.32892,4.2816696,2.5681612e-14,0.05036550974845886,48253.76902604103,985000
49.942657,-0.807511,-4.6251707,0.012191312,1.0,0.99961185,0.8808594,0.0010931296,-22.964582,-22.987885,0.87258196,842.61475,6.5161552,5.389601e-07,0.33693045,-0.45660338,3.8234239,0.9995413,0.859375,0.0011140418,-22.946682,-22.969995,0.9035983,199.85425,6.3649454,2.1383405e-05,102.37761,-1.8639586,-4.6508446,0.022460943,1.0,0.998785,0.24511719,0.009559242,-22.862215,-22.876657,-8.088636,1247.8634,4.7764273,3.1431516e-14,0.9987335,0.21875,0.009446593,-22.9502,-22.964863,-7.950792,520.10846,3.9496956,1.6212692e-12,0.05033475203514099,48505.44278883934,990000
53.99927,-0.74383247,-4.62509,0.01215902,1.0,0.9995632,0.8613281,0.0011390953,-22.91188,-22.935152,0.8932786,607.8658,6.716626,3.2373184e-06,0.8523772,-0.31316805,4.328355,0.99949646,0.8310547,0.0011801724,-22.932907,-22.956139,0.83109,217.88417,6.2449474,0.00023932857,100.18423,-1.848047,-4.653309,0.02344661,1.0,0.99878025,0.26171875,0.009217557,-23.021578,-23.036695,-7.554621,2205.5986,8.633854,7.360042e-14,0.998724,0.23242188,0.009138943,-23.032091,-23.047226,-7.5495234,682.808,4.7935395,2.6483732e-15,0.04954529309272766,48753.169256448746,995000
54.10329,-0.7059107,-4.623424,0.011492727,1.0,0.9995947,0.875,0.0010993183,-22.87395,-22.89713,0.840037,260.50165,5.484041,3.080945e-06,0.40191364,-0.74989045,4.913012,0.99955654,0.8544922,0.001101337,-22.904543,-22.927792,0.8784251,208.22461,6.333654,0.00015588326,105.50632,-1.7378541,-4.6406126,0.018368043,1.0,0.9987993,0.2734375,0.0092107635,-22.88024,-22.89503,-7.7486205,3446.1006,7.046917,2.984969e-16,0.9987278,0.23339844,0.009254824,-22.989952,-23.004913,-7.6829033,751.8291,5.569866,1.7715428e-13,0.0483352032661438,48994.84527468681,1000000
